actionNumber,clock,timeActual,period,periodType,actionType,subType,qualifiers,personId,x,y,possession,scoreHome,scoreAway,edited,orderNumber,isTargetScoreLastPeriod,xLegacy,yLegacy,isFieldGoal,side,description,personIdsFilter,game_id,teamId,teamTricode,descriptor,jumpBallRecoveredName,jumpBallRecoverdPersonId,playerName,playerNameI,jumpBallWonPlayerName,jumpBallWonPersonId,jumpBallLostPlayerName,jumpBallLostPersonId,area,areaDetail,shotDistance,shotResult,blockPlayerName,blockPersonId,shotActionNumber,reboundTotal,reboundDefensiveTotal,reboundOffensiveTotal,pointsTotal,assistPlayerNameInitial,assistPersonId,assistTotal,officialId,turnoverTotal,foulPersonalTotal,foulTechnicalTotal,foulDrawnPlayerName,foulDrawnPersonId,stealPlayerName,stealPersonId
4,PT11M57.00S,2024-11-17T23:11:37.2Z,1,REGULAR,jumpball,recovered,[],1630552,,,1610612737,0,0,2024-11-17T23:11:37Z,40000,False,,,0,,Jump Ball C. Capela vs. D. Clingan: Tip to J. Johnson,"[1630552, 203991, 1642270]",22400239,1610612737,ATL,startperiod,J. Johnson,1630552.0,Johnson,J. Johnson,Capela,203991.0,Clingan,1642270.0,,,,,,,,,,,,,,,,,,,,,,
7,PT11M36.00S,2024-11-17T23:11:57.9Z,1,REGULAR,2pt,Hook,['pointsinthepaint'],203991,15.062417871222076,44.85294117647059,1610612737,0,0,2024-11-17T23:12:03Z,70000,False,26.0,89.0,1,left,MISS C. Capela 9' Hook - blocked,"[203991, 1642270]",22400239,1610612737,ATL,,,,Capela,C. Capela,,,,,In The Paint (Non-RA),8-16 Center,9.27,Missed,Clingan,1642270.0,,,,,,,,,,,,,,,,
11,PT11M28.00S,2024-11-17T23:12:06.5Z,1,REGULAR,rebound,defensive,[],1642258,,,1610612737,0,0,2024-11-17T23:12:12Z,110000,False,,,0,,Z. Risacher REBOUND (Off:0 Def:1),[1642258],22400239,1610612737,ATL,,,,Risacher,Z. Risacher,,,,,Restricted Area,0-8 Center,,,,,10.0,1.0,1.0,0.0,,,,,,,,,,,,
12,PT11M23.00S,2024-11-17T23:12:11.5Z,1,REGULAR,3pt,Jump Shot,['fastbreak'],1629027,20.71287779237845,8.823529411764707,1610612737,0,3,2024-11-17T23:12:21Z,120000,False,206.0,142.0,1,left,T. Young 25' 3PT running (3 PTS) (Z. Risacher 1 AST),"[1629027, 1642258]",22400239,1610612737,ATL,running,,,Young,T. Young,,,,,Above the Break 3,24+ Right Center,25.02,Made,,,,,,,3.0,Z. Risacher,1642258.0,1.0,,,,,,,,
15,PT10M57.00S,2024-11-17T23:12:37.1Z,1,REGULAR,rebound,defensive,[],203991,,,1610612737,0,3,2024-11-17T23:12:38Z,150000,False,,,0,,C. Capela REBOUND (Off:0 Def:1),[203991],22400239,1610612737,ATL,,,,Capela,C. Capela,,,,,Mid-Range,16-24 Left Center,,,,,14.0,1.0,1.0,0.0,,,,,,,,,,,,
16,PT10M54.00S,2024-11-17T23:12:42.7Z,1,REGULAR,turnover,out-of-bounds,[],1629027,,,1610612737,0,3,2024-11-17T23:12:50Z,160000,False,,,0,,T. Young bad pass out-of-bounds TURNOVER (1 TO),[1629027],22400239,1610612737,ATL,bad pass,,,Young,T. Young,,,,,Above the Break 3,24+ Right Center,,,,,,,,,,,,,202053.0,1.0,,,,,,
18,PT10M38.00S,2024-11-17T23:13:05.2Z,1,REGULAR,rebound,defensive,[],1630552,,,1610612737,0,3,2024-11-17T23:13:07Z,180000,False,,,0,,J. Johnson REBOUND (Off:0 Def:1),[1630552],22400239,1610612737,ATL,,,,Johnson,J. Johnson,,,,,Mid-Range,16-24 Left Center,,,,,17.0,1.0,1.0,0.0,,,,,,,,,,,,
19,PT10M35.00S,2024-11-17T23:13:07.5Z,1,REGULAR,2pt,DUNK,"['pointsinthepaint', 'fastbreak']",1642258,5.995400788436268,49.01960784313725,1610612737,0,5,2024-11-17T23:13:17Z,190000,False,5.0,4.0,1,left,Z. Risacher running DUNK (2 PTS) (J. Johnson 1 AST),"[1642258, 1630552]",22400239,1610612737,ATL,running,,,Risacher,Z. Risacher,,,,,Restricted Area,0-8 Center,0.63,Made,,,,,,,2.0,J. Johnson,1630552.0,1.0,,,,,,,,
23,PT10M16.00S,2024-11-17T23:16:22.3Z,1,REGULAR,rebound,defensive,[],1629027,,,1610612737,0,5,2024-11-17T23:16:31Z,230000,False,,,0,,T. Young REBOUND (Off:0 Def:1),[1629027],22400239,1610612737,ATL,,,,Young,T. Young,,,,,In The Paint (Non-RA),8-16 Left,,,,,22.0,1.0,1.0,0.0,,,,,,,,,,,,
26,PT10M12.00S,2024-11-17T23:16:48.4Z,1,REGULAR,freethrow,1 of 2,['fastbreak'],1642258,,,1610612737,0,6,2024-11-17T23:16:48Z,260000,False,,,0,,Z. Risacher Free Throw 1 of 2 (3 PTS),[1642258],22400239,1610612737,ATL,,,,Risacher,Z. Risacher,,,,,,,,Made,,,,,,,3.0,,,,,,,,,,,
27,PT10M12.00S,2024-11-17T23:17:02.3Z,1,REGULAR,freethrow,2 of 2,['fastbreak'],1642258,,,1610612737,0,7,2024-11-17T23:17:02Z,270000,False,,,0,,Z. Risacher Free Throw 2 of 2 (4 PTS),[1642258],22400239,1610612737,ATL,,,,Risacher,Z. Risacher,,,,,,,,Made,,,,,,,4.0,,,,,,,,,,,
31,PT09M52.00S,2024-11-17T23:17:24.5Z,1,REGULAR,2pt,DUNK,['pointsinthepaint'],203991,6.1268068331143235,50.73529411764706,1610612737,2,9,2024-11-17T23:18:02Z,310000,False,-4.0,5.0,1,left,C. Capela alley-oop DUNK (2 PTS) (D. Daniels 1 AST),"[203991, 1630700]",22400239,1610612737,ATL,alley-oop,,,Capela,C. Capela,,,,,Restricted Area,0-8 Center,0.63,Made,,,,,,,2.0,D. Daniels,1630700.0,1.0,,,,,,,,
34,PT09M26.00S,2024-11-17T23:17:54.1Z,1,REGULAR,2pt,Jump Shot,['fromturnover'],1630552,6.915243101182654,67.8921568627451,1610612737,2,11,2024-11-17T23:18:01Z,340000,False,-89.0,13.0,1,left,J. Johnson 9' driving floating Jump Shot (2 PTS) (Z. Risacher 2 AST),"[1630552, 1642258]",22400239,1610612737,ATL,driving floating,,,Johnson,J. Johnson,,,,,Mid-Range,8-16 Left,9.04,Made,,,,,,,2.0,Z. Risacher,1642258.0,2.0,,,,,,,,
37,PT09M03.00S,2024-11-17T23:18:17.4Z,1,REGULAR,2pt,Jump Shot,['pointsinthepaint'],1629027,10.85742444152431,48.529411764705884,1610612737,4,11,2024-11-17T23:18:26Z,370000,False,7.0,50.0,1,left,MISS T. Young driving floating Shot - blocked,"[1629027, 1642270]",22400239,1610612737,ATL,driving floating,,,Young,T. Young,,,,,In The Paint (Non-RA),0-8 Center,5.01,Missed,Clingan,1642270.0,,,,,,,,,,,,,,,,
39,PT09M01.00S,2024-11-17T23:18:19.4Z,1,REGULAR,rebound,offensive,[],1629027,,,1610612737,4,11,2024-11-17T23:18:26Z,390000,False,,,0,,T. Young REBOUND (Off:1 Def:1),[1629027],22400239,1610612737,ATL,,,,Young,T. Young,,,,,In The Paint (Non-RA),0-8 Center,,,,,37.0,2.0,1.0,1.0,,,,,,,,,,,,
40,PT08M52.00S,2024-11-17T23:18:29.1Z,1,REGULAR,2pt,Jump Shot,['2ndchance'],1630552,7.046649145860711,81.61764705882352,1610612737,4,11,2024-11-17T23:18:35Z,400000,False,-158.0,14.0,1,left,MISS J. Johnson 15' step back Shot,[1630552],22400239,1610612737,ATL,step back,,,Johnson,J. Johnson,,,,,Mid-Range,8-16 Left,15.87,Missed,,,,,,,,,,,,,,,,,,
41,PT08M51.00S,2024-11-17T23:18:30.1Z,1,REGULAR,rebound,offensive,[],1630700,,,1610612737,4,11,2024-11-17T23:21:19Z,410000,False,,,0,,D. Daniels REBOUND (Off:1 Def:0),[1630700],22400239,1610612737,ATL,,,,Daniels,D. Daniels,,,,,Mid-Range,8-16 Left,,,,,40.0,1.0,0.0,1.0,,,,,,,,,,,,
71,PT08M51.00S,2024-11-17T23:18:31.1Z,1,REGULAR,2pt,Layup,"['pointsinthepaint', '2ndchance']",1630700,7.013797634691201,55.14705882352941,1610612737,4,11,2024-11-17T23:22:43Z,415000,False,-26.0,13.0,1,left,MISS D. Daniels tip Layup,[1630700],22400239,1610612737,ATL,tip,,,Daniels,D. Daniels,,,,,Restricted Area,0-8 Center,2.9,Missed,,,,,,,,,,,,,,,,,,
72,PT08M51.00S,2024-11-17T23:18:31.1Z,1,REGULAR,rebound,offensive,['team'],0,,,1610612737,4,11,2024-11-17T23:22:43Z,417500,False,,,0,,TEAM offensive REBOUND,[],22400239,1610612737,ATL,,,,,,,,,,Restricted Area,0-8 Center,,,,,71.0,,,,,,,,,,,,,,,
42,PT08M51.00S,2024-11-17T23:18:33.1Z,1,REGULAR,turnover,shot clock,['team'],0,,,1610612737,4,11,2024-11-17T23:18:42Z,420000,False,,,0,,ATL shot clock Team TURNOVER,[],22400239,1610612737,ATL,,,,,,,,,,Mid-Range,8-16 Right,,,,,,,,,,,,,101283.0,,,,,,,
45,PT08M10.00S,2024-11-17T23:19:22.9Z,1,REGULAR,turnover,lost ball,[],1630552,,,1610612737,7,11,2024-11-17T23:19:26Z,450000,False,,,0,,J. Johnson lost ball TURNOVER (1 TO),"[1630552, 1642270]",22400239,1610612737,ATL,,,,Johnson,J. Johnson,,,,,In The Paint (Non-RA),0-8 Center,,,,,,,,,,,,,,1.0,,,,,Clingan,1642270.0
48,PT08M04.00S,2024-11-17T23:19:29.7Z,1,REGULAR,rebound,defensive,[],1642258,,,1610612737,7,11,2024-11-17T23:19:43Z,480000,False,,,0,,Z. Risacher REBOUND (Off:0 Def:2),[1642258],22400239,1610612737,ATL,,,,Risacher,Z. Risacher,,,,,Restricted Area,0-8 Center,,,,,47.0,2.0,2.0,0.0,,,,,,,,,,,,
51,PT07M50.00S,2024-11-17T23:20:00.9Z,1,REGULAR,3pt,Jump Shot,[],1630700,9.017739816031538,4.6568627450980395,1610612737,7,14,2024-11-17T23:20:04Z,510000,False,227.0,32.0,1,left,D. Daniels 3PT  (3 PTS) (C. Capela 1 AST),"[1630700, 203991]",22400239,1610612737,ATL,,,,Daniels,D. Daniels,,,,,Right Corner 3,24+ Right,22.9,Made,,,,,,,3.0,C. Capela,203991.0,1.0,,,,,,,,
56,PT07M39.00S,2024-11-17T23:20:21.6Z,1,REGULAR,foul,personal,[],203991,,,1610612757,7,14,2024-11-17T23:20:28Z,560000,False,,,0,,C. Capela loose ball personal FOUL (1 PF),"[203991, 1642270]",22400239,1610612737,ATL,loose ball,,,Capela,C. Capela,,,,,In The Paint (Non-RA),0-8 Center,,,,,,,,,,,,,201639.0,,1.0,0.0,Clingan,1642270.0,,
60,PT07M22.00S,2024-11-17T23:20:52.9Z,1,REGULAR,2pt,Jump Shot,['pointsinthepaint'],1630700,6.652431011826544,57.59803921568627,1610612737,9,16,2024-11-17T23:21:06Z,600000,False,-38.0,10.0,1,left,D. Daniels driving floating bank Jump Shot (5 PTS),[1630700],22400239,1610612737,ATL,driving floating bank,,,Daniels,D. Daniels,,,,,Restricted Area,0-8 Center,3.93,Made,,,,,,,5.0,,,,,,,,,,,
63,PT07M22.00S,2024-11-17T23:21:14.5Z,1,REGULAR,freethrow,1 of 1,[],1630700,,,1610612737,9,17,2024-11-17T23:21:14Z,630000,False,,,0,,D. Daniels Free Throw 1 of 1 (6 PTS),[1630700],22400239,1610612737,ATL,,,,Daniels,D. Daniels,,,,,,,,Made,,,,,,,6.0,,,,,,,,,,,
65,PT06M58.00S,2024-11-17T23:21:38.8Z,1,REGULAR,rebound,defensive,[],1630552,,,1610612737,9,17,2024-11-17T23:21:38Z,650000,False,,,0,,J. Johnson REBOUND (Off:0 Def:2),[1630552],22400239,1610612737,ATL,,,,Johnson,J. Johnson,,,,,Restricted Area,0-8 Center,,,,,64.0,2.0,2.0,0.0,,,,,,,,,,,,
66,PT06M53.00S,2024-11-17T23:21:43.4Z,1,REGULAR,2pt,Layup,"['pointsinthepaint', 'fastbreak']",1630700,4.5499342969776615,52.450980392156865,1610612737,9,19,2024-11-17T23:21:51Z,660000,False,-12.0,-10.0,1,left,D. Daniels running reverse Layup (8 PTS) (J. Johnson 2 AST),"[1630700, 1630552]",22400239,1610612737,ATL,running reverse,,,Daniels,D. Daniels,,,,,Restricted Area,0-8 Center,1.57,Made,,,,,,,8.0,J. Johnson,1630552.0,2.0,,,,,,,,
75,PT06M42.00S,2024-11-17T23:22:14.3Z,1,REGULAR,substitution,out,[],1630552,,,1610612737,9,19,2024-11-17T23:22:33Z,730000,False,,,0,,SUB out: J. Johnson,[1630552],22400239,1610612737,ATL,,,,Johnson,J. Johnson,,,,,,,,,,,,,,,,,,,,,,,,,,
78,PT06M42.00S,2024-11-17T23:22:14.3Z,1,REGULAR,substitution,in,[],1626204,,,1610612737,9,19,2024-11-17T23:22:33Z,760000,False,,,0,,SUB in: L. Nance Jr.,[1626204],22400239,1610612737,ATL,,,,Nance Jr.,L. Nance Jr.,,,,,,,,,,,,,,,,,,,,,,,,,,
79,PT06M26.00S,2024-11-17T23:22:37.8Z,1,REGULAR,2pt,DUNK,"['pointsinthepaint', 'fromturnover']",203991,7.440867279894875,51.470588235294116,1610612737,9,19,2024-11-17T23:22:41Z,770000,False,-7.0,17.0,1,left,MISS C. Capela DUNK - blocked,"[203991, 203924]",22400239,1610612737,ATL,,,,Capela,C. Capela,,,,,Restricted Area,0-8 Center,1.89,Missed,Grant,203924.0,,,,,,,,,,,,,,,,
81,PT06M24.00S,2024-11-17T23:22:39.8Z,1,REGULAR,rebound,offensive,[],1630700,,,1610612737,9,19,2024-11-17T23:22:41Z,790000,False,,,0,,D. Daniels REBOUND (Off:2 Def:0),[1630700],22400239,1610612737,ATL,,,,Daniels,D. Daniels,,,,,Restricted Area,0-8 Center,,,,,79.0,2.0,0.0,2.0,,,,,,,,,,,,
82,PT06M21.00S,2024-11-17T23:22:43.5Z,1,REGULAR,3pt,Jump Shot,"['fromturnover', '2ndchance']",1629027,9.017739816031538,96.32352941176471,1610612737,9,19,2024-11-17T23:22:47Z,800000,False,-232.0,32.0,1,left,MISS T. Young 3PT,[1629027],22400239,1610612737,ATL,,,,Young,T. Young,,,,,Left Corner 3,24+ Left,23.38,Missed,,,,,,,,,,,,,,,,,,
85,PT05M59.00S,2024-11-17T23:23:05.0Z,1,REGULAR,steal,,[],203991,,,1610612737,9,19,2024-11-17T23:23:06Z,830000,False,,,0,,C. Capela STEAL (1 STL),[203991],22400239,1610612737,ATL,,,,Capela,C. Capela,,,,,Above the Break 3,24+ Left Center,,,,,,,,,,,,,,,,,,,,
87,PT05M55.00S,2024-11-17T23:23:20.0Z,1,REGULAR,turnover,lost ball,[],1630700,,,1610612737,9,19,2024-11-17T23:23:31Z,850000,False,,,0,,D. Daniels lost ball TURNOVER (1 TO),"[1630700, 203924]",22400239,1610612737,ATL,,,,Daniels,D. Daniels,,,,,Above the Break 3,24+ Left Center,,,,,,,,,,,,,,1.0,,,,,Grant,203924.0
96,PT05M51.00S,2024-11-17T23:24:07.5Z,1,REGULAR,substitution,in,[],1630168,,,1610612737,9,19,2024-11-17T23:24:13Z,940000,False,,,0,,SUB in: O. Okongwu,[1630168],22400239,1610612737,ATL,,,,Okongwu,O. Okongwu,,,,,,,,,,,,,,,,,,,,,,,,,,
95,PT05M51.00S,2024-11-17T23:24:07.5Z,1,REGULAR,substitution,out,[],203991,,,1610612737,9,19,2024-11-17T23:24:13Z,930000,False,,,0,,SUB out: C. Capela,[203991],22400239,1610612737,ATL,,,,Capela,C. Capela,,,,,,,,,,,,,,,,,,,,,,,,,,
97,PT05M44.00S,2024-11-17T23:24:28.0Z,1,REGULAR,2pt,Layup,"['pointsinthepaint', 'fromturnover']",1630168,6.389618922470433,54.41176470588235,1610612737,9,21,2024-11-17T23:24:31Z,950000,False,-22.0,8.0,1,left,O. Okongwu Layup (2 PTS) (T. Young 1 AST),"[1630168, 1629027]",22400239,1610612737,ATL,,,,Okongwu,O. Okongwu,,,,,Restricted Area,0-8 Center,2.34,Made,,,,,,,2.0,T. Young,1629027.0,1.0,,,,,,,,
100,PT05M36.00S,2024-11-17T23:24:36.4Z,1,REGULAR,steal,,[],1630700,,,1610612737,9,21,2024-11-17T23:24:37Z,980000,False,,,0,,D. Daniels STEAL (1 STL),[1630700],22400239,1610612737,ATL,,,,Daniels,D. Daniels,,,,,Above the Break 3,24+ Left Center,,,,,,,,,,,,,,,,,,,,
101,PT05M34.00S,2024-11-17T23:24:38.8Z,1,REGULAR,2pt,Layup,"['pointsinthepaint', 'fromturnover', 'fastbreak']",1630700,5.206964520367937,50.73529411764706,1610612737,9,23,2024-11-17T23:24:47Z,990000,False,-4.0,-4.0,1,left,D. Daniels running Layup (10 PTS),[1630700],22400239,1610612737,ATL,running,,,Daniels,D. Daniels,,,,,Restricted Area,0-8 Center,0.52,Made,,,,,,,10.0,,,,,,,,,,,
103,PT05M26.00S,2024-11-17T23:24:45.8Z,1,REGULAR,rebound,defensive,[],1630168,,,1610612737,9,23,2024-11-17T23:25:01Z,1010000,False,,,0,,O. Okongwu REBOUND (Off:0 Def:1),[1630168],22400239,1610612737,ATL,,,,Okongwu,O. Okongwu,,,,,Restricted Area,0-8 Center,,,,,102.0,1.0,1.0,0.0,,,,,,,,,,,,
104,PT05M21.00S,2024-11-17T23:24:51.7Z,1,REGULAR,2pt,DUNK,"['fastbreak', 'pointsinthepaint']",1642258,6.258212877792378,49.01960784313725,1610612737,9,25,2024-11-17T23:25:23Z,1020000,False,5.0,6.0,1,left,Z. Risacher running alley-oop DUNK (6 PTS) (T. Young 2 AST),"[1642258, 1629027]",22400239,1610612737,ATL,running alley-oop,,,Risacher,Z. Risacher,,,,,Restricted Area,0-8 Center,0.8,Made,,,,,,,6.0,T. Young,1629027.0,2.0,,,,,,,,
112,PT05M04.00S,2024-11-17T23:28:02.5Z,1,REGULAR,steal,,[],1630168,,,1610612737,9,25,2024-11-17T23:28:06Z,1100000,False,,,0,,O. Okongwu STEAL (1 STL),[1630168],22400239,1610612737,ATL,,,,Okongwu,O. Okongwu,,,,,Restricted Area,0-8 Center,,,,,,,,,,,,,,,,,,,,
113,PT04M52.00S,2024-11-17T23:28:14.6Z,1,REGULAR,3pt,Jump Shot,['fromturnover'],1642258,24.129434954007884,11.76470588235294,1610612737,9,25,2024-11-17T23:28:18Z,1110000,False,191.0,174.0,1,left,MISS Z. Risacher 25' 3PT,[1642258],22400239,1610612737,ATL,,,,Risacher,Z. Risacher,,,,,Above the Break 3,24+ Right Center,25.87,Missed,,,,,,,,,,,,,,,,,,
114,PT04M50.00S,2024-11-17T23:28:16.6Z,1,REGULAR,rebound,offensive,[],1626204,,,1610612737,9,25,2024-11-17T23:28:18Z,1120000,False,,,0,,L. Nance Jr. REBOUND (Off:1 Def:0),[1626204],22400239,1610612737,ATL,,,,Nance Jr.,L. Nance Jr.,,,,,Above the Break 3,24+ Right Center,,,,,113.0,1.0,0.0,1.0,,,,,,,,,,,,
115,PT04M38.00S,2024-11-17T23:28:32.1Z,1,REGULAR,3pt,Jump Shot,"['fromturnover', '2ndchance']",1630700,25.18068331143233,83.33333333333334,1610612737,9,25,2024-11-17T23:29:18Z,1130000,False,-167.0,184.0,1,left,MISS D. Daniels 24' 3PT - blocked,"[1630700, 1630625]",22400239,1610612737,ATL,,,,Daniels,D. Daniels,,,,,Above the Break 3,24+ Left Center,24.84,Missed,Banton,1630625.0,,,,,,,,,,,,,,,,
117,PT04M37.00S,2024-11-17T23:28:33.1Z,1,REGULAR,rebound,offensive,['team'],0,,,1610612737,9,25,2024-11-17T23:29:18Z,1150000,False,,,0,,TEAM offensive REBOUND,[],22400239,1610612737,ATL,,,,,,,,,,Above the Break 3,24+ Left Center,,,,,115.0,,,,,,,,,,,,,,,
118,PT04M37.00S,2024-11-17T23:28:36.0Z,1,REGULAR,turnover,shot clock,['team'],0,,,1610612737,9,25,2024-11-17T23:28:50Z,1160000,False,,,0,,ATL shot clock Team TURNOVER,[],22400239,1610612737,ATL,,,,,,,,,,Mid-Range,16-24 Right,,,,,,,,,,,,,101283.0,,,,,,,
120,PT04M37.00S,2024-11-17T23:28:38.0Z,1,REGULAR,substitution,in,[],1629726,,,1610612757,9,25,2024-11-17T23:28:43Z,1180000,False,,,0,,SUB in: G. Mathews,[1629726],22400239,1610612737,ATL,,,,Mathews,G. Mathews,,,,,,,,,,,,,,,,,,,,,,,,,,
119,PT04M37.00S,2024-11-17T23:28:38.0Z,1,REGULAR,substitution,out,[],1642258,,,1610612757,9,25,2024-11-17T23:28:43Z,1170000,False,,,0,,SUB out: Z. Risacher,[1642258],22400239,1610612737,ATL,,,,Risacher,Z. Risacher,,,,,,,,,,,,,,,,,,,,,,,,,,
123,PT04M11.00S,2024-11-17T23:29:14.6Z,1,REGULAR,3pt,Jump Shot,[],1629726,8.229303547963205,96.32352941176471,1610612737,12,25,2024-11-17T23:29:18Z,1210000,False,-232.0,25.0,1,left,MISS G. Mathews 3PT,[1629726],22400239,1610612737,ATL,,,,Mathews,G. Mathews,,,,,Left Corner 3,24+ Left,23.29,Missed,,,,,,,,,,,,,,,,,,
127,PT03M46.00S,2024-11-17T23:29:40.0Z,1,REGULAR,turnover,bad pass,[],1630700,,,1610612737,15,25,2024-11-17T23:29:44Z,1250000,False,,,0,,D. Daniels bad pass TURNOVER (2 TO),"[1630700, 1629057]",22400239,1610612737,ATL,,,,Daniels,D. Daniels,,,,,In The Paint (Non-RA),8-16 Center,,,,,,,,,,,,,,2.0,,,,,Williams III,1629057.0
131,PT03M43.00S,2024-11-17T23:29:54.2Z,1,REGULAR,timeout,full,['team'],0,,,1610612737,17,25,2024-11-17T23:29:54Z,1290000,False,,,0,,ATL Timeout,[],22400239,1610612737,ATL,,,,,,,,,,,,,,,,,,,,,,,,,,,,,,,
136,PT03M43.00S,2024-11-17T23:30:24.8Z,1,REGULAR,substitution,in,[],1630552,,,1610612737,17,25,2024-11-17T23:31:11Z,1340000,False,,,0,,SUB in: J. Johnson,[1630552],22400239,1610612737,ATL,,,,Johnson,J. Johnson,,,,,,,,,,,,,,,,,,,,,,,,,,
137,PT03M43.00S,2024-11-17T23:30:24.8Z,1,REGULAR,substitution,in,[],1630249,,,1610612737,17,25,2024-11-17T23:31:11Z,1350000,False,,,0,,SUB in: V. Krejčí,[1630249],22400239,1610612737,ATL,,,,Krejčí,V. Krejčí,,,,,,,,,,,,,,,,,,,,,,,,,,
135,PT03M43.00S,2024-11-17T23:30:24.8Z,1,REGULAR,substitution,in,[],1630811,,,1610612737,17,25,2024-11-17T23:31:11Z,1330000,False,,,0,,SUB in: K. Wallace,[1630811],22400239,1610612737,ATL,,,,Wallace,K. Wallace,,,,,,,,,,,,,,,,,,,,,,,,,,
133,PT03M43.00S,2024-11-17T23:30:24.8Z,1,REGULAR,substitution,out,[],1629027,,,1610612737,17,25,2024-11-17T23:31:11Z,1310000,False,,,0,,SUB out: T. Young,[1629027],22400239,1610612737,ATL,,,,Young,T. Young,,,,,,,,,,,,,,,,,,,,,,,,,,
132,PT03M43.00S,2024-11-17T23:30:24.8Z,1,REGULAR,substitution,out,[],1630700,,,1610612737,17,25,2024-11-17T23:31:11Z,1300000,False,,,0,,SUB out: D. Daniels,[1630700],22400239,1610612737,ATL,,,,Daniels,D. Daniels,,,,,,,,,,,,,,,,,,,,,,,,,,
134,PT03M43.00S,2024-11-17T23:30:24.8Z,1,REGULAR,substitution,out,[],1626204,,,1610612737,17,25,2024-11-17T23:31:11Z,1320000,False,,,0,,SUB out: L. Nance Jr.,[1626204],22400239,1610612737,ATL,,,,Nance Jr.,L. Nance Jr.,,,,,,,,,,,,,,,,,,,,,,,,,,
140,PT03M17.00S,2024-11-17T23:32:25.9Z,1,REGULAR,2pt,Jump Shot,['pointsinthepaint'],1630552,14.931011826544022,50.49019607843137,1610612737,17,25,2024-11-17T23:32:34Z,1380000,False,-2.0,88.0,1,left,MISS J. Johnson 8' driving floating Shot,[1630552],22400239,1610612737,ATL,driving floating,,,Johnson,J. Johnson,,,,,In The Paint (Non-RA),8-16 Center,8.79,Missed,,,,,,,,,,,,,,,,,,
142,PT03M13.00S,2024-11-17T23:32:33.6Z,1,REGULAR,foul,personal,['2freethrow'],1630811,,,1610612757,17,25,2024-11-18T00:18:19Z,1400000,False,,,0,,K. Wallace shooting personal FOUL (1 PF) (Murray 2 FT),"[1630811, 1631200]",22400239,1610612737,ATL,shooting,,,Wallace,K. Wallace,,,,,In The Paint (Non-RA),0-8 Center,,,,,,,,,,,,,202053.0,,1.0,0.0,Murray,1631200.0,,
147,PT03M03.00S,2024-11-17T23:33:15.7Z,1,REGULAR,rebound,defensive,[],1630168,,,1610612737,17,25,2024-11-17T23:33:31Z,1450000,False,,,0,,O. Okongwu REBOUND (Off:0 Def:2),[1630168],22400239,1610612737,ATL,,,,Okongwu,O. Okongwu,,,,,,,,,,,146.0,2.0,2.0,0.0,,,,,,,,,,,,
148,PT02M53.00S,2024-11-17T23:33:38.7Z,1,REGULAR,2pt,Hook,['pointsinthepaint'],1630168,10.85742444152431,42.15686274509804,1610612737,17,27,2024-11-17T23:33:44Z,1460000,False,39.0,50.0,1,left,O. Okongwu 6' driving Hook (4 PTS) (V. Krejčí 1 AST),"[1630168, 1630249]",22400239,1610612737,ATL,driving,,,Okongwu,O. Okongwu,,,,,In The Paint (Non-RA),0-8 Center,6.32,Made,,,,,,,4.0,V. Krejčí,1630249.0,1.0,,,,,,,,
151,PT02M37.00S,2024-11-17T23:33:54.9Z,1,REGULAR,rebound,defensive,[],1630168,,,1610612737,17,27,2024-11-17T23:33:57Z,1490000,False,,,0,,O. Okongwu REBOUND (Off:0 Def:3),[1630168],22400239,1610612737,ATL,,,,Okongwu,O. Okongwu,,,,,In The Paint (Non-RA),8-16 Center,,,,,150.0,3.0,3.0,0.0,,,,,,,,,,,,
152,PT02M30.00S,2024-11-17T23:34:01.4Z,1,REGULAR,3pt,Jump Shot,[],1629726,16.507884362680684,96.07843137254902,1610612737,17,27,2024-11-17T23:34:07Z,1500000,False,-230.0,103.0,1,left,MISS G. Mathews 25' 3PT,[1629726],22400239,1610612737,ATL,,,,Mathews,G. Mathews,,,,,Above the Break 3,24+ Left Center,25.23,Missed,,,,,,,,,,,,,,,,,,
155,PT02M18.00S,2024-11-17T23:34:13.0Z,1,REGULAR,rebound,defensive,[],1629726,,,1610612737,17,27,2024-11-17T23:34:16Z,1530000,False,,,0,,G. Mathews REBOUND (Off:0 Def:1),[1629726],22400239,1610612737,ATL,,,,Mathews,G. Mathews,,,,,Above the Break 3,24+ Center,,,,,154.0,1.0,1.0,0.0,,,,,,,,,,,,
156,PT02M10.00S,2024-11-17T23:34:21.8Z,1,REGULAR,3pt,Jump Shot,[],1629726,6.521024967148489,95.58823529411765,1610612737,17,30,2024-11-17T23:34:26Z,1540000,False,-228.0,9.0,1,left,G. Mathews 3PT  (3 PTS) (V. Krejčí 2 AST),"[1629726, 1630249]",22400239,1610612737,ATL,,,,Mathews,G. Mathews,,,,,Left Corner 3,24+ Left,22.81,Made,,,,,,,3.0,V. Krejčí,1630249.0,2.0,,,,,,,,
162,PT01M43.00S,2024-11-17T23:34:50.5Z,1,REGULAR,foul,personal,[],1630249,,,1610612757,17,30,2024-11-17T23:35:08Z,1600000,False,,,0,,V. Krejčí personal FOUL (1 PF),"[1630249, 1630625]",22400239,1610612737,ATL,,,,Krejčí,V. Krejčí,,,,,In The Paint (Non-RA),8-16 Center,,,,,,,,,,,,,201639.0,,1.0,0.0,Banton,1630625.0,,
167,PT01M26.00S,2024-11-17T23:36:07.8Z,1,REGULAR,freethrow,1 of 2,['fromturnover'],1630168,,,1610612737,17,31,2024-11-17T23:36:07Z,1650000,False,,,0,,O. Okongwu Free Throw 1 of 2 (5 PTS),[1630168],22400239,1610612737,ATL,,,,Okongwu,O. Okongwu,,,,,,,,Made,,,,,,,5.0,,,,,,,,,,,
170,PT01M26.00S,2024-11-17T23:36:07.8Z,1,REGULAR,freethrow,2 of 2,['fromturnover'],1630168,,,1610612737,17,31,2024-11-17T23:36:42Z,1680000,False,,,0,,MISS O. Okongwu Free Throw 2 of 2,[1630168],22400239,1610612737,ATL,,,,Okongwu,O. Okongwu,,,,,,,,Missed,,,,,,,,,,,,,,,,,,
173,PT01M08.00S,2024-11-17T23:36:54.7Z,1,REGULAR,steal,,[],1630552,,,1610612737,17,31,2024-11-17T23:36:56Z,1710000,False,,,0,,J. Johnson STEAL (1 STL),[1630552],22400239,1610612737,ATL,,,,Johnson,J. Johnson,,,,,Mid-Range,8-16 Right,,,,,,,,,,,,,,,,,,,,
174,PT01M03.00S,2024-11-17T23:37:00.1Z,1,REGULAR,2pt,Layup,"['pointsinthepaint', 'fromturnover', 'fastbreak']",1630552,4.5499342969776615,53.18627450980392,1610612737,17,33,2024-11-17T23:37:10Z,1720000,False,-16.0,-10.0,1,left,J. Johnson running reverse Layup (4 PTS),[1630552],22400239,1610612737,ATL,running reverse,,,Johnson,J. Johnson,,,,,Restricted Area,0-8 Center,1.86,Made,,,,,,,4.0,,,,,,,,,,,
178,PT00M27.50S,2024-11-17T23:37:38.9Z,1,REGULAR,3pt,Jump Shot,[],1630168,9.543363994743759,4.411764705882353,1610612737,19,33,2024-11-17T23:37:42Z,1760000,False,228.0,37.0,1,left,MISS O. Okongwu 3PT,[1630168],22400239,1610612737,ATL,,,,Okongwu,O. Okongwu,,,,,Right Corner 3,24+ Right,23.09,Missed,,,,,,,,,,,,,,,,,,
182,PT00M00.00S,2024-11-17T23:38:11.1Z,1,REGULAR,3pt,Jump Shot,[],1630811,32.53942181340342,22.058823529411764,1610612737,21,33,2024-11-17T23:38:18Z,1800000,False,140.0,253.0,1,left,MISS K. Wallace 28' pullup 3PT,[1630811],22400239,1610612737,ATL,pullup,,,Wallace,K. Wallace,,,,,Above the Break 3,24+ Right Center,28.94,Missed,,,,,,,,,,,,,,,,,,
183,PT00M00.00S,2024-11-17T23:38:11.1Z,1,REGULAR,rebound,offensive,['team'],0,,,1610612737,21,33,2024-11-17T23:38:18Z,1810000,False,,,0,,TEAM offensive REBOUND,[],22400239,1610612737,ATL,,,,,,,,,,Above the Break 3,24+ Right Center,,,,,182.0,,,,,,,,,,,,,,,
185,PT12M00.00S,2024-11-17T23:38:59.9Z,2,REGULAR,substitution,out,['startperiod'],1629726,,,1610612737,21,33,2024-11-17T23:40:42Z,1830000,False,,,0,,SUB out: G. Mathews,[1629726],22400239,1610612737,ATL,,,,Mathews,G. Mathews,,,,,,,,,,,,,,,,,,,,,,,,,,
186,PT12M00.00S,2024-11-17T23:38:59.9Z,2,REGULAR,substitution,in,['startperiod'],1642258,,,1610612737,21,33,2024-11-17T23:40:42Z,1840000,False,,,0,,SUB in: Z. Risacher,[1642258],22400239,1610612737,ATL,,,,Risacher,Z. Risacher,,,,,,,,,,,,,,,,,,,,,,,,,,
190,PT11M23.00S,2024-11-17T23:41:29.5Z,2,REGULAR,2pt,DUNK,['pointsinthepaint'],1630552,6.258212877792378,48.28431372549019,1610612737,24,35,2024-11-17T23:41:35Z,1880000,False,9.0,6.0,1,left,J. Johnson cutting DUNK (6 PTS) (O. Okongwu 1 AST),"[1630552, 1630168]",22400239,1610612737,ATL,cutting,,,Johnson,J. Johnson,,,,,Restricted Area,0-8 Center,1.07,Made,,,,,,,6.0,O. Okongwu,1630168.0,1.0,,,,,,,,
193,PT11M13.00S,2024-11-17T23:41:38.8Z,2,REGULAR,steal,,[],1630249,,,1610612737,24,35,2024-11-17T23:41:41Z,1910000,False,,,0,,V. Krejčí STEAL (1 STL),[1630249],22400239,1610612737,ATL,,,,Krejčí,V. Krejčí,,,,,In The Paint (Non-RA),0-8 Center,,,,,,,,,,,,,,,,,,,,
194,PT11M13.00S,2024-11-17T23:41:43.7Z,2,REGULAR,turnover,out-of-bounds,[],1630249,,,1610612737,24,35,2024-11-17T23:41:51Z,1920000,False,,,0,,V. Krejčí bad pass out-of-bounds TURNOVER (1 TO),[1630249],22400239,1610612737,ATL,bad pass,,,Krejčí,V. Krejčí,,,,,Mid-Range,8-16 Left,,,,,,,,,,,,,201639.0,1.0,,,,,,
197,PT11M07.00S,2024-11-17T23:42:09.8Z,2,REGULAR,steal,,[],1630552,,,1610612737,24,35,2024-11-17T23:42:11Z,1950000,False,,,0,,J. Johnson STEAL (2 STL),[1630552],22400239,1610612737,ATL,,,,Johnson,J. Johnson,,,,,Above the Break 3,24+ Center,,,,,,,,,,,,,,,,,,,,
198,PT11M04.00S,2024-11-17T23:42:15.0Z,2,REGULAR,turnover,out-of-bounds,[],1630552,,,1610612737,24,35,2024-11-17T23:42:20Z,1960000,False,,,0,,J. Johnson lost ball out-of-bounds TURNOVER (2 TO),[1630552],22400239,1610612737,ATL,lost ball,,,Johnson,J. Johnson,,,,,Above the Break 3,24+ Right Center,,,,,,,,,,,,,202053.0,2.0,,,,,,
200,PT10M48.00S,2024-11-17T23:42:36.9Z,2,REGULAR,rebound,defensive,[],1630552,,,1610612737,24,35,2024-11-17T23:42:38Z,1980000,False,,,0,,J. Johnson REBOUND (Off:0 Def:3),[1630552],22400239,1610612737,ATL,,,,Johnson,J. Johnson,,,,,Above the Break 3,24+ Right Center,,,,,199.0,3.0,3.0,0.0,,,,,,,,,,,,
203,PT10M47.00S,2024-11-17T23:43:14.0Z,2,REGULAR,freethrow,1 of 2,['fastbreak'],1630552,,,1610612737,24,36,2024-11-17T23:43:14Z,2010000,False,,,0,,J. Johnson Free Throw 1 of 2 (7 PTS),[1630552],22400239,1610612737,ATL,,,,Johnson,J. Johnson,,,,,,,,Made,,,,,,,7.0,,,,,,,,,,,
208,PT10M47.00S,2024-11-17T23:43:33.9Z,2,REGULAR,freethrow,2 of 2,['fastbreak'],1630552,,,1610612737,24,37,2024-11-17T23:43:33Z,2060000,False,,,0,,J. Johnson Free Throw 2 of 2 (8 PTS),[1630552],22400239,1610612737,ATL,,,,Johnson,J. Johnson,,,,,,,,Made,,,,,,,8.0,,,,,,,,,,,
209,PT10M28.00S,2024-11-17T23:43:56.9Z,2,REGULAR,foul,personal,['2freethrow'],1630168,,,1610612757,24,37,2024-11-17T23:44:05Z,2070000,False,,,0,,O. Okongwu shooting personal FOUL (1 PF) (Avdija 2 FT),"[1630168, 1630166]",22400239,1610612737,ATL,shooting,,,Okongwu,O. Okongwu,,,,,Restricted Area,0-8 Center,,,,,,,,,,,,,101283.0,,1.0,0.0,Avdija,1630166.0,,
213,PT10M17.00S,2024-11-17T23:44:58.1Z,2,REGULAR,turnover,out-of-bounds,[],1630552,,,1610612737,26,37,2024-11-17T23:45:06Z,2110000,False,,,0,,J. Johnson bad pass out-of-bounds TURNOVER (3 TO),[1630552],22400239,1610612737,ATL,bad pass,,,Johnson,J. Johnson,,,,,Above the Break 3,24+ Center,,,,,,,,,,,,,101283.0,3.0,,,,,,
218,PT09M48.00S,2024-11-17T23:45:34.4Z,2,REGULAR,3pt,Jump Shot,[],1630249,32.933639947437584,24.019607843137255,1610612737,28,40,2024-11-17T23:45:39Z,2160000,False,130.0,257.0,1,left,V. Krejčí 28' 3PT pullup (3 PTS) (K. Wallace 1 AST),"[1630249, 1630811]",22400239,1610612737,ATL,pullup,,,Krejčí,V. Krejčí,,,,,Above the Break 3,24+ Right Center,28.81,Made,,,,,,,3.0,K. Wallace,1630811.0,1.0,,,,,,,,
221,PT09M25.00S,2024-11-17T23:45:57.8Z,2,REGULAR,block,,[],1630249,,,1610612757,28,40,2024-11-17T23:46:00Z,2190000,False,,,0,,V. Krejčí BLOCK (1 BLK),[1630249],22400239,1610612737,ATL,,,,Krejčí,V. Krejčí,,,,,In The Paint (Non-RA),0-8 Center,,,,,,,,,,,,,,,,,,,,
226,PT09M15.00S,2024-11-17T23:46:31.6Z,2,REGULAR,foul,personal,[],1642258,,,1610612757,28,40,2024-11-17T23:46:41Z,2240000,False,,,0,,Z. Risacher personal FOUL (1 PF),"[1642258, 1630166]",22400239,1610612737,ATL,,,,Risacher,Z. Risacher,,,,,Above the Break 3,24+ Center,,,,,,,,,,,,,101283.0,,1.0,0.0,Avdija,1630166.0,,
229,PT09M15.00S,2024-11-17T23:46:39.6Z,2,REGULAR,substitution,out,[],1630811,,,1610612757,28,40,2024-11-17T23:46:51Z,2270000,False,,,0,,SUB out: K. Wallace,[1630811],22400239,1610612737,ATL,,,,Wallace,K. Wallace,,,,,,,,,,,,,,,,,,,,,,,,,,
230,PT09M15.00S,2024-11-17T23:46:39.6Z,2,REGULAR,substitution,out,[],1630249,,,1610612757,28,40,2024-11-17T23:46:51Z,2280000,False,,,0,,SUB out: V. Krejčí,[1630249],22400239,1610612737,ATL,,,,Krejčí,V. Krejčí,,,,,,,,,,,,,,,,,,,,,,,,,,
232,PT09M15.00S,2024-11-17T23:46:39.6Z,2,REGULAR,substitution,in,[],1630700,,,1610612757,28,40,2024-11-17T23:46:51Z,2300000,False,,,0,,SUB in: D. Daniels,[1630700],22400239,1610612737,ATL,,,,Daniels,D. Daniels,,,,,,,,,,,,,,,,,,,,,,,,,,
233,PT09M15.00S,2024-11-17T23:46:39.6Z,2,REGULAR,substitution,in,[],1629027,,,1610612757,28,40,2024-11-17T23:46:51Z,2310000,False,,,0,,SUB in: T. Young,[1629027],22400239,1610612737,ATL,,,,Young,T. Young,,,,,,,,,,,,,,,,,,,,,,,,,,
235,PT09M01.00S,2024-11-17T23:47:13.6Z,2,REGULAR,2pt,Hook,['pointsinthepaint'],1630168,11.383048620236531,37.99019607843137,1610612737,30,42,2024-11-17T23:47:21Z,2330000,False,60.0,55.0,1,left,O. Okongwu 8' bank Hook (7 PTS) (J. Johnson 3 AST),"[1630168, 1630552]",22400239,1610612737,ATL,bank,,,Okongwu,O. Okongwu,,,,,In The Paint (Non-RA),8-16 Right,8.11,Made,,,,,,,7.0,J. Johnson,1630552.0,3.0,,,,,,,,
239,PT08M31.00S,2024-11-17T23:47:43.6Z,2,REGULAR,turnover,lost ball,[],1630552,,,1610612737,32,42,2024-11-17T23:47:47Z,2370000,False,,,0,,J. Johnson lost ball TURNOVER (4 TO),"[1630552, 203924]",22400239,1610612737,ATL,,,,Johnson,J. Johnson,,,,,Mid-Range,16-24 Right Center,,,,,,,,,,,,,,4.0,,,,,Grant,203924.0
242,PT08M27.00S,2024-11-17T23:47:51.5Z,2,REGULAR,timeout,full,"['team', 'mandatory']",0,,,1610612737,34,42,2024-11-17T23:47:51Z,2400000,False,,,0,,ATL Timeout,[],22400239,1610612737,ATL,,,,,,,,,,,,,,,,,,,,,,,,,,,,,,,
243,PT08M27.00S,2024-11-17T23:50:09.3Z,2,REGULAR,substitution,out,[],1630552,,,1610612737,34,42,2024-11-17T23:50:37Z,2410000,False,,,0,,SUB out: J. Johnson,[1630552],22400239,1610612737,ATL,,,,Johnson,J. Johnson,,,,,,,,,,,,,,,,,,,,,,,,,,
244,PT08M27.00S,2024-11-17T23:50:09.3Z,2,REGULAR,substitution,in,[],1626204,,,1610612737,34,42,2024-11-17T23:50:37Z,2420000,False,,,0,,SUB in: L. Nance Jr.,[1626204],22400239,1610612737,ATL,,,,Nance Jr.,L. Nance Jr.,,,,,,,,,,,,,,,,,,,,,,,,,,
245,PT08M05.00S,2024-11-17T23:51:11.2Z,2,REGULAR,turnover,bad pass,[],1629027,,,1610612737,34,42,2024-11-17T23:51:15Z,2430000,False,,,0,,T. Young bad pass TURNOVER (2 TO),"[1629027, 1630703]",22400239,1610612737,ATL,,,,Young,T. Young,,,,,Above the Break 3,24+ Right Center,,,,,,,,,,,,,,2.0,,,,,Henderson,1630703.0
248,PT07M56.00S,2024-11-17T23:51:20.1Z,2,REGULAR,block,,[],1626204,,,1610612757,34,42,2024-11-17T23:51:21Z,2460000,False,,,0,,L. Nance Jr. BLOCK (1 BLK),[1626204],22400239,1610612737,ATL,,,,Nance Jr.,L. Nance Jr.,,,,,Restricted Area,0-8 Center,,,,,,,,,,,,,,,,,,,,
249,PT07M54.00S,2024-11-17T23:51:22.1Z,2,REGULAR,rebound,defensive,[],1630168,,,1610612737,34,42,2024-11-17T23:51:25Z,2470000,False,,,0,,O. Okongwu REBOUND (Off:0 Def:4),[1630168],22400239,1610612737,ATL,,,,Okongwu,O. Okongwu,,,,,Restricted Area,0-8 Center,,,,,247.0,4.0,4.0,0.0,,,,,,,,,,,,
250,PT07M47.00S,2024-11-17T23:51:29.4Z,2,REGULAR,2pt,Jump Shot,[],1630700,24.78646517739816,30.392156862745097,1610612737,34,42,2024-11-17T23:52:44Z,2480000,False,98.0,180.0,1,left,MISS D. Daniels 20' floating Shot,[1630700],22400239,1610612737,ATL,floating,,,Daniels,D. Daniels,,,,,Mid-Range,16-24 Right Center,20.54,Missed,,,,,,,,,,,,,,,,,,
258,PT07M44.00S,2024-11-17T23:51:32.4Z,2,REGULAR,rebound,offensive,['team'],0,,,1610612737,34,42,2024-11-17T23:54:30Z,2485000,False,,,0,,TEAM offensive REBOUND,[],22400239,1610612737,ATL,,,,,,,,,,Mid-Range,16-24 Right Center,,,,,250.0,,,,,,,,,,,,,,,
252,PT07M44.00S,2024-11-17T23:52:23.3Z,2,REGULAR,substitution,out,[],1630168,,,1610612737,34,42,2024-11-17T23:52:32Z,2500000,False,,,0,,SUB out: O. Okongwu,[1630168],22400239,1610612737,ATL,,,,Okongwu,O. Okongwu,,,,,,,,,,,,,,,,,,,,,,,,,,
254,PT07M44.00S,2024-11-17T23:52:23.3Z,2,REGULAR,substitution,in,[],203991,,,1610612737,34,42,2024-11-17T23:52:32Z,2520000,False,,,0,,SUB in: C. Capela,[203991],22400239,1610612737,ATL,,,,Capela,C. Capela,,,,,,,,,,,,,,,,,,,,,,,,,,
255,PT07M44.00S,2024-11-17T23:52:41.4Z,2,REGULAR,jumpball,recovered,[],1626204,,,1610612737,34,42,2024-11-17T23:54:19Z,2530000,False,,,0,,Jump Ball D. Daniels vs. S. Sharpe: Tip to L. Nance Jr.,"[1626204, 1630700, 1631101]",22400239,1610612737,ATL,heldball,L. Nance Jr.,1626204.0,Nance Jr.,L. Nance Jr.,Daniels,1630700.0,Sharpe,1631101.0,,,,,,,,,,,,,,,,,,,,,,
259,PT07M31.00S,2024-11-17T23:52:51.3Z,2,REGULAR,turnover,bad pass,[],1630700,,,1610612737,34,42,2024-11-17T23:52:54Z,2560000,False,,,0,,D. Daniels bad pass TURNOVER (3 TO),"[1630700, 1641739]",22400239,1610612737,ATL,,,,Daniels,D. Daniels,,,,,Above the Break 3,24+ Left Center,,,,,,,,,,,,,,3.0,,,,,Camara,1641739.0
264,PT07M15.00S,2024-11-17T23:53:28.6Z,2,REGULAR,foul,personal,['2freethrow'],1642258,,,1610612757,34,42,2024-11-17T23:53:33Z,2610000,False,,,0,,Z. Risacher shooting personal FOUL (2 PF) (Sharpe 2 FT),"[1642258, 1631101]",22400239,1610612737,ATL,shooting,,,Risacher,Z. Risacher,,,,,Restricted Area,0-8 Center,,,,,,,,,,,,,202053.0,,2.0,0.0,Sharpe,1631101.0,,
269,PT07M06.00S,2024-11-17T23:54:22.5Z,2,REGULAR,turnover,lost ball,[],1629027,,,1610612737,35,42,2024-11-17T23:54:27Z,2660000,False,,,0,,T. Young lost ball TURNOVER (3 TO),"[1629027, 1641739]",22400239,1610612737,ATL,,,,Young,T. Young,,,,,Above the Break 3,24+ Center,,,,,,,,,,,,,,3.0,,,,,Camara,1641739.0
275,PT06M55.00S,2024-11-17T23:55:07.9Z,2,REGULAR,freethrow,1 of 3,[],1642258,,,1610612737,37,43,2024-11-17T23:55:07Z,2720000,False,,,0,,Z. Risacher Free Throw 1 of 3 (7 PTS),[1642258],22400239,1610612737,ATL,,,,Risacher,Z. Risacher,,,,,,,,Made,,,,,,,7.0,,,,,,,,,,,
276,PT06M55.00S,2024-11-17T23:55:19.4Z,2,REGULAR,freethrow,2 of 3,[],1642258,,,1610612737,37,44,2024-11-17T23:55:19Z,2730000,False,,,0,,Z. Risacher Free Throw 2 of 3 (8 PTS),[1642258],22400239,1610612737,ATL,,,,Risacher,Z. Risacher,,,,,,,,Made,,,,,,,8.0,,,,,,,,,,,
277,PT06M55.00S,2024-11-17T23:55:39.6Z,2,REGULAR,freethrow,3 of 3,[],1642258,,,1610612737,37,45,2024-11-17T23:55:39Z,2740000,False,,,0,,Z. Risacher Free Throw 3 of 3 (9 PTS),[1642258],22400239,1610612737,ATL,,,,Risacher,Z. Risacher,,,,,,,,Made,,,,,,,9.0,,,,,,,,,,,
279,PT06M44.00S,2024-11-17T23:55:52.4Z,2,REGULAR,rebound,defensive,[],1626204,,,1610612737,37,45,2024-11-17T23:55:56Z,2760000,False,,,0,,L. Nance Jr. REBOUND (Off:1 Def:1),[1626204],22400239,1610612737,ATL,,,,Nance Jr.,L. Nance Jr.,,,,,Above the Break 3,24+ Right Center,,,,,278.0,2.0,1.0,1.0,,,,,,,,,,,,
285,PT06M16.00S,2024-11-17T23:57:22.3Z,2,REGULAR,3pt,Jump Shot,[],1629027,6.652431011826544,95.83333333333334,1610612737,37,48,2024-11-17T23:57:27Z,2820000,False,-229.0,10.0,1,left,T. Young 3PT step back (6 PTS) (C. Capela 2 AST),"[1629027, 203991]",22400239,1610612737,ATL,step back,,,Young,T. Young,,,,,Left Corner 3,24+ Left,22.94,Made,,,,,,,6.0,C. Capela,203991.0,2.0,,,,,,,,
288,PT05M58.00S,2024-11-17T23:57:38.7Z,2,REGULAR,rebound,defensive,[],1626204,,,1610612737,37,48,2024-11-17T23:57:41Z,2850000,False,,,0,,L. Nance Jr. REBOUND (Off:1 Def:2),[1626204],22400239,1610612737,ATL,,,,Nance Jr.,L. Nance Jr.,,,,,Above the Break 3,24+ Right Center,,,,,287.0,3.0,2.0,1.0,,,,,,,,,,,,
292,PT05M54.00S,2024-11-17T23:58:13.1Z,2,REGULAR,freethrow,1 of 2,[],203991,,,1610612737,37,48,2024-11-17T23:58:13Z,2890000,False,,,0,,MISS C. Capela Free Throw 1 of 2,[203991],22400239,1610612737,ATL,,,,Capela,C. Capela,,,,,,,,Missed,,,,,,,,,,,,,,,,,,
293,PT05M54.00S,2024-11-17T23:58:13.1Z,2,REGULAR,rebound,offensive,"['deadball', 'team']",0,,,1610612737,37,48,2024-11-17T23:58:13Z,2900000,False,,,0,,TEAM offensive REBOUND,[],22400239,1610612737,ATL,,,,,,,,,,,,,,,,292.0,,,,,,,,,,,,,,,
296,PT05M54.00S,2024-11-17T23:58:13.1Z,2,REGULAR,freethrow,2 of 2,[],203991,,,1610612737,37,48,2024-11-17T23:58:33Z,2930000,False,,,0,,MISS C. Capela Free Throw 2 of 2,[203991],22400239,1610612737,ATL,,,,Capela,C. Capela,,,,,,,,Missed,,,,,,,,,,,,,,,,,,
299,PT05M29.00S,2024-11-17T23:58:53.6Z,2,REGULAR,3pt,Jump Shot,[],1642258,11.777266754270697,3.9215686274509802,1610612737,40,48,2024-11-17T23:59:14Z,2960000,False,230.0,58.0,1,left,MISS Z. Risacher 3PT,[1642258],22400239,1610612737,ATL,,,,Risacher,Z. Risacher,,,,,Right Corner 3,24+ Right,23.76,Missed,,,,,,,,,,,,,,,,,,
300,PT05M28.00S,2024-11-17T23:58:54.6Z,2,REGULAR,rebound,offensive,[],203991,,,1610612737,40,48,2024-11-17T23:59:35Z,2970000,False,,,0,,C. Capela REBOUND (Off:1 Def:1),[203991],22400239,1610612737,ATL,,,,Capela,C. Capela,,,,,Right Corner 3,24+ Right,,,,,299.0,2.0,1.0,1.0,,,,,,,,,,,,
301,PT05M27.00S,2024-11-17T23:58:58.7Z,2,REGULAR,2pt,Layup,"['2ndchance', 'pointsinthepaint']",203991,5.590000152587891,50.0,1610612737,40,50,2024-11-17T23:59:39Z,2980000,False,0.0,0.0,1,left,C. Capela putback Layup (4 PTS),[203991],22400239,1610612737,ATL,putback,,,Capela,C. Capela,,,,,Restricted Area,0-8 Center,0.0,Made,,,,,,,4.0,,,,,,,,,,,
304,PT05M15.00S,2024-11-17T23:59:15.7Z,2,REGULAR,foul,personal,[],203991,,,1610612757,40,50,2024-11-17T23:59:22Z,3010000,False,,,0,,C. Capela loose ball personal FOUL (2 PF),"[203991, 1642270]",22400239,1610612737,ATL,loose ball,,,Capela,C. Capela,,,,,Restricted Area,0-8 Center,,,,,,,,,,,,,202053.0,,2.0,0.0,Clingan,1642270.0,,
310,PT04M46.00S,2024-11-18T00:00:10.0Z,2,REGULAR,2pt,Layup,['pointsinthepaint'],1630700,7.178055190538765,43.627450980392155,1610612737,43,50,2024-11-18T00:01:15Z,3070000,False,32.0,15.0,1,left,MISS D. Daniels driving finger roll Layup,[1630700],22400239,1610612737,ATL,driving finger roll,,,Daniels,D. Daniels,,,,,Restricted Area,0-8 Center,3.53,Missed,,,,,,,,,,,,,,,,,,
311,PT04M44.00S,2024-11-18T00:00:12.0Z,2,REGULAR,rebound,offensive,[],203991,,,1610612737,43,50,2024-11-18T00:01:15Z,3080000,False,,,0,,C. Capela REBOUND (Off:2 Def:1),[203991],22400239,1610612737,ATL,,,,Capela,C. Capela,,,,,Restricted Area,0-8 Center,,,,,310.0,3.0,1.0,2.0,,,,,,,,,,,,
312,PT04M39.00S,2024-11-18T00:00:16.6Z,2,REGULAR,turnover,lost ball,[],1629027,,,1610612737,43,50,2024-11-18T00:00:20Z,3090000,False,,,0,,T. Young lost ball TURNOVER (4 TO),"[1629027, 1641739]",22400239,1610612737,ATL,,,,Young,T. Young,,,,,Above the Break 3,24+ Center,,,,,,,,,,,,,,4.0,,,,,Camara,1641739.0
315,PT04M37.00S,2024-11-18T00:00:19.5Z,2,REGULAR,steal,,[],1626204,,,1610612737,43,50,2024-11-18T00:01:54Z,3120000,False,,,0,,L. Nance Jr. STEAL (1 STL),[1626204],22400239,1610612737,ATL,,,,Nance Jr.,L. Nance Jr.,,,,,In The Paint (Non-RA),0-8 Center,,,,,,,,,,,,,,,,,,,,
316,PT04M30.00S,2024-11-18T00:00:26.6Z,2,REGULAR,3pt,Jump Shot,['fromturnover'],1629027,19.267411300919843,92.40196078431373,1610612737,43,50,2024-11-18T00:03:15Z,3130000,False,-212.0,129.0,1,left,MISS T. Young 24' 3PT,[1629027],22400239,1610612737,ATL,,,,Young,T. Young,,,,,Above the Break 3,24+ Left Center,24.8,Missed,,,,,,,,,,,,,,,,,,
317,PT04M27.00S,2024-11-18T00:00:29.6Z,2,REGULAR,rebound,offensive,[],203991,,,1610612737,43,50,2024-11-18T00:03:15Z,3140000,False,,,0,,C. Capela REBOUND (Off:3 Def:1),[203991],22400239,1610612737,ATL,,,,Capela,C. Capela,,,,,Above the Break 3,24+ Left Center,,,,,316.0,4.0,1.0,3.0,,,,,,,,,,,,
320,PT04M22.00S,2024-11-18T00:01:10.8Z,2,REGULAR,freethrow,1 of 2,"['fromturnover', '2ndchance']",1629027,,,1610612737,43,51,2024-11-18T00:01:10Z,3170000,False,,,0,,T. Young Free Throw 1 of 2 (7 PTS),[1629027],22400239,1610612737,ATL,,,,Young,T. Young,,,,,,,,Made,,,,,,,7.0,,,,,,,,,,,
321,PT04M22.00S,2024-11-18T00:01:11.4Z,2,REGULAR,substitution,out,[],1642258,,,1610612737,43,51,2024-11-18T00:01:20Z,3180000,False,,,0,,SUB out: Z. Risacher,[1642258],22400239,1610612737,ATL,,,,Risacher,Z. Risacher,,,,,,,,,,,,,,,,,,,,,,,,,,
322,PT04M22.00S,2024-11-18T00:01:11.4Z,2,REGULAR,substitution,out,[],1626204,,,1610612737,43,51,2024-11-18T00:01:20Z,3190000,False,,,0,,SUB out: L. Nance Jr.,[1626204],22400239,1610612737,ATL,,,,Nance Jr.,L. Nance Jr.,,,,,,,,,,,,,,,,,,,,,,,,,,
323,PT04M22.00S,2024-11-18T00:01:11.4Z,2,REGULAR,substitution,in,[],1630249,,,1610612737,43,51,2024-11-18T00:01:20Z,3200000,False,,,0,,SUB in: V. Krejčí,[1630249],22400239,1610612737,ATL,,,,Krejčí,V. Krejčí,,,,,,,,,,,,,,,,,,,,,,,,,,
324,PT04M22.00S,2024-11-18T00:01:11.4Z,2,REGULAR,substitution,in,[],1630552,,,1610612737,43,51,2024-11-18T00:01:20Z,3210000,False,,,0,,SUB in: J. Johnson,[1630552],22400239,1610612737,ATL,,,,Johnson,J. Johnson,,,,,,,,,,,,,,,,,,,,,,,,,,
325,PT04M22.00S,2024-11-18T00:01:33.6Z,2,REGULAR,freethrow,2 of 2,"['fromturnover', '2ndchance']",1629027,,,1610612737,43,52,2024-11-18T00:01:33Z,3220000,False,,,0,,T. Young Free Throw 2 of 2 (8 PTS),[1629027],22400239,1610612737,ATL,,,,Young,T. Young,,,,,,,,Made,,,,,,,8.0,,,,,,,,,,,
328,PT03M52.00S,2024-11-18T00:02:05.1Z,2,REGULAR,2pt,Hook,['pointsinthepaint'],203991,12.697109067017081,49.50980392156863,1610612737,45,52,2024-11-18T00:02:09Z,3250000,False,2.0,67.0,1,left,MISS C. Capela 6' turnaround Hook,[203991],22400239,1610612737,ATL,turnaround,,,Capela,C. Capela,,,,,In The Paint (Non-RA),0-8 Center,6.69,Missed,,,,,,,,,,,,,,,,,,
329,PT03M49.00S,2024-11-18T00:02:08.1Z,2,REGULAR,rebound,offensive,[],1630700,,,1610612737,45,52,2024-11-18T00:02:09Z,3260000,False,,,0,,D. Daniels REBOUND (Off:3 Def:0),[1630700],22400239,1610612737,ATL,,,,Daniels,D. Daniels,,,,,In The Paint (Non-RA),0-8 Center,,,,,328.0,3.0,0.0,3.0,,,,,,,,,,,,
330,PT03M49.00S,2024-11-18T00:02:08.1Z,2,REGULAR,2pt,Layup,"['pointsinthepaint', '2ndchance']",1630700,5.590000152587891,50.0,1610612737,45,54,2024-11-18T00:02:08Z,3270000,False,0.0,0.0,1,left,D. Daniels tip Layup (12 PTS),[1630700],22400239,1610612737,ATL,tip,,,Daniels,D. Daniels,,,,,Mid-Range,8-16 Left,0.0,Made,,,,,,,12.0,,,,,,,,,,,
334,PT03M21.00S,2024-11-18T00:02:39.6Z,2,REGULAR,turnover,out-of-bounds,[],1630552,,,1610612737,47,54,2024-11-18T00:02:45Z,3310000,False,,,0,,J. Johnson lost ball out-of-bounds TURNOVER (5 TO),[1630552],22400239,1610612737,ATL,lost ball,,,Johnson,J. Johnson,,,,,Mid-Range,8-16 Left,,,,,,,,,,,,,201639.0,5.0,,,,,,
336,PT03M03.00S,2024-11-18T00:03:00.1Z,2,REGULAR,rebound,defensive,[],1630700,,,1610612737,47,54,2024-11-18T00:03:03Z,3330000,False,,,0,,D. Daniels REBOUND (Off:3 Def:1),[1630700],22400239,1610612737,ATL,,,,Daniels,D. Daniels,,,,,In The Paint (Non-RA),0-8 Center,,,,,335.0,4.0,1.0,3.0,,,,,,,,,,,,
338,PT03M01.00S,2024-11-18T00:03:08.3Z,2,REGULAR,turnover,lost ball,[],1630700,,,1610612737,47,54,2024-11-18T00:05:41Z,3350000,False,,,0,,D. Daniels lost ball TURNOVER (4 TO),"[1630700, 1630625]",22400239,1610612737,ATL,,,,Daniels,D. Daniels,,,,,Above the Break 3,24+ Left Center,,,,,,,,,,,,,,4.0,,,,,Banton,1630625.0
341,PT02M52.00S,2024-11-18T00:03:30.0Z,2,REGULAR,timeout,full,"['team', 'mandatory']",0,,,1610612737,49,54,2024-11-18T00:03:30Z,3380000,False,,,0,,ATL Timeout,[],22400239,1610612737,ATL,,,,,,,,,,,,,,,,,,,,,,,,,,,,,,,
344,PT02M37.00S,2024-11-18T00:06:36.1Z,2,REGULAR,3pt,Jump Shot,[],1629027,24.52365308804205,84.06862745098039,1610612737,49,54,2024-11-18T00:06:40Z,3410000,False,-170.0,178.0,1,left,MISS T. Young 24' 3PT,[1629027],22400239,1610612737,ATL,,,,Young,T. Young,,,,,Above the Break 3,24+ Left Center,24.63,Missed,,,,,,,,,,,,,,,,,,
347,PT02M21.00S,2024-11-18T00:06:51.7Z,2,REGULAR,rebound,defensive,[],1630249,,,1610612737,49,54,2024-11-18T00:06:52Z,3440000,False,,,0,,V. Krejčí REBOUND (Off:0 Def:1),[1630249],22400239,1610612737,ATL,,,,Krejčí,V. Krejčí,,,,,Left Corner 3,24+ Left,,,,,346.0,1.0,1.0,0.0,,,,,,,,,,,,
348,PT02M13.00S,2024-11-18T00:06:59.9Z,2,REGULAR,3pt,Jump Shot,[],1630552,6.1268068331143235,96.07843137254902,1610612737,49,54,2024-11-18T00:07:06Z,3450000,False,-230.0,5.0,1,left,MISS J. Johnson 3PT,[1630552],22400239,1610612737,ATL,,,,Johnson,J. Johnson,,,,,Left Corner 3,24+ Left,23.05,Missed,,,,,,,,,,,,,,,,,,
762,PT01M55.00S,2024-11-18T00:07:24.4Z,2,REGULAR,2pt,DUNK,['pointsinthepaint'],1630249,8.492115637319317,57.84313725490197,1610612737,52,56,2024-11-18T05:54:17Z,3495000,False,-39.0,27.0,1,left,V. Krejčí driving DUNK (5 PTS) (C. Capela 3 AST),"[1630249, 203991]",22400239,1610612737,ATL,driving,,,Krejčí,V. Krejčí,,,,,In The Paint (Non-RA),0-8 Center,4.78,Made,,,,,,,5.0,C. Capela,203991.0,3.0,,,,,,,,
355,PT01M28.00S,2024-11-18T00:07:44.6Z,2,REGULAR,2pt,DUNK,['pointsinthepaint'],203991,5.863994743758213,50.98039215686274,1610612737,54,56,2024-11-18T00:07:50Z,3520000,False,-5.0,3.0,1,left,MISS C. Capela DUNK,[203991],22400239,1610612737,ATL,,,,Capela,C. Capela,,,,,Restricted Area,0-8 Center,0.55,Missed,,,,,,,,,,,,,,,,,,
357,PT01M25.00S,2024-11-18T00:07:47.6Z,2,REGULAR,rebound,offensive,[],203991,,,1610612737,54,56,2024-11-18T00:07:50Z,3540000,False,,,0,,C. Capela REBOUND (Off:4 Def:1),[203991],22400239,1610612737,ATL,,,,Capela,C. Capela,,,,,Restricted Area,0-8 Center,,,,,355.0,5.0,1.0,4.0,,,,,,,,,,,,
359,PT01M24.00S,2024-11-18T00:07:48.8Z,2,REGULAR,rebound,offensive,[],203991,,,1610612737,54,56,2024-11-18T00:07:57Z,3560000,False,,,0,,C. Capela REBOUND (Off:5 Def:1),[203991],22400239,1610612737,ATL,,,,Capela,C. Capela,,,,,Restricted Area,0-8 Center,,,,,358.0,6.0,1.0,5.0,,,,,,,,,,,,
358,PT01M24.00S,2024-11-18T00:07:48.8Z,2,REGULAR,2pt,Layup,"['pointsinthepaint', '2ndchance']",203991,7.046649145860711,53.67647058823529,1610612737,54,56,2024-11-18T00:07:57Z,3550000,False,-18.0,14.0,1,left,MISS C. Capela putback Layup,[203991],22400239,1610612737,ATL,putback,,,Capela,C. Capela,,,,,Restricted Area,0-8 Center,2.29,Missed,,,,,,,,,,,,,,,,,,
360,PT01M21.00S,2024-11-18T00:07:52.5Z,2,REGULAR,3pt,Jump Shot,['2ndchance'],1629027,5.075558475689881,95.09803921568627,1610612737,54,59,2024-11-18T00:08:04Z,3570000,False,-225.0,-5.0,1,left,T. Young 3PT step back (11 PTS) (C. Capela 4 AST),"[1629027, 203991]",22400239,1610612737,ATL,step back,,,Young,T. Young,,,,,Left Corner 3,24+ Left,22.56,Made,,,,,,,11.0,C. Capela,203991.0,4.0,,,,,,,,
363,PT00M59.20S,2024-11-18T00:08:13.6Z,2,REGULAR,rebound,defensive,[],203991,,,1610612737,54,59,2024-11-18T00:08:14Z,3600000,False,,,0,,C. Capela REBOUND (Off:5 Def:2),[203991],22400239,1610612737,ATL,,,,Capela,C. Capela,,,,,Right Corner 3,24+ Right,,,,,362.0,7.0,2.0,5.0,,,,,,,,,,,,
364,PT00M44.50S,2024-11-18T00:08:28.4Z,2,REGULAR,3pt,Jump Shot,[],1630552,7.046649145860711,95.58823529411765,1610612737,54,62,2024-11-18T00:08:32Z,3610000,False,-228.0,14.0,1,left,J. Johnson 3PT  (11 PTS) (D. Daniels 2 AST),"[1630552, 1630700]",22400239,1610612737,ATL,,,,Johnson,J. Johnson,,,,,Left Corner 3,24+ Left,22.83,Made,,,,,,,11.0,D. Daniels,1630700.0,2.0,,,,,,,,
367,PT00M11.90S,2024-11-18T00:09:09.3Z,2,REGULAR,2pt,DUNK,['pointsinthepaint'],1630552,6.1268068331143235,52.20588235294118,1610612737,56,64,2024-11-18T00:09:14Z,3640000,False,-11.0,5.0,1,left,J. Johnson alley-oop DUNK (13 PTS) (T. Young 3 AST),"[1630552, 1629027]",22400239,1610612737,ATL,alley-oop,,,Johnson,J. Johnson,,,,,Restricted Area,0-8 Center,1.21,Made,,,,,,,13.0,T. Young,1629027.0,3.0,,,,,,,,
370,PT00M11.90S,2024-11-18T00:09:26.0Z,2,REGULAR,violation,delay-of-game,['team'],0,,,1610612757,56,64,2024-11-18T00:09:32Z,3670000,False,,,0,,TEAM delay-of-game VIOLATION,[],22400239,1610612737,ATL,,,,,,,,,,,,,,,,,,,,,,,,201639.0,,,,,,,
376,PT12M00.00S,2024-11-18T00:24:00.3Z,3,REGULAR,substitution,out,['startperiod'],1630249,,,1610612757,56,64,2024-11-18T00:24:48Z,3730000,False,,,0,,SUB out: V. Krejčí,[1630249],22400239,1610612737,ATL,,,,Krejčí,V. Krejčí,,,,,,,,,,,,,,,,,,,,,,,,,,
379,PT12M00.00S,2024-11-18T00:24:00.3Z,3,REGULAR,substitution,in,['startperiod'],1642258,,,1610612757,56,64,2024-11-18T00:24:48Z,3760000,False,,,0,,SUB in: Z. Risacher,[1642258],22400239,1610612737,ATL,,,,Risacher,Z. Risacher,,,,,,,,,,,,,,,,,,,,,,,,,,
382,PT11M44.00S,2024-11-18T00:25:16.3Z,3,REGULAR,steal,,[],1630700,,,1610612737,56,64,2024-11-18T00:25:17Z,3790000,False,,,0,,D. Daniels STEAL (2 STL),[1630700],22400239,1610612737,ATL,,,,Daniels,D. Daniels,,,,,In The Paint (Non-RA),8-16 Center,,,,,,,,,,,,,,,,,,,,
383,PT11M25.00S,2024-11-18T00:25:35.7Z,3,REGULAR,2pt,Layup,"['pointsinthepaint', 'fromturnover']",203991,94.1688567674113,47.05882352941176,1610612737,56,66,2024-11-18T00:25:41Z,3800000,False,-15.0,2.0,1,right,C. Capela reverse Layup (6 PTS) (J. Johnson 4 AST),"[203991, 1630552]",22400239,1610612737,ATL,reverse,,,Capela,C. Capela,,,,,Restricted Area,0-8 Center,1.49,Made,,,,,,,6.0,J. Johnson,1630552.0,4.0,,,,,,,,
386,PT10M57.00S,2024-11-18T00:26:04.1Z,3,REGULAR,block,,[],1630700,,,1610612757,56,66,2024-11-18T00:26:05Z,3830000,False,,,0,,D. Daniels BLOCK (1 BLK),[1630700],22400239,1610612737,ATL,,,,Daniels,D. Daniels,,,,,Restricted Area,0-8 Center,,,,,,,,,,,,,,,,,,,,
387,PT10M54.00S,2024-11-18T00:26:07.1Z,3,REGULAR,rebound,defensive,[],1629027,,,1610612737,56,66,2024-11-18T00:29:32Z,3840000,False,,,0,,T. Young REBOUND (Off:1 Def:2),[1629027],22400239,1610612737,ATL,,,,Young,T. Young,,,,,Restricted Area,0-8 Center,,,,,385.0,3.0,2.0,1.0,,,,,,,,,,,,
389,PT10M53.00S,2024-11-18T00:26:16.6Z,3,REGULAR,foul,offensive,[],1630700,,,1610612737,56,66,2024-11-18T00:26:21Z,3860000,False,,,0,,D. Daniels charge offensive FOUL (1 PF),"[1630700, 1641739]",22400239,1610612737,ATL,charge,,,Daniels,D. Daniels,,,,,Restricted Area,0-8 Center,,,,,,,,,,,,,201639.0,,1.0,0.0,Camara,1641739.0,,
391,PT10M53.00S,2024-11-18T00:26:16.6Z,3,REGULAR,turnover,offensive foul,[],1630700,,,1610612737,56,66,2024-11-18T00:26:16Z,3880000,False,,,0,,D. Daniels offensive foul TURNOVER (5 TO),[1630700],22400239,1610612737,ATL,,,,Daniels,D. Daniels,,,,,Restricted Area,0-8 Center,,,,,,,,,,,,,201639.0,5.0,,,,,,
393,PT10M20.00S,2024-11-18T00:26:57.2Z,3,REGULAR,3pt,Jump Shot,[],1630700,64.86530880420499,47.794117647058826,1610612737,58,66,2024-11-18T00:27:03Z,3900000,False,-11.0,278.0,1,right,MISS D. Daniels 27' 3PT,[1630700],22400239,1610612737,ATL,,,,Daniels,D. Daniels,,,,,Above the Break 3,24+ Center,27.8,Missed,,,,,,,,,,,,,,,,,,
398,PT09M48.00S,2024-11-18T00:27:36.8Z,3,REGULAR,turnover,lost ball,[],1642258,,,1610612737,61,66,2024-11-18T00:27:41Z,3950000,False,,,0,,Z. Risacher lost ball TURNOVER (1 TO),"[1642258, 203924]",22400239,1610612737,ATL,,,,Risacher,Z. Risacher,,,,,Above the Break 3,24+ Right Center,,,,,,,,,,,,,,1.0,,,,,Grant,203924.0
406,PT09M32.00S,2024-11-18T00:28:42.1Z,3,REGULAR,freethrow,1 of 2,[],1629027,,,1610612737,63,67,2024-11-18T00:28:42Z,4030000,False,,,0,,T. Young Free Throw 1 of 2 (12 PTS),[1629027],22400239,1610612737,ATL,,,,Young,T. Young,,,,,,,,Made,,,,,,,12.0,,,,,,,,,,,
407,PT09M32.00S,2024-11-18T00:28:57.0Z,3,REGULAR,freethrow,2 of 2,[],1629027,,,1610612737,63,68,2024-11-18T00:28:57Z,4040000,False,,,0,,T. Young Free Throw 2 of 2 (13 PTS),[1629027],22400239,1610612737,ATL,,,,Young,T. Young,,,,,,,,Made,,,,,,,13.0,,,,,,,,,,,
409,PT09M17.00S,2024-11-18T00:29:13.6Z,3,REGULAR,rebound,defensive,[],203991,,,1610612737,63,68,2024-11-18T00:29:17Z,4060000,False,,,0,,C. Capela REBOUND (Off:5 Def:3),[203991],22400239,1610612737,ATL,,,,Capela,C. Capela,,,,,Mid-Range,16-24 Center,,,,,408.0,8.0,3.0,5.0,,,,,,,,,,,,
410,PT09M10.00S,2024-11-18T00:29:21.6Z,3,REGULAR,2pt,Jump Shot,['pointsinthepaint'],1642258,89.17542706964521,44.6078431372549,1610612737,63,68,2024-11-18T00:29:27Z,4070000,False,-27.0,49.0,1,right,MISS Z. Risacher floating Shot - blocked,"[1642258, 1642270]",22400239,1610612737,ATL,floating,,,Risacher,Z. Risacher,,,,,In The Paint (Non-RA),0-8 Center,5.62,Missed,Clingan,1642270.0,,,,,,,,,,,,,,,,
412,PT09M07.00S,2024-11-18T00:29:24.6Z,3,REGULAR,rebound,offensive,[],1642258,,,1610612737,63,68,2024-11-18T00:29:27Z,4090000,False,,,0,,Z. Risacher REBOUND (Off:1 Def:2),[1642258],22400239,1610612737,ATL,,,,Risacher,Z. Risacher,,,,,In The Paint (Non-RA),0-8 Center,,,,,410.0,3.0,2.0,1.0,,,,,,,,,,,,
413,PT09M04.00S,2024-11-18T00:29:27.2Z,3,REGULAR,2pt,Layup,"['pointsinthepaint', '2ndchance']",1642258,91.80354796320631,46.81372549019608,1610612737,63,70,2024-11-18T00:29:32Z,4100000,False,-16.0,25.0,1,right,Z. Risacher Layup (11 PTS),[1642258],22400239,1610612737,ATL,,,,Risacher,Z. Risacher,,,,,Restricted Area,0-8 Center,2.92,Made,,,,,,,11.0,,,,,,,,,,,
415,PT08M56.00S,2024-11-18T00:29:35.4Z,3,REGULAR,block,,[],203991,,,1610612757,63,70,2024-11-18T00:29:37Z,4120000,False,,,0,,C. Capela BLOCK (1 BLK),[203991],22400239,1610612737,ATL,,,,Capela,C. Capela,,,,,Restricted Area,0-8 Center,,,,,,,,,,,,,,,,,,,,
416,PT08M53.00S,2024-11-18T00:29:38.4Z,3,REGULAR,rebound,defensive,[],1642258,,,1610612737,63,70,2024-11-18T00:29:42Z,4130000,False,,,0,,Z. Risacher REBOUND (Off:1 Def:3),[1642258],22400239,1610612737,ATL,,,,Risacher,Z. Risacher,,,,,Restricted Area,0-8 Center,,,,,414.0,4.0,3.0,1.0,,,,,,,,,,,,
417,PT08M44.00S,2024-11-18T00:29:47.1Z,3,REGULAR,2pt,Layup,['pointsinthepaint'],1630552,94.43166885676742,51.9607843137255,1610612737,63,72,2024-11-18T00:29:52Z,4140000,False,10.0,0.0,1,right,J. Johnson reverse Layup (15 PTS) (T. Young 4 AST),"[1630552, 1629027]",22400239,1610612737,ATL,reverse,,,Johnson,J. Johnson,,,,,Restricted Area,0-8 Center,0.98,Made,,,,,,,15.0,T. Young,1629027.0,4.0,,,,,,,,
422,PT08M20.00S,2024-11-18T00:30:36.5Z,3,REGULAR,turnover,out-of-bounds,[],1642258,,,1610612737,63,72,2024-11-18T00:30:43Z,4190000,False,,,0,,Z. Risacher step out-of-bounds TURNOVER (2 TO),[1642258],22400239,1610612737,ATL,step,,,Risacher,Z. Risacher,,,,,Right Corner 3,24+ Right,,,,,,,,,,,,,202053.0,2.0,,,,,,
423,PT08M07.00S,2024-11-18T00:31:03.0Z,3,REGULAR,foul,personal,['2freethrow'],1630700,,,1610612757,63,72,2024-11-18T00:31:19Z,4200000,False,,,0,,D. Daniels shooting personal FOUL (2 PF) (Sharpe 2 FT),"[1630700, 1631101]",22400239,1610612737,ATL,shooting,,,Daniels,D. Daniels,,,,,Restricted Area,0-8 Center,,,,,,,,,,,,,201639.0,,2.0,0.0,Sharpe,1631101.0,,
428,PT08M06.00S,2024-11-18T00:31:30.7Z,3,REGULAR,rebound,defensive,['team'],0,,,1610612737,63,72,2024-11-18T00:31:54Z,4250000,False,,,0,,TEAM defensive REBOUND,[],22400239,1610612737,ATL,,,,,,,,,,,,,,,,427.0,,,,,,,,,,,,,,,
430,PT07M54.00S,2024-11-18T00:32:14.3Z,3,REGULAR,2pt,Jump Shot,['pointsinthepaint'],1629027,90.75229960578186,50.49019607843137,1610612737,63,74,2024-11-18T00:33:22Z,4270000,False,2.0,34.0,1,right,T. Young driving floating Jump Shot (15 PTS),[1629027],22400239,1610612737,ATL,driving floating,,,Young,T. Young,,,,,Restricted Area,0-8 Center,3.45,Made,,,,,,,15.0,,,,,,,,,,,
433,PT07M25.00S,2024-11-18T00:32:42.7Z,3,REGULAR,2pt,DUNK,['pointsinthepaint'],203991,93.38042049934296,47.05882352941176,1610612737,66,76,2024-11-18T00:32:48Z,4300000,False,-15.0,10.0,1,right,C. Capela cutting DUNK (8 PTS) (D. Daniels 3 AST),"[203991, 1630700]",22400239,1610612737,ATL,cutting,,,Capela,C. Capela,,,,,Restricted Area,0-8 Center,1.76,Made,,,,,,,8.0,D. Daniels,1630700.0,3.0,,,,,,,,
440,PT06M59.00S,2024-11-18T00:33:35.3Z,3,REGULAR,3pt,Jump Shot,['fromturnover'],1630700,90.48948751642575,94.11764705882352,1610612737,66,76,2024-11-18T00:33:42Z,4370000,False,221.0,37.0,1,right,MISS D. Daniels 3PT,[1630700],22400239,1610612737,ATL,,,,Daniels,D. Daniels,,,,,Right Corner 3,24+ Right,22.37,Missed,,,,,,,,,,,,,,,,,,
442,PT06M58.00S,2024-11-18T00:33:46.4Z,3,REGULAR,foul,personal,[],203991,,,1610612757,66,76,2024-11-18T00:33:54Z,4390000,False,,,0,,C. Capela loose ball personal FOUL (3 PF),"[203991, 1630703]",22400239,1610612737,ATL,loose ball,,,Capela,C. Capela,,,,,Restricted Area,0-8 Center,,,,,,,,,,,,,201639.0,,3.0,0.0,Henderson,1630703.0,,
447,PT06M58.00S,2024-11-18T00:36:04.4Z,3,REGULAR,substitution,out,[],1630552,,,1610612757,66,76,2024-11-18T00:36:28Z,4440000,False,,,0,,SUB out: J. Johnson,[1630552],22400239,1610612737,ATL,,,,Johnson,J. Johnson,,,,,,,,,,,,,,,,,,,,,,,,,,
450,PT06M58.00S,2024-11-18T00:36:04.4Z,3,REGULAR,substitution,in,[],1626204,,,1610612757,66,76,2024-11-18T00:36:28Z,4470000,False,,,0,,SUB in: L. Nance Jr.,[1626204],22400239,1610612737,ATL,,,,Nance Jr.,L. Nance Jr.,,,,,,,,,,,,,,,,,,,,,,,,,,
454,PT06M22.00S,2024-11-18T00:37:27.8Z,3,REGULAR,2pt,Layup,['pointsinthepaint'],1630700,91.93495400788436,61.029411764705884,1610612737,68,76,2024-11-18T02:50:03Z,4510000,False,55.0,23.0,1,right,MISS D. Daniels driving Layup - blocked,"[1630700, 1629057]",22400239,1610612737,ATL,driving,,,Daniels,D. Daniels,,,,,In The Paint (Non-RA),0-8 Center,5.98,Missed,Williams III,1629057.0,,,,,,,,,,,,,,,,
456,PT06M20.00S,2024-11-18T00:37:29.8Z,3,REGULAR,rebound,offensive,['team'],0,,,1610612737,68,76,2024-11-18T00:37:54Z,4530000,False,,,0,,TEAM offensive REBOUND,[],22400239,1610612737,ATL,,,,,,,,,,In The Paint (Non-RA),0-8 Center,,,,,454.0,,,,,,,,,,,,,,,
458,PT06M16.00S,2024-11-18T00:37:44.4Z,3,REGULAR,2pt,Jump Shot,"['pointsinthepaint', '2ndchance']",1629027,90.3580814717477,54.166666666666664,1610612737,68,76,2024-11-18T00:38:25Z,4550000,False,21.0,38.0,1,right,MISS T. Young Jump Shot,[1629027],22400239,1610612737,ATL,,,,Young,T. Young,,,,,Restricted Area,0-8 Center,4.34,Missed,,,,,,,,,,,,,,,,,,
463,PT05M59.00S,2024-11-18T00:38:05.4Z,3,REGULAR,substitution,out,[],203991,,,1610612737,70,76,2024-11-18T00:38:10Z,4600000,False,,,0,,SUB out: C. Capela,[203991],22400239,1610612737,ATL,,,,Capela,C. Capela,,,,,,,,,,,,,,,,,,,,,,,,,,
464,PT05M59.00S,2024-11-18T00:38:05.4Z,3,REGULAR,substitution,in,[],1630168,,,1610612737,70,76,2024-11-18T00:38:10Z,4610000,False,,,0,,SUB in: O. Okongwu,[1630168],22400239,1610612737,ATL,,,,Okongwu,O. Okongwu,,,,,,,,,,,,,,,,,,,,,,,,,,
465,PT05M49.00S,2024-11-18T00:38:27.1Z,3,REGULAR,turnover,bad pass,[],1630168,,,1610612737,70,76,2024-11-18T00:38:30Z,4620000,False,,,0,,O. Okongwu bad pass TURNOVER (1 TO),"[1630168, 1630166]",22400239,1610612737,ATL,,,,Okongwu,O. Okongwu,,,,,Above the Break 3,24+ Left Center,,,,,,,,,,,,,,1.0,,,,,Avdija,1630166.0
469,PT05M44.00S,2024-11-18T00:38:38.6Z,3,REGULAR,timeout,full,"['team', 'mandatory']",0,,,1610612737,72,76,2024-11-18T00:38:38Z,4660000,False,,,0,,ATL Timeout,[],22400239,1610612737,ATL,,,,,,,,,,,,,,,,,,,,,,,,,,,,,,,
470,PT05M44.00S,2024-11-18T00:40:58.3Z,3,REGULAR,substitution,out,[],1642258,,,1610612737,72,76,2024-11-18T00:41:40Z,4670000,False,,,0,,SUB out: Z. Risacher,[1642258],22400239,1610612737,ATL,,,,Risacher,Z. Risacher,,,,,,,,,,,,,,,,,,,,,,,,,,
471,PT05M44.00S,2024-11-18T00:40:58.3Z,3,REGULAR,substitution,in,[],1629726,,,1610612737,72,76,2024-11-18T00:41:40Z,4680000,False,,,0,,SUB in: G. Mathews,[1629726],22400239,1610612737,ATL,,,,Mathews,G. Mathews,,,,,,,,,,,,,,,,,,,,,,,,,,
472,PT05M25.00S,2024-11-18T00:41:58.1Z,3,REGULAR,turnover,out-of-bounds,[],1630168,,,1610612737,72,76,2024-11-18T00:42:04Z,4690000,False,,,0,,O. Okongwu lost ball out-of-bounds TURNOVER (2 TO),[1630168],22400239,1610612737,ATL,lost ball,,,Okongwu,O. Okongwu,,,,,Left Corner 3,24+ Left,,,,,,,,,,,,,201639.0,2.0,,,,,,
475,PT05M02.00S,2024-11-18T00:42:29.2Z,3,REGULAR,2pt,Jump Shot,['pointsinthepaint'],1630700,89.70105124835742,49.26470588235294,1610612737,74,76,2024-11-18T00:42:53Z,4720000,False,-4.0,44.0,1,right,MISS D. Daniels driving floating Shot,[1630700],22400239,1610612737,ATL,driving floating,,,Daniels,D. Daniels,,,,,In The Paint (Non-RA),0-8 Center,4.45,Missed,,,,,,,,,,,,,,,,,,
480,PT04M15.00S,2024-11-18T00:43:16.2Z,3,REGULAR,3pt,Jump Shot,[],1626204,74.98357424441524,84.55882352941177,1610612737,77,76,2024-11-18T00:43:20Z,4770000,False,173.0,183.0,1,right,MISS L. Nance Jr. 25' 3PT,[1626204],22400239,1610612737,ATL,,,,Nance Jr.,L. Nance Jr.,,,,,Above the Break 3,24+ Right Center,25.15,Missed,,,,,,,,,,,,,,,,,,
483,PT04M05.00S,2024-11-18T00:43:27.0Z,3,REGULAR,block,,[],1630168,,,1610612757,77,76,2024-11-18T00:43:28Z,4800000,False,,,0,,O. Okongwu BLOCK (1 BLK),[1630168],22400239,1610612737,ATL,,,,Okongwu,O. Okongwu,,,,,In The Paint (Non-RA),0-8 Center,,,,,,,,,,,,,,,,,,,,
487,PT03M40.00S,2024-11-18T00:43:52.1Z,3,REGULAR,turnover,lost ball,[],1629027,,,1610612737,80,76,2024-11-18T00:43:55Z,4840000,False,,,0,,T. Young lost ball TURNOVER (5 TO),"[1629027, 1641739]",22400239,1610612737,ATL,,,,Young,T. Young,,,,,Above the Break 3,24+ Right Center,,,,,,,,,,,,,,5.0,,,,,Camara,1641739.0
490,PT03M35.00S,2024-11-18T00:43:57.2Z,3,REGULAR,block,,[],1630168,,,1610612757,80,76,2024-11-18T00:43:59Z,4870000,False,,,0,,O. Okongwu BLOCK (2 BLK),[1630168],22400239,1610612737,ATL,,,,Okongwu,O. Okongwu,,,,,Restricted Area,0-8 Center,,,,,,,,,,,,,,,,,,,,
491,PT03M33.00S,2024-11-18T00:43:59.2Z,3,REGULAR,rebound,defensive,[],1630700,,,1610612737,80,76,2024-11-18T00:44:05Z,4880000,False,,,0,,D. Daniels REBOUND (Off:3 Def:2),[1630700],22400239,1610612737,ATL,,,,Daniels,D. Daniels,,,,,Restricted Area,0-8 Center,,,,,489.0,5.0,2.0,3.0,,,,,,,,,,,,
492,PT03M30.00S,2024-11-18T00:44:02.7Z,3,REGULAR,3pt,Jump Shot,['fastbreak'],1629027,68.9388961892247,21.813725490196077,1610612737,80,76,2024-11-18T00:44:10Z,4890000,False,-141.0,239.0,1,right,MISS T. Young 27' running pullup 3PT,[1629027],22400239,1610612737,ATL,running pullup,,,Young,T. Young,,,,,Above the Break 3,24+ Left Center,27.79,Missed,,,,,,,,,,,,,,,,,,
496,PT03M15.00S,2024-11-18T00:44:21.0Z,3,REGULAR,foul,personal,['1freethrow'],1629027,,,1610612757,82,76,2024-11-18T00:44:31Z,4930000,False,,,0,,T. Young shooting personal FOUL (1 PF) (Williams III 1 FT),"[1629027, 1629057]",22400239,1610612737,ATL,shooting,,,Young,T. Young,,,,,Restricted Area,0-8 Center,,,,,,,,,,,,,202053.0,,1.0,0.0,Williams III,1629057.0,,
498,PT03M15.00S,2024-11-18T00:44:31.8Z,3,REGULAR,substitution,out,[],1630700,,,1610612757,82,76,2024-11-18T00:45:15Z,4950000,False,,,0,,SUB out: D. Daniels,[1630700],22400239,1610612737,ATL,,,,Daniels,D. Daniels,,,,,,,,,,,,,,,,,,,,,,,,,,
499,PT03M15.00S,2024-11-18T00:44:31.8Z,3,REGULAR,substitution,out,[],1629027,,,1610612757,82,76,2024-11-18T00:45:15Z,4960000,False,,,0,,SUB out: T. Young,[1629027],22400239,1610612737,ATL,,,,Young,T. Young,,,,,,,,,,,,,,,,,,,,,,,,,,
500,PT03M15.00S,2024-11-18T00:44:31.8Z,3,REGULAR,substitution,out,[],1626204,,,1610612757,82,76,2024-11-18T00:45:15Z,4970000,False,,,0,,SUB out: L. Nance Jr.,[1626204],22400239,1610612737,ATL,,,,Nance Jr.,L. Nance Jr.,,,,,,,,,,,,,,,,,,,,,,,,,,
501,PT03M15.00S,2024-11-18T00:44:31.8Z,3,REGULAR,substitution,in,[],1630249,,,1610612757,82,76,2024-11-18T00:45:15Z,4980000,False,,,0,,SUB in: V. Krejčí,[1630249],22400239,1610612737,ATL,,,,Krejčí,V. Krejčí,,,,,,,,,,,,,,,,,,,,,,,,,,
502,PT03M15.00S,2024-11-18T00:44:31.8Z,3,REGULAR,substitution,in,[],1630552,,,1610612757,82,76,2024-11-18T00:45:15Z,4990000,False,,,0,,SUB in: J. Johnson,[1630552],22400239,1610612737,ATL,,,,Johnson,J. Johnson,,,,,,,,,,,,,,,,,,,,,,,,,,
503,PT03M15.00S,2024-11-18T00:44:31.8Z,3,REGULAR,substitution,in,[],1630811,,,1610612757,82,76,2024-11-18T00:45:15Z,5000000,False,,,0,,SUB in: K. Wallace,[1630811],22400239,1610612737,ATL,,,,Wallace,K. Wallace,,,,,,,,,,,,,,,,,,,,,,,,,,
505,PT02M57.00S,2024-11-18T00:45:14.1Z,3,REGULAR,turnover,bad pass,[],1630552,,,1610612737,83,76,2024-11-18T00:45:17Z,5020000,False,,,0,,J. Johnson bad pass TURNOVER (6 TO),"[1630552, 1630166]",22400239,1610612737,ATL,,,,Johnson,J. Johnson,,,,,Above the Break 3,24+ Right Center,,,,,,,,,,,,,,6.0,,,,,Avdija,1630166.0
508,PT02M35.00S,2024-11-18T00:45:36.9Z,3,REGULAR,rebound,defensive,[],1630168,,,1610612737,83,76,2024-11-18T00:45:42Z,5050000,False,,,0,,O. Okongwu REBOUND (Off:0 Def:5),[1630168],22400239,1610612737,ATL,,,,Okongwu,O. Okongwu,,,,,In The Paint (Non-RA),0-8 Center,,,,,507.0,5.0,5.0,0.0,,,,,,,,,,,,
511,PT02M32.00S,2024-11-18T00:46:09.0Z,3,REGULAR,freethrow,1 of 2,['fastbreak'],1630552,,,1610612737,83,77,2024-11-18T00:46:09Z,5080000,False,,,0,,J. Johnson Free Throw 1 of 2 (16 PTS),[1630552],22400239,1610612737,ATL,,,,Johnson,J. Johnson,,,,,,,,Made,,,,,,,16.0,,,,,,,,,,,
516,PT02M32.00S,2024-11-18T00:46:33.5Z,3,REGULAR,freethrow,2 of 2,['fastbreak'],1630552,,,1610612737,83,78,2024-11-18T00:46:33Z,5130000,False,,,0,,J. Johnson Free Throw 2 of 2 (17 PTS),[1630552],22400239,1610612737,ATL,,,,Johnson,J. Johnson,,,,,,,,Made,,,,,,,17.0,,,,,,,,,,,
519,PT02M04.00S,2024-11-18T00:47:05.5Z,3,REGULAR,3pt,Jump Shot,[],1630249,62.5,48.03921568627451,1610612737,86,78,2024-11-18T00:47:11Z,5160000,False,-10.0,300.0,1,right,MISS V. Krejčí 30' 3PT,[1630249],22400239,1610612737,ATL,,,,Krejčí,V. Krejčí,,,,,Above the Break 3,24+ Center,30.02,Missed,,,,,,,,,,,,,,,,,,
523,PT01M33.00S,2024-11-18T00:47:47.9Z,3,REGULAR,2pt,Layup,['pointsinthepaint'],1630552,93.9060446780552,54.90196078431373,1610612737,88,78,2024-11-18T00:47:52Z,5200000,False,25.0,5.0,1,right,MISS J. Johnson driving Layup - blocked,"[1630552, 1631200]",22400239,1610612737,ATL,driving,,,Johnson,J. Johnson,,,,,Restricted Area,0-8 Center,2.5,Missed,Murray,1631200.0,,,,,,,,,,,,,,,,
528,PT01M21.00S,2024-11-18T00:48:28.5Z,3,REGULAR,steal,,[],1630168,,,1610612737,88,78,2024-11-18T00:48:30Z,5250000,False,,,0,,O. Okongwu STEAL (2 STL),[1630168],22400239,1610612737,ATL,,,,Okongwu,O. Okongwu,,,,,Above the Break 3,24+ Left Center,,,,,,,,,,,,,,,,,,,,
529,PT01M16.00S,2024-11-18T00:48:33.7Z,3,REGULAR,turnover,bad pass,[],1630811,,,1610612737,88,78,2024-11-18T00:48:37Z,5260000,False,,,0,,K. Wallace bad pass TURNOVER (1 TO),"[1630811, 1631101]",22400239,1610612737,ATL,,,,Wallace,K. Wallace,,,,,Above the Break 3,24+ Right Center,,,,,,,,,,,,,,1.0,,,,,Sharpe,1631101.0
533,PT01M14.00S,2024-11-18T00:48:38.9Z,3,REGULAR,foul,personal,['1freethrow'],1630249,,,1610612757,90,78,2024-11-18T00:48:48Z,5300000,False,,,0,,V. Krejčí shooting personal FOUL (2 PF) (Banton 1 FT),"[1630249, 1630625]",22400239,1610612737,ATL,shooting,,,Krejčí,V. Krejčí,,,,,Restricted Area,0-8 Center,,,,,,,,,,,,,202053.0,,2.0,0.0,Banton,1630625.0,,
536,PT00M59.10S,2024-11-18T00:49:26.1Z,3,REGULAR,3pt,Jump Shot,[],1629726,73.14388961892247,14.460784313725492,1610612737,91,81,2024-11-18T00:49:31Z,5330000,False,-178.0,200.0,1,right,G. Mathews 26' 3PT  (6 PTS) (K. Wallace 2 AST),"[1629726, 1630811]",22400239,1610612737,ATL,,,,Mathews,G. Mathews,,,,,Above the Break 3,24+ Left Center,26.75,Made,,,,,,,6.0,K. Wallace,1630811.0,2.0,,,,,,,,
541,PT00M40.30S,2024-11-18T00:49:47.8Z,3,REGULAR,block,,[],1630552,,,1610612757,91,81,2024-11-18T00:49:49Z,5380000,False,,,0,,J. Johnson BLOCK (1 BLK),[1630552],22400239,1610612737,ATL,,,,Johnson,J. Johnson,,,,,Restricted Area,0-8 Center,,,,,,,,,,,,,,,,,,,,
542,PT00M37.80S,2024-11-18T00:49:50.3Z,3,REGULAR,rebound,defensive,[],1630552,,,1610612737,91,81,2024-11-18T00:49:51Z,5390000,False,,,0,,J. Johnson REBOUND (Off:0 Def:4),[1630552],22400239,1610612737,ATL,,,,Johnson,J. Johnson,,,,,Restricted Area,0-8 Center,,,,,540.0,4.0,4.0,0.0,,,,,,,,,,,,
543,PT00M29.50S,2024-11-18T00:49:58.6Z,3,REGULAR,3pt,Jump Shot,[],1629726,78.0059132720105,90.44117647058823,1610612737,91,81,2024-11-18T00:50:03Z,5400000,False,202.0,154.0,1,right,MISS G. Mathews 25' 3PT,[1629726],22400239,1610612737,ATL,,,,Mathews,G. Mathews,,,,,Above the Break 3,24+ Right Center,25.43,Missed,,,,,,,,,,,,,,,,,,
553,PT11M40.00S,2024-11-18T00:54:07.6Z,4,REGULAR,freethrow,1 of 2,[],1630168,,,1610612737,94,82,2024-11-18T00:54:07Z,5500000,False,,,0,,O. Okongwu Free Throw 1 of 2 (8 PTS),[1630168],22400239,1610612737,ATL,,,,Okongwu,O. Okongwu,,,,,,,,Made,,,,,,,8.0,,,,,,,,,,,
554,PT11M40.00S,2024-11-18T00:54:08.2Z,4,REGULAR,substitution,out,[],1629726,,,1610612737,94,82,2024-11-18T00:54:14Z,5510000,False,,,0,,SUB out: G. Mathews,[1629726],22400239,1610612737,ATL,,,,Mathews,G. Mathews,,,,,,,,,,,,,,,,,,,,,,,,,,
555,PT11M40.00S,2024-11-18T00:54:08.2Z,4,REGULAR,substitution,in,[],1629027,,,1610612737,94,82,2024-11-18T00:54:14Z,5520000,False,,,0,,SUB in: T. Young,[1629027],22400239,1610612737,ATL,,,,Young,T. Young,,,,,,,,,,,,,,,,,,,,,,,,,,
556,PT11M40.00S,2024-11-18T00:54:28.2Z,4,REGULAR,freethrow,2 of 2,[],1630168,,,1610612737,94,83,2024-11-18T00:54:28Z,5530000,False,,,0,,O. Okongwu Free Throw 2 of 2 (9 PTS),[1630168],22400239,1610612737,ATL,,,,Okongwu,O. Okongwu,,,,,,,,Made,,,,,,,9.0,,,,,,,,,,,
559,PT11M30.00S,2024-11-18T00:54:46.0Z,4,REGULAR,foul,personal,['1freethrow'],1630811,,,1610612757,96,83,2024-11-18T00:54:52Z,5560000,False,,,0,,K. Wallace shooting personal FOUL (2 PF) (Williams III 1 FT),"[1630811, 1629057]",22400239,1610612737,ATL,shooting,,,Wallace,K. Wallace,,,,,Restricted Area,0-8 Center,,,,,,,,,,,,,202053.0,,2.0,0.0,Williams III,1629057.0,,
562,PT11M16.00S,2024-11-18T00:55:25.7Z,4,REGULAR,2pt,Hook,['pointsinthepaint'],1630168,96.45203679369251,51.00337009803921,1610612737,97,83,2024-11-18T00:55:34Z,5590000,False,5.0,-19.0,1,right,MISS O. Okongwu bank Hook,[1630168],22400239,1610612737,ATL,bank,,,Okongwu,O. Okongwu,,,,,In The Paint (Non-RA),0-8 Center,1.97,Missed,,,,,,,,,,,,,,,,,,
566,PT11M01.00S,2024-11-18T00:55:41.4Z,4,REGULAR,foul,personal,[],1630811,,,1610612757,97,83,2024-11-18T00:55:51Z,5630000,False,,,0,,K. Wallace personal FOUL (3 PF),"[1630811, 1629057]",22400239,1610612737,ATL,,,,Wallace,K. Wallace,,,,,Restricted Area,0-8 Center,,,,,,,,,,,,,201639.0,,3.0,0.0,Williams III,1629057.0,,
571,PT10M39.00S,2024-11-18T00:56:47.7Z,4,REGULAR,3pt,Jump Shot,['fromturnover'],1630249,66.04796320630749,27.696078431372552,1610612737,97,86,2024-11-18T00:56:52Z,5680000,False,-112.0,267.0,1,right,V. Krejčí 28' 3PT  (8 PTS) (O. Okongwu 2 AST),"[1630249, 1630168]",22400239,1610612737,ATL,,,,Krejčí,V. Krejčí,,,,,Above the Break 3,24+ Left Center,28.9,Made,,,,,,,8.0,O. Okongwu,1630168.0,2.0,,,,,,,,
578,PT10M05.00S,2024-11-18T01:00:17.5Z,4,REGULAR,2pt,Jump Shot,['pointsinthepaint'],1630552,91.80354796320631,44.6078431372549,1610612737,99,88,2024-11-18T03:02:10Z,5750000,False,-27.0,25.0,1,right,J. Johnson driving floating Jump Shot (19 PTS) (T. Young 5 AST),"[1630552, 1629027]",22400239,1610612737,ATL,driving floating,,,Johnson,J. Johnson,,,,,Restricted Area,0-8 Center,3.65,Made,,,,,,,19.0,T. Young,1629027.0,5.0,,,,,,,,
581,PT09M42.00S,2024-11-18T01:00:40.2Z,4,REGULAR,rebound,defensive,[],1630168,,,1610612737,99,88,2024-11-18T01:00:41Z,5780000,False,,,0,,O. Okongwu REBOUND (Off:0 Def:6),[1630168],22400239,1610612737,ATL,,,,Okongwu,O. Okongwu,,,,,Mid-Range,16-24 Right,,,,,580.0,6.0,6.0,0.0,,,,,,,,,,,,
582,PT09M38.00S,2024-11-18T01:00:44.6Z,4,REGULAR,2pt,Layup,"['fastbreak', 'pointsinthepaint']",1629027,91.5407358738502,53.18627450980392,1610612737,99,88,2024-11-18T03:02:54Z,5790000,False,16.0,27.0,1,right,MISS T. Young running Layup - blocked,"[1629027, 1630166]",22400239,1610612737,ATL,running,,,Young,T. Young,,,,,Restricted Area,0-8 Center,3.13,Missed,Avdija,1630166.0,,,,,,,,,,,,,,,,
584,PT09M38.00S,2024-11-18T01:00:44.6Z,4,REGULAR,rebound,offensive,['team'],0,,,1610612737,99,88,2024-11-18T01:01:18Z,5810000,False,,,0,,TEAM offensive REBOUND,[],22400239,1610612737,ATL,,,,,,,,,,Restricted Area,0-8 Center,,,,,582.0,,,,,,,,,,,,,,,
591,PT09M38.00S,2024-11-18T01:00:48.7Z,4,REGULAR,substitution,in,[],1630700,,,1610612737,99,88,2024-11-18T01:01:04Z,5880000,False,,,0,,SUB in: D. Daniels,[1630700],22400239,1610612737,ATL,,,,Daniels,D. Daniels,,,,,,,,,,,,,,,,,,,,,,,,,,
588,PT09M38.00S,2024-11-18T01:00:48.7Z,4,REGULAR,substitution,out,[],1630249,,,1610612737,99,88,2024-11-18T01:01:04Z,5850000,False,,,0,,SUB out: V. Krejčí,[1630249],22400239,1610612737,ATL,,,,Krejčí,V. Krejčí,,,,,,,,,,,,,,,,,,,,,,,,,,
592,PT09M34.00S,2024-11-18T01:01:16.5Z,4,REGULAR,3pt,Jump Shot,['2ndchance'],1630811,89.83245729303549,95.58823529411765,1610612737,99,88,2024-11-18T01:01:23Z,5890000,False,228.0,43.0,1,right,MISS K. Wallace 3PT,[1630811],22400239,1610612737,ATL,,,,Wallace,K. Wallace,,,,,Right Corner 3,24+ Right,23.19,Missed,,,,,,,,,,,,,,,,,,
598,PT09M20.00S,2024-11-18T01:01:31.2Z,4,REGULAR,rebound,defensive,['team'],0,,,1610612737,99,88,2024-11-18T01:04:13Z,5920000,False,,,0,,TEAM defensive REBOUND,[],22400239,1610612737,ATL,,,,,,,,,,Restricted Area,0-8 Center,,,,,594.0,,,,,,,,,,,,,,,
595,PT09M20.00S,2024-11-18T01:02:07.5Z,4,REGULAR,jumpball,recovered,[],1630700,,,1610612737,99,88,2024-11-18T01:02:07Z,5930000,False,,,0,,Jump Ball K. Wallace vs. D. Clingan: Tip to D. Daniels,"[1630700, 1630811, 1642270]",22400239,1610612737,ATL,heldball,D. Daniels,1630700.0,Daniels,D. Daniels,Wallace,1630811.0,Clingan,1642270.0,,,,,,,,,,,,,,,,,,,,,,
599,PT09M16.00S,2024-11-18T01:02:12.7Z,4,REGULAR,2pt,Jump Shot,['fastbreak'],1629027,91.14651773981603,23.284313725490197,1610612737,99,90,2024-11-18T01:02:33Z,5960000,False,-134.0,31.0,1,right,T. Young 13' running pullup Jump Shot (17 PTS),[1629027],22400239,1610612737,ATL,running pullup,,,Young,T. Young,,,,,Mid-Range,8-16 Left,13.71,Made,,,,,,,17.0,,,,,,,,,,,
608,PT08M32.00S,2024-11-18T01:04:09.3Z,4,REGULAR,rebound,defensive,[],1630811,,,1610612737,99,90,2024-11-18T01:04:13Z,6050000,False,,,0,,K. Wallace REBOUND (Off:0 Def:1),[1630811],22400239,1610612737,ATL,,,,Wallace,K. Wallace,,,,,Above the Break 3,24+ Left Center,,,,,607.0,1.0,1.0,0.0,,,,,,,,,,,,
609,PT08M24.00S,2024-11-18T01:04:16.7Z,4,REGULAR,2pt,DUNK,['pointsinthepaint'],1630168,93.38042049934296,47.30392156862745,1610612737,99,90,2024-11-18T01:04:20Z,6060000,False,-13.0,10.0,1,right,MISS O. Okongwu cutting DUNK - blocked,"[1630168, 1630703]",22400239,1610612737,ATL,cutting,,,Okongwu,O. Okongwu,,,,,Restricted Area,0-8 Center,1.66,Missed,Henderson,1630703.0,,,,,,,,,,,,,,,,
613,PT07M58.00S,2024-11-18T01:04:56.3Z,4,REGULAR,3pt,Jump Shot,['fromturnover'],1630700,82.47371879106439,5.147058823529411,1610612737,99,90,2024-11-18T01:05:03Z,6100000,False,-224.0,112.0,1,right,MISS D. Daniels 25' pullup 3PT,[1630700],22400239,1610612737,ATL,pullup,,,Daniels,D. Daniels,,,,,Above the Break 3,24+ Left Center,25.08,Missed,,,,,,,,,,,,,,,,,,
616,PT07M41.00S,2024-11-18T01:05:13.5Z,4,REGULAR,rebound,defensive,[],1630700,,,1610612737,99,90,2024-11-18T01:05:14Z,6130000,False,,,0,,D. Daniels REBOUND (Off:3 Def:3),[1630700],22400239,1610612737,ATL,,,,Daniels,D. Daniels,,,,,Right Corner 3,24+ Right,,,,,615.0,6.0,3.0,3.0,,,,,,,,,,,,
617,PT07M31.00S,2024-11-18T01:05:23.8Z,4,REGULAR,2pt,Layup,['pointsinthepaint'],1630168,95.0886990801577,52.94117647058824,1610612737,99,92,2024-11-18T01:05:27Z,6140000,False,15.0,-6.0,1,right,O. Okongwu Layup (11 PTS) (T. Young 6 AST),"[1630168, 1629027]",22400239,1610612737,ATL,,,,Okongwu,O. Okongwu,,,,,Restricted Area,0-8 Center,1.6,Made,,,,,,,11.0,T. Young,1629027.0,6.0,,,,,,,,
620,PT07M02.00S,2024-11-18T01:05:52.0Z,4,REGULAR,rebound,defensive,[],1629027,,,1610612737,99,92,2024-11-18T01:05:52Z,6170000,False,,,0,,T. Young REBOUND (Off:1 Def:3),[1629027],22400239,1610612737,ATL,,,,Young,T. Young,,,,,Right Corner 3,24+ Right,,,,,619.0,4.0,3.0,1.0,,,,,,,,,,,,
621,PT06M56.00S,2024-11-18T01:05:57.3Z,4,REGULAR,2pt,DUNK,"['pointsinthepaint', 'fastbreak']",1630552,94.30026281208936,49.50980392156863,1610612737,99,94,2024-11-18T01:06:03Z,6180000,False,-2.0,1.0,1,right,J. Johnson running DUNK (21 PTS),[1630552],22400239,1610612737,ATL,running,,,Johnson,J. Johnson,,,,,Restricted Area,0-8 Center,0.27,Made,,,,,,,21.0,,,,,,,,,,,
626,PT06M27.00S,2024-11-18T01:06:27.7Z,4,REGULAR,steal,,[],1630811,,,1610612737,99,94,2024-11-18T01:06:29Z,6230000,False,,,0,,K. Wallace STEAL (1 STL),[1630811],22400239,1610612737,ATL,,,,Wallace,K. Wallace,,,,,Above the Break 3,24+ Center,,,,,,,,,,,,,,,,,,,,
627,PT06M21.00S,2024-11-18T01:06:33.2Z,4,REGULAR,2pt,Layup,"['pointsinthepaint', 'fromturnover', 'fastbreak']",1630552,92.59198423127464,50.0,1610612737,99,96,2024-11-18T01:06:42Z,6240000,False,0.0,17.0,1,right,J. Johnson running finger roll Layup (23 PTS) (T. Young 7 AST),"[1630552, 1629027]",22400239,1610612737,ATL,running finger roll,,,Johnson,J. Johnson,,,,,Restricted Area,0-8 Center,1.71,Made,,,,,,,23.0,T. Young,1629027.0,7.0,,,,,,,,
630,PT06M00.00S,2024-11-18T01:06:53.2Z,4,REGULAR,rebound,defensive,[],1630168,,,1610612737,99,96,2024-11-18T01:06:57Z,6270000,False,,,0,,O. Okongwu REBOUND (Off:0 Def:7),[1630168],22400239,1610612737,ATL,,,,Okongwu,O. Okongwu,,,,,Above the Break 3,24+ Center,,,,,629.0,7.0,7.0,0.0,,,,,,,,,,,,
633,PT05M57.00S,2024-11-18T01:07:26.7Z,4,REGULAR,timeout,full,"['team', 'mandatory']",0,,,1610612737,99,96,2024-11-18T01:07:26Z,6300000,False,,,0,,ATL Timeout,[],22400239,1610612737,ATL,,,,,,,,,,,,,,,,,,,,,,,,,,,,,,,
640,PT05M47.00S,2024-11-18T01:10:21.6Z,4,REGULAR,3pt,Jump Shot,[],1629027,89.43823915900131,94.36274509803921,1610612737,99,96,2024-11-18T01:10:27Z,6370000,False,222.0,47.0,1,right,MISS T. Young step back 3PT,[1629027],22400239,1610612737,ATL,step back,,,Young,T. Young,,,,,Right Corner 3,24+ Right,22.67,Missed,,,,,,,,,,,,,,,,,,
641,PT05M44.00S,2024-11-18T01:10:24.6Z,4,REGULAR,rebound,offensive,[],1630700,,,1610612737,99,96,2024-11-18T01:10:27Z,6380000,False,,,0,,D. Daniels REBOUND (Off:4 Def:3),[1630700],22400239,1610612737,ATL,,,,Daniels,D. Daniels,,,,,Right Corner 3,24+ Right,,,,,640.0,7.0,3.0,4.0,,,,,,,,,,,,
642,PT05M39.00S,2024-11-18T01:10:29.8Z,4,REGULAR,2pt,Jump Shot,"['pointsinthepaint', '2ndchance']",1630700,87.99277266754271,37.00980392156863,1610612737,99,96,2024-11-18T01:10:35Z,6390000,False,-65.0,60.0,1,right,MISS D. Daniels 8' driving floating bank Shot,[1630700],22400239,1610612737,ATL,driving floating bank,,,Daniels,D. Daniels,,,,,In The Paint (Non-RA),8-16 Left,8.87,Missed,,,,,,,,,,,,,,,,,,
643,PT05M37.00S,2024-11-18T01:10:31.8Z,4,REGULAR,rebound,offensive,[],1630168,,,1610612737,99,96,2024-11-18T01:10:35Z,6400000,False,,,0,,O. Okongwu REBOUND (Off:1 Def:7),[1630168],22400239,1610612737,ATL,,,,Okongwu,O. Okongwu,,,,,In The Paint (Non-RA),8-16 Left,,,,,642.0,8.0,7.0,1.0,,,,,,,,,,,,
644,PT05M37.00S,2024-11-18T01:10:32.2Z,4,REGULAR,2pt,Layup,"['pointsinthepaint', '2ndchance']",1630168,94.40999984741211,50.0,1610612737,99,96,2024-11-18T01:10:32Z,6410000,False,0.0,0.0,1,right,MISS O. Okongwu tip Layup,[1630168],22400239,1610612737,ATL,tip,,,Okongwu,O. Okongwu,,,,,Mid-Range,8-16 Left,0.0,Missed,,,,,,,,,,,,,,,,,,
645,PT05M36.00S,2024-11-18T01:10:32.9Z,4,REGULAR,rebound,offensive,[],1630700,,,1610612737,99,96,2024-11-18T01:10:32Z,6420000,False,,,0,,D. Daniels REBOUND (Off:5 Def:3),[1630700],22400239,1610612737,ATL,,,,Daniels,D. Daniels,,,,,Mid-Range,8-16 Left,,,,,644.0,8.0,3.0,5.0,,,,,,,,,,,,
646,PT05M34.00S,2024-11-18T01:10:35.0Z,4,REGULAR,3pt,Jump Shot,['2ndchance'],1629027,92.85479632063075,95.83333333333334,1610612737,99,99,2024-11-18T01:10:39Z,6430000,False,229.0,15.0,1,right,T. Young 3PT  (20 PTS) (D. Daniels 4 AST),"[1629027, 1630700]",22400239,1610612737,ATL,,,,Young,T. Young,,,,,Right Corner 3,24+ Right,22.97,Made,,,,,,,20.0,D. Daniels,1630700.0,4.0,,,,,,,,
651,PT05M01.00S,2024-11-18T01:11:20.3Z,4,REGULAR,3pt,Jump Shot,['fromturnover'],1630811,63.81406044678055,48.03921568627451,1610612737,99,99,2024-11-18T01:11:25Z,6480000,False,-10.0,288.0,1,right,MISS K. Wallace 28' 3PT,[1630811],22400239,1610612737,ATL,,,,Wallace,K. Wallace,,,,,Above the Break 3,24+ Center,28.78,Missed,,,,,,,,,,,,,,,,,,
654,PT04M50.00S,2024-11-18T01:11:40.7Z,4,REGULAR,substitution,out,[],1630811,,,1610612757,99,99,2024-11-18T01:11:50Z,6510000,False,,,0,,SUB out: K. Wallace,[1630811],22400239,1610612737,ATL,,,,Wallace,K. Wallace,,,,,,,,,,,,,,,,,,,,,,,,,,
655,PT04M50.00S,2024-11-18T01:11:40.7Z,4,REGULAR,substitution,in,[],1630249,,,1610612757,99,99,2024-11-18T01:11:50Z,6520000,False,,,0,,SUB in: V. Krejčí,[1630249],22400239,1610612737,ATL,,,,Krejčí,V. Krejčí,,,,,,,,,,,,,,,,,,,,,,,,,,
682,PT04M23.00S,2024-11-18T01:12:17.4Z,4,REGULAR,turnover,out-of-bounds,[],1630552,,,1610612737,101,99,2024-11-18T03:07:46Z,6545000,False,,,0,,J. Johnson bad pass out-of-bounds TURNOVER (7 TO),[1630552],22400239,1610612737,ATL,bad pass,,,Johnson,J. Johnson,,,,,Restricted Area,0-8 Center,,,,,,,,,,,,,101283.0,7.0,,,,,,
660,PT04M12.00S,2024-11-18T01:13:15.6Z,4,REGULAR,timeout,challenge,['team'],0,,,1610612737,101,99,2024-11-18T01:15:31Z,6570000,False,,,0,,ATL Timeout,[],22400239,1610612737,ATL,,,,,,,,,,,,,,,,,,,,,,,,,,,,,,,
662,PT03M59.00S,2024-11-18T01:15:53.4Z,4,REGULAR,3pt,Jump Shot,['fromturnover'],1629027,63.41984231274639,50.245098039215684,1610612737,101,102,2024-11-18T01:18:04Z,6590000,False,1.0,291.0,1,right,T. Young 29' 3PT  (23 PTS) (V. Krejčí 3 AST),"[1629027, 1630249]",22400239,1610612737,ATL,,,,Young,T. Young,,,,,Above the Break 3,24+ Center,29.14,Made,,,,,,,23.0,V. Krejčí,1630249.0,3.0,,,,,,,,
664,PT03M39.00S,2024-11-18T01:16:19.0Z,4,REGULAR,foul,personal,[],1630249,,,1610612757,101,102,2024-11-18T01:16:49Z,6610000,False,,,0,,V. Krejčí personal FOUL (3 PF),"[1630249, 1631101]",22400239,1610612737,ATL,,,,Krejčí,V. Krejčí,,,,,Above the Break 3,24+ Center,,,,,,,,,,,,,101283.0,,3.0,0.0,Sharpe,1631101.0,,
667,PT03M21.00S,2024-11-18T01:16:58.2Z,4,REGULAR,rebound,defensive,[],1630168,,,1610612737,101,102,2024-11-18T01:16:59Z,6640000,False,,,0,,O. Okongwu REBOUND (Off:1 Def:8),[1630168],22400239,1610612737,ATL,,,,Okongwu,O. Okongwu,,,,,Above the Break 3,24+ Right Center,,,,,666.0,9.0,8.0,1.0,,,,,,,,,,,,
668,PT03M10.00S,2024-11-18T01:17:08.4Z,4,REGULAR,2pt,Jump Shot,['pointsinthepaint'],1630700,93.38042049934296,46.32352941176471,1610612737,101,102,2024-11-18T01:17:19Z,6650000,False,-18.0,10.0,1,right,MISS D. Daniels driving floating Shot,[1630700],22400239,1610612737,ATL,driving floating,,,Daniels,D. Daniels,,,,,Restricted Area,0-8 Center,2.08,Missed,,,,,,,,,,,,,,,,,,
669,PT03M08.00S,2024-11-18T01:17:10.4Z,4,REGULAR,rebound,offensive,[],1630168,,,1610612737,101,102,2024-11-18T01:17:19Z,6660000,False,,,0,,O. Okongwu REBOUND (Off:2 Def:8),[1630168],22400239,1610612737,ATL,,,,Okongwu,O. Okongwu,,,,,Restricted Area,0-8 Center,,,,,668.0,10.0,8.0,2.0,,,,,,,,,,,,
670,PT03M08.00S,2024-11-18T01:17:10.8Z,4,REGULAR,2pt,Layup,"['2ndchance', 'pointsinthepaint']",1630168,94.40999984741211,50.0,1610612737,101,102,2024-11-18T01:18:38Z,6670000,False,0.0,0.0,1,right,MISS O. Okongwu tip Layup,[1630168],22400239,1610612737,ATL,tip,,,Okongwu,O. Okongwu,,,,,Restricted Area,0-8 Center,0.0,Missed,,,,,,,,,,,,,,,,,,
673,PT02M51.00S,2024-11-18T01:17:28.3Z,4,REGULAR,rebound,defensive,[],1629027,,,1610612737,101,102,2024-11-18T01:17:31Z,6700000,False,,,0,,T. Young REBOUND (Off:1 Def:4),[1629027],22400239,1610612737,ATL,,,,Young,T. Young,,,,,Above the Break 3,24+ Left Center,,,,,672.0,5.0,4.0,1.0,,,,,,,,,,,,
677,PT02M48.00S,2024-11-18T01:18:07.5Z,4,REGULAR,freethrow,1 of 2,['fastbreak'],1629027,,,1610612737,101,103,2024-11-18T01:18:07Z,6730000,False,,,0,,T. Young Free Throw 1 of 2 (24 PTS),[1629027],22400239,1610612737,ATL,,,,Young,T. Young,,,,,,,,Made,,,,,,,24.0,,,,,,,,,,,
678,PT02M48.00S,2024-11-18T01:18:26.2Z,4,REGULAR,freethrow,2 of 2,['fastbreak'],1629027,,,1610612737,101,104,2024-11-18T01:18:26Z,6740000,False,,,0,,T. Young Free Throw 2 of 2 (25 PTS),[1629027],22400239,1610612737,ATL,,,,Young,T. Young,,,,,,,,Made,,,,,,,25.0,,,,,,,,,,,
685,PT02M13.00S,2024-11-18T01:20:41.5Z,4,REGULAR,2pt,Layup,['pointsinthepaint'],1630552,94.82588699080158,47.549019607843135,1610612737,103,106,2024-11-18T01:20:46Z,6800000,False,-12.0,-4.0,1,right,J. Johnson driving Layup (25 PTS) (T. Young 8 AST),"[1630552, 1629027]",22400239,1610612737,ATL,driving,,,Johnson,J. Johnson,,,,,Restricted Area,0-8 Center,1.29,Made,,,,,,,25.0,T. Young,1629027.0,8.0,,,,,,,,
696,PT01M30.00S,2024-11-18T01:25:41.1Z,4,REGULAR,freethrow,1 of 3,[],1629027,,,1610612737,105,107,2024-11-18T01:25:41Z,6910000,False,,,0,,T. Young Free Throw 1 of 3 (26 PTS),[1629027],22400239,1610612737,ATL,,,,Young,T. Young,,,,,,,,Made,,,,,,,26.0,,,,,,,,,,,
699,PT01M30.00S,2024-11-18T01:25:50.7Z,4,REGULAR,freethrow,2 of 3,[],1629027,,,1610612737,105,107,2024-11-18T01:25:50Z,6920000,False,,,0,,MISS T. Young Free Throw 2 of 3,[1629027],22400239,1610612737,ATL,,,,Young,T. Young,,,,,,,,Missed,,,,,,,,,,,,,,,,,,
700,PT01M30.00S,2024-11-18T01:25:50.7Z,4,REGULAR,rebound,offensive,"['deadball', 'team']",0,,,1610612737,105,107,2024-11-18T01:25:50Z,6930000,False,,,0,,TEAM offensive REBOUND,[],22400239,1610612737,ATL,,,,,,,,,,,,,,,,699.0,,,,,,,,,,,,,,,
701,PT01M30.00S,2024-11-18T01:26:03.0Z,4,REGULAR,freethrow,3 of 3,[],1629027,,,1610612737,105,108,2024-11-18T01:26:03Z,6940000,False,,,0,,T. Young Free Throw 3 of 3 (27 PTS),[1629027],22400239,1610612737,ATL,,,,Young,T. Young,,,,,,,,Made,,,,,,,27.0,,,,,,,,,,,
702,PT01M20.00S,2024-11-18T01:26:17.3Z,4,REGULAR,foul,personal,['2freethrow'],1630168,,,1610612757,105,108,2024-11-18T01:26:29Z,6950000,False,,,0,,O. Okongwu shooting personal FOUL (2 PF) (Sharpe 2 FT),"[1630168, 1631101]",22400239,1610612737,ATL,shooting,,,Okongwu,O. Okongwu,,,,,In The Paint (Non-RA),0-8 Center,,,,,,,,,,,,,202053.0,,2.0,0.0,Sharpe,1631101.0,,
710,PT00M51.50S,2024-11-18T01:28:32.0Z,4,REGULAR,2pt,Jump Shot,['pointsinthepaint'],1630700,88.38699080157687,36.51960784313725,1610612737,109,108,2024-11-18T03:15:55Z,7030000,False,-67.0,57.0,1,right,MISS D. Daniels 8' driving floating Shot,[1630700],22400239,1610612737,ATL,driving floating,,,Daniels,D. Daniels,,,,,In The Paint (Non-RA),8-16 Left,8.81,Missed,,,,,,,,,,,,,,,,,,
711,PT00M49.50S,2024-11-18T01:28:34.0Z,4,REGULAR,rebound,offensive,[],1630249,,,1610612737,109,108,2024-11-18T03:15:55Z,7040000,False,,,0,,V. Krejčí REBOUND (Off:1 Def:1),[1630249],22400239,1610612737,ATL,,,,Krejčí,V. Krejčí,,,,,In The Paint (Non-RA),8-16 Left,,,,,710.0,2.0,1.0,1.0,,,,,,,,,,,,
714,PT00M49.50S,2024-11-18T01:28:36.2Z,4,REGULAR,rebound,offensive,['team'],0,,,1610612737,109,108,2024-11-18T01:28:42Z,7070000,False,,,0,,TEAM offensive REBOUND,[],22400239,1610612737,ATL,,,,,,,,,,Restricted Area,0-8 Center,,,,,712.0,,,,,,,,,,,,,,,
712,PT00M49.50S,2024-11-18T01:28:36.2Z,4,REGULAR,2pt,Layup,"['pointsinthepaint', '2ndchance']",1630249,93.38042049934296,50.98039215686274,1610612737,109,108,2024-11-18T01:28:42Z,7050000,False,5.0,10.0,1,right,MISS V. Krejčí putback Layup - blocked,"[1630249, 203924]",22400239,1610612737,ATL,putback,,,Krejčí,V. Krejčí,,,,,Restricted Area,0-8 Center,1.09,Missed,Grant,203924.0,,,,,,,,,,,,,,,,
716,PT00M40.90S,2024-11-18T01:29:01.7Z,4,REGULAR,turnover,bad pass,[],1630700,,,1610612737,109,108,2024-11-18T01:29:06Z,7090000,False,,,0,,D. Daniels bad pass TURNOVER (6 TO),"[1630700, 1631101]",22400239,1610612737,ATL,,,,Daniels,D. Daniels,,,,,Mid-Range,16-24 Right Center,,,,,,,,,,,,,,6.0,,,,,Sharpe,1631101.0
719,PT00M18.20S,2024-11-18T01:29:31.8Z,4,REGULAR,foul,personal,"['inpenalty', '2freethrow']",1630168,,,1610612757,109,108,2024-11-18T01:29:36Z,7120000,False,,,0,,O. Okongwu shooting personal FOUL (3 PF) (Sharpe 2 FT),"[1630168, 1631101]",22400239,1610612737,ATL,shooting,,,Okongwu,O. Okongwu,,,,,Restricted Area,0-8 Center,,,,,,,,,,,,,101283.0,,3.0,0.0,Sharpe,1631101.0,,
722,PT00M18.20S,2024-11-18T01:30:01.7Z,4,REGULAR,substitution,out,[],1630168,,,1610612757,110,108,2024-11-18T01:30:07Z,7150000,False,,,0,,SUB out: O. Okongwu,[1630168],22400239,1610612737,ATL,,,,Okongwu,O. Okongwu,,,,,,,,,,,,,,,,,,,,,,,,,,
723,PT00M18.20S,2024-11-18T01:30:01.7Z,4,REGULAR,substitution,in,[],203991,,,1610612757,110,108,2024-11-18T01:30:07Z,7160000,False,,,0,,SUB in: C. Capela,[203991],22400239,1610612737,ATL,,,,Capela,C. Capela,,,,,,,,,,,,,,,,,,,,,,,,,,
725,PT00M18.20S,2024-11-18T01:30:25.3Z,4,REGULAR,timeout,full,['team'],0,,,1610612737,111,108,2024-11-18T01:30:25Z,7180000,False,,,0,,ATL Timeout,[],22400239,1610612737,ATL,,,,,,,,,,,,,,,,,,,,,,,,,,,,,,,
727,PT00M18.20S,2024-11-18T01:31:21.5Z,4,REGULAR,substitution,in,[],1630168,,,1610612737,111,108,2024-11-18T01:32:03Z,7200000,False,,,0,,SUB in: O. Okongwu,[1630168],22400239,1610612737,ATL,,,,Okongwu,O. Okongwu,,,,,,,,,,,,,,,,,,,,,,,,,,
726,PT00M18.20S,2024-11-18T01:31:21.5Z,4,REGULAR,substitution,out,[],203991,,,1610612737,111,108,2024-11-18T01:32:03Z,7190000,False,,,0,,SUB out: C. Capela,[203991],22400239,1610612737,ATL,,,,Capela,C. Capela,,,,,,,,,,,,,,,,,,,,,,,,,,
728,PT00M15.00S,2024-11-18T01:32:18.7Z,4,REGULAR,2pt,Layup,['pointsinthepaint'],1629027,92.32917214191852,50.98039215686274,1610612737,111,110,2024-11-18T01:32:39Z,7210000,False,5.0,20.0,1,right,T. Young cutting Layup (29 PTS) (O. Okongwu 3 AST),"[1629027, 1630168]",22400239,1610612737,ATL,cutting,,,Young,T. Young,,,,,Restricted Area,0-8 Center,2.02,Made,,,,,,,29.0,O. Okongwu,1630168.0,3.0,,,,,,,,
731,PT00M11.60S,2024-11-18T01:32:38.5Z,4,REGULAR,foul,personal,"['inpenalty', '2freethrow']",1630168,,,1610612757,111,110,2024-11-18T01:32:47Z,7240000,False,,,0,,O. Okongwu shooting personal FOUL (4 PF) (Sharpe 2 FT),"[1630168, 1631101]",22400239,1610612737,ATL,shooting,,,Okongwu,O. Okongwu,,,,,Restricted Area,0-8 Center,,,,,,,,,,,,,201639.0,,4.0,0.0,Sharpe,1631101.0,,
735,PT00M11.60S,2024-11-18T01:33:18.3Z,4,REGULAR,substitution,in,[],203991,,,1610612757,112,110,2024-11-18T01:33:22Z,7280000,False,,,0,,SUB in: C. Capela,[203991],22400239,1610612737,ATL,,,,Capela,C. Capela,,,,,,,,,,,,,,,,,,,,,,,,,,
740,PT00M11.60S,2024-11-18T01:33:18.3Z,4,REGULAR,substitution,out,[],1629027,,,1610612757,112,110,2024-11-18T01:34:39Z,7287500,False,,,0,,SUB out: T. Young,[1629027],22400239,1610612737,ATL,,,,Young,T. Young,,,,,,,,,,,,,,,,,,,,,,,,,,
737,PT00M09.90S,2024-11-18T01:33:18.3Z,4,REGULAR,rebound,defensive,[],1630168,,,1610612737,112,110,2024-11-18T01:33:53Z,7300000,False,,,0,,O. Okongwu REBOUND (Off:2 Def:9),[1630168],22400239,1610612737,ATL,,,,Okongwu,O. Okongwu,,,,,,,,,,,736.0,11.0,9.0,2.0,,,,,,,,,,,,
739,PT00M09.90S,2024-11-18T01:34:19.6Z,4,REGULAR,timeout,full,['team'],0,,,1610612737,112,110,2024-11-18T01:34:19Z,7310000,False,,,0,,ATL Timeout,[],22400239,1610612737,ATL,,,,,,,,,,,,,,,,,,,,,,,,,,,,,,,
742,PT00M09.90S,2024-11-18T01:34:45.3Z,4,REGULAR,substitution,in,[],1629027,,,1610612737,112,110,2024-11-18T01:35:13Z,7330000,False,,,0,,SUB in: T. Young,[1629027],22400239,1610612737,ATL,,,,Young,T. Young,,,,,,,,,,,,,,,,,,,,,,,,,,
741,PT00M09.90S,2024-11-18T01:34:45.3Z,4,REGULAR,substitution,out,[],203991,,,1610612737,112,110,2024-11-18T01:35:13Z,7320000,False,,,0,,SUB out: C. Capela,[203991],22400239,1610612737,ATL,,,,Capela,C. Capela,,,,,,,,,,,,,,,,,,,,,,,,,,
743,PT00M01.40S,2024-11-18T01:35:37.3Z,4,REGULAR,turnover,bad pass,[],1629027,,,1610612737,112,110,2024-11-18T01:35:41Z,7340000,False,,,0,,T. Young bad pass TURNOVER (6 TO),"[1629027, 1631101]",22400239,1610612737,ATL,,,,Young,T. Young,,,,,Above the Break 3,24+ Right Center,,,,,,,,,,,,,,6.0,,,,,Sharpe,1631101.0
745,PT00M01.30S,2024-11-18T01:35:40.2Z,4,REGULAR,foul,personal,"['inpenalty', '2freethrow']",1629027,,,1610612757,112,110,2024-11-18T01:35:57Z,7360000,False,,,0,,T. Young take personal FOUL (2 PF) (Sharpe 2 FT),"[1629027, 1631101]",22400239,1610612737,ATL,take,,,Young,T. Young,,,,,Above the Break 3,24+ Center,,,,,,,,,,,,,202053.0,,2.0,0.0,Sharpe,1631101.0,,
8,PT11M32.00S,2025-02-06T00:14:15.5Z,1,REGULAR,rebound,defensive,[],1642258,,,1610612737,0,0,2025-02-06T00:14:16Z,80000,False,,,0,,Z. Risacher REBOUND (Off:0 Def:1),[1642258],22400719,1610612737,ATL,,,,Risacher,Z. Risacher,,,,,In The Paint (Non-RA),8-16 Center,,,,,7.0,1.0,1.0,0.0,,,,,,,,,,,,
9,PT11M23.00S,2025-02-06T00:14:24.5Z,1,REGULAR,turnover,bad pass,[],1629027,,,1610612737,0,0,2025-02-06T00:14:30Z,90000,False,,,0,,T. Young bad pass TURNOVER (1 TO),"[1629027, 203084]",22400719,1610612737,ATL,,,,Young,T. Young,,,,,Mid-Range,16-24 Left Center,,,,,,,,,,,,,,1.0,,,,,Barnes,203084.0
13,PT10M59.00S,2025-02-06T00:14:48.1Z,1,REGULAR,3pt,Jump Shot,[],1629631,27.414586070959263,24.019607843137255,1610612737,3,2,2025-02-06T00:14:53Z,130000,False,130.0,205.0,1,left,D. Hunter 24' 3PT  (3 PTS) (T. Young 1 AST),"[1629631, 1629027]",22400719,1610612737,ATL,,,,Hunter,D. Hunter,,,,,Above the Break 3,24+ Right Center,24.29,Made,,,,,,,3.0,T. Young,1629027.0,1.0,,,,,,,,
18,PT10M17.00S,2025-02-06T00:15:45.4Z,1,REGULAR,3pt,Jump Shot,[],1642258,23.73521681997372,13.725490196078432,1610612737,3,4,2025-02-06T00:15:51Z,180000,False,181.0,171.0,1,left,MISS Z. Risacher 24' 3PT,[1642258],22400719,1610612737,ATL,,,,Risacher,Z. Risacher,,,,,Above the Break 3,24+ Right Center,24.9,Missed,,,,,,,,,,,,,,,,,,
22,PT09M53.00S,2025-02-06T00:16:08.9Z,1,REGULAR,3pt,Jump Shot,[],1642258,4.418528252299605,4.411764705882353,1610612737,3,7,2025-02-06T00:16:15Z,220000,False,228.0,-11.0,1,left,MISS Z. Risacher 3PT,[1642258],22400719,1610612737,ATL,,,,Risacher,Z. Risacher,,,,,Right Corner 3,24+ Right,22.82,Missed,,,,,,,,,,,,,,,,,,
25,PT09M44.00S,2025-02-06T00:16:19.3Z,1,REGULAR,rebound,defensive,[],1629027,,,1610612737,3,7,2025-02-06T00:16:22Z,250000,False,,,0,,T. Young REBOUND (Off:0 Def:1),[1629027],22400719,1610612737,ATL,,,,Young,T. Young,,,,,Above the Break 3,24+ Right Center,,,,,24.0,1.0,1.0,0.0,,,,,,,,,,,,
26,PT09M31.00S,2025-02-06T00:16:31.9Z,1,REGULAR,3pt,Jump Shot,[],1630168,7.835085413929041,4.411764705882353,1610612737,6,7,2025-02-06T00:16:36Z,260000,False,228.0,21.0,1,left,O. Okongwu 3PT  (3 PTS) (D. Daniels 1 AST),"[1630168, 1630700]",22400719,1610612737,ATL,,,,Okongwu,O. Okongwu,,,,,Right Corner 3,24+ Right,22.89,Made,,,,,,,3.0,D. Daniels,1630700.0,1.0,,,,,,,,
29,PT09M07.00S,2025-02-06T00:16:56.0Z,1,REGULAR,rebound,defensive,[],1630700,,,1610612737,6,7,2025-02-06T00:16:58Z,290000,False,,,0,,D. Daniels REBOUND (Off:0 Def:1),[1630700],22400719,1610612737,ATL,,,,Daniels,D. Daniels,,,,,In The Paint (Non-RA),0-8 Center,,,,,28.0,1.0,1.0,0.0,,,,,,,,,,,,
30,PT08M57.00S,2025-02-06T00:17:02.2Z,1,REGULAR,2pt,Jump Shot,['pointsinthepaint'],1630700,16.90210249671485,56.372549019607845,1610612737,8,7,2025-02-06T00:17:31Z,300000,False,-32.0,106.0,1,left,D. Daniels 11' floating Jump Shot (2 PTS) (O. Okongwu 1 AST),"[1630700, 1630168]",22400719,1610612737,ATL,floating,,,Daniels,D. Daniels,,,,,In The Paint (Non-RA),8-16 Center,11.11,Made,,,,,,,2.0,O. Okongwu,1630168.0,1.0,,,,,,,,
34,PT08M25.00S,2025-02-06T00:17:37.4Z,1,REGULAR,3pt,Jump Shot,[],1630700,9.674770039421814,3.9215686274509802,1610612737,11,10,2025-02-06T00:17:43Z,340000,False,230.0,38.0,1,left,D. Daniels 3PT  (5 PTS) (O. Okongwu 2 AST),"[1630700, 1630168]",22400719,1610612737,ATL,,,,Daniels,D. Daniels,,,,,Right Corner 3,24+ Right,23.36,Made,,,,,,,5.0,O. Okongwu,1630168.0,2.0,,,,,,,,
38,PT08M05.00S,2025-02-06T00:17:57.1Z,1,REGULAR,3pt,Jump Shot,[],1629631,8.623521681997373,2.941176470588235,1610612737,14,12,2025-02-06T00:18:01Z,380000,False,235.0,29.0,1,left,D. Hunter 3PT  (6 PTS) (O. Okongwu 3 AST),"[1629631, 1630168]",22400719,1610612737,ATL,,,,Hunter,D. Hunter,,,,,Right Corner 3,24+ Right,23.7,Made,,,,,,,6.0,O. Okongwu,1630168.0,3.0,,,,,,,,
42,PT07M51.00S,2025-02-06T00:21:48.8Z,1,REGULAR,rebound,defensive,['team'],0,,,1610612737,14,12,2025-02-06T00:22:07Z,420000,False,,,0,,TEAM defensive REBOUND,[],22400719,1610612737,ATL,,,,,,,,,,Restricted Area,0-8 Center,,,,,41.0,,,,,,,,,,,,,,,
45,PT07M39.00S,2025-02-06T00:22:09.7Z,1,REGULAR,turnover,bad pass,[],1629027,,,1610612737,14,12,2025-02-06T00:22:13Z,450000,False,,,0,,T. Young bad pass TURNOVER (2 TO),"[1629027, 1630170]",22400719,1610612737,ATL,,,,Young,T. Young,,,,,Mid-Range,8-16 Left,,,,,,,,,,,,,,2.0,,,,,Vassell,1630170.0
49,PT07M20.00S,2025-02-06T00:22:28.1Z,1,REGULAR,2pt,Jump Shot,['pointsinthepaint'],1629027,14.14257555847569,46.32352941176471,1610612737,14,15,2025-02-06T00:22:33Z,490000,False,18.0,80.0,1,left,MISS T. Young 8' driving floating Shot,[1629027],22400719,1610612737,ATL,driving floating,,,Young,T. Young,,,,,In The Paint (Non-RA),8-16 Center,8.25,Missed,,,,,,,,,,,,,,,,,,
51,PT07M11.00S,2025-02-06T00:22:40.1Z,1,REGULAR,foul,personal,['2freethrow'],1630168,,,1610612759,14,15,2025-02-06T00:23:02Z,510000,False,,,0,,O. Okongwu shooting personal FOUL (1 PF) (Wembanyama 2 FT),"[1630168, 1641705]",22400719,1610612737,ATL,shooting,,,Okongwu,O. Okongwu,,,,,Restricted Area,0-8 Center,,,,,,,,,,,,,1628951.0,,1.0,0.0,Wembanyama,1641705.0,,
61,PT06M52.00S,2025-02-06T00:24:16.6Z,1,REGULAR,2pt,Layup,['pointsinthepaint'],1629027,5.995400788436268,46.81372549019608,1610612737,16,16,2025-02-06T00:24:21Z,610000,False,16.0,4.0,1,left,T. Young driving finger roll Layup (2 PTS),[1629027],22400719,1610612737,ATL,driving finger roll,,,Young,T. Young,,,,,Restricted Area,0-8 Center,1.64,Made,,,,,,,2.0,,,,,,,,,,,
63,PT06M32.00S,2025-02-06T00:24:36.8Z,1,REGULAR,3pt,Jump Shot,[],1642258,6.389618922470433,3.6764705882352944,1610612737,16,19,2025-02-06T00:24:42Z,630000,False,232.0,8.0,1,left,MISS Z. Risacher 3PT,[1642258],22400719,1610612737,ATL,,,,Risacher,Z. Risacher,,,,,Right Corner 3,24+ Right,23.17,Missed,,,,,,,,,,,,,,,,,,
64,PT06M30.00S,2025-02-06T00:24:39.8Z,1,REGULAR,rebound,offensive,[],1630700,,,1610612737,16,19,2025-02-06T00:24:39Z,640000,False,,,0,,D. Daniels REBOUND (Off:1 Def:1),[1630700],22400719,1610612737,ATL,,,,Daniels,D. Daniels,,,,,Right Corner 3,24+ Right,,,,,63.0,2.0,1.0,1.0,,,,,,,,,,,,
65,PT06M27.00S,2025-02-06T00:24:42.4Z,1,REGULAR,2pt,Jump Shot,"['pointsinthepaint', '2ndchance']",1642258,5.469776609724048,42.64705882352941,1610612737,16,19,2025-02-06T00:24:47Z,650000,False,37.0,-1.0,1,left,MISS Z. Risacher floating Shot,[1642258],22400719,1610612737,ATL,floating,,,Risacher,Z. Risacher,,,,,Restricted Area,0-8 Center,3.68,Missed,,,,,,,,,,,,,,,,,,
68,PT06M22.00S,2025-02-06T00:24:47.1Z,1,REGULAR,steal,,[],1629027,,,1610612737,16,19,2025-02-06T00:24:49Z,680000,False,,,0,,T. Young STEAL (1 STL),[1629027],22400719,1610612737,ATL,,,,Young,T. Young,,,,,Above the Break 3,24+ Right Center,,,,,,,,,,,,,,,,,,,,
69,PT06M18.00S,2025-02-06T00:24:50.5Z,1,REGULAR,2pt,DUNK,"['pointsinthepaint', 'fromturnover', 'fastbreak']",1642258,5.863994743758213,51.225490196078425,1610612737,18,19,2025-02-06T00:24:57Z,690000,False,-6.0,3.0,1,left,Z. Risacher running DUNK (2 PTS) (T. Young 2 AST),"[1642258, 1629027]",22400719,1610612737,ATL,running,,,Risacher,Z. Risacher,,,,,Restricted Area,0-8 Center,0.66,Made,,,,,,,2.0,T. Young,1629027.0,2.0,,,,,,,,
73,PT05M53.00S,2025-02-06T00:25:15.8Z,1,REGULAR,2pt,Jump Shot,['pointsinthepaint'],1630700,13.748357424441524,45.34313725490196,1610612737,18,22,2025-02-06T00:25:22Z,730000,False,23.0,77.0,1,left,MISS D. Daniels 8' driving floating Shot,[1630700],22400719,1610612737,ATL,driving floating,,,Daniels,D. Daniels,,,,,In The Paint (Non-RA),0-8 Center,8.02,Missed,,,,,,,,,,,,,,,,,,
76,PT05M43.00S,2025-02-06T00:25:25.3Z,1,REGULAR,rebound,defensive,[],1630168,,,1610612737,18,22,2025-02-06T00:25:29Z,760000,False,,,0,,O. Okongwu REBOUND (Off:0 Def:1),[1630168],22400719,1610612737,ATL,,,,Okongwu,O. Okongwu,,,,,Above the Break 3,24+ Left Center,,,,,75.0,1.0,1.0,0.0,,,,,,,,,,,,
77,PT05M30.00S,2025-02-06T00:25:39.2Z,1,REGULAR,3pt,Jump Shot,[],1629027,30.831143232588698,66.42156862745098,1610612737,18,22,2025-02-06T00:25:44Z,770000,False,-82.0,237.0,1,left,MISS T. Young 25' pullup 3PT,[1629027],22400719,1610612737,ATL,pullup,,,Young,T. Young,,,,,Above the Break 3,24+ Left Center,25.11,Missed,,,,,,,,,,,,,,,,,,
80,PT05M27.00S,2025-02-06T00:25:46.3Z,1,REGULAR,substitution,out,[],1629027,,,1610612759,18,22,2025-02-06T00:25:59Z,800000,False,,,0,,SUB out: T. Young,[1629027],22400719,1610612737,ATL,,,,Young,T. Young,,,,,,,,,,,,,,,,,,,,,,,,,,
81,PT05M27.00S,2025-02-06T00:25:46.3Z,1,REGULAR,substitution,out,[],1630168,,,1610612759,18,22,2025-02-06T00:25:59Z,810000,False,,,0,,SUB out: O. Okongwu,[1630168],22400719,1610612737,ATL,,,,Okongwu,O. Okongwu,,,,,,,,,,,,,,,,,,,,,,,,,,
83,PT05M27.00S,2025-02-06T00:25:46.3Z,1,REGULAR,substitution,in,[],1630811,,,1610612759,18,22,2025-02-06T00:25:59Z,830000,False,,,0,,SUB in: K. Wallace,[1630811],22400719,1610612737,ATL,,,,Wallace,K. Wallace,,,,,,,,,,,,,,,,,,,,,,,,,,
84,PT05M27.00S,2025-02-06T00:25:46.3Z,1,REGULAR,substitution,in,[],1626204,,,1610612759,18,22,2025-02-06T00:25:59Z,840000,False,,,0,,SUB in: L. Nance Jr.,[1626204],22400719,1610612737,ATL,,,,Nance Jr.,L. Nance Jr.,,,,,,,,,,,,,,,,,,,,,,,,,,
87,PT05M08.00S,2025-02-06T00:26:22.8Z,1,REGULAR,rebound,defensive,['team'],0,,,1610612737,18,22,2025-02-06T00:26:27Z,870000,False,,,0,,TEAM defensive REBOUND,[],22400719,1610612737,ATL,,,,,,,,,,Above the Break 3,24+ Left Center,,,,,86.0,,,,,,,,,,,,,,,
92,PT04M52.00S,2025-02-06T00:26:49.6Z,1,REGULAR,substitution,in,[],1630249,,,1610612737,18,22,2025-02-06T00:26:59Z,920000,False,,,0,,SUB in: V. Krejčí,[1630249],22400719,1610612737,ATL,,,,Krejčí,V. Krejčí,,,,,,,,,,,,,,,,,,,,,,,,,,
90,PT04M52.00S,2025-02-06T00:26:49.6Z,1,REGULAR,substitution,out,[],1642258,,,1610612737,18,22,2025-02-06T00:26:59Z,900000,False,,,0,,SUB out: Z. Risacher,[1642258],22400719,1610612737,ATL,,,,Risacher,Z. Risacher,,,,,,,,,,,,,,,,,,,,,,,,,,
94,PT04M50.00S,2025-02-06T00:27:07.8Z,1,REGULAR,3pt,Jump Shot,[],1629631,9.937582128777924,97.05882352941177,1610612737,18,22,2025-02-06T00:27:14Z,940000,False,-235.0,41.0,1,left,MISS D. Hunter 3PT,[1629631],22400719,1610612737,ATL,,,,Hunter,D. Hunter,,,,,Left Corner 3,24+ Left,23.88,Missed,,,,,,,,,,,,,,,,,,
96,PT04M42.00S,2025-02-06T00:27:17.3Z,1,REGULAR,foul,personal,[],1630811,,,1610612759,18,22,2025-02-06T00:27:26Z,960000,False,,,0,,K. Wallace personal FOUL (1 PF),"[1630811, 1642264]",22400719,1610612737,ATL,,,,Wallace,K. Wallace,,,,,In The Paint (Non-RA),8-16 Center,,,,,,,,,,,,,203591.0,,1.0,0.0,Castle,1642264.0,,
99,PT04M26.00S,2025-02-06T00:27:55.1Z,1,REGULAR,rebound,defensive,[],1626204,,,1610612737,18,22,2025-02-06T00:30:13Z,990000,False,,,0,,L. Nance Jr. REBOUND (Off:0 Def:1),[1626204],22400719,1610612737,ATL,,,,Nance Jr.,L. Nance Jr.,,,,,Restricted Area,0-8 Center,,,,,98.0,1.0,1.0,0.0,,,,,,,,,,,,
100,PT04M20.00S,2025-02-06T00:28:00.6Z,1,REGULAR,3pt,Jump Shot,[],1630811,30.56833114323259,67.40196078431373,1610612737,21,22,2025-02-06T00:28:06Z,1000000,False,-87.0,235.0,1,left,K. Wallace 25' 3PT  (3 PTS) (D. Daniels 2 AST),"[1630811, 1630700]",22400719,1610612737,ATL,,,,Wallace,K. Wallace,,,,,Above the Break 3,24+ Left Center,25.04,Made,,,,,,,3.0,D. Daniels,1630700.0,2.0,,,,,,,,
104,PT04M01.00S,2025-02-06T00:28:28.6Z,1,REGULAR,turnover,bad pass,[],1630811,,,1610612737,21,24,2025-02-06T00:28:33Z,1040000,False,,,0,,K. Wallace bad pass TURNOVER (1 TO),"[1630811, 1630577]",22400719,1610612737,ATL,,,,Wallace,K. Wallace,,,,,Above the Break 3,24+ Center,,,,,,,,,,,,,,1.0,,,,,Champagnie,1630577.0
108,PT03M55.00S,2025-02-06T00:28:39.2Z,1,REGULAR,timeout,full,"['team', 'mandatory']",0,,,1610612737,21,26,2025-02-06T00:28:39Z,1080000,False,,,0,,ATL Timeout,[],22400719,1610612737,ATL,,,,,,,,,,,,,,,,,,,,,,,,,,,,,,,
111,PT03M55.00S,2025-02-06T00:30:59.1Z,1,REGULAR,substitution,out,[],1630700,,,1610612737,21,26,2025-02-06T00:32:08Z,1110000,False,,,0,,SUB out: D. Daniels,[1630700],22400719,1610612737,ATL,,,,Daniels,D. Daniels,,,,,,,,,,,,,,,,,,,,,,,,,,
112,PT03M55.00S,2025-02-06T00:30:59.1Z,1,REGULAR,substitution,in,[],1629726,,,1610612737,21,26,2025-02-06T00:32:08Z,1120000,False,,,0,,SUB in: G. Mathews,[1629726],22400719,1610612737,ATL,,,,Mathews,G. Mathews,,,,,,,,,,,,,,,,,,,,,,,,,,
113,PT03M34.00S,2025-02-06T00:32:35.9Z,1,REGULAR,2pt,Jump Shot,['pointsinthepaint'],1629631,17.95335085413929,47.794117647058826,1610612737,21,26,2025-02-06T00:32:41Z,1130000,False,11.0,116.0,1,left,MISS D. Hunter 11' pullup Shot,[1629631],22400719,1610612737,ATL,pullup,,,Hunter,D. Hunter,,,,,In The Paint (Non-RA),8-16 Center,11.68,Missed,,,,,,,,,,,,,,,,,,
116,PT03M18.00S,2025-02-06T00:32:51.5Z,1,REGULAR,rebound,defensive,[],1630249,,,1610612737,21,26,2025-02-06T00:32:51Z,1160000,False,,,0,,V. Krejčí REBOUND (Off:0 Def:1),[1630249],22400719,1610612737,ATL,,,,Krejčí,V. Krejčí,,,,,Above the Break 3,24+ Center,,,,,115.0,1.0,1.0,0.0,,,,,,,,,,,,
117,PT03M05.00S,2025-02-06T00:33:04.6Z,1,REGULAR,2pt,Jump Shot,['pointsinthepaint'],1630811,12.040078843626807,46.81372549019608,1610612737,23,26,2025-02-06T00:33:09Z,1170000,False,16.0,61.0,1,left,K. Wallace 6' driving floating Jump Shot (5 PTS) (G. Mathews 1 AST),"[1630811, 1629726]",22400719,1610612737,ATL,driving floating,,,Wallace,K. Wallace,,,,,In The Paint (Non-RA),0-8 Center,6.27,Made,,,,,,,5.0,G. Mathews,1629726.0,1.0,,,,,,,,
121,PT02M31.00S,2025-02-06T00:33:38.8Z,1,REGULAR,turnover,bad pass,[],1630249,,,1610612737,23,29,2025-02-06T00:42:24Z,1210000,False,,,0,,V. Krejčí bad pass TURNOVER (1 TO),"[1630249, 1630577]",22400719,1610612737,ATL,,,,Krejčí,V. Krejčí,,,,,Mid-Range,8-16 Left,,,,,,,,,,,,,,1.0,,,,,Champagnie,1630577.0
123,PT02M21.00S,2025-02-06T00:33:50.6Z,1,REGULAR,foul,personal,['2freethrow'],1626204,,,1610612759,23,29,2025-02-06T00:34:24Z,1230000,False,,,0,,L. Nance Jr. shooting personal FOUL (1 PF) (Castle 2 FT),"[1626204, 1642264]",22400719,1610612737,ATL,shooting,,,Nance Jr.,L. Nance Jr.,,,,,In The Paint (Non-RA),0-8 Center,,,,,,,,,,,,,202058.0,,1.0,0.0,Castle,1642264.0,,
126,PT02M21.00S,2025-02-06T00:34:28.5Z,1,REGULAR,substitution,out,[],1630811,,,1610612759,23,30,2025-02-06T00:34:33Z,1260000,False,,,0,,SUB out: K. Wallace,[1630811],22400719,1610612737,ATL,,,,Wallace,K. Wallace,,,,,,,,,,,,,,,,,,,,,,,,,,
127,PT02M21.00S,2025-02-06T00:34:28.5Z,1,REGULAR,substitution,out,[],1629631,,,1610612759,23,30,2025-02-06T00:34:33Z,1270000,False,,,0,,SUB out: D. Hunter,[1629631],22400719,1610612737,ATL,,,,Hunter,D. Hunter,,,,,,,,,,,,,,,,,,,,,,,,,,
128,PT02M21.00S,2025-02-06T00:34:28.5Z,1,REGULAR,substitution,in,[],1631230,,,1610612759,23,30,2025-02-06T00:34:33Z,1280000,False,,,0,,SUB in: D. Barlow,[1631230],22400719,1610612737,ATL,,,,Barlow,D. Barlow,,,,,,,,,,,,,,,,,,,,,,,,,,
129,PT02M21.00S,2025-02-06T00:34:28.5Z,1,REGULAR,substitution,in,[],1629027,,,1610612759,23,30,2025-02-06T00:34:33Z,1290000,False,,,0,,SUB in: T. Young,[1629027],22400719,1610612737,ATL,,,,Young,T. Young,,,,,,,,,,,,,,,,,,,,,,,,,,
131,PT02M11.00S,2025-02-06T00:34:55.7Z,1,REGULAR,3pt,Jump Shot,[],1629027,33.98488830486202,41.911764705882355,1610612737,23,31,2025-02-06T00:35:02Z,1310000,False,40.0,267.0,1,left,MISS T. Young 27' pullup 3PT,[1629027],22400719,1610612737,ATL,pullup,,,Young,T. Young,,,,,Above the Break 3,24+ Center,27.0,Missed,,,,,,,,,,,,,,,,,,
134,PT01M40.00S,2025-02-06T00:35:28.3Z,1,REGULAR,2pt,Layup,['pointsinthepaint'],1631230,6.915243101182654,54.65686274509803,1610612737,23,33,2025-02-06T00:35:50Z,1340000,False,-23.0,13.0,1,left,MISS D. Barlow driving Layup - blocked,"[1631230, 1630577]",22400719,1610612737,ATL,driving,,,Barlow,D. Barlow,,,,,Restricted Area,0-8 Center,2.64,Missed,Champagnie,1630577.0,,,,,,,,,,,,,,,,
136,PT01M39.00S,2025-02-06T00:35:29.3Z,1,REGULAR,rebound,offensive,['team'],0,,,1610612737,23,33,2025-02-06T00:35:50Z,1360000,False,,,0,,TEAM offensive REBOUND,[],22400719,1610612737,ATL,,,,,,,,,,Restricted Area,0-8 Center,,,,,134.0,,,,,,,,,,,,,,,
142,PT01M31.00S,2025-02-06T00:36:21.8Z,1,REGULAR,2pt,Layup,"['pointsinthepaint', '2ndchance']",1630249,5.732588699080158,50.49019607843137,1610612737,25,33,2025-02-06T00:38:34Z,1420000,False,-2.0,1.0,1,left,V. Krejčí driving finger roll Layup (2 PTS) (L. Nance Jr. 1 AST),"[1630249, 1626204]",22400719,1610612737,ATL,driving finger roll,,,Krejčí,V. Krejčí,,,,,Restricted Area,0-8 Center,0.29,Made,,,,,,,2.0,L. Nance Jr.,1626204.0,1.0,,,,,,,,
145,PT01M00.00S,2025-02-06T00:36:52.7Z,1,REGULAR,3pt,Jump Shot,[],1629726,31.09395532194481,33.33333333333333,1610612737,25,35,2025-02-06T00:36:57Z,1450000,False,83.0,240.0,1,left,MISS G. Mathews 25' 3PT,[1629726],22400719,1610612737,ATL,,,,Mathews,G. Mathews,,,,,Above the Break 3,24+ Right Center,25.39,Missed,,,,,,,,,,,,,,,,,,
153,PT00M32.70S,2025-02-06T00:37:44.1Z,1,REGULAR,rebound,defensive,[],1631230,,,1610612737,25,35,2025-02-06T00:37:45Z,1530000,False,,,0,,D. Barlow REBOUND (Off:0 Def:1),[1631230],22400719,1610612737,ATL,,,,Barlow,D. Barlow,,,,,Above the Break 3,24+ Right Center,,,,,152.0,1.0,1.0,0.0,,,,,,,,,,,,
154,PT00M20.30S,2025-02-06T00:37:56.6Z,1,REGULAR,turnover,bad pass,[],1630249,,,1610612737,25,35,2025-02-06T00:38:01Z,1540000,False,,,0,,V. Krejčí bad pass TURNOVER (2 TO),"[1630249, 1630170]",22400719,1610612737,ATL,,,,Krejčí,V. Krejčí,,,,,In The Paint (Non-RA),8-16 Left,,,,,,,,,,,,,,2.0,,,,,Vassell,1630170.0
156,PT00M05.60S,2025-02-06T00:38:13.2Z,1,REGULAR,foul,personal,[],1630249,,,1610612759,25,35,2025-02-06T00:38:36Z,1560000,False,,,0,,V. Krejčí take personal FOUL (1 PF),"[1630249, 1630170]",22400719,1610612737,ATL,take,,,Krejčí,V. Krejčí,,,,,Above the Break 3,24+ Center,,,,,,,,,,,,,1628951.0,,1.0,0.0,Vassell,1630170.0,,
164,PT11M37.00S,2025-02-06T00:42:51.7Z,2,REGULAR,turnover,bad pass,[],1630249,,,1610612737,25,35,2025-02-06T00:42:56Z,1640000,False,,,0,,V. Krejčí bad pass TURNOVER (3 TO),"[1630249, 1630170]",22400719,1610612737,ATL,,,,Krejčí,V. Krejčí,,,,,In The Paint (Non-RA),8-16 Left,,,,,,,,,,,,,,3.0,,,,,Vassell,1630170.0
168,PT11M14.00S,2025-02-06T00:43:15.1Z,2,REGULAR,3pt,Jump Shot,[],1629726,22.421156373193167,8.333333333333332,1610612737,25,38,2025-02-06T00:43:20Z,1680000,False,208.0,158.0,1,left,MISS G. Mathews 26' 3PT,[1629726],22400719,1610612737,ATL,,,,Mathews,G. Mathews,,,,,Above the Break 3,24+ Right Center,26.16,Missed,,,,,,,,,,,,,,,,,,
171,PT11M00.00S,2025-02-06T00:43:28.4Z,2,REGULAR,rebound,defensive,[],1630249,,,1610612737,25,38,2025-02-06T00:43:31Z,1710000,False,,,0,,V. Krejčí REBOUND (Off:0 Def:2),[1630249],22400719,1610612737,ATL,,,,Krejčí,V. Krejčí,,,,,Left Corner 3,24+ Left,,,,,170.0,2.0,2.0,0.0,,,,,,,,,,,,
172,PT10M54.00S,2025-02-06T00:43:34.9Z,2,REGULAR,3pt,Jump Shot,[],1630249,30.962549277266753,41.17647058823529,1610612737,25,38,2025-02-06T00:44:57Z,1720000,False,44.0,239.0,1,left,MISS V. Krejčí 24' 3PT,[1630249],22400719,1610612737,ATL,,,,Krejčí,V. Krejčí,,,,,Above the Break 3,24+ Center,24.25,Missed,,,,,,,,,,,,,,,,,,
175,PT10M40.00S,2025-02-06T00:43:48.7Z,2,REGULAR,rebound,defensive,[],1629726,,,1610612737,25,38,2025-02-06T00:43:51Z,1750000,False,,,0,,G. Mathews REBOUND (Off:0 Def:1),[1629726],22400719,1610612737,ATL,,,,Mathews,G. Mathews,,,,,Restricted Area,0-8 Center,,,,,174.0,1.0,1.0,0.0,,,,,,,,,,,,
176,PT10M34.00S,2025-02-06T00:43:54.7Z,2,REGULAR,3pt,Jump Shot,[],1629726,22.946780551905388,13.480392156862745,1610612737,25,38,2025-02-06T00:43:59Z,1760000,False,183.0,163.0,1,left,MISS G. Mathews 24' 3PT,[1629726],22400719,1610612737,ATL,,,,Mathews,G. Mathews,,,,,Above the Break 3,24+ Right Center,24.49,Missed,,,,,,,,,,,,,,,,,,
179,PT10M12.00S,2025-02-06T00:44:19.1Z,2,REGULAR,turnover,out-of-bounds,[],1629726,,,1610612737,25,40,2025-02-06T00:44:30Z,1790000,False,,,0,,G. Mathews step out-of-bounds TURNOVER (1 TO),[1629726],22400719,1610612737,ATL,step,,,Mathews,G. Mathews,,,,,Left Corner 3,24+ Left,,,,,,,,,,,,,1628951.0,1.0,,,,,,
186,PT09M59.00S,2025-02-06T00:44:53.4Z,2,REGULAR,substitution,in,[],1630700,,,1610612737,25,40,2025-02-06T00:45:01Z,1850000,False,,,0,,SUB in: D. Daniels,[1630700],22400719,1610612737,ATL,,,,Daniels,D. Daniels,,,,,,,,,,,,,,,,,,,,,,,,,,
184,PT09M59.00S,2025-02-06T00:44:53.4Z,2,REGULAR,substitution,out,[],1630249,,,1610612737,25,40,2025-02-06T00:45:01Z,1830000,False,,,0,,SUB out: V. Krejčí,[1630249],22400719,1610612737,ATL,,,,Krejčí,V. Krejčí,,,,,,,,,,,,,,,,,,,,,,,,,,
190,PT09M46.00S,2025-02-06T00:45:47.4Z,2,REGULAR,freethrow,1 of 2,['fromturnover'],1629027,,,1610612737,26,40,2025-02-06T00:45:47Z,1890000,False,,,0,,T. Young Free Throw 1 of 2 (3 PTS),[1629027],22400719,1610612737,ATL,,,,Young,T. Young,,,,,,,,Made,,,,,,,3.0,,,,,,,,,,,
191,PT09M46.00S,2025-02-06T00:45:59.8Z,2,REGULAR,freethrow,2 of 2,['fromturnover'],1629027,,,1610612737,27,40,2025-02-06T00:45:59Z,1900000,False,,,0,,T. Young Free Throw 2 of 2 (4 PTS),[1629027],22400719,1610612737,ATL,,,,Young,T. Young,,,,,,,,Made,,,,,,,4.0,,,,,,,,,,,
193,PT09M23.00S,2025-02-06T00:46:23.4Z,2,REGULAR,block,,[],1631230,,,1610612759,27,40,2025-02-06T00:46:27Z,1920000,False,,,0,,D. Barlow BLOCK (1 BLK),[1631230],22400719,1610612737,ATL,,,,Barlow,D. Barlow,,,,,Restricted Area,0-8 Center,,,,,,,,,,,,,,,,,,,,
195,PT09M22.00S,2025-02-06T00:46:29.7Z,2,REGULAR,foul,personal,['2freethrow'],1631230,,,1610612759,27,40,2025-02-06T00:46:53Z,1940000,False,,,0,,D. Barlow shooting personal FOUL (1 PF) (Wembanyama 2 FT),"[1631230, 1641705]",22400719,1610612737,ATL,shooting,,,Barlow,D. Barlow,,,,,Restricted Area,0-8 Center,,,,,,,,,,,,,1628951.0,,1.0,0.0,Wembanyama,1641705.0,,
201,PT09M13.00S,2025-02-06T00:47:33.3Z,2,REGULAR,2pt,Jump Shot,['pointsinthepaint'],1630700,5.601182654402102,47.30392156862745,1610612737,29,42,2025-02-06T00:49:35Z,2000000,False,13.0,0.0,1,left,D. Daniels driving floating bank Jump Shot (7 PTS),[1630700],22400719,1610612737,ATL,driving floating bank,,,Daniels,D. Daniels,,,,,Restricted Area,0-8 Center,1.35,Made,,,,,,,7.0,,,,,,,,,,,
203,PT08M59.00S,2025-02-06T00:47:47.5Z,2,REGULAR,rebound,defensive,[],1631230,,,1610612737,29,42,2025-02-06T00:47:49Z,2020000,False,,,0,,D. Barlow REBOUND (Off:0 Def:2),[1631230],22400719,1610612737,ATL,,,,Barlow,D. Barlow,,,,,Above the Break 3,24+ Left Center,,,,,202.0,2.0,2.0,0.0,,,,,,,,,,,,
205,PT08M44.00S,2025-02-06T00:48:09.7Z,2,REGULAR,substitution,out,[],1629726,,,1610612737,29,42,2025-02-06T00:48:18Z,2040000,False,,,0,,SUB out: G. Mathews,[1629726],22400719,1610612737,ATL,,,,Mathews,G. Mathews,,,,,,,,,,,,,,,,,,,,,,,,,,
207,PT08M44.00S,2025-02-06T00:48:09.7Z,2,REGULAR,substitution,in,[],1629631,,,1610612737,29,42,2025-02-06T00:48:18Z,2060000,False,,,0,,SUB in: D. Hunter,[1629631],22400719,1610612737,ATL,,,,Hunter,D. Hunter,,,,,,,,,,,,,,,,,,,,,,,,,,
209,PT08M37.00S,2025-02-06T00:48:31.9Z,2,REGULAR,turnover,bad pass,[],1629027,,,1610612737,29,42,2025-02-06T00:48:38Z,2080000,False,,,0,,T. Young bad pass TURNOVER (3 TO),"[1629027, 1630577]",22400719,1610612737,ATL,,,,Young,T. Young,,,,,Mid-Range,16-24 Left Center,,,,,,,,,,,,,,3.0,,,,,Champagnie,1630577.0
213,PT08M21.00S,2025-02-06T00:48:47.7Z,2,REGULAR,3pt,Jump Shot,[],1626204,7.30946123521682,3.9215686274509802,1610612737,29,44,2025-02-06T00:48:52Z,2120000,False,230.0,16.0,1,left,MISS L. Nance Jr. 3PT,[1626204],22400719,1610612737,ATL,,,,Nance Jr.,L. Nance Jr.,,,,,Right Corner 3,24+ Right,23.1,Missed,,,,,,,,,,,,,,,,,,
216,PT08M11.00S,2025-02-06T00:48:57.5Z,2,REGULAR,rebound,defensive,[],1630700,,,1610612737,29,44,2025-02-06T00:49:00Z,2150000,False,,,0,,D. Daniels REBOUND (Off:1 Def:2),[1630700],22400719,1610612737,ATL,,,,Daniels,D. Daniels,,,,,Above the Break 3,24+ Right Center,,,,,215.0,3.0,2.0,1.0,,,,,,,,,,,,
217,PT08M07.00S,2025-02-06T00:49:03.7Z,2,REGULAR,2pt,Jump Shot,['pointsinthepaint'],1630700,13.748357424441524,44.6078431372549,1610612737,31,44,2025-02-06T00:49:09Z,2160000,False,27.0,77.0,1,left,D. Daniels 8' driving floating Jump Shot (9 PTS),[1630700],22400719,1610612737,ATL,driving floating,,,Daniels,D. Daniels,,,,,In The Paint (Non-RA),8-16 Center,8.13,Made,,,,,,,9.0,,,,,,,,,,,
220,PT08M07.00S,2025-02-06T00:49:32.0Z,2,REGULAR,freethrow,1 of 1,[],1630700,,,1610612737,32,44,2025-02-06T00:49:32Z,2190000,False,,,0,,D. Daniels Free Throw 1 of 1 (10 PTS),[1630700],22400719,1610612737,ATL,,,,Daniels,D. Daniels,,,,,,,,Made,,,,,,,10.0,,,,,,,,,,,
222,PT07M57.00S,2025-02-06T00:49:41.9Z,2,REGULAR,rebound,defensive,[],1629631,,,1610612737,32,44,2025-02-06T00:49:43Z,2210000,False,,,0,,D. Hunter REBOUND (Off:0 Def:1),[1629631],22400719,1610612737,ATL,,,,Hunter,D. Hunter,,,,,In The Paint (Non-RA),0-8 Center,,,,,221.0,1.0,1.0,0.0,,,,,,,,,,,,
223,PT07M47.00S,2025-02-06T00:49:52.3Z,2,REGULAR,3pt,Jump Shot,[],1631230,5.732588699080158,95.83333333333334,1610612737,32,44,2025-02-06T00:49:57Z,2220000,False,-229.0,1.0,1,left,MISS D. Barlow 3PT,[1631230],22400719,1610612737,ATL,,,,Barlow,D. Barlow,,,,,Left Corner 3,24+ Left,22.92,Missed,,,,,,,,,,,,,,,,,,
226,PT07M29.00S,2025-02-06T00:50:10.6Z,2,REGULAR,rebound,defensive,[],1630700,,,1610612737,32,44,2025-02-06T00:50:54Z,2250000,False,,,0,,D. Daniels REBOUND (Off:1 Def:3),[1630700],22400719,1610612737,ATL,,,,Daniels,D. Daniels,,,,,Above the Break 3,24+ Left Center,,,,,225.0,4.0,3.0,1.0,,,,,,,,,,,,
227,PT07M22.00S,2025-02-06T00:50:18.7Z,2,REGULAR,2pt,Layup,['pointsinthepaint'],1630700,6.389618922470433,44.6078431372549,1610612737,32,44,2025-02-06T00:50:23Z,2260000,False,27.0,8.0,1,left,MISS D. Daniels driving finger roll Layup,[1630700],22400719,1610612737,ATL,driving finger roll,,,Daniels,D. Daniels,,,,,Restricted Area,0-8 Center,2.8,Missed,,,,,,,,,,,,,,,,,,
231,PT07M15.00S,2025-02-06T00:50:30.0Z,2,REGULAR,timeout,full,"['team', 'mandatory']",0,,,1610612737,32,46,2025-02-06T00:50:30Z,2300000,False,,,0,,ATL Timeout,[],22400719,1610612737,ATL,,,,,,,,,,,,,,,,,,,,,,,,,,,,,,,
234,PT07M15.00S,2025-02-06T00:52:45.9Z,2,REGULAR,substitution,in,[],1642258,,,1610612737,32,46,2025-02-06T00:53:51Z,2330000,False,,,0,,SUB in: Z. Risacher,[1642258],22400719,1610612737,ATL,,,,Risacher,Z. Risacher,,,,,,,,,,,,,,,,,,,,,,,,,,
232,PT07M15.00S,2025-02-06T00:52:45.9Z,2,REGULAR,substitution,out,[],1631230,,,1610612737,32,46,2025-02-06T00:53:51Z,2310000,False,,,0,,SUB out: D. Barlow,[1631230],22400719,1610612737,ATL,,,,Barlow,D. Barlow,,,,,,,,,,,,,,,,,,,,,,,,,,
236,PT06M55.00S,2025-02-06T00:54:18.7Z,2,REGULAR,3pt,Jump Shot,[],1629631,11.908672798948752,4.166666666666666,1610612737,32,46,2025-02-06T00:54:24Z,2350000,False,229.0,59.0,1,left,MISS D. Hunter 3PT,[1629631],22400719,1610612737,ATL,,,,Hunter,D. Hunter,,,,,Right Corner 3,24+ Right,23.68,Missed,,,,,,,,,,,,,,,,,,
240,PT06M25.00S,2025-02-06T00:54:48.6Z,2,REGULAR,3pt,Jump Shot,[],1629027,32.53942181340342,41.911764705882355,1610612737,35,48,2025-02-06T00:54:53Z,2390000,False,40.0,253.0,1,left,T. Young 25' 3PT  (7 PTS) (D. Hunter 1 AST),"[1629027, 1629631]",22400719,1610612737,ATL,,,,Young,T. Young,,,,,Above the Break 3,24+ Center,25.66,Made,,,,,,,7.0,D. Hunter,1629631.0,1.0,,,,,,,,
248,PT06M02.00S,2025-02-06T00:55:22.7Z,2,REGULAR,substitution,in,[],1630168,,,1610612737,35,51,2025-02-06T00:55:29Z,2470000,False,,,0,,SUB in: O. Okongwu,[1630168],22400719,1610612737,ATL,,,,Okongwu,O. Okongwu,,,,,,,,,,,,,,,,,,,,,,,,,,
246,PT06M02.00S,2025-02-06T00:55:22.7Z,2,REGULAR,substitution,out,[],1626204,,,1610612737,35,51,2025-02-06T00:55:29Z,2450000,False,,,0,,SUB out: L. Nance Jr.,[1626204],22400719,1610612737,ATL,,,,Nance Jr.,L. Nance Jr.,,,,,,,,,,,,,,,,,,,,,,,,,,
254,PT05M55.00S,2025-02-06T00:56:43.5Z,2,REGULAR,freethrow,1 of 2,[],1629027,,,1610612737,35,51,2025-02-06T00:56:43Z,2530000,False,,,0,,MISS T. Young Free Throw 1 of 2,[1629027],22400719,1610612737,ATL,,,,Young,T. Young,,,,,,,,Missed,,,,,,,,,,,,,,,,,,
255,PT05M55.00S,2025-02-06T00:56:43.5Z,2,REGULAR,rebound,offensive,"['deadball', 'team']",0,,,1610612737,35,51,2025-02-06T00:56:43Z,2540000,False,,,0,,TEAM offensive REBOUND,[],22400719,1610612737,ATL,,,,,,,,,,,,,,,,254.0,,,,,,,,,,,,,,,
256,PT05M55.00S,2025-02-06T00:56:59.0Z,2,REGULAR,freethrow,2 of 2,[],1629027,,,1610612737,36,51,2025-02-06T00:56:59Z,2550000,False,,,0,,T. Young Free Throw 2 of 2 (8 PTS),[1629027],22400719,1610612737,ATL,,,,Young,T. Young,,,,,,,,Made,,,,,,,8.0,,,,,,,,,,,
258,PT05M28.00S,2025-02-06T00:57:29.3Z,2,REGULAR,2pt,Layup,['pointsinthepaint'],1630168,5.601182654402102,51.225490196078425,1610612737,38,53,2025-02-06T00:57:33Z,2570000,False,-6.0,0.0,1,left,O. Okongwu alley-oop Layup (5 PTS) (T. Young 3 AST),"[1630168, 1629027]",22400719,1610612737,ATL,alley-oop,,,Okongwu,O. Okongwu,,,,,Restricted Area,0-8 Center,0.61,Made,,,,,,,5.0,T. Young,1629027.0,3.0,,,,,,,,
261,PT05M12.00S,2025-02-06T00:57:45.4Z,2,REGULAR,rebound,defensive,[],1629631,,,1610612737,38,53,2025-02-06T00:57:46Z,2600000,False,,,0,,D. Hunter REBOUND (Off:0 Def:2),[1629631],22400719,1610612737,ATL,,,,Hunter,D. Hunter,,,,,Above the Break 3,24+ Center,,,,,260.0,2.0,2.0,0.0,,,,,,,,,,,,
262,PT05M07.00S,2025-02-06T00:57:50.6Z,2,REGULAR,turnover,bad pass,[],1629027,,,1610612737,38,53,2025-02-06T00:57:57Z,2610000,False,,,0,,T. Young bad pass TURNOVER (4 TO),"[1629027, 1629640]",22400719,1610612737,ATL,,,,Young,T. Young,,,,,Mid-Range,16-24 Left,,,,,,,,,,,,,,4.0,,,,,Johnson,1629640.0
267,PT04M55.00S,2025-02-06T00:58:16.6Z,2,REGULAR,3pt,Jump Shot,['fromturnover'],1629027,42.000657030223394,45.09803921568628,1610612737,38,53,2025-02-06T00:58:22Z,2660000,False,25.0,342.0,1,left,MISS T. Young 34' pullup 3PT,[1629027],22400719,1610612737,ATL,pullup,,,Young,T. Young,,,,,Above the Break 3,24+ Center,34.32,Missed,,,,,,,,,,,,,,,,,,
269,PT04M50.00S,2025-02-06T00:58:21.4Z,2,REGULAR,2pt,DUNK,"['pointsinthepaint', 'fromturnover', '2ndchance']",1630168,5.590000152587891,50.0,1610612737,40,53,2025-02-06T00:58:21Z,2680000,False,0.0,0.0,1,left,O. Okongwu tip DUNK (7 PTS),[1630168],22400719,1610612737,ATL,tip,,,Okongwu,O. Okongwu,,,,,Mid-Range,8-16 Left,0.0,Made,,,,,,,7.0,,,,,,,,,,,
268,PT04M50.00S,2025-02-06T00:58:21.6Z,2,REGULAR,rebound,offensive,[],1630168,,,1610612737,38,53,2025-02-06T00:58:22Z,2670000,False,,,0,,O. Okongwu REBOUND (Off:1 Def:1),[1630168],22400719,1610612737,ATL,,,,Okongwu,O. Okongwu,,,,,Above the Break 3,24+ Center,,,,,267.0,2.0,1.0,1.0,,,,,,,,,,,,
271,PT04M34.00S,2025-02-06T00:58:38.0Z,2,REGULAR,2pt,DUNK,['pointsinthepaint'],1630168,5.995400788436268,49.754901960784316,1610612737,42,55,2025-02-06T01:02:47Z,2700000,False,1.0,4.0,1,left,O. Okongwu cutting DUNK (9 PTS) (T. Young 4 AST),"[1630168, 1629027]",22400719,1610612737,ATL,cutting,,,Okongwu,O. Okongwu,,,,,Restricted Area,0-8 Center,0.41,Made,,,,,,,9.0,T. Young,1629027.0,4.0,,,,,,,,
276,PT04M03.00S,2025-02-06T01:02:41.8Z,2,REGULAR,2pt,Jump Shot,['pointsinthepaint'],1630700,13.748357424441524,46.32352941176471,1610612737,42,57,2025-02-06T01:02:47Z,2750000,False,18.0,77.0,1,left,MISS D. Daniels 7' driving floating Shot,[1630700],22400719,1610612737,ATL,driving floating,,,Daniels,D. Daniels,,,,,In The Paint (Non-RA),0-8 Center,7.89,Missed,,,,,,,,,,,,,,,,,,
277,PT04M02.00S,2025-02-06T01:02:45.1Z,2,REGULAR,rebound,offensive,['team'],0,,,1610612737,42,57,2025-02-06T01:02:45Z,2760000,False,,,0,,TEAM offensive REBOUND,[],22400719,1610612737,ATL,,,,,,,,,,In The Paint (Non-RA),0-8 Center,,,,,276.0,,,,,,,,,,,,,,,
281,PT03M57.00S,2025-02-06T01:03:13.6Z,2,REGULAR,2pt,Layup,"['pointsinthepaint', '2ndchance']",1630700,5.863994743758213,49.01960784313725,1610612737,44,57,2025-02-06T01:03:19Z,2800000,False,5.0,3.0,1,left,D. Daniels cutting Layup (12 PTS) (O. Okongwu 4 AST),"[1630700, 1630168]",22400719,1610612737,ATL,cutting,,,Daniels,D. Daniels,,,,,Restricted Area,0-8 Center,0.55,Made,,,,,,,12.0,O. Okongwu,1630168.0,4.0,,,,,,,,
287,PT03M57.00S,2025-02-06T01:03:42.6Z,2,REGULAR,freethrow,1 of 1,['2ndchance'],1630700,,,1610612737,45,57,2025-02-06T02:15:04Z,2860000,False,,,0,,D. Daniels Free Throw 1 of 1 (13 PTS),[1630700],22400719,1610612737,ATL,,,,Daniels,D. Daniels,,,,,,,,Made,,,,,,,13.0,,,,,,,,,,,
288,PT03M50.00S,2025-02-06T01:03:53.8Z,2,REGULAR,foul,personal,[],1642258,,,1610612759,45,57,2025-02-06T01:04:00Z,2870000,False,,,0,,Z. Risacher personal FOUL (1 PF),"[1642258, 1641705]",22400719,1610612737,ATL,,,,Risacher,Z. Risacher,,,,,In The Paint (Non-RA),8-16 Center,,,,,,,,,,,,,203591.0,,1.0,0.0,Wembanyama,1641705.0,,
290,PT03M35.00S,2025-02-06T01:04:26.7Z,2,REGULAR,foul,personal,['2freethrow'],1642258,,,1610612759,45,57,2025-02-06T01:05:01Z,2890000,False,,,0,,Z. Risacher shooting personal FOUL (2 PF) (Wembanyama 2 FT),"[1642258, 1641705]",22400719,1610612737,ATL,shooting,,,Risacher,Z. Risacher,,,,,Restricted Area,0-8 Center,,,,,,,,,,,,,203591.0,,2.0,0.0,Wembanyama,1641705.0,,
294,PT03M12.00S,2025-02-06T01:05:47.9Z,2,REGULAR,2pt,Layup,['pointsinthepaint'],1630168,6.389618922470433,49.01960784313725,1610612737,47,59,2025-02-06T01:05:54Z,2930000,False,5.0,8.0,1,left,O. Okongwu reverse Layup (11 PTS) (D. Hunter 2 AST),"[1630168, 1629631]",22400719,1610612737,ATL,reverse,,,Okongwu,O. Okongwu,,,,,Restricted Area,0-8 Center,0.9,Made,,,,,,,11.0,D. Hunter,1629631.0,2.0,,,,,,,,
296,PT03M07.00S,2025-02-06T01:05:55.9Z,2,REGULAR,foul,personal,['2freethrow'],1629631,,,1610612759,47,59,2025-02-06T01:06:20Z,2950000,False,,,0,,D. Hunter shooting personal FOUL (1 PF) (Castle 2 FT),"[1629631, 1642264]",22400719,1610612737,ATL,shooting,,,Hunter,D. Hunter,,,,,In The Paint (Non-RA),8-16 Center,,,,,,,,,,,,,202058.0,,1.0,0.0,Castle,1642264.0,,
300,PT02M58.00S,2025-02-06T01:06:56.9Z,2,REGULAR,3pt,Jump Shot,[],1630168,28.86005256241787,70.58823529411765,1610612737,50,61,2025-02-06T01:07:03Z,2990000,False,-103.0,219.0,1,left,O. Okongwu 24' 3PT  (14 PTS) (D. Daniels 3 AST),"[1630168, 1630700]",22400719,1610612737,ATL,,,,Okongwu,O. Okongwu,,,,,Above the Break 3,24+ Left Center,24.18,Made,,,,,,,14.0,D. Daniels,1630700.0,3.0,,,,,,,,
304,PT02M41.00S,2025-02-06T01:07:30.7Z,2,REGULAR,rebound,defensive,[],1630168,,,1610612737,50,61,2025-02-06T01:07:33Z,3030000,False,,,0,,O. Okongwu REBOUND (Off:1 Def:2),[1630168],22400719,1610612737,ATL,,,,Okongwu,O. Okongwu,,,,,Above the Break 3,24+ Left Center,,,,,303.0,3.0,2.0,1.0,,,,,,,,,,,,
307,PT02M30.00S,2025-02-06T01:08:11.8Z,2,REGULAR,freethrow,1 of 2,[],1629027,,,1610612737,50,61,2025-02-06T01:08:11Z,3060000,False,,,0,,MISS T. Young Free Throw 1 of 2,[1629027],22400719,1610612737,ATL,,,,Young,T. Young,,,,,,,,Missed,,,,,,,,,,,,,,,,,,
308,PT02M30.00S,2025-02-06T01:08:11.8Z,2,REGULAR,rebound,offensive,"['deadball', 'team']",0,,,1610612737,50,61,2025-02-06T01:08:11Z,3070000,False,,,0,,TEAM offensive REBOUND,[],22400719,1610612737,ATL,,,,,,,,,,,,,,,,307.0,,,,,,,,,,,,,,,
309,PT02M30.00S,2025-02-06T01:08:24.4Z,2,REGULAR,freethrow,2 of 2,[],1629027,,,1610612737,51,61,2025-02-06T01:08:24Z,3080000,False,,,0,,T. Young Free Throw 2 of 2 (9 PTS),[1629027],22400719,1610612737,ATL,,,,Young,T. Young,,,,,,,,Made,,,,,,,9.0,,,,,,,,,,,
317,PT02M08.00S,2025-02-06T01:09:34.3Z,2,REGULAR,freethrow,1 of 2,['fromturnover'],1630168,,,1610612737,51,61,2025-02-06T01:09:34Z,3160000,False,,,0,,MISS O. Okongwu Free Throw 1 of 2,[1630168],22400719,1610612737,ATL,,,,Okongwu,O. Okongwu,,,,,,,,Missed,,,,,,,,,,,,,,,,,,
318,PT02M08.00S,2025-02-06T01:09:34.3Z,2,REGULAR,rebound,offensive,"['deadball', 'team']",0,,,1610612737,51,61,2025-02-06T01:09:34Z,3170000,False,,,0,,TEAM offensive REBOUND,[],22400719,1610612737,ATL,,,,,,,,,,,,,,,,317.0,,,,,,,,,,,,,,,
319,PT02M08.00S,2025-02-06T01:09:51.6Z,2,REGULAR,freethrow,2 of 2,['fromturnover'],1630168,,,1610612737,52,61,2025-02-06T01:09:51Z,3180000,False,,,0,,O. Okongwu Free Throw 2 of 2 (15 PTS),[1630168],22400719,1610612737,ATL,,,,Okongwu,O. Okongwu,,,,,,,,Made,,,,,,,15.0,,,,,,,,,,,
321,PT01M47.00S,2025-02-06T01:10:13.3Z,2,REGULAR,2pt,Jump Shot,['pointsinthepaint'],1630700,11.251642575558476,45.09803921568628,1610612737,52,63,2025-02-06T01:10:18Z,3200000,False,25.0,53.0,1,left,MISS D. Daniels driving floating Shot,[1630700],22400719,1610612737,ATL,driving floating,,,Daniels,D. Daniels,,,,,In The Paint (Non-RA),0-8 Center,5.87,Missed,,,,,,,,,,,,,,,,,,
324,PT01M23.00S,2025-02-06T01:10:37.7Z,2,REGULAR,turnover,bad pass,[],1629027,,,1610612737,52,65,2025-02-06T01:10:42Z,3230000,False,,,0,,T. Young bad pass TURNOVER (5 TO),"[1629027, 1630577]",22400719,1610612737,ATL,,,,Young,T. Young,,,,,In The Paint (Non-RA),0-8 Center,,,,,,,,,,,,,,5.0,,,,,Champagnie,1630577.0
328,PT01M09.00S,2025-02-06T01:10:51.3Z,2,REGULAR,3pt,Jump Shot,[],1629027,38.05847568988173,53.431372549019606,1610612737,52,67,2025-02-06T01:10:56Z,3270000,False,-17.0,305.0,1,left,MISS T. Young 30' pullup 3PT,[1629027],22400719,1610612737,ATL,pullup,,,Young,T. Young,,,,,Above the Break 3,24+ Center,30.57,Missed,,,,,,,,,,,,,,,,,,
330,PT01M00.00S,2025-02-06T01:11:03.6Z,2,REGULAR,foul,personal,"['inpenalty', '2freethrow']",1629027,,,1610612759,52,67,2025-02-06T01:11:25Z,3290000,False,,,0,,T. Young personal FOUL (1 PF) (Castle 2 FT),"[1629027, 1642264]",22400719,1610612737,ATL,,,,Young,T. Young,,,,,Restricted Area,0-8 Center,,,,,,,,,,,,,202058.0,,1.0,0.0,Castle,1642264.0,,
334,PT00M58.60S,2025-02-06T01:11:32.1Z,2,REGULAR,rebound,defensive,[],1629631,,,1610612737,52,68,2025-02-06T01:11:51Z,3330000,False,,,0,,D. Hunter REBOUND (Off:0 Def:3),[1629631],22400719,1610612737,ATL,,,,Hunter,D. Hunter,,,,,,,,,,,333.0,3.0,3.0,0.0,,,,,,,,,,,,
335,PT00M49.90S,2025-02-06T01:11:57.8Z,2,REGULAR,turnover,bad pass,[],1629027,,,1610612737,52,68,2025-02-06T01:12:04Z,3340000,False,,,0,,T. Young bad pass TURNOVER (6 TO),"[1629027, 1642264]",22400719,1610612737,ATL,,,,Young,T. Young,,,,,Mid-Range,16-24 Left Center,,,,,,,,,,,,,,6.0,,,,,Castle,1642264.0
338,PT00M36.00S,2025-02-06T01:12:19.0Z,2,REGULAR,2pt,DUNK,['pointsinthepaint'],1642258,5.469776609724048,50.245098039215684,1610612737,54,70,2025-02-06T01:12:25Z,3370000,False,-1.0,-1.0,1,left,Z. Risacher cutting DUNK (4 PTS) (T. Young 5 AST),"[1642258, 1629027]",22400719,1610612737,ATL,cutting,,,Risacher,Z. Risacher,,,,,Restricted Area,0-8 Center,0.16,Made,,,,,,,4.0,T. Young,1629027.0,5.0,,,,,,,,
342,PT00M28.70S,2025-02-06T01:12:48.5Z,2,REGULAR,block,,[],1630168,,,1610612759,54,70,2025-02-06T01:12:51Z,3410000,False,,,0,,O. Okongwu BLOCK (1 BLK),[1630168],22400719,1610612737,ATL,,,,Okongwu,O. Okongwu,,,,,Restricted Area,0-8 Center,,,,,,,,,,,,,,,,,,,,
343,PT00M26.60S,2025-02-06T01:12:50.6Z,2,REGULAR,rebound,defensive,[],1629631,,,1610612737,54,70,2025-02-06T01:12:54Z,3420000,False,,,0,,D. Hunter REBOUND (Off:0 Def:4),[1629631],22400719,1610612737,ATL,,,,Hunter,D. Hunter,,,,,Restricted Area,0-8 Center,,,,,341.0,4.0,4.0,0.0,,,,,,,,,,,,
344,PT00M26.60S,2025-02-06T01:12:52.7Z,2,REGULAR,turnover,out-of-bounds,[],1629631,,,1610612737,54,70,2025-02-06T01:13:00Z,3430000,False,,,0,,D. Hunter bad pass out-of-bounds TURNOVER (1 TO),[1629631],22400719,1610612737,ATL,bad pass,,,Hunter,D. Hunter,,,,,Above the Break 3,24+ Left Center,,,,,,,,,,,,,203591.0,1.0,,,,,,
347,PT00M00.20S,2025-02-06T01:13:35.7Z,2,REGULAR,rebound,offensive,['team'],0,,,1610612737,54,72,2025-02-06T01:13:41Z,3460000,False,,,0,,TEAM offensive REBOUND,[],22400719,1610612737,ATL,,,,,,,,,,Above the Break 3,24+ Center,,,,,346.0,,,,,,,,,,,,,,,
346,PT00M00.20S,2025-02-06T01:13:35.7Z,2,REGULAR,3pt,Jump Shot,[],1629027,45.28580814717477,32.59803921568628,1610612737,54,72,2025-02-06T01:13:41Z,3450000,False,87.0,373.0,1,left,MISS T. Young 38' pullup 3PT,[1629027],22400719,1610612737,ATL,pullup,,,Young,T. Young,,,,,Above the Break 3,24+ Center,38.32,Missed,,,,,,,,,,,,,,,,,,
356,PT11M46.00S,2025-02-06T01:32:32.6Z,3,REGULAR,turnover,out-of-bounds,[],1629631,,,1610612737,54,72,2025-02-06T01:32:42Z,3550000,False,,,0,,D. Hunter step out-of-bounds TURNOVER (2 TO),[1629631],22400719,1610612737,ATL,step,,,Hunter,D. Hunter,,,,,Mid-Range,8-16 Left,,,,,,,,,,,,,203591.0,2.0,,,,,,
359,PT11M31.00S,2025-02-06T01:32:57.6Z,3,REGULAR,3pt,Jump Shot,[],1629631,69.72733245729303,73.52941176470588,1610612737,57,74,2025-02-06T01:33:04Z,3580000,False,118.0,232.0,1,right,D. Hunter 26' 3PT  (9 PTS) (T. Young 6 AST),"[1629631, 1629027]",22400719,1610612737,ATL,,,,Hunter,D. Hunter,,,,,Above the Break 3,24+ Right Center,26.02,Made,,,,,,,9.0,T. Young,1629027.0,6.0,,,,,,,,
364,PT11M05.00S,2025-02-06T01:33:23.8Z,3,REGULAR,rebound,defensive,[],1630168,,,1610612737,57,74,2025-02-06T01:33:25Z,3630000,False,,,0,,O. Okongwu REBOUND (Off:1 Def:3),[1630168],22400719,1610612737,ATL,,,,Okongwu,O. Okongwu,,,,,Above the Break 3,24+ Left Center,,,,,363.0,4.0,3.0,1.0,,,,,,,,,,,,
365,PT10M54.00S,2025-02-06T01:33:34.4Z,3,REGULAR,2pt,Jump Shot,['pointsinthepaint'],1642258,81.42247043363994,46.81372549019608,1610612737,59,74,2025-02-06T01:33:38Z,3640000,False,-16.0,122.0,1,right,Z. Risacher 12' turnaround fadeaway Jump Shot (6 PTS) (D. Daniels 4 AST),"[1642258, 1630700]",22400719,1610612737,ATL,turnaround fadeaway,,,Risacher,Z. Risacher,,,,,In The Paint (Non-RA),8-16 Center,12.31,Made,,,,,,,6.0,D. Daniels,1630700.0,4.0,,,,,,,,
368,PT10M24.00S,2025-02-06T01:34:03.7Z,3,REGULAR,3pt,Jump Shot,[],1630168,67.88764783180025,42.64705882352941,1610612737,62,77,2025-02-06T01:34:08Z,3670000,False,-37.0,249.0,1,right,O. Okongwu 25' 3PT  (18 PTS) (D. Hunter 3 AST),"[1630168, 1629631]",22400719,1610612737,ATL,,,,Okongwu,O. Okongwu,,,,,Above the Break 3,24+ Center,25.21,Made,,,,,,,18.0,D. Hunter,1629631.0,3.0,,,,,,,,
372,PT10M01.00S,2025-02-06T01:34:27.5Z,3,REGULAR,3pt,Jump Shot,[],1629631,92.06636005256242,4.6568627450980395,1610612737,65,79,2025-02-06T01:34:31Z,3710000,False,-227.0,22.0,1,right,D. Hunter 3PT  (12 PTS) (T. Young 7 AST),"[1629631, 1629027]",22400719,1610612737,ATL,,,,Hunter,D. Hunter,,,,,Left Corner 3,24+ Left,22.78,Made,,,,,,,12.0,T. Young,1629027.0,7.0,,,,,,,,
377,PT09M28.00S,2025-02-06T01:35:22.6Z,3,REGULAR,2pt,Layup,['pointsinthepaint'],1630168,92.9862023653088,51.225490196078425,1610612737,67,81,2025-02-06T01:35:30Z,3760000,False,6.0,13.0,1,right,O. Okongwu cutting Layup (20 PTS) (T. Young 8 AST),"[1630168, 1629027]",22400719,1610612737,ATL,cutting,,,Okongwu,O. Okongwu,,,,,Restricted Area,0-8 Center,1.47,Made,,,,,,,20.0,T. Young,1629027.0,8.0,,,,,,,,
383,PT08M58.00S,2025-02-06T01:39:21.7Z,3,REGULAR,turnover,bad pass,[],1629027,,,1610612737,67,83,2025-02-06T01:39:29Z,3810000,False,,,0,,T. Young bad pass TURNOVER (7 TO),"[1629027, 1628368]",22400719,1610612737,ATL,,,,Young,T. Young,,,,,Above the Break 3,24+ Left Center,,,,,,,,,,,,,,7.0,,,,,Fox,1628368.0
388,PT08M50.00S,2025-02-06T01:39:31.0Z,3,REGULAR,rebound,defensive,[],1630168,,,1610612737,67,83,2025-02-06T01:39:36Z,3860000,False,,,0,,O. Okongwu REBOUND (Off:1 Def:4),[1630168],22400719,1610612737,ATL,,,,Okongwu,O. Okongwu,,,,,Restricted Area,0-8 Center,,,,,387.0,5.0,4.0,1.0,,,,,,,,,,,,
389,PT08M41.00S,2025-02-06T01:39:39.1Z,3,REGULAR,2pt,Layup,['pointsinthepaint'],1629027,92.46057818659659,48.28431372549019,1610612737,67,83,2025-02-06T01:40:52Z,3870000,False,-9.0,18.0,1,right,MISS T. Young driving finger roll Layup,[1629027],22400719,1610612737,ATL,driving finger roll,,,Young,T. Young,,,,,Restricted Area,0-8 Center,2.03,Missed,,,,,,,,,,,,,,,,,,
391,PT08M37.00S,2025-02-06T01:39:42.8Z,3,REGULAR,2pt,Layup,"['pointsinthepaint', '2ndchance']",1630168,94.40999984741211,50.0,1610612737,67,83,2025-02-06T01:39:42Z,3890000,False,0.0,0.0,1,right,MISS O. Okongwu tip Layup,[1630168],22400719,1610612737,ATL,tip,,,Okongwu,O. Okongwu,,,,,Mid-Range,8-16 Left,0.0,Missed,,,,,,,,,,,,,,,,,,
390,PT08M37.00S,2025-02-06T01:39:43.1Z,3,REGULAR,rebound,offensive,[],1630168,,,1610612737,67,83,2025-02-06T01:39:47Z,3880000,False,,,0,,O. Okongwu REBOUND (Off:2 Def:4),[1630168],22400719,1610612737,ATL,,,,Okongwu,O. Okongwu,,,,,Restricted Area,0-8 Center,,,,,389.0,6.0,4.0,2.0,,,,,,,,,,,,
392,PT08M36.00S,2025-02-06T01:39:44.2Z,3,REGULAR,rebound,offensive,[],1630168,,,1610612737,67,83,2025-02-06T01:39:44Z,3900000,False,,,0,,O. Okongwu REBOUND (Off:3 Def:4),[1630168],22400719,1610612737,ATL,,,,Okongwu,O. Okongwu,,,,,Mid-Range,8-16 Left,,,,,391.0,7.0,4.0,3.0,,,,,,,,,,,,
393,PT08M36.00S,2025-02-06T01:39:44.2Z,3,REGULAR,2pt,Layup,"['pointsinthepaint', '2ndchance']",1630168,94.40999984741211,50.0,1610612737,69,83,2025-02-06T01:39:44Z,3910000,False,0.0,0.0,1,right,O. Okongwu putback Layup (22 PTS),[1630168],22400719,1610612737,ATL,putback,,,Okongwu,O. Okongwu,,,,,Mid-Range,8-16 Left,0.0,Made,,,,,,,22.0,,,,,,,,,,,
395,PT08M19.00S,2025-02-06T01:40:01.4Z,3,REGULAR,rebound,defensive,[],1629631,,,1610612737,69,83,2025-02-06T01:40:03Z,3930000,False,,,0,,D. Hunter REBOUND (Off:0 Def:5),[1629631],22400719,1610612737,ATL,,,,Hunter,D. Hunter,,,,,Left Corner 3,24+ Left,,,,,394.0,5.0,5.0,0.0,,,,,,,,,,,,
396,PT08M14.00S,2025-02-06T01:40:06.3Z,3,REGULAR,3pt,Jump Shot,['fastbreak'],1629631,68.01905387647832,32.35294117647059,1610612737,69,83,2025-02-06T01:41:43Z,3940000,False,-88.0,248.0,1,right,MISS D. Hunter 26' running pullup 3PT,[1629631],22400719,1610612737,ATL,running pullup,,,Hunter,D. Hunter,,,,,Above the Break 3,24+ Left Center,26.33,Missed,,,,,,,,,,,,,,,,,,
399,PT07M56.00S,2025-02-06T01:40:24.5Z,3,REGULAR,rebound,defensive,[],1629631,,,1610612737,69,83,2025-02-06T01:40:26Z,3970000,False,,,0,,D. Hunter REBOUND (Off:0 Def:6),[1629631],22400719,1610612737,ATL,,,,Hunter,D. Hunter,,,,,Mid-Range,8-16 Left,,,,,398.0,6.0,6.0,0.0,,,,,,,,,,,,
400,PT07M51.00S,2025-02-06T01:40:29.4Z,3,REGULAR,2pt,Layup,['pointsinthepaint'],1629027,92.32917214191852,51.225490196078425,1610612737,71,83,2025-02-06T01:42:22Z,3980000,False,6.0,20.0,1,right,T. Young driving finger roll Layup (11 PTS) (D. Hunter 4 AST),"[1629027, 1629631]",22400719,1610612737,ATL,driving finger roll,,,Young,T. Young,,,,,Restricted Area,0-8 Center,2.05,Made,,,,,,,11.0,D. Hunter,1629631.0,4.0,,,,,,,,
403,PT07M21.00S,2025-02-06T01:40:59.5Z,3,REGULAR,turnover,bad pass,[],1629027,,,1610612737,71,85,2025-02-06T01:41:06Z,4010000,False,,,0,,T. Young bad pass TURNOVER (8 TO),"[1629027, 1630170]",22400719,1610612737,ATL,,,,Young,T. Young,,,,,In The Paint (Non-RA),8-16 Right,,,,,,,,,,,,,,8.0,,,,,Vassell,1630170.0
408,PT07M03.00S,2025-02-06T01:41:17.0Z,3,REGULAR,2pt,Hook,['pointsinthepaint'],1630168,89.17542706964521,51.225490196078425,1610612737,73,87,2025-02-06T01:43:34Z,4060000,False,6.0,49.0,1,right,O. Okongwu driving Hook (24 PTS) (D. Daniels 5 AST),"[1630168, 1630700]",22400719,1610612737,ATL,driving,,,Okongwu,O. Okongwu,,,,,In The Paint (Non-RA),0-8 Center,4.97,Made,,,,,,,24.0,D. Daniels,1630700.0,5.0,,,,,,,,
414,PT06M50.00S,2025-02-06T01:41:38.5Z,3,REGULAR,substitution,in,[],1630811,,,1610612737,73,87,2025-02-06T01:41:55Z,4120000,False,,,0,,SUB in: K. Wallace,[1630811],22400719,1610612737,ATL,,,,Wallace,K. Wallace,,,,,,,,,,,,,,,,,,,,,,,,,,
411,PT06M50.00S,2025-02-06T01:41:38.5Z,3,REGULAR,substitution,out,[],1642258,,,1610612737,73,87,2025-02-06T01:41:55Z,4090000,False,,,0,,SUB out: Z. Risacher,[1642258],22400719,1610612737,ATL,,,,Risacher,Z. Risacher,,,,,,,,,,,,,,,,,,,,,,,,,,
419,PT06M39.00S,2025-02-06T01:42:29.9Z,3,REGULAR,freethrow,1 of 2,['fromturnover'],1629027,,,1610612737,74,87,2025-02-06T01:42:29Z,4170000,False,,,0,,T. Young Free Throw 1 of 2 (12 PTS),[1629027],22400719,1610612737,ATL,,,,Young,T. Young,,,,,,,,Made,,,,,,,12.0,,,,,,,,,,,
420,PT06M39.00S,2025-02-06T01:42:45.1Z,3,REGULAR,freethrow,2 of 2,['fromturnover'],1629027,,,1610612737,75,87,2025-02-06T01:42:45Z,4180000,False,,,0,,T. Young Free Throw 2 of 2 (13 PTS),[1629027],22400719,1610612737,ATL,,,,Young,T. Young,,,,,,,,Made,,,,,,,13.0,,,,,,,,,,,
423,PT06M15.00S,2025-02-06T01:43:10.9Z,3,REGULAR,2pt,Jump Shot,['pointsinthepaint'],1629027,84.57621550591328,56.372549019607845,1610612737,77,89,2025-02-06T01:43:16Z,4210000,False,32.0,92.0,1,right,T. Young 9' driving floating Jump Shot (15 PTS),[1629027],22400719,1610612737,ATL,driving floating,,,Young,T. Young,,,,,In The Paint (Non-RA),8-16 Center,9.78,Made,,,,,,,15.0,,,,,,,,,,,
425,PT05M59.00S,2025-02-06T01:43:26.1Z,3,REGULAR,rebound,defensive,[],1629631,,,1610612737,77,89,2025-02-06T01:43:27Z,4230000,False,,,0,,D. Hunter REBOUND (Off:0 Def:7),[1629631],22400719,1610612737,ATL,,,,Hunter,D. Hunter,,,,,Above the Break 3,24+ Right Center,,,,,424.0,7.0,7.0,0.0,,,,,,,,,,,,
426,PT05M55.00S,2025-02-06T01:43:30.5Z,3,REGULAR,3pt,Jump Shot,['fastbreak'],1629027,64.47109067017082,75.24509803921569,1610612737,77,89,2025-02-06T01:43:36Z,4240000,False,126.0,281.0,1,right,MISS T. Young 30' running pullup 3PT,[1629027],22400719,1610612737,ATL,running pullup,,,Young,T. Young,,,,,Above the Break 3,24+ Right Center,30.85,Missed,,,,,,,,,,,,,,,,,,
430,PT05M35.00S,2025-02-06T01:43:50.1Z,3,REGULAR,3pt,Jump Shot,[],1630700,79.97700394218134,5.392156862745098,1610612737,77,91,2025-02-06T01:43:55Z,4280000,False,-223.0,136.0,1,right,MISS D. Daniels 26' 3PT,[1630700],22400719,1610612737,ATL,,,,Daniels,D. Daniels,,,,,Above the Break 3,24+ Left Center,26.1,Missed,,,,,,,,,,,,,,,,,,
432,PT05M30.00S,2025-02-06T01:43:55.0Z,3,REGULAR,2pt,Layup,"['pointsinthepaint', '2ndchance']",1630168,94.40999984741211,50.0,1610612737,79,91,2025-02-06T01:43:55Z,4300000,False,0.0,0.0,1,right,O. Okongwu putback Layup (26 PTS),[1630168],22400719,1610612737,ATL,putback,,,Okongwu,O. Okongwu,,,,,Mid-Range,8-16 Left,0.0,Made,,,,,,,26.0,,,,,,,,,,,
431,PT05M30.00S,2025-02-06T01:43:55.1Z,3,REGULAR,rebound,offensive,[],1630168,,,1610612737,77,91,2025-02-06T01:43:55Z,4290000,False,,,0,,O. Okongwu REBOUND (Off:4 Def:4),[1630168],22400719,1610612737,ATL,,,,Okongwu,O. Okongwu,,,,,Above the Break 3,24+ Left Center,,,,,430.0,8.0,4.0,4.0,,,,,,,,,,,,
434,PT04M55.00S,2025-02-06T01:44:30.6Z,3,REGULAR,3pt,Jump Shot,[],1630168,95.22010512483574,96.07843137254902,1610612737,79,93,2025-02-06T01:44:36Z,4320000,False,230.0,-8.0,1,right,MISS O. Okongwu 3PT,[1630168],22400719,1610612737,ATL,,,,Okongwu,O. Okongwu,,,,,Right Corner 3,24+ Right,23.05,Missed,,,,,,,,,,,,,,,,,,
442,PT04M43.00S,2025-02-06T01:45:05.9Z,3,REGULAR,steal,,[],1630700,,,1610612737,79,93,2025-02-06T01:45:07Z,4400000,False,,,0,,D. Daniels STEAL (1 STL),[1630700],22400719,1610612737,ATL,,,,Daniels,D. Daniels,,,,,In The Paint (Non-RA),8-16 Right,,,,,,,,,,,,,,,,,,,,
443,PT04M34.00S,2025-02-06T01:45:14.2Z,3,REGULAR,2pt,Layup,"['pointsinthepaint', 'fromturnover']",1630168,92.85479632063075,47.794117647058826,1610612737,81,93,2025-02-06T01:45:22Z,4410000,False,-11.0,15.0,1,right,O. Okongwu cutting Layup (28 PTS) (T. Young 9 AST),"[1630168, 1629027]",22400719,1610612737,ATL,cutting,,,Okongwu,O. Okongwu,,,,,Restricted Area,0-8 Center,1.84,Made,,,,,,,28.0,T. Young,1629027.0,9.0,,,,,,,,
446,PT04M21.00S,2025-02-06T01:45:27.1Z,3,REGULAR,rebound,defensive,[],1630168,,,1610612737,81,93,2025-02-06T01:45:28Z,4440000,False,,,0,,O. Okongwu REBOUND (Off:4 Def:5),[1630168],22400719,1610612737,ATL,,,,Okongwu,O. Okongwu,,,,,Above the Break 3,24+ Right Center,,,,,445.0,9.0,5.0,4.0,,,,,,,,,,,,
447,PT04M10.00S,2025-02-06T01:45:37.5Z,3,REGULAR,2pt,Jump Shot,['pointsinthepaint'],1629027,91.40932982917214,43.13725490196079,1610612737,83,93,2025-02-06T01:45:42Z,4450000,False,-34.0,28.0,1,right,T. Young driving floating bank Jump Shot (17 PTS),[1629027],22400719,1610612737,ATL,driving floating bank,,,Young,T. Young,,,,,In The Paint (Non-RA),0-8 Center,4.45,Made,,,,,,,17.0,,,,,,,,,,,
449,PT03M55.00S,2025-02-06T01:45:53.2Z,3,REGULAR,steal,,[],1630700,,,1610612737,83,93,2025-02-06T01:45:55Z,4470000,False,,,0,,D. Daniels STEAL (2 STL),[1630700],22400719,1610612737,ATL,,,,Daniels,D. Daniels,,,,,Above the Break 3,24+ Center,,,,,,,,,,,,,,,,,,,,
450,PT03M52.00S,2025-02-06T01:45:56.7Z,3,REGULAR,2pt,DUNK,"['pointsinthepaint', 'fromturnover', 'fastbreak']",1630700,93.64323258869908,50.73529411764706,1610612737,85,93,2025-02-06T01:46:02Z,4480000,False,4.0,7.0,1,right,D. Daniels running DUNK (15 PTS),[1630700],22400719,1610612737,ATL,running,,,Daniels,D. Daniels,,,,,Restricted Area,0-8 Center,0.82,Made,,,,,,,15.0,,,,,,,,,,,
452,PT03M19.00S,2025-02-06T01:46:28.9Z,3,REGULAR,rebound,defensive,[],1630700,,,1610612737,85,93,2025-02-06T01:46:30Z,4500000,False,,,0,,D. Daniels REBOUND (Off:1 Def:4),[1630700],22400719,1610612737,ATL,,,,Daniels,D. Daniels,,,,,Above the Break 3,24+ Left Center,,,,,451.0,5.0,4.0,1.0,,,,,,,,,,,,
453,PT03M13.00S,2025-02-06T01:46:34.3Z,3,REGULAR,3pt,Jump Shot,[],1629631,75.24638633377135,15.196078431372548,1610612737,88,93,2025-02-06T01:49:36Z,4510000,False,-174.0,180.0,1,right,D. Hunter 25' 3PT  (15 PTS) (T. Young 10 AST),"[1629631, 1629027]",22400719,1610612737,ATL,,,,Hunter,D. Hunter,,,,,Above the Break 3,24+ Left Center,25.05,Made,,,,,,,15.0,T. Young,1629027.0,10.0,,,,,,,,
462,PT02M57.00S,2025-02-06T01:50:40.6Z,3,REGULAR,steal,,[],1629631,,,1610612737,88,93,2025-02-06T01:50:43Z,4600000,False,,,0,,D. Hunter STEAL (1 STL),[1629631],22400719,1610612737,ATL,,,,Hunter,D. Hunter,,,,,Above the Break 3,24+ Left Center,,,,,,,,,,,,,,,,,,,,
463,PT02M53.00S,2025-02-06T01:50:44.2Z,3,REGULAR,2pt,Layup,"['fastbreak', 'pointsinthepaint', 'fromturnover']",1629631,93.64323258869908,50.73529411764706,1610612737,88,93,2025-02-06T01:51:51Z,4610000,False,4.0,7.0,1,right,MISS D. Hunter running finger roll Layup - blocked,"[1629631, 1642264]",22400719,1610612737,ATL,running finger roll,,,Hunter,D. Hunter,,,,,Restricted Area,0-8 Center,0.82,Missed,Castle,1642264.0,,,,,,,,,,,,,,,,
465,PT02M47.00S,2025-02-06T01:50:50.2Z,3,REGULAR,rebound,offensive,[],1630700,,,1610612737,88,93,2025-02-06T01:51:04Z,4630000,False,,,0,,D. Daniels REBOUND (Off:2 Def:4),[1630700],22400719,1610612737,ATL,,,,Daniels,D. Daniels,,,,,Restricted Area,0-8 Center,,,,,463.0,6.0,4.0,2.0,,,,,,,,,,,,
466,PT02M47.00S,2025-02-06T01:50:50.3Z,3,REGULAR,2pt,DUNK,"['2ndchance', 'fastbreak', 'pointsinthepaint', 'fromturnover']",1630700,94.40999984741211,50.0,1610612737,90,93,2025-02-06T01:50:57Z,4640000,False,0.0,0.0,1,right,D. Daniels putback DUNK (17 PTS),[1630700],22400719,1610612737,ATL,putback,,,Daniels,D. Daniels,,,,,Restricted Area,0-8 Center,0.0,Made,,,,,,,17.0,,,,,,,,,,,
469,PT02M36.00S,2025-02-06T01:51:04.4Z,3,REGULAR,foul,personal,['2freethrow'],1630700,,,1610612759,90,93,2025-02-06T01:51:35Z,4670000,False,,,0,,D. Daniels shooting personal FOUL (1 PF) (Sochan 2 FT),"[1630700, 1631110]",22400719,1610612737,ATL,shooting,,,Daniels,D. Daniels,,,,,Restricted Area,0-8 Center,,,,,,,,,,,,,202058.0,,1.0,0.0,Sochan,1631110.0,,
476,PT02M23.00S,2025-02-06T01:52:05.6Z,3,REGULAR,turnover,lost ball,[],1630168,,,1610612737,90,94,2025-02-06T01:52:10Z,4740000,False,,,0,,O. Okongwu lost ball TURNOVER (1 TO),"[1630168, 1628368]",22400719,1610612737,ATL,,,,Okongwu,O. Okongwu,,,,,In The Paint (Non-RA),8-16 Center,,,,,,,,,,,,,,1.0,,,,,Fox,1628368.0
479,PT02M07.00S,2025-02-06T01:52:22.6Z,3,REGULAR,rebound,defensive,[],1630168,,,1610612737,90,94,2025-02-06T01:52:24Z,4770000,False,,,0,,O. Okongwu REBOUND (Off:4 Def:6),[1630168],22400719,1610612737,ATL,,,,Okongwu,O. Okongwu,,,,,Restricted Area,0-8 Center,,,,,478.0,10.0,6.0,4.0,,,,,,,,,,,,
480,PT02M00.00S,2025-02-06T01:52:29.0Z,3,REGULAR,3pt,Jump Shot,[],1629631,85.10183968462549,95.09803921568627,1610612737,90,94,2025-02-06T01:52:34Z,4780000,False,225.0,88.0,1,right,MISS D. Hunter 24' 3PT,[1629631],22400719,1610612737,ATL,,,,Hunter,D. Hunter,,,,,Right Corner 3,24+ Right,24.19,Missed,,,,,,,,,,,,,,,,,,
483,PT01M52.00S,2025-02-06T01:52:36.8Z,3,REGULAR,block,,[],1630811,,,1610612759,90,94,2025-02-06T01:52:40Z,4810000,False,,,0,,K. Wallace BLOCK (1 BLK),[1630811],22400719,1610612737,ATL,,,,Wallace,K. Wallace,,,,,Restricted Area,0-8 Center,,,,,,,,,,,,,,,,,,,,
487,PT01M29.00S,2025-02-06T01:53:00.3Z,3,REGULAR,2pt,DUNK,['pointsinthepaint'],1630700,93.24901445466492,49.50980392156863,1610612737,92,97,2025-02-06T01:53:07Z,4850000,False,-2.0,11.0,1,right,D. Daniels cutting DUNK (19 PTS) (O. Okongwu 5 AST),"[1630700, 1630168]",22400719,1610612737,ATL,cutting,,,Daniels,D. Daniels,,,,,Restricted Area,0-8 Center,1.13,Made,,,,,,,19.0,O. Okongwu,1630168.0,5.0,,,,,,,,
491,PT00M59.50S,2025-02-06T01:53:30.5Z,3,REGULAR,turnover,bad pass,[],1629027,,,1610612737,92,99,2025-02-06T01:53:35Z,4890000,False,,,0,,T. Young bad pass TURNOVER (9 TO),"[1629027, 1631110]",22400719,1610612737,ATL,,,,Young,T. Young,,,,,In The Paint (Non-RA),8-16 Center,,,,,,,,,,,,,,9.0,,,,,Sochan,1631110.0
495,PT00M49.50S,2025-02-06T01:53:43.2Z,3,REGULAR,2pt,Jump Shot,['pointsinthepaint'],1629631,91.80354796320631,42.40196078431372,1610612737,94,101,2025-02-06T01:53:48Z,4930000,False,-38.0,25.0,1,right,D. Hunter driving floating Jump Shot (17 PTS) (T. Young 11 AST),"[1629631, 1629027]",22400719,1610612737,ATL,driving floating,,,Hunter,D. Hunter,,,,,In The Paint (Non-RA),0-8 Center,4.52,Made,,,,,,,17.0,T. Young,1629027.0,11.0,,,,,,,,
498,PT00M27.80S,2025-02-06T01:54:07.2Z,3,REGULAR,rebound,defensive,[],1630168,,,1610612737,94,101,2025-02-06T01:54:08Z,4960000,False,,,0,,O. Okongwu REBOUND (Off:4 Def:7),[1630168],22400719,1610612737,ATL,,,,Okongwu,O. Okongwu,,,,,In The Paint (Non-RA),0-8 Center,,,,,497.0,11.0,7.0,4.0,,,,,,,,,,,,
501,PT00M08.30S,2025-02-06T01:54:43.7Z,3,REGULAR,3pt,Jump Shot,[],1629027,67.23061760840999,52.20588235294118,1610612737,97,101,2025-02-06T01:54:47Z,4990000,False,11.0,256.0,1,right,T. Young 25' 3PT pullup (20 PTS),[1629027],22400719,1610612737,ATL,pullup,,,Young,T. Young,,,,,Above the Break 3,24+ Center,25.57,Made,,,,,,,20.0,,,,,,,,,,,
515,PT12M00.00S,2025-02-06T01:58:17.6Z,4,REGULAR,substitution,in,['startperiod'],1630249,,,1610612737,97,103,2025-02-06T01:58:31Z,5120000,False,,,0,,SUB in: V. Krejčí,[1630249],22400719,1610612737,ATL,,,,Krejčí,V. Krejčí,,,,,,,,,,,,,,,,,,,,,,,,,,
514,PT12M00.00S,2025-02-06T01:58:17.6Z,4,REGULAR,substitution,in,['startperiod'],1626204,,,1610612737,97,103,2025-02-06T01:58:31Z,5110000,False,,,0,,SUB in: L. Nance Jr.,[1626204],22400719,1610612737,ATL,,,,Nance Jr.,L. Nance Jr.,,,,,,,,,,,,,,,,,,,,,,,,,,
513,PT12M00.00S,2025-02-06T01:58:17.6Z,4,REGULAR,substitution,in,['startperiod'],1642258,,,1610612737,97,103,2025-02-06T01:58:31Z,5100000,False,,,0,,SUB in: Z. Risacher,[1642258],22400719,1610612737,ATL,,,,Risacher,Z. Risacher,,,,,,,,,,,,,,,,,,,,,,,,,,
509,PT12M00.00S,2025-02-06T01:58:17.6Z,4,REGULAR,substitution,out,['startperiod'],1630168,,,1610612737,97,103,2025-02-06T01:58:31Z,5060000,False,,,0,,SUB out: O. Okongwu,[1630168],22400719,1610612737,ATL,,,,Okongwu,O. Okongwu,,,,,,,,,,,,,,,,,,,,,,,,,,
508,PT12M00.00S,2025-02-06T01:58:17.6Z,4,REGULAR,substitution,out,['startperiod'],1629027,,,1610612737,97,103,2025-02-06T01:58:31Z,5050000,False,,,0,,SUB out: T. Young,[1629027],22400719,1610612737,ATL,,,,Young,T. Young,,,,,,,,,,,,,,,,,,,,,,,,,,
507,PT12M00.00S,2025-02-06T01:58:17.6Z,4,REGULAR,substitution,out,['startperiod'],1630700,,,1610612737,97,103,2025-02-06T01:58:31Z,5040000,False,,,0,,SUB out: D. Daniels,[1630700],22400719,1610612737,ATL,,,,Daniels,D. Daniels,,,,,,,,,,,,,,,,,,,,,,,,,,
521,PT11M42.00S,2025-02-06T01:58:57.4Z,4,REGULAR,rebound,defensive,[],1629631,,,1610612737,97,103,2025-02-06T01:59:00Z,5180000,False,,,0,,D. Hunter REBOUND (Off:0 Def:8),[1629631],22400719,1610612737,ATL,,,,Hunter,D. Hunter,,,,,Restricted Area,0-8 Center,,,,,520.0,8.0,8.0,0.0,,,,,,,,,,,,
522,PT11M38.00S,2025-02-06T01:59:01.3Z,4,REGULAR,3pt,Jump Shot,['fastbreak'],1630249,82.86793692509855,3.9215686274509802,1610612737,100,103,2025-02-06T01:59:07Z,5190000,False,-230.0,109.0,1,right,V. Krejčí 25' 3PT running (5 PTS) (D. Hunter 5 AST),"[1630249, 1629631]",22400719,1610612737,ATL,running,,,Krejčí,V. Krejčí,,,,,Above the Break 3,24+ Left Center,25.47,Made,,,,,,,5.0,D. Hunter,1629631.0,5.0,,,,,,,,
528,PT11M19.00S,2025-02-06T01:59:25.3Z,4,REGULAR,foul,personal,[],1629631,,,1610612759,100,103,2025-02-06T01:59:32Z,5250000,False,,,0,,D. Hunter personal FOUL (2 PF),"[1629631, 1641705]",22400719,1610612737,ATL,,,,Hunter,D. Hunter,,,,,In The Paint (Non-RA),0-8 Center,,,,,,,,,,,,,202058.0,,2.0,0.0,Wembanyama,1641705.0,,
532,PT10M48.00S,2025-02-06T02:00:16.3Z,4,REGULAR,3pt,Jump Shot,[],1630811,72.7496714848883,81.12745098039215,1610612737,100,105,2025-02-06T02:02:06Z,5290000,False,156.0,204.0,1,right,MISS K. Wallace 25' pullup 3PT,[1630811],22400719,1610612737,ATL,pullup,,,Wallace,K. Wallace,,,,,Above the Break 3,24+ Right Center,25.63,Missed,,,,,,,,,,,,,,,,,,
612,PT10M18.00S,2025-02-06T02:00:57.3Z,4,REGULAR,turnover,lost ball,[],1629631,,,1610612737,100,107,2025-02-06T02:12:29Z,5345000,False,,,0,,D. Hunter lost ball TURNOVER (3 TO),"[1629631, 1630577]",22400719,1610612737,ATL,,,,Hunter,D. Hunter,,,,,In The Paint (Non-RA),8-16 Left,,,,,,,,,,,,,,3.0,,,,,Champagnie,1630577.0
541,PT10M02.00S,2025-02-06T02:01:18.0Z,4,REGULAR,substitution,out,[],1630811,,,1610612737,100,107,2025-02-06T02:01:22Z,5380000,False,,,0,,SUB out: K. Wallace,[1630811],22400719,1610612737,ATL,,,,Wallace,K. Wallace,,,,,,,,,,,,,,,,,,,,,,,,,,
542,PT10M02.00S,2025-02-06T02:01:18.0Z,4,REGULAR,substitution,out,[],1629631,,,1610612737,100,107,2025-02-06T02:01:22Z,5390000,False,,,0,,SUB out: D. Hunter,[1629631],22400719,1610612737,ATL,,,,Hunter,D. Hunter,,,,,,,,,,,,,,,,,,,,,,,,,,
543,PT10M02.00S,2025-02-06T02:01:18.0Z,4,REGULAR,substitution,in,[],1631230,,,1610612737,100,107,2025-02-06T02:01:22Z,5400000,False,,,0,,SUB in: D. Barlow,[1631230],22400719,1610612737,ATL,,,,Barlow,D. Barlow,,,,,,,,,,,,,,,,,,,,,,,,,,
544,PT10M02.00S,2025-02-06T02:01:18.0Z,4,REGULAR,substitution,in,[],1629027,,,1610612737,100,107,2025-02-06T02:01:22Z,5410000,False,,,0,,SUB in: T. Young,[1629027],22400719,1610612737,ATL,,,,Young,T. Young,,,,,,,,,,,,,,,,,,,,,,,,,,
546,PT09M50.00S,2025-02-06T02:02:01.7Z,4,REGULAR,freethrow,1 of 1,[],1629027,,,1610612737,101,107,2025-02-06T02:02:01Z,5430000,False,,,0,,T. Young technical Free Throw 1 of 1 (21 PTS),[1629027],22400719,1610612737,ATL,technical,,,Young,T. Young,,,,,,,,Made,,,,,,,21.0,,,,,,,,,,,
547,PT09M45.00S,2025-02-06T02:02:20.3Z,4,REGULAR,2pt,Layup,"['pointsinthepaint', 'fromturnover']",1631230,93.38042049934296,50.98039215686274,1610612737,103,107,2025-02-06T02:02:25Z,5440000,False,5.0,10.0,1,right,D. Barlow cutting Layup (2 PTS) (T. Young 12 AST),"[1631230, 1629027]",22400719,1610612737,ATL,cutting,,,Barlow,D. Barlow,,,,,Restricted Area,0-8 Center,1.09,Made,,,,,,,2.0,T. Young,1629027.0,12.0,,,,,,,,
551,PT09M45.00S,2025-02-06T02:02:58.6Z,4,REGULAR,freethrow,1 of 1,['fromturnover'],1631230,,,1610612737,103,107,2025-02-06T02:03:00Z,5480000,False,,,0,,MISS D. Barlow Free Throw 1 of 1,[1631230],22400719,1610612737,ATL,,,,Barlow,D. Barlow,,,,,,,,Missed,,,,,,,,,,,,,,,,,,
554,PT09M39.00S,2025-02-06T02:03:04.2Z,4,REGULAR,block,,[],1631230,,,1610612759,103,107,2025-02-06T02:03:06Z,5510000,False,,,0,,D. Barlow BLOCK (2 BLK),[1631230],22400719,1610612737,ATL,,,,Barlow,D. Barlow,,,,,Restricted Area,0-8 Center,,,,,,,,,,,,,,,,,,,,
555,PT09M38.00S,2025-02-06T02:03:05.2Z,4,REGULAR,rebound,defensive,[],1631230,,,1610612737,103,107,2025-02-06T02:03:14Z,5520000,False,,,0,,D. Barlow REBOUND (Off:0 Def:3),[1631230],22400719,1610612737,ATL,,,,Barlow,D. Barlow,,,,,Restricted Area,0-8 Center,,,,,553.0,3.0,3.0,0.0,,,,,,,,,,,,
557,PT09M14.00S,2025-02-06T02:03:38.7Z,4,REGULAR,2pt,Layup,['pointsinthepaint'],1642258,90.75229960578186,43.872549019607845,1610612737,103,107,2025-02-06T02:04:55Z,5540000,False,-31.0,34.0,1,right,MISS Z. Risacher driving finger roll Layup,[1642258],22400719,1610612737,ATL,driving finger roll,,,Risacher,Z. Risacher,,,,,In The Paint (Non-RA),0-8 Center,4.6,Missed,,,,,,,,,,,,,,,,,,
558,PT09M11.00S,2025-02-06T02:03:41.7Z,4,REGULAR,rebound,offensive,[],1630249,,,1610612737,103,107,2025-02-06T02:04:55Z,5550000,False,,,0,,V. Krejčí REBOUND (Off:1 Def:2),[1630249],22400719,1610612737,ATL,,,,Krejčí,V. Krejčí,,,,,In The Paint (Non-RA),0-8 Center,,,,,557.0,3.0,2.0,1.0,,,,,,,,,,,,
559,PT09M06.00S,2025-02-06T02:03:47.1Z,4,REGULAR,2pt,Layup,"['pointsinthepaint', '2ndchance']",1631230,94.1688567674113,48.77450980392157,1610612737,103,107,2025-02-06T02:03:52Z,5560000,False,-6.0,2.0,1,right,MISS D. Barlow driving Layup - blocked,"[1631230, 1641705]",22400719,1610612737,ATL,driving,,,Barlow,D. Barlow,,,,,Restricted Area,0-8 Center,0.65,Missed,Wembanyama,1641705.0,,,,,,,,,,,,,,,,
562,PT09M05.00S,2025-02-06T02:03:52.0Z,4,REGULAR,foul,personal,[],1642258,,,1610612759,103,107,2025-02-06T02:04:23Z,5590000,False,,,0,,Z. Risacher personal FOUL (3 PF),"[1642258, 1642264]",22400719,1610612737,ATL,,,,Risacher,Z. Risacher,,,,,Above the Break 3,24+ Center,,,,,,,,,,,,,203591.0,,3.0,0.0,Castle,1642264.0,,
566,PT08M47.00S,2025-02-06T02:04:39.0Z,4,REGULAR,3pt,Jump Shot,[],1631230,95.48291721419186,3.1862745098039214,1610612737,106,109,2025-02-06T02:04:45Z,5630000,False,-234.0,-10.0,1,right,D. Barlow 3PT  (5 PTS) (V. Krejčí 1 AST),"[1631230, 1630249]",22400719,1610612737,ATL,,,,Barlow,D. Barlow,,,,,Left Corner 3,24+ Left,23.43,Made,,,,,,,5.0,V. Krejčí,1630249.0,1.0,,,,,,,,
569,PT08M25.00S,2025-02-06T02:05:01.6Z,4,REGULAR,rebound,defensive,[],1626204,,,1610612737,106,109,2025-02-06T02:05:04Z,5660000,False,,,0,,L. Nance Jr. REBOUND (Off:0 Def:2),[1626204],22400719,1610612737,ATL,,,,Nance Jr.,L. Nance Jr.,,,,,Mid-Range,24+ Left Center,,,,,568.0,2.0,2.0,0.0,,,,,,,,,,,,
572,PT08M17.00S,2025-02-06T02:05:49.0Z,4,REGULAR,freethrow,1 of 2,[],1626204,,,1610612737,107,109,2025-02-06T02:06:21Z,5690000,False,,,0,,L. Nance Jr. Free Throw 1 of 2 (1 PTS),[1626204],22400719,1610612737,ATL,,,,Nance Jr.,L. Nance Jr.,,,,,,,,Made,,,,,,,1.0,,,,,,,,,,,
579,PT08M17.00S,2025-02-06T02:05:49.0Z,4,REGULAR,freethrow,2 of 2,[],1626204,,,1610612737,107,109,2025-02-06T02:06:21Z,5760000,False,,,0,,MISS L. Nance Jr. Free Throw 2 of 2,[1626204],22400719,1610612737,ATL,,,,Nance Jr.,L. Nance Jr.,,,,,,,,Missed,,,,,,,,,,,,,,,,,,
576,PT08M17.00S,2025-02-06T02:05:52.0Z,4,REGULAR,substitution,in,[],1630700,,,1610612737,107,109,2025-02-06T02:06:03Z,5730000,False,,,0,,SUB in: D. Daniels,[1630700],22400719,1610612737,ATL,,,,Daniels,D. Daniels,,,,,,,,,,,,,,,,,,,,,,,,,,
573,PT08M17.00S,2025-02-06T02:05:52.0Z,4,REGULAR,substitution,out,[],1642258,,,1610612737,107,109,2025-02-06T02:06:03Z,5700000,False,,,0,,SUB out: Z. Risacher,[1642258],22400719,1610612737,ATL,,,,Risacher,Z. Risacher,,,,,,,,,,,,,,,,,,,,,,,,,,
582,PT07M57.00S,2025-02-06T02:06:37.3Z,4,REGULAR,rebound,defensive,[],1630700,,,1610612737,107,109,2025-02-06T02:06:40Z,5790000,False,,,0,,D. Daniels REBOUND (Off:2 Def:5),[1630700],22400719,1610612737,ATL,,,,Daniels,D. Daniels,,,,,In The Paint (Non-RA),8-16 Center,,,,,581.0,7.0,5.0,2.0,,,,,,,,,,,,
583,PT07M54.00S,2025-02-06T02:06:41.1Z,4,REGULAR,turnover,lost ball,[],1630700,,,1610612737,107,109,2025-02-06T02:06:46Z,5800000,False,,,0,,D. Daniels lost ball TURNOVER (1 TO),"[1630700, 1628368]",22400719,1610612737,ATL,,,,Daniels,D. Daniels,,,,,Above the Break 3,24+ Center,,,,,,,,,,,,,,1.0,,,,,Fox,1628368.0
587,PT07M38.00S,2025-02-06T02:06:56.4Z,4,REGULAR,2pt,Jump Shot,['pointsinthepaint'],1629027,82.07950065703022,43.38235294117647,1610612737,109,111,2025-02-06T02:07:00Z,5840000,False,-33.0,116.0,1,right,T. Young 12' pullup Jump Shot (23 PTS),[1629027],22400719,1610612737,ATL,pullup,,,Young,T. Young,,,,,In The Paint (Non-RA),8-16 Center,12.06,Made,,,,,,,23.0,,,,,,,,,,,
589,PT07M22.00S,2025-02-06T02:07:12.2Z,4,REGULAR,block,,[],1631230,,,1610612759,109,111,2025-02-06T02:07:14Z,5860000,False,,,0,,D. Barlow BLOCK (3 BLK),[1631230],22400719,1610612737,ATL,,,,Barlow,D. Barlow,,,,,Restricted Area,0-8 Center,,,,,,,,,,,,,,,,,,,,
592,PT07M02.00S,2025-02-06T02:07:32.2Z,4,REGULAR,2pt,Jump Shot,[],1631230,94.82588699080158,79.65686274509804,1610612737,109,113,2025-02-06T02:07:37Z,5890000,False,148.0,-4.0,1,right,MISS D. Barlow 14' Jump Shot,[1631230],22400719,1610612737,ATL,,,,Barlow,D. Barlow,,,,,Mid-Range,8-16 Right,14.84,Missed,,,,,,,,,,,,,,,,,,
595,PT06M44.00S,2025-02-06T02:07:49.8Z,4,REGULAR,rebound,defensive,[],1626204,,,1610612737,109,113,2025-02-06T02:07:52Z,5920000,False,,,0,,L. Nance Jr. REBOUND (Off:0 Def:3),[1626204],22400719,1610612737,ATL,,,,Nance Jr.,L. Nance Jr.,,,,,In The Paint (Non-RA),0-8 Center,,,,,594.0,3.0,3.0,0.0,,,,,,,,,,,,
596,PT06M35.00S,2025-02-06T02:07:59.6Z,4,REGULAR,2pt,Jump Shot,[],1630249,75.77201051248358,44.85294117647059,1610612737,109,113,2025-02-06T02:08:04Z,5930000,False,-26.0,175.0,1,right,MISS V. Krejčí 17' Jump Shot,[1630249],22400719,1610612737,ATL,,,,Krejčí,V. Krejčí,,,,,Mid-Range,16-24 Center,17.71,Missed,,,,,,,,,,,,,,,,,,
600,PT06M12.00S,2025-02-06T02:08:27.6Z,4,REGULAR,timeout,full,"['team', 'mandatory']",0,,,1610612737,109,116,2025-02-06T02:08:27Z,5970000,False,,,0,,ATL Timeout,[],22400719,1610612737,ATL,,,,,,,,,,,,,,,,,,,,,,,,,,,,,,,
607,PT06M12.00S,2025-02-06T02:10:49.6Z,4,REGULAR,substitution,in,[],1630168,,,1610612737,109,116,2025-02-06T02:12:02Z,6040000,False,,,0,,SUB in: O. Okongwu,[1630168],22400719,1610612737,ATL,,,,Okongwu,O. Okongwu,,,,,,,,,,,,,,,,,,,,,,,,,,
606,PT06M12.00S,2025-02-06T02:10:49.6Z,4,REGULAR,substitution,in,[],1629631,,,1610612737,109,116,2025-02-06T02:12:02Z,6030000,False,,,0,,SUB in: D. Hunter,[1629631],22400719,1610612737,ATL,,,,Hunter,D. Hunter,,,,,,,,,,,,,,,,,,,,,,,,,,
601,PT06M12.00S,2025-02-06T02:10:49.6Z,4,REGULAR,substitution,out,[],1626204,,,1610612737,109,116,2025-02-06T02:12:02Z,5980000,False,,,0,,SUB out: L. Nance Jr.,[1626204],22400719,1610612737,ATL,,,,Nance Jr.,L. Nance Jr.,,,,,,,,,,,,,,,,,,,,,,,,,,
602,PT06M12.00S,2025-02-06T02:10:49.6Z,4,REGULAR,substitution,out,[],1631230,,,1610612737,109,116,2025-02-06T02:12:02Z,5990000,False,,,0,,SUB out: D. Barlow,[1631230],22400719,1610612737,ATL,,,,Barlow,D. Barlow,,,,,,,,,,,,,,,,,,,,,,,,,,
611,PT05M54.00S,2025-02-06T02:12:28.3Z,4,REGULAR,turnover,traveling,[],1630700,,,1610612737,109,116,2025-02-06T02:12:43Z,6080000,False,,,0,,D. Daniels traveling TURNOVER (2 TO),[1630700],22400719,1610612737,ATL,,,,Daniels,D. Daniels,,,,,In The Paint (Non-RA),8-16 Center,,,,,,,,,,,,,1628951.0,2.0,,,,,,
615,PT05M37.00S,2025-02-06T02:12:53.2Z,4,REGULAR,rebound,defensive,[],1629631,,,1610612737,109,116,2025-02-06T02:12:55Z,6100000,False,,,0,,D. Hunter REBOUND (Off:0 Def:9),[1629631],22400719,1610612737,ATL,,,,Hunter,D. Hunter,,,,,Restricted Area,0-8 Center,,,,,614.0,9.0,9.0,0.0,,,,,,,,,,,,
616,PT05M32.00S,2025-02-06T02:12:58.6Z,4,REGULAR,2pt,DUNK,['pointsinthepaint'],1630168,93.64323258869908,50.245098039215684,1610612737,111,116,2025-02-06T02:22:52Z,6110000,False,1.0,7.0,1,right,O. Okongwu cutting DUNK (30 PTS) (D. Daniels 6 AST),"[1630168, 1630700]",22400719,1610612737,ATL,cutting,,,Okongwu,O. Okongwu,,,,,Restricted Area,0-8 Center,0.74,Made,,,,,,,30.0,D. Daniels,1630700.0,6.0,,,,,,,,
620,PT04M54.00S,2025-02-06T02:13:52.8Z,4,REGULAR,3pt,Jump Shot,[],1630168,69.72733245729303,26.96078431372549,1610612737,111,118,2025-02-06T02:13:59Z,6150000,False,-115.0,232.0,1,right,MISS O. Okongwu 25' 3PT,[1630168],22400719,1610612737,ATL,,,,Okongwu,O. Okongwu,,,,,Above the Break 3,24+ Left Center,25.91,Missed,,,,,,,,,,,,,,,,,,
621,PT04M53.00S,2025-02-06T02:13:53.8Z,4,REGULAR,rebound,offensive,['team'],0,,,1610612737,111,118,2025-02-06T02:13:59Z,6160000,False,,,0,,TEAM offensive REBOUND,[],22400719,1610612737,ATL,,,,,,,,,,Above the Break 3,24+ Left Center,,,,,620.0,,,,,,,,,,,,,,,
627,PT04M46.00S,2025-02-06T02:14:38.3Z,4,REGULAR,2pt,Jump Shot,"['pointsinthepaint', '2ndchance']",1630700,91.93495400788436,45.588235294117645,1610612737,111,118,2025-02-06T02:14:43Z,6210000,False,-22.0,23.0,1,right,MISS D. Daniels driving floating bank Shot,[1630700],22400719,1610612737,ATL,driving floating bank,,,Daniels,D. Daniels,,,,,Restricted Area,0-8 Center,3.21,Missed,,,,,,,,,,,,,,,,,,
630,PT04M41.00S,2025-02-06T02:14:43.2Z,4,REGULAR,steal,,[],1629631,,,1610612737,111,118,2025-02-06T02:14:45Z,6240000,False,,,0,,D. Hunter STEAL (2 STL),[1629631],22400719,1610612737,ATL,,,,Hunter,D. Hunter,,,,,Mid-Range,16-24 Center,,,,,,,,,,,,,,,,,,,,
631,PT04M36.00S,2025-02-06T02:14:48.0Z,4,REGULAR,3pt,Jump Shot,"['fromturnover', 'fastbreak']",1629027,71.17279894875165,21.813725490196077,1610612737,114,118,2025-02-06T02:14:54Z,6250000,False,-141.0,218.0,1,right,T. Young 26' 3PT step back (26 PTS) (V. Krejčí 2 AST),"[1629027, 1630249]",22400719,1610612737,ATL,step back,,,Young,T. Young,,,,,Above the Break 3,24+ Left Center,26.0,Made,,,,,,,26.0,V. Krejčí,1630249.0,2.0,,,,,,,,
637,PT04M19.00S,2025-02-06T02:18:42.9Z,4,REGULAR,rebound,defensive,[],1630249,,,1610612737,114,118,2025-02-06T02:18:43Z,6310000,False,,,0,,V. Krejčí REBOUND (Off:1 Def:3),[1630249],22400719,1610612737,ATL,,,,Krejčí,V. Krejčí,,,,,Mid-Range,8-16 Left,,,,,636.0,4.0,3.0,1.0,,,,,,,,,,,,
638,PT04M09.00S,2025-02-06T02:18:52.7Z,4,REGULAR,3pt,Jump Shot,[],1629631,74.72076215505913,14.950980392156863,1610612737,114,118,2025-02-06T02:18:58Z,6320000,False,-175.0,185.0,1,right,MISS D. Hunter 25' 3PT,[1629631],22400719,1610612737,ATL,,,,Hunter,D. Hunter,,,,,Above the Break 3,24+ Left Center,25.49,Missed,,,,,,,,,,,,,,,,,,
642,PT03M50.00S,2025-02-06T02:19:11.3Z,4,REGULAR,2pt,Jump Shot,['pointsinthepaint'],1629027,86.41590013140605,40.931372549019606,1610612737,116,120,2025-02-06T02:19:15Z,6360000,False,-45.0,75.0,1,right,T. Young 8' driving floating Jump Shot (28 PTS),[1629027],22400719,1610612737,ATL,driving floating,,,Young,T. Young,,,,,In The Paint (Non-RA),8-16 Center,8.78,Made,,,,,,,28.0,,,,,,,,,,,
646,PT03M26.00S,2025-02-06T02:19:36.0Z,4,REGULAR,rebound,defensive,[],1629027,,,1610612737,116,120,2025-02-06T02:19:42Z,6400000,False,,,0,,T. Young REBOUND (Off:0 Def:2),[1629027],22400719,1610612737,ATL,,,,Young,T. Young,,,,,Above the Break 3,24+ Right Center,,,,,645.0,2.0,2.0,0.0,,,,,,,,,,,,
647,PT03M13.00S,2025-02-06T02:19:48.2Z,4,REGULAR,2pt,Jump Shot,['pointsinthepaint'],1629027,91.40932982917214,55.392156862745104,1610612737,116,120,2025-02-06T02:19:53Z,6410000,False,27.0,28.0,1,right,MISS T. Young driving floating bank Shot,[1629027],22400719,1610612737,ATL,driving floating bank,,,Young,T. Young,,,,,Restricted Area,0-8 Center,3.91,Missed,,,,,,,,,,,,,,,,,,
657,PT02M28.00S,2025-02-06T02:21:06.0Z,4,REGULAR,3pt,Jump Shot,[],1629027,95.48291721419186,95.34313725490196,1610612737,116,123,2025-02-06T02:21:12Z,6510000,False,227.0,-10.0,1,right,MISS T. Young step back 3PT,[1629027],22400719,1610612737,ATL,step back,,,Young,T. Young,,,,,Right Corner 3,24+ Right,22.69,Missed,,,,,,,,,,,,,,,,,,
658,PT02M27.00S,2025-02-06T02:21:07.0Z,4,REGULAR,rebound,offensive,[],1629631,,,1610612737,116,123,2025-02-06T02:21:12Z,6520000,False,,,0,,D. Hunter REBOUND (Off:1 Def:9),[1629631],22400719,1610612737,ATL,,,,Hunter,D. Hunter,,,,,Right Corner 3,24+ Right,,,,,657.0,10.0,9.0,1.0,,,,,,,,,,,,
659,PT02M21.00S,2025-02-06T02:21:12.6Z,4,REGULAR,2pt,Jump Shot,"['pointsinthepaint', '2ndchance']",1629631,82.86793692509855,41.66666666666667,1610612737,118,123,2025-02-06T02:29:39Z,6530000,False,-42.0,109.0,1,right,D. Hunter 11' Jump Shot (19 PTS),[1629631],22400719,1610612737,ATL,,,,Hunter,D. Hunter,,,,,In The Paint (Non-RA),8-16 Center,11.62,Made,,,,,,,19.0,,,,,,,,,,,
661,PT01M59.00S,2025-02-06T02:21:36.0Z,4,REGULAR,rebound,defensive,[],1630168,,,1610612737,118,123,2025-02-06T02:21:38Z,6550000,False,,,0,,O. Okongwu REBOUND (Off:4 Def:8),[1630168],22400719,1610612737,ATL,,,,Okongwu,O. Okongwu,,,,,Above the Break 3,24+ Right Center,,,,,660.0,12.0,8.0,4.0,,,,,,,,,,,,
662,PT01M49.00S,2025-02-06T02:21:45.7Z,4,REGULAR,3pt,Jump Shot,[],1629631,77.08607095926413,89.2156862745098,1610612737,121,123,2025-02-06T02:21:50Z,6560000,False,196.0,163.0,1,right,D. Hunter 25' 3PT  (22 PTS) (D. Daniels 7 AST),"[1629631, 1630700]",22400719,1610612737,ATL,,,,Hunter,D. Hunter,,,,,Above the Break 3,24+ Right Center,25.49,Made,,,,,,,22.0,D. Daniels,1630700.0,7.0,,,,,,,,
668,PT01M13.00S,2025-02-06T02:22:30.7Z,4,REGULAR,foul,personal,[],1630700,,,1610612759,121,123,2025-02-06T02:22:38Z,6620000,False,,,0,,D. Daniels loose ball personal FOUL (2 PF),"[1630700, 1641705]",22400719,1610612737,ATL,loose ball,,,Daniels,D. Daniels,,,,,Restricted Area,0-8 Center,,,,,,,,,,,,,202058.0,,2.0,0.0,Wembanyama,1641705.0,,
671,PT00M54.50S,2025-02-06T02:23:23.3Z,4,REGULAR,rebound,defensive,[],1630700,,,1610612737,121,123,2025-02-06T02:23:23Z,6650000,False,,,0,,D. Daniels REBOUND (Off:2 Def:6),[1630700],22400719,1610612737,ATL,,,,Daniels,D. Daniels,,,,,In The Paint (Non-RA),8-16 Center,,,,,670.0,8.0,6.0,2.0,,,,,,,,,,,,
674,PT00M48.90S,2025-02-06T02:23:59.2Z,4,REGULAR,freethrow,1 of 2,[],1629027,,,1610612737,122,123,2025-02-06T02:23:59Z,6680000,False,,,0,,T. Young Free Throw 1 of 2 (29 PTS),[1629027],22400719,1610612737,ATL,,,,Young,T. Young,,,,,,,,Made,,,,,,,29.0,,,,,,,,,,,
677,PT00M48.90S,2025-02-06T02:24:20.2Z,4,REGULAR,freethrow,2 of 2,[],1629027,,,1610612737,123,123,2025-02-06T02:24:20Z,6710000,False,,,0,,T. Young Free Throw 2 of 2 (30 PTS),[1629027],22400719,1610612737,ATL,,,,Young,T. Young,,,,,,,,Made,,,,,,,30.0,,,,,,,,,,,
681,PT00M17.30S,2025-02-06T02:24:59.5Z,4,REGULAR,timeout,full,['team'],0,,,1610612737,123,125,2025-02-06T02:24:59Z,6750000,False,,,0,,ATL Timeout,[],22400719,1610612737,ATL,,,,,,,,,,,,,,,,,,,,,,,,,,,,,,,
684,PT00M08.50S,2025-02-06T02:26:59.6Z,4,REGULAR,2pt,Jump Shot,['pointsinthepaint'],1629027,83.13074901445466,62.254901960784316,1610612737,125,125,2025-02-06T02:27:06Z,6780000,False,61.0,106.0,1,right,T. Young 12' driving floating Jump Shot (32 PTS),[1629027],22400719,1610612737,ATL,driving floating,,,Young,T. Young,,,,,In The Paint (Non-RA),8-16 Center,12.25,Made,,,,,,,32.0,,,,,,,,,,,
689,PT00M02.90S,2025-02-06T02:28:51.9Z,4,REGULAR,foul,personal,"['inpenalty', '2freethrow']",1630168,,,1610612759,125,125,2025-02-06T02:34:21Z,6830000,False,,,0,,O. Okongwu shooting personal FOUL (2 PF) (Wembanyama 2 FT),"[1630168, 1641705]",22400719,1610612737,ATL,shooting,,,Okongwu,O. Okongwu,,,,,Restricted Area,0-8 Center,,,,,,,,,,,,,202058.0,,2.0,0.0,Wembanyama,1641705.0,,
691,PT00M02.90S,2025-02-06T02:29:44.8Z,4,REGULAR,timeout,full,['team'],0,,,1610612759,125,125,2025-02-06T02:34:29Z,6850000,False,,,0,,ATL Timeout,[],22400719,1610612737,ATL,,,,,,,,,,,,,,,,,,,,,,,,,,,,,,,
697,PT00M01.10S,2025-02-06T02:32:02.9Z,4,REGULAR,rebound,defensive,[],1630249,,,1610612737,125,126,2025-02-06T02:34:57Z,6910000,False,,,0,,V. Krejčí REBOUND (Off:1 Def:4),[1630249],22400719,1610612737,ATL,,,,Krejčí,V. Krejčí,,,,,,,,,,,696.0,5.0,4.0,1.0,,,,,,,,,,,,
698,PT00M00.40S,2025-02-06T02:32:28.4Z,4,REGULAR,3pt,Jump Shot,[],1629027,46.86268068331143,48.529411764705884,1610612737,125,126,2025-02-06T02:34:00Z,6920000,False,-7.0,447.0,1,right,MISS T. Young 44' pullup 3PT,[1629027],22400719,1610612737,ATL,pullup,,,Young,T. Young,,,,,Above the Break 3,24+ Center,44.71,Missed,,,,,,,,,,,,,,,,,,
699,PT00M00.10S,2025-02-06T02:32:28.7Z,4,REGULAR,rebound,offensive,['team'],0,,,1610612737,125,126,2025-02-06T02:34:00Z,6930000,False,,,0,,TEAM offensive REBOUND,[],22400719,1610612737,ATL,,,,,,,,,,Above the Break 3,24+ Center,,,,,698.0,,,,,,,,,,,,,,,
8,PT11M32.00S,2025-03-12T23:41:12.4Z,1,REGULAR,3pt,Jump Shot,[],1642258,34.30108409986859,60.857077205882355,1610612737,0,2,2025-03-12T23:41:34Z,80000,False,-54.0,270.0,1,left,MISS Z. Risacher 27' 3PT,[1642258],22400945,1610612737,ATL,,,,Risacher,Z. Risacher,,,,,Above the Break 3,24+ Center,27.53,Missed,,,,,,,,,,,,,,,,,,
9,PT11M29.00S,2025-03-12T23:41:15.4Z,1,REGULAR,rebound,offensive,[],1629027,,,1610612737,0,2,2025-03-12T23:41:34Z,90000,False,,,0,,T. Young REBOUND (Off:1 Def:0),[1629027],22400945,1610612737,ATL,,,,Young,T. Young,,,,,Above the Break 3,24+ Center,,,,,8.0,1.0,0.0,1.0,,,,,,,,,,,,
10,PT11M25.00S,2025-03-12T23:41:17.8Z,1,REGULAR,2pt,Jump Shot,['2ndchance'],1629027,13.272010512483575,75.03446691176471,1610612737,2,2,2025-03-12T23:41:57Z,100000,False,-125.0,72.0,1,left,T. Young 14' driving floating Jump Shot (2 PTS),[1629027],22400945,1610612737,ATL,driving floating,,,Young,T. Young,,,,,Mid-Range,8-16 Left,14.46,Made,,,,,,,2.0,,,,,,,,,,,
12,PT11M07.00S,2025-03-12T23:41:37.5Z,1,REGULAR,rebound,defensive,[],1631243,,,1610612737,2,2,2025-03-12T23:42:17Z,120000,False,,,0,,M. Gueye REBOUND (Off:0 Def:1),[1631243],22400945,1610612737,ATL,,,,Gueye,M. Gueye,,,,,In The Paint (Non-RA),0-8 Center,,,,,11.0,1.0,1.0,0.0,,,,,,,,,,,,
13,PT10M51.00S,2025-03-12T23:41:51.1Z,1,REGULAR,3pt,Jump Shot,[],1630168,6.307490144546648,3.1632965686274446,1610612737,5,2,2025-03-12T23:42:31Z,130000,False,234.0,7.0,1,left,O. Okongwu 3PT  (3 PTS) (T. Young 1 AST),"[1630168, 1629027]",22400945,1610612737,ATL,,,,Okongwu,O. Okongwu,,,,,Right Corner 3,24+ Right,23.43,Made,,,,,,,3.0,T. Young,1629027.0,1.0,,,,,,,,
16,PT10M41.00S,2025-03-12T23:42:02.2Z,1,REGULAR,steal,,[],1630700,,,1610612737,5,2,2025-03-12T23:43:20Z,160000,False,,,0,,D. Daniels STEAL (1 STL),[1630700],22400945,1610612737,ATL,,,,Daniels,D. Daniels,,,,,Above the Break 3,24+ Center,,,,,,,,,,,,,,,,,,,,
17,PT10M37.00S,2025-03-12T23:42:06.8Z,1,REGULAR,2pt,Jump Shot,"['fastbreak', 'fromturnover']",1629027,20.499342969776606,48.60983455882353,1610612737,5,2,2025-03-12T23:43:23Z,170000,False,7.0,140.0,1,left,MISS T. Young 14' driving floating Shot,[1629027],22400945,1610612737,ATL,driving floating,,,Young,T. Young,,,,,Mid-Range,8-16 Center,14.04,Missed,,,,,,,,,,,,,,,,,,
21,PT10M17.00S,2025-03-12T23:42:27.1Z,1,REGULAR,3pt,Jump Shot,[],1630168,31.980946123521676,70.58823529411765,1610612737,5,5,2025-03-12T23:44:15Z,210000,False,-103.0,248.0,1,left,MISS O. Okongwu 26' 3PT,[1630168],22400945,1610612737,ATL,,,,Okongwu,O. Okongwu,,,,,Above the Break 3,24+ Left Center,26.86,Missed,,,,,,,,,,,,,,,,,,
23,PT10M06.00S,2025-03-12T23:42:40.1Z,1,REGULAR,foul,personal,['2freethrow'],1630168,,,1610612766,5,5,2025-03-12T23:44:33Z,230000,False,,,0,,O. Okongwu shooting personal FOUL (1 PF) (Ball 2 FT),"[1630168, 1630163]",22400945,1610612737,ATL,shooting,,,Okongwu,O. Okongwu,,,,,Restricted Area,0-8 Center,,,,,,,,,,,,,202056.0,,1.0,0.0,Ball,1630163.0,,
27,PT09M57.00S,2025-03-12T23:43:53.0Z,1,REGULAR,2pt,Jump Shot,['pointsinthepaint'],1629027,16.031537450722738,56.79764093137255,1610612737,5,7,2025-03-12T23:45:11Z,270000,False,-34.0,98.0,1,left,MISS T. Young 10' driving floating Shot,[1629027],22400945,1610612737,ATL,driving floating,,,Young,T. Young,,,,,In The Paint (Non-RA),8-16 Center,10.39,Missed,,,,,,,,,,,,,,,,,,
30,PT09M43.00S,2025-03-12T23:44:05.1Z,1,REGULAR,steal,,[],1631243,,,1610612737,5,7,2025-03-12T23:44:07Z,300000,False,,,0,,M. Gueye STEAL (1 STL),[1631243],22400945,1610612737,ATL,,,,Gueye,M. Gueye,,,,,Above the Break 3,24+ Center,,,,,,,,,,,,,,,,,,,,
31,PT09M38.00S,2025-03-12T23:44:12.4Z,1,REGULAR,turnover,out-of-bounds,[],1642258,,,1610612737,5,7,2025-03-12T23:44:22Z,310000,False,,,0,,Z. Risacher step out-of-bounds TURNOVER (1 TO),[1642258],22400945,1610612737,ATL,step,,,Risacher,Z. Risacher,,,,,Right Corner 3,24+ Right,,,,,,,,,,,,,1199.0,1.0,,,,,,
34,PT09M02.00S,2025-03-12T23:44:57.5Z,1,REGULAR,turnover,bad pass,[],1629027,,,1610612737,5,9,2025-03-12T23:47:11Z,340000,False,,,0,,T. Young bad pass TURNOVER (1 TO),"[1629027, 1631109]",22400945,1610612737,ATL,,,,Young,T. Young,,,,,Mid-Range,16-24 Center,,,,,,,,,,,,,,1.0,,,,,Williams,1631109.0
37,PT09M01.00S,2025-03-12T23:45:02.7Z,1,REGULAR,block,,[],1630700,,,1610612766,5,9,2025-03-12T23:45:34Z,370000,False,,,0,,D. Daniels BLOCK (1 BLK),[1630700],22400945,1610612737,ATL,,,,Daniels,D. Daniels,,,,,In The Paint (Non-RA),0-8 Center,,,,,,,,,,,,,,,,,,,,
38,PT09M00.00S,2025-03-12T23:45:03.7Z,1,REGULAR,rebound,defensive,[],1631243,,,1610612737,5,9,2025-03-12T23:47:42Z,380000,False,,,0,,M. Gueye REBOUND (Off:0 Def:2),[1631243],22400945,1610612737,ATL,,,,Gueye,M. Gueye,,,,,In The Paint (Non-RA),0-8 Center,,,,,36.0,2.0,2.0,0.0,,,,,,,,,,,,
39,PT08M53.00S,2025-03-12T23:45:08.1Z,1,REGULAR,2pt,Jump Shot,['pointsinthepaint'],1630700,14.191852825229958,48.100490196078425,1610612737,7,9,2025-03-12T23:48:02Z,390000,False,9.0,81.0,1,left,D. Daniels 8' driving floating Jump Shot (2 PTS) (T. Young 2 AST),"[1630700, 1629027]",22400945,1610612737,ATL,driving floating,,,Daniels,D. Daniels,,,,,In The Paint (Non-RA),8-16 Center,8.15,Made,,,,,,,2.0,T. Young,1629027.0,2.0,,,,,,,,
42,PT08M43.00S,2025-03-12T23:45:18.3Z,1,REGULAR,block,,[],1631243,,,1610612766,7,9,2025-03-12T23:45:21Z,420000,False,,,0,,M. Gueye BLOCK (1 BLK),[1631243],22400945,1610612737,ATL,,,,Gueye,M. Gueye,,,,,In The Paint (Non-RA),0-8 Center,,,,,,,,,,,,,,,,,,,,
49,PT08M22.00S,2025-03-12T23:46:03.5Z,1,REGULAR,2pt,Jump Shot,['pointsinthepaint'],1631243,16.81997371879106,47.158394607843135,1610612737,9,11,2025-03-12T23:49:59Z,490000,False,14.0,106.0,1,left,M. Gueye 10' driving floating Jump Shot (2 PTS) (T. Young 3 AST),"[1631243, 1629027]",22400945,1610612737,ATL,driving floating,,,Gueye,M. Gueye,,,,,In The Paint (Non-RA),8-16 Center,10.66,Made,,,,,,,2.0,T. Young,1629027.0,3.0,,,,,,,,
53,PT07M51.00S,2025-03-12T23:46:37.1Z,1,REGULAR,3pt,Jump Shot,[],1629027,32.512729960578184,25.467218137254903,1610612737,9,13,2025-03-12T23:50:11Z,530000,False,123.0,253.0,1,left,MISS T. Young 28' pullup 3PT,[1629027],22400945,1610612737,ATL,pullup,,,Young,T. Young,,,,,Above the Break 3,24+ Right Center,28.13,Missed,,,,,,,,,,,,,,,,,,
57,PT07M35.00S,2025-03-12T23:46:56.1Z,1,REGULAR,timeout,full,"['team', 'mandatory']",0,,,1610612737,9,15,2025-03-12T23:46:56Z,570000,False,,,0,,ATL Timeout,[],22400945,1610612737,ATL,,,,,,,,,,,,,,,,,,,,,,,,,,,,,,,
58,PT07M14.00S,2025-03-12T23:50:05.8Z,1,REGULAR,2pt,Jump Shot,['pointsinthepaint'],1630700,15.76872536136662,59.94561887254902,1610612737,11,15,2025-03-12T23:51:01Z,580000,False,-50.0,96.0,1,left,D. Daniels 10' driving floating Jump Shot (4 PTS) (M. Gueye 1 AST),"[1630700, 1631243]",22400945,1610612737,ATL,driving floating,,,Daniels,D. Daniels,,,,,In The Paint (Non-RA),8-16 Center,10.78,Made,,,,,,,4.0,M. Gueye,1631243.0,1.0,,,,,,,,
60,PT06M36.00S,2025-03-12T23:50:45.3Z,1,REGULAR,turnover,bad pass,[],1630700,,,1610612737,11,17,2025-03-12T23:52:05Z,600000,False,,,0,,D. Daniels bad pass TURNOVER (1 TO),"[1630700, 1628970]",22400945,1610612737,ATL,,,,Daniels,D. Daniels,,,,,Mid-Range,8-16 Left,,,,,,,,,,,,,,1.0,,,,,Bridges,1628970.0
63,PT06M28.00S,2025-03-12T23:50:53.5Z,1,REGULAR,rebound,defensive,[],1630168,,,1610612737,11,17,2025-03-12T23:52:34Z,630000,False,,,0,,O. Okongwu REBOUND (Off:0 Def:1),[1630168],22400945,1610612737,ATL,,,,Okongwu,O. Okongwu,,,,,In The Paint (Non-RA),0-8 Center,,,,,62.0,1.0,1.0,0.0,,,,,,,,,,,,
70,PT06M19.00S,2025-03-12T23:51:08.1Z,1,REGULAR,substitution,in,[],1627777,,,1610612737,11,17,2025-03-12T23:51:20Z,700000,False,,,0,,SUB in: G. Niang,[1627777],22400945,1610612737,ATL,,,,Niang,G. Niang,,,,,,,,,,,,,,,,,,,,,,,,,,
69,PT06M19.00S,2025-03-12T23:51:08.1Z,1,REGULAR,substitution,in,[],1627747,,,1610612737,11,17,2025-03-12T23:51:20Z,690000,False,,,0,,SUB in: C. LeVert,[1627747],22400945,1610612737,ATL,,,,LeVert,C. LeVert,,,,,,,,,,,,,,,,,,,,,,,,,,
66,PT06M19.00S,2025-03-12T23:51:08.1Z,1,REGULAR,substitution,out,[],1629027,,,1610612737,11,17,2025-03-12T23:51:20Z,660000,False,,,0,,SUB out: T. Young,[1629027],22400945,1610612737,ATL,,,,Young,T. Young,,,,,,,,,,,,,,,,,,,,,,,,,,
65,PT06M19.00S,2025-03-12T23:51:08.1Z,1,REGULAR,substitution,out,[],1631243,,,1610612737,11,17,2025-03-12T23:51:20Z,650000,False,,,0,,SUB out: M. Gueye,[1631243],22400945,1610612737,ATL,,,,Gueye,M. Gueye,,,,,,,,,,,,,,,,,,,,,,,,,,
73,PT06M17.00S,2025-03-12T23:51:29.2Z,1,REGULAR,3pt,Jump Shot,[],1642258,6.783837056504599,95.58823529411765,1610612737,14,17,2025-03-12T23:52:58Z,730000,False,-228.0,11.0,1,left,Z. Risacher 3PT  (3 PTS) (D. Daniels 1 AST),"[1642258, 1630700]",22400945,1610612737,ATL,,,,Risacher,Z. Risacher,,,,,Left Corner 3,24+ Left,22.82,Made,,,,,,,3.0,D. Daniels,1630700.0,1.0,,,,,,,,
76,PT05M55.00S,2025-03-12T23:51:52.9Z,1,REGULAR,2pt,Jump Shot,['pointsinthepaint'],1630700,15.505913272010503,50.34466911764706,1610612737,14,19,2025-03-12T23:53:58Z,760000,False,-2.0,93.0,1,left,MISS D. Daniels 9' driving floating Shot,[1630700],22400945,1610612737,ATL,driving floating,,,Daniels,D. Daniels,,,,,In The Paint (Non-RA),8-16 Center,9.33,Missed,,,,,,,,,,,,,,,,,,
82,PT05M34.00S,2025-03-12T23:52:17.7Z,1,REGULAR,substitution,in,[],1629611,,,1610612737,14,19,2025-03-12T23:52:22Z,820000,False,,,0,,SUB in: T. Mann,[1629611],22400945,1610612737,ATL,,,,Mann,T. Mann,,,,,,,,,,,,,,,,,,,,,,,,,,
79,PT05M34.00S,2025-03-12T23:52:17.7Z,1,REGULAR,substitution,out,[],1642258,,,1610612737,14,19,2025-03-12T23:52:22Z,790000,False,,,0,,SUB out: Z. Risacher,[1642258],22400945,1610612737,ATL,,,,Risacher,Z. Risacher,,,,,,,,,,,,,,,,,,,,,,,,,,
80,PT05M34.00S,2025-03-12T23:52:17.7Z,1,REGULAR,substitution,out,[],1630168,,,1610612737,14,19,2025-03-12T23:52:22Z,800000,False,,,0,,SUB out: O. Okongwu,[1630168],22400945,1610612737,ATL,,,,Okongwu,O. Okongwu,,,,,,,,,,,,,,,,,,,,,,,,,,
81,PT05M34.00S,2025-03-12T23:52:17.7Z,1,REGULAR,substitution,in,[],1631230,,,1610612737,14,19,2025-03-12T23:52:22Z,810000,False,,,0,,SUB in: D. Barlow,[1631230],22400945,1610612737,ATL,,,,Barlow,D. Barlow,,,,,,,,,,,,,,,,,,,,,,,,,,
83,PT05M22.00S,2025-03-12T23:52:40.2Z,1,REGULAR,3pt,Jump Shot,['fromturnover'],1627747,21.287779237844944,9.045649509803923,1610612737,17,19,2025-03-12T23:54:34Z,830000,False,205.0,148.0,1,left,C. LeVert 25' 3PT pullup (3 PTS),[1627747],22400945,1610612737,ATL,pullup,,,LeVert,C. LeVert,,,,,Above the Break 3,24+ Right Center,25.24,Made,,,,,,,3.0,,,,,,,,,,,
86,PT05M22.00S,2025-03-12T23:53:09.0Z,1,REGULAR,freethrow,1 of 1,['fromturnover'],1627747,,,1610612737,18,19,2025-03-12T23:53:09Z,860000,False,,,0,,C. LeVert Free Throw 1 of 1 (4 PTS),[1627747],22400945,1610612737,ATL,,,,LeVert,C. LeVert,,,,,,,,Made,,,,,,,4.0,,,,,,,,,,,
90,PT05M04.00S,2025-03-12T23:53:48.8Z,1,REGULAR,2pt,Jump Shot,['fromturnover'],1630700,16.81997371879106,71.82521446078431,1610612737,18,19,2025-03-12T23:55:32Z,900000,False,-109.0,106.0,1,left,MISS D. Daniels 15' driving floating Shot,[1630700],22400945,1610612737,ATL,driving floating,,,Daniels,D. Daniels,,,,,Mid-Range,8-16 Left,15.18,Missed,,,,,,,,,,,,,,,,,,
93,PT04M47.00S,2025-03-12T23:54:05.3Z,1,REGULAR,block,,[],1631230,,,1610612766,18,19,2025-03-12T23:54:08Z,930000,False,,,0,,D. Barlow BLOCK (1 BLK),[1631230],22400945,1610612737,ATL,,,,Barlow,D. Barlow,,,,,In The Paint (Non-RA),8-16 Center,,,,,,,,,,,,,,,,,,,,
94,PT04M46.00S,2025-03-12T23:54:06.3Z,1,REGULAR,rebound,defensive,[],1631230,,,1610612737,18,19,2025-03-12T23:56:01Z,940000,False,,,0,,D. Barlow REBOUND (Off:0 Def:1),[1631230],22400945,1610612737,ATL,,,,Barlow,D. Barlow,,,,,In The Paint (Non-RA),8-16 Center,,,,,92.0,1.0,1.0,0.0,,,,,,,,,,,,
101,PT04M23.00S,2025-03-12T23:55:33.9Z,1,REGULAR,freethrow,1 of 2,[],1627777,,,1610612737,19,19,2025-03-12T23:55:33Z,1000000,False,,,0,,G. Niang Free Throw 1 of 2 (1 PTS),[1627777],22400945,1610612737,ATL,,,,Niang,G. Niang,,,,,,,,Made,,,,,,,1.0,,,,,,,,,,,
102,PT04M23.00S,2025-03-12T23:55:52.1Z,1,REGULAR,freethrow,2 of 2,[],1627777,,,1610612737,20,19,2025-03-12T23:55:52Z,1010000,False,,,0,,G. Niang Free Throw 2 of 2 (2 PTS),[1627777],22400945,1610612737,ATL,,,,Niang,G. Niang,,,,,,,,Made,,,,,,,2.0,,,,,,,,,,,
104,PT04M12.00S,2025-03-12T23:56:05.2Z,1,REGULAR,steal,,[],1631230,,,1610612737,20,19,2025-03-12T23:56:07Z,1030000,False,,,0,,D. Barlow STEAL (1 STL),[1631230],22400945,1610612737,ATL,,,,Barlow,D. Barlow,,,,,Mid-Range,16-24 Left Center,,,,,,,,,,,,,,,,,,,,
105,PT04M08.00S,2025-03-12T23:56:09.9Z,1,REGULAR,3pt,Jump Shot,"['fastbreak', 'fromturnover']",1627747,28.252299605781857,80.12408088235294,1610612737,20,19,2025-03-12T23:57:24Z,1040000,False,-151.0,213.0,1,left,MISS C. LeVert 26' running pullup 3PT,[1627747],22400945,1610612737,ATL,running pullup,,,LeVert,C. LeVert,,,,,Above the Break 3,24+ Left Center,26.09,Missed,,,,,,,,,,,,,,,,,,
110,PT03M34.00S,2025-03-12T23:56:47.0Z,1,REGULAR,substitution,out,[],1630700,,,1610612737,20,22,2025-03-12T23:56:51Z,1090000,False,,,0,,SUB out: D. Daniels,[1630700],22400945,1610612737,ATL,,,,Daniels,D. Daniels,,,,,,,,,,,,,,,,,,,,,,,,,,
111,PT03M34.00S,2025-03-12T23:56:47.0Z,1,REGULAR,substitution,in,[],1629027,,,1610612737,20,22,2025-03-12T23:56:51Z,1100000,False,,,0,,SUB in: T. Young,[1629027],22400945,1610612737,ATL,,,,Young,T. Young,,,,,,,,,,,,,,,,,,,,,,,,,,
113,PT03M30.00S,2025-03-12T23:57:36.2Z,1,REGULAR,3pt,Jump Shot,[],1629611,6.915243101182654,96.07843137254902,1610612737,20,22,2025-03-12T23:57:56Z,1120000,False,-230.0,13.0,1,left,MISS T. Mann 3PT,[1629611],22400945,1610612737,ATL,,,,Mann,T. Mann,,,,,Left Corner 3,24+ Left,23.07,Missed,,,,,,,,,,,,,,,,,,
116,PT03M14.00S,2025-03-12T23:57:51.9Z,1,REGULAR,rebound,defensive,[],1629611,,,1610612737,20,22,2025-03-12T23:58:13Z,1150000,False,,,0,,T. Mann REBOUND (Off:0 Def:1),[1629611],22400945,1610612737,ATL,,,,Mann,T. Mann,,,,,Left Corner 3,24+ Left,,,,,115.0,1.0,1.0,0.0,,,,,,,,,,,,
117,PT03M00.00S,2025-03-12T23:58:05.3Z,1,REGULAR,2pt,Layup,['pointsinthepaint'],1629611,8.278580814717472,50.080422794117645,1610612737,22,22,2025-03-12T23:58:23Z,1160000,False,0.0,25.0,1,left,T. Mann cutting Layup (2 PTS) (G. Niang 1 AST),"[1629611, 1627777]",22400945,1610612737,ATL,cutting,,,Mann,T. Mann,,,,,Restricted Area,0-8 Center,2.53,Made,,,,,,,2.0,G. Niang,1627777.0,1.0,,,,,,,,
127,PT02M44.00S,2025-03-13T00:01:26.3Z,1,REGULAR,rebound,defensive,[],1627777,,,1610612737,22,22,2025-03-13T00:01:45Z,1260000,False,,,0,,G. Niang REBOUND (Off:0 Def:1),[1627777],22400945,1610612737,ATL,,,,Niang,G. Niang,,,,,Above the Break 3,24+ Left Center,,,,,126.0,1.0,1.0,0.0,,,,,,,,,,,,
128,PT02M39.00S,2025-03-13T00:01:30.2Z,1,REGULAR,2pt,Jump Shot,"['fastbreak', 'pointsinthepaint']",1629027,17.871222076215503,37.47702205882353,1610612737,24,22,2025-03-13T00:01:59Z,1270000,False,63.0,115.0,1,left,T. Young 13' driving floating Jump Shot (4 PTS) (G. Niang 2 AST),"[1629027, 1627777]",22400945,1610612737,ATL,driving floating,,,Young,T. Young,,,,,In The Paint (Non-RA),8-16 Center,13.14,Made,,,,,,,4.0,G. Niang,1627777.0,2.0,,,,,,,,
133,PT02M20.00S,2025-03-13T00:01:52.2Z,1,REGULAR,rebound,defensive,[],1631230,,,1610612737,24,22,2025-03-13T00:08:42Z,1320000,False,,,0,,D. Barlow REBOUND (Off:0 Def:2),[1631230],22400945,1610612737,ATL,,,,Barlow,D. Barlow,,,,,Restricted Area,0-8 Center,,,,,132.0,2.0,2.0,0.0,,,,,,,,,,,,
134,PT02M14.00S,2025-03-13T00:01:55.8Z,1,REGULAR,turnover,bad pass,[],1629027,,,1610612737,24,22,2025-03-13T00:03:18Z,1330000,False,,,0,,T. Young bad pass TURNOVER (2 TO),"[1629027, 1631111]",22400945,1610612737,ATL,,,,Young,T. Young,,,,,Above the Break 3,24+ Right Center,,,,,,,,,,,,,,2.0,,,,,Moore Jr.,1631111.0
141,PT01M49.00S,2025-03-13T00:02:36.3Z,1,REGULAR,2pt,Layup,['pointsinthepaint'],1627747,6.964520367936927,43.97212009803921,1610612737,26,24,2025-03-13T00:04:32Z,1400000,False,30.0,13.0,1,left,C. LeVert driving Layup (6 PTS) (D. Barlow 1 AST),"[1627747, 1631230]",22400945,1610612737,ATL,driving,,,LeVert,C. LeVert,,,,,Restricted Area,0-8 Center,3.28,Made,,,,,,,6.0,D. Barlow,1631230.0,1.0,,,,,,,,
144,PT01M29.00S,2025-03-13T00:02:55.9Z,1,REGULAR,steal,,[],1631230,,,1610612737,26,24,2025-03-13T00:02:58Z,1430000,False,,,0,,D. Barlow STEAL (2 STL),[1631230],22400945,1610612737,ATL,,,,Barlow,D. Barlow,,,,,Mid-Range,16-24 Center,,,,,,,,,,,,,,,,,,,,
147,PT01M25.00S,2025-03-13T00:03:31.8Z,1,REGULAR,2pt,Jump Shot,"['pointsinthepaint', 'fromturnover']",1629027,15.374507227332458,39.954810049019606,1610612737,26,24,2025-03-13T00:05:33Z,1460000,False,50.0,92.0,1,left,MISS T. Young 10' driving floating Shot,[1629027],22400945,1610612737,ATL,driving floating,,,Young,T. Young,,,,,In The Paint (Non-RA),8-16 Center,10.48,Missed,,,,,,,,,,,,,,,,,,
149,PT01M13.00S,2025-03-13T00:03:44.2Z,1,REGULAR,foul,personal,['2freethrow'],1631230,,,1610612766,26,24,2025-03-13T00:05:48Z,1480000,False,,,0,,D. Barlow shooting personal FOUL (1 PF) (Ball 2 FT),"[1631230, 1630163]",22400945,1610612737,ATL,shooting,,,Barlow,D. Barlow,,,,,In The Paint (Non-RA),8-16 Center,,,,,,,,,,,,,1199.0,,1.0,0.0,Ball,1630163.0,,
155,PT01M07.00S,2025-03-13T00:05:06.8Z,1,REGULAR,freethrow,1 of 2,[],1629027,,,1610612737,27,26,2025-03-13T00:05:06Z,1540000,False,,,0,,T. Young Free Throw 1 of 2 (5 PTS),[1629027],22400945,1610612737,ATL,,,,Young,T. Young,,,,,,,,Made,,,,,,,5.0,,,,,,,,,,,
156,PT01M07.00S,2025-03-13T00:05:20.0Z,1,REGULAR,freethrow,2 of 2,[],1629027,,,1610612737,28,26,2025-03-13T00:05:20Z,1550000,False,,,0,,T. Young Free Throw 2 of 2 (6 PTS),[1629027],22400945,1610612737,ATL,,,,Young,T. Young,,,,,,,,Made,,,,,,,6.0,,,,,,,,,,,
159,PT00M46.00S,2025-03-13T00:05:47.9Z,1,REGULAR,turnover,traveling,[],1629027,,,1610612737,28,29,2025-03-13T00:05:55Z,1580000,False,,,0,,T. Young traveling TURNOVER (3 TO),[1629027],22400945,1610612737,ATL,,,,Young,T. Young,,,,,In The Paint (Non-RA),0-8 Center,,,,,,,,,,,,,2534.0,3.0,,,,,,
161,PT00M33.10S,2025-03-13T00:06:21.3Z,1,REGULAR,rebound,defensive,[],1627777,,,1610612737,28,29,2025-03-13T00:07:04Z,1600000,False,,,0,,G. Niang REBOUND (Off:0 Def:2),[1627777],22400945,1610612737,ATL,,,,Niang,G. Niang,,,,,Above the Break 3,24+ Left Center,,,,,160.0,2.0,2.0,0.0,,,,,,,,,,,,
162,PT00M22.10S,2025-03-13T00:06:32.0Z,1,REGULAR,2pt,DUNK,['pointsinthepaint'],1631230,9.307243758212877,52.060355392156865,1610612737,30,29,2025-03-13T00:07:45Z,1610000,False,-10.0,35.0,1,left,D. Barlow cutting DUNK (2 PTS) (T. Young 4 AST),"[1631230, 1629027]",22400945,1610612737,ATL,cutting,,,Barlow,D. Barlow,,,,,Restricted Area,0-8 Center,3.65,Made,,,,,,,2.0,T. Young,1629027.0,4.0,,,,,,,,
168,PT12M00.00S,2025-03-13T00:08:53.8Z,2,REGULAR,substitution,out,['startperiod'],1627777,,,1610612766,30,29,2025-03-13T00:09:56Z,1670000,False,,,0,,SUB out: G. Niang,[1627777],22400945,1610612737,ATL,,,,Niang,G. Niang,,,,,,,,,,,,,,,,,,,,,,,,,,
172,PT12M00.00S,2025-03-13T00:08:53.8Z,2,REGULAR,substitution,in,['startperiod'],1630249,,,1610612766,30,29,2025-03-13T00:09:56Z,1710000,False,,,0,,SUB in: V. Krejčí,[1630249],22400945,1610612737,ATL,,,,Krejčí,V. Krejčí,,,,,,,,,,,,,,,,,,,,,,,,,,
167,PT12M00.00S,2025-03-13T00:08:53.8Z,2,REGULAR,substitution,out,['startperiod'],1627747,,,1610612766,30,29,2025-03-13T00:09:56Z,1660000,False,,,0,,SUB out: C. LeVert,[1627747],22400945,1610612737,ATL,,,,LeVert,C. LeVert,,,,,,,,,,,,,,,,,,,,,,,,,,
171,PT12M00.00S,2025-03-13T00:08:53.8Z,2,REGULAR,substitution,in,['startperiod'],1642258,,,1610612766,30,29,2025-03-13T00:09:56Z,1700000,False,,,0,,SUB in: Z. Risacher,[1642258],22400945,1610612737,ATL,,,,Risacher,Z. Risacher,,,,,,,,,,,,,,,,,,,,,,,,,,
176,PT11M48.00S,2025-03-13T00:10:08.9Z,2,REGULAR,2pt,Jump Shot,[],1629027,14.848883048620237,28.653492647058826,1610612737,30,29,2025-03-13T00:10:47Z,1750000,False,107.0,87.0,1,left,MISS T. Young 13' driving floating Shot,[1629027],22400945,1610612737,ATL,driving floating,,,Young,T. Young,,,,,Mid-Range,8-16 Right,13.77,Missed,,,,,,,,,,,,,,,,,,
179,PT11M19.00S,2025-03-13T00:10:52.3Z,2,REGULAR,turnover,out-of-bounds,[],1630249,,,1610612737,30,29,2025-03-13T00:11:26Z,1780000,False,,,0,,V. Krejčí bad pass out-of-bounds TURNOVER (1 TO),[1630249],22400945,1610612737,ATL,bad pass,,,Krejčí,V. Krejčí,,,,,Mid-Range,8-16 Center,,,,,,,,,,,,,202056.0,1.0,,,,,,
181,PT11M02.00S,2025-03-13T00:11:18.8Z,2,REGULAR,rebound,defensive,[],1631230,,,1610612737,30,29,2025-03-13T00:11:43Z,1800000,False,,,0,,D. Barlow REBOUND (Off:0 Def:3),[1631230],22400945,1610612737,ATL,,,,Barlow,D. Barlow,,,,,Mid-Range,16-24 Center,,,,,180.0,3.0,3.0,0.0,,,,,,,,,,,,
182,PT10M53.00S,2025-03-13T00:11:26.3Z,2,REGULAR,2pt,Jump Shot,['pointsinthepaint'],1631230,12.089356110381075,54.407935049019606,1610612737,32,29,2025-03-13T00:11:55Z,1810000,False,-22.0,61.0,1,left,D. Barlow 6' floating Jump Shot (4 PTS) (T. Young 5 AST),"[1631230, 1629027]",22400945,1610612737,ATL,floating,,,Barlow,D. Barlow,,,,,In The Paint (Non-RA),0-8 Center,6.49,Made,,,,,,,4.0,T. Young,1629027.0,5.0,,,,,,,,
185,PT10M37.00S,2025-03-13T00:11:43.3Z,2,REGULAR,rebound,defensive,[],1629027,,,1610612737,32,29,2025-03-13T00:12:19Z,1840000,False,,,0,,T. Young REBOUND (Off:1 Def:1),[1629027],22400945,1610612737,ATL,,,,Young,T. Young,,,,,Restricted Area,0-8 Center,,,,,184.0,2.0,1.0,1.0,,,,,,,,,,,,
186,PT10M27.00S,2025-03-13T00:11:51.5Z,2,REGULAR,3pt,Jump Shot,[],1629611,10.5946123521682,4.411764705882353,1610612737,35,29,2025-03-13T00:11:57Z,1850000,False,228.0,47.0,1,left,T. Mann 3PT  (5 PTS) (T. Young 6 AST),"[1629611, 1629027]",22400945,1610612737,ATL,,,,Mann,T. Mann,,,,,Right Corner 3,24+ Right,23.27,Made,,,,,,,5.0,T. Young,1629027.0,6.0,,,,,,,,
202,PT10M09.00S,2025-03-13T00:12:12.4Z,2,REGULAR,block,,[],1642258,,,1610612766,35,29,2025-03-13T00:13:57Z,1875000,False,,,0,,Z. Risacher BLOCK (1 BLK),[1642258],22400945,1610612737,ATL,,,,Risacher,Z. Risacher,,,,,Restricted Area,0-8 Center,,,,,,,,,,,,,,,,,,,,
189,PT10M05.00S,2025-03-13T00:12:16.4Z,2,REGULAR,rebound,defensive,['team'],0,,,1610612737,35,29,2025-03-13T00:13:58Z,1880000,False,,,0,,TEAM defensive REBOUND,[],22400945,1610612737,ATL,,,,,,,,,,Restricted Area,0-8 Center,,,,,188.0,,,,,,,,,,,,,,,
190,PT09M52.00S,2025-03-13T00:12:35.6Z,2,REGULAR,3pt,Jump Shot,[],1629027,34.21484888304862,78.18627450980392,1610612737,35,29,2025-03-13T00:14:42Z,1890000,False,-141.0,269.0,1,left,MISS T. Young 30' pullup 3PT,[1629027],22400945,1610612737,ATL,pullup,,,Young,T. Young,,,,,Above the Break 3,24+ Left Center,30.38,Missed,,,,,,,,,,,,,,,,,,
192,PT09M41.00S,2025-03-13T00:12:46.5Z,2,REGULAR,foul,personal,[],1642258,,,1610612766,35,29,2025-03-13T00:14:59Z,1910000,False,,,0,,Z. Risacher personal FOUL (1 PF),"[1642258, 1631109]",22400945,1610612737,ATL,,,,Risacher,Z. Risacher,,,,,In The Paint (Non-RA),0-8 Center,,,,,,,,,,,,,202056.0,,1.0,0.0,Williams,1631109.0,,
197,PT09M29.00S,2025-03-13T00:13:27.7Z,2,REGULAR,rebound,defensive,[],1629027,,,1610612737,35,29,2025-03-13T00:15:26Z,1960000,False,,,0,,T. Young REBOUND (Off:1 Def:2),[1629027],22400945,1610612737,ATL,,,,Young,T. Young,,,,,In The Paint (Non-RA),8-16 Center,,,,,196.0,3.0,2.0,1.0,,,,,,,,,,,,
198,PT09M26.00S,2025-03-13T00:13:30.8Z,2,REGULAR,3pt,Jump Shot,['fastbreak'],1642258,10.118265440210251,3.8985906862745026,1610612737,35,29,2025-03-13T00:15:41Z,1970000,False,231.0,43.0,1,left,MISS Z. Risacher running pullup 3PT,[1642258],22400945,1610612737,ATL,running pullup,,,Risacher,Z. Risacher,,,,,Right Corner 3,24+ Right,23.44,Missed,,,,,,,,,,,,,,,,,,
200,PT09M23.00S,2025-03-13T00:13:36.8Z,2,REGULAR,foul,personal,[],1629611,,,1610612766,35,29,2025-03-13T00:16:04Z,1990000,False,,,0,,T. Mann loose ball personal FOUL (1 PF),"[1629611, 1630163]",22400945,1610612737,ATL,loose ball,,,Mann,T. Mann,,,,,In The Paint (Non-RA),0-8 Center,,,,,,,,,,,,,202056.0,,1.0,0.0,Ball,1630163.0,,
205,PT08M59.00S,2025-03-13T00:14:15.5Z,2,REGULAR,turnover,bad pass,[],1629027,,,1610612737,35,31,2025-03-13T00:19:14Z,2020000,False,,,0,,T. Young bad pass TURNOVER (4 TO),"[1629027, 1630163]",22400945,1610612737,ATL,,,,Young,T. Young,,,,,Restricted Area,0-8 Center,,,,,,,,,,,,,,4.0,,,,,Ball,1630163.0
207,PT08M54.00S,2025-03-13T00:14:21.4Z,2,REGULAR,foul,personal,['2freethrow'],1629611,,,1610612766,35,31,2025-03-13T00:18:46Z,2040000,False,,,0,,T. Mann shooting personal FOUL (2 PF) (Ball 2 FT),"[1629611, 1630163]",22400945,1610612737,ATL,shooting,,,Mann,T. Mann,,,,,Restricted Area,0-8 Center,,,,,,,,,,,,,1199.0,,2.0,0.0,Ball,1630163.0,,
210,PT08M54.00S,2025-03-13T00:14:53.8Z,2,REGULAR,substitution,out,[],1629027,,,1610612766,35,32,2025-03-13T00:15:03Z,2070000,False,,,0,,SUB out: T. Young,[1629027],22400945,1610612737,ATL,,,,Young,T. Young,,,,,,,,,,,,,,,,,,,,,,,,,,
211,PT08M54.00S,2025-03-13T00:14:53.8Z,2,REGULAR,substitution,out,[],1631230,,,1610612766,35,32,2025-03-13T00:15:03Z,2080000,False,,,0,,SUB out: D. Barlow,[1631230],22400945,1610612737,ATL,,,,Barlow,D. Barlow,,,,,,,,,,,,,,,,,,,,,,,,,,
212,PT08M54.00S,2025-03-13T00:14:53.8Z,2,REGULAR,substitution,in,[],1630168,,,1610612766,35,32,2025-03-13T00:15:03Z,2090000,False,,,0,,SUB in: O. Okongwu,[1630168],22400945,1610612737,ATL,,,,Okongwu,O. Okongwu,,,,,,,,,,,,,,,,,,,,,,,,,,
213,PT08M54.00S,2025-03-13T00:14:53.8Z,2,REGULAR,substitution,in,[],1630700,,,1610612766,35,32,2025-03-13T00:15:03Z,2100000,False,,,0,,SUB in: D. Daniels,[1630700],22400945,1610612737,ATL,,,,Daniels,D. Daniels,,,,,,,,,,,,,,,,,,,,,,,,,,
215,PT08M39.00S,2025-03-13T00:15:37.8Z,2,REGULAR,2pt,Layup,['pointsinthepaint'],1642258,13.403416557161634,59.55116421568628,1610612737,35,33,2025-03-13T00:19:25Z,2120000,False,-48.0,73.0,1,left,MISS Z. Risacher 8' driving Layup,[1642258],22400945,1610612737,ATL,driving,,,Risacher,Z. Risacher,,,,,In The Paint (Non-RA),8-16 Left,8.77,Missed,,,,,,,,,,,,,,,,,,
218,PT08M30.00S,2025-03-13T00:15:47.0Z,2,REGULAR,rebound,defensive,[],1630700,,,1610612737,35,33,2025-03-13T00:20:13Z,2150000,False,,,0,,D. Daniels REBOUND (Off:0 Def:1),[1630700],22400945,1610612737,ATL,,,,Daniels,D. Daniels,,,,,Above the Break 3,24+ Left Center,,,,,217.0,1.0,1.0,0.0,,,,,,,,,,,,
219,PT08M26.00S,2025-03-13T00:15:51.2Z,2,REGULAR,2pt,Layup,"['fastbreak', 'pointsinthepaint']",1629611,7.7529566360052655,48.383884803921575,1610612737,35,33,2025-03-13T00:20:38Z,2160000,False,8.0,20.0,1,left,MISS T. Mann running reverse Layup - blocked,"[1629611, 1630163]",22400945,1610612737,ATL,running reverse,,,Mann,T. Mann,,,,,Restricted Area,0-8 Center,2.19,Missed,Ball,1630163.0,,,,,,,,,,,,,,,,
223,PT08M10.00S,2025-03-13T00:16:06.2Z,2,REGULAR,rebound,defensive,[],1629611,,,1610612737,35,33,2025-03-13T00:21:18Z,2200000,False,,,0,,T. Mann REBOUND (Off:0 Def:2),[1629611],22400945,1610612737,ATL,,,,Mann,T. Mann,,,,,In The Paint (Non-RA),0-8 Center,,,,,222.0,2.0,2.0,0.0,,,,,,,,,,,,
224,PT08M01.00S,2025-03-13T00:16:14.2Z,2,REGULAR,3pt,Jump Shot,[],1630249,9.72404730617609,2.918198529411768,1610612737,38,33,2025-03-13T00:21:36Z,2210000,False,235.0,39.0,1,left,V. Krejčí 3PT  (3 PTS) (T. Mann 1 AST),"[1630249, 1629611]",22400945,1610612737,ATL,,,,Krejčí,V. Krejčí,,,,,Right Corner 3,24+ Right,23.86,Made,,,,,,,3.0,T. Mann,1629611.0,1.0,,,,,,,,
233,PT07M36.00S,2025-03-13T00:19:49.5Z,2,REGULAR,2pt,Hook,"['pointsinthepaint', 'fromturnover']",1630168,11.169513797634693,46.64522058823529,1610612737,38,33,2025-03-13T00:23:16Z,2290000,False,17.0,52.0,1,left,MISS O. Okongwu Hook,[1630168],22400945,1610612737,ATL,,,,Okongwu,O. Okongwu,,,,,In The Paint (Non-RA),0-8 Center,5.51,Missed,,,,,,,,,,,,,,,,,,
237,PT07M17.00S,2025-03-13T00:20:08.5Z,2,REGULAR,3pt,Jump Shot,[],1629611,19.18528252299606,93.84957107843137,1610612737,38,35,2025-03-13T00:23:46Z,2330000,False,-219.0,128.0,1,left,MISS T. Mann 25' step back 3PT,[1629611],22400945,1610612737,ATL,step back,,,Mann,T. Mann,,,,,Above the Break 3,24+ Left Center,25.37,Missed,,,,,,,,,,,,,,,,,,
294,PT06M50.00S,2025-03-13T00:20:43.1Z,2,REGULAR,2pt,Jump Shot,['pointsinthepaint'],1630700,14.0604467805519,57.697610294117645,1610612737,38,38,2025-03-13T00:42:55Z,2385000,False,-38.0,80.0,1,left,MISS D. Daniels 8' driving floating Shot,[1630700],22400945,1610612737,ATL,driving floating,,,Daniels,D. Daniels,,,,,In The Paint (Non-RA),8-16 Center,8.85,Missed,,,,,,,,,,,,,,,,,,
295,PT06M48.00S,2025-03-13T00:20:45.1Z,2,REGULAR,rebound,offensive,[],1630700,,,1610612737,38,38,2025-03-13T00:42:55Z,2387500,False,,,0,,D. Daniels REBOUND (Off:1 Def:1),[1630700],22400945,1610612737,ATL,,,,Daniels,D. Daniels,,,,,In The Paint (Non-RA),8-16 Center,,,,,294.0,2.0,1.0,1.0,,,,,,,,,,,,
241,PT06M48.00S,2025-03-13T00:20:47.1Z,2,REGULAR,2pt,Layup,"['pointsinthepaint', '2ndchance']",1630700,8.672798948751648,54.51133578431372,1610612737,38,38,2025-03-13T00:43:06Z,2388750,False,-23.0,29.0,1,left,MISS D. Daniels tip Layup,[1630700],22400945,1610612737,ATL,tip,,,Daniels,D. Daniels,,,,,Restricted Area,0-8 Center,3.68,Missed,,,,,,,,,,,,,,,,,,
244,PT06M35.00S,2025-03-13T00:20:57.1Z,2,REGULAR,substitution,out,[],1629611,,,1610612737,38,38,2025-03-13T00:21:03Z,2400000,False,,,0,,SUB out: T. Mann,[1629611],22400945,1610612737,ATL,,,,Mann,T. Mann,,,,,,,,,,,,,,,,,,,,,,,,,,
246,PT06M35.00S,2025-03-13T00:20:57.1Z,2,REGULAR,substitution,in,[],1627747,,,1610612737,38,38,2025-03-13T00:21:03Z,2420000,False,,,0,,SUB in: C. LeVert,[1627747],22400945,1610612737,ATL,,,,LeVert,C. LeVert,,,,,,,,,,,,,,,,,,,,,,,,,,
248,PT06M25.00S,2025-03-13T00:21:21.7Z,2,REGULAR,2pt,Layup,"['pointsinthepaint', 'fromturnover']",1630168,9.59264126149803,49.877450980392155,1610612737,38,38,2025-03-13T00:28:27Z,2440000,False,1.0,38.0,1,left,MISS O. Okongwu cutting Layup - blocked,"[1630168, 1631109]",22400945,1610612737,ATL,cutting,,,Okongwu,O. Okongwu,,,,,Restricted Area,0-8 Center,3.77,Missed,Williams,1631109.0,,,,,,,,,,,,,,,,
249,PT06M24.00S,2025-03-13T00:21:22.7Z,2,REGULAR,rebound,offensive,[],1630168,,,1610612737,38,38,2025-03-13T00:28:27Z,2450000,False,,,0,,O. Okongwu REBOUND (Off:1 Def:1),[1630168],22400945,1610612737,ATL,,,,Okongwu,O. Okongwu,,,,,Restricted Area,0-8 Center,,,,,248.0,2.0,1.0,1.0,,,,,,,,,,,,
250,PT06M23.00S,2025-03-13T00:21:25.9Z,2,REGULAR,2pt,Layup,"['pointsinthepaint', 'fromturnover', '2ndchance']",1630168,8.54139290407359,46.629901960784316,1610612737,38,38,2025-03-13T00:28:53Z,2460000,False,17.0,28.0,1,left,MISS O. Okongwu putback Layup,[1630168],22400945,1610612737,ATL,putback,,,Okongwu,O. Okongwu,,,,,Restricted Area,0-8 Center,3.25,Missed,,,,,,,,,,,,,,,,,,
251,PT06M22.00S,2025-03-13T00:21:26.9Z,2,REGULAR,rebound,offensive,[],1630168,,,1610612737,38,38,2025-03-13T00:28:53Z,2470000,False,,,0,,O. Okongwu REBOUND (Off:2 Def:1),[1630168],22400945,1610612737,ATL,,,,Okongwu,O. Okongwu,,,,,Restricted Area,0-8 Center,,,,,250.0,3.0,1.0,2.0,,,,,,,,,,,,
252,PT06M20.00S,2025-03-13T00:21:30.3Z,2,REGULAR,2pt,Layup,"['pointsinthepaint', 'fromturnover', '2ndchance']",1630168,7.358738501971089,54.044117647058826,1610612737,38,38,2025-03-13T00:29:25Z,2480000,False,-20.0,17.0,1,left,MISS O. Okongwu putback Layup,[1630168],22400945,1610612737,ATL,putback,,,Okongwu,O. Okongwu,,,,,Restricted Area,0-8 Center,2.62,Missed,,,,,,,,,,,,,,,,,,
255,PT06M05.00S,2025-03-13T00:21:41.8Z,2,REGULAR,rebound,defensive,[],1642258,,,1610612737,38,38,2025-03-13T00:31:03Z,2510000,False,,,0,,Z. Risacher REBOUND (Off:0 Def:1),[1642258],22400945,1610612737,ATL,,,,Risacher,Z. Risacher,,,,,In The Paint (Non-RA),0-8 Center,,,,,254.0,1.0,1.0,0.0,,,,,,,,,,,,
256,PT05M52.00S,2025-03-13T00:21:52.5Z,2,REGULAR,3pt,Jump Shot,[],1630249,33.51264783180025,38.94761029411765,1610612737,41,38,2025-03-13T00:31:15Z,2520000,False,55.0,263.0,1,left,V. Krejčí 26' 3PT  (6 PTS) (D. Daniels 2 AST),"[1630249, 1630700]",22400945,1610612737,ATL,,,,Krejčí,V. Krejčí,,,,,Above the Break 3,24+ Center,26.83,Made,,,,,,,6.0,D. Daniels,1630700.0,2.0,,,,,,,,
259,PT05M43.00S,2025-03-13T00:22:03.0Z,2,REGULAR,steal,,[],1642258,,,1610612737,41,38,2025-03-13T00:22:05Z,2550000,False,,,0,,Z. Risacher STEAL (1 STL),[1642258],22400945,1610612737,ATL,,,,Risacher,Z. Risacher,,,,,Above the Break 3,24+ Right Center,,,,,,,,,,,,,,,,,,,,
260,PT05M32.00S,2025-03-13T00:22:14.6Z,2,REGULAR,3pt,Jump Shot,['fromturnover'],1642258,10.381077529566369,2.918198529411768,1610612737,41,38,2025-03-13T00:32:00Z,2560000,False,235.0,45.0,1,left,MISS Z. Risacher 3PT,[1642258],22400945,1610612737,ATL,,,,Risacher,Z. Risacher,,,,,Right Corner 3,24+ Right,23.97,Missed,,,,,,,,,,,,,,,,,,
263,PT05M08.00S,2025-03-13T00:22:38.9Z,2,REGULAR,rebound,defensive,[],1627747,,,1610612737,41,38,2025-03-13T00:33:25Z,2590000,False,,,0,,C. LeVert REBOUND (Off:0 Def:1),[1627747],22400945,1610612737,ATL,,,,LeVert,C. LeVert,,,,,In The Paint (Non-RA),0-8 Center,,,,,262.0,1.0,1.0,0.0,,,,,,,,,,,,
264,PT04M59.00S,2025-03-13T00:22:47.2Z,2,REGULAR,3pt,Jump Shot,[],1630700,27.33245729303549,11.496629901960787,1610612737,41,38,2025-03-13T00:33:47Z,2600000,False,193.0,204.0,1,left,MISS D. Daniels 28' 3PT,[1630700],22400945,1610612737,ATL,,,,Daniels,D. Daniels,,,,,Above the Break 3,24+ Right Center,28.08,Missed,,,,,,,,,,,,,,,,,,
267,PT04M37.00S,2025-03-13T00:23:09.5Z,2,REGULAR,rebound,defensive,[],1642258,,,1610612737,41,38,2025-03-13T00:34:21Z,2630000,False,,,0,,Z. Risacher REBOUND (Off:0 Def:2),[1642258],22400945,1610612737,ATL,,,,Risacher,Z. Risacher,,,,,Mid-Range,8-16 Right,,,,,266.0,2.0,2.0,0.0,,,,,,,,,,,,
268,PT04M32.00S,2025-03-13T00:23:14.3Z,2,REGULAR,2pt,DUNK,"['fastbreak', 'pointsinthepaint']",1642258,10.643889618922472,54.75643382352941,1610612737,43,38,2025-03-13T00:34:38Z,2640000,False,-24.0,48.0,1,left,Z. Risacher running DUNK (5 PTS),[1642258],22400945,1610612737,ATL,running,,,Risacher,Z. Risacher,,,,,In The Paint (Non-RA),0-8 Center,5.32,Made,,,,,,,5.0,,,,,,,,,,,
270,PT04M10.00S,2025-03-13T00:23:41.3Z,2,REGULAR,substitution,out,[],1642258,,,1610612737,43,38,2025-03-13T00:23:45Z,2660000,False,,,0,,SUB out: Z. Risacher,[1642258],22400945,1610612737,ATL,,,,Risacher,Z. Risacher,,,,,,,,,,,,,,,,,,,,,,,,,,
271,PT04M10.00S,2025-03-13T00:23:41.3Z,2,REGULAR,substitution,in,[],1627777,,,1610612737,43,38,2025-03-13T00:23:45Z,2670000,False,,,0,,SUB in: G. Niang,[1627777],22400945,1610612737,ATL,,,,Niang,G. Niang,,,,,,,,,,,,,,,,,,,,,,,,,,
272,PT03M52.00S,2025-03-13T00:24:08.0Z,2,REGULAR,2pt,Jump Shot,"['pointsinthepaint', 'fromturnover']",1630700,15.374507227332458,46.365655637254896,1610612737,45,38,2025-03-13T00:44:10Z,2680000,False,18.0,92.0,1,left,D. Daniels 9' driving floating Jump Shot (6 PTS),[1630700],22400945,1610612737,ATL,driving floating,,,Daniels,D. Daniels,,,,,In The Paint (Non-RA),8-16 Center,9.38,Made,,,,,,,6.0,,,,,,,,,,,
276,PT03M37.00S,2025-03-13T00:24:26.7Z,2,REGULAR,timeout,full,"['team', 'mandatory']",0,,,1610612737,45,40,2025-03-13T00:24:26Z,2720000,False,,,0,,ATL Timeout,[],22400945,1610612737,ATL,,,,,,,,,,,,,,,,,,,,,,,,,,,,,,,
279,PT03M37.00S,2025-03-13T00:26:41.2Z,2,REGULAR,substitution,in,[],1629027,,,1610612737,45,40,2025-03-13T00:27:13Z,2750000,False,,,0,,SUB in: T. Young,[1629027],22400945,1610612737,ATL,,,,Young,T. Young,,,,,,,,,,,,,,,,,,,,,,,,,,
277,PT03M37.00S,2025-03-13T00:26:41.2Z,2,REGULAR,substitution,out,[],1630249,,,1610612737,45,40,2025-03-13T00:27:13Z,2730000,False,,,0,,SUB out: V. Krejčí,[1630249],22400945,1610612737,ATL,,,,Krejčí,V. Krejčí,,,,,,,,,,,,,,,,,,,,,,,,,,
281,PT03M21.00S,2025-03-13T00:27:35.1Z,2,REGULAR,2pt,Hook,['pointsinthepaint'],1627777,12.483574244415237,55.20833333333333,1610612737,47,40,2025-03-13T00:36:17Z,2770000,False,-26.0,65.0,1,left,G. Niang 6' driving Hook (4 PTS) (C. LeVert 1 AST),"[1627777, 1627747]",22400945,1610612737,ATL,driving,,,Niang,G. Niang,,,,,In The Paint (Non-RA),0-8 Center,6.98,Made,,,,,,,4.0,C. LeVert,1627747.0,1.0,,,,,,,,
285,PT02M47.00S,2025-03-13T00:28:12.2Z,2,REGULAR,3pt,Jump Shot,[],1627777,27.463863337713533,18.359375,1610612737,47,43,2025-03-13T00:37:27Z,2810000,False,158.0,206.0,1,left,MISS G. Niang 25' 3PT,[1627777],22400945,1610612737,ATL,,,,Niang,G. Niang,,,,,Above the Break 3,24+ Right Center,25.95,Missed,,,,,,,,,,,,,,,,,,
288,PT02M18.00S,2025-03-13T00:28:40.3Z,2,REGULAR,rebound,defensive,['team'],0,,,1610612737,47,43,2025-03-13T00:37:50Z,2840000,False,,,0,,TEAM defensive REBOUND,[],22400945,1610612737,ATL,,,,,,,,,,In The Paint (Non-RA),8-16 Center,,,,,287.0,,,,,,,,,,,,,,,
300,PT01M58.00S,2025-03-13T00:31:57.4Z,2,REGULAR,3pt,Jump Shot,[],1627747,33.57835085413929,67.14154411764706,1610612737,47,43,2025-03-13T00:38:56Z,2940000,False,-86.0,263.0,1,left,MISS C. LeVert 27' 3PT,[1627747],22400945,1610612737,ATL,,,,LeVert,C. LeVert,,,,,Above the Break 3,24+ Center,27.67,Missed,,,,,,,,,,,,,,,,,,
302,PT01M50.00S,2025-03-13T00:32:10.7Z,2,REGULAR,foul,personal,['2freethrow'],1627747,,,1610612766,47,43,2025-03-13T00:39:08Z,2960000,False,,,0,,C. LeVert shooting personal FOUL (1 PF) (Bridges 2 FT),"[1627747, 1628970]",22400945,1610612737,ATL,shooting,,,LeVert,C. LeVert,,,,,In The Paint (Non-RA),0-8 Center,,,,,,,,,,,,,1199.0,,1.0,0.0,Bridges,1628970.0,,
306,PT01M48.00S,2025-03-13T00:32:34.1Z,2,REGULAR,rebound,defensive,[],1630700,,,1610612737,47,44,2025-03-13T00:39:23Z,3000000,False,,,0,,D. Daniels REBOUND (Off:1 Def:2),[1630700],22400945,1610612737,ATL,,,,Daniels,D. Daniels,,,,,,,,,,,305.0,3.0,2.0,1.0,,,,,,,,,,,,
309,PT01M30.00S,2025-03-13T00:33:27.6Z,2,REGULAR,freethrow,1 of 3,[],1629027,,,1610612737,48,44,2025-03-13T00:33:27Z,3030000,False,,,0,,T. Young Free Throw 1 of 3 (7 PTS),[1629027],22400945,1610612737,ATL,,,,Young,T. Young,,,,,,,,Made,,,,,,,7.0,,,,,,,,,,,
311,PT01M30.00S,2025-03-13T00:33:43.8Z,2,REGULAR,freethrow,2 of 3,[],1629027,,,1610612737,49,44,2025-03-13T00:33:43Z,3040000,False,,,0,,T. Young Free Throw 2 of 3 (8 PTS),[1629027],22400945,1610612737,ATL,,,,Young,T. Young,,,,,,,,Made,,,,,,,8.0,,,,,,,,,,,
312,PT01M30.00S,2025-03-13T00:33:58.6Z,2,REGULAR,freethrow,3 of 3,[],1629027,,,1610612737,50,44,2025-03-13T00:33:58Z,3050000,False,,,0,,T. Young Free Throw 3 of 3 (9 PTS),[1629027],22400945,1610612737,ATL,,,,Young,T. Young,,,,,,,,Made,,,,,,,9.0,,,,,,,,,,,
315,PT00M56.00S,2025-03-13T00:34:51.9Z,2,REGULAR,2pt,Layup,['pointsinthepaint'],1630700,13.512237187910642,59.21032475490196,1610612737,50,46,2025-03-13T00:40:48Z,3080000,False,-46.0,75.0,1,left,MISS D. Daniels 8' driving Layup,[1630700],22400945,1610612737,ATL,driving,,,Daniels,D. Daniels,,,,,In The Paint (Non-RA),8-16 Center,8.76,Missed,,,,,,,,,,,,,,,,,,
316,PT00M54.80S,2025-03-13T00:34:53.1Z,2,REGULAR,rebound,offensive,[],1627777,,,1610612737,50,46,2025-03-13T00:40:48Z,3090000,False,,,0,,G. Niang REBOUND (Off:1 Def:2),[1627777],22400945,1610612737,ATL,,,,Niang,G. Niang,,,,,In The Paint (Non-RA),8-16 Center,,,,,315.0,3.0,2.0,1.0,,,,,,,,,,,,
317,PT00M52.00S,2025-03-13T00:34:58.5Z,2,REGULAR,turnover,traveling,[],1627777,,,1610612737,50,46,2025-03-13T00:40:57Z,3100000,False,,,0,,G. Niang traveling TURNOVER (1 TO),[1627777],22400945,1610612737,ATL,,,,Niang,G. Niang,,,,,In The Paint (Non-RA),0-8 Center,,,,,,,,,,,,,202056.0,1.0,,,,,,
322,PT00M10.60S,2025-03-13T00:35:56.8Z,2,REGULAR,2pt,Layup,['pointsinthepaint'],1630168,8.650213534822598,50.44424019607843,1610612737,52,49,2025-03-13T00:41:58Z,3150000,False,-2.0,29.0,1,left,O. Okongwu cutting Layup (5 PTS) (G. Niang 3 AST),"[1630168, 1627777]",22400945,1610612737,ATL,cutting,,,Okongwu,O. Okongwu,,,,,Restricted Area,0-8 Center,2.89,Made,,,,,,,5.0,G. Niang,1627777.0,3.0,,,,,,,,
332,PT12M00.00S,2025-03-13T00:48:34.5Z,3,REGULAR,substitution,in,['startperiod'],1631243,,,1610612766,52,49,2025-03-13T00:51:43Z,3240000,False,,,0,,SUB in: M. Gueye,[1631243],22400945,1610612737,ATL,,,,Gueye,M. Gueye,,,,,,,,,,,,,,,,,,,,,,,,,,
331,PT12M00.00S,2025-03-13T00:48:34.5Z,3,REGULAR,substitution,in,['startperiod'],1642258,,,1610612766,52,49,2025-03-13T00:51:43Z,3230000,False,,,0,,SUB in: Z. Risacher,[1642258],22400945,1610612737,ATL,,,,Risacher,Z. Risacher,,,,,,,,,,,,,,,,,,,,,,,,,,
329,PT12M00.00S,2025-03-13T00:48:34.5Z,3,REGULAR,substitution,out,['startperiod'],1627777,,,1610612766,52,49,2025-03-13T00:51:43Z,3210000,False,,,0,,SUB out: G. Niang,[1627777],22400945,1610612737,ATL,,,,Niang,G. Niang,,,,,,,,,,,,,,,,,,,,,,,,,,
328,PT12M00.00S,2025-03-13T00:48:34.5Z,3,REGULAR,substitution,out,['startperiod'],1627747,,,1610612766,52,49,2025-03-13T00:51:43Z,3200000,False,,,0,,SUB out: C. LeVert,[1627747],22400945,1610612737,ATL,,,,LeVert,C. LeVert,,,,,,,,,,,,,,,,,,,,,,,,,,
335,PT11M45.00S,2025-03-13T00:52:08.2Z,3,REGULAR,turnover,bad pass,[],1630700,,,1610612737,52,49,2025-03-13T00:52:55Z,3270000,False,,,0,,D. Daniels bad pass TURNOVER (2 TO),"[1630700, 1630182]",22400945,1610612737,ATL,,,,Daniels,D. Daniels,,,,,In The Paint (Non-RA),8-16 Right,,,,,,,,,,,,,,2.0,,,,,Green,1630182.0
340,PT11M35.00S,2025-03-13T00:52:20.7Z,3,REGULAR,block,,[],1631243,,,1610612766,52,49,2025-03-13T00:54:38Z,3320000,False,,,0,,M. Gueye BLOCK (2 BLK),[1631243],22400945,1610612737,ATL,,,,Gueye,M. Gueye,,,,,Restricted Area,0-8 Center,,,,,,,,,,,,,,,,,,,,
373,PT11M33.00S,2025-03-13T00:52:25.0Z,3,REGULAR,block,,[],1630700,,,1610612766,52,49,2025-03-13T00:58:37Z,3345000,False,,,0,,D. Daniels BLOCK (2 BLK),[1630700],22400945,1610612737,ATL,,,,Daniels,D. Daniels,,,,,Above the Break 3,24+ Left Center,,,,,,,,,,,,,,,,,,,,
343,PT11M30.00S,2025-03-13T00:52:28.0Z,3,REGULAR,rebound,defensive,[],1629027,,,1610612737,52,49,2025-03-13T00:54:45Z,3350000,False,,,0,,T. Young REBOUND (Off:1 Def:3),[1629027],22400945,1610612737,ATL,,,,Young,T. Young,,,,,Above the Break 3,24+ Left Center,,,,,342.0,4.0,3.0,1.0,,,,,,,,,,,,
344,PT11M21.00S,2025-03-13T00:52:31.3Z,3,REGULAR,2pt,Jump Shot,['pointsinthepaint'],1629027,88.5676741130092,45.34696691176471,1610612737,54,49,2025-03-13T00:55:17Z,3360000,False,-23.0,55.0,1,right,T. Young driving floating Jump Shot (11 PTS),[1629027],22400945,1610612737,ATL,driving floating,,,Young,T. Young,,,,,In The Paint (Non-RA),0-8 Center,5.97,Made,,,,,,,11.0,,,,,,,,,,,
348,PT10M53.00S,2025-03-13T00:53:01.0Z,3,REGULAR,steal,,[],1630700,,,1610612737,54,49,2025-03-13T00:53:03Z,3400000,False,,,0,,D. Daniels STEAL (2 STL),[1630700],22400945,1610612737,ATL,,,,Daniels,D. Daniels,,,,,Mid-Range,8-16 Left,,,,,,,,,,,,,,,,,,,,
351,PT10M46.00S,2025-03-13T00:53:37.9Z,3,REGULAR,freethrow,1 of 2,"['fromturnover', 'fastbreak']",1631243,,,1610612737,55,49,2025-03-13T00:53:57Z,3430000,False,,,0,,M. Gueye Free Throw 1 of 2 (3 PTS),[1631243],22400945,1610612737,ATL,,,,Gueye,M. Gueye,,,,,,,,Made,,,,,,,3.0,,,,,,,,,,,
352,PT10M46.00S,2025-03-13T00:53:37.9Z,3,REGULAR,freethrow,2 of 2,"['fastbreak', 'fromturnover']",1631243,,,1610612737,55,49,2025-03-13T00:53:57Z,3440000,False,,,0,,MISS M. Gueye Free Throw 2 of 2,[1631243],22400945,1610612737,ATL,,,,Gueye,M. Gueye,,,,,,,,Missed,,,,,,,,,,,,,,,,,,
353,PT10M45.00S,2025-03-13T00:53:38.9Z,3,REGULAR,rebound,offensive,[],1631243,,,1610612737,55,49,2025-03-13T00:58:06Z,3450000,False,,,0,,M. Gueye REBOUND (Off:1 Def:2),[1631243],22400945,1610612737,ATL,,,,Gueye,M. Gueye,,,,,,,,,,,352.0,3.0,2.0,1.0,,,,,,,,,,,,
359,PT10M35.00S,2025-03-13T00:54:26.0Z,3,REGULAR,3pt,Jump Shot,"['fromturnover', '2ndchance']",1642258,94.87516425755585,4.388786764705884,1610612737,58,49,2025-03-13T00:58:36Z,3510000,False,-228.0,-4.0,1,right,Z. Risacher 3PT  (8 PTS) (T. Young 7 AST),"[1642258, 1629027]",22400945,1610612737,ATL,,,,Risacher,Z. Risacher,,,,,Left Corner 3,24+ Left,22.81,Made,,,,,,,8.0,T. Young,1629027.0,7.0,,,,,,,,
362,PT10M12.00S,2025-03-13T00:54:50.1Z,3,REGULAR,rebound,defensive,[],1630700,,,1610612737,58,49,2025-03-13T00:59:02Z,3540000,False,,,0,,D. Daniels REBOUND (Off:1 Def:3),[1630700],22400945,1610612737,ATL,,,,Daniels,D. Daniels,,,,,Above the Break 3,24+ Center,,,,,361.0,4.0,3.0,1.0,,,,,,,,,,,,
516,PT10M04.00S,2025-03-13T00:55:15.0Z,3,REGULAR,2pt,Layup,['pointsinthepaint'],1630168,93.42969776609723,45.220588235294116,1610612737,58,49,2025-03-13T01:35:50Z,3545000,False,-24.0,9.0,1,right,MISS O. Okongwu alley-oop Layup - blocked,"[1630168, 1629610]",22400945,1610612737,ATL,alley-oop,,,Okongwu,O. Okongwu,,,,,Restricted Area,0-8 Center,2.56,Missed,Jeffries,1629610.0,,,,,,,,,,,,,,,,
518,PT10M02.00S,2025-03-13T00:55:17.0Z,3,REGULAR,rebound,offensive,['team'],0,,,1610612737,58,49,2025-03-13T01:35:50Z,3548750,False,,,0,,TEAM offensive REBOUND,[],22400945,1610612737,ATL,,,,,,,,,,Restricted Area,0-8 Center,,,,,516.0,,,,,,,,,,,,,,,
618,PT09M58.00S,2025-03-13T00:55:28.0Z,3,REGULAR,2pt,Jump Shot,['2ndchance'],1629027,84.09986859395532,81.83976715686275,1610612737,58,49,2025-03-13T01:37:46Z,3555000,False,159.0,97.0,1,right,MISS T. Young 18' pullup Shot - blocked,"[1629027, 1629610]",22400945,1610612737,ATL,pullup,,,Young,T. Young,,,,,Mid-Range,16-24 Right,18.64,Missed,Jeffries,1629610.0,,,,,,,,,,,,,,,,
620,PT09M57.00S,2025-03-13T00:55:29.0Z,3,REGULAR,rebound,offensive,[],1629027,,,1610612737,58,49,2025-03-13T01:37:46Z,3558750,False,,,0,,T. Young REBOUND (Off:2 Def:3),[1629027],22400945,1610612737,ATL,,,,Young,T. Young,,,,,Mid-Range,16-24 Right,,,,,618.0,5.0,3.0,2.0,,,,,,,,,,,,
364,PT09M55.00S,2025-03-13T00:55:29.7Z,3,REGULAR,2pt,Jump Shot,"['pointsinthepaint', '2ndchance']",1629027,87.12220762155059,52.286305147058826,1610612737,58,49,2025-03-13T01:38:18Z,3560000,False,11.0,69.0,1,right,MISS T. Young 6' driving floating Shot,[1629027],22400945,1610612737,ATL,driving floating,,,Young,T. Young,,,,,In The Paint (Non-RA),0-8 Center,6.95,Missed,,,,,,,,,,,,,,,,,,
366,PT09M49.00S,2025-03-13T00:55:30.4Z,3,REGULAR,3pt,Jump Shot,['2ndchance'],1631243,67.7562417871222,42.64705882352941,1610612737,61,49,2025-03-13T01:37:03Z,3580000,False,-37.0,251.0,1,right,M. Gueye 25' 3PT  (6 PTS) (O. Okongwu 1 AST),"[1631243, 1630168]",22400945,1610612737,ATL,,,,Gueye,M. Gueye,,,,,Above the Break 3,24+ Center,25.33,Made,,,,,,,6.0,O. Okongwu,1630168.0,1.0,,,,,,,,
365,PT09M53.00S,2025-03-13T00:55:31.7Z,3,REGULAR,rebound,offensive,[],1630168,,,1610612737,58,49,2025-03-13T01:38:18Z,3570000,False,,,0,,O. Okongwu REBOUND (Off:3 Def:1),[1630168],22400945,1610612737,ATL,,,,Okongwu,O. Okongwu,,,,,In The Paint (Non-RA),0-8 Center,,,,,364.0,4.0,1.0,3.0,,,,,,,,,,,,
369,PT09M38.00S,2025-03-13T00:55:42.4Z,3,REGULAR,steal,,[],1631243,,,1610612737,61,49,2025-03-13T00:55:44Z,3610000,False,,,0,,M. Gueye STEAL (2 STL),[1631243],22400945,1610612737,ATL,,,,Gueye,M. Gueye,,,,,Mid-Range,16-24 Left Center,,,,,,,,,,,,,,,,,,,,
370,PT09M34.00S,2025-03-13T00:55:46.7Z,3,REGULAR,2pt,Layup,"['fastbreak', 'pointsinthepaint', 'fromturnover']",1630700,88.69908015768725,55.962775735294116,1610612737,63,49,2025-03-13T01:02:13Z,3620000,False,30.0,54.0,1,right,D. Daniels 6' running Layup (8 PTS) (T. Young 8 AST),"[1630700, 1629027]",22400945,1610612737,ATL,running,,,Daniels,D. Daniels,,,,,In The Paint (Non-RA),0-8 Center,6.14,Made,,,,,,,8.0,T. Young,1629027.0,8.0,,,,,,,,
376,PT08M59.00S,2025-03-13T00:59:28.0Z,3,REGULAR,3pt,Jump Shot,[],1631243,91.14651773981603,96.07843137254902,1610612737,63,52,2025-03-13T01:05:00Z,3670000,False,230.0,31.0,1,right,MISS M. Gueye 3PT,[1631243],22400945,1610612737,ATL,,,,Gueye,M. Gueye,,,,,Right Corner 3,24+ Right,23.24,Missed,,,,,,,,,,,,,,,,,,
379,PT08M38.00S,2025-03-13T00:59:49.5Z,3,REGULAR,rebound,defensive,[],1630168,,,1610612737,63,52,2025-03-13T01:05:21Z,3700000,False,,,0,,O. Okongwu REBOUND (Off:3 Def:2),[1630168],22400945,1610612737,ATL,,,,Okongwu,O. Okongwu,,,,,Right Corner 3,24+ Right,,,,,378.0,5.0,2.0,3.0,,,,,,,,,,,,
380,PT08M31.00S,2025-03-13T00:59:56.3Z,3,REGULAR,3pt,Jump Shot,[],1629027,66.94111366622865,21.545649509803923,1610612737,63,52,2025-03-13T01:05:38Z,3710000,False,-142.0,258.0,1,right,MISS T. Young 29' 3PT,[1629027],22400945,1610612737,ATL,,,,Young,T. Young,,,,,Above the Break 3,24+ Left Center,29.49,Missed,,,,,,,,,,,,,,,,,,
382,PT08M22.00S,2025-03-13T01:00:06.0Z,3,REGULAR,foul,personal,[],1630168,,,1610612766,63,52,2025-03-13T01:06:08Z,3730000,False,,,0,,O. Okongwu personal FOUL (2 PF),"[1630168, 1631109]",22400945,1610612737,ATL,,,,Okongwu,O. Okongwu,,,,,Restricted Area,0-8 Center,,,,,,,,,,,,,1199.0,,2.0,0.0,Williams,1631109.0,,
387,PT08M11.00S,2025-03-13T01:00:50.9Z,3,REGULAR,2pt,Layup,"['pointsinthepaint', 'fromturnover']",1629027,89.88173455978975,56.74019607843137,1610612737,65,52,2025-03-13T01:06:28Z,3780000,False,34.0,43.0,1,right,T. Young driving Layup (13 PTS),[1629027],22400945,1610612737,ATL,driving,,,Young,T. Young,,,,,In The Paint (Non-RA),0-8 Center,5.43,Made,,,,,,,13.0,,,,,,,,,,,
390,PT07M36.00S,2025-03-13T01:01:27.0Z,3,REGULAR,2pt,Jump Shot,['pointsinthepaint'],1630700,93.69250985545335,61.71875,1610612737,65,54,2025-03-13T01:07:38Z,3810000,False,59.0,7.0,1,right,MISS D. Daniels driving floating Shot,[1630700],22400945,1610612737,ATL,driving floating,,,Daniels,D. Daniels,,,,,In The Paint (Non-RA),0-8 Center,5.9,Missed,,,,,,,,,,,,,,,,,,
391,PT07M35.00S,2025-03-13T01:01:28.0Z,3,REGULAR,rebound,offensive,[],1630168,,,1610612737,65,54,2025-03-13T01:36:37Z,3820000,False,,,0,,O. Okongwu REBOUND (Off:4 Def:2),[1630168],22400945,1610612737,ATL,,,,Okongwu,O. Okongwu,,,,,In The Paint (Non-RA),0-8 Center,,,,,390.0,6.0,2.0,4.0,,,,,,,,,,,,
468,PT07M35.00S,2025-03-13T01:01:32.3Z,3,REGULAR,2pt,Layup,"['pointsinthepaint', '2ndchance']",1630168,91.45860709592641,51.91482843137255,1610612737,65,54,2025-03-13T01:36:49Z,3825000,False,10.0,28.0,1,right,MISS O. Okongwu tip Layup - blocked,"[1630168, 1631109]",22400945,1610612737,ATL,tip,,,Okongwu,O. Okongwu,,,,,Restricted Area,0-8 Center,2.94,Missed,Williams,1631109.0,,,,,,,,,,,,,,,,
394,PT07M26.00S,2025-03-13T01:02:14.9Z,3,REGULAR,violation,delay-of-game,['team'],0,,,1610612766,65,54,2025-03-13T01:13:42Z,3850000,False,,,0,,TEAM delay-of-game VIOLATION,[],22400945,1610612737,ATL,,,,,,,,,,,,,,,,,,,,,,,,202056.0,,,,,,,
396,PT07M15.00S,2025-03-13T01:02:31.7Z,3,REGULAR,rebound,defensive,[],1642258,,,1610612737,65,54,2025-03-13T01:08:24Z,3870000,False,,,0,,Z. Risacher REBOUND (Off:0 Def:3),[1642258],22400945,1610612737,ATL,,,,Risacher,Z. Risacher,,,,,In The Paint (Non-RA),8-16 Center,,,,,395.0,3.0,3.0,0.0,,,,,,,,,,,,
404,PT07M08.00S,2025-03-13T01:03:04.9Z,3,REGULAR,freethrow,2 of 2,[],1629027,,,1610612737,67,54,2025-03-13T01:09:37Z,3905000,False,,,0,,T. Young Free Throw 2 of 2 (15 PTS),[1629027],22400945,1610612737,ATL,,,,Young,T. Young,,,,,,,,Made,,,,,,,15.0,,,,,,,,,,,
399,PT07M08.00S,2025-03-13T01:03:04.9Z,3,REGULAR,freethrow,1 of 2,[],1629027,,,1610612737,66,54,2025-03-13T01:09:37Z,3900000,False,,,0,,T. Young Free Throw 1 of 2 (14 PTS),[1629027],22400945,1610612737,ATL,,,,Young,T. Young,,,,,,,,Made,,,,,,,14.0,,,,,,,,,,,
406,PT06M55.00S,2025-03-13T01:03:47.8Z,3,REGULAR,rebound,defensive,[],1642258,,,1610612737,67,54,2025-03-13T01:09:03Z,3947500,False,,,0,,Z. Risacher REBOUND (Off:0 Def:4),[1642258],22400945,1610612737,ATL,,,,Risacher,Z. Risacher,,,,,Mid-Range,8-16 Left,,,,,405.0,4.0,4.0,0.0,,,,,,,,,,,,
407,PT06M46.00S,2025-03-13T01:03:57.3Z,3,REGULAR,3pt,Jump Shot,[],1630168,66.27792378449408,42.133884803921575,1610612737,67,54,2025-03-13T01:09:59Z,3980000,False,-39.0,264.0,1,right,MISS O. Okongwu 26' 3PT,[1630168],22400945,1610612737,ATL,,,,Okongwu,O. Okongwu,,,,,Above the Break 3,24+ Center,26.74,Missed,,,,,,,,,,,,,,,,,,
409,PT06M42.00S,2025-03-13T01:04:03.8Z,3,REGULAR,foul,personal,[],1631243,,,1610612766,67,54,2025-03-13T01:10:09Z,4000000,False,,,0,,M. Gueye loose ball personal FOUL (1 PF),"[1631243, 1630585]",22400945,1610612737,ATL,loose ball,,,Gueye,M. Gueye,,,,,Mid-Range,8-16 Left,,,,,,,,,,,,,2534.0,,1.0,0.0,Garrett,1630585.0,,
412,PT06M42.00S,2025-03-13T01:04:09.5Z,3,REGULAR,substitution,in,[],1627777,,,1610612766,67,54,2025-03-13T01:04:13Z,4030000,False,,,0,,SUB in: G. Niang,[1627777],22400945,1610612737,ATL,,,,Niang,G. Niang,,,,,,,,,,,,,,,,,,,,,,,,,,
411,PT06M42.00S,2025-03-13T01:04:09.5Z,3,REGULAR,substitution,out,[],1631243,,,1610612766,67,54,2025-03-13T01:04:13Z,4020000,False,,,0,,SUB out: M. Gueye,[1631243],22400945,1610612737,ATL,,,,Gueye,M. Gueye,,,,,,,,,,,,,,,,,,,,,,,,,,
414,PT06M13.00S,2025-03-13T01:04:53.5Z,3,REGULAR,2pt,Jump Shot,[],1629027,75.9526938239159,40.66329656862745,1610612737,69,56,2025-03-13T01:10:56Z,4050000,False,-47.0,174.0,1,right,T. Young 17' pullup Jump Shot (17 PTS),[1629027],22400945,1610612737,ATL,pullup,,,Young,T. Young,,,,,Mid-Range,16-24 Center,17.97,Made,,,,,,,17.0,,,,,,,,,,,
416,PT05M51.00S,2025-03-13T01:05:15.7Z,3,REGULAR,2pt,Jump Shot,[],1629027,78.97503285151117,61.573223039215684,1610612737,71,58,2025-03-13T01:11:27Z,4070000,False,58.0,145.0,1,right,T. Young 15' pullup Jump Shot (19 PTS),[1629027],22400945,1610612737,ATL,pullup,,,Young,T. Young,,,,,Mid-Range,8-16 Center,15.62,Made,,,,,,,19.0,,,,,,,,,,,
418,PT05M38.00S,2025-03-13T01:05:29.7Z,3,REGULAR,steal,,[],1630700,,,1610612737,71,58,2025-03-13T01:05:31Z,4090000,False,,,0,,D. Daniels STEAL (3 STL),[1630700],22400945,1610612737,ATL,,,,Daniels,D. Daniels,,,,,In The Paint (Non-RA),0-8 Center,,,,,,,,,,,,,,,,,,,,
421,PT05M37.00S,2025-03-13T01:06:01.9Z,3,REGULAR,freethrow,1 of 1,['fromturnover'],1629027,,,1610612737,72,58,2025-03-13T01:13:33Z,4120000,False,,,0,,T. Young transition take Free Throw 1 of 1 (20 PTS),[1629027],22400945,1610612737,ATL,transition take,,,Young,T. Young,,,,,,,,Made,,,,,,,20.0,,,,,,,,,,,
429,PT05M37.00S,2025-03-13T01:06:06.5Z,3,REGULAR,substitution,in,[],1629611,,,1610612766,72,58,2025-03-13T01:06:17Z,4200000,False,,,0,,SUB in: T. Mann,[1629611],22400945,1610612737,ATL,,,,Mann,T. Mann,,,,,,,,,,,,,,,,,,,,,,,,,,
428,PT05M37.00S,2025-03-13T01:06:06.5Z,3,REGULAR,substitution,in,[],1627747,,,1610612766,72,58,2025-03-13T01:06:17Z,4190000,False,,,0,,SUB in: C. LeVert,[1627747],22400945,1610612737,ATL,,,,LeVert,C. LeVert,,,,,,,,,,,,,,,,,,,,,,,,,,
427,PT05M37.00S,2025-03-13T01:06:06.5Z,3,REGULAR,substitution,in,[],1631230,,,1610612766,72,58,2025-03-13T01:06:17Z,4180000,False,,,0,,SUB in: D. Barlow,[1631230],22400945,1610612737,ATL,,,,Barlow,D. Barlow,,,,,,,,,,,,,,,,,,,,,,,,,,
423,PT05M37.00S,2025-03-13T01:06:06.5Z,3,REGULAR,substitution,out,[],1629027,,,1610612766,72,58,2025-03-13T01:06:17Z,4140000,False,,,0,,SUB out: T. Young,[1629027],22400945,1610612737,ATL,,,,Young,T. Young,,,,,,,,,,,,,,,,,,,,,,,,,,
424,PT05M37.00S,2025-03-13T01:06:06.5Z,3,REGULAR,substitution,out,[],1630168,,,1610612766,72,58,2025-03-13T01:06:17Z,4150000,False,,,0,,SUB out: O. Okongwu,[1630168],22400945,1610612737,ATL,,,,Okongwu,O. Okongwu,,,,,,,,,,,,,,,,,,,,,,,,,,
422,PT05M37.00S,2025-03-13T01:06:06.5Z,3,REGULAR,substitution,out,[],1642258,,,1610612766,72,58,2025-03-13T01:06:17Z,4130000,False,,,0,,SUB out: Z. Risacher,[1642258],22400945,1610612737,ATL,,,,Risacher,Z. Risacher,,,,,,,,,,,,,,,,,,,,,,,,,,
432,PT05M14.00S,2025-03-13T01:06:45.2Z,3,REGULAR,3pt,Jump Shot,['fromturnover'],1627747,76.42904073587385,11.519607843137255,1610612737,72,58,2025-03-13T01:12:40Z,4230000,False,-192.0,169.0,1,right,MISS C. LeVert 25' pullup 3PT,[1627747],22400945,1610612737,ATL,pullup,,,LeVert,C. LeVert,,,,,Above the Break 3,24+ Left Center,25.61,Missed,,,,,,,,,,,,,,,,,,
436,PT04M57.00S,2025-03-13T01:07:02.0Z,3,REGULAR,2pt,Jump Shot,['pointsinthepaint'],1630700,82.1287779237845,54.75643382352941,1610612737,72,61,2025-03-13T01:13:39Z,4270000,False,24.0,115.0,1,right,MISS D. Daniels 11' driving floating Shot,[1630700],22400945,1610612737,ATL,driving floating,,,Daniels,D. Daniels,,,,,In The Paint (Non-RA),8-16 Center,11.79,Missed,,,,,,,,,,,,,,,,,,
437,PT04M54.00S,2025-03-13T01:07:05.0Z,3,REGULAR,rebound,offensive,[],1630700,,,1610612737,72,61,2025-03-13T01:13:39Z,4280000,False,,,0,,D. Daniels REBOUND (Off:2 Def:3),[1630700],22400945,1610612737,ATL,,,,Daniels,D. Daniels,,,,,In The Paint (Non-RA),8-16 Center,,,,,436.0,5.0,3.0,2.0,,,,,,,,,,,,
438,PT04M51.00S,2025-03-13T01:07:08.3Z,3,REGULAR,2pt,Layup,"['pointsinthepaint', '2ndchance']",1631230,90.53876478318003,53.28584558823529,1610612737,72,61,2025-03-13T01:13:56Z,4290000,False,16.0,36.0,1,right,MISS D. Barlow Layup,[1631230],22400945,1610612737,ATL,,,,Barlow,D. Barlow,,,,,Restricted Area,0-8 Center,3.99,Missed,,,,,,,,,,,,,,,,,,
441,PT04M43.00S,2025-03-13T01:07:15.7Z,3,REGULAR,steal,,[],1627777,,,1610612737,72,61,2025-03-13T01:07:18Z,4320000,False,,,0,,G. Niang STEAL (1 STL),[1627777],22400945,1610612737,ATL,,,,Niang,G. Niang,,,,,Mid-Range,8-16 Right,,,,,,,,,,,,,,,,,,,,
444,PT04M31.00S,2025-03-13T01:07:54.4Z,3,REGULAR,2pt,Jump Shot,"['pointsinthepaint', 'fromturnover']",1629611,85.54533508541392,45.423560049019606,1610612737,74,61,2025-03-13T01:15:20Z,4350000,False,-23.0,83.0,1,right,T. Mann 8' driving floating Jump Shot (7 PTS) (D. Barlow 2 AST),"[1629611, 1631230]",22400945,1610612737,ATL,driving floating,,,Mann,T. Mann,,,,,In The Paint (Non-RA),8-16 Center,8.65,Made,,,,,,,7.0,D. Barlow,1631230.0,2.0,,,,,,,,
447,PT04M07.00S,2025-03-13T01:08:19.7Z,3,REGULAR,rebound,defensive,[],1627777,,,1610612737,74,61,2025-03-13T01:15:40Z,4380000,False,,,0,,G. Niang REBOUND (Off:1 Def:3),[1627777],22400945,1610612737,ATL,,,,Niang,G. Niang,,,,,Above the Break 3,24+ Right Center,,,,,446.0,4.0,3.0,1.0,,,,,,,,,,,,
448,PT04M00.00S,2025-03-13T01:08:25.8Z,3,REGULAR,2pt,Layup,"['fastbreak', 'pointsinthepaint']",1629611,92.77266754270697,45.91375612745098,1610612737,76,61,2025-03-13T01:16:06Z,4390000,False,-20.0,15.0,1,right,T. Mann running Layup (9 PTS),[1629611],22400945,1610612737,ATL,running,,,Mann,T. Mann,,,,,Restricted Area,0-8 Center,2.56,Made,,,,,,,9.0,,,,,,,,,,,
450,PT03M28.00S,2025-03-13T01:08:58.8Z,3,REGULAR,3pt,Jump Shot,[],1631230,92.06636005256242,95.83333333333334,1610612737,76,64,2025-03-13T01:16:57Z,4410000,False,229.0,22.0,1,right,MISS D. Barlow 3PT,[1631230],22400945,1610612737,ATL,,,,Barlow,D. Barlow,,,,,Right Corner 3,24+ Right,23.03,Missed,,,,,,,,,,,,,,,,,,
453,PT03M16.00S,2025-03-13T01:09:10.7Z,3,REGULAR,rebound,defensive,[],1627747,,,1610612737,76,64,2025-03-13T01:17:50Z,4440000,False,,,0,,C. LeVert REBOUND (Off:0 Def:2),[1627747],22400945,1610612737,ATL,,,,LeVert,C. LeVert,,,,,Above the Break 3,24+ Right Center,,,,,452.0,2.0,2.0,0.0,,,,,,,,,,,,
456,PT03M12.00S,2025-03-13T01:09:52.3Z,3,REGULAR,freethrow,1 of 2,[],1629611,,,1610612737,77,64,2025-03-13T01:10:21Z,4470000,False,,,0,,T. Mann Free Throw 1 of 2 (10 PTS),[1629611],22400945,1610612737,ATL,,,,Mann,T. Mann,,,,,,,,Made,,,,,,,10.0,,,,,,,,,,,
461,PT03M12.00S,2025-03-13T01:09:52.3Z,3,REGULAR,freethrow,2 of 2,[],1629611,,,1610612737,77,64,2025-03-13T01:10:21Z,4520000,False,,,0,,MISS T. Mann Free Throw 2 of 2,[1629611],22400945,1610612737,ATL,,,,Mann,T. Mann,,,,,,,,Missed,,,,,,,,,,,,,,,,,,
459,PT03M12.00S,2025-03-13T01:09:54.9Z,3,REGULAR,substitution,in,[],1629027,,,1610612737,77,64,2025-03-13T01:10:04Z,4500000,False,,,0,,SUB in: T. Young,[1629027],22400945,1610612737,ATL,,,,Young,T. Young,,,,,,,,,,,,,,,,,,,,,,,,,,
457,PT03M12.00S,2025-03-13T01:09:54.9Z,3,REGULAR,substitution,out,[],1630700,,,1610612737,77,64,2025-03-13T01:10:04Z,4480000,False,,,0,,SUB out: D. Daniels,[1630700],22400945,1610612737,ATL,,,,Daniels,D. Daniels,,,,,,,,,,,,,,,,,,,,,,,,,,
467,PT02M51.00S,2025-03-13T01:10:54.4Z,3,REGULAR,timeout,full,"['team', 'mandatory']",0,,,1610612737,77,67,2025-03-13T01:10:54Z,4580000,False,,,0,,ATL Timeout,[],22400945,1610612737,ATL,,,,,,,,,,,,,,,,,,,,,,,,,,,,,,,
470,PT02M51.00S,2025-03-13T01:14:11.5Z,3,REGULAR,freethrow,1 of 2,[],1629027,,,1610612737,78,67,2025-03-13T01:14:11Z,4590000,False,,,0,,T. Young Free Throw 1 of 2 (21 PTS),[1629027],22400945,1610612737,ATL,,,,Young,T. Young,,,,,,,,Made,,,,,,,21.0,,,,,,,,,,,
471,PT02M51.00S,2025-03-13T01:14:23.9Z,3,REGULAR,freethrow,2 of 2,[],1629027,,,1610612737,79,67,2025-03-13T01:14:23Z,4600000,False,,,0,,T. Young Free Throw 2 of 2 (22 PTS),[1629027],22400945,1610612737,ATL,,,,Young,T. Young,,,,,,,,Made,,,,,,,22.0,,,,,,,,,,,
474,PT02M23.00S,2025-03-13T01:14:53.7Z,3,REGULAR,turnover,lost ball,[],1627747,,,1610612737,79,70,2025-03-13T01:19:14Z,4630000,False,,,0,,C. LeVert lost ball TURNOVER (1 TO),"[1627747, 203552]",22400945,1610612737,ATL,,,,LeVert,C. LeVert,,,,,Mid-Range,16-24 Left Center,,,,,,,,,,,,,,1.0,,,,,Curry,203552.0
477,PT02M20.00S,2025-03-13T01:14:57.4Z,3,REGULAR,steal,,[],1629027,,,1610612737,79,70,2025-03-13T01:14:59Z,4660000,False,,,0,,T. Young STEAL (1 STL),[1629027],22400945,1610612737,ATL,,,,Young,T. Young,,,,,Above the Break 3,24+ Left Center,,,,,,,,,,,,,,,,,,,,
478,PT02M14.00S,2025-03-13T01:15:01.7Z,3,REGULAR,3pt,Jump Shot,['fromturnover'],1627747,91.01511169513797,96.07843137254902,1610612737,82,70,2025-03-13T01:15:09Z,4670000,False,230.0,32.0,1,right,C. LeVert 3PT  (9 PTS) (T. Young 9 AST),"[1627747, 1629027]",22400945,1610612737,ATL,,,,LeVert,C. LeVert,,,,,Right Corner 3,24+ Right,23.26,Made,,,,,,,9.0,T. Young,1629027.0,9.0,,,,,,,,
481,PT01M55.00S,2025-03-13T01:15:22.1Z,3,REGULAR,rebound,defensive,[],1627747,,,1610612737,82,70,2025-03-13T01:20:15Z,4700000,False,,,0,,C. LeVert REBOUND (Off:0 Def:3),[1627747],22400945,1610612737,ATL,,,,LeVert,C. LeVert,,,,,Restricted Area,0-8 Center,,,,,480.0,3.0,3.0,0.0,,,,,,,,,,,,
484,PT01M50.00S,2025-03-13T01:15:57.7Z,3,REGULAR,freethrow,1 of 2,['fastbreak'],1629027,,,1610612737,83,70,2025-03-13T01:15:57Z,4730000,False,,,0,,T. Young Free Throw 1 of 2 (23 PTS),[1629027],22400945,1610612737,ATL,,,,Young,T. Young,,,,,,,,Made,,,,,,,23.0,,,,,,,,,,,
487,PT01M50.00S,2025-03-13T01:16:23.2Z,3,REGULAR,freethrow,2 of 2,['fastbreak'],1629027,,,1610612737,84,70,2025-03-13T01:16:23Z,4760000,False,,,0,,T. Young Free Throw 2 of 2 (24 PTS),[1629027],22400945,1610612737,ATL,,,,Young,T. Young,,,,,,,,Made,,,,,,,24.0,,,,,,,,,,,
490,PT01M27.00S,2025-03-13T01:16:50.8Z,3,REGULAR,3pt,Jump Shot,[],1629027,69.46041392904074,75.71231617647058,1610612737,84,73,2025-03-13T01:21:03Z,4790000,False,129.0,235.0,1,right,MISS T. Young 26' pullup 3PT,[1629027],22400945,1610612737,ATL,pullup,,,Young,T. Young,,,,,Above the Break 3,24+ Right Center,26.75,Missed,,,,,,,,,,,,,,,,,,
497,PT01M02.00S,2025-03-13T01:17:49.4Z,3,REGULAR,freethrow,1 of 2,[],1629027,,,1610612737,85,75,2025-03-13T01:17:49Z,4860000,False,,,0,,T. Young Free Throw 1 of 2 (25 PTS),[1629027],22400945,1610612737,ATL,,,,Young,T. Young,,,,,,,,Made,,,,,,,25.0,,,,,,,,,,,
500,PT01M02.00S,2025-03-13T01:18:18.5Z,3,REGULAR,freethrow,2 of 2,[],1629027,,,1610612737,86,75,2025-03-13T01:18:18Z,4890000,False,,,0,,T. Young Free Throw 2 of 2 (26 PTS),[1629027],22400945,1610612737,ATL,,,,Young,T. Young,,,,,,,,Made,,,,,,,26.0,,,,,,,,,,,
502,PT00M44.70S,2025-03-13T01:18:52.6Z,3,REGULAR,3pt,Jump Shot,['fromturnover'],1627777,74.63863337713535,11.741727941176478,1610612737,89,75,2025-03-13T01:22:44Z,4910000,False,-191.0,186.0,1,right,G. Niang 26' 3PT  (7 PTS) (T. Young 10 AST),"[1627777, 1629027]",22400945,1610612737,ATL,,,,Niang,G. Niang,,,,,Above the Break 3,24+ Left Center,26.67,Made,,,,,,,7.0,T. Young,1629027.0,10.0,,,,,,,,
506,PT00M11.80S,2025-03-13T01:19:32.9Z,3,REGULAR,3pt,Jump Shot,[],1627777,94.43166885676742,95.83333333333334,1610612737,89,78,2025-03-13T01:19:47Z,4950000,False,229.0,0.0,1,right,MISS G. Niang 3PT - blocked,"[1627777, 1628970]",22400945,1610612737,ATL,,,,Niang,G. Niang,,,,,Right Corner 3,24+ Right,22.92,Missed,Bridges,1628970.0,,,,,,,,,,,,,,,,
508,PT00M10.20S,2025-03-13T01:19:34.5Z,3,REGULAR,rebound,offensive,['team'],0,,,1610612737,89,78,2025-03-13T01:19:47Z,4970000,False,,,0,,TEAM offensive REBOUND,[],22400945,1610612737,ATL,,,,,,,,,,Right Corner 3,24+ Right,,,,,506.0,,,,,,,,,,,,,,,
510,PT00M05.80S,2025-03-13T01:20:01.5Z,3,REGULAR,2pt,Jump Shot,['2ndchance'],1631230,78.71222076215506,45.56525735294118,1610612737,89,78,2025-03-13T01:24:22Z,4990000,False,-22.0,148.0,1,right,MISS D. Barlow 14' turnaround fadeaway Shot,[1631230],22400945,1610612737,ATL,turnaround fadeaway,,,Barlow,D. Barlow,,,,,Mid-Range,8-16 Center,14.93,Missed,,,,,,,,,,,,,,,,,,
519,PT12M00.00S,2025-03-13T01:21:58.5Z,4,REGULAR,substitution,out,['startperiod'],1627747,,,1610612766,89,78,2025-03-13T01:22:47Z,5040000,False,,,0,,SUB out: C. LeVert,[1627747],22400945,1610612737,ATL,,,,LeVert,C. LeVert,,,,,,,,,,,,,,,,,,,,,,,,,,
520,PT12M00.00S,2025-03-13T01:21:58.5Z,4,REGULAR,substitution,out,['startperiod'],1631230,,,1610612766,89,78,2025-03-13T01:22:47Z,5050000,False,,,0,,SUB out: D. Barlow,[1631230],22400945,1610612737,ATL,,,,Barlow,D. Barlow,,,,,,,,,,,,,,,,,,,,,,,,,,
523,PT12M00.00S,2025-03-13T01:21:58.5Z,4,REGULAR,substitution,in,['startperiod'],1630249,,,1610612766,89,78,2025-03-13T01:22:47Z,5080000,False,,,0,,SUB in: V. Krejčí,[1630249],22400945,1610612737,ATL,,,,Krejčí,V. Krejčí,,,,,,,,,,,,,,,,,,,,,,,,,,
524,PT12M00.00S,2025-03-13T01:21:58.5Z,4,REGULAR,substitution,in,['startperiod'],1630168,,,1610612766,89,78,2025-03-13T01:22:47Z,5090000,False,,,0,,SUB in: O. Okongwu,[1630168],22400945,1610612737,ATL,,,,Okongwu,O. Okongwu,,,,,,,,,,,,,,,,,,,,,,,,,,
531,PT11M37.00S,2025-03-13T01:23:31.1Z,4,REGULAR,2pt,Layup,['pointsinthepaint'],1630168,92.72339027595268,46.32352941176471,1610612737,89,80,2025-03-13T01:25:59Z,5160000,False,-18.0,16.0,1,right,MISS O. Okongwu cutting Layup - blocked,"[1630168, 1628970]",22400945,1610612737,ATL,cutting,,,Okongwu,O. Okongwu,,,,,Restricted Area,0-8 Center,2.43,Missed,Bridges,1628970.0,,,,,,,,,,,,,,,,
541,PT11M03.00S,2025-03-13T01:24:22.9Z,4,REGULAR,substitution,out,[],1627777,,,1610612737,89,82,2025-03-13T01:24:25Z,5250000,False,,,0,,SUB out: G. Niang,[1627777],22400945,1610612737,ATL,,,,Niang,G. Niang,,,,,,,,,,,,,,,,,,,,,,,,,,
542,PT11M03.00S,2025-03-13T01:24:22.9Z,4,REGULAR,substitution,in,[],1631243,,,1610612737,89,82,2025-03-13T01:24:25Z,5260000,False,,,0,,SUB in: M. Gueye,[1631243],22400945,1610612737,ATL,,,,Gueye,M. Gueye,,,,,,,,,,,,,,,,,,,,,,,,,,
543,PT10M50.00S,2025-03-13T01:24:52.2Z,4,REGULAR,2pt,Jump Shot,['pointsinthepaint'],1629027,89.09329829172142,65.06204044117646,1610612737,89,82,2025-03-13T01:27:11Z,5270000,False,75.0,50.0,1,right,MISS T. Young 9' driving floating bank Shot,[1629027],22400945,1610612737,ATL,driving floating bank,,,Young,T. Young,,,,,In The Paint (Non-RA),8-16 Right,9.04,Missed,,,,,,,,,,,,,,,,,,
546,PT10M35.00S,2025-03-13T01:25:07.2Z,4,REGULAR,rebound,defensive,[],1630249,,,1610612737,89,82,2025-03-13T01:27:30Z,5300000,False,,,0,,V. Krejčí REBOUND (Off:0 Def:1),[1630249],22400945,1610612737,ATL,,,,Krejčí,V. Krejčí,,,,,Above the Break 3,24+ Center,,,,,545.0,1.0,1.0,0.0,,,,,,,,,,,,
547,PT10M27.00S,2025-03-13T01:25:15.1Z,4,REGULAR,3pt,Jump Shot,[],1629611,96.27135348226018,3.431372549019608,1610612737,89,82,2025-03-13T01:27:55Z,5310000,False,-233.0,-17.0,1,right,MISS T. Mann 3PT,[1629611],22400945,1610612737,ATL,,,,Mann,T. Mann,,,,,Left Corner 3,24+ Left,23.35,Missed,,,,,,,,,,,,,,,,,,
548,PT10M25.00S,2025-03-13T01:25:17.1Z,4,REGULAR,rebound,offensive,[],1630168,,,1610612737,89,82,2025-03-13T01:27:55Z,5320000,False,,,0,,O. Okongwu REBOUND (Off:5 Def:2),[1630168],22400945,1610612737,ATL,,,,Okongwu,O. Okongwu,,,,,Left Corner 3,24+ Left,,,,,547.0,7.0,2.0,5.0,,,,,,,,,,,,
549,PT10M19.00S,2025-03-13T01:25:23.6Z,4,REGULAR,2pt,Layup,"['pointsinthepaint', '2ndchance']",1629027,87.91064388961892,55.591299019607845,1610612737,89,82,2025-03-13T01:28:19Z,5330000,False,28.0,61.0,1,right,MISS T. Young 6' driving Layup - blocked,"[1629027, 1628970]",22400945,1610612737,ATL,driving,,,Young,T. Young,,,,,In The Paint (Non-RA),0-8 Center,6.72,Missed,Bridges,1628970.0,,,,,,,,,,,,,,,,
552,PT10M14.00S,2025-03-13T01:25:28.9Z,4,REGULAR,foul,personal,['2freethrow'],1630249,,,1610612766,89,82,2025-03-13T01:28:33Z,5360000,False,,,0,,V. Krejčí shooting personal FOUL (1 PF) (Bridges 2 FT),"[1630249, 1628970]",22400945,1610612737,ATL,shooting,,,Krejčí,V. Krejčí,,,,,In The Paint (Non-RA),8-16 Center,,,,,,,,,,,,,202056.0,,1.0,0.0,Bridges,1628970.0,,
560,PT10M07.00S,2025-03-13T01:26:30.3Z,4,REGULAR,foul,personal,[],1630168,,,1610612766,89,83,2025-03-13T01:29:09Z,5430000,False,,,0,,O. Okongwu loose ball personal FOUL (3 PF),"[1630168, 1631217]",22400945,1610612737,ATL,loose ball,,,Okongwu,O. Okongwu,,,,,In The Paint (Non-RA),0-8 Center,,,,,,,,,,,,,2534.0,,3.0,0.0,Diabaté,1631217.0,,
566,PT09M40.00S,2025-03-13T01:27:48.0Z,4,REGULAR,freethrow,1 of 3,[],1630249,,,1610612737,89,85,2025-03-13T01:27:48Z,5490000,False,,,0,,MISS V. Krejčí Free Throw 1 of 3,[1630249],22400945,1610612737,ATL,,,,Krejčí,V. Krejčí,,,,,,,,Missed,,,,,,,,,,,,,,,,,,
567,PT09M40.00S,2025-03-13T01:27:48.0Z,4,REGULAR,rebound,offensive,"['deadball', 'team']",0,,,1610612737,89,85,2025-03-13T01:27:48Z,5500000,False,,,0,,TEAM offensive REBOUND,[],22400945,1610612737,ATL,,,,,,,,,,,,,,,,566.0,,,,,,,,,,,,,,,
568,PT09M40.00S,2025-03-13T01:28:03.4Z,4,REGULAR,freethrow,2 of 3,[],1630249,,,1610612737,90,85,2025-03-13T01:28:03Z,5510000,False,,,0,,V. Krejčí Free Throw 2 of 3 (7 PTS),[1630249],22400945,1610612737,ATL,,,,Krejčí,V. Krejčí,,,,,,,,Made,,,,,,,7.0,,,,,,,,,,,
569,PT09M40.00S,2025-03-13T01:28:20.5Z,4,REGULAR,freethrow,3 of 3,[],1630249,,,1610612737,91,85,2025-03-13T01:28:20Z,5520000,False,,,0,,V. Krejčí Free Throw 3 of 3 (8 PTS),[1630249],22400945,1610612737,ATL,,,,Krejčí,V. Krejčí,,,,,,,,Made,,,,,,,8.0,,,,,,,,,,,
572,PT09M19.00S,2025-03-13T01:28:59.3Z,4,REGULAR,rebound,defensive,[],1629027,,,1610612737,91,85,2025-03-13T01:30:12Z,5550000,False,,,0,,T. Young REBOUND (Off:2 Def:4),[1629027],22400945,1610612737,ATL,,,,Young,T. Young,,,,,Above the Break 3,24+ Left Center,,,,,571.0,6.0,4.0,2.0,,,,,,,,,,,,
573,PT09M09.00S,2025-03-13T01:29:06.5Z,4,REGULAR,3pt,Jump Shot,[],1630249,66.6208114323259,35.51623774509804,1610612737,94,85,2025-03-13T01:30:28Z,5560000,False,-72.0,261.0,1,right,V. Krejčí 27' 3PT  (11 PTS) (T. Mann 2 AST),"[1630249, 1629611]",22400945,1610612737,ATL,,,,Krejčí,V. Krejčí,,,,,Above the Break 3,24+ Center,27.11,Made,,,,,,,11.0,T. Mann,1629611.0,2.0,,,,,,,,
575,PT08M54.00S,2025-03-13T01:29:28.7Z,4,REGULAR,foul,personal,[],1630168,,,1610612766,94,85,2025-03-13T01:30:42Z,5580000,False,,,0,,O. Okongwu personal FOUL (4 PF),"[1630168, 1628970]",22400945,1610612737,ATL,,,,Okongwu,O. Okongwu,,,,,Mid-Range,8-16 Left,,,,,,,,,,,,,1199.0,,4.0,0.0,Bridges,1628970.0,,
577,PT08M54.00S,2025-03-13T01:29:33.6Z,4,REGULAR,substitution,out,[],1630168,,,1610612766,94,85,2025-03-13T01:29:40Z,5600000,False,,,0,,SUB out: O. Okongwu,[1630168],22400945,1610612737,ATL,,,,Okongwu,O. Okongwu,,,,,,,,,,,,,,,,,,,,,,,,,,
579,PT08M54.00S,2025-03-13T01:29:33.6Z,4,REGULAR,substitution,in,[],1631230,,,1610612766,94,85,2025-03-13T01:29:40Z,5620000,False,,,0,,SUB in: D. Barlow,[1631230],22400945,1610612737,ATL,,,,Barlow,D. Barlow,,,,,,,,,,,,,,,,,,,,,,,,,,
584,PT08M19.00S,2025-03-13T01:30:33.6Z,4,REGULAR,2pt,Layup,['pointsinthepaint'],1629027,89.09329829172142,45.19761029411765,1610612737,96,87,2025-03-13T01:31:16Z,5660000,False,-24.0,50.0,1,right,T. Young driving finger roll Layup (28 PTS),[1629027],22400945,1610612737,ATL,driving finger roll,,,Young,T. Young,,,,,In The Paint (Non-RA),0-8 Center,5.55,Made,,,,,,,28.0,,,,,,,,,,,
587,PT08M19.00S,2025-03-13T01:31:03.7Z,4,REGULAR,freethrow,1 of 1,[],1629027,,,1610612737,97,87,2025-03-13T01:31:03Z,5690000,False,,,0,,T. Young Free Throw 1 of 1 (29 PTS),[1629027],22400945,1610612737,ATL,,,,Young,T. Young,,,,,,,,Made,,,,,,,29.0,,,,,,,,,,,
596,PT07M53.00S,2025-03-13T01:31:44.2Z,4,REGULAR,substitution,in,[],1627747,,,1610612737,97,89,2025-03-13T01:31:57Z,5780000,False,,,0,,SUB in: C. LeVert,[1627747],22400945,1610612737,ATL,,,,LeVert,C. LeVert,,,,,,,,,,,,,,,,,,,,,,,,,,
595,PT07M53.00S,2025-03-13T01:31:44.2Z,4,REGULAR,substitution,in,[],1630700,,,1610612737,97,89,2025-03-13T01:31:57Z,5770000,False,,,0,,SUB in: D. Daniels,[1630700],22400945,1610612737,ATL,,,,Daniels,D. Daniels,,,,,,,,,,,,,,,,,,,,,,,,,,
591,PT07M53.00S,2025-03-13T01:31:44.2Z,4,REGULAR,substitution,out,[],1629027,,,1610612737,97,89,2025-03-13T01:31:57Z,5730000,False,,,0,,SUB out: T. Young,[1629027],22400945,1610612737,ATL,,,,Young,T. Young,,,,,,,,,,,,,,,,,,,,,,,,,,
592,PT07M53.00S,2025-03-13T01:31:44.2Z,4,REGULAR,substitution,out,[],1629611,,,1610612737,97,89,2025-03-13T01:31:57Z,5740000,False,,,0,,SUB out: T. Mann,[1629611],22400945,1610612737,ATL,,,,Mann,T. Mann,,,,,,,,,,,,,,,,,,,,,,,,,,
599,PT07M49.00S,2025-03-13T01:32:11.1Z,4,REGULAR,2pt,Jump Shot,[],1630249,91.59001314060447,74.16896446078431,1610612737,97,89,2025-03-13T01:33:07Z,5810000,False,121.0,27.0,1,right,MISS V. Krejčí 12' driving floating Shot,[1630249],22400945,1610612737,ATL,driving floating,,,Krejčí,V. Krejčí,,,,,Mid-Range,8-16 Right,12.37,Missed,,,,,,,,,,,,,,,,,,
602,PT07M35.00S,2025-03-13T01:32:24.0Z,4,REGULAR,rebound,defensive,['team'],0,,,1610612737,97,89,2025-03-13T01:33:29Z,5840000,False,,,0,,TEAM defensive REBOUND,[],22400945,1610612737,ATL,,,,,,,,,,In The Paint (Non-RA),8-16 Center,,,,,601.0,,,,,,,,,,,,,,,
606,PT07M35.00S,2025-03-13T01:33:03.9Z,4,REGULAR,freethrow,1 of 2,[],1631230,,,1610612737,98,89,2025-03-13T01:33:03Z,5880000,False,,,0,,D. Barlow Free Throw 1 of 2 (5 PTS),[1631230],22400945,1610612737,ATL,,,,Barlow,D. Barlow,,,,,,,,Made,,,,,,,5.0,,,,,,,,,,,
607,PT07M35.00S,2025-03-13T01:33:11.1Z,4,REGULAR,substitution,out,[],1631243,,,1610612737,98,89,2025-03-13T01:33:22Z,5890000,False,,,0,,SUB out: M. Gueye,[1631243],22400945,1610612737,ATL,,,,Gueye,M. Gueye,,,,,,,,,,,,,,,,,,,,,,,,,,
609,PT07M35.00S,2025-03-13T01:33:11.1Z,4,REGULAR,substitution,in,[],1627777,,,1610612737,98,89,2025-03-13T01:33:22Z,5910000,False,,,0,,SUB in: G. Niang,[1627777],22400945,1610612737,ATL,,,,Niang,G. Niang,,,,,,,,,,,,,,,,,,,,,,,,,,
611,PT07M35.00S,2025-03-13T01:33:37.4Z,4,REGULAR,freethrow,2 of 2,[],1631230,,,1610612737,99,89,2025-03-13T01:33:37Z,5930000,False,,,0,,D. Barlow Free Throw 2 of 2 (6 PTS),[1631230],22400945,1610612737,ATL,,,,Barlow,D. Barlow,,,,,,,,Made,,,,,,,6.0,,,,,,,,,,,
617,PT06M49.00S,2025-03-13T01:34:32.7Z,4,REGULAR,timeout,full,"['team', 'mandatory']",0,,,1610612737,99,91,2025-03-13T01:34:32Z,5990000,False,,,0,,ATL Timeout,[],22400945,1610612737,ATL,,,,,,,,,,,,,,,,,,,,,,,,,,,,,,,
623,PT06M49.00S,2025-03-13T01:37:51.7Z,4,REGULAR,freethrow,1 of 2,[],1631230,,,1610612737,100,91,2025-03-13T01:37:51Z,6020000,False,,,0,,D. Barlow Free Throw 1 of 2 (7 PTS),[1631230],22400945,1610612737,ATL,,,,Barlow,D. Barlow,,,,,,,,Made,,,,,,,7.0,,,,,,,,,,,
624,PT06M49.00S,2025-03-13T01:38:06.1Z,4,REGULAR,freethrow,2 of 2,[],1631230,,,1610612737,101,91,2025-03-13T01:38:06Z,6030000,False,,,0,,D. Barlow Free Throw 2 of 2 (8 PTS),[1631230],22400945,1610612737,ATL,,,,Barlow,D. Barlow,,,,,,,,Made,,,,,,,8.0,,,,,,,,,,,
627,PT06M26.00S,2025-03-13T01:38:35.8Z,4,REGULAR,2pt,Layup,[],1630700,92.64126149802891,33.90395220588235,1610612737,101,93,2025-03-13T01:38:56Z,6060000,False,-80.0,17.0,1,right,MISS D. Daniels 8' driving Layup,[1630700],22400945,1610612737,ATL,driving,,,Daniels,D. Daniels,,,,,Mid-Range,8-16 Left,8.22,Missed,,,,,,,,,,,,,,,,,,
630,PT06M19.00S,2025-03-13T01:38:42.0Z,4,REGULAR,steal,,[],1630700,,,1610612737,101,93,2025-03-13T01:38:44Z,6090000,False,,,0,,D. Daniels STEAL (4 STL),[1630700],22400945,1610612737,ATL,,,,Daniels,D. Daniels,,,,,Above the Break 3,24+ Center,,,,,,,,,,,,,,,,,,,,
631,PT06M15.00S,2025-03-13T01:38:46.5Z,4,REGULAR,2pt,Layup,"['fastbreak', 'pointsinthepaint', 'fromturnover']",1631230,91.32720105124835,41.15349264705882,1610612737,101,93,2025-03-13T01:39:41Z,6100000,False,-44.0,29.0,1,right,MISS D. Barlow running Layup - blocked,"[1631230, 1628970]",22400945,1610612737,ATL,running,,,Barlow,D. Barlow,,,,,In The Paint (Non-RA),0-8 Center,5.29,Missed,Bridges,1628970.0,,,,,,,,,,,,,,,,
635,PT06M09.00S,2025-03-13T01:38:51.3Z,4,REGULAR,steal,,[],1630249,,,1610612737,101,93,2025-03-13T01:38:53Z,6140000,False,,,0,,V. Krejčí STEAL (1 STL),[1630249],22400945,1610612737,ATL,,,,Krejčí,V. Krejčí,,,,,Restricted Area,0-8 Center,,,,,,,,,,,,,,,,,,,,
636,PT06M03.00S,2025-03-13T01:38:57.0Z,4,REGULAR,turnover,bad pass,[],1630249,,,1610612737,101,93,2025-03-13T01:40:42Z,6150000,False,,,0,,V. Krejčí bad pass TURNOVER (2 TO),"[1630249, 1630163]",22400945,1610612737,ATL,,,,Krejčí,V. Krejčí,,,,,Above the Break 3,24+ Center,,,,,,,,,,,,,,2.0,,,,,Ball,1630163.0
639,PT05M49.00S,2025-03-13T01:39:12.6Z,4,REGULAR,rebound,defensive,['team'],0,,,1610612737,101,93,2025-03-13T01:42:24Z,6180000,False,,,0,,TEAM defensive REBOUND,[],22400945,1610612737,ATL,,,,,,,,,,Above the Break 3,24+ Left Center,,,,,638.0,,,,,,,,,,,,,,,
642,PT05M49.00S,2025-03-13T01:39:47.5Z,4,REGULAR,freethrow,1 of 2,[],1631230,,,1610612737,102,93,2025-03-13T01:39:47Z,6210000,False,,,0,,D. Barlow Free Throw 1 of 2 (9 PTS),[1631230],22400945,1610612737,ATL,,,,Barlow,D. Barlow,,,,,,,,Made,,,,,,,9.0,,,,,,,,,,,
647,PT05M49.00S,2025-03-13T01:39:47.5Z,4,REGULAR,freethrow,2 of 2,[],1631230,,,1610612737,102,93,2025-03-13T01:40:14Z,6260000,False,,,0,,MISS D. Barlow Free Throw 2 of 2,[1631230],22400945,1610612737,ATL,,,,Barlow,D. Barlow,,,,,,,,Missed,,,,,,,,,,,,,,,,,,
643,PT05M49.00S,2025-03-13T01:39:49.6Z,4,REGULAR,substitution,out,[],1630249,,,1610612737,102,93,2025-03-13T01:40:01Z,6220000,False,,,0,,SUB out: V. Krejčí,[1630249],22400945,1610612737,ATL,,,,Krejčí,V. Krejčí,,,,,,,,,,,,,,,,,,,,,,,,,,
645,PT05M49.00S,2025-03-13T01:39:49.6Z,4,REGULAR,substitution,in,[],1629027,,,1610612737,102,93,2025-03-13T01:40:01Z,6240000,False,,,0,,SUB in: T. Young,[1629027],22400945,1610612737,ATL,,,,Young,T. Young,,,,,,,,,,,,,,,,,,,,,,,,,,
649,PT05M41.00S,2025-03-13T01:40:23.5Z,4,REGULAR,foul,personal,[],1630700,,,1610612766,102,93,2025-03-13T01:43:37Z,6280000,False,,,0,,D. Daniels personal FOUL (1 PF),"[1630700, 1630163]",22400945,1610612737,ATL,,,,Daniels,D. Daniels,,,,,Above the Break 3,24+ Left Center,,,,,,,,,,,,,202056.0,,1.0,0.0,Ball,1630163.0,,
651,PT05M41.00S,2025-03-13T01:40:31.6Z,4,REGULAR,substitution,out,[],1631230,,,1610612766,102,93,2025-03-13T01:40:34Z,6300000,False,,,0,,SUB out: D. Barlow,[1631230],22400945,1610612737,ATL,,,,Barlow,D. Barlow,,,,,,,,,,,,,,,,,,,,,,,,,,
652,PT05M41.00S,2025-03-13T01:40:31.6Z,4,REGULAR,substitution,in,[],1630168,,,1610612766,102,93,2025-03-13T01:40:34Z,6310000,False,,,0,,SUB in: O. Okongwu,[1630168],22400945,1610612737,ATL,,,,Okongwu,O. Okongwu,,,,,,,,,,,,,,,,,,,,,,,,,,
653,PT05M29.00S,2025-03-13T01:40:54.6Z,4,REGULAR,foul,personal,"['inpenalty', '2freethrow']",1627777,,,1610612766,102,93,2025-03-13T01:43:56Z,6320000,False,,,0,,G. Niang shooting personal FOUL (1 PF) (Bridges 2 FT),"[1627777, 1628970]",22400945,1610612737,ATL,shooting,,,Niang,G. Niang,,,,,Mid-Range,16-24 Right Center,,,,,,,,,,,,,2534.0,,1.0,0.0,Bridges,1628970.0,,
657,PT05M16.00S,2025-03-13T01:41:55.2Z,4,REGULAR,3pt,Jump Shot,[],1627747,95.0886990801577,95.34313725490196,1610612737,105,95,2025-03-13T01:42:01Z,6360000,False,227.0,-6.0,1,right,C. LeVert 3PT  (12 PTS) (T. Young 11 AST),"[1627747, 1629027]",22400945,1610612737,ATL,,,,LeVert,C. LeVert,,,,,Right Corner 3,24+ Right,22.68,Made,,,,,,,12.0,T. Young,1629027.0,11.0,,,,,,,,
660,PT05M00.00S,2025-03-13T01:42:13.2Z,4,REGULAR,rebound,defensive,[],1627747,,,1610612737,105,95,2025-03-13T01:44:54Z,6390000,False,,,0,,C. LeVert REBOUND (Off:0 Def:4),[1627747],22400945,1610612737,ATL,,,,LeVert,C. LeVert,,,,,In The Paint (Non-RA),8-16 Center,,,,,659.0,4.0,4.0,0.0,,,,,,,,,,,,
661,PT04M53.00S,2025-03-13T01:42:18.6Z,4,REGULAR,3pt,Jump Shot,['fastbreak'],1627777,80.15768725361366,6.8397671568627345,1610612737,108,95,2025-03-13T01:45:23Z,6400000,False,-216.0,134.0,1,right,G. Niang 25' 3PT running (10 PTS) (C. LeVert 2 AST),"[1627777, 1627747]",22400945,1610612737,ATL,running,,,Niang,G. Niang,,,,,Above the Break 3,24+ Left Center,25.4,Made,,,,,,,10.0,C. LeVert,1627747.0,2.0,,,,,,,,
666,PT04M12.00S,2025-03-13T01:46:08.6Z,4,REGULAR,turnover,bad pass,[],1627747,,,1610612737,108,97,2025-03-13T01:46:38Z,6450000,False,,,0,,C. LeVert bad pass TURNOVER (2 TO),"[1627747, 1628970]",22400945,1610612737,ATL,,,,LeVert,C. LeVert,,,,,Restricted Area,0-8 Center,,,,,,,,,,,,,,2.0,,,,,Bridges,1628970.0
669,PT04M05.00S,2025-03-13T01:46:15.0Z,4,REGULAR,rebound,defensive,[],1629027,,,1610612737,108,97,2025-03-13T01:47:01Z,6480000,False,,,0,,T. Young REBOUND (Off:2 Def:5),[1629027],22400945,1610612737,ATL,,,,Young,T. Young,,,,,In The Paint (Non-RA),0-8 Center,,,,,668.0,7.0,5.0,2.0,,,,,,,,,,,,
670,PT03M55.00S,2025-03-13T01:46:24.9Z,4,REGULAR,3pt,Jump Shot,[],1629027,62.20433639947437,84.31372549019608,1610612737,108,97,2025-03-13T01:47:27Z,6490000,False,172.0,303.0,1,right,MISS T. Young 34' pullup 3PT,[1629027],22400945,1610612737,ATL,pullup,,,Young,T. Young,,,,,Above the Break 3,24+ Right Center,34.8,Missed,,,,,,,,,,,,,,,,,,
671,PT03M53.00S,2025-03-13T01:46:26.9Z,4,REGULAR,rebound,offensive,[],1630168,,,1610612737,108,97,2025-03-13T01:47:27Z,6500000,False,,,0,,O. Okongwu REBOUND (Off:6 Def:2),[1630168],22400945,1610612737,ATL,,,,Okongwu,O. Okongwu,,,,,Above the Break 3,24+ Right Center,,,,,670.0,8.0,2.0,6.0,,,,,,,,,,,,
672,PT03M46.00S,2025-03-13T01:46:31.9Z,4,REGULAR,turnover,bad pass,[],1629027,,,1610612737,108,97,2025-03-13T01:50:34Z,6510000,False,,,0,,T. Young bad pass TURNOVER (5 TO),"[1629027, 1630182]",22400945,1610612737,ATL,,,,Young,T. Young,,,,,Mid-Range,8-16 Right,,,,,,,,,,,,,,5.0,,,,,Green,1630182.0
674,PT03M40.00S,2025-03-13T01:46:41.7Z,4,REGULAR,foul,personal,"['inpenalty', '2freethrow']",1627777,,,1610612766,108,97,2025-03-13T01:48:42Z,6530000,False,,,0,,G. Niang shooting personal FOUL (2 PF) (Williams 2 FT),"[1627777, 1631109]",22400945,1610612737,ATL,shooting,,,Niang,G. Niang,,,,,Restricted Area,0-8 Center,,,,,,,,,,,,,202056.0,,2.0,0.0,Williams,1631109.0,,
681,PT03M24.00S,2025-03-13T01:49:21.1Z,4,REGULAR,freethrow,1 of 2,[],1629027,,,1610612737,109,99,2025-03-13T01:49:21Z,6600000,False,,,0,,T. Young Free Throw 1 of 2 (30 PTS),[1629027],22400945,1610612737,ATL,,,,Young,T. Young,,,,,,,,Made,,,,,,,30.0,,,,,,,,,,,
682,PT03M24.00S,2025-03-13T01:49:35.0Z,4,REGULAR,freethrow,2 of 2,[],1629027,,,1610612737,110,99,2025-03-13T01:49:35Z,6610000,False,,,0,,T. Young Free Throw 2 of 2 (31 PTS),[1629027],22400945,1610612737,ATL,,,,Young,T. Young,,,,,,,,Made,,,,,,,31.0,,,,,,,,,,,
684,PT03M13.00S,2025-03-13T01:49:54.0Z,4,REGULAR,steal,,[],1627747,,,1610612737,110,99,2025-03-13T01:49:56Z,6630000,False,,,0,,C. LeVert STEAL (1 STL),[1627747],22400945,1610612737,ATL,,,,LeVert,C. LeVert,,,,,Above the Break 3,24+ Left Center,,,,,,,,,,,,,,,,,,,,
687,PT03M03.00S,2025-03-13T01:50:40.8Z,4,REGULAR,freethrow,1 of 2,['fromturnover'],1627777,,,1610612737,111,99,2025-03-13T01:50:40Z,6660000,False,,,0,,G. Niang Free Throw 1 of 2 (11 PTS),[1627777],22400945,1610612737,ATL,,,,Niang,G. Niang,,,,,,,,Made,,,,,,,11.0,,,,,,,,,,,
688,PT03M03.00S,2025-03-13T01:50:59.5Z,4,REGULAR,freethrow,2 of 2,['fromturnover'],1627777,,,1610612737,112,99,2025-03-13T01:50:59Z,6670000,False,,,0,,G. Niang Free Throw 2 of 2 (12 PTS),[1627777],22400945,1610612737,ATL,,,,Niang,G. Niang,,,,,,,,Made,,,,,,,12.0,,,,,,,,,,,
689,PT02M48.00S,2025-03-13T01:51:19.8Z,4,REGULAR,foul,personal,"['inpenalty', '2freethrow']",1630168,,,1610612766,112,99,2025-03-13T01:51:59Z,6680000,False,,,0,,O. Okongwu personal FOUL (5 PF) (Ball 2 FT),"[1630168, 1630163]",22400945,1610612737,ATL,,,,Okongwu,O. Okongwu,,,,,Mid-Range,16-24 Right,,,,,,,,,,,,,2534.0,,5.0,0.0,Ball,1630163.0,,
695,PT02M35.00S,2025-03-13T01:52:27.4Z,4,REGULAR,2pt,Jump Shot,['pointsinthepaint'],1630700,86.07095926412615,45.404411764705884,1610612737,114,101,2025-03-13T01:52:41Z,6740000,False,-23.0,78.0,1,right,D. Daniels 8' driving floating Jump Shot (10 PTS),[1630700],22400945,1610612737,ATL,driving floating,,,Daniels,D. Daniels,,,,,In The Paint (Non-RA),8-16 Center,8.17,Made,,,,,,,10.0,,,,,,,,,,,
699,PT02M11.00S,2025-03-13T01:53:28.8Z,4,REGULAR,freethrow,1 of 2,[],1629027,,,1610612737,115,103,2025-03-13T01:53:28Z,6780000,False,,,0,,T. Young Free Throw 1 of 2 (32 PTS),[1629027],22400945,1610612737,ATL,,,,Young,T. Young,,,,,,,,Made,,,,,,,32.0,,,,,,,,,,,
700,PT02M11.00S,2025-03-13T01:53:49.4Z,4,REGULAR,freethrow,2 of 2,[],1629027,,,1610612737,116,103,2025-03-13T01:53:49Z,6790000,False,,,0,,T. Young Free Throw 2 of 2 (33 PTS),[1629027],22400945,1610612737,ATL,,,,Young,T. Young,,,,,,,,Made,,,,,,,33.0,,,,,,,,,,,
703,PT01M39.00S,2025-03-13T01:54:28.9Z,4,REGULAR,3pt,Jump Shot,[],1627747,72.22404730617609,19.607843137254903,1610612737,119,106,2025-03-13T01:54:34Z,6820000,False,-152.0,209.0,1,right,C. LeVert 25' 3PT  (15 PTS) (T. Young 12 AST),"[1627747, 1629027]",22400945,1610612737,ATL,,,,LeVert,C. LeVert,,,,,Above the Break 3,24+ Left Center,25.81,Made,,,,,,,15.0,T. Young,1629027.0,12.0,,,,,,,,
705,PT01M31.00S,2025-03-13T01:54:43.7Z,4,REGULAR,foul,personal,"['inpenalty', '2freethrow']",1629027,,,1610612766,119,106,2025-03-13T01:55:22Z,6840000,False,,,0,,T. Young personal FOUL (1 PF) (Ball 2 FT),"[1629027, 1630163]",22400945,1610612737,ATL,,,,Young,T. Young,,,,,Mid-Range,8-16 Left,,,,,,,,,,,,,202056.0,,1.0,0.0,Ball,1630163.0,,
709,PT01M17.00S,2025-03-13T01:55:52.5Z,4,REGULAR,2pt,Layup,['pointsinthepaint'],1630168,94.61235216819973,51.079963235294116,1610612737,121,108,2025-03-13T01:56:08Z,6880000,False,5.0,-2.0,1,right,O. Okongwu reverse Layup (7 PTS) (D. Daniels 3 AST),"[1630168, 1630700]",22400945,1610612737,ATL,reverse,,,Okongwu,O. Okongwu,,,,,Restricted Area,0-8 Center,0.57,Made,,,,,,,7.0,D. Daniels,1630700.0,3.0,,,,,,,,
712,PT01M09.00S,2025-03-13T01:56:08.0Z,4,REGULAR,rebound,defensive,[],1630168,,,1610612737,121,108,2025-03-13T01:56:32Z,6910000,False,,,0,,O. Okongwu REBOUND (Off:6 Def:3),[1630168],22400945,1610612737,ATL,,,,Okongwu,O. Okongwu,,,,,In The Paint (Non-RA),8-16 Center,,,,,711.0,9.0,3.0,6.0,,,,,,,,,,,,
719,PT01M00.00S,2025-03-13T01:57:07.2Z,4,REGULAR,freethrow,1 of 2,[],1629027,,,1610612737,122,108,2025-03-13T01:57:07Z,6980000,False,,,0,,T. Young Free Throw 1 of 2 (34 PTS),[1629027],22400945,1610612737,ATL,,,,Young,T. Young,,,,,,,,Made,,,,,,,34.0,,,,,,,,,,,
720,PT01M00.00S,2025-03-13T01:57:22.1Z,4,REGULAR,freethrow,2 of 2,[],1629027,,,1610612737,123,108,2025-03-13T01:57:22Z,6990000,False,,,0,,T. Young Free Throw 2 of 2 (35 PTS),[1629027],22400945,1610612737,ATL,,,,Young,T. Young,,,,,,,,Made,,,,,,,35.0,,,,,,,,,,,
723,PT00M20.80S,2025-03-13T01:58:07.8Z,4,REGULAR,3pt,Jump Shot,[],1627747,93.42969776609723,95.56525735294117,1610612737,123,110,2025-03-13T01:58:32Z,7020000,False,228.0,9.0,1,right,MISS C. LeVert 3PT,[1627747],22400945,1610612737,ATL,,,,LeVert,C. LeVert,,,,,Right Corner 3,24+ Right,22.8,Missed,,,,,,,,,,,,,,,,,,
724,PT00M18.80S,2025-03-13T01:58:09.8Z,4,REGULAR,rebound,offensive,[],1630168,,,1610612737,123,110,2025-03-13T01:58:32Z,7030000,False,,,0,,O. Okongwu REBOUND (Off:7 Def:3),[1630168],22400945,1610612737,ATL,,,,Okongwu,O. Okongwu,,,,,Right Corner 3,24+ Right,,,,,723.0,10.0,3.0,7.0,,,,,,,,,,,,
725,PT00M03.90S,2025-03-13T01:58:30.1Z,4,REGULAR,turnover,shot clock,['team'],0,,,1610612737,123,110,2025-03-13T01:58:38Z,7040000,False,,,0,,ATL shot clock Team TURNOVER,[],22400945,1610612737,ATL,,,,,,,,,,Above the Break 3,24+ Center,,,,,,,,,,,,,1199.0,,,,,,,
10,PT11M21.00S,2025-03-14T23:41:13.1Z,1,REGULAR,3pt,Jump Shot,[],1629027,31.882391590013142,64.2156862745098,1610612737,0,2,2025-03-14T23:41:22Z,100000,False,-71.0,247.0,1,left,MISS T. Young 25' pullup 3PT,[1629027],22400960,1610612737,ATL,pullup,,,Young,T. Young,,,,,Above the Break 3,24+ Center,25.72,Missed,,,,,,,,,,,,,,,,,,
13,PT11M03.00S,2025-03-14T23:41:39.8Z,1,REGULAR,3pt,Jump Shot,['fromturnover'],1631243,30.305519053876477,26.225490196078432,1610612737,3,2,2025-03-14T23:41:44Z,130000,False,119.0,232.0,1,left,M. Gueye 26' 3PT  (3 PTS) (T. Young 1 AST),"[1631243, 1629027]",22400960,1610612737,ATL,,,,Gueye,M. Gueye,,,,,Above the Break 3,24+ Right Center,26.1,Made,,,,,,,3.0,T. Young,1629027.0,1.0,,,,,,,,
17,PT10M32.00S,2025-03-14T23:42:12.5Z,1,REGULAR,turnover,out-of-bounds,[],1629027,,,1610612737,3,5,2025-03-14T23:42:20Z,170000,False,,,0,,T. Young bad pass out-of-bounds TURNOVER (1 TO),[1629027],22400960,1610612737,ATL,bad pass,,,Young,T. Young,,,,,Mid-Range,8-16 Left,,,,,,,,,,,,,1627539.0,1.0,,,,,,
19,PT10M22.00S,2025-03-14T23:42:32.7Z,1,REGULAR,steal,,[],1630700,,,1610612737,3,5,2025-03-14T23:42:35Z,190000,False,,,0,,D. Daniels STEAL (1 STL),[1630700],22400960,1610612737,ATL,,,,Daniels,D. Daniels,,,,,Above the Break 3,24+ Right Center,,,,,,,,,,,,,,,,,,,,
20,PT10M18.00S,2025-03-14T23:42:36.5Z,1,REGULAR,2pt,Layup,"['pointsinthepaint', 'fromturnover', 'fastbreak']",1629027,6.521024967148489,48.28431372549019,1610612737,5,5,2025-03-14T23:42:49Z,200000,False,9.0,9.0,1,left,T. Young running Layup (2 PTS) (D. Daniels 1 AST),"[1629027, 1630700]",22400960,1610612737,ATL,running,,,Young,T. Young,,,,,Restricted Area,0-8 Center,1.23,Made,,,,,,,2.0,D. Daniels,1630700.0,1.0,,,,,,,,
23,PT10M04.00S,2025-03-14T23:42:50.5Z,1,REGULAR,steal,,[],1642258,,,1610612737,5,5,2025-03-14T23:42:53Z,230000,False,,,0,,Z. Risacher STEAL (1 STL),[1642258],22400960,1610612737,ATL,,,,Risacher,Z. Risacher,,,,,Mid-Range,16-24 Center,,,,,,,,,,,,,,,,,,,,
25,PT09M53.00S,2025-03-14T23:43:20.1Z,1,REGULAR,2pt,DUNK,"['pointsinthepaint', 'fromturnover']",1631243,5.338370565045992,50.49019607843137,1610612737,7,5,2025-03-14T23:43:24Z,250000,False,-2.0,-2.0,1,left,M. Gueye driving DUNK (5 PTS) (O. Okongwu 1 AST),"[1631243, 1630168]",22400960,1610612737,ATL,driving,,,Gueye,M. Gueye,,,,,Restricted Area,0-8 Center,0.34,Made,,,,,,,5.0,O. Okongwu,1630168.0,1.0,,,,,,,,
28,PT09M35.00S,2025-03-14T23:43:38.5Z,1,REGULAR,steal,,[],1630700,,,1610612737,7,5,2025-03-14T23:46:29Z,280000,False,,,0,,D. Daniels STEAL (2 STL),[1630700],22400960,1610612737,ATL,,,,Daniels,D. Daniels,,,,,In The Paint (Non-RA),8-16 Center,,,,,,,,,,,,,,,,,,,,
29,PT09M22.00S,2025-03-14T23:43:51.5Z,1,REGULAR,2pt,Layup,"['pointsinthepaint', 'fromturnover']",1631243,6.389618922470433,46.568627450980394,1610612737,7,5,2025-03-14T23:45:57Z,290000,False,17.0,8.0,1,left,MISS M. Gueye reverse Layup,[1631243],22400960,1610612737,ATL,reverse,,,Gueye,M. Gueye,,,,,Restricted Area,0-8 Center,1.88,Missed,,,,,,,,,,,,,,,,,,
30,PT09M17.00S,2025-03-14T23:43:55.6Z,1,REGULAR,rebound,offensive,[],1631243,,,1610612737,7,5,2025-03-14T23:43:55Z,300000,False,,,0,,M. Gueye REBOUND (Off:1 Def:0),[1631243],22400960,1610612737,ATL,,,,Gueye,M. Gueye,,,,,Restricted Area,0-8 Center,,,,,29.0,1.0,0.0,1.0,,,,,,,,,,,,
31,PT09M17.00S,2025-03-14T23:43:55.6Z,1,REGULAR,2pt,Layup,"['2ndchance', 'pointsinthepaint', 'fromturnover']",1631243,5.590000152587891,50.0,1610612737,7,5,2025-03-14T23:43:58Z,310000,False,0.0,0.0,1,left,MISS M. Gueye putback Layup,[1631243],22400960,1610612737,ATL,putback,,,Gueye,M. Gueye,,,,,Restricted Area,0-8 Center,0.0,Missed,,,,,,,,,,,,,,,,,,
36,PT08M54.00S,2025-03-14T23:44:55.7Z,1,REGULAR,freethrow,1 of 2,[],1629027,,,1610612737,8,7,2025-03-14T23:44:55Z,360000,False,,,0,,T. Young Free Throw 1 of 2 (3 PTS),[1629027],22400960,1610612737,ATL,,,,Young,T. Young,,,,,,,,Made,,,,,,,3.0,,,,,,,,,,,
37,PT08M54.00S,2025-03-14T23:45:12.2Z,1,REGULAR,freethrow,2 of 2,[],1629027,,,1610612737,9,7,2025-03-14T23:45:12Z,370000,False,,,0,,T. Young Free Throw 2 of 2 (4 PTS),[1629027],22400960,1610612737,ATL,,,,Young,T. Young,,,,,,,,Made,,,,,,,4.0,,,,,,,,,,,
39,PT08M22.00S,2025-03-14T23:45:46.4Z,1,REGULAR,turnover,bad pass,[],1629027,,,1610612737,9,10,2025-03-14T23:52:14Z,390000,False,,,0,,T. Young bad pass TURNOVER (2 TO),"[1629027, 1627739]",22400960,1610612737,ATL,,,,Young,T. Young,,,,,Mid-Range,16-24 Center,,,,,,,,,,,,,,2.0,,,,,Dunn,1627739.0
42,PT08M11.00S,2025-03-14T23:45:57.0Z,1,REGULAR,rebound,defensive,[],1630700,,,1610612737,9,10,2025-03-14T23:45:57Z,420000,False,,,0,,D. Daniels REBOUND (Off:0 Def:1),[1630700],22400960,1610612737,ATL,,,,Daniels,D. Daniels,,,,,Above the Break 3,24+ Left Center,,,,,41.0,1.0,1.0,0.0,,,,,,,,,,,,
43,PT08M09.00S,2025-03-14T23:45:59.5Z,1,REGULAR,3pt,Jump Shot,['fastbreak'],1629027,30.042706964520367,29.65686274509804,1610612737,9,10,2025-03-14T23:51:25Z,430000,False,102.0,230.0,1,left,MISS T. Young 25' running pullup 3PT,[1629027],22400960,1610612737,ATL,running pullup,,,Young,T. Young,,,,,Above the Break 3,24+ Right Center,25.14,Missed,,,,,,,,,,,,,,,,,,
47,PT07M48.00S,2025-03-14T23:46:30.5Z,1,REGULAR,block,,[],1631243,,,1610612746,9,10,2025-03-14T23:46:33Z,470000,False,,,0,,M. Gueye BLOCK (1 BLK),[1631243],22400960,1610612737,ATL,,,,Gueye,M. Gueye,,,,,In The Paint (Non-RA),0-8 Center,,,,,,,,,,,,,,,,,,,,
48,PT07M43.00S,2025-03-14T23:46:35.5Z,1,REGULAR,rebound,defensive,[],1629027,,,1610612737,9,10,2025-03-14T23:46:39Z,480000,False,,,0,,T. Young REBOUND (Off:0 Def:1),[1629027],22400960,1610612737,ATL,,,,Young,T. Young,,,,,In The Paint (Non-RA),0-8 Center,,,,,46.0,1.0,1.0,0.0,,,,,,,,,,,,
49,PT07M43.00S,2025-03-14T23:46:35.7Z,1,REGULAR,2pt,Layup,"['fastbreak', 'pointsinthepaint']",1629027,6.1268068331143235,48.03921568627451,1610612737,11,10,2025-03-14T23:53:04Z,490000,False,10.0,5.0,1,left,T. Young running Layup (6 PTS),[1629027],22400960,1610612737,ATL,running,,,Young,T. Young,,,,,Restricted Area,0-8 Center,1.1,Made,,,,,,,6.0,,,,,,,,,,,
52,PT06M58.00S,2025-03-14T23:47:25.3Z,1,REGULAR,2pt,Layup,"['pointsinthepaint', 'fromturnover']",1642258,7.966491458607096,51.9607843137255,1610612737,13,10,2025-03-14T23:47:37Z,520000,False,-10.0,22.0,1,left,Z. Risacher driving Layup (2 PTS),[1642258],22400960,1610612737,ATL,driving,,,Risacher,Z. Risacher,,,,,Restricted Area,0-8 Center,2.44,Made,,,,,,,2.0,,,,,,,,,,,
54,PT06M42.00S,2025-03-14T23:47:41.9Z,1,REGULAR,rebound,defensive,[],1630168,,,1610612737,13,10,2025-03-14T23:47:43Z,540000,False,,,0,,O. Okongwu REBOUND (Off:0 Def:1),[1630168],22400960,1610612737,ATL,,,,Okongwu,O. Okongwu,,,,,In The Paint (Non-RA),8-16 Center,,,,,53.0,1.0,1.0,0.0,,,,,,,,,,,,
55,PT06M37.00S,2025-03-14T23:47:47.1Z,1,REGULAR,2pt,Jump Shot,['pointsinthepaint'],1630700,12.828515111695138,48.529411764705884,1610612737,13,10,2025-03-14T23:54:34Z,550000,False,7.0,68.0,1,left,MISS D. Daniels 6' driving floating Shot,[1630700],22400960,1610612737,ATL,driving floating,,,Daniels,D. Daniels,,,,,In The Paint (Non-RA),0-8 Center,6.85,Missed,,,,,,,,,,,,,,,,,,
57,PT06M31.00S,2025-03-14T23:47:52.0Z,1,REGULAR,2pt,Layup,"['pointsinthepaint', '2ndchance']",1630700,5.590000152587891,50.0,1610612737,13,10,2025-03-14T23:47:52Z,570000,False,0.0,0.0,1,left,MISS D. Daniels tip Layup,[1630700],22400960,1610612737,ATL,tip,,,Daniels,D. Daniels,,,,,Mid-Range,8-16 Left,0.0,Missed,,,,,,,,,,,,,,,,,,
56,PT06M31.00S,2025-03-14T23:47:53.1Z,1,REGULAR,rebound,offensive,[],1630700,,,1610612737,13,10,2025-03-14T23:54:34Z,560000,False,,,0,,D. Daniels REBOUND (Off:1 Def:1),[1630700],22400960,1610612737,ATL,,,,Daniels,D. Daniels,,,,,In The Paint (Non-RA),0-8 Center,,,,,55.0,2.0,1.0,1.0,,,,,,,,,,,,
62,PT06M18.00S,2025-03-14T23:48:05.0Z,1,REGULAR,rebound,defensive,[],1631243,,,1610612737,13,10,2025-03-14T23:48:08Z,620000,False,,,0,,M. Gueye REBOUND (Off:1 Def:1),[1631243],22400960,1610612737,ATL,,,,Gueye,M. Gueye,,,,,Above the Break 3,24+ Left Center,,,,,61.0,2.0,1.0,1.0,,,,,,,,,,,,
63,PT06M12.00S,2025-03-14T23:48:11.7Z,1,REGULAR,2pt,Jump Shot,['pointsinthepaint'],1629027,14.273981603153747,52.69607843137255,1610612737,13,10,2025-03-14T23:55:18Z,630000,False,-13.0,82.0,1,left,MISS T. Young 8' driving floating Shot,[1629027],22400960,1610612737,ATL,driving floating,,,Young,T. Young,,,,,In The Paint (Non-RA),8-16 Center,8.28,Missed,,,,,,,,,,,,,,,,,,
64,PT06M08.00S,2025-03-14T23:48:15.7Z,1,REGULAR,rebound,offensive,[],1630168,,,1610612737,13,10,2025-03-14T23:55:18Z,640000,False,,,0,,O. Okongwu REBOUND (Off:1 Def:1),[1630168],22400960,1610612737,ATL,,,,Okongwu,O. Okongwu,,,,,In The Paint (Non-RA),8-16 Center,,,,,63.0,2.0,1.0,1.0,,,,,,,,,,,,
67,PT06M08.00S,2025-03-14T23:48:16.8Z,1,REGULAR,2pt,Hook,"['pointsinthepaint', '2ndchance']",1630168,6.783837056504599,50.73529411764706,1610612737,15,10,2025-03-15T00:02:14Z,670000,False,-4.0,11.0,1,left,O. Okongwu turnaround Hook (2 PTS),[1630168],22400960,1610612737,ATL,turnaround,,,Okongwu,O. Okongwu,,,,,Restricted Area,0-8 Center,1.19,Made,,,,,,,2.0,,,,,,,,,,,
70,PT06M08.00S,2025-03-14T23:50:41.8Z,1,REGULAR,substitution,out,[],1631243,,,1610612746,15,10,2025-03-14T23:51:11Z,700000,False,,,0,,SUB out: M. Gueye,[1631243],22400960,1610612737,ATL,,,,Gueye,M. Gueye,,,,,,,,,,,,,,,,,,,,,,,,,,
71,PT06M08.00S,2025-03-14T23:50:41.8Z,1,REGULAR,substitution,out,[],1630168,,,1610612746,15,10,2025-03-14T23:51:11Z,710000,False,,,0,,SUB out: O. Okongwu,[1630168],22400960,1610612737,ATL,,,,Okongwu,O. Okongwu,,,,,,,,,,,,,,,,,,,,,,,,,,
72,PT06M08.00S,2025-03-14T23:50:41.8Z,1,REGULAR,substitution,out,[],1629027,,,1610612746,15,10,2025-03-14T23:51:11Z,720000,False,,,0,,SUB out: T. Young,[1629027],22400960,1610612737,ATL,,,,Young,T. Young,,,,,,,,,,,,,,,,,,,,,,,,,,
73,PT06M08.00S,2025-03-14T23:50:41.8Z,1,REGULAR,substitution,in,[],1627777,,,1610612746,15,10,2025-03-14T23:51:11Z,730000,False,,,0,,SUB in: G. Niang,[1627777],22400960,1610612737,ATL,,,,Niang,G. Niang,,,,,,,,,,,,,,,,,,,,,,,,,,
74,PT06M08.00S,2025-03-14T23:50:41.8Z,1,REGULAR,substitution,in,[],1631230,,,1610612746,15,10,2025-03-14T23:51:11Z,740000,False,,,0,,SUB in: D. Barlow,[1631230],22400960,1610612737,ATL,,,,Barlow,D. Barlow,,,,,,,,,,,,,,,,,,,,,,,,,,
75,PT06M08.00S,2025-03-14T23:50:41.8Z,1,REGULAR,substitution,in,[],1627747,,,1610612746,15,10,2025-03-14T23:51:11Z,750000,False,,,0,,SUB in: C. LeVert,[1627747],22400960,1610612737,ATL,,,,LeVert,C. LeVert,,,,,,,,,,,,,,,,,,,,,,,,,,
76,PT05M53.00S,2025-03-14T23:51:41.1Z,1,REGULAR,foul,technical,['1freethrow'],1631230,,,1610612746,15,10,2025-03-14T23:51:49Z,760000,False,,,0,,D. Barlow defensive-3-second technical FOUL (1 Tech),[1631230],22400960,1610612737,ATL,defensive-3-second,,,Barlow,D. Barlow,,,,,,,,,,,,,,,,,,,1162.0,,0.0,1.0,,,,
79,PT05M43.00S,2025-03-14T23:52:20.6Z,1,REGULAR,rebound,defensive,[],1630700,,,1610612737,15,11,2025-03-14T23:52:21Z,790000,False,,,0,,D. Daniels REBOUND (Off:1 Def:2),[1630700],22400960,1610612737,ATL,,,,Daniels,D. Daniels,,,,,Mid-Range,16-24 Left Center,,,,,78.0,3.0,2.0,1.0,,,,,,,,,,,,
82,PT05M24.00S,2025-03-14T23:53:05.5Z,1,REGULAR,turnover,out-of-bounds,[],1627777,,,1610612737,15,11,2025-03-14T23:53:13Z,820000,False,,,0,,G. Niang bad pass out-of-bounds TURNOVER (1 TO),[1627777],22400960,1610612737,ATL,bad pass,,,Niang,G. Niang,,,,,Restricted Area,0-8 Center,,,,,,,,,,,,,1162.0,1.0,,,,,,
85,PT04M55.00S,2025-03-14T23:53:38.4Z,1,REGULAR,3pt,Jump Shot,[],1627777,24.392247043363994,82.84313725490196,1610612737,15,13,2025-03-14T23:53:44Z,850000,False,-164.0,177.0,1,left,MISS G. Niang 24' 3PT,[1627777],22400960,1610612737,ATL,,,,Niang,G. Niang,,,,,Above the Break 3,24+ Left Center,24.13,Missed,,,,,,,,,,,,,,,,,,
86,PT04M52.00S,2025-03-14T23:53:41.4Z,1,REGULAR,rebound,offensive,[],1630700,,,1610612737,15,13,2025-03-14T23:54:00Z,860000,False,,,0,,D. Daniels REBOUND (Off:2 Def:2),[1630700],22400960,1610612737,ATL,,,,Daniels,D. Daniels,,,,,Above the Break 3,24+ Left Center,,,,,85.0,4.0,2.0,2.0,,,,,,,,,,,,
87,PT04M52.00S,2025-03-14T23:53:43.1Z,1,REGULAR,2pt,Layup,"['pointsinthepaint', '2ndchance']",1630700,6.652431011826544,59.31372549019608,1610612737,15,13,2025-03-15T00:00:19Z,870000,False,-47.0,10.0,1,left,MISS D. Daniels putback Layup - blocked,"[1630700, 201935]",22400960,1610612737,ATL,putback,,,Daniels,D. Daniels,,,,,In The Paint (Non-RA),0-8 Center,4.77,Missed,Harden,201935.0,,,,,,,,,,,,,,,,
89,PT04M51.00S,2025-03-14T23:53:44.1Z,1,REGULAR,rebound,offensive,['team'],0,,,1610612737,15,13,2025-03-14T23:54:18Z,890000,False,,,0,,TEAM offensive REBOUND,[],22400960,1610612737,ATL,,,,,,,,,,In The Paint (Non-RA),0-8 Center,,,,,87.0,,,,,,,,,,,,,,,
91,PT04M51.00S,2025-03-14T23:53:49.7Z,1,REGULAR,substitution,out,[],1642258,,,1610612737,15,13,2025-03-14T23:53:53Z,910000,False,,,0,,SUB out: Z. Risacher,[1642258],22400960,1610612737,ATL,,,,Risacher,Z. Risacher,,,,,,,,,,,,,,,,,,,,,,,,,,
92,PT04M51.00S,2025-03-14T23:53:49.7Z,1,REGULAR,substitution,in,[],1629611,,,1610612737,15,13,2025-03-14T23:53:53Z,920000,False,,,0,,SUB in: T. Mann,[1629611],22400960,1610612737,ATL,,,,Mann,T. Mann,,,,,,,,,,,,,,,,,,,,,,,,,,
93,PT04M47.00S,2025-03-14T23:54:05.7Z,1,REGULAR,3pt,Jump Shot,['2ndchance'],1627747,9.017739816031538,96.07843137254902,1610612737,15,13,2025-03-14T23:54:10Z,930000,False,-230.0,32.0,1,left,MISS C. LeVert step back 3PT,[1627747],22400960,1610612737,ATL,step back,,,LeVert,C. LeVert,,,,,Left Corner 3,24+ Left,23.27,Missed,,,,,,,,,,,,,,,,,,
99,PT04M21.00S,2025-03-14T23:55:02.7Z,1,REGULAR,freethrow,1 of 2,[],1627747,,,1610612737,16,15,2025-03-14T23:55:02Z,990000,False,,,0,,C. LeVert Free Throw 1 of 2 (1 PTS),[1627747],22400960,1610612737,ATL,,,,LeVert,C. LeVert,,,,,,,,Made,,,,,,,1.0,,,,,,,,,,,
108,PT04M21.00S,2025-03-14T23:55:33.4Z,1,REGULAR,freethrow,2 of 2,[],1627747,,,1610612737,17,15,2025-03-14T23:55:33Z,1080000,False,,,0,,C. LeVert Free Throw 2 of 2 (2 PTS),[1627747],22400960,1610612737,ATL,,,,LeVert,C. LeVert,,,,,,,,Made,,,,,,,2.0,,,,,,,,,,,
110,PT04M03.00S,2025-03-14T23:55:52.9Z,1,REGULAR,rebound,defensive,[],1627747,,,1610612737,17,15,2025-03-14T23:55:56Z,1100000,False,,,0,,C. LeVert REBOUND (Off:0 Def:1),[1627747],22400960,1610612737,ATL,,,,LeVert,C. LeVert,,,,,Mid-Range,16-24 Left Center,,,,,109.0,1.0,1.0,0.0,,,,,,,,,,,,
111,PT03M57.00S,2025-03-14T23:55:59.5Z,1,REGULAR,3pt,Jump Shot,[],1629611,10.068988173455978,4.166666666666666,1610612737,20,15,2025-03-14T23:56:04Z,1110000,False,229.0,42.0,1,left,T. Mann 3PT  (3 PTS) (C. LeVert 1 AST),"[1629611, 1627747]",22400960,1610612737,ATL,,,,Mann,T. Mann,,,,,Right Corner 3,24+ Right,23.3,Made,,,,,,,3.0,C. LeVert,1627747.0,1.0,,,,,,,,
114,PT03M37.00S,2025-03-14T23:56:19.7Z,1,REGULAR,rebound,defensive,[],1630700,,,1610612737,20,15,2025-03-14T23:56:20Z,1140000,False,,,0,,D. Daniels REBOUND (Off:2 Def:3),[1630700],22400960,1610612737,ATL,,,,Daniels,D. Daniels,,,,,Right Corner 3,24+ Right,,,,,113.0,5.0,3.0,2.0,,,,,,,,,,,,
115,PT03M28.00S,2025-03-14T23:56:28.8Z,1,REGULAR,2pt,Layup,['pointsinthepaint'],1627747,5.863994743758213,50.49019607843137,1610612737,22,15,2025-03-14T23:56:32Z,1150000,False,-2.0,3.0,1,left,C. LeVert driving Layup (4 PTS) (G. Niang 1 AST),"[1627747, 1627777]",22400960,1610612737,ATL,driving,,,LeVert,C. LeVert,,,,,Restricted Area,0-8 Center,0.36,Made,,,,,,,4.0,G. Niang,1627777.0,1.0,,,,,,,,
198,PT03M06.00S,2025-03-14T23:56:39.7Z,1,REGULAR,steal,,[],1627747,,,1610612737,22,15,2025-03-15T00:13:38Z,1167500,False,,,0,,C. LeVert STEAL (1 STL),[1627747],22400960,1610612737,ATL,,,,LeVert,C. LeVert,,,,,In The Paint (Non-RA),0-8 Center,,,,,,,,,,,,,,,,,,,,
120,PT03M01.00S,2025-03-14T23:56:55.8Z,1,REGULAR,turnover,bad pass,[],1630700,,,1610612737,22,15,2025-03-14T23:56:59Z,1200000,False,,,0,,D. Daniels bad pass TURNOVER (1 TO),"[1630700, 1627884]",22400960,1610612737,ATL,,,,Daniels,D. Daniels,,,,,Restricted Area,0-8 Center,,,,,,,,,,,,,,1.0,,,,,Jones Jr.,1627884.0
122,PT02M58.00S,2025-03-14T23:57:02.5Z,1,REGULAR,foul,personal,[],1629611,,,1610612746,22,15,2025-03-14T23:57:07Z,1220000,False,,,0,,T. Mann personal FOUL (1 PF),"[1629611, 203992]",22400960,1610612737,ATL,,,,Mann,T. Mann,,,,,Mid-Range,16-24 Left Center,,,,,,,,,,,,,1627534.0,,1.0,0.0,Bogdanović,203992.0,,
124,PT02M58.00S,2025-03-14T23:57:11.7Z,1,REGULAR,timeout,full,"['team', 'mandatory']",0,,,1610612746,22,15,2025-03-14T23:57:11Z,1240000,False,,,0,,ATL Timeout,[],22400960,1610612737,ATL,,,,,,,,,,,,,,,,,,,,,,,,,,,,,,,
125,PT02M58.00S,2025-03-14T23:59:35.9Z,1,REGULAR,substitution,out,[],1630700,,,1610612746,22,15,2025-03-15T00:00:12Z,1250000,False,,,0,,SUB out: D. Daniels,[1630700],22400960,1610612737,ATL,,,,Daniels,D. Daniels,,,,,,,,,,,,,,,,,,,,,,,,,,
126,PT02M58.00S,2025-03-14T23:59:35.9Z,1,REGULAR,substitution,in,[],1629027,,,1610612746,22,15,2025-03-15T00:00:12Z,1260000,False,,,0,,SUB in: T. Young,[1629027],22400960,1610612737,ATL,,,,Young,T. Young,,,,,,,,,,,,,,,,,,,,,,,,,,
127,PT02M50.00S,2025-03-15T00:00:29.5Z,1,REGULAR,foul,personal,[],1627777,,,1610612746,22,15,2025-03-15T00:00:39Z,1270000,False,,,0,,G. Niang personal FOUL (1 PF),"[1627777, 1627884]",22400960,1610612737,ATL,,,,Niang,G. Niang,,,,,Mid-Range,8-16 Left,,,,,,,,,,,,,1627539.0,,1.0,0.0,Jones Jr.,1627884.0,,
132,PT02M23.00S,2025-03-15T00:01:16.5Z,1,REGULAR,turnover,out-of-bounds,[],1627777,,,1610612737,22,17,2025-03-15T00:01:29Z,1320000,False,,,0,,G. Niang bad pass out-of-bounds TURNOVER (2 TO),[1627777],22400960,1610612737,ATL,bad pass,,,Niang,G. Niang,,,,,Above the Break 3,24+ Left Center,,,,,,,,,,,,,1627534.0,2.0,,,,,,
134,PT02M04.00S,2025-03-15T00:01:42.1Z,1,REGULAR,rebound,defensive,[],1627747,,,1610612737,22,17,2025-03-15T00:01:43Z,1340000,False,,,0,,C. LeVert REBOUND (Off:0 Def:2),[1627747],22400960,1610612737,ATL,,,,LeVert,C. LeVert,,,,,Mid-Range,8-16 Left,,,,,133.0,2.0,2.0,0.0,,,,,,,,,,,,
135,PT02M00.00S,2025-03-15T00:01:46.6Z,1,REGULAR,2pt,Jump Shot,['fastbreak'],1627747,17.296320630749015,67.8921568627451,1610612737,22,17,2025-03-15T00:05:14Z,1350000,False,-89.0,110.0,1,left,MISS C. LeVert 14' running pullup Shot,[1627747],22400960,1610612737,ATL,running pullup,,,LeVert,C. LeVert,,,,,Mid-Range,8-16 Left,14.19,Missed,,,,,,,,,,,,,,,,,,
137,PT01M51.00S,2025-03-15T00:01:57.2Z,1,REGULAR,foul,personal,[],1631230,,,1610612746,22,17,2025-03-15T00:02:06Z,1370000,False,,,0,,D. Barlow personal FOUL (1 PF),"[1631230, 201935]",22400960,1610612737,ATL,,,,Barlow,D. Barlow,,,,,Mid-Range,16-24 Center,,,,,,,,,,,,,1627539.0,,1.0,1.0,Harden,201935.0,,
140,PT01M19.00S,2025-03-15T00:02:42.9Z,1,REGULAR,2pt,Layup,['pointsinthepaint'],1631230,6.258212877792378,49.50980392156863,1610612737,24,19,2025-03-15T00:02:47Z,1400000,False,2.0,6.0,1,left,D. Barlow cutting Layup (2 PTS) (C. LeVert 2 AST),"[1631230, 1627747]",22400960,1610612737,ATL,cutting,,,Barlow,D. Barlow,,,,,Restricted Area,0-8 Center,0.68,Made,,,,,,,2.0,C. LeVert,1627747.0,2.0,,,,,,,,
143,PT01M00.00S,2025-03-15T00:03:01.3Z,1,REGULAR,rebound,defensive,[],1631230,,,1610612737,24,19,2025-03-15T00:03:02Z,1430000,False,,,0,,D. Barlow REBOUND (Off:0 Def:1),[1631230],22400960,1610612737,ATL,,,,Barlow,D. Barlow,,,,,Right Corner 3,24+ Right,,,,,142.0,1.0,1.0,0.0,,,,,,,,,,,,
144,PT00M52.60S,2025-03-15T00:03:11.2Z,1,REGULAR,2pt,Layup,['pointsinthepaint'],1631230,4.681340341655716,52.20588235294118,1610612737,26,19,2025-03-15T00:03:21Z,1440000,False,-11.0,-8.0,1,left,D. Barlow reverse Layup (4 PTS) (T. Young 2 AST),"[1631230, 1629027]",22400960,1610612737,ATL,reverse,,,Barlow,D. Barlow,,,,,Restricted Area,0-8 Center,1.39,Made,,,,,,,4.0,T. Young,1629027.0,2.0,,,,,,,,
148,PT00M52.60S,2025-03-15T00:03:38.0Z,1,REGULAR,freethrow,1 of 1,[],1631230,,,1610612737,26,19,2025-03-15T00:03:38Z,1480000,False,,,0,,MISS D. Barlow Free Throw 1 of 1,[1631230],22400960,1610612737,ATL,,,,Barlow,D. Barlow,,,,,,,,Missed,,,,,,,,,,,,,,,,,,
152,PT00M29.60S,2025-03-15T00:04:03.5Z,1,REGULAR,2pt,Jump Shot,[],1629027,27.94021024967148,39.46078431372549,1610612737,26,22,2025-03-15T00:04:10Z,1520000,False,53.0,210.0,1,left,MISS T. Young 21' step back Shot,[1629027],22400960,1610612737,ATL,step back,,,Young,T. Young,,,,,Mid-Range,16-24 Center,21.66,Missed,,,,,,,,,,,,,,,,,,
159,PT12M00.00S,2025-03-15T00:06:48.5Z,2,REGULAR,substitution,in,['startperiod'],1630249,,,1610612737,26,24,2025-03-15T00:07:14Z,1590000,False,,,0,,SUB in: V. Krejčí,[1630249],22400960,1610612737,ATL,,,,Krejčí,V. Krejčí,,,,,,,,,,,,,,,,,,,,,,,,,,
160,PT12M00.00S,2025-03-15T00:06:48.5Z,2,REGULAR,substitution,in,['startperiod'],1642258,,,1610612737,26,24,2025-03-15T00:07:14Z,1600000,False,,,0,,SUB in: Z. Risacher,[1642258],22400960,1610612737,ATL,,,,Risacher,Z. Risacher,,,,,,,,,,,,,,,,,,,,,,,,,,
157,PT12M00.00S,2025-03-15T00:06:48.5Z,2,REGULAR,substitution,out,['startperiod'],1627777,,,1610612737,26,24,2025-03-15T00:07:14Z,1570000,False,,,0,,SUB out: G. Niang,[1627777],22400960,1610612737,ATL,,,,Niang,G. Niang,,,,,,,,,,,,,,,,,,,,,,,,,,
156,PT12M00.00S,2025-03-15T00:06:48.5Z,2,REGULAR,substitution,out,['startperiod'],1627747,,,1610612737,26,24,2025-03-15T00:07:14Z,1560000,False,,,0,,SUB out: C. LeVert,[1627747],22400960,1610612737,ATL,,,,LeVert,C. LeVert,,,,,,,,,,,,,,,,,,,,,,,,,,
163,PT11M35.00S,2025-03-15T00:07:46.2Z,2,REGULAR,turnover,bad pass,[],1629027,,,1610612737,26,24,2025-03-15T00:07:51Z,1630000,False,,,0,,T. Young bad pass TURNOVER (3 TO),"[1629027, 202695]",22400960,1610612737,ATL,,,,Young,T. Young,,,,,Mid-Range,8-16 Right,,,,,,,,,,,,,,3.0,,,,,Leonard,202695.0
166,PT11M18.00S,2025-03-15T00:08:03.0Z,2,REGULAR,3pt,Jump Shot,[],1642258,8.492115637319317,96.56862745098039,1610612737,29,26,2025-03-15T00:08:08Z,1660000,False,-233.0,27.0,1,left,Z. Risacher 3PT  (5 PTS) (T. Mann 1 AST),"[1642258, 1629611]",22400960,1610612737,ATL,,,,Risacher,Z. Risacher,,,,,Left Corner 3,24+ Left,23.44,Made,,,,,,,5.0,T. Mann,1629611.0,1.0,,,,,,,,
169,PT10M50.00S,2025-03-15T00:08:30.3Z,2,REGULAR,rebound,defensive,[],1642258,,,1610612737,29,26,2025-03-15T00:08:32Z,1690000,False,,,0,,Z. Risacher REBOUND (Off:0 Def:1),[1642258],22400960,1610612737,ATL,,,,Risacher,Z. Risacher,,,,,Restricted Area,0-8 Center,,,,,168.0,1.0,1.0,0.0,,,,,,,,,,,,
170,PT10M48.00S,2025-03-15T00:08:33.0Z,2,REGULAR,3pt,Jump Shot,['fastbreak'],1630249,26.363337713534822,16.666666666666664,1610612737,32,26,2025-03-15T00:11:25Z,1700000,False,167.0,195.0,1,left,V. Krejčí 25' 3PT running (3 PTS) (T. Young 3 AST),"[1630249, 1629027]",22400960,1610612737,ATL,running,,,Krejčí,V. Krejčí,,,,,Above the Break 3,24+ Right Center,25.68,Made,,,,,,,3.0,T. Young,1629027.0,3.0,,,,,,,,
173,PT10M29.00S,2025-03-15T00:08:51.8Z,2,REGULAR,rebound,defensive,[],1631230,,,1610612737,32,26,2025-03-15T00:08:53Z,1730000,False,,,0,,D. Barlow REBOUND (Off:0 Def:2),[1631230],22400960,1610612737,ATL,,,,Barlow,D. Barlow,,,,,Right Corner 3,24+ Right,,,,,172.0,2.0,2.0,0.0,,,,,,,,,,,,
174,PT10M26.00S,2025-03-15T00:08:54.9Z,2,REGULAR,3pt,Jump Shot,['fastbreak'],1629027,32.14520367936925,61.76470588235294,1610612737,32,26,2025-03-15T00:09:01Z,1740000,False,-59.0,250.0,1,left,MISS T. Young 25' running pullup 3PT,[1629027],22400960,1610612737,ATL,running pullup,,,Young,T. Young,,,,,Above the Break 3,24+ Center,25.65,Missed,,,,,,,,,,,,,,,,,,
176,PT10M12.00S,2025-03-15T00:09:12.9Z,2,REGULAR,foul,personal,[],1631230,,,1610612746,32,26,2025-03-15T00:09:23Z,1760000,False,,,0,,D. Barlow personal FOUL (2 PF),"[1631230, 1627884]",22400960,1610612737,ATL,,,,Barlow,D. Barlow,,,,,In The Paint (Non-RA),8-16 Left,,,,,,,,,,,,,1627534.0,,2.0,1.0,Jones Jr.,1627884.0,,
178,PT10M12.00S,2025-03-15T00:09:39.8Z,2,REGULAR,substitution,out,[],1631230,,,1610612746,32,26,2025-03-15T00:09:44Z,1780000,False,,,0,,SUB out: D. Barlow,[1631230],22400960,1610612737,ATL,,,,Barlow,D. Barlow,,,,,,,,,,,,,,,,,,,,,,,,,,
179,PT10M12.00S,2025-03-15T00:09:39.8Z,2,REGULAR,substitution,in,[],1630168,,,1610612746,32,26,2025-03-15T00:09:44Z,1790000,False,,,0,,SUB in: O. Okongwu,[1630168],22400960,1610612737,ATL,,,,Okongwu,O. Okongwu,,,,,,,,,,,,,,,,,,,,,,,,,,
182,PT09M49.00S,2025-03-15T00:10:13.6Z,2,REGULAR,3pt,Jump Shot,[],1629611,6.915243101182654,95.83333333333334,1610612737,32,28,2025-03-15T00:10:18Z,1820000,False,-229.0,13.0,1,left,MISS T. Mann 3PT,[1629611],22400960,1610612737,ATL,,,,Mann,T. Mann,,,,,Left Corner 3,24+ Left,22.95,Missed,,,,,,,,,,,,,,,,,,
186,PT09M20.00S,2025-03-15T00:10:43.3Z,2,REGULAR,turnover,bad pass,[],1629027,,,1610612737,32,31,2025-03-15T00:10:48Z,1860000,False,,,0,,T. Young bad pass TURNOVER (4 TO),"[1629027, 1627732]",22400960,1610612737,ATL,,,,Young,T. Young,,,,,In The Paint (Non-RA),0-8 Center,,,,,,,,,,,,,,4.0,,,,,Simmons,1627732.0
190,PT08M58.00S,2025-03-15T00:11:05.1Z,2,REGULAR,3pt,Jump Shot,[],1630249,8.360709592641262,3.9215686274509802,1610612737,35,33,2025-03-15T00:11:09Z,1900000,False,230.0,26.0,1,left,V. Krejčí 3PT  (6 PTS) (T. Young 4 AST),"[1630249, 1629027]",22400960,1610612737,ATL,,,,Krejčí,V. Krejčí,,,,,Right Corner 3,24+ Right,23.19,Made,,,,,,,6.0,T. Young,1629027.0,4.0,,,,,,,,
193,PT08M31.00S,2025-03-15T00:11:31.8Z,2,REGULAR,rebound,defensive,[],1629611,,,1610612737,35,33,2025-03-15T00:11:40Z,1930000,False,,,0,,T. Mann REBOUND (Off:0 Def:1),[1629611],22400960,1610612737,ATL,,,,Mann,T. Mann,,,,,In The Paint (Non-RA),0-8 Center,,,,,192.0,1.0,1.0,0.0,,,,,,,,,,,,
194,PT08M26.00S,2025-03-15T00:11:37.8Z,2,REGULAR,2pt,Layup,['pointsinthepaint'],1642258,5.601182654402102,51.470588235294116,1610612737,37,33,2025-03-15T00:12:22Z,1940000,False,-7.0,0.0,1,left,Z. Risacher reverse Layup (7 PTS) (T. Mann 2 AST),"[1642258, 1629611]",22400960,1610612737,ATL,reverse,,,Risacher,Z. Risacher,,,,,Restricted Area,0-8 Center,0.74,Made,,,,,,,7.0,T. Mann,1629611.0,2.0,,,,,,,,
201,PT08M26.00S,2025-03-15T00:14:06.3Z,2,REGULAR,substitution,in,[],1630700,,,1610612746,37,33,2025-03-15T00:14:23Z,1990000,False,,,0,,SUB in: D. Daniels,[1630700],22400960,1610612737,ATL,,,,Daniels,D. Daniels,,,,,,,,,,,,,,,,,,,,,,,,,,
199,PT08M26.00S,2025-03-15T00:14:06.3Z,2,REGULAR,substitution,out,[],1629027,,,1610612746,37,33,2025-03-15T00:14:23Z,1970000,False,,,0,,SUB out: T. Young,[1629027],22400960,1610612737,ATL,,,,Young,T. Young,,,,,,,,,,,,,,,,,,,,,,,,,,
204,PT07M50.00S,2025-03-15T00:15:11.9Z,2,REGULAR,2pt,Jump Shot,['pointsinthepaint'],1629611,11.908672798948752,50.0,1610612737,39,36,2025-03-15T00:15:50Z,2020000,False,0.0,59.0,1,left,T. Mann pullup Jump Shot (5 PTS) (Z. Risacher 1 AST),"[1629611, 1642258]",22400960,1610612737,ATL,pullup,,,Mann,T. Mann,,,,,In The Paint (Non-RA),0-8 Center,5.94,Made,,,,,,,5.0,Z. Risacher,1642258.0,1.0,,,,,,,,
207,PT07M33.00S,2025-03-15T00:15:28.4Z,2,REGULAR,block,,[],1630249,,,1610612746,39,36,2025-03-15T00:15:31Z,2050000,False,,,0,,V. Krejčí BLOCK (1 BLK),[1630249],22400960,1610612737,ATL,,,,Krejčí,V. Krejčí,,,,,Restricted Area,0-8 Center,,,,,,,,,,,,,,,,,,,,
208,PT07M29.00S,2025-03-15T00:15:32.4Z,2,REGULAR,rebound,defensive,[],1642258,,,1610612737,39,36,2025-03-15T00:15:33Z,2060000,False,,,0,,Z. Risacher REBOUND (Off:0 Def:2),[1642258],22400960,1610612737,ATL,,,,Risacher,Z. Risacher,,,,,Restricted Area,0-8 Center,,,,,206.0,2.0,2.0,0.0,,,,,,,,,,,,
209,PT07M20.00S,2025-03-15T00:15:41.8Z,2,REGULAR,3pt,Jump Shot,[],1630700,29.122864651773984,26.225490196078432,1610612737,39,36,2025-03-15T00:15:46Z,2070000,False,119.0,221.0,1,left,MISS D. Daniels 25' 3PT,[1630700],22400960,1610612737,ATL,,,,Daniels,D. Daniels,,,,,Above the Break 3,24+ Right Center,25.12,Missed,,,,,,,,,,,,,,,,,,
211,PT07M13.00S,2025-03-15T00:15:51.4Z,2,REGULAR,foul,personal,[],1642258,,,1610612746,39,36,2025-03-15T00:16:09Z,2090000,False,,,0,,Z. Risacher personal FOUL (1 PF),"[1642258, 202695]",22400960,1610612737,ATL,,,,Risacher,Z. Risacher,,,,,In The Paint (Non-RA),8-16 Center,,,,,,,,,,,,,1162.0,,1.0,0.0,Leonard,202695.0,,
223,PT06M50.00S,2025-03-15T00:17:31.7Z,2,REGULAR,substitution,out,[],1629611,,,1610612737,39,36,2025-03-15T00:17:41Z,2210000,False,,,0,,SUB out: T. Mann,[1629611],22400960,1610612737,ATL,,,,Mann,T. Mann,,,,,,,,,,,,,,,,,,,,,,,,,,
225,PT06M50.00S,2025-03-15T00:17:31.7Z,2,REGULAR,substitution,in,[],1627747,,,1610612737,39,36,2025-03-15T00:17:41Z,2230000,False,,,0,,SUB in: C. LeVert,[1627747],22400960,1610612737,ATL,,,,LeVert,C. LeVert,,,,,,,,,,,,,,,,,,,,,,,,,,
227,PT06M34.00S,2025-03-15T00:17:58.3Z,2,REGULAR,3pt,Jump Shot,['fromturnover'],1630249,28.465834428383708,20.34313725490196,1610612737,39,36,2025-03-15T00:18:03Z,2250000,False,148.0,215.0,1,left,MISS V. Krejčí 26' 3PT,[1630249],22400960,1610612737,ATL,,,,Krejčí,V. Krejčí,,,,,Above the Break 3,24+ Right Center,26.13,Missed,,,,,,,,,,,,,,,,,,
232,PT05M51.00S,2025-03-15T00:19:27.7Z,2,REGULAR,freethrow,1 of 2,['fromturnover'],1642258,,,1610612737,40,36,2025-03-15T00:19:27Z,2300000,False,,,0,,Z. Risacher Free Throw 1 of 2 (8 PTS),[1642258],22400960,1610612737,ATL,,,,Risacher,Z. Risacher,,,,,,,,Made,,,,,,,8.0,,,,,,,,,,,
233,PT05M51.00S,2025-03-15T00:19:39.6Z,2,REGULAR,freethrow,2 of 2,['fromturnover'],1642258,,,1610612737,41,36,2025-03-15T00:19:39Z,2310000,False,,,0,,Z. Risacher Free Throw 2 of 2 (9 PTS),[1642258],22400960,1610612737,ATL,,,,Risacher,Z. Risacher,,,,,,,,Made,,,,,,,9.0,,,,,,,,,,,
235,PT05M39.00S,2025-03-15T00:20:00.5Z,2,REGULAR,foul,personal,['1freethrow'],1630700,,,1610612746,41,38,2025-03-15T00:20:25Z,2330000,False,,,0,,D. Daniels shooting personal FOUL (1 PF) (Harden 1 FT),"[1630700, 201935]",22400960,1610612737,ATL,shooting,,,Daniels,D. Daniels,,,,,Restricted Area,0-8 Center,,,,,,,,,,,,,1627534.0,,1.0,0.0,Harden,201935.0,,
238,PT05M31.00S,2025-03-15T00:20:38.6Z,2,REGULAR,2pt,Jump Shot,[],1642258,15.325229960578188,13.725490196078432,1610612737,43,39,2025-03-15T00:24:52Z,2360000,False,181.0,92.0,1,left,Z. Risacher 20' Jump Shot (11 PTS) (D. Daniels 2 AST),"[1642258, 1630700]",22400960,1610612737,ATL,,,,Risacher,Z. Risacher,,,,,Mid-Range,16-24 Right,20.32,Made,,,,,,,11.0,D. Daniels,1630700.0,2.0,,,,,,,,
242,PT05M05.00S,2025-03-15T00:21:04.8Z,2,REGULAR,3pt,Jump Shot,[],1627747,27.020367936925098,19.607843137254903,1610612737,46,42,2025-03-15T00:21:13Z,2400000,False,152.0,201.0,1,left,C. LeVert 25' 3PT bank (7 PTS) (D. Daniels 3 AST),"[1627747, 1630700]",22400960,1610612737,ATL,bank,,,LeVert,C. LeVert,,,,,Above the Break 3,24+ Right Center,25.24,Made,,,,,,,7.0,D. Daniels,1630700.0,3.0,,,,,,,,
245,PT04M42.00S,2025-03-15T00:21:27.0Z,2,REGULAR,turnover,bad pass,[],1630700,,,1610612737,46,44,2025-03-15T00:21:32Z,2430000,False,,,0,,D. Daniels bad pass TURNOVER (2 TO),"[1630700, 202695]",22400960,1610612737,ATL,,,,Daniels,D. Daniels,,,,,Restricted Area,0-8 Center,,,,,,,,,,,,,,2.0,,,,,Leonard,202695.0
249,PT04M31.00S,2025-03-15T00:21:48.5Z,2,REGULAR,timeout,full,"['team', 'mandatory']",0,,,1610612737,46,46,2025-03-15T00:21:48Z,2470000,False,,,0,,ATL Timeout,[],22400960,1610612737,ATL,,,,,,,,,,,,,,,,,,,,,,,,,,,,,,,
310,PT04M31.00S,2025-03-15T00:23:28.1Z,2,REGULAR,substitution,out,[],1630249,,,1610612737,46,46,2025-03-15T00:32:25Z,2475000,False,,,0,,SUB out: V. Krejčí,[1630249],22400960,1610612737,ATL,,,,Krejčí,V. Krejčí,,,,,,,,,,,,,,,,,,,,,,,,,,
311,PT04M31.00S,2025-03-15T00:23:28.1Z,2,REGULAR,substitution,in,[],1629027,,,1610612737,46,46,2025-03-15T00:32:25Z,2477500,False,,,0,,SUB in: T. Young,[1629027],22400960,1610612737,ATL,,,,Young,T. Young,,,,,,,,,,,,,,,,,,,,,,,,,,
251,PT04M15.00S,2025-03-15T00:25:07.7Z,2,REGULAR,2pt,Layup,['pointsinthepaint'],1630168,5.995400788436268,47.549019607843135,1610612737,48,46,2025-03-15T00:25:12Z,2480000,False,12.0,4.0,1,left,O. Okongwu driving Layup (4 PTS),[1630168],22400960,1610612737,ATL,driving,,,Okongwu,O. Okongwu,,,,,Restricted Area,0-8 Center,1.29,Made,,,,,,,4.0,,,,,,,,,,,
253,PT03M51.00S,2025-03-15T00:25:31.0Z,2,REGULAR,rebound,defensive,[],1642258,,,1610612737,48,46,2025-03-15T00:25:34Z,2500000,False,,,0,,Z. Risacher REBOUND (Off:0 Def:3),[1642258],22400960,1610612737,ATL,,,,Risacher,Z. Risacher,,,,,Above the Break 3,24+ Right Center,,,,,252.0,3.0,3.0,0.0,,,,,,,,,,,,
254,PT03M42.00S,2025-03-15T00:25:40.8Z,2,REGULAR,2pt,Layup,['pointsinthepaint'],1642258,5.469776609724048,47.794117647058826,1610612737,50,46,2025-03-15T00:25:46Z,2510000,False,11.0,-1.0,1,left,Z. Risacher cutting Layup (13 PTS) (O. Okongwu 2 AST),"[1642258, 1630168]",22400960,1610612737,ATL,cutting,,,Risacher,Z. Risacher,,,,,Restricted Area,0-8 Center,1.11,Made,,,,,,,13.0,O. Okongwu,1630168.0,2.0,,,,,,,,
257,PT03M32.00S,2025-03-15T00:25:50.7Z,2,REGULAR,steal,,[],1642258,,,1610612737,50,46,2025-03-15T00:38:20Z,2540000,False,,,0,,Z. Risacher STEAL (2 STL),[1642258],22400960,1610612737,ATL,,,,Risacher,Z. Risacher,,,,,Mid-Range,16-24 Center,,,,,,,,,,,,,,,,,,,,
258,PT03M26.00S,2025-03-15T00:25:56.7Z,2,REGULAR,3pt,Jump Shot,"['fromturnover', 'fastbreak']",1627747,20.97568988173456,89.95098039215686,1610612737,50,46,2025-03-15T00:27:09Z,2550000,False,-200.0,145.0,1,left,MISS C. LeVert 24' running 3PT,[1627747],22400960,1610612737,ATL,running,,,LeVert,C. LeVert,,,,,Above the Break 3,24+ Left Center,24.67,Missed,,,,,,,,,,,,,,,,,,
261,PT02M52.00S,2025-03-15T00:26:30.4Z,2,REGULAR,2pt,Jump Shot,['pointsinthepaint'],1630700,8.754927726675426,46.32352941176471,1610612737,52,48,2025-03-15T00:26:43Z,2580000,False,18.0,30.0,1,left,D. Daniels driving floating Jump Shot (2 PTS),[1630700],22400960,1610612737,ATL,driving floating,,,Daniels,D. Daniels,,,,,Restricted Area,0-8 Center,3.5,Made,,,,,,,2.0,,,,,,,,,,,
263,PT02M43.00S,2025-03-15T00:26:40.2Z,2,REGULAR,block,,[],1627747,,,1610612746,52,48,2025-03-15T00:29:02Z,2600000,False,,,0,,C. LeVert BLOCK (1 BLK),[1627747],22400960,1610612737,ATL,,,,LeVert,C. LeVert,,,,,Restricted Area,0-8 Center,,,,,,,,,,,,,,,,,,,,
264,PT02M43.00S,2025-03-15T00:26:40.2Z,2,REGULAR,rebound,defensive,[],1630168,,,1610612737,52,48,2025-03-15T00:34:28Z,2610000,False,,,0,,O. Okongwu REBOUND (Off:1 Def:2),[1630168],22400960,1610612737,ATL,,,,Okongwu,O. Okongwu,,,,,Restricted Area,0-8 Center,,,,,262.0,3.0,2.0,1.0,,,,,,,,,,,,
265,PT02M36.00S,2025-03-15T00:26:47.6Z,2,REGULAR,3pt,Jump Shot,['fastbreak'],1627747,26.888961892247043,79.16666666666666,1610612737,55,48,2025-03-15T00:30:13Z,2620000,False,-146.0,200.0,1,left,C. LeVert 24' 3PT running pullup (10 PTS) (D. Daniels 4 AST),"[1627747, 1630700]",22400960,1610612737,ATL,running pullup,,,LeVert,C. LeVert,,,,,Above the Break 3,24+ Left Center,24.77,Made,,,,,,,10.0,D. Daniels,1630700.0,4.0,,,,,,,,
268,PT02M13.00S,2025-03-15T00:27:09.8Z,2,REGULAR,rebound,defensive,[],1630168,,,1610612737,55,48,2025-03-15T00:27:13Z,2650000,False,,,0,,O. Okongwu REBOUND (Off:1 Def:3),[1630168],22400960,1610612737,ATL,,,,Okongwu,O. Okongwu,,,,,In The Paint (Non-RA),0-8 Center,,,,,267.0,4.0,3.0,1.0,,,,,,,,,,,,
274,PT02M10.00S,2025-03-15T00:27:47.8Z,2,REGULAR,freethrow,1 of 2,['fastbreak'],1630700,,,1610612737,56,48,2025-03-15T00:43:30Z,2710000,False,,,0,,D. Daniels Free Throw 1 of 2 (3 PTS),[1630700],22400960,1610612737,ATL,,,,Daniels,D. Daniels,,,,,,,,Made,,,,,,,3.0,,,,,,,,,,,
277,PT02M10.00S,2025-03-15T00:27:47.8Z,2,REGULAR,freethrow,2 of 2,['fastbreak'],1630700,,,1610612737,57,48,2025-03-15T00:43:50Z,2740000,False,,,0,,D. Daniels Free Throw 2 of 2 (4 PTS),[1630700],22400960,1610612737,ATL,,,,Daniels,D. Daniels,,,,,,,,Made,,,,,,,4.0,,,,,,,,,,,
280,PT01M46.00S,2025-03-15T00:28:30.3Z,2,REGULAR,rebound,defensive,[],1627747,,,1610612737,57,48,2025-03-15T00:28:31Z,2760000,False,,,0,,C. LeVert REBOUND (Off:0 Def:3),[1627747],22400960,1610612737,ATL,,,,LeVert,C. LeVert,,,,,In The Paint (Non-RA),0-8 Center,,,,,279.0,3.0,3.0,0.0,,,,,,,,,,,,
281,PT01M42.00S,2025-03-15T00:28:33.7Z,2,REGULAR,3pt,Jump Shot,[],1630700,8.09789750328515,3.9215686274509802,1610612737,57,48,2025-03-15T00:28:41Z,2770000,False,230.0,24.0,1,left,MISS D. Daniels 3PT,[1630700],22400960,1610612737,ATL,,,,Daniels,D. Daniels,,,,,Right Corner 3,24+ Right,23.16,Missed,,,,,,,,,,,,,,,,,,
283,PT01M27.00S,2025-03-15T00:28:50.4Z,2,REGULAR,foul,personal,['2freethrow'],1627747,,,1610612746,57,48,2025-03-15T00:29:17Z,2790000,False,,,0,,C. LeVert shooting personal FOUL (1 PF) (Zubac 2 FT),"[1627747, 1627826]",22400960,1610612737,ATL,shooting,,,LeVert,C. LeVert,,,,,Restricted Area,0-8 Center,,,,,,,,,,,,,1162.0,,1.0,0.0,Zubac,1627826.0,,
291,PT01M14.00S,2025-03-15T00:29:52.3Z,2,REGULAR,2pt,Hook,['pointsinthepaint'],1630168,8.886333771353483,44.36274509803921,1610612737,59,50,2025-03-15T00:35:23Z,2870000,False,28.0,31.0,1,left,O. Okongwu driving Hook (6 PTS) (T. Young 5 AST),"[1630168, 1629027]",22400960,1610612737,ATL,driving,,,Okongwu,O. Okongwu,,,,,Restricted Area,0-8 Center,4.19,Made,,,,,,,6.0,T. Young,1629027.0,5.0,,,,,,,,
294,PT01M01.00S,2025-03-15T00:30:06.1Z,2,REGULAR,steal,,[],1627747,,,1610612737,59,50,2025-03-15T00:30:08Z,2900000,False,,,0,,C. LeVert STEAL (2 STL),[1627747],22400960,1610612737,ATL,,,,LeVert,C. LeVert,,,,,In The Paint (Non-RA),8-16 Center,,,,,,,,,,,,,,,,,,,,
297,PT00M58.70S,2025-03-15T00:30:37.6Z,2,REGULAR,freethrow,1 of 2,"['fromturnover', 'fastbreak']",1630168,,,1610612737,60,50,2025-03-15T00:39:09Z,2930000,False,,,0,,O. Okongwu Free Throw 1 of 2 (7 PTS),[1630168],22400960,1610612737,ATL,,,,Okongwu,O. Okongwu,,,,,,,,Made,,,,,,,7.0,,,,,,,,,,,
300,PT00M58.70S,2025-03-15T00:30:37.6Z,2,REGULAR,freethrow,2 of 2,"['fromturnover', 'fastbreak']",1630168,,,1610612737,61,50,2025-03-15T00:39:09Z,2960000,False,,,0,,O. Okongwu Free Throw 2 of 2 (8 PTS),[1630168],22400960,1610612737,ATL,,,,Okongwu,O. Okongwu,,,,,,,,Made,,,,,,,8.0,,,,,,,,,,,
302,PT00M46.90S,2025-03-15T00:31:11.9Z,2,REGULAR,rebound,defensive,[],1630168,,,1610612737,61,50,2025-03-15T00:31:15Z,2980000,False,,,0,,O. Okongwu REBOUND (Off:1 Def:4),[1630168],22400960,1610612737,ATL,,,,Okongwu,O. Okongwu,,,,,In The Paint (Non-RA),8-16 Center,,,,,301.0,5.0,4.0,1.0,,,,,,,,,,,,
303,PT00M25.60S,2025-03-15T00:31:33.0Z,2,REGULAR,2pt,Jump Shot,[],1629027,21.632720105124836,35.294117647058826,1610612737,61,50,2025-03-15T00:31:38Z,2990000,False,74.0,151.0,1,left,MISS T. Young 16' driving floating Shot,[1629027],22400960,1610612737,ATL,driving floating,,,Young,T. Young,,,,,Mid-Range,16-24 Right Center,16.78,Missed,,,,,,,,,,,,,,,,,,
304,PT00M23.00S,2025-03-15T00:31:35.6Z,2,REGULAR,rebound,offensive,[],1629027,,,1610612737,61,50,2025-03-15T00:31:38Z,3000000,False,,,0,,T. Young REBOUND (Off:1 Def:1),[1629027],22400960,1610612737,ATL,,,,Young,T. Young,,,,,Mid-Range,16-24 Right Center,,,,,303.0,2.0,1.0,1.0,,,,,,,,,,,,
305,PT00M21.80S,2025-03-15T00:31:37.1Z,2,REGULAR,2pt,Layup,"['pointsinthepaint', '2ndchance']",1629027,5.863994743758213,45.34313725490196,1610612737,61,50,2025-03-15T00:40:39Z,3010000,False,23.0,3.0,1,left,MISS T. Young putback Layup - blocked,"[1629027, 1627884]",22400960,1610612737,ATL,putback,,,Young,T. Young,,,,,Restricted Area,0-8 Center,2.34,Missed,Jones Jr.,1627884.0,,,,,,,,,,,,,,,,
319,PT12M00.00S,2025-03-15T00:46:44.7Z,3,REGULAR,substitution,in,['startperiod'],1631243,,,1610612737,61,53,2025-03-15T00:47:26Z,3120000,False,,,0,,SUB in: M. Gueye,[1631243],22400960,1610612737,ATL,,,,Gueye,M. Gueye,,,,,,,,,,,,,,,,,,,,,,,,,,
315,PT12M00.00S,2025-03-15T00:46:44.7Z,3,REGULAR,substitution,out,['startperiod'],1627747,,,1610612737,61,53,2025-03-15T00:47:26Z,3080000,False,,,0,,SUB out: C. LeVert,[1627747],22400960,1610612737,ATL,,,,LeVert,C. LeVert,,,,,,,,,,,,,,,,,,,,,,,,,,
324,PT11M44.00S,2025-03-15T00:47:41.6Z,3,REGULAR,3pt,Jump Shot,[],1630700,93.9060446780552,95.83333333333334,1610612737,61,53,2025-03-15T00:47:58Z,3170000,False,229.0,5.0,1,right,MISS D. Daniels 3PT - blocked,"[1630700, 201587]",22400960,1610612737,ATL,,,,Daniels,D. Daniels,,,,,Right Corner 3,24+ Right,22.93,Missed,Batum,201587.0,,,,,,,,,,,,,,,,
326,PT11M43.00S,2025-03-15T00:47:42.6Z,3,REGULAR,rebound,offensive,['team'],0,,,1610612737,61,53,2025-03-15T00:47:58Z,3190000,False,,,0,,TEAM offensive REBOUND,[],22400960,1610612737,ATL,,,,,,,,,,Right Corner 3,24+ Right,,,,,324.0,,,,,,,,,,,,,,,
328,PT11M37.00S,2025-03-15T00:48:01.1Z,3,REGULAR,3pt,Jump Shot,['2ndchance'],1630168,75.3777923784494,86.02941176470588,1610612737,61,53,2025-03-15T00:48:41Z,3210000,False,180.0,179.0,1,right,MISS O. Okongwu 25' pullup 3PT,[1630168],22400960,1610612737,ATL,pullup,,,Okongwu,O. Okongwu,,,,,Above the Break 3,24+ Right Center,25.39,Missed,,,,,,,,,,,,,,,,,,
331,PT11M25.00S,2025-03-15T00:48:12.4Z,3,REGULAR,rebound,defensive,[],1631243,,,1610612737,61,53,2025-03-15T00:48:16Z,3240000,False,,,0,,M. Gueye REBOUND (Off:1 Def:2),[1631243],22400960,1610612737,ATL,,,,Gueye,M. Gueye,,,,,Above the Break 3,24+ Left Center,,,,,330.0,3.0,2.0,1.0,,,,,,,,,,,,
332,PT11M13.00S,2025-03-15T00:48:24.6Z,3,REGULAR,turnover,lost ball,[],1630700,,,1610612737,61,53,2025-03-15T00:48:30Z,3250000,False,,,0,,D. Daniels lost ball TURNOVER (3 TO),"[1630700, 202695]",22400960,1610612737,ATL,,,,Daniels,D. Daniels,,,,,Mid-Range,8-16 Center,,,,,,,,,,,,,,3.0,,,,,Leonard,202695.0
335,PT10M54.00S,2025-03-15T00:48:43.6Z,3,REGULAR,2pt,Jump Shot,['pointsinthepaint'],1630168,86.94152431011827,56.86274509803921,1610612737,61,55,2025-03-15T00:50:39Z,3280000,False,34.0,70.0,1,right,MISS O. Okongwu 7' driving floating Shot,[1630168],22400960,1610612737,ATL,driving floating,,,Okongwu,O. Okongwu,,,,,In The Paint (Non-RA),0-8 Center,7.81,Missed,,,,,,,,,,,,,,,,,,
339,PT10M23.00S,2025-03-15T00:49:14.4Z,3,REGULAR,2pt,Jump Shot,[],1629027,73.80091984231275,50.245098039215684,1610612737,61,57,2025-03-15T00:52:04Z,3320000,False,1.0,194.0,1,right,MISS T. Young 19' driving floating Shot - blocked,"[1629027, 1627739]",22400960,1610612737,ATL,driving floating,,,Young,T. Young,,,,,Mid-Range,16-24 Center,19.38,Missed,Dunn,1627739.0,,,,,,,,,,,,,,,,
341,PT10M22.00S,2025-03-15T00:49:15.4Z,3,REGULAR,rebound,offensive,['team'],0,,,1610612737,61,57,2025-03-15T00:49:28Z,3340000,False,,,0,,TEAM offensive REBOUND,[],22400960,1610612737,ATL,,,,,,,,,,Mid-Range,16-24 Center,,,,,339.0,,,,,,,,,,,,,,,
343,PT10M20.00S,2025-03-15T00:49:38.9Z,3,REGULAR,turnover,bad pass,[],1629027,,,1610612737,61,57,2025-03-15T00:49:46Z,3360000,False,,,0,,T. Young bad pass TURNOVER (5 TO),"[1629027, 201587]",22400960,1610612737,ATL,,,,Young,T. Young,,,,,In The Paint (Non-RA),8-16 Left,,,,,,,,,,,,,,5.0,,,,,Batum,201587.0
346,PT10M08.00S,2025-03-15T00:49:51.4Z,3,REGULAR,steal,,[],1630168,,,1610612737,61,57,2025-03-15T00:49:53Z,3390000,False,,,0,,O. Okongwu STEAL (1 STL),[1630168],22400960,1610612737,ATL,,,,Okongwu,O. Okongwu,,,,,Mid-Range,16-24 Left,,,,,,,,,,,,,,,,,,,,
351,PT10M01.00S,2025-03-15T00:52:36.1Z,3,REGULAR,turnover,out-of-bounds,[],1642258,,,1610612737,61,57,2025-03-15T00:53:25Z,3430000,False,,,0,,Z. Risacher lost ball out-of-bounds TURNOVER (1 TO),[1642258],22400960,1610612737,ATL,lost ball,,,Risacher,Z. Risacher,,,,,In The Paint (Non-RA),0-8 Center,,,,,,,,,,,,,1162.0,1.0,,,,,,
354,PT09M33.00S,2025-03-15T00:53:45.9Z,3,REGULAR,3pt,Jump Shot,[],1630700,71.04139290407359,22.30392156862745,1610612737,61,59,2025-03-15T00:53:53Z,3460000,False,-138.0,220.0,1,right,MISS D. Daniels 25' 3PT,[1630700],22400960,1610612737,ATL,,,,Daniels,D. Daniels,,,,,Above the Break 3,24+ Left Center,25.97,Missed,,,,,,,,,,,,,,,,,,
355,PT09M28.00S,2025-03-15T00:53:50.9Z,3,REGULAR,rebound,offensive,[],1629027,,,1610612737,61,59,2025-03-15T00:53:53Z,3470000,False,,,0,,T. Young REBOUND (Off:2 Def:1),[1629027],22400960,1610612737,ATL,,,,Young,T. Young,,,,,Above the Break 3,24+ Left Center,,,,,354.0,3.0,1.0,2.0,,,,,,,,,,,,
356,PT09M27.00S,2025-03-15T00:53:51.3Z,3,REGULAR,2pt,Jump Shot,"['pointsinthepaint', '2ndchance']",1629027,84.57621550591328,48.28431372549019,1610612737,61,59,2025-03-15T00:54:57Z,3480000,False,-9.0,92.0,1,right,MISS T. Young 9' floating Shot,[1629027],22400960,1610612737,ATL,floating,,,Young,T. Young,,,,,In The Paint (Non-RA),8-16 Center,9.29,Missed,,,,,,,,,,,,,,,,,,
362,PT08M59.00S,2025-03-15T00:54:42.8Z,3,REGULAR,turnover,bad pass,[],1631243,,,1610612737,61,61,2025-03-15T00:55:04Z,3540000,False,,,0,,M. Gueye bad pass TURNOVER (1 TO),"[1631243, 201935]",22400960,1610612737,ATL,,,,Gueye,M. Gueye,,,,,In The Paint (Non-RA),8-16 Center,,,,,,,,,,,,,,1.0,,,,,Harden,201935.0
364,PT08M52.00S,2025-03-15T00:54:53.3Z,3,REGULAR,foul,personal,[],1630700,,,1610612746,61,61,2025-03-15T00:55:17Z,3560000,False,,,0,,D. Daniels personal FOUL (2 PF),"[1630700, 1627826]",22400960,1610612737,ATL,,,,Daniels,D. Daniels,,,,,In The Paint (Non-RA),8-16 Center,,,,,,,,,,,,,1162.0,,2.0,0.0,Zubac,1627826.0,,
367,PT08M45.00S,2025-03-15T00:55:22.6Z,3,REGULAR,block,,[],1630168,,,1610612746,61,61,2025-03-15T00:57:17Z,3590000,False,,,0,,O. Okongwu BLOCK (1 BLK),[1630168],22400960,1610612737,ATL,,,,Okongwu,O. Okongwu,,,,,Restricted Area,0-8 Center,,,,,,,,,,,,,,,,,,,,
371,PT08M37.00S,2025-03-15T00:55:39.5Z,3,REGULAR,foul,personal,[],1631243,,,1610612746,61,61,2025-03-15T01:19:21Z,3630000,False,,,0,,M. Gueye loose ball personal FOUL (1 PF),"[1631243, 1627826]",22400960,1610612737,ATL,loose ball,,,Gueye,M. Gueye,,,,,Restricted Area,0-8 Center,,,,,,,,,,,,,1627539.0,,1.0,0.0,Zubac,1627826.0,,
373,PT08M37.00S,2025-03-15T00:55:55.6Z,3,REGULAR,substitution,out,[],1631243,,,1610612746,61,61,2025-03-15T00:55:58Z,3650000,False,,,0,,SUB out: M. Gueye,[1631243],22400960,1610612737,ATL,,,,Gueye,M. Gueye,,,,,,,,,,,,,,,,,,,,,,,,,,
374,PT08M37.00S,2025-03-15T00:55:55.6Z,3,REGULAR,substitution,in,[],1627777,,,1610612746,61,61,2025-03-15T00:55:58Z,3660000,False,,,0,,SUB in: G. Niang,[1627777],22400960,1610612737,ATL,,,,Niang,G. Niang,,,,,,,,,,,,,,,,,,,,,,,,,,
437,PT08M28.00S,2025-03-15T00:56:05.0Z,3,REGULAR,rebound,defensive,[],1642258,,,1610612737,61,61,2025-03-15T01:08:13Z,3663750,False,,,0,,Z. Risacher REBOUND (Off:0 Def:4),[1642258],22400960,1610612737,ATL,,,,Risacher,Z. Risacher,,,,,Above the Break 3,24+ Left Center,,,,,436.0,4.0,4.0,0.0,,,,,,,,,,,,
381,PT08M18.00S,2025-03-15T00:56:12.4Z,3,REGULAR,turnover,bad pass,[],1629027,,,1610612737,61,61,2025-03-15T00:58:08Z,3665000,False,,,0,,T. Young bad pass TURNOVER (6 TO),"[1629027, 202695]",22400960,1610612737,ATL,,,,Young,T. Young,,,,,Mid-Range,16-24 Left Center,,,,,,,,,,,,,,6.0,,,,,Leonard,202695.0
380,PT08M14.00S,2025-03-15T00:57:09.7Z,3,REGULAR,timeout,full,"['team', 'mandatory']",0,,,1610612737,61,64,2025-03-15T00:57:36Z,3720000,False,,,0,,ATL Timeout,[],22400960,1610612737,ATL,,,,,,,,,,,,,,,,,,,,,,,,,,,,,,,
383,PT08M03.00S,2025-03-15T00:59:37.3Z,3,REGULAR,2pt,Jump Shot,['pointsinthepaint'],1629027,84.83902759526939,39.950980392156865,1610612737,63,64,2025-03-15T00:59:44Z,3730000,False,-50.0,90.0,1,right,T. Young 10' driving floating Jump Shot (8 PTS),[1629027],22400960,1610612737,ATL,driving floating,,,Young,T. Young,,,,,In The Paint (Non-RA),8-16 Center,10.31,Made,,,,,,,8.0,,,,,,,,,,,
385,PT07M27.00S,2025-03-15T01:00:23.2Z,3,REGULAR,turnover,lost ball,[],1642258,,,1610612737,63,64,2025-03-15T01:00:28Z,3750000,False,,,0,,Z. Risacher lost ball TURNOVER (2 TO),"[1642258, 202695]",22400960,1610612737,ATL,,,,Risacher,Z. Risacher,,,,,In The Paint (Non-RA),8-16 Center,,,,,,,,,,,,,,2.0,,,,,Leonard,202695.0
392,PT07M01.00S,2025-03-15T01:00:49.1Z,3,REGULAR,rebound,defensive,[],1630700,,,1610612737,63,64,2025-03-15T01:18:05Z,3820000,False,,,0,,D. Daniels REBOUND (Off:2 Def:4),[1630700],22400960,1610612737,ATL,,,,Daniels,D. Daniels,,,,,Restricted Area,0-8 Center,,,,,391.0,6.0,4.0,2.0,,,,,,,,,,,,
393,PT06M55.00S,2025-03-15T01:00:54.7Z,3,REGULAR,3pt,Jump Shot,[],1642258,66.83639947437582,54.90196078431373,1610612737,63,64,2025-03-15T01:01:00Z,3830000,False,25.0,259.0,1,right,MISS Z. Risacher 26' 3PT,[1642258],22400960,1610612737,ATL,,,,Risacher,Z. Risacher,,,,,Above the Break 3,24+ Center,26.04,Missed,,,,,,,,,,,,,,,,,,
395,PT06M36.00S,2025-03-15T01:01:15.2Z,3,REGULAR,foul,personal,['2freethrow'],1630700,,,1610612746,63,64,2025-03-15T01:01:25Z,3850000,False,,,0,,D. Daniels shooting personal FOUL (3 PF) (Harden 2 FT),"[1630700, 201935]",22400960,1610612737,ATL,shooting,,,Daniels,D. Daniels,,,,,In The Paint (Non-RA),0-8 Center,,,,,,,,,,,,,1627534.0,,3.0,0.0,Harden,201935.0,,
400,PT06M22.00S,2025-03-15T01:02:21.6Z,3,REGULAR,2pt,Hook,['pointsinthepaint'],1627777,88.25558475689881,44.85294117647059,1610612737,63,65,2025-03-15T01:02:27Z,3900000,False,-26.0,58.0,1,right,MISS G. Niang 6' driving Hook,[1627777],22400960,1610612737,ATL,driving,,,Niang,G. Niang,,,,,In The Paint (Non-RA),0-8 Center,6.33,Missed,,,,,,,,,,,,,,,,,,
402,PT06M06.00S,2025-03-15T01:02:39.1Z,3,REGULAR,foul,personal,['2freethrow'],1642258,,,1610612746,63,65,2025-03-15T01:03:05Z,3920000,False,,,0,,Z. Risacher shooting personal FOUL (2 PF) (Harden 2 FT),"[1642258, 201935]",22400960,1610612737,ATL,shooting,,,Risacher,Z. Risacher,,,,,Restricted Area,0-8 Center,,,,,,,,,,,,,1162.0,,2.0,0.0,Harden,201935.0,,
405,PT06M06.00S,2025-03-15T01:03:10.5Z,3,REGULAR,substitution,out,[],1629027,,,1610612746,63,66,2025-03-15T01:03:14Z,3950000,False,,,0,,SUB out: T. Young,[1629027],22400960,1610612737,ATL,,,,Young,T. Young,,,,,,,,,,,,,,,,,,,,,,,,,,
406,PT06M06.00S,2025-03-15T01:03:10.5Z,3,REGULAR,substitution,in,[],1627747,,,1610612746,63,66,2025-03-15T01:03:14Z,3960000,False,,,0,,SUB in: C. LeVert,[1627747],22400960,1610612737,ATL,,,,LeVert,C. LeVert,,,,,,,,,,,,,,,,,,,,,,,,,,
408,PT05M51.00S,2025-03-15T01:03:45.9Z,3,REGULAR,2pt,Jump Shot,['pointsinthepaint'],1630168,85.75886990801577,48.28431372549019,1610612737,65,67,2025-03-15T01:03:50Z,3980000,False,-9.0,81.0,1,right,O. Okongwu 8' driving floating Jump Shot (10 PTS),[1630168],22400960,1610612737,ATL,driving floating,,,Okongwu,O. Okongwu,,,,,In The Paint (Non-RA),8-16 Center,8.19,Made,,,,,,,10.0,,,,,,,,,,,
410,PT05M35.00S,2025-03-15T01:04:02.5Z,3,REGULAR,block,,[],1630168,,,1610612746,65,67,2025-03-15T01:04:06Z,4000000,False,,,0,,O. Okongwu BLOCK (2 BLK),[1630168],22400960,1610612737,ATL,,,,Okongwu,O. Okongwu,,,,,In The Paint (Non-RA),0-8 Center,,,,,,,,,,,,,,,,,,,,
413,PT05M22.00S,2025-03-15T01:04:16.2Z,3,REGULAR,rebound,defensive,[],1627747,,,1610612737,65,67,2025-03-15T01:04:16Z,4030000,False,,,0,,C. LeVert REBOUND (Off:0 Def:4),[1627747],22400960,1610612737,ATL,,,,LeVert,C. LeVert,,,,,Mid-Range,8-16 Right,,,,,412.0,4.0,4.0,0.0,,,,,,,,,,,,
414,PT05M17.00S,2025-03-15T01:04:21.4Z,3,REGULAR,2pt,Jump Shot,['fastbreak'],1627747,71.82982917214193,43.627450980392155,1610612737,65,67,2025-03-15T01:07:58Z,4040000,False,-32.0,212.0,1,right,MISS C. LeVert 21' running pullup Shot,[1627747],22400960,1610612737,ATL,running pullup,,,LeVert,C. LeVert,,,,,Mid-Range,16-24 Center,21.47,Missed,,,,,,,,,,,,,,,,,,
415,PT05M14.00S,2025-03-15T01:04:24.4Z,3,REGULAR,rebound,offensive,[],1630168,,,1610612737,65,67,2025-03-15T01:07:58Z,4050000,False,,,0,,O. Okongwu REBOUND (Off:2 Def:4),[1630168],22400960,1610612737,ATL,,,,Okongwu,O. Okongwu,,,,,Mid-Range,16-24 Center,,,,,414.0,6.0,4.0,2.0,,,,,,,,,,,,
416,PT05M13.00S,2025-03-15T01:04:24.9Z,3,REGULAR,2pt,Layup,"['pointsinthepaint', '2ndchance']",1630168,92.72339027595268,48.77450980392157,1610612737,67,67,2025-03-15T01:08:23Z,4060000,False,-6.0,16.0,1,right,O. Okongwu driving reverse Layup (12 PTS),[1630168],22400960,1610612737,ATL,driving reverse,,,Okongwu,O. Okongwu,,,,,Restricted Area,0-8 Center,1.7,Made,,,,,,,12.0,,,,,,,,,,,
419,PT04M35.00S,2025-03-15T01:05:02.5Z,3,REGULAR,2pt,Jump Shot,['pointsinthepaint'],1630700,84.1819973718791,49.754901960784316,1610612737,67,70,2025-03-15T01:08:46Z,4090000,False,-1.0,96.0,1,right,MISS D. Daniels 9' driving floating Shot,[1630700],22400960,1610612737,ATL,driving floating,,,Daniels,D. Daniels,,,,,In The Paint (Non-RA),8-16 Center,9.62,Missed,,,,,,,,,,,,,,,,,,
420,PT04M33.00S,2025-03-15T01:05:04.5Z,3,REGULAR,rebound,offensive,['team'],0,,,1610612737,67,70,2025-03-15T01:05:09Z,4100000,False,,,0,,TEAM offensive REBOUND,[],22400960,1610612737,ATL,,,,,,,,,,In The Paint (Non-RA),8-16 Center,,,,,419.0,,,,,,,,,,,,,,,
422,PT04M33.00S,2025-03-15T01:05:09.3Z,3,REGULAR,substitution,out,[],1642258,,,1610612737,67,70,2025-03-15T01:05:20Z,4120000,False,,,0,,SUB out: Z. Risacher,[1642258],22400960,1610612737,ATL,,,,Risacher,Z. Risacher,,,,,,,,,,,,,,,,,,,,,,,,,,
424,PT04M33.00S,2025-03-15T01:05:09.3Z,3,REGULAR,substitution,in,[],1629611,,,1610612737,67,70,2025-03-15T01:05:20Z,4140000,False,,,0,,SUB in: T. Mann,[1629611],22400960,1610612737,ATL,,,,Mann,T. Mann,,,,,,,,,,,,,,,,,,,,,,,,,,
426,PT04M27.00S,2025-03-15T01:05:38.4Z,3,REGULAR,2pt,Layup,"['pointsinthepaint', '2ndchance']",1627777,93.51182654402102,47.794117647058826,1610612737,67,70,2025-03-15T01:05:46Z,4160000,False,-11.0,8.0,1,right,MISS G. Niang cutting Layup,[1627777],22400960,1610612737,ATL,cutting,,,Niang,G. Niang,,,,,Restricted Area,0-8 Center,1.39,Missed,,,,,,,,,,,,,,,,,,
429,PT03M53.00S,2025-03-15T01:06:12.8Z,3,REGULAR,2pt,Jump Shot,['pointsinthepaint'],1630700,90.75229960578186,46.32352941176471,1610612737,67,73,2025-03-15T01:06:18Z,4190000,False,-18.0,34.0,1,right,MISS D. Daniels driving floating Shot,[1630700],22400960,1610612737,ATL,driving floating,,,Daniels,D. Daniels,,,,,Restricted Area,0-8 Center,3.9,Missed,,,,,,,,,,,,,,,,,,
434,PT03M46.00S,2025-03-15T01:07:26.6Z,3,REGULAR,timeout,challenge,['team'],0,,,1610612746,67,73,2025-03-15T01:12:49Z,4240000,False,,,0,,ATL Timeout,[],22400960,1610612737,ATL,,,,,,,,,,,,,,,,,,,,,,,,,,,,,,,
478,PT03M46.00S,2025-03-15T01:10:07.2Z,3,REGULAR,substitution,out,[],1630700,,,1610612746,67,73,2025-03-15T01:14:58Z,4275000,False,,,0,,SUB out: D. Daniels,[1630700],22400960,1610612737,ATL,,,,Daniels,D. Daniels,,,,,,,,,,,,,,,,,,,,,,,,,,
481,PT03M46.00S,2025-03-15T01:10:07.2Z,3,REGULAR,substitution,in,[],1629027,,,1610612746,67,73,2025-03-15T01:14:58Z,4279375,False,,,0,,SUB in: T. Young,[1629027],22400960,1610612737,ATL,,,,Young,T. Young,,,,,,,,,,,,,,,,,,,,,,,,,,
444,PT03M16.00S,2025-03-15T01:10:55.9Z,3,REGULAR,rebound,defensive,[],1630168,,,1610612737,67,73,2025-03-15T01:10:57Z,4320000,False,,,0,,O. Okongwu REBOUND (Off:2 Def:5),[1630168],22400960,1610612737,ATL,,,,Okongwu,O. Okongwu,,,,,Above the Break 3,24+ Right Center,,,,,443.0,7.0,5.0,2.0,,,,,,,,,,,,
445,PT03M10.00S,2025-03-15T01:11:01.6Z,3,REGULAR,2pt,Jump Shot,['pointsinthepaint'],1629027,89.56964520367937,48.77450980392157,1610612737,67,73,2025-03-15T01:11:13Z,4330000,False,-6.0,46.0,1,right,MISS T. Young driving floating Shot,[1629027],22400960,1610612737,ATL,driving floating,,,Young,T. Young,,,,,In The Paint (Non-RA),0-8 Center,4.59,Missed,,,,,,,,,,,,,,,,,,
447,PT03M06.00S,2025-03-15T01:11:05.4Z,3,REGULAR,2pt,Layup,"['2ndchance', 'pointsinthepaint']",1630168,94.40999984741211,50.0,1610612737,67,73,2025-03-15T01:20:36Z,4350000,False,0.0,0.0,1,right,MISS O. Okongwu tip Layup,[1630168],22400960,1610612737,ATL,tip,,,Okongwu,O. Okongwu,,,,,Restricted Area,0-8 Center,0.0,Missed,,,,,,,,,,,,,,,,,,
446,PT03M06.00S,2025-03-15T01:11:05.6Z,3,REGULAR,rebound,offensive,[],1630168,,,1610612737,67,73,2025-03-15T01:11:13Z,4340000,False,,,0,,O. Okongwu REBOUND (Off:3 Def:5),[1630168],22400960,1610612737,ATL,,,,Okongwu,O. Okongwu,,,,,In The Paint (Non-RA),0-8 Center,,,,,445.0,8.0,5.0,3.0,,,,,,,,,,,,
450,PT02M49.00S,2025-03-15T01:11:22.9Z,3,REGULAR,2pt,Jump Shot,[],1627747,76.82325886990802,55.63725490196079,1610612737,67,75,2025-03-15T01:11:29Z,4380000,False,28.0,165.0,1,right,MISS C. LeVert 16' pullup Shot,[1627747],22400960,1610612737,ATL,pullup,,,LeVert,C. LeVert,,,,,Mid-Range,16-24 Center,16.78,Missed,,,,,,,,,,,,,,,,,,
460,PT02M20.00S,2025-03-15T01:11:51.2Z,3,REGULAR,turnover,lost ball,[],1627777,,,1610612737,67,77,2025-03-15T01:25:42Z,4480000,False,,,0,,G. Niang lost ball TURNOVER (3 TO),"[1627777, 201935]",22400960,1610612737,ATL,,,,Niang,G. Niang,,,,,In The Paint (Non-RA),8-16 Center,,,,,,,,,,,,,,3.0,,,,,Harden,201935.0
464,PT02M06.00S,2025-03-15T01:12:05.1Z,3,REGULAR,3pt,Jump Shot,[],1627777,71.96123521681997,22.54901960784314,1610612737,67,80,2025-03-15T01:12:12Z,4520000,False,-137.0,211.0,1,right,MISS G. Niang 25' 3PT,[1627777],22400960,1610612737,ATL,,,,Niang,G. Niang,,,,,Above the Break 3,24+ Left Center,25.18,Missed,,,,,,,,,,,,,,,,,,
466,PT02M05.00S,2025-03-15T01:12:12.3Z,3,REGULAR,foul,personal,"['inpenalty', '2freethrow']",1627747,,,1610612746,67,80,2025-03-15T01:12:38Z,4540000,False,,,0,,C. LeVert loose ball personal FOUL (2 PF) (Bogdanović 2 FT),"[1627747, 203992]",22400960,1610612737,ATL,loose ball,,,LeVert,C. LeVert,,,,,In The Paint (Non-RA),8-16 Center,,,,,,,,,,,,,1162.0,,2.0,0.0,Bogdanović,203992.0,,
469,PT02M05.00S,2025-03-15T01:12:54.8Z,3,REGULAR,substitution,out,[],1630168,,,1610612746,67,81,2025-03-15T01:13:14Z,4570000,False,,,0,,SUB out: O. Okongwu,[1630168],22400960,1610612737,ATL,,,,Okongwu,O. Okongwu,,,,,,,,,,,,,,,,,,,,,,,,,,
471,PT02M05.00S,2025-03-15T01:12:54.8Z,3,REGULAR,substitution,in,[],1631230,,,1610612746,67,81,2025-03-15T01:13:14Z,4590000,False,,,0,,SUB in: D. Barlow,[1631230],22400960,1610612737,ATL,,,,Barlow,D. Barlow,,,,,,,,,,,,,,,,,,,,,,,,,,
474,PT01M51.00S,2025-03-15T01:13:35.2Z,3,REGULAR,3pt,Jump Shot,[],1627777,68.28186596583443,32.1078431372549,1610612737,67,82,2025-03-15T01:13:39Z,4620000,False,-89.0,246.0,1,right,MISS G. Niang 26' 3PT,[1627777],22400960,1610612737,ATL,,,,Niang,G. Niang,,,,,Above the Break 3,24+ Left Center,26.15,Missed,,,,,,,,,,,,,,,,,,
477,PT01M38.00S,2025-03-15T01:13:53.0Z,3,REGULAR,timeout,full,"['team', 'mandatory']",0,,,1610612737,67,84,2025-03-15T01:13:53Z,4650000,False,,,0,,ATL Timeout,[],22400960,1610612737,ATL,,,,,,,,,,,,,,,,,,,,,,,,,,,,,,,
484,PT01M38.00S,2025-03-15T01:15:15.4Z,3,REGULAR,substitution,out,[],1627777,,,1610612737,67,84,2025-03-15T01:15:30Z,4660000,False,,,0,,SUB out: G. Niang,[1627777],22400960,1610612737,ATL,,,,Niang,G. Niang,,,,,,,,,,,,,,,,,,,,,,,,,,
485,PT01M38.00S,2025-03-15T01:15:15.4Z,3,REGULAR,substitution,in,[],1630249,,,1610612737,67,84,2025-03-15T01:15:30Z,4670000,False,,,0,,SUB in: V. Krejčí,[1630249],22400960,1610612737,ATL,,,,Krejčí,V. Krejčí,,,,,,,,,,,,,,,,,,,,,,,,,,
486,PT01M25.00S,2025-03-15T01:15:43.4Z,3,REGULAR,3pt,Jump Shot,[],1629611,94.95729303547962,2.941176470588235,1610612737,67,84,2025-03-15T01:15:49Z,4680000,False,-235.0,-5.0,1,right,MISS T. Mann 3PT,[1629611],22400960,1610612737,ATL,,,,Mann,T. Mann,,,,,Left Corner 3,24+ Left,23.54,Missed,,,,,,,,,,,,,,,,,,
487,PT01M21.00S,2025-03-15T01:15:47.4Z,3,REGULAR,rebound,offensive,[],1629027,,,1610612737,67,84,2025-03-15T01:15:49Z,4690000,False,,,0,,T. Young REBOUND (Off:3 Def:1),[1629027],22400960,1610612737,ATL,,,,Young,T. Young,,,,,Left Corner 3,24+ Left,,,,,486.0,4.0,1.0,3.0,,,,,,,,,,,,
488,PT01M17.00S,2025-03-15T01:15:51.3Z,3,REGULAR,3pt,Jump Shot,['2ndchance'],1631230,94.43166885676742,96.56862745098039,1610612737,67,84,2025-03-15T01:15:56Z,4700000,False,233.0,0.0,1,right,MISS D. Barlow 3PT,[1631230],22400960,1610612737,ATL,,,,Barlow,D. Barlow,,,,,Right Corner 3,24+ Right,23.28,Missed,,,,,,,,,,,,,,,,,,
491,PT00M51.50S,2025-03-15T01:16:20.6Z,3,REGULAR,2pt,DUNK,['pointsinthepaint'],1631230,93.77463863337714,48.03921568627451,1610612737,69,86,2025-03-15T01:28:44Z,4730000,False,-10.0,6.0,1,right,D. Barlow cutting DUNK (6 PTS) (T. Young 6 AST),"[1631230, 1629027]",22400960,1610612737,ATL,cutting,,,Barlow,D. Barlow,,,,,Restricted Area,0-8 Center,1.15,Made,,,,,,,6.0,T. Young,1629027.0,6.0,,,,,,,,
494,PT00M21.90S,2025-03-15T01:17:02.6Z,3,REGULAR,turnover,bad pass,[],1629027,,,1610612737,69,86,2025-03-15T01:17:06Z,4760000,False,,,0,,T. Young bad pass TURNOVER (7 TO),"[1629027, 1627732]",22400960,1610612737,ATL,,,,Young,T. Young,,,,,In The Paint (Non-RA),0-8 Center,,,,,,,,,,,,,,7.0,,,,,Simmons,1627732.0
501,PT11M44.00S,2025-03-15T01:20:29.7Z,4,REGULAR,foul,personal,['2freethrow'],1631230,,,1610612746,69,88,2025-03-15T01:20:56Z,4830000,False,,,0,,D. Barlow shooting personal FOUL (3 PF) (Jones Jr. 2 FT),"[1631230, 1627884]",22400960,1610612737,ATL,shooting,,,Barlow,D. Barlow,,,,,Restricted Area,0-8 Center,,,,,,,,,,,,,1627539.0,,3.0,1.0,Jones Jr.,1627884.0,,
505,PT11M43.00S,2025-03-15T01:21:03.1Z,4,REGULAR,rebound,defensive,['team'],0,,,1610612737,69,89,2025-03-15T01:21:36Z,4870000,False,,,0,,TEAM defensive REBOUND,[],22400960,1610612737,ATL,,,,,,,,,,,,,,,,504.0,,,,,,,,,,,,,,,
509,PT11M33.00S,2025-03-15T01:21:46.7Z,4,REGULAR,2pt,Layup,['pointsinthepaint'],1629027,92.59198423127464,46.32352941176471,1610612737,71,89,2025-03-15T01:21:53Z,4910000,False,-18.0,17.0,1,right,T. Young driving Layup (10 PTS),[1629027],22400960,1610612737,ATL,driving,,,Young,T. Young,,,,,Restricted Area,0-8 Center,2.51,Made,,,,,,,10.0,,,,,,,,,,,
511,PT11M04.00S,2025-03-15T01:22:16.2Z,4,REGULAR,2pt,Layup,['pointsinthepaint'],1631230,94.03745072273325,49.754901960784316,1610612737,73,91,2025-03-15T01:22:20Z,4930000,False,-1.0,4.0,1,right,D. Barlow cutting Layup (8 PTS) (V. Krejčí 1 AST),"[1631230, 1630249]",22400960,1610612737,ATL,cutting,,,Barlow,D. Barlow,,,,,Restricted Area,0-8 Center,0.37,Made,,,,,,,8.0,V. Krejčí,1630249.0,1.0,,,,,,,,
514,PT10M49.00S,2025-03-15T01:22:30.5Z,4,REGULAR,rebound,defensive,[],1630249,,,1610612737,73,91,2025-03-15T01:22:32Z,4960000,False,,,0,,V. Krejčí REBOUND (Off:0 Def:1),[1630249],22400960,1610612737,ATL,,,,Krejčí,V. Krejčí,,,,,In The Paint (Non-RA),0-8 Center,,,,,513.0,1.0,1.0,0.0,,,,,,,,,,,,
515,PT10M36.00S,2025-03-15T01:22:43.7Z,4,REGULAR,2pt,DUNK,['pointsinthepaint'],1627747,93.77463863337714,49.50980392156863,1610612737,75,91,2025-03-15T01:30:39Z,4970000,False,-2.0,6.0,1,right,C. LeVert cutting DUNK (12 PTS) (T. Young 7 AST),"[1627747, 1629027]",22400960,1610612737,ATL,cutting,,,LeVert,C. LeVert,,,,,Restricted Area,0-8 Center,0.65,Made,,,,,,,12.0,T. Young,1629027.0,7.0,,,,,,,,
526,PT10M06.00S,2025-03-15T01:27:03.3Z,4,REGULAR,rebound,offensive,"['deadball', 'team']",0,,,1610612737,75,93,2025-03-15T01:27:03Z,5070000,False,,,0,,TEAM offensive REBOUND,[],22400960,1610612737,ATL,,,,,,,,,,,,,,,,525.0,,,,,,,,,,,,,,,
525,PT10M06.00S,2025-03-15T01:27:03.3Z,4,REGULAR,freethrow,1 of 2,[],1629027,,,1610612737,75,93,2025-03-15T01:27:03Z,5060000,False,,,0,,MISS T. Young Free Throw 1 of 2,[1629027],22400960,1610612737,ATL,,,,Young,T. Young,,,,,,,,Missed,,,,,,,,,,,,,,,,,,
527,PT10M06.00S,2025-03-15T01:27:22.3Z,4,REGULAR,freethrow,2 of 2,[],1629027,,,1610612737,76,93,2025-03-15T01:27:22Z,5080000,False,,,0,,T. Young Free Throw 2 of 2 (11 PTS),[1629027],22400960,1610612737,ATL,,,,Young,T. Young,,,,,,,,Made,,,,,,,11.0,,,,,,,,,,,
529,PT09M51.00S,2025-03-15T01:27:43.8Z,4,REGULAR,foul,personal,['2freethrow'],1629611,,,1610612746,76,93,2025-03-15T01:28:08Z,5100000,False,,,0,,T. Mann shooting personal FOUL (2 PF) (Leonard 2 FT),"[1629611, 202695]",22400960,1610612737,ATL,shooting,,,Mann,T. Mann,,,,,In The Paint (Non-RA),0-8 Center,,,,,,,,,,,,,1627539.0,,2.0,0.0,Leonard,202695.0,,
533,PT09M51.00S,2025-03-15T01:28:19.3Z,4,REGULAR,substitution,out,[],1627747,,,1610612746,76,93,2025-03-15T01:28:22Z,5140000,False,,,0,,SUB out: C. LeVert,[1627747],22400960,1610612737,ATL,,,,LeVert,C. LeVert,,,,,,,,,,,,,,,,,,,,,,,,,,
534,PT09M51.00S,2025-03-15T01:28:19.3Z,4,REGULAR,substitution,in,[],1642258,,,1610612746,76,93,2025-03-15T01:28:22Z,5150000,False,,,0,,SUB in: Z. Risacher,[1642258],22400960,1610612737,ATL,,,,Risacher,Z. Risacher,,,,,,,,,,,,,,,,,,,,,,,,,,
536,PT09M33.00S,2025-03-15T01:28:56.4Z,4,REGULAR,3pt,Jump Shot,[],1629027,67.49342969776609,57.84313725490197,1610612737,76,94,2025-03-15T01:29:02Z,5170000,False,39.0,253.0,1,right,MISS T. Young 25' step back 3PT,[1629027],22400960,1610612737,ATL,step back,,,Young,T. Young,,,,,Above the Break 3,24+ Center,25.61,Missed,,,,,,,,,,,,,,,,,,
537,PT09M30.00S,2025-03-15T01:28:59.4Z,4,REGULAR,rebound,offensive,[],1631230,,,1610612737,76,94,2025-03-15T01:29:02Z,5180000,False,,,0,,D. Barlow REBOUND (Off:1 Def:2),[1631230],22400960,1610612737,ATL,,,,Barlow,D. Barlow,,,,,Above the Break 3,24+ Center,,,,,536.0,3.0,2.0,1.0,,,,,,,,,,,,
538,PT09M23.00S,2025-03-15T01:29:07.4Z,4,REGULAR,2pt,Jump Shot,"['pointsinthepaint', '2ndchance']",1631230,90.09526938239159,57.107843137254896,1610612737,78,94,2025-03-15T01:32:27Z,5190000,False,36.0,41.0,1,right,D. Barlow driving floating bank Jump Shot (10 PTS) (V. Krejčí 2 AST),"[1631230, 1630249]",22400960,1610612737,ATL,driving floating bank,,,Barlow,D. Barlow,,,,,In The Paint (Non-RA),0-8 Center,5.39,Made,,,,,,,10.0,V. Krejčí,1630249.0,2.0,,,,,,,,
541,PT08M53.00S,2025-03-15T01:29:36.8Z,4,REGULAR,rebound,defensive,[],1630249,,,1610612737,78,94,2025-03-15T01:29:39Z,5220000,False,,,0,,V. Krejčí REBOUND (Off:0 Def:2),[1630249],22400960,1610612737,ATL,,,,Krejčí,V. Krejčí,,,,,Above the Break 3,24+ Left Center,,,,,540.0,2.0,2.0,0.0,,,,,,,,,,,,
542,PT08M49.00S,2025-03-15T01:29:40.7Z,4,REGULAR,3pt,Jump Shot,['fastbreak'],1629611,95.22010512483574,96.07843137254902,1610612737,78,94,2025-03-15T01:35:43Z,5230000,False,230.0,-8.0,1,right,MISS T. Mann running 3PT,[1629611],22400960,1610612737,ATL,running,,,Mann,T. Mann,,,,,Right Corner 3,24+ Right,23.05,Missed,,,,,,,,,,,,,,,,,,
543,PT08M45.00S,2025-03-15T01:29:44.8Z,4,REGULAR,rebound,offensive,[],1642258,,,1610612737,78,94,2025-03-15T01:29:44Z,5240000,False,,,0,,Z. Risacher REBOUND (Off:1 Def:4),[1642258],22400960,1610612737,ATL,,,,Risacher,Z. Risacher,,,,,Right Corner 3,24+ Right,,,,,542.0,5.0,4.0,1.0,,,,,,,,,,,,
544,PT08M37.00S,2025-03-15T01:29:53.3Z,4,REGULAR,3pt,Jump Shot,['2ndchance'],1630249,70.25295663600527,73.0392156862745,1610612737,78,94,2025-03-15T01:29:58Z,5250000,False,115.0,227.0,1,right,MISS V. Krejčí 25' pullup 3PT,[1630249],22400960,1610612737,ATL,pullup,,,Krejčí,V. Krejčí,,,,,Above the Break 3,24+ Right Center,25.46,Missed,,,,,,,,,,,,,,,,,,
547,PT08M20.00S,2025-03-15T01:30:09.7Z,4,REGULAR,rebound,defensive,[],1642258,,,1610612737,78,94,2025-03-15T01:30:11Z,5280000,False,,,0,,Z. Risacher REBOUND (Off:1 Def:5),[1642258],22400960,1610612737,ATL,,,,Risacher,Z. Risacher,,,,,Above the Break 3,24+ Center,,,,,546.0,6.0,5.0,1.0,,,,,,,,,,,,
548,PT08M10.00S,2025-03-15T01:30:19.6Z,4,REGULAR,3pt,Jump Shot,[],1631230,92.9862023653088,3.6764705882352944,1610612737,78,94,2025-03-15T01:30:26Z,5290000,False,-232.0,13.0,1,right,MISS D. Barlow 3PT,[1631230],22400960,1610612737,ATL,,,,Barlow,D. Barlow,,,,,Left Corner 3,24+ Left,23.2,Missed,,,,,,,,,,,,,,,,,,
554,PT07M50.00S,2025-03-15T01:30:48.3Z,4,REGULAR,substitution,out,[],1629027,,,1610612737,78,97,2025-03-15T01:30:57Z,5350000,False,,,0,,SUB out: T. Young,[1629027],22400960,1610612737,ATL,,,,Young,T. Young,,,,,,,,,,,,,,,,,,,,,,,,,,
555,PT07M50.00S,2025-03-15T01:30:48.3Z,4,REGULAR,substitution,out,[],1631230,,,1610612737,78,97,2025-03-15T01:30:57Z,5360000,False,,,0,,SUB out: D. Barlow,[1631230],22400960,1610612737,ATL,,,,Barlow,D. Barlow,,,,,,,,,,,,,,,,,,,,,,,,,,
556,PT07M50.00S,2025-03-15T01:30:48.3Z,4,REGULAR,substitution,in,[],1630168,,,1610612737,78,97,2025-03-15T01:30:57Z,5370000,False,,,0,,SUB in: O. Okongwu,[1630168],22400960,1610612737,ATL,,,,Okongwu,O. Okongwu,,,,,,,,,,,,,,,,,,,,,,,,,,
557,PT07M50.00S,2025-03-15T01:30:48.3Z,4,REGULAR,substitution,in,[],1630700,,,1610612737,78,97,2025-03-15T01:30:57Z,5380000,False,,,0,,SUB in: D. Daniels,[1630700],22400960,1610612737,ATL,,,,Daniels,D. Daniels,,,,,,,,,,,,,,,,,,,,,,,,,,
558,PT07M42.00S,2025-03-15T01:31:16.6Z,4,REGULAR,2pt,Hook,['pointsinthepaint'],1630168,84.31340341655716,51.470588235294116,1610612737,80,97,2025-03-15T01:37:31Z,5390000,False,7.0,95.0,1,right,O. Okongwu 9' driving Hook (14 PTS) (D. Daniels 5 AST),"[1630168, 1630700]",22400960,1610612737,ATL,driving,,,Okongwu,O. Okongwu,,,,,In The Paint (Non-RA),8-16 Center,9.53,Made,,,,,,,14.0,D. Daniels,1630700.0,5.0,,,,,,,,
561,PT07M21.00S,2025-03-15T01:31:38.8Z,4,REGULAR,block,,[],1630168,,,1610612746,80,97,2025-03-15T01:31:41Z,5420000,False,,,0,,O. Okongwu BLOCK (3 BLK),[1630168],22400960,1610612737,ATL,,,,Okongwu,O. Okongwu,,,,,Restricted Area,0-8 Center,,,,,,,,,,,,,,,,,,,,
562,PT07M17.00S,2025-03-15T01:31:42.8Z,4,REGULAR,rebound,defensive,[],1629611,,,1610612737,80,97,2025-03-15T01:31:43Z,5430000,False,,,0,,T. Mann REBOUND (Off:0 Def:2),[1629611],22400960,1610612737,ATL,,,,Mann,T. Mann,,,,,Restricted Area,0-8 Center,,,,,560.0,2.0,2.0,0.0,,,,,,,,,,,,
563,PT07M16.00S,2025-03-15T01:31:43.5Z,4,REGULAR,2pt,Layup,"['fastbreak', 'pointsinthepaint']",1642258,93.24901445466492,47.794117647058826,1610612737,82,97,2025-03-15T01:41:42Z,5440000,False,-11.0,11.0,1,right,Z. Risacher running Layup (15 PTS) (T. Mann 3 AST),"[1642258, 1629611]",22400960,1610612737,ATL,running,,,Risacher,Z. Risacher,,,,,Restricted Area,0-8 Center,1.56,Made,,,,,,,15.0,T. Mann,1629611.0,3.0,,,,,,,,
570,PT06M39.00S,2025-03-15T01:35:37.0Z,4,REGULAR,2pt,Layup,['pointsinthepaint'],1629611,92.46057818659659,50.73529411764706,1610612737,84,99,2025-03-15T01:35:42Z,5510000,False,4.0,18.0,1,right,T. Mann cutting Layup (7 PTS) (O. Okongwu 3 AST),"[1629611, 1630168]",22400960,1610612737,ATL,cutting,,,Mann,T. Mann,,,,,Restricted Area,0-8 Center,1.88,Made,,,,,,,7.0,O. Okongwu,1630168.0,3.0,,,,,,,,
574,PT06M12.00S,2025-03-15T01:36:03.1Z,4,REGULAR,3pt,Jump Shot,[],1642258,95.74572930354796,3.1862745098039214,1610612737,84,101,2025-03-15T01:36:08Z,5550000,False,-234.0,-13.0,1,right,MISS Z. Risacher 3PT,[1642258],22400960,1610612737,ATL,,,,Risacher,Z. Risacher,,,,,Left Corner 3,24+ Left,23.44,Missed,,,,,,,,,,,,,,,,,,
578,PT05M53.00S,2025-03-15T01:36:32.1Z,4,REGULAR,foul,personal,['1freethrow'],1630168,,,1610612746,84,103,2025-03-15T01:37:09Z,5590000,False,,,0,,O. Okongwu shooting personal FOUL (1 PF) (Zubac 1 FT),"[1630168, 1627826]",22400960,1610612737,ATL,shooting,,,Okongwu,O. Okongwu,,,,,Restricted Area,0-8 Center,,,,,,,,,,,,,1162.0,,1.0,0.0,Zubac,1627826.0,,
580,PT05M53.00S,2025-03-15T01:36:39.7Z,4,REGULAR,substitution,out,[],1630249,,,1610612746,84,103,2025-03-15T01:37:15Z,5610000,False,,,0,,SUB out: V. Krejčí,[1630249],22400960,1610612737,ATL,,,,Krejčí,V. Krejčí,,,,,,,,,,,,,,,,,,,,,,,,,,
582,PT05M53.00S,2025-03-15T01:36:39.7Z,4,REGULAR,substitution,in,[],1629027,,,1610612746,84,103,2025-03-15T01:37:15Z,5630000,False,,,0,,SUB in: T. Young,[1629027],22400960,1610612737,ATL,,,,Young,T. Young,,,,,,,,,,,,,,,,,,,,,,,,,,
585,PT05M50.00S,2025-03-15T01:37:16.4Z,4,REGULAR,rebound,defensive,[],1630168,,,1610612737,84,103,2025-03-15T01:37:16Z,5660000,False,,,0,,O. Okongwu REBOUND (Off:3 Def:6),[1630168],22400960,1610612737,ATL,,,,Okongwu,O. Okongwu,,,,,,,,,,,584.0,9.0,6.0,3.0,,,,,,,,,,,,
586,PT05M41.00S,2025-03-15T01:37:25.3Z,4,REGULAR,2pt,Jump Shot,['pointsinthepaint'],1629027,85.89027595269383,49.26470588235294,1610612737,84,103,2025-03-15T01:37:32Z,5670000,False,-4.0,80.0,1,right,MISS T. Young 8' driving floating Shot,[1629027],22400960,1610612737,ATL,driving floating,,,Young,T. Young,,,,,In The Paint (Non-RA),8-16 Center,8.02,Missed,,,,,,,,,,,,,,,,,,
587,PT05M40.00S,2025-03-15T01:37:27.3Z,4,REGULAR,rebound,offensive,[],1630168,,,1610612737,84,103,2025-03-15T01:37:27Z,5680000,False,,,0,,O. Okongwu REBOUND (Off:4 Def:6),[1630168],22400960,1610612737,ATL,,,,Okongwu,O. Okongwu,,,,,In The Paint (Non-RA),8-16 Center,,,,,586.0,10.0,6.0,4.0,,,,,,,,,,,,
590,PT05M40.00S,2025-03-15T01:37:53.9Z,4,REGULAR,freethrow,1 of 2,['2ndchance'],1630168,,,1610612737,85,103,2025-03-15T01:37:53Z,5710000,False,,,0,,O. Okongwu Free Throw 1 of 2 (15 PTS),[1630168],22400960,1610612737,ATL,,,,Okongwu,O. Okongwu,,,,,,,,Made,,,,,,,15.0,,,,,,,,,,,
591,PT05M40.00S,2025-03-15T01:38:10.6Z,4,REGULAR,freethrow,2 of 2,['2ndchance'],1630168,,,1610612737,86,103,2025-03-15T01:38:10Z,5720000,False,,,0,,O. Okongwu Free Throw 2 of 2 (16 PTS),[1630168],22400960,1610612737,ATL,,,,Okongwu,O. Okongwu,,,,,,,,Made,,,,,,,16.0,,,,,,,,,,,
672,PT05M08.00S,2025-03-15T01:38:56.9Z,4,REGULAR,2pt,Layup,['pointsinthepaint'],1630168,88.78120893561103,49.50980392156863,1610612737,86,105,2025-03-15T01:54:28Z,5745000,False,-2.0,53.0,1,right,MISS O. Okongwu driving Layup - blocked,"[1630168, 201935]",22400960,1610612737,ATL,driving,,,Okongwu,O. Okongwu,,,,,In The Paint (Non-RA),0-8 Center,5.31,Missed,Harden,201935.0,,,,,,,,,,,,,,,,
597,PT05M02.00S,2025-03-15T01:39:09.7Z,4,REGULAR,steal,,[],1630700,,,1610612737,86,105,2025-03-15T01:39:13Z,5780000,False,,,0,,D. Daniels STEAL (3 STL),[1630700],22400960,1610612737,ATL,,,,Daniels,D. Daniels,,,,,Mid-Range,16-24 Center,,,,,,,,,,,,,,,,,,,,
598,PT04M57.00S,2025-03-15T01:39:14.6Z,4,REGULAR,2pt,Layup,"['fastbreak', 'pointsinthepaint', 'fromturnover']",1630700,93.38042049934296,46.07843137254902,1610612737,88,105,2025-03-15T01:43:31Z,5790000,False,-20.0,10.0,1,right,D. Daniels running Layup (6 PTS) (T. Mann 4 AST),"[1630700, 1629611]",22400960,1610612737,ATL,running,,,Daniels,D. Daniels,,,,,Restricted Area,0-8 Center,2.19,Made,,,,,,,6.0,T. Mann,1629611.0,4.0,,,,,,,,
601,PT04M32.00S,2025-03-15T01:39:39.0Z,4,REGULAR,rebound,defensive,[],1629611,,,1610612737,88,105,2025-03-15T01:39:40Z,5820000,False,,,0,,T. Mann REBOUND (Off:0 Def:3),[1629611],22400960,1610612737,ATL,,,,Mann,T. Mann,,,,,Mid-Range,8-16 Center,,,,,600.0,3.0,3.0,0.0,,,,,,,,,,,,
609,PT04M15.00S,2025-03-15T01:43:17.1Z,4,REGULAR,freethrow,1 of 2,[],1630168,,,1610612737,89,105,2025-03-15T01:43:17Z,5900000,False,,,0,,O. Okongwu Free Throw 1 of 2 (17 PTS),[1630168],22400960,1610612737,ATL,,,,Okongwu,O. Okongwu,,,,,,,,Made,,,,,,,17.0,,,,,,,,,,,
611,PT04M15.00S,2025-03-15T01:43:31.8Z,4,REGULAR,freethrow,2 of 2,[],1630168,,,1610612737,90,105,2025-03-15T01:43:31Z,5910000,False,,,0,,O. Okongwu Free Throw 2 of 2 (18 PTS),[1630168],22400960,1610612737,ATL,,,,Okongwu,O. Okongwu,,,,,,,,Made,,,,,,,18.0,,,,,,,,,,,
612,PT04M00.00S,2025-03-15T01:43:52.3Z,4,REGULAR,violation,kicked ball,[],1642258,,,1610612746,90,105,2025-03-15T01:44:08Z,5920000,False,,,0,,Z. Risacher kicked ball VIOLATION,[1642258],22400960,1610612737,ATL,,,,Risacher,Z. Risacher,,,,,,,,,,,,,,,,,,,1627534.0,,,,,,,
614,PT03M40.00S,2025-03-15T01:44:30.6Z,4,REGULAR,2pt,Layup,['pointsinthepaint'],1630700,91.80354796320631,45.34313725490196,1610612737,90,107,2025-03-15T01:44:38Z,5940000,False,-23.0,25.0,1,right,MISS D. Daniels driving Layup,[1630700],22400960,1610612737,ATL,driving,,,Daniels,D. Daniels,,,,,Restricted Area,0-8 Center,3.38,Missed,,,,,,,,,,,,,,,,,,
616,PT03M34.00S,2025-03-15T01:44:37.6Z,4,REGULAR,foul,personal,['2freethrow'],1642258,,,1610612746,90,107,2025-03-15T01:45:03Z,5960000,False,,,0,,Z. Risacher shooting personal FOUL (3 PF) (Jones Jr. 2 FT),"[1642258, 1627884]",22400960,1610612737,ATL,shooting,,,Risacher,Z. Risacher,,,,,Restricted Area,0-8 Center,,,,,,,,,,,,,1627539.0,,3.0,0.0,Jones Jr.,1627884.0,,
620,PT03M28.00S,2025-03-15T01:45:33.0Z,4,REGULAR,3pt,Jump Shot,[],1629027,67.7562417871222,16.42156862745098,1610612737,93,109,2025-03-15T01:45:39Z,6000000,False,-168.0,251.0,1,right,T. Young 30' 3PT pullup (14 PTS),[1629027],22400960,1610612737,ATL,pullup,,,Young,T. Young,,,,,Above the Break 3,24+ Left Center,30.16,Made,,,,,,,14.0,,,,,,,,,,,
623,PT03M02.00S,2025-03-15T01:46:09.2Z,4,REGULAR,foul,personal,"['inpenalty', '1freethrow']",1642258,,,1610612746,93,111,2025-03-15T01:46:32Z,6030000,False,,,0,,Z. Risacher shooting personal FOUL (4 PF) (Jones Jr. 1 FT),"[1642258, 1627884]",22400960,1610612737,ATL,shooting,,,Risacher,Z. Risacher,,,,,In The Paint (Non-RA),0-8 Center,,,,,,,,,,,,,1627534.0,,4.0,0.0,Jones Jr.,1627884.0,,
626,PT02M54.00S,2025-03-15T01:46:40.9Z,4,REGULAR,3pt,Jump Shot,[],1629027,66.96780551905388,61.274509803921575,1610612737,96,112,2025-03-15T01:46:45Z,6060000,False,56.0,258.0,1,right,T. Young 26' 3PT pullup (17 PTS),[1629027],22400960,1610612737,ATL,pullup,,,Young,T. Young,,,,,Above the Break 3,24+ Center,26.41,Made,,,,,,,17.0,,,,,,,,,,,
629,PT02M18.00S,2025-03-15T01:47:17.0Z,4,REGULAR,2pt,Layup,['pointsinthepaint'],1642258,93.24901445466492,46.32352941176471,1610612737,96,114,2025-03-15T01:47:22Z,6090000,False,-18.0,11.0,1,right,MISS Z. Risacher driving Layup,[1642258],22400960,1610612737,ATL,driving,,,Risacher,Z. Risacher,,,,,Restricted Area,0-8 Center,2.14,Missed,,,,,,,,,,,,,,,,,,
631,PT02M14.00S,2025-03-15T01:47:20.7Z,4,REGULAR,2pt,Layup,"['pointsinthepaint', '2ndchance']",1642258,94.40999984741211,50.0,1610612737,96,114,2025-03-15T01:47:20Z,6110000,False,0.0,0.0,1,right,MISS Z. Risacher tip Layup,[1642258],22400960,1610612737,ATL,tip,,,Risacher,Z. Risacher,,,,,Mid-Range,8-16 Left,0.0,Missed,,,,,,,,,,,,,,,,,,
630,PT02M14.00S,2025-03-15T01:47:20.7Z,4,REGULAR,rebound,offensive,[],1642258,,,1610612737,96,114,2025-03-15T01:47:20Z,6100000,False,,,0,,Z. Risacher REBOUND (Off:2 Def:5),[1642258],22400960,1610612737,ATL,,,,Risacher,Z. Risacher,,,,,Restricted Area,0-8 Center,,,,,629.0,7.0,5.0,2.0,,,,,,,,,,,,
633,PT02M10.00S,2025-03-15T01:47:25.2Z,4,REGULAR,foul,personal,"['inpenalty', '2freethrow']",1629611,,,1610612746,96,114,2025-03-15T01:47:53Z,6130000,False,,,0,,T. Mann shooting personal FOUL (3 PF) (Leonard 2 FT),"[1629611, 202695]",22400960,1610612737,ATL,shooting,,,Mann,T. Mann,,,,,Restricted Area,0-8 Center,,,,,,,,,,,,,1627534.0,,3.0,0.0,Leonard,202695.0,,
643,PT02M10.00S,2025-03-15T01:48:01.6Z,4,REGULAR,substitution,in,[],1631243,,,1610612746,96,115,2025-03-15T01:48:54Z,6230000,False,,,0,,SUB in: M. Gueye,[1631243],22400960,1610612737,ATL,,,,Gueye,M. Gueye,,,,,,,,,,,,,,,,,,,,,,,,,,
642,PT02M10.00S,2025-03-15T01:48:01.6Z,4,REGULAR,substitution,in,[],1631230,,,1610612746,96,115,2025-03-15T01:48:54Z,6220000,False,,,0,,SUB in: D. Barlow,[1631230],22400960,1610612737,ATL,,,,Barlow,D. Barlow,,,,,,,,,,,,,,,,,,,,,,,,,,
644,PT02M10.00S,2025-03-15T01:48:01.6Z,4,REGULAR,substitution,in,[],1630249,,,1610612746,96,115,2025-03-15T01:48:54Z,6240000,False,,,0,,SUB in: V. Krejčí,[1630249],22400960,1610612737,ATL,,,,Krejčí,V. Krejčí,,,,,,,,,,,,,,,,,,,,,,,,,,
638,PT02M10.00S,2025-03-15T01:48:01.6Z,4,REGULAR,substitution,out,[],1630168,,,1610612746,96,115,2025-03-15T01:48:54Z,6180000,False,,,0,,SUB out: O. Okongwu,[1630168],22400960,1610612737,ATL,,,,Okongwu,O. Okongwu,,,,,,,,,,,,,,,,,,,,,,,,,,
637,PT02M10.00S,2025-03-15T01:48:01.6Z,4,REGULAR,substitution,out,[],1629027,,,1610612746,96,115,2025-03-15T01:48:54Z,6170000,False,,,0,,SUB out: T. Young,[1629027],22400960,1610612737,ATL,,,,Young,T. Young,,,,,,,,,,,,,,,,,,,,,,,,,,
636,PT02M10.00S,2025-03-15T01:48:01.6Z,4,REGULAR,substitution,out,[],1630700,,,1610612746,96,115,2025-03-15T01:48:54Z,6160000,False,,,0,,SUB out: D. Daniels,[1630700],22400960,1610612737,ATL,,,,Daniels,D. Daniels,,,,,,,,,,,,,,,,,,,,,,,,,,
649,PT02M07.00S,2025-03-15T01:49:06.9Z,4,REGULAR,rebound,defensive,[],1631230,,,1610612737,96,115,2025-03-15T01:49:06Z,6290000,False,,,0,,D. Barlow REBOUND (Off:1 Def:3),[1631230],22400960,1610612737,ATL,,,,Barlow,D. Barlow,,,,,,,,,,,648.0,4.0,3.0,1.0,,,,,,,,,,,,
650,PT01M54.00S,2025-03-15T01:49:19.6Z,4,REGULAR,2pt,Jump Shot,[],1629611,77.4802890932983,32.1078431372549,1610612737,98,115,2025-03-15T01:49:25Z,6300000,False,-89.0,159.0,1,right,T. Mann 18' step back Jump Shot (9 PTS),[1629611],22400960,1610612737,ATL,step back,,,Mann,T. Mann,,,,,Mid-Range,16-24 Left Center,18.26,Made,,,,,,,9.0,,,,,,,,,,,
655,PT01M37.00S,2025-03-15T01:51:18.2Z,4,REGULAR,rebound,defensive,[],1631243,,,1610612737,98,115,2025-03-15T01:51:23Z,6350000,False,,,0,,M. Gueye REBOUND (Off:1 Def:3),[1631243],22400960,1610612737,ATL,,,,Gueye,M. Gueye,,,,,Mid-Range,16-24 Right,,,,,654.0,4.0,3.0,1.0,,,,,,,,,,,,
656,PT01M27.00S,2025-03-15T01:51:27.6Z,4,REGULAR,turnover,bad pass,[],1630249,,,1610612737,98,115,2025-03-15T01:51:32Z,6360000,False,,,0,,V. Krejčí bad pass TURNOVER (1 TO),"[1630249, 1629599]",22400960,1610612737,ATL,,,,Krejčí,V. Krejčí,,,,,Above the Break 3,24+ Left Center,,,,,,,,,,,,,,1.0,,,,,Coffey,1629599.0
660,PT01M10.00S,2025-03-15T01:51:48.3Z,4,REGULAR,turnover,lost ball,[],1642258,,,1610612737,98,117,2025-03-15T01:51:52Z,6400000,False,,,0,,Z. Risacher lost ball TURNOVER (3 TO),"[1642258, 1641738]",22400960,1610612737,ATL,,,,Risacher,Z. Risacher,,,,,Mid-Range,16-24 Left,,,,,,,,,,,,,,3.0,,,,,Brown,1641738.0
664,PT00M52.00S,2025-03-15T01:52:11.4Z,4,REGULAR,3pt,Jump Shot,[],1629611,72.22404730617609,80.63725490196079,1610612737,98,119,2025-03-15T01:52:16Z,6440000,False,153.0,209.0,1,right,MISS T. Mann 25' step back 3PT,[1629611],22400960,1610612737,ATL,step back,,,Mann,T. Mann,,,,,Above the Break 3,24+ Right Center,25.88,Missed,,,,,,,,,,,,,,,,,,
668,PT00M24.10S,2025-03-15T01:52:42.1Z,4,REGULAR,2pt,Jump Shot,['pointsinthepaint'],1631230,85.62746386333771,44.11764705882353,1610612737,98,121,2025-03-15T01:52:51Z,6480000,False,-29.0,83.0,1,right,MISS D. Barlow 8' driving floating Shot,[1631230],22400960,1610612737,ATL,driving floating,,,Barlow,D. Barlow,,,,,In The Paint (Non-RA),8-16 Center,8.77,Missed,,,,,,,,,,,,,,,,,,
8,PT11M45.00S,2025-03-16T22:11:02.1Z,1,REGULAR,steal,,[],1630700,,,1610612737,0,0,2025-03-16T22:11:03Z,80000,False,,,0,,D. Daniels STEAL (1 STL),[1630700],22400978,1610612737,ATL,,,,Daniels,D. Daniels,,,,,Above the Break 3,24+ Right Center,,,,,,,,,,,,,,,,,,,,
11,PT11M44.00S,2025-03-16T22:11:36.8Z,1,REGULAR,freethrow,1 of 2,"['fromturnover', 'fastbreak']",1630700,,,1610612737,0,0,2025-03-16T22:12:00Z,110000,False,,,0,,MISS D. Daniels Free Throw 1 of 2,[1630700],22400978,1610612737,ATL,,,,Daniels,D. Daniels,,,,,,,,Missed,,,,,,,,,,,,,,,,,,
12,PT11M44.00S,2025-03-16T22:11:36.8Z,1,REGULAR,rebound,offensive,"['team', 'deadball']",0,,,1610612737,0,0,2025-03-16T22:12:00Z,120000,False,,,0,,TEAM offensive REBOUND,[],22400978,1610612737,ATL,,,,,,,,,,,,,,,,11.0,,,,,,,,,,,,,,,
13,PT11M44.00S,2025-03-16T22:11:36.8Z,1,REGULAR,freethrow,2 of 2,"['fastbreak', 'fromturnover']",1630700,,,1610612737,0,0,2025-03-16T22:12:00Z,130000,False,,,0,,MISS D. Daniels Free Throw 2 of 2,[1630700],22400978,1610612737,ATL,,,,Daniels,D. Daniels,,,,,,,,Missed,,,,,,,,,,,,,,,,,,
17,PT11M11.00S,2025-03-16T22:12:30.1Z,1,REGULAR,3pt,Jump Shot,[],1642258,21.50131406044678,88.97058823529412,1610612737,2,3,2025-03-16T22:12:33Z,170000,False,-195.0,150.0,1,left,Z. Risacher 24' 3PT  (3 PTS) (T. Young 1 AST),"[1642258, 1629027]",22400978,1610612737,ATL,,,,Risacher,Z. Risacher,,,,,Above the Break 3,24+ Left Center,24.57,Made,,,,,,,3.0,T. Young,1629027.0,1.0,,,,,,,,
21,PT10M28.00S,2025-03-16T22:13:12.6Z,1,REGULAR,2pt,Jump Shot,[],1629027,3.235873850197109,84.06862745098039,1610612737,5,3,2025-03-16T22:13:30Z,210000,False,-170.0,-22.0,1,left,MISS T. Young 17' driving floating Shot,[1629027],22400978,1610612737,ATL,driving floating,,,Young,T. Young,,,,,Mid-Range,16-24 Left,17.17,Missed,,,,,,,,,,,,,,,,,,
25,PT10M10.00S,2025-03-16T22:13:31.4Z,1,REGULAR,2pt,Layup,['pointsinthepaint'],1629027,7.046649145860711,42.40196078431372,1610612737,8,5,2025-03-16T22:13:35Z,250000,False,38.0,14.0,1,left,T. Young driving Layup (2 PTS),[1629027],22400978,1610612737,ATL,driving,,,Young,T. Young,,,,,Restricted Area,0-8 Center,4.04,Made,,,,,,,2.0,,,,,,,,,,,
27,PT09M52.00S,2025-03-16T22:13:49.3Z,1,REGULAR,block,,[],1631243,,,1610612751,8,5,2025-03-16T22:13:51Z,270000,False,,,0,,M. Gueye BLOCK (1 BLK),[1631243],22400978,1610612737,ATL,,,,Gueye,M. Gueye,,,,,Restricted Area,0-8 Center,,,,,,,,,,,,,,,,,,,,
28,PT09M49.00S,2025-03-16T22:13:52.3Z,1,REGULAR,rebound,defensive,[],1642258,,,1610612737,8,5,2025-03-16T22:13:53Z,280000,False,,,0,,Z. Risacher REBOUND (Off:0 Def:1),[1642258],22400978,1610612737,ATL,,,,Risacher,Z. Risacher,,,,,Restricted Area,0-8 Center,,,,,26.0,1.0,1.0,0.0,,,,,,,,,,,,
29,PT09M45.00S,2025-03-16T22:13:55.4Z,1,REGULAR,turnover,bad pass,[],1629027,,,1610612737,8,5,2025-03-16T22:13:58Z,290000,False,,,0,,T. Young bad pass TURNOVER (1 TO),"[1629027, 1629651]",22400978,1610612737,ATL,,,,Young,T. Young,,,,,Above the Break 3,24+ Center,,,,,,,,,,,,,,1.0,,,,,Claxton,1629651.0
33,PT09M26.00S,2025-03-16T22:14:15.1Z,1,REGULAR,2pt,Layup,['pointsinthepaint'],1629027,5.995400788436268,56.127450980392155,1610612737,11,7,2025-03-16T22:14:18Z,330000,False,-31.0,4.0,1,left,T. Young driving Layup (4 PTS),[1629027],22400978,1610612737,ATL,driving,,,Young,T. Young,,,,,Restricted Area,0-8 Center,3.08,Made,,,,,,,4.0,,,,,,,,,,,
35,PT09M03.00S,2025-03-16T22:14:43.0Z,1,REGULAR,foul,personal,['1freethrow'],1629027,,,1610612751,13,7,2025-03-16T22:14:48Z,350000,False,,,0,,T. Young shooting personal FOUL (1 PF) (Wilson 1 FT),"[1629027, 1630592]",22400978,1610612737,ATL,shooting,,,Young,T. Young,,,,,In The Paint (Non-RA),0-8 Center,,,,,,,,,,,,,204058.0,,1.0,0.0,Wilson,1630592.0,,
39,PT08M56.00S,2025-03-16T22:15:25.1Z,1,REGULAR,turnover,out-of-bounds,[],1630700,,,1610612737,14,7,2025-03-16T22:16:54Z,380000,False,,,0,,D. Daniels lost ball out-of-bounds TURNOVER (1 TO),[1630700],22400978,1610612737,ATL,lost ball,,,Daniels,D. Daniels,,,,,Above the Break 3,24+ Right Center,,,,,,,,,,,,,1627962.0,1.0,,,,,,
41,PT08M46.00S,2025-03-16T22:15:37.5Z,1,REGULAR,steal,,[],1630700,,,1610612737,14,7,2025-03-16T22:15:38Z,400000,False,,,0,,D. Daniels STEAL (2 STL),[1630700],22400978,1610612737,ATL,,,,Daniels,D. Daniels,,,,,Above the Break 3,24+ Center,,,,,,,,,,,,,,,,,,,,
42,PT08M42.00S,2025-03-16T22:15:40.4Z,1,REGULAR,2pt,Layup,"['pointsinthepaint', 'fromturnover', 'fastbreak']",1642258,5.863994743758213,52.450980392156865,1610612737,14,9,2025-03-16T22:15:46Z,410000,False,-12.0,3.0,1,left,Z. Risacher running Layup (5 PTS) (D. Daniels 1 AST),"[1642258, 1630700]",22400978,1610612737,ATL,running,,,Risacher,Z. Risacher,,,,,Restricted Area,0-8 Center,1.26,Made,,,,,,,5.0,D. Daniels,1630700.0,1.0,,,,,,,,
45,PT08M24.00S,2025-03-16T22:15:59.6Z,1,REGULAR,steal,,[],1630700,,,1610612737,14,9,2025-03-16T22:16:02Z,440000,False,,,0,,D. Daniels STEAL (3 STL),[1630700],22400978,1610612737,ATL,,,,Daniels,D. Daniels,,,,,In The Paint (Non-RA),8-16 Center,,,,,,,,,,,,,,,,,,,,
46,PT08M19.00S,2025-03-16T22:16:04.2Z,1,REGULAR,3pt,Jump Shot,"['fromturnover', 'fastbreak']",1642258,32.14520367936925,28.921568627450984,1610612737,14,9,2025-03-16T22:18:13Z,450000,False,105.0,250.0,1,left,MISS Z. Risacher 27' running 3PT,[1642258],22400978,1610612737,ATL,running,,,Risacher,Z. Risacher,,,,,Above the Break 3,24+ Right Center,27.1,Missed,,,,,,,,,,,,,,,,,,
52,PT07M53.00S,2025-03-16T22:16:41.2Z,1,REGULAR,rebound,defensive,[],1630168,,,1610612737,14,9,2025-03-16T22:16:41Z,510000,False,,,0,,O. Okongwu REBOUND (Off:0 Def:1),[1630168],22400978,1610612737,ATL,,,,Okongwu,O. Okongwu,,,,,Left Corner 3,24+ Left,,,,,51.0,1.0,1.0,0.0,,,,,,,,,,,,
55,PT07M48.00S,2025-03-16T22:17:20.4Z,1,REGULAR,freethrow,1 of 2,['fastbreak'],1630168,,,1610612737,14,10,2025-03-16T22:19:18Z,540000,False,,,0,,O. Okongwu Free Throw 1 of 2 (1 PTS),[1630168],22400978,1610612737,ATL,,,,Okongwu,O. Okongwu,,,,,,,,Made,,,,,,,1.0,,,,,,,,,,,
56,PT07M48.00S,2025-03-16T22:17:20.4Z,1,REGULAR,freethrow,2 of 2,['fastbreak'],1630168,,,1610612737,14,11,2025-03-16T22:19:18Z,550000,False,,,0,,O. Okongwu Free Throw 2 of 2 (2 PTS),[1630168],22400978,1610612737,ATL,,,,Okongwu,O. Okongwu,,,,,,,,Made,,,,,,,2.0,,,,,,,,,,,
62,PT07M25.00S,2025-03-16T22:17:58.2Z,1,REGULAR,block,,[],1631243,,,1610612751,14,11,2025-03-16T22:20:50Z,565000,False,,,0,,M. Gueye BLOCK (2 BLK),[1631243],22400978,1610612737,ATL,,,,Gueye,M. Gueye,,,,,In The Paint (Non-RA),0-8 Center,,,,,,,,,,,,,,,,,,,,
58,PT07M23.00S,2025-03-16T22:18:00.2Z,1,REGULAR,rebound,defensive,[],1630168,,,1610612737,14,11,2025-03-16T22:18:01Z,570000,False,,,0,,O. Okongwu REBOUND (Off:0 Def:2),[1630168],22400978,1610612737,ATL,,,,Okongwu,O. Okongwu,,,,,In The Paint (Non-RA),0-8 Center,,,,,57.0,2.0,2.0,0.0,,,,,,,,,,,,
59,PT07M13.00S,2025-03-16T22:18:10.7Z,1,REGULAR,2pt,DUNK,['pointsinthepaint'],1631243,6.652431011826544,48.28431372549019,1610612737,14,13,2025-03-16T22:18:14Z,580000,False,9.0,10.0,1,left,M. Gueye cutting DUNK (2 PTS) (T. Young 2 AST),"[1631243, 1629027]",22400978,1610612737,ATL,cutting,,,Gueye,M. Gueye,,,,,Restricted Area,0-8 Center,1.32,Made,,,,,,,2.0,T. Young,1629027.0,2.0,,,,,,,,
67,PT06M46.00S,2025-03-16T22:21:45.3Z,1,REGULAR,3pt,Jump Shot,[],1642258,4.5499342969776615,94.36274509803921,1610612737,17,13,2025-03-16T22:21:50Z,650000,False,-222.0,-10.0,1,left,MISS Z. Risacher 3PT,[1642258],22400978,1610612737,ATL,,,,Risacher,Z. Risacher,,,,,Left Corner 3,24+ Left,22.2,Missed,,,,,,,,,,,,,,,,,,
68,PT06M43.00S,2025-03-16T22:21:49.0Z,1,REGULAR,rebound,offensive,[],1631243,,,1610612737,17,13,2025-03-16T22:21:49Z,660000,False,,,0,,M. Gueye REBOUND (Off:1 Def:0),[1631243],22400978,1610612737,ATL,,,,Gueye,M. Gueye,,,,,Left Corner 3,24+ Left,,,,,67.0,1.0,0.0,1.0,,,,,,,,,,,,
69,PT06M41.00S,2025-03-16T22:21:50.6Z,1,REGULAR,3pt,Jump Shot,['2ndchance'],1629027,4.681340341655716,94.6078431372549,1610612737,17,16,2025-03-16T22:21:53Z,670000,False,-223.0,-8.0,1,left,T. Young 3PT  (7 PTS) (M. Gueye 1 AST),"[1629027, 1631243]",22400978,1610612737,ATL,,,,Young,T. Young,,,,,Left Corner 3,24+ Left,22.32,Made,,,,,,,7.0,M. Gueye,1631243.0,1.0,,,,,,,,
74,PT06M15.00S,2025-03-16T22:22:23.1Z,1,REGULAR,substitution,out,[],1629027,,,1610612737,17,16,2025-03-16T22:22:30Z,720000,False,,,0,,SUB out: T. Young,[1629027],22400978,1610612737,ATL,,,,Young,T. Young,,,,,,,,,,,,,,,,,,,,,,,,,,
75,PT06M15.00S,2025-03-16T22:22:23.1Z,1,REGULAR,substitution,in,[],1630249,,,1610612737,17,16,2025-03-16T22:22:30Z,730000,False,,,0,,SUB in: V. Krejčí,[1630249],22400978,1610612737,ATL,,,,Krejčí,V. Krejčí,,,,,,,,,,,,,,,,,,,,,,,,,,
76,PT06M06.00S,2025-03-16T22:22:46.0Z,1,REGULAR,3pt,Jump Shot,['fromturnover'],1631243,21.76412614980289,91.42156862745098,1610612737,17,16,2025-03-16T22:23:13Z,740000,False,-207.0,152.0,1,left,MISS M. Gueye 25' 3PT,[1631243],22400978,1610612737,ATL,,,,Gueye,M. Gueye,,,,,Above the Break 3,24+ Left Center,25.7,Missed,,,,,,,,,,,,,,,,,,
81,PT05M28.00S,2025-03-16T22:23:31.2Z,1,REGULAR,2pt,Hook,['pointsinthepaint'],1630168,13.61695137976347,57.107843137254896,1610612737,19,18,2025-03-16T22:24:04Z,790000,False,-36.0,75.0,1,left,O. Okongwu 8' turnaround Hook (4 PTS) (D. Daniels 2 AST),"[1630168, 1630700]",22400978,1610612737,ATL,turnaround,,,Okongwu,O. Okongwu,,,,,In The Paint (Non-RA),8-16 Center,8.34,Made,,,,,,,4.0,D. Daniels,1630700.0,2.0,,,,,,,,
84,PT05M06.00S,2025-03-16T22:23:53.0Z,1,REGULAR,rebound,defensive,[],1630168,,,1610612737,19,18,2025-03-16T22:23:54Z,820000,False,,,0,,O. Okongwu REBOUND (Off:0 Def:3),[1630168],22400978,1610612737,ATL,,,,Okongwu,O. Okongwu,,,,,Above the Break 3,24+ Right Center,,,,,83.0,3.0,3.0,0.0,,,,,,,,,,,,
85,PT04M59.00S,2025-03-16T22:24:00.8Z,1,REGULAR,2pt,Jump Shot,['pointsinthepaint'],1630700,15.982260183968464,59.31372549019608,1610612737,19,18,2025-03-16T22:24:05Z,830000,False,-47.0,98.0,1,left,MISS D. Daniels 10' floating Shot,[1630700],22400978,1610612737,ATL,floating,,,Daniels,D. Daniels,,,,,In The Paint (Non-RA),8-16 Center,10.82,Missed,,,,,,,,,,,,,,,,,,
107,PT04M38.00S,2025-03-16T22:24:19.1Z,1,REGULAR,turnover,out-of-bounds,[],1642258,,,1610612737,21,18,2025-03-16T22:26:24Z,855000,False,,,0,,Z. Risacher lost ball out-of-bounds TURNOVER (1 TO),[1642258],22400978,1610612737,ATL,lost ball,,,Risacher,Z. Risacher,,,,,Restricted Area,0-8 Center,,,,,,,,,,,,,1627962.0,1.0,,,,,,
98,PT04M38.00S,2025-03-16T22:24:24.1Z,1,REGULAR,substitution,in,[],1631230,,,1610612751,21,18,2025-03-16T22:26:24Z,960000,False,,,0,,SUB in: D. Barlow,[1631230],22400978,1610612737,ATL,,,,Barlow,D. Barlow,,,,,,,,,,,,,,,,,,,,,,,,,,
97,PT04M38.00S,2025-03-16T22:24:24.1Z,1,REGULAR,substitution,in,[],1627777,,,1610612751,21,18,2025-03-16T22:26:24Z,950000,False,,,0,,SUB in: G. Niang,[1627777],22400978,1610612737,ATL,,,,Niang,G. Niang,,,,,,,,,,,,,,,,,,,,,,,,,,
96,PT04M38.00S,2025-03-16T22:24:24.1Z,1,REGULAR,substitution,in,[],1629611,,,1610612751,21,18,2025-03-16T22:26:24Z,940000,False,,,0,,SUB in: T. Mann,[1629611],22400978,1610612737,ATL,,,,Mann,T. Mann,,,,,,,,,,,,,,,,,,,,,,,,,,
92,PT04M38.00S,2025-03-16T22:24:24.1Z,1,REGULAR,substitution,out,[],1630168,,,1610612751,21,18,2025-03-16T22:26:24Z,900000,False,,,0,,SUB out: O. Okongwu,[1630168],22400978,1610612737,ATL,,,,Okongwu,O. Okongwu,,,,,,,,,,,,,,,,,,,,,,,,,,
91,PT04M38.00S,2025-03-16T22:24:24.1Z,1,REGULAR,substitution,out,[],1642258,,,1610612751,21,18,2025-03-16T22:26:24Z,890000,False,,,0,,SUB out: Z. Risacher,[1642258],22400978,1610612737,ATL,,,,Risacher,Z. Risacher,,,,,,,,,,,,,,,,,,,,,,,,,,
93,PT04M38.00S,2025-03-16T22:24:24.1Z,1,REGULAR,substitution,out,[],1631243,,,1610612751,21,18,2025-03-16T22:26:24Z,910000,False,,,0,,SUB out: M. Gueye,[1631243],22400978,1610612737,ATL,,,,Gueye,M. Gueye,,,,,,,,,,,,,,,,,,,,,,,,,,
101,PT04M10.00S,2025-03-16T22:25:17.2Z,1,REGULAR,2pt,Jump Shot,['pointsinthepaint'],1629611,8.886333771353483,43.13725490196079,1610612737,24,20,2025-03-16T22:25:23Z,990000,False,34.0,31.0,1,left,T. Mann driving floating bank Jump Shot (2 PTS),[1629611],22400978,1610612737,ATL,driving floating bank,,,Mann,T. Mann,,,,,In The Paint (Non-RA),0-8 Center,4.62,Made,,,,,,,2.0,,,,,,,,,,,
105,PT03M38.00S,2025-03-16T22:26:22.3Z,1,REGULAR,freethrow,1 of 2,[],1630700,,,1610612737,26,20,2025-03-16T22:26:22Z,1030000,False,,,0,,MISS D. Daniels Free Throw 1 of 2,[1630700],22400978,1610612737,ATL,,,,Daniels,D. Daniels,,,,,,,,Missed,,,,,,,,,,,,,,,,,,
106,PT03M38.00S,2025-03-16T22:26:22.3Z,1,REGULAR,rebound,offensive,"['deadball', 'team']",0,,,1610612737,26,20,2025-03-16T22:26:22Z,1040000,False,,,0,,TEAM offensive REBOUND,[],22400978,1610612737,ATL,,,,,,,,,,,,,,,,105.0,,,,,,,,,,,,,,,
112,PT03M38.00S,2025-03-16T22:26:43.5Z,1,REGULAR,freethrow,2 of 2,[],1630700,,,1610612737,26,21,2025-03-16T22:26:43Z,1090000,False,,,0,,D. Daniels Free Throw 2 of 2 (1 PTS),[1630700],22400978,1610612737,ATL,,,,Daniels,D. Daniels,,,,,,,,Made,,,,,,,1.0,,,,,,,,,,,
115,PT03M15.00S,2025-03-16T22:27:08.4Z,1,REGULAR,rebound,defensive,['team'],0,,,1610612737,26,21,2025-03-16T22:27:11Z,1110000,False,,,0,,TEAM defensive REBOUND,[],22400978,1610612737,ATL,,,,,,,,,,Left Corner 3,24+ Left,,,,,114.0,,,,,,,,,,,,,,,
117,PT03M15.00S,2025-03-16T22:27:15.9Z,1,REGULAR,timeout,full,"['team', 'mandatory']",0,,,1610612737,26,21,2025-03-16T22:27:15Z,1130000,False,,,0,,ATL Timeout,[],22400978,1610612737,ATL,,,,,,,,,,,,,,,,,,,,,,,,,,,,,,,
119,PT03M15.00S,2025-03-16T22:29:13.9Z,1,REGULAR,substitution,out,[],1630700,,,1610612737,26,21,2025-03-16T22:30:21Z,1150000,False,,,0,,SUB out: D. Daniels,[1630700],22400978,1610612737,ATL,,,,Daniels,D. Daniels,,,,,,,,,,,,,,,,,,,,,,,,,,
121,PT03M15.00S,2025-03-16T22:29:13.9Z,1,REGULAR,substitution,in,[],1629027,,,1610612737,26,21,2025-03-16T22:30:21Z,1170000,False,,,0,,SUB in: T. Young,[1629027],22400978,1610612737,ATL,,,,Young,T. Young,,,,,,,,,,,,,,,,,,,,,,,,,,
122,PT02M59.00S,2025-03-16T22:30:40.8Z,1,REGULAR,3pt,Jump Shot,[],1630249,33.85348226018397,53.67647058823529,1610612737,26,21,2025-03-16T22:30:46Z,1180000,False,-18.0,266.0,1,left,MISS V. Krejčí 26' 3PT,[1630249],22400978,1610612737,ATL,,,,Krejčí,V. Krejčí,,,,,Above the Break 3,24+ Center,26.63,Missed,,,,,,,,,,,,,,,,,,
126,PT02M37.00S,2025-03-16T22:31:09.9Z,1,REGULAR,rebound,defensive,[],1627777,,,1610612737,26,21,2025-03-16T22:41:01Z,1220000,False,,,0,,G. Niang REBOUND (Off:0 Def:1),[1627777],22400978,1610612737,ATL,,,,Niang,G. Niang,,,,,Restricted Area,0-8 Center,,,,,125.0,1.0,1.0,0.0,,,,,,,,,,,,
127,PT02M35.00S,2025-03-16T22:31:14.0Z,1,REGULAR,2pt,Jump Shot,"['fastbreak', 'pointsinthepaint']",1629611,12.302890932982917,47.30392156862745,1610612737,26,23,2025-03-16T22:32:32Z,1230000,False,13.0,63.0,1,left,T. Mann 6' driving floating Jump Shot (4 PTS),[1629611],22400978,1610612737,ATL,driving floating,,,Mann,T. Mann,,,,,In The Paint (Non-RA),0-8 Center,6.45,Made,,,,,,,4.0,,,,,,,,,,,
130,PT02M35.00S,2025-03-16T22:31:41.6Z,1,REGULAR,freethrow,1 of 1,['fastbreak'],1629611,,,1610612737,26,24,2025-03-16T22:32:34Z,1260000,False,,,0,,T. Mann Free Throw 1 of 1 (5 PTS),[1629611],22400978,1610612737,ATL,,,,Mann,T. Mann,,,,,,,,Made,,,,,,,5.0,,,,,,,,,,,
133,PT02M06.00S,2025-03-16T22:32:13.8Z,1,REGULAR,2pt,Layup,['pointsinthepaint'],1627777,8.754927726675426,56.372549019607845,1610612737,28,24,2025-03-16T22:32:20Z,1290000,False,-32.0,30.0,1,left,MISS G. Niang cutting Layup,[1627777],22400978,1610612737,ATL,cutting,,,Niang,G. Niang,,,,,In The Paint (Non-RA),0-8 Center,4.37,Missed,,,,,,,,,,,,,,,,,,
141,PT01M39.00S,2025-03-16T22:33:44.0Z,1,REGULAR,freethrow,1 of 2,['fromturnover'],1627777,,,1610612737,28,25,2025-03-16T22:33:44Z,1370000,False,,,0,,G. Niang Free Throw 1 of 2 (1 PTS),[1627777],22400978,1610612737,ATL,,,,Niang,G. Niang,,,,,,,,Made,,,,,,,1.0,,,,,,,,,,,
142,PT01M39.00S,2025-03-16T22:34:02.9Z,1,REGULAR,freethrow,2 of 2,['fromturnover'],1627777,,,1610612737,28,26,2025-03-16T22:34:02Z,1380000,False,,,0,,G. Niang Free Throw 2 of 2 (2 PTS),[1627777],22400978,1610612737,ATL,,,,Niang,G. Niang,,,,,,,,Made,,,,,,,2.0,,,,,,,,,,,
145,PT01M17.00S,2025-03-16T22:34:42.5Z,1,REGULAR,block,,[],1631230,,,1610612751,28,26,2025-03-16T22:34:44Z,1393750,False,,,0,,D. Barlow BLOCK (1 BLK),[1631230],22400978,1610612737,ATL,,,,Barlow,D. Barlow,,,,,Restricted Area,0-8 Center,,,,,,,,,,,,,,,,,,,,
147,PT01M15.00S,2025-03-16T22:34:57.2Z,1,REGULAR,foul,personal,[],1630249,,,1610612751,28,26,2025-03-16T22:39:16Z,1394687,False,,,0,,V. Krejčí loose ball personal FOUL (1 PF),"[1630249, 1630549]",22400978,1610612737,ATL,loose ball,,,Krejčí,V. Krejčí,,,,,Restricted Area,0-8 Center,,,,,,,,,,,,,204058.0,,1.0,0.0,Sharpe,1630549.0,,
156,PT00M56.90S,2025-03-16T22:38:17.6Z,1,REGULAR,rebound,offensive,"['deadball', 'team']",0,,,1610612737,31,26,2025-03-16T22:38:17Z,1520000,False,,,0,,TEAM offensive REBOUND,[],22400978,1610612737,ATL,,,,,,,,,,,,,,,,155.0,,,,,,,,,,,,,,,
155,PT00M56.90S,2025-03-16T22:38:17.6Z,1,REGULAR,freethrow,1 of 2,[],1629027,,,1610612737,31,26,2025-03-16T22:38:17Z,1510000,False,,,0,,MISS T. Young Free Throw 1 of 2,[1629027],22400978,1610612737,ATL,,,,Young,T. Young,,,,,,,,Missed,,,,,,,,,,,,,,,,,,
157,PT00M56.90S,2025-03-16T22:38:32.3Z,1,REGULAR,freethrow,2 of 2,[],1629027,,,1610612737,31,27,2025-03-16T22:38:32Z,1530000,False,,,0,,T. Young Free Throw 2 of 2 (8 PTS),[1629027],22400978,1610612737,ATL,,,,Young,T. Young,,,,,,,,Made,,,,,,,8.0,,,,,,,,,,,
160,PT00M24.10S,2025-03-16T22:39:12.9Z,1,REGULAR,2pt,Jump Shot,['pointsinthepaint'],1629611,12.434296977660972,57.107843137254896,1610612737,33,27,2025-03-16T22:42:09Z,1560000,False,-36.0,64.0,1,left,MISS T. Mann 7' turnaround fadeaway Shot,[1629611],22400978,1610612737,ATL,turnaround fadeaway,,,Mann,T. Mann,,,,,In The Paint (Non-RA),0-8 Center,7.35,Missed,,,,,,,,,,,,,,,,,,
163,PT00M02.50S,2025-03-16T22:39:34.5Z,1,REGULAR,rebound,defensive,['team'],0,,,1610612737,33,27,2025-03-16T22:39:40Z,1590000,False,,,0,,TEAM defensive REBOUND,[],22400978,1610612737,ATL,,,,,,,,,,In The Paint (Non-RA),8-16 Center,,,,,162.0,,,,,,,,,,,,,,,
165,PT00M00.00S,2025-03-16T22:39:45.8Z,1,REGULAR,3pt,Jump Shot,[],1629027,39.37253613666228,81.86274509803921,1610612737,33,27,2025-03-16T22:39:55Z,1610000,False,-159.0,318.0,1,left,MISS T. Young 35' pullup bank 3PT,[1629027],22400978,1610612737,ATL,pullup bank,,,Young,T. Young,,,,,Above the Break 3,24+ Left Center,35.53,Missed,,,,,,,,,,,,,,,,,,
166,PT00M00.00S,2025-03-16T22:39:48.0Z,1,REGULAR,rebound,offensive,['team'],0,,,1610612737,33,27,2025-03-16T22:39:48Z,1620000,False,,,0,,TEAM offensive REBOUND,[],22400978,1610612737,ATL,,,,,,,,,,Above the Break 3,24+ Left Center,,,,,165.0,,,,,,,,,,,,,,,
174,PT12M00.00S,2025-03-16T22:42:18.3Z,2,REGULAR,substitution,in,['startperiod'],1642258,,,1610612737,33,27,2025-03-16T22:42:44Z,1700000,False,,,0,,SUB in: Z. Risacher,[1642258],22400978,1610612737,ATL,,,,Risacher,Z. Risacher,,,,,,,,,,,,,,,,,,,,,,,,,,
175,PT12M00.00S,2025-03-16T22:42:18.3Z,2,REGULAR,substitution,in,['startperiod'],1631243,,,1610612737,33,27,2025-03-16T22:42:44Z,1710000,False,,,0,,SUB in: M. Gueye,[1631243],22400978,1610612737,ATL,,,,Gueye,M. Gueye,,,,,,,,,,,,,,,,,,,,,,,,,,
170,PT12M00.00S,2025-03-16T22:42:18.3Z,2,REGULAR,substitution,out,['startperiod'],1627777,,,1610612737,33,27,2025-03-16T22:42:44Z,1660000,False,,,0,,SUB out: G. Niang,[1627777],22400978,1610612737,ATL,,,,Niang,G. Niang,,,,,,,,,,,,,,,,,,,,,,,,,,
171,PT12M00.00S,2025-03-16T22:42:18.3Z,2,REGULAR,substitution,out,['startperiod'],1630249,,,1610612737,33,27,2025-03-16T22:42:44Z,1670000,False,,,0,,SUB out: V. Krejčí,[1630249],22400978,1610612737,ATL,,,,Krejčí,V. Krejčí,,,,,,,,,,,,,,,,,,,,,,,,,,
177,PT11M45.00S,2025-03-16T22:42:56.5Z,2,REGULAR,3pt,Jump Shot,[],1642258,29.38567674113009,25.735294117647058,1610612737,33,27,2025-03-16T22:43:01Z,1730000,False,121.0,224.0,1,left,MISS Z. Risacher 25' 3PT,[1642258],22400978,1610612737,ATL,,,,Risacher,Z. Risacher,,,,,Above the Break 3,24+ Right Center,25.45,Missed,,,,,,,,,,,,,,,,,,
180,PT11M25.00S,2025-03-16T22:43:16.2Z,2,REGULAR,steal,,[],1629027,,,1610612737,33,27,2025-03-16T22:43:17Z,1760000,False,,,0,,T. Young STEAL (1 STL),[1629027],22400978,1610612737,ATL,,,,Young,T. Young,,,,,In The Paint (Non-RA),0-8 Center,,,,,,,,,,,,,,,,,,,,
181,PT11M18.00S,2025-03-16T22:43:22.9Z,2,REGULAR,3pt,Jump Shot,"['fromturnover', 'fastbreak']",1629611,7.5722733245729295,94.85294117647058,1610612737,33,27,2025-03-16T22:43:27Z,1770000,False,-224.0,19.0,1,left,MISS T. Mann running 3PT,[1629611],22400978,1610612737,ATL,running,,,Mann,T. Mann,,,,,Left Corner 3,24+ Left,22.51,Missed,,,,,,,,,,,,,,,,,,
183,PT11M12.00S,2025-03-16T22:43:30.6Z,2,REGULAR,foul,personal,['2freethrow'],1642258,,,1610612751,33,27,2025-03-16T22:43:38Z,1790000,False,,,0,,Z. Risacher shooting personal FOUL (1 PF) (Martin 2 FT),"[1642258, 1631213]",22400978,1610612737,ATL,shooting,,,Risacher,Z. Risacher,,,,,Restricted Area,0-8 Center,,,,,,,,,,,,,1627962.0,,1.0,0.0,Martin,1631213.0,,
187,PT11M10.00S,2025-03-16T22:44:02.1Z,2,REGULAR,rebound,defensive,[],1629027,,,1610612737,34,27,2025-03-16T22:44:21Z,1830000,False,,,0,,T. Young REBOUND (Off:0 Def:1),[1629027],22400978,1610612737,ATL,,,,Young,T. Young,,,,,,,,,,,186.0,1.0,1.0,0.0,,,,,,,,,,,,
188,PT11M06.00S,2025-03-16T22:44:24.3Z,2,REGULAR,2pt,DUNK,"['pointsinthepaint', 'fastbreak']",1629611,5.732588699080158,47.794117647058826,1610612737,34,29,2025-03-16T22:44:30Z,1840000,False,11.0,1.0,1,left,T. Mann running reverse DUNK (7 PTS) (T. Young 3 AST),"[1629611, 1629027]",22400978,1610612737,ATL,running reverse,,,Mann,T. Mann,,,,,Restricted Area,0-8 Center,1.11,Made,,,,,,,7.0,T. Young,1629027.0,3.0,,,,,,,,
191,PT10M59.00S,2025-03-16T22:44:37.5Z,2,REGULAR,foul,personal,['1freethrow'],1631230,,,1610612751,36,29,2025-03-16T22:44:46Z,1870000,False,,,0,,D. Barlow shooting personal FOUL (1 PF) (Johnson 1 FT),"[1631230, 1629661]",22400978,1610612737,ATL,shooting,,,Barlow,D. Barlow,,,,,Restricted Area,0-8 Center,,,,,,,,,,,,,1627526.0,,1.0,0.0,Johnson,1629661.0,,
194,PT10M43.00S,2025-03-16T22:45:22.7Z,2,REGULAR,2pt,Jump Shot,['pointsinthepaint'],1629027,15.719448094612352,46.07843137254902,1610612737,37,31,2025-03-16T22:45:26Z,1900000,False,20.0,95.0,1,left,T. Young 9' driving floating Jump Shot (10 PTS),[1629027],22400978,1610612737,ATL,driving floating,,,Young,T. Young,,,,,In The Paint (Non-RA),8-16 Center,9.73,Made,,,,,,,10.0,,,,,,,,,,,
195,PT10M33.00S,2025-03-16T22:45:33.3Z,2,REGULAR,foul,personal,['2freethrow'],1642258,,,1610612751,37,31,2025-03-16T22:45:40Z,1910000,False,,,0,,Z. Risacher shooting personal FOUL (2 PF) (Watford 2 FT),"[1642258, 1630570]",22400978,1610612737,ATL,shooting,,,Risacher,Z. Risacher,,,,,Restricted Area,0-8 Center,,,,,,,,,,,,,1627962.0,,2.0,0.0,Watford,1630570.0,,
199,PT10M16.00S,2025-03-16T22:46:38.1Z,2,REGULAR,2pt,Jump Shot,['pointsinthepaint'],1629611,11.383048620236531,58.08823529411765,1610612737,39,31,2025-03-16T22:46:46Z,1950000,False,-40.0,55.0,1,left,MISS T. Mann 6' turnaround Shot - blocked,"[1629611, 1630549]",22400978,1610612737,ATL,turnaround,,,Mann,T. Mann,,,,,In The Paint (Non-RA),0-8 Center,6.78,Missed,Sharpe,1630549.0,,,,,,,,,,,,,,,,
202,PT10M10.00S,2025-03-16T22:46:43.4Z,2,REGULAR,2pt,Layup,"['pointsinthepaint', '2ndchance']",1642258,5.590000152587891,50.0,1610612737,39,33,2025-03-16T22:46:43Z,1980000,False,0.0,0.0,1,left,Z. Risacher tip Layup (7 PTS),[1642258],22400978,1610612737,ATL,tip,,,Risacher,Z. Risacher,,,,,Mid-Range,8-16 Left,0.0,Made,,,,,,,7.0,,,,,,,,,,,
201,PT10M10.00S,2025-03-16T22:46:44.1Z,2,REGULAR,rebound,offensive,[],1642258,,,1610612737,39,31,2025-03-16T22:46:46Z,1970000,False,,,0,,Z. Risacher REBOUND (Off:1 Def:1),[1642258],22400978,1610612737,ATL,,,,Risacher,Z. Risacher,,,,,In The Paint (Non-RA),0-8 Center,,,,,199.0,2.0,1.0,1.0,,,,,,,,,,,,
204,PT09M41.00S,2025-03-16T22:47:15.5Z,2,REGULAR,foul,offensive,[],1642258,,,1610612737,41,33,2025-03-16T22:47:27Z,2000000,False,,,0,,Z. Risacher charge offensive FOUL (3 PF),"[1642258, 1629661]",22400978,1610612737,ATL,charge,,,Risacher,Z. Risacher,,,,,In The Paint (Non-RA),0-8 Center,,,,,,,,,,,,,1627962.0,,3.0,0.0,Johnson,1629661.0,,
206,PT09M41.00S,2025-03-16T22:47:15.5Z,2,REGULAR,turnover,offensive foul,[],1642258,,,1610612737,41,33,2025-03-16T22:47:15Z,2020000,False,,,0,,Z. Risacher offensive foul TURNOVER (2 TO),[1642258],22400978,1610612737,ATL,,,,Risacher,Z. Risacher,,,,,In The Paint (Non-RA),0-8 Center,,,,,,,,,,,,,1627962.0,2.0,,,,,,
208,PT09M41.00S,2025-03-16T22:47:29.8Z,2,REGULAR,substitution,in,[],1630249,,,1610612751,41,33,2025-03-16T22:47:34Z,2040000,False,,,0,,SUB in: V. Krejčí,[1630249],22400978,1610612737,ATL,,,,Krejčí,V. Krejčí,,,,,,,,,,,,,,,,,,,,,,,,,,
207,PT09M41.00S,2025-03-16T22:47:29.8Z,2,REGULAR,substitution,out,[],1642258,,,1610612751,41,33,2025-03-16T22:47:34Z,2030000,False,,,0,,SUB out: Z. Risacher,[1642258],22400978,1610612737,ATL,,,,Risacher,Z. Risacher,,,,,,,,,,,,,,,,,,,,,,,,,,
209,PT09M24.00S,2025-03-16T22:48:01.8Z,2,REGULAR,foul,personal,['2freethrow'],1631243,,,1610612751,41,33,2025-03-16T22:48:08Z,2050000,False,,,0,,M. Gueye shooting personal FOUL (1 PF) (Johnson 2 FT),"[1631243, 1629661]",22400978,1610612737,ATL,shooting,,,Gueye,M. Gueye,,,,,In The Paint (Non-RA),0-8 Center,,,,,,,,,,,,,1627526.0,,1.0,0.0,Johnson,1629661.0,,
212,PT09M24.00S,2025-03-16T22:48:34.5Z,2,REGULAR,substitution,out,[],1631230,,,1610612751,42,33,2025-03-16T22:48:38Z,2080000,False,,,0,,SUB out: D. Barlow,[1631230],22400978,1610612737,ATL,,,,Barlow,D. Barlow,,,,,,,,,,,,,,,,,,,,,,,,,,
213,PT09M24.00S,2025-03-16T22:48:34.5Z,2,REGULAR,substitution,in,[],1630168,,,1610612751,42,33,2025-03-16T22:48:38Z,2090000,False,,,0,,SUB in: O. Okongwu,[1630168],22400978,1610612737,ATL,,,,Okongwu,O. Okongwu,,,,,,,,,,,,,,,,,,,,,,,,,,
215,PT09M12.00S,2025-03-16T22:49:08.7Z,2,REGULAR,2pt,Layup,['pointsinthepaint'],1629027,8.09789750328515,42.64705882352941,1610612737,43,33,2025-03-16T22:49:13Z,2110000,False,37.0,24.0,1,left,MISS T. Young driving Layup - blocked,"[1629027, 1630549]",22400978,1610612737,ATL,driving,,,Young,T. Young,,,,,Restricted Area,0-8 Center,4.37,Missed,Sharpe,1630549.0,,,,,,,,,,,,,,,,
219,PT09M06.00S,2025-03-16T22:49:19.7Z,2,REGULAR,timeout,full,"['team', 'mandatory']",0,,,1610612737,45,33,2025-03-16T22:49:19Z,2150000,False,,,0,,ATL Timeout,[],22400978,1610612737,ATL,,,,,,,,,,,,,,,,,,,,,,,,,,,,,,,
222,PT09M06.00S,2025-03-16T22:49:26.6Z,2,REGULAR,substitution,in,[],1627777,,,1610612737,45,33,2025-03-16T22:51:56Z,2170000,False,,,0,,SUB in: G. Niang,[1627777],22400978,1610612737,ATL,,,,Niang,G. Niang,,,,,,,,,,,,,,,,,,,,,,,,,,
221,PT09M06.00S,2025-03-16T22:49:26.6Z,2,REGULAR,substitution,out,[],1631243,,,1610612737,45,33,2025-03-16T22:51:56Z,2160000,False,,,0,,SUB out: M. Gueye,[1631243],22400978,1610612737,ATL,,,,Gueye,M. Gueye,,,,,,,,,,,,,,,,,,,,,,,,,,
223,PT08M54.00S,2025-03-16T22:52:29.3Z,2,REGULAR,turnover,out-of-bounds,[],1629027,,,1610612737,45,33,2025-03-16T22:52:38Z,2180000,False,,,0,,T. Young lost ball out-of-bounds TURNOVER (2 TO),[1629027],22400978,1610612737,ATL,lost ball,,,Young,T. Young,,,,,Mid-Range,8-16 Left,,,,,,,,,,,,,1627962.0,2.0,,,,,,
226,PT08M43.00S,2025-03-16T22:52:47.9Z,2,REGULAR,block,,[],1630168,,,1610612751,45,33,2025-03-16T22:52:50Z,2210000,False,,,0,,O. Okongwu BLOCK (1 BLK),[1630168],22400978,1610612737,ATL,,,,Okongwu,O. Okongwu,,,,,Restricted Area,0-8 Center,,,,,,,,,,,,,,,,,,,,
227,PT08M41.00S,2025-03-16T22:52:49.9Z,2,REGULAR,rebound,defensive,[],1630168,,,1610612737,45,33,2025-03-16T22:52:51Z,2220000,False,,,0,,O. Okongwu REBOUND (Off:0 Def:4),[1630168],22400978,1610612737,ATL,,,,Okongwu,O. Okongwu,,,,,Restricted Area,0-8 Center,,,,,225.0,4.0,4.0,0.0,,,,,,,,,,,,
228,PT08M37.00S,2025-03-16T22:52:54.3Z,2,REGULAR,3pt,Jump Shot,['fastbreak'],1627777,24.129434954007884,85.29411764705883,1610612737,45,36,2025-03-16T22:52:58Z,2230000,False,-176.0,174.0,1,left,G. Niang 24' 3PT running (5 PTS) (V. Krejčí 1 AST),"[1627777, 1630249]",22400978,1610612737,ATL,running,,,Niang,G. Niang,,,,,Above the Break 3,24+ Left Center,24.81,Made,,,,,,,5.0,V. Krejčí,1630249.0,1.0,,,,,,,,
231,PT08M30.00S,2025-03-16T22:53:02.9Z,2,REGULAR,block,,[],1630249,,,1610612751,45,36,2025-03-16T22:53:04Z,2260000,False,,,0,,V. Krejčí BLOCK (1 BLK),[1630249],22400978,1610612737,ATL,,,,Krejčí,V. Krejčí,,,,,In The Paint (Non-RA),0-8 Center,,,,,,,,,,,,,,,,,,,,
242,PT08M19.00S,2025-03-16T22:53:46.5Z,2,REGULAR,rebound,defensive,[],1627777,,,1610612737,45,36,2025-03-16T22:53:48Z,2370000,False,,,0,,G. Niang REBOUND (Off:0 Def:2),[1627777],22400978,1610612737,ATL,,,,Niang,G. Niang,,,,,Mid-Range,24+ Right,,,,,241.0,2.0,2.0,0.0,,,,,,,,,,,,
243,PT08M07.00S,2025-03-16T22:53:59.0Z,2,REGULAR,2pt,Hook,['pointsinthepaint'],1630168,11.645860709592641,46.07843137254902,1610612737,45,36,2025-03-16T22:54:07Z,2380000,False,20.0,57.0,1,left,MISS O. Okongwu 6' turnaround Hook,[1630168],22400978,1610612737,ATL,turnaround,,,Okongwu,O. Okongwu,,,,,In The Paint (Non-RA),0-8 Center,6.03,Missed,,,,,,,,,,,,,,,,,,
244,PT08M06.00S,2025-03-16T22:54:00.2Z,2,REGULAR,rebound,offensive,[],1629611,,,1610612737,45,36,2025-03-16T22:54:00Z,2390000,False,,,0,,T. Mann REBOUND (Off:1 Def:0),[1629611],22400978,1610612737,ATL,,,,Mann,T. Mann,,,,,In The Paint (Non-RA),0-8 Center,,,,,243.0,1.0,0.0,1.0,,,,,,,,,,,,
248,PT08M04.00S,2025-03-16T22:54:14.2Z,2,REGULAR,substitution,in,[],1630700,,,1610612737,45,36,2025-03-16T22:54:19Z,2430000,False,,,0,,SUB in: D. Daniels,[1630700],22400978,1610612737,ATL,,,,Daniels,D. Daniels,,,,,,,,,,,,,,,,,,,,,,,,,,
246,PT08M04.00S,2025-03-16T22:54:14.2Z,2,REGULAR,substitution,out,[],1629027,,,1610612737,45,36,2025-03-16T22:54:19Z,2410000,False,,,0,,SUB out: T. Young,[1629027],22400978,1610612737,ATL,,,,Young,T. Young,,,,,,,,,,,,,,,,,,,,,,,,,,
252,PT08M01.00S,2025-03-16T22:54:59.0Z,2,REGULAR,turnover,lost ball,[],1629611,,,1610612737,45,36,2025-03-16T22:54:59Z,2470000,False,,,0,,T. Mann lost ball TURNOVER (1 TO),"[1629611, 1641721]",22400978,1610612737,ATL,,,,Mann,T. Mann,,,,,,,,,,,,,,,,,,,,1.0,,,,,Lewis,1641721.0
255,PT07M55.00S,2025-03-16T22:55:05.1Z,2,REGULAR,steal,,[],1630249,,,1610612737,45,36,2025-03-16T22:55:06Z,2500000,False,,,0,,V. Krejčí STEAL (1 STL),[1630249],22400978,1610612737,ATL,,,,Krejčí,V. Krejčí,,,,,In The Paint (Non-RA),0-8 Center,,,,,,,,,,,,,,,,,,,,
256,PT07M33.00S,2025-03-16T22:55:26.2Z,2,REGULAR,3pt,Jump Shot,['fromturnover'],1627777,11.514454664914586,94.6078431372549,1610612737,45,36,2025-03-16T22:55:33Z,2510000,False,-223.0,56.0,1,left,MISS G. Niang 3PT,[1627777],22400978,1610612737,ATL,,,,Niang,G. Niang,,,,,Left Corner 3,24+ Left,22.99,Missed,,,,,,,,,,,,,,,,,,
257,PT07M30.00S,2025-03-16T22:55:29.2Z,2,REGULAR,rebound,offensive,['team'],0,,,1610612737,45,36,2025-03-16T22:55:33Z,2520000,False,,,0,,TEAM offensive REBOUND,[],22400978,1610612737,ATL,,,,,,,,,,Left Corner 3,24+ Left,,,,,256.0,,,,,,,,,,,,,,,
261,PT07M23.00S,2025-03-16T22:56:19.4Z,2,REGULAR,freethrow,1 of 2,"['fromturnover', '2ndchance']",1629611,,,1610612737,45,37,2025-03-16T22:56:19Z,2560000,False,,,0,,T. Mann Free Throw 1 of 2 (8 PTS),[1629611],22400978,1610612737,ATL,,,,Mann,T. Mann,,,,,,,,Made,,,,,,,8.0,,,,,,,,,,,
262,PT07M23.00S,2025-03-16T22:56:39.3Z,2,REGULAR,freethrow,2 of 2,"['fromturnover', '2ndchance']",1629611,,,1610612737,45,38,2025-03-16T22:56:39Z,2570000,False,,,0,,T. Mann Free Throw 2 of 2 (9 PTS),[1629611],22400978,1610612737,ATL,,,,Mann,T. Mann,,,,,,,,Made,,,,,,,9.0,,,,,,,,,,,
265,PT06M50.00S,2025-03-16T22:57:13.8Z,2,REGULAR,2pt,Hook,['pointsinthepaint'],1627777,11.251642575558476,45.588235294117645,1610612737,48,38,2025-03-16T22:59:17Z,2600000,False,22.0,53.0,1,left,MISS G. Niang driving Hook,[1627777],22400978,1610612737,ATL,driving,,,Niang,G. Niang,,,,,In The Paint (Non-RA),0-8 Center,5.77,Missed,,,,,,,,,,,,,,,,,,
266,PT06M44.00S,2025-03-16T22:57:19.8Z,2,REGULAR,rebound,offensive,[],1630168,,,1610612737,48,38,2025-03-16T22:57:19Z,2610000,False,,,0,,O. Okongwu REBOUND (Off:1 Def:4),[1630168],22400978,1610612737,ATL,,,,Okongwu,O. Okongwu,,,,,In The Paint (Non-RA),0-8 Center,,,,,265.0,5.0,4.0,1.0,,,,,,,,,,,,
267,PT06M42.00S,2025-03-16T22:57:20.0Z,2,REGULAR,2pt,Layup,"['pointsinthepaint', '2ndchance']",1630168,6.438896189224705,41.11519607843137,1610612737,48,38,2025-03-16T22:57:31Z,2620000,False,44.0,8.0,1,left,MISS O. Okongwu putback Layup,[1630168],22400978,1610612737,ATL,putback,,,Okongwu,O. Okongwu,,,,,In The Paint (Non-RA),0-8 Center,4.51,Missed,,,,,,,,,,,,,,,,,,
269,PT06M40.00S,2025-03-16T22:57:28.9Z,2,REGULAR,foul,personal,"['inpenalty', '2freethrow']",1627777,,,1610612751,48,38,2025-03-16T22:57:36Z,2640000,False,,,0,,G. Niang personal FOUL (1 PF) (Claxton 2 FT),"[1627777, 1629651]",22400978,1610612737,ATL,,,,Niang,G. Niang,,,,,In The Paint (Non-RA),8-16 Center,,,,,,,,,,,,,1627526.0,,1.0,0.0,Claxton,1629651.0,,
274,PT06M40.00S,2025-03-16T22:57:55.6Z,2,REGULAR,substitution,in,[],1629027,,,1610612751,48,38,2025-03-16T22:58:00Z,2690000,False,,,0,,SUB in: T. Young,[1629027],22400978,1610612737,ATL,,,,Young,T. Young,,,,,,,,,,,,,,,,,,,,,,,,,,
273,PT06M40.00S,2025-03-16T22:57:55.6Z,2,REGULAR,substitution,out,[],1630249,,,1610612751,48,38,2025-03-16T22:58:00Z,2680000,False,,,0,,SUB out: V. Krejčí,[1630249],22400978,1610612737,ATL,,,,Krejčí,V. Krejčí,,,,,,,,,,,,,,,,,,,,,,,,,,
276,PT06M37.00S,2025-03-16T22:57:58.0Z,2,REGULAR,rebound,defensive,[],1630168,,,1610612737,48,38,2025-03-16T22:58:21Z,2710000,False,,,0,,O. Okongwu REBOUND (Off:1 Def:5),[1630168],22400978,1610612737,ATL,,,,Okongwu,O. Okongwu,,,,,,,,,,,275.0,6.0,5.0,1.0,,,,,,,,,,,,
277,PT06M26.00S,2025-03-16T22:58:31.9Z,2,REGULAR,3pt,Jump Shot,[],1627777,30.042706964520367,78.67647058823529,1610612737,48,38,2025-03-16T22:58:36Z,2720000,False,-143.0,230.0,1,left,MISS G. Niang 27' 3PT,[1627777],22400978,1610612737,ATL,,,,Niang,G. Niang,,,,,Above the Break 3,24+ Left Center,27.1,Missed,,,,,,,,,,,,,,,,,,
280,PT06M08.00S,2025-03-16T22:58:49.6Z,2,REGULAR,rebound,defensive,[],1630168,,,1610612737,48,38,2025-03-16T22:58:51Z,2750000,False,,,0,,O. Okongwu REBOUND (Off:1 Def:6),[1630168],22400978,1610612737,ATL,,,,Okongwu,O. Okongwu,,,,,Above the Break 3,24+ Center,,,,,279.0,7.0,6.0,1.0,,,,,,,,,,,,
281,PT05M59.00S,2025-03-16T22:58:59.1Z,2,REGULAR,3pt,Jump Shot,[],1630168,32.276609724047304,50.245098039215684,1610612737,48,41,2025-03-16T22:59:19Z,2760000,False,-1.0,251.0,1,left,O. Okongwu 25' 3PT  (7 PTS) (T. Mann 1 AST),"[1630168, 1629611]",22400978,1610612737,ATL,,,,Okongwu,O. Okongwu,,,,,Above the Break 3,24+ Center,25.09,Made,,,,,,,7.0,T. Mann,1629611.0,1.0,,,,,,,,
284,PT05M36.00S,2025-03-16T22:59:21.3Z,2,REGULAR,rebound,defensive,[],1630168,,,1610612737,48,41,2025-03-16T22:59:22Z,2790000,False,,,0,,O. Okongwu REBOUND (Off:1 Def:7),[1630168],22400978,1610612737,ATL,,,,Okongwu,O. Okongwu,,,,,Restricted Area,0-8 Center,,,,,283.0,8.0,7.0,1.0,,,,,,,,,,,,
285,PT05M31.00S,2025-03-16T22:59:26.8Z,2,REGULAR,3pt,Jump Shot,[],1627777,6.783837056504599,94.6078431372549,1610612737,48,41,2025-03-16T23:01:17Z,2800000,False,-223.0,11.0,1,left,MISS G. Niang 3PT,[1627777],22400978,1610612737,ATL,,,,Niang,G. Niang,,,,,Left Corner 3,24+ Left,22.33,Missed,,,,,,,,,,,,,,,,,,
287,PT05M18.00S,2025-03-16T22:59:42.4Z,2,REGULAR,foul,personal,"['inpenalty', '2freethrow']",1627777,,,1610612751,48,41,2025-03-16T22:59:49Z,2820000,False,,,0,,G. Niang shooting personal FOUL (2 PF) (Johnson 2 FT),"[1627777, 1630553]",22400978,1610612737,ATL,shooting,,,Niang,G. Niang,,,,,In The Paint (Non-RA),0-8 Center,,,,,,,,,,,,,204058.0,,2.0,0.0,Johnson,1630553.0,,
295,PT04M58.00S,2025-03-16T23:01:19.4Z,2,REGULAR,2pt,Hook,['pointsinthepaint'],1627777,7.440867279894875,42.40196078431372,1610612737,50,43,2025-03-16T23:01:22Z,2900000,False,38.0,17.0,1,left,G. Niang turnaround Hook (7 PTS),[1627777],22400978,1610612737,ATL,turnaround,,,Niang,G. Niang,,,,,Restricted Area,0-8 Center,4.18,Made,,,,,,,7.0,,,,,,,,,,,
297,PT04M36.00S,2025-03-16T23:01:41.0Z,2,REGULAR,rebound,defensive,['team'],0,,,1610612737,50,43,2025-03-16T23:01:57Z,2920000,False,,,0,,TEAM defensive REBOUND,[],22400978,1610612737,ATL,,,,,,,,,,Restricted Area,0-8 Center,,,,,296.0,,,,,,,,,,,,,,,
300,PT04M36.00S,2025-03-16T23:01:47.0Z,2,REGULAR,substitution,in,[],1630249,,,1610612737,50,43,2025-03-16T23:01:53Z,2950000,False,,,0,,SUB in: V. Krejčí,[1630249],22400978,1610612737,ATL,,,,Krejčí,V. Krejčí,,,,,,,,,,,,,,,,,,,,,,,,,,
299,PT04M36.00S,2025-03-16T23:01:47.0Z,2,REGULAR,substitution,out,[],1629611,,,1610612737,50,43,2025-03-16T23:01:53Z,2940000,False,,,0,,SUB out: T. Mann,[1629611],22400978,1610612737,ATL,,,,Mann,T. Mann,,,,,,,,,,,,,,,,,,,,,,,,,,
301,PT04M22.00S,2025-03-16T23:02:13.9Z,2,REGULAR,3pt,Jump Shot,[],1630249,23.73521681997372,85.29411764705883,1610612737,50,43,2025-03-16T23:02:20Z,2960000,False,-176.0,171.0,1,left,MISS V. Krejčí 24' 3PT,[1630249],22400978,1610612737,ATL,,,,Krejčí,V. Krejčí,,,,,Above the Break 3,24+ Left Center,24.55,Missed,,,,,,,,,,,,,,,,,,
302,PT04M20.00S,2025-03-16T23:02:15.9Z,2,REGULAR,rebound,offensive,[],1627777,,,1610612737,50,43,2025-03-16T23:08:33Z,2970000,False,,,0,,G. Niang REBOUND (Off:1 Def:2),[1627777],22400978,1610612737,ATL,,,,Niang,G. Niang,,,,,Above the Break 3,24+ Left Center,,,,,301.0,3.0,2.0,1.0,,,,,,,,,,,,
331,PT04M20.00S,2025-03-16T23:02:17.3Z,2,REGULAR,turnover,out-of-bounds,[],1627777,,,1610612737,50,43,2025-03-16T23:09:03Z,2975000,False,,,0,,G. Niang lost ball out-of-bounds TURNOVER (1 TO),[1627777],22400978,1610612737,ATL,lost ball,,,Niang,G. Niang,,,,,In The Paint (Non-RA),0-8 Center,,,,,,,,,,,,,1627526.0,1.0,,,,,,
307,PT03M58.00S,2025-03-16T23:02:55.9Z,2,REGULAR,rebound,defensive,[],1630168,,,1610612737,50,43,2025-03-16T23:02:57Z,3020000,False,,,0,,O. Okongwu REBOUND (Off:1 Def:8),[1630168],22400978,1610612737,ATL,,,,Okongwu,O. Okongwu,,,,,Restricted Area,0-8 Center,,,,,306.0,9.0,8.0,1.0,,,,,,,,,,,,
310,PT03M51.00S,2025-03-16T23:03:34.8Z,2,REGULAR,freethrow,1 of 3,[],1629027,,,1610612737,50,44,2025-03-16T23:03:34Z,3050000,False,,,0,,T. Young Free Throw 1 of 3 (11 PTS),[1629027],22400978,1610612737,ATL,,,,Young,T. Young,,,,,,,,Made,,,,,,,11.0,,,,,,,,,,,
311,PT03M51.00S,2025-03-16T23:03:51.0Z,2,REGULAR,freethrow,2 of 3,[],1629027,,,1610612737,50,45,2025-03-16T23:03:51Z,3060000,False,,,0,,T. Young Free Throw 2 of 3 (12 PTS),[1629027],22400978,1610612737,ATL,,,,Young,T. Young,,,,,,,,Made,,,,,,,12.0,,,,,,,,,,,
312,PT03M51.00S,2025-03-16T23:04:10.1Z,2,REGULAR,freethrow,3 of 3,[],1629027,,,1610612737,50,46,2025-03-16T23:04:10Z,3070000,False,,,0,,T. Young Free Throw 3 of 3 (13 PTS),[1629027],22400978,1610612737,ATL,,,,Young,T. Young,,,,,,,,Made,,,,,,,13.0,,,,,,,,,,,
313,PT03M38.00S,2025-03-16T23:04:27.6Z,2,REGULAR,foul,personal,"['inpenalty', '2freethrow']",1630249,,,1610612751,50,46,2025-03-16T23:04:34Z,3080000,False,,,0,,V. Krejčí shooting personal FOUL (2 PF) (Johnson 2 FT),"[1630249, 1629661]",22400978,1610612737,ATL,shooting,,,Krejčí,V. Krejčí,,,,,In The Paint (Non-RA),8-16 Center,,,,,,,,,,,,,1627526.0,,2.0,0.0,Johnson,1629661.0,,
319,PT03M24.00S,2025-03-16T23:05:32.1Z,2,REGULAR,3pt,Jump Shot,[],1630249,4.681340341655716,95.58823529411765,1610612737,52,49,2025-03-16T23:05:37Z,3140000,False,-228.0,-8.0,1,left,V. Krejčí 3PT  (3 PTS) (D. Daniels 3 AST),"[1630249, 1630700]",22400978,1610612737,ATL,,,,Krejčí,V. Krejčí,,,,,Left Corner 3,24+ Left,22.81,Made,,,,,,,3.0,D. Daniels,1630700.0,3.0,,,,,,,,
321,PT03M13.00S,2025-03-16T23:05:43.7Z,2,REGULAR,foul,personal,"['inpenalty', '2freethrow']",1630168,,,1610612751,52,49,2025-03-16T23:05:56Z,3160000,False,,,0,,O. Okongwu shooting personal FOUL (1 PF) (Watford 2 FT),"[1630168, 1630570]",22400978,1610612737,ATL,shooting,,,Okongwu,O. Okongwu,,,,,Restricted Area,0-8 Center,,,,,,,,,,,,,1627962.0,,1.0,0.0,Watford,1630570.0,,
325,PT02M58.00S,2025-03-16T23:06:44.7Z,2,REGULAR,2pt,Layup,['pointsinthepaint'],1630700,7.178055190538765,57.35294117647059,1610612737,54,51,2025-03-16T23:06:48Z,3200000,False,-37.0,15.0,1,left,D. Daniels cutting Layup (3 PTS) (T. Young 4 AST),"[1630700, 1629027]",22400978,1610612737,ATL,cutting,,,Daniels,D. Daniels,,,,,Restricted Area,0-8 Center,3.97,Made,,,,,,,3.0,T. Young,1629027.0,4.0,,,,,,,,
328,PT02M41.00S,2025-03-16T23:07:00.5Z,2,REGULAR,steal,,[],1630700,,,1610612737,54,51,2025-03-16T23:07:01Z,3230000,False,,,0,,D. Daniels STEAL (4 STL),[1630700],22400978,1610612737,ATL,,,,Daniels,D. Daniels,,,,,Above the Break 3,24+ Right Center,,,,,,,,,,,,,,,,,,,,
329,PT02M39.00S,2025-03-16T23:07:02.8Z,2,REGULAR,2pt,DUNK,"['fastbreak', 'pointsinthepaint', 'fromturnover']",1630700,6.521024967148489,50.73529411764706,1610612737,54,53,2025-03-16T23:07:46Z,3240000,False,-4.0,9.0,1,left,D. Daniels running DUNK (5 PTS),[1630700],22400978,1610612737,ATL,running,,,Daniels,D. Daniels,,,,,Restricted Area,0-8 Center,0.95,Made,,,,,,,5.0,,,,,,,,,,,
336,PT02M29.00S,2025-03-16T23:10:34.1Z,2,REGULAR,timeout,challenge,['team'],0,,,1610612737,54,53,2025-03-16T23:08:50Z,3300000,False,,,0,,ATL Timeout,[],22400978,1610612737,ATL,,,,,,,,,,,,,,,,,,,,,,,,,,,,,,,
338,PT02M16.00S,2025-03-16T23:13:30.6Z,2,REGULAR,2pt,Hook,"['pointsinthepaint', 'fromturnover']",1630168,8.754927726675426,55.392156862745104,1610612737,54,55,2025-03-16T23:08:50Z,3320000,False,-27.0,30.0,1,left,O. Okongwu turnaround Hook (9 PTS) (T. Young 5 AST),"[1630168, 1629027]",22400978,1610612737,ATL,turnaround,,,Okongwu,O. Okongwu,,,,,Restricted Area,0-8 Center,4.02,Made,,,,,,,9.0,T. Young,1629027.0,5.0,,,,,,,,
340,PT01M51.00S,2025-03-16T23:13:55.4Z,2,REGULAR,steal,,[],1630168,,,1610612737,54,55,2025-03-16T23:13:56Z,3340000,False,,,0,,O. Okongwu STEAL (1 STL),[1630168],22400978,1610612737,ATL,,,,Okongwu,O. Okongwu,,,,,Mid-Range,16-24 Center,,,,,,,,,,,,,,,,,,,,
341,PT01M45.00S,2025-03-16T23:14:02.3Z,2,REGULAR,3pt,Jump Shot,['fromturnover'],1630249,32.276609724047304,60.5392156862745,1610612737,54,55,2025-03-16T23:14:06Z,3350000,False,-53.0,251.0,1,left,MISS V. Krejčí 25' 3PT,[1630249],22400978,1610612737,ATL,,,,Krejčí,V. Krejčí,,,,,Above the Break 3,24+ Center,25.64,Missed,,,,,,,,,,,,,,,,,,
344,PT01M26.00S,2025-03-16T23:14:19.9Z,2,REGULAR,rebound,defensive,[],1630249,,,1610612737,54,55,2025-03-16T23:14:19Z,3380000,False,,,0,,V. Krejčí REBOUND (Off:0 Def:1),[1630249],22400978,1610612737,ATL,,,,Krejčí,V. Krejčí,,,,,Right Corner 3,24+ Right,,,,,343.0,1.0,1.0,0.0,,,,,,,,,,,,
346,PT01M23.00S,2025-03-16T23:14:23.1Z,2,REGULAR,3pt,Jump Shot,['fastbreak'],1627777,26.62614980289093,16.176470588235293,1610612737,54,58,2025-03-16T23:18:04Z,3390000,False,169.0,198.0,1,left,G. Niang 26' 3PT running (10 PTS) (V. Krejčí 2 AST),"[1627777, 1630249]",22400978,1610612737,ATL,running,,,Niang,G. Niang,,,,,Above the Break 3,24+ Right Center,26.02,Made,,,,,,,10.0,V. Krejčí,1630249.0,2.0,,,,,,,,
349,PT00M58.60S,2025-03-16T23:14:48.7Z,2,REGULAR,steal,,[],1630168,,,1610612737,54,58,2025-03-16T23:14:51Z,3420000,False,,,0,,O. Okongwu STEAL (2 STL),[1630168],22400978,1610612737,ATL,,,,Okongwu,O. Okongwu,,,,,Above the Break 3,24+ Left Center,,,,,,,,,,,,,,,,,,,,
355,PT00M55.20S,2025-03-16T23:15:39.3Z,2,REGULAR,freethrow,1 of 2,"['fromturnover', 'fastbreak']",1630168,,,1610612737,54,58,2025-03-16T23:15:39Z,3480000,False,,,0,,MISS O. Okongwu Free Throw 1 of 2,[1630168],22400978,1610612737,ATL,,,,Okongwu,O. Okongwu,,,,,,,,Missed,,,,,,,,,,,,,,,,,,
356,PT00M55.20S,2025-03-16T23:15:39.3Z,2,REGULAR,rebound,offensive,"['deadball', 'team']",0,,,1610612737,54,58,2025-03-16T23:15:39Z,3490000,False,,,0,,TEAM offensive REBOUND,[],22400978,1610612737,ATL,,,,,,,,,,,,,,,,355.0,,,,,,,,,,,,,,,
357,PT00M55.20S,2025-03-16T23:15:39.3Z,2,REGULAR,freethrow,2 of 2,"['fromturnover', 'fastbreak']",1630168,,,1610612737,54,59,2025-03-16T23:18:33Z,3500000,False,,,0,,O. Okongwu Free Throw 2 of 2 (10 PTS),[1630168],22400978,1610612737,ATL,,,,Okongwu,O. Okongwu,,,,,,,,Made,,,,,,,10.0,,,,,,,,,,,
364,PT00M26.20S,2025-03-16T23:16:59.1Z,2,REGULAR,3pt,Jump Shot,[],1630168,7.30946123521682,3.431372549019608,1610612737,56,59,2025-03-16T23:17:03Z,3540000,False,233.0,16.0,1,left,MISS O. Okongwu 3PT,[1630168],22400978,1610612737,ATL,,,,Okongwu,O. Okongwu,,,,,Right Corner 3,24+ Right,23.34,Missed,,,,,,,,,,,,,,,,,,
367,PT00M10.40S,2025-03-16T23:17:14.9Z,2,REGULAR,steal,,[],1629027,,,1610612737,56,59,2025-03-16T23:17:16Z,3570000,False,,,0,,T. Young STEAL (2 STL),[1629027],22400978,1610612737,ATL,,,,Young,T. Young,,,,,Above the Break 3,24+ Center,,,,,,,,,,,,,,,,,,,,
368,PT00M06.50S,2025-03-16T23:17:19.3Z,2,REGULAR,3pt,Jump Shot,"['fastbreak', 'fromturnover']",1629027,19.136005256241788,94.85294117647058,1610612737,56,62,2025-03-16T23:20:09Z,3580000,False,-224.0,127.0,1,left,T. Young 25' 3PT running pullup (16 PTS) (D. Daniels 4 AST),"[1629027, 1630700]",22400978,1610612737,ATL,running pullup,,,Young,T. Young,,,,,Above the Break 3,24+ Left Center,25.8,Made,,,,,,,16.0,D. Daniels,1630700.0,4.0,,,,,,,,
371,PT00M00.20S,2025-03-16T23:17:33.3Z,2,REGULAR,block,,[],1630168,,,1610612751,56,62,2025-03-16T23:17:35Z,3610000,False,,,0,,O. Okongwu BLOCK (2 BLK),[1630168],22400978,1610612737,ATL,,,,Okongwu,O. Okongwu,,,,,In The Paint (Non-RA),0-8 Center,,,,,,,,,,,,,,,,,,,,
372,PT00M00.20S,2025-03-16T23:17:33.3Z,2,REGULAR,rebound,defensive,[],1630700,,,1610612737,56,62,2025-03-16T23:17:38Z,3620000,False,,,0,,D. Daniels REBOUND (Off:0 Def:1),[1630700],22400978,1610612737,ATL,,,,Daniels,D. Daniels,,,,,In The Paint (Non-RA),0-8 Center,,,,,370.0,1.0,1.0,0.0,,,,,,,,,,,,
379,PT12M00.00S,2025-03-16T23:32:26.4Z,3,REGULAR,substitution,in,['startperiod'],1642258,,,1610612737,56,62,2025-03-16T23:32:41Z,3690000,False,,,0,,SUB in: Z. Risacher,[1642258],22400978,1610612737,ATL,,,,Risacher,Z. Risacher,,,,,,,,,,,,,,,,,,,,,,,,,,
378,PT12M00.00S,2025-03-16T23:32:26.4Z,3,REGULAR,substitution,in,['startperiod'],1631243,,,1610612737,56,62,2025-03-16T23:32:41Z,3680000,False,,,0,,SUB in: M. Gueye,[1631243],22400978,1610612737,ATL,,,,Gueye,M. Gueye,,,,,,,,,,,,,,,,,,,,,,,,,,
375,PT12M00.00S,2025-03-16T23:32:26.4Z,3,REGULAR,substitution,out,['startperiod'],1627777,,,1610612737,56,62,2025-03-16T23:32:41Z,3650000,False,,,0,,SUB out: G. Niang,[1627777],22400978,1610612737,ATL,,,,Niang,G. Niang,,,,,,,,,,,,,,,,,,,,,,,,,,
376,PT12M00.00S,2025-03-16T23:32:26.4Z,3,REGULAR,substitution,out,['startperiod'],1630249,,,1610612737,56,62,2025-03-16T23:32:41Z,3660000,False,,,0,,SUB out: V. Krejčí,[1630249],22400978,1610612737,ATL,,,,Krejčí,V. Krejčí,,,,,,,,,,,,,,,,,,,,,,,,,,
381,PT11M45.00S,2025-03-16T23:33:02.6Z,3,REGULAR,turnover,out-of-bounds,[],1630700,,,1610612737,56,62,2025-03-16T23:33:10Z,3710000,False,,,0,,D. Daniels lost ball out-of-bounds TURNOVER (2 TO),[1630700],22400978,1610612737,ATL,lost ball,,,Daniels,D. Daniels,,,,,Mid-Range,8-16 Right,,,,,,,,,,,,,1627962.0,2.0,,,,,,
384,PT11M15.00S,2025-03-16T23:33:40.7Z,3,REGULAR,3pt,Jump Shot,[],1642258,78.18659658344284,11.052389705882353,1610612737,59,65,2025-03-16T23:41:45Z,3740000,False,-195.0,153.0,1,right,Z. Risacher 24' 3PT  (10 PTS) (D. Daniels 5 AST),"[1642258, 1630700]",22400978,1610612737,ATL,,,,Risacher,Z. Risacher,,,,,Above the Break 3,24+ Left Center,24.73,Made,,,,,,,10.0,D. Daniels,1630700.0,5.0,,,,,,,,
387,PT11M02.00S,2025-03-16T23:33:50.8Z,3,REGULAR,steal,,[],1630168,,,1610612737,59,65,2025-03-16T23:33:53Z,3770000,False,,,0,,O. Okongwu STEAL (3 STL),[1630168],22400978,1610612737,ATL,,,,Okongwu,O. Okongwu,,,,,Above the Break 3,24+ Left Center,,,,,,,,,,,,,,,,,,,,
390,PT11M00.00S,2025-03-16T23:34:27.9Z,3,REGULAR,freethrow,1 of 2,"['fromturnover', 'fastbreak']",1630168,,,1610612737,59,66,2025-03-16T23:34:27Z,3800000,False,,,0,,O. Okongwu Free Throw 1 of 2 (11 PTS),[1630168],22400978,1610612737,ATL,,,,Okongwu,O. Okongwu,,,,,,,,Made,,,,,,,11.0,,,,,,,,,,,
391,PT11M00.00S,2025-03-16T23:34:53.4Z,3,REGULAR,freethrow,2 of 2,"['fastbreak', 'fromturnover']",1630168,,,1610612737,59,67,2025-03-16T23:34:53Z,3810000,False,,,0,,O. Okongwu Free Throw 2 of 2 (12 PTS),[1630168],22400978,1610612737,ATL,,,,Okongwu,O. Okongwu,,,,,,,,Made,,,,,,,12.0,,,,,,,,,,,
393,PT10M45.00S,2025-03-16T23:35:09.9Z,3,REGULAR,rebound,defensive,[],1630168,,,1610612737,59,67,2025-03-16T23:35:12Z,3830000,False,,,0,,O. Okongwu REBOUND (Off:1 Def:9),[1630168],22400978,1610612737,ATL,,,,Okongwu,O. Okongwu,,,,,In The Paint (Non-RA),0-8 Center,,,,,392.0,10.0,9.0,1.0,,,,,,,,,,,,
394,PT10M43.00S,2025-03-16T23:35:13.3Z,3,REGULAR,2pt,DUNK,"['pointsinthepaint', 'fastbreak']",1642258,93.38042049934296,49.50980392156863,1610612737,59,69,2025-03-16T23:35:21Z,3840000,False,-2.0,10.0,1,right,Z. Risacher running alley-oop DUNK (12 PTS) (D. Daniels 6 AST),"[1642258, 1630700]",22400978,1610612737,ATL,running alley-oop,,,Risacher,Z. Risacher,,,,,Restricted Area,0-8 Center,1.0,Made,,,,,,,12.0,D. Daniels,1630700.0,6.0,,,,,,,,
397,PT10M20.00S,2025-03-16T23:35:36.5Z,3,REGULAR,2pt,Layup,['pointsinthepaint'],1630168,94.03745072273325,42.40196078431372,1610612737,62,69,2025-03-16T23:35:42Z,3870000,False,-38.0,4.0,1,right,MISS O. Okongwu cutting Layup,[1630168],22400978,1610612737,ATL,cutting,,,Okongwu,O. Okongwu,,,,,Restricted Area,0-8 Center,3.82,Missed,,,,,,,,,,,,,,,,,,
400,PT10M06.00S,2025-03-16T23:35:49.6Z,3,REGULAR,rebound,defensive,[],1630168,,,1610612737,62,69,2025-03-16T23:35:53Z,3900000,False,,,0,,O. Okongwu REBOUND (Off:1 Def:10),[1630168],22400978,1610612737,ATL,,,,Okongwu,O. Okongwu,,,,,In The Paint (Non-RA),8-16 Center,,,,,399.0,11.0,10.0,1.0,,,,,,,,,,,,
401,PT10M01.00S,2025-03-16T23:35:55.0Z,3,REGULAR,2pt,Layup,"['pointsinthepaint', 'fastbreak']",1642258,93.51182654402102,46.07843137254902,1610612737,62,71,2025-03-16T23:36:03Z,3910000,False,-20.0,8.0,1,right,Z. Risacher running Layup (14 PTS) (T. Young 6 AST),"[1642258, 1629027]",22400978,1610612737,ATL,running,,,Risacher,Z. Risacher,,,,,Restricted Area,0-8 Center,2.14,Made,,,,,,,14.0,T. Young,1629027.0,6.0,,,,,,,,
404,PT09M40.00S,2025-03-16T23:36:14.8Z,3,REGULAR,rebound,defensive,[],1631243,,,1610612737,62,71,2025-03-16T23:36:19Z,3940000,False,,,0,,M. Gueye REBOUND (Off:1 Def:1),[1631243],22400978,1610612737,ATL,,,,Gueye,M. Gueye,,,,,Left Corner 3,24+ Left,,,,,403.0,2.0,1.0,1.0,,,,,,,,,,,,
405,PT09M26.00S,2025-03-16T23:36:30.4Z,3,REGULAR,2pt,Jump Shot,[],1629027,75.24638633377135,70.34313725490196,1610612737,62,71,2025-03-16T23:39:09Z,3950000,False,102.0,180.0,1,right,MISS T. Young 20' step back Shot,[1629027],22400978,1610612737,ATL,step back,,,Young,T. Young,,,,,Mid-Range,16-24 Right Center,20.69,Missed,,,,,,,,,,,,,,,,,,
406,PT09M25.00S,2025-03-16T23:36:31.4Z,3,REGULAR,rebound,offensive,['team'],0,,,1610612737,62,71,2025-03-16T23:39:09Z,3960000,False,,,0,,TEAM offensive REBOUND,[],22400978,1610612737,ATL,,,,,,,,,,Mid-Range,16-24 Right Center,,,,,405.0,,,,,,,,,,,,,,,
410,PT09M25.00S,2025-03-16T23:37:02.2Z,3,REGULAR,freethrow,1 of 1,[],1629027,,,1610612737,62,72,2025-03-16T23:37:02Z,4000000,False,,,0,,T. Young technical Free Throw 1 of 1 (17 PTS),[1629027],22400978,1610612737,ATL,technical,,,Young,T. Young,,,,,,,,Made,,,,,,,17.0,,,,,,,,,,,
412,PT09M13.00S,2025-03-16T23:37:44.8Z,3,REGULAR,3pt,Jump Shot,['2ndchance'],1642258,75.90341655716163,88.72549019607843,1610612737,62,72,2025-03-16T23:37:54Z,4020000,False,194.0,174.0,1,right,MISS Z. Risacher 26' pullup 3PT,[1642258],22400978,1610612737,ATL,pullup,,,Risacher,Z. Risacher,,,,,Above the Break 3,24+ Right Center,26.03,Missed,,,,,,,,,,,,,,,,,,
414,PT09M13.00S,2025-03-16T23:37:53.5Z,3,REGULAR,foul,personal,[],1631243,,,1610612751,62,72,2025-03-16T23:38:02Z,4040000,False,,,0,,M. Gueye loose ball personal FOUL (2 PF),"[1631243, 1629661]",22400978,1610612737,ATL,loose ball,,,Gueye,M. Gueye,,,,,Mid-Range,16-24 Center,,,,,,,,,,,,,204058.0,,2.0,0.0,Johnson,1629661.0,,
417,PT08M48.00S,2025-03-16T23:38:34.5Z,3,REGULAR,turnover,traveling,[],1630700,,,1610612737,64,72,2025-03-16T23:38:41Z,4070000,False,,,0,,D. Daniels traveling TURNOVER (3 TO),[1630700],22400978,1610612737,ATL,,,,Daniels,D. Daniels,,,,,In The Paint (Non-RA),8-16 Center,,,,,,,,,,,,,1627962.0,3.0,,,,,,
421,PT08M12.00S,2025-03-16T23:39:26.0Z,3,REGULAR,3pt,Jump Shot,[],1630700,66.96780551905388,47.794117647058826,1610612737,66,75,2025-03-16T23:41:24Z,4100000,False,-11.0,258.0,1,right,D. Daniels 25' 3PT  (8 PTS) (T. Young 7 AST),"[1630700, 1629027]",22400978,1610612737,ATL,,,,Daniels,D. Daniels,,,,,Above the Break 3,24+ Center,25.82,Made,,,,,,,8.0,T. Young,1629027.0,7.0,,,,,,,,
424,PT07M49.00S,2025-03-16T23:39:49.6Z,3,REGULAR,block,,[],1631243,,,1610612751,66,75,2025-03-16T23:39:51Z,4130000,False,,,0,,M. Gueye BLOCK (3 BLK),[1631243],22400978,1610612737,ATL,,,,Gueye,M. Gueye,,,,,Restricted Area,0-8 Center,,,,,,,,,,,,,,,,,,,,
430,PT07M33.00S,2025-03-16T23:40:25.2Z,3,REGULAR,rebound,defensive,[],1630168,,,1610612737,66,75,2025-03-16T23:40:26Z,4190000,False,,,0,,O. Okongwu REBOUND (Off:1 Def:11),[1630168],22400978,1610612737,ATL,,,,Okongwu,O. Okongwu,,,,,Restricted Area,0-8 Center,,,,,429.0,12.0,11.0,1.0,,,,,,,,,,,,
431,PT07M25.00S,2025-03-16T23:40:33.2Z,3,REGULAR,3pt,Jump Shot,[],1631243,90.22667542706965,96.32352941176471,1610612737,66,75,2025-03-16T23:40:37Z,4200000,False,232.0,39.0,1,right,MISS M. Gueye 3PT,[1631243],22400978,1610612737,ATL,,,,Gueye,M. Gueye,,,,,Right Corner 3,24+ Right,23.49,Missed,,,,,,,,,,,,,,,,,,
434,PT07M06.00S,2025-03-16T23:40:51.7Z,3,REGULAR,2pt,Jump Shot,['pointsinthepaint'],1629027,89.04402102496715,46.07843137254902,1610612737,68,75,2025-03-16T23:40:55Z,4230000,False,-20.0,50.0,1,right,MISS T. Young driving floating bank Shot,[1629027],22400978,1610612737,ATL,driving floating bank,,,Young,T. Young,,,,,In The Paint (Non-RA),0-8 Center,5.42,Missed,,,,,,,,,,,,,,,,,,
435,PT07M05.00S,2025-03-16T23:40:52.7Z,3,REGULAR,rebound,offensive,[],1630700,,,1610612737,68,75,2025-03-16T23:40:55Z,4240000,False,,,0,,D. Daniels REBOUND (Off:1 Def:1),[1630700],22400978,1610612737,ATL,,,,Daniels,D. Daniels,,,,,In The Paint (Non-RA),0-8 Center,,,,,434.0,2.0,1.0,1.0,,,,,,,,,,,,
436,PT07M05.00S,2025-03-16T23:40:55.7Z,3,REGULAR,2pt,Layup,"['pointsinthepaint', '2ndchance', 'defensivegoaltending']",1630700,93.51182654402102,48.28431372549019,1610612737,68,77,2025-03-16T23:41:23Z,4250000,False,-9.0,8.0,1,right,D. Daniels putback Layup (10 PTS),[1630700],22400978,1610612737,ATL,putback,,,Daniels,D. Daniels,,,,,Restricted Area,0-8 Center,1.21,Made,,,,,,,10.0,,,,,,,,,,,
442,PT06M34.00S,2025-03-16T23:41:54.7Z,3,REGULAR,3pt,Jump Shot,[],1642258,89.70105124835742,95.58823529411765,1610612737,70,77,2025-03-16T23:41:58Z,4300000,False,228.0,44.0,1,right,MISS Z. Risacher 3PT,[1642258],22400978,1610612737,ATL,,,,Risacher,Z. Risacher,,,,,Right Corner 3,24+ Right,23.22,Missed,,,,,,,,,,,,,,,,,,
446,PT06M25.00S,2025-03-16T23:42:09.7Z,3,REGULAR,substitution,out,[],1629027,,,1610612751,70,77,2025-03-16T23:45:12Z,4340000,False,,,0,,SUB out: T. Young,[1629027],22400978,1610612737,ATL,,,,Young,T. Young,,,,,,,,,,,,,,,,,,,,,,,,,,
447,PT06M25.00S,2025-03-16T23:42:09.7Z,3,REGULAR,substitution,out,[],1631243,,,1610612751,70,77,2025-03-16T23:45:12Z,4350000,False,,,0,,SUB out: M. Gueye,[1631243],22400978,1610612737,ATL,,,,Gueye,M. Gueye,,,,,,,,,,,,,,,,,,,,,,,,,,
449,PT06M25.00S,2025-03-16T23:42:09.7Z,3,REGULAR,substitution,in,[],1630249,,,1610612751,70,77,2025-03-16T23:45:12Z,4370000,False,,,0,,SUB in: V. Krejčí,[1630249],22400978,1610612737,ATL,,,,Krejčí,V. Krejčí,,,,,,,,,,,,,,,,,,,,,,,,,,
450,PT06M25.00S,2025-03-16T23:42:09.7Z,3,REGULAR,substitution,in,[],1627777,,,1610612751,70,77,2025-03-16T23:45:12Z,4380000,False,,,0,,SUB in: G. Niang,[1627777],22400978,1610612737,ATL,,,,Niang,G. Niang,,,,,,,,,,,,,,,,,,,,,,,,,,
451,PT06M22.00S,2025-03-16T23:45:26.9Z,3,REGULAR,foul,personal,[],1630249,,,1610612751,70,77,2025-03-16T23:45:35Z,4390000,False,,,0,,V. Krejčí personal FOUL (3 PF),"[1630249, 1630570]",22400978,1610612737,ATL,,,,Krejčí,V. Krejčí,,,,,Mid-Range,8-16 Left,,,,,,,,,,,,,204058.0,,3.0,0.0,Watford,1630570.0,,
454,PT06M04.00S,2025-03-16T23:46:02.5Z,3,REGULAR,rebound,defensive,[],1630700,,,1610612737,70,77,2025-03-16T23:46:04Z,4420000,False,,,0,,D. Daniels REBOUND (Off:1 Def:2),[1630700],22400978,1610612737,ATL,,,,Daniels,D. Daniels,,,,,Mid-Range,8-16 Left,,,,,453.0,3.0,2.0,1.0,,,,,,,,,,,,
455,PT05M42.00S,2025-03-16T23:46:24.7Z,3,REGULAR,2pt,Hook,['pointsinthepaint'],1642258,90.62089356110381,43.872549019607845,1610612737,70,79,2025-03-16T23:46:31Z,4430000,False,-31.0,36.0,1,right,Z. Risacher turnaround Hook (16 PTS),[1642258],22400978,1610612737,ATL,turnaround,,,Risacher,Z. Risacher,,,,,In The Paint (Non-RA),0-8 Center,4.7,Made,,,,,,,16.0,,,,,,,,,,,
458,PT05M17.00S,2025-03-16T23:46:48.7Z,3,REGULAR,2pt,Jump Shot,['pointsinthepaint'],1630168,86.15308804204993,50.49019607843137,1610612737,73,81,2025-03-16T23:46:52Z,4460000,False,2.0,78.0,1,right,O. Okongwu 7' floating Jump Shot (14 PTS) (D. Daniels 7 AST),"[1630168, 1630700]",22400978,1610612737,ATL,floating,,,Okongwu,O. Okongwu,,,,,In The Paint (Non-RA),0-8 Center,7.77,Made,,,,,,,14.0,D. Daniels,1630700.0,7.0,,,,,,,,
461,PT04M53.00S,2025-03-16T23:47:13.3Z,3,REGULAR,2pt,Layup,['pointsinthepaint'],1630700,93.11760840998686,46.32352941176471,1610612737,75,83,2025-03-16T23:47:16Z,4490000,False,-18.0,12.0,1,right,D. Daniels driving finger roll Layup (12 PTS),[1630700],22400978,1610612737,ATL,driving finger roll,,,Daniels,D. Daniels,,,,,Restricted Area,0-8 Center,2.21,Made,,,,,,,12.0,,,,,,,,,,,
462,PT04M44.00S,2025-03-16T23:47:24.2Z,3,REGULAR,foul,personal,['2freethrow'],1627777,,,1610612751,75,83,2025-03-16T23:47:38Z,4500000,False,,,0,,G. Niang shooting personal FOUL (3 PF) (Johnson 2 FT),"[1627777, 1629661]",22400978,1610612737,ATL,shooting,,,Niang,G. Niang,,,,,In The Paint (Non-RA),0-8 Center,,,,,,,,,,,,,1627962.0,,3.0,0.0,Johnson,1629661.0,,
472,PT04M44.00S,2025-03-16T23:48:05.5Z,3,REGULAR,substitution,in,[],1629611,,,1610612751,76,83,2025-03-16T23:48:20Z,4600000,False,,,0,,SUB in: T. Mann,[1629611],22400978,1610612737,ATL,,,,Mann,T. Mann,,,,,,,,,,,,,,,,,,,,,,,,,,
471,PT04M44.00S,2025-03-16T23:48:05.5Z,3,REGULAR,substitution,in,[],1631230,,,1610612751,76,83,2025-03-16T23:48:20Z,4590000,False,,,0,,SUB in: D. Barlow,[1631230],22400978,1610612737,ATL,,,,Barlow,D. Barlow,,,,,,,,,,,,,,,,,,,,,,,,,,
467,PT04M44.00S,2025-03-16T23:48:05.5Z,3,REGULAR,substitution,out,[],1642258,,,1610612751,76,83,2025-03-16T23:48:20Z,4550000,False,,,0,,SUB out: Z. Risacher,[1642258],22400978,1610612737,ATL,,,,Risacher,Z. Risacher,,,,,,,,,,,,,,,,,,,,,,,,,,
468,PT04M44.00S,2025-03-16T23:48:05.5Z,3,REGULAR,substitution,out,[],1630168,,,1610612751,76,83,2025-03-16T23:48:20Z,4560000,False,,,0,,SUB out: O. Okongwu,[1630168],22400978,1610612737,ATL,,,,Okongwu,O. Okongwu,,,,,,,,,,,,,,,,,,,,,,,,,,
474,PT04M28.00S,2025-03-16T23:48:44.4Z,3,REGULAR,2pt,Layup,['pointsinthepaint'],1630700,91.93495400788436,58.57843137254902,1610612737,77,83,2025-03-16T23:48:49Z,4620000,False,43.0,23.0,1,right,MISS D. Daniels driving Layup,[1630700],22400978,1610612737,ATL,driving,,,Daniels,D. Daniels,,,,,In The Paint (Non-RA),0-8 Center,4.88,Missed,,,,,,,,,,,,,,,,,,
477,PT04M21.00S,2025-03-16T23:48:52.6Z,3,REGULAR,steal,,[],1627777,,,1610612737,77,83,2025-03-16T23:48:56Z,4650000,False,,,0,,G. Niang STEAL (1 STL),[1627777],22400978,1610612737,ATL,,,,Niang,G. Niang,,,,,In The Paint (Non-RA),0-8 Center,,,,,,,,,,,,,,,,,,,,
478,PT04M21.00S,2025-03-16T23:48:57.1Z,3,REGULAR,foul,technical,['1freethrow'],1630700,,,1610612737,77,83,2025-03-16T23:49:20Z,4660000,False,,,0,,D. Daniels technical FOUL (1 Tech),[1630700],22400978,1610612737,ATL,,,,Daniels,D. Daniels,,,,,In The Paint (Non-RA),8-16 Center,,,,,,,,,,,,,1627962.0,,0.0,1.0,,,,
480,PT04M21.00S,2025-03-16T23:49:33.7Z,3,REGULAR,violation,delay-of-game,['team'],0,,,1610612737,78,83,2025-03-16T23:49:46Z,4680000,False,,,0,,TEAM delay-of-game VIOLATION,[],22400978,1610612737,ATL,,,,,,,,,,,,,,,,,,,,,,,,1627962.0,,,,,,,
483,PT04M08.00S,2025-03-16T23:50:09.1Z,3,REGULAR,3pt,Jump Shot,['fromturnover'],1627777,78.53153745072274,91.66666666666666,1610612737,78,83,2025-03-16T23:50:17Z,4710000,False,208.0,149.0,1,right,MISS G. Niang 25' 3PT,[1627777],22400978,1610612737,ATL,,,,Niang,G. Niang,,,,,Above the Break 3,24+ Right Center,25.63,Missed,,,,,,,,,,,,,,,,,,
488,PT03M32.00S,2025-03-16T23:50:45.3Z,3,REGULAR,rebound,defensive,[],1630700,,,1610612737,78,83,2025-03-16T23:50:47Z,4760000,False,,,0,,D. Daniels REBOUND (Off:1 Def:3),[1630700],22400978,1610612737,ATL,,,,Daniels,D. Daniels,,,,,Above the Break 3,24+ Center,,,,,487.0,4.0,3.0,1.0,,,,,,,,,,,,
489,PT03M25.00S,2025-03-16T23:50:53.3Z,3,REGULAR,3pt,Jump Shot,[],1630249,68.41327201051249,69.6078431372549,1610612737,78,86,2025-03-16T23:50:58Z,4770000,False,98.0,244.0,1,right,V. Krejčí 26' 3PT  (6 PTS) (D. Barlow 1 AST),"[1630249, 1631230]",22400978,1610612737,ATL,,,,Krejčí,V. Krejčí,,,,,Above the Break 3,24+ Right Center,26.33,Made,,,,,,,6.0,D. Barlow,1631230.0,1.0,,,,,,,,
492,PT02M59.00S,2025-03-16T23:51:17.7Z,3,REGULAR,block,,[],1631230,,,1610612751,78,86,2025-03-16T23:51:20Z,4800000,False,,,0,,D. Barlow BLOCK (2 BLK),[1631230],22400978,1610612737,ATL,,,,Barlow,D. Barlow,,,,,In The Paint (Non-RA),0-8 Center,,,,,,,,,,,,,,,,,,,,
493,PT02M57.00S,2025-03-16T23:51:19.7Z,3,REGULAR,rebound,defensive,[],1631230,,,1610612737,78,86,2025-03-16T23:51:48Z,4810000,False,,,0,,D. Barlow REBOUND (Off:0 Def:1),[1631230],22400978,1610612737,ATL,,,,Barlow,D. Barlow,,,,,In The Paint (Non-RA),0-8 Center,,,,,491.0,1.0,1.0,0.0,,,,,,,,,,,,
497,PT02M55.00S,2025-03-16T23:51:47.8Z,3,REGULAR,timeout,full,"['team', 'mandatory']",0,,,1610612737,78,86,2025-03-16T23:51:47Z,4830000,False,,,0,,ATL Timeout,[],22400978,1610612737,ATL,,,,,,,,,,,,,,,,,,,,,,,,,,,,,,,
499,PT02M55.00S,2025-03-16T23:53:50.0Z,3,REGULAR,substitution,out,[],1630700,,,1610612737,78,86,2025-03-16T23:54:07Z,4840000,False,,,0,,SUB out: D. Daniels,[1630700],22400978,1610612737,ATL,,,,Daniels,D. Daniels,,,,,,,,,,,,,,,,,,,,,,,,,,
500,PT02M55.00S,2025-03-16T23:53:50.0Z,3,REGULAR,substitution,in,[],1629027,,,1610612737,78,86,2025-03-16T23:54:07Z,4850000,False,,,0,,SUB in: T. Young,[1629027],22400978,1610612737,ATL,,,,Young,T. Young,,,,,,,,,,,,,,,,,,,,,,,,,,
501,PT02M52.00S,2025-03-16T23:54:34.9Z,3,REGULAR,turnover,bad pass,[],1629027,,,1610612737,78,86,2025-03-16T23:54:38Z,4860000,False,,,0,,T. Young bad pass TURNOVER (3 TO),"[1629027, 1630553]",22400978,1610612737,ATL,,,,Young,T. Young,,,,,In The Paint (Non-RA),8-16 Center,,,,,,,,,,,,,,3.0,,,,,Johnson,1630553.0
506,PT02M28.00S,2025-03-16T23:54:59.2Z,3,REGULAR,2pt,Layup,['pointsinthepaint'],1631230,90.88370565045992,54.41176470588235,1610612737,81,86,2025-03-16T23:56:20Z,4910000,False,22.0,33.0,1,right,MISS D. Barlow alley-oop Layup - blocked,"[1631230, 1630570]",22400978,1610612737,ATL,alley-oop,,,Barlow,D. Barlow,,,,,Restricted Area,0-8 Center,3.99,Missed,Watford,1630570.0,,,,,,,,,,,,,,,,
509,PT02M24.00S,2025-03-16T23:55:03.2Z,3,REGULAR,rebound,offensive,[],1627777,,,1610612737,81,86,2025-03-16T23:55:04Z,4930000,False,,,0,,G. Niang REBOUND (Off:2 Def:2),[1627777],22400978,1610612737,ATL,,,,Niang,G. Niang,,,,,Restricted Area,0-8 Center,,,,,506.0,4.0,2.0,2.0,,,,,,,,,,,,
510,PT02M23.00S,2025-03-16T23:55:03.9Z,3,REGULAR,2pt,Jump Shot,['2ndchance'],1627777,91.14651773981603,27.941176470588236,1610612737,81,86,2025-03-16T23:56:38Z,4940000,False,-110.0,31.0,1,right,MISS G. Niang 11' driving floating Shot,[1627777],22400978,1610612737,ATL,driving floating,,,Niang,G. Niang,,,,,Mid-Range,8-16 Left,11.45,Missed,,,,,,,,,,,,,,,,,,
511,PT02M23.00S,2025-03-16T23:55:06.3Z,3,REGULAR,rebound,offensive,['team'],0,,,1610612737,81,86,2025-03-16T23:55:06Z,4950000,False,,,0,,TEAM offensive REBOUND,[],22400978,1610612737,ATL,,,,,,,,,,Mid-Range,8-16 Left,,,,,510.0,,,,,,,,,,,,,,,
513,PT02M13.00S,2025-03-16T23:55:28.5Z,3,REGULAR,3pt,Jump Shot,['2ndchance'],1629027,69.33311432325887,70.58823529411765,1610612737,81,86,2025-03-16T23:55:35Z,4970000,False,103.0,236.0,1,right,MISS T. Young 25' step back 3PT,[1629027],22400978,1610612737,ATL,step back,,,Young,T. Young,,,,,Above the Break 3,24+ Right Center,25.73,Missed,,,,,,,,,,,,,,,,,,
522,PT01M26.00S,2025-03-16T23:56:50.9Z,3,REGULAR,2pt,Jump Shot,['pointsinthepaint'],1629027,86.81011826544021,54.90196078431373,1610612737,84,88,2025-03-16T23:56:58Z,5060000,False,25.0,71.0,1,right,T. Young 7' driving floating Jump Shot (19 PTS) (D. Barlow 2 AST),"[1629027, 1631230]",22400978,1610612737,ATL,driving floating,,,Young,T. Young,,,,,In The Paint (Non-RA),0-8 Center,7.56,Made,,,,,,,19.0,D. Barlow,1631230.0,2.0,,,,,,,,
534,PT01M11.00S,2025-03-16T23:57:05.3Z,3,REGULAR,block,,[],1631230,,,1610612751,84,88,2025-03-16T23:57:42Z,5085000,False,,,0,,D. Barlow BLOCK (3 BLK),[1631230],22400978,1610612737,ATL,,,,Barlow,D. Barlow,,,,,Restricted Area,0-8 Center,,,,,,,,,,,,,,,,,,,,
525,PT01M07.00S,2025-03-16T23:57:09.3Z,3,REGULAR,rebound,defensive,[],1629027,,,1610612737,84,88,2025-03-16T23:58:01Z,5090000,False,,,0,,T. Young REBOUND (Off:0 Def:2),[1629027],22400978,1610612737,ATL,,,,Young,T. Young,,,,,Restricted Area,0-8 Center,,,,,524.0,2.0,2.0,0.0,,,,,,,,,,,,
528,PT01M03.00S,2025-03-16T23:57:13.0Z,3,REGULAR,turnover,bad pass,[],1629027,,,1610612737,84,88,2025-03-16T23:57:16Z,5120000,False,,,0,,T. Young bad pass TURNOVER (4 TO),"[1629027, 1641721]",22400978,1610612737,ATL,,,,Young,T. Young,,,,,Above the Break 3,24+ Center,,,,,,,,,,,,,,4.0,,,,,Lewis,1641721.0
532,PT00M50.00S,2025-03-16T23:57:31.0Z,3,REGULAR,2pt,Layup,['pointsinthepaint'],1629611,92.06636005256242,52.20588235294118,1610612737,86,90,2025-03-16T23:59:26Z,5160000,False,11.0,22.0,1,right,T. Mann driving finger roll Layup (11 PTS) (G. Niang 1 AST),"[1629611, 1627777]",22400978,1610612737,ATL,driving finger roll,,,Mann,T. Mann,,,,,Restricted Area,0-8 Center,2.47,Made,,,,,,,11.0,G. Niang,1627777.0,1.0,,,,,,,,
538,PT00M27.40S,2025-03-16T23:58:33.2Z,3,REGULAR,freethrow,1 of 2,[],1629027,,,1610612737,88,91,2025-03-16T23:58:33Z,5210000,False,,,0,,T. Young Free Throw 1 of 2 (20 PTS),[1629027],22400978,1610612737,ATL,,,,Young,T. Young,,,,,,,,Made,,,,,,,20.0,,,,,,,,,,,
539,PT00M27.40S,2025-03-16T23:58:47.6Z,3,REGULAR,freethrow,2 of 2,[],1629027,,,1610612737,88,92,2025-03-16T23:58:47Z,5220000,False,,,0,,T. Young Free Throw 2 of 2 (21 PTS),[1629027],22400978,1610612737,ATL,,,,Young,T. Young,,,,,,,,Made,,,,,,,21.0,,,,,,,,,,,
542,PT00M00.00S,2025-03-16T23:59:28.9Z,3,REGULAR,2pt,Jump Shot,[],1629611,78.9257555847569,54.166666666666664,1610612737,91,92,2025-03-16T23:59:36Z,5250000,False,21.0,146.0,1,right,MISS T. Mann 14' driving floating Shot,[1629611],22400978,1610612737,ATL,driving floating,,,Mann,T. Mann,,,,,Mid-Range,8-16 Center,14.71,Missed,,,,,,,,,,,,,,,,,,
543,PT00M00.00S,2025-03-16T23:59:30.3Z,3,REGULAR,rebound,offensive,['team'],0,,,1610612737,91,92,2025-03-16T23:59:30Z,5260000,False,,,0,,TEAM offensive REBOUND,[],22400978,1610612737,ATL,,,,,,,,,,Mid-Range,8-16 Center,,,,,542.0,,,,,,,,,,,,,,,
552,PT11M21.00S,2025-03-17T00:02:59.2Z,4,REGULAR,2pt,Jump Shot,['pointsinthepaint'],1629027,90.09526938239159,50.98039215686274,1610612737,93,92,2025-03-17T00:04:26Z,5350000,False,5.0,41.0,1,right,MISS T. Young driving floating bank Shot,[1629027],22400978,1610612737,ATL,driving floating bank,,,Young,T. Young,,,,,Restricted Area,0-8 Center,4.09,Missed,,,,,,,,,,,,,,,,,,
560,PT11M11.00S,2025-03-17T00:03:13.2Z,4,REGULAR,substitution,in,[],1642258,,,1610612751,93,92,2025-03-17T00:03:29Z,5430000,False,,,0,,SUB in: Z. Risacher,[1642258],22400978,1610612737,ATL,,,,Risacher,Z. Risacher,,,,,,,,,,,,,,,,,,,,,,,,,,
559,PT11M11.00S,2025-03-17T00:03:13.2Z,4,REGULAR,substitution,out,[],1630249,,,1610612751,93,92,2025-03-17T00:03:29Z,5420000,False,,,0,,SUB out: V. Krejčí,[1630249],22400978,1610612737,ATL,,,,Krejčí,V. Krejčí,,,,,,,,,,,,,,,,,,,,,,,,,,
564,PT10M51.00S,2025-03-17T00:03:56.1Z,4,REGULAR,rebound,defensive,[],1629027,,,1610612737,93,92,2025-03-17T00:03:58Z,5470000,False,,,0,,T. Young REBOUND (Off:0 Def:3),[1629027],22400978,1610612737,ATL,,,,Young,T. Young,,,,,In The Paint (Non-RA),0-8 Center,,,,,563.0,3.0,3.0,0.0,,,,,,,,,,,,
565,PT10M49.00S,2025-03-17T00:03:58.4Z,4,REGULAR,3pt,Jump Shot,['fastbreak'],1627777,75.24638633377135,87.00980392156863,1610612737,93,92,2025-03-17T00:04:12Z,5480000,False,185.0,180.0,1,right,MISS G. Niang 25' running 3PT,[1627777],22400978,1610612737,ATL,running,,,Niang,G. Niang,,,,,Above the Break 3,24+ Right Center,25.83,Missed,,,,,,,,,,,,,,,,,,
569,PT10M14.00S,2025-03-17T00:04:57.4Z,4,REGULAR,2pt,Jump Shot,['pointsinthepaint'],1629611,82.7365308804205,43.872549019607845,1610612737,95,94,2025-03-17T00:07:06Z,5520000,False,-31.0,110.0,1,right,T. Mann 11' step back Jump Shot (13 PTS),[1629611],22400978,1610612737,ATL,step back,,,Mann,T. Mann,,,,,In The Paint (Non-RA),8-16 Center,11.4,Made,,,,,,,13.0,,,,,,,,,,,
572,PT09M32.00S,2025-03-17T00:05:39.4Z,4,REGULAR,2pt,Hook,['pointsinthepaint'],1627777,90.75229960578186,40.44117647058824,1610612737,97,96,2025-03-17T00:05:44Z,5550000,False,-48.0,34.0,1,right,G. Niang turnaround Hook (12 PTS) (T. Young 8 AST),"[1627777, 1629027]",22400978,1610612737,ATL,turnaround,,,Niang,G. Niang,,,,,In The Paint (Non-RA),0-8 Center,5.89,Made,,,,,,,12.0,T. Young,1629027.0,8.0,,,,,,,,
575,PT08M56.00S,2025-03-17T00:06:15.6Z,4,REGULAR,2pt,Layup,['pointsinthepaint'],1629027,93.38042049934296,45.34313725490196,1610612737,99,98,2025-03-17T00:06:20Z,5580000,False,-23.0,10.0,1,right,T. Young driving reverse Layup (23 PTS),[1629027],22400978,1610612737,ATL,driving reverse,,,Young,T. Young,,,,,Restricted Area,0-8 Center,2.52,Made,,,,,,,23.0,,,,,,,,,,,
580,PT08M25.00S,2025-03-17T00:06:58.7Z,4,REGULAR,timeout,full,"['team', 'mandatory']",0,,,1610612737,102,98,2025-03-17T00:06:58Z,5630000,False,,,0,,ATL Timeout,[],22400978,1610612737,ATL,,,,,,,,,,,,,,,,,,,,,,,,,,,,,,,
586,PT08M25.00S,2025-03-17T00:06:59.9Z,4,REGULAR,substitution,in,[],1630168,,,1610612737,102,98,2025-03-17T00:09:23Z,5690000,False,,,0,,SUB in: O. Okongwu,[1630168],22400978,1610612737,ATL,,,,Okongwu,O. Okongwu,,,,,,,,,,,,,,,,,,,,,,,,,,
585,PT08M25.00S,2025-03-17T00:06:59.9Z,4,REGULAR,substitution,in,[],1631243,,,1610612737,102,98,2025-03-17T00:09:23Z,5680000,False,,,0,,SUB in: M. Gueye,[1631243],22400978,1610612737,ATL,,,,Gueye,M. Gueye,,,,,,,,,,,,,,,,,,,,,,,,,,
584,PT08M25.00S,2025-03-17T00:06:59.9Z,4,REGULAR,substitution,in,[],1630700,,,1610612737,102,98,2025-03-17T00:09:23Z,5670000,False,,,0,,SUB in: D. Daniels,[1630700],22400978,1610612737,ATL,,,,Daniels,D. Daniels,,,,,,,,,,,,,,,,,,,,,,,,,,
582,PT08M25.00S,2025-03-17T00:06:59.9Z,4,REGULAR,substitution,out,[],1629027,,,1610612737,102,98,2025-03-17T00:09:23Z,5650000,False,,,0,,SUB out: T. Young,[1629027],22400978,1610612737,ATL,,,,Young,T. Young,,,,,,,,,,,,,,,,,,,,,,,,,,
581,PT08M25.00S,2025-03-17T00:06:59.9Z,4,REGULAR,substitution,out,[],1631230,,,1610612737,102,98,2025-03-17T00:09:23Z,5640000,False,,,0,,SUB out: D. Barlow,[1631230],22400978,1610612737,ATL,,,,Barlow,D. Barlow,,,,,,,,,,,,,,,,,,,,,,,,,,
583,PT08M25.00S,2025-03-17T00:06:59.9Z,4,REGULAR,substitution,out,[],1627777,,,1610612737,102,98,2025-03-17T00:09:23Z,5660000,False,,,0,,SUB out: G. Niang,[1627777],22400978,1610612737,ATL,,,,Niang,G. Niang,,,,,,,,,,,,,,,,,,,,,,,,,,
587,PT08M10.00S,2025-03-17T00:10:00.1Z,4,REGULAR,2pt,Jump Shot,[],1629611,90.22667542706965,22.794117647058822,1610612737,102,98,2025-03-17T00:10:04Z,5700000,False,-136.0,39.0,1,right,MISS T. Mann 14' fadeaway Shot,[1629611],22400978,1610612737,ATL,fadeaway,,,Mann,T. Mann,,,,,Mid-Range,8-16 Left,14.16,Missed,,,,,,,,,,,,,,,,,,
591,PT07M39.00S,2025-03-17T00:10:30.4Z,4,REGULAR,3pt,Jump Shot,[],1631243,92.46057818659659,3.431372549019608,1610612737,104,98,2025-03-17T00:10:34Z,5740000,False,-233.0,18.0,1,right,MISS M. Gueye 3PT,[1631243],22400978,1610612737,ATL,,,,Gueye,M. Gueye,,,,,Left Corner 3,24+ Left,23.35,Missed,,,,,,,,,,,,,,,,,,
593,PT07M21.00S,2025-03-17T00:10:51.2Z,4,REGULAR,foul,personal,['2freethrow'],1630168,,,1610612751,104,98,2025-03-17T00:11:00Z,5760000,False,,,0,,O. Okongwu shooting personal FOUL (2 PF) (Johnson 2 FT),"[1630168, 1629661]",22400978,1610612737,ATL,shooting,,,Okongwu,O. Okongwu,,,,,Mid-Range,8-16 Right,,,,,,,,,,,,,204058.0,,2.0,0.0,Johnson,1629661.0,,
603,PT07M21.00S,2025-03-17T00:11:25.2Z,4,REGULAR,substitution,in,[],1629027,,,1610612751,105,98,2025-03-17T00:11:55Z,5860000,False,,,0,,SUB in: T. Young,[1629027],22400978,1610612737,ATL,,,,Young,T. Young,,,,,,,,,,,,,,,,,,,,,,,,,,
599,PT07M21.00S,2025-03-17T00:11:25.2Z,4,REGULAR,substitution,out,[],1631243,,,1610612751,105,98,2025-03-17T00:11:55Z,5820000,False,,,0,,SUB out: M. Gueye,[1631243],22400978,1610612737,ATL,,,,Gueye,M. Gueye,,,,,,,,,,,,,,,,,,,,,,,,,,
605,PT07M06.00S,2025-03-17T00:12:11.3Z,4,REGULAR,2pt,Jump Shot,['pointsinthepaint'],1629027,86.41590013140605,37.00980392156863,1610612737,106,98,2025-03-17T00:12:34Z,5880000,False,-65.0,75.0,1,right,MISS T. Young 9' driving floating Shot,[1629027],22400978,1610612737,ATL,driving floating,,,Young,T. Young,,,,,In The Paint (Non-RA),8-16 Left,9.94,Missed,,,,,,,,,,,,,,,,,,
609,PT06M47.00S,2025-03-17T00:12:33.5Z,4,REGULAR,2pt,Layup,['pointsinthepaint'],1630168,93.11760840998686,55.88235294117647,1610612737,109,100,2025-03-17T00:12:41Z,5920000,False,29.0,12.0,1,right,O. Okongwu cutting Layup (16 PTS) (T. Young 9 AST),"[1630168, 1629027]",22400978,1610612737,ATL,cutting,,,Okongwu,O. Okongwu,,,,,Restricted Area,0-8 Center,3.18,Made,,,,,,,16.0,T. Young,1629027.0,9.0,,,,,,,,
615,PT06M47.00S,2025-03-17T00:13:05.5Z,4,REGULAR,freethrow,1 of 1,[],1630168,,,1610612737,109,101,2025-03-17T00:13:05Z,5980000,False,,,0,,O. Okongwu Free Throw 1 of 1 (17 PTS),[1630168],22400978,1610612737,ATL,,,,Okongwu,O. Okongwu,,,,,,,,Made,,,,,,,17.0,,,,,,,,,,,
618,PT06M12.00S,2025-03-17T00:13:43.1Z,4,REGULAR,2pt,Layup,['pointsinthepaint'],1630700,93.51182654402102,50.49019607843137,1610612737,111,103,2025-03-17T00:13:48Z,6010000,False,2.0,8.0,1,right,D. Daniels cutting Layup (14 PTS) (T. Young 10 AST),"[1630700, 1629027]",22400978,1610612737,ATL,cutting,,,Daniels,D. Daniels,,,,,Restricted Area,0-8 Center,0.89,Made,,,,,,,14.0,T. Young,1629027.0,10.0,,,,,,,,
623,PT05M55.00S,2025-03-17T00:14:00.2Z,4,REGULAR,block,,[],1630168,,,1610612751,111,103,2025-03-17T00:14:02Z,6060000,False,,,0,,O. Okongwu BLOCK (3 BLK),[1630168],22400978,1610612737,ATL,,,,Okongwu,O. Okongwu,,,,,In The Paint (Non-RA),0-8 Center,,,,,,,,,,,,,,,,,,,,
624,PT05M53.00S,2025-03-17T00:14:02.2Z,4,REGULAR,rebound,defensive,[],1629027,,,1610612737,111,103,2025-03-17T00:14:05Z,6070000,False,,,0,,T. Young REBOUND (Off:0 Def:4),[1629027],22400978,1610612737,ATL,,,,Young,T. Young,,,,,In The Paint (Non-RA),0-8 Center,,,,,622.0,4.0,4.0,0.0,,,,,,,,,,,,
625,PT05M46.00S,2025-03-17T00:14:08.6Z,4,REGULAR,3pt,Jump Shot,[],1642258,78.40013140604468,7.352941176470589,1610612737,111,103,2025-03-17T00:15:03Z,6080000,False,-213.0,151.0,1,right,MISS Z. Risacher 26' 3PT,[1642258],22400978,1610612737,ATL,,,,Risacher,Z. Risacher,,,,,Above the Break 3,24+ Left Center,26.1,Missed,,,,,,,,,,,,,,,,,,
630,PT05M39.00S,2025-03-17T00:14:15.6Z,4,REGULAR,rebound,defensive,[],1630168,,,1610612737,111,103,2025-03-17T00:14:52Z,6105000,False,,,0,,O. Okongwu REBOUND (Off:1 Def:12),[1630168],22400978,1610612737,ATL,,,,Okongwu,O. Okongwu,,,,,Right Corner 3,24+ Right,,,,,627.0,13.0,12.0,1.0,,,,,,,,,,,,
628,PT05M33.00S,2025-03-17T00:14:33.4Z,4,REGULAR,substitution,out,[],1642258,,,1610612737,111,103,2025-03-17T00:14:52Z,6110000,False,,,0,,SUB out: Z. Risacher,[1642258],22400978,1610612737,ATL,,,,Risacher,Z. Risacher,,,,,,,,,,,,,,,,,,,,,,,,,,
629,PT05M33.00S,2025-03-17T00:14:33.4Z,4,REGULAR,substitution,in,[],1630249,,,1610612737,111,103,2025-03-17T00:14:52Z,6120000,False,,,0,,SUB in: V. Krejčí,[1630249],22400978,1610612737,ATL,,,,Krejčí,V. Krejčí,,,,,,,,,,,,,,,,,,,,,,,,,,
639,PT05M28.00S,2025-03-17T00:14:55.4Z,4,REGULAR,turnover,lost ball,[],1630168,,,1610612737,111,103,2025-03-17T00:16:47Z,6125000,False,,,0,,O. Okongwu lost ball TURNOVER (1 TO),"[1630168, 1629651]",22400978,1610612737,ATL,,,,Okongwu,O. Okongwu,,,,,In The Paint (Non-RA),0-8 Center,,,,,,,,,,,,,,1.0,,,,,Claxton,1629651.0
637,PT05M13.00S,2025-03-17T00:16:02.0Z,4,REGULAR,rebound,defensive,[],1629027,,,1610612737,111,103,2025-03-17T00:17:08Z,6190000,False,,,0,,T. Young REBOUND (Off:0 Def:5),[1629027],22400978,1610612737,ATL,,,,Young,T. Young,,,,,Mid-Range,16-24 Center,,,,,636.0,5.0,5.0,0.0,,,,,,,,,,,,
638,PT05M07.00S,2025-03-17T00:16:08.3Z,4,REGULAR,3pt,Jump Shot,['fastbreak'],1629027,68.80749014454665,75.49019607843137,1610612737,111,106,2025-03-17T00:18:01Z,6200000,False,127.0,241.0,1,right,T. Young 27' 3PT step back (26 PTS),[1629027],22400978,1610612737,ATL,step back,,,Young,T. Young,,,,,Above the Break 3,24+ Right Center,27.24,Made,,,,,,,26.0,,,,,,,,,,,
647,PT04M46.00S,2025-03-17T00:19:26.5Z,4,REGULAR,rebound,defensive,[],1629027,,,1610612737,111,106,2025-03-17T00:19:27Z,6270000,False,,,0,,T. Young REBOUND (Off:0 Def:6),[1629027],22400978,1610612737,ATL,,,,Young,T. Young,,,,,Above the Break 3,24+ Right Center,,,,,646.0,6.0,6.0,0.0,,,,,,,,,,,,
648,PT04M39.00S,2025-03-17T00:19:33.4Z,4,REGULAR,3pt,Jump Shot,[],1629611,91.80354796320631,95.83333333333334,1610612737,111,106,2025-03-17T00:19:37Z,6280000,False,229.0,25.0,1,right,MISS T. Mann 3PT,[1629611],22400978,1610612737,ATL,,,,Mann,T. Mann,,,,,Right Corner 3,24+ Right,23.05,Missed,,,,,,,,,,,,,,,,,,
652,PT04M29.00S,2025-03-17T00:20:01.5Z,4,REGULAR,timeout,full,['team'],0,,,1610612737,111,106,2025-03-17T00:22:50Z,6320000,False,,,0,,ATL Timeout,[],22400978,1610612737,ATL,,,,,,,,,,,,,,,,,,,,,,,,,,,,,,,
663,PT04M07.00S,2025-03-17T00:23:37.4Z,4,REGULAR,3pt,Jump Shot,['fromturnover'],1629611,70.25295663600527,18.38235294117647,1610612737,111,106,2025-03-17T00:23:43Z,6400000,False,-158.0,227.0,1,right,MISS T. Mann 27' 3PT,[1629611],22400978,1610612737,ATL,,,,Mann,T. Mann,,,,,Above the Break 3,24+ Left Center,27.67,Missed,,,,,,,,,,,,,,,,,,
664,PT04M05.00S,2025-03-17T00:23:39.4Z,4,REGULAR,rebound,offensive,[],1630168,,,1610612737,111,106,2025-03-17T00:24:09Z,6410000,False,,,0,,O. Okongwu REBOUND (Off:2 Def:12),[1630168],22400978,1610612737,ATL,,,,Okongwu,O. Okongwu,,,,,Above the Break 3,24+ Left Center,,,,,663.0,14.0,12.0,2.0,,,,,,,,,,,,
665,PT04M05.00S,2025-03-17T00:23:42.8Z,4,REGULAR,2pt,DUNK,"['2ndchance', 'pointsinthepaint', 'fromturnover']",1630168,94.40999984741211,50.0,1610612737,111,108,2025-03-17T00:24:12Z,6420000,False,0.0,0.0,1,right,O. Okongwu tip DUNK (19 PTS),[1630168],22400978,1610612737,ATL,tip,,,Okongwu,O. Okongwu,,,,,Restricted Area,0-8 Center,0.0,Made,,,,,,,19.0,,,,,,,,,,,
668,PT03M27.00S,2025-03-17T00:24:16.7Z,4,REGULAR,2pt,Layup,['pointsinthepaint'],1630249,92.72339027595268,55.14705882352941,1610612737,114,110,2025-03-17T00:24:27Z,6450000,False,26.0,16.0,1,right,V. Krejčí driving finger roll Layup (8 PTS) (T. Young 11 AST),"[1630249, 1629027]",22400978,1610612737,ATL,driving finger roll,,,Krejčí,V. Krejčí,,,,,Restricted Area,0-8 Center,3.02,Made,,,,,,,8.0,T. Young,1629027.0,11.0,,,,,,,,
671,PT03M05.00S,2025-03-17T00:24:37.9Z,4,REGULAR,rebound,defensive,[],1630168,,,1610612737,114,110,2025-03-17T00:24:39Z,6480000,False,,,0,,O. Okongwu REBOUND (Off:2 Def:13),[1630168],22400978,1610612737,ATL,,,,Okongwu,O. Okongwu,,,,,Above the Break 3,24+ Right Center,,,,,670.0,15.0,13.0,2.0,,,,,,,,,,,,
672,PT02M59.00S,2025-03-17T00:24:44.3Z,4,REGULAR,turnover,bad pass,[],1629027,,,1610612737,114,110,2025-03-17T00:24:50Z,6490000,False,,,0,,T. Young bad pass TURNOVER (5 TO),"[1629027, 1630570]",22400978,1610612737,ATL,,,,Young,T. Young,,,,,In The Paint (Non-RA),8-16 Center,,,,,,,,,,,,,,5.0,,,,,Watford,1630570.0
687,PT02M51.00S,2025-03-17T00:24:54.9Z,4,REGULAR,block,,[],1630700,,,1610612751,114,110,2025-03-17T00:26:00Z,6535000,False,,,0,,D. Daniels BLOCK (1 BLK),[1630700],22400978,1610612737,ATL,,,,Daniels,D. Daniels,,,,,Restricted Area,0-8 Center,,,,,,,,,,,,,,,,,,,,
678,PT02M51.00S,2025-03-17T00:25:04.0Z,4,REGULAR,foul,personal,['2freethrow'],1630700,,,1610612751,114,110,2025-03-17T00:25:13Z,6550000,False,,,0,,D. Daniels shooting personal FOUL (1 PF) (Claxton 2 FT),"[1630700, 1629651]",22400978,1610612737,ATL,shooting,,,Daniels,D. Daniels,,,,,In The Paint (Non-RA),0-8 Center,,,,,,,,,,,,,1627526.0,,1.0,1.0,Claxton,1629651.0,,
684,PT02M51.00S,2025-03-17T00:25:33.4Z,4,REGULAR,substitution,out,[],1629611,,,1610612751,114,110,2025-03-17T00:25:51Z,6590000,False,,,0,,SUB out: T. Mann,[1629611],22400978,1610612737,ATL,,,,Mann,T. Mann,,,,,,,,,,,,,,,,,,,,,,,,,,
685,PT02M51.00S,2025-03-17T00:25:33.4Z,4,REGULAR,substitution,in,[],1627777,,,1610612751,114,110,2025-03-17T00:25:51Z,6600000,False,,,0,,SUB in: G. Niang,[1627777],22400978,1610612737,ATL,,,,Niang,G. Niang,,,,,,,,,,,,,,,,,,,,,,,,,,
692,PT02M29.00S,2025-03-17T00:26:37.5Z,4,REGULAR,2pt,Jump Shot,['pointsinthepaint'],1629027,91.14651773981603,60.29411764705882,1610612737,115,112,2025-03-17T00:39:03Z,6660000,False,51.0,31.0,1,right,T. Young 6' driving floating Jump Shot (28 PTS) (O. Okongwu 1 AST),"[1629027, 1630168]",22400978,1610612737,ATL,driving floating,,,Young,T. Young,,,,,In The Paint (Non-RA),0-8 Center,6.0,Made,,,,,,,28.0,O. Okongwu,1630168.0,1.0,,,,,,,,
696,PT02M08.00S,2025-03-17T00:26:57.8Z,4,REGULAR,3pt,Jump Shot,[],1627777,76.42904073587385,9.068627450980392,1610612737,118,112,2025-03-17T00:27:04Z,6700000,False,-205.0,169.0,1,right,MISS G. Niang 26' 3PT,[1627777],22400978,1610612737,ATL,,,,Niang,G. Niang,,,,,Above the Break 3,24+ Left Center,26.55,Missed,,,,,,,,,,,,,,,,,,
697,PT02M03.00S,2025-03-17T00:27:02.8Z,4,REGULAR,rebound,offensive,[],1630700,,,1610612737,118,112,2025-03-17T00:27:04Z,6710000,False,,,0,,D. Daniels REBOUND (Off:2 Def:3),[1630700],22400978,1610612737,ATL,,,,Daniels,D. Daniels,,,,,Above the Break 3,24+ Left Center,,,,,696.0,5.0,3.0,2.0,,,,,,,,,,,,
698,PT02M03.00S,2025-03-17T00:27:03.8Z,4,REGULAR,2pt,Layup,"['2ndchance', 'pointsinthepaint']",1630700,94.40999984741211,50.0,1610612737,118,112,2025-03-17T00:30:27Z,6720000,False,0.0,0.0,1,right,MISS D. Daniels tip Layup,[1630700],22400978,1610612737,ATL,tip,,,Daniels,D. Daniels,,,,,Restricted Area,0-8 Center,0.0,Missed,,,,,,,,,,,,,,,,,,
703,PT01M24.00S,2025-03-17T00:27:47.9Z,4,REGULAR,3pt,Jump Shot,[],1627777,68.9388961892247,70.83333333333334,1610612737,120,112,2025-03-17T00:28:06Z,6770000,False,104.0,239.0,1,right,MISS G. Niang 26' step back 3PT,[1627777],22400978,1610612737,ATL,step back,,,Niang,G. Niang,,,,,Above the Break 3,24+ Right Center,26.12,Missed,,,,,,,,,,,,,,,,,,
707,PT00M59.30S,2025-03-17T00:28:18.9Z,4,REGULAR,2pt,Layup,['pointsinthepaint'],1630168,92.85479632063075,45.83333333333333,1610612737,122,114,2025-03-17T00:28:21Z,6810000,False,-21.0,15.0,1,right,O. Okongwu cutting Layup (21 PTS) (T. Young 12 AST),"[1630168, 1629027]",22400978,1610612737,ATL,cutting,,,Okongwu,O. Okongwu,,,,,Restricted Area,0-8 Center,2.55,Made,,,,,,,21.0,T. Young,1629027.0,12.0,,,,,,,,
709,PT00M52.50S,2025-03-17T00:28:30.4Z,4,REGULAR,foul,personal,[],1630168,,,1610612751,122,114,2025-03-17T00:28:38Z,6830000,False,,,0,,O. Okongwu personal FOUL (3 PF),"[1630168, 1631213]",22400978,1610612737,ATL,,,,Okongwu,O. Okongwu,,,,,Above the Break 3,24+ Right Center,,,,,,,,,,,,,1627962.0,,3.0,0.0,Martin,1631213.0,,
712,PT00M38.80S,2025-03-17T00:28:59.8Z,4,REGULAR,steal,,[],1630249,,,1610612737,122,114,2025-03-17T00:35:16Z,6860000,False,,,0,,V. Krejčí STEAL (2 STL),[1630249],22400978,1610612737,ATL,,,,Krejčí,V. Krejčí,,,,,Mid-Range,16-24 Center,,,,,,,,,,,,,,,,,,,,
713,PT00M32.20S,2025-03-17T00:29:06.4Z,4,REGULAR,3pt,Jump Shot,['fromturnover'],1630700,68.80749014454665,72.05882352941177,1610612737,122,114,2025-03-17T00:35:54Z,6870000,False,110.0,241.0,1,right,MISS D. Daniels 26' 3PT - blocked,"[1630700, 1629651]",22400978,1610612737,ATL,,,,Daniels,D. Daniels,,,,,Above the Break 3,24+ Right Center,26.48,Missed,Claxton,1629651.0,,,,,,,,,,,,,,,,
717,PT00M23.40S,2025-03-17T00:29:30.5Z,4,REGULAR,timeout,full,['team'],0,,,1610612737,122,114,2025-03-17T00:31:26Z,6910000,False,,,0,,ATL Timeout,[],22400978,1610612737,ATL,,,,,,,,,,,,,,,,,,,,,,,,,,,,,,,
718,PT00M17.60S,2025-03-17T00:31:41.4Z,4,REGULAR,2pt,Layup,"['pointsinthepaint', 'fromturnover']",1629027,91.40932982917214,44.85294117647059,1610612737,122,114,2025-03-17T00:37:21Z,6920000,False,-26.0,28.0,1,right,MISS T. Young driving reverse Layup,[1629027],22400978,1610612737,ATL,driving reverse,,,Young,T. Young,,,,,Restricted Area,0-8 Center,3.82,Missed,,,,,,,,,,,,,,,,,,
719,PT00M16.40S,2025-03-17T00:31:42.6Z,4,REGULAR,rebound,offensive,[],1630700,,,1610612737,122,114,2025-03-17T00:34:02Z,6930000,False,,,0,,D. Daniels REBOUND (Off:3 Def:3),[1630700],22400978,1610612737,ATL,,,,Daniels,D. Daniels,,,,,Restricted Area,0-8 Center,,,,,718.0,6.0,3.0,3.0,,,,,,,,,,,,
725,PT00M16.40S,2025-03-17T00:31:44.7Z,4,REGULAR,2pt,Layup,"['pointsinthepaint', 'fromturnover', '2ndchance']",1630700,93.64323258869908,53.92156862745098,1610612737,122,114,2025-03-17T00:34:16Z,6935000,False,20.0,7.0,1,right,MISS D. Daniels tip Layup - blocked,"[1630700, 1630553]",22400978,1610612737,ATL,tip,,,Daniels,D. Daniels,,,,,Restricted Area,0-8 Center,2.09,Missed,Johnson,1630553.0,,,,,,,,,,,,,,,,
727,PT00M13.90S,2025-03-17T00:31:47.2Z,4,REGULAR,rebound,offensive,['team'],0,,,1610612737,122,114,2025-03-17T00:34:28Z,6938750,False,,,0,,TEAM offensive REBOUND,[],22400978,1610612737,ATL,,,,,,,,,,Restricted Area,0-8 Center,,,,,725.0,,,,,,,,,,,,,,,
721,PT00M10.30S,2025-03-17T00:31:59.5Z,4,REGULAR,turnover,bad pass,[],1629027,,,1610612737,122,114,2025-03-17T00:32:06Z,6950000,False,,,0,,T. Young bad pass TURNOVER (6 TO),"[1629027, 1631213]",22400978,1610612737,ATL,,,,Young,T. Young,,,,,Mid-Range,8-16 Right,,,,,,,,,,,,,,6.0,,,,,Martin,1631213.0
4,PT11M56.00S,2025-03-18T23:10:05.0Z,1,REGULAR,jumpball,recovered,[],1630700,,,1610612737,0,0,2025-03-18T23:10:05Z,40000,False,,,0,,Jump Ball O. Okongwu vs. M. Williams: Tip to D. Daniels,"[1630700, 1630168, 1631109]",22400993,1610612737,ATL,startperiod,D. Daniels,1630700.0,Daniels,D. Daniels,Okongwu,1630168.0,Williams,1631109.0,,,,,,,,,,,,,,,,,,,,,,
7,PT11M39.00S,2025-03-18T23:10:20.7Z,1,REGULAR,2pt,Jump Shot,[],1630700,7.835085413929041,30.637254901960787,1610612737,0,2,2025-03-18T23:10:48Z,70000,False,97.0,21.0,1,left,D. Daniels 9' driving floating Jump Shot (2 PTS) (O. Okongwu 1 AST),"[1630700, 1630168]",22400993,1610612737,ATL,driving floating,,,Daniels,D. Daniels,,,,,Mid-Range,8-16 Right,9.91,Made,,,,,,,2.0,O. Okongwu,1630168.0,1.0,,,,,,,,
25,PT11M24.00S,2025-03-18T23:10:44.9Z,1,REGULAR,steal,,[],1629027,,,1610612737,0,2,2025-03-18T23:12:21Z,107500,False,,,0,,T. Young STEAL (1 STL),[1629027],22400993,1610612737,ATL,,,,Young,T. Young,,,,,Restricted Area,0-8 Center,,,,,,,,,,,,,,,,,,,,
11,PT11M06.00S,2025-03-18T23:10:53.9Z,1,REGULAR,3pt,Jump Shot,['fromturnover'],1631243,32.53942181340342,50.0,1610612737,0,2,2025-03-18T23:12:21Z,110000,False,0.0,253.0,1,left,MISS M. Gueye 25' 3PT,[1631243],22400993,1610612737,ATL,,,,Gueye,M. Gueye,,,,,Above the Break 3,24+ Center,25.34,Missed,,,,,,,,,,,,,,,,,,
37,PT10M47.00S,2025-03-18T23:11:18.0Z,1,REGULAR,steal,,[],1630700,,,1610612737,0,2,2025-03-18T23:14:24Z,157500,False,,,0,,D. Daniels STEAL (1 STL),[1630700],22400993,1610612737,ATL,,,,Daniels,D. Daniels,,,,,Restricted Area,0-8 Center,,,,,,,,,,,,,,,,,,,,
16,PT10M44.00S,2025-03-18T23:11:22.9Z,1,REGULAR,2pt,Layup,"['pointsinthepaint', 'fastbreak', 'fromturnover']",1630700,8.754927726675426,48.77450980392157,1610612737,0,4,2025-03-18T23:14:24Z,160000,False,6.0,30.0,1,left,D. Daniels running Layup (4 PTS),[1630700],22400993,1610612737,ATL,running,,,Daniels,D. Daniels,,,,,Restricted Area,0-8 Center,3.04,Made,,,,,,,4.0,,,,,,,,,,,
19,PT10M44.00S,2025-03-18T23:11:47.6Z,1,REGULAR,freethrow,1 of 1,"['fastbreak', 'fromturnover']",1630700,,,1610612737,0,4,2025-03-18T23:14:24Z,190000,False,,,0,,MISS D. Daniels Free Throw 1 of 1,[1630700],22400993,1610612737,ATL,,,,Daniels,D. Daniels,,,,,,,,Missed,,,,,,,,,,,,,,,,,,
27,PT10M20.00S,2025-03-18T23:12:30.8Z,1,REGULAR,freethrow,1 of 2,[],1630168,,,1610612737,3,5,2025-03-18T23:12:30Z,250000,False,,,0,,O. Okongwu Free Throw 1 of 2 (1 PTS),[1630168],22400993,1610612737,ATL,,,,Okongwu,O. Okongwu,,,,,,,,Made,,,,,,,1.0,,,,,,,,,,,
28,PT10M20.00S,2025-03-18T23:12:47.1Z,1,REGULAR,freethrow,2 of 2,[],1630168,,,1610612737,3,6,2025-03-18T23:12:47Z,260000,False,,,0,,O. Okongwu Free Throw 2 of 2 (2 PTS),[1630168],22400993,1610612737,ATL,,,,Okongwu,O. Okongwu,,,,,,,,Made,,,,,,,2.0,,,,,,,,,,,
30,PT09M56.00S,2025-03-18T23:13:11.9Z,1,REGULAR,rebound,defensive,[],1630168,,,1610612737,3,6,2025-03-18T23:13:11Z,280000,False,,,0,,O. Okongwu REBOUND (Off:0 Def:1),[1630168],22400993,1610612737,ATL,,,,Okongwu,O. Okongwu,,,,,In The Paint (Non-RA),8-16 Center,,,,,29.0,1.0,1.0,0.0,,,,,,,,,,,,
31,PT09M51.00S,2025-03-18T23:13:16.5Z,1,REGULAR,3pt,Jump Shot,['fastbreak'],1642258,7.440867279894875,3.9215686274509802,1610612737,3,9,2025-03-18T23:13:21Z,290000,False,230.0,17.0,1,left,Z. Risacher 3PT running (3 PTS) (M. Gueye 1 AST),"[1642258, 1631243]",22400993,1610612737,ATL,running,,,Risacher,Z. Risacher,,,,,Right Corner 3,24+ Right,23.11,Made,,,,,,,3.0,M. Gueye,1631243.0,1.0,,,,,,,,
33,PT09M31.00S,2025-03-18T23:13:41.4Z,1,REGULAR,foul,personal,['2freethrow'],1629027,,,1610612766,3,9,2025-03-18T23:14:03Z,310000,False,,,0,,T. Young shooting personal FOUL (1 PF) (Baugh 2 FT),"[1629027, 1641878]",22400993,1610612737,ATL,shooting,,,Young,T. Young,,,,,Mid-Range,8-16 Right,,,,,,,,,,,,,2005.0,,1.0,0.0,Baugh,1641878.0,,
39,PT09M22.00S,2025-03-18T23:14:48.4Z,1,REGULAR,3pt,Jump Shot,[],1630168,32.40801576872536,48.03921568627451,1610612737,5,12,2025-03-18T23:14:53Z,350000,False,10.0,252.0,1,left,O. Okongwu 25' 3PT  (5 PTS) (D. Daniels 1 AST),"[1630168, 1630700]",22400993,1610612737,ATL,,,,Okongwu,O. Okongwu,,,,,Above the Break 3,24+ Center,25.23,Made,,,,,,,5.0,D. Daniels,1630700.0,1.0,,,,,,,,
43,PT08M55.00S,2025-03-18T23:15:14.4Z,1,REGULAR,2pt,Layup,['pointsinthepaint'],1629027,8.360709592641262,55.392156862745104,1610612737,7,12,2025-03-18T23:15:20Z,390000,False,-27.0,26.0,1,left,MISS T. Young driving Layup - blocked,"[1629027, 1631109]",22400993,1610612737,ATL,driving,,,Young,T. Young,,,,,Restricted Area,0-8 Center,3.76,Missed,Williams,1631109.0,,,,,,,,,,,,,,,,
45,PT08M52.00S,2025-03-18T23:15:17.4Z,1,REGULAR,rebound,offensive,[],1630168,,,1610612737,7,12,2025-03-18T23:15:20Z,410000,False,,,0,,O. Okongwu REBOUND (Off:1 Def:1),[1630168],22400993,1610612737,ATL,,,,Okongwu,O. Okongwu,,,,,Restricted Area,0-8 Center,,,,,43.0,2.0,1.0,1.0,,,,,,,,,,,,
46,PT08M51.00S,2025-03-18T23:15:18.8Z,1,REGULAR,2pt,Layup,"['pointsinthepaint', '2ndchance']",1630168,7.440867279894875,48.28431372549019,1610612737,7,14,2025-03-18T23:15:23Z,420000,False,9.0,17.0,1,left,O. Okongwu putback Layup (7 PTS),[1630168],22400993,1610612737,ATL,putback,,,Okongwu,O. Okongwu,,,,,Restricted Area,0-8 Center,1.94,Made,,,,,,,7.0,,,,,,,,,,,
48,PT08M42.00S,2025-03-18T23:15:27.9Z,1,REGULAR,rebound,defensive,[],1642258,,,1610612737,7,14,2025-03-18T23:15:29Z,440000,False,,,0,,Z. Risacher REBOUND (Off:0 Def:1),[1642258],22400993,1610612737,ATL,,,,Risacher,Z. Risacher,,,,,Left Corner 3,24+ Left,,,,,47.0,1.0,1.0,0.0,,,,,,,,,,,,
49,PT08M34.00S,2025-03-18T23:15:36.2Z,1,REGULAR,3pt,Jump Shot,[],1629027,32.670827858081466,40.931372549019606,1610612737,7,17,2025-03-18T23:15:41Z,450000,False,45.0,255.0,1,left,T. Young 25' 3PT step back (3 PTS),[1629027],22400993,1610612737,ATL,step back,,,Young,T. Young,,,,,Above the Break 3,24+ Center,25.86,Made,,,,,,,3.0,,,,,,,,,,,
51,PT08M12.00S,2025-03-18T23:16:08.4Z,1,REGULAR,3pt,Jump Shot,['fromturnover'],1630168,33.065045992115635,53.431372549019606,1610612737,7,20,2025-03-18T23:16:12Z,470000,False,-17.0,258.0,1,left,O. Okongwu 25' 3PT  (10 PTS) (T. Young 1 AST),"[1630168, 1629027]",22400993,1610612737,ATL,,,,Okongwu,O. Okongwu,,,,,Above the Break 3,24+ Center,25.89,Made,,,,,,,10.0,T. Young,1629027.0,1.0,,,,,,,,
55,PT07M37.00S,2025-03-18T23:19:38.7Z,1,REGULAR,2pt,Jump Shot,['pointsinthepaint'],1631243,10.85742444152431,61.274509803921575,1610612737,9,20,2025-03-18T23:21:34Z,510000,False,-56.0,50.0,1,left,MISS M. Gueye 7' driving floating Shot - blocked,"[1631243, 1629610]",22400993,1610612737,ATL,driving floating,,,Gueye,M. Gueye,,,,,In The Paint (Non-RA),0-8 Center,7.51,Missed,Jeffries,1629610.0,,,,,,,,,,,,,,,,
112,PT07M05.00S,2025-03-18T23:20:12.6Z,1,REGULAR,2pt,Layup,['pointsinthepaint'],1642258,5.995400788436268,50.98039215686274,1610612737,11,20,2025-03-18T23:26:36Z,575000,False,-5.0,4.0,1,left,MISS Z. Risacher driving Layup - blocked,"[1642258, 1629610]",22400993,1610612737,ATL,driving,,,Risacher,Z. Risacher,,,,,Restricted Area,0-8 Center,0.63,Missed,Jeffries,1629610.0,,,,,,,,,,,,,,,,
64,PT07M01.00S,2025-03-18T23:20:14.4Z,1,REGULAR,steal,,[],1630700,,,1610612737,11,20,2025-03-18T23:23:34Z,590000,False,,,0,,D. Daniels STEAL (2 STL),[1630700],22400993,1610612737,ATL,,,,Daniels,D. Daniels,,,,,Above the Break 3,24+ Left Center,,,,,,,,,,,,,,,,,,,,
65,PT06M56.00S,2025-03-18T23:20:19.8Z,1,REGULAR,3pt,Jump Shot,"['fromturnover', 'fastbreak']",1642258,23.99802890932983,11.029411764705882,1610612737,11,20,2025-03-18T23:20:28Z,600000,False,195.0,173.0,1,left,MISS Z. Risacher 26' running 3PT,[1642258],22400993,1610612737,ATL,running,,,Risacher,Z. Risacher,,,,,Above the Break 3,24+ Right Center,26.07,Missed,,,,,,,,,,,,,,,,,,
66,PT06M55.00S,2025-03-18T23:20:20.8Z,1,REGULAR,rebound,offensive,[],1630700,,,1610612737,11,20,2025-03-19T00:11:05Z,610000,False,,,0,,D. Daniels REBOUND (Off:1 Def:0),[1630700],22400993,1610612737,ATL,,,,Daniels,D. Daniels,,,,,Above the Break 3,24+ Right Center,,,,,65.0,1.0,0.0,1.0,,,,,,,,,,,,
67,PT06M54.00S,2025-03-18T23:20:27.7Z,1,REGULAR,2pt,Layup,"['2ndchance', 'pointsinthepaint', 'fromturnover']",1630700,5.590000152587891,50.0,1610612737,11,22,2025-03-19T00:11:10Z,620000,False,0.0,0.0,1,left,D. Daniels putback Layup (6 PTS),[1630700],22400993,1610612737,ATL,putback,,,Daniels,D. Daniels,,,,,Restricted Area,0-8 Center,0.0,Made,,,,,,,6.0,,,,,,,,,,,
68,PT06M43.00S,2025-03-18T23:20:34.9Z,1,REGULAR,foul,personal,['3freethrow'],1629027,,,1610612766,11,22,2025-03-18T23:21:10Z,630000,False,,,0,,T. Young shooting personal FOUL (2 PF) (Curry 3 FT),"[1629027, 203552]",22400993,1610612737,ATL,shooting,,,Young,T. Young,,,,,Right Corner 3,24+ Right,,,,,,,,,,,,,1179.0,,2.0,0.0,Curry,203552.0,,
73,PT06M43.00S,2025-03-18T23:21:20.9Z,1,REGULAR,substitution,in,[],1630249,,,1610612766,13,22,2025-03-18T23:21:27Z,680000,False,,,0,,SUB in: V. Krejčí,[1630249],22400993,1610612737,ATL,,,,Krejčí,V. Krejčí,,,,,,,,,,,,,,,,,,,,,,,,,,
72,PT06M43.00S,2025-03-18T23:21:20.9Z,1,REGULAR,substitution,out,[],1629027,,,1610612766,13,22,2025-03-18T23:21:27Z,670000,False,,,0,,SUB out: T. Young,[1629027],22400993,1610612737,ATL,,,,Young,T. Young,,,,,,,,,,,,,,,,,,,,,,,,,,
75,PT06M24.00S,2025-03-18T23:21:53.6Z,1,REGULAR,3pt,Jump Shot,[],1631243,25.18068331143233,13.970588235294118,1610612737,14,22,2025-03-18T23:21:58Z,700000,False,180.0,184.0,1,left,MISS M. Gueye 25' 3PT,[1631243],22400993,1610612737,ATL,,,,Gueye,M. Gueye,,,,,Above the Break 3,24+ Right Center,25.76,Missed,,,,,,,,,,,,,,,,,,
78,PT06M02.00S,2025-03-18T23:22:22.1Z,1,REGULAR,2pt,Layup,"['pointsinthepaint', 'fromturnover']",1642258,8.09789750328515,57.35294117647059,1610612737,14,22,2025-03-18T23:22:27Z,730000,False,-37.0,24.0,1,left,MISS Z. Risacher Layup - blocked,"[1642258, 1631109]",22400993,1610612737,ATL,,,,Risacher,Z. Risacher,,,,,Restricted Area,0-8 Center,4.37,Missed,Williams,1631109.0,,,,,,,,,,,,,,,,
80,PT05M59.00S,2025-03-18T23:22:25.1Z,1,REGULAR,rebound,offensive,[],1642258,,,1610612737,14,22,2025-03-18T23:22:27Z,750000,False,,,0,,Z. Risacher REBOUND (Off:1 Def:1),[1642258],22400993,1610612737,ATL,,,,Risacher,Z. Risacher,,,,,Restricted Area,0-8 Center,,,,,78.0,2.0,1.0,1.0,,,,,,,,,,,,
81,PT05M52.00S,2025-03-18T23:22:32.5Z,1,REGULAR,2pt,Hook,"['pointsinthepaint', 'fromturnover', '2ndchance']",1630168,13.748357424441524,49.26470588235294,1610612737,14,22,2025-03-18T23:22:35Z,760000,False,4.0,77.0,1,left,MISS O. Okongwu 7' Hook,[1630168],22400993,1610612737,ATL,,,,Okongwu,O. Okongwu,,,,,In The Paint (Non-RA),0-8 Center,7.68,Missed,,,,,,,,,,,,,,,,,,
88,PT05M09.00S,2025-03-18T23:23:15.2Z,1,REGULAR,rebound,defensive,[],1631243,,,1610612737,14,22,2025-03-18T23:23:17Z,830000,False,,,0,,M. Gueye REBOUND (Off:0 Def:1),[1631243],22400993,1610612737,ATL,,,,Gueye,M. Gueye,,,,,Mid-Range,16-24 Right,,,,,87.0,1.0,1.0,0.0,,,,,,,,,,,,
100,PT05M09.00S,2025-03-18T23:23:33.7Z,1,REGULAR,substitution,in,[],1631230,,,1610612737,14,22,2025-03-18T23:23:49Z,950000,False,,,0,,SUB in: D. Barlow,[1631230],22400993,1610612737,ATL,,,,Barlow,D. Barlow,,,,,,,,,,,,,,,,,,,,,,,,,,
99,PT05M09.00S,2025-03-18T23:23:33.7Z,1,REGULAR,substitution,in,[],1627777,,,1610612737,14,22,2025-03-18T23:23:49Z,940000,False,,,0,,SUB in: G. Niang,[1627777],22400993,1610612737,ATL,,,,Niang,G. Niang,,,,,,,,,,,,,,,,,,,,,,,,,,
98,PT05M09.00S,2025-03-18T23:23:33.7Z,1,REGULAR,substitution,in,[],1629611,,,1610612737,14,22,2025-03-18T23:23:49Z,930000,False,,,0,,SUB in: T. Mann,[1629611],22400993,1610612737,ATL,,,,Mann,T. Mann,,,,,,,,,,,,,,,,,,,,,,,,,,
95,PT05M09.00S,2025-03-18T23:23:33.7Z,1,REGULAR,substitution,out,[],1631243,,,1610612737,14,22,2025-03-18T23:23:49Z,900000,False,,,0,,SUB out: M. Gueye,[1631243],22400993,1610612737,ATL,,,,Gueye,M. Gueye,,,,,,,,,,,,,,,,,,,,,,,,,,
94,PT05M09.00S,2025-03-18T23:23:33.7Z,1,REGULAR,substitution,out,[],1630168,,,1610612737,14,22,2025-03-18T23:23:49Z,890000,False,,,0,,SUB out: O. Okongwu,[1630168],22400993,1610612737,ATL,,,,Okongwu,O. Okongwu,,,,,,,,,,,,,,,,,,,,,,,,,,
93,PT05M09.00S,2025-03-18T23:23:33.7Z,1,REGULAR,substitution,out,[],1642258,,,1610612737,14,22,2025-03-18T23:23:49Z,880000,False,,,0,,SUB out: Z. Risacher,[1642258],22400993,1610612737,ATL,,,,Risacher,Z. Risacher,,,,,,,,,,,,,,,,,,,,,,,,,,
101,PT05M03.00S,2025-03-18T23:23:52.7Z,1,REGULAR,turnover,lost ball,[],1630700,,,1610612737,14,22,2025-03-18T23:23:59Z,960000,False,,,0,,D. Daniels lost ball TURNOVER (1 TO),"[1630700, 1641878]",22400993,1610612737,ATL,,,,Daniels,D. Daniels,,,,,In The Paint (Non-RA),8-16 Center,,,,,,,,,,,,,,1.0,,,,,Baugh,1641878.0
105,PT04M40.00S,2025-03-18T23:24:15.2Z,1,REGULAR,2pt,Jump Shot,['pointsinthepaint'],1629611,13.354139290407357,44.85294117647059,1610612737,16,24,2025-03-18T23:24:19Z,1000000,False,26.0,73.0,1,left,T. Mann 7' pullup Jump Shot (2 PTS),[1629611],22400993,1610612737,ATL,pullup,,,Mann,T. Mann,,,,,In The Paint (Non-RA),0-8 Center,7.74,Made,,,,,,,2.0,,,,,,,,,,,
108,PT03M57.00S,2025-03-18T23:24:58.0Z,1,REGULAR,2pt,Layup,['pointsinthepaint'],1630700,12.302890932982917,49.01960784313725,1610612737,19,26,2025-03-18T23:25:01Z,1030000,False,5.0,63.0,1,left,D. Daniels 6' driving Layup (8 PTS),[1630700],22400993,1610612737,ATL,driving,,,Daniels,D. Daniels,,,,,In The Paint (Non-RA),0-8 Center,6.33,Made,,,,,,,8.0,,,,,,,,,,,
111,PT03M42.00S,2025-03-18T23:25:21.4Z,1,REGULAR,timeout,full,"['team', 'mandatory']",0,,,1610612737,22,26,2025-03-18T23:25:21Z,1060000,False,,,0,,ATL Timeout,[],22400993,1610612737,ATL,,,,,,,,,,,,,,,,,,,,,,,,,,,,,,,
117,PT03M42.00S,2025-03-18T23:25:26.1Z,1,REGULAR,substitution,out,[],1630700,,,1610612737,22,26,2025-03-18T23:28:30Z,1090000,False,,,0,,SUB out: D. Daniels,[1630700],22400993,1610612737,ATL,,,,Daniels,D. Daniels,,,,,,,,,,,,,,,,,,,,,,,,,,
120,PT03M42.00S,2025-03-18T23:25:26.1Z,1,REGULAR,substitution,in,[],1629027,,,1610612737,22,26,2025-03-18T23:28:30Z,1120000,False,,,0,,SUB in: T. Young,[1629027],22400993,1610612737,ATL,,,,Young,T. Young,,,,,,,,,,,,,,,,,,,,,,,,,,
121,PT03M18.00S,2025-03-18T23:28:34.2Z,1,REGULAR,3pt,Jump Shot,[],1629027,36.35019710906702,63.970588235294116,1610612737,22,26,2025-03-18T23:28:40Z,1130000,False,-70.0,289.0,1,left,MISS T. Young 29' pullup 3PT,[1629027],22400993,1610612737,ATL,pullup,,,Young,T. Young,,,,,Above the Break 3,24+ Center,29.75,Missed,,,,,,,,,,,,,,,,,,
122,PT03M12.00S,2025-03-18T23:28:40.2Z,1,REGULAR,rebound,offensive,[],1631230,,,1610612737,22,26,2025-03-18T23:28:40Z,1140000,False,,,0,,D. Barlow REBOUND (Off:1 Def:0),[1631230],22400993,1610612737,ATL,,,,Barlow,D. Barlow,,,,,Above the Break 3,24+ Center,,,,,121.0,1.0,0.0,1.0,,,,,,,,,,,,
123,PT03M09.00S,2025-03-18T23:28:43.1Z,1,REGULAR,3pt,Jump Shot,['2ndchance'],1630249,21.895532194480946,8.088235294117647,1610612737,22,26,2025-03-18T23:28:48Z,1150000,False,210.0,153.0,1,left,MISS V. Krejčí 25' 3PT,[1630249],22400993,1610612737,ATL,,,,Krejčí,V. Krejčí,,,,,Above the Break 3,24+ Right Center,25.97,Missed,,,,,,,,,,,,,,,,,,
126,PT02M46.00S,2025-03-18T23:29:06.3Z,1,REGULAR,rebound,defensive,[],1629027,,,1610612737,22,26,2025-03-18T23:29:06Z,1180000,False,,,0,,T. Young REBOUND (Off:0 Def:1),[1629027],22400993,1610612737,ATL,,,,Young,T. Young,,,,,Left Corner 3,24+ Left,,,,,125.0,1.0,1.0,0.0,,,,,,,,,,,,
127,PT02M42.00S,2025-03-18T23:29:10.9Z,1,REGULAR,2pt,Jump Shot,"['fastbreak', 'pointsinthepaint']",1629027,12.040078843626807,48.77450980392157,1610612737,22,26,2025-03-18T23:30:29Z,1190000,False,6.0,61.0,1,left,MISS T. Young 6' driving floating Shot,[1629027],22400993,1610612737,ATL,driving floating,,,Young,T. Young,,,,,In The Paint (Non-RA),0-8 Center,6.1,Missed,,,,,,,,,,,,,,,,,,
130,PT02M35.00S,2025-03-18T23:29:20.1Z,1,REGULAR,block,,[],1627777,,,1610612766,22,26,2025-03-18T23:29:22Z,1220000,False,,,0,,G. Niang BLOCK (1 BLK),[1627777],22400993,1610612737,ATL,,,,Niang,G. Niang,,,,,Restricted Area,0-8 Center,,,,,,,,,,,,,,,,,,,,
134,PT02M29.00S,2025-03-18T23:29:53.3Z,1,REGULAR,foul,personal,['1freethrow'],1631230,,,1610612766,24,26,2025-03-18T23:30:07Z,1260000,False,,,0,,D. Barlow shooting personal FOUL (1 PF) (Nurkić 1 FT),"[1631230, 203994]",22400993,1610612737,ATL,shooting,,,Barlow,D. Barlow,,,,,In The Paint (Non-RA),0-8 Center,,,,,,,,,,,,,2005.0,,1.0,0.0,Nurkić,203994.0,,
137,PT02M16.00S,2025-03-18T23:30:20.8Z,1,REGULAR,2pt,Layup,['pointsinthepaint'],1631230,6.521024967148489,55.14705882352941,1610612737,25,28,2025-03-18T23:30:25Z,1290000,False,-26.0,9.0,1,left,D. Barlow driving Layup (2 PTS),[1631230],22400993,1610612737,ATL,driving,,,Barlow,D. Barlow,,,,,Restricted Area,0-8 Center,2.72,Made,,,,,,,2.0,,,,,,,,,,,
139,PT01M52.00S,2025-03-18T23:30:43.5Z,1,REGULAR,rebound,defensive,[],1630249,,,1610612737,25,28,2025-03-18T23:30:43Z,1310000,False,,,0,,V. Krejčí REBOUND (Off:0 Def:1),[1630249],22400993,1610612737,ATL,,,,Krejčí,V. Krejčí,,,,,Above the Break 3,24+ Left Center,,,,,138.0,1.0,1.0,0.0,,,,,,,,,,,,
140,PT01M45.00S,2025-03-18T23:30:50.3Z,1,REGULAR,3pt,Jump Shot,[],1631230,32.276609724047304,67.15686274509804,1610612737,25,28,2025-03-18T23:30:57Z,1320000,False,-86.0,251.0,1,left,MISS D. Barlow 26' 3PT,[1631230],22400993,1610612737,ATL,,,,Barlow,D. Barlow,,,,,Above the Break 3,24+ Left Center,26.52,Missed,,,,,,,,,,,,,,,,,,
158,PT01M40.00S,2025-03-18T23:30:54.9Z,1,REGULAR,steal,,[],1629027,,,1610612737,25,28,2025-03-18T23:34:38Z,1337500,False,,,0,,T. Young STEAL (2 STL),[1629027],22400993,1610612737,ATL,,,,Young,T. Young,,,,,Above the Break 3,24+ Center,,,,,,,,,,,,,,,,,,,,
142,PT01M37.00S,2025-03-18T23:30:59.6Z,1,REGULAR,2pt,Jump Shot,['fromturnover'],1629027,26.231931668856767,30.88235294117647,1610612737,25,30,2025-03-18T23:34:38Z,1340000,False,96.0,194.0,1,left,T. Young 21' pullup Jump Shot (5 PTS),[1629027],22400993,1610612737,ATL,pullup,,,Young,T. Young,,,,,Mid-Range,16-24 Right Center,21.64,Made,,,,,,,5.0,,,,,,,,,,,
144,PT01M19.00S,2025-03-18T23:31:17.4Z,1,REGULAR,rebound,defensive,[],1631230,,,1610612737,25,30,2025-03-18T23:31:19Z,1360000,False,,,0,,D. Barlow REBOUND (Off:1 Def:1),[1631230],22400993,1610612737,ATL,,,,Barlow,D. Barlow,,,,,Above the Break 3,24+ Right Center,,,,,143.0,2.0,1.0,1.0,,,,,,,,,,,,
145,PT01M10.00S,2025-03-18T23:31:26.0Z,1,REGULAR,2pt,Layup,['pointsinthepaint'],1629611,7.440867279894875,55.392156862745104,1610612737,25,32,2025-03-18T23:31:29Z,1370000,False,-27.0,17.0,1,left,T. Mann driving Layup (4 PTS),[1629611],22400993,1610612737,ATL,driving,,,Mann,T. Mann,,,,,Restricted Area,0-8 Center,3.21,Made,,,,,,,4.0,,,,,,,,,,,
149,PT00M32.70S,2025-03-18T23:32:33.1Z,1,REGULAR,turnover,shot clock,['team'],0,,,1610612737,25,32,2025-03-18T23:32:42Z,1410000,False,,,0,,ATL shot clock Team TURNOVER,[],22400993,1610612737,ATL,,,,,,,,,,Above the Break 3,24+ Center,,,,,,,,,,,,,204059.0,,,,,,,
150,PT00M16.50S,2025-03-18T23:32:57.2Z,1,REGULAR,foul,personal,[],1629027,,,1610612766,25,32,2025-03-18T23:33:18Z,1420000,False,,,0,,T. Young personal FOUL (3 PF),"[1629027, 1631111]",22400993,1610612737,ATL,,,,Young,T. Young,,,,,In The Paint (Non-RA),8-16 Center,,,,,,,,,,,,,2005.0,,3.0,0.0,Moore Jr.,1631111.0,,
153,PT00M02.10S,2025-03-18T23:33:32.7Z,1,REGULAR,rebound,defensive,[],1631230,,,1610612737,25,32,2025-03-18T23:33:34Z,1450000,False,,,0,,D. Barlow REBOUND (Off:1 Def:2),[1631230],22400993,1610612737,ATL,,,,Barlow,D. Barlow,,,,,Mid-Range,8-16 Right,,,,,152.0,3.0,2.0,1.0,,,,,,,,,,,,
154,PT00M00.00S,2025-03-18T23:33:38.6Z,1,REGULAR,2pt,Layup,['pointsinthepaint'],1629027,9.280551905387648,43.13725490196079,1610612737,25,32,2025-03-18T23:33:43Z,1460000,False,34.0,35.0,1,left,MISS T. Young driving Layup,[1629027],22400993,1610612737,ATL,driving,,,Young,T. Young,,,,,In The Paint (Non-RA),0-8 Center,4.88,Missed,,,,,,,,,,,,,,,,,,
155,PT00M00.00S,2025-03-18T23:33:40.5Z,1,REGULAR,rebound,offensive,['team'],0,,,1610612737,25,32,2025-03-18T23:33:40Z,1470000,False,,,0,,TEAM offensive REBOUND,[],22400993,1610612737,ATL,,,,,,,,,,In The Paint (Non-RA),0-8 Center,,,,,154.0,,,,,,,,,,,,,,,
164,PT12M00.00S,2025-03-18T23:33:50.7Z,2,REGULAR,substitution,in,['startperiod'],1642258,,,1610612737,25,32,2025-03-18T23:36:15Z,1540000,False,,,0,,SUB in: Z. Risacher,[1642258],22400993,1610612737,ATL,,,,Risacher,Z. Risacher,,,,,,,,,,,,,,,,,,,,,,,,,,
163,PT12M00.00S,2025-03-18T23:33:50.7Z,2,REGULAR,substitution,in,['startperiod'],1631243,,,1610612737,25,32,2025-03-18T23:36:15Z,1530000,False,,,0,,SUB in: M. Gueye,[1631243],22400993,1610612737,ATL,,,,Gueye,M. Gueye,,,,,,,,,,,,,,,,,,,,,,,,,,
160,PT12M00.00S,2025-03-18T23:33:50.7Z,2,REGULAR,substitution,out,['startperiod'],1627777,,,1610612737,25,32,2025-03-18T23:36:15Z,1500000,False,,,0,,SUB out: G. Niang,[1627777],22400993,1610612737,ATL,,,,Niang,G. Niang,,,,,,,,,,,,,,,,,,,,,,,,,,
161,PT12M00.00S,2025-03-18T23:33:50.7Z,2,REGULAR,substitution,out,['startperiod'],1630249,,,1610612737,25,32,2025-03-18T23:36:15Z,1510000,False,,,0,,SUB out: V. Krejčí,[1630249],22400993,1610612737,ATL,,,,Krejčí,V. Krejčí,,,,,,,,,,,,,,,,,,,,,,,,,,
166,PT11M49.00S,2025-03-18T23:36:34.5Z,2,REGULAR,foul,personal,[],1631230,,,1610612766,25,32,2025-03-18T23:36:45Z,1560000,False,,,0,,D. Barlow personal FOUL (2 PF),"[1631230, 203994]",22400993,1610612737,ATL,,,,Barlow,D. Barlow,,,,,Restricted Area,0-8 Center,,,,,,,,,,,,,1179.0,,2.0,0.0,Nurkić,203994.0,,
169,PT11M33.00S,2025-03-18T23:36:57.8Z,2,REGULAR,turnover,lost ball,[],1629027,,,1610612737,27,32,2025-03-18T23:37:15Z,1590000,False,,,0,,T. Young lost ball TURNOVER (1 TO),"[1629027, 1630585]",22400993,1610612737,ATL,,,,Young,T. Young,,,,,Above the Break 3,24+ Center,,,,,,,,,,,,,,1.0,,,,,Garrett,1630585.0
172,PT11M19.00S,2025-03-18T23:37:14.0Z,2,REGULAR,turnover,lost ball,[],1629027,,,1610612737,29,32,2025-03-18T23:38:01Z,1620000,False,,,0,,T. Young lost ball TURNOVER (2 TO),"[1629027, 1630585]",22400993,1610612737,ATL,,,,Young,T. Young,,,,,Mid-Range,16-24 Center,,,,,,,,,,,,,,2.0,,,,,Garrett,1630585.0
174,PT11M16.00S,2025-03-18T23:37:20.1Z,2,REGULAR,foul,personal,['2freethrow'],1629611,,,1610612766,29,32,2025-03-18T23:37:48Z,1640000,False,,,0,,T. Mann shooting personal FOUL (1 PF) (Moore Jr. 2 FT),"[1629611, 1631111]",22400993,1610612737,ATL,shooting,,,Mann,T. Mann,,,,,Restricted Area,0-8 Center,,,,,,,,,,,,,2005.0,,1.0,0.0,Moore Jr.,1631111.0,,
181,PT10M48.00S,2025-03-18T23:38:56.1Z,2,REGULAR,2pt,Jump Shot,[],1631230,6.1268068331143235,28.676470588235293,1610612737,30,34,2025-03-18T23:39:22Z,1710000,False,107.0,5.0,1,left,D. Barlow 10' Jump Shot (4 PTS) (Z. Risacher 1 AST),"[1631230, 1642258]",22400993,1610612737,ATL,,,,Barlow,D. Barlow,,,,,Mid-Range,8-16 Right,10.67,Made,,,,,,,4.0,Z. Risacher,1642258.0,1.0,,,,,,,,
183,PT10M28.00S,2025-03-18T23:39:17.0Z,2,REGULAR,foul,personal,['2freethrow'],1631230,,,1610612766,30,34,2025-03-18T23:39:29Z,1730000,False,,,0,,D. Barlow shooting personal FOUL (3 PF) (Nurkić 2 FT),"[1631230, 203994]",22400993,1610612737,ATL,shooting,,,Barlow,D. Barlow,,,,,Restricted Area,0-8 Center,,,,,,,,,,,,,1179.0,,3.0,0.0,Nurkić,203994.0,,
187,PT10M28.00S,2025-03-18T23:39:54.4Z,2,REGULAR,substitution,out,[],1631230,,,1610612766,30,34,2025-03-18T23:39:58Z,1770000,False,,,0,,SUB out: D. Barlow,[1631230],22400993,1610612737,ATL,,,,Barlow,D. Barlow,,,,,,,,,,,,,,,,,,,,,,,,,,
188,PT10M28.00S,2025-03-18T23:39:54.4Z,2,REGULAR,substitution,in,[],1630168,,,1610612766,30,34,2025-03-18T23:39:58Z,1780000,False,,,0,,SUB in: O. Okongwu,[1630168],22400993,1610612737,ATL,,,,Okongwu,O. Okongwu,,,,,,,,,,,,,,,,,,,,,,,,,,
190,PT10M05.00S,2025-03-18T23:40:36.8Z,2,REGULAR,3pt,Jump Shot,[],1629611,9.149145860709593,96.56862745098039,1610612737,31,37,2025-03-18T23:40:40Z,1800000,False,-233.0,34.0,1,left,T. Mann 3PT step back (7 PTS),[1629611],22400993,1610612737,ATL,step back,,,Mann,T. Mann,,,,,Left Corner 3,24+ Left,23.52,Made,,,,,,,7.0,,,,,,,,,,,
192,PT09M41.00S,2025-03-18T23:41:00.8Z,2,REGULAR,rebound,defensive,[],1630168,,,1610612737,31,37,2025-03-18T23:41:03Z,1820000,False,,,0,,O. Okongwu REBOUND (Off:1 Def:2),[1630168],22400993,1610612737,ATL,,,,Okongwu,O. Okongwu,,,,,Left Corner 3,24+ Left,,,,,191.0,3.0,2.0,1.0,,,,,,,,,,,,
193,PT09M39.00S,2025-03-18T23:41:07.2Z,2,REGULAR,2pt,Layup,"['fastbreak', 'pointsinthepaint']",1629027,6.258212877792378,56.86274509803921,1610612737,31,39,2025-03-18T23:41:56Z,1830000,False,-34.0,6.0,1,left,T. Young running Layup (7 PTS),[1629027],22400993,1610612737,ATL,running,,,Young,T. Young,,,,,Restricted Area,0-8 Center,3.49,Made,,,,,,,7.0,,,,,,,,,,,
201,PT09M39.00S,2025-03-18T23:41:21.3Z,2,REGULAR,substitution,in,[],1630700,,,1610612737,31,39,2025-03-18T23:41:29Z,1910000,False,,,0,,SUB in: D. Daniels,[1630700],22400993,1610612737,ATL,,,,Daniels,D. Daniels,,,,,,,,,,,,,,,,,,,,,,,,,,
198,PT09M39.00S,2025-03-18T23:41:21.3Z,2,REGULAR,substitution,out,[],1642258,,,1610612737,31,39,2025-03-18T23:41:29Z,1880000,False,,,0,,SUB out: Z. Risacher,[1642258],22400993,1610612737,ATL,,,,Risacher,Z. Risacher,,,,,,,,,,,,,,,,,,,,,,,,,,
202,PT09M39.00S,2025-03-18T23:41:43.9Z,2,REGULAR,freethrow,1 of 1,['fastbreak'],1629027,,,1610612737,31,40,2025-03-18T23:41:43Z,1920000,False,,,0,,T. Young Free Throw 1 of 1 (8 PTS),[1629027],22400993,1610612737,ATL,,,,Young,T. Young,,,,,,,,Made,,,,,,,8.0,,,,,,,,,,,
206,PT09M10.00S,2025-03-18T23:42:15.4Z,2,REGULAR,steal,,[],1630700,,,1610612737,31,40,2025-03-18T23:42:18Z,1960000,False,,,0,,D. Daniels STEAL (3 STL),[1630700],22400993,1610612737,ATL,,,,Daniels,D. Daniels,,,,,Mid-Range,8-16 Left,,,,,,,,,,,,,,,,,,,,
207,PT09M01.00S,2025-03-18T23:42:23.8Z,2,REGULAR,3pt,Jump Shot,['fromturnover'],1630168,32.670827858081466,41.66666666666667,1610612737,31,40,2025-03-18T23:42:31Z,1970000,False,42.0,255.0,1,left,MISS O. Okongwu 25' 3PT,[1630168],22400993,1610612737,ATL,,,,Okongwu,O. Okongwu,,,,,Above the Break 3,24+ Center,25.8,Missed,,,,,,,,,,,,,,,,,,
211,PT08M55.00S,2025-03-18T23:42:38.3Z,2,REGULAR,timeout,full,"['team', 'mandatory']",0,,,1610612737,33,40,2025-03-18T23:42:38Z,2010000,False,,,0,,ATL Timeout,[],22400993,1610612737,ATL,,,,,,,,,,,,,,,,,,,,,,,,,,,,,,,
213,PT08M55.00S,2025-03-18T23:42:39.1Z,2,REGULAR,substitution,out,[],1629027,,,1610612737,33,40,2025-03-18T23:45:02Z,2030000,False,,,0,,SUB out: T. Young,[1629027],22400993,1610612737,ATL,,,,Young,T. Young,,,,,,,,,,,,,,,,,,,,,,,,,,
215,PT08M55.00S,2025-03-18T23:42:39.1Z,2,REGULAR,substitution,in,[],1630249,,,1610612737,33,40,2025-03-18T23:45:02Z,2050000,False,,,0,,SUB in: V. Krejčí,[1630249],22400993,1610612737,ATL,,,,Krejčí,V. Krejčí,,,,,,,,,,,,,,,,,,,,,,,,,,
216,PT08M33.00S,2025-03-18T23:45:54.6Z,2,REGULAR,turnover,lost ball,[],1630700,,,1610612737,33,40,2025-03-18T23:46:00Z,2060000,False,,,0,,D. Daniels lost ball TURNOVER (2 TO),"[1630700, 1631109]",22400993,1610612737,ATL,,,,Daniels,D. Daniels,,,,,In The Paint (Non-RA),0-8 Center,,,,,,,,,,,,,,2.0,,,,,Williams,1631109.0
219,PT08M17.00S,2025-03-18T23:46:11.0Z,2,REGULAR,rebound,defensive,[],1630700,,,1610612737,33,40,2025-03-18T23:46:12Z,2090000,False,,,0,,D. Daniels REBOUND (Off:1 Def:1),[1630700],22400993,1610612737,ATL,,,,Daniels,D. Daniels,,,,,Mid-Range,16-24 Center,,,,,218.0,2.0,1.0,1.0,,,,,,,,,,,,
220,PT08M11.00S,2025-03-18T23:46:17.6Z,2,REGULAR,3pt,Jump Shot,[],1631243,6.652431011826544,95.34313725490196,1610612737,33,43,2025-03-18T23:47:33Z,2100000,False,-227.0,10.0,1,left,M. Gueye 3PT  (3 PTS) (O. Okongwu 2 AST),"[1631243, 1630168]",22400993,1610612737,ATL,,,,Gueye,M. Gueye,,,,,Left Corner 3,24+ Left,22.69,Made,,,,,,,3.0,O. Okongwu,1630168.0,2.0,,,,,,,,
224,PT07M40.00S,2025-03-18T23:46:48.7Z,2,REGULAR,3pt,Jump Shot,[],1631243,6.389618922470433,4.6568627450980395,1610612737,35,43,2025-03-18T23:46:53Z,2140000,False,227.0,8.0,1,left,MISS M. Gueye 3PT,[1631243],22400993,1610612737,ATL,,,,Gueye,M. Gueye,,,,,Right Corner 3,24+ Right,22.68,Missed,,,,,,,,,,,,,,,,,,
225,PT07M37.00S,2025-03-18T23:46:50.9Z,2,REGULAR,rebound,offensive,[],1629611,,,1610612737,35,43,2025-03-18T23:46:50Z,2150000,False,,,0,,T. Mann REBOUND (Off:1 Def:0),[1629611],22400993,1610612737,ATL,,,,Mann,T. Mann,,,,,Right Corner 3,24+ Right,,,,,224.0,1.0,0.0,1.0,,,,,,,,,,,,
226,PT07M34.00S,2025-03-18T23:46:53.4Z,2,REGULAR,2pt,Layup,"['pointsinthepaint', '2ndchance']",1630700,7.5722733245729295,44.6078431372549,1610612737,35,45,2025-03-18T23:46:58Z,2160000,False,27.0,19.0,1,left,D. Daniels Layup (10 PTS) (T. Mann 1 AST),"[1630700, 1629611]",22400993,1610612737,ATL,,,,Daniels,D. Daniels,,,,,Restricted Area,0-8 Center,3.28,Made,,,,,,,10.0,T. Mann,1629611.0,1.0,,,,,,,,
229,PT07M00.00S,2025-03-18T23:47:29.6Z,2,REGULAR,3pt,Jump Shot,[],1629611,27.677398160315374,21.323529411764707,1610612737,37,45,2025-03-18T23:49:30Z,2190000,False,143.0,208.0,1,left,MISS T. Mann 25' pullup 3PT,[1629611],22400993,1610612737,ATL,pullup,,,Mann,T. Mann,,,,,Above the Break 3,24+ Right Center,25.24,Missed,,,,,,,,,,,,,,,,,,
230,PT06M58.00S,2025-03-18T23:47:31.6Z,2,REGULAR,rebound,offensive,[],1631243,,,1610612737,37,45,2025-03-18T23:49:30Z,2200000,False,,,0,,M. Gueye REBOUND (Off:1 Def:1),[1631243],22400993,1610612737,ATL,,,,Gueye,M. Gueye,,,,,Above the Break 3,24+ Right Center,,,,,229.0,2.0,1.0,1.0,,,,,,,,,,,,
233,PT06M55.00S,2025-03-18T23:47:59.5Z,2,REGULAR,freethrow,1 of 2,['2ndchance'],1631243,,,1610612737,37,46,2025-03-18T23:47:59Z,2230000,False,,,0,,M. Gueye Free Throw 1 of 2 (4 PTS),[1631243],22400993,1610612737,ATL,,,,Gueye,M. Gueye,,,,,,,,Made,,,,,,,4.0,,,,,,,,,,,
234,PT06M55.00S,2025-03-18T23:47:59.5Z,2,REGULAR,freethrow,2 of 2,['2ndchance'],1631243,,,1610612737,37,46,2025-03-18T23:48:21Z,2240000,False,,,0,,MISS M. Gueye Free Throw 2 of 2,[1631243],22400993,1610612737,ATL,,,,Gueye,M. Gueye,,,,,,,,Missed,,,,,,,,,,,,,,,,,,
237,PT06M34.00S,2025-03-18T23:48:38.8Z,2,REGULAR,steal,,[],1631243,,,1610612737,37,46,2025-03-18T23:51:24Z,2270000,False,,,0,,M. Gueye STEAL (1 STL),[1631243],22400993,1610612737,ATL,,,,Gueye,M. Gueye,,,,,Restricted Area,0-8 Center,,,,,,,,,,,,,,,,,,,,
238,PT06M29.00S,2025-03-18T23:48:43.6Z,2,REGULAR,2pt,Layup,"['pointsinthepaint', 'fromturnover', 'fastbreak']",1629611,8.886333771353483,50.245098039215684,1610612737,37,46,2025-03-18T23:48:48Z,2280000,False,-1.0,31.0,1,left,MISS T. Mann running Layup - blocked,"[1629611, 1631217]",22400993,1610612737,ATL,running,,,Mann,T. Mann,,,,,Restricted Area,0-8 Center,3.1,Missed,Diabaté,1631217.0,,,,,,,,,,,,,,,,
245,PT06M05.00S,2025-03-18T23:49:25.1Z,2,REGULAR,substitution,out,[],1631243,,,1610612737,39,46,2025-03-18T23:49:27Z,2350000,False,,,0,,SUB out: M. Gueye,[1631243],22400993,1610612737,ATL,,,,Gueye,M. Gueye,,,,,,,,,,,,,,,,,,,,,,,,,,
246,PT06M05.00S,2025-03-18T23:49:25.1Z,2,REGULAR,substitution,in,[],1627777,,,1610612737,39,46,2025-03-18T23:49:27Z,2360000,False,,,0,,SUB in: G. Niang,[1627777],22400993,1610612737,ATL,,,,Niang,G. Niang,,,,,,,,,,,,,,,,,,,,,,,,,,
251,PT05M52.00S,2025-03-18T23:50:12.7Z,2,REGULAR,3pt,Jump Shot,[],1630168,10.726018396846255,3.431372549019608,1610612737,39,49,2025-03-18T23:50:18Z,2410000,False,233.0,48.0,1,left,O. Okongwu 3PT  (13 PTS) (D. Daniels 2 AST),"[1630168, 1630700]",22400993,1610612737,ATL,,,,Okongwu,O. Okongwu,,,,,Right Corner 3,24+ Right,23.78,Made,,,,,,,13.0,D. Daniels,1630700.0,2.0,,,,,,,,
255,PT05M21.00S,2025-03-18T23:50:42.4Z,2,REGULAR,3pt,Jump Shot,[],1630249,23.209592641261498,89.95098039215686,1610612737,42,49,2025-03-18T23:50:48Z,2450000,False,-200.0,166.0,1,left,MISS V. Krejčí 25' 3PT,[1630249],22400993,1610612737,ATL,,,,Krejčí,V. Krejčí,,,,,Above the Break 3,24+ Left Center,25.96,Missed,,,,,,,,,,,,,,,,,,
257,PT05M09.00S,2025-03-18T23:51:00.1Z,2,REGULAR,foul,personal,[],1630249,,,1610612766,42,49,2025-03-18T23:51:12Z,2470000,False,,,0,,V. Krejčí personal FOUL (1 PF),"[1630249, 1629610]",22400993,1610612737,ATL,,,,Krejčí,V. Krejčí,,,,,In The Paint (Non-RA),8-16 Center,,,,,,,,,,,,,1179.0,,1.0,0.0,Jeffries,1629610.0,,
259,PT05M09.00S,2025-03-18T23:51:11.5Z,2,REGULAR,substitution,out,[],1629611,,,1610612766,42,49,2025-03-18T23:51:17Z,2490000,False,,,0,,SUB out: T. Mann,[1629611],22400993,1610612737,ATL,,,,Mann,T. Mann,,,,,,,,,,,,,,,,,,,,,,,,,,
260,PT05M09.00S,2025-03-18T23:51:11.5Z,2,REGULAR,substitution,in,[],1629027,,,1610612766,42,49,2025-03-18T23:51:17Z,2500000,False,,,0,,SUB in: T. Young,[1629027],22400993,1610612737,ATL,,,,Young,T. Young,,,,,,,,,,,,,,,,,,,,,,,,,,
262,PT04M50.00S,2025-03-18T23:51:40.9Z,2,REGULAR,3pt,Jump Shot,[],1627777,30.56833114323259,67.15686274509804,1610612737,44,52,2025-03-18T23:51:46Z,2520000,False,-86.0,235.0,1,left,G. Niang 25' 3PT  (3 PTS) (T. Young 2 AST),"[1627777, 1629027]",22400993,1610612737,ATL,,,,Niang,G. Niang,,,,,Above the Break 3,24+ Left Center,25.0,Made,,,,,,,3.0,T. Young,1629027.0,2.0,,,,,,,,
266,PT04M19.00S,2025-03-18T23:52:12.8Z,2,REGULAR,3pt,Jump Shot,[],1629027,33.065045992115635,53.431372549019606,1610612737,46,55,2025-03-18T23:52:45Z,2560000,False,-17.0,258.0,1,left,T. Young 25' 3PT step back (11 PTS),[1629027],22400993,1610612737,ATL,step back,,,Young,T. Young,,,,,Above the Break 3,24+ Center,25.89,Made,,,,,,,11.0,,,,,,,,,,,
269,PT03M50.00S,2025-03-18T23:55:42.7Z,2,REGULAR,2pt,Layup,['pointsinthepaint'],1630700,8.09789750328515,57.35294117647059,1610612737,48,55,2025-03-18T23:55:46Z,2590000,False,-37.0,24.0,1,left,MISS D. Daniels driving Layup,[1630700],22400993,1610612737,ATL,driving,,,Daniels,D. Daniels,,,,,Restricted Area,0-8 Center,4.37,Missed,,,,,,,,,,,,,,,,,,
273,PT03M26.00S,2025-03-18T23:56:07.4Z,2,REGULAR,3pt,Jump Shot,[],1630249,7.5722733245729295,3.431372549019608,1610612737,51,58,2025-03-18T23:56:11Z,2630000,False,233.0,19.0,1,left,V. Krejčí 3PT  (3 PTS) (O. Okongwu 3 AST),"[1630249, 1630168]",22400993,1610612737,ATL,,,,Krejčí,V. Krejčí,,,,,Right Corner 3,24+ Right,23.35,Made,,,,,,,3.0,O. Okongwu,1630168.0,3.0,,,,,,,,
276,PT02M59.00S,2025-03-18T23:56:33.3Z,2,REGULAR,turnover,bad pass,[],1629027,,,1610612737,53,58,2025-03-18T23:56:37Z,2660000,False,,,0,,T. Young bad pass TURNOVER (3 TO),"[1629027, 1631109]",22400993,1610612737,ATL,,,,Young,T. Young,,,,,In The Paint (Non-RA),0-8 Center,,,,,,,,,,,,,,3.0,,,,,Williams,1631109.0
279,PT02M52.00S,2025-03-18T23:56:41.7Z,2,REGULAR,steal,,[],1630168,,,1610612737,53,58,2025-03-18T23:56:43Z,2690000,False,,,0,,O. Okongwu STEAL (1 STL),[1630168],22400993,1610612737,ATL,,,,Okongwu,O. Okongwu,,,,,In The Paint (Non-RA),0-8 Center,,,,,,,,,,,,,,,,,,,,
280,PT02M47.00S,2025-03-18T23:56:46.0Z,2,REGULAR,2pt,Layup,"['pointsinthepaint', 'fromturnover', 'fastbreak']",1630700,7.703679369250986,45.09803921568628,1610612737,53,60,2025-03-18T23:56:50Z,2700000,False,25.0,20.0,1,left,D. Daniels running Layup (12 PTS) (T. Young 3 AST),"[1630700, 1629027]",22400993,1610612737,ATL,running,,,Daniels,D. Daniels,,,,,Restricted Area,0-8 Center,3.16,Made,,,,,,,12.0,T. Young,1629027.0,3.0,,,,,,,,
284,PT02M25.00S,2025-03-18T23:57:07.7Z,2,REGULAR,rebound,defensive,[],1630168,,,1610612737,53,60,2025-03-18T23:57:11Z,2730000,False,,,0,,O. Okongwu REBOUND (Off:1 Def:3),[1630168],22400993,1610612737,ATL,,,,Okongwu,O. Okongwu,,,,,Above the Break 3,24+ Center,,,,,283.0,4.0,3.0,1.0,,,,,,,,,,,,
285,PT02M17.00S,2025-03-18T23:57:16.7Z,2,REGULAR,2pt,Layup,['pointsinthepaint'],1629027,8.09789750328515,45.34313725490196,1610612737,53,62,2025-03-18T23:57:25Z,2740000,False,23.0,24.0,1,left,T. Young driving Layup (13 PTS),[1629027],22400993,1610612737,ATL,driving,,,Young,T. Young,,,,,Restricted Area,0-8 Center,3.32,Made,,,,,,,13.0,,,,,,,,,,,
287,PT01M54.00S,2025-03-18T23:57:40.0Z,2,REGULAR,rebound,defensive,[],1630700,,,1610612737,53,62,2025-03-18T23:57:41Z,2760000,False,,,0,,D. Daniels REBOUND (Off:1 Def:2),[1630700],22400993,1610612737,ATL,,,,Daniels,D. Daniels,,,,,In The Paint (Non-RA),0-8 Center,,,,,286.0,3.0,2.0,1.0,,,,,,,,,,,,
288,PT01M49.00S,2025-03-18T23:57:43.5Z,2,REGULAR,3pt,Jump Shot,['fastbreak'],1629027,37.27003942181341,65.68627450980392,1610612737,53,62,2025-03-18T23:57:48Z,2770000,False,-78.0,298.0,1,left,MISS T. Young 30' running pullup 3PT,[1629027],22400993,1610612737,ATL,running pullup,,,Young,T. Young,,,,,Above the Break 3,24+ Center,30.79,Missed,,,,,,,,,,,,,,,,,,
289,PT01M49.00S,2025-03-18T23:57:46.7Z,2,REGULAR,rebound,offensive,[],1630700,,,1610612737,53,62,2025-03-18T23:57:46Z,2780000,False,,,0,,D. Daniels REBOUND (Off:2 Def:2),[1630700],22400993,1610612737,ATL,,,,Daniels,D. Daniels,,,,,Above the Break 3,24+ Center,,,,,288.0,4.0,2.0,2.0,,,,,,,,,,,,
292,PT01M49.00S,2025-03-18T23:58:16.7Z,2,REGULAR,freethrow,1 of 2,['2ndchance'],1630700,,,1610612737,53,62,2025-03-18T23:58:16Z,2810000,False,,,0,,MISS D. Daniels Free Throw 1 of 2,[1630700],22400993,1610612737,ATL,,,,Daniels,D. Daniels,,,,,,,,Missed,,,,,,,,,,,,,,,,,,
293,PT01M49.00S,2025-03-18T23:58:16.7Z,2,REGULAR,rebound,offensive,"['deadball', 'team']",0,,,1610612737,53,62,2025-03-18T23:58:16Z,2820000,False,,,0,,TEAM offensive REBOUND,[],22400993,1610612737,ATL,,,,,,,,,,,,,,,,292.0,,,,,,,,,,,,,,,
298,PT01M49.00S,2025-03-18T23:58:35.7Z,2,REGULAR,freethrow,2 of 2,['2ndchance'],1630700,,,1610612737,53,63,2025-03-18T23:58:35Z,2870000,False,,,0,,D. Daniels Free Throw 2 of 2 (13 PTS),[1630700],22400993,1610612737,ATL,,,,Daniels,D. Daniels,,,,,,,,Made,,,,,,,13.0,,,,,,,,,,,
301,PT01M29.00S,2025-03-18T23:59:18.2Z,2,REGULAR,rebound,defensive,[],1630700,,,1610612737,53,63,2025-03-18T23:59:21Z,2900000,False,,,0,,D. Daniels REBOUND (Off:2 Def:3),[1630700],22400993,1610612737,ATL,,,,Daniels,D. Daniels,,,,,Restricted Area,0-8 Center,,,,,300.0,5.0,3.0,2.0,,,,,,,,,,,,
302,PT01M21.00S,2025-03-18T23:59:26.7Z,2,REGULAR,2pt,Jump Shot,['pointsinthepaint'],1630168,11.514454664914586,42.64705882352941,1610612737,53,63,2025-03-18T23:59:32Z,2910000,False,37.0,56.0,1,left,MISS O. Okongwu 6' driving floating Shot,[1630168],22400993,1610612737,ATL,driving floating,,,Okongwu,O. Okongwu,,,,,In The Paint (Non-RA),0-8 Center,6.68,Missed,,,,,,,,,,,,,,,,,,
304,PT01M21.00S,2025-03-18T23:59:31.9Z,2,REGULAR,foul,personal,"['inpenalty', '2freethrow']",1630168,,,1610612766,53,63,2025-03-18T23:59:44Z,2930000,False,,,0,,O. Okongwu loose ball personal FOUL (1 PF) (Garrett 2 FT),"[1630168, 1630585]",22400993,1610612737,ATL,loose ball,,,Okongwu,O. Okongwu,,,,,In The Paint (Non-RA),0-8 Center,,,,,,,,,,,,,1179.0,,1.0,0.0,Garrett,1630585.0,,
312,PT01M18.00S,2025-03-19T00:00:06.1Z,2,REGULAR,rebound,defensive,[],1630700,,,1610612737,54,63,2025-03-19T00:00:34Z,3010000,False,,,0,,D. Daniels REBOUND (Off:2 Def:4),[1630700],22400993,1610612737,ATL,,,,Daniels,D. Daniels,,,,,,,,,,,311.0,6.0,4.0,2.0,,,,,,,,,,,,
313,PT01M00.00S,2025-03-19T00:00:53.4Z,2,REGULAR,2pt,Layup,['pointsinthepaint'],1630700,6.389618922470433,51.71568627450981,1610612737,54,65,2025-03-19T00:00:57Z,3020000,False,-9.0,8.0,1,left,D. Daniels driving Layup (15 PTS),[1630700],22400993,1610612737,ATL,driving,,,Daniels,D. Daniels,,,,,Restricted Area,0-8 Center,1.15,Made,,,,,,,15.0,,,,,,,,,,,
332,PT00M48.70S,2025-03-19T00:01:11.6Z,2,REGULAR,steal,,[],1630168,,,1610612737,54,65,2025-03-19T00:05:58Z,3047500,False,,,0,,O. Okongwu STEAL (2 STL),[1630168],22400993,1610612737,ATL,,,,Okongwu,O. Okongwu,,,,,Restricted Area,0-8 Center,,,,,,,,,,,,,,,,,,,,
317,PT00M37.70S,2025-03-19T00:01:44.0Z,2,REGULAR,3pt,Jump Shot,['fromturnover'],1629027,22.864651773981603,9.336703431372548,1610612737,54,65,2025-03-19T00:06:30Z,3060000,False,203.0,162.0,1,left,MISS T. Young 26' 3PT - blocked,"[1629027, 1631217]",22400993,1610612737,ATL,,,,Young,T. Young,,,,,Above the Break 3,24+ Right Center,26.02,Missed,Diabaté,1631217.0,,,,,,,,,,,,,,,,
319,PT00M32.90S,2025-03-19T00:01:48.8Z,2,REGULAR,rebound,offensive,[],1630249,,,1610612737,54,65,2025-03-19T00:01:50Z,3080000,False,,,0,,V. Krejčí REBOUND (Off:1 Def:1),[1630249],22400993,1610612737,ATL,,,,Krejčí,V. Krejčí,,,,,Mid-Range,16-24 Right,,,,,317.0,2.0,1.0,1.0,,,,,,,,,,,,
320,PT00M32.90S,2025-03-19T00:01:54.3Z,2,REGULAR,2pt,Layup,"['pointsinthepaint', '2ndchance', 'fromturnover']",1629027,7.703679369250986,45.588235294117645,1610612737,54,67,2025-03-19T00:05:58Z,3090000,False,22.0,20.0,1,left,T. Young driving Layup (15 PTS),[1629027],22400993,1610612737,ATL,driving,,,Young,T. Young,,,,,Restricted Area,0-8 Center,2.97,Made,,,,,,,15.0,,,,,,,,,,,
323,PT00M32.90S,2025-03-19T00:02:29.3Z,2,REGULAR,substitution,out,[],1627777,,,1610612737,54,67,2025-03-19T00:05:58Z,3120000,False,,,0,,SUB out: G. Niang,[1627777],22400993,1610612737,ATL,,,,Niang,G. Niang,,,,,,,,,,,,,,,,,,,,,,,,,,
324,PT00M32.90S,2025-03-19T00:02:29.3Z,2,REGULAR,substitution,in,[],1629611,,,1610612737,54,67,2025-03-19T00:05:58Z,3130000,False,,,0,,SUB in: T. Mann,[1629611],22400993,1610612737,ATL,,,,Mann,T. Mann,,,,,,,,,,,,,,,,,,,,,,,,,,
325,PT00M32.90S,2025-03-19T00:02:45.4Z,2,REGULAR,freethrow,1 of 1,"['2ndchance', 'fromturnover']",1629027,,,1610612737,54,68,2025-03-19T00:05:58Z,3140000,False,,,0,,T. Young Free Throw 1 of 1 (16 PTS),[1629027],22400993,1610612737,ATL,,,,Young,T. Young,,,,,,,,Made,,,,,,,16.0,,,,,,,,,,,
328,PT00M00.40S,2025-03-19T00:03:26.4Z,2,REGULAR,2pt,Layup,['pointsinthepaint'],1630168,6.783837056504599,52.69607843137255,1610612737,57,70,2025-03-19T00:03:31Z,3170000,False,-13.0,11.0,1,left,O. Okongwu reverse Layup (15 PTS) (D. Daniels 3 AST),"[1630168, 1630700]",22400993,1610612737,ATL,reverse,,,Okongwu,O. Okongwu,,,,,Restricted Area,0-8 Center,1.76,Made,,,,,,,15.0,D. Daniels,1630700.0,3.0,,,,,,,,
342,PT12M00.00S,2025-03-19T00:03:40.1Z,3,REGULAR,substitution,in,['startperiod'],1631243,,,1610612766,57,70,2025-03-19T00:18:57Z,3290000,False,,,0,,SUB in: M. Gueye,[1631243],22400993,1610612737,ATL,,,,Gueye,M. Gueye,,,,,,,,,,,,,,,,,,,,,,,,,,
341,PT12M00.00S,2025-03-19T00:03:40.1Z,3,REGULAR,substitution,in,['startperiod'],1642258,,,1610612766,57,70,2025-03-19T00:18:57Z,3280000,False,,,0,,SUB in: Z. Risacher,[1642258],22400993,1610612737,ATL,,,,Risacher,Z. Risacher,,,,,,,,,,,,,,,,,,,,,,,,,,
336,PT12M00.00S,2025-03-19T00:03:40.1Z,3,REGULAR,substitution,out,['startperiod'],1630249,,,1610612766,57,70,2025-03-19T00:18:57Z,3230000,False,,,0,,SUB out: V. Krejčí,[1630249],22400993,1610612737,ATL,,,,Krejčí,V. Krejčí,,,,,,,,,,,,,,,,,,,,,,,,,,
337,PT12M00.00S,2025-03-19T00:03:40.1Z,3,REGULAR,substitution,out,['startperiod'],1629611,,,1610612766,57,70,2025-03-19T00:18:57Z,3240000,False,,,0,,SUB out: T. Mann,[1629611],22400993,1610612737,ATL,,,,Mann,T. Mann,,,,,,,,,,,,,,,,,,,,,,,,,,
346,PT11M18.00S,2025-03-19T00:19:51.7Z,3,REGULAR,3pt,Jump Shot,[],1642258,77.87450722733246,7.8431372549019605,1610612737,59,73,2025-03-19T00:19:56Z,3330000,False,-211.0,155.0,1,right,Z. Risacher 26' 3PT  (6 PTS) (T. Young 4 AST),"[1642258, 1629027]",22400993,1610612737,ATL,,,,Risacher,Z. Risacher,,,,,Above the Break 3,24+ Left Center,26.19,Made,,,,,,,6.0,T. Young,1629027.0,4.0,,,,,,,,
349,PT10M53.00S,2025-03-19T00:20:16.1Z,3,REGULAR,rebound,defensive,[],1630168,,,1610612737,59,73,2025-03-19T00:20:18Z,3360000,False,,,0,,O. Okongwu REBOUND (Off:1 Def:4),[1630168],22400993,1610612737,ATL,,,,Okongwu,O. Okongwu,,,,,In The Paint (Non-RA),8-16 Center,,,,,348.0,5.0,4.0,1.0,,,,,,,,,,,,
350,PT10M35.00S,2025-03-19T00:20:35.3Z,3,REGULAR,3pt,Jump Shot,[],1642258,78.53153745072274,7.598039215686274,1610612737,59,76,2025-03-19T00:20:39Z,3370000,False,-212.0,149.0,1,right,Z. Risacher 25' 3PT  (9 PTS) (D. Daniels 4 AST),"[1642258, 1630700]",22400993,1610612737,ATL,,,,Risacher,Z. Risacher,,,,,Above the Break 3,24+ Left Center,25.93,Made,,,,,,,9.0,D. Daniels,1630700.0,4.0,,,,,,,,
357,PT10M19.00S,2025-03-19T00:20:51.8Z,3,REGULAR,block,,[],1630700,,,1610612766,59,76,2025-03-19T00:21:22Z,3395000,False,,,0,,D. Daniels BLOCK (1 BLK),[1630700],22400993,1610612737,ATL,,,,Daniels,D. Daniels,,,,,In The Paint (Non-RA),8-16 Center,,,,,,,,,,,,,,,,,,,,
353,PT10M18.00S,2025-03-19T00:20:52.8Z,3,REGULAR,rebound,defensive,[],1642258,,,1610612737,59,76,2025-03-19T00:21:50Z,3400000,False,,,0,,Z. Risacher REBOUND (Off:1 Def:2),[1642258],22400993,1610612737,ATL,,,,Risacher,Z. Risacher,,,,,In The Paint (Non-RA),8-16 Center,,,,,352.0,3.0,2.0,1.0,,,,,,,,,,,,
354,PT10M07.00S,2025-03-19T00:21:02.4Z,3,REGULAR,3pt,Jump Shot,[],1642258,78.26872536136662,8.823529411764707,1610612737,59,79,2025-03-19T00:21:06Z,3410000,False,-206.0,152.0,1,right,Z. Risacher 25' 3PT  (12 PTS) (D. Daniels 5 AST),"[1642258, 1630700]",22400993,1610612737,ATL,,,,Risacher,Z. Risacher,,,,,Above the Break 3,24+ Left Center,25.58,Made,,,,,,,12.0,D. Daniels,1630700.0,5.0,,,,,,,,
358,PT09M55.00S,2025-03-19T00:24:23.2Z,3,REGULAR,foul,personal,['2freethrow'],1630168,,,1610612766,59,79,2025-03-19T00:24:39Z,3440000,False,,,0,,O. Okongwu shooting personal FOUL (2 PF) (Williams 2 FT),"[1630168, 1631109]",22400993,1610612737,ATL,shooting,,,Okongwu,O. Okongwu,,,,,Restricted Area,0-8 Center,,,,,,,,,,,,,204059.0,,2.0,0.0,Williams,1631109.0,,
399,PT09M39.00S,2025-03-19T00:25:00.8Z,3,REGULAR,turnover,bad pass,[],1629027,,,1610612737,61,79,2025-03-19T00:30:56Z,3485000,False,,,0,,T. Young bad pass TURNOVER (4 TO),[1629027],22400993,1610612737,ATL,,,,Young,T. Young,,,,,Restricted Area,0-8 Center,,,,,,,,,,,,,,4.0,,,,,,
364,PT09M37.00S,2025-03-19T00:25:21.3Z,3,REGULAR,foul,personal,[],1630168,,,1610612766,61,79,2025-03-19T00:30:18Z,3500000,False,,,0,,O. Okongwu loose ball personal FOUL (3 PF),"[1630168, 203552]",22400993,1610612737,ATL,loose ball,,,Okongwu,O. Okongwu,,,,,Mid-Range,16-24 Left Center,,,,,,,,,,,,,2005.0,,3.0,0.0,Curry,203552.0,,
368,PT09M09.00S,2025-03-19T00:25:57.9Z,3,REGULAR,3pt,Jump Shot,[],1630168,76.03482260183968,87.5,1610612737,63,79,2025-03-19T00:26:02Z,3540000,False,188.0,173.0,1,right,MISS O. Okongwu 25' 3PT,[1630168],22400993,1610612737,ATL,,,,Okongwu,O. Okongwu,,,,,Above the Break 3,24+ Right Center,25.5,Missed,,,,,,,,,,,,,,,,,,
371,PT09M01.00S,2025-03-19T00:26:05.7Z,3,REGULAR,steal,,[],1630168,,,1610612737,63,79,2025-03-19T00:26:07Z,3570000,False,,,0,,O. Okongwu STEAL (3 STL),[1630168],22400993,1610612737,ATL,,,,Okongwu,O. Okongwu,,,,,Restricted Area,0-8 Center,,,,,,,,,,,,,,,,,,,,
372,PT08M54.00S,2025-03-19T00:26:11.9Z,3,REGULAR,3pt,Jump Shot,['fromturnover'],1630700,86.67871222076215,94.6078431372549,1610612737,63,82,2025-03-19T00:26:18Z,3580000,False,223.0,73.0,1,right,D. Daniels 3PT  (18 PTS) (Z. Risacher 2 AST),"[1630700, 1642258]",22400993,1610612737,ATL,,,,Daniels,D. Daniels,,,,,Right Corner 3,24+ Right,23.46,Made,,,,,,,18.0,Z. Risacher,1642258.0,2.0,,,,,,,,
375,PT08M31.00S,2025-03-19T00:26:36.0Z,3,REGULAR,rebound,defensive,[],1642258,,,1610612737,63,82,2025-03-19T00:30:51Z,3610000,False,,,0,,Z. Risacher REBOUND (Off:1 Def:3),[1642258],22400993,1610612737,ATL,,,,Risacher,Z. Risacher,,,,,In The Paint (Non-RA),0-8 Center,,,,,374.0,4.0,3.0,1.0,,,,,,,,,,,,
376,PT08M24.00S,2025-03-19T00:26:42.2Z,3,REGULAR,3pt,Jump Shot,[],1629027,65.78515111695138,72.54901960784314,1610612737,63,85,2025-03-19T00:26:48Z,3620000,False,113.0,269.0,1,right,T. Young 29' 3PT pullup (19 PTS),[1629027],22400993,1610612737,ATL,pullup,,,Young,T. Young,,,,,Above the Break 3,24+ Right Center,29.17,Made,,,,,,,19.0,,,,,,,,,,,
378,PT08M07.00S,2025-03-19T00:26:59.3Z,3,REGULAR,rebound,defensive,[],1630168,,,1610612737,63,85,2025-03-19T00:27:02Z,3640000,False,,,0,,O. Okongwu REBOUND (Off:1 Def:5),[1630168],22400993,1610612737,ATL,,,,Okongwu,O. Okongwu,,,,,Above the Break 3,24+ Right Center,,,,,377.0,6.0,5.0,1.0,,,,,,,,,,,,
379,PT07M58.00S,2025-03-19T00:27:08.7Z,3,REGULAR,3pt,Jump Shot,[],1629027,73.53810775295663,12.5,1610612737,63,85,2025-03-19T00:27:12Z,3650000,False,-188.0,196.0,1,right,MISS T. Young 27' pullup 3PT,[1629027],22400993,1610612737,ATL,pullup,,,Young,T. Young,,,,,Above the Break 3,24+ Left Center,27.14,Missed,,,,,,,,,,,,,,,,,,
382,PT07M49.00S,2025-03-19T00:27:19.4Z,3,REGULAR,block,,[],1642258,,,1610612766,63,85,2025-03-19T00:27:22Z,3680000,False,,,0,,Z. Risacher BLOCK (1 BLK),[1642258],22400993,1610612737,ATL,,,,Risacher,Z. Risacher,,,,,Mid-Range,8-16 Left,,,,,,,,,,,,,,,,,,,,
386,PT07M41.00S,2025-03-19T00:27:42.7Z,3,REGULAR,rebound,defensive,[],1630168,,,1610612737,63,85,2025-03-19T00:27:42Z,3720000,False,,,0,,O. Okongwu REBOUND (Off:1 Def:6),[1630168],22400993,1610612737,ATL,,,,Okongwu,O. Okongwu,,,,,In The Paint (Non-RA),0-8 Center,,,,,385.0,7.0,6.0,1.0,,,,,,,,,,,,
388,PT07M36.00S,2025-03-19T00:27:47.9Z,3,REGULAR,2pt,Jump Shot,['fastbreak'],1642258,90.3580814717477,10.784313725490197,1610612737,63,87,2025-03-19T00:27:58Z,3730000,False,-196.0,38.0,1,right,Z. Risacher 19' running Jump Shot (14 PTS) (T. Young 5 AST),"[1642258, 1629027]",22400993,1610612737,ATL,running,,,Risacher,Z. Risacher,,,,,Mid-Range,16-24 Left,19.98,Made,,,,,,,14.0,T. Young,1629027.0,5.0,,,,,,,,
391,PT07M16.00S,2025-03-19T00:28:07.0Z,3,REGULAR,rebound,defensive,[],1629027,,,1610612737,63,87,2025-03-19T00:28:09Z,3760000,False,,,0,,T. Young REBOUND (Off:0 Def:2),[1629027],22400993,1610612737,ATL,,,,Young,T. Young,,,,,Mid-Range,16-24 Right,,,,,390.0,2.0,2.0,0.0,,,,,,,,,,,,
392,PT07M06.00S,2025-03-19T00:28:17.1Z,3,REGULAR,3pt,Jump Shot,[],1631243,92.19776609724047,95.09803921568627,1610612737,63,87,2025-03-19T00:28:21Z,3770000,False,225.0,21.0,1,right,MISS M. Gueye 3PT,[1631243],22400993,1610612737,ATL,,,,Gueye,M. Gueye,,,,,Right Corner 3,24+ Right,22.65,Missed,,,,,,,,,,,,,,,,,,
395,PT06M59.00S,2025-03-19T00:28:25.8Z,3,REGULAR,steal,,[],1631243,,,1610612737,63,87,2025-03-19T00:28:27Z,3800000,False,,,0,,M. Gueye STEAL (2 STL),[1631243],22400993,1610612737,ATL,,,,Gueye,M. Gueye,,,,,Restricted Area,0-8 Center,,,,,,,,,,,,,,,,,,,,
396,PT06M53.00S,2025-03-19T00:28:31.5Z,3,REGULAR,2pt,Layup,"['fastbreak', 'pointsinthepaint', 'fromturnover']",1630700,93.24901445466492,55.14705882352941,1610612737,63,89,2025-03-19T00:33:09Z,3810000,False,26.0,11.0,1,right,D. Daniels running Layup (20 PTS) (T. Young 6 AST),"[1630700, 1629027]",22400993,1610612737,ATL,running,,,Daniels,D. Daniels,,,,,Restricted Area,0-8 Center,2.8,Made,,,,,,,20.0,T. Young,1629027.0,6.0,,,,,,,,
405,PT06M53.00S,2025-03-19T00:31:14.2Z,3,REGULAR,substitution,in,[],1630249,,,1610612766,63,89,2025-03-19T00:31:35Z,3890000,False,,,0,,SUB in: V. Krejčí,[1630249],22400993,1610612737,ATL,,,,Krejčí,V. Krejčí,,,,,,,,,,,,,,,,,,,,,,,,,,
402,PT06M53.00S,2025-03-19T00:31:14.2Z,3,REGULAR,substitution,out,[],1629027,,,1610612766,63,89,2025-03-19T00:31:35Z,3860000,False,,,0,,SUB out: T. Young,[1629027],22400993,1610612737,ATL,,,,Young,T. Young,,,,,,,,,,,,,,,,,,,,,,,,,,
407,PT06M39.00S,2025-03-19T00:31:56.6Z,3,REGULAR,substitution,out,[],1630168,,,1610612766,63,89,2025-03-19T00:32:00Z,3910000,False,,,0,,SUB out: O. Okongwu,[1630168],22400993,1610612737,ATL,,,,Okongwu,O. Okongwu,,,,,,,,,,,,,,,,,,,,,,,,,,
408,PT06M39.00S,2025-03-19T00:31:56.6Z,3,REGULAR,substitution,in,[],1631230,,,1610612766,63,89,2025-03-19T00:32:00Z,3920000,False,,,0,,SUB in: D. Barlow,[1631230],22400993,1610612737,ATL,,,,Barlow,D. Barlow,,,,,,,,,,,,,,,,,,,,,,,,,,
410,PT06M17.00S,2025-03-19T00:32:22.7Z,3,REGULAR,2pt,Hook,['pointsinthepaint'],1630700,87.20433639947439,49.754901960784316,1610612737,65,91,2025-03-19T00:32:26Z,3940000,False,-1.0,68.0,1,right,D. Daniels 6' driving Hook (22 PTS),[1630700],22400993,1610612737,ATL,driving,,,Daniels,D. Daniels,,,,,In The Paint (Non-RA),0-8 Center,6.78,Made,,,,,,,22.0,,,,,,,,,,,
411,PT06M06.00S,2025-03-19T00:32:42.4Z,3,REGULAR,foul,personal,[],1631243,,,1610612766,65,91,2025-03-19T00:32:49Z,3950000,False,,,0,,M. Gueye personal FOUL (1 PF),"[1631243, 1631109]",22400993,1610612737,ATL,,,,Gueye,M. Gueye,,,,,In The Paint (Non-RA),0-8 Center,,,,,,,,,,,,,1179.0,,1.0,0.0,Williams,1631109.0,,
413,PT06M06.00S,2025-03-19T00:32:48.7Z,3,REGULAR,substitution,out,[],1631243,,,1610612766,65,91,2025-03-19T00:32:53Z,3970000,False,,,0,,SUB out: M. Gueye,[1631243],22400993,1610612737,ATL,,,,Gueye,M. Gueye,,,,,,,,,,,,,,,,,,,,,,,,,,
414,PT06M06.00S,2025-03-19T00:32:48.7Z,3,REGULAR,substitution,in,[],1627777,,,1610612766,65,91,2025-03-19T00:32:53Z,3980000,False,,,0,,SUB in: G. Niang,[1627777],22400993,1610612737,ATL,,,,Niang,G. Niang,,,,,,,,,,,,,,,,,,,,,,,,,,
416,PT05M54.00S,2025-03-19T00:33:16.6Z,3,REGULAR,block,,[],1630249,,,1610612766,65,91,2025-03-19T00:33:18Z,4000000,False,,,0,,V. Krejčí BLOCK (1 BLK),[1630249],22400993,1610612737,ATL,,,,Krejčí,V. Krejčí,,,,,In The Paint (Non-RA),8-16 Center,,,,,,,,,,,,,,,,,,,,
419,PT05M50.00S,2025-03-19T00:33:20.3Z,3,REGULAR,steal,,[],1631230,,,1610612737,65,91,2025-03-19T00:33:21Z,4030000,False,,,0,,D. Barlow STEAL (1 STL),[1631230],22400993,1610612737,ATL,,,,Barlow,D. Barlow,,,,,In The Paint (Non-RA),8-16 Center,,,,,,,,,,,,,,,,,,,,
420,PT05M38.00S,2025-03-19T00:33:31.6Z,3,REGULAR,3pt,Jump Shot,['fromturnover'],1642258,92.85479632063075,94.85294117647058,1610612737,65,94,2025-03-19T00:33:40Z,4040000,False,224.0,15.0,1,right,Z. Risacher 3PT  (17 PTS) (D. Daniels 6 AST),"[1642258, 1630700]",22400993,1610612737,ATL,,,,Risacher,Z. Risacher,,,,,Right Corner 3,24+ Right,22.48,Made,,,,,,,17.0,D. Daniels,1630700.0,6.0,,,,,,,,
423,PT05M24.00S,2025-03-19T00:33:46.7Z,3,REGULAR,rebound,defensive,[],1642258,,,1610612737,65,94,2025-03-19T00:33:48Z,4070000,False,,,0,,Z. Risacher REBOUND (Off:1 Def:4),[1642258],22400993,1610612737,ATL,,,,Risacher,Z. Risacher,,,,,In The Paint (Non-RA),0-8 Center,,,,,422.0,5.0,4.0,1.0,,,,,,,,,,,,
424,PT05M16.00S,2025-03-19T00:33:53.9Z,3,REGULAR,2pt,Layup,['pointsinthepaint'],1642258,93.11760840998686,51.9607843137255,1610612737,65,96,2025-03-19T00:33:57Z,4080000,False,10.0,12.0,1,right,Z. Risacher driving Layup (19 PTS),[1642258],22400993,1610612737,ATL,driving,,,Risacher,Z. Risacher,,,,,Restricted Area,0-8 Center,1.56,Made,,,,,,,19.0,,,,,,,,,,,
432,PT04M47.00S,2025-03-19T00:34:54.6Z,3,REGULAR,3pt,Jump Shot,['fromturnover'],1642258,92.06636005256242,94.85294117647058,1610612737,65,96,2025-03-19T00:34:58Z,4160000,False,224.0,22.0,1,right,MISS Z. Risacher 3PT,[1642258],22400993,1610612737,ATL,,,,Risacher,Z. Risacher,,,,,Right Corner 3,24+ Right,22.54,Missed,,,,,,,,,,,,,,,,,,
436,PT04M35.00S,2025-03-19T00:35:29.1Z,3,REGULAR,substitution,out,[],1642258,,,1610612766,65,96,2025-03-19T00:35:32Z,4200000,False,,,0,,SUB out: Z. Risacher,[1642258],22400993,1610612737,ATL,,,,Risacher,Z. Risacher,,,,,,,,,,,,,,,,,,,,,,,,,,
437,PT04M35.00S,2025-03-19T00:35:29.1Z,3,REGULAR,substitution,in,[],1629611,,,1610612766,65,96,2025-03-19T00:35:32Z,4210000,False,,,0,,SUB in: T. Mann,[1629611],22400993,1610612737,ATL,,,,Mann,T. Mann,,,,,,,,,,,,,,,,,,,,,,,,,,
441,PT04M17.00S,2025-03-19T00:37:08.0Z,3,REGULAR,rebound,defensive,[],1631230,,,1610612737,65,96,2025-03-19T00:37:08Z,4250000,False,,,0,,D. Barlow REBOUND (Off:1 Def:3),[1631230],22400993,1610612737,ATL,,,,Barlow,D. Barlow,,,,,In The Paint (Non-RA),0-8 Center,,,,,440.0,4.0,3.0,1.0,,,,,,,,,,,,
442,PT04M02.00S,2025-03-19T00:37:22.4Z,3,REGULAR,2pt,Jump Shot,['pointsinthepaint'],1627777,85.23324572930355,61.274509803921575,1610612737,65,96,2025-03-19T00:37:26Z,4260000,False,56.0,86.0,1,right,MISS G. Niang 10' driving floating Shot,[1627777],22400993,1610612737,ATL,driving floating,,,Niang,G. Niang,,,,,In The Paint (Non-RA),8-16 Right,10.31,Missed,,,,,,,,,,,,,,,,,,
443,PT04M01.00S,2025-03-19T00:37:23.4Z,3,REGULAR,rebound,offensive,[],1631230,,,1610612737,65,96,2025-03-19T00:38:30Z,4270000,False,,,0,,D. Barlow REBOUND (Off:2 Def:3),[1631230],22400993,1610612737,ATL,,,,Barlow,D. Barlow,,,,,In The Paint (Non-RA),8-16 Right,,,,,442.0,5.0,3.0,2.0,,,,,,,,,,,,
444,PT04M00.00S,2025-03-19T00:37:25.8Z,3,REGULAR,2pt,Layup,"['2ndchance', 'pointsinthepaint']",1631230,94.40999984741211,50.0,1610612737,65,96,2025-03-19T00:38:38Z,4280000,False,0.0,0.0,1,right,MISS D. Barlow tip Layup,[1631230],22400993,1610612737,ATL,tip,,,Barlow,D. Barlow,,,,,Restricted Area,0-8 Center,0.0,Missed,,,,,,,,,,,,,,,,,,
445,PT03M59.00S,2025-03-19T00:37:26.8Z,3,REGULAR,rebound,offensive,[],1631230,,,1610612737,65,96,2025-03-19T00:38:38Z,4290000,False,,,0,,D. Barlow REBOUND (Off:3 Def:3),[1631230],22400993,1610612737,ATL,,,,Barlow,D. Barlow,,,,,Restricted Area,0-8 Center,,,,,444.0,6.0,3.0,3.0,,,,,,,,,,,,
446,PT03M59.00S,2025-03-19T00:37:27.4Z,3,REGULAR,2pt,Layup,"['2ndchance', 'pointsinthepaint']",1631230,94.40999984741211,50.0,1610612737,65,98,2025-03-19T00:38:42Z,4300000,False,0.0,0.0,1,right,D. Barlow tip Layup (6 PTS),[1631230],22400993,1610612737,ATL,tip,,,Barlow,D. Barlow,,,,,Restricted Area,0-8 Center,0.0,Made,,,,,,,6.0,,,,,,,,,,,
448,PT03M44.00S,2025-03-19T00:37:41.5Z,3,REGULAR,rebound,defensive,[],1630700,,,1610612737,65,98,2025-03-19T00:37:42Z,4320000,False,,,0,,D. Daniels REBOUND (Off:2 Def:5),[1630700],22400993,1610612737,ATL,,,,Daniels,D. Daniels,,,,,Left Corner 3,24+ Left,,,,,447.0,7.0,5.0,2.0,,,,,,,,,,,,
449,PT03M29.00S,2025-03-19T00:37:55.6Z,3,REGULAR,2pt,Jump Shot,['pointsinthepaint'],1631230,86.67871222076215,47.794117647058826,1610612737,65,100,2025-03-19T00:37:59Z,4330000,False,-11.0,73.0,1,right,D. Barlow 7' Jump Shot (8 PTS) (D. Daniels 7 AST),"[1631230, 1630700]",22400993,1610612737,ATL,,,,Barlow,D. Barlow,,,,,In The Paint (Non-RA),0-8 Center,7.35,Made,,,,,,,8.0,D. Daniels,1630700.0,7.0,,,,,,,,
453,PT02M52.00S,2025-03-19T00:38:32.0Z,3,REGULAR,3pt,Jump Shot,[],1630700,72.09264126149803,18.137254901960784,1610612737,68,100,2025-03-19T00:38:36Z,4370000,False,-159.0,210.0,1,right,MISS D. Daniels 26' 3PT,[1630700],22400993,1610612737,ATL,,,,Daniels,D. Daniels,,,,,Above the Break 3,24+ Left Center,26.34,Missed,,,,,,,,,,,,,,,,,,
456,PT02M38.00S,2025-03-19T00:38:47.3Z,3,REGULAR,rebound,defensive,[],1629611,,,1610612737,68,100,2025-03-19T00:38:47Z,4400000,False,,,0,,T. Mann REBOUND (Off:1 Def:1),[1629611],22400993,1610612737,ATL,,,,Mann,T. Mann,,,,,Right Corner 3,24+ Right,,,,,455.0,2.0,1.0,1.0,,,,,,,,,,,,
457,PT02M25.00S,2025-03-19T00:39:00.0Z,3,REGULAR,turnover,lost ball,[],1630700,,,1610612737,68,100,2025-03-19T00:39:05Z,4410000,False,,,0,,D. Daniels lost ball TURNOVER (3 TO),"[1630700, 1631111]",22400993,1610612737,ATL,,,,Daniels,D. Daniels,,,,,Mid-Range,16-24 Left Center,,,,,,,,,,,,,,3.0,,,,,Moore Jr.,1631111.0
461,PT02M21.00S,2025-03-19T00:39:15.1Z,3,REGULAR,timeout,full,['team'],0,,,1610612737,70,100,2025-03-19T00:39:15Z,4450000,False,,,0,,ATL Timeout,[],22400993,1610612737,ATL,,,,,,,,,,,,,,,,,,,,,,,,,,,,,,,
463,PT02M21.00S,2025-03-19T00:39:15.9Z,3,REGULAR,substitution,out,[],1630700,,,1610612737,70,100,2025-03-19T00:40:53Z,4470000,False,,,0,,SUB out: D. Daniels,[1630700],22400993,1610612737,ATL,,,,Daniels,D. Daniels,,,,,,,,,,,,,,,,,,,,,,,,,,
465,PT02M21.00S,2025-03-19T00:39:15.9Z,3,REGULAR,substitution,in,[],1629027,,,1610612737,70,100,2025-03-19T00:40:53Z,4490000,False,,,0,,SUB in: T. Young,[1629027],22400993,1610612737,ATL,,,,Young,T. Young,,,,,,,,,,,,,,,,,,,,,,,,,,
466,PT02M03.00S,2025-03-19T00:40:56.0Z,3,REGULAR,2pt,Layup,['pointsinthepaint'],1629611,91.27792378449409,50.98039215686274,1610612737,70,100,2025-03-19T00:41:05Z,4500000,False,5.0,29.0,1,right,MISS T. Mann driving Layup - blocked,"[1629611, 1630585]",22400993,1610612737,ATL,driving,,,Mann,T. Mann,,,,,Restricted Area,0-8 Center,2.99,Missed,Garrett,1630585.0,,,,,,,,,,,,,,,,
471,PT01M29.00S,2025-03-19T00:41:30.3Z,3,REGULAR,3pt,Jump Shot,[],1627777,91.5407358738502,3.6764705882352944,1610612737,72,103,2025-03-19T00:41:34Z,4550000,False,-232.0,27.0,1,right,G. Niang 3PT  (6 PTS) (T. Mann 2 AST),"[1627777, 1629611]",22400993,1610612737,ATL,,,,Niang,G. Niang,,,,,Left Corner 3,24+ Left,23.32,Made,,,,,,,6.0,T. Mann,1629611.0,2.0,,,,,,,,
474,PT01M03.00S,2025-03-19T00:41:56.3Z,3,REGULAR,2pt,Jump Shot,['pointsinthepaint'],1631230,86.94152431011827,53.18627450980392,1610612737,74,103,2025-03-19T00:42:00Z,4580000,False,16.0,70.0,1,right,MISS D. Barlow 7' floating Shot,[1631230],22400993,1610612737,ATL,floating,,,Barlow,D. Barlow,,,,,In The Paint (Non-RA),0-8 Center,7.2,Missed,,,,,,,,,,,,,,,,,,
478,PT00M36.50S,2025-03-19T00:42:30.0Z,3,REGULAR,3pt,Jump Shot,[],1629027,63.15703022339028,22.794117647058822,1610612737,77,106,2025-03-19T00:42:34Z,4620000,False,-136.0,294.0,1,right,T. Young 32' 3PT pullup (22 PTS),[1629027],22400993,1610612737,ATL,pullup,,,Young,T. Young,,,,,Above the Break 3,24+ Left Center,32.38,Made,,,,,,,22.0,,,,,,,,,,,
480,PT00M01.20S,2025-03-19T00:43:12.3Z,3,REGULAR,2pt,Jump Shot,[],1629027,80.50262812089356,22.30392156862745,1610612737,79,106,2025-03-19T00:45:41Z,4640000,False,-138.0,131.0,1,right,MISS T. Young 19' pullup Shot,[1629027],22400993,1610612737,ATL,pullup,,,Young,T. Young,,,,,Mid-Range,16-24 Left Center,19.05,Missed,,,,,,,,,,,,,,,,,,
481,PT00M01.20S,2025-03-19T00:43:12.3Z,3,REGULAR,rebound,offensive,['team'],0,,,1610612737,79,106,2025-03-19T00:45:41Z,4650000,False,,,0,,TEAM offensive REBOUND,[],22400993,1610612737,ATL,,,,,,,,,,Mid-Range,16-24 Left Center,,,,,480.0,,,,,,,,,,,,,,,
485,PT00M01.10S,2025-03-19T00:43:59.1Z,3,REGULAR,foul,technical,['1freethrow'],1629027,,,1610612737,79,106,2025-03-19T00:46:04Z,4690000,False,,,0,,T. Young technical FOUL (1 Tech),[1629027],22400993,1610612737,ATL,,,,Young,T. Young,,,,,In The Paint (Non-RA),0-8 Center,,,,,,,,,,,,,2005.0,,3.0,1.0,,,,
491,PT11M35.00S,2025-03-19T00:48:54.8Z,4,REGULAR,2pt,Jump Shot,[],1629027,86.81011826544021,27.941176470588236,1610612737,80,106,2025-03-19T00:49:01Z,4750000,False,-110.0,71.0,1,right,MISS T. Young 13' fadeaway Shot,[1629027],22400993,1610612737,ATL,fadeaway,,,Young,T. Young,,,,,Mid-Range,8-16 Left,13.14,Missed,,,,,,,,,,,,,,,,,,
494,PT11M17.00S,2025-03-19T00:49:11.3Z,4,REGULAR,rebound,defensive,[],1629611,,,1610612737,80,106,2025-03-19T00:49:12Z,4780000,False,,,0,,T. Mann REBOUND (Off:1 Def:2),[1629611],22400993,1610612737,ATL,,,,Mann,T. Mann,,,,,Restricted Area,0-8 Center,,,,,493.0,3.0,2.0,1.0,,,,,,,,,,,,
495,PT11M12.00S,2025-03-19T00:49:19.0Z,4,REGULAR,3pt,Jump Shot,[],1629611,89.70105124835742,3.9215686274509802,1610612737,80,109,2025-03-19T00:50:31Z,4790000,False,-230.0,44.0,1,right,T. Mann 3PT  (10 PTS) (V. Krejčí 1 AST),"[1629611, 1630249]",22400993,1610612737,ATL,,,,Mann,T. Mann,,,,,Left Corner 3,24+ Left,23.46,Made,,,,,,,10.0,V. Krejčí,1630249.0,1.0,,,,,,,,
499,PT10M36.00S,2025-03-19T00:49:52.5Z,4,REGULAR,2pt,Jump Shot,[],1631230,77.7431011826544,54.41176470588235,1610612737,82,109,2025-03-19T00:49:57Z,4830000,False,22.0,157.0,1,right,MISS D. Barlow 15' Jump Shot,[1631230],22400993,1610612737,ATL,,,,Barlow,D. Barlow,,,,,Mid-Range,8-16 Center,15.83,Missed,,,,,,,,,,,,,,,,,,
500,PT10M36.00S,2025-03-19T00:49:52.5Z,4,REGULAR,rebound,offensive,['team'],0,,,1610612737,82,109,2025-03-19T00:49:57Z,4840000,False,,,0,,TEAM offensive REBOUND,[],22400993,1610612737,ATL,,,,,,,,,,Mid-Range,8-16 Center,,,,,499.0,,,,,,,,,,,,,,,
503,PT10M28.00S,2025-03-19T00:50:25.2Z,4,REGULAR,2pt,Jump Shot,"['pointsinthepaint', '2ndchance']",1629027,86.15308804204993,48.77450980392157,1610612737,82,111,2025-03-19T00:50:29Z,4870000,False,-6.0,78.0,1,right,T. Young 7' driving floating Jump Shot (24 PTS) (D. Barlow 1 AST),"[1629027, 1631230]",22400993,1610612737,ATL,driving floating,,,Young,T. Young,,,,,In The Paint (Non-RA),0-8 Center,7.79,Made,,,,,,,24.0,D. Barlow,1631230.0,1.0,,,,,,,,
506,PT10M03.00S,2025-03-19T00:51:02.5Z,4,REGULAR,3pt,Jump Shot,['fromturnover'],1627777,77.4802890932983,9.313725490196079,1610612737,82,111,2025-03-19T00:51:06Z,4900000,False,-203.0,159.0,1,right,MISS G. Niang 25' 3PT,[1627777],22400993,1610612737,ATL,,,,Niang,G. Niang,,,,,Above the Break 3,24+ Left Center,25.83,Missed,,,,,,,,,,,,,,,,,,
509,PT09M58.00S,2025-03-19T00:51:17.0Z,4,REGULAR,foul,personal,['1freethrow'],1631230,,,1610612766,84,111,2025-03-19T00:51:24Z,4930000,False,,,0,,D. Barlow shooting personal FOUL (4 PF) (Moore Jr. 1 FT),"[1631230, 1631111]",22400993,1610612737,ATL,shooting,,,Barlow,D. Barlow,,,,,Restricted Area,0-8 Center,,,,,,,,,,,,,204059.0,,4.0,0.0,Moore Jr.,1631111.0,,
512,PT09M58.00S,2025-03-19T00:51:41.2Z,4,REGULAR,substitution,in,[],1629726,,,1610612766,84,111,2025-03-19T00:51:44Z,4960000,False,,,0,,SUB in: G. Mathews,[1629726],22400993,1610612737,ATL,,,,Mathews,G. Mathews,,,,,,,,,,,,,,,,,,,,,,,,,,
511,PT09M58.00S,2025-03-19T00:51:41.2Z,4,REGULAR,substitution,out,[],1630249,,,1610612766,84,111,2025-03-19T00:51:44Z,4950000,False,,,0,,SUB out: V. Krejčí,[1630249],22400993,1610612737,ATL,,,,Krejčí,V. Krejčí,,,,,,,,,,,,,,,,,,,,,,,,,,
514,PT09M33.00S,2025-03-19T00:52:16.0Z,4,REGULAR,2pt,Layup,['pointsinthepaint'],1629611,90.75229960578186,50.49019607843137,1610612737,85,113,2025-03-19T00:52:20Z,4980000,False,2.0,34.0,1,right,T. Mann driving Layup (12 PTS) (T. Young 7 AST),"[1629611, 1629027]",22400993,1610612737,ATL,driving,,,Mann,T. Mann,,,,,Restricted Area,0-8 Center,3.45,Made,,,,,,,12.0,T. Young,1629027.0,7.0,,,,,,,,
517,PT09M22.00S,2025-03-19T00:52:27.2Z,4,REGULAR,block,,[],1631230,,,1610612766,85,113,2025-03-19T00:52:30Z,5010000,False,,,0,,D. Barlow BLOCK (1 BLK),[1631230],22400993,1610612737,ATL,,,,Barlow,D. Barlow,,,,,In The Paint (Non-RA),0-8 Center,,,,,,,,,,,,,,,,,,,,
518,PT09M18.00S,2025-03-19T00:52:31.2Z,4,REGULAR,rebound,defensive,[],1629611,,,1610612737,85,113,2025-03-19T00:52:31Z,5020000,False,,,0,,T. Mann REBOUND (Off:1 Def:3),[1629611],22400993,1610612737,ATL,,,,Mann,T. Mann,,,,,In The Paint (Non-RA),0-8 Center,,,,,516.0,4.0,3.0,1.0,,,,,,,,,,,,
519,PT09M16.00S,2025-03-19T00:52:34.1Z,4,REGULAR,2pt,Layup,"['pointsinthepaint', 'fastbreak']",1631230,91.14651773981603,53.67647058823529,1610612737,85,113,2025-03-19T00:52:57Z,5030000,False,18.0,31.0,1,right,MISS D. Barlow running Layup - blocked,"[1631230, 203994]",22400993,1610612737,ATL,running,,,Barlow,D. Barlow,,,,,Restricted Area,0-8 Center,3.58,Missed,Nurkić,203994.0,,,,,,,,,,,,,,,,
523,PT09M16.00S,2025-03-19T00:53:08.9Z,4,REGULAR,substitution,in,[],1630168,,,1610612766,85,113,2025-03-19T00:53:20Z,5070000,False,,,0,,SUB in: O. Okongwu,[1630168],22400993,1610612737,ATL,,,,Okongwu,O. Okongwu,,,,,,,,,,,,,,,,,,,,,,,,,,
522,PT09M16.00S,2025-03-19T00:53:08.9Z,4,REGULAR,substitution,out,[],1631230,,,1610612766,85,113,2025-03-19T00:53:20Z,5060000,False,,,0,,SUB out: D. Barlow,[1631230],22400993,1610612737,ATL,,,,Barlow,D. Barlow,,,,,,,,,,,,,,,,,,,,,,,,,,
532,PT09M16.00S,2025-03-19T00:53:32.7Z,4,REGULAR,foul,technical,[],1631230,,,1610612766,85,113,2025-03-19T00:54:41Z,5077500,False,,,0,,D. Barlow double technical FOUL (1 Tech),[1631230],22400993,1610612737,ATL,double,,,Barlow,D. Barlow,,,,,,,,,,,,,,,,,,,,,4.0,1.0,,,,
525,PT08M57.00S,2025-03-19T00:54:00.4Z,4,REGULAR,rebound,defensive,[],1629726,,,1610612737,85,113,2025-03-19T00:54:00Z,5090000,False,,,0,,G. Mathews REBOUND (Off:0 Def:1),[1629726],22400993,1610612737,ATL,,,,Mathews,G. Mathews,,,,,Above the Break 3,24+ Right Center,,,,,524.0,1.0,1.0,0.0,,,,,,,,,,,,
526,PT08M50.00S,2025-03-19T00:54:07.3Z,4,REGULAR,2pt,Layup,['pointsinthepaint'],1629027,90.88370565045992,46.568627450980394,1610612737,85,115,2025-03-19T00:55:44Z,5100000,False,-17.0,33.0,1,right,T. Young driving Layup (26 PTS),[1629027],22400993,1610612737,ATL,driving,,,Young,T. Young,,,,,Restricted Area,0-8 Center,3.74,Made,,,,,,,26.0,,,,,,,,,,,
530,PT08M18.00S,2025-03-19T00:54:38.9Z,4,REGULAR,3pt,Jump Shot,[],1629027,70.64717477003943,73.52941176470588,1610612737,87,118,2025-03-19T00:56:15Z,5140000,False,118.0,223.0,1,right,T. Young 25' 3PT step back (29 PTS),[1629027],22400993,1610612737,ATL,step back,,,Young,T. Young,,,,,Above the Break 3,24+ Right Center,25.25,Made,,,,,,,29.0,,,,,,,,,,,
533,PT08M02.00S,2025-03-19T00:55:04.6Z,4,REGULAR,foul,personal,[],1630168,,,1610612766,87,118,2025-03-19T00:55:15Z,5150000,False,,,0,,O. Okongwu personal FOUL (4 PF),"[1630168, 203994]",22400993,1610612737,ATL,,,,Okongwu,O. Okongwu,,,,,Mid-Range,8-16 Right,,,,,,,,,,,,,2005.0,,4.0,0.0,Nurkić,203994.0,,
544,PT07M29.00S,2025-03-19T00:56:27.4Z,4,REGULAR,freethrow,1 of 2,[],1629027,,,1610612737,89,119,2025-03-19T00:56:27Z,5260000,False,,,0,,T. Young Free Throw 1 of 2 (30 PTS),[1629027],22400993,1610612737,ATL,,,,Young,T. Young,,,,,,,,Made,,,,,,,30.0,,,,,,,,,,,
545,PT07M29.00S,2025-03-19T00:56:48.5Z,4,REGULAR,freethrow,2 of 2,[],1629027,,,1610612737,89,120,2025-03-19T00:56:48Z,5270000,False,,,0,,T. Young Free Throw 2 of 2 (31 PTS),[1629027],22400993,1610612737,ATL,,,,Young,T. Young,,,,,,,,Made,,,,,,,31.0,,,,,,,,,,,
551,PT07M21.00S,2025-03-19T00:57:00.9Z,4,REGULAR,block,,[],1629611,,,1610612766,89,120,2025-03-19T00:57:45Z,5285000,False,,,0,,T. Mann BLOCK (1 BLK),[1629611],22400993,1610612737,ATL,,,,Mann,T. Mann,,,,,Restricted Area,0-8 Center,,,,,,,,,,,,,,,,,,,,
547,PT07M19.00S,2025-03-19T00:57:02.9Z,4,REGULAR,rebound,defensive,[],1630168,,,1610612737,89,120,2025-03-19T00:57:05Z,5290000,False,,,0,,O. Okongwu REBOUND (Off:1 Def:7),[1630168],22400993,1610612737,ATL,,,,Okongwu,O. Okongwu,,,,,Restricted Area,0-8 Center,,,,,546.0,8.0,7.0,1.0,,,,,,,,,,,,
548,PT07M16.00S,2025-03-19T00:57:07.1Z,4,REGULAR,3pt,Jump Shot,['fastbreak'],1629726,89.70105124835742,3.9215686274509802,1610612737,89,123,2025-03-19T00:57:13Z,5300000,False,-230.0,44.0,1,right,G. Mathews 3PT running (3 PTS) (T. Young 8 AST),"[1629726, 1629027]",22400993,1610612737,ATL,running,,,Mathews,G. Mathews,,,,,Left Corner 3,24+ Left,23.46,Made,,,,,,,3.0,T. Young,1629027.0,8.0,,,,,,,,
560,PT06M57.00S,2025-03-19T01:00:25.5Z,4,REGULAR,violation,kicked ball,[],1629726,,,1610612766,89,123,2025-03-19T01:00:36Z,5410000,False,,,0,,G. Mathews kicked ball VIOLATION,[1629726],22400993,1610612737,ATL,,,,Mathews,G. Mathews,,,,,,,,,,,,,,,,,,,1179.0,,,,,,,
561,PT06M57.00S,2025-03-19T01:00:37.1Z,4,REGULAR,substitution,out,[],1629611,,,1610612766,89,123,2025-03-19T01:00:42Z,5420000,False,,,0,,SUB out: T. Mann,[1629611],22400993,1610612737,ATL,,,,Mann,T. Mann,,,,,,,,,,,,,,,,,,,,,,,,,,
562,PT06M57.00S,2025-03-19T01:00:37.1Z,4,REGULAR,substitution,in,[],1642258,,,1610612766,89,123,2025-03-19T01:00:42Z,5430000,False,,,0,,SUB in: Z. Risacher,[1642258],22400993,1610612737,ATL,,,,Risacher,Z. Risacher,,,,,,,,,,,,,,,,,,,,,,,,,,
566,PT06M27.00S,2025-03-19T01:01:31.9Z,4,REGULAR,3pt,Jump Shot,[],1630168,68.01905387647832,32.59803921568628,1610612737,91,123,2025-03-19T01:01:37Z,5470000,False,-87.0,248.0,1,right,MISS O. Okongwu 26' 3PT,[1630168],22400993,1610612737,ATL,,,,Okongwu,O. Okongwu,,,,,Above the Break 3,24+ Left Center,26.29,Missed,,,,,,,,,,,,,,,,,,
569,PT06M18.00S,2025-03-19T01:01:41.5Z,4,REGULAR,steal,,[],1629027,,,1610612737,91,123,2025-03-19T01:05:16Z,5500000,False,,,0,,T. Young STEAL (3 STL),[1629027],22400993,1610612737,ATL,,,,Young,T. Young,,,,,In The Paint (Non-RA),8-16 Center,,,,,,,,,,,,,,,,,,,,
570,PT06M11.00S,2025-03-19T01:01:51.7Z,4,REGULAR,turnover,traveling,[],1630168,,,1610612737,91,123,2025-03-19T01:01:56Z,5510000,False,,,0,,O. Okongwu traveling TURNOVER (1 TO),[1630168],22400993,1610612737,ATL,,,,Okongwu,O. Okongwu,,,,,Restricted Area,0-8 Center,,,,,,,,,,,,,204059.0,1.0,,,,,,
571,PT06M11.00S,2025-03-19T01:02:04.5Z,4,REGULAR,substitution,out,[],1629027,,,1610612766,91,123,2025-03-19T01:02:08Z,5520000,False,,,0,,SUB out: T. Young,[1629027],22400993,1610612737,ATL,,,,Young,T. Young,,,,,,,,,,,,,,,,,,,,,,,,,,
572,PT06M11.00S,2025-03-19T01:02:04.5Z,4,REGULAR,substitution,in,[],1630249,,,1610612766,91,123,2025-03-19T01:02:08Z,5530000,False,,,0,,SUB in: V. Krejčí,[1630249],22400993,1610612737,ATL,,,,Krejčí,V. Krejčí,,,,,,,,,,,,,,,,,,,,,,,,,,
575,PT05M51.00S,2025-03-19T01:02:38.8Z,4,REGULAR,rebound,defensive,[],1629726,,,1610612737,91,123,2025-03-19T01:02:40Z,5560000,False,,,0,,G. Mathews REBOUND (Off:0 Def:2),[1629726],22400993,1610612737,ATL,,,,Mathews,G. Mathews,,,,,In The Paint (Non-RA),0-8 Center,,,,,574.0,2.0,2.0,0.0,,,,,,,,,,,,
576,PT05M43.00S,2025-03-19T01:02:47.2Z,4,REGULAR,turnover,lost ball,[],1642258,,,1610612737,91,123,2025-03-19T01:02:53Z,5570000,False,,,0,,Z. Risacher lost ball TURNOVER (1 TO),"[1642258, 1630585]",22400993,1610612737,ATL,,,,Risacher,Z. Risacher,,,,,Above the Break 3,24+ Left Center,,,,,,,,,,,,,,1.0,,,,,Garrett,1630585.0
579,PT05M38.00S,2025-03-19T01:02:52.1Z,4,REGULAR,block,,[],1629726,,,1610612766,91,123,2025-03-19T01:02:54Z,5600000,False,,,0,,G. Mathews BLOCK (1 BLK),[1629726],22400993,1610612737,ATL,,,,Mathews,G. Mathews,,,,,In The Paint (Non-RA),0-8 Center,,,,,,,,,,,,,,,,,,,,
580,PT05M35.00S,2025-03-19T01:02:55.1Z,4,REGULAR,rebound,defensive,[],1642258,,,1610612737,91,123,2025-03-19T01:02:55Z,5610000,False,,,0,,Z. Risacher REBOUND (Off:1 Def:5),[1642258],22400993,1610612737,ATL,,,,Risacher,Z. Risacher,,,,,In The Paint (Non-RA),0-8 Center,,,,,578.0,6.0,5.0,1.0,,,,,,,,,,,,
581,PT05M20.00S,2025-03-19T01:03:09.7Z,4,REGULAR,3pt,Jump Shot,[],1642258,61.0545335085414,48.529411764705884,1610612737,91,123,2025-03-19T01:03:15Z,5620000,False,-7.0,314.0,1,right,MISS Z. Risacher 31' 3PT,[1642258],22400993,1610612737,ATL,,,,Risacher,Z. Risacher,,,,,Above the Break 3,24+ Center,31.37,Missed,,,,,,,,,,,,,,,,,,
584,PT05M10.00S,2025-03-19T01:03:19.4Z,4,REGULAR,rebound,defensive,[],1630168,,,1610612737,91,123,2025-03-19T01:03:22Z,5650000,False,,,0,,O. Okongwu REBOUND (Off:1 Def:8),[1630168],22400993,1610612737,ATL,,,,Okongwu,O. Okongwu,,,,,Restricted Area,0-8 Center,,,,,583.0,9.0,8.0,1.0,,,,,,,,,,,,
585,PT04M59.00S,2025-03-19T01:03:30.5Z,4,REGULAR,3pt,Jump Shot,[],1629726,75.64060446780552,9.068627450980392,1610612737,91,123,2025-03-19T01:03:34Z,5660000,False,-205.0,176.0,1,right,MISS G. Mathews 27' 3PT,[1629726],22400993,1610612737,ATL,,,,Mathews,G. Mathews,,,,,Above the Break 3,24+ Left Center,27.03,Missed,,,,,,,,,,,,,,,,,,
586,PT04M58.00S,2025-03-19T01:03:32.6Z,4,REGULAR,rebound,offensive,[],1630168,,,1610612737,91,123,2025-03-19T01:03:32Z,5670000,False,,,0,,O. Okongwu REBOUND (Off:2 Def:8),[1630168],22400993,1610612737,ATL,,,,Okongwu,O. Okongwu,,,,,Above the Break 3,24+ Left Center,,,,,585.0,10.0,8.0,2.0,,,,,,,,,,,,
587,PT04M54.00S,2025-03-19T01:03:36.1Z,4,REGULAR,2pt,Jump Shot,['2ndchance'],1642258,87.07293035479631,12.009803921568627,1610612737,91,123,2025-03-19T01:03:41Z,5680000,False,-190.0,69.0,1,right,MISS Z. Risacher 20' Jump Shot,[1642258],22400993,1610612737,ATL,,,,Risacher,Z. Risacher,,,,,Mid-Range,16-24 Left,20.21,Missed,,,,,,,,,,,,,,,,,,
589,PT04M49.00S,2025-03-19T01:03:47.8Z,4,REGULAR,foul,personal,[],1627777,,,1610612766,91,123,2025-03-19T01:04:29Z,5700000,False,,,0,,G. Niang personal FOUL (1 PF),"[1627777, 1641878]",22400993,1610612737,ATL,,,,Niang,G. Niang,,,,,Mid-Range,8-16 Center,,,,,,,,,,,,,2005.0,,1.0,0.0,Baugh,1641878.0,,
591,PT04M49.00S,2025-03-19T01:04:04.2Z,4,REGULAR,foul,technical,['1freethrow'],1627777,,,1610612766,91,123,2025-03-19T01:04:13Z,5720000,False,,,0,,G. Niang technical FOUL (1 Tech),[1627777],22400993,1610612737,ATL,,,,Niang,G. Niang,,,,,,,,,,,,,,,,,,,204059.0,,1.0,1.0,,,,
597,PT04M49.00S,2025-03-19T01:04:16.2Z,4,REGULAR,substitution,in,[],1631243,,,1610612766,91,123,2025-03-19T01:04:23Z,5780000,False,,,0,,SUB in: M. Gueye,[1631243],22400993,1610612737,ATL,,,,Gueye,M. Gueye,,,,,,,,,,,,,,,,,,,,,,,,,,
596,PT04M49.00S,2025-03-19T01:04:16.2Z,4,REGULAR,substitution,in,[],1631230,,,1610612766,91,123,2025-03-19T01:04:23Z,5770000,False,,,0,,SUB in: D. Barlow,[1631230],22400993,1610612737,ATL,,,,Barlow,D. Barlow,,,,,,,,,,,,,,,,,,,,,,,,,,
594,PT04M49.00S,2025-03-19T01:04:16.2Z,4,REGULAR,substitution,out,[],1630168,,,1610612766,91,123,2025-03-19T01:04:23Z,5750000,False,,,0,,SUB out: O. Okongwu,[1630168],22400993,1610612737,ATL,,,,Okongwu,O. Okongwu,,,,,,,,,,,,,,,,,,,,,,,,,,
595,PT04M49.00S,2025-03-19T01:04:16.2Z,4,REGULAR,substitution,out,[],1627777,,,1610612766,91,123,2025-03-19T01:04:23Z,5760000,False,,,0,,SUB out: G. Niang,[1627777],22400993,1610612737,ATL,,,,Niang,G. Niang,,,,,,,,,,,,,,,,,,,,,,,,,,
599,PT04M37.00S,2025-03-19T01:04:37.9Z,4,REGULAR,rebound,defensive,[],1642258,,,1610612737,91,123,2025-03-19T01:04:38Z,5800000,False,,,0,,Z. Risacher REBOUND (Off:1 Def:6),[1642258],22400993,1610612737,ATL,,,,Risacher,Z. Risacher,,,,,Above the Break 3,24+ Center,,,,,598.0,7.0,6.0,1.0,,,,,,,,,,,,
600,PT04M24.00S,2025-03-19T01:04:50.7Z,4,REGULAR,2pt,Hook,['pointsinthepaint'],1631230,87.86136662286465,51.71568627450981,1610612737,91,125,2025-03-19T01:06:49Z,5810000,False,9.0,62.0,1,right,D. Barlow 6' driving Hook (10 PTS),[1631230],22400993,1610612737,ATL,driving,,,Barlow,D. Barlow,,,,,In The Paint (Non-RA),0-8 Center,6.22,Made,,,,,,,10.0,,,,,,,,,,,
603,PT04M04.00S,2025-03-19T01:05:10.6Z,4,REGULAR,rebound,defensive,[],1631243,,,1610612737,91,125,2025-03-19T01:05:10Z,5830000,False,,,0,,M. Gueye REBOUND (Off:1 Def:2),[1631243],22400993,1610612737,ATL,,,,Gueye,M. Gueye,,,,,Right Corner 3,24+ Right,,,,,602.0,3.0,2.0,1.0,,,,,,,,,,,,
611,PT03M58.00S,2025-03-19T01:08:55.3Z,4,REGULAR,freethrow,1 of 2,['fastbreak'],1642258,,,1610612737,91,126,2025-03-19T01:09:14Z,5910000,False,,,0,,Z. Risacher Free Throw 1 of 2 (20 PTS),[1642258],22400993,1610612737,ATL,,,,Risacher,Z. Risacher,,,,,,,,Made,,,,,,,20.0,,,,,,,,,,,
612,PT03M58.00S,2025-03-19T01:08:55.3Z,4,REGULAR,freethrow,2 of 2,['fastbreak'],1642258,,,1610612737,91,127,2025-03-19T01:09:14Z,5920000,False,,,0,,Z. Risacher Free Throw 2 of 2 (21 PTS),[1642258],22400993,1610612737,ATL,,,,Risacher,Z. Risacher,,,,,,,,Made,,,,,,,21.0,,,,,,,,,,,
615,PT03M23.00S,2025-03-19T01:09:46.8Z,4,REGULAR,3pt,Jump Shot,[],1630249,63.288436268068324,42.40196078431372,1610612737,93,127,2025-03-19T01:09:51Z,5950000,False,-38.0,293.0,1,right,MISS V. Krejčí 29' 3PT,[1630249],22400993,1610612737,ATL,,,,Krejčí,V. Krejčí,,,,,Above the Break 3,24+ Center,29.51,Missed,,,,,,,,,,,,,,,,,,
618,PT03M16.00S,2025-03-19T01:09:54.6Z,4,REGULAR,block,,[],1631230,,,1610612766,93,127,2025-03-19T01:09:57Z,5980000,False,,,0,,D. Barlow BLOCK (2 BLK),[1631230],22400993,1610612737,ATL,,,,Barlow,D. Barlow,,,,,Restricted Area,0-8 Center,,,,,,,,,,,,,,,,,,,,
619,PT03M15.00S,2025-03-19T01:09:55.6Z,4,REGULAR,rebound,defensive,[],1630249,,,1610612737,93,127,2025-03-19T01:10:30Z,5990000,False,,,0,,V. Krejčí REBOUND (Off:1 Def:2),[1630249],22400993,1610612737,ATL,,,,Krejčí,V. Krejčí,,,,,Restricted Area,0-8 Center,,,,,617.0,3.0,2.0,1.0,,,,,,,,,,,,
620,PT03M05.00S,2025-03-19T01:10:08.0Z,4,REGULAR,turnover,out-of-bounds,[],1631230,,,1610612737,93,127,2025-03-19T01:10:14Z,6000000,False,,,0,,D. Barlow bad pass out-of-bounds TURNOVER (1 TO),[1631230],22400993,1610612737,ATL,bad pass,,,Barlow,D. Barlow,,,,,Right Corner 3,24+ Right,,,,,,,,,,,,,1179.0,1.0,,,,,,
623,PT02M23.00S,2025-03-19T01:10:53.4Z,4,REGULAR,3pt,Jump Shot,[],1629726,90.75229960578186,95.09803921568627,1610612737,96,130,2025-03-19T01:10:57Z,6030000,False,225.0,34.0,1,right,G. Mathews 3PT  (6 PTS) (V. Krejčí 2 AST),"[1629726, 1630249]",22400993,1610612737,ATL,,,,Mathews,G. Mathews,,,,,Right Corner 3,24+ Right,22.81,Made,,,,,,,6.0,V. Krejčí,1630249.0,2.0,,,,,,,,
627,PT02M00.00S,2025-03-19T01:11:20.4Z,4,REGULAR,foul,personal,['2freethrow'],1630249,,,1610612766,96,130,2025-03-19T01:11:44Z,6070000,False,,,0,,V. Krejčí shooting personal FOUL (2 PF) (Moore Jr. 2 FT),"[1630249, 1631111]",22400993,1610612737,ATL,shooting,,,Krejčí,V. Krejčí,,,,,In The Paint (Non-RA),0-8 Center,,,,,,,,,,,,,204059.0,,2.0,0.0,Moore Jr.,1631111.0,,
632,PT01M42.00S,2025-03-19T01:12:20.2Z,4,REGULAR,2pt,Layup,['pointsinthepaint'],1642258,92.59198423127464,46.568627450980394,1610612737,97,130,2025-03-19T01:12:56Z,6120000,False,-17.0,17.0,1,right,MISS Z. Risacher driving Layup,[1642258],22400993,1610612737,ATL,driving,,,Risacher,Z. Risacher,,,,,Restricted Area,0-8 Center,2.43,Missed,,,,,,,,,,,,,,,,,,
635,PT01M31.00S,2025-03-19T01:12:30.6Z,4,REGULAR,rebound,defensive,[],1630249,,,1610612737,97,130,2025-03-19T01:12:34Z,6150000,False,,,0,,V. Krejčí REBOUND (Off:1 Def:3),[1630249],22400993,1610612737,ATL,,,,Krejčí,V. Krejčí,,,,,Left Corner 3,24+ Left,,,,,634.0,4.0,3.0,1.0,,,,,,,,,,,,
636,PT01M28.00S,2025-03-19T01:12:33.6Z,4,REGULAR,3pt,Jump Shot,['fastbreak'],1642258,72.35545335085413,83.08823529411765,1610612737,97,130,2025-03-19T01:12:39Z,6160000,False,165.0,207.0,1,right,MISS Z. Risacher 26' running 3PT,[1642258],22400993,1610612737,ATL,running,,,Risacher,Z. Risacher,,,,,Above the Break 3,24+ Right Center,26.53,Missed,,,,,,,,,,,,,,,,,,
638,PT01M14.00S,2025-03-19T01:12:50.5Z,4,REGULAR,foul,personal,"['inpenalty', '2freethrow']",1631243,,,1610612766,97,130,2025-03-19T01:13:00Z,6180000,False,,,0,,M. Gueye shooting personal FOUL (2 PF) (Smith Jr. 2 FT),"[1631243, 1641733]",22400993,1610612737,ATL,shooting,,,Gueye,M. Gueye,,,,,In The Paint (Non-RA),8-16 Center,,,,,,,,,,,,,204059.0,,2.0,0.0,Smith Jr.,1641733.0,,
642,PT01M02.00S,2025-03-19T01:13:33.9Z,4,REGULAR,2pt,DUNK,['pointsinthepaint'],1631230,92.85479632063075,51.225490196078425,1610612737,99,132,2025-03-19T01:13:37Z,6220000,False,6.0,15.0,1,right,D. Barlow alley-oop DUNK (12 PTS) (G. Mathews 1 AST),"[1631230, 1629726]",22400993,1610612737,ATL,alley-oop,,,Barlow,D. Barlow,,,,,Restricted Area,0-8 Center,1.59,Made,,,,,,,12.0,G. Mathews,1629726.0,1.0,,,,,,,,
648,PT00M40.10S,2025-03-19T01:14:32.8Z,4,REGULAR,freethrow,1 of 2,[],1630249,,,1610612737,102,133,2025-03-19T01:14:32Z,6280000,False,,,0,,V. Krejčí Free Throw 1 of 2 (4 PTS),[1630249],22400993,1610612737,ATL,,,,Krejčí,V. Krejčí,,,,,,,,Made,,,,,,,4.0,,,,,,,,,,,
649,PT00M40.10S,2025-03-19T01:14:50.3Z,4,REGULAR,freethrow,2 of 2,[],1630249,,,1610612737,102,134,2025-03-19T01:14:50Z,6290000,False,,,0,,V. Krejčí Free Throw 2 of 2 (5 PTS),[1630249],22400993,1610612737,ATL,,,,Krejčí,V. Krejčí,,,,,,,,Made,,,,,,,5.0,,,,,,,,,,,
653,PT00M17.80S,2025-03-19T01:15:13.5Z,4,REGULAR,rebound,defensive,[],1642258,,,1610612737,102,134,2025-03-19T01:15:17Z,6330000,False,,,0,,Z. Risacher REBOUND (Off:1 Def:7),[1642258],22400993,1610612737,ATL,,,,Risacher,Z. Risacher,,,,,In The Paint (Non-RA),8-16 Center,,,,,652.0,8.0,7.0,1.0,,,,,,,,,,,,
4,PT11M56.00S,2025-03-22T23:12:12.4Z,1,REGULAR,jumpball,recovered,[],1630700,,,1610612737,0,0,2025-03-22T23:12:12Z,40000,False,,,0,,Jump Ball O. Okongwu vs. Q. Post: Tip to D. Daniels,"[1630700, 1630168, 1642366]",22401025,1610612737,ATL,startperiod,D. Daniels,1630700.0,Daniels,D. Daniels,Okongwu,1630168.0,Post,1642366.0,,,,,,,,,,,,,,,,,,,,,,
7,PT11M36.00S,2025-03-22T23:12:32.2Z,1,REGULAR,3pt,Jump Shot,[],1631243,4.944152431011826,96.56862745098039,1610612737,0,0,2025-03-22T23:12:38Z,70000,False,-233.0,-6.0,1,left,MISS M. Gueye 3PT,[1631243],22401025,1610612737,ATL,,,,Gueye,M. Gueye,,,,,Left Corner 3,24+ Left,23.29,Missed,,,,,,,,,,,,,,,,,,
11,PT11M17.00S,2025-03-22T23:12:51.0Z,1,REGULAR,3pt,Jump Shot,[],1630700,9.149145860709593,3.431372549019608,1610612737,3,3,2025-03-22T23:12:57Z,110000,False,233.0,34.0,1,left,D. Daniels 3PT  (3 PTS) (O. Okongwu 1 AST),"[1630700, 1630168]",22401025,1610612737,ATL,,,,Daniels,D. Daniels,,,,,Right Corner 3,24+ Right,23.52,Made,,,,,,,3.0,O. Okongwu,1630168.0,1.0,,,,,,,,
14,PT10M47.00S,2025-03-22T23:13:21.4Z,1,REGULAR,rebound,defensive,[],1630168,,,1610612737,3,3,2025-03-22T23:13:21Z,140000,False,,,0,,O. Okongwu REBOUND (Off:0 Def:1),[1630168],22401025,1610612737,ATL,,,,Okongwu,O. Okongwu,,,,,Above the Break 3,24+ Right Center,,,,,13.0,1.0,1.0,0.0,,,,,,,,,,,,
15,PT10M43.00S,2025-03-22T23:13:25.1Z,1,REGULAR,2pt,Layup,"['pointsinthepaint', 'fastbreak']",1642258,5.338370565045992,49.01960784313725,1610612737,5,3,2025-03-22T23:13:31Z,150000,False,5.0,-2.0,1,left,Z. Risacher running Layup (2 PTS) (T. Young 1 AST),"[1642258, 1629027]",22401025,1610612737,ATL,running,,,Risacher,Z. Risacher,,,,,Restricted Area,0-8 Center,0.54,Made,,,,,,,2.0,T. Young,1629027.0,1.0,,,,,,,,
19,PT10M43.00S,2025-03-22T23:13:54.1Z,1,REGULAR,freethrow,1 of 1,['fastbreak'],1642258,,,1610612737,6,3,2025-03-22T23:13:54Z,190000,False,,,0,,Z. Risacher Free Throw 1 of 1 (3 PTS),[1642258],22401025,1610612737,ATL,,,,Risacher,Z. Risacher,,,,,,,,Made,,,,,,,3.0,,,,,,,,,,,
22,PT10M14.00S,2025-03-22T23:14:42.9Z,1,REGULAR,2pt,Jump Shot,['pointsinthepaint'],1630168,16.90210249671485,43.13725490196079,1610612737,6,5,2025-03-22T23:14:49Z,220000,False,34.0,106.0,1,left,MISS O. Okongwu 11' driving floating Shot,[1630168],22401025,1610612737,ATL,driving floating,,,Okongwu,O. Okongwu,,,,,In The Paint (Non-RA),8-16 Center,11.18,Missed,,,,,,,,,,,,,,,,,,
23,PT10M12.00S,2025-03-22T23:14:44.9Z,1,REGULAR,rebound,offensive,[],1631243,,,1610612737,6,5,2025-03-22T23:14:49Z,230000,False,,,0,,M. Gueye REBOUND (Off:1 Def:0),[1631243],22401025,1610612737,ATL,,,,Gueye,M. Gueye,,,,,In The Paint (Non-RA),8-16 Center,,,,,22.0,1.0,0.0,1.0,,,,,,,,,,,,
24,PT10M03.00S,2025-03-22T23:14:55.3Z,1,REGULAR,2pt,DUNK,"['pointsinthepaint', '2ndchance']",1631243,5.863994743758213,50.73529411764706,1610612737,8,5,2025-03-22T23:15:23Z,240000,False,-4.0,3.0,1,left,M. Gueye driving DUNK (2 PTS) (D. Daniels 1 AST),"[1631243, 1630700]",22401025,1610612737,ATL,driving,,,Gueye,M. Gueye,,,,,Restricted Area,0-8 Center,0.45,Made,,,,,,,2.0,D. Daniels,1630700.0,1.0,,,,,,,,
28,PT09M37.00S,2025-03-22T23:15:24.0Z,1,REGULAR,2pt,Jump Shot,[],1629027,25.443495400788436,71.07843137254902,1610612737,10,8,2025-03-22T23:15:30Z,280000,False,-105.0,187.0,1,left,T. Young 21' driving floating Jump Shot (2 PTS),[1629027],22401025,1610612737,ATL,driving floating,,,Young,T. Young,,,,,Mid-Range,16-24 Left Center,21.44,Made,,,,,,,2.0,,,,,,,,,,,
31,PT09M37.00S,2025-03-22T23:15:50.7Z,1,REGULAR,freethrow,1 of 1,[],1629027,,,1610612737,11,8,2025-03-22T23:15:50Z,310000,False,,,0,,T. Young Free Throw 1 of 1 (3 PTS),[1629027],22401025,1610612737,ATL,,,,Young,T. Young,,,,,,,,Made,,,,,,,3.0,,,,,,,,,,,
33,PT09M19.00S,2025-03-22T23:16:10.3Z,1,REGULAR,rebound,defensive,[],1629027,,,1610612737,11,8,2025-03-22T23:16:31Z,330000,False,,,0,,T. Young REBOUND (Off:0 Def:1),[1629027],22401025,1610612737,ATL,,,,Young,T. Young,,,,,Above the Break 3,24+ Left Center,,,,,32.0,1.0,1.0,0.0,,,,,,,,,,,,
34,PT09M14.00S,2025-03-22T23:16:15.0Z,1,REGULAR,3pt,Jump Shot,['fastbreak'],1642258,23.73521681997372,85.29411764705883,1610612737,14,8,2025-03-22T23:16:21Z,340000,False,-176.0,171.0,1,left,Z. Risacher 24' 3PT running (6 PTS) (T. Young 2 AST),"[1642258, 1629027]",22401025,1610612737,ATL,running,,,Risacher,Z. Risacher,,,,,Above the Break 3,24+ Left Center,24.55,Made,,,,,,,6.0,T. Young,1629027.0,2.0,,,,,,,,
36,PT08M49.00S,2025-03-22T23:16:46.5Z,1,REGULAR,foul,personal,[],1631243,,,1610612744,14,8,2025-03-22T23:17:00Z,360000,False,,,0,,M. Gueye personal FOUL (1 PF),"[1631243, 1630541]",22401025,1610612737,ATL,,,,Gueye,M. Gueye,,,,,In The Paint (Non-RA),8-16 Left,,,,,,,,,,,,,203593.0,,1.0,0.0,Moody,1630541.0,,
40,PT08M29.00S,2025-03-22T23:17:21.4Z,1,REGULAR,3pt,Jump Shot,[],1630168,11.251642575558476,3.6764705882352944,1610612737,17,10,2025-03-22T23:17:27Z,400000,False,232.0,53.0,1,left,O. Okongwu 3PT  (3 PTS) (T. Young 3 AST),"[1630168, 1629027]",22401025,1610612737,ATL,,,,Okongwu,O. Okongwu,,,,,Right Corner 3,24+ Right,23.77,Made,,,,,,,3.0,T. Young,1629027.0,3.0,,,,,,,,
44,PT08M08.00S,2025-03-22T23:17:42.8Z,1,REGULAR,2pt,Jump Shot,['pointsinthepaint'],1629027,13.61695137976347,54.65686274509803,1610612737,19,12,2025-03-22T23:17:48Z,440000,False,-23.0,75.0,1,left,T. Young 7' driving floating Jump Shot (5 PTS) (D. Daniels 2 AST),"[1629027, 1630700]",22401025,1610612737,ATL,driving floating,,,Young,T. Young,,,,,In The Paint (Non-RA),0-8 Center,7.9,Made,,,,,,,5.0,D. Daniels,1630700.0,2.0,,,,,,,,
46,PT08M00.00S,2025-03-22T23:17:54.1Z,1,REGULAR,foul,personal,['2freethrow'],1631243,,,1610612744,19,12,2025-03-22T23:18:15Z,460000,False,,,0,,M. Gueye shooting personal FOUL (2 PF) (Butler III 2 FT),"[1631243, 202710]",22401025,1610612737,ATL,shooting,,,Gueye,M. Gueye,,,,,In The Paint (Non-RA),8-16 Center,,,,,,,,,,,,,1146.0,,2.0,0.0,Butler III,202710.0,,
50,PT07M50.00S,2025-03-22T23:18:52.5Z,1,REGULAR,2pt,Layup,['pointsinthepaint'],1631243,4.418528252299605,52.20588235294118,1610612737,19,14,2025-03-22T23:19:39Z,500000,False,-11.0,-11.0,1,left,MISS M. Gueye Layup,[1631243],22401025,1610612737,ATL,,,,Gueye,M. Gueye,,,,,Restricted Area,0-8 Center,1.56,Missed,,,,,,,,,,,,,,,,,,
53,PT07M18.00S,2025-03-22T23:19:22.7Z,1,REGULAR,3pt,Jump Shot,[],1630700,27.677398160315374,76.9607843137255,1610612737,19,16,2025-03-22T23:19:27Z,530000,False,-135.0,208.0,1,left,MISS D. Daniels 24' 3PT,[1630700],22401025,1610612737,ATL,,,,Daniels,D. Daniels,,,,,Above the Break 3,24+ Left Center,24.76,Missed,,,,,,,,,,,,,,,,,,
60,PT06M56.00S,2025-03-22T23:20:13.8Z,1,REGULAR,3pt,Jump Shot,['fromturnover'],1629027,29.38567674113009,70.34313725490196,1610612737,22,16,2025-03-22T23:20:18Z,600000,False,-102.0,224.0,1,left,T. Young 24' 3PT pullup (8 PTS),[1629027],22401025,1610612737,ATL,pullup,,,Young,T. Young,,,,,Above the Break 3,24+ Left Center,24.57,Made,,,,,,,8.0,,,,,,,,,,,
62,PT06M37.00S,2025-03-22T23:20:31.4Z,1,REGULAR,steal,,[],1630700,,,1610612737,22,16,2025-03-22T23:20:33Z,620000,False,,,0,,D. Daniels STEAL (1 STL),[1630700],22401025,1610612737,ATL,,,,Daniels,D. Daniels,,,,,Mid-Range,16-24 Center,,,,,,,,,,,,,,,,,,,,
63,PT06M33.00S,2025-03-22T23:20:36.0Z,1,REGULAR,2pt,Layup,"['pointsinthepaint', 'fromturnover', 'fastbreak']",1630700,6.389618922470433,51.225490196078425,1610612737,24,16,2025-03-22T23:20:41Z,630000,False,-6.0,8.0,1,left,D. Daniels running Layup (5 PTS),[1630700],22401025,1610612737,ATL,running,,,Daniels,D. Daniels,,,,,Restricted Area,0-8 Center,0.97,Made,,,,,,,5.0,,,,,,,,,,,
65,PT06M33.00S,2025-03-22T23:23:07.1Z,1,REGULAR,substitution,out,[],1629027,,,1610612744,24,16,2025-03-22T23:23:37Z,650000,False,,,0,,SUB out: T. Young,[1629027],22401025,1610612737,ATL,,,,Young,T. Young,,,,,,,,,,,,,,,,,,,,,,,,,,
66,PT06M33.00S,2025-03-22T23:23:07.1Z,1,REGULAR,substitution,in,[],1627747,,,1610612744,24,16,2025-03-22T23:23:37Z,660000,False,,,0,,SUB in: C. LeVert,[1627747],22401025,1610612737,ATL,,,,LeVert,C. LeVert,,,,,,,,,,,,,,,,,,,,,,,,,,
69,PT06M09.00S,2025-03-22T23:24:31.4Z,1,REGULAR,rebound,defensive,[],1630700,,,1610612737,24,16,2025-03-22T23:24:52Z,690000,False,,,0,,D. Daniels REBOUND (Off:0 Def:1),[1630700],22401025,1610612737,ATL,,,,Daniels,D. Daniels,,,,,Above the Break 3,24+ Center,,,,,68.0,1.0,1.0,0.0,,,,,,,,,,,,
70,PT06M03.00S,2025-03-22T23:24:36.9Z,1,REGULAR,3pt,Jump Shot,['fastbreak'],1642258,25.969119579500656,82.35294117647058,1610612737,24,16,2025-03-22T23:24:42Z,700000,False,-162.0,192.0,1,left,MISS Z. Risacher 25' running 3PT,[1642258],22401025,1610612737,ATL,running,,,Risacher,Z. Risacher,,,,,Above the Break 3,24+ Left Center,25.08,Missed,,,,,,,,,,,,,,,,,,
73,PT05M47.00S,2025-03-22T23:24:52.6Z,1,REGULAR,rebound,defensive,[],1630168,,,1610612737,24,16,2025-03-22T23:24:54Z,730000,False,,,0,,O. Okongwu REBOUND (Off:0 Def:2),[1630168],22401025,1610612737,ATL,,,,Okongwu,O. Okongwu,,,,,Above the Break 3,24+ Left Center,,,,,72.0,2.0,2.0,0.0,,,,,,,,,,,,
74,PT05M34.00S,2025-03-22T23:25:06.2Z,1,REGULAR,2pt,Layup,['pointsinthepaint'],1642258,5.469776609724048,50.0,1610612737,26,16,2025-03-22T23:25:11Z,740000,False,0.0,-1.0,1,left,Z. Risacher driving Layup (8 PTS) (O. Okongwu 2 AST),"[1642258, 1630168]",22401025,1610612737,ATL,driving,,,Risacher,Z. Risacher,,,,,Restricted Area,0-8 Center,0.11,Made,,,,,,,8.0,O. Okongwu,1630168.0,2.0,,,,,,,,
77,PT05M22.00S,2025-03-22T23:25:17.7Z,1,REGULAR,block,,[],1630168,,,1610612744,26,16,2025-03-22T23:25:20Z,770000,False,,,0,,O. Okongwu BLOCK (1 BLK),[1630168],22401025,1610612737,ATL,,,,Okongwu,O. Okongwu,,,,,Restricted Area,0-8 Center,,,,,,,,,,,,,,,,,,,,
78,PT05M21.00S,2025-03-22T23:25:18.7Z,1,REGULAR,rebound,defensive,[],1630168,,,1610612737,26,16,2025-03-22T23:26:07Z,780000,False,,,0,,O. Okongwu REBOUND (Off:0 Def:3),[1630168],22401025,1610612737,ATL,,,,Okongwu,O. Okongwu,,,,,Restricted Area,0-8 Center,,,,,76.0,3.0,3.0,0.0,,,,,,,,,,,,
79,PT05M11.00S,2025-03-22T23:25:29.1Z,1,REGULAR,2pt,Hook,['pointsinthepaint'],1630168,13.091327201051248,48.28431372549019,1610612737,28,16,2025-03-22T23:25:34Z,790000,False,9.0,71.0,1,left,O. Okongwu 7' driving Hook (5 PTS) (C. LeVert 1 AST),"[1630168, 1627747]",22401025,1610612737,ATL,driving,,,Okongwu,O. Okongwu,,,,,In The Paint (Non-RA),0-8 Center,7.11,Made,,,,,,,5.0,C. LeVert,1627747.0,1.0,,,,,,,,
81,PT05M03.00S,2025-03-22T23:25:38.6Z,1,REGULAR,foul,personal,[],1627747,,,1610612744,28,16,2025-03-22T23:25:44Z,810000,False,,,0,,C. LeVert personal FOUL (1 PF),"[1627747, 1641764]",22401025,1610612737,ATL,,,,LeVert,C. LeVert,,,,,Above the Break 3,24+ Right Center,,,,,,,,,,,,,203593.0,,1.0,0.0,Podziemski,1641764.0,,
83,PT05M03.00S,2025-03-22T23:25:44.6Z,1,REGULAR,substitution,out,[],1642258,,,1610612744,28,16,2025-03-22T23:26:00Z,830000,False,,,0,,SUB out: Z. Risacher,[1642258],22401025,1610612737,ATL,,,,Risacher,Z. Risacher,,,,,,,,,,,,,,,,,,,,,,,,,,
84,PT05M03.00S,2025-03-22T23:25:44.6Z,1,REGULAR,substitution,out,[],1630168,,,1610612744,28,16,2025-03-22T23:26:00Z,840000,False,,,0,,SUB out: O. Okongwu,[1630168],22401025,1610612737,ATL,,,,Okongwu,O. Okongwu,,,,,,,,,,,,,,,,,,,,,,,,,,
85,PT05M03.00S,2025-03-22T23:25:44.6Z,1,REGULAR,substitution,out,[],1631243,,,1610612744,28,16,2025-03-22T23:26:00Z,850000,False,,,0,,SUB out: M. Gueye,[1631243],22401025,1610612737,ATL,,,,Gueye,M. Gueye,,,,,,,,,,,,,,,,,,,,,,,,,,
88,PT05M03.00S,2025-03-22T23:25:44.6Z,1,REGULAR,substitution,in,[],1631230,,,1610612744,28,16,2025-03-22T23:26:00Z,880000,False,,,0,,SUB in: D. Barlow,[1631230],22401025,1610612737,ATL,,,,Barlow,D. Barlow,,,,,,,,,,,,,,,,,,,,,,,,,,
89,PT05M03.00S,2025-03-22T23:25:44.6Z,1,REGULAR,substitution,in,[],1627777,,,1610612744,28,16,2025-03-22T23:26:00Z,890000,False,,,0,,SUB in: G. Niang,[1627777],22401025,1610612737,ATL,,,,Niang,G. Niang,,,,,,,,,,,,,,,,,,,,,,,,,,
90,PT05M03.00S,2025-03-22T23:25:44.6Z,1,REGULAR,substitution,in,[],1629611,,,1610612744,28,16,2025-03-22T23:26:00Z,900000,False,,,0,,SUB in: T. Mann,[1629611],22401025,1610612737,ATL,,,,Mann,T. Mann,,,,,,,,,,,,,,,,,,,,,,,,,,
97,PT04M44.00S,2025-03-22T23:26:56.5Z,1,REGULAR,rebound,defensive,['team'],0,,,1610612737,28,16,2025-03-22T23:27:01Z,970000,False,,,0,,TEAM defensive REBOUND,[],22401025,1610612737,ATL,,,,,,,,,,Above the Break 3,24+ Right Center,,,,,96.0,,,,,,,,,,,,,,,
102,PT04M27.00S,2025-03-22T23:27:47.0Z,1,REGULAR,foul,offensive,[],1629611,,,1610612737,28,16,2025-03-22T23:27:54Z,1020000,False,,,0,,T. Mann offensive FOUL (1 PF),"[1629611, 1630611]",22401025,1610612737,ATL,,,,Mann,T. Mann,,,,,In The Paint (Non-RA),8-16 Center,,,,,,,,,,,,,1146.0,,1.0,0.0,Santos,1630611.0,,
104,PT04M27.00S,2025-03-22T23:27:47.0Z,1,REGULAR,turnover,offensive foul,[],1629611,,,1610612737,28,16,2025-03-22T23:27:47Z,1040000,False,,,0,,T. Mann offensive foul TURNOVER (1 TO),[1629611],22401025,1610612737,ATL,,,,Mann,T. Mann,,,,,In The Paint (Non-RA),8-16 Center,,,,,,,,,,,,,1146.0,1.0,,,,,,
106,PT04M12.00S,2025-03-22T23:28:13.8Z,1,REGULAR,rebound,defensive,[],1627747,,,1610612737,28,16,2025-03-22T23:29:00Z,1060000,False,,,0,,C. LeVert REBOUND (Off:0 Def:1),[1627747],22401025,1610612737,ATL,,,,LeVert,C. LeVert,,,,,Above the Break 3,24+ Left Center,,,,,105.0,1.0,1.0,0.0,,,,,,,,,,,,
107,PT04M03.00S,2025-03-22T23:28:22.2Z,1,REGULAR,2pt,Jump Shot,[],1627777,4.812746386333772,17.892156862745097,1610612737,30,16,2025-03-22T23:28:29Z,1070000,False,161.0,-7.0,1,left,G. Niang 16' pullup Jump Shot (2 PTS) (C. LeVert 2 AST),"[1627777, 1627747]",22401025,1610612737,ATL,pullup,,,Niang,G. Niang,,,,,Mid-Range,16-24 Right,16.07,Made,,,,,,,2.0,C. LeVert,1627747.0,2.0,,,,,,,,
110,PT03M44.00S,2025-03-22T23:28:41.2Z,1,REGULAR,2pt,Jump Shot,['pointsinthepaint'],1630700,13.61695137976347,49.50980392156863,1610612737,32,18,2025-03-22T23:28:46Z,1100000,False,2.0,75.0,1,left,D. Daniels 7' driving floating Jump Shot (7 PTS),[1630700],22401025,1610612737,ATL,driving floating,,,Daniels,D. Daniels,,,,,In The Paint (Non-RA),0-8 Center,7.55,Made,,,,,,,7.0,,,,,,,,,,,
113,PT03M23.00S,2025-03-22T23:29:01.7Z,1,REGULAR,rebound,defensive,[],1630700,,,1610612737,32,18,2025-03-22T23:29:03Z,1130000,False,,,0,,D. Daniels REBOUND (Off:0 Def:2),[1630700],22401025,1610612737,ATL,,,,Daniels,D. Daniels,,,,,Mid-Range,16-24 Center,,,,,112.0,2.0,2.0,0.0,,,,,,,,,,,,
114,PT03M14.00S,2025-03-22T23:29:10.5Z,1,REGULAR,2pt,Jump Shot,[],1631230,5.995400788436268,24.509803921568626,1610612737,34,18,2025-03-22T23:29:16Z,1140000,False,127.0,4.0,1,left,D. Barlow 12' Jump Shot (2 PTS) (C. LeVert 3 AST),"[1631230, 1627747]",22401025,1610612737,ATL,,,,Barlow,D. Barlow,,,,,Mid-Range,8-16 Right,12.76,Made,,,,,,,2.0,C. LeVert,1627747.0,3.0,,,,,,,,
119,PT02M44.00S,2025-03-22T23:29:42.3Z,1,REGULAR,rebound,defensive,[],1630700,,,1610612737,34,18,2025-03-22T23:32:15Z,1190000,False,,,0,,D. Daniels REBOUND (Off:0 Def:3),[1630700],22401025,1610612737,ATL,,,,Daniels,D. Daniels,,,,,Restricted Area,0-8 Center,,,,,118.0,3.0,3.0,0.0,,,,,,,,,,,,
120,PT02M37.00S,2025-03-22T23:29:47.8Z,1,REGULAR,2pt,Jump Shot,['pointsinthepaint'],1627747,16.507884362680684,46.568627450980394,1610612737,36,18,2025-03-22T23:29:53Z,1200000,False,17.0,103.0,1,left,C. LeVert 10' driving floating bank Jump Shot (2 PTS) (D. Daniels 3 AST),"[1627747, 1630700]",22401025,1610612737,ATL,driving floating bank,,,LeVert,C. LeVert,,,,,In The Paint (Non-RA),8-16 Center,10.41,Made,,,,,,,2.0,D. Daniels,1630700.0,3.0,,,,,,,,
123,PT02M37.00S,2025-03-22T23:32:16.2Z,1,REGULAR,substitution,out,[],1630700,,,1610612744,36,18,2025-03-22T23:32:34Z,1230000,False,,,0,,SUB out: D. Daniels,[1630700],22401025,1610612737,ATL,,,,Daniels,D. Daniels,,,,,,,,,,,,,,,,,,,,,,,,,,
126,PT02M37.00S,2025-03-22T23:32:16.2Z,1,REGULAR,substitution,in,[],1629027,,,1610612744,36,18,2025-03-22T23:32:34Z,1260000,False,,,0,,SUB in: T. Young,[1629027],22401025,1610612737,ATL,,,,Young,T. Young,,,,,,,,,,,,,,,,,,,,,,,,,,
130,PT02M15.00S,2025-03-22T23:33:10.2Z,1,REGULAR,rebound,defensive,[],1631230,,,1610612737,36,18,2025-03-22T23:33:51Z,1300000,False,,,0,,D. Barlow REBOUND (Off:0 Def:1),[1631230],22401025,1610612737,ATL,,,,Barlow,D. Barlow,,,,,Mid-Range,8-16 Right,,,,,129.0,1.0,1.0,0.0,,,,,,,,,,,,
131,PT02M10.00S,2025-03-22T23:33:14.8Z,1,REGULAR,2pt,Layup,"['pointsinthepaint', 'fastbreak']",1629611,5.469776609724048,49.01960784313725,1610612737,38,18,2025-03-22T23:33:20Z,1310000,False,5.0,-1.0,1,left,T. Mann running Layup (2 PTS) (T. Young 4 AST),"[1629611, 1629027]",22401025,1610612737,ATL,running,,,Mann,T. Mann,,,,,Restricted Area,0-8 Center,0.5,Made,,,,,,,2.0,T. Young,1629027.0,4.0,,,,,,,,
135,PT01M42.00S,2025-03-22T23:33:43.3Z,1,REGULAR,3pt,Jump Shot,[],1627747,31.488173455978973,47.794117647058826,1610612737,38,21,2025-03-22T23:33:48Z,1350000,False,11.0,243.0,1,left,MISS C. LeVert 24' 3PT,[1627747],22401025,1610612737,ATL,,,,LeVert,C. LeVert,,,,,Above the Break 3,24+ Center,24.37,Missed,,,,,,,,,,,,,,,,,,
145,PT01M13.00S,2025-03-22T23:35:06.1Z,1,REGULAR,rebound,defensive,['team'],0,,,1610612737,38,21,2025-03-22T23:36:13Z,1450000,False,,,0,,TEAM defensive REBOUND,[],22401025,1610612737,ATL,,,,,,,,,,Above the Break 3,24+ Left Center,,,,,144.0,,,,,,,,,,,,,,,
147,PT00M50.10S,2025-03-22T23:35:39.7Z,1,REGULAR,2pt,Layup,['pointsinthepaint'],1631230,6.652431011826544,46.568627450980394,1610612737,38,21,2025-03-22T23:35:44Z,1470000,False,17.0,10.0,1,left,MISS D. Barlow driving Layup,[1631230],22401025,1610612737,ATL,driving,,,Barlow,D. Barlow,,,,,Restricted Area,0-8 Center,1.99,Missed,,,,,,,,,,,,,,,,,,
148,PT00M46.40S,2025-03-22T23:35:43.4Z,1,REGULAR,rebound,offensive,[],1631230,,,1610612737,38,21,2025-03-22T23:35:43Z,1480000,False,,,0,,D. Barlow REBOUND (Off:1 Def:1),[1631230],22401025,1610612737,ATL,,,,Barlow,D. Barlow,,,,,Restricted Area,0-8 Center,,,,,147.0,2.0,1.0,1.0,,,,,,,,,,,,
149,PT00M46.40S,2025-03-22T23:35:43.4Z,1,REGULAR,2pt,Layup,"['pointsinthepaint', '2ndchance']",1631230,5.590000152587891,50.0,1610612737,38,21,2025-03-22T23:35:43Z,1490000,False,0.0,0.0,1,left,MISS D. Barlow tip Layup,[1631230],22401025,1610612737,ATL,tip,,,Barlow,D. Barlow,,,,,Mid-Range,8-16 Left,0.0,Missed,,,,,,,,,,,,,,,,,,
154,PT00M30.50S,2025-03-22T23:35:59.3Z,1,REGULAR,rebound,defensive,[],1629611,,,1610612737,38,21,2025-03-22T23:35:59Z,1540000,False,,,0,,T. Mann REBOUND (Off:0 Def:1),[1629611],22401025,1610612737,ATL,,,,Mann,T. Mann,,,,,Mid-Range,8-16 Left,,,,,153.0,1.0,1.0,0.0,,,,,,,,,,,,
155,PT00M27.40S,2025-03-22T23:36:02.5Z,1,REGULAR,3pt,Jump Shot,[],1627747,28.07161629434954,77.45098039215686,1610612737,38,21,2025-03-22T23:36:09Z,1550000,False,-137.0,211.0,1,left,MISS C. LeVert 25' 3PT,[1627747],22401025,1610612737,ATL,,,,LeVert,C. LeVert,,,,,Above the Break 3,24+ Left Center,25.21,Missed,,,,,,,,,,,,,,,,,,
158,PT00M00.20S,2025-03-22T23:36:32.5Z,1,REGULAR,2pt,Jump Shot,['pointsinthepaint'],1627747,17.16491458607096,42.8921568627451,1610612737,40,23,2025-03-22T23:36:37Z,1580000,False,36.0,109.0,1,left,C. LeVert 11' fadeaway Jump Shot (4 PTS) (G. Niang 1 AST),"[1627747, 1627777]",22401025,1610612737,ATL,fadeaway,,,LeVert,C. LeVert,,,,,In The Paint (Non-RA),8-16 Center,11.45,Made,,,,,,,4.0,G. Niang,1627777.0,1.0,,,,,,,,
165,PT12M00.00S,2025-03-22T23:38:48.3Z,2,REGULAR,substitution,in,['startperiod'],1630249,,,1610612744,40,23,2025-03-22T23:39:13Z,1650000,False,,,0,,SUB in: V. Krejčí,[1630249],22401025,1610612737,ATL,,,,Krejčí,V. Krejčí,,,,,,,,,,,,,,,,,,,,,,,,,,
161,PT12M00.00S,2025-03-22T23:38:48.3Z,2,REGULAR,substitution,out,['startperiod'],1627747,,,1610612744,40,23,2025-03-22T23:39:13Z,1610000,False,,,0,,SUB out: C. LeVert,[1627747],22401025,1610612737,ATL,,,,LeVert,C. LeVert,,,,,,,,,,,,,,,,,,,,,,,,,,
172,PT11M30.00S,2025-03-22T23:40:10.7Z,2,REGULAR,turnover,out-of-bounds,[],1629027,,,1610612737,40,25,2025-03-22T23:40:17Z,1710000,False,,,0,,T. Young lost ball out-of-bounds TURNOVER (1 TO),[1629027],22401025,1610612737,ATL,lost ball,,,Young,T. Young,,,,,Above the Break 3,24+ Left Center,,,,,,,,,,,,,1628480.0,1.0,,,,,,
173,PT11M30.00S,2025-03-22T23:40:20.0Z,2,REGULAR,substitution,out,[],1627777,,,1610612744,40,25,2025-03-22T23:40:24Z,1720000,False,,,0,,SUB out: G. Niang,[1627777],22401025,1610612737,ATL,,,,Niang,G. Niang,,,,,,,,,,,,,,,,,,,,,,,,,,
174,PT11M30.00S,2025-03-22T23:40:20.0Z,2,REGULAR,substitution,in,[],1631243,,,1610612744,40,25,2025-03-22T23:40:24Z,1730000,False,,,0,,SUB in: M. Gueye,[1631243],22401025,1610612737,ATL,,,,Gueye,M. Gueye,,,,,,,,,,,,,,,,,,,,,,,,,,
175,PT11M16.00S,2025-03-22T23:40:40.3Z,2,REGULAR,foul,personal,['2freethrow'],1629611,,,1610612744,40,25,2025-03-22T23:41:07Z,1740000,False,,,0,,T. Mann shooting personal FOUL (2 PF) (Butler III 2 FT),"[1629611, 202710]",22401025,1610612737,ATL,shooting,,,Mann,T. Mann,,,,,Restricted Area,0-8 Center,,,,,,,,,,,,,1628480.0,,2.0,0.0,Butler III,202710.0,,
179,PT11M00.00S,2025-03-22T23:41:40.1Z,2,REGULAR,3pt,Jump Shot,[],1629027,27.94021024967148,78.43137254901961,1610612737,40,27,2025-03-22T23:41:45Z,1780000,False,-142.0,210.0,1,left,MISS T. Young 25' pullup 3PT,[1629027],22401025,1610612737,ATL,pullup,,,Young,T. Young,,,,,Above the Break 3,24+ Left Center,25.37,Missed,,,,,,,,,,,,,,,,,,
182,PT10M36.00S,2025-03-22T23:42:04.3Z,2,REGULAR,rebound,defensive,[],1629027,,,1610612737,40,27,2025-03-22T23:42:06Z,1810000,False,,,0,,T. Young REBOUND (Off:0 Def:2),[1629027],22401025,1610612737,ATL,,,,Young,T. Young,,,,,Left Corner 3,24+ Left,,,,,181.0,2.0,2.0,0.0,,,,,,,,,,,,
183,PT10M31.00S,2025-03-22T23:42:09.4Z,2,REGULAR,3pt,Jump Shot,['fastbreak'],1629611,7.835085413929041,3.431372549019608,1610612737,43,27,2025-03-22T23:42:14Z,1820000,False,233.0,21.0,1,left,T. Mann 3PT running (5 PTS) (V. Krejčí 1 AST),"[1629611, 1630249]",22401025,1610612737,ATL,running,,,Mann,T. Mann,,,,,Right Corner 3,24+ Right,23.38,Made,,,,,,,5.0,V. Krejčí,1630249.0,1.0,,,,,,,,
185,PT10M18.00S,2025-03-22T23:42:24.3Z,2,REGULAR,foul,personal,['2freethrow'],1631230,,,1610612744,43,27,2025-03-22T23:42:56Z,1840000,False,,,0,,D. Barlow shooting personal FOUL (1 PF) (Butler III 2 FT),"[1631230, 202710]",22401025,1610612737,ATL,shooting,,,Barlow,D. Barlow,,,,,Restricted Area,0-8 Center,,,,,,,,,,,,,203593.0,,1.0,0.0,Butler III,202710.0,,
189,PT10M18.00S,2025-03-22T23:43:06.7Z,2,REGULAR,substitution,in,[],1630168,,,1610612744,43,28,2025-03-22T23:43:12Z,1880000,False,,,0,,SUB in: O. Okongwu,[1630168],22401025,1610612737,ATL,,,,Okongwu,O. Okongwu,,,,,,,,,,,,,,,,,,,,,,,,,,
188,PT10M18.00S,2025-03-22T23:43:06.7Z,2,REGULAR,substitution,out,[],1631230,,,1610612744,43,28,2025-03-22T23:43:12Z,1870000,False,,,0,,SUB out: D. Barlow,[1631230],22401025,1610612737,ATL,,,,Barlow,D. Barlow,,,,,,,,,,,,,,,,,,,,,,,,,,
191,PT10M07.00S,2025-03-22T23:43:37.3Z,2,REGULAR,2pt,Hook,['pointsinthepaint'],1630168,12.565703022339028,48.03921568627451,1610612737,45,29,2025-03-22T23:43:42Z,1900000,False,10.0,66.0,1,left,O. Okongwu 6' turnaround Hook (7 PTS),[1630168],22401025,1610612737,ATL,turnaround,,,Okongwu,O. Okongwu,,,,,In The Paint (Non-RA),0-8 Center,6.63,Made,,,,,,,7.0,,,,,,,,,,,
193,PT09M45.00S,2025-03-22T23:43:59.8Z,2,REGULAR,rebound,defensive,[],1631243,,,1610612737,45,29,2025-03-22T23:44:01Z,1920000,False,,,0,,M. Gueye REBOUND (Off:1 Def:1),[1631243],22401025,1610612737,ATL,,,,Gueye,M. Gueye,,,,,In The Paint (Non-RA),8-16 Center,,,,,192.0,2.0,1.0,1.0,,,,,,,,,,,,
194,PT09M37.00S,2025-03-22T23:44:08.1Z,2,REGULAR,3pt,Jump Shot,[],1630168,31.882391590013142,48.03921568627451,1610612737,48,29,2025-03-22T23:44:12Z,1930000,False,10.0,247.0,1,left,O. Okongwu 24' 3PT  (10 PTS) (V. Krejčí 2 AST),"[1630168, 1630249]",22401025,1610612737,ATL,,,,Okongwu,O. Okongwu,,,,,Above the Break 3,24+ Center,24.74,Made,,,,,,,10.0,V. Krejčí,1630249.0,2.0,,,,,,,,
199,PT08M54.00S,2025-03-22T23:45:00.3Z,2,REGULAR,substitution,out,[],1629027,,,1610612737,48,31,2025-03-22T23:45:12Z,1980000,False,,,0,,SUB out: T. Young,[1629027],22401025,1610612737,ATL,,,,Young,T. Young,,,,,,,,,,,,,,,,,,,,,,,,,,
200,PT08M54.00S,2025-03-22T23:45:00.3Z,2,REGULAR,substitution,out,[],1629611,,,1610612737,48,31,2025-03-22T23:45:12Z,1990000,False,,,0,,SUB out: T. Mann,[1629611],22401025,1610612737,ATL,,,,Mann,T. Mann,,,,,,,,,,,,,,,,,,,,,,,,,,
201,PT08M54.00S,2025-03-22T23:45:00.3Z,2,REGULAR,substitution,out,[],1631243,,,1610612737,48,31,2025-03-22T23:45:12Z,2000000,False,,,0,,SUB out: M. Gueye,[1631243],22401025,1610612737,ATL,,,,Gueye,M. Gueye,,,,,,,,,,,,,,,,,,,,,,,,,,
202,PT08M54.00S,2025-03-22T23:45:00.3Z,2,REGULAR,substitution,in,[],1642258,,,1610612737,48,31,2025-03-22T23:45:12Z,2010000,False,,,0,,SUB in: Z. Risacher,[1642258],22401025,1610612737,ATL,,,,Risacher,Z. Risacher,,,,,,,,,,,,,,,,,,,,,,,,,,
203,PT08M54.00S,2025-03-22T23:45:00.3Z,2,REGULAR,substitution,in,[],1627777,,,1610612737,48,31,2025-03-22T23:45:12Z,2020000,False,,,0,,SUB in: G. Niang,[1627777],22401025,1610612737,ATL,,,,Niang,G. Niang,,,,,,,,,,,,,,,,,,,,,,,,,,
204,PT08M54.00S,2025-03-22T23:45:00.3Z,2,REGULAR,substitution,in,[],1630700,,,1610612737,48,31,2025-03-22T23:45:12Z,2030000,False,,,0,,SUB in: D. Daniels,[1630700],22401025,1610612737,ATL,,,,Daniels,D. Daniels,,,,,,,,,,,,,,,,,,,,,,,,,,
205,PT08M44.00S,2025-03-22T23:45:31.3Z,2,REGULAR,3pt,Jump Shot,[],1630700,28.465834428383708,74.50980392156863,1610612737,48,31,2025-03-22T23:45:35Z,2040000,False,-123.0,215.0,1,left,MISS D. Daniels 24' 3PT,[1630700],22401025,1610612737,ATL,,,,Daniels,D. Daniels,,,,,Above the Break 3,24+ Left Center,24.75,Missed,,,,,,,,,,,,,,,,,,
209,PT08M14.00S,2025-03-22T23:46:02.5Z,2,REGULAR,2pt,Jump Shot,"['pointsinthepaint', 'defensivegoaltending']",1630249,18.084756898817346,58.08823529411765,1610612737,50,34,2025-03-22T23:46:14Z,2080000,False,-40.0,117.0,1,left,V. Krejčí 12' driving floating Jump Shot (2 PTS) (O. Okongwu 3 AST),"[1630249, 1630168]",22401025,1610612737,ATL,driving floating,,,Krejčí,V. Krejčí,,,,,In The Paint (Non-RA),8-16 Center,12.43,Made,,,,,,,2.0,O. Okongwu,1630168.0,3.0,,,,,,,,
213,PT07M54.00S,2025-03-22T23:46:30.9Z,2,REGULAR,rebound,defensive,[],1630249,,,1610612737,50,34,2025-03-22T23:46:33Z,2120000,False,,,0,,V. Krejčí REBOUND (Off:0 Def:1),[1630249],22401025,1610612737,ATL,,,,Krejčí,V. Krejčí,,,,,Above the Break 3,24+ Right Center,,,,,212.0,1.0,1.0,0.0,,,,,,,,,,,,
217,PT07M41.00S,2025-03-22T23:47:10.9Z,2,REGULAR,freethrow,1 of 2,[],1627777,,,1610612737,51,34,2025-03-22T23:47:41Z,2160000,False,,,0,,G. Niang Free Throw 1 of 2 (3 PTS),[1627777],22401025,1610612737,ATL,,,,Niang,G. Niang,,,,,,,,Made,,,,,,,3.0,,,,,,,,,,,
222,PT07M41.00S,2025-03-22T23:47:10.9Z,2,REGULAR,freethrow,2 of 2,[],1627777,,,1610612737,51,34,2025-03-22T23:47:41Z,2210000,False,,,0,,MISS G. Niang Free Throw 2 of 2,[1627777],22401025,1610612737,ATL,,,,Niang,G. Niang,,,,,,,,Missed,,,,,,,,,,,,,,,,,,
226,PT07M21.00S,2025-03-22T23:47:57.3Z,2,REGULAR,3pt,Jump Shot,[],1627777,7.046649145860711,96.81372549019608,1610612737,51,36,2025-03-22T23:48:01Z,2250000,False,-234.0,14.0,1,left,MISS G. Niang 3PT,[1627777],22401025,1610612737,ATL,,,,Niang,G. Niang,,,,,Left Corner 3,24+ Left,23.45,Missed,,,,,,,,,,,,,,,,,,
229,PT07M15.00S,2025-03-22T23:48:11.2Z,2,REGULAR,foul,personal,['1freethrow'],1630249,,,1610612744,51,38,2025-03-22T23:48:28Z,2280000,False,,,0,,V. Krejčí shooting personal FOUL (1 PF) (Kuminga 1 FT),"[1630249, 1630228]",22401025,1610612737,ATL,shooting,,,Krejčí,V. Krejčí,,,,,In The Paint (Non-RA),0-8 Center,,,,,,,,,,,,,1628480.0,,1.0,0.0,Kuminga,1630228.0,,
231,PT07M15.00S,2025-03-22T23:48:27.3Z,2,REGULAR,timeout,full,"['team', 'mandatory']",0,,,1610612744,51,38,2025-03-22T23:48:27Z,2300000,False,,,0,,ATL Timeout,[],22401025,1610612737,ATL,,,,,,,,,,,,,,,,,,,,,,,,,,,,,,,
235,PT06M58.00S,2025-03-22T23:52:03.2Z,2,REGULAR,2pt,Hook,['pointsinthepaint'],1630168,9.280551905387648,56.61764705882353,1610612737,53,39,2025-03-22T23:52:47Z,2340000,False,-33.0,35.0,1,left,O. Okongwu driving Hook (12 PTS) (D. Daniels 4 AST),"[1630168, 1630700]",22401025,1610612737,ATL,driving,,,Okongwu,O. Okongwu,,,,,In The Paint (Non-RA),0-8 Center,4.8,Made,,,,,,,12.0,D. Daniels,1630700.0,4.0,,,,,,,,
238,PT06M21.00S,2025-03-22T23:52:41.3Z,2,REGULAR,2pt,Layup,['pointsinthepaint'],1630168,5.601182654402102,48.03921568627451,1610612737,55,41,2025-03-22T23:53:32Z,2370000,False,10.0,0.0,1,left,O. Okongwu driving Layup (14 PTS) (V. Krejčí 3 AST),"[1630168, 1630249]",22401025,1610612737,ATL,driving,,,Okongwu,O. Okongwu,,,,,Restricted Area,0-8 Center,0.98,Made,,,,,,,14.0,V. Krejčí,1630249.0,3.0,,,,,,,,
241,PT06M07.00S,2025-03-22T23:52:55.0Z,2,REGULAR,rebound,defensive,[],1642258,,,1610612737,55,41,2025-03-22T23:54:09Z,2400000,False,,,0,,Z. Risacher REBOUND (Off:0 Def:1),[1642258],22401025,1610612737,ATL,,,,Risacher,Z. Risacher,,,,,Restricted Area,0-8 Center,,,,,240.0,1.0,1.0,0.0,,,,,,,,,,,,
242,PT06M04.00S,2025-03-22T23:52:58.7Z,2,REGULAR,turnover,bad pass,[],1630700,,,1610612737,55,41,2025-03-22T23:53:03Z,2410000,False,,,0,,D. Daniels bad pass TURNOVER (1 TO),"[1630700, 1627741]",22401025,1610612737,ATL,,,,Daniels,D. Daniels,,,,,Mid-Range,16-24 Center,,,,,,,,,,,,,,1.0,,,,,Hield,1627741.0
245,PT05M45.00S,2025-03-22T23:53:17.5Z,2,REGULAR,rebound,defensive,[],1630700,,,1610612737,55,41,2025-03-22T23:53:18Z,2440000,False,,,0,,D. Daniels REBOUND (Off:0 Def:4),[1630700],22401025,1610612737,ATL,,,,Daniels,D. Daniels,,,,,Left Corner 3,24+ Left,,,,,244.0,4.0,4.0,0.0,,,,,,,,,,,,
246,PT05M36.00S,2025-03-22T23:53:26.2Z,2,REGULAR,3pt,Jump Shot,[],1630249,31.35676741130092,58.57843137254902,1610612737,55,41,2025-03-22T23:53:32Z,2450000,False,-43.0,242.0,1,left,MISS V. Krejčí 24' 3PT,[1630249],22401025,1610612737,ATL,,,,Krejčí,V. Krejčí,,,,,Above the Break 3,24+ Center,24.61,Missed,,,,,,,,,,,,,,,,,,
250,PT05M09.00S,2025-03-22T23:53:53.0Z,2,REGULAR,2pt,Layup,['pointsinthepaint'],1627777,6.521024967148489,47.794117647058826,1610612737,57,44,2025-03-22T23:53:58Z,2490000,False,11.0,9.0,1,left,G. Niang driving Layup (5 PTS) (O. Okongwu 4 AST),"[1627777, 1630168]",22401025,1610612737,ATL,driving,,,Niang,G. Niang,,,,,Restricted Area,0-8 Center,1.41,Made,,,,,,,5.0,O. Okongwu,1630168.0,4.0,,,,,,,,
253,PT04M56.00S,2025-03-22T23:54:05.1Z,2,REGULAR,rebound,defensive,[],1630700,,,1610612737,57,44,2025-03-22T23:54:08Z,2520000,False,,,0,,D. Daniels REBOUND (Off:0 Def:5),[1630700],22401025,1610612737,ATL,,,,Daniels,D. Daniels,,,,,Right Corner 3,24+ Right,,,,,252.0,5.0,5.0,0.0,,,,,,,,,,,,
254,PT04M52.00S,2025-03-22T23:54:10.9Z,2,REGULAR,3pt,Jump Shot,[],1642258,22.421156373193167,12.254901960784313,1610612737,57,44,2025-03-22T23:56:25Z,2530000,False,189.0,158.0,1,left,MISS Z. Risacher 24' 3PT,[1642258],22401025,1610612737,ATL,,,,Risacher,Z. Risacher,,,,,Above the Break 3,24+ Right Center,24.63,Missed,,,,,,,,,,,,,,,,,,
262,PT04M45.00S,2025-03-22T23:56:44.0Z,2,REGULAR,substitution,in,[],1629027,,,1610612744,57,44,2025-03-22T23:57:06Z,2610000,False,,,0,,SUB in: T. Young,[1629027],22401025,1610612737,ATL,,,,Young,T. Young,,,,,,,,,,,,,,,,,,,,,,,,,,
261,PT04M45.00S,2025-03-22T23:56:44.0Z,2,REGULAR,substitution,in,[],1627747,,,1610612744,57,44,2025-03-22T23:57:06Z,2600000,False,,,0,,SUB in: C. LeVert,[1627747],22401025,1610612737,ATL,,,,LeVert,C. LeVert,,,,,,,,,,,,,,,,,,,,,,,,,,
258,PT04M45.00S,2025-03-22T23:56:44.0Z,2,REGULAR,substitution,out,[],1630249,,,1610612744,57,44,2025-03-22T23:57:06Z,2570000,False,,,0,,SUB out: V. Krejčí,[1630249],22401025,1610612737,ATL,,,,Krejčí,V. Krejčí,,,,,,,,,,,,,,,,,,,,,,,,,,
257,PT04M45.00S,2025-03-22T23:56:44.0Z,2,REGULAR,substitution,out,[],1627777,,,1610612744,57,44,2025-03-22T23:57:06Z,2560000,False,,,0,,SUB out: G. Niang,[1627777],22401025,1610612737,ATL,,,,Niang,G. Niang,,,,,,,,,,,,,,,,,,,,,,,,,,
267,PT04M25.00S,2025-03-22T23:58:02.6Z,2,REGULAR,rebound,defensive,[],1630700,,,1610612737,57,44,2025-03-22T23:58:05Z,2660000,False,,,0,,D. Daniels REBOUND (Off:0 Def:6),[1630700],22401025,1610612737,ATL,,,,Daniels,D. Daniels,,,,,Mid-Range,8-16 Left,,,,,266.0,6.0,6.0,0.0,,,,,,,,,,,,
268,PT04M18.00S,2025-03-22T23:58:09.3Z,2,REGULAR,2pt,Layup,['pointsinthepaint'],1629027,11.383048620236531,42.15686274509804,1610612737,59,44,2025-03-22T23:58:42Z,2670000,False,39.0,55.0,1,left,T. Young 6' driving finger roll Layup (10 PTS),[1629027],22401025,1610612737,ATL,driving finger roll,,,Young,T. Young,,,,,In The Paint (Non-RA),0-8 Center,6.71,Made,,,,,,,10.0,,,,,,,,,,,
270,PT03M37.00S,2025-03-22T23:58:50.6Z,2,REGULAR,2pt,Jump Shot,[],1627747,19.398817345597898,68.62745098039215,1610612737,61,46,2025-03-22T23:58:56Z,2690000,False,-93.0,130.0,1,left,C. LeVert 15' pullup Jump Shot (6 PTS) (T. Young 5 AST),"[1627747, 1629027]",22401025,1610612737,ATL,pullup,,,LeVert,C. LeVert,,,,,Mid-Range,8-16 Left,15.97,Made,,,,,,,6.0,T. Young,1629027.0,5.0,,,,,,,,
273,PT03M16.00S,2025-03-22T23:59:11.2Z,2,REGULAR,steal,,[],1642258,,,1610612737,61,46,2025-03-22T23:59:13Z,2720000,False,,,0,,Z. Risacher STEAL (1 STL),[1642258],22401025,1610612737,ATL,,,,Risacher,Z. Risacher,,,,,Mid-Range,16-24 Center,,,,,,,,,,,,,,,,,,,,
274,PT03M12.00S,2025-03-22T23:59:15.3Z,2,REGULAR,2pt,Layup,"['pointsinthepaint', 'fromturnover', 'fastbreak']",1642258,6.521024967148489,48.03921568627451,1610612737,61,46,2025-03-22T23:59:20Z,2730000,False,10.0,9.0,1,left,MISS Z. Risacher running Layup,[1642258],22401025,1610612737,ATL,running,,,Risacher,Z. Risacher,,,,,Restricted Area,0-8 Center,1.32,Missed,,,,,,,,,,,,,,,,,,
276,PT03M08.00S,2025-03-22T23:59:19.1Z,2,REGULAR,2pt,DUNK,"['2ndchance', 'fastbreak', 'pointsinthepaint', 'fromturnover']",1630700,5.590000152587891,50.0,1610612737,63,46,2025-03-22T23:59:22Z,2750000,False,0.0,0.0,1,left,D. Daniels tip DUNK (9 PTS),[1630700],22401025,1610612737,ATL,tip,,,Daniels,D. Daniels,,,,,Restricted Area,0-8 Center,0.0,Made,,,,,,,9.0,,,,,,,,,,,
275,PT03M08.00S,2025-03-22T23:59:19.3Z,2,REGULAR,rebound,offensive,[],1630700,,,1610612737,61,46,2025-03-22T23:59:20Z,2740000,False,,,0,,D. Daniels REBOUND (Off:1 Def:6),[1630700],22401025,1610612737,ATL,,,,Daniels,D. Daniels,,,,,Restricted Area,0-8 Center,,,,,274.0,7.0,6.0,1.0,,,,,,,,,,,,
278,PT02M54.00S,2025-03-22T23:59:32.7Z,2,REGULAR,rebound,defensive,[],1630700,,,1610612737,63,46,2025-03-22T23:59:35Z,2770000,False,,,0,,D. Daniels REBOUND (Off:1 Def:7),[1630700],22401025,1610612737,ATL,,,,Daniels,D. Daniels,,,,,Above the Break 3,24+ Right Center,,,,,277.0,8.0,7.0,1.0,,,,,,,,,,,,
279,PT02M47.00S,2025-03-22T23:59:41.4Z,2,REGULAR,2pt,Layup,['pointsinthepaint'],1630700,5.732588699080158,51.225490196078425,1610612737,63,46,2025-03-23T00:00:58Z,2780000,False,-6.0,1.0,1,left,MISS D. Daniels reverse Layup,[1630700],22401025,1610612737,ATL,reverse,,,Daniels,D. Daniels,,,,,Restricted Area,0-8 Center,0.63,Missed,,,,,,,,,,,,,,,,,,
282,PT02M35.00S,2025-03-22T23:59:51.9Z,2,REGULAR,rebound,defensive,[],1630168,,,1610612737,63,46,2025-03-22T23:59:54Z,2810000,False,,,0,,O. Okongwu REBOUND (Off:0 Def:4),[1630168],22401025,1610612737,ATL,,,,Okongwu,O. Okongwu,,,,,Restricted Area,0-8 Center,,,,,281.0,4.0,4.0,0.0,,,,,,,,,,,,
283,PT02M30.00S,2025-03-22T23:59:57.4Z,2,REGULAR,2pt,Layup,"['fastbreak', 'pointsinthepaint']",1630168,6.389618922470433,52.450980392156865,1610612737,65,46,2025-03-23T00:01:51Z,2820000,False,-12.0,8.0,1,left,O. Okongwu running Layup (16 PTS) (D. Daniels 5 AST),"[1630168, 1630700]",22401025,1610612737,ATL,running,,,Okongwu,O. Okongwu,,,,,Restricted Area,0-8 Center,1.45,Made,,,,,,,16.0,D. Daniels,1630700.0,5.0,,,,,,,,
287,PT02M00.00S,2025-03-23T00:00:26.7Z,2,REGULAR,2pt,Jump Shot,['pointsinthepaint'],1630168,18.873193166885677,43.627450980392155,1610612737,65,49,2025-03-23T00:00:30Z,2860000,False,32.0,125.0,1,left,MISS O. Okongwu 12' driving floating Shot - blocked,"[1630168, 1642366]",22401025,1610612737,ATL,driving floating,,,Okongwu,O. Okongwu,,,,,In The Paint (Non-RA),8-16 Center,12.89,Missed,Post,1642366.0,,,,,,,,,,,,,,,,
292,PT01M27.00S,2025-03-23T00:01:00.5Z,2,REGULAR,3pt,Jump Shot,[],1630168,8.09789750328515,2.941176470588235,1610612737,65,52,2025-03-23T00:01:06Z,2910000,False,235.0,24.0,1,left,MISS O. Okongwu 3PT,[1630168],22401025,1610612737,ATL,,,,Okongwu,O. Okongwu,,,,,Right Corner 3,24+ Right,23.65,Missed,,,,,,,,,,,,,,,,,,
294,PT01M15.00S,2025-03-23T00:01:12.6Z,2,REGULAR,foul,personal,['2freethrow'],1627747,,,1610612744,65,52,2025-03-23T00:01:47Z,2930000,False,,,0,,C. LeVert shooting personal FOUL (2 PF) (Kuminga 2 FT),"[1627747, 1630228]",22401025,1610612737,ATL,shooting,,,LeVert,C. LeVert,,,,,Restricted Area,0-8 Center,,,,,,,,,,,,,1146.0,,2.0,0.0,Kuminga,1630228.0,,
302,PT00M58.40S,2025-03-23T00:02:45.7Z,2,REGULAR,2pt,Layup,['pointsinthepaint'],1629027,12.171484888304862,49.50980392156863,1610612737,65,54,2025-03-23T00:02:54Z,3010000,False,2.0,62.0,1,left,MISS T. Young 6' driving Layup,[1629027],22401025,1610612737,ATL,driving,,,Young,T. Young,,,,,In The Paint (Non-RA),0-8 Center,6.2,Missed,,,,,,,,,,,,,,,,,,
303,PT00M56.00S,2025-03-23T00:02:48.2Z,2,REGULAR,rebound,offensive,[],1630168,,,1610612737,65,54,2025-03-23T00:02:48Z,3020000,False,,,0,,O. Okongwu REBOUND (Off:1 Def:4),[1630168],22401025,1610612737,ATL,,,,Okongwu,O. Okongwu,,,,,In The Paint (Non-RA),0-8 Center,,,,,302.0,5.0,4.0,1.0,,,,,,,,,,,,
304,PT00M55.00S,2025-03-23T00:02:49.6Z,2,REGULAR,2pt,Jump Shot,"['pointsinthepaint', '2ndchance']",1629027,8.754927726675426,51.9607843137255,1610612737,67,54,2025-03-23T00:02:56Z,3030000,False,-10.0,30.0,1,left,T. Young driving floating Jump Shot (12 PTS) (O. Okongwu 5 AST),"[1629027, 1630168]",22401025,1610612737,ATL,driving floating,,,Young,T. Young,,,,,Restricted Area,0-8 Center,3.14,Made,,,,,,,12.0,O. Okongwu,1630168.0,5.0,,,,,,,,
308,PT00M36.00S,2025-03-23T00:03:15.6Z,2,REGULAR,2pt,Layup,['pointsinthepaint'],1630168,5.075558475689881,49.754901960784316,1610612737,69,57,2025-03-23T00:03:20Z,3070000,False,1.0,-5.0,1,left,O. Okongwu Layup (18 PTS) (T. Young 6 AST),"[1630168, 1629027]",22401025,1610612737,ATL,,,,Okongwu,O. Okongwu,,,,,Restricted Area,0-8 Center,0.49,Made,,,,,,,18.0,T. Young,1629027.0,6.0,,,,,,,,
311,PT00M26.50S,2025-03-23T00:03:28.3Z,2,REGULAR,rebound,defensive,[],1630168,,,1610612737,69,57,2025-03-23T00:03:31Z,3100000,False,,,0,,O. Okongwu REBOUND (Off:1 Def:5),[1630168],22401025,1610612737,ATL,,,,Okongwu,O. Okongwu,,,,,Above the Break 3,24+ Left Center,,,,,310.0,6.0,5.0,1.0,,,,,,,,,,,,
312,PT00M06.20S,2025-03-23T00:03:48.6Z,2,REGULAR,3pt,Jump Shot,[],1627747,31.882391590013142,25.49019607843137,1610612737,69,57,2025-03-23T00:03:54Z,3110000,False,123.0,247.0,1,left,MISS C. LeVert 27' pullup 3PT,[1627747],22401025,1610612737,ATL,pullup,,,LeVert,C. LeVert,,,,,Above the Break 3,24+ Right Center,27.59,Missed,,,,,,,,,,,,,,,,,,
315,PT12M00.00S,2025-03-23T00:17:44.6Z,3,REGULAR,substitution,out,['startperiod'],1627747,,,1610612744,69,57,2025-03-23T00:19:23Z,3140000,False,,,0,,SUB out: C. LeVert,[1627747],22401025,1610612737,ATL,,,,LeVert,C. LeVert,,,,,,,,,,,,,,,,,,,,,,,,,,
317,PT12M00.00S,2025-03-23T00:17:44.6Z,3,REGULAR,substitution,in,['startperiod'],1631243,,,1610612744,69,57,2025-03-23T00:19:23Z,3160000,False,,,0,,SUB in: M. Gueye,[1631243],22401025,1610612737,ATL,,,,Gueye,M. Gueye,,,,,,,,,,,,,,,,,,,,,,,,,,
322,PT11M21.00S,2025-03-23T00:20:16.4Z,3,REGULAR,3pt,Jump Shot,[],1630700,67.7562417871222,51.71568627450981,1610612737,69,60,2025-03-23T00:20:23Z,3210000,False,9.0,251.0,1,right,MISS D. Daniels 25' 3PT,[1630700],22401025,1610612737,ATL,,,,Daniels,D. Daniels,,,,,Above the Break 3,24+ Center,25.07,Missed,,,,,,,,,,,,,,,,,,
325,PT11M11.00S,2025-03-23T00:20:27.0Z,3,REGULAR,rebound,defensive,[],1631243,,,1610612737,69,60,2025-03-23T00:20:32Z,3240000,False,,,0,,M. Gueye REBOUND (Off:1 Def:2),[1631243],22401025,1610612737,ATL,,,,Gueye,M. Gueye,,,,,Above the Break 3,24+ Right Center,,,,,324.0,3.0,2.0,1.0,,,,,,,,,,,,
326,PT11M03.00S,2025-03-23T00:20:34.9Z,3,REGULAR,3pt,Jump Shot,[],1642258,96.00854139290408,3.1862745098039214,1610612737,69,60,2025-03-23T00:20:41Z,3250000,False,-234.0,-15.0,1,right,MISS Z. Risacher 3PT,[1642258],22401025,1610612737,ATL,,,,Risacher,Z. Risacher,,,,,Left Corner 3,24+ Left,23.46,Missed,,,,,,,,,,,,,,,,,,
329,PT10M41.00S,2025-03-23T00:20:56.7Z,3,REGULAR,2pt,Layup,['pointsinthepaint'],1629027,93.11760840998686,50.73529411764706,1610612737,71,63,2025-03-23T00:21:02Z,3280000,False,4.0,12.0,1,right,T. Young driving reverse Layup (14 PTS),[1629027],22401025,1610612737,ATL,driving reverse,,,Young,T. Young,,,,,Restricted Area,0-8 Center,1.27,Made,,,,,,,14.0,,,,,,,,,,,
331,PT10M25.00S,2025-03-23T00:21:13.2Z,3,REGULAR,rebound,defensive,[],1631243,,,1610612737,71,63,2025-03-23T00:22:06Z,3300000,False,,,0,,M. Gueye REBOUND (Off:1 Def:3),[1631243],22401025,1610612737,ATL,,,,Gueye,M. Gueye,,,,,Restricted Area,0-8 Center,,,,,330.0,4.0,3.0,1.0,,,,,,,,,,,,
333,PT10M01.00S,2025-03-23T00:22:06.3Z,3,REGULAR,turnover,shot clock,['team'],0,,,1610612737,71,63,2025-03-23T00:22:12Z,3320000,False,,,0,,ATL shot clock Team TURNOVER,[],22401025,1610612737,ATL,,,,,,,,,,Above the Break 3,24+ Right Center,,,,,,,,,,,,,203593.0,,,,,,,
335,PT09M39.00S,2025-03-23T00:22:39.6Z,3,REGULAR,rebound,defensive,[],1630168,,,1610612737,71,63,2025-03-23T00:22:41Z,3340000,False,,,0,,O. Okongwu REBOUND (Off:1 Def:6),[1630168],22401025,1610612737,ATL,,,,Okongwu,O. Okongwu,,,,,Above the Break 3,24+ Left Center,,,,,334.0,7.0,6.0,1.0,,,,,,,,,,,,
336,PT09M33.00S,2025-03-23T00:22:45.4Z,3,REGULAR,3pt,Jump Shot,[],1630700,93.11760840998686,98.2843137254902,1610612737,74,63,2025-03-23T00:22:50Z,3350000,False,241.0,12.0,1,right,D. Daniels 24' 3PT  (12 PTS) (T. Young 7 AST),"[1630700, 1629027]",22401025,1610612737,ATL,,,,Daniels,D. Daniels,,,,,Right Corner 3,24+ Right,24.17,Made,,,,,,,12.0,T. Young,1629027.0,7.0,,,,,,,,
338,PT09M19.00S,2025-03-23T00:23:04.1Z,3,REGULAR,foul,personal,[],1631243,,,1610612744,74,63,2025-03-23T00:23:09Z,3370000,False,,,0,,M. Gueye personal FOUL (3 PF),"[1631243, 202710]",22401025,1610612737,ATL,,,,Gueye,M. Gueye,,,,,Mid-Range,8-16 Left,,,,,,,,,,,,,203593.0,,3.0,0.0,Butler III,202710.0,,
341,PT09M12.00S,2025-03-23T00:23:35.2Z,3,REGULAR,steal,,[],1629027,,,1610612737,74,63,2025-03-23T00:23:37Z,3400000,False,,,0,,T. Young STEAL (1 STL),[1629027],22401025,1610612737,ATL,,,,Young,T. Young,,,,,In The Paint (Non-RA),0-8 Center,,,,,,,,,,,,,,,,,,,,
342,PT09M08.00S,2025-03-23T00:23:39.0Z,3,REGULAR,2pt,DUNK,"['pointsinthepaint', 'fromturnover', 'fastbreak']",1642258,93.38042049934296,49.50980392156863,1610612737,76,63,2025-03-23T00:23:45Z,3410000,False,-2.0,10.0,1,right,Z. Risacher running DUNK (10 PTS) (T. Young 8 AST),"[1642258, 1629027]",22401025,1610612737,ATL,running,,,Risacher,Z. Risacher,,,,,Restricted Area,0-8 Center,1.0,Made,,,,,,,10.0,T. Young,1629027.0,8.0,,,,,,,,
345,PT08M54.00S,2025-03-23T00:23:53.3Z,3,REGULAR,rebound,defensive,[],1642258,,,1610612737,76,63,2025-03-23T00:23:54Z,3440000,False,,,0,,Z. Risacher REBOUND (Off:0 Def:2),[1642258],22401025,1610612737,ATL,,,,Risacher,Z. Risacher,,,,,Above the Break 3,24+ Right Center,,,,,344.0,2.0,2.0,0.0,,,,,,,,,,,,
346,PT08M41.00S,2025-03-23T00:24:05.6Z,3,REGULAR,2pt,Layup,['pointsinthepaint'],1642258,90.09526938239159,48.529411764705884,1610612737,76,63,2025-03-23T00:24:10Z,3450000,False,-7.0,41.0,1,right,MISS Z. Risacher driving Layup - blocked,"[1642258, 1630541]",22401025,1610612737,ATL,driving,,,Risacher,Z. Risacher,,,,,Restricted Area,0-8 Center,4.13,Missed,Moody,1630541.0,,,,,,,,,,,,,,,,
349,PT08M35.00S,2025-03-23T00:24:15.1Z,3,REGULAR,foul,personal,[],1642258,,,1610612744,76,63,2025-03-23T00:24:23Z,3480000,False,,,0,,Z. Risacher personal FOUL (1 PF),"[1642258, 1630541]",22401025,1610612737,ATL,,,,Risacher,Z. Risacher,,,,,Above the Break 3,16-24 Right Center,,,,,,,,,,,,,1628480.0,,1.0,0.0,Moody,1630541.0,,
356,PT08M15.00S,2025-03-23T00:25:39.4Z,3,REGULAR,freethrow,1 of 2,['fromturnover'],1629027,,,1610612737,77,63,2025-03-23T00:25:57Z,3550000,False,,,0,,T. Young Free Throw 1 of 2 (15 PTS),[1629027],22401025,1610612737,ATL,,,,Young,T. Young,,,,,,,,Made,,,,,,,15.0,,,,,,,,,,,
357,PT08M15.00S,2025-03-23T00:25:39.4Z,3,REGULAR,freethrow,2 of 2,['fromturnover'],1629027,,,1610612737,77,63,2025-03-23T00:25:57Z,3560000,False,,,0,,MISS T. Young Free Throw 2 of 2,[1629027],22401025,1610612737,ATL,,,,Young,T. Young,,,,,,,,Missed,,,,,,,,,,,,,,,,,,
363,PT07M35.00S,2025-03-23T00:26:34.6Z,3,REGULAR,3pt,Jump Shot,[],1631243,92.9862023653088,96.07843137254902,1610612737,77,66,2025-03-23T00:26:39Z,3620000,False,230.0,13.0,1,right,MISS M. Gueye 3PT,[1631243],22401025,1610612737,ATL,,,,Gueye,M. Gueye,,,,,Right Corner 3,24+ Right,23.08,Missed,,,,,,,,,,,,,,,,,,
364,PT07M32.00S,2025-03-23T00:26:37.7Z,3,REGULAR,rebound,offensive,[],1630168,,,1610612737,77,66,2025-03-23T00:26:37Z,3630000,False,,,0,,O. Okongwu REBOUND (Off:2 Def:6),[1630168],22401025,1610612737,ATL,,,,Okongwu,O. Okongwu,,,,,Right Corner 3,24+ Right,,,,,363.0,8.0,6.0,2.0,,,,,,,,,,,,
365,PT07M31.00S,2025-03-23T00:26:39.1Z,3,REGULAR,2pt,Hook,"['pointsinthepaint', '2ndchance']",1630168,91.67214191852825,43.872549019607845,1610612737,77,66,2025-03-23T00:26:50Z,3640000,False,-31.0,26.0,1,right,MISS O. Okongwu driving Hook,[1630168],22401025,1610612737,ATL,driving,,,Okongwu,O. Okongwu,,,,,Restricted Area,0-8 Center,4.0,Missed,,,,,,,,,,,,,,,,,,
368,PT07M18.00S,2025-03-23T00:26:50.4Z,3,REGULAR,block,,[],1631243,,,1610612744,77,66,2025-03-23T00:26:53Z,3670000,False,,,0,,M. Gueye BLOCK (1 BLK),[1631243],22401025,1610612737,ATL,,,,Gueye,M. Gueye,,,,,Restricted Area,0-8 Center,,,,,,,,,,,,,,,,,,,,
369,PT07M17.00S,2025-03-23T00:26:51.4Z,3,REGULAR,rebound,defensive,['team'],0,,,1610612737,77,66,2025-03-23T00:26:55Z,3680000,False,,,0,,TEAM defensive REBOUND,[],22401025,1610612737,ATL,,,,,,,,,,Restricted Area,0-8 Center,,,,,367.0,,,,,,,,,,,,,,,
371,PT07M05.00S,2025-03-23T00:27:10.1Z,3,REGULAR,2pt,Layup,['pointsinthepaint'],1631243,93.11760840998686,48.529411764705884,1610612737,77,66,2025-03-23T00:27:15Z,3700000,False,-7.0,12.0,1,right,MISS M. Gueye cutting Layup - blocked,"[1631243, 203110]",22401025,1610612737,ATL,cutting,,,Gueye,M. Gueye,,,,,Restricted Area,0-8 Center,1.43,Missed,Green,203110.0,,,,,,,,,,,,,,,,
376,PT06M56.00S,2025-03-23T00:27:24.5Z,3,REGULAR,timeout,full,"['team', 'mandatory']",0,,,1610612737,77,69,2025-03-23T00:27:24Z,3750000,False,,,0,,ATL Timeout,[],22401025,1610612737,ATL,,,,,,,,,,,,,,,,,,,,,,,,,,,,,,,
377,PT06M56.00S,2025-03-23T00:28:56.6Z,3,REGULAR,substitution,out,[],1631243,,,1610612737,77,69,2025-03-23T00:30:26Z,3760000,False,,,0,,SUB out: M. Gueye,[1631243],22401025,1610612737,ATL,,,,Gueye,M. Gueye,,,,,,,,,,,,,,,,,,,,,,,,,,
379,PT06M56.00S,2025-03-23T00:28:56.6Z,3,REGULAR,substitution,in,[],1627777,,,1610612737,77,69,2025-03-23T00:30:26Z,3780000,False,,,0,,SUB in: G. Niang,[1627777],22401025,1610612737,ATL,,,,Niang,G. Niang,,,,,,,,,,,,,,,,,,,,,,,,,,
383,PT06M43.00S,2025-03-23T00:31:07.6Z,3,REGULAR,freethrow,1 of 2,[],1629027,,,1610612737,78,69,2025-03-23T00:31:07Z,3820000,False,,,0,,T. Young Free Throw 1 of 2 (16 PTS),[1629027],22401025,1610612737,ATL,,,,Young,T. Young,,,,,,,,Made,,,,,,,16.0,,,,,,,,,,,
384,PT06M43.00S,2025-03-23T00:31:23.7Z,3,REGULAR,freethrow,2 of 2,[],1629027,,,1610612737,79,69,2025-03-23T00:31:23Z,3830000,False,,,0,,T. Young Free Throw 2 of 2 (17 PTS),[1629027],22401025,1610612737,ATL,,,,Young,T. Young,,,,,,,,Made,,,,,,,17.0,,,,,,,,,,,
385,PT06M34.00S,2025-03-23T00:31:36.7Z,3,REGULAR,foul,personal,[],1630168,,,1610612744,79,69,2025-03-23T00:32:29Z,3840000,False,,,0,,O. Okongwu personal FOUL (1 PF),"[1630168, 203110]",22401025,1610612737,ATL,,,,Okongwu,O. Okongwu,,,,,In The Paint (Non-RA),0-8 Center,,,,,,,,,,,,,203593.0,,1.0,0.0,Green,203110.0,,
387,PT06M34.00S,2025-03-23T00:31:45.8Z,3,REGULAR,substitution,out,[],1629027,,,1610612744,79,69,2025-03-23T00:31:49Z,3860000,False,,,0,,SUB out: T. Young,[1629027],22401025,1610612737,ATL,,,,Young,T. Young,,,,,,,,,,,,,,,,,,,,,,,,,,
388,PT06M34.00S,2025-03-23T00:31:45.8Z,3,REGULAR,substitution,in,[],1627747,,,1610612744,79,69,2025-03-23T00:31:49Z,3870000,False,,,0,,SUB in: C. LeVert,[1627747],22401025,1610612737,ATL,,,,LeVert,C. LeVert,,,,,,,,,,,,,,,,,,,,,,,,,,
391,PT06M24.00S,2025-03-23T00:32:18.5Z,3,REGULAR,foul,personal,['1freethrow'],1642258,,,1610612744,79,71,2025-03-23T00:32:24Z,3900000,False,,,0,,Z. Risacher shooting personal FOUL (2 PF) (Moody 1 FT),"[1642258, 1630541]",22401025,1610612737,ATL,shooting,,,Risacher,Z. Risacher,,,,,Restricted Area,0-8 Center,,,,,,,,,,,,,1146.0,,2.0,0.0,Moody,1630541.0,,
394,PT06M07.00S,2025-03-23T00:32:54.2Z,3,REGULAR,3pt,Jump Shot,[],1627777,74.98357424441524,14.705882352941178,1610612737,82,72,2025-03-23T00:32:59Z,3930000,False,-176.0,183.0,1,right,G. Niang 25' 3PT  (8 PTS) (O. Okongwu 6 AST),"[1627777, 1630168]",22401025,1610612737,ATL,,,,Niang,G. Niang,,,,,Above the Break 3,24+ Left Center,25.4,Made,,,,,,,8.0,O. Okongwu,1630168.0,6.0,,,,,,,,
397,PT05M55.00S,2025-03-23T00:33:07.1Z,3,REGULAR,rebound,defensive,[],1627777,,,1610612737,82,72,2025-03-23T00:33:08Z,3960000,False,,,0,,G. Niang REBOUND (Off:0 Def:1),[1627777],22401025,1610612737,ATL,,,,Niang,G. Niang,,,,,Left Corner 3,24+ Left,,,,,396.0,1.0,1.0,0.0,,,,,,,,,,,,
398,PT05M54.00S,2025-03-23T00:33:12.6Z,3,REGULAR,turnover,backcourt,[],1630700,,,1610612737,82,72,2025-03-23T00:33:26Z,3970000,False,,,0,,D. Daniels backcourt TURNOVER (2 TO),[1630700],22401025,1610612737,ATL,,,,Daniels,D. Daniels,,,,,Above the Break 3,24+ Center,,,,,,,,,,,,,1628480.0,2.0,,,,,,
404,PT05M26.00S,2025-03-23T00:34:23.8Z,3,REGULAR,3pt,Jump Shot,['fromturnover'],1627777,73.9323258869908,83.33333333333334,1610612737,85,72,2025-03-23T00:34:30Z,4030000,False,167.0,193.0,1,right,G. Niang 25' 3PT  (11 PTS) (D. Daniels 6 AST),"[1627777, 1630700]",22401025,1610612737,ATL,,,,Niang,G. Niang,,,,,Above the Break 3,24+ Right Center,25.46,Made,,,,,,,11.0,D. Daniels,1630700.0,6.0,,,,,,,,
407,PT05M14.00S,2025-03-23T00:34:35.1Z,3,REGULAR,rebound,defensive,[],1627747,,,1610612737,85,72,2025-03-23T00:34:35Z,4060000,False,,,0,,C. LeVert REBOUND (Off:0 Def:2),[1627747],22401025,1610612737,ATL,,,,LeVert,C. LeVert,,,,,Restricted Area,0-8 Center,,,,,406.0,2.0,2.0,0.0,,,,,,,,,,,,
408,PT05M12.00S,2025-03-23T00:34:41.1Z,3,REGULAR,foul,offensive,[],1627777,,,1610612737,85,72,2025-03-23T00:34:46Z,4070000,False,,,0,,G. Niang charge offensive FOUL (1 PF),"[1627777, 1641764]",22401025,1610612737,ATL,charge,,,Niang,G. Niang,,,,,In The Paint (Non-RA),0-8 Center,,,,,,,,,,,,,1146.0,,1.0,0.0,Podziemski,1641764.0,,
410,PT05M12.00S,2025-03-23T00:34:41.1Z,3,REGULAR,turnover,offensive foul,[],1627777,,,1610612737,85,72,2025-03-23T00:34:41Z,4090000,False,,,0,,G. Niang offensive foul TURNOVER (1 TO),[1627777],22401025,1610612737,ATL,,,,Niang,G. Niang,,,,,In The Paint (Non-RA),0-8 Center,,,,,,,,,,,,,1146.0,1.0,,,,,,
411,PT05M12.00S,2025-03-23T00:34:52.7Z,3,REGULAR,substitution,out,[],1642258,,,1610612744,85,72,2025-03-23T00:35:01Z,4100000,False,,,0,,SUB out: Z. Risacher,[1642258],22401025,1610612737,ATL,,,,Risacher,Z. Risacher,,,,,,,,,,,,,,,,,,,,,,,,,,
412,PT05M12.00S,2025-03-23T00:34:52.7Z,3,REGULAR,substitution,in,[],1629611,,,1610612744,85,72,2025-03-23T00:35:01Z,4110000,False,,,0,,SUB in: T. Mann,[1629611],22401025,1610612737,ATL,,,,Mann,T. Mann,,,,,,,,,,,,,,,,,,,,,,,,,,
416,PT04M40.00S,2025-03-23T00:36:00.1Z,3,REGULAR,2pt,Hook,"['pointsinthepaint', 'fromturnover']",1630168,83.52496714848883,50.245098039215684,1610612737,87,72,2025-03-23T00:36:05Z,4150000,False,1.0,102.0,1,right,O. Okongwu 10' turnaround Hook (20 PTS),[1630168],22401025,1610612737,ATL,turnaround,,,Okongwu,O. Okongwu,,,,,In The Paint (Non-RA),8-16 Center,10.24,Made,,,,,,,20.0,,,,,,,,,,,
421,PT04M29.00S,2025-03-23T00:39:12.4Z,3,REGULAR,block,,[],1630168,,,1610612744,87,72,2025-03-23T00:39:15Z,4200000,False,,,0,,O. Okongwu BLOCK (2 BLK),[1630168],22401025,1610612737,ATL,,,,Okongwu,O. Okongwu,,,,,Restricted Area,0-8 Center,,,,,,,,,,,,,,,,,,,,
422,PT04M27.00S,2025-03-23T00:39:14.4Z,3,REGULAR,rebound,defensive,[],1630700,,,1610612737,87,72,2025-03-23T00:39:58Z,4210000,False,,,0,,D. Daniels REBOUND (Off:1 Def:8),[1630700],22401025,1610612737,ATL,,,,Daniels,D. Daniels,,,,,Restricted Area,0-8 Center,,,,,420.0,9.0,8.0,1.0,,,,,,,,,,,,
425,PT04M14.00S,2025-03-23T00:40:04.7Z,3,REGULAR,freethrow,1 of 2,[],1627747,,,1610612737,87,72,2025-03-23T00:40:04Z,4240000,False,,,0,,MISS C. LeVert Free Throw 1 of 2,[1627747],22401025,1610612737,ATL,,,,LeVert,C. LeVert,,,,,,,,Missed,,,,,,,,,,,,,,,,,,
426,PT04M14.00S,2025-03-23T00:40:04.7Z,3,REGULAR,rebound,offensive,"['deadball', 'team']",0,,,1610612737,87,72,2025-03-23T00:40:04Z,4250000,False,,,0,,TEAM offensive REBOUND,[],22401025,1610612737,ATL,,,,,,,,,,,,,,,,425.0,,,,,,,,,,,,,,,
427,PT04M14.00S,2025-03-23T00:40:22.2Z,3,REGULAR,freethrow,2 of 2,[],1627747,,,1610612737,88,72,2025-03-23T00:40:22Z,4260000,False,,,0,,C. LeVert Free Throw 2 of 2 (7 PTS),[1627747],22401025,1610612737,ATL,,,,LeVert,C. LeVert,,,,,,,,Made,,,,,,,7.0,,,,,,,,,,,
428,PT04M04.00S,2025-03-23T00:40:34.9Z,3,REGULAR,foul,personal,"['inpenalty', '2freethrow']",1630168,,,1610612744,88,72,2025-03-23T00:40:54Z,4270000,False,,,0,,O. Okongwu personal FOUL (2 PF) (Jackson-Davis 2 FT),"[1630168, 1631218]",22401025,1610612737,ATL,,,,Okongwu,O. Okongwu,,,,,Mid-Range,8-16 Left,,,,,,,,,,,,,203593.0,,2.0,0.0,Jackson-Davis,1631218.0,,
432,PT04M04.00S,2025-03-23T00:41:07.7Z,3,REGULAR,substitution,out,[],1630700,,,1610612744,88,72,2025-03-23T00:41:14Z,4310000,False,,,0,,SUB out: D. Daniels,[1630700],22401025,1610612737,ATL,,,,Daniels,D. Daniels,,,,,,,,,,,,,,,,,,,,,,,,,,
433,PT04M04.00S,2025-03-23T00:41:07.7Z,3,REGULAR,substitution,out,[],1630168,,,1610612744,88,72,2025-03-23T00:41:14Z,4320000,False,,,0,,SUB out: O. Okongwu,[1630168],22401025,1610612737,ATL,,,,Okongwu,O. Okongwu,,,,,,,,,,,,,,,,,,,,,,,,,,
434,PT04M04.00S,2025-03-23T00:41:07.7Z,3,REGULAR,substitution,in,[],1629027,,,1610612744,88,72,2025-03-23T00:41:14Z,4330000,False,,,0,,SUB in: T. Young,[1629027],22401025,1610612737,ATL,,,,Young,T. Young,,,,,,,,,,,,,,,,,,,,,,,,,,
435,PT04M04.00S,2025-03-23T00:41:07.7Z,3,REGULAR,substitution,in,[],1631230,,,1610612744,88,72,2025-03-23T00:41:14Z,4340000,False,,,0,,SUB in: D. Barlow,[1631230],22401025,1610612737,ATL,,,,Barlow,D. Barlow,,,,,,,,,,,,,,,,,,,,,,,,,,
439,PT03M53.00S,2025-03-23T00:42:10.1Z,3,REGULAR,2pt,Layup,['pointsinthepaint'],1631230,92.59198423127464,50.73529411764706,1610612737,90,73,2025-03-23T00:42:18Z,4380000,False,4.0,17.0,1,right,D. Barlow reverse Layup (4 PTS) (G. Niang 2 AST),"[1631230, 1627777]",22401025,1610612737,ATL,reverse,,,Barlow,D. Barlow,,,,,Restricted Area,0-8 Center,1.75,Made,,,,,,,4.0,G. Niang,1627777.0,2.0,,,,,,,,
444,PT03M53.00S,2025-03-23T00:42:47.2Z,3,REGULAR,freethrow,1 of 1,[],1631230,,,1610612737,90,73,2025-03-23T00:42:49Z,4430000,False,,,0,,MISS D. Barlow Free Throw 1 of 1,[1631230],22401025,1610612737,ATL,,,,Barlow,D. Barlow,,,,,,,,Missed,,,,,,,,,,,,,,,,,,
448,PT03M35.00S,2025-03-23T00:43:04.8Z,3,REGULAR,rebound,defensive,[],1629027,,,1610612737,90,73,2025-03-23T00:43:08Z,4460000,False,,,0,,T. Young REBOUND (Off:0 Def:3),[1629027],22401025,1610612737,ATL,,,,Young,T. Young,,,,,Restricted Area,0-8 Center,,,,,447.0,3.0,3.0,0.0,,,,,,,,,,,,
449,PT03M25.00S,2025-03-23T00:43:15.4Z,3,REGULAR,2pt,Layup,['pointsinthepaint'],1629027,92.85479632063075,51.225490196078425,1610612737,90,73,2025-03-23T00:43:21Z,4470000,False,6.0,15.0,1,right,MISS T. Young driving reverse Layup,[1629027],22401025,1610612737,ATL,driving reverse,,,Young,T. Young,,,,,Restricted Area,0-8 Center,1.59,Missed,,,,,,,,,,,,,,,,,,
451,PT03M14.00S,2025-03-23T00:43:25.3Z,3,REGULAR,foul,personal,"['inpenalty', '2freethrow']",1627777,,,1610612744,90,73,2025-03-23T00:44:02Z,4490000,False,,,0,,G. Niang personal FOUL (2 PF) (Hield 2 FT),"[1627777, 1627741]",22401025,1610612737,ATL,,,,Niang,G. Niang,,,,,Right Corner 3,24+ Right,,,,,,,,,,,,,1628480.0,,2.0,0.0,Hield,1627741.0,,
455,PT03M02.00S,2025-03-23T00:44:32.3Z,3,REGULAR,2pt,Jump Shot,['pointsinthepaint'],1627747,81.15965834428384,42.64705882352941,1610612737,90,75,2025-03-23T00:44:37Z,4530000,False,-37.0,125.0,1,right,MISS C. LeVert 12' fadeaway Shot,[1627747],22401025,1610612737,ATL,fadeaway,,,LeVert,C. LeVert,,,,,In The Paint (Non-RA),8-16 Center,12.99,Missed,,,,,,,,,,,,,,,,,,
456,PT03M00.00S,2025-03-23T00:44:34.3Z,3,REGULAR,rebound,offensive,[],1629611,,,1610612737,90,75,2025-03-23T00:45:55Z,4540000,False,,,0,,T. Mann REBOUND (Off:1 Def:1),[1629611],22401025,1610612737,ATL,,,,Mann,T. Mann,,,,,In The Paint (Non-RA),8-16 Center,,,,,455.0,2.0,1.0,1.0,,,,,,,,,,,,
457,PT02M54.00S,2025-03-23T00:44:42.3Z,3,REGULAR,2pt,Jump Shot,"['pointsinthepaint', '2ndchance']",1629027,90.62089356110381,57.59803921568627,1610612737,92,75,2025-03-23T00:45:49Z,4550000,False,38.0,36.0,1,right,T. Young driving floating bank Jump Shot (19 PTS),[1629027],22401025,1610612737,ATL,driving floating bank,,,Young,T. Young,,,,,In The Paint (Non-RA),0-8 Center,5.21,Made,,,,,,,19.0,,,,,,,,,,,
458,PT02M42.00S,2025-03-23T00:44:56.1Z,3,REGULAR,foul,personal,"['inpenalty', '2freethrow']",1629611,,,1610612744,92,75,2025-03-23T00:45:16Z,4560000,False,,,0,,T. Mann personal FOUL (3 PF) (Butler III 2 FT),"[1629611, 202710]",22401025,1610612737,ATL,,,,Mann,T. Mann,,,,,Above the Break 3,24+ Right Center,,,,,,,,,,,,,203593.0,,3.0,0.0,Butler III,202710.0,,
463,PT02M32.00S,2025-03-23T00:45:56.2Z,3,REGULAR,3pt,Jump Shot,[],1627777,69.59592641261499,75.24509803921569,1610612737,92,76,2025-03-23T00:46:02Z,4610000,False,126.0,233.0,1,right,MISS G. Niang 26' 3PT,[1627777],22401025,1610612737,ATL,,,,Niang,G. Niang,,,,,Above the Break 3,24+ Right Center,26.52,Missed,,,,,,,,,,,,,,,,,,
464,PT02M28.00S,2025-03-23T00:45:59.7Z,3,REGULAR,rebound,offensive,[],1631230,,,1610612737,92,76,2025-03-23T00:45:59Z,4620000,False,,,0,,D. Barlow REBOUND (Off:2 Def:1),[1631230],22401025,1610612737,ATL,,,,Barlow,D. Barlow,,,,,Above the Break 3,24+ Right Center,,,,,463.0,3.0,1.0,2.0,,,,,,,,,,,,
465,PT02M21.00S,2025-03-23T00:46:07.1Z,3,REGULAR,3pt,Jump Shot,['2ndchance'],1627777,80.76544021024968,94.36274509803921,1610612737,95,76,2025-03-23T00:46:12Z,4630000,False,222.0,128.0,1,right,G. Niang 25' 3PT  (14 PTS) (C. LeVert 4 AST),"[1627777, 1627747]",22401025,1610612737,ATL,,,,Niang,G. Niang,,,,,Above the Break 3,24+ Right Center,25.62,Made,,,,,,,14.0,C. LeVert,1627747.0,4.0,,,,,,,,
471,PT01M38.00S,2025-03-23T00:46:49.5Z,3,REGULAR,2pt,Layup,['pointsinthepaint'],1629027,91.80354796320631,46.32352941176471,1610612737,95,79,2025-03-23T00:46:53Z,4690000,False,-18.0,25.0,1,right,MISS T. Young driving Layup - blocked,"[1629027, 1631218]",22401025,1610612737,ATL,driving,,,Young,T. Young,,,,,Restricted Area,0-8 Center,3.06,Missed,Jackson-Davis,1631218.0,,,,,,,,,,,,,,,,
481,PT00M57.10S,2025-03-23T00:47:31.8Z,3,REGULAR,3pt,Jump Shot,[],1627747,81.8166885676741,4.6568627450980395,1610612737,95,81,2025-03-23T00:47:41Z,4790000,False,-227.0,118.0,1,right,MISS C. LeVert 25' 3PT,[1627747],22401025,1610612737,ATL,,,,LeVert,C. LeVert,,,,,Above the Break 3,24+ Left Center,25.58,Missed,,,,,,,,,,,,,,,,,,
482,PT00M52.80S,2025-03-23T00:47:36.2Z,3,REGULAR,rebound,offensive,[],1631230,,,1610612737,95,81,2025-03-23T00:47:36Z,4800000,False,,,0,,D. Barlow REBOUND (Off:3 Def:1),[1631230],22401025,1610612737,ATL,,,,Barlow,D. Barlow,,,,,Above the Break 3,24+ Left Center,,,,,481.0,4.0,1.0,3.0,,,,,,,,,,,,
483,PT00M47.70S,2025-03-23T00:47:41.2Z,3,REGULAR,3pt,Jump Shot,['2ndchance'],1627747,90.88370565045992,3.1862745098039214,1610612737,98,81,2025-03-23T00:47:46Z,4810000,False,-234.0,33.0,1,right,C. LeVert 3PT pullup (10 PTS) (D. Barlow 1 AST),"[1627747, 1631230]",22401025,1610612737,ATL,pullup,,,LeVert,C. LeVert,,,,,Left Corner 3,24+ Left,23.64,Made,,,,,,,10.0,D. Barlow,1631230.0,1.0,,,,,,,,
488,PT00M02.50S,2025-03-23T00:48:42.7Z,3,REGULAR,3pt,Jump Shot,['fromturnover'],1629027,68.67608409986859,31.862745098039213,1610612737,98,81,2025-03-23T00:48:49Z,4860000,False,-91.0,242.0,1,right,MISS T. Young 25' step back 3PT,[1629027],22401025,1610612737,ATL,step back,,,Young,T. Young,,,,,Above the Break 3,24+ Left Center,25.83,Missed,,,,,,,,,,,,,,,,,,
496,PT12M00.00S,2025-03-23T00:51:16.8Z,4,REGULAR,substitution,in,['startperiod'],1630249,,,1610612744,98,81,2025-03-23T00:51:32Z,4940000,False,,,0,,SUB in: V. Krejčí,[1630249],22401025,1610612737,ATL,,,,Krejčí,V. Krejčí,,,,,,,,,,,,,,,,,,,,,,,,,,
491,PT12M00.00S,2025-03-23T00:51:16.8Z,4,REGULAR,substitution,out,['startperiod'],1627747,,,1610612744,98,81,2025-03-23T00:51:32Z,4890000,False,,,0,,SUB out: C. LeVert,[1627747],22401025,1610612737,ATL,,,,LeVert,C. LeVert,,,,,,,,,,,,,,,,,,,,,,,,,,
502,PT11M42.00S,2025-03-23T00:51:50.0Z,4,REGULAR,turnover,bad pass,[],1629027,,,1610612737,98,81,2025-03-23T00:51:58Z,5000000,False,,,0,,T. Young bad pass TURNOVER (2 TO),"[1629027, 203110]",22401025,1610612737,ATL,,,,Young,T. Young,,,,,Mid-Range,8-16 Center,,,,,,,,,,,,,,2.0,,,,,Green,203110.0
505,PT11M21.00S,2025-03-23T00:52:11.7Z,4,REGULAR,rebound,defensive,[],1629027,,,1610612737,98,81,2025-03-23T00:52:41Z,5030000,False,,,0,,T. Young REBOUND (Off:0 Def:4),[1629027],22401025,1610612737,ATL,,,,Young,T. Young,,,,,In The Paint (Non-RA),8-16 Center,,,,,504.0,4.0,4.0,0.0,,,,,,,,,,,,
506,PT11M12.00S,2025-03-23T00:52:20.0Z,4,REGULAR,3pt,Jump Shot,[],1629027,66.70499342969777,66.42156862745098,1610612737,98,81,2025-03-23T00:52:25Z,5040000,False,82.0,260.0,1,right,MISS T. Young 27' pullup 3PT,[1629027],22401025,1610612737,ATL,pullup,,,Young,T. Young,,,,,Above the Break 3,24+ Center,27.31,Missed,,,,,,,,,,,,,,,,,,
510,PT10M45.00S,2025-03-23T00:52:46.7Z,4,REGULAR,3pt,Jump Shot,[],1629611,77.08607095926413,10.049019607843137,1610612737,98,83,2025-03-23T00:52:51Z,5080000,False,-200.0,163.0,1,right,MISS T. Mann 25' 3PT,[1629611],22401025,1610612737,ATL,,,,Mann,T. Mann,,,,,Above the Break 3,24+ Left Center,25.78,Missed,,,,,,,,,,,,,,,,,,
513,PT10M23.00S,2025-03-23T00:53:08.8Z,4,REGULAR,rebound,defensive,[],1629611,,,1610612737,98,83,2025-03-23T00:53:10Z,5110000,False,,,0,,T. Mann REBOUND (Off:1 Def:2),[1629611],22401025,1610612737,ATL,,,,Mann,T. Mann,,,,,Above the Break 3,24+ Left Center,,,,,512.0,3.0,2.0,1.0,,,,,,,,,,,,
516,PT10M16.00S,2025-03-23T00:53:47.8Z,4,REGULAR,freethrow,1 of 2,[],1629027,,,1610612737,99,83,2025-03-23T00:53:47Z,5140000,False,,,0,,T. Young Free Throw 1 of 2 (20 PTS),[1629027],22401025,1610612737,ATL,,,,Young,T. Young,,,,,,,,Made,,,,,,,20.0,,,,,,,,,,,
517,PT10M16.00S,2025-03-23T00:54:03.4Z,4,REGULAR,freethrow,2 of 2,[],1629027,,,1610612737,100,83,2025-03-23T00:54:03Z,5150000,False,,,0,,T. Young Free Throw 2 of 2 (21 PTS),[1629027],22401025,1610612737,ATL,,,,Young,T. Young,,,,,,,,Made,,,,,,,21.0,,,,,,,,,,,
519,PT09M51.00S,2025-03-23T00:54:30.9Z,4,REGULAR,rebound,defensive,[],1627777,,,1610612737,100,83,2025-03-23T00:54:32Z,5170000,False,,,0,,G. Niang REBOUND (Off:0 Def:2),[1627777],22401025,1610612737,ATL,,,,Niang,G. Niang,,,,,Restricted Area,0-8 Center,,,,,518.0,2.0,2.0,0.0,,,,,,,,,,,,
520,PT09M42.00S,2025-03-23T00:54:38.6Z,4,REGULAR,3pt,Jump Shot,[],1627777,69.07030223390277,31.127450980392158,1610612737,103,83,2025-03-23T00:54:43Z,5180000,False,-94.0,238.0,1,right,G. Niang 25' 3PT  (17 PTS) (V. Krejčí 4 AST),"[1627777, 1630249]",22401025,1610612737,ATL,,,,Niang,G. Niang,,,,,Above the Break 3,24+ Left Center,25.62,Made,,,,,,,17.0,V. Krejčí,1630249.0,4.0,,,,,,,,
524,PT09M01.00S,2025-03-23T00:55:22.2Z,4,REGULAR,3pt,Jump Shot,[],1627777,94.95729303547962,3.1862745098039214,1610612737,106,85,2025-03-23T00:56:31Z,5220000,False,-234.0,-5.0,1,right,G. Niang 3PT  (20 PTS) (V. Krejčí 5 AST),"[1627777, 1630249]",22401025,1610612737,ATL,,,,Niang,G. Niang,,,,,Left Corner 3,24+ Left,23.42,Made,,,,,,,20.0,V. Krejčí,1630249.0,5.0,,,,,,,,
526,PT08M48.00S,2025-03-23T00:55:35.3Z,4,REGULAR,foul,personal,['2freethrow'],1630249,,,1610612744,106,85,2025-03-23T00:55:56Z,5240000,False,,,0,,V. Krejčí shooting personal FOUL (2 PF) (Butler III 2 FT),"[1630249, 202710]",22401025,1610612737,ATL,shooting,,,Krejčí,V. Krejčí,,,,,Restricted Area,0-8 Center,,,,,,,,,,,,,1628480.0,,2.0,0.0,Butler III,202710.0,,
533,PT08M48.00S,2025-03-23T00:56:01.5Z,4,REGULAR,substitution,in,[],1630700,,,1610612744,106,85,2025-03-23T00:56:07Z,5310000,False,,,0,,SUB in: D. Daniels,[1630700],22401025,1610612737,ATL,,,,Daniels,D. Daniels,,,,,,,,,,,,,,,,,,,,,,,,,,
531,PT08M48.00S,2025-03-23T00:56:01.5Z,4,REGULAR,substitution,out,[],1631230,,,1610612744,106,85,2025-03-23T00:56:07Z,5290000,False,,,0,,SUB out: D. Barlow,[1631230],22401025,1610612737,ATL,,,,Barlow,D. Barlow,,,,,,,,,,,,,,,,,,,,,,,,,,
530,PT08M48.00S,2025-03-23T00:56:01.5Z,4,REGULAR,substitution,out,[],1629027,,,1610612744,106,85,2025-03-23T00:56:07Z,5280000,False,,,0,,SUB out: T. Young,[1629027],22401025,1610612737,ATL,,,,Young,T. Young,,,,,,,,,,,,,,,,,,,,,,,,,,
532,PT08M48.00S,2025-03-23T00:56:01.5Z,4,REGULAR,substitution,in,[],1630168,,,1610612744,106,85,2025-03-23T00:56:07Z,5300000,False,,,0,,SUB in: O. Okongwu,[1630168],22401025,1610612737,ATL,,,,Okongwu,O. Okongwu,,,,,,,,,,,,,,,,,,,,,,,,,,
535,PT08M46.00S,2025-03-23T00:56:02.3Z,4,REGULAR,rebound,defensive,[],1630168,,,1610612737,106,85,2025-03-23T00:56:27Z,5330000,False,,,0,,O. Okongwu REBOUND (Off:2 Def:7),[1630168],22401025,1610612737,ATL,,,,Okongwu,O. Okongwu,,,,,,,,,,,534.0,9.0,7.0,2.0,,,,,,,,,,,,
538,PT08M35.00S,2025-03-23T00:57:04.6Z,4,REGULAR,freethrow,1 of 2,[],1630249,,,1610612737,107,85,2025-03-23T00:57:30Z,5360000,False,,,0,,V. Krejčí Free Throw 1 of 2 (3 PTS),[1630249],22401025,1610612737,ATL,,,,Krejčí,V. Krejčí,,,,,,,,Made,,,,,,,3.0,,,,,,,,,,,
539,PT08M35.00S,2025-03-23T00:57:04.6Z,4,REGULAR,freethrow,2 of 2,[],1630249,,,1610612737,107,85,2025-03-23T00:57:30Z,5370000,False,,,0,,MISS V. Krejčí Free Throw 2 of 2,[1630249],22401025,1610612737,ATL,,,,Krejčí,V. Krejčí,,,,,,,,Missed,,,,,,,,,,,,,,,,,,
541,PT08M19.00S,2025-03-23T00:57:42.3Z,4,REGULAR,foul,personal,['2freethrow'],1629611,,,1610612744,107,85,2025-03-23T00:58:02Z,5390000,False,,,0,,T. Mann shooting personal FOUL (4 PF) (Podziemski 2 FT),"[1629611, 1641764]",22401025,1610612737,ATL,shooting,,,Mann,T. Mann,,,,,Restricted Area,0-8 Center,,,,,,,,,,,,,1146.0,,4.0,0.0,Podziemski,1641764.0,,
545,PT08M02.00S,2025-03-23T00:58:42.4Z,4,REGULAR,turnover,bad pass,[],1630249,,,1610612737,107,87,2025-03-23T00:58:47Z,5430000,False,,,0,,V. Krejčí bad pass TURNOVER (1 TO),"[1630249, 1630541]",22401025,1610612737,ATL,,,,Krejčí,V. Krejčí,,,,,Mid-Range,16-24 Right Center,,,,,,,,,,,,,,1.0,,,,,Moody,1630541.0
549,PT07M35.00S,2025-03-23T00:59:08.7Z,4,REGULAR,3pt,Jump Shot,[],1627777,96.66557161629436,2.696078431372549,1610612737,110,89,2025-03-23T00:59:13Z,5470000,False,-237.0,-21.0,1,right,G. Niang 3PT step back (23 PTS) (V. Krejčí 6 AST),"[1627777, 1630249]",22401025,1610612737,ATL,step back,,,Niang,G. Niang,,,,,Left Corner 3,24+ Left,23.74,Made,,,,,,,23.0,V. Krejčí,1630249.0,6.0,,,,,,,,
551,PT07M25.00S,2025-03-23T00:59:21.6Z,4,REGULAR,foul,personal,[],1630249,,,1610612744,110,89,2025-03-23T00:59:28Z,5490000,False,,,0,,V. Krejčí personal FOUL (3 PF),"[1630249, 1630541]",22401025,1610612737,ATL,,,,Krejčí,V. Krejčí,,,,,Mid-Range,16-24 Left Center,,,,,,,,,,,,,1146.0,,3.0,0.0,Moody,1630541.0,,
555,PT06M55.00S,2025-03-23T01:00:04.3Z,4,REGULAR,turnover,bad pass,[],1629611,,,1610612737,110,91,2025-03-23T01:00:08Z,5530000,False,,,0,,T. Mann bad pass TURNOVER (2 TO),"[1629611, 203110]",22401025,1610612737,ATL,,,,Mann,T. Mann,,,,,Mid-Range,16-24 Right Center,,,,,,,,,,,,,,2.0,,,,,Green,203110.0
558,PT06M52.00S,2025-03-23T01:00:07.2Z,4,REGULAR,steal,,[],1630700,,,1610612737,110,91,2025-03-23T01:00:09Z,5560000,False,,,0,,D. Daniels STEAL (2 STL),[1630700],22401025,1610612737,ATL,,,,Daniels,D. Daniels,,,,,Mid-Range,16-24 Right Center,,,,,,,,,,,,,,,,,,,,
559,PT06M48.00S,2025-03-23T01:00:11.1Z,4,REGULAR,3pt,Jump Shot,"['fromturnover', 'fastbreak']",1627777,66.96780551905388,54.65686274509803,1610612737,110,91,2025-03-23T01:00:16Z,5570000,False,23.0,258.0,1,right,MISS G. Niang 25' running 3PT,[1627777],22401025,1610612737,ATL,running,,,Niang,G. Niang,,,,,Above the Break 3,24+ Center,25.9,Missed,,,,,,,,,,,,,,,,,,
560,PT06M46.00S,2025-03-23T01:00:13.5Z,4,REGULAR,rebound,offensive,[],1630700,,,1610612737,110,91,2025-03-23T01:00:13Z,5580000,False,,,0,,D. Daniels REBOUND (Off:2 Def:8),[1630700],22401025,1610612737,ATL,,,,Daniels,D. Daniels,,,,,Above the Break 3,24+ Center,,,,,559.0,10.0,8.0,2.0,,,,,,,,,,,,
561,PT06M43.00S,2025-03-23T01:00:16.8Z,4,REGULAR,turnover,bad pass,[],1627777,,,1610612737,110,91,2025-03-23T01:00:20Z,5590000,False,,,0,,G. Niang bad pass TURNOVER (2 TO),"[1627777, 203110]",22401025,1610612737,ATL,,,,Niang,G. Niang,,,,,In The Paint (Non-RA),8-16 Center,,,,,,,,,,,,,,2.0,,,,,Green,203110.0
564,PT06M37.00S,2025-03-23T01:00:27.5Z,4,REGULAR,timeout,full,"['team', 'mandatory']",0,,,1610612737,110,94,2025-03-23T01:00:27Z,5620000,False,,,0,,ATL Timeout,[],22401025,1610612737,ATL,,,,,,,,,,,,,,,,,,,,,,,,,,,,,,,
571,PT06M37.00S,2025-03-23T01:02:44.3Z,4,REGULAR,substitution,in,[],1629027,,,1610612737,110,94,2025-03-23T01:03:08Z,5690000,False,,,0,,SUB in: T. Young,[1629027],22401025,1610612737,ATL,,,,Young,T. Young,,,,,,,,,,,,,,,,,,,,,,,,,,
569,PT06M37.00S,2025-03-23T01:02:44.3Z,4,REGULAR,substitution,in,[],1627747,,,1610612737,110,94,2025-03-23T01:03:08Z,5670000,False,,,0,,SUB in: C. LeVert,[1627747],22401025,1610612737,ATL,,,,LeVert,C. LeVert,,,,,,,,,,,,,,,,,,,,,,,,,,
570,PT06M37.00S,2025-03-23T01:02:44.3Z,4,REGULAR,substitution,in,[],1642258,,,1610612737,110,94,2025-03-23T01:03:08Z,5680000,False,,,0,,SUB in: Z. Risacher,[1642258],22401025,1610612737,ATL,,,,Risacher,Z. Risacher,,,,,,,,,,,,,,,,,,,,,,,,,,
567,PT06M37.00S,2025-03-23T01:02:44.3Z,4,REGULAR,substitution,out,[],1630249,,,1610612737,110,94,2025-03-23T01:03:08Z,5650000,False,,,0,,SUB out: V. Krejčí,[1630249],22401025,1610612737,ATL,,,,Krejčí,V. Krejčí,,,,,,,,,,,,,,,,,,,,,,,,,,
566,PT06M37.00S,2025-03-23T01:02:44.3Z,4,REGULAR,substitution,out,[],1627777,,,1610612737,110,94,2025-03-23T01:03:08Z,5640000,False,,,0,,SUB out: G. Niang,[1627777],22401025,1610612737,ATL,,,,Niang,G. Niang,,,,,,,,,,,,,,,,,,,,,,,,,,
565,PT06M37.00S,2025-03-23T01:02:44.3Z,4,REGULAR,substitution,out,[],1629611,,,1610612737,110,94,2025-03-23T01:03:08Z,5630000,False,,,0,,SUB out: T. Mann,[1629611],22401025,1610612737,ATL,,,,Mann,T. Mann,,,,,,,,,,,,,,,,,,,,,,,,,,
573,PT06M20.00S,2025-03-23T01:03:38.7Z,4,REGULAR,turnover,bad pass,[],1629027,,,1610612737,110,94,2025-03-23T01:03:43Z,5710000,False,,,0,,T. Young bad pass TURNOVER (3 TO),"[1629027, 202710]",22401025,1610612737,ATL,,,,Young,T. Young,,,,,Above the Break 3,24+ Center,,,,,,,,,,,,,,3.0,,,,,Butler III,202710.0
581,PT05M20.00S,2025-03-23T01:05:28.0Z,4,REGULAR,turnover,shot clock,['team'],0,,,1610612737,110,97,2025-03-23T01:06:06Z,5790000,False,,,0,,ATL shot clock Team TURNOVER,[],22401025,1610612737,ATL,,,,,,,,,,Above the Break 3,24+ Center,,,,,,,,,,,,,1146.0,,,,,,,
582,PT05M09.00S,2025-03-23T01:05:57.1Z,4,REGULAR,foul,personal,['2freethrow'],1627747,,,1610612744,110,97,2025-03-23T01:06:18Z,5800000,False,,,0,,C. LeVert shooting personal FOUL (3 PF) (Butler III 2 FT),"[1627747, 202710]",22401025,1610612737,ATL,shooting,,,LeVert,C. LeVert,,,,,Restricted Area,0-8 Center,,,,,,,,,,,,,1146.0,,3.0,0.0,Butler III,202710.0,,
586,PT05M06.00S,2025-03-23T01:06:37.1Z,4,REGULAR,rebound,defensive,[],1629027,,,1610612737,110,98,2025-03-23T01:12:17Z,5840000,False,,,0,,T. Young REBOUND (Off:0 Def:5),[1629027],22401025,1610612737,ATL,,,,Young,T. Young,,,,,,,,,,,585.0,5.0,5.0,0.0,,,,,,,,,,,,
587,PT04M47.00S,2025-03-23T01:07:06.2Z,4,REGULAR,2pt,Jump Shot,['pointsinthepaint'],1630168,83.52496714848883,47.794117647058826,1610612737,110,98,2025-03-23T01:07:21Z,5850000,False,-11.0,102.0,1,right,MISS O. Okongwu 10' driving floating Shot,[1630168],22401025,1610612737,ATL,driving floating,,,Okongwu,O. Okongwu,,,,,In The Paint (Non-RA),8-16 Center,10.3,Missed,,,,,,,,,,,,,,,,,,
588,PT04M46.00S,2025-03-23T01:07:07.2Z,4,REGULAR,rebound,offensive,[],1630168,,,1610612737,110,98,2025-03-23T01:07:27Z,5860000,False,,,0,,O. Okongwu REBOUND (Off:3 Def:7),[1630168],22401025,1610612737,ATL,,,,Okongwu,O. Okongwu,,,,,In The Paint (Non-RA),8-16 Center,,,,,587.0,10.0,7.0,3.0,,,,,,,,,,,,
590,PT04M46.00S,2025-03-23T01:07:30.0Z,4,REGULAR,turnover,out-of-bounds,[],1630168,,,1610612737,110,98,2025-03-23T01:08:09Z,5880000,False,,,0,,O. Okongwu step out-of-bounds TURNOVER (1 TO),[1630168],22401025,1610612737,ATL,step,,,Okongwu,O. Okongwu,,,,,In The Paint (Non-RA),0-8 Center,,,,,,,,,,,,,1146.0,1.0,,,,,,
592,PT04M27.00S,2025-03-23T01:07:45.6Z,4,REGULAR,rebound,defensive,[],1630168,,,1610612737,110,98,2025-03-23T01:07:46Z,5900000,False,,,0,,O. Okongwu REBOUND (Off:3 Def:8),[1630168],22401025,1610612737,ATL,,,,Okongwu,O. Okongwu,,,,,Above the Break 3,24+ Center,,,,,591.0,11.0,8.0,3.0,,,,,,,,,,,,
593,PT04M23.00S,2025-03-23T01:07:52.3Z,4,REGULAR,foul,offensive,[],1627747,,,1610612737,110,98,2025-03-23T01:08:00Z,5910000,False,,,0,,C. LeVert charge offensive FOUL (4 PF),"[1627747, 1630541]",22401025,1610612737,ATL,charge,,,LeVert,C. LeVert,,,,,In The Paint (Non-RA),0-8 Center,,,,,,,,,,,,,1628480.0,,4.0,0.0,Moody,1630541.0,,
595,PT04M23.00S,2025-03-23T01:07:52.3Z,4,REGULAR,turnover,offensive foul,[],1627747,,,1610612737,110,98,2025-03-23T01:07:52Z,5930000,False,,,0,,C. LeVert offensive foul TURNOVER (1 TO),[1627747],22401025,1610612737,ATL,,,,LeVert,C. LeVert,,,,,In The Paint (Non-RA),0-8 Center,,,,,,,,,,,,,1628480.0,1.0,,,,,,
596,PT04M23.00S,2025-03-23T01:08:18.0Z,4,REGULAR,timeout,full,"['team', 'mandatory']",0,,,1610612744,110,98,2025-03-23T01:08:18Z,5940000,False,,,0,,ATL Timeout,[],22401025,1610612737,ATL,,,,,,,,,,,,,,,,,,,,,,,,,,,,,,,
598,PT04M15.00S,2025-03-23T01:11:29.0Z,4,REGULAR,foul,personal,"['inpenalty', '2freethrow']",1630700,,,1610612744,110,98,2025-03-23T01:11:50Z,5960000,False,,,0,,D. Daniels personal FOUL (1 PF) (Butler III 2 FT),"[1630700, 202710]",22401025,1610612737,ATL,,,,Daniels,D. Daniels,,,,,Mid-Range,16-24 Center,,,,,,,,,,,,,1146.0,,1.0,0.0,Butler III,202710.0,,
602,PT04M06.00S,2025-03-23T01:12:23.6Z,4,REGULAR,2pt,Layup,['pointsinthepaint'],1627747,92.72339027595268,51.225490196078425,1610612737,112,100,2025-03-23T01:12:29Z,6000000,False,6.0,16.0,1,right,C. LeVert driving Layup (12 PTS),[1627747],22401025,1610612737,ATL,driving,,,LeVert,C. LeVert,,,,,Restricted Area,0-8 Center,1.7,Made,,,,,,,12.0,,,,,,,,,,,
605,PT04M06.00S,2025-03-23T01:12:53.1Z,4,REGULAR,freethrow,1 of 1,[],1627747,,,1610612737,112,100,2025-03-23T01:12:53Z,6030000,False,,,0,,MISS C. LeVert Free Throw 1 of 1,[1627747],22401025,1610612737,ATL,,,,LeVert,C. LeVert,,,,,,,,Missed,,,,,,,,,,,,,,,,,,
609,PT03M43.00S,2025-03-23T01:13:15.7Z,4,REGULAR,turnover,bad pass,[],1629027,,,1610612737,112,102,2025-03-23T01:13:20Z,6070000,False,,,0,,T. Young bad pass TURNOVER (4 TO),"[1629027, 1641764]",22401025,1610612737,ATL,,,,Young,T. Young,,,,,Mid-Range,8-16 Left,,,,,,,,,,,,,,4.0,,,,,Podziemski,1641764.0
612,PT03M40.00S,2025-03-23T01:13:18.7Z,4,REGULAR,steal,,[],1630700,,,1610612737,112,102,2025-03-23T01:13:20Z,6100000,False,,,0,,D. Daniels STEAL (3 STL),[1630700],22401025,1610612737,ATL,,,,Daniels,D. Daniels,,,,,In The Paint (Non-RA),8-16 Center,,,,,,,,,,,,,,,,,,,,
613,PT03M34.00S,2025-03-23T01:13:25.0Z,4,REGULAR,3pt,Jump Shot,['fromturnover'],1642258,86.28449408672799,3.431372549019608,1610612737,115,102,2025-03-23T01:13:33Z,6110000,False,-233.0,76.0,1,right,Z. Risacher 24' 3PT  (13 PTS) (C. LeVert 5 AST),"[1642258, 1627747]",22401025,1610612737,ATL,,,,Risacher,Z. Risacher,,,,,Left Corner 3,24+ Left,24.5,Made,,,,,,,13.0,C. LeVert,1627747.0,5.0,,,,,,,,
617,PT02M51.00S,2025-03-23T01:14:08.1Z,4,REGULAR,2pt,Hook,['pointsinthepaint'],1630168,81.2910643889619,48.77450980392157,1610612737,115,104,2025-03-23T01:14:13Z,6150000,False,-6.0,123.0,1,right,MISS O. Okongwu 12' turnaround Hook,[1630168],22401025,1610612737,ATL,turnaround,,,Okongwu,O. Okongwu,,,,,In The Paint (Non-RA),8-16 Center,12.36,Missed,,,,,,,,,,,,,,,,,,
621,PT02M19.00S,2025-03-23T01:14:40.3Z,4,REGULAR,2pt,Jump Shot,['pointsinthepaint'],1629027,82.34231274638634,54.90196078431373,1610612737,117,107,2025-03-23T01:14:45Z,6190000,False,25.0,113.0,1,right,T. Young 11' driving floating Jump Shot (23 PTS) (C. LeVert 6 AST),"[1629027, 1627747]",22401025,1610612737,ATL,driving floating,,,Young,T. Young,,,,,In The Paint (Non-RA),8-16 Center,11.61,Made,,,,,,,23.0,C. LeVert,1627747.0,6.0,,,,,,,,
625,PT01M54.00S,2025-03-23T01:15:09.1Z,4,REGULAR,timeout,full,['team'],0,,,1610612737,117,109,2025-03-23T01:15:09Z,6230000,False,,,0,,ATL Timeout,[],22401025,1610612737,ATL,,,,,,,,,,,,,,,,,,,,,,,,,,,,,,,
626,PT01M40.00S,2025-03-23T01:17:03.4Z,4,REGULAR,2pt,Jump Shot,['pointsinthepaint'],1627747,83.26215505913272,36.51960784313725,1610612737,119,109,2025-03-23T01:17:08Z,6240000,False,-67.0,105.0,1,right,C. LeVert 12' pullup Jump Shot (14 PTS) (T. Young 9 AST),"[1627747, 1629027]",22401025,1610612737,ATL,pullup,,,LeVert,C. LeVert,,,,,In The Paint (Non-RA),8-16 Left,12.46,Made,,,,,,,14.0,T. Young,1629027.0,9.0,,,,,,,,
629,PT01M20.00S,2025-03-23T01:17:29.5Z,4,REGULAR,rebound,defensive,[],1630168,,,1610612737,119,109,2025-03-23T01:17:34Z,6270000,False,,,0,,O. Okongwu REBOUND (Off:3 Def:9),[1630168],22401025,1610612737,ATL,,,,Okongwu,O. Okongwu,,,,,Above the Break 3,24+ Right Center,,,,,628.0,12.0,9.0,3.0,,,,,,,,,,,,
630,PT01M17.00S,2025-03-23T01:17:32.8Z,4,REGULAR,turnover,bad pass,[],1630168,,,1610612737,119,109,2025-03-23T01:17:36Z,6280000,False,,,0,,O. Okongwu bad pass TURNOVER (2 TO),"[1630168, 1630541]",22401025,1610612737,ATL,,,,Okongwu,O. Okongwu,,,,,Mid-Range,16-24 Center,,,,,,,,,,,,,,2.0,,,,,Moody,1630541.0
632,PT01M16.00S,2025-03-23T01:17:37.3Z,4,REGULAR,foul,personal,"['inpenalty', '2freethrow']",1630168,,,1610612744,119,109,2025-03-23T01:18:01Z,6300000,False,,,0,,O. Okongwu shooting personal FOUL (3 PF) (Moody 2 FT),"[1630168, 1630541]",22401025,1610612737,ATL,shooting,,,Okongwu,O. Okongwu,,,,,Restricted Area,0-8 Center,,,,,,,,,,,,,203593.0,,3.0,0.0,Moody,1630541.0,,
636,PT01M08.00S,2025-03-23T01:18:31.4Z,4,REGULAR,2pt,DUNK,['pointsinthepaint'],1630168,92.59198423127464,50.49019607843137,1610612737,121,111,2025-03-23T01:18:35Z,6340000,False,2.0,17.0,1,right,O. Okongwu alley-oop DUNK (22 PTS) (T. Young 10 AST),"[1630168, 1629027]",22401025,1610612737,ATL,alley-oop,,,Okongwu,O. Okongwu,,,,,Restricted Area,0-8 Center,1.73,Made,,,,,,,22.0,T. Young,1629027.0,10.0,,,,,,,,
642,PT00M49.70S,2025-03-23T01:19:20.4Z,4,REGULAR,freethrow,1 of 2,[],1642258,,,1610612737,121,113,2025-03-23T01:19:20Z,6400000,False,,,0,,MISS Z. Risacher Free Throw 1 of 2,[1642258],22401025,1610612737,ATL,,,,Risacher,Z. Risacher,,,,,,,,Missed,,,,,,,,,,,,,,,,,,
643,PT00M49.70S,2025-03-23T01:19:20.4Z,4,REGULAR,rebound,offensive,"['deadball', 'team']",0,,,1610612737,121,113,2025-03-23T01:19:20Z,6410000,False,,,0,,TEAM offensive REBOUND,[],22401025,1610612737,ATL,,,,,,,,,,,,,,,,642.0,,,,,,,,,,,,,,,
644,PT00M49.70S,2025-03-23T01:19:35.5Z,4,REGULAR,freethrow,2 of 2,[],1642258,,,1610612737,122,113,2025-03-23T01:19:35Z,6420000,False,,,0,,Z. Risacher Free Throw 2 of 2 (14 PTS),[1642258],22401025,1610612737,ATL,,,,Risacher,Z. Risacher,,,,,,,,Made,,,,,,,14.0,,,,,,,,,,,
651,PT00M43.40S,2025-03-23T01:21:21.1Z,4,REGULAR,rebound,defensive,[],1630700,,,1610612737,122,113,2025-03-23T01:21:23Z,6490000,False,,,0,,D. Daniels REBOUND (Off:2 Def:9),[1630700],22401025,1610612737,ATL,,,,Daniels,D. Daniels,,,,,Restricted Area,0-8 Center,,,,,650.0,11.0,9.0,2.0,,,,,,,,,,,,
652,PT00M25.40S,2025-03-23T01:21:39.2Z,4,REGULAR,2pt,Layup,['pointsinthepaint'],1629027,89.56964520367937,56.61764705882353,1610612737,124,113,2025-03-23T01:21:43Z,6500000,False,33.0,46.0,1,right,T. Young driving finger roll Layup (25 PTS),[1629027],22401025,1610612737,ATL,driving finger roll,,,Young,T. Young,,,,,In The Paint (Non-RA),0-8 Center,5.63,Made,,,,,,,25.0,,,,,,,,,,,
4,PT11M56.00S,2025-03-23T22:10:11.7Z,1,REGULAR,jumpball,recovered,[],1630700,,,1610612737,0,0,2025-03-23T22:10:11Z,40000,False,,,0,,Jump Ball O. Okongwu vs. G. Yabusele: Tip to D. Daniels,"[1630700, 1630168, 1627824]",22401031,1610612737,ATL,startperiod,D. Daniels,1630700.0,Daniels,D. Daniels,Okongwu,1630168.0,Yabusele,1627824.0,,,,,,,,,,,,,,,,,,,,,,
7,PT11M37.00S,2025-03-23T22:10:30.7Z,1,REGULAR,2pt,Layup,['pointsinthepaint'],1642258,92.9862023653088,49.50980392156863,1610612737,2,0,2025-03-23T22:10:37Z,70000,False,-2.0,13.0,1,right,Z. Risacher cutting Layup (2 PTS) (T. Young 1 AST),"[1642258, 1629027]",22401031,1610612737,ATL,cutting,,,Risacher,Z. Risacher,,,,,Restricted Area,0-8 Center,1.36,Made,,,,,,,2.0,T. Young,1629027.0,1.0,,,,,,,,
10,PT11M17.00S,2025-03-23T22:10:50.5Z,1,REGULAR,steal,,[],1630700,,,1610612737,2,0,2025-03-23T22:10:52Z,100000,False,,,0,,D. Daniels STEAL (1 STL),[1630700],22401031,1610612737,ATL,,,,Daniels,D. Daniels,,,,,Mid-Range,16-24 Center,,,,,,,,,,,,,,,,,,,,
11,PT11M12.00S,2025-03-23T22:10:55.5Z,1,REGULAR,3pt,Jump Shot,"['fromturnover', 'fastbreak']",1631243,71.56701708278581,79.41176470588235,1610612737,2,0,2025-03-23T22:11:05Z,110000,False,147.0,215.0,1,right,MISS M. Gueye 26' running 3PT,[1631243],22401031,1610612737,ATL,running,,,Gueye,M. Gueye,,,,,Above the Break 3,24+ Right Center,26.03,Missed,,,,,,,,,,,,,,,,,,
14,PT10M52.00S,2025-03-23T22:11:15.9Z,1,REGULAR,steal,,[],1630700,,,1610612737,2,0,2025-03-23T22:11:18Z,140000,False,,,0,,D. Daniels STEAL (2 STL),[1630700],22401031,1610612737,ATL,,,,Daniels,D. Daniels,,,,,In The Paint (Non-RA),8-16 Left,,,,,,,,,,,,,,,,,,,,
15,PT10M42.00S,2025-03-23T22:11:25.8Z,1,REGULAR,2pt,Jump Shot,"['pointsinthepaint', 'fromturnover']",1630700,85.23324572930355,52.69607843137255,1610612737,4,0,2025-03-23T22:11:30Z,150000,False,13.0,86.0,1,right,D. Daniels 8' floating Jump Shot (2 PTS) (T. Young 2 AST),"[1630700, 1629027]",22401031,1610612737,ATL,floating,,,Daniels,D. Daniels,,,,,In The Paint (Non-RA),8-16 Center,8.73,Made,,,,,,,2.0,T. Young,1629027.0,2.0,,,,,,,,
19,PT10M31.00S,2025-03-23T22:12:04.6Z,1,REGULAR,freethrow,1 of 1,[],1629027,,,1610612755,5,0,2025-03-23T22:12:04Z,190000,False,,,0,,T. Young technical Free Throw 1 of 1 (1 PTS),[1629027],22401031,1610612737,ATL,technical,,,Young,T. Young,,,,,,,,Made,,,,,,,1.0,,,,,,,,,,,
22,PT10M07.00S,2025-03-23T22:12:41.6Z,1,REGULAR,2pt,Layup,['pointsinthepaint'],1630700,92.59198423127464,52.20588235294118,1610612737,7,2,2025-03-23T22:12:48Z,220000,False,11.0,17.0,1,right,D. Daniels driving Layup (4 PTS) (M. Gueye 1 AST),"[1630700, 1631243]",22401031,1610612737,ATL,driving,,,Daniels,D. Daniels,,,,,Restricted Area,0-8 Center,2.03,Made,,,,,,,4.0,M. Gueye,1631243.0,1.0,,,,,,,,
25,PT09M48.00S,2025-03-23T22:13:00.8Z,1,REGULAR,rebound,defensive,[],1630700,,,1610612737,7,2,2025-03-23T22:13:04Z,250000,False,,,0,,D. Daniels REBOUND (Off:0 Def:1),[1630700],22401031,1610612737,ATL,,,,Daniels,D. Daniels,,,,,Above the Break 3,24+ Right Center,,,,,24.0,1.0,1.0,0.0,,,,,,,,,,,,
26,PT09M29.00S,2025-03-23T22:13:24.3Z,1,REGULAR,turnover,3-second-violation,[],1642258,,,1610612737,7,2,2025-03-23T22:13:35Z,260000,False,,,0,,Z. Risacher 3-second-violation TURNOVER (1 TO),[1642258],22401031,1610612737,ATL,,,,Risacher,Z. Risacher,,,,,In The Paint (Non-RA),8-16 Center,,,,,,,,,,,,,101284.0,1.0,,,,,,
27,PT09M20.00S,2025-03-23T22:13:46.2Z,1,REGULAR,foul,personal,['2freethrow'],1642258,,,1610612755,7,2,2025-03-23T22:14:14Z,270000,False,,,0,,Z. Risacher shooting personal FOUL (1 PF) (Dowtin Jr. 2 FT),"[1642258, 1630288]",22401031,1610612737,ATL,shooting,,,Risacher,Z. Risacher,,,,,Restricted Area,0-8 Center,,,,,,,,,,,,,203593.0,,1.0,0.0,Dowtin Jr.,1630288.0,,
31,PT09M19.00S,2025-03-23T22:14:16.7Z,1,REGULAR,rebound,defensive,['team'],0,,,1610612737,7,3,2025-03-23T22:14:47Z,310000,False,,,0,,TEAM defensive REBOUND,[],22401031,1610612737,ATL,,,,,,,,,,,,,,,,30.0,,,,,,,,,,,,,,,
33,PT09M11.00S,2025-03-23T22:15:05.9Z,1,REGULAR,turnover,traveling,[],1630700,,,1610612737,7,3,2025-03-23T22:15:13Z,330000,False,,,0,,D. Daniels traveling TURNOVER (1 TO),[1630700],22401031,1610612737,ATL,,,,Daniels,D. Daniels,,,,,Mid-Range,16-24 Center,,,,,,,,,,,,,203593.0,1.0,,,,,,
36,PT08M43.00S,2025-03-23T22:15:40.3Z,1,REGULAR,3pt,Jump Shot,[],1642258,92.9862023653088,97.54901960784314,1610612737,7,6,2025-03-23T22:15:45Z,360000,False,238.0,13.0,1,right,MISS Z. Risacher 3PT,[1642258],22401031,1610612737,ATL,,,,Risacher,Z. Risacher,,,,,Right Corner 3,24+ Right,23.81,Missed,,,,,,,,,,,,,,,,,,
39,PT08M23.00S,2025-03-23T22:16:00.4Z,1,REGULAR,3pt,Jump Shot,[],1629027,66.70499342969777,54.41176470588235,1610612737,10,8,2025-03-23T22:16:08Z,390000,False,22.0,260.0,1,right,T. Young 26' 3PT pullup (4 PTS),[1629027],22401031,1610612737,ATL,pullup,,,Young,T. Young,,,,,Above the Break 3,24+ Center,26.14,Made,,,,,,,4.0,,,,,,,,,,,
42,PT07M52.00S,2025-03-23T22:16:34.0Z,1,REGULAR,turnover,out-of-bounds,[],1629027,,,1610612737,10,10,2025-03-23T22:16:42Z,420000,False,,,0,,T. Young bad pass out-of-bounds TURNOVER (1 TO),[1629027],22401031,1610612737,ATL,bad pass,,,Young,T. Young,,,,,Mid-Range,8-16 Left,,,,,,,,,,,,,202901.0,1.0,,,,,,
46,PT07M24.00S,2025-03-23T22:17:07.4Z,1,REGULAR,rebound,defensive,[],1630168,,,1610612737,10,10,2025-03-23T22:17:10Z,460000,False,,,0,,O. Okongwu REBOUND (Off:0 Def:1),[1630168],22401031,1610612737,ATL,,,,Okongwu,O. Okongwu,,,,,Above the Break 3,24+ Center,,,,,45.0,1.0,1.0,0.0,,,,,,,,,,,,
47,PT07M20.00S,2025-03-23T22:17:13.1Z,1,REGULAR,2pt,Layup,"['fastbreak', 'pointsinthepaint']",1631243,91.27792378449409,48.28431372549019,1610612737,10,10,2025-03-23T22:17:25Z,470000,False,-9.0,29.0,1,right,MISS M. Gueye running Layup - blocked,"[1631243, 1642348]",22401031,1610612737,ATL,running,,,Gueye,M. Gueye,,,,,Restricted Area,0-8 Center,3.07,Missed,Edwards,1642348.0,,,,,,,,,,,,,,,,
52,PT07M06.00S,2025-03-23T22:17:56.7Z,1,REGULAR,steal,,[],1630168,,,1610612737,10,10,2025-03-23T22:17:59Z,520000,False,,,0,,O. Okongwu STEAL (1 STL),[1630168],22401031,1610612737,ATL,,,,Okongwu,O. Okongwu,,,,,Above the Break 3,24+ Center,,,,,,,,,,,,,,,,,,,,
53,PT06M50.00S,2025-03-23T22:18:13.4Z,1,REGULAR,2pt,Jump Shot,"['pointsinthepaint', 'fromturnover']",1630700,91.93495400788436,64.4607843137255,1610612737,10,10,2025-03-23T22:18:23Z,530000,False,72.0,23.0,1,right,MISS D. Daniels 7' driving floating Shot,[1630700],22401031,1610612737,ATL,driving floating,,,Daniels,D. Daniels,,,,,In The Paint (Non-RA),0-8 Center,7.6,Missed,,,,,,,,,,,,,,,,,,
55,PT06M46.00S,2025-03-23T22:18:16.9Z,1,REGULAR,2pt,Layup,"['pointsinthepaint', 'fromturnover', '2ndchance']",1631243,94.40999984741211,50.0,1610612737,12,10,2025-03-23T22:18:16Z,550000,False,0.0,0.0,1,right,M. Gueye tip Layup (2 PTS),[1631243],22401031,1610612737,ATL,tip,,,Gueye,M. Gueye,,,,,Mid-Range,8-16 Left,0.0,Made,,,,,,,2.0,,,,,,,,,,,
54,PT06M46.00S,2025-03-23T22:18:17.4Z,1,REGULAR,rebound,offensive,[],1631243,,,1610612737,10,10,2025-03-23T22:18:23Z,540000,False,,,0,,M. Gueye REBOUND (Off:1 Def:0),[1631243],22401031,1610612737,ATL,,,,Gueye,M. Gueye,,,,,In The Paint (Non-RA),0-8 Center,,,,,53.0,1.0,0.0,1.0,,,,,,,,,,,,
56,PT06M27.00S,2025-03-23T22:18:37.2Z,1,REGULAR,foul,personal,['2freethrow'],1630168,,,1610612755,12,10,2025-03-23T22:18:59Z,560000,False,,,0,,O. Okongwu shooting personal FOUL (1 PF) (Edwards 2 FT),"[1630168, 1642348]",22401031,1610612737,ATL,shooting,,,Okongwu,O. Okongwu,,,,,Restricted Area,0-8 Center,,,,,,,,,,,,,203593.0,,1.0,0.0,Edwards,1642348.0,,
58,PT06M27.00S,2025-03-23T22:18:51.3Z,1,REGULAR,timeout,full,"['team', 'mandatory']",0,,,1610612755,12,10,2025-03-23T22:18:51Z,580000,False,,,0,,ATL Timeout,[],22401031,1610612737,ATL,,,,,,,,,,,,,,,,,,,,,,,,,,,,,,,
60,PT06M27.00S,2025-03-23T22:20:14.1Z,1,REGULAR,substitution,out,[],1629027,,,1610612755,12,10,2025-03-23T22:21:37Z,600000,False,,,0,,SUB out: T. Young,[1629027],22401031,1610612737,ATL,,,,Young,T. Young,,,,,,,,,,,,,,,,,,,,,,,,,,
62,PT06M27.00S,2025-03-23T22:20:14.1Z,1,REGULAR,substitution,in,[],1627747,,,1610612755,12,10,2025-03-23T22:21:37Z,620000,False,,,0,,SUB in: C. LeVert,[1627747],22401031,1610612737,ATL,,,,LeVert,C. LeVert,,,,,,,,,,,,,,,,,,,,,,,,,,
59,PT06M27.00S,2025-03-23T22:20:14.1Z,1,REGULAR,substitution,out,[],1631243,,,1610612755,12,10,2025-03-23T22:21:37Z,590000,False,,,0,,SUB out: M. Gueye,[1631243],22401031,1610612737,ATL,,,,Gueye,M. Gueye,,,,,,,,,,,,,,,,,,,,,,,,,,
61,PT06M27.00S,2025-03-23T22:20:14.1Z,1,REGULAR,substitution,in,[],1627777,,,1610612755,12,10,2025-03-23T22:21:37Z,610000,False,,,0,,SUB in: G. Niang,[1627777],22401031,1610612737,ATL,,,,Niang,G. Niang,,,,,,,,,,,,,,,,,,,,,,,,,,
65,PT06M24.00S,2025-03-23T22:22:02.0Z,1,REGULAR,rebound,defensive,[],1627777,,,1610612737,12,11,2025-03-23T22:22:17Z,650000,False,,,0,,G. Niang REBOUND (Off:0 Def:1),[1627777],22401031,1610612737,ATL,,,,Niang,G. Niang,,,,,,,,,,,64.0,1.0,1.0,0.0,,,,,,,,,,,,
66,PT06M09.00S,2025-03-23T22:22:31.0Z,1,REGULAR,2pt,Layup,['pointsinthepaint'],1630168,93.38042049934296,48.529411764705884,1610612737,14,11,2025-03-23T22:22:38Z,660000,False,-7.0,10.0,1,right,O. Okongwu reverse Layup (2 PTS) (C. LeVert 1 AST),"[1630168, 1627747]",22401031,1610612737,ATL,reverse,,,Okongwu,O. Okongwu,,,,,Restricted Area,0-8 Center,1.22,Made,,,,,,,2.0,C. LeVert,1627747.0,1.0,,,,,,,,
70,PT05M45.00S,2025-03-23T22:22:55.4Z,1,REGULAR,3pt,Jump Shot,[],1627747,69.99014454664915,27.205882352941174,1610612737,14,14,2025-03-23T22:23:00Z,700000,False,-114.0,230.0,1,right,MISS C. LeVert 25' pullup 3PT,[1627747],22401031,1610612737,ATL,pullup,,,LeVert,C. LeVert,,,,,Above the Break 3,24+ Left Center,25.63,Missed,,,,,,,,,,,,,,,,,,
71,PT05M41.00S,2025-03-23T22:22:59.2Z,1,REGULAR,rebound,offensive,[],1642258,,,1610612737,14,14,2025-03-23T22:22:59Z,710000,False,,,0,,Z. Risacher REBOUND (Off:1 Def:0),[1642258],22401031,1610612737,ATL,,,,Risacher,Z. Risacher,,,,,Above the Break 3,24+ Left Center,,,,,70.0,1.0,0.0,1.0,,,,,,,,,,,,
72,PT05M38.00S,2025-03-23T22:23:01.9Z,1,REGULAR,turnover,bad pass,[],1630700,,,1610612737,14,14,2025-03-23T22:23:06Z,720000,False,,,0,,D. Daniels bad pass TURNOVER (2 TO),"[1630700, 1630288]",22401031,1610612737,ATL,,,,Daniels,D. Daniels,,,,,Mid-Range,16-24 Right Center,,,,,,,,,,,,,,2.0,,,,,Dowtin Jr.,1630288.0
75,PT05M31.00S,2025-03-23T22:23:09.0Z,1,REGULAR,rebound,defensive,[],1630700,,,1610612737,14,14,2025-03-23T22:23:56Z,750000,False,,,0,,D. Daniels REBOUND (Off:0 Def:2),[1630700],22401031,1610612737,ATL,,,,Daniels,D. Daniels,,,,,Restricted Area,0-8 Center,,,,,74.0,2.0,2.0,0.0,,,,,,,,,,,,
76,PT05M24.00S,2025-03-23T22:23:15.4Z,1,REGULAR,2pt,Layup,"['fastbreak', 'pointsinthepaint']",1630168,92.85479632063075,51.470588235294116,1610612737,16,14,2025-03-23T22:24:16Z,760000,False,7.0,15.0,1,right,O. Okongwu running Layup (4 PTS) (G. Niang 1 AST),"[1630168, 1627777]",22401031,1610612737,ATL,running,,,Okongwu,O. Okongwu,,,,,Restricted Area,0-8 Center,1.65,Made,,,,,,,4.0,G. Niang,1627777.0,1.0,,,,,,,,
79,PT05M02.00S,2025-03-23T22:23:38.0Z,1,REGULAR,steal,,[],1627777,,,1610612737,16,14,2025-03-23T22:26:51Z,790000,False,,,0,,G. Niang STEAL (1 STL),[1627777],22401031,1610612737,ATL,,,,Niang,G. Niang,,,,,Mid-Range,8-16 Right,,,,,,,,,,,,,,,,,,,,
80,PT04M57.00S,2025-03-23T22:23:42.2Z,1,REGULAR,3pt,Jump Shot,"['fastbreak', 'fromturnover']",1627777,70.90998685939553,23.284313725490197,1610612737,19,14,2025-03-23T22:26:10Z,800000,False,-134.0,221.0,1,right,G. Niang 25' 3PT running (3 PTS) (Z. Risacher 1 AST),"[1627777, 1642258]",22401031,1610612737,ATL,running,,,Niang,G. Niang,,,,,Above the Break 3,24+ Left Center,25.82,Made,,,,,,,3.0,Z. Risacher,1642258.0,1.0,,,,,,,,
88,PT04M10.00S,2025-03-23T22:24:29.6Z,1,REGULAR,3pt,Jump Shot,[],1627777,86.67871222076215,2.450980392156863,1610612737,22,16,2025-03-23T22:24:34Z,880000,False,-238.0,73.0,1,right,G. Niang 24' 3PT  (6 PTS) (C. LeVert 2 AST),"[1627777, 1627747]",22401031,1610612737,ATL,,,,Niang,G. Niang,,,,,Left Corner 3,24+ Left,24.86,Made,,,,,,,6.0,C. LeVert,1627747.0,2.0,,,,,,,,
91,PT03M56.00S,2025-03-23T22:24:43.1Z,1,REGULAR,rebound,defensive,[],1642258,,,1610612737,22,16,2025-03-23T22:24:46Z,910000,False,,,0,,Z. Risacher REBOUND (Off:1 Def:1),[1642258],22401031,1610612737,ATL,,,,Risacher,Z. Risacher,,,,,Mid-Range,16-24 Right Center,,,,,90.0,2.0,1.0,1.0,,,,,,,,,,,,
92,PT03M50.00S,2025-03-23T22:24:50.0Z,1,REGULAR,2pt,Hook,['pointsinthepaint'],1642258,92.19776609724047,38.23529411764706,1610612737,24,16,2025-03-23T22:24:57Z,920000,False,-59.0,21.0,1,right,Z. Risacher 6' turnaround Hook (4 PTS),[1642258],22401031,1610612737,ATL,turnaround,,,Risacher,Z. Risacher,,,,,In The Paint (Non-RA),0-8 Center,6.24,Made,,,,,,,4.0,,,,,,,,,,,
102,PT03M37.00S,2025-03-23T22:26:51.9Z,1,REGULAR,substitution,in,[],1629611,,,1610612755,24,16,2025-03-23T22:27:57Z,1020000,False,,,0,,SUB in: T. Mann,[1629611],22401031,1610612737,ATL,,,,Mann,T. Mann,,,,,,,,,,,,,,,,,,,,,,,,,,
101,PT03M37.00S,2025-03-23T22:26:51.9Z,1,REGULAR,substitution,in,[],1629027,,,1610612755,24,16,2025-03-23T22:27:57Z,1010000,False,,,0,,SUB in: T. Young,[1629027],22401031,1610612737,ATL,,,,Young,T. Young,,,,,,,,,,,,,,,,,,,,,,,,,,
100,PT03M37.00S,2025-03-23T22:26:51.9Z,1,REGULAR,substitution,in,[],1631230,,,1610612755,24,16,2025-03-23T22:27:57Z,1000000,False,,,0,,SUB in: D. Barlow,[1631230],22401031,1610612737,ATL,,,,Barlow,D. Barlow,,,,,,,,,,,,,,,,,,,,,,,,,,
96,PT03M37.00S,2025-03-23T22:26:51.9Z,1,REGULAR,substitution,out,[],1630168,,,1610612755,24,16,2025-03-23T22:27:57Z,960000,False,,,0,,SUB out: O. Okongwu,[1630168],22401031,1610612737,ATL,,,,Okongwu,O. Okongwu,,,,,,,,,,,,,,,,,,,,,,,,,,
95,PT03M37.00S,2025-03-23T22:26:51.9Z,1,REGULAR,substitution,out,[],1642258,,,1610612755,24,16,2025-03-23T22:27:57Z,950000,False,,,0,,SUB out: Z. Risacher,[1642258],22401031,1610612737,ATL,,,,Risacher,Z. Risacher,,,,,,,,,,,,,,,,,,,,,,,,,,
94,PT03M37.00S,2025-03-23T22:26:51.9Z,1,REGULAR,substitution,out,[],1630700,,,1610612755,24,16,2025-03-23T22:27:57Z,940000,False,,,0,,SUB out: D. Daniels,[1630700],22401031,1610612737,ATL,,,,Daniels,D. Daniels,,,,,,,,,,,,,,,,,,,,,,,,,,
109,PT03M06.00S,2025-03-23T22:28:58.5Z,1,REGULAR,freethrow,1 of 2,[],1629027,,,1610612737,25,18,2025-03-23T22:28:58Z,1090000,False,,,0,,T. Young Free Throw 1 of 2 (5 PTS),[1629027],22401031,1610612737,ATL,,,,Young,T. Young,,,,,,,,Made,,,,,,,5.0,,,,,,,,,,,
110,PT03M06.00S,2025-03-23T22:29:13.0Z,1,REGULAR,freethrow,2 of 2,[],1629027,,,1610612737,26,18,2025-03-23T22:29:13Z,1100000,False,,,0,,T. Young Free Throw 2 of 2 (6 PTS),[1629027],22401031,1610612737,ATL,,,,Young,T. Young,,,,,,,,Made,,,,,,,6.0,,,,,,,,,,,
113,PT02M39.00S,2025-03-23T22:29:40.7Z,1,REGULAR,3pt,Jump Shot,[],1627747,68.01905387647832,67.64705882352942,1610612737,26,20,2025-03-23T22:29:46Z,1130000,False,88.0,248.0,1,right,MISS C. LeVert 26' 3PT,[1627747],22401031,1610612737,ATL,,,,LeVert,C. LeVert,,,,,Above the Break 3,24+ Right Center,26.33,Missed,,,,,,,,,,,,,,,,,,
115,PT02M32.00S,2025-03-23T22:29:52.0Z,1,REGULAR,foul,personal,['2freethrow'],1629611,,,1610612755,26,20,2025-03-23T22:30:09Z,1150000,False,,,0,,T. Mann shooting personal FOUL (1 PF) (Grimes 2 FT),"[1629611, 1629656]",22401031,1610612737,ATL,shooting,,,Mann,T. Mann,,,,,In The Paint (Non-RA),0-8 Center,,,,,,,,,,,,,203593.0,,1.0,0.0,Grimes,1629656.0,,
121,PT02M18.00S,2025-03-23T22:30:55.3Z,1,REGULAR,3pt,Jump Shot,[],1629611,93.24901445466492,96.07843137254902,1610612737,29,22,2025-03-23T22:31:00Z,1210000,False,230.0,11.0,1,right,T. Mann 3PT  (3 PTS) (C. LeVert 3 AST),"[1629611, 1627747]",22401031,1610612737,ATL,,,,Mann,T. Mann,,,,,Right Corner 3,24+ Right,23.07,Made,,,,,,,3.0,C. LeVert,1627747.0,3.0,,,,,,,,
124,PT01M52.00S,2025-03-23T22:31:20.4Z,1,REGULAR,rebound,defensive,[],1631230,,,1610612737,29,22,2025-03-23T22:31:22Z,1240000,False,,,0,,D. Barlow REBOUND (Off:0 Def:1),[1631230],22401031,1610612737,ATL,,,,Barlow,D. Barlow,,,,,In The Paint (Non-RA),8-16 Center,,,,,123.0,1.0,1.0,0.0,,,,,,,,,,,,
126,PT01M39.00S,2025-03-23T22:32:01.1Z,1,REGULAR,freethrow,1 of 1,[],1629027,,,1610612737,30,22,2025-03-23T22:32:01Z,1260000,False,,,0,,T. Young technical Free Throw 1 of 1 (7 PTS),[1629027],22401031,1610612737,ATL,technical,,,Young,T. Young,,,,,,,,Made,,,,,,,7.0,,,,,,,,,,,
127,PT01M33.00S,2025-03-23T22:32:17.6Z,1,REGULAR,2pt,Layup,['pointsinthepaint'],1627747,92.46057818659659,50.73529411764706,1610612737,30,22,2025-03-23T22:32:25Z,1270000,False,4.0,18.0,1,right,MISS C. LeVert driving Layup,[1627747],22401031,1610612737,ATL,driving,,,LeVert,C. LeVert,,,,,Restricted Area,0-8 Center,1.88,Missed,,,,,,,,,,,,,,,,,,
130,PT01M01.00S,2025-03-23T22:32:48.9Z,1,REGULAR,2pt,Jump Shot,[],1629611,92.72339027595268,23.774509803921568,1610612737,32,24,2025-03-23T22:32:58Z,1300000,False,-131.0,16.0,1,right,T. Mann 13' turnaround Jump Shot (5 PTS),[1629611],22401031,1610612737,ATL,turnaround,,,Mann,T. Mann,,,,,Mid-Range,8-16 Left,13.21,Made,,,,,,,5.0,,,,,,,,,,,
132,PT00M53.60S,2025-03-23T22:32:58.6Z,1,REGULAR,steal,,[],1629611,,,1610612737,32,24,2025-03-23T22:33:00Z,1320000,False,,,0,,T. Mann STEAL (1 STL),[1629611],22401031,1610612737,ATL,,,,Mann,T. Mann,,,,,Mid-Range,8-16 Right,,,,,,,,,,,,,,,,,,,,
133,PT00M48.30S,2025-03-23T22:33:03.8Z,1,REGULAR,2pt,Layup,"['pointsinthepaint', 'fromturnover', 'fastbreak']",1629611,89.83245729303549,48.28431372549019,1610612737,32,24,2025-03-23T22:33:10Z,1330000,False,-9.0,43.0,1,right,MISS T. Mann running Layup,[1629611],22401031,1610612737,ATL,running,,,Mann,T. Mann,,,,,Restricted Area,0-8 Center,4.39,Missed,,,,,,,,,,,,,,,,,,
134,PT00M44.70S,2025-03-23T22:33:07.4Z,1,REGULAR,rebound,offensive,[],1627777,,,1610612737,32,24,2025-03-23T22:39:35Z,1340000,False,,,0,,G. Niang REBOUND (Off:1 Def:1),[1627777],22401031,1610612737,ATL,,,,Niang,G. Niang,,,,,Restricted Area,0-8 Center,,,,,133.0,2.0,1.0,1.0,,,,,,,,,,,,
136,PT00M34.30S,2025-03-23T22:33:17.8Z,1,REGULAR,3pt,Jump Shot,"['fromturnover', '2ndchance']",1629611,87.07293035479631,97.54901960784314,1610612737,32,24,2025-03-23T22:33:23Z,1360000,False,238.0,69.0,1,right,MISS T. Mann 24' 3PT,[1629611],22401031,1610612737,ATL,,,,Mann,T. Mann,,,,,Right Corner 3,24+ Right,24.75,Missed,,,,,,,,,,,,,,,,,,
139,PT00M24.70S,2025-03-23T22:33:27.4Z,1,REGULAR,rebound,defensive,[],1631230,,,1610612737,32,24,2025-03-23T22:33:32Z,1390000,False,,,0,,D. Barlow REBOUND (Off:0 Def:2),[1631230],22401031,1610612737,ATL,,,,Barlow,D. Barlow,,,,,Restricted Area,0-8 Center,,,,,138.0,2.0,2.0,0.0,,,,,,,,,,,,
142,PT00M03.90S,2025-03-23T22:34:18.4Z,1,REGULAR,freethrow,1 of 3,[],1627777,,,1610612737,33,24,2025-03-23T22:34:18Z,1420000,False,,,0,,G. Niang Free Throw 1 of 3 (7 PTS),[1627777],22401031,1610612737,ATL,,,,Niang,G. Niang,,,,,,,,Made,,,,,,,7.0,,,,,,,,,,,
143,PT00M03.90S,2025-03-23T22:34:28.0Z,1,REGULAR,freethrow,2 of 3,[],1627777,,,1610612737,34,24,2025-03-23T22:34:28Z,1430000,False,,,0,,G. Niang Free Throw 2 of 3 (8 PTS),[1627777],22401031,1610612737,ATL,,,,Niang,G. Niang,,,,,,,,Made,,,,,,,8.0,,,,,,,,,,,
144,PT00M03.90S,2025-03-23T22:34:44.2Z,1,REGULAR,freethrow,3 of 3,[],1627777,,,1610612737,35,24,2025-03-23T22:34:44Z,1440000,False,,,0,,G. Niang Free Throw 3 of 3 (9 PTS),[1627777],22401031,1610612737,ATL,,,,Niang,G. Niang,,,,,,,,Made,,,,,,,9.0,,,,,,,,,,,
150,PT12M00.00S,2025-03-23T22:36:14.7Z,2,REGULAR,substitution,in,['startperiod'],1630249,,,1610612755,35,24,2025-03-23T22:37:36Z,1500000,False,,,0,,SUB in: V. Krejčí,[1630249],22401031,1610612737,ATL,,,,Krejčí,V. Krejčí,,,,,,,,,,,,,,,,,,,,,,,,,,
148,PT12M00.00S,2025-03-23T22:36:14.7Z,2,REGULAR,substitution,out,['startperiod'],1627747,,,1610612755,35,24,2025-03-23T22:37:36Z,1480000,False,,,0,,SUB out: C. LeVert,[1627747],22401031,1610612737,ATL,,,,LeVert,C. LeVert,,,,,,,,,,,,,,,,,,,,,,,,,,
154,PT11M40.00S,2025-03-23T22:37:54.4Z,2,REGULAR,block,,[],1631230,,,1610612755,35,24,2025-03-23T22:37:57Z,1540000,False,,,0,,D. Barlow BLOCK (1 BLK),[1631230],22401031,1610612737,ATL,,,,Barlow,D. Barlow,,,,,Restricted Area,0-8 Center,,,,,,,,,,,,,,,,,,,,
158,PT11M33.00S,2025-03-23T22:38:28.9Z,2,REGULAR,rebound,defensive,[],1631230,,,1610612737,35,24,2025-03-23T22:38:32Z,1580000,False,,,0,,D. Barlow REBOUND (Off:0 Def:3),[1631230],22401031,1610612737,ATL,,,,Barlow,D. Barlow,,,,,Above the Break 3,24+ Right Center,,,,,157.0,3.0,3.0,0.0,,,,,,,,,,,,
159,PT11M21.00S,2025-03-23T22:38:41.7Z,2,REGULAR,2pt,Layup,['pointsinthepaint'],1629611,93.38042049934296,49.754901960784316,1610612737,37,24,2025-03-23T22:38:47Z,1590000,False,-1.0,10.0,1,right,T. Mann Layup (7 PTS) (D. Barlow 1 AST),"[1629611, 1631230]",22401031,1610612737,ATL,,,,Mann,T. Mann,,,,,Restricted Area,0-8 Center,0.98,Made,,,,,,,7.0,D. Barlow,1631230.0,1.0,,,,,,,,
161,PT11M01.00S,2025-03-23T22:39:01.0Z,2,REGULAR,rebound,defensive,[],1627777,,,1610612737,37,24,2025-03-23T22:39:01Z,1610000,False,,,0,,G. Niang REBOUND (Off:1 Def:2),[1627777],22401031,1610612737,ATL,,,,Niang,G. Niang,,,,,Above the Break 3,24+ Left Center,,,,,160.0,3.0,2.0,1.0,,,,,,,,,,,,
162,PT11M00.00S,2025-03-23T22:39:01.6Z,2,REGULAR,turnover,bad pass,[],1627777,,,1610612737,37,24,2025-03-23T22:39:05Z,1620000,False,,,0,,G. Niang bad pass TURNOVER (1 TO),"[1627777, 1641741]",22401031,1610612737,ATL,,,,Niang,G. Niang,,,,,Above the Break 3,24+ Center,,,,,,,,,,,,,,1.0,,,,,Council IV,1641741.0
167,PT10M57.00S,2025-03-23T22:39:20.3Z,2,REGULAR,foul,personal,[],1627777,,,1610612755,37,24,2025-03-23T22:39:26Z,1670000,False,,,0,,G. Niang loose ball personal FOUL (1 PF),"[1627777, 1641741]",22401031,1610612737,ATL,loose ball,,,Niang,G. Niang,,,,,Restricted Area,0-8 Center,,,,,,,,,,,,,202901.0,,1.0,0.0,Council IV,1641741.0,,
171,PT10M38.00S,2025-03-23T22:39:52.6Z,2,REGULAR,2pt,DUNK,['pointsinthepaint'],1631230,93.11760840998686,50.49019607843137,1610612737,39,26,2025-03-23T22:39:57Z,1710000,False,2.0,12.0,1,right,D. Barlow DUNK (2 PTS) (T. Young 3 AST),"[1631230, 1629027]",22401031,1610612737,ATL,,,,Barlow,D. Barlow,,,,,Restricted Area,0-8 Center,1.25,Made,,,,,,,2.0,T. Young,1629027.0,3.0,,,,,,,,
173,PT10M25.00S,2025-03-23T22:40:06.9Z,2,REGULAR,foul,personal,['2freethrow'],1629611,,,1610612755,39,26,2025-03-23T22:40:26Z,1730000,False,,,0,,T. Mann shooting personal FOUL (2 PF) (Edwards 2 FT),"[1629611, 1642348]",22401031,1610612737,ATL,shooting,,,Mann,T. Mann,,,,,In The Paint (Non-RA),8-16 Center,,,,,,,,,,,,,101284.0,,2.0,0.0,Edwards,1642348.0,,
178,PT10M16.00S,2025-03-23T22:40:57.3Z,2,REGULAR,turnover,bad pass,[],1627777,,,1610612737,39,27,2025-03-23T22:41:04Z,1780000,False,,,0,,G. Niang bad pass TURNOVER (2 TO),"[1627777, 1642024]",22401031,1610612737,ATL,,,,Niang,G. Niang,,,,,In The Paint (Non-RA),0-8 Center,,,,,,,,,,,,,,2.0,,,,,Reese,1642024.0
181,PT10M01.00S,2025-03-23T22:41:12.4Z,2,REGULAR,rebound,defensive,[],1630249,,,1610612737,39,27,2025-03-23T22:41:14Z,1810000,False,,,0,,V. Krejčí REBOUND (Off:0 Def:1),[1630249],22401031,1610612737,ATL,,,,Krejčí,V. Krejčí,,,,,Mid-Range,8-16 Left,,,,,180.0,1.0,1.0,0.0,,,,,,,,,,,,
182,PT09M53.00S,2025-03-23T22:41:19.8Z,2,REGULAR,3pt,Jump Shot,[],1627777,67.23061760840999,42.64705882352941,1610612737,39,27,2025-03-23T22:41:25Z,1820000,False,-37.0,256.0,1,right,MISS G. Niang 25' 3PT,[1627777],22401031,1610612737,ATL,,,,Niang,G. Niang,,,,,Above the Break 3,24+ Center,25.81,Missed,,,,,,,,,,,,,,,,,,
184,PT09M47.00S,2025-03-23T22:41:27.3Z,2,REGULAR,foul,personal,['2freethrow'],1630249,,,1610612755,39,27,2025-03-23T22:41:46Z,1840000,False,,,0,,V. Krejčí shooting personal FOUL (1 PF) (Brissett 2 FT),"[1630249, 1629052]",22401031,1610612737,ATL,shooting,,,Krejčí,V. Krejčí,,,,,Restricted Area,0-8 Center,,,,,,,,,,,,,202901.0,,1.0,0.0,Brissett,1629052.0,,
190,PT09M31.00S,2025-03-23T22:42:45.3Z,2,REGULAR,turnover,traveling,[],1629027,,,1610612737,39,29,2025-03-23T22:42:54Z,1900000,False,,,0,,T. Young traveling TURNOVER (2 TO),[1629027],22401031,1610612737,ATL,,,,Young,T. Young,,,,,Mid-Range,16-24 Center,,,,,,,,,,,,,202901.0,2.0,,,,,,
191,PT09M12.00S,2025-03-23T22:43:19.0Z,2,REGULAR,violation,kicked ball,[],1631230,,,1610612755,39,29,2025-03-23T22:43:25Z,1910000,False,,,0,,D. Barlow kicked ball VIOLATION,[1631230],22401031,1610612737,ATL,,,,Barlow,D. Barlow,,,,,,,,,,,,,,,,,,,202901.0,,,,,,,
193,PT09M00.00S,2025-03-23T22:43:44.6Z,2,REGULAR,rebound,defensive,[],1629611,,,1610612737,39,29,2025-03-23T22:43:46Z,1930000,False,,,0,,T. Mann REBOUND (Off:0 Def:1),[1629611],22401031,1610612737,ATL,,,,Mann,T. Mann,,,,,Restricted Area,0-8 Center,,,,,192.0,1.0,1.0,0.0,,,,,,,,,,,,
194,PT08M56.00S,2025-03-23T22:43:47.8Z,2,REGULAR,3pt,Jump Shot,['fastbreak'],1630249,92.72339027595268,3.431372549019608,1610612737,39,29,2025-03-23T22:43:56Z,1940000,False,-233.0,16.0,1,right,MISS V. Krejčí running 3PT,[1630249],22401031,1610612737,ATL,running,,,Krejčí,V. Krejčí,,,,,Left Corner 3,24+ Left,23.33,Missed,,,,,,,,,,,,,,,,,,
195,PT08M53.00S,2025-03-23T22:43:50.6Z,2,REGULAR,rebound,offensive,[],1631230,,,1610612737,39,29,2025-03-23T22:43:50Z,1950000,False,,,0,,D. Barlow REBOUND (Off:1 Def:3),[1631230],22401031,1610612737,ATL,,,,Barlow,D. Barlow,,,,,Left Corner 3,24+ Left,,,,,194.0,4.0,3.0,1.0,,,,,,,,,,,,
196,PT08M53.00S,2025-03-23T22:43:52.1Z,2,REGULAR,2pt,Layup,"['pointsinthepaint', '2ndchance']",1631230,92.72339027595268,48.77450980392157,1610612737,41,29,2025-03-23T22:44:03Z,1960000,False,-6.0,16.0,1,right,D. Barlow putback Layup (4 PTS),[1631230],22401031,1610612737,ATL,putback,,,Barlow,D. Barlow,,,,,Restricted Area,0-8 Center,1.7,Made,,,,,,,4.0,,,,,,,,,,,
199,PT08M53.00S,2025-03-23T22:44:23.9Z,2,REGULAR,freethrow,1 of 1,['2ndchance'],1631230,,,1610612737,42,29,2025-03-23T22:44:23Z,1990000,False,,,0,,D. Barlow Free Throw 1 of 1 (5 PTS),[1631230],22401031,1610612737,ATL,,,,Barlow,D. Barlow,,,,,,,,Made,,,,,,,5.0,,,,,,,,,,,
201,PT08M28.00S,2025-03-23T22:44:51.7Z,2,REGULAR,3pt,Jump Shot,[],1629027,61.58015768725361,71.56862745098039,1610612737,42,31,2025-03-23T22:45:19Z,2010000,False,108.0,309.0,1,right,MISS T. Young 32' pullup 3PT,[1629027],22401031,1610612737,ATL,pullup,,,Young,T. Young,,,,,Above the Break 3,24+ Right Center,32.69,Missed,,,,,,,,,,,,,,,,,,
202,PT08M26.00S,2025-03-23T22:44:53.7Z,2,REGULAR,rebound,offensive,[],1631230,,,1610612737,42,31,2025-03-23T22:45:19Z,2020000,False,,,0,,D. Barlow REBOUND (Off:2 Def:3),[1631230],22401031,1610612737,ATL,,,,Barlow,D. Barlow,,,,,Above the Break 3,24+ Right Center,,,,,201.0,5.0,3.0,2.0,,,,,,,,,,,,
203,PT08M21.00S,2025-03-23T22:44:57.1Z,2,REGULAR,3pt,Jump Shot,['2ndchance'],1630249,67.49342969776609,41.66666666666667,1610612737,45,31,2025-03-23T22:45:01Z,2030000,False,-42.0,253.0,1,right,V. Krejčí 25' 3PT  (3 PTS) (D. Barlow 2 AST),"[1630249, 1631230]",22401031,1610612737,ATL,,,,Krejčí,V. Krejčí,,,,,Above the Break 3,24+ Center,25.65,Made,,,,,,,3.0,D. Barlow,1631230.0,2.0,,,,,,,,
205,PT08M03.00S,2025-03-23T22:45:16.4Z,2,REGULAR,foul,personal,['2freethrow'],1630249,,,1610612755,45,31,2025-03-23T22:45:38Z,2050000,False,,,0,,V. Krejčí shooting personal FOUL (2 PF) (Brissett 2 FT),"[1630249, 1629052]",22401031,1610612737,ATL,shooting,,,Krejčí,V. Krejčí,,,,,In The Paint (Non-RA),0-8 Center,,,,,,,,,,,,,203593.0,,2.0,0.0,Brissett,1629052.0,,
212,PT08M03.00S,2025-03-23T22:45:45.0Z,2,REGULAR,substitution,in,[],1630700,,,1610612755,45,31,2025-03-23T22:45:52Z,2120000,False,,,0,,SUB in: D. Daniels,[1630700],22401031,1610612737,ATL,,,,Daniels,D. Daniels,,,,,,,,,,,,,,,,,,,,,,,,,,
209,PT08M03.00S,2025-03-23T22:45:45.0Z,2,REGULAR,substitution,out,[],1629027,,,1610612755,45,31,2025-03-23T22:45:52Z,2090000,False,,,0,,SUB out: T. Young,[1629027],22401031,1610612737,ATL,,,,Young,T. Young,,,,,,,,,,,,,,,,,,,,,,,,,,
216,PT07M40.00S,2025-03-23T22:46:32.6Z,2,REGULAR,3pt,Jump Shot,[],1627777,93.24901445466492,3.431372549019608,1610612737,48,32,2025-03-23T22:46:38Z,2160000,False,-233.0,11.0,1,right,G. Niang 3PT  (12 PTS) (V. Krejčí 1 AST),"[1627777, 1630249]",22401031,1610612737,ATL,,,,Niang,G. Niang,,,,,Left Corner 3,24+ Left,23.31,Made,,,,,,,12.0,V. Krejčí,1630249.0,1.0,,,,,,,,
220,PT07M10.00S,2025-03-23T22:47:06.9Z,2,REGULAR,timeout,full,"['team', 'mandatory']",0,,,1610612737,48,35,2025-03-23T22:47:06Z,2200000,False,,,0,,ATL Timeout,[],22401031,1610612737,ATL,,,,,,,,,,,,,,,,,,,,,,,,,,,,,,,
226,PT07M10.00S,2025-03-23T22:49:03.4Z,2,REGULAR,substitution,in,[],1642258,,,1610612737,48,35,2025-03-23T22:50:02Z,2250000,False,,,0,,SUB in: Z. Risacher,[1642258],22401031,1610612737,ATL,,,,Risacher,Z. Risacher,,,,,,,,,,,,,,,,,,,,,,,,,,
222,PT07M10.00S,2025-03-23T22:49:03.4Z,2,REGULAR,substitution,out,[],1629611,,,1610612737,48,35,2025-03-23T22:50:02Z,2210000,False,,,0,,SUB out: T. Mann,[1629611],22401031,1610612737,ATL,,,,Mann,T. Mann,,,,,,,,,,,,,,,,,,,,,,,,,,
223,PT07M10.00S,2025-03-23T22:49:03.4Z,2,REGULAR,substitution,out,[],1627777,,,1610612737,48,35,2025-03-23T22:50:02Z,2220000,False,,,0,,SUB out: G. Niang,[1627777],22401031,1610612737,ATL,,,,Niang,G. Niang,,,,,,,,,,,,,,,,,,,,,,,,,,
224,PT07M10.00S,2025-03-23T22:49:03.4Z,2,REGULAR,substitution,out,[],1631230,,,1610612737,48,35,2025-03-23T22:50:02Z,2230000,False,,,0,,SUB out: D. Barlow,[1631230],22401031,1610612737,ATL,,,,Barlow,D. Barlow,,,,,,,,,,,,,,,,,,,,,,,,,,
225,PT07M10.00S,2025-03-23T22:49:03.4Z,2,REGULAR,substitution,in,[],1627747,,,1610612737,48,35,2025-03-23T22:50:02Z,2240000,False,,,0,,SUB in: C. LeVert,[1627747],22401031,1610612737,ATL,,,,LeVert,C. LeVert,,,,,,,,,,,,,,,,,,,,,,,,,,
227,PT07M10.00S,2025-03-23T22:49:03.4Z,2,REGULAR,substitution,in,[],1630168,,,1610612737,48,35,2025-03-23T22:50:02Z,2260000,False,,,0,,SUB in: O. Okongwu,[1630168],22401031,1610612737,ATL,,,,Okongwu,O. Okongwu,,,,,,,,,,,,,,,,,,,,,,,,,,
230,PT06M47.00S,2025-03-23T22:50:33.1Z,2,REGULAR,turnover,offensive foul,[],1630168,,,1610612737,48,35,2025-03-23T22:50:33Z,2290000,False,,,0,,O. Okongwu offensive foul TURNOVER (1 TO),[1630168],22401031,1610612737,ATL,,,,Okongwu,O. Okongwu,,,,,In The Paint (Non-RA),8-16 Center,,,,,,,,,,,,,203593.0,1.0,,,,,,
228,PT06M47.00S,2025-03-23T22:50:33.1Z,2,REGULAR,foul,offensive,[],1630168,,,1610612737,48,35,2025-03-23T22:50:40Z,2270000,False,,,0,,O. Okongwu offensive FOUL (2 PF),"[1630168, 1630215]",22401031,1610612737,ATL,,,,Okongwu,O. Okongwu,,,,,In The Paint (Non-RA),8-16 Center,,,,,,,,,,,,,203593.0,,2.0,0.0,Butler,1630215.0,,
233,PT06M16.00S,2025-03-23T22:51:13.8Z,2,REGULAR,2pt,Layup,['pointsinthepaint'],1627747,92.72339027595268,48.77450980392157,1610612737,48,37,2025-03-23T22:51:22Z,2320000,False,-6.0,16.0,1,right,MISS C. LeVert driving Layup,[1627747],22401031,1610612737,ATL,driving,,,LeVert,C. LeVert,,,,,Restricted Area,0-8 Center,1.7,Missed,,,,,,,,,,,,,,,,,,
240,PT05M45.00S,2025-03-23T22:51:44.0Z,2,REGULAR,rebound,defensive,[],1630168,,,1610612737,48,37,2025-03-23T22:51:47Z,2390000,False,,,0,,O. Okongwu REBOUND (Off:0 Def:2),[1630168],22401031,1610612737,ATL,,,,Okongwu,O. Okongwu,,,,,In The Paint (Non-RA),8-16 Center,,,,,239.0,2.0,2.0,0.0,,,,,,,,,,,,
243,PT05M33.00S,2025-03-23T22:52:17.2Z,2,REGULAR,2pt,DUNK,['pointsinthepaint'],1630249,93.11760840998686,50.73529411764706,1610612737,50,37,2025-03-23T22:52:24Z,2420000,False,4.0,12.0,1,right,V. Krejčí driving DUNK (5 PTS) (C. LeVert 4 AST),"[1630249, 1627747]",22401031,1610612737,ATL,driving,,,Krejčí,V. Krejčí,,,,,Restricted Area,0-8 Center,1.27,Made,,,,,,,5.0,C. LeVert,1627747.0,4.0,,,,,,,,
246,PT05M11.00S,2025-03-23T22:52:39.3Z,2,REGULAR,rebound,defensive,[],1630168,,,1610612737,50,37,2025-03-23T22:55:24Z,2450000,False,,,0,,O. Okongwu REBOUND (Off:0 Def:3),[1630168],22401031,1610612737,ATL,,,,Okongwu,O. Okongwu,,,,,Restricted Area,0-8 Center,,,,,245.0,3.0,3.0,0.0,,,,,,,,,,,,
247,PT05M08.00S,2025-03-23T22:52:42.0Z,2,REGULAR,3pt,Jump Shot,['fastbreak'],1627747,72.35545335085413,18.38235294117647,1610612737,53,37,2025-03-23T22:52:49Z,2460000,False,-158.0,207.0,1,right,C. LeVert 26' 3PT running (3 PTS) (D. Daniels 1 AST),"[1627747, 1630700]",22401031,1610612737,ATL,running,,,LeVert,C. LeVert,,,,,Above the Break 3,24+ Left Center,26.08,Made,,,,,,,3.0,D. Daniels,1630700.0,1.0,,,,,,,,
254,PT04M49.00S,2025-03-23T22:56:07.0Z,2,REGULAR,foul,personal,"['inpenalty', '1freethrow']",1627747,,,1610612755,53,39,2025-03-23T22:56:21Z,2530000,False,,,0,,C. LeVert shooting personal FOUL (1 PF) (Edwards 1 FT),"[1627747, 1642348]",22401031,1610612737,ATL,shooting,,,LeVert,C. LeVert,,,,,Restricted Area,0-8 Center,,,,,,,,,,,,,101284.0,,1.0,0.0,Edwards,1642348.0,,
257,PT04M25.00S,2025-03-23T22:56:57.6Z,2,REGULAR,3pt,Jump Shot,[],1630700,73.9323258869908,12.990196078431374,1610612737,53,40,2025-03-23T22:57:04Z,2560000,False,-185.0,193.0,1,right,MISS D. Daniels 26' pullup 3PT,[1630700],22401031,1610612737,ATL,pullup,,,Daniels,D. Daniels,,,,,Above the Break 3,24+ Left Center,26.7,Missed,,,,,,,,,,,,,,,,,,
258,PT04M22.00S,2025-03-23T22:57:00.6Z,2,REGULAR,rebound,offensive,[],1627747,,,1610612737,53,40,2025-03-23T22:57:04Z,2570000,False,,,0,,C. LeVert REBOUND (Off:1 Def:0),[1627747],22401031,1610612737,ATL,,,,LeVert,C. LeVert,,,,,Above the Break 3,24+ Left Center,,,,,257.0,1.0,0.0,1.0,,,,,,,,,,,,
259,PT04M09.00S,2025-03-23T22:57:14.3Z,2,REGULAR,2pt,Jump Shot,"['pointsinthepaint', '2ndchance']",1627747,91.01511169513797,64.2156862745098,1610612737,55,40,2025-03-23T22:57:29Z,2580000,False,71.0,32.0,1,right,C. LeVert 7' fadeaway Jump Shot (5 PTS) (V. Krejčí 2 AST),"[1627747, 1630249]",22401031,1610612737,ATL,fadeaway,,,LeVert,C. LeVert,,,,,In The Paint (Non-RA),0-8 Center,7.8,Made,,,,,,,5.0,V. Krejčí,1630249.0,2.0,,,,,,,,
262,PT03M43.00S,2025-03-23T22:57:38.7Z,2,REGULAR,3pt,Jump Shot,[],1630168,67.09921156373193,43.627450980392155,1610612737,58,42,2025-03-23T22:57:43Z,2610000,False,-32.0,257.0,1,right,O. Okongwu 25' 3PT  (7 PTS) (C. LeVert 5 AST),"[1630168, 1627747]",22401031,1610612737,ATL,,,,Okongwu,O. Okongwu,,,,,Above the Break 3,24+ Center,25.88,Made,,,,,,,7.0,C. LeVert,1627747.0,5.0,,,,,,,,
264,PT03M30.00S,2025-03-23T22:57:54.4Z,2,REGULAR,foul,personal,"['inpenalty', '2freethrow']",1642258,,,1610612755,58,42,2025-03-23T22:58:23Z,2630000,False,,,0,,Z. Risacher shooting personal FOUL (2 PF) (Grimes 2 FT),"[1642258, 1629656]",22401031,1610612737,ATL,shooting,,,Risacher,Z. Risacher,,,,,Restricted Area,0-8 Center,,,,,,,,,,,,,203593.0,,2.0,0.0,Grimes,1629656.0,,
269,PT03M30.00S,2025-03-23T22:58:28.8Z,2,REGULAR,substitution,in,[],1629027,,,1610612755,58,43,2025-03-23T22:58:41Z,2680000,False,,,0,,SUB in: T. Young,[1629027],22401031,1610612737,ATL,,,,Young,T. Young,,,,,,,,,,,,,,,,,,,,,,,,,,
267,PT03M30.00S,2025-03-23T22:58:28.8Z,2,REGULAR,substitution,out,[],1630249,,,1610612755,58,43,2025-03-23T22:58:41Z,2660000,False,,,0,,SUB out: V. Krejčí,[1630249],22401031,1610612737,ATL,,,,Krejčí,V. Krejčí,,,,,,,,,,,,,,,,,,,,,,,,,,
272,PT03M14.00S,2025-03-23T22:59:04.1Z,2,REGULAR,2pt,Jump Shot,[],1627747,92.85479632063075,28.186274509803923,1610612737,60,44,2025-03-23T22:59:09Z,2710000,False,-109.0,15.0,1,right,C. LeVert 11' pullup Jump Shot (7 PTS),[1627747],22401031,1610612737,ATL,pullup,,,LeVert,C. LeVert,,,,,Mid-Range,8-16 Left,11.01,Made,,,,,,,7.0,,,,,,,,,,,
274,PT02M56.00S,2025-03-23T22:59:22.7Z,2,REGULAR,rebound,defensive,[],1630168,,,1610612737,60,44,2025-03-23T22:59:25Z,2730000,False,,,0,,O. Okongwu REBOUND (Off:0 Def:4),[1630168],22401031,1610612737,ATL,,,,Okongwu,O. Okongwu,,,,,Restricted Area,0-8 Center,,,,,273.0,4.0,4.0,0.0,,,,,,,,,,,,
275,PT02M53.00S,2025-03-23T22:59:25.1Z,2,REGULAR,2pt,DUNK,"['pointsinthepaint', 'fastbreak']",1642258,92.85479632063075,50.245098039215684,1610612737,62,44,2025-03-23T22:59:34Z,2740000,False,1.0,15.0,1,right,Z. Risacher running DUNK (6 PTS) (T. Young 4 AST),"[1642258, 1629027]",22401031,1610612737,ATL,running,,,Risacher,Z. Risacher,,,,,Restricted Area,0-8 Center,1.47,Made,,,,,,,6.0,T. Young,1629027.0,4.0,,,,,,,,
280,PT02M32.00S,2025-03-23T22:59:46.2Z,2,REGULAR,rebound,defensive,[],1629027,,,1610612737,62,44,2025-03-23T22:59:51Z,2790000,False,,,0,,T. Young REBOUND (Off:0 Def:1),[1629027],22401031,1610612737,ATL,,,,Young,T. Young,,,,,Restricted Area,0-8 Center,,,,,279.0,1.0,1.0,0.0,,,,,,,,,,,,
281,PT02M27.00S,2025-03-23T22:59:52.0Z,2,REGULAR,turnover,out-of-bounds,[],1629027,,,1610612737,62,44,2025-03-23T23:00:03Z,2800000,False,,,0,,T. Young bad pass out-of-bounds TURNOVER (3 TO),[1629027],22401031,1610612737,ATL,bad pass,,,Young,T. Young,,,,,Restricted Area,0-8 Center,,,,,,,,,,,,,203593.0,3.0,,,,,,
286,PT02M01.00S,2025-03-23T23:00:37.5Z,2,REGULAR,2pt,Layup,['pointsinthepaint'],1627747,92.72339027595268,50.98039215686274,1610612737,62,47,2025-03-23T23:00:56Z,2850000,False,5.0,16.0,1,right,MISS C. LeVert driving Layup - blocked,"[1627747, 1630288]",22401031,1610612737,ATL,driving,,,LeVert,C. LeVert,,,,,Restricted Area,0-8 Center,1.66,Missed,Dowtin Jr.,1630288.0,,,,,,,,,,,,,,,,
288,PT02M00.00S,2025-03-23T23:00:38.5Z,2,REGULAR,rebound,offensive,['team'],0,,,1610612737,62,47,2025-03-23T23:00:56Z,2870000,False,,,0,,TEAM offensive REBOUND,[],22401031,1610612737,ATL,,,,,,,,,,Restricted Area,0-8 Center,,,,,286.0,,,,,,,,,,,,,,,
292,PT01M55.00S,2025-03-23T23:01:07.9Z,2,REGULAR,turnover,traveling,[],1642258,,,1610612737,62,47,2025-03-23T23:01:15Z,2910000,False,,,0,,Z. Risacher traveling TURNOVER (2 TO),[1642258],22401031,1610612737,ATL,,,,Risacher,Z. Risacher,,,,,In The Paint (Non-RA),0-8 Center,,,,,,,,,,,,,202901.0,2.0,,,,,,
295,PT01M20.00S,2025-03-23T23:01:58.5Z,2,REGULAR,3pt,Jump Shot,[],1627747,93.51182654402102,3.1862745098039214,1610612737,62,50,2025-03-23T23:02:04Z,2940000,False,-234.0,8.0,1,right,MISS C. LeVert 3PT - blocked,"[1627747, 1630288]",22401031,1610612737,ATL,,,,LeVert,C. LeVert,,,,,Left Corner 3,24+ Left,23.43,Missed,Dowtin Jr.,1630288.0,,,,,,,,,,,,,,,,
299,PT01M08.00S,2025-03-23T23:02:10.0Z,2,REGULAR,rebound,defensive,[],1630168,,,1610612737,62,50,2025-03-23T23:02:16Z,2980000,False,,,0,,O. Okongwu REBOUND (Off:0 Def:5),[1630168],22401031,1610612737,ATL,,,,Okongwu,O. Okongwu,,,,,Restricted Area,0-8 Center,,,,,298.0,5.0,5.0,0.0,,,,,,,,,,,,
300,PT01M05.00S,2025-03-23T23:02:13.4Z,2,REGULAR,3pt,Jump Shot,['fastbreak'],1630700,88.51839684625493,95.34313725490196,1610612737,62,50,2025-03-23T23:02:21Z,2990000,False,227.0,55.0,1,right,MISS D. Daniels running 3PT,[1630700],22401031,1610612737,ATL,running,,,Daniels,D. Daniels,,,,,Right Corner 3,24+ Right,23.34,Missed,,,,,,,,,,,,,,,,,,
305,PT00M31.50S,2025-03-23T23:03:08.4Z,2,REGULAR,2pt,Jump Shot,[],1629027,73.9323258869908,63.970588235294116,1610612737,62,52,2025-03-23T23:03:14Z,3040000,False,70.0,193.0,1,right,MISS T. Young 20' step back Shot,[1629027],22401031,1610612737,ATL,step back,,,Young,T. Young,,,,,Mid-Range,16-24 Right Center,20.48,Missed,,,,,,,,,,,,,,,,,,
310,PT00M03.80S,2025-03-23T23:03:50.0Z,2,REGULAR,2pt,Layup,"['pointsinthepaint', 'fromturnover']",1630700,93.51182654402102,48.28431372549019,1610612737,64,52,2025-03-23T23:03:54Z,3090000,False,-9.0,8.0,1,right,D. Daniels driving Layup (6 PTS) (T. Young 5 AST),"[1630700, 1629027]",22401031,1610612737,ATL,driving,,,Daniels,D. Daniels,,,,,Restricted Area,0-8 Center,1.21,Made,,,,,,,6.0,T. Young,1629027.0,5.0,,,,,,,,
315,PT12M00.00S,2025-03-23T23:17:36.8Z,3,REGULAR,substitution,out,['startperiod'],1627747,,,1610612755,64,52,2025-03-23T23:19:26Z,3140000,False,,,0,,SUB out: C. LeVert,[1627747],22401031,1610612737,ATL,,,,LeVert,C. LeVert,,,,,,,,,,,,,,,,,,,,,,,,,,
318,PT12M00.00S,2025-03-23T23:17:36.8Z,3,REGULAR,substitution,in,['startperiod'],1631243,,,1610612755,64,52,2025-03-23T23:19:26Z,3170000,False,,,0,,SUB in: M. Gueye,[1631243],22401031,1610612737,ATL,,,,Gueye,M. Gueye,,,,,,,,,,,,,,,,,,,,,,,,,,
325,PT11M41.00S,2025-03-23T23:19:47.9Z,3,REGULAR,foul,personal,['2freethrow'],1630700,,,1610612755,64,52,2025-03-23T23:20:02Z,3240000,False,,,0,,D. Daniels shooting personal FOUL (1 PF) (Yabusele 2 FT),"[1630700, 1627824]",22401031,1610612737,ATL,shooting,,,Daniels,D. Daniels,,,,,Restricted Area,0-8 Center,,,,,,,,,,,,,203593.0,,1.0,0.0,Yabusele,1627824.0,,
329,PT11M38.00S,2025-03-23T23:20:13.1Z,3,REGULAR,rebound,defensive,[],1630700,,,1610612737,64,53,2025-03-23T23:20:30Z,3280000,False,,,0,,D. Daniels REBOUND (Off:0 Def:3),[1630700],22401031,1610612737,ATL,,,,Daniels,D. Daniels,,,,,,,,,,,328.0,3.0,3.0,0.0,,,,,,,,,,,,
330,PT11M29.00S,2025-03-23T23:20:39.0Z,3,REGULAR,2pt,DUNK,['pointsinthepaint'],1630168,4.812746386333772,51.225490196078425,1610612737,66,53,2025-03-23T23:20:44Z,3290000,False,-6.0,-7.0,1,left,O. Okongwu DUNK (9 PTS) (T. Young 6 AST),"[1630168, 1629027]",22401031,1610612737,ATL,,,,Okongwu,O. Okongwu,,,,,Restricted Area,0-8 Center,0.95,Made,,,,,,,9.0,T. Young,1629027.0,6.0,,,,,,,,
333,PT11M17.00S,2025-03-23T23:20:51.0Z,3,REGULAR,steal,,[],1630700,,,1610612737,66,53,2025-03-23T23:20:53Z,3320000,False,,,0,,D. Daniels STEAL (3 STL),[1630700],22401031,1610612737,ATL,,,,Daniels,D. Daniels,,,,,Mid-Range,8-16 Left,,,,,,,,,,,,,,,,,,,,
334,PT11M12.00S,2025-03-23T23:20:56.2Z,3,REGULAR,2pt,DUNK,"['pointsinthepaint', 'fromturnover', 'fastbreak']",1631243,5.338370565045992,51.470588235294116,1610612737,68,53,2025-03-23T23:21:04Z,3330000,False,-7.0,-2.0,1,left,M. Gueye running alley-oop DUNK (4 PTS) (T. Young 7 AST),"[1631243, 1629027]",22401031,1610612737,ATL,running alley-oop,,,Gueye,M. Gueye,,,,,Restricted Area,0-8 Center,0.77,Made,,,,,,,4.0,T. Young,1629027.0,7.0,,,,,,,,
337,PT10M59.00S,2025-03-23T23:21:08.3Z,3,REGULAR,steal,,[],1630700,,,1610612737,68,53,2025-03-23T23:21:11Z,3360000,False,,,0,,D. Daniels STEAL (4 STL),[1630700],22401031,1610612737,ATL,,,,Daniels,D. Daniels,,,,,Above the Break 3,24+ Center,,,,,,,,,,,,,,,,,,,,
338,PT10M55.00S,2025-03-23T23:21:12.4Z,3,REGULAR,2pt,DUNK,"['pointsinthepaint', 'fromturnover', 'fastbreak']",1630700,5.863994743758213,49.01960784313725,1610612737,68,53,2025-03-23T23:21:20Z,3370000,False,5.0,3.0,1,left,MISS D. Daniels running DUNK,[1630700],22401031,1610612737,ATL,running,,,Daniels,D. Daniels,,,,,Restricted Area,0-8 Center,0.55,Missed,,,,,,,,,,,,,,,,,,
341,PT10M32.00S,2025-03-23T23:21:37.8Z,3,REGULAR,turnover,bad pass,[],1629027,,,1610612737,68,55,2025-03-23T23:21:53Z,3400000,False,,,0,,T. Young bad pass TURNOVER (4 TO),[1629027],22401031,1610612737,ATL,,,,Young,T. Young,,,,,Mid-Range,16-24 Right Center,,,,,,,,,,,,,,4.0,,,,,,
342,PT10M32.00S,2025-03-23T23:21:42.8Z,3,REGULAR,foul,personal,[],1629027,,,1610612755,68,55,2025-03-23T23:21:47Z,3410000,False,,,0,,T. Young loose ball personal FOUL (1 PF),"[1629027, 1629643]",22401031,1610612737,ATL,loose ball,,,Young,T. Young,,,,,Mid-Range,16-24 Right Center,,,,,,,,,,,,,101284.0,,1.0,0.0,Okeke,1629643.0,,
347,PT10M06.00S,2025-03-23T23:22:20.6Z,3,REGULAR,rebound,defensive,[],1630168,,,1610612737,68,55,2025-03-23T23:22:20Z,3460000,False,,,0,,O. Okongwu REBOUND (Off:0 Def:6),[1630168],22401031,1610612737,ATL,,,,Okongwu,O. Okongwu,,,,,Mid-Range,8-16 Left,,,,,346.0,6.0,6.0,0.0,,,,,,,,,,,,
348,PT09M57.00S,2025-03-23T23:22:30.0Z,3,REGULAR,3pt,Jump Shot,[],1630700,28.597240473061763,22.058823529411764,1610612737,68,55,2025-03-23T23:22:35Z,3470000,False,140.0,216.0,1,left,MISS D. Daniels 25' 3PT,[1630700],22401031,1610612737,ATL,,,,Daniels,D. Daniels,,,,,Above the Break 3,24+ Right Center,25.75,Missed,,,,,,,,,,,,,,,,,,
352,PT09M24.00S,2025-03-23T23:23:03.3Z,3,REGULAR,turnover,bad pass,[],1630168,,,1610612737,68,58,2025-03-23T23:23:08Z,3510000,False,,,0,,O. Okongwu bad pass TURNOVER (2 TO),"[1630168, 1630288]",22401031,1610612737,ATL,,,,Okongwu,O. Okongwu,,,,,In The Paint (Non-RA),0-8 Center,,,,,,,,,,,,,,2.0,,,,,Dowtin Jr.,1630288.0
355,PT09M10.00S,2025-03-23T23:23:16.7Z,3,REGULAR,block,,[],1642258,,,1610612755,68,58,2025-03-23T23:23:19Z,3540000,False,,,0,,Z. Risacher BLOCK (1 BLK),[1642258],22401031,1610612737,ATL,,,,Risacher,Z. Risacher,,,,,Restricted Area,0-8 Center,,,,,,,,,,,,,,,,,,,,
358,PT08M54.00S,2025-03-23T23:23:32.7Z,3,REGULAR,3pt,Jump Shot,[],1642258,7.30946123521682,3.431372549019608,1610612737,71,60,2025-03-23T23:23:38Z,3570000,False,233.0,16.0,1,left,Z. Risacher 3PT  (9 PTS) (O. Okongwu 1 AST),"[1642258, 1630168]",22401031,1610612737,ATL,,,,Risacher,Z. Risacher,,,,,Right Corner 3,24+ Right,23.34,Made,,,,,,,9.0,O. Okongwu,1630168.0,1.0,,,,,,,,
361,PT08M42.00S,2025-03-23T23:23:45.2Z,3,REGULAR,steal,,[],1629027,,,1610612737,71,60,2025-03-23T23:23:47Z,3600000,False,,,0,,T. Young STEAL (1 STL),[1629027],22401031,1610612737,ATL,,,,Young,T. Young,,,,,Above the Break 3,24+ Center,,,,,,,,,,,,,,,,,,,,
362,PT08M38.00S,2025-03-23T23:23:49.4Z,3,REGULAR,2pt,DUNK,"['pointsinthepaint', 'fromturnover', 'fastbreak']",1642258,5.863994743758213,50.98039215686274,1610612737,73,60,2025-03-23T23:23:59Z,3610000,False,-5.0,3.0,1,left,Z. Risacher running alley-oop DUNK (11 PTS) (T. Young 8 AST),"[1642258, 1629027]",22401031,1610612737,ATL,running alley-oop,,,Risacher,Z. Risacher,,,,,Restricted Area,0-8 Center,0.55,Made,,,,,,,11.0,T. Young,1629027.0,8.0,,,,,,,,
368,PT08M22.00S,2025-03-23T23:27:37.7Z,3,REGULAR,timeout,full,"['team', 'mandatory']",0,,,1610612755,73,60,2025-03-23T23:27:37Z,3660000,False,,,0,,ATL Timeout,[],22401031,1610612737,ATL,,,,,,,,,,,,,,,,,,,,,,,,,,,,,,,
371,PT08M22.00S,2025-03-23T23:30:20.3Z,3,REGULAR,block,,[],1630168,,,1610612755,73,60,2025-03-23T23:30:23Z,3690000,False,,,0,,O. Okongwu BLOCK (1 BLK),[1630168],22401031,1610612737,ATL,,,,Okongwu,O. Okongwu,,,,,Restricted Area,0-8 Center,,,,,,,,,,,,,,,,,,,,
372,PT08M22.00S,2025-03-23T23:30:20.3Z,3,REGULAR,rebound,defensive,['team'],0,,,1610612737,73,60,2025-03-23T23:30:51Z,3700000,False,,,0,,TEAM defensive REBOUND,[],22401031,1610612737,ATL,,,,,,,,,,Restricted Area,0-8 Center,,,,,370.0,,,,,,,,,,,,,,,
373,PT08M05.00S,2025-03-23T23:31:07.4Z,3,REGULAR,2pt,Jump Shot,['pointsinthepaint'],1630700,12.697109067017081,46.32352941176471,1610612737,73,60,2025-03-23T23:31:22Z,3710000,False,18.0,67.0,1,left,MISS D. Daniels 6' floating Shot,[1630700],22401031,1610612737,ATL,floating,,,Daniels,D. Daniels,,,,,In The Paint (Non-RA),0-8 Center,6.94,Missed,,,,,,,,,,,,,,,,,,
374,PT08M04.00S,2025-03-23T23:31:08.4Z,3,REGULAR,rebound,offensive,[],1630168,,,1610612737,73,60,2025-03-23T23:31:22Z,3720000,False,,,0,,O. Okongwu REBOUND (Off:1 Def:6),[1630168],22401031,1610612737,ATL,,,,Okongwu,O. Okongwu,,,,,In The Paint (Non-RA),0-8 Center,,,,,373.0,7.0,6.0,1.0,,,,,,,,,,,,
375,PT08M04.00S,2025-03-23T23:31:11.7Z,3,REGULAR,2pt,Layup,"['2ndchance', 'pointsinthepaint']",1630168,5.590000152587891,50.0,1610612737,73,60,2025-03-23T23:31:26Z,3730000,False,0.0,0.0,1,left,MISS O. Okongwu tip Layup,[1630168],22401031,1610612737,ATL,tip,,,Okongwu,O. Okongwu,,,,,Restricted Area,0-8 Center,0.0,Missed,,,,,,,,,,,,,,,,,,
376,PT08M03.00S,2025-03-23T23:31:12.7Z,3,REGULAR,rebound,offensive,['team'],0,,,1610612737,73,60,2025-03-23T23:31:26Z,3740000,False,,,0,,TEAM offensive REBOUND,[],22401031,1610612737,ATL,,,,,,,,,,Restricted Area,0-8 Center,,,,,375.0,,,,,,,,,,,,,,,
377,PT08M01.00S,2025-03-23T23:31:30.4Z,3,REGULAR,3pt,Jump Shot,['2ndchance'],1642258,26.757555847568987,18.137254901960784,1610612737,76,60,2025-03-23T23:31:35Z,3750000,False,159.0,199.0,1,left,Z. Risacher 25' 3PT  (14 PTS) (T. Young 9 AST),"[1642258, 1629027]",22401031,1610612737,ATL,,,,Risacher,Z. Risacher,,,,,Above the Break 3,24+ Right Center,25.49,Made,,,,,,,14.0,T. Young,1629027.0,9.0,,,,,,,,
380,PT07M43.00S,2025-03-23T23:31:47.8Z,3,REGULAR,steal,,[],1630700,,,1610612737,76,60,2025-03-23T23:31:50Z,3780000,False,,,0,,D. Daniels STEAL (5 STL),[1630700],22401031,1610612737,ATL,,,,Daniels,D. Daniels,,,,,Mid-Range,16-24 Center,,,,,,,,,,,,,,,,,,,,
381,PT07M40.00S,2025-03-23T23:31:52.3Z,3,REGULAR,2pt,DUNK,"['fastbreak', 'pointsinthepaint', 'fromturnover']",1642258,5.995400788436268,50.0,1610612737,76,60,2025-03-23T23:32:20Z,3790000,False,0.0,4.0,1,left,MISS Z. Risacher running DUNK - blocked,"[1642258, 1642348]",22401031,1610612737,ATL,running,,,Risacher,Z. Risacher,,,,,Restricted Area,0-8 Center,0.39,Missed,Edwards,1642348.0,,,,,,,,,,,,,,,,
383,PT07M39.00S,2025-03-23T23:31:53.3Z,3,REGULAR,rebound,offensive,['team'],0,,,1610612737,76,60,2025-03-23T23:32:20Z,3810000,False,,,0,,TEAM offensive REBOUND,[],22401031,1610612737,ATL,,,,,,,,,,Restricted Area,0-8 Center,,,,,381.0,,,,,,,,,,,,,,,
386,PT07M27.00S,2025-03-23T23:32:31.2Z,3,REGULAR,2pt,Jump Shot,"['pointsinthepaint', 'fromturnover', '2ndchance']",1642258,6.258212877792378,54.166666666666664,1610612737,78,60,2025-03-23T23:32:40Z,3840000,False,-21.0,6.0,1,left,Z. Risacher floating Jump Shot (16 PTS) (M. Gueye 2 AST),"[1642258, 1631243]",22401031,1610612737,ATL,floating,,,Risacher,Z. Risacher,,,,,Restricted Area,0-8 Center,2.17,Made,,,,,,,16.0,M. Gueye,1631243.0,2.0,,,,,,,,
391,PT07M27.00S,2025-03-23T23:32:52.8Z,3,REGULAR,freethrow,1 of 1,['fromturnover'],1642258,,,1610612737,79,60,2025-03-23T23:32:52Z,3880000,False,,,0,,Z. Risacher Free Throw 1 of 1 (17 PTS),[1642258],22401031,1610612737,ATL,,,,Risacher,Z. Risacher,,,,,,,,Made,,,,,,,17.0,,,,,,,,,,,
394,PT07M14.00S,2025-03-23T23:33:17.7Z,3,REGULAR,foul,personal,[],1630168,,,1610612755,79,60,2025-03-23T23:33:29Z,3910000,False,,,0,,O. Okongwu loose ball personal FOUL (3 PF),"[1630168, 1629643]",22401031,1610612737,ATL,loose ball,,,Okongwu,O. Okongwu,,,,,Restricted Area,0-8 Center,,,,,,,,,,,,,203593.0,,3.0,0.0,Okeke,1629643.0,,
396,PT07M14.00S,2025-03-23T23:33:24.3Z,3,REGULAR,substitution,out,[],1629027,,,1610612755,79,60,2025-03-23T23:33:29Z,3930000,False,,,0,,SUB out: T. Young,[1629027],22401031,1610612737,ATL,,,,Young,T. Young,,,,,,,,,,,,,,,,,,,,,,,,,,
397,PT07M14.00S,2025-03-23T23:33:24.3Z,3,REGULAR,substitution,in,[],1627747,,,1610612755,79,60,2025-03-23T23:33:29Z,3940000,False,,,0,,SUB in: C. LeVert,[1627747],22401031,1610612737,ATL,,,,LeVert,C. LeVert,,,,,,,,,,,,,,,,,,,,,,,,,,
399,PT07M03.00S,2025-03-23T23:33:44.1Z,3,REGULAR,steal,,[],1630168,,,1610612737,79,60,2025-03-23T23:33:46Z,3960000,False,,,0,,O. Okongwu STEAL (2 STL),[1630168],22401031,1610612737,ATL,,,,Okongwu,O. Okongwu,,,,,In The Paint (Non-RA),8-16 Center,,,,,,,,,,,,,,,,,,,,
400,PT06M54.00S,2025-03-23T23:33:53.2Z,3,REGULAR,3pt,Jump Shot,['fromturnover'],1642258,7.5722733245729295,95.83333333333334,1610612737,79,60,2025-03-23T23:33:59Z,3970000,False,-229.0,19.0,1,left,MISS Z. Risacher 3PT,[1642258],22401031,1610612737,ATL,,,,Risacher,Z. Risacher,,,,,Left Corner 3,24+ Left,23.0,Missed,,,,,,,,,,,,,,,,,,
405,PT06M36.00S,2025-03-23T23:34:12.4Z,3,REGULAR,rebound,defensive,[],1630168,,,1610612737,79,60,2025-03-23T23:34:18Z,4020000,False,,,0,,O. Okongwu REBOUND (Off:1 Def:7),[1630168],22401031,1610612737,ATL,,,,Okongwu,O. Okongwu,,,,,Above the Break 3,24+ Center,,,,,404.0,8.0,7.0,1.0,,,,,,,,,,,,
406,PT06M19.00S,2025-03-23T23:34:28.1Z,3,REGULAR,2pt,Layup,['pointsinthepaint'],1642258,7.835085413929041,56.127450980392155,1610612737,81,60,2025-03-23T23:34:34Z,4030000,False,-31.0,21.0,1,left,Z. Risacher driving Layup (19 PTS),[1642258],22401031,1610612737,ATL,driving,,,Risacher,Z. Risacher,,,,,Restricted Area,0-8 Center,3.72,Made,,,,,,,19.0,,,,,,,,,,,
408,PT05M52.00S,2025-03-23T23:34:56.2Z,3,REGULAR,2pt,DUNK,['pointsinthepaint'],1631243,5.601182654402102,50.73529411764706,1610612737,83,62,2025-03-23T23:35:04Z,4050000,False,-4.0,0.0,1,left,M. Gueye cutting DUNK (6 PTS) (Z. Risacher 2 AST),"[1631243, 1642258]",22401031,1610612737,ATL,cutting,,,Gueye,M. Gueye,,,,,Restricted Area,0-8 Center,0.37,Made,,,,,,,6.0,Z. Risacher,1642258.0,2.0,,,,,,,,
417,PT05M26.00S,2025-03-23T23:35:27.7Z,3,REGULAR,substitution,out,[],1630168,,,1610612755,83,62,2025-03-23T23:35:45Z,4140000,False,,,0,,SUB out: O. Okongwu,[1630168],22401031,1610612737,ATL,,,,Okongwu,O. Okongwu,,,,,,,,,,,,,,,,,,,,,,,,,,
419,PT05M26.00S,2025-03-23T23:35:27.7Z,3,REGULAR,substitution,in,[],1631230,,,1610612755,83,62,2025-03-23T23:35:45Z,4160000,False,,,0,,SUB in: D. Barlow,[1631230],22401031,1610612737,ATL,,,,Barlow,D. Barlow,,,,,,,,,,,,,,,,,,,,,,,,,,
415,PT05M26.00S,2025-03-23T23:35:27.7Z,3,REGULAR,substitution,in,[],1627777,,,1610612755,83,62,2025-03-23T23:35:33Z,4120000,False,,,0,,SUB in: G. Niang,[1627777],22401031,1610612737,ATL,,,,Niang,G. Niang,,,,,,,,,,,,,,,,,,,,,,,,,,
413,PT05M26.00S,2025-03-23T23:35:27.7Z,3,REGULAR,substitution,out,[],1631243,,,1610612755,83,62,2025-03-23T23:35:33Z,4100000,False,,,0,,SUB out: M. Gueye,[1631243],22401031,1610612737,ATL,,,,Gueye,M. Gueye,,,,,,,,,,,,,,,,,,,,,,,,,,
423,PT05M07.00S,2025-03-23T23:36:14.2Z,3,REGULAR,3pt,Jump Shot,[],1642258,6.1268068331143235,3.431372549019608,1610612737,86,65,2025-03-23T23:36:19Z,4200000,False,233.0,5.0,1,left,Z. Risacher 3PT  (22 PTS) (D. Daniels 2 AST),"[1642258, 1630700]",22401031,1610612737,ATL,,,,Risacher,Z. Risacher,,,,,Right Corner 3,24+ Right,23.29,Made,,,,,,,22.0,D. Daniels,1630700.0,2.0,,,,,,,,
426,PT04M53.00S,2025-03-23T23:36:27.9Z,3,REGULAR,rebound,defensive,[],1627747,,,1610612737,86,65,2025-03-23T23:36:31Z,4230000,False,,,0,,C. LeVert REBOUND (Off:1 Def:1),[1627747],22401031,1610612737,ATL,,,,LeVert,C. LeVert,,,,,Above the Break 3,24+ Center,,,,,425.0,2.0,1.0,1.0,,,,,,,,,,,,
427,PT04M50.00S,2025-03-23T23:36:31.9Z,3,REGULAR,turnover,bad pass,[],1627747,,,1610612737,86,65,2025-03-23T23:36:39Z,4240000,False,,,0,,C. LeVert bad pass TURNOVER (1 TO),"[1627747, 1629656]",22401031,1610612737,ATL,,,,LeVert,C. LeVert,,,,,Above the Break 3,24+ Right Center,,,,,,,,,,,,,,1.0,,,,,Grimes,1629656.0
431,PT04M26.00S,2025-03-23T23:36:55.7Z,3,REGULAR,2pt,Layup,['pointsinthepaint'],1630700,8.754927726675426,42.40196078431372,1610612737,86,68,2025-03-23T23:37:02Z,4280000,False,38.0,30.0,1,left,MISS D. Daniels driving Layup,[1630700],22401031,1610612737,ATL,driving,,,Daniels,D. Daniels,,,,,In The Paint (Non-RA),0-8 Center,4.83,Missed,,,,,,,,,,,,,,,,,,
433,PT04M19.00S,2025-03-23T23:37:04.3Z,3,REGULAR,foul,personal,['2freethrow'],1631230,,,1610612755,86,68,2025-03-23T23:37:12Z,4300000,False,,,0,,D. Barlow shooting personal FOUL (1 PF) (Grimes 2 FT),"[1631230, 1629656]",22401031,1610612737,ATL,shooting,,,Barlow,D. Barlow,,,,,Restricted Area,0-8 Center,,,,,,,,,,,,,202901.0,,1.0,0.0,Grimes,1629656.0,,
436,PT04M19.00S,2025-03-23T23:37:32.5Z,3,REGULAR,substitution,out,[],1642258,,,1610612755,86,69,2025-03-23T23:37:40Z,4330000,False,,,0,,SUB out: Z. Risacher,[1642258],22401031,1610612737,ATL,,,,Risacher,Z. Risacher,,,,,,,,,,,,,,,,,,,,,,,,,,
438,PT04M19.00S,2025-03-23T23:37:32.5Z,3,REGULAR,substitution,in,[],1629611,,,1610612755,86,69,2025-03-23T23:37:40Z,4350000,False,,,0,,SUB in: T. Mann,[1629611],22401031,1610612737,ATL,,,,Mann,T. Mann,,,,,,,,,,,,,,,,,,,,,,,,,,
441,PT03M58.00S,2025-03-23T23:38:16.2Z,3,REGULAR,2pt,Jump Shot,['pointsinthepaint'],1629611,15.850854139290407,53.18627450980392,1610612737,88,70,2025-03-23T23:38:21Z,4380000,False,-16.0,96.0,1,left,T. Mann 9' Jump Shot (9 PTS) (D. Daniels 3 AST),"[1629611, 1630700]",22401031,1610612737,ATL,,,,Mann,T. Mann,,,,,In The Paint (Non-RA),8-16 Center,9.78,Made,,,,,,,9.0,D. Daniels,1630700.0,3.0,,,,,,,,
444,PT03M38.00S,2025-03-23T23:38:35.2Z,3,REGULAR,rebound,defensive,[],1629611,,,1610612737,88,70,2025-03-23T23:38:37Z,4410000,False,,,0,,T. Mann REBOUND (Off:0 Def:2),[1629611],22401031,1610612737,ATL,,,,Mann,T. Mann,,,,,Above the Break 3,24+ Left Center,,,,,443.0,2.0,2.0,0.0,,,,,,,,,,,,
445,PT03M31.00S,2025-03-23T23:38:42.1Z,3,REGULAR,3pt,Jump Shot,[],1629611,32.013797634691194,50.0,1610612737,88,70,2025-03-23T23:38:49Z,4420000,False,0.0,248.0,1,left,MISS T. Mann 24' pullup 3PT,[1629611],22401031,1610612737,ATL,pullup,,,Mann,T. Mann,,,,,Above the Break 3,24+ Center,24.84,Missed,,,,,,,,,,,,,,,,,,
446,PT03M29.00S,2025-03-23T23:38:44.8Z,3,REGULAR,rebound,offensive,[],1631230,,,1610612737,88,70,2025-03-23T23:38:44Z,4430000,False,,,0,,D. Barlow REBOUND (Off:3 Def:3),[1631230],22401031,1610612737,ATL,,,,Barlow,D. Barlow,,,,,Above the Break 3,24+ Center,,,,,445.0,6.0,3.0,3.0,,,,,,,,,,,,
449,PT03M28.00S,2025-03-23T23:39:13.6Z,3,REGULAR,freethrow,1 of 2,['2ndchance'],1631230,,,1610612737,89,70,2025-03-23T23:39:13Z,4460000,False,,,0,,D. Barlow Free Throw 1 of 2 (6 PTS),[1631230],22401031,1610612737,ATL,,,,Barlow,D. Barlow,,,,,,,,Made,,,,,,,6.0,,,,,,,,,,,
452,PT03M28.00S,2025-03-23T23:39:16.7Z,3,REGULAR,substitution,in,[],1629027,,,1610612737,89,70,2025-03-23T23:39:25Z,4490000,False,,,0,,SUB in: T. Young,[1629027],22401031,1610612737,ATL,,,,Young,T. Young,,,,,,,,,,,,,,,,,,,,,,,,,,
462,PT03M28.00S,2025-03-23T23:39:16.7Z,3,REGULAR,substitution,out,[],1630700,,,1610612737,89,70,2025-03-23T23:40:41Z,4505000,False,,,0,,SUB out: D. Daniels,[1630700],22401031,1610612737,ATL,,,,Daniels,D. Daniels,,,,,,,,,,,,,,,,,,,,,,,,,,
454,PT03M28.00S,2025-03-23T23:39:34.4Z,3,REGULAR,freethrow,2 of 2,['2ndchance'],1631230,,,1610612737,90,70,2025-03-23T23:39:34Z,4510000,False,,,0,,D. Barlow Free Throw 2 of 2 (7 PTS),[1631230],22401031,1610612737,ATL,,,,Barlow,D. Barlow,,,,,,,,Made,,,,,,,7.0,,,,,,,,,,,
456,PT03M08.00S,2025-03-23T23:39:54.7Z,3,REGULAR,rebound,defensive,['team'],0,,,1610612737,90,70,2025-03-23T23:39:58Z,4530000,False,,,0,,TEAM defensive REBOUND,[],22401031,1610612737,ATL,,,,,,,,,,Above the Break 3,24+ Right Center,,,,,455.0,,,,,,,,,,,,,,,
458,PT02M54.00S,2025-03-23T23:40:20.2Z,3,REGULAR,3pt,Jump Shot,[],1627747,21.50131406044678,87.5,1610612737,90,70,2025-03-23T23:40:34Z,4550000,False,-188.0,150.0,1,left,MISS C. LeVert 3PT,[1627747],22401031,1610612737,ATL,,,,LeVert,C. LeVert,,,,,Above the Break 3,24+ Left Center,23.99,Missed,,,,,,,,,,,,,,,,,,
465,PT02M32.00S,2025-03-23T23:41:12.6Z,3,REGULAR,freethrow,1 of 2,[],1629027,,,1610612737,90,72,2025-03-23T23:41:12Z,4610000,False,,,0,,MISS T. Young Free Throw 1 of 2,[1629027],22401031,1610612737,ATL,,,,Young,T. Young,,,,,,,,Missed,,,,,,,,,,,,,,,,,,
466,PT02M32.00S,2025-03-23T23:41:12.6Z,3,REGULAR,rebound,offensive,"['deadball', 'team']",0,,,1610612737,90,72,2025-03-23T23:41:12Z,4620000,False,,,0,,TEAM offensive REBOUND,[],22401031,1610612737,ATL,,,,,,,,,,,,,,,,465.0,,,,,,,,,,,,,,,
467,PT02M32.00S,2025-03-23T23:41:25.7Z,3,REGULAR,freethrow,2 of 2,[],1629027,,,1610612737,91,72,2025-03-23T23:41:25Z,4630000,False,,,0,,T. Young Free Throw 2 of 2 (8 PTS),[1629027],22401031,1610612737,ATL,,,,Young,T. Young,,,,,,,,Made,,,,,,,8.0,,,,,,,,,,,
468,PT02M20.00S,2025-03-23T23:41:40.7Z,3,REGULAR,foul,personal,"['inpenalty', '2freethrow']",1627777,,,1610612755,91,72,2025-03-23T23:42:00Z,4640000,False,,,0,,G. Niang personal FOUL (2 PF) (Grimes 2 FT),"[1627777, 1629656]",22401031,1610612737,ATL,,,,Niang,G. Niang,,,,,Above the Break 3,24+ Left Center,,,,,,,,,,,,,202901.0,,2.0,0.0,Grimes,1629656.0,,
472,PT02M11.00S,2025-03-23T23:42:28.1Z,3,REGULAR,3pt,Jump Shot,[],1629027,35.43035479632063,48.77450980392157,1610612737,94,74,2025-03-23T23:42:33Z,4680000,False,6.0,281.0,1,left,T. Young 28' 3PT pullup (11 PTS),[1629027],22401031,1610612737,ATL,pullup,,,Young,T. Young,,,,,Above the Break 3,24+ Center,28.06,Made,,,,,,,11.0,,,,,,,,,,,
474,PT01M52.00S,2025-03-23T23:42:46.3Z,3,REGULAR,steal,,[],1627747,,,1610612737,94,74,2025-03-23T23:42:48Z,4700000,False,,,0,,C. LeVert STEAL (1 STL),[1627747],22401031,1610612737,ATL,,,,LeVert,C. LeVert,,,,,Above the Break 3,24+ Center,,,,,,,,,,,,,,,,,,,,
475,PT01M47.00S,2025-03-23T23:42:52.0Z,3,REGULAR,3pt,Jump Shot,"['fromturnover', 'fastbreak']",1629027,24.917871222076215,14.460784313725492,1610612737,97,74,2025-03-23T23:43:01Z,4710000,False,178.0,182.0,1,left,T. Young 25' 3PT running pullup (14 PTS) (G. Niang 2 AST),"[1629027, 1627777]",22401031,1610612737,ATL,running pullup,,,Young,T. Young,,,,,Above the Break 3,24+ Right Center,25.41,Made,,,,,,,14.0,G. Niang,1627777.0,2.0,,,,,,,,
476,PT01M33.00S,2025-03-23T23:43:07.4Z,3,REGULAR,foul,personal,"['inpenalty', '2freethrow']",1631230,,,1610612755,97,74,2025-03-23T23:43:35Z,4720000,False,,,0,,D. Barlow shooting personal FOUL (2 PF) (Butler 2 FT),"[1631230, 1630215]",22401031,1610612737,ATL,shooting,,,Barlow,D. Barlow,,,,,In The Paint (Non-RA),8-16 Center,,,,,,,,,,,,,202901.0,,2.0,0.0,Butler,1630215.0,,
482,PT01M18.00S,2025-03-23T23:44:14.3Z,3,REGULAR,3pt,Jump Shot,[],1627777,28.33442838370565,76.22549019607843,1610612737,100,76,2025-03-23T23:44:19Z,4760000,False,-131.0,214.0,1,left,G. Niang 25' 3PT  (15 PTS) (T. Young 10 AST),"[1627777, 1629027]",22401031,1610612737,ATL,,,,Niang,G. Niang,,,,,Above the Break 3,24+ Left Center,25.08,Made,,,,,,,15.0,T. Young,1629027.0,10.0,,,,,,,,
484,PT01M14.00S,2025-03-23T23:44:28.7Z,3,REGULAR,foul,technical,"['inpenalty', '1freethrow']",1627777,,,1610612755,100,76,2025-03-23T23:44:52Z,4780000,False,,,0,,G. Niang technical FOUL (1 Tech),[1627777],22401031,1610612737,ATL,,,,Niang,G. Niang,,,,,,,,,,,,,,,,,,,101284.0,,2.0,1.0,,,,
487,PT01M06.00S,2025-03-23T23:45:21.9Z,3,REGULAR,foul,personal,"['inpenalty', '2freethrow']",1627777,,,1610612755,100,76,2025-03-23T23:45:43Z,4810000,False,,,0,,G. Niang shooting personal FOUL (3 PF) (Brissett 2 FT),"[1627777, 1629052]",22401031,1610612737,ATL,shooting,,,Niang,G. Niang,,,,,In The Paint (Non-RA),0-8 Center,,,,,,,,,,,,,203593.0,,3.0,1.0,Brissett,1629052.0,,
491,PT00M46.70S,2025-03-23T23:46:20.5Z,3,REGULAR,3pt,Jump Shot,[],1631230,8.623521681997373,3.9215686274509802,1610612737,103,78,2025-03-23T23:46:27Z,4850000,False,230.0,29.0,1,left,D. Barlow 3PT  (10 PTS) (C. LeVert 6 AST),"[1631230, 1627747]",22401031,1610612737,ATL,,,,Barlow,D. Barlow,,,,,Right Corner 3,24+ Right,23.22,Made,,,,,,,10.0,C. LeVert,1627747.0,6.0,,,,,,,,
493,PT00M36.50S,2025-03-23T23:46:33.8Z,3,REGULAR,foul,personal,"['inpenalty', '2freethrow']",1627777,,,1610612755,103,78,2025-03-23T23:47:04Z,4870000,False,,,0,,G. Niang shooting personal FOUL (4 PF) (Council IV 2 FT),"[1627777, 1641741]",22401031,1610612737,ATL,shooting,,,Niang,G. Niang,,,,,In The Paint (Non-RA),0-8 Center,,,,,,,,,,,,,101284.0,,4.0,1.0,Council IV,1641741.0,,
499,PT00M31.30S,2025-03-23T23:47:42.7Z,3,REGULAR,2pt,Jump Shot,['pointsinthepaint'],1629027,11.251642575558476,48.28431372549019,1610612737,105,80,2025-03-23T23:47:48Z,4930000,False,9.0,53.0,1,left,T. Young driving floating Jump Shot (16 PTS),[1629027],22401031,1610612737,ATL,driving floating,,,Young,T. Young,,,,,In The Paint (Non-RA),0-8 Center,5.4,Made,,,,,,,16.0,,,,,,,,,,,
501,PT00M01.30S,2025-03-23T23:48:21.5Z,3,REGULAR,2pt,Jump Shot,[],1629027,27.94021024967148,48.28431372549019,1610612737,105,82,2025-03-23T23:48:28Z,4950000,False,9.0,210.0,1,left,MISS T. Young 21' pullup Shot,[1629027],22401031,1610612737,ATL,pullup,,,Young,T. Young,,,,,Mid-Range,16-24 Center,21.03,Missed,,,,,,,,,,,,,,,,,,
502,PT00M00.80S,2025-03-23T23:48:22.0Z,3,REGULAR,rebound,offensive,[],1631230,,,1610612737,105,82,2025-03-23T23:48:48Z,4960000,False,,,0,,D. Barlow REBOUND (Off:4 Def:3),[1631230],22401031,1610612737,ATL,,,,Barlow,D. Barlow,,,,,Mid-Range,16-24 Center,,,,,501.0,7.0,3.0,4.0,,,,,,,,,,,,
506,PT12M00.00S,2025-03-23T23:51:18.8Z,4,REGULAR,substitution,out,['startperiod'],1627747,,,1610612737,105,82,2025-03-23T23:51:33Z,4990000,False,,,0,,SUB out: C. LeVert,[1627747],22401031,1610612737,ATL,,,,LeVert,C. LeVert,,,,,,,,,,,,,,,,,,,,,,,,,,
508,PT12M00.00S,2025-03-23T23:51:18.8Z,4,REGULAR,substitution,in,['startperiod'],1630249,,,1610612737,105,82,2025-03-23T23:51:33Z,5010000,False,,,0,,SUB in: V. Krejčí,[1630249],22401031,1610612737,ATL,,,,Krejčí,V. Krejčí,,,,,,,,,,,,,,,,,,,,,,,,,,
511,PT11M45.00S,2025-03-23T23:51:42.0Z,4,REGULAR,2pt,Layup,['pointsinthepaint'],1631230,5.206964520367937,48.529411764705884,1610612737,107,82,2025-03-23T23:51:53Z,5040000,False,7.0,-4.0,1,left,D. Barlow reverse Layup (12 PTS) (V. Krejčí 3 AST),"[1631230, 1630249]",22401031,1610612737,ATL,reverse,,,Barlow,D. Barlow,,,,,Restricted Area,0-8 Center,0.82,Made,,,,,,,12.0,V. Krejčí,1630249.0,3.0,,,,,,,,
515,PT11M45.00S,2025-03-23T23:52:07.2Z,4,REGULAR,freethrow,1 of 1,[],1631230,,,1610612737,108,82,2025-03-23T23:52:07Z,5080000,False,,,0,,D. Barlow Free Throw 1 of 1 (13 PTS),[1631230],22401031,1610612737,ATL,,,,Barlow,D. Barlow,,,,,,,,Made,,,,,,,13.0,,,,,,,,,,,
518,PT11M24.00S,2025-03-23T23:52:29.0Z,4,REGULAR,3pt,Jump Shot,[],1627777,27.151773981603156,77.69607843137256,1610612737,108,84,2025-03-23T23:52:36Z,5110000,False,-138.0,203.0,1,left,MISS G. Niang 24' 3PT,[1627777],22401031,1610612737,ATL,,,,Niang,G. Niang,,,,,Above the Break 3,24+ Left Center,24.55,Missed,,,,,,,,,,,,,,,,,,
521,PT11M13.00S,2025-03-23T23:52:39.9Z,4,REGULAR,rebound,defensive,[],1631230,,,1610612737,108,84,2025-03-23T23:52:42Z,5140000,False,,,0,,D. Barlow REBOUND (Off:4 Def:4),[1631230],22401031,1610612737,ATL,,,,Barlow,D. Barlow,,,,,In The Paint (Non-RA),0-8 Center,,,,,520.0,8.0,4.0,4.0,,,,,,,,,,,,
522,PT11M08.00S,2025-03-23T23:52:44.5Z,4,REGULAR,3pt,Jump Shot,[],1629027,32.670827858081466,34.31372549019608,1610612737,111,84,2025-03-23T23:52:54Z,5150000,False,78.0,255.0,1,left,T. Young 26' 3PT pullup (19 PTS),[1629027],22401031,1610612737,ATL,pullup,,,Young,T. Young,,,,,Above the Break 3,24+ Center,26.64,Made,,,,,,,19.0,,,,,,,,,,,
526,PT10M33.00S,2025-03-23T23:53:19.8Z,4,REGULAR,turnover,bad pass,[],1629027,,,1610612737,111,86,2025-03-23T23:53:24Z,5190000,False,,,0,,T. Young bad pass TURNOVER (5 TO),"[1629027, 1630215]",22401031,1610612737,ATL,,,,Young,T. Young,,,,,Restricted Area,0-8 Center,,,,,,,,,,,,,,5.0,,,,,Butler,1630215.0
530,PT10M29.00S,2025-03-23T23:53:32.0Z,4,REGULAR,foul,personal,['1freethrow'],1630249,,,1610612755,111,88,2025-03-23T23:53:41Z,5230000,False,,,0,,V. Krejčí shooting personal FOUL (3 PF) (Council IV 1 FT),"[1630249, 1641741]",22401031,1610612737,ATL,shooting,,,Krejčí,V. Krejčí,,,,,Restricted Area,0-8 Center,,,,,,,,,,,,,101284.0,,3.0,0.0,Council IV,1641741.0,,
533,PT10M14.00S,2025-03-23T23:54:03.3Z,4,REGULAR,2pt,Jump Shot,['pointsinthepaint'],1629611,16.507884362680684,55.88235294117647,1610612737,111,89,2025-03-23T23:54:08Z,5260000,False,-29.0,103.0,1,left,MISS T. Mann 10' pullup Shot,[1629611],22401031,1610612737,ATL,pullup,,,Mann,T. Mann,,,,,In The Paint (Non-RA),8-16 Center,10.68,Missed,,,,,,,,,,,,,,,,,,
534,PT10M12.00S,2025-03-23T23:54:05.3Z,4,REGULAR,rebound,offensive,[],1631230,,,1610612737,111,89,2025-03-23T23:54:08Z,5270000,False,,,0,,D. Barlow REBOUND (Off:5 Def:4),[1631230],22401031,1610612737,ATL,,,,Barlow,D. Barlow,,,,,In The Paint (Non-RA),8-16 Center,,,,,533.0,9.0,4.0,5.0,,,,,,,,,,,,
535,PT10M09.00S,2025-03-23T23:54:09.0Z,4,REGULAR,3pt,Jump Shot,['2ndchance'],1627777,22.946780551905388,86.76470588235294,1610612737,111,89,2025-03-23T23:54:14Z,5280000,False,-184.0,163.0,1,left,MISS G. Niang 24' 3PT,[1627777],22401031,1610612737,ATL,,,,Niang,G. Niang,,,,,Above the Break 3,24+ Left Center,24.58,Missed,,,,,,,,,,,,,,,,,,
538,PT09M57.00S,2025-03-23T23:54:20.7Z,4,REGULAR,rebound,defensive,[],1631230,,,1610612737,111,89,2025-03-23T23:54:24Z,5310000,False,,,0,,D. Barlow REBOUND (Off:5 Def:5),[1631230],22401031,1610612737,ATL,,,,Barlow,D. Barlow,,,,,Restricted Area,0-8 Center,,,,,537.0,10.0,5.0,5.0,,,,,,,,,,,,
539,PT09M54.00S,2025-03-23T23:54:23.5Z,4,REGULAR,2pt,Layup,"['pointsinthepaint', 'fastbreak']",1629611,6.521024967148489,48.03921568627451,1610612737,111,89,2025-03-23T23:54:31Z,5320000,False,10.0,9.0,1,left,MISS T. Mann running Layup,[1629611],22401031,1610612737,ATL,running,,,Mann,T. Mann,,,,,Restricted Area,0-8 Center,1.32,Missed,,,,,,,,,,,,,,,,,,
543,PT09M48.00S,2025-03-23T23:54:37.8Z,4,REGULAR,foul,personal,['1freethrow'],1630249,,,1610612755,111,91,2025-03-23T23:54:59Z,5360000,False,,,0,,V. Krejčí shooting personal FOUL (4 PF) (Council IV 1 FT),"[1630249, 1641741]",22401031,1610612737,ATL,shooting,,,Krejčí,V. Krejčí,,,,,Restricted Area,0-8 Center,,,,,,,,,,,,,203593.0,,4.0,0.0,Council IV,1641741.0,,
545,PT09M48.00S,2025-03-23T23:54:43.8Z,4,REGULAR,substitution,out,[],1631230,,,1610612755,111,91,2025-03-23T23:54:59Z,5380000,False,,,0,,SUB out: D. Barlow,[1631230],22401031,1610612737,ATL,,,,Barlow,D. Barlow,,,,,,,,,,,,,,,,,,,,,,,,,,
546,PT09M48.00S,2025-03-23T23:54:43.8Z,4,REGULAR,substitution,in,[],1630168,,,1610612755,111,91,2025-03-23T23:54:59Z,5390000,False,,,0,,SUB in: O. Okongwu,[1630168],22401031,1610612737,ATL,,,,Okongwu,O. Okongwu,,,,,,,,,,,,,,,,,,,,,,,,,,
550,PT09M39.00S,2025-03-23T23:55:37.0Z,4,REGULAR,foul,technical,['1freethrow'],1629027,,,1610612737,111,92,2025-03-23T23:55:59Z,5430000,False,,,0,,T. Young technical FOUL (1 Tech),[1629027],22401031,1610612737,ATL,,,,Young,T. Young,,,,,,,,,,,,,,,,,,,101284.0,,1.0,1.0,,,,
552,PT09M39.00S,2025-03-23T23:56:00.4Z,4,REGULAR,rebound,defensive,"['deadball', 'team']",0,,,1610612737,111,92,2025-03-23T23:56:00Z,5450000,False,,,0,,TEAM defensive REBOUND,[],22401031,1610612737,ATL,,,,,,,,,,,,,,,,551.0,,,,,,,,,,,,,,,
553,PT09M30.00S,2025-03-23T23:56:22.2Z,4,REGULAR,2pt,Hook,['pointsinthepaint'],1630168,9.411957950065702,41.17647058823529,1610612737,113,92,2025-03-23T23:56:29Z,5460000,False,44.0,36.0,1,left,O. Okongwu turnaround bank Hook (11 PTS) (T. Young 11 AST),"[1630168, 1629027]",22401031,1610612737,ATL,turnaround bank,,,Okongwu,O. Okongwu,,,,,In The Paint (Non-RA),0-8 Center,5.69,Made,,,,,,,11.0,T. Young,1629027.0,11.0,,,,,,,,
557,PT08M58.00S,2025-03-23T23:56:54.1Z,4,REGULAR,3pt,Jump Shot,[],1629027,42.2634691195795,49.754901960784316,1610612737,113,95,2025-03-23T23:57:02Z,5500000,False,1.0,345.0,1,left,MISS T. Young 34' pullup 3PT,[1629027],22401031,1610612737,ATL,pullup,,,Young,T. Young,,,,,Above the Break 3,24+ Center,34.48,Missed,,,,,,,,,,,,,,,,,,
561,PT08M52.00S,2025-03-23T23:57:04.8Z,4,REGULAR,foul,personal,[],1627777,,,1610612755,113,95,2025-03-23T23:57:12Z,5540000,False,,,0,,G. Niang loose ball personal FOUL (5 PF),"[1627777, 1629643]",22401031,1610612737,ATL,loose ball,,,Niang,G. Niang,,,,,Restricted Area,0-8 Center,,,,,,,,,,,,,203593.0,,5.0,1.0,Okeke,1629643.0,,
563,PT08M52.00S,2025-03-23T23:57:12.2Z,4,REGULAR,substitution,out,[],1629027,,,1610612755,113,95,2025-03-23T23:57:25Z,5560000,False,,,0,,SUB out: T. Young,[1629027],22401031,1610612737,ATL,,,,Young,T. Young,,,,,,,,,,,,,,,,,,,,,,,,,,
564,PT08M52.00S,2025-03-23T23:57:12.2Z,4,REGULAR,substitution,out,[],1627777,,,1610612755,113,95,2025-03-23T23:57:25Z,5570000,False,,,0,,SUB out: G. Niang,[1627777],22401031,1610612737,ATL,,,,Niang,G. Niang,,,,,,,,,,,,,,,,,,,,,,,,,,
565,PT08M52.00S,2025-03-23T23:57:12.2Z,4,REGULAR,substitution,in,[],1627747,,,1610612755,113,95,2025-03-23T23:57:25Z,5580000,False,,,0,,SUB in: C. LeVert,[1627747],22401031,1610612737,ATL,,,,LeVert,C. LeVert,,,,,,,,,,,,,,,,,,,,,,,,,,
566,PT08M52.00S,2025-03-23T23:57:12.2Z,4,REGULAR,substitution,in,[],1630700,,,1610612755,113,95,2025-03-23T23:57:25Z,5590000,False,,,0,,SUB in: D. Daniels,[1630700],22401031,1610612737,ATL,,,,Daniels,D. Daniels,,,,,,,,,,,,,,,,,,,,,,,,,,
568,PT08M39.00S,2025-03-23T23:57:46.9Z,4,REGULAR,rebound,defensive,[],1629611,,,1610612737,113,95,2025-03-23T23:57:49Z,5610000,False,,,0,,T. Mann REBOUND (Off:0 Def:3),[1629611],22401031,1610612737,ATL,,,,Mann,T. Mann,,,,,In The Paint (Non-RA),8-16 Center,,,,,567.0,3.0,3.0,0.0,,,,,,,,,,,,
572,PT08M30.00S,2025-03-23T23:58:22.8Z,4,REGULAR,freethrow,1 of 1,[],1627747,,,1610612737,113,95,2025-03-23T23:58:22Z,5650000,False,,,0,,MISS C. LeVert technical Free Throw 1 of 1,[1627747],22401031,1610612737,ATL,technical,,,LeVert,C. LeVert,,,,,,,,Missed,,,,,,,,,,,,,,,,,,
573,PT08M30.00S,2025-03-23T23:58:22.8Z,4,REGULAR,rebound,offensive,"['deadball', 'team']",0,,,1610612737,113,95,2025-03-23T23:58:22Z,5660000,False,,,0,,TEAM offensive REBOUND,[],22401031,1610612737,ATL,,,,,,,,,,,,,,,,572.0,,,,,,,,,,,,,,,
576,PT08M17.00S,2025-03-23T23:58:50.8Z,4,REGULAR,2pt,Layup,['pointsinthepaint'],1630168,5.601182654402102,52.450980392156865,1610612737,115,95,2025-03-23T23:58:56Z,5690000,False,-12.0,0.0,1,left,O. Okongwu driving Layup (13 PTS),[1630168],22401031,1610612737,ATL,driving,,,Okongwu,O. Okongwu,,,,,Restricted Area,0-8 Center,1.23,Made,,,,,,,13.0,,,,,,,,,,,
580,PT08M01.00S,2025-03-23T23:59:10.9Z,4,REGULAR,foul,personal,[],1630168,,,1610612755,115,95,2025-03-23T23:59:14Z,5730000,False,,,0,,O. Okongwu loose ball personal FOUL (4 PF),"[1630168, 1629643]",22401031,1610612737,ATL,loose ball,,,Okongwu,O. Okongwu,,,,,Restricted Area,0-8 Center,,,,,,,,,,,,,202901.0,,4.0,0.0,Okeke,1629643.0,,
583,PT07M48.00S,2025-03-23T23:59:52.7Z,4,REGULAR,rebound,defensive,[],1630700,,,1610612737,115,95,2025-03-23T23:59:55Z,5760000,False,,,0,,D. Daniels REBOUND (Off:0 Def:4),[1630700],22401031,1610612737,ATL,,,,Daniels,D. Daniels,,,,,Left Corner 3,24+ Left,,,,,582.0,4.0,4.0,0.0,,,,,,,,,,,,
584,PT07M44.00S,2025-03-23T23:59:57.6Z,4,REGULAR,2pt,Layup,"['pointsinthepaint', 'fastbreak']",1627747,6.652431011826544,48.03921568627451,1610612737,115,95,2025-03-24T00:00:03Z,5770000,False,10.0,10.0,1,left,MISS C. LeVert running Layup,[1627747],22401031,1610612737,ATL,running,,,LeVert,C. LeVert,,,,,Restricted Area,0-8 Center,1.4,Missed,,,,,,,,,,,,,,,,,,
587,PT07M26.00S,2025-03-24T00:00:14.2Z,4,REGULAR,turnover,bad pass,[],1630168,,,1610612737,115,97,2025-03-24T00:00:19Z,5800000,False,,,0,,O. Okongwu bad pass TURNOVER (3 TO),"[1630168, 1630215]",22401031,1610612737,ATL,,,,Okongwu,O. Okongwu,,,,,In The Paint (Non-RA),8-16 Center,,,,,,,,,,,,,,3.0,,,,,Butler,1630215.0
591,PT07M23.00S,2025-03-24T00:00:28.1Z,4,REGULAR,foul,personal,"['inpenalty', '1freethrow']",1630168,,,1610612755,115,99,2025-03-24T00:00:53Z,5840000,False,,,0,,O. Okongwu shooting personal FOUL (5 PF) (Reese 1 FT),"[1630168, 1642024]",22401031,1610612737,ATL,shooting,,,Okongwu,O. Okongwu,,,,,Restricted Area,0-8 Center,,,,,,,,,,,,,101284.0,,5.0,0.0,Reese,1642024.0,,
598,PT07M23.00S,2025-03-24T00:00:34.4Z,4,REGULAR,substitution,in,[],1631230,,,1610612755,115,99,2025-03-24T00:00:47Z,5910000,False,,,0,,SUB in: D. Barlow,[1631230],22401031,1610612737,ATL,,,,Barlow,D. Barlow,,,,,,,,,,,,,,,,,,,,,,,,,,
597,PT07M23.00S,2025-03-24T00:00:34.4Z,4,REGULAR,substitution,in,[],1642258,,,1610612755,115,99,2025-03-24T00:00:47Z,5900000,False,,,0,,SUB in: Z. Risacher,[1642258],22401031,1610612737,ATL,,,,Risacher,Z. Risacher,,,,,,,,,,,,,,,,,,,,,,,,,,
594,PT07M23.00S,2025-03-24T00:00:34.4Z,4,REGULAR,substitution,out,[],1630168,,,1610612755,115,99,2025-03-24T00:00:47Z,5870000,False,,,0,,SUB out: O. Okongwu,[1630168],22401031,1610612737,ATL,,,,Okongwu,O. Okongwu,,,,,,,,,,,,,,,,,,,,,,,,,,
593,PT07M23.00S,2025-03-24T00:00:34.4Z,4,REGULAR,substitution,out,[],1629611,,,1610612755,115,99,2025-03-24T00:00:47Z,5860000,False,,,0,,SUB out: T. Mann,[1629611],22401031,1610612737,ATL,,,,Mann,T. Mann,,,,,,,,,,,,,,,,,,,,,,,,,,
602,PT07M01.00S,2025-03-24T00:01:19.8Z,4,REGULAR,turnover,bad pass,[],1630700,,,1610612737,115,100,2025-03-24T00:01:25Z,5950000,False,,,0,,D. Daniels bad pass TURNOVER (3 TO),"[1630700, 1630288]",22401031,1610612737,ATL,,,,Daniels,D. Daniels,,,,,Mid-Range,16-24 Center,,,,,,,,,,,,,,3.0,,,,,Dowtin Jr.,1630288.0
605,PT06M50.00S,2025-03-24T00:01:31.1Z,4,REGULAR,rebound,defensive,[],1630249,,,1610612737,115,100,2025-03-24T00:01:34Z,5980000,False,,,0,,V. Krejčí REBOUND (Off:0 Def:2),[1630249],22401031,1610612737,ATL,,,,Krejčí,V. Krejčí,,,,,Above the Break 3,24+ Left Center,,,,,604.0,2.0,2.0,0.0,,,,,,,,,,,,
606,PT06M47.00S,2025-03-24T00:01:34.2Z,4,REGULAR,2pt,Layup,"['pointsinthepaint', 'fastbreak']",1642258,6.389618922470433,50.49019607843137,1610612737,115,100,2025-03-24T00:01:49Z,5990000,False,-2.0,8.0,1,left,MISS Z. Risacher running alley-oop Layup,[1642258],22401031,1610612737,ATL,running alley-oop,,,Risacher,Z. Risacher,,,,,Restricted Area,0-8 Center,0.8,Missed,,,,,,,,,,,,,,,,,,
609,PT06M39.00S,2025-03-24T00:01:42.7Z,4,REGULAR,rebound,defensive,[],1630700,,,1610612737,115,100,2025-03-24T00:01:58Z,6020000,False,,,0,,D. Daniels REBOUND (Off:0 Def:5),[1630700],22401031,1610612737,ATL,,,,Daniels,D. Daniels,,,,,Right Corner 3,24+ Right,,,,,608.0,5.0,5.0,0.0,,,,,,,,,,,,
610,PT06M39.00S,2025-03-24T00:01:46.4Z,4,REGULAR,timeout,full,"['team', 'mandatory']",0,,,1610612737,115,100,2025-03-24T00:01:46Z,6030000,False,,,0,,ATL Timeout,[],22401031,1610612737,ATL,,,,,,,,,,,,,,,,,,,,,,,,,,,,,,,
613,PT06M24.00S,2025-03-24T00:04:58.5Z,4,REGULAR,3pt,Jump Shot,[],1642258,25.57490144546649,82.1078431372549,1610612737,115,100,2025-03-24T00:05:04Z,6060000,False,-161.0,188.0,1,left,MISS Z. Risacher 24' 3PT,[1642258],22401031,1610612737,ATL,,,,Risacher,Z. Risacher,,,,,Above the Break 3,24+ Left Center,24.71,Missed,,,,,,,,,,,,,,,,,,
617,PT05M53.00S,2025-03-24T00:05:35.4Z,4,REGULAR,3pt,Jump Shot,[],1642258,22.421156373193167,87.25490196078431,1610612737,115,102,2025-03-24T00:05:40Z,6100000,False,-186.0,158.0,1,left,MISS Z. Risacher 24' 3PT,[1642258],22401031,1610612737,ATL,,,,Risacher,Z. Risacher,,,,,Above the Break 3,24+ Left Center,24.45,Missed,,,,,,,,,,,,,,,,,,
619,PT05M47.00S,2025-03-24T00:05:44.2Z,4,REGULAR,foul,personal,"['inpenalty', '2freethrow']",1642258,,,1610612755,115,102,2025-03-24T00:06:15Z,6120000,False,,,0,,Z. Risacher personal FOUL (3 PF) (Grimes 2 FT),"[1642258, 1629656]",22401031,1610612737,ATL,,,,Risacher,Z. Risacher,,,,,Mid-Range,16-24 Center,,,,,,,,,,,,,101284.0,,3.0,0.0,Grimes,1629656.0,,
623,PT05M47.00S,2025-03-24T00:06:24.9Z,4,REGULAR,substitution,out,[],1642258,,,1610612755,115,102,2025-03-24T00:06:33Z,6160000,False,,,0,,SUB out: Z. Risacher,[1642258],22401031,1610612737,ATL,,,,Risacher,Z. Risacher,,,,,,,,,,,,,,,,,,,,,,,,,,
624,PT05M47.00S,2025-03-24T00:06:24.9Z,4,REGULAR,substitution,out,[],1631230,,,1610612755,115,102,2025-03-24T00:06:33Z,6170000,False,,,0,,SUB out: D. Barlow,[1631230],22401031,1610612737,ATL,,,,Barlow,D. Barlow,,,,,,,,,,,,,,,,,,,,,,,,,,
625,PT05M47.00S,2025-03-24T00:06:24.9Z,4,REGULAR,substitution,out,[],1630249,,,1610612755,115,102,2025-03-24T00:06:33Z,6180000,False,,,0,,SUB out: V. Krejčí,[1630249],22401031,1610612737,ATL,,,,Krejčí,V. Krejčí,,,,,,,,,,,,,,,,,,,,,,,,,,
626,PT05M47.00S,2025-03-24T00:06:24.9Z,4,REGULAR,substitution,in,[],1630168,,,1610612755,115,102,2025-03-24T00:06:33Z,6190000,False,,,0,,SUB in: O. Okongwu,[1630168],22401031,1610612737,ATL,,,,Okongwu,O. Okongwu,,,,,,,,,,,,,,,,,,,,,,,,,,
627,PT05M47.00S,2025-03-24T00:06:24.9Z,4,REGULAR,substitution,in,[],1627777,,,1610612755,115,102,2025-03-24T00:06:33Z,6200000,False,,,0,,SUB in: G. Niang,[1627777],22401031,1610612737,ATL,,,,Niang,G. Niang,,,,,,,,,,,,,,,,,,,,,,,,,,
628,PT05M47.00S,2025-03-24T00:06:24.9Z,4,REGULAR,substitution,in,[],1629027,,,1610612755,115,102,2025-03-24T00:06:33Z,6210000,False,,,0,,SUB in: T. Young,[1629027],22401031,1610612737,ATL,,,,Young,T. Young,,,,,,,,,,,,,,,,,,,,,,,,,,
630,PT05M34.00S,2025-03-24T00:06:59.4Z,4,REGULAR,3pt,Jump Shot,[],1627777,28.465834428383708,74.01960784313727,1610612737,118,103,2025-03-24T00:07:04Z,6230000,False,-120.0,215.0,1,left,G. Niang 24' 3PT  (18 PTS) (T. Young 12 AST),"[1627777, 1629027]",22401031,1610612737,ATL,,,,Niang,G. Niang,,,,,Above the Break 3,24+ Left Center,24.64,Made,,,,,,,18.0,T. Young,1629027.0,12.0,,,,,,,,
635,PT04M55.00S,2025-03-24T00:08:07.2Z,4,REGULAR,freethrow,1 of 2,[],1630168,,,1610612737,118,105,2025-03-24T00:08:07Z,6280000,False,,,0,,MISS O. Okongwu Free Throw 1 of 2,[1630168],22401031,1610612737,ATL,,,,Okongwu,O. Okongwu,,,,,,,,Missed,,,,,,,,,,,,,,,,,,
636,PT04M55.00S,2025-03-24T00:08:07.2Z,4,REGULAR,rebound,offensive,"['deadball', 'team']",0,,,1610612737,118,105,2025-03-24T00:08:07Z,6290000,False,,,0,,TEAM offensive REBOUND,[],22401031,1610612737,ATL,,,,,,,,,,,,,,,,635.0,,,,,,,,,,,,,,,
637,PT04M55.00S,2025-03-24T00:08:22.6Z,4,REGULAR,freethrow,2 of 2,[],1630168,,,1610612737,119,105,2025-03-24T00:08:22Z,6300000,False,,,0,,O. Okongwu Free Throw 2 of 2 (14 PTS),[1630168],22401031,1610612737,ATL,,,,Okongwu,O. Okongwu,,,,,,,,Made,,,,,,,14.0,,,,,,,,,,,
639,PT04M38.00S,2025-03-24T00:08:42.5Z,4,REGULAR,block,,[],1627747,,,1610612755,119,105,2025-03-24T00:08:45Z,6320000,False,,,0,,C. LeVert BLOCK (1 BLK),[1627747],22401031,1610612737,ATL,,,,LeVert,C. LeVert,,,,,Restricted Area,0-8 Center,,,,,,,,,,,,,,,,,,,,
647,PT04M15.00S,2025-03-24T00:09:30.0Z,4,REGULAR,freethrow,1 of 2,[],1629027,,,1610612737,120,108,2025-03-24T00:09:30Z,6400000,False,,,0,,T. Young Free Throw 1 of 2 (20 PTS),[1629027],22401031,1610612737,ATL,,,,Young,T. Young,,,,,,,,Made,,,,,,,20.0,,,,,,,,,,,
649,PT04M15.00S,2025-03-24T00:12:39.9Z,4,REGULAR,freethrow,2 of 2,[],1629027,,,1610612737,121,108,2025-03-24T00:12:39Z,6420000,False,,,0,,T. Young Free Throw 2 of 2 (21 PTS),[1629027],22401031,1610612737,ATL,,,,Young,T. Young,,,,,,,,Made,,,,,,,21.0,,,,,,,,,,,
653,PT03M27.00S,2025-03-24T00:13:45.6Z,4,REGULAR,2pt,Layup,['pointsinthepaint'],1630700,8.229303547963205,46.81372549019608,1610612737,123,110,2025-03-24T00:13:57Z,6460000,False,16.0,25.0,1,left,D. Daniels driving finger roll Layup (8 PTS),[1630700],22401031,1610612737,ATL,driving finger roll,,,Daniels,D. Daniels,,,,,Restricted Area,0-8 Center,2.95,Made,,,,,,,8.0,,,,,,,,,,,
658,PT03M13.00S,2025-03-24T00:14:41.5Z,4,REGULAR,freethrow,1 of 2,['fromturnover'],1629027,,,1610612737,124,110,2025-03-24T00:14:41Z,6510000,False,,,0,,T. Young Free Throw 1 of 2 (22 PTS),[1629027],22401031,1610612737,ATL,,,,Young,T. Young,,,,,,,,Made,,,,,,,22.0,,,,,,,,,,,
659,PT03M13.00S,2025-03-24T00:14:58.3Z,4,REGULAR,freethrow,2 of 2,['fromturnover'],1629027,,,1610612737,125,110,2025-03-24T00:14:58Z,6520000,False,,,0,,T. Young Free Throw 2 of 2 (23 PTS),[1629027],22401031,1610612737,ATL,,,,Young,T. Young,,,,,,,,Made,,,,,,,23.0,,,,,,,,,,,
661,PT02M58.00S,2025-03-24T00:15:17.9Z,4,REGULAR,rebound,defensive,[],1630168,,,1610612737,125,110,2025-03-24T00:15:47Z,6540000,False,,,0,,O. Okongwu REBOUND (Off:1 Def:8),[1630168],22401031,1610612737,ATL,,,,Okongwu,O. Okongwu,,,,,Above the Break 3,24+ Left Center,,,,,660.0,9.0,8.0,1.0,,,,,,,,,,,,
662,PT02M44.00S,2025-03-24T00:15:30.8Z,4,REGULAR,2pt,Jump Shot,['pointsinthepaint'],1627777,11.645860709592641,48.529411764705884,1610612737,127,110,2025-03-24T00:15:36Z,6550000,False,7.0,57.0,1,left,G. Niang driving floating Jump Shot (20 PTS) (C. LeVert 7 AST),"[1627777, 1627747]",22401031,1610612737,ATL,driving floating,,,Niang,G. Niang,,,,,In The Paint (Non-RA),0-8 Center,5.75,Made,,,,,,,20.0,C. LeVert,1627747.0,7.0,,,,,,,,
665,PT02M27.00S,2025-03-24T00:15:48.3Z,4,REGULAR,rebound,defensive,[],1627747,,,1610612737,127,110,2025-03-24T00:16:40Z,6580000,False,,,0,,C. LeVert REBOUND (Off:1 Def:2),[1627747],22401031,1610612737,ATL,,,,LeVert,C. LeVert,,,,,Restricted Area,0-8 Center,,,,,664.0,3.0,2.0,1.0,,,,,,,,,,,,
666,PT02M16.00S,2025-03-24T00:15:59.7Z,4,REGULAR,2pt,Jump Shot,['pointsinthepaint'],1629027,12.434296977660972,51.470588235294116,1610612737,127,110,2025-03-24T00:16:05Z,6590000,False,-7.0,64.0,1,left,MISS T. Young 6' driving floating Shot,[1629027],22401031,1610612737,ATL,driving floating,,,Young,T. Young,,,,,In The Paint (Non-RA),0-8 Center,6.48,Missed,,,,,,,,,,,,,,,,,,
668,PT02M04.00S,2025-03-24T00:16:12.5Z,4,REGULAR,foul,personal,"['inpenalty', '2freethrow']",1627777,,,1610612755,127,110,2025-03-24T00:16:42Z,6610000,False,,,0,,G. Niang shooting personal FOUL (6 PF) (Yabusele 2 FT),"[1627777, 1627824]",22401031,1610612737,ATL,shooting,,,Niang,G. Niang,,,,,Restricted Area,0-8 Center,,,,,,,,,,,,,101284.0,,6.0,1.0,Yabusele,1627824.0,,
675,PT02M04.00S,2025-03-24T00:16:50.4Z,4,REGULAR,substitution,in,[],1642258,,,1610612755,127,110,2025-03-24T00:17:01Z,6680000,False,,,0,,SUB in: Z. Risacher,[1642258],22401031,1610612737,ATL,,,,Risacher,Z. Risacher,,,,,,,,,,,,,,,,,,,,,,,,,,
672,PT02M04.00S,2025-03-24T00:16:50.4Z,4,REGULAR,substitution,out,[],1627777,,,1610612755,127,110,2025-03-24T00:17:01Z,6650000,False,,,0,,SUB out: G. Niang,[1627777],22401031,1610612737,ATL,,,,Niang,G. Niang,,,,,,,,,,,,,,,,,,,,,,,,,,
680,PT01M45.00S,2025-03-24T00:17:47.9Z,4,REGULAR,2pt,Jump Shot,['pointsinthepaint'],1629027,18.2161629434954,43.627450980392155,1610612737,129,111,2025-03-24T00:17:56Z,6730000,False,32.0,119.0,1,left,T. Young 12' driving floating Jump Shot (25 PTS) (O. Okongwu 2 AST),"[1629027, 1630168]",22401031,1610612737,ATL,driving floating,,,Young,T. Young,,,,,In The Paint (Non-RA),8-16 Center,12.29,Made,,,,,,,25.0,O. Okongwu,1630168.0,2.0,,,,,,,,
685,PT01M45.00S,2025-03-24T00:18:20.2Z,4,REGULAR,freethrow,1 of 1,[],1629027,,,1610612737,130,111,2025-03-24T00:18:20Z,6780000,False,,,0,,T. Young Free Throw 1 of 1 (26 PTS),[1629027],22401031,1610612737,ATL,,,,Young,T. Young,,,,,,,,Made,,,,,,,26.0,,,,,,,,,,,
688,PT01M22.00S,2025-03-24T00:18:50.4Z,4,REGULAR,2pt,Jump Shot,['pointsinthepaint'],1629027,13.091327201051248,50.245098039215684,1610612737,132,114,2025-03-24T00:18:55Z,6810000,False,-1.0,71.0,1,left,T. Young 7' driving floating Jump Shot (28 PTS),[1629027],22401031,1610612737,ATL,driving floating,,,Young,T. Young,,,,,In The Paint (Non-RA),0-8 Center,7.06,Made,,,,,,,28.0,,,,,,,,,,,
690,PT01M14.00S,2025-03-24T00:19:04.4Z,4,REGULAR,foul,personal,"['inpenalty', '1freethrow']",1627747,,,1610612755,132,116,2025-03-24T00:19:29Z,6830000,False,,,0,,C. LeVert shooting personal FOUL (2 PF) (Dowtin Jr. 1 FT),"[1627747, 1630288]",22401031,1610612737,ATL,shooting,,,LeVert,C. LeVert,,,,,Restricted Area,0-8 Center,,,,,,,,,,,,,203593.0,,2.0,0.0,Dowtin Jr.,1630288.0,,
693,PT01M14.00S,2025-03-24T00:19:12.8Z,4,REGULAR,substitution,out,[],1627747,,,1610612755,132,116,2025-03-24T00:19:27Z,6850000,False,,,0,,SUB out: C. LeVert,[1627747],22401031,1610612737,ATL,,,,LeVert,C. LeVert,,,,,,,,,,,,,,,,,,,,,,,,,,
694,PT01M14.00S,2025-03-24T00:19:12.8Z,4,REGULAR,substitution,out,[],1629027,,,1610612755,132,116,2025-03-24T00:19:27Z,6860000,False,,,0,,SUB out: T. Young,[1629027],22401031,1610612737,ATL,,,,Young,T. Young,,,,,,,,,,,,,,,,,,,,,,,,,,
695,PT01M14.00S,2025-03-24T00:19:12.8Z,4,REGULAR,substitution,out,[],1630168,,,1610612755,132,116,2025-03-24T00:19:27Z,6870000,False,,,0,,SUB out: O. Okongwu,[1630168],22401031,1610612737,ATL,,,,Okongwu,O. Okongwu,,,,,,,,,,,,,,,,,,,,,,,,,,
696,PT01M14.00S,2025-03-24T00:19:12.8Z,4,REGULAR,substitution,in,[],1631230,,,1610612755,132,116,2025-03-24T00:19:27Z,6880000,False,,,0,,SUB in: D. Barlow,[1631230],22401031,1610612737,ATL,,,,Barlow,D. Barlow,,,,,,,,,,,,,,,,,,,,,,,,,,
697,PT01M14.00S,2025-03-24T00:19:12.8Z,4,REGULAR,substitution,in,[],1631243,,,1610612755,132,116,2025-03-24T00:19:27Z,6890000,False,,,0,,SUB in: M. Gueye,[1631243],22401031,1610612737,ATL,,,,Gueye,M. Gueye,,,,,,,,,,,,,,,,,,,,,,,,,,
698,PT01M14.00S,2025-03-24T00:19:12.8Z,4,REGULAR,substitution,in,[],1630249,,,1610612755,132,116,2025-03-24T00:19:27Z,6900000,False,,,0,,SUB in: V. Krejčí,[1630249],22401031,1610612737,ATL,,,,Krejčí,V. Krejčí,,,,,,,,,,,,,,,,,,,,,,,,,,
700,PT00M56.30S,2025-03-24T00:19:48.8Z,4,REGULAR,2pt,Jump Shot,['pointsinthepaint'],1630700,9.280551905387648,60.78431372549019,1610612737,132,117,2025-03-24T00:19:54Z,6920000,False,-54.0,35.0,1,left,MISS D. Daniels 6' driving floating bank Shot,[1630700],22401031,1610612737,ATL,driving floating bank,,,Daniels,D. Daniels,,,,,In The Paint (Non-RA),0-8 Center,6.41,Missed,,,,,,,,,,,,,,,,,,
703,PT00M46.10S,2025-03-24T00:19:59.4Z,4,REGULAR,rebound,defensive,['team'],0,,,1610612737,132,117,2025-03-24T00:20:03Z,6950000,False,,,0,,TEAM defensive REBOUND,[],22401031,1610612737,ATL,,,,,,,,,,Above the Break 3,24+ Left Center,,,,,702.0,,,,,,,,,,,,,,,
705,PT00M22.10S,2025-03-24T00:20:35.2Z,4,REGULAR,turnover,shot clock,['team'],0,,,1610612737,132,117,2025-03-24T00:20:42Z,6970000,False,,,0,,ATL shot clock Team TURNOVER,[],22401031,1610612737,ATL,,,,,,,,,,In The Paint (Non-RA),8-16 Center,,,,,,,,,,,,,101284.0,,,,,,,
8,PT11M44.00S,2025-03-26T00:11:31.0Z,1,REGULAR,rebound,defensive,[],1631243,,,1610612737,0,0,2025-03-26T00:11:45Z,80000,False,,,0,,M. Gueye REBOUND (Off:0 Def:1),[1631243],22401049,1610612737,ATL,,,,Gueye,M. Gueye,,,,,Above the Break 3,24+ Left Center,,,,,7.0,1.0,1.0,0.0,,,,,,,,,,,,
11,PT11M20.00S,2025-03-26T00:12:10.8Z,1,REGULAR,3pt,Jump Shot,[],1631243,30.17411300919842,31.127450980392158,1610612737,0,0,2025-03-26T00:12:18Z,110000,False,94.0,231.0,1,left,MISS M. Gueye 24' bank 3PT,[1631243],22401049,1610612737,ATL,bank,,,Gueye,M. Gueye,,,,,Above the Break 3,24+ Right Center,24.96,Missed,,,,,,,,,,,,,,,,,,
12,PT11M17.00S,2025-03-26T00:12:13.4Z,1,REGULAR,rebound,offensive,[],1630168,,,1610612737,0,0,2025-03-26T00:12:13Z,120000,False,,,0,,O. Okongwu REBOUND (Off:1 Def:0),[1630168],22401049,1610612737,ATL,,,,Okongwu,O. Okongwu,,,,,Above the Break 3,24+ Right Center,,,,,11.0,1.0,0.0,1.0,,,,,,,,,,,,
13,PT11M14.00S,2025-03-26T00:12:18.2Z,1,REGULAR,2pt,Hook,"['pointsinthepaint', '2ndchance']",1630168,12.302890932982917,52.20588235294118,1610612737,0,2,2025-03-26T00:12:31Z,130000,False,-11.0,63.0,1,left,O. Okongwu 6' Hook (2 PTS),[1630168],22401049,1610612737,ATL,,,,Okongwu,O. Okongwu,,,,,In The Paint (Non-RA),0-8 Center,6.41,Made,,,,,,,2.0,,,,,,,,,,,
16,PT10M51.00S,2025-03-26T00:12:38.7Z,1,REGULAR,3pt,Jump Shot,[],1631243,5.863994743758213,96.56862745098039,1610612737,3,2,2025-03-26T00:12:44Z,160000,False,-233.0,3.0,1,left,MISS M. Gueye 3PT,[1631243],22401049,1610612737,ATL,,,,Gueye,M. Gueye,,,,,Left Corner 3,24+ Left,23.28,Missed,,,,,,,,,,,,,,,,,,
17,PT10M50.00S,2025-03-26T00:12:39.7Z,1,REGULAR,rebound,offensive,[],1629027,,,1610612737,3,2,2025-03-26T00:12:44Z,170000,False,,,0,,T. Young REBOUND (Off:1 Def:0),[1629027],22401049,1610612737,ATL,,,,Young,T. Young,,,,,Left Corner 3,24+ Left,,,,,16.0,1.0,0.0,1.0,,,,,,,,,,,,
18,PT10M46.00S,2025-03-26T00:12:44.4Z,1,REGULAR,3pt,Jump Shot,['2ndchance'],1630700,33.590670170827856,38.72549019607843,1610612737,3,2,2025-03-26T00:12:49Z,180000,False,56.0,263.0,1,left,MISS D. Daniels 26' 3PT,[1630700],22401049,1610612737,ATL,,,,Daniels,D. Daniels,,,,,Above the Break 3,24+ Center,26.93,Missed,,,,,,,,,,,,,,,,,,
21,PT10M21.00S,2025-03-26T00:13:08.7Z,1,REGULAR,2pt,Layup,['pointsinthepaint'],1629027,6.389618922470433,46.81372549019608,1610612737,5,2,2025-03-26T00:13:16Z,210000,False,16.0,8.0,1,left,MISS T. Young driving finger roll Layup,[1629027],22401049,1610612737,ATL,driving finger roll,,,Young,T. Young,,,,,Restricted Area,0-8 Center,1.76,Missed,,,,,,,,,,,,,,,,,,
24,PT10M16.00S,2025-03-26T00:13:14.3Z,1,REGULAR,rebound,defensive,[],1630700,,,1610612737,5,2,2025-03-26T00:13:21Z,240000,False,,,0,,D. Daniels REBOUND (Off:0 Def:1),[1630700],22401049,1610612737,ATL,,,,Daniels,D. Daniels,,,,,In The Paint (Non-RA),8-16 Right,,,,,23.0,1.0,1.0,0.0,,,,,,,,,,,,
25,PT10M08.00S,2025-03-26T00:13:22.7Z,1,REGULAR,3pt,Jump Shot,[],1642258,26.888961892247043,8.088235294117647,1610612737,5,2,2025-03-26T00:13:30Z,250000,False,210.0,200.0,1,left,MISS Z. Risacher 28' 3PT,[1642258],22401049,1610612737,ATL,,,,Risacher,Z. Risacher,,,,,Above the Break 3,24+ Right Center,28.99,Missed,,,,,,,,,,,,,,,,,,
28,PT09M31.00S,2025-03-26T00:13:58.9Z,1,REGULAR,3pt,Jump Shot,[],1629027,28.728646517739815,89.95098039215686,1610612737,7,2,2025-03-26T00:14:05Z,280000,False,-200.0,218.0,1,left,MISS T. Young 29' step back 3PT,[1629027],22401049,1610612737,ATL,step back,,,Young,T. Young,,,,,Above the Break 3,24+ Left Center,29.53,Missed,,,,,,,,,,,,,,,,,,
31,PT09M25.00S,2025-03-26T00:14:04.9Z,1,REGULAR,steal,,[],1630700,,,1610612737,7,2,2025-03-26T00:14:06Z,310000,False,,,0,,D. Daniels STEAL (1 STL),[1630700],22401049,1610612737,ATL,,,,Daniels,D. Daniels,,,,,Above the Break 3,24+ Right Center,,,,,,,,,,,,,,,,,,,,
32,PT09M19.00S,2025-03-26T00:14:11.1Z,1,REGULAR,2pt,Layup,"['pointsinthepaint', 'fromturnover', 'fastbreak']",1629027,7.835085413929041,48.529411764705884,1610612737,7,2,2025-03-26T00:14:20Z,320000,False,7.0,21.0,1,left,MISS T. Young running finger roll Layup,[1629027],22401049,1610612737,ATL,running finger roll,,,Young,T. Young,,,,,Restricted Area,0-8 Center,2.24,Missed,,,,,,,,,,,,,,,,,,
35,PT09M13.00S,2025-03-26T00:14:17.0Z,1,REGULAR,rebound,defensive,[],1631243,,,1610612737,7,2,2025-03-26T00:14:24Z,350000,False,,,0,,M. Gueye REBOUND (Off:0 Def:2),[1631243],22401049,1610612737,ATL,,,,Gueye,M. Gueye,,,,,Above the Break 3,24+ Left Center,,,,,34.0,2.0,2.0,0.0,,,,,,,,,,,,
36,PT08M59.00S,2025-03-26T00:14:30.6Z,1,REGULAR,turnover,bad pass,[],1629027,,,1610612737,7,2,2025-03-26T00:14:33Z,360000,False,,,0,,T. Young bad pass TURNOVER (1 TO),"[1629027, 1628415]",22401049,1610612737,ATL,,,,Young,T. Young,,,,,Mid-Range,8-16 Left,,,,,,,,,,,,,,1.0,,,,,Brooks,1628415.0
38,PT08M56.00S,2025-03-26T00:14:36.3Z,1,REGULAR,foul,personal,['2freethrow'],1630700,,,1610612745,7,2,2025-03-26T00:14:42Z,380000,False,,,0,,D. Daniels shooting personal FOUL (1 PF) (Eason 2 FT),"[1630700, 1631106]",22401049,1610612737,ATL,shooting,,,Daniels,D. Daniels,,,,,Restricted Area,0-8 Center,,,,,,,,,,,,,201639.0,,1.0,0.0,Eason,1631106.0,,
42,PT08M41.00S,2025-03-26T00:15:34.3Z,1,REGULAR,2pt,Layup,['pointsinthepaint'],1642258,6.652431011826544,56.86274509803921,1610612737,9,4,2025-03-26T00:15:38Z,420000,False,-34.0,10.0,1,left,Z. Risacher cutting Layup (2 PTS) (M. Gueye 1 AST),"[1642258, 1631243]",22401049,1610612737,ATL,cutting,,,Risacher,Z. Risacher,,,,,Restricted Area,0-8 Center,3.57,Made,,,,,,,2.0,M. Gueye,1631243.0,1.0,,,,,,,,
45,PT08M27.00S,2025-03-26T00:15:48.2Z,1,REGULAR,rebound,defensive,[],1630700,,,1610612737,9,4,2025-03-26T00:15:53Z,450000,False,,,0,,D. Daniels REBOUND (Off:0 Def:2),[1630700],22401049,1610612737,ATL,,,,Daniels,D. Daniels,,,,,Mid-Range,16-24 Left Center,,,,,44.0,2.0,2.0,0.0,,,,,,,,,,,,
46,PT08M18.00S,2025-03-26T00:15:57.2Z,1,REGULAR,turnover,lost ball,[],1631243,,,1610612737,9,4,2025-03-26T00:16:00Z,460000,False,,,0,,M. Gueye lost ball TURNOVER (1 TO),"[1631243, 1628415]",22401049,1610612737,ATL,,,,Gueye,M. Gueye,,,,,In The Paint (Non-RA),0-8 Center,,,,,,,,,,,,,,1.0,,,,,Brooks,1628415.0
49,PT08M15.00S,2025-03-26T00:16:00.8Z,1,REGULAR,steal,,[],1629027,,,1610612737,9,4,2025-03-26T00:16:02Z,490000,False,,,0,,T. Young STEAL (1 STL),[1629027],22401049,1610612737,ATL,,,,Young,T. Young,,,,,In The Paint (Non-RA),8-16 Right,,,,,,,,,,,,,,,,,,,,
50,PT08M08.00S,2025-03-26T00:16:08.4Z,1,REGULAR,2pt,Layup,"['pointsinthepaint', 'fromturnover']",1631243,7.046649145860711,59.80392156862745,1610612737,9,4,2025-03-26T00:21:38Z,500000,False,-49.0,14.0,1,left,MISS M. Gueye Layup,[1631243],22401049,1610612737,ATL,,,,Gueye,M. Gueye,,,,,In The Paint (Non-RA),0-8 Center,5.09,Missed,,,,,,,,,,,,,,,,,,
51,PT08M08.00S,2025-03-26T00:16:08.4Z,1,REGULAR,rebound,offensive,[],1630168,,,1610612737,9,4,2025-03-26T00:21:38Z,510000,False,,,0,,O. Okongwu REBOUND (Off:2 Def:0),[1630168],22401049,1610612737,ATL,,,,Okongwu,O. Okongwu,,,,,In The Paint (Non-RA),0-8 Center,,,,,50.0,2.0,0.0,2.0,,,,,,,,,,,,
52,PT08M08.00S,2025-03-26T00:16:11.7Z,1,REGULAR,2pt,Layup,"['2ndchance', 'pointsinthepaint', 'fromturnover']",1630168,5.590000152587891,50.0,1610612737,9,4,2025-03-26T00:21:52Z,520000,False,0.0,0.0,1,left,MISS O. Okongwu tip Layup,[1630168],22401049,1610612737,ATL,tip,,,Okongwu,O. Okongwu,,,,,Restricted Area,0-8 Center,0.0,Missed,,,,,,,,,,,,,,,,,,
53,PT08M06.00S,2025-03-26T00:16:13.7Z,1,REGULAR,rebound,offensive,[],1631243,,,1610612737,9,4,2025-03-26T00:21:52Z,530000,False,,,0,,M. Gueye REBOUND (Off:1 Def:2),[1631243],22401049,1610612737,ATL,,,,Gueye,M. Gueye,,,,,Restricted Area,0-8 Center,,,,,52.0,3.0,2.0,1.0,,,,,,,,,,,,
56,PT08M04.00S,2025-03-26T00:16:44.0Z,1,REGULAR,freethrow,1 of 2,"['fromturnover', '2ndchance']",1631243,,,1610612737,9,5,2025-03-26T00:16:44Z,560000,False,,,0,,M. Gueye Free Throw 1 of 2 (1 PTS),[1631243],22401049,1610612737,ATL,,,,Gueye,M. Gueye,,,,,,,,Made,,,,,,,1.0,,,,,,,,,,,
57,PT08M04.00S,2025-03-26T00:17:05.4Z,1,REGULAR,freethrow,2 of 2,"['fromturnover', '2ndchance']",1631243,,,1610612737,9,6,2025-03-26T00:17:05Z,570000,False,,,0,,M. Gueye Free Throw 2 of 2 (2 PTS),[1631243],22401049,1610612737,ATL,,,,Gueye,M. Gueye,,,,,,,,Made,,,,,,,2.0,,,,,,,,,,,
59,PT07M48.00S,2025-03-26T00:17:22.5Z,1,REGULAR,rebound,defensive,['team'],0,,,1610612737,9,6,2025-03-26T00:17:27Z,590000,False,,,0,,TEAM defensive REBOUND,[],22401049,1610612737,ATL,,,,,,,,,,Above the Break 3,24+ Right Center,,,,,58.0,,,,,,,,,,,,,,,
61,PT07M34.00S,2025-03-26T00:17:49.4Z,1,REGULAR,2pt,DUNK,['pointsinthepaint'],1642258,6.258212877792378,57.35294117647059,1610612737,9,8,2025-03-26T00:17:53Z,610000,False,-37.0,6.0,1,left,Z. Risacher driving DUNK (4 PTS) (T. Young 1 AST),"[1642258, 1629027]",22401049,1610612737,ATL,driving,,,Risacher,Z. Risacher,,,,,Restricted Area,0-8 Center,3.73,Made,,,,,,,4.0,T. Young,1629027.0,1.0,,,,,,,,
66,PT07M11.00S,2025-03-26T00:18:13.1Z,1,REGULAR,rebound,defensive,[],1630168,,,1610612737,9,8,2025-03-26T00:18:13Z,660000,False,,,0,,O. Okongwu REBOUND (Off:2 Def:1),[1630168],22401049,1610612737,ATL,,,,Okongwu,O. Okongwu,,,,,Mid-Range,8-16 Left,,,,,65.0,3.0,1.0,2.0,,,,,,,,,,,,
71,PT07M04.00S,2025-03-26T00:18:48.9Z,1,REGULAR,freethrow,1 of 2,[],1631243,,,1610612737,9,9,2025-03-26T00:18:48Z,710000,False,,,0,,M. Gueye Free Throw 1 of 2 (3 PTS),[1631243],22401049,1610612737,ATL,,,,Gueye,M. Gueye,,,,,,,,Made,,,,,,,3.0,,,,,,,,,,,
74,PT07M04.00S,2025-03-26T00:19:09.7Z,1,REGULAR,freethrow,2 of 2,[],1631243,,,1610612737,9,10,2025-03-26T00:19:09Z,740000,False,,,0,,M. Gueye Free Throw 2 of 2 (4 PTS),[1631243],22401049,1610612737,ATL,,,,Gueye,M. Gueye,,,,,,,,Made,,,,,,,4.0,,,,,,,,,,,
76,PT06M49.00S,2025-03-26T00:19:26.5Z,1,REGULAR,rebound,defensive,[],1631243,,,1610612737,9,10,2025-03-26T00:19:35Z,760000,False,,,0,,M. Gueye REBOUND (Off:1 Def:3),[1631243],22401049,1610612737,ATL,,,,Gueye,M. Gueye,,,,,In The Paint (Non-RA),8-16 Right,,,,,75.0,4.0,3.0,1.0,,,,,,,,,,,,
77,PT06M40.00S,2025-03-26T00:19:34.9Z,1,REGULAR,2pt,Jump Shot,[],1642258,6.389618922470433,90.68627450980392,1610612737,9,12,2025-03-26T00:19:40Z,770000,False,-203.0,8.0,1,left,Z. Risacher 20' Jump Shot (6 PTS) (T. Young 2 AST),"[1642258, 1629027]",22401049,1610612737,ATL,,,,Risacher,Z. Risacher,,,,,Mid-Range,16-24 Left,20.35,Made,,,,,,,6.0,T. Young,1629027.0,2.0,,,,,,,,
80,PT06M38.00S,2025-03-26T00:22:25.8Z,1,REGULAR,substitution,out,[],1629027,,,1610612745,9,12,2025-03-26T00:22:41Z,800000,False,,,0,,SUB out: T. Young,[1629027],22401049,1610612737,ATL,,,,Young,T. Young,,,,,,,,,,,,,,,,,,,,,,,,,,
81,PT06M38.00S,2025-03-26T00:22:25.8Z,1,REGULAR,substitution,out,[],1631243,,,1610612745,9,12,2025-03-26T00:22:41Z,810000,False,,,0,,SUB out: M. Gueye,[1631243],22401049,1610612737,ATL,,,,Gueye,M. Gueye,,,,,,,,,,,,,,,,,,,,,,,,,,
82,PT06M38.00S,2025-03-26T00:22:25.8Z,1,REGULAR,substitution,in,[],1627777,,,1610612745,9,12,2025-03-26T00:22:41Z,820000,False,,,0,,SUB in: G. Niang,[1627777],22401049,1610612737,ATL,,,,Niang,G. Niang,,,,,,,,,,,,,,,,,,,,,,,,,,
83,PT06M38.00S,2025-03-26T00:22:25.8Z,1,REGULAR,substitution,in,[],1627747,,,1610612745,9,12,2025-03-26T00:22:41Z,830000,False,,,0,,SUB in: C. LeVert,[1627747],22401049,1610612737,ATL,,,,LeVert,C. LeVert,,,,,,,,,,,,,,,,,,,,,,,,,,
85,PT06M22.00S,2025-03-26T00:22:56.7Z,1,REGULAR,rebound,defensive,['team'],0,,,1610612737,9,12,2025-03-26T00:23:12Z,850000,False,,,0,,TEAM defensive REBOUND,[],22401049,1610612737,ATL,,,,,,,,,,Left Corner 3,24+ Left,,,,,84.0,,,,,,,,,,,,,,,
87,PT06M10.00S,2025-03-26T00:23:38.0Z,1,REGULAR,2pt,Hook,['pointsinthepaint'],1630168,16.245072273324574,49.26470588235294,1610612737,9,12,2025-03-26T00:25:40Z,870000,False,4.0,100.0,1,left,MISS O. Okongwu 10' driving Hook,[1630168],22401049,1610612737,ATL,driving,,,Okongwu,O. Okongwu,,,,,In The Paint (Non-RA),8-16 Center,10.03,Missed,,,,,,,,,,,,,,,,,,
90,PT05M57.00S,2025-03-26T00:23:49.7Z,1,REGULAR,rebound,defensive,[],1630168,,,1610612737,9,12,2025-03-26T00:23:53Z,900000,False,,,0,,O. Okongwu REBOUND (Off:2 Def:2),[1630168],22401049,1610612737,ATL,,,,Okongwu,O. Okongwu,,,,,Above the Break 3,24+ Center,,,,,89.0,4.0,2.0,2.0,,,,,,,,,,,,
91,PT05M50.00S,2025-03-26T00:23:57.4Z,1,REGULAR,2pt,Layup,"['fastbreak', 'pointsinthepaint']",1642258,5.075558475689881,51.470588235294116,1610612737,9,14,2025-03-26T00:26:43Z,910000,False,-7.0,-5.0,1,left,Z. Risacher running reverse Layup (8 PTS) (D. Daniels 1 AST),"[1642258, 1630700]",22401049,1610612737,ATL,running reverse,,,Risacher,Z. Risacher,,,,,Restricted Area,0-8 Center,0.88,Made,,,,,,,8.0,D. Daniels,1630700.0,1.0,,,,,,,,
94,PT05M35.00S,2025-03-26T00:24:12.4Z,1,REGULAR,rebound,defensive,[],1630168,,,1610612737,9,14,2025-03-26T00:24:16Z,940000,False,,,0,,O. Okongwu REBOUND (Off:2 Def:3),[1630168],22401049,1610612737,ATL,,,,Okongwu,O. Okongwu,,,,,Right Corner 3,24+ Right,,,,,93.0,5.0,3.0,2.0,,,,,,,,,,,,
95,PT05M29.00S,2025-03-26T00:24:18.7Z,1,REGULAR,2pt,DUNK,"['pointsinthepaint', 'fastbreak']",1630168,7.440867279894875,50.98039215686274,1610612737,9,16,2025-03-26T00:24:22Z,950000,False,-5.0,17.0,1,left,O. Okongwu running DUNK (4 PTS) (D. Daniels 2 AST),"[1630168, 1630700]",22401049,1610612737,ATL,running,,,Okongwu,O. Okongwu,,,,,Restricted Area,0-8 Center,1.81,Made,,,,,,,4.0,D. Daniels,1630700.0,2.0,,,,,,,,
99,PT05M04.00S,2025-03-26T00:24:53.7Z,1,REGULAR,foul,personal,[],1627777,,,1610612745,9,16,2025-03-26T00:28:32Z,990000,False,,,0,,G. Niang loose ball personal FOUL (1 PF),"[1627777, 1630578]",22401049,1610612737,ATL,loose ball,,,Niang,G. Niang,,,,,Restricted Area,0-8 Center,,,,,,,,,,,,,201639.0,,1.0,0.0,Sengun,1630578.0,,
104,PT05M04.00S,2025-03-26T00:25:00.7Z,1,REGULAR,substitution,in,[],1629611,,,1610612745,9,16,2025-03-26T00:25:06Z,1040000,False,,,0,,SUB in: T. Mann,[1629611],22401049,1610612737,ATL,,,,Mann,T. Mann,,,,,,,,,,,,,,,,,,,,,,,,,,
102,PT05M04.00S,2025-03-26T00:25:00.7Z,1,REGULAR,substitution,out,[],1642258,,,1610612745,9,16,2025-03-26T00:25:06Z,1020000,False,,,0,,SUB out: Z. Risacher,[1642258],22401049,1610612737,ATL,,,,Risacher,Z. Risacher,,,,,,,,,,,,,,,,,,,,,,,,,,
107,PT04M43.00S,2025-03-26T00:28:36.5Z,1,REGULAR,2pt,Hook,['pointsinthepaint'],1630700,14.931011826544022,51.9607843137255,1610612737,11,16,2025-03-26T00:28:45Z,1070000,False,-10.0,88.0,1,left,MISS D. Daniels 8' turnaround Hook,[1630700],22401049,1610612737,ATL,turnaround,,,Daniels,D. Daniels,,,,,In The Paint (Non-RA),8-16 Center,8.84,Missed,,,,,,,,,,,,,,,,,,
108,PT04M41.00S,2025-03-26T00:28:38.5Z,1,REGULAR,rebound,offensive,[],1629611,,,1610612737,11,16,2025-03-26T00:28:45Z,1080000,False,,,0,,T. Mann REBOUND (Off:1 Def:0),[1629611],22401049,1610612737,ATL,,,,Mann,T. Mann,,,,,In The Paint (Non-RA),8-16 Center,,,,,107.0,1.0,0.0,1.0,,,,,,,,,,,,
109,PT04M37.00S,2025-03-26T00:28:43.2Z,1,REGULAR,3pt,Jump Shot,['2ndchance'],1630168,29.25427069645204,24.754901960784316,1610612737,11,16,2025-03-26T00:28:47Z,1090000,False,126.0,222.0,1,left,MISS O. Okongwu 25' 3PT,[1630168],22401049,1610612737,ATL,,,,Okongwu,O. Okongwu,,,,,Above the Break 3,24+ Right Center,25.58,Missed,,,,,,,,,,,,,,,,,,
115,PT03M53.00S,2025-03-26T00:29:25.9Z,1,REGULAR,2pt,Hook,['pointsinthepaint'],1630168,14.799605781865965,57.59803921568627,1610612737,14,16,2025-03-26T00:29:30Z,1150000,False,-38.0,87.0,1,left,MISS O. Okongwu 9' turnaround Hook,[1630168],22401049,1610612737,ATL,turnaround,,,Okongwu,O. Okongwu,,,,,In The Paint (Non-RA),8-16 Center,9.46,Missed,,,,,,,,,,,,,,,,,,
118,PT03M43.00S,2025-03-26T00:29:36.8Z,1,REGULAR,steal,,[],1630700,,,1610612737,14,16,2025-03-26T00:29:38Z,1180000,False,,,0,,D. Daniels STEAL (2 STL),[1630700],22401049,1610612737,ATL,,,,Daniels,D. Daniels,,,,,In The Paint (Non-RA),0-8 Center,,,,,,,,,,,,,,,,,,,,
119,PT03M39.00S,2025-03-26T00:29:41.6Z,1,REGULAR,turnover,out-of-bounds,[],1630700,,,1610612737,14,16,2025-03-26T00:29:53Z,1190000,False,,,0,,D. Daniels bad pass out-of-bounds TURNOVER (1 TO),[1630700],22401049,1610612737,ATL,bad pass,,,Daniels,D. Daniels,,,,,In The Paint (Non-RA),0-8 Center,,,,,,,,,,,,,1630886.0,1.0,,,,,,
120,PT03M39.00S,2025-03-26T00:29:48.2Z,1,REGULAR,substitution,out,[],1630168,,,1610612745,14,16,2025-03-26T00:29:59Z,1200000,False,,,0,,SUB out: O. Okongwu,[1630168],22401049,1610612737,ATL,,,,Okongwu,O. Okongwu,,,,,,,,,,,,,,,,,,,,,,,,,,
121,PT03M39.00S,2025-03-26T00:29:48.2Z,1,REGULAR,substitution,in,[],1631230,,,1610612745,14,16,2025-03-26T00:29:59Z,1210000,False,,,0,,SUB in: D. Barlow,[1631230],22401049,1610612737,ATL,,,,Barlow,D. Barlow,,,,,,,,,,,,,,,,,,,,,,,,,,
123,PT03M05.00S,2025-03-26T00:30:29.5Z,1,REGULAR,2pt,Layup,['pointsinthepaint'],1627747,6.783837056504599,54.166666666666664,1610612737,16,16,2025-03-26T00:32:28Z,1230000,False,-21.0,11.0,1,left,MISS C. LeVert driving Layup,[1627747],22401049,1610612737,ATL,driving,,,LeVert,C. LeVert,,,,,Restricted Area,0-8 Center,2.37,Missed,,,,,,,,,,,,,,,,,,
124,PT03M02.00S,2025-03-26T00:30:32.5Z,1,REGULAR,rebound,offensive,[],1630700,,,1610612737,16,16,2025-03-26T00:30:37Z,1240000,False,,,0,,D. Daniels REBOUND (Off:1 Def:2),[1630700],22401049,1610612737,ATL,,,,Daniels,D. Daniels,,,,,Restricted Area,0-8 Center,,,,,123.0,3.0,2.0,1.0,,,,,,,,,,,,
125,PT02M58.00S,2025-03-26T00:30:36.7Z,1,REGULAR,3pt,Jump Shot,['2ndchance'],1627747,7.5722733245729295,3.9215686274509802,1610612737,16,16,2025-03-26T00:30:44Z,1250000,False,230.0,19.0,1,left,MISS C. LeVert 3PT,[1627747],22401049,1610612737,ATL,,,,LeVert,C. LeVert,,,,,Right Corner 3,24+ Right,23.12,Missed,,,,,,,,,,,,,,,,,,
126,PT02M57.00S,2025-03-26T00:30:37.7Z,1,REGULAR,rebound,offensive,['team'],0,,,1610612737,16,16,2025-03-26T00:30:44Z,1260000,False,,,0,,TEAM offensive REBOUND,[],22401049,1610612737,ATL,,,,,,,,,,Right Corner 3,24+ Right,,,,,125.0,,,,,,,,,,,,,,,
131,PT02M57.00S,2025-03-26T00:30:49.7Z,1,REGULAR,substitution,out,[],1630700,,,1610612737,16,16,2025-03-26T00:31:02Z,1310000,False,,,0,,SUB out: D. Daniels,[1630700],22401049,1610612737,ATL,,,,Daniels,D. Daniels,,,,,,,,,,,,,,,,,,,,,,,,,,
134,PT02M57.00S,2025-03-26T00:30:49.7Z,1,REGULAR,substitution,in,[],1629027,,,1610612737,16,16,2025-03-26T00:31:02Z,1340000,False,,,0,,SUB in: T. Young,[1629027],22401049,1610612737,ATL,,,,Young,T. Young,,,,,,,,,,,,,,,,,,,,,,,,,,
135,PT02M47.00S,2025-03-26T00:31:15.4Z,1,REGULAR,3pt,Jump Shot,['2ndchance'],1627777,29.911300919842315,79.90196078431373,1610612737,16,16,2025-03-26T00:31:24Z,1350000,False,-150.0,229.0,1,left,MISS G. Niang 27' 3PT,[1627777],22401049,1610612737,ATL,,,,Niang,G. Niang,,,,,Above the Break 3,24+ Left Center,27.32,Missed,,,,,,,,,,,,,,,,,,
136,PT02M45.00S,2025-03-26T00:31:17.4Z,1,REGULAR,rebound,offensive,[],1627747,,,1610612737,16,16,2025-03-26T00:31:24Z,1360000,False,,,0,,C. LeVert REBOUND (Off:1 Def:0),[1627747],22401049,1610612737,ATL,,,,LeVert,C. LeVert,,,,,Above the Break 3,24+ Left Center,,,,,135.0,1.0,0.0,1.0,,,,,,,,,,,,
137,PT02M41.00S,2025-03-26T00:31:22.0Z,1,REGULAR,3pt,Jump Shot,['2ndchance'],1629611,7.178055190538765,4.6568627450980395,1610612737,16,16,2025-03-26T00:31:26Z,1370000,False,227.0,15.0,1,left,MISS T. Mann 3PT,[1629611],22401049,1610612737,ATL,,,,Mann,T. Mann,,,,,Right Corner 3,24+ Right,22.72,Missed,,,,,,,,,,,,,,,,,,
142,PT02M10.00S,2025-03-26T00:31:52.6Z,1,REGULAR,2pt,Layup,['pointsinthepaint'],1629611,7.440867279894875,54.166666666666664,1610612737,18,18,2025-03-26T00:31:57Z,1420000,False,-21.0,17.0,1,left,T. Mann cutting Layup (2 PTS) (G. Niang 1 AST),"[1629611, 1627777]",22401049,1610612737,ATL,cutting,,,Mann,T. Mann,,,,,Restricted Area,0-8 Center,2.71,Made,,,,,,,2.0,G. Niang,1627777.0,1.0,,,,,,,,
146,PT01M56.00S,2025-03-26T00:32:17.3Z,1,REGULAR,foul,personal,[],1629611,,,1610612745,18,18,2025-03-26T00:32:28Z,1460000,False,,,0,,T. Mann loose ball personal FOUL (1 PF),"[1629611, 203500]",22401049,1610612737,ATL,loose ball,,,Mann,T. Mann,,,,,In The Paint (Non-RA),0-8 Center,,,,,,,,,,,,,201639.0,,1.0,0.0,Adams,203500.0,,
150,PT01M31.00S,2025-03-26T00:33:00.3Z,1,REGULAR,3pt,Jump Shot,[],1627777,28.465834428383708,77.45098039215686,1610612737,20,21,2025-03-26T00:33:03Z,1500000,False,-137.0,215.0,1,left,G. Niang 25' 3PT  (3 PTS) (T. Young 3 AST),"[1627777, 1629027]",22401049,1610612737,ATL,,,,Niang,G. Niang,,,,,Above the Break 3,24+ Left Center,25.52,Made,,,,,,,3.0,T. Young,1629027.0,3.0,,,,,,,,
154,PT01M13.00S,2025-03-26T00:33:24.0Z,1,REGULAR,foul,personal,['inpenalty'],1631230,,,1610612745,22,21,2025-03-26T00:41:49Z,1540000,False,,,0,,D. Barlow shooting personal FOUL (1 PF),"[1631230, 203500]",22401049,1610612737,ATL,shooting,,,Barlow,D. Barlow,,,,,Restricted Area,0-8 Center,,,,,,,,,,,,,1179.0,,1.0,0.0,Adams,203500.0,,
157,PT01M13.00S,2025-03-26T00:34:21.7Z,1,REGULAR,violation,double lane,[],1631230,,,1610612745,22,21,2025-03-26T00:35:19Z,1570000,False,,,0,,D. Barlow double lane VIOLATION,[1631230],22401049,1610612737,ATL,,,,Barlow,D. Barlow,,,,,,,,,,,,,,,,,,,,,,,,,,
158,PT01M13.00S,2025-03-26T00:34:47.2Z,1,REGULAR,jumpball,recovered,[],1631230,,,1610612737,22,21,2025-03-26T00:45:23Z,1580000,False,,,0,,Jump Ball D. Barlow vs. S. Adams: Tip to D. Barlow,"[1631230, 1631230, 203500]",22401049,1610612737,ATL,doubleviolation,D. Barlow,1631230.0,Barlow,D. Barlow,Barlow,1631230.0,Adams,203500.0,,,,,,,,,,,,,,,,,,,,,,
163,PT01M07.00S,2025-03-26T00:34:52.6Z,1,REGULAR,turnover,out-of-bounds,[],1629611,,,1610612737,22,21,2025-03-26T00:34:57Z,1630000,False,,,0,,T. Mann bad pass out-of-bounds TURNOVER (1 TO),[1629611],22401049,1610612737,ATL,bad pass,,,Mann,T. Mann,,,,,Above the Break 3,24+ Left Center,,,,,,,,,,,,,1179.0,1.0,,,,,,
166,PT00M40.40S,2025-03-26T00:35:30.4Z,1,REGULAR,3pt,Jump Shot,[],1631230,12.565703022339028,4.6568627450980395,1610612737,25,21,2025-03-26T00:35:38Z,1660000,False,227.0,66.0,1,left,MISS D. Barlow 3PT,[1631230],22401049,1610612737,ATL,,,,Barlow,D. Barlow,,,,,Right Corner 3,24+ Right,23.6,Missed,,,,,,,,,,,,,,,,,,
167,PT00M38.50S,2025-03-26T00:35:32.3Z,1,REGULAR,rebound,offensive,[],1629611,,,1610612737,25,21,2025-03-26T00:35:53Z,1670000,False,,,0,,T. Mann REBOUND (Off:2 Def:0),[1629611],22401049,1610612737,ATL,,,,Mann,T. Mann,,,,,Right Corner 3,24+ Right,,,,,166.0,2.0,0.0,2.0,,,,,,,,,,,,
168,PT00M38.50S,2025-03-26T00:35:35.0Z,1,REGULAR,2pt,Layup,"['2ndchance', 'pointsinthepaint']",1629611,5.590000152587891,50.0,1610612737,25,23,2025-03-26T00:35:40Z,1680000,False,0.0,0.0,1,left,T. Mann tip Layup (4 PTS),[1629611],22401049,1610612737,ATL,tip,,,Mann,T. Mann,,,,,Restricted Area,0-8 Center,0.0,Made,,,,,,,4.0,,,,,,,,,,,
170,PT00M24.60S,2025-03-26T00:35:51.7Z,1,REGULAR,turnover,bad pass,[],1629027,,,1610612737,27,23,2025-03-26T00:35:56Z,1700000,False,,,0,,T. Young bad pass TURNOVER (2 TO),"[1629027, 1630224]",22401049,1610612737,ATL,,,,Young,T. Young,,,,,Above the Break 3,24+ Center,,,,,,,,,,,,,,2.0,,,,,Green,1630224.0
173,PT00M21.30S,2025-03-26T00:35:58.8Z,1,REGULAR,foul,personal,"['inpenalty', '1freethrow']",1629027,,,1610612745,29,23,2025-03-26T00:36:05Z,1730000,False,,,0,,T. Young shooting personal FOUL (1 PF) (Green 1 FT),"[1629027, 1630224]",22401049,1610612737,ATL,shooting,,,Young,T. Young,,,,,Restricted Area,0-8 Center,,,,,,,,,,,,,1179.0,,1.0,0.0,Green,1630224.0,,
180,PT00M03.20S,2025-03-26T00:36:58.4Z,1,REGULAR,turnover,lost ball,[],1627777,,,1610612737,30,23,2025-03-26T00:37:01Z,1800000,False,,,0,,G. Niang lost ball TURNOVER (1 TO),"[1627777, 1631095]",22401049,1610612737,ATL,,,,Niang,G. Niang,,,,,In The Paint (Non-RA),8-16 Center,,,,,,,,,,,,,,1.0,,,,,Smith Jr.,1631095.0
192,PT12M00.00S,2025-03-26T00:39:19.3Z,2,REGULAR,substitution,in,['startperiod'],1631243,,,1610612745,30,23,2025-03-26T00:39:46Z,1920000,False,,,0,,SUB in: M. Gueye,[1631243],22401049,1610612737,ATL,,,,Gueye,M. Gueye,,,,,,,,,,,,,,,,,,,,,,,,,,
191,PT12M00.00S,2025-03-26T00:39:19.3Z,2,REGULAR,substitution,in,['startperiod'],1630249,,,1610612745,30,23,2025-03-26T00:39:46Z,1910000,False,,,0,,SUB in: V. Krejčí,[1630249],22401049,1610612737,ATL,,,,Krejčí,V. Krejčí,,,,,,,,,,,,,,,,,,,,,,,,,,
187,PT12M00.00S,2025-03-26T00:39:19.3Z,2,REGULAR,substitution,out,['startperiod'],1627747,,,1610612745,30,23,2025-03-26T00:39:46Z,1870000,False,,,0,,SUB out: C. LeVert,[1627747],22401049,1610612737,ATL,,,,LeVert,C. LeVert,,,,,,,,,,,,,,,,,,,,,,,,,,
188,PT12M00.00S,2025-03-26T00:39:19.3Z,2,REGULAR,substitution,out,['startperiod'],1627777,,,1610612745,30,23,2025-03-26T00:39:46Z,1880000,False,,,0,,SUB out: G. Niang,[1627777],22401049,1610612737,ATL,,,,Niang,G. Niang,,,,,,,,,,,,,,,,,,,,,,,,,,
194,PT11M50.00S,2025-03-26T00:40:14.6Z,2,REGULAR,turnover,traveling,[],1630249,,,1610612737,30,23,2025-03-26T00:40:24Z,1940000,False,,,0,,V. Krejčí traveling TURNOVER (1 TO),[1630249],22401049,1610612737,ATL,,,,Krejčí,V. Krejčí,,,,,Above the Break 3,24+ Left Center,,,,,,,,,,,,,1630886.0,1.0,,,,,,
195,PT11M38.00S,2025-03-26T00:40:36.0Z,2,REGULAR,foul,personal,[],1631230,,,1610612745,30,23,2025-03-26T00:40:42Z,1950000,False,,,0,,D. Barlow personal FOUL (2 PF),"[1631230, 1630578]",22401049,1610612737,ATL,,,,Barlow,D. Barlow,,,,,In The Paint (Non-RA),0-8 Center,,,,,,,,,,,,,1179.0,,2.0,0.0,Sengun,1630578.0,,
198,PT11M11.00S,2025-03-26T00:41:20.4Z,2,REGULAR,3pt,Jump Shot,[],1630249,32.14520367936925,40.19607843137255,1610612737,33,26,2025-03-26T00:41:23Z,1980000,False,49.0,250.0,1,left,V. Krejčí 25' 3PT  (3 PTS) (T. Mann 1 AST),"[1630249, 1629611]",22401049,1610612737,ATL,,,,Krejčí,V. Krejčí,,,,,Above the Break 3,24+ Center,25.45,Made,,,,,,,3.0,T. Mann,1629611.0,1.0,,,,,,,,
201,PT10M55.00S,2025-03-26T00:41:40.6Z,2,REGULAR,foul,personal,['1freethrow'],1631243,,,1610612745,35,26,2025-03-26T00:41:51Z,2010000,False,,,0,,M. Gueye shooting personal FOUL (1 PF) (Sengun 1 FT),"[1631243, 1630578]",22401049,1610612737,ATL,shooting,,,Gueye,M. Gueye,,,,,In The Paint (Non-RA),0-8 Center,,,,,,,,,,,,,1179.0,,1.0,0.0,Sengun,1630578.0,,
204,PT10M55.00S,2025-03-26T00:41:52.6Z,2,REGULAR,substitution,in,[],1630168,,,1610612745,35,26,2025-03-26T00:41:56Z,2040000,False,,,0,,SUB in: O. Okongwu,[1630168],22401049,1610612737,ATL,,,,Okongwu,O. Okongwu,,,,,,,,,,,,,,,,,,,,,,,,,,
203,PT10M55.00S,2025-03-26T00:41:52.6Z,2,REGULAR,substitution,out,[],1631230,,,1610612745,35,26,2025-03-26T00:41:56Z,2030000,False,,,0,,SUB out: D. Barlow,[1631230],22401049,1610612737,ATL,,,,Barlow,D. Barlow,,,,,,,,,,,,,,,,,,,,,,,,,,
206,PT10M38.00S,2025-03-26T00:42:32.9Z,2,REGULAR,turnover,out-of-bounds,[],1629027,,,1610612737,36,26,2025-03-26T00:42:37Z,2060000,False,,,0,,T. Young bad pass out-of-bounds TURNOVER (3 TO),[1629027],22401049,1610612737,ATL,bad pass,,,Young,T. Young,,,,,Above the Break 3,24+ Left Center,,,,,,,,,,,,,1630886.0,3.0,,,,,,
210,PT10M09.00S,2025-03-26T00:43:14.8Z,2,REGULAR,rebound,defensive,[],1630168,,,1610612737,36,26,2025-03-26T00:43:17Z,2100000,False,,,0,,O. Okongwu REBOUND (Off:2 Def:4),[1630168],22401049,1610612737,ATL,,,,Okongwu,O. Okongwu,,,,,Above the Break 3,24+ Left Center,,,,,209.0,6.0,4.0,2.0,,,,,,,,,,,,
211,PT09M55.00S,2025-03-26T00:43:28.6Z,2,REGULAR,3pt,Jump Shot,[],1629611,9.543363994743759,95.09803921568627,1610612737,36,26,2025-03-26T00:43:33Z,2110000,False,-225.0,37.0,1,left,MISS T. Mann 3PT,[1629611],22401049,1610612737,ATL,,,,Mann,T. Mann,,,,,Left Corner 3,24+ Left,22.85,Missed,,,,,,,,,,,,,,,,,,
215,PT09M29.00S,2025-03-26T00:43:54.0Z,2,REGULAR,2pt,Hook,['pointsinthepaint'],1630168,12.828515111695138,49.50980392156863,1610612737,38,26,2025-03-26T00:43:58Z,2150000,False,2.0,68.0,1,left,MISS O. Okongwu 6' turnaround Hook - blocked,"[1630168, 1628988]",22401049,1610612737,ATL,turnaround,,,Okongwu,O. Okongwu,,,,,In The Paint (Non-RA),0-8 Center,6.81,Missed,Holiday,1628988.0,,,,,,,,,,,,,,,,
219,PT09M07.00S,2025-03-26T00:44:23.6Z,2,REGULAR,3pt,Jump Shot,['fromturnover'],1630249,31.488173455978973,24.754901960784316,1610612737,38,26,2025-03-26T00:44:28Z,2190000,False,126.0,243.0,1,left,MISS V. Krejčí 27' 3PT,[1630249],22401049,1610612737,ATL,,,,Krejčí,V. Krejčí,,,,,Above the Break 3,24+ Right Center,27.43,Missed,,,,,,,,,,,,,,,,,,
224,PT08M56.00S,2025-03-26T00:44:39.5Z,2,REGULAR,timeout,full,"['team', 'mandatory']",0,,,1610612737,40,26,2025-03-26T00:44:39Z,2240000,False,,,0,,ATL Timeout,[],22401049,1610612737,ATL,,,,,,,,,,,,,,,,,,,,,,,,,,,,,,,
231,PT08M56.00S,2025-03-26T00:46:40.9Z,2,REGULAR,substitution,in,[],1642258,,,1610612737,40,26,2025-03-26T00:47:23Z,2300000,False,,,0,,SUB in: Z. Risacher,[1642258],22401049,1610612737,ATL,,,,Risacher,Z. Risacher,,,,,,,,,,,,,,,,,,,,,,,,,,
230,PT08M56.00S,2025-03-26T00:46:40.9Z,2,REGULAR,substitution,in,[],1627777,,,1610612737,40,26,2025-03-26T00:47:23Z,2290000,False,,,0,,SUB in: G. Niang,[1627777],22401049,1610612737,ATL,,,,Niang,G. Niang,,,,,,,,,,,,,,,,,,,,,,,,,,
228,PT08M56.00S,2025-03-26T00:46:40.9Z,2,REGULAR,substitution,out,[],1631243,,,1610612737,40,26,2025-03-26T00:47:23Z,2270000,False,,,0,,SUB out: M. Gueye,[1631243],22401049,1610612737,ATL,,,,Gueye,M. Gueye,,,,,,,,,,,,,,,,,,,,,,,,,,
227,PT08M56.00S,2025-03-26T00:46:40.9Z,2,REGULAR,substitution,out,[],1629611,,,1610612737,40,26,2025-03-26T00:47:23Z,2260000,False,,,0,,SUB out: T. Mann,[1629611],22401049,1610612737,ATL,,,,Mann,T. Mann,,,,,,,,,,,,,,,,,,,,,,,,,,
232,PT08M46.00S,2025-03-26T00:47:48.6Z,2,REGULAR,3pt,Jump Shot,[],1627777,27.414586070959263,19.607843137254903,1610612737,40,26,2025-03-26T00:47:55Z,2310000,False,152.0,205.0,1,left,MISS G. Niang 25' 3PT,[1627777],22401049,1610612737,ATL,,,,Niang,G. Niang,,,,,Above the Break 3,24+ Right Center,25.54,Missed,,,,,,,,,,,,,,,,,,
236,PT08M21.00S,2025-03-26T00:48:13.7Z,2,REGULAR,3pt,Jump Shot,[],1642258,26.363337713534822,16.176470588235293,1610612737,43,26,2025-03-26T00:48:18Z,2350000,False,169.0,195.0,1,left,MISS Z. Risacher 25' 3PT,[1642258],22401049,1610612737,ATL,,,,Risacher,Z. Risacher,,,,,Above the Break 3,24+ Right Center,25.83,Missed,,,,,,,,,,,,,,,,,,
239,PT08M11.00S,2025-03-26T00:48:24.6Z,2,REGULAR,rebound,defensive,[],1630168,,,1610612737,43,26,2025-03-26T00:48:31Z,2380000,False,,,0,,O. Okongwu REBOUND (Off:2 Def:5),[1630168],22401049,1610612737,ATL,,,,Okongwu,O. Okongwu,,,,,Restricted Area,0-8 Center,,,,,238.0,7.0,5.0,2.0,,,,,,,,,,,,
240,PT08M08.00S,2025-03-26T00:48:28.7Z,2,REGULAR,turnover,out-of-bounds,[],1629027,,,1610612737,43,26,2025-03-26T00:48:34Z,2390000,False,,,0,,T. Young bad pass out-of-bounds TURNOVER (4 TO),[1629027],22401049,1610612737,ATL,bad pass,,,Young,T. Young,,,,,In The Paint (Non-RA),0-8 Center,,,,,,,,,,,,,1179.0,4.0,,,,,,
242,PT07M58.00S,2025-03-26T00:48:40.9Z,2,REGULAR,rebound,defensive,[],1629027,,,1610612737,43,26,2025-03-26T00:48:44Z,2410000,False,,,0,,T. Young REBOUND (Off:1 Def:1),[1629027],22401049,1610612737,ATL,,,,Young,T. Young,,,,,Above the Break 3,24+ Left Center,,,,,241.0,2.0,1.0,1.0,,,,,,,,,,,,
243,PT07M45.00S,2025-03-26T00:48:53.5Z,2,REGULAR,3pt,Jump Shot,[],1642258,6.389618922470433,95.58823529411765,1610612737,43,26,2025-03-26T00:48:59Z,2420000,False,-228.0,8.0,1,left,MISS Z. Risacher 3PT,[1642258],22401049,1610612737,ATL,,,,Risacher,Z. Risacher,,,,,Left Corner 3,24+ Left,22.8,Missed,,,,,,,,,,,,,,,,,,
250,PT07M26.00S,2025-03-26T00:49:17.1Z,2,REGULAR,timeout,full,"['team', 'mandatory']",0,,,1610612737,45,26,2025-03-26T00:49:17Z,2490000,False,,,0,,ATL Timeout,[],22401049,1610612737,ATL,,,,,,,,,,,,,,,,,,,,,,,,,,,,,,,
256,PT07M26.00S,2025-03-26T00:50:58.2Z,2,REGULAR,substitution,in,[],1627747,,,1610612737,45,26,2025-03-26T00:52:00Z,2550000,False,,,0,,SUB in: C. LeVert,[1627747],22401049,1610612737,ATL,,,,LeVert,C. LeVert,,,,,,,,,,,,,,,,,,,,,,,,,,
253,PT07M26.00S,2025-03-26T00:50:58.2Z,2,REGULAR,substitution,out,[],1630249,,,1610612737,45,26,2025-03-26T00:52:00Z,2520000,False,,,0,,SUB out: V. Krejčí,[1630249],22401049,1610612737,ATL,,,,Krejčí,V. Krejčí,,,,,,,,,,,,,,,,,,,,,,,,,,
259,PT07M08.00S,2025-03-26T00:52:59.5Z,2,REGULAR,freethrow,1 of 2,[],1627777,,,1610612737,45,26,2025-03-26T00:52:59Z,2580000,False,,,0,,MISS G. Niang Free Throw 1 of 2,[1627777],22401049,1610612737,ATL,,,,Niang,G. Niang,,,,,,,,Missed,,,,,,,,,,,,,,,,,,
260,PT07M08.00S,2025-03-26T00:52:59.5Z,2,REGULAR,rebound,offensive,"['deadball', 'team']",0,,,1610612737,45,26,2025-03-26T00:52:59Z,2590000,False,,,0,,TEAM offensive REBOUND,[],22401049,1610612737,ATL,,,,,,,,,,,,,,,,259.0,,,,,,,,,,,,,,,
261,PT07M08.00S,2025-03-26T00:53:00.7Z,2,REGULAR,substitution,out,[],1642258,,,1610612737,45,26,2025-03-26T00:53:06Z,2600000,False,,,0,,SUB out: Z. Risacher,[1642258],22401049,1610612737,ATL,,,,Risacher,Z. Risacher,,,,,,,,,,,,,,,,,,,,,,,,,,
262,PT07M08.00S,2025-03-26T00:53:00.7Z,2,REGULAR,substitution,in,[],1630700,,,1610612737,45,26,2025-03-26T00:53:06Z,2610000,False,,,0,,SUB in: D. Daniels,[1630700],22401049,1610612737,ATL,,,,Daniels,D. Daniels,,,,,,,,,,,,,,,,,,,,,,,,,,
263,PT07M08.00S,2025-03-26T00:53:15.5Z,2,REGULAR,freethrow,2 of 2,[],1627777,,,1610612737,45,27,2025-03-26T00:53:15Z,2620000,False,,,0,,G. Niang Free Throw 2 of 2 (4 PTS),[1627777],22401049,1610612737,ATL,,,,Niang,G. Niang,,,,,,,,Made,,,,,,,4.0,,,,,,,,,,,
265,PT06M55.00S,2025-03-26T00:53:42.8Z,2,REGULAR,foul,personal,['2freethrow'],1627777,,,1610612745,45,27,2025-03-26T00:53:48Z,2640000,False,,,0,,G. Niang shooting personal FOUL (2 PF) (Smith Jr. 2 FT),"[1627777, 1631095]",22401049,1610612737,ATL,shooting,,,Niang,G. Niang,,,,,Mid-Range,16-24 Left Center,,,,,,,,,,,,,1630886.0,,2.0,0.0,Smith Jr.,1631095.0,,
269,PT06M42.00S,2025-03-26T00:54:51.0Z,2,REGULAR,2pt,Jump Shot,['pointsinthepaint'],1630700,17.821944809461236,53.92156862745098,1610612737,47,29,2025-03-26T00:54:55Z,2680000,False,-20.0,115.0,1,left,D. Daniels 11' driving floating Jump Shot (2 PTS) (G. Niang 2 AST),"[1630700, 1627777]",22401049,1610612737,ATL,driving floating,,,Daniels,D. Daniels,,,,,In The Paint (Non-RA),8-16 Center,11.67,Made,,,,,,,2.0,G. Niang,1627777.0,2.0,,,,,,,,
274,PT06M13.00S,2025-03-26T00:55:18.9Z,2,REGULAR,3pt,Jump Shot,[],1627747,21.23850197109067,90.44117647058823,1610612737,49,29,2025-03-26T00:55:23Z,2730000,False,-202.0,147.0,1,left,MISS C. LeVert 25' 3PT,[1627747],22401049,1610612737,ATL,,,,LeVert,C. LeVert,,,,,Above the Break 3,24+ Left Center,25.0,Missed,,,,,,,,,,,,,,,,,,
279,PT05M53.00S,2025-03-26T00:55:39.4Z,2,REGULAR,steal,,[],1627777,,,1610612737,49,29,2025-03-26T00:57:26Z,2780000,False,,,0,,G. Niang STEAL (1 STL),[1627777],22401049,1610612737,ATL,,,,Niang,G. Niang,,,,,In The Paint (Non-RA),8-16 Left,,,,,,,,,,,,,,,,,,,,
280,PT05M45.00S,2025-03-26T00:55:47.1Z,2,REGULAR,2pt,Layup,"['pointsinthepaint', 'fromturnover', 'fastbreak']",1627777,6.652431011826544,47.549019607843135,1610612737,49,29,2025-03-26T00:55:53Z,2790000,False,12.0,10.0,1,left,MISS G. Niang running Layup,[1627777],22401049,1610612737,ATL,running,,,Niang,G. Niang,,,,,Restricted Area,0-8 Center,1.59,Missed,,,,,,,,,,,,,,,,,,
283,PT05M32.00S,2025-03-26T00:56:00.4Z,2,REGULAR,rebound,defensive,[],1630168,,,1610612737,49,29,2025-03-26T00:56:05Z,2820000,False,,,0,,O. Okongwu REBOUND (Off:2 Def:6),[1630168],22401049,1610612737,ATL,,,,Okongwu,O. Okongwu,,,,,Above the Break 3,24+ Center,,,,,282.0,8.0,6.0,2.0,,,,,,,,,,,,
284,PT05M28.00S,2025-03-26T00:56:05.4Z,2,REGULAR,2pt,Layup,"['pointsinthepaint', 'fastbreak', 'defensivegoaltending']",1627777,6.258212877792378,54.90196078431373,1610612737,49,31,2025-03-26T00:56:20Z,2830000,False,-25.0,6.0,1,left,G. Niang running Layup (6 PTS) (D. Daniels 3 AST),"[1627777, 1630700]",22401049,1610612737,ATL,running,,,Niang,G. Niang,,,,,Restricted Area,0-8 Center,2.53,Made,,,,,,,6.0,D. Daniels,1630700.0,3.0,,,,,,,,
288,PT05M14.00S,2025-03-26T00:56:34.1Z,2,REGULAR,steal,,[],1627747,,,1610612737,49,31,2025-03-26T01:04:10Z,2870000,False,,,0,,C. LeVert STEAL (1 STL),[1627747],22401049,1610612737,ATL,,,,LeVert,C. LeVert,,,,,In The Paint (Non-RA),0-8 Center,,,,,,,,,,,,,,,,,,,,
289,PT05M06.00S,2025-03-26T00:56:42.3Z,2,REGULAR,3pt,Jump Shot,['fromturnover'],1629027,29.517082785808146,14.215686274509803,1610612737,49,34,2025-03-26T01:00:42Z,2880000,False,179.0,225.0,1,left,T. Young 28' 3PT pullup (3 PTS),[1629027],22401049,1610612737,ATL,pullup,,,Young,T. Young,,,,,Above the Break 3,24+ Right Center,28.75,Made,,,,,,,3.0,,,,,,,,,,,
294,PT04M38.00S,2025-03-26T00:58:43.5Z,2,REGULAR,2pt,Layup,['pointsinthepaint'],1630168,7.703679369250986,50.98039215686274,1610612737,51,36,2025-03-26T00:58:46Z,2930000,False,-5.0,20.0,1,left,O. Okongwu Layup (6 PTS) (T. Young 4 AST),"[1630168, 1629027]",22401049,1610612737,ATL,,,,Okongwu,O. Okongwu,,,,,Restricted Area,0-8 Center,2.05,Made,,,,,,,6.0,T. Young,1629027.0,4.0,,,,,,,,
300,PT03M56.00S,2025-03-26T00:59:25.4Z,2,REGULAR,2pt,Layup,['pointsinthepaint'],1629027,7.966491458607096,48.28431372549019,1610612737,53,38,2025-03-26T01:02:48Z,2990000,False,9.0,22.0,1,left,T. Young driving Layup (5 PTS) (D. Daniels 4 AST),"[1629027, 1630700]",22401049,1610612737,ATL,driving,,,Young,T. Young,,,,,Restricted Area,0-8 Center,2.4,Made,,,,,,,5.0,D. Daniels,1630700.0,4.0,,,,,,,,
304,PT03M28.00S,2025-03-26T00:59:53.3Z,2,REGULAR,3pt,Jump Shot,[],1629027,28.991458607095925,74.75490196078431,1610612737,56,41,2025-03-26T00:59:57Z,3030000,False,-124.0,220.0,1,left,T. Young 25' 3PT pullup (8 PTS),[1629027],22401049,1610612737,ATL,pullup,,,Young,T. Young,,,,,Above the Break 3,24+ Left Center,25.24,Made,,,,,,,8.0,,,,,,,,,,,
307,PT03M13.00S,2025-03-26T01:00:31.6Z,2,REGULAR,timeout,challenge,['team'],0,,,1610612745,56,41,2025-03-26T01:02:17Z,3060000,False,,,0,,ATL Timeout,[],22401049,1610612737,ATL,,,,,,,,,,,,,,,,,,,,,,,,,,,,,,,
311,PT03M13.00S,2025-03-26T01:02:24.6Z,2,REGULAR,rebound,defensive,['team'],0,,,1610612737,56,41,2025-03-26T01:03:13Z,3100000,False,,,0,,TEAM defensive REBOUND,[],22401049,1610612737,ATL,,,,,,,,,,In The Paint (Non-RA),0-8 Center,,,,,310.0,,,,,,,,,,,,,,,
314,PT03M10.00S,2025-03-26T01:02:58.8Z,2,REGULAR,jumpball,recovered,[],1627777,,,1610612737,56,41,2025-03-26T01:02:58Z,3130000,False,,,0,,Jump Ball O. Okongwu vs. S. Adams: Tip to G. Niang,"[1627777, 1630168, 203500]",22401049,1610612737,ATL,challenge,G. Niang,1627777.0,Niang,G. Niang,Okongwu,1630168.0,Adams,203500.0,,,,,,,,,,,,,,,,,,,,,,
317,PT03M04.00S,2025-03-26T01:03:05.0Z,2,REGULAR,3pt,Jump Shot,[],1629027,30.699737187910642,22.30392156862745,1610612737,56,44,2025-03-26T01:03:15Z,3160000,False,138.0,236.0,1,left,T. Young 27' 3PT  (11 PTS) (D. Daniels 5 AST),"[1629027, 1630700]",22401049,1610612737,ATL,,,,Young,T. Young,,,,,Above the Break 3,24+ Right Center,27.37,Made,,,,,,,11.0,D. Daniels,1630700.0,5.0,,,,,,,,
320,PT02M27.00S,2025-03-26T01:03:41.8Z,2,REGULAR,2pt,Jump Shot,['pointsinthepaint'],1627747,16.245072273324574,36.27450980392157,1610612737,58,44,2025-03-26T01:05:38Z,3190000,False,69.0,100.0,1,left,MISS C. LeVert 12' pullup Shot,[1627747],22401049,1610612737,ATL,pullup,,,LeVert,C. LeVert,,,,,In The Paint (Non-RA),8-16 Right,12.14,Missed,,,,,,,,,,,,,,,,,,
326,PT01M55.00S,2025-03-26T01:04:14.0Z,2,REGULAR,2pt,Layup,['pointsinthepaint'],1630168,8.360709592641262,52.20588235294118,1610612737,61,46,2025-03-26T01:04:18Z,3250000,False,-11.0,26.0,1,left,O. Okongwu cutting Layup (8 PTS) (T. Young 5 AST),"[1630168, 1629027]",22401049,1610612737,ATL,cutting,,,Okongwu,O. Okongwu,,,,,Restricted Area,0-8 Center,2.83,Made,,,,,,,8.0,T. Young,1629027.0,5.0,,,,,,,,
335,PT01M21.00S,2025-03-26T01:05:11.9Z,2,REGULAR,3pt,Jump Shot,[],1627747,9.543363994743759,96.07843137254902,1610612737,63,46,2025-03-26T01:05:21Z,3340000,False,-230.0,37.0,1,left,MISS C. LeVert 3PT,[1627747],22401049,1610612737,ATL,,,,LeVert,C. LeVert,,,,,Left Corner 3,24+ Left,23.34,Missed,,,,,,,,,,,,,,,,,,
339,PT00M44.50S,2025-03-26T01:05:50.1Z,2,REGULAR,3pt,Jump Shot,[],1627777,28.33442838370565,74.26470588235294,1610612737,65,46,2025-03-26T01:05:57Z,3380000,False,-121.0,214.0,1,left,MISS G. Niang 24' 3PT,[1627777],22401049,1610612737,ATL,,,,Niang,G. Niang,,,,,Above the Break 3,24+ Left Center,24.58,Missed,,,,,,,,,,,,,,,,,,
342,PT00M28.10S,2025-03-26T01:06:06.6Z,2,REGULAR,rebound,defensive,['team'],0,,,1610612737,65,46,2025-03-26T01:06:09Z,3410000,False,,,0,,TEAM defensive REBOUND,[],22401049,1610612737,ATL,,,,,,,,,,Mid-Range,16-24 Right Center,,,,,341.0,,,,,,,,,,,,,,,
346,PT00M12.00S,2025-03-26T01:07:49.8Z,2,REGULAR,freethrow,1 of 2,[],1629027,,,1610612737,65,47,2025-03-26T01:07:49Z,3450000,False,,,0,,T. Young Free Throw 1 of 2 (12 PTS),[1629027],22401049,1610612737,ATL,,,,Young,T. Young,,,,,,,,Made,,,,,,,12.0,,,,,,,,,,,
351,PT00M12.00S,2025-03-26T01:07:52.4Z,2,REGULAR,substitution,in,[],1629611,,,1610612737,65,47,2025-03-26T01:08:01Z,3500000,False,,,0,,SUB in: T. Mann,[1629611],22401049,1610612737,ATL,,,,Mann,T. Mann,,,,,,,,,,,,,,,,,,,,,,,,,,
352,PT00M12.00S,2025-03-26T01:07:52.4Z,2,REGULAR,substitution,in,[],1631243,,,1610612737,65,47,2025-03-26T01:08:01Z,3510000,False,,,0,,SUB in: M. Gueye,[1631243],22401049,1610612737,ATL,,,,Gueye,M. Gueye,,,,,,,,,,,,,,,,,,,,,,,,,,
348,PT00M12.00S,2025-03-26T01:07:52.4Z,2,REGULAR,substitution,out,[],1627747,,,1610612737,65,47,2025-03-26T01:08:01Z,3470000,False,,,0,,SUB out: C. LeVert,[1627747],22401049,1610612737,ATL,,,,LeVert,C. LeVert,,,,,,,,,,,,,,,,,,,,,,,,,,
349,PT00M12.00S,2025-03-26T01:07:52.4Z,2,REGULAR,substitution,out,[],1627777,,,1610612737,65,47,2025-03-26T01:08:01Z,3480000,False,,,0,,SUB out: G. Niang,[1627777],22401049,1610612737,ATL,,,,Niang,G. Niang,,,,,,,,,,,,,,,,,,,,,,,,,,
353,PT00M12.00S,2025-03-26T01:08:14.7Z,2,REGULAR,freethrow,2 of 2,[],1629027,,,1610612737,65,48,2025-03-26T01:08:14Z,3520000,False,,,0,,T. Young Free Throw 2 of 2 (13 PTS),[1629027],22401049,1610612737,ATL,,,,Young,T. Young,,,,,,,,Made,,,,,,,13.0,,,,,,,,,,,
354,PT00M03.80S,2025-03-26T01:08:28.8Z,2,REGULAR,foul,personal,[],1629611,,,1610612745,65,48,2025-03-26T01:08:47Z,3530000,False,,,0,,T. Mann personal FOUL (2 PF),"[1629611, 1630224]",22401049,1610612737,ATL,,,,Mann,T. Mann,,,,,Mid-Range,8-16 Right,,,,,,,,,,,,,1179.0,,2.0,0.0,Green,1630224.0,,
356,PT00M03.80S,2025-03-26T01:08:47.7Z,2,REGULAR,substitution,out,[],1629027,,,1610612745,65,48,2025-03-26T01:09:21Z,3550000,False,,,0,,SUB out: T. Young,[1629027],22401049,1610612737,ATL,,,,Young,T. Young,,,,,,,,,,,,,,,,,,,,,,,,,,
357,PT00M03.80S,2025-03-26T01:08:47.7Z,2,REGULAR,substitution,in,[],1627747,,,1610612745,65,48,2025-03-26T01:09:21Z,3560000,False,,,0,,SUB in: C. LeVert,[1627747],22401049,1610612737,ATL,,,,LeVert,C. LeVert,,,,,,,,,,,,,,,,,,,,,,,,,,
366,PT12M00.00S,2025-03-26T01:23:39.7Z,3,REGULAR,substitution,in,['startperiod'],1627777,,,1610612745,65,48,2025-03-26T01:24:49Z,3650000,False,,,0,,SUB in: G. Niang,[1627777],22401049,1610612737,ATL,,,,Niang,G. Niang,,,,,,,,,,,,,,,,,,,,,,,,,,
365,PT12M00.00S,2025-03-26T01:23:39.7Z,3,REGULAR,substitution,in,['startperiod'],1629027,,,1610612745,65,48,2025-03-26T01:24:49Z,3640000,False,,,0,,SUB in: T. Young,[1629027],22401049,1610612737,ATL,,,,Young,T. Young,,,,,,,,,,,,,,,,,,,,,,,,,,
364,PT12M00.00S,2025-03-26T01:23:39.7Z,3,REGULAR,substitution,in,['startperiod'],1642258,,,1610612745,65,48,2025-03-26T01:24:49Z,3630000,False,,,0,,SUB in: Z. Risacher,[1642258],22401049,1610612737,ATL,,,,Risacher,Z. Risacher,,,,,,,,,,,,,,,,,,,,,,,,,,
362,PT12M00.00S,2025-03-26T01:23:39.7Z,3,REGULAR,substitution,out,['startperiod'],1631243,,,1610612745,65,48,2025-03-26T01:24:49Z,3610000,False,,,0,,SUB out: M. Gueye,[1631243],22401049,1610612737,ATL,,,,Gueye,M. Gueye,,,,,,,,,,,,,,,,,,,,,,,,,,
361,PT12M00.00S,2025-03-26T01:23:39.7Z,3,REGULAR,substitution,out,['startperiod'],1629611,,,1610612745,65,48,2025-03-26T01:24:49Z,3600000,False,,,0,,SUB out: T. Mann,[1629611],22401049,1610612737,ATL,,,,Mann,T. Mann,,,,,,,,,,,,,,,,,,,,,,,,,,
363,PT12M00.00S,2025-03-26T01:23:39.7Z,3,REGULAR,substitution,out,['startperiod'],1627747,,,1610612745,65,48,2025-03-26T01:24:49Z,3620000,False,,,0,,SUB out: C. LeVert,[1627747],22401049,1610612737,ATL,,,,LeVert,C. LeVert,,,,,,,,,,,,,,,,,,,,,,,,,,
368,PT11M43.00S,2025-03-26T01:25:10.0Z,3,REGULAR,3pt,Jump Shot,[],1629027,68.54467805519053,12.5,1610612737,65,48,2025-03-26T01:25:16Z,3670000,False,-188.0,243.0,1,right,MISS T. Young 30' step back 3PT,[1629027],22401049,1610612737,ATL,step back,,,Young,T. Young,,,,,Above the Break 3,24+ Left Center,30.71,Missed,,,,,,,,,,,,,,,,,,
372,PT11M17.00S,2025-03-26T01:25:36.4Z,3,REGULAR,3pt,Jump Shot,[],1627777,76.03482260183968,13.23529411764706,1610612737,68,51,2025-03-26T01:25:39Z,3710000,False,-184.0,173.0,1,right,G. Niang 25' 3PT  (9 PTS) (T. Young 6 AST),"[1627777, 1629027]",22401049,1610612737,ATL,,,,Niang,G. Niang,,,,,Above the Break 3,24+ Left Center,25.23,Made,,,,,,,9.0,T. Young,1629027.0,6.0,,,,,,,,
375,PT10M53.00S,2025-03-26T01:26:13.5Z,3,REGULAR,turnover,out-of-bounds,[],1627777,,,1610612737,68,51,2025-03-26T01:26:22Z,3740000,False,,,0,,G. Niang bad pass out-of-bounds TURNOVER (2 TO),[1627777],22401049,1610612737,ATL,bad pass,,,Niang,G. Niang,,,,,Mid-Range,16-24 Left,,,,,,,,,,,,,1630886.0,2.0,,,,,,
377,PT10M39.00S,2025-03-26T01:26:46.1Z,3,REGULAR,rebound,defensive,[],1642258,,,1610612737,68,51,2025-03-26T01:26:50Z,3760000,False,,,0,,Z. Risacher REBOUND (Off:0 Def:1),[1642258],22401049,1610612737,ATL,,,,Risacher,Z. Risacher,,,,,In The Paint (Non-RA),8-16 Center,,,,,376.0,1.0,1.0,0.0,,,,,,,,,,,,
378,PT10M30.00S,2025-03-26T01:26:54.6Z,3,REGULAR,2pt,Layup,['pointsinthepaint'],1629027,91.40932982917214,50.73529411764706,1610612737,68,51,2025-03-26T01:27:00Z,3770000,False,4.0,28.0,1,right,MISS T. Young driving reverse Layup - blocked,"[1629027, 1630578]",22401049,1610612737,ATL,driving reverse,,,Young,T. Young,,,,,Restricted Area,0-8 Center,2.85,Missed,Sengun,1630578.0,,,,,,,,,,,,,,,,
381,PT10M19.00S,2025-03-26T01:27:06.9Z,3,REGULAR,foul,personal,['2freethrow'],1642258,,,1610612745,68,51,2025-03-26T01:27:16Z,3800000,False,,,0,,Z. Risacher shooting personal FOUL (1 PF) (Brooks 2 FT),"[1642258, 1628415]",22401049,1610612737,ATL,shooting,,,Risacher,Z. Risacher,,,,,In The Paint (Non-RA),8-16 Center,,,,,,,,,,,,,1179.0,,1.0,0.0,Brooks,1628415.0,,
385,PT10M08.00S,2025-03-26T01:28:06.2Z,3,REGULAR,turnover,lost ball,[],1629027,,,1610612737,70,51,2025-03-26T01:28:10Z,3840000,False,,,0,,T. Young lost ball TURNOVER (5 TO),"[1629027, 1631106]",22401049,1610612737,ATL,,,,Young,T. Young,,,,,In The Paint (Non-RA),8-16 Center,,,,,,,,,,,,,,5.0,,,,,Eason,1631106.0
389,PT09M52.00S,2025-03-26T01:29:25.8Z,3,REGULAR,2pt,Layup,"['pointsinthepaint', 'fromturnover']",1630700,91.27792378449409,35.294117647058826,1610612737,70,51,2025-03-26T01:29:38Z,3880000,False,-74.0,29.0,1,right,MISS D. Daniels 7' driving finger roll Layup,[1630700],22401049,1610612737,ATL,driving finger roll,,,Daniels,D. Daniels,,,,,In The Paint (Non-RA),0-8 Center,7.92,Missed,,,,,,,,,,,,,,,,,,
390,PT09M51.00S,2025-03-26T01:29:26.8Z,3,REGULAR,rebound,offensive,[],1630700,,,1610612737,70,51,2025-03-26T01:29:38Z,3890000,False,,,0,,D. Daniels REBOUND (Off:2 Def:2),[1630700],22401049,1610612737,ATL,,,,Daniels,D. Daniels,,,,,In The Paint (Non-RA),0-8 Center,,,,,389.0,4.0,2.0,2.0,,,,,,,,,,,,
391,PT09M51.00S,2025-03-26T01:29:29.1Z,3,REGULAR,2pt,Layup,"['2ndchance', 'pointsinthepaint', 'fromturnover']",1630700,94.40999984741211,50.0,1610612737,70,51,2025-03-26T01:30:00Z,3900000,False,0.0,0.0,1,right,MISS D. Daniels tip Layup,[1630700],22401049,1610612737,ATL,tip,,,Daniels,D. Daniels,,,,,Restricted Area,0-8 Center,0.0,Missed,,,,,,,,,,,,,,,,,,
395,PT09M51.00S,2025-03-26T01:29:29.1Z,3,REGULAR,rebound,offensive,['team'],0,,,1610612737,70,51,2025-03-26T01:30:17Z,3910000,False,,,0,,TEAM offensive REBOUND,[],22401049,1610612737,ATL,,,,,,,,,,Restricted Area,0-8 Center,,,,,391.0,,,,,,,,,,,,,,,
392,PT09M47.00S,2025-03-26T01:29:58.4Z,3,REGULAR,jumpball,recovered,[],1629027,,,1610612737,70,51,2025-03-26T01:32:13Z,3920000,False,,,0,,Jump Ball O. Okongwu vs. T. Eason: Tip to T. Young,"[1629027, 1630168, 1631106]",22401049,1610612737,ATL,lodgedball,T. Young,1629027.0,Young,T. Young,Okongwu,1630168.0,Eason,1631106.0,,,,,,,,,,,,,,,,,,,,,,
396,PT09M37.00S,2025-03-26T01:30:09.0Z,3,REGULAR,2pt,Layup,"['pointsinthepaint', 'fromturnover', '2ndchance']",1630700,93.64323258869908,47.30392156862745,1610612737,70,53,2025-03-26T01:33:13Z,3950000,False,-13.0,7.0,1,right,D. Daniels cutting Layup (4 PTS) (T. Young 7 AST),"[1630700, 1629027]",22401049,1610612737,ATL,cutting,,,Daniels,D. Daniels,,,,,Restricted Area,0-8 Center,1.53,Made,,,,,,,4.0,T. Young,1629027.0,7.0,,,,,,,,
398,PT09M23.00S,2025-03-26T01:30:36.5Z,3,REGULAR,foul,personal,[],1630168,,,1610612745,70,53,2025-03-26T01:31:30Z,3970000,False,,,0,,O. Okongwu personal FOUL (1 PF),"[1630168, 1630224]",22401049,1610612737,ATL,,,,Okongwu,O. Okongwu,,,,,Mid-Range,16-24 Right Center,,,,,,,,,,,,,1630886.0,,1.0,0.0,Green,1630224.0,,
401,PT09M08.00S,2025-03-26T01:31:30.4Z,3,REGULAR,rebound,defensive,[],1630168,,,1610612737,70,53,2025-03-26T01:31:36Z,4000000,False,,,0,,O. Okongwu REBOUND (Off:2 Def:7),[1630168],22401049,1610612737,ATL,,,,Okongwu,O. Okongwu,,,,,In The Paint (Non-RA),8-16 Right,,,,,400.0,9.0,7.0,2.0,,,,,,,,,,,,
406,PT09M02.00S,2025-03-26T01:31:30.6Z,3,REGULAR,2pt,Jump Shot,['pointsinthepaint'],1629027,87.72996057818659,47.549019607843135,1610612737,70,53,2025-03-26T02:03:12Z,4015000,False,-12.0,63.0,1,right,MISS T. Young 6' driving floating Shot,[1629027],22401049,1610612737,ATL,driving floating,,,Young,T. Young,,,,,In The Paint (Non-RA),0-8 Center,6.4,Missed,,,,,,,,,,,,,,,,,,
412,PT08M45.00S,2025-03-26T01:35:56.9Z,3,REGULAR,foul,personal,['1freethrow'],1627777,,,1610612745,72,53,2025-03-26T01:36:12Z,4110000,False,,,0,,G. Niang shooting personal FOUL (3 PF) (Sengun 1 FT),"[1627777, 1630578]",22401049,1610612737,ATL,shooting,,,Niang,G. Niang,,,,,Restricted Area,0-8 Center,,,,,,,,,,,,,1179.0,,3.0,0.0,Sengun,1630578.0,,
415,PT08M32.00S,2025-03-26T01:36:42.0Z,3,REGULAR,3pt,Jump Shot,[],1630700,67.62483574244416,65.93137254901961,1610612737,73,53,2025-03-26T01:36:49Z,4140000,False,80.0,252.0,1,right,MISS D. Daniels 26' 3PT,[1630700],22401049,1610612737,ATL,,,,Daniels,D. Daniels,,,,,Above the Break 3,24+ Center,26.41,Missed,,,,,,,,,,,,,,,,,,
416,PT08M30.00S,2025-03-26T01:36:44.0Z,3,REGULAR,rebound,offensive,['team'],0,,,1610612737,73,53,2025-03-26T01:36:49Z,4150000,False,,,0,,TEAM offensive REBOUND,[],22401049,1610612737,ATL,,,,,,,,,,Above the Break 3,24+ Center,,,,,415.0,,,,,,,,,,,,,,,
418,PT08M30.00S,2025-03-26T01:37:35.2Z,3,REGULAR,substitution,out,[],1627777,,,1610612737,73,53,2025-03-26T01:37:07Z,4195000,False,,,0,,SUB out: G. Niang,[1627777],22401049,1610612737,ATL,,,,Niang,G. Niang,,,,,,,,,,,,,,,,,,,,,,,,,,
419,PT08M30.00S,2025-03-26T01:37:35.2Z,3,REGULAR,substitution,in,[],1629726,,,1610612737,73,53,2025-03-26T01:37:07Z,4197500,False,,,0,,SUB in: G. Mathews,[1629726],22401049,1610612737,ATL,,,,Mathews,G. Mathews,,,,,,,,,,,,,,,,,,,,,,,,,,
424,PT08M18.00S,2025-03-26T01:40:28.1Z,3,REGULAR,turnover,bad pass,[],1642258,,,1610612737,73,53,2025-03-26T01:40:31Z,4230000,False,,,0,,Z. Risacher bad pass TURNOVER (1 TO),"[1642258, 1630224]",22401049,1610612737,ATL,,,,Risacher,Z. Risacher,,,,,Above the Break 3,24+ Center,,,,,,,,,,,,,,1.0,,,,,Green,1630224.0
427,PT08M06.00S,2025-03-26T01:40:40.4Z,3,REGULAR,2pt,Layup,['pointsinthepaint'],1630700,92.59198423127464,48.28431372549019,1610612737,75,55,2025-03-26T01:40:48Z,4260000,False,-9.0,17.0,1,right,D. Daniels reverse Layup (6 PTS) (T. Young 8 AST),"[1630700, 1629027]",22401049,1610612737,ATL,reverse,,,Daniels,D. Daniels,,,,,Restricted Area,0-8 Center,1.91,Made,,,,,,,6.0,T. Young,1629027.0,8.0,,,,,,,,
429,PT07M47.00S,2025-03-26T01:41:06.5Z,3,REGULAR,foul,personal,[],1630168,,,1610612745,75,55,2025-03-26T01:41:13Z,4280000,False,,,0,,O. Okongwu personal FOUL (2 PF),"[1630168, 1630578]",22401049,1610612737,ATL,,,,Okongwu,O. Okongwu,,,,,In The Paint (Non-RA),8-16 Center,,,,,,,,,,,,,1179.0,,2.0,0.0,Sengun,1630578.0,,
432,PT07M36.00S,2025-03-26T01:41:29.3Z,3,REGULAR,rebound,defensive,[],1642258,,,1610612737,75,55,2025-03-26T01:41:32Z,4310000,False,,,0,,Z. Risacher REBOUND (Off:0 Def:2),[1642258],22401049,1610612737,ATL,,,,Risacher,Z. Risacher,,,,,In The Paint (Non-RA),0-8 Center,,,,,431.0,2.0,2.0,0.0,,,,,,,,,,,,
433,PT07M27.00S,2025-03-26T01:41:38.8Z,3,REGULAR,3pt,Jump Shot,[],1642258,73.9323258869908,84.31372549019608,1610612737,75,55,2025-03-26T01:41:43Z,4320000,False,172.0,193.0,1,right,MISS Z. Risacher 25' 3PT,[1642258],22401049,1610612737,ATL,,,,Risacher,Z. Risacher,,,,,Above the Break 3,24+ Right Center,25.79,Missed,,,,,,,,,,,,,,,,,,
438,PT07M08.00S,2025-03-26T01:41:57.6Z,3,REGULAR,rebound,defensive,[],1630168,,,1610612737,75,55,2025-03-26T01:42:00Z,4370000,False,,,0,,O. Okongwu REBOUND (Off:2 Def:8),[1630168],22401049,1610612737,ATL,,,,Okongwu,O. Okongwu,,,,,Above the Break 3,24+ Right Center,,,,,437.0,10.0,8.0,2.0,,,,,,,,,,,,
439,PT06M51.00S,2025-03-26T01:42:14.6Z,3,REGULAR,3pt,Jump Shot,[],1629726,69.85873850197109,74.50980392156863,1610612737,75,55,2025-03-26T01:42:19Z,4380000,False,123.0,231.0,1,right,MISS G. Mathews 26' 3PT,[1629726],22401049,1610612737,ATL,,,,Mathews,G. Mathews,,,,,Above the Break 3,24+ Right Center,26.13,Missed,,,,,,,,,,,,,,,,,,
440,PT06M49.00S,2025-03-26T01:42:16.6Z,3,REGULAR,rebound,offensive,[],1630168,,,1610612737,75,55,2025-03-26T01:42:19Z,4390000,False,,,0,,O. Okongwu REBOUND (Off:3 Def:8),[1630168],22401049,1610612737,ATL,,,,Okongwu,O. Okongwu,,,,,Above the Break 3,24+ Right Center,,,,,439.0,11.0,8.0,3.0,,,,,,,,,,,,
441,PT06M47.00S,2025-03-26T01:42:19.4Z,3,REGULAR,3pt,Jump Shot,['2ndchance'],1630700,66.3107752956636,21.813725490196077,1610612737,75,58,2025-03-26T01:42:23Z,4400000,False,-141.0,264.0,1,right,D. Daniels 29' 3PT  (9 PTS) (O. Okongwu 1 AST),"[1630700, 1630168]",22401049,1610612737,ATL,,,,Daniels,D. Daniels,,,,,Above the Break 3,24+ Left Center,29.94,Made,,,,,,,9.0,O. Okongwu,1630168.0,1.0,,,,,,,,
444,PT06M21.00S,2025-03-26T01:42:43.6Z,3,REGULAR,rebound,defensive,[],1642258,,,1610612737,75,58,2025-03-26T01:42:47Z,4430000,False,,,0,,Z. Risacher REBOUND (Off:0 Def:3),[1642258],22401049,1610612737,ATL,,,,Risacher,Z. Risacher,,,,,Mid-Range,8-16 Left,,,,,443.0,3.0,3.0,0.0,,,,,,,,,,,,
445,PT06M14.00S,2025-03-26T01:42:51.5Z,3,REGULAR,3pt,Jump Shot,[],1642258,82.47371879106439,3.1862745098039214,1610612737,75,58,2025-03-26T01:42:56Z,4440000,False,-234.0,112.0,1,right,MISS Z. Risacher 25' 3PT,[1642258],22401049,1610612737,ATL,,,,Risacher,Z. Risacher,,,,,Above the Break 3,24+ Left Center,25.96,Missed,,,,,,,,,,,,,,,,,,
448,PT05M48.00S,2025-03-26T01:43:18.3Z,3,REGULAR,2pt,Jump Shot,['pointsinthepaint'],1630168,84.97043363994744,43.872549019607845,1610612737,77,58,2025-03-26T01:43:24Z,4470000,False,-31.0,89.0,1,right,MISS O. Okongwu 9' driving floating Shot,[1630168],22401049,1610612737,ATL,driving floating,,,Okongwu,O. Okongwu,,,,,In The Paint (Non-RA),8-16 Center,9.39,Missed,,,,,,,,,,,,,,,,,,
450,PT05M42.00S,2025-03-26T01:43:24.6Z,3,REGULAR,foul,personal,"['inpenalty', '2freethrow']",1630168,,,1610612745,77,58,2025-03-26T01:43:38Z,4490000,False,,,0,,O. Okongwu shooting personal FOUL (3 PF) (Eason 2 FT),"[1630168, 1631106]",22401049,1610612737,ATL,shooting,,,Okongwu,O. Okongwu,,,,,Restricted Area,0-8 Center,,,,,,,,,,,,,1630886.0,,3.0,0.0,Eason,1631106.0,,
454,PT05M42.00S,2025-03-26T01:44:00.5Z,3,REGULAR,substitution,out,[],1642258,,,1610612745,78,58,2025-03-26T01:44:06Z,4530000,False,,,0,,SUB out: Z. Risacher,[1642258],22401049,1610612737,ATL,,,,Risacher,Z. Risacher,,,,,,,,,,,,,,,,,,,,,,,,,,
456,PT05M42.00S,2025-03-26T01:44:00.5Z,3,REGULAR,substitution,in,[],1627747,,,1610612745,78,58,2025-03-26T01:44:06Z,4550000,False,,,0,,SUB in: C. LeVert,[1627747],22401049,1610612737,ATL,,,,LeVert,C. LeVert,,,,,,,,,,,,,,,,,,,,,,,,,,
458,PT05M29.00S,2025-03-26T01:44:43.0Z,3,REGULAR,3pt,Jump Shot,[],1630168,94.56307490144546,96.56862745098039,1610612737,79,61,2025-03-26T01:44:47Z,4570000,False,233.0,-1.0,1,right,O. Okongwu 3PT  (11 PTS) (D. Daniels 6 AST),"[1630168, 1630700]",22401049,1610612737,ATL,,,,Okongwu,O. Okongwu,,,,,Right Corner 3,24+ Right,23.28,Made,,,,,,,11.0,D. Daniels,1630700.0,6.0,,,,,,,,
460,PT05M18.00S,2025-03-26T01:45:05.3Z,3,REGULAR,foul,personal,"['inpenalty', '2freethrow']",1629726,,,1610612745,79,61,2025-03-26T01:45:18Z,4590000,False,,,0,,G. Mathews personal FOUL (1 PF) (Adams 2 FT),"[1629726, 203500]",22401049,1610612737,ATL,,,,Mathews,G. Mathews,,,,,Mid-Range,16-24 Center,,,,,,,,,,,,,1630886.0,,1.0,0.0,Adams,203500.0,,
467,PT05M08.00S,2025-03-26T01:45:57.5Z,3,REGULAR,3pt,Jump Shot,[],1629726,78.0059132720105,93.62745098039215,1610612737,80,61,2025-03-26T01:46:02Z,4660000,False,218.0,154.0,1,right,MISS G. Mathews 26' 3PT,[1629726],22401049,1610612737,ATL,,,,Mathews,G. Mathews,,,,,Above the Break 3,24+ Right Center,26.71,Missed,,,,,,,,,,,,,,,,,,
468,PT05M06.00S,2025-03-26T01:45:59.5Z,3,REGULAR,rebound,offensive,[],1630168,,,1610612737,80,61,2025-03-26T01:46:02Z,4670000,False,,,0,,O. Okongwu REBOUND (Off:4 Def:8),[1630168],22401049,1610612737,ATL,,,,Okongwu,O. Okongwu,,,,,Above the Break 3,24+ Right Center,,,,,467.0,12.0,8.0,4.0,,,,,,,,,,,,
469,PT04M53.00S,2025-03-26T01:46:11.9Z,3,REGULAR,2pt,Layup,"['pointsinthepaint', '2ndchance']",1630168,94.69448094612353,56.61764705882353,1610612737,80,61,2025-03-26T01:46:20Z,4680000,False,33.0,-3.0,1,right,MISS O. Okongwu cutting Layup,[1630168],22401049,1610612737,ATL,cutting,,,Okongwu,O. Okongwu,,,,,Restricted Area,0-8 Center,3.32,Missed,,,,,,,,,,,,,,,,,,
471,PT04M52.00S,2025-03-26T01:46:16.7Z,3,REGULAR,foul,personal,"['inpenalty', '2freethrow']",1630168,,,1610612745,80,61,2025-03-26T01:46:23Z,4700000,False,,,0,,O. Okongwu personal FOUL (4 PF) (Smith Jr. 2 FT),"[1630168, 1631095]",22401049,1610612737,ATL,,,,Okongwu,O. Okongwu,,,,,Restricted Area,0-8 Center,,,,,,,,,,,,,1630886.0,,4.0,0.0,Smith Jr.,1631095.0,,
474,PT04M52.00S,2025-03-26T01:46:56.5Z,3,REGULAR,substitution,out,[],1630168,,,1610612745,81,61,2025-03-26T01:47:10Z,4730000,False,,,0,,SUB out: O. Okongwu,[1630168],22401049,1610612737,ATL,,,,Okongwu,O. Okongwu,,,,,,,,,,,,,,,,,,,,,,,,,,
475,PT04M52.00S,2025-03-26T01:46:56.5Z,3,REGULAR,substitution,in,[],1631230,,,1610612745,81,61,2025-03-26T01:47:10Z,4740000,False,,,0,,SUB in: D. Barlow,[1631230],22401049,1610612737,ATL,,,,Barlow,D. Barlow,,,,,,,,,,,,,,,,,,,,,,,,,,
477,PT04M39.00S,2025-03-26T01:47:32.9Z,3,REGULAR,2pt,Jump Shot,['pointsinthepaint'],1630700,83.78777923784494,44.11764705882353,1610612737,82,63,2025-03-26T01:47:37Z,4760000,False,-29.0,100.0,1,right,D. Daniels 10' driving floating Jump Shot (11 PTS) (T. Young 9 AST),"[1630700, 1629027]",22401049,1610612737,ATL,driving floating,,,Daniels,D. Daniels,,,,,In The Paint (Non-RA),8-16 Center,10.41,Made,,,,,,,11.0,T. Young,1629027.0,9.0,,,,,,,,
479,PT04M10.00S,2025-03-26T01:48:04.5Z,3,REGULAR,foul,personal,"['inpenalty', '2freethrow']",1631230,,,1610612745,82,63,2025-03-26T01:48:12Z,4780000,False,,,0,,D. Barlow shooting personal FOUL (3 PF) (VanVleet 2 FT),"[1631230, 1627832]",22401049,1610612737,ATL,shooting,,,Barlow,D. Barlow,,,,,In The Paint (Non-RA),0-8 Center,,,,,,,,,,,,,1179.0,,3.0,0.0,VanVleet,1627832.0,,
482,PT04M10.00S,2025-03-26T01:48:44.8Z,3,REGULAR,substitution,out,[],1630700,,,1610612745,83,63,2025-03-26T01:48:50Z,4810000,False,,,0,,SUB out: D. Daniels,[1630700],22401049,1610612737,ATL,,,,Daniels,D. Daniels,,,,,,,,,,,,,,,,,,,,,,,,,,
483,PT04M10.00S,2025-03-26T01:48:44.8Z,3,REGULAR,substitution,in,[],1629611,,,1610612745,83,63,2025-03-26T01:48:50Z,4820000,False,,,0,,SUB in: T. Mann,[1629611],22401049,1610612737,ATL,,,,Mann,T. Mann,,,,,,,,,,,,,,,,,,,,,,,,,,
485,PT04M01.00S,2025-03-26T01:49:12.3Z,3,REGULAR,3pt,Jump Shot,[],1629027,67.36202365308804,41.17647058823529,1610612737,84,63,2025-03-26T01:49:17Z,4840000,False,-44.0,254.0,1,right,MISS T. Young 25' pullup 3PT,[1629027],22401049,1610612737,ATL,pullup,,,Young,T. Young,,,,,Above the Break 3,24+ Center,25.81,Missed,,,,,,,,,,,,,,,,,,
486,PT04M00.00S,2025-03-26T01:49:13.3Z,3,REGULAR,rebound,offensive,[],1631230,,,1610612737,84,63,2025-03-26T01:49:17Z,4850000,False,,,0,,D. Barlow REBOUND (Off:1 Def:0),[1631230],22401049,1610612737,ATL,,,,Barlow,D. Barlow,,,,,Above the Break 3,24+ Center,,,,,485.0,1.0,0.0,1.0,,,,,,,,,,,,
487,PT03M52.00S,2025-03-26T01:49:21.3Z,3,REGULAR,3pt,Jump Shot,['2ndchance'],1629726,82.07950065703022,5.147058823529411,1610612737,84,63,2025-03-26T01:49:28Z,4860000,False,-224.0,116.0,1,right,MISS G. Mathews 25' 3PT,[1629726],22401049,1610612737,ATL,,,,Mathews,G. Mathews,,,,,Above the Break 3,24+ Left Center,25.25,Missed,,,,,,,,,,,,,,,,,,
489,PT03M49.00S,2025-03-26T01:49:27.1Z,3,REGULAR,foul,personal,"['inpenalty', '2freethrow']",1629027,,,1610612745,84,63,2025-03-26T01:49:38Z,4880000,False,,,0,,T. Young personal FOUL (2 PF) (VanVleet 2 FT),"[1629027, 1627832]",22401049,1610612737,ATL,,,,Young,T. Young,,,,,Above the Break 3,24+ Right Center,,,,,,,,,,,,,1630886.0,,2.0,0.0,VanVleet,1627832.0,,
493,PT03M37.00S,2025-03-26T01:50:26.2Z,3,REGULAR,3pt,Jump Shot,[],1631230,95.3515111695138,96.56862745098039,1610612737,86,63,2025-03-26T01:50:30Z,4920000,False,233.0,-9.0,1,right,MISS D. Barlow 3PT,[1631230],22401049,1610612737,ATL,,,,Barlow,D. Barlow,,,,,Right Corner 3,24+ Right,23.3,Missed,,,,,,,,,,,,,,,,,,
495,PT03M31.00S,2025-03-26T01:50:34.7Z,3,REGULAR,foul,personal,"['inpenalty', '2freethrow']",1629726,,,1610612745,86,63,2025-03-26T01:50:47Z,4940000,False,,,0,,G. Mathews shooting personal FOUL (2 PF) (Adams 2 FT),"[1629726, 203500]",22401049,1610612737,ATL,shooting,,,Mathews,G. Mathews,,,,,Restricted Area,0-8 Center,,,,,,,,,,,,,1630886.0,,2.0,0.0,Adams,203500.0,,
499,PT03M22.00S,2025-03-26T01:51:23.6Z,3,REGULAR,2pt,Jump Shot,['pointsinthepaint'],1627747,81.553876478318,45.09803921568628,1610612737,88,65,2025-03-26T01:51:27Z,4980000,False,-25.0,121.0,1,right,C. LeVert 12' pullup Jump Shot (2 PTS) (T. Young 10 AST),"[1627747, 1629027]",22401049,1610612737,ATL,pullup,,,LeVert,C. LeVert,,,,,In The Paint (Non-RA),8-16 Center,12.34,Made,,,,,,,2.0,T. Young,1629027.0,10.0,,,,,,,,
502,PT02M54.00S,2025-03-26T01:51:51.5Z,3,REGULAR,3pt,Jump Shot,[],1627747,93.77463863337714,97.30392156862744,1610612737,90,68,2025-03-26T01:51:58Z,5010000,False,237.0,6.0,1,right,C. LeVert 3PT  (5 PTS) (G. Mathews 1 AST),"[1627747, 1629726]",22401049,1610612737,ATL,,,,LeVert,C. LeVert,,,,,Right Corner 3,24+ Right,23.66,Made,,,,,,,5.0,G. Mathews,1629726.0,1.0,,,,,,,,
506,PT02M30.00S,2025-03-26T01:52:15.7Z,3,REGULAR,rebound,offensive,[],1631230,,,1610612737,92,68,2025-03-26T01:52:26Z,5050000,False,,,0,,D. Barlow REBOUND (Off:2 Def:0),[1631230],22401049,1610612737,ATL,,,,Barlow,D. Barlow,,,,,In The Paint (Non-RA),8-16 Center,,,,,505.0,2.0,0.0,2.0,,,,,,,,,,,,
505,PT02M30.00S,2025-03-26T01:52:15.7Z,3,REGULAR,2pt,Jump Shot,['pointsinthepaint'],1627747,85.10183968462549,46.568627450980394,1610612737,92,68,2025-03-26T01:52:26Z,5040000,False,-17.0,88.0,1,right,MISS C. LeVert 8' turnaround fadeaway Shot,[1627747],22401049,1610612737,ATL,turnaround fadeaway,,,LeVert,C. LeVert,,,,,In The Paint (Non-RA),8-16 Center,8.92,Missed,,,,,,,,,,,,,,,,,,
507,PT02M27.00S,2025-03-26T01:52:19.7Z,3,REGULAR,2pt,Layup,"['pointsinthepaint', '2ndchance']",1631230,93.77463863337714,52.450980392156865,1610612737,92,68,2025-03-26T01:57:36Z,5060000,False,12.0,6.0,1,right,MISS D. Barlow putback Layup,[1631230],22401049,1610612737,ATL,putback,,,Barlow,D. Barlow,,,,,Restricted Area,0-8 Center,1.37,Missed,,,,,,,,,,,,,,,,,,
512,PT02M03.00S,2025-03-26T01:53:14.1Z,3,REGULAR,substitution,out,[],1629726,,,1610612737,92,68,2025-03-26T01:53:35Z,5110000,False,,,0,,SUB out: G. Mathews,[1629726],22401049,1610612737,ATL,,,,Mathews,G. Mathews,,,,,,,,,,,,,,,,,,,,,,,,,,
513,PT02M03.00S,2025-03-26T01:53:14.1Z,3,REGULAR,substitution,in,[],1630249,,,1610612737,92,68,2025-03-26T01:53:35Z,5120000,False,,,0,,SUB in: V. Krejčí,[1630249],22401049,1610612737,ATL,,,,Krejčí,V. Krejčí,,,,,,,,,,,,,,,,,,,,,,,,,,
514,PT01M48.00S,2025-03-26T01:53:29.6Z,3,REGULAR,2pt,Layup,"['pointsinthepaint', 'fromturnover']",1629027,93.51182654402102,42.64705882352941,1610612737,92,70,2025-03-26T01:53:39Z,5130000,False,-37.0,8.0,1,right,T. Young Layup (15 PTS),[1629027],22401049,1610612737,ATL,,,,Young,T. Young,,,,,Restricted Area,0-8 Center,3.78,Made,,,,,,,15.0,,,,,,,,,,,
517,PT01M29.00S,2025-03-26T01:54:03.6Z,3,REGULAR,rebound,defensive,['team'],0,,,1610612737,92,70,2025-03-26T01:54:03Z,5150000,False,,,0,,TEAM defensive REBOUND,[],22401049,1610612737,ATL,,,,,,,,,,In The Paint (Non-RA),8-16 Center,,,,,516.0,,,,,,,,,,,,,,,
519,PT01M19.00S,2025-03-26T01:54:25.0Z,3,REGULAR,3pt,Jump Shot,[],1627747,77.61169513797634,9.803921568627452,1610612737,92,70,2025-03-26T01:54:32Z,5170000,False,-201.0,158.0,1,right,MISS C. LeVert 25' 3PT,[1627747],22401049,1610612737,ATL,,,,LeVert,C. LeVert,,,,,Above the Break 3,24+ Left Center,25.57,Missed,,,,,,,,,,,,,,,,,,
524,PT00M45.60S,2025-03-26T01:55:15.6Z,3,REGULAR,2pt,Jump Shot,"['pointsinthepaint', 'fromturnover']",1629027,82.21090670170827,56.127450980392155,1610612737,92,72,2025-03-26T01:55:20Z,5200000,False,31.0,115.0,1,right,T. Young 11' driving floating Jump Shot (17 PTS),[1629027],22401049,1610612737,ATL,driving floating,,,Young,T. Young,,,,,In The Paint (Non-RA),8-16 Center,11.87,Made,,,,,,,17.0,,,,,,,,,,,
525,PT00M29.70S,2025-03-26T01:55:35.7Z,3,REGULAR,foul,personal,"['inpenalty', '2freethrow']",1631230,,,1610612745,92,72,2025-03-26T01:55:42Z,5210000,False,,,0,,D. Barlow shooting personal FOUL (4 PF) (Green 2 FT),"[1631230, 1630224]",22401049,1610612737,ATL,shooting,,,Barlow,D. Barlow,,,,,Restricted Area,0-8 Center,,,,,,,,,,,,,201639.0,,4.0,0.0,Green,1630224.0,,
533,PT00M11.00S,2025-03-26T01:56:57.1Z,3,REGULAR,2pt,Layup,['pointsinthepaint'],1629027,93.51182654402102,47.549019607843135,1610612737,94,72,2025-03-26T01:57:06Z,5290000,False,-12.0,8.0,1,right,MISS T. Young driving finger roll Layup,[1629027],22401049,1610612737,ATL,driving finger roll,,,Young,T. Young,,,,,Restricted Area,0-8 Center,1.5,Missed,,,,,,,,,,,,,,,,,,
534,PT00M10.00S,2025-03-26T01:56:58.1Z,3,REGULAR,rebound,offensive,[],1631230,,,1610612737,94,72,2025-03-26T01:57:06Z,5300000,False,,,0,,D. Barlow REBOUND (Off:3 Def:0),[1631230],22401049,1610612737,ATL,,,,Barlow,D. Barlow,,,,,Restricted Area,0-8 Center,,,,,533.0,3.0,0.0,3.0,,,,,,,,,,,,
535,PT00M10.00S,2025-03-26T01:56:59.8Z,3,REGULAR,2pt,DUNK,"['2ndchance', 'pointsinthepaint']",1631230,94.40999984741211,50.0,1610612737,94,74,2025-03-26T01:57:12Z,5310000,False,0.0,0.0,1,right,D. Barlow tip DUNK (2 PTS),[1631230],22401049,1610612737,ATL,tip,,,Barlow,D. Barlow,,,,,Restricted Area,0-8 Center,0.0,Made,,,,,,,2.0,,,,,,,,,,,
548,PT12M00.00S,2025-03-26T01:59:34.7Z,4,REGULAR,substitution,in,['startperiod'],1630168,,,1610612745,94,74,2025-03-26T01:59:52Z,5440000,False,,,0,,SUB in: O. Okongwu,[1630168],22401049,1610612737,ATL,,,,Okongwu,O. Okongwu,,,,,,,,,,,,,,,,,,,,,,,,,,
547,PT12M00.00S,2025-03-26T01:59:34.7Z,4,REGULAR,substitution,in,['startperiod'],1630700,,,1610612745,94,74,2025-03-26T01:59:52Z,5430000,False,,,0,,SUB in: D. Daniels,[1630700],22401049,1610612737,ATL,,,,Daniels,D. Daniels,,,,,,,,,,,,,,,,,,,,,,,,,,
546,PT12M00.00S,2025-03-26T01:59:34.7Z,4,REGULAR,substitution,in,['startperiod'],1642258,,,1610612745,94,74,2025-03-26T01:59:52Z,5420000,False,,,0,,SUB in: Z. Risacher,[1642258],22401049,1610612737,ATL,,,,Risacher,Z. Risacher,,,,,,,,,,,,,,,,,,,,,,,,,,
542,PT12M00.00S,2025-03-26T01:59:34.7Z,4,REGULAR,substitution,out,['startperiod'],1627747,,,1610612745,94,74,2025-03-26T01:59:52Z,5380000,False,,,0,,SUB out: C. LeVert,[1627747],22401049,1610612737,ATL,,,,LeVert,C. LeVert,,,,,,,,,,,,,,,,,,,,,,,,,,
541,PT12M00.00S,2025-03-26T01:59:34.7Z,4,REGULAR,substitution,out,['startperiod'],1631230,,,1610612745,94,74,2025-03-26T01:59:52Z,5370000,False,,,0,,SUB out: D. Barlow,[1631230],22401049,1610612737,ATL,,,,Barlow,D. Barlow,,,,,,,,,,,,,,,,,,,,,,,,,,
543,PT12M00.00S,2025-03-26T01:59:34.7Z,4,REGULAR,substitution,out,['startperiod'],1629027,,,1610612745,94,74,2025-03-26T01:59:52Z,5390000,False,,,0,,SUB out: T. Young,[1629027],22401049,1610612737,ATL,,,,Young,T. Young,,,,,,,,,,,,,,,,,,,,,,,,,,
551,PT11M41.00S,2025-03-26T02:00:14.7Z,4,REGULAR,rebound,defensive,[],1630700,,,1610612737,94,74,2025-03-26T02:00:18Z,5470000,False,,,0,,D. Daniels REBOUND (Off:2 Def:3),[1630700],22401049,1610612737,ATL,,,,Daniels,D. Daniels,,,,,Above the Break 3,24+ Left Center,,,,,550.0,5.0,3.0,2.0,,,,,,,,,,,,
556,PT11M34.00S,2025-03-26T02:00:48.8Z,4,REGULAR,freethrow,3 of 3,[],1630249,,,1610612737,94,76,2025-03-26T02:01:18Z,5520000,False,,,0,,MISS V. Krejčí Free Throw 3 of 3,[1630249],22401049,1610612737,ATL,,,,Krejčí,V. Krejčí,,,,,,,,Missed,,,,,,,,,,,,,,,,,,
555,PT11M34.00S,2025-03-26T02:00:48.8Z,4,REGULAR,freethrow,2 of 3,[],1630249,,,1610612737,94,76,2025-03-26T02:01:18Z,5510000,False,,,0,,V. Krejčí Free Throw 2 of 3 (5 PTS),[1630249],22401049,1610612737,ATL,,,,Krejčí,V. Krejčí,,,,,,,,Made,,,,,,,5.0,,,,,,,,,,,
554,PT11M34.00S,2025-03-26T02:00:48.8Z,4,REGULAR,freethrow,1 of 3,[],1630249,,,1610612737,94,75,2025-03-26T02:01:18Z,5500000,False,,,0,,V. Krejčí Free Throw 1 of 3 (4 PTS),[1630249],22401049,1610612737,ATL,,,,Krejčí,V. Krejčí,,,,,,,,Made,,,,,,,4.0,,,,,,,,,,,
559,PT11M31.00S,2025-03-26T02:02:05.1Z,4,REGULAR,freethrow,1 of 1,[],1642258,,,1610612745,94,77,2025-03-26T02:02:05Z,5550000,False,,,0,,Z. Risacher technical Free Throw 1 of 1 (9 PTS),[1642258],22401049,1610612737,ATL,technical,,,Risacher,Z. Risacher,,,,,,,,Made,,,,,,,9.0,,,,,,,,,,,
561,PT11M13.00S,2025-03-26T02:02:32.4Z,4,REGULAR,3pt,Jump Shot,[],1629611,80.76544021024968,6.862745098039216,1610612737,96,80,2025-03-26T02:02:40Z,5570000,False,-216.0,128.0,1,right,T. Mann 25' 3PT pullup (7 PTS) (D. Daniels 7 AST),"[1629611, 1630700]",22401049,1610612737,ATL,pullup,,,Mann,T. Mann,,,,,Above the Break 3,24+ Left Center,25.1,Made,,,,,,,7.0,D. Daniels,1630700.0,7.0,,,,,,,,
564,PT10M46.00S,2025-03-26T02:02:58.0Z,4,REGULAR,steal,,[],1630700,,,1610612737,96,80,2025-03-26T02:02:59Z,5600000,False,,,0,,D. Daniels STEAL (3 STL),[1630700],22401049,1610612737,ATL,,,,Daniels,D. Daniels,,,,,In The Paint (Non-RA),8-16 Center,,,,,,,,,,,,,,,,,,,,
565,PT10M42.00S,2025-03-26T02:03:03.0Z,4,REGULAR,2pt,Layup,"['pointsinthepaint', 'fromturnover', 'fastbreak']",1629611,91.80354796320631,39.950980392156865,1610612737,96,80,2025-03-26T02:03:13Z,5610000,False,-50.0,25.0,1,right,MISS T. Mann running Layup,[1629611],22401049,1610612737,ATL,running,,,Mann,T. Mann,,,,,In The Paint (Non-RA),0-8 Center,5.59,Missed,,,,,,,,,,,,,,,,,,
566,PT10M41.00S,2025-03-26T02:03:04.0Z,4,REGULAR,rebound,offensive,[],1630700,,,1610612737,96,80,2025-03-26T02:03:13Z,5620000,False,,,0,,D. Daniels REBOUND (Off:3 Def:3),[1630700],22401049,1610612737,ATL,,,,Daniels,D. Daniels,,,,,In The Paint (Non-RA),0-8 Center,,,,,565.0,6.0,3.0,3.0,,,,,,,,,,,,
567,PT10M37.00S,2025-03-26T02:03:08.3Z,4,REGULAR,turnover,bad pass,[],1630700,,,1610612737,96,80,2025-03-26T02:03:18Z,5630000,False,,,0,,D. Daniels bad pass TURNOVER (2 TO),"[1630700, 1630578]",22401049,1610612737,ATL,,,,Daniels,D. Daniels,,,,,Above the Break 3,24+ Left Center,,,,,,,,,,,,,,2.0,,,,,Sengun,1630578.0
570,PT10M29.00S,2025-03-26T02:03:16.0Z,4,REGULAR,rebound,defensive,[],1630168,,,1610612737,96,80,2025-03-26T02:03:21Z,5660000,False,,,0,,O. Okongwu REBOUND (Off:4 Def:9),[1630168],22401049,1610612737,ATL,,,,Okongwu,O. Okongwu,,,,,Above the Break 3,24+ Left Center,,,,,569.0,13.0,9.0,4.0,,,,,,,,,,,,
571,PT10M23.00S,2025-03-26T02:03:21.8Z,4,REGULAR,2pt,Layup,"['pointsinthepaint', 'fastbreak']",1642258,94.43166885676742,53.67647058823529,1610612737,96,82,2025-03-26T02:03:27Z,5670000,False,18.0,0.0,1,right,Z. Risacher running Layup (11 PTS) (D. Daniels 8 AST),"[1642258, 1630700]",22401049,1610612737,ATL,running,,,Risacher,Z. Risacher,,,,,Restricted Area,0-8 Center,1.84,Made,,,,,,,11.0,D. Daniels,1630700.0,8.0,,,,,,,,
576,PT09M46.00S,2025-03-26T02:04:16.5Z,4,REGULAR,3pt,Jump Shot,['fromturnover'],1630168,71.17279894875165,25.49019607843137,1610612737,96,85,2025-03-26T02:04:20Z,5720000,False,-123.0,218.0,1,right,O. Okongwu 25' 3PT  (14 PTS) (Z. Risacher 1 AST),"[1630168, 1642258]",22401049,1610612737,ATL,,,,Okongwu,O. Okongwu,,,,,Above the Break 3,24+ Left Center,25.05,Made,,,,,,,14.0,Z. Risacher,1642258.0,1.0,,,,,,,,
579,PT09M22.00S,2025-03-26T02:04:39.3Z,4,REGULAR,rebound,defensive,['team'],0,,,1610612737,96,85,2025-03-26T02:04:45Z,5750000,False,,,0,,TEAM defensive REBOUND,[],22401049,1610612737,ATL,,,,,,,,,,Mid-Range,16-24 Left Center,,,,,578.0,,,,,,,,,,,,,,,
585,PT09M14.00S,2025-03-26T02:05:09.5Z,4,REGULAR,3pt,Jump Shot,[],1630168,68.80749014454665,35.78431372549019,1610612737,96,85,2025-03-26T02:05:16Z,5810000,False,-71.0,241.0,1,right,MISS O. Okongwu 25' 3PT,[1630168],22401049,1610612737,ATL,,,,Okongwu,O. Okongwu,,,,,Above the Break 3,24+ Center,25.1,Missed,,,,,,,,,,,,,,,,,,
586,PT09M12.00S,2025-03-26T02:05:11.5Z,4,REGULAR,rebound,offensive,[],1630700,,,1610612737,96,85,2025-03-26T02:05:16Z,5820000,False,,,0,,D. Daniels REBOUND (Off:4 Def:3),[1630700],22401049,1610612737,ATL,,,,Daniels,D. Daniels,,,,,Above the Break 3,24+ Center,,,,,585.0,7.0,3.0,4.0,,,,,,,,,,,,
589,PT09M03.00S,2025-03-26T02:05:37.2Z,4,REGULAR,2pt,Layup,"['pointsinthepaint', '2ndchance']",1642258,91.67214191852825,61.51960784313726,1610612737,96,87,2025-03-26T02:05:40Z,5850000,False,58.0,26.0,1,right,Z. Risacher 6' cutting Layup (13 PTS) (D. Daniels 9 AST),"[1642258, 1630700]",22401049,1610612737,ATL,cutting,,,Risacher,Z. Risacher,,,,,In The Paint (Non-RA),0-8 Center,6.31,Made,,,,,,,13.0,D. Daniels,1630700.0,9.0,,,,,,,,
592,PT08M49.00S,2025-03-26T02:05:55.6Z,4,REGULAR,foul,personal,['1freethrow'],1630249,,,1610612745,98,87,2025-03-26T02:06:01Z,5880000,False,,,0,,V. Krejčí shooting personal FOUL (1 PF) (Green 1 FT),"[1630249, 1630224]",22401049,1610612737,ATL,shooting,,,Krejčí,V. Krejčí,,,,,Restricted Area,0-8 Center,,,,,,,,,,,,,201639.0,,1.0,0.0,Green,1630224.0,,
597,PT08M41.00S,2025-03-26T02:06:25.3Z,4,REGULAR,rebound,defensive,['team'],0,,,1610612737,98,87,2025-03-26T02:06:28Z,5930000,False,,,0,,TEAM defensive REBOUND,[],22401049,1610612737,ATL,,,,,,,,,,Above the Break 3,24+ Left Center,,,,,596.0,,,,,,,,,,,,,,,
599,PT08M34.00S,2025-03-26T02:06:37.2Z,4,REGULAR,3pt,Jump Shot,[],1630700,68.54467805519053,31.127450980392158,1610612737,98,87,2025-03-26T02:07:00Z,5950000,False,-94.0,243.0,1,right,MISS D. Daniels 26' 3PT,[1630700],22401049,1610612737,ATL,,,,Daniels,D. Daniels,,,,,Above the Break 3,24+ Left Center,26.09,Missed,,,,,,,,,,,,,,,,,,
601,PT08M31.00S,2025-03-26T02:06:59.6Z,4,REGULAR,foul,personal,[],1629611,,,1610612745,98,87,2025-03-26T02:07:08Z,5970000,False,,,0,,T. Mann personal FOUL (3 PF),"[1629611, 1630578]",22401049,1610612737,ATL,,,,Mann,T. Mann,,,,,Mid-Range,16-24 Right,,,,,,,,,,,,,201639.0,,3.0,0.0,Sengun,1630578.0,,
604,PT08M17.00S,2025-03-26T02:07:22.8Z,4,REGULAR,rebound,defensive,[],1630249,,,1610612737,98,87,2025-03-26T02:07:25Z,6000000,False,,,0,,V. Krejčí REBOUND (Off:0 Def:1),[1630249],22401049,1610612737,ATL,,,,Krejčí,V. Krejčí,,,,,Left Corner 3,24+ Left,,,,,603.0,1.0,1.0,0.0,,,,,,,,,,,,
605,PT08M13.00S,2025-03-26T02:07:27.1Z,4,REGULAR,3pt,Jump Shot,['fastbreak'],1629611,76.42904073587385,87.00980392156863,1610612737,98,90,2025-03-26T02:10:22Z,6010000,False,185.0,169.0,1,right,T. Mann 25' 3PT running pullup (10 PTS) (V. Krejčí 1 AST),"[1629611, 1630249]",22401049,1610612737,ATL,running pullup,,,Mann,T. Mann,,,,,Above the Break 3,24+ Right Center,25.06,Made,,,,,,,10.0,V. Krejčí,1630249.0,1.0,,,,,,,,
608,PT07M53.00S,2025-03-26T02:07:45.9Z,4,REGULAR,rebound,defensive,['team'],0,,,1610612737,98,90,2025-03-26T02:07:52Z,6040000,False,,,0,,TEAM defensive REBOUND,[],22401049,1610612737,ATL,,,,,,,,,,Mid-Range,16-24 Center,,,,,607.0,,,,,,,,,,,,,,,
614,PT07M41.00S,2025-03-26T02:08:48.2Z,4,REGULAR,freethrow,1 of 2,[],1630700,,,1610612737,98,91,2025-03-26T02:08:48Z,6100000,False,,,0,,D. Daniels Free Throw 1 of 2 (12 PTS),[1630700],22401049,1610612737,ATL,,,,Daniels,D. Daniels,,,,,,,,Made,,,,,,,12.0,,,,,,,,,,,
615,PT07M41.00S,2025-03-26T02:09:08.5Z,4,REGULAR,freethrow,2 of 2,[],1630700,,,1610612737,98,92,2025-03-26T02:09:08Z,6110000,False,,,0,,D. Daniels Free Throw 2 of 2 (13 PTS),[1630700],22401049,1610612737,ATL,,,,Daniels,D. Daniels,,,,,,,,Made,,,,,,,13.0,,,,,,,,,,,
617,PT07M29.00S,2025-03-26T02:09:21.8Z,4,REGULAR,block,,[],1630249,,,1610612745,98,92,2025-03-26T02:11:02Z,6130000,False,,,0,,V. Krejčí BLOCK (1 BLK),[1630249],22401049,1610612737,ATL,,,,Krejčí,V. Krejčí,,,,,Restricted Area,0-8 Center,,,,,,,,,,,,,,,,,,,,
618,PT07M28.00S,2025-03-26T02:09:22.8Z,4,REGULAR,rebound,defensive,[],1629611,,,1610612737,98,92,2025-03-26T02:09:28Z,6140000,False,,,0,,T. Mann REBOUND (Off:2 Def:1),[1629611],22401049,1610612737,ATL,,,,Mann,T. Mann,,,,,Restricted Area,0-8 Center,,,,,616.0,3.0,1.0,2.0,,,,,,,,,,,,
619,PT07M20.00S,2025-03-26T02:09:30.2Z,4,REGULAR,2pt,Jump Shot,['pointsinthepaint'],1629611,86.94152431011827,39.21568627450981,1610612737,98,94,2025-03-26T02:09:34Z,6150000,False,-54.0,70.0,1,right,T. Mann 8' turnaround fadeaway Jump Shot (12 PTS),[1629611],22401049,1610612737,ATL,turnaround fadeaway,,,Mann,T. Mann,,,,,In The Paint (Non-RA),8-16 Left,8.85,Made,,,,,,,12.0,,,,,,,,,,,
622,PT07M02.00S,2025-03-26T02:12:52.1Z,4,REGULAR,violation,defensive goaltending,[],1630249,,,1610612745,100,94,2025-03-26T02:12:57Z,6180000,False,,,0,,V. Krejčí defensive goaltending VIOLATION,[1630249],22401049,1610612737,ATL,,,,Krejčí,V. Krejčí,,,,,,,,,,,,,,,,,,,1630886.0,,,,,,,
623,PT06M56.00S,2025-03-26T02:13:04.3Z,4,REGULAR,2pt,Jump Shot,['pointsinthepaint'],1630700,82.47371879106439,59.55882352941176,1610612737,100,94,2025-03-26T02:14:40Z,6190000,False,48.0,112.0,1,right,MISS D. Daniels 12' driving floating Shot,[1630700],22401049,1610612737,ATL,driving floating,,,Daniels,D. Daniels,,,,,In The Paint (Non-RA),8-16 Center,12.2,Missed,,,,,,,,,,,,,,,,,,
640,PT06M56.00S,2025-03-26T02:13:04.3Z,4,REGULAR,rebound,offensive,[],1630168,,,1610612737,100,94,2025-03-26T02:14:40Z,6205000,False,,,0,,O. Okongwu REBOUND (Off:5 Def:9),[1630168],22401049,1610612737,ATL,,,,Okongwu,O. Okongwu,,,,,In The Paint (Non-RA),8-16 Center,,,,,623.0,14.0,9.0,5.0,,,,,,,,,,,,
625,PT06M56.00S,2025-03-26T02:13:10.3Z,4,REGULAR,turnover,lost ball,[],1630168,,,1610612737,100,94,2025-03-26T02:15:19Z,6210000,False,,,0,,O. Okongwu lost ball TURNOVER (1 TO),"[1630168, 1631095]",22401049,1610612737,ATL,,,,Okongwu,O. Okongwu,,,,,In The Paint (Non-RA),8-16 Center,,,,,,,,,,,,,,1.0,,,,,Smith Jr.,1631095.0
628,PT06M46.00S,2025-03-26T02:13:17.9Z,4,REGULAR,violation,kicked ball,[],1629611,,,1610612745,100,94,2025-03-26T02:13:35Z,6230000,False,,,0,,T. Mann kicked ball VIOLATION,[1629611],22401049,1610612737,ATL,,,,Mann,T. Mann,,,,,,,,,,,,,,,,,,,1179.0,,,,,,,
630,PT06M46.00S,2025-03-26T02:13:23.1Z,4,REGULAR,substitution,in,[],1629027,,,1610612745,100,94,2025-03-26T02:13:31Z,6250000,False,,,0,,SUB in: T. Young,[1629027],22401049,1610612737,ATL,,,,Young,T. Young,,,,,,,,,,,,,,,,,,,,,,,,,,
629,PT06M46.00S,2025-03-26T02:13:23.1Z,4,REGULAR,substitution,out,[],1630249,,,1610612745,100,94,2025-03-26T02:13:31Z,6240000,False,,,0,,SUB out: V. Krejčí,[1630249],22401049,1610612737,ATL,,,,Krejčí,V. Krejčí,,,,,,,,,,,,,,,,,,,,,,,,,,
632,PT06M36.00S,2025-03-26T02:13:44.6Z,4,REGULAR,rebound,defensive,[],1630168,,,1610612737,100,94,2025-03-26T02:13:49Z,6270000,False,,,0,,O. Okongwu REBOUND (Off:5 Def:10),[1630168],22401049,1610612737,ATL,,,,Okongwu,O. Okongwu,,,,,Above the Break 3,24+ Left Center,,,,,631.0,15.0,10.0,5.0,,,,,,,,,,,,
633,PT06M31.00S,2025-03-26T02:13:50.2Z,4,REGULAR,2pt,Layup,"['pointsinthepaint', 'fastbreak']",1642258,93.77463863337714,46.81372549019608,1610612737,100,94,2025-03-26T02:16:26Z,6280000,False,-16.0,6.0,1,right,MISS Z. Risacher running Layup,[1642258],22401049,1610612737,ATL,running,,,Risacher,Z. Risacher,,,,,Restricted Area,0-8 Center,1.7,Missed,,,,,,,,,,,,,,,,,,
636,PT06M16.00S,2025-03-26T02:14:17.7Z,4,REGULAR,foul,personal,['1freethrow'],1642258,,,1610612745,102,94,2025-03-26T02:14:24Z,6310000,False,,,0,,Z. Risacher shooting personal FOUL (2 PF) (Green 1 FT),"[1642258, 1630224]",22401049,1610612737,ATL,shooting,,,Risacher,Z. Risacher,,,,,Restricted Area,0-8 Center,,,,,,,,,,,,,201639.0,,2.0,0.0,Green,1630224.0,,
639,PT06M13.00S,2025-03-26T02:14:39.8Z,4,REGULAR,rebound,defensive,[],1629611,,,1610612737,102,94,2025-03-26T02:14:43Z,6340000,False,,,0,,T. Mann REBOUND (Off:2 Def:2),[1629611],22401049,1610612737,ATL,,,,Mann,T. Mann,,,,,,,,,,,638.0,4.0,2.0,2.0,,,,,,,,,,,,
641,PT06M06.00S,2025-03-26T02:14:48.7Z,4,REGULAR,2pt,Layup,['pointsinthepaint'],1642258,94.03745072273325,48.529411764705884,1610612737,102,96,2025-03-26T02:15:01Z,6350000,False,-7.0,4.0,1,right,Z. Risacher cutting Layup (15 PTS) (O. Okongwu 2 AST),"[1642258, 1630168]",22401049,1610612737,ATL,cutting,,,Risacher,Z. Risacher,,,,,Restricted Area,0-8 Center,0.82,Made,,,,,,,15.0,O. Okongwu,1630168.0,2.0,,,,,,,,
645,PT06M06.00S,2025-03-26T02:15:13.3Z,4,REGULAR,freethrow,1 of 1,[],1642258,,,1610612737,102,97,2025-03-26T02:15:13Z,6390000,False,,,0,,Z. Risacher Free Throw 1 of 1 (16 PTS),[1642258],22401049,1610612737,ATL,,,,Risacher,Z. Risacher,,,,,,,,Made,,,,,,,16.0,,,,,,,,,,,
649,PT05M33.00S,2025-03-26T02:16:00.3Z,4,REGULAR,3pt,Jump Shot,[],1629027,68.9388961892247,30.14705882352941,1610612737,105,97,2025-03-26T02:16:07Z,6430000,False,-99.0,239.0,1,right,MISS T. Young 25' pullup 3PT,[1629027],22401049,1610612737,ATL,pullup,,,Young,T. Young,,,,,Above the Break 3,24+ Left Center,25.93,Missed,,,,,,,,,,,,,,,,,,
650,PT05M31.00S,2025-03-26T02:16:02.3Z,4,REGULAR,rebound,offensive,['team'],0,,,1610612737,105,97,2025-03-26T02:16:07Z,6440000,False,,,0,,TEAM offensive REBOUND,[],22401049,1610612737,ATL,,,,,,,,,,Above the Break 3,24+ Left Center,,,,,649.0,,,,,,,,,,,,,,,
652,PT05M25.00S,2025-03-26T02:16:26.2Z,4,REGULAR,3pt,Jump Shot,['2ndchance'],1642258,93.77463863337714,97.54901960784314,1610612737,105,97,2025-03-26T02:16:31Z,6460000,False,238.0,6.0,1,right,MISS Z. Risacher 3PT,[1642258],22401049,1610612737,ATL,,,,Risacher,Z. Risacher,,,,,Right Corner 3,24+ Right,23.78,Missed,,,,,,,,,,,,,,,,,,
656,PT05M00.00S,2025-03-26T02:16:56.7Z,4,REGULAR,timeout,full,"['team', 'mandatory']",0,,,1610612737,108,97,2025-03-26T02:16:56Z,6500000,False,,,0,,ATL Timeout,[],22401049,1610612737,ATL,,,,,,,,,,,,,,,,,,,,,,,,,,,,,,,
657,PT04M51.00S,2025-03-26T02:20:00.2Z,4,REGULAR,2pt,Jump Shot,[],1642258,84.83902759526939,8.57843137254902,1610612737,108,97,2025-03-26T02:20:05Z,6510000,False,-207.0,90.0,1,right,MISS Z. Risacher 22' Jump Shot,[1642258],22401049,1610612737,ATL,,,,Risacher,Z. Risacher,,,,,Mid-Range,16-24 Left,22.58,Missed,,,,,,,,,,,,,,,,,,
660,PT04M05.00S,2025-03-26T02:20:45.5Z,4,REGULAR,3pt,Jump Shot,[],1629611,79.97700394218134,92.8921568627451,1610612737,110,97,2025-03-26T02:23:32Z,6540000,False,214.0,136.0,1,right,MISS T. Mann 25' step back 3PT,[1629611],22401049,1610612737,ATL,step back,,,Mann,T. Mann,,,,,Above the Break 3,24+ Right Center,25.38,Missed,,,,,,,,,,,,,,,,,,
661,PT04M04.00S,2025-03-26T02:20:46.5Z,4,REGULAR,rebound,offensive,[],1642258,,,1610612737,110,97,2025-03-26T02:21:00Z,6550000,False,,,0,,Z. Risacher REBOUND (Off:1 Def:3),[1642258],22401049,1610612737,ATL,,,,Risacher,Z. Risacher,,,,,Above the Break 3,24+ Right Center,,,,,660.0,4.0,3.0,1.0,,,,,,,,,,,,
662,PT04M04.00S,2025-03-26T02:20:49.6Z,4,REGULAR,2pt,DUNK,"['2ndchance', 'pointsinthepaint']",1642258,94.40999984741211,50.0,1610612737,110,99,2025-03-26T02:21:04Z,6560000,False,0.0,0.0,1,right,Z. Risacher tip DUNK (18 PTS),[1642258],22401049,1610612737,ATL,tip,,,Risacher,Z. Risacher,,,,,Restricted Area,0-8 Center,0.0,Made,,,,,,,18.0,,,,,,,,,,,
665,PT03M18.00S,2025-03-26T02:21:39.5Z,4,REGULAR,substitution,out,[],1642258,,,1610612737,112,99,2025-03-26T02:21:43Z,6590000,False,,,0,,SUB out: Z. Risacher,[1642258],22401049,1610612737,ATL,,,,Risacher,Z. Risacher,,,,,,,,,,,,,,,,,,,,,,,,,,
666,PT03M18.00S,2025-03-26T02:21:39.5Z,4,REGULAR,substitution,in,[],1627777,,,1610612737,112,99,2025-03-26T02:21:43Z,6600000,False,,,0,,SUB in: G. Niang,[1627777],22401049,1610612737,ATL,,,,Niang,G. Niang,,,,,,,,,,,,,,,,,,,,,,,,,,
667,PT03M06.00S,2025-03-26T02:22:03.9Z,4,REGULAR,2pt,Layup,['pointsinthepaint'],1629611,93.9060446780552,51.71568627450981,1610612737,112,101,2025-03-26T02:22:11Z,6610000,False,9.0,5.0,1,right,T. Mann driving reverse Layup (14 PTS),[1629611],22401049,1610612737,ATL,driving reverse,,,Mann,T. Mann,,,,,Restricted Area,0-8 Center,0.98,Made,,,,,,,14.0,,,,,,,,,,,
669,PT02M47.00S,2025-03-26T02:22:23.5Z,4,REGULAR,steal,,[],1629611,,,1610612737,112,101,2025-03-26T02:22:25Z,6630000,False,,,0,,T. Mann STEAL (1 STL),[1629611],22401049,1610612737,ATL,,,,Mann,T. Mann,,,,,In The Paint (Non-RA),0-8 Center,,,,,,,,,,,,,,,,,,,,
670,PT02M43.00S,2025-03-26T02:22:27.4Z,4,REGULAR,2pt,Layup,"['pointsinthepaint', 'fromturnover', 'fastbreak']",1629611,94.03745072273325,52.20588235294118,1610612737,112,103,2025-03-26T02:22:32Z,6640000,False,11.0,4.0,1,right,T. Mann running finger roll Layup (16 PTS),[1629611],22401049,1610612737,ATL,running finger roll,,,Mann,T. Mann,,,,,Restricted Area,0-8 Center,1.15,Made,,,,,,,16.0,,,,,,,,,,,
673,PT02M18.00S,2025-03-26T02:22:51.9Z,4,REGULAR,2pt,Jump Shot,[],1629027,79.05716162943496,51.225490196078425,1610612737,114,103,2025-03-26T02:22:57Z,6670000,False,6.0,144.0,1,right,MISS T. Young 14' driving floating Shot,[1629027],22401049,1610612737,ATL,driving floating,,,Young,T. Young,,,,,Mid-Range,8-16 Center,14.45,Missed,,,,,,,,,,,,,,,,,,
676,PT02M02.00S,2025-03-26T02:23:08.6Z,4,REGULAR,rebound,defensive,[],1630700,,,1610612737,114,103,2025-03-26T02:23:14Z,6700000,False,,,0,,D. Daniels REBOUND (Off:4 Def:4),[1630700],22401049,1610612737,ATL,,,,Daniels,D. Daniels,,,,,Mid-Range,8-16 Right,,,,,675.0,8.0,4.0,4.0,,,,,,,,,,,,
677,PT01M51.00S,2025-03-26T02:23:20.2Z,4,REGULAR,2pt,Jump Shot,[],1629027,86.41590013140605,31.127450980392158,1610612737,114,105,2025-03-26T02:23:27Z,6710000,False,-94.0,75.0,1,right,T. Young 12' driving floating Jump Shot (19 PTS) (O. Okongwu 3 AST),"[1629027, 1630168]",22401049,1610612737,ATL,driving floating,,,Young,T. Young,,,,,Mid-Range,8-16 Left,12.07,Made,,,,,,,19.0,O. Okongwu,1630168.0,3.0,,,,,,,,
682,PT01M28.00S,2025-03-26T02:24:06.1Z,4,REGULAR,timeout,full,['team'],0,,,1610612745,114,105,2025-03-26T02:24:06Z,6760000,False,,,0,,ATL Timeout,[],22401049,1610612737,ATL,,,,,,,,,,,,,,,,,,,,,,,,,,,,,,,
685,PT01M15.00S,2025-03-26T02:27:19.1Z,4,REGULAR,3pt,Jump Shot,['fromturnover'],1630700,70.51576872536137,23.52941176470588,1610612737,114,108,2025-03-26T02:27:23Z,6790000,False,-132.0,225.0,1,right,D. Daniels 26' 3PT  (16 PTS) (T. Young 11 AST),"[1630700, 1629027]",22401049,1610612737,ATL,,,,Daniels,D. Daniels,,,,,Above the Break 3,24+ Left Center,26.08,Made,,,,,,,16.0,T. Young,1629027.0,11.0,,,,,,,,
689,PT00M44.50S,2025-03-26T02:27:57.6Z,4,REGULAR,3pt,Jump Shot,[],1630700,75.24638633377135,10.049019607843137,1610612737,117,111,2025-03-26T02:28:03Z,6830000,False,-200.0,180.0,1,right,D. Daniels 26' 3PT  (19 PTS) (T. Young 12 AST),"[1630700, 1629027]",22401049,1610612737,ATL,,,,Daniels,D. Daniels,,,,,Above the Break 3,24+ Left Center,26.91,Made,,,,,,,19.0,T. Young,1629027.0,12.0,,,,,,,,
692,PT00M37.60S,2025-03-26T02:28:10.5Z,4,REGULAR,steal,,[],1630700,,,1610612737,117,111,2025-03-26T02:32:38Z,6860000,False,,,0,,D. Daniels STEAL (4 STL),[1630700],22401049,1610612737,ATL,,,,Daniels,D. Daniels,,,,,Above the Break 3,24+ Left Center,,,,,,,,,,,,,,,,,,,,
693,PT00M22.90S,2025-03-26T02:28:25.3Z,4,REGULAR,3pt,Jump Shot,['fromturnover'],1627777,70.51576872536137,72.05882352941177,1610612737,117,114,2025-03-26T02:28:29Z,6870000,False,110.0,225.0,1,right,G. Niang 25' 3PT  (12 PTS) (D. Daniels 10 AST),"[1627777, 1630700]",22401049,1610612737,ATL,,,,Niang,G. Niang,,,,,Above the Break 3,24+ Right Center,25.03,Made,,,,,,,12.0,D. Daniels,1630700.0,10.0,,,,,,,,
695,PT00M18.00S,2025-03-26T02:28:38.5Z,4,REGULAR,foul,personal,[],1630700,,,1610612745,117,114,2025-03-26T02:28:46Z,6890000,False,,,0,,D. Daniels take personal FOUL (2 PF),"[1630700, 1627832]",22401049,1610612737,ATL,take,,,Daniels,D. Daniels,,,,,Above the Break 3,24+ Center,,,,,,,,,,,,,201639.0,,2.0,0.0,VanVleet,1627832.0,,
699,PT00M14.30S,2025-03-26T02:29:19.1Z,4,REGULAR,foul,personal,"['inpenalty', '2freethrow']",1629611,,,1610612745,117,114,2025-03-26T02:29:25Z,6930000,False,,,0,,T. Mann take personal FOUL (4 PF) (VanVleet 2 FT),"[1629611, 1627832]",22401049,1610612737,ATL,take,,,Mann,T. Mann,,,,,Above the Break 3,24+ Left Center,,,,,,,,,,,,,201639.0,,4.0,0.0,VanVleet,1627832.0,,
705,PT00M14.30S,2025-03-26T02:30:19.7Z,4,REGULAR,timeout,full,['team'],0,,,1610612737,119,114,2025-03-26T02:30:19Z,6990000,False,,,0,,ATL Timeout,[],22401049,1610612737,ATL,,,,,,,,,,,,,,,,,,,,,,,,,,,,,,,
706,PT00M12.60S,2025-03-26T02:32:02.2Z,4,REGULAR,3pt,Jump Shot,[],1627777,95.0886990801577,4.411764705882353,1610612737,119,114,2025-03-26T02:32:08Z,7000000,False,-228.0,-6.0,1,right,MISS G. Niang 3PT,[1627777],22401049,1610612737,ATL,,,,Niang,G. Niang,,,,,Left Corner 3,24+ Left,22.8,Missed,,,,,,,,,,,,,,,,,,
709,PT00M08.50S,2025-03-26T02:32:22.4Z,4,REGULAR,foul,personal,"['inpenalty', '2freethrow']",1630700,,,1610612745,119,114,2025-03-26T02:32:28Z,7030000,False,,,0,,D. Daniels take personal FOUL (3 PF) (VanVleet 2 FT),"[1630700, 1627832]",22401049,1610612737,ATL,take,,,Daniels,D. Daniels,,,,,Mid-Range,16-24 Left,,,,,,,,,,,,,1179.0,,3.0,0.0,VanVleet,1627832.0,,
713,PT00M02.40S,2025-03-26T02:33:12.8Z,4,REGULAR,2pt,Jump Shot,[],1629611,76.69185282522996,17.401960784313726,1610612737,121,114,2025-03-26T02:34:59Z,7070000,False,-163.0,167.0,1,right,MISS T. Mann 23' pullup Shot,[1629611],22401049,1610612737,ATL,pullup,,,Mann,T. Mann,,,,,Mid-Range,16-24 Left Center,23.31,Missed,,,,,,,,,,,,,,,,,,
4,PT11M58.00S,2025-03-27T23:42:20.2Z,1,REGULAR,jumpball,recovered,[],1630700,,,1610612737,0,0,2025-03-27T23:42:20Z,40000,False,,,0,,Jump Ball O. Okongwu vs. K. Ware: Tip to D. Daniels,"[1630700, 1630168, 1642276]",22401062,1610612737,ATL,startperiod,D. Daniels,1630700.0,Daniels,D. Daniels,Okongwu,1630168.0,Ware,1642276.0,,,,,,,,,,,,,,,,,,,,,,
7,PT11M46.00S,2025-03-27T23:42:33.6Z,1,REGULAR,turnover,out-of-bounds,[],1642258,,,1610612737,0,0,2025-03-27T23:42:42Z,70000,False,,,0,,Z. Risacher bad pass out-of-bounds TURNOVER (1 TO),[1642258],22401062,1610612737,ATL,bad pass,,,Risacher,Z. Risacher,,,,,Restricted Area,0-8 Center,,,,,,,,,,,,,1628171.0,1.0,,,,,,
10,PT11M18.00S,2025-03-27T23:43:06.3Z,1,REGULAR,2pt,DUNK,['pointsinthepaint'],1642258,94.1688567674113,50.98039215686274,1610612737,2,2,2025-03-28T03:06:33Z,100000,False,5.0,2.0,1,right,Z. Risacher cutting DUNK (2 PTS) (T. Young 1 AST),"[1642258, 1629027]",22401062,1610612737,ATL,cutting,,,Risacher,Z. Risacher,,,,,Restricted Area,0-8 Center,0.54,Made,,,,,,,2.0,T. Young,1629027.0,1.0,,,,,,,,
11,PT11M11.00S,2025-03-27T23:43:15.7Z,1,REGULAR,foul,personal,[],1630168,,,1610612748,2,2,2025-03-27T23:43:36Z,110000,False,,,0,,O. Okongwu personal FOUL (1 PF),"[1630168, 1628389]",22401062,1610612737,ATL,,,,Okongwu,O. Okongwu,,,,,Mid-Range,16-24 Left Center,,,,,,,,,,,,,201245.0,,1.0,0.0,Adebayo,1628389.0,,
16,PT10M57.00S,2025-03-27T23:43:55.0Z,1,REGULAR,rebound,defensive,['team'],0,,,1610612737,2,2,2025-03-27T23:44:03Z,160000,False,,,0,,TEAM defensive REBOUND,[],22401062,1610612737,ATL,,,,,,,,,,Restricted Area,0-8 Center,,,,,15.0,,,,,,,,,,,,,,,
18,PT10M48.00S,2025-03-27T23:44:05.0Z,1,REGULAR,2pt,Layup,['pointsinthepaint'],1630168,93.9060446780552,52.69607843137255,1610612737,2,4,2025-03-27T23:44:11Z,180000,False,13.0,5.0,1,right,O. Okongwu cutting finger roll Layup (2 PTS) (T. Young 2 AST),"[1630168, 1629027]",22401062,1610612737,ATL,cutting finger roll,,,Okongwu,O. Okongwu,,,,,Restricted Area,0-8 Center,1.43,Made,,,,,,,2.0,T. Young,1629027.0,2.0,,,,,,,,
21,PT10M31.00S,2025-03-27T23:44:21.9Z,1,REGULAR,rebound,defensive,[],1630700,,,1610612737,2,4,2025-03-27T23:44:23Z,210000,False,,,0,,D. Daniels REBOUND (Off:0 Def:1),[1630700],22401062,1610612737,ATL,,,,Daniels,D. Daniels,,,,,Left Corner 3,24+ Left,,,,,20.0,1.0,1.0,0.0,,,,,,,,,,,,
22,PT10M28.00S,2025-03-27T23:44:24.6Z,1,REGULAR,2pt,Jump Shot,"['fastbreak', 'pointsinthepaint']",1630700,89.83245729303549,50.49019607843137,1610612737,2,6,2025-03-27T23:47:52Z,220000,False,2.0,43.0,1,right,D. Daniels driving floating Jump Shot (2 PTS),[1630700],22401062,1610612737,ATL,driving floating,,,Daniels,D. Daniels,,,,,Restricted Area,0-8 Center,4.32,Made,,,,,,,2.0,,,,,,,,,,,
27,PT09M58.00S,2025-03-27T23:45:12.1Z,1,REGULAR,rebound,defensive,[],1630168,,,1610612737,2,6,2025-03-27T23:52:50Z,260000,False,,,0,,O. Okongwu REBOUND (Off:0 Def:1),[1630168],22401062,1610612737,ATL,,,,Okongwu,O. Okongwu,,,,,Above the Break 3,24+ Center,,,,,26.0,1.0,1.0,0.0,,,,,,,,,,,,
28,PT09M53.00S,2025-03-27T23:45:17.1Z,1,REGULAR,2pt,Layup,"['pointsinthepaint', 'fastbreak']",1629027,92.46057818659659,53.18627450980392,1610612737,2,6,2025-03-27T23:45:27Z,270000,False,16.0,18.0,1,right,MISS T. Young running finger roll Layup,[1629027],22401062,1610612737,ATL,running finger roll,,,Young,T. Young,,,,,Restricted Area,0-8 Center,2.43,Missed,,,,,,,,,,,,,,,,,,
33,PT09M37.00S,2025-03-27T23:45:34.0Z,1,REGULAR,rebound,defensive,[],1630168,,,1610612737,2,6,2025-03-27T23:45:42Z,320000,False,,,0,,O. Okongwu REBOUND (Off:0 Def:2),[1630168],22401062,1610612737,ATL,,,,Okongwu,O. Okongwu,,,,,Above the Break 3,24+ Right Center,,,,,32.0,2.0,2.0,0.0,,,,,,,,,,,,
34,PT09M23.00S,2025-03-27T23:45:47.1Z,1,REGULAR,3pt,Jump Shot,[],1630168,66.83639947437582,55.14705882352941,1610612737,2,6,2025-03-27T23:45:53Z,330000,False,26.0,259.0,1,right,MISS O. Okongwu 26' 3PT,[1630168],22401062,1610612737,ATL,,,,Okongwu,O. Okongwu,,,,,Above the Break 3,24+ Center,26.05,Missed,,,,,,,,,,,,,,,,,,
37,PT09M10.00S,2025-03-27T23:46:00.2Z,1,REGULAR,block,,[],1630249,,,1610612748,2,6,2025-03-27T23:46:03Z,360000,False,,,0,,V. Krejčí BLOCK (1 BLK),[1630249],22401062,1610612737,ATL,,,,Krejčí,V. Krejčí,,,,,In The Paint (Non-RA),0-8 Center,,,,,,,,,,,,,,,,,,,,
38,PT09M05.00S,2025-03-27T23:46:05.2Z,1,REGULAR,rebound,defensive,[],1630249,,,1610612737,2,6,2025-03-27T23:47:09Z,370000,False,,,0,,V. Krejčí REBOUND (Off:0 Def:1),[1630249],22401062,1610612737,ATL,,,,Krejčí,V. Krejčí,,,,,In The Paint (Non-RA),0-8 Center,,,,,36.0,1.0,1.0,0.0,,,,,,,,,,,,
39,PT08M47.00S,2025-03-27T23:46:23.0Z,1,REGULAR,3pt,Jump Shot,[],1642258,72.35545335085413,79.16666666666666,1610612737,2,9,2025-03-27T23:46:30Z,380000,False,146.0,207.0,1,right,Z. Risacher 25' 3PT  (5 PTS) (T. Young 3 AST),"[1642258, 1629027]",22401062,1610612737,ATL,,,,Risacher,Z. Risacher,,,,,Above the Break 3,24+ Right Center,25.35,Made,,,,,,,5.0,T. Young,1629027.0,3.0,,,,,,,,
42,PT08M28.00S,2025-03-27T23:46:42.2Z,1,REGULAR,steal,,[],1629027,,,1610612737,2,9,2025-03-27T23:46:46Z,410000,False,,,0,,T. Young STEAL (1 STL),[1629027],22401062,1610612737,ATL,,,,Young,T. Young,,,,,In The Paint (Non-RA),0-8 Center,,,,,,,,,,,,,,,,,,,,
43,PT08M21.00S,2025-03-27T23:46:49.6Z,1,REGULAR,3pt,Jump Shot,"['fastbreak', 'fromturnover']",1630249,73.27529566360053,14.950980392156863,1610612737,2,12,2025-03-28T03:06:38Z,420000,False,-175.0,199.0,1,right,V. Krejčí 26' 3PT running (3 PTS) (Z. Risacher 1 AST),"[1630249, 1642258]",22401062,1610612737,ATL,running,,,Krejčí,V. Krejčí,,,,,Above the Break 3,24+ Left Center,26.49,Made,,,,,,,3.0,Z. Risacher,1642258.0,1.0,,,,,,,,
47,PT08M00.00S,2025-03-27T23:50:13.3Z,1,REGULAR,rebound,defensive,[],1630249,,,1610612737,2,12,2025-03-27T23:50:16Z,460000,False,,,0,,V. Krejčí REBOUND (Off:0 Def:2),[1630249],22401062,1610612737,ATL,,,,Krejčí,V. Krejčí,,,,,Above the Break 3,24+ Center,,,,,46.0,2.0,2.0,0.0,,,,,,,,,,,,
48,PT07M55.00S,2025-03-27T23:50:18.0Z,1,REGULAR,3pt,Jump Shot,['fastbreak'],1629027,66.96780551905388,46.81372549019608,1610612737,2,15,2025-03-27T23:52:05Z,470000,False,-16.0,258.0,1,right,T. Young 25' 3PT running pullup (3 PTS),[1629027],22401062,1610612737,ATL,running pullup,,,Young,T. Young,,,,,Above the Break 3,24+ Center,25.85,Made,,,,,,,3.0,,,,,,,,,,,
50,PT07M22.00S,2025-03-27T23:50:51.5Z,1,REGULAR,3pt,Jump Shot,[],1629027,69.07030223390277,27.450980392156865,1610612737,4,18,2025-03-27T23:50:56Z,490000,False,-113.0,238.0,1,right,T. Young 26' 3PT pullup (6 PTS),[1629027],22401062,1610612737,ATL,pullup,,,Young,T. Young,,,,,Above the Break 3,24+ Left Center,26.35,Made,,,,,,,6.0,,,,,,,,,,,
52,PT07M09.00S,2025-03-27T23:51:09.3Z,1,REGULAR,foul,personal,['3freethrow'],1629027,,,1610612748,4,18,2025-03-27T23:51:40Z,510000,False,,,0,,T. Young shooting personal FOUL (1 PF) (Burks 3 FT),"[1629027, 202692]",22401062,1610612737,ATL,shooting,,,Young,T. Young,,,,,Above the Break 3,24+ Left Center,,,,,,,,,,,,,1628171.0,,1.0,0.0,Burks,202692.0,,
58,PT06M58.00S,2025-03-27T23:52:40.4Z,1,REGULAR,2pt,Jump Shot,[],1629027,78.13731931668858,48.28431372549019,1610612737,6,18,2025-03-27T23:52:48Z,570000,False,-9.0,153.0,1,right,MISS T. Young 15' driving floating Shot,[1629027],22401062,1610612737,ATL,driving floating,,,Young,T. Young,,,,,Mid-Range,8-16 Center,15.32,Missed,,,,,,,,,,,,,,,,,,
64,PT06M33.00S,2025-03-27T23:53:36.6Z,1,REGULAR,freethrow,1 of 2,[],1630168,,,1610612737,9,19,2025-03-27T23:53:36Z,630000,False,,,0,,O. Okongwu Free Throw 1 of 2 (3 PTS),[1630168],22401062,1610612737,ATL,,,,Okongwu,O. Okongwu,,,,,,,,Made,,,,,,,3.0,,,,,,,,,,,
70,PT06M33.00S,2025-03-27T23:53:37.6Z,1,REGULAR,substitution,in,[],1627747,,,1610612737,9,19,2025-03-27T23:53:59Z,690000,False,,,0,,SUB in: C. LeVert,[1627747],22401062,1610612737,ATL,,,,LeVert,C. LeVert,,,,,,,,,,,,,,,,,,,,,,,,,,
67,PT06M33.00S,2025-03-27T23:53:37.6Z,1,REGULAR,substitution,out,[],1629027,,,1610612737,9,19,2025-03-27T23:53:59Z,660000,False,,,0,,SUB out: T. Young,[1629027],22401062,1610612737,ATL,,,,Young,T. Young,,,,,,,,,,,,,,,,,,,,,,,,,,
71,PT06M33.00S,2025-03-27T23:54:00.8Z,1,REGULAR,freethrow,2 of 2,[],1630168,,,1610612737,9,20,2025-03-27T23:54:00Z,700000,False,,,0,,O. Okongwu Free Throw 2 of 2 (4 PTS),[1630168],22401062,1610612737,ATL,,,,Okongwu,O. Okongwu,,,,,,,,Made,,,,,,,4.0,,,,,,,,,,,
73,PT06M02.00S,2025-03-27T23:54:31.3Z,1,REGULAR,3pt,Jump Shot,[],1630249,72.48685939553219,77.69607843137256,1610612737,11,23,2025-03-27T23:59:03Z,720000,False,138.0,206.0,1,right,V. Krejčí 24' 3PT  (6 PTS) (C. LeVert 1 AST),"[1630249, 1627747]",22401062,1610612737,ATL,,,,Krejčí,V. Krejčí,,,,,Above the Break 3,24+ Right Center,24.83,Made,,,,,,,6.0,C. LeVert,1627747.0,1.0,,,,,,,,
78,PT05M34.00S,2025-03-27T23:55:00.1Z,1,REGULAR,rebound,defensive,[],1627747,,,1610612737,11,23,2025-03-27T23:55:04Z,770000,False,,,0,,C. LeVert REBOUND (Off:0 Def:1),[1627747],22401062,1610612737,ATL,,,,LeVert,C. LeVert,,,,,Mid-Range,8-16 Left,,,,,77.0,1.0,1.0,0.0,,,,,,,,,,,,
79,PT05M28.00S,2025-03-27T23:55:06.5Z,1,REGULAR,3pt,Jump Shot,['fastbreak'],1630249,79.71419185282524,89.70588235294117,1610612737,11,23,2025-03-27T23:55:16Z,780000,False,199.0,138.0,1,right,MISS V. Krejčí 24' running pullup 3PT,[1630249],22401062,1610612737,ATL,running pullup,,,Krejčí,V. Krejčí,,,,,Above the Break 3,24+ Right Center,24.19,Missed,,,,,,,,,,,,,,,,,,
82,PT05M13.00S,2025-03-27T23:55:20.6Z,1,REGULAR,rebound,defensive,[],1630249,,,1610612737,11,23,2025-03-27T23:55:26Z,810000,False,,,0,,V. Krejčí REBOUND (Off:0 Def:3),[1630249],22401062,1610612737,ATL,,,,Krejčí,V. Krejčí,,,,,In The Paint (Non-RA),0-8 Center,,,,,81.0,3.0,3.0,0.0,,,,,,,,,,,,
83,PT05M06.00S,2025-03-27T23:55:28.5Z,1,REGULAR,2pt,Layup,['pointsinthepaint'],1630168,93.38042049934296,47.549019607843135,1610612737,11,23,2025-03-27T23:55:38Z,820000,False,-12.0,10.0,1,right,MISS O. Okongwu reverse Layup,[1630168],22401062,1610612737,ATL,reverse,,,Okongwu,O. Okongwu,,,,,Restricted Area,0-8 Center,1.57,Missed,,,,,,,,,,,,,,,,,,
85,PT04M57.00S,2025-03-27T23:55:38.7Z,1,REGULAR,foul,personal,['2freethrow'],1630249,,,1610612748,11,23,2025-03-27T23:55:56Z,840000,False,,,0,,V. Krejčí shooting personal FOUL (1 PF) (Herro 2 FT),"[1630249, 1629639]",22401062,1610612737,ATL,shooting,,,Krejčí,V. Krejčí,,,,,Restricted Area,0-8 Center,,,,,,,,,,,,,1628171.0,,1.0,0.0,Herro,1629639.0,,
89,PT04M57.00S,2025-03-27T23:56:12.1Z,1,REGULAR,substitution,out,[],1642258,,,1610612748,12,23,2025-03-27T23:56:31Z,880000,False,,,0,,SUB out: Z. Risacher,[1642258],22401062,1610612737,ATL,,,,Risacher,Z. Risacher,,,,,,,,,,,,,,,,,,,,,,,,,,
90,PT04M57.00S,2025-03-27T23:56:12.1Z,1,REGULAR,substitution,out,[],1630249,,,1610612748,12,23,2025-03-27T23:56:31Z,890000,False,,,0,,SUB out: V. Krejčí,[1630249],22401062,1610612737,ATL,,,,Krejčí,V. Krejčí,,,,,,,,,,,,,,,,,,,,,,,,,,
92,PT04M57.00S,2025-03-27T23:56:12.1Z,1,REGULAR,substitution,in,[],1627777,,,1610612748,12,23,2025-03-27T23:56:31Z,910000,False,,,0,,SUB in: G. Niang,[1627777],22401062,1610612737,ATL,,,,Niang,G. Niang,,,,,,,,,,,,,,,,,,,,,,,,,,
93,PT04M57.00S,2025-03-27T23:56:12.1Z,1,REGULAR,substitution,in,[],1629611,,,1610612748,12,23,2025-03-27T23:56:31Z,920000,False,,,0,,SUB in: T. Mann,[1629611],22401062,1610612737,ATL,,,,Mann,T. Mann,,,,,,,,,,,,,,,,,,,,,,,,,,
95,PT04M40.00S,2025-03-27T23:56:53.1Z,1,REGULAR,2pt,Layup,['pointsinthepaint'],1630700,92.85479632063075,55.88235294117647,1610612737,13,25,2025-03-27T23:56:59Z,940000,False,29.0,15.0,1,right,D. Daniels driving Layup (4 PTS) (C. LeVert 2 AST),"[1630700, 1627747]",22401062,1610612737,ATL,driving,,,Daniels,D. Daniels,,,,,Restricted Area,0-8 Center,3.29,Made,,,,,,,4.0,C. LeVert,1627747.0,2.0,,,,,,,,
98,PT04M30.00S,2025-03-27T23:57:04.1Z,1,REGULAR,rebound,defensive,[],1630700,,,1610612737,13,25,2025-03-27T23:57:06Z,970000,False,,,0,,D. Daniels REBOUND (Off:0 Def:2),[1630700],22401062,1610612737,ATL,,,,Daniels,D. Daniels,,,,,Above the Break 3,24+ Right Center,,,,,97.0,2.0,2.0,0.0,,,,,,,,,,,,
99,PT04M22.00S,2025-03-27T23:57:11.4Z,1,REGULAR,turnover,bad pass,[],1630700,,,1610612737,13,25,2025-03-27T23:57:18Z,980000,False,,,0,,D. Daniels bad pass TURNOVER (1 TO),"[1630700, 1629639]",22401062,1610612737,ATL,,,,Daniels,D. Daniels,,,,,Mid-Range,8-16 Right,,,,,,,,,,,,,,1.0,,,,,Herro,1629639.0
103,PT04M02.00S,2025-03-27T23:57:31.8Z,1,REGULAR,turnover,bad pass,[],1630168,,,1610612737,15,25,2025-03-27T23:57:36Z,1020000,False,,,0,,O. Okongwu bad pass TURNOVER (1 TO),"[1630168, 1641796]",22401062,1610612737,ATL,,,,Okongwu,O. Okongwu,,,,,Above the Break 3,24+ Center,,,,,,,,,,,,,,1.0,,,,,Larsson,1641796.0
106,PT03M49.00S,2025-03-27T23:57:45.2Z,1,REGULAR,rebound,defensive,[],1630168,,,1610612737,15,25,2025-03-27T23:57:47Z,1050000,False,,,0,,O. Okongwu REBOUND (Off:0 Def:3),[1630168],22401062,1610612737,ATL,,,,Okongwu,O. Okongwu,,,,,In The Paint (Non-RA),0-8 Center,,,,,105.0,3.0,3.0,0.0,,,,,,,,,,,,
107,PT03M42.00S,2025-03-27T23:57:50.9Z,1,REGULAR,3pt,Jump Shot,[],1630700,68.41327201051249,26.225490196078432,1610612737,15,25,2025-03-28T00:04:16Z,1060000,False,-119.0,244.0,1,right,MISS D. Daniels 27' 3PT,[1630700],22401062,1610612737,ATL,,,,Daniels,D. Daniels,,,,,Above the Break 3,24+ Left Center,27.18,Missed,,,,,,,,,,,,,,,,,,
110,PT03M34.00S,2025-03-27T23:58:12.2Z,1,REGULAR,substitution,out,[],1630700,,,1610612737,15,25,2025-03-27T23:58:22Z,1090000,False,,,0,,SUB out: D. Daniels,[1630700],22401062,1610612737,ATL,,,,Daniels,D. Daniels,,,,,,,,,,,,,,,,,,,,,,,,,,
111,PT03M34.00S,2025-03-27T23:58:12.2Z,1,REGULAR,substitution,out,[],1630168,,,1610612737,15,25,2025-03-27T23:58:22Z,1100000,False,,,0,,SUB out: O. Okongwu,[1630168],22401062,1610612737,ATL,,,,Okongwu,O. Okongwu,,,,,,,,,,,,,,,,,,,,,,,,,,
112,PT03M34.00S,2025-03-27T23:58:12.2Z,1,REGULAR,substitution,in,[],1631230,,,1610612737,15,25,2025-03-27T23:58:22Z,1110000,False,,,0,,SUB in: D. Barlow,[1631230],22401062,1610612737,ATL,,,,Barlow,D. Barlow,,,,,,,,,,,,,,,,,,,,,,,,,,
113,PT03M34.00S,2025-03-27T23:58:12.2Z,1,REGULAR,substitution,in,[],1629027,,,1610612737,15,25,2025-03-27T23:58:22Z,1120000,False,,,0,,SUB in: T. Young,[1629027],22401062,1610612737,ATL,,,,Young,T. Young,,,,,,,,,,,,,,,,,,,,,,,,,,
114,PT03M25.00S,2025-03-27T23:58:29.5Z,1,REGULAR,2pt,Layup,"['pointsinthepaint', 'fromturnover']",1631230,92.72339027595268,45.83333333333333,1610612737,15,27,2025-03-27T23:58:35Z,1130000,False,-21.0,16.0,1,right,D. Barlow alley-oop Layup (2 PTS) (T. Young 4 AST),"[1631230, 1629027]",22401062,1610612737,ATL,alley-oop,,,Barlow,D. Barlow,,,,,Restricted Area,0-8 Center,2.62,Made,,,,,,,2.0,T. Young,1629027.0,4.0,,,,,,,,
117,PT03M00.00S,2025-03-27T23:58:54.6Z,1,REGULAR,rebound,defensive,[],1629027,,,1610612737,15,27,2025-03-27T23:58:57Z,1160000,False,,,0,,T. Young REBOUND (Off:0 Def:1),[1629027],22401062,1610612737,ATL,,,,Young,T. Young,,,,,Above the Break 3,24+ Right Center,,,,,116.0,1.0,1.0,0.0,,,,,,,,,,,,
121,PT03M00.00S,2025-03-27T23:59:27.4Z,1,REGULAR,rebound,offensive,"['deadball', 'team']",0,,,1610612737,15,27,2025-03-27T23:59:27Z,1200000,False,,,0,,TEAM offensive REBOUND,[],22401062,1610612737,ATL,,,,,,,,,,,,,,,,120.0,,,,,,,,,,,,,,,
120,PT03M00.00S,2025-03-27T23:59:27.4Z,1,REGULAR,freethrow,1 of 2,['fastbreak'],1627747,,,1610612737,15,27,2025-03-27T23:59:27Z,1190000,False,,,0,,MISS C. LeVert Free Throw 1 of 2,[1627747],22401062,1610612737,ATL,,,,LeVert,C. LeVert,,,,,,,,Missed,,,,,,,,,,,,,,,,,,
124,PT03M00.00S,2025-03-27T23:59:45.7Z,1,REGULAR,freethrow,2 of 2,['fastbreak'],1627747,,,1610612737,15,28,2025-03-27T23:59:45Z,1230000,False,,,0,,C. LeVert Free Throw 2 of 2 (1 PTS),[1627747],22401062,1610612737,ATL,,,,LeVert,C. LeVert,,,,,,,,Made,,,,,,,1.0,,,,,,,,,,,
126,PT02M38.00S,2025-03-28T00:00:10.0Z,1,REGULAR,2pt,Jump Shot,['pointsinthepaint'],1629027,81.68528252299606,46.07843137254902,1610612737,18,30,2025-03-28T00:00:15Z,1250000,False,-20.0,120.0,1,right,T. Young 12' driving floating Jump Shot (8 PTS),[1629027],22401062,1610612737,ATL,driving floating,,,Young,T. Young,,,,,In The Paint (Non-RA),8-16 Center,12.13,Made,,,,,,,8.0,,,,,,,,,,,
128,PT02M06.00S,2025-03-28T00:00:41.8Z,1,REGULAR,2pt,Layup,['pointsinthepaint'],1627747,94.30026281208936,59.80392156862745,1610612737,20,30,2025-03-28T00:00:47Z,1270000,False,49.0,1.0,1,right,MISS C. LeVert driving Layup,[1627747],22401062,1610612737,ATL,driving,,,LeVert,C. LeVert,,,,,In The Paint (Non-RA),0-8 Center,4.9,Missed,,,,,,,,,,,,,,,,,,
131,PT01M57.00S,2025-03-28T00:00:50.0Z,1,REGULAR,steal,,[],1629611,,,1610612737,20,30,2025-03-28T00:00:52Z,1300000,False,,,0,,T. Mann STEAL (1 STL),[1629611],22401062,1610612737,ATL,,,,Mann,T. Mann,,,,,Restricted Area,0-8 Center,,,,,,,,,,,,,,,,,,,,
134,PT01M54.00S,2025-03-28T00:01:11.6Z,1,REGULAR,timeout,full,"['team', 'mandatory']",0,,,1610612737,20,30,2025-03-28T00:01:11Z,1330000,False,,,0,,ATL Timeout,[],22401062,1610612737,ATL,,,,,,,,,,,,,,,,,,,,,,,,,,,,,,,
135,PT01M45.00S,2025-03-28T00:04:14.5Z,1,REGULAR,2pt,Jump Shot,['fromturnover'],1629027,89.70105124835742,17.401960784313726,1610612737,20,32,2025-03-28T00:04:20Z,1340000,False,-163.0,44.0,1,right,T. Young 16' pullup Jump Shot (10 PTS),[1629027],22401062,1610612737,ATL,pullup,,,Young,T. Young,,,,,Mid-Range,16-24 Left,16.89,Made,,,,,,,10.0,,,,,,,,,,,
262,PT01M21.00S,2025-03-28T00:04:26.3Z,1,REGULAR,steal,,[],1627777,,,1610612737,20,32,2025-03-28T00:29:52Z,1347500,False,,,0,,G. Niang STEAL (1 STL),[1627777],22401062,1610612737,ATL,,,,Niang,G. Niang,,,,,In The Paint (Non-RA),0-8 Center,,,,,,,,,,,,,,,,,,,,
146,PT01M05.00S,2025-03-28T00:05:18.5Z,1,REGULAR,3pt,Jump Shot,['fromturnover'],1629027,69.46452036793693,19.852941176470587,1610612737,20,32,2025-03-28T00:29:59Z,1450000,False,-151.0,235.0,1,right,MISS T. Young 27' pullup 3PT,[1629027],22401062,1610612737,ATL,pullup,,,Young,T. Young,,,,,Above the Break 3,24+ Left Center,27.87,Missed,,,,,,,,,,,,,,,,,,
149,PT00M32.90S,2025-03-28T00:06:01.8Z,1,REGULAR,3pt,Jump Shot,['fromturnover'],1627777,69.59592641261499,23.774509803921568,1610612737,20,32,2025-03-28T00:06:07Z,1480000,False,-131.0,233.0,1,right,MISS G. Niang 26' 3PT,[1627777],22401062,1610612737,ATL,,,,Niang,G. Niang,,,,,Above the Break 3,24+ Left Center,26.76,Missed,,,,,,,,,,,,,,,,,,
153,PT00M01.00S,2025-03-28T00:06:36.0Z,1,REGULAR,3pt,Jump Shot,[],1627747,80.50262812089356,92.15686274509804,1610612737,22,32,2025-03-28T00:06:42Z,1510000,False,211.0,131.0,1,right,MISS C. LeVert 24' 3PT,[1627747],22401062,1610612737,ATL,,,,LeVert,C. LeVert,,,,,Above the Break 3,24+ Right Center,24.81,Missed,,,,,,,,,,,,,,,,,,
154,PT00M01.00S,2025-03-28T00:06:36.0Z,1,REGULAR,rebound,offensive,['team'],0,,,1610612737,22,32,2025-03-28T00:06:42Z,1520000,False,,,0,,TEAM offensive REBOUND,[],22401062,1610612737,ATL,,,,,,,,,,Above the Break 3,24+ Right Center,,,,,153.0,,,,,,,,,,,,,,,
159,PT12M00.00S,2025-03-28T00:08:46.7Z,2,REGULAR,substitution,in,['startperiod'],1642258,,,1610612737,22,32,2025-03-28T00:09:26Z,1560000,False,,,0,,SUB in: Z. Risacher,[1642258],22401062,1610612737,ATL,,,,Risacher,Z. Risacher,,,,,,,,,,,,,,,,,,,,,,,,,,
160,PT12M00.00S,2025-03-28T00:08:46.7Z,2,REGULAR,substitution,in,['startperiod'],1630249,,,1610612737,22,32,2025-03-28T00:09:26Z,1570000,False,,,0,,SUB in: V. Krejčí,[1630249],22401062,1610612737,ATL,,,,Krejčí,V. Krejčí,,,,,,,,,,,,,,,,,,,,,,,,,,
157,PT12M00.00S,2025-03-28T00:08:46.7Z,2,REGULAR,substitution,out,['startperiod'],1627747,,,1610612737,22,32,2025-03-28T00:09:26Z,1540000,False,,,0,,SUB out: C. LeVert,[1627747],22401062,1610612737,ATL,,,,LeVert,C. LeVert,,,,,,,,,,,,,,,,,,,,,,,,,,
158,PT12M00.00S,2025-03-28T00:08:46.7Z,2,REGULAR,substitution,out,['startperiod'],1627777,,,1610612737,22,32,2025-03-28T00:09:26Z,1550000,False,,,0,,SUB out: G. Niang,[1627777],22401062,1610612737,ATL,,,,Niang,G. Niang,,,,,,,,,,,,,,,,,,,,,,,,,,
163,PT11M46.00S,2025-03-28T00:09:45.3Z,2,REGULAR,foul,technical,['1freethrow'],1631230,,,1610612748,22,32,2025-03-28T00:10:03Z,1600000,False,,,0,,D. Barlow defensive-3-second technical FOUL (1 Tech),[1631230],22401062,1610612737,ATL,defensive-3-second,,,Barlow,D. Barlow,,,,,In The Paint (Non-RA),8-16 Left,,,,,,,,,,,,,201245.0,,0.0,1.0,,,,
166,PT11M10.00S,2025-03-28T00:10:59.4Z,2,REGULAR,2pt,Jump Shot,[],1629611,78.79434954007884,29.65686274509804,1610612737,25,34,2025-03-28T00:13:50Z,1630000,False,-102.0,147.0,1,right,T. Mann 17' pullup Jump Shot (2 PTS),[1629611],22401062,1610612737,ATL,pullup,,,Mann,T. Mann,,,,,Mid-Range,16-24 Left Center,17.86,Made,,,,,,,2.0,,,,,,,,,,,
169,PT10M38.00S,2025-03-28T00:11:32.0Z,2,REGULAR,2pt,Jump Shot,[],1631230,95.22010512483574,79.16666666666666,1610612737,28,34,2025-03-28T00:11:37Z,1660000,False,146.0,-8.0,1,right,MISS D. Barlow 14' Jump Shot,[1631230],22401062,1610612737,ATL,,,,Barlow,D. Barlow,,,,,Mid-Range,8-16 Right,14.6,Missed,,,,,,,,,,,,,,,,,,
172,PT10M14.00S,2025-03-28T00:11:59.1Z,2,REGULAR,2pt,Jump Shot,['fromturnover'],1629027,95.87713534822602,69.85294117647058,1610612737,28,34,2025-03-28T00:12:06Z,1690000,False,99.0,-14.0,1,right,MISS T. Young 10' driving floating Shot,[1629027],22401062,1610612737,ATL,driving floating,,,Young,T. Young,,,,,Mid-Range,8-16 Right,10.02,Missed,,,,,,,,,,,,,,,,,,
176,PT09M52.00S,2025-03-28T00:12:21.2Z,2,REGULAR,turnover,bad pass,[],1630249,,,1610612737,31,34,2025-03-28T00:13:10Z,1730000,False,,,0,,V. Krejčí bad pass TURNOVER (1 TO),"[1630249, 1629312]",22401062,1610612737,ATL,,,,Krejčí,V. Krejčí,,,,,Restricted Area,0-8 Center,,,,,,,,,,,,,,1.0,,,,,Highsmith,1629312.0
179,PT09M43.00S,2025-03-28T00:12:30.3Z,2,REGULAR,rebound,defensive,[],1630249,,,1610612737,31,34,2025-03-28T00:16:06Z,1760000,False,,,0,,V. Krejčí REBOUND (Off:0 Def:4),[1630249],22401062,1610612737,ATL,,,,Krejčí,V. Krejčí,,,,,Restricted Area,0-8 Center,,,,,178.0,4.0,4.0,0.0,,,,,,,,,,,,
180,PT09M39.00S,2025-03-28T00:12:33.5Z,2,REGULAR,3pt,Jump Shot,['fastbreak'],1629611,71.30420499342969,23.52941176470588,1610612737,31,37,2025-03-28T00:16:25Z,1770000,False,-132.0,217.0,1,right,T. Mann 25' 3PT running (5 PTS) (V. Krejčí 1 AST),"[1629611, 1630249]",22401062,1610612737,ATL,running,,,Mann,T. Mann,,,,,Above the Break 3,24+ Left Center,25.44,Made,,,,,,,5.0,V. Krejčí,1630249.0,1.0,,,,,,,,
182,PT09M23.00S,2025-03-28T00:12:51.7Z,2,REGULAR,foul,personal,['2freethrow'],1631230,,,1610612748,31,37,2025-03-28T00:13:17Z,1790000,False,,,0,,D. Barlow shooting personal FOUL (1 PF) (Adebayo 2 FT),"[1631230, 1628389]",22401062,1610612737,ATL,shooting,,,Barlow,D. Barlow,,,,,In The Paint (Non-RA),8-16 Center,,,,,,,,,,,,,1628171.0,,1.0,1.0,Adebayo,1628389.0,,
187,PT09M23.00S,2025-03-28T00:13:40.6Z,2,REGULAR,substitution,in,[],1630168,,,1610612748,31,37,2025-03-28T00:13:47Z,1840000,False,,,0,,SUB in: O. Okongwu,[1630168],22401062,1610612737,ATL,,,,Okongwu,O. Okongwu,,,,,,,,,,,,,,,,,,,,,,,,,,
186,PT09M23.00S,2025-03-28T00:13:40.6Z,2,REGULAR,substitution,out,[],1631230,,,1610612748,31,37,2025-03-28T00:13:47Z,1830000,False,,,0,,SUB out: D. Barlow,[1631230],22401062,1610612737,ATL,,,,Barlow,D. Barlow,,,,,,,,,,,,,,,,,,,,,,,,,,
189,PT09M10.00S,2025-03-28T00:14:15.2Z,2,REGULAR,2pt,Layup,['pointsinthepaint'],1630249,91.67214191852825,56.61764705882353,1610612737,32,39,2025-03-28T00:14:21Z,1860000,False,33.0,26.0,1,right,V. Krejčí cutting finger roll Layup (8 PTS) (T. Young 5 AST),"[1630249, 1629027]",22401062,1610612737,ATL,cutting finger roll,,,Krejčí,V. Krejčí,,,,,Restricted Area,0-8 Center,4.2,Made,,,,,,,8.0,T. Young,1629027.0,5.0,,,,,,,,
195,PT08M43.00S,2025-03-28T00:15:24.1Z,2,REGULAR,freethrow,1 of 2,[],1629027,,,1610612737,35,40,2025-03-28T00:15:24Z,1920000,False,,,0,,T. Young Free Throw 1 of 2 (11 PTS),[1629027],22401062,1610612737,ATL,,,,Young,T. Young,,,,,,,,Made,,,,,,,11.0,,,,,,,,,,,
196,PT08M43.00S,2025-03-28T00:15:25.3Z,2,REGULAR,substitution,out,[],1642258,,,1610612737,35,40,2025-03-28T00:15:32Z,1930000,False,,,0,,SUB out: Z. Risacher,[1642258],22401062,1610612737,ATL,,,,Risacher,Z. Risacher,,,,,,,,,,,,,,,,,,,,,,,,,,
197,PT08M43.00S,2025-03-28T00:15:25.3Z,2,REGULAR,substitution,in,[],1627777,,,1610612737,35,40,2025-03-28T00:15:32Z,1940000,False,,,0,,SUB in: G. Niang,[1627777],22401062,1610612737,ATL,,,,Niang,G. Niang,,,,,,,,,,,,,,,,,,,,,,,,,,
198,PT08M43.00S,2025-03-28T00:15:44.2Z,2,REGULAR,freethrow,2 of 2,[],1629027,,,1610612737,35,41,2025-03-28T00:15:44Z,1950000,False,,,0,,T. Young Free Throw 2 of 2 (12 PTS),[1629027],22401062,1610612737,ATL,,,,Young,T. Young,,,,,,,,Made,,,,,,,12.0,,,,,,,,,,,
199,PT08M29.00S,2025-03-28T00:16:03.2Z,2,REGULAR,foul,personal,['2freethrow'],1627777,,,1610612748,35,41,2025-03-28T00:16:33Z,1960000,False,,,0,,G. Niang shooting personal FOUL (1 PF) (Anderson 2 FT),"[1627777, 203937]",22401062,1610612737,ATL,shooting,,,Niang,G. Niang,,,,,In The Paint (Non-RA),0-8 Center,,,,,,,,,,,,,202027.0,,1.0,0.0,Anderson,203937.0,,
203,PT08M29.00S,2025-03-28T00:16:38.5Z,2,REGULAR,substitution,in,[],1630700,,,1610612748,36,41,2025-03-28T00:16:44Z,2000000,False,,,0,,SUB in: D. Daniels,[1630700],22401062,1610612737,ATL,,,,Daniels,D. Daniels,,,,,,,,,,,,,,,,,,,,,,,,,,
202,PT08M29.00S,2025-03-28T00:16:38.5Z,2,REGULAR,substitution,out,[],1629027,,,1610612748,36,41,2025-03-28T00:16:44Z,1990000,False,,,0,,SUB out: T. Young,[1629027],22401062,1610612737,ATL,,,,Young,T. Young,,,,,,,,,,,,,,,,,,,,,,,,,,
205,PT08M04.00S,2025-03-28T00:17:18.2Z,2,REGULAR,3pt,Jump Shot,[],1629611,94.1688567674113,95.34313725490196,1610612737,37,41,2025-03-28T00:17:29Z,2020000,False,227.0,2.0,1,right,MISS T. Mann 3PT,[1629611],22401062,1610612737,ATL,,,,Mann,T. Mann,,,,,Right Corner 3,24+ Right,22.67,Missed,,,,,,,,,,,,,,,,,,
208,PT07M53.00S,2025-03-28T00:17:39.4Z,2,REGULAR,foul,technical,['1freethrow'],1627777,,,1610612748,37,41,2025-03-28T00:17:50Z,2050000,False,,,0,,G. Niang defensive-3-second technical FOUL (1 Tech),[1627777],22401062,1610612737,ATL,defensive-3-second,,,Niang,G. Niang,,,,,In The Paint (Non-RA),0-8 Center,,,,,,,,,,,,,201245.0,,1.0,1.0,,,,
212,PT07M37.00S,2025-03-28T00:18:47.4Z,2,REGULAR,rebound,defensive,[],1630249,,,1610612737,38,41,2025-03-28T00:21:03Z,2090000,False,,,0,,V. Krejčí REBOUND (Off:0 Def:5),[1630249],22401062,1610612737,ATL,,,,Krejčí,V. Krejčí,,,,,In The Paint (Non-RA),0-8 Center,,,,,211.0,5.0,5.0,0.0,,,,,,,,,,,,
214,PT07M20.00S,2025-03-28T00:19:18.0Z,2,REGULAR,2pt,Layup,['pointsinthepaint'],1630168,82.7365308804205,44.6078431372549,1610612737,38,41,2025-03-28T00:19:33Z,2110000,False,-27.0,110.0,1,right,MISS O. Okongwu 11' driving Layup,[1630168],22401062,1610612737,ATL,driving,,,Okongwu,O. Okongwu,,,,,In The Paint (Non-RA),8-16 Center,11.31,Missed,,,,,,,,,,,,,,,,,,
215,PT07M18.00S,2025-03-28T00:19:20.0Z,2,REGULAR,rebound,offensive,[],1630168,,,1610612737,38,41,2025-03-28T00:23:11Z,2120000,False,,,0,,O. Okongwu REBOUND (Off:1 Def:3),[1630168],22401062,1610612737,ATL,,,,Okongwu,O. Okongwu,,,,,In The Paint (Non-RA),8-16 Center,,,,,214.0,4.0,3.0,1.0,,,,,,,,,,,,
216,PT07M17.00S,2025-03-28T00:19:23.8Z,2,REGULAR,2pt,Layup,"['pointsinthepaint', '2ndchance']",1630168,92.59198423127464,50.0,1610612737,38,41,2025-03-28T00:23:25Z,2130000,False,0.0,17.0,1,right,MISS O. Okongwu putback Layup,[1630168],22401062,1610612737,ATL,putback,,,Okongwu,O. Okongwu,,,,,Restricted Area,0-8 Center,1.71,Missed,,,,,,,,,,,,,,,,,,
220,PT07M02.00S,2025-03-28T00:19:45.4Z,2,REGULAR,timeout,full,"['team', 'mandatory']",0,,,1610612737,41,41,2025-03-28T00:19:45Z,2170000,False,,,0,,ATL Timeout,[],22401062,1610612737,ATL,,,,,,,,,,,,,,,,,,,,,,,,,,,,,,,
221,PT07M02.00S,2025-03-28T00:20:58.4Z,2,REGULAR,substitution,out,[],1629611,,,1610612737,41,41,2025-03-28T00:22:49Z,2180000,False,,,0,,SUB out: T. Mann,[1629611],22401062,1610612737,ATL,,,,Mann,T. Mann,,,,,,,,,,,,,,,,,,,,,,,,,,
222,PT07M02.00S,2025-03-28T00:20:58.4Z,2,REGULAR,substitution,in,[],1627747,,,1610612737,41,41,2025-03-28T00:22:49Z,2190000,False,,,0,,SUB in: C. LeVert,[1627747],22401062,1610612737,ATL,,,,LeVert,C. LeVert,,,,,,,,,,,,,,,,,,,,,,,,,,
223,PT06M43.00S,2025-03-28T00:23:04.5Z,2,REGULAR,2pt,DUNK,['pointsinthepaint'],1630168,93.24901445466492,49.26470588235294,1610612737,41,43,2025-03-28T00:23:13Z,2200000,False,-4.0,11.0,1,right,O. Okongwu driving DUNK (6 PTS) (V. Krejčí 2 AST),"[1630168, 1630249]",22401062,1610612737,ATL,driving,,,Okongwu,O. Okongwu,,,,,Restricted Area,0-8 Center,1.16,Made,,,,,,,6.0,V. Krejčí,1630249.0,2.0,,,,,,,,
227,PT06M08.00S,2025-03-28T00:23:38.5Z,2,REGULAR,3pt,Jump Shot,[],1627747,71.17279894875165,74.75490196078431,1610612737,43,43,2025-03-28T00:25:05Z,2240000,False,124.0,218.0,1,right,MISS C. LeVert 25' pullup 3PT,[1627747],22401062,1610612737,ATL,pullup,,,LeVert,C. LeVert,,,,,Above the Break 3,24+ Right Center,25.11,Missed,,,,,,,,,,,,,,,,,,
228,PT06M07.00S,2025-03-28T00:23:39.5Z,2,REGULAR,rebound,offensive,['team'],0,,,1610612737,43,43,2025-03-28T00:23:46Z,2250000,False,,,0,,TEAM offensive REBOUND,[],22401062,1610612737,ATL,,,,,,,,,,Above the Break 3,24+ Right Center,,,,,227.0,,,,,,,,,,,,,,,
236,PT05M59.00S,2025-03-28T00:24:11.3Z,2,REGULAR,3pt,Jump Shot,['2ndchance'],1630249,73.27529566360053,79.65686274509804,1610612737,43,46,2025-03-28T00:25:39Z,2330000,False,148.0,199.0,1,right,V. Krejčí 24' 3PT  (11 PTS) (C. LeVert 3 AST),"[1630249, 1627747]",22401062,1610612737,ATL,,,,Krejčí,V. Krejčí,,,,,Above the Break 3,24+ Right Center,24.79,Made,,,,,,,11.0,C. LeVert,1627747.0,3.0,,,,,,,,
239,PT05M36.00S,2025-03-28T00:24:34.5Z,2,REGULAR,rebound,defensive,[],1630700,,,1610612737,43,46,2025-03-28T00:24:37Z,2360000,False,,,0,,D. Daniels REBOUND (Off:0 Def:3),[1630700],22401062,1610612737,ATL,,,,Daniels,D. Daniels,,,,,Left Corner 3,24+ Left,,,,,238.0,3.0,3.0,0.0,,,,,,,,,,,,
240,PT05M23.00S,2025-03-28T00:24:47.8Z,2,REGULAR,3pt,Jump Shot,[],1630700,80.6340341655716,92.8921568627451,1610612737,43,49,2025-03-28T00:24:53Z,2370000,False,214.0,130.0,1,right,D. Daniels 25' 3PT  (7 PTS) (V. Krejčí 3 AST),"[1630700, 1630249]",22401062,1610612737,ATL,,,,Daniels,D. Daniels,,,,,Above the Break 3,24+ Right Center,25.06,Made,,,,,,,7.0,V. Krejčí,1630249.0,3.0,,,,,,,,
243,PT05M04.00S,2025-03-28T00:25:06.5Z,2,REGULAR,block,,[],1630700,,,1610612748,43,49,2025-03-28T00:25:08Z,2400000,False,,,0,,D. Daniels BLOCK (1 BLK),[1630700],22401062,1610612737,ATL,,,,Daniels,D. Daniels,,,,,In The Paint (Non-RA),8-16 Center,,,,,,,,,,,,,,,,,,,,
244,PT05M01.00S,2025-03-28T00:25:09.5Z,2,REGULAR,rebound,defensive,[],1627777,,,1610612737,43,49,2025-03-28T00:25:11Z,2410000,False,,,0,,G. Niang REBOUND (Off:0 Def:1),[1627777],22401062,1610612737,ATL,,,,Niang,G. Niang,,,,,In The Paint (Non-RA),8-16 Center,,,,,242.0,1.0,1.0,0.0,,,,,,,,,,,,
245,PT04M46.00S,2025-03-28T00:25:25.1Z,2,REGULAR,2pt,Layup,['pointsinthepaint'],1627777,93.51182654402102,54.166666666666664,1610612737,43,51,2025-03-28T00:25:38Z,2420000,False,21.0,8.0,1,right,G. Niang cutting Layup (2 PTS) (V. Krejčí 4 AST),"[1627777, 1630249]",22401062,1610612737,ATL,cutting,,,Niang,G. Niang,,,,,Restricted Area,0-8 Center,2.25,Made,,,,,,,2.0,V. Krejčí,1630249.0,4.0,,,,,,,,
248,PT04M46.00S,2025-03-28T00:26:30.7Z,2,REGULAR,substitution,out,[],1627777,,,1610612748,43,51,2025-03-28T00:28:05Z,2450000,False,,,0,,SUB out: G. Niang,[1627777],22401062,1610612737,ATL,,,,Niang,G. Niang,,,,,,,,,,,,,,,,,,,,,,,,,,
249,PT04M46.00S,2025-03-28T00:26:30.7Z,2,REGULAR,substitution,in,[],1642258,,,1610612748,43,51,2025-03-28T00:28:05Z,2460000,False,,,0,,SUB in: Z. Risacher,[1642258],22401062,1610612737,ATL,,,,Risacher,Z. Risacher,,,,,,,,,,,,,,,,,,,,,,,,,,
252,PT04M11.00S,2025-03-28T00:28:54.0Z,2,REGULAR,2pt,Jump Shot,['pointsinthepaint'],1630249,80.23981603153744,49.26470588235294,1610612737,46,51,2025-03-28T00:29:01Z,2490000,False,-4.0,133.0,1,right,MISS V. Krejčí 13' driving floating Shot,[1630249],22401062,1610612737,ATL,driving floating,,,Krejčí,V. Krejčí,,,,,In The Paint (Non-RA),8-16 Center,13.33,Missed,,,,,,,,,,,,,,,,,,
256,PT03M47.00S,2025-03-28T00:29:18.7Z,2,REGULAR,2pt,Layup,['pointsinthepaint'],1630700,93.64323258869908,47.794117647058826,1610612737,48,53,2025-03-28T00:29:25Z,2530000,False,-11.0,7.0,1,right,D. Daniels reverse Layup (9 PTS) (Z. Risacher 2 AST),"[1630700, 1642258]",22401062,1610612737,ATL,reverse,,,Daniels,D. Daniels,,,,,Restricted Area,0-8 Center,1.32,Made,,,,,,,9.0,Z. Risacher,1642258.0,2.0,,,,,,,,
259,PT03M37.00S,2025-03-28T00:29:28.1Z,2,REGULAR,steal,,[],1630700,,,1610612737,48,53,2025-03-28T00:29:29Z,2560000,False,,,0,,D. Daniels STEAL (1 STL),[1630700],22401062,1610612737,ATL,,,,Daniels,D. Daniels,,,,,Above the Break 3,24+ Right Center,,,,,,,,,,,,,,,,,,,,
264,PT03M35.00S,2025-03-28T00:29:37.0Z,2,REGULAR,substitution,out,[],1630249,,,1610612737,48,53,2025-03-28T00:29:55Z,2590000,False,,,0,,SUB out: V. Krejčí,[1630249],22401062,1610612737,ATL,,,,Krejčí,V. Krejčí,,,,,,,,,,,,,,,,,,,,,,,,,,
266,PT03M35.00S,2025-03-28T00:29:37.0Z,2,REGULAR,substitution,in,[],1629027,,,1610612737,48,53,2025-03-28T00:29:55Z,2610000,False,,,0,,SUB in: T. Young,[1629027],22401062,1610612737,ATL,,,,Young,T. Young,,,,,,,,,,,,,,,,,,,,,,,,,,
268,PT03M31.00S,2025-03-28T00:30:20.9Z,2,REGULAR,2pt,Layup,"['pointsinthepaint', 'fromturnover']",1627747,93.24901445466492,52.94117647058824,1610612737,48,55,2025-03-28T00:30:26Z,2630000,False,15.0,11.0,1,right,C. LeVert Layup (3 PTS) (T. Young 6 AST),"[1627747, 1629027]",22401062,1610612737,ATL,,,,LeVert,C. LeVert,,,,,Restricted Area,0-8 Center,1.84,Made,,,,,,,3.0,T. Young,1629027.0,6.0,,,,,,,,
271,PT03M05.00S,2025-03-28T00:30:48.0Z,2,REGULAR,2pt,Layup,['pointsinthepaint'],1630700,92.9862023653088,36.27450980392157,1610612737,50,55,2025-03-28T03:06:55Z,2660000,False,-69.0,13.0,1,right,MISS D. Daniels 6' driving Layup,[1630700],22401062,1610612737,ATL,driving,,,Daniels,D. Daniels,,,,,In The Paint (Non-RA),0-8 Center,6.99,Missed,,,,,,,,,,,,,,,,,,
275,PT02M37.00S,2025-03-28T00:31:17.9Z,2,REGULAR,turnover,traveling,[],1642258,,,1610612737,53,55,2025-03-28T00:31:26Z,2700000,False,,,0,,Z. Risacher traveling TURNOVER (2 TO),[1642258],22401062,1610612737,ATL,,,,Risacher,Z. Risacher,,,,,Mid-Range,16-24 Center,,,,,,,,,,,,,201245.0,2.0,,,,,,
281,PT02M16.00S,2025-03-28T00:32:00.8Z,2,REGULAR,3pt,Jump Shot,[],1642258,95.22010512483574,95.09803921568627,1610612737,55,55,2025-03-28T00:32:06Z,2760000,False,225.0,-8.0,1,right,MISS Z. Risacher 3PT,[1642258],22401062,1610612737,ATL,,,,Risacher,Z. Risacher,,,,,Right Corner 3,24+ Right,22.56,Missed,,,,,,,,,,,,,,,,,,
284,PT02M04.00S,2025-03-28T00:32:13.0Z,2,REGULAR,rebound,defensive,[],1630168,,,1610612737,55,55,2025-03-28T00:32:16Z,2790000,False,,,0,,O. Okongwu REBOUND (Off:1 Def:4),[1630168],22401062,1610612737,ATL,,,,Okongwu,O. Okongwu,,,,,In The Paint (Non-RA),0-8 Center,,,,,283.0,5.0,4.0,1.0,,,,,,,,,,,,
285,PT01M58.00S,2025-03-28T00:32:19.2Z,2,REGULAR,turnover,lost ball,[],1627747,,,1610612737,55,55,2025-03-28T00:32:24Z,2800000,False,,,0,,C. LeVert lost ball TURNOVER (1 TO),"[1627747, 1628389]",22401062,1610612737,ATL,,,,LeVert,C. LeVert,,,,,In The Paint (Non-RA),0-8 Center,,,,,,,,,,,,,,1.0,,,,,Adebayo,1628389.0
292,PT01M21.00S,2025-03-28T00:32:56.5Z,2,REGULAR,3pt,Jump Shot,[],1630168,92.19776609724047,95.34313725490196,1610612737,57,55,2025-03-28T00:33:02Z,2870000,False,227.0,21.0,1,right,MISS O. Okongwu 3PT,[1630168],22401062,1610612737,ATL,,,,Okongwu,O. Okongwu,,,,,Right Corner 3,24+ Right,22.77,Missed,,,,,,,,,,,,,,,,,,
294,PT01M11.00S,2025-03-28T00:33:07.9Z,2,REGULAR,foul,personal,['2freethrow'],1642258,,,1610612748,57,55,2025-03-28T00:33:28Z,2890000,False,,,0,,Z. Risacher shooting personal FOUL (1 PF) (Herro 2 FT),"[1642258, 1629639]",22401062,1610612737,ATL,shooting,,,Risacher,Z. Risacher,,,,,In The Paint (Non-RA),8-16 Left,,,,,,,,,,,,,1628171.0,,1.0,0.0,Herro,1629639.0,,
300,PT01M00.00S,2025-03-28T00:34:07.0Z,2,REGULAR,3pt,Jump Shot,[],1629027,67.62483574244416,60.049019607843135,1610612737,58,55,2025-03-28T00:34:12Z,2940000,False,50.0,252.0,1,right,MISS T. Young 25' pullup 3PT,[1629027],22401062,1610612737,ATL,pullup,,,Young,T. Young,,,,,Above the Break 3,24+ Center,25.68,Missed,,,,,,,,,,,,,,,,,,
303,PT00M34.30S,2025-03-28T00:34:33.7Z,2,REGULAR,rebound,defensive,[],1630168,,,1610612737,58,55,2025-03-28T00:34:36Z,2970000,False,,,0,,O. Okongwu REBOUND (Off:1 Def:5),[1630168],22401062,1610612737,ATL,,,,Okongwu,O. Okongwu,,,,,In The Paint (Non-RA),0-8 Center,,,,,302.0,6.0,5.0,1.0,,,,,,,,,,,,
304,PT00M26.50S,2025-03-28T00:34:41.5Z,2,REGULAR,3pt,Jump Shot,[],1630168,66.96780551905388,53.431372549019606,1610612737,58,55,2025-03-28T00:34:50Z,2980000,False,17.0,258.0,1,right,MISS O. Okongwu 25' 3PT,[1630168],22401062,1610612737,ATL,,,,Okongwu,O. Okongwu,,,,,Above the Break 3,24+ Center,25.86,Missed,,,,,,,,,,,,,,,,,,
305,PT00M24.80S,2025-03-28T00:34:43.2Z,2,REGULAR,rebound,offensive,[],1630700,,,1610612737,58,55,2025-03-28T00:50:11Z,2990000,False,,,0,,D. Daniels REBOUND (Off:1 Def:3),[1630700],22401062,1610612737,ATL,,,,Daniels,D. Daniels,,,,,Above the Break 3,24+ Center,,,,,304.0,4.0,3.0,1.0,,,,,,,,,,,,
319,PT00M23.50S,2025-03-28T00:34:51.0Z,2,REGULAR,2pt,Layup,"['pointsinthepaint', '2ndchance']",1630700,92.90407358738501,49.24172794117647,1610612737,58,55,2025-03-28T00:50:51Z,2995000,False,-4.0,14.0,1,right,MISS D. Daniels tip Layup,[1630700],22401062,1610612737,ATL,tip,,,Daniels,D. Daniels,,,,,Restricted Area,0-8 Center,1.47,Missed,,,,,,,,,,,,,,,,,,
320,PT00M20.50S,2025-03-28T00:34:54.0Z,2,REGULAR,rebound,offensive,[],1630700,,,1610612737,58,55,2025-03-28T00:50:51Z,2997500,False,,,0,,D. Daniels REBOUND (Off:2 Def:3),[1630700],22401062,1610612737,ATL,,,,Daniels,D. Daniels,,,,,Restricted Area,0-8 Center,,,,,319.0,5.0,3.0,2.0,,,,,,,,,,,,
306,PT00M07.40S,2025-03-28T00:35:00.6Z,2,REGULAR,turnover,lost ball,[],1629027,,,1610612737,58,55,2025-03-28T00:35:06Z,3000000,False,,,0,,T. Young lost ball TURNOVER (1 TO),"[1629027, 1629639]",22401062,1610612737,ATL,,,,Young,T. Young,,,,,Above the Break 3,24+ Center,,,,,,,,,,,,,,1.0,,,,,Herro,1629639.0
309,PT00M01.80S,2025-03-28T00:35:17.8Z,2,REGULAR,3pt,Jump Shot,[],1629027,51.19908015768725,75.49019607843137,1610612737,60,55,2025-03-28T00:40:26Z,3030000,False,127.0,406.0,1,right,MISS T. Young 42' pullup 3PT,[1629027],22401062,1610612737,ATL,pullup,,,Young,T. Young,,,,,Above the Break 3,24+ Right Center,42.57,Missed,,,,,,,,,,,,,,,,,,
310,PT00M00.80S,2025-03-28T00:35:18.8Z,2,REGULAR,rebound,offensive,['team'],0,,,1610612737,60,55,2025-03-28T00:35:26Z,3040000,False,,,0,,TEAM offensive REBOUND,[],22401062,1610612737,ATL,,,,,,,,,,Above the Break 3,24+ Right Center,,,,,309.0,,,,,,,,,,,,,,,
314,PT12M00.00S,2025-03-28T00:49:55.1Z,3,REGULAR,substitution,out,['startperiod'],1627747,,,1610612737,60,55,2025-03-28T00:50:44Z,3080000,False,,,0,,SUB out: C. LeVert,[1627747],22401062,1610612737,ATL,,,,LeVert,C. LeVert,,,,,,,,,,,,,,,,,,,,,,,,,,
317,PT12M00.00S,2025-03-28T00:49:55.1Z,3,REGULAR,substitution,in,['startperiod'],1630249,,,1610612737,60,55,2025-03-28T00:50:44Z,3110000,False,,,0,,SUB in: V. Krejčí,[1630249],22401062,1610612737,ATL,,,,Krejčí,V. Krejčí,,,,,,,,,,,,,,,,,,,,,,,,,,
322,PT11M44.00S,2025-03-28T00:51:01.2Z,3,REGULAR,steal,,[],1630168,,,1610612737,60,55,2025-03-28T00:51:04Z,3140000,False,,,0,,O. Okongwu STEAL (1 STL),[1630168],22401062,1610612737,ATL,,,,Okongwu,O. Okongwu,,,,,In The Paint (Non-RA),0-8 Center,,,,,,,,,,,,,,,,,,,,
323,PT11M38.00S,2025-03-28T00:51:06.8Z,3,REGULAR,3pt,Jump Shot,"['fromturnover', 'fastbreak']",1642258,23.73521681997372,84.80392156862744,1610612737,60,55,2025-03-28T00:51:14Z,3150000,False,-174.0,171.0,1,left,MISS Z. Risacher 24' running 3PT,[1642258],22401062,1610612737,ATL,running,,,Risacher,Z. Risacher,,,,,Above the Break 3,24+ Left Center,24.37,Missed,,,,,,,,,,,,,,,,,,
328,PT11M17.00S,2025-03-28T00:51:58.0Z,3,REGULAR,freethrow,1 of 2,[],1642258,,,1610612737,63,55,2025-03-28T00:52:12Z,3200000,False,,,0,,MISS Z. Risacher Free Throw 1 of 2,[1642258],22401062,1610612737,ATL,,,,Risacher,Z. Risacher,,,,,,,,Missed,,,,,,,,,,,,,,,,,,
329,PT11M17.00S,2025-03-28T00:51:58.0Z,3,REGULAR,rebound,offensive,"['team', 'deadball']",0,,,1610612737,63,55,2025-03-28T00:52:12Z,3210000,False,,,0,,TEAM offensive REBOUND,[],22401062,1610612737,ATL,,,,,,,,,,,,,,,,328.0,,,,,,,,,,,,,,,
330,PT11M17.00S,2025-03-28T00:51:58.0Z,3,REGULAR,freethrow,2 of 2,[],1642258,,,1610612737,63,55,2025-03-28T00:52:12Z,3220000,False,,,0,,MISS Z. Risacher Free Throw 2 of 2,[1642258],22401062,1610612737,ATL,,,,Risacher,Z. Risacher,,,,,,,,Missed,,,,,,,,,,,,,,,,,,
333,PT11M07.00S,2025-03-28T00:52:15.2Z,3,REGULAR,steal,,[],1630168,,,1610612737,63,55,2025-03-28T00:52:18Z,3250000,False,,,0,,O. Okongwu STEAL (2 STL),[1630168],22401062,1610612737,ATL,,,,Okongwu,O. Okongwu,,,,,Mid-Range,8-16 Left,,,,,,,,,,,,,,,,,,,,
334,PT10M59.00S,2025-03-28T00:52:22.8Z,3,REGULAR,2pt,Layup,"['fastbreak', 'pointsinthepaint', 'fromturnover']",1642258,5.995400788436268,53.431372549019606,1610612737,63,55,2025-03-28T00:54:57Z,3260000,False,-17.0,4.0,1,left,MISS Z. Risacher running finger roll Layup,[1642258],22401062,1610612737,ATL,running finger roll,,,Risacher,Z. Risacher,,,,,Restricted Area,0-8 Center,1.76,Missed,,,,,,,,,,,,,,,,,,
338,PT10M33.00S,2025-03-28T00:52:49.1Z,3,REGULAR,3pt,Jump Shot,[],1630700,30.042706964520367,26.47058823529412,1610612737,66,55,2025-03-28T00:56:34Z,3300000,False,118.0,230.0,1,left,MISS D. Daniels 25' 3PT,[1630700],22401062,1610612737,ATL,,,,Daniels,D. Daniels,,,,,Above the Break 3,24+ Right Center,25.82,Missed,,,,,,,,,,,,,,,,,,
340,PT10M23.00S,2025-03-28T00:53:01.6Z,3,REGULAR,foul,personal,['2freethrow'],1630249,,,1610612748,66,55,2025-03-28T00:53:25Z,3320000,False,,,0,,V. Krejčí shooting personal FOUL (2 PF) (Ware 2 FT),"[1630249, 1642276]",22401062,1610612737,ATL,shooting,,,Krejčí,V. Krejčí,,,,,Restricted Area,0-8 Center,,,,,,,,,,,,,202027.0,,2.0,0.0,Ware,1642276.0,,
344,PT10M20.00S,2025-03-28T00:53:42.3Z,3,REGULAR,rebound,defensive,[],1630168,,,1610612737,67,55,2025-03-28T00:53:42Z,3360000,False,,,0,,O. Okongwu REBOUND (Off:1 Def:6),[1630168],22401062,1610612737,ATL,,,,Okongwu,O. Okongwu,,,,,,,,,,,343.0,7.0,6.0,1.0,,,,,,,,,,,,
345,PT10M02.00S,2025-03-28T00:54:00.6Z,3,REGULAR,3pt,Jump Shot,[],1629027,29.517082785808146,70.34313725490196,1610612737,67,58,2025-03-28T00:57:59Z,3370000,False,-102.0,225.0,1,left,T. Young 24' 3PT  (15 PTS),[1629027],22401062,1610612737,ATL,,,,Young,T. Young,,,,,Above the Break 3,24+ Left Center,24.69,Made,,,,,,,15.0,,,,,,,,,,,
348,PT09M33.00S,2025-03-28T00:54:28.5Z,3,REGULAR,3pt,Jump Shot,[],1629027,37.27003942181341,32.84313725490196,1610612737,70,58,2025-03-28T00:54:34Z,3400000,False,86.0,298.0,1,left,MISS T. Young 30' pullup 3PT,[1629027],22401062,1610612737,ATL,pullup,,,Young,T. Young,,,,,Above the Break 3,24+ Center,30.99,Missed,,,,,,,,,,,,,,,,,,
356,PT08M56.00S,2025-03-28T00:55:27.2Z,3,REGULAR,turnover,out-of-bounds,[],1629027,,,1610612737,72,58,2025-03-28T00:55:36Z,3480000,False,,,0,,T. Young bad pass out-of-bounds TURNOVER (2 TO),[1629027],22401062,1610612737,ATL,bad pass,,,Young,T. Young,,,,,In The Paint (Non-RA),8-16 Left,,,,,,,,,,,,,201245.0,2.0,,,,,,
359,PT08M39.00S,2025-03-28T00:56:00.8Z,3,REGULAR,timeout,full,"['team', 'mandatory']",0,,,1610612737,74,58,2025-03-28T00:56:00Z,3510000,False,,,0,,ATL Timeout,[],22401062,1610612737,ATL,,,,,,,,,,,,,,,,,,,,,,,,,,,,,,,
360,PT08M29.00S,2025-03-28T00:59:12.5Z,3,REGULAR,2pt,Layup,['pointsinthepaint'],1630700,11.251642575558476,46.32352941176471,1610612737,74,58,2025-03-28T00:59:17Z,3520000,False,18.0,53.0,1,left,MISS D. Daniels driving Layup - blocked,"[1630700, 1642276]",22401062,1610612737,ATL,driving,,,Daniels,D. Daniels,,,,,In The Paint (Non-RA),0-8 Center,5.64,Missed,Ware,1642276.0,,,,,,,,,,,,,,,,
366,PT08M05.00S,2025-03-28T00:59:35.4Z,3,REGULAR,3pt,Jump Shot,[],1630249,21.50131406044678,10.784313725490197,1610612737,76,58,2025-03-28T01:03:09Z,3580000,False,196.0,150.0,1,left,MISS V. Krejčí 24' 3PT,[1630249],22401062,1610612737,ATL,,,,Krejčí,V. Krejčí,,,,,Above the Break 3,24+ Right Center,24.66,Missed,,,,,,,,,,,,,,,,,,
370,PT07M33.00S,2025-03-28T01:00:08.0Z,3,REGULAR,2pt,Jump Shot,[],1629027,24.129434954007884,56.61764705882353,1610612737,79,58,2025-03-28T01:03:54Z,3620000,False,-33.0,174.0,1,left,MISS T. Young 17' step back Shot,[1629027],22401062,1610612737,ATL,step back,,,Young,T. Young,,,,,Mid-Range,16-24 Center,17.74,Missed,,,,,,,,,,,,,,,,,,
373,PT07M07.00S,2025-03-28T01:00:34.6Z,3,REGULAR,rebound,defensive,[],1630249,,,1610612737,79,58,2025-03-28T01:00:37Z,3650000,False,,,0,,V. Krejčí REBOUND (Off:0 Def:6),[1630249],22401062,1610612737,ATL,,,,Krejčí,V. Krejčí,,,,,In The Paint (Non-RA),8-16 Center,,,,,372.0,6.0,6.0,0.0,,,,,,,,,,,,
376,PT06M44.00S,2025-03-28T01:01:16.8Z,3,REGULAR,2pt,DUNK,['pointsinthepaint'],1630168,5.863994743758213,50.49019607843137,1610612737,79,60,2025-03-28T01:01:22Z,3680000,False,-2.0,3.0,1,left,O. Okongwu driving DUNK (8 PTS) (D. Daniels 1 AST),"[1630168, 1630700]",22401062,1610612737,ATL,driving,,,Okongwu,O. Okongwu,,,,,Restricted Area,0-8 Center,0.36,Made,,,,,,,8.0,D. Daniels,1630700.0,1.0,,,,,,,,
379,PT06M26.00S,2025-03-28T01:01:52.0Z,3,REGULAR,foul,personal,['2freethrow'],1630249,,,1610612748,79,60,2025-03-28T01:02:18Z,3710000,False,,,0,,V. Krejčí shooting personal FOUL (3 PF) (Wiggins 2 FT),"[1630249, 203952]",22401062,1610612737,ATL,shooting,,,Krejčí,V. Krejčí,,,,,In The Paint (Non-RA),0-8 Center,,,,,,,,,,,,,202027.0,,3.0,0.0,Wiggins,203952.0,,
383,PT06M26.00S,2025-03-28T01:02:19.8Z,3,REGULAR,substitution,out,[],1629027,,,1610612748,80,60,2025-03-28T01:02:40Z,3750000,False,,,0,,SUB out: T. Young,[1629027],22401062,1610612737,ATL,,,,Young,T. Young,,,,,,,,,,,,,,,,,,,,,,,,,,
385,PT06M26.00S,2025-03-28T01:02:19.8Z,3,REGULAR,substitution,in,[],1627747,,,1610612748,80,60,2025-03-28T01:02:40Z,3770000,False,,,0,,SUB in: C. LeVert,[1627747],22401062,1610612737,ATL,,,,LeVert,C. LeVert,,,,,,,,,,,,,,,,,,,,,,,,,,
387,PT06M17.00S,2025-03-28T01:02:55.6Z,3,REGULAR,2pt,Jump Shot,['pointsinthepaint'],1627747,16.113666228646515,41.911764705882355,1610612737,81,62,2025-03-28T01:07:24Z,3790000,False,40.0,99.0,1,left,C. LeVert 10' driving floating Jump Shot (5 PTS),[1627747],22401062,1610612737,ATL,driving floating,,,LeVert,C. LeVert,,,,,In The Paint (Non-RA),8-16 Center,10.69,Made,,,,,,,5.0,,,,,,,,,,,
389,PT05M54.00S,2025-03-28T01:03:17.7Z,3,REGULAR,rebound,defensive,[],1627747,,,1610612737,81,62,2025-03-28T01:03:21Z,3810000,False,,,0,,C. LeVert REBOUND (Off:0 Def:2),[1627747],22401062,1610612737,ATL,,,,LeVert,C. LeVert,,,,,Left Corner 3,24+ Left,,,,,388.0,2.0,2.0,0.0,,,,,,,,,,,,
390,PT05M47.00S,2025-03-28T01:03:26.6Z,3,REGULAR,2pt,Layup,['pointsinthepaint'],1627747,5.863994743758213,47.549019607843135,1610612737,81,64,2025-03-28T01:03:33Z,3820000,False,12.0,3.0,1,left,C. LeVert driving finger roll Layup (7 PTS),[1627747],22401062,1610612737,ATL,driving finger roll,,,LeVert,C. LeVert,,,,,Restricted Area,0-8 Center,1.26,Made,,,,,,,7.0,,,,,,,,,,,
395,PT05M18.00S,2025-03-28T01:04:21.5Z,3,REGULAR,freethrow,1 of 2,[],1627747,,,1610612737,83,65,2025-03-28T01:04:58Z,3870000,False,,,0,,C. LeVert Free Throw 1 of 2 (8 PTS),[1627747],22401062,1610612737,ATL,,,,LeVert,C. LeVert,,,,,,,,Made,,,,,,,8.0,,,,,,,,,,,
402,PT05M18.00S,2025-03-28T01:04:21.5Z,3,REGULAR,freethrow,2 of 2,[],1627747,,,1610612737,83,66,2025-03-28T01:04:58Z,3940000,False,,,0,,C. LeVert Free Throw 2 of 2 (9 PTS),[1627747],22401062,1610612737,ATL,,,,LeVert,C. LeVert,,,,,,,,Made,,,,,,,9.0,,,,,,,,,,,
401,PT05M18.00S,2025-03-28T01:04:22.3Z,3,REGULAR,substitution,in,[],1629611,,,1610612737,83,65,2025-03-28T01:04:31Z,3930000,False,,,0,,SUB in: T. Mann,[1629611],22401062,1610612737,ATL,,,,Mann,T. Mann,,,,,,,,,,,,,,,,,,,,,,,,,,
400,PT05M18.00S,2025-03-28T01:04:22.3Z,3,REGULAR,substitution,in,[],1627777,,,1610612737,83,65,2025-03-28T01:04:31Z,3920000,False,,,0,,SUB in: G. Niang,[1627777],22401062,1610612737,ATL,,,,Niang,G. Niang,,,,,,,,,,,,,,,,,,,,,,,,,,
397,PT05M18.00S,2025-03-28T01:04:22.3Z,3,REGULAR,substitution,out,[],1642258,,,1610612737,83,65,2025-03-28T01:04:31Z,3890000,False,,,0,,SUB out: Z. Risacher,[1642258],22401062,1610612737,ATL,,,,Risacher,Z. Risacher,,,,,,,,,,,,,,,,,,,,,,,,,,
398,PT05M18.00S,2025-03-28T01:04:22.3Z,3,REGULAR,substitution,out,[],1630249,,,1610612737,83,65,2025-03-28T01:04:31Z,3900000,False,,,0,,SUB out: V. Krejčí,[1630249],22401062,1610612737,ATL,,,,Krejčí,V. Krejčí,,,,,,,,,,,,,,,,,,,,,,,,,,
404,PT04M55.00S,2025-03-28T01:05:06.2Z,3,REGULAR,rebound,defensive,[],1630700,,,1610612737,83,66,2025-03-28T01:05:06Z,3960000,False,,,0,,D. Daniels REBOUND (Off:2 Def:4),[1630700],22401062,1610612737,ATL,,,,Daniels,D. Daniels,,,,,Restricted Area,0-8 Center,,,,,403.0,6.0,4.0,2.0,,,,,,,,,,,,
405,PT04M51.00S,2025-03-28T01:05:09.3Z,3,REGULAR,3pt,Jump Shot,['fastbreak'],1627747,8.886333771353483,3.6764705882352944,1610612737,83,66,2025-03-28T01:05:21Z,3970000,False,232.0,31.0,1,left,MISS C. LeVert running 3PT,[1627747],22401062,1610612737,ATL,running,,,LeVert,C. LeVert,,,,,Right Corner 3,24+ Right,23.37,Missed,,,,,,,,,,,,,,,,,,
406,PT04M48.00S,2025-03-28T01:05:12.3Z,3,REGULAR,rebound,offensive,[],1627747,,,1610612737,83,66,2025-03-28T01:06:11Z,3980000,False,,,0,,C. LeVert REBOUND (Off:1 Def:2),[1627747],22401062,1610612737,ATL,,,,LeVert,C. LeVert,,,,,Right Corner 3,24+ Right,,,,,405.0,3.0,2.0,1.0,,,,,,,,,,,,
407,PT04M39.00S,2025-03-28T01:05:22.6Z,3,REGULAR,2pt,Jump Shot,"['pointsinthepaint', '2ndchance']",1627777,7.095926412614981,58.6014093137255,1610612737,83,66,2025-03-28T03:07:07Z,3990000,False,-43.0,14.0,1,left,MISS G. Niang driving floating bank Shot,[1627777],22401062,1610612737,ATL,driving floating bank,,,Niang,G. Niang,,,,,In The Paint (Non-RA),0-8 Center,4.53,Missed,,,,,,,,,,,,,,,,,,
408,PT04M37.00S,2025-03-28T01:05:24.6Z,3,REGULAR,rebound,offensive,[],1630168,,,1610612737,83,66,2025-03-28T01:05:31Z,4000000,False,,,0,,O. Okongwu REBOUND (Off:2 Def:6),[1630168],22401062,1610612737,ATL,,,,Okongwu,O. Okongwu,,,,,Restricted Area,0-8 Center,,,,,407.0,8.0,6.0,2.0,,,,,,,,,,,,
409,PT04M37.00S,2025-03-28T01:05:27.2Z,3,REGULAR,2pt,Layup,"['pointsinthepaint', '2ndchance']",1630168,5.590000152587891,50.0,1610612737,83,68,2025-03-28T01:05:27Z,4010000,False,0.0,0.0,1,left,O. Okongwu tip Layup (10 PTS),[1630168],22401062,1610612737,ATL,tip,,,Okongwu,O. Okongwu,,,,,Mid-Range,8-16 Left,0.0,Made,,,,,,,10.0,,,,,,,,,,,
412,PT04M37.00S,2025-03-28T01:07:55.7Z,3,REGULAR,substitution,in,[],1631230,,,1610612748,83,68,2025-03-28T01:08:20Z,4040000,False,,,0,,SUB in: D. Barlow,[1631230],22401062,1610612737,ATL,,,,Barlow,D. Barlow,,,,,,,,,,,,,,,,,,,,,,,,,,
411,PT04M37.00S,2025-03-28T01:07:55.7Z,3,REGULAR,substitution,out,[],1630168,,,1610612748,83,68,2025-03-28T01:08:20Z,4030000,False,,,0,,SUB out: O. Okongwu,[1630168],22401062,1610612737,ATL,,,,Okongwu,O. Okongwu,,,,,,,,,,,,,,,,,,,,,,,,,,
414,PT04M24.00S,2025-03-28T01:08:38.8Z,3,REGULAR,rebound,defensive,[],1630700,,,1610612737,83,68,2025-03-28T01:08:41Z,4060000,False,,,0,,D. Daniels REBOUND (Off:2 Def:5),[1630700],22401062,1610612737,ATL,,,,Daniels,D. Daniels,,,,,Restricted Area,0-8 Center,,,,,413.0,7.0,5.0,2.0,,,,,,,,,,,,
415,PT04M19.00S,2025-03-28T01:08:43.8Z,3,REGULAR,2pt,Jump Shot,['fastbreak'],1629611,8.409986859395532,89.97395833333334,1610612737,83,70,2025-03-28T01:09:03Z,4070000,False,-200.0,27.0,1,left,T. Mann 20' running Jump Shot (7 PTS) (D. Daniels 2 AST),"[1629611, 1630700]",22401062,1610612737,ATL,running,,,Mann,T. Mann,,,,,Mid-Range,16-24 Left,20.17,Made,,,,,,,7.0,D. Daniels,1630700.0,2.0,,,,,,,,
419,PT03M52.00S,2025-03-28T01:09:09.6Z,3,REGULAR,3pt,Jump Shot,[],1627747,28.597240473061763,24.509803921568626,1610612737,86,73,2025-03-28T01:10:52Z,4110000,False,127.0,216.0,1,left,C. LeVert 25' 3PT pullup (12 PTS),[1627747],22401062,1610612737,ATL,pullup,,,LeVert,C. LeVert,,,,,Above the Break 3,24+ Right Center,25.11,Made,,,,,,,12.0,,,,,,,,,,,
421,PT03M31.00S,2025-03-28T01:09:31.0Z,3,REGULAR,rebound,defensive,[],1629611,,,1610612737,86,73,2025-03-28T01:09:33Z,4130000,False,,,0,,T. Mann REBOUND (Off:0 Def:1),[1629611],22401062,1610612737,ATL,,,,Mann,T. Mann,,,,,Mid-Range,16-24 Right Center,,,,,420.0,1.0,1.0,0.0,,,,,,,,,,,,
422,PT03M25.00S,2025-03-28T01:09:36.7Z,3,REGULAR,3pt,Jump Shot,[],1627747,19.793035479632064,90.44117647058823,1610612737,86,73,2025-03-28T01:09:43Z,4140000,False,-202.0,134.0,1,left,MISS C. LeVert 24' 3PT,[1627747],22401062,1610612737,ATL,,,,LeVert,C. LeVert,,,,,Above the Break 3,24+ Left Center,24.24,Missed,,,,,,,,,,,,,,,,,,
423,PT03M22.00S,2025-03-28T01:09:40.1Z,3,REGULAR,rebound,offensive,[],1631230,,,1610612737,86,73,2025-03-28T01:09:40Z,4150000,False,,,0,,D. Barlow REBOUND (Off:1 Def:0),[1631230],22401062,1610612737,ATL,,,,Barlow,D. Barlow,,,,,Above the Break 3,24+ Left Center,,,,,422.0,1.0,0.0,1.0,,,,,,,,,,,,
424,PT03M10.00S,2025-03-28T01:09:52.6Z,3,REGULAR,3pt,Jump Shot,['2ndchance'],1630700,30.305519053876477,31.127450980392158,1610612737,86,73,2025-03-28T01:09:59Z,4160000,False,94.0,232.0,1,left,MISS D. Daniels 25' 3PT,[1630700],22401062,1610612737,ATL,,,,Daniels,D. Daniels,,,,,Above the Break 3,24+ Right Center,25.08,Missed,,,,,,,,,,,,,,,,,,
430,PT02M42.00S,2025-03-28T01:10:47.2Z,3,REGULAR,rebound,defensive,[],1627777,,,1610612737,86,73,2025-03-28T01:10:51Z,4220000,False,,,0,,G. Niang REBOUND (Off:0 Def:2),[1627777],22401062,1610612737,ATL,,,,Niang,G. Niang,,,,,In The Paint (Non-RA),0-8 Center,,,,,429.0,2.0,2.0,0.0,,,,,,,,,,,,
431,PT02M37.00S,2025-03-28T01:10:52.1Z,3,REGULAR,turnover,lost ball,[],1627777,,,1610612737,86,73,2025-03-28T01:10:57Z,4230000,False,,,0,,G. Niang lost ball TURNOVER (1 TO),"[1627777, 1628389]",22401062,1610612737,ATL,,,,Niang,G. Niang,,,,,In The Paint (Non-RA),8-16 Center,,,,,,,,,,,,,,1.0,,,,,Adebayo,1628389.0
434,PT02M27.00S,2025-03-28T01:11:02.2Z,3,REGULAR,rebound,defensive,[],1627777,,,1610612737,86,73,2025-03-28T01:11:34Z,4260000,False,,,0,,G. Niang REBOUND (Off:0 Def:3),[1627777],22401062,1610612737,ATL,,,,Niang,G. Niang,,,,,Above the Break 3,24+ Right Center,,,,,433.0,3.0,3.0,0.0,,,,,,,,,,,,
435,PT02M24.00S,2025-03-28T01:11:05.3Z,3,REGULAR,turnover,lost ball,[],1630700,,,1610612737,86,73,2025-03-28T01:11:38Z,4270000,False,,,0,,D. Daniels lost ball TURNOVER (2 TO),"[1630700, 1628389]",22401062,1610612737,ATL,,,,Daniels,D. Daniels,,,,,Above the Break 3,24+ Right Center,,,,,,,,,,,,,,2.0,,,,,Adebayo,1628389.0
438,PT02M09.00S,2025-03-28T01:11:19.7Z,3,REGULAR,steal,,[],1629611,,,1610612737,86,73,2025-03-28T01:11:22Z,4300000,False,,,0,,T. Mann STEAL (2 STL),[1629611],22401062,1610612737,ATL,,,,Mann,T. Mann,,,,,Above the Break 3,24+ Left Center,,,,,,,,,,,,,,,,,,,,
439,PT02M05.00S,2025-03-28T01:11:23.8Z,3,REGULAR,2pt,Layup,"['pointsinthepaint', 'fromturnover', 'fastbreak']",1627747,6.783837056504599,50.73529411764706,1610612737,86,75,2025-03-28T01:11:53Z,4310000,False,-4.0,11.0,1,left,C. LeVert running finger roll Layup (14 PTS) (T. Mann 1 AST),"[1627747, 1629611]",22401062,1610612737,ATL,running finger roll,,,LeVert,C. LeVert,,,,,Restricted Area,0-8 Center,1.19,Made,,,,,,,14.0,T. Mann,1629611.0,1.0,,,,,,,,
447,PT01M56.00S,2025-03-28T01:13:00.1Z,3,REGULAR,substitution,in,[],1629027,,,1610612748,86,75,2025-03-28T01:13:15Z,4390000,False,,,0,,SUB in: T. Young,[1629027],22401062,1610612737,ATL,,,,Young,T. Young,,,,,,,,,,,,,,,,,,,,,,,,,,
444,PT01M56.00S,2025-03-28T01:13:00.1Z,3,REGULAR,substitution,out,[],1630700,,,1610612748,86,75,2025-03-28T01:13:15Z,4360000,False,,,0,,SUB out: D. Daniels,[1630700],22401062,1610612737,ATL,,,,Daniels,D. Daniels,,,,,,,,,,,,,,,,,,,,,,,,,,
449,PT01M37.00S,2025-03-28T01:13:40.0Z,3,REGULAR,3pt,Jump Shot,[],1627777,25.312089356110377,80.63725490196079,1610612737,88,78,2025-03-28T01:13:54Z,4410000,False,-153.0,185.0,1,left,G. Niang 24' 3PT step back bank (5 PTS) (T. Young 7 AST),"[1627777, 1629027]",22401062,1610612737,ATL,step back bank,,,Niang,G. Niang,,,,,Above the Break 3,24+ Left Center,24.05,Made,,,,,,,5.0,T. Young,1629027.0,7.0,,,,,,,,
452,PT01M07.00S,2025-03-28T01:14:09.8Z,3,REGULAR,rebound,defensive,[],1631230,,,1610612737,88,78,2025-03-28T01:14:11Z,4440000,False,,,0,,D. Barlow REBOUND (Off:1 Def:1),[1631230],22401062,1610612737,ATL,,,,Barlow,D. Barlow,,,,,Mid-Range,16-24 Left Center,,,,,451.0,2.0,1.0,1.0,,,,,,,,,,,,
453,PT01M01.00S,2025-03-28T01:14:16.7Z,3,REGULAR,2pt,Jump Shot,[],1629027,15.193823915900131,33.82352941176471,1610612737,88,80,2025-03-28T01:14:21Z,4450000,False,81.0,90.0,1,left,T. Young 12' driving floating Jump Shot (17 PTS),[1629027],22401062,1610612737,ATL,driving floating,,,Young,T. Young,,,,,Mid-Range,8-16 Right,12.12,Made,,,,,,,17.0,,,,,,,,,,,
455,PT00M37.20S,2025-03-28T01:14:45.4Z,3,REGULAR,2pt,Layup,['pointsinthepaint'],1627747,8.360709592641262,41.911764705882355,1610612737,90,80,2025-03-28T01:14:51Z,4470000,False,40.0,26.0,1,left,MISS C. LeVert driving finger roll Layup,[1627747],22401062,1610612737,ATL,driving finger roll,,,LeVert,C. LeVert,,,,,In The Paint (Non-RA),0-8 Center,4.81,Missed,,,,,,,,,,,,,,,,,,
459,PT00M02.90S,2025-03-28T01:15:24.7Z,3,REGULAR,turnover,shot clock,['team'],0,,,1610612737,93,80,2025-03-28T01:15:40Z,4510000,False,,,0,,ATL shot clock Team TURNOVER,[],22401062,1610612737,ATL,,,,,,,,,,Mid-Range,8-16 Left,,,,,,,,,,,,,,,,,,,,
464,PT12M00.00S,2025-03-28T01:18:07.7Z,4,REGULAR,substitution,in,['startperiod'],1630249,,,1610612748,93,80,2025-03-28T01:18:34Z,4560000,False,,,0,,SUB in: V. Krejčí,[1630249],22401062,1610612737,ATL,,,,Krejčí,V. Krejčí,,,,,,,,,,,,,,,,,,,,,,,,,,
463,PT12M00.00S,2025-03-28T01:18:07.7Z,4,REGULAR,substitution,in,['startperiod'],1642258,,,1610612748,93,80,2025-03-28T01:18:34Z,4550000,False,,,0,,SUB in: Z. Risacher,[1642258],22401062,1610612737,ATL,,,,Risacher,Z. Risacher,,,,,,,,,,,,,,,,,,,,,,,,,,
461,PT12M00.00S,2025-03-28T01:18:07.7Z,4,REGULAR,substitution,out,['startperiod'],1627747,,,1610612748,93,80,2025-03-28T01:18:34Z,4530000,False,,,0,,SUB out: C. LeVert,[1627747],22401062,1610612737,ATL,,,,LeVert,C. LeVert,,,,,,,,,,,,,,,,,,,,,,,,,,
462,PT12M00.00S,2025-03-28T01:18:07.7Z,4,REGULAR,substitution,out,['startperiod'],1627777,,,1610612748,93,80,2025-03-28T01:18:34Z,4540000,False,,,0,,SUB out: G. Niang,[1627777],22401062,1610612737,ATL,,,,Niang,G. Niang,,,,,,,,,,,,,,,,,,,,,,,,,,
466,PT11M35.00S,2025-03-28T01:19:00.1Z,4,REGULAR,3pt,Jump Shot,[],1629611,33.98488830486202,56.61764705882353,1610612737,93,83,2025-03-28T01:19:06Z,4580000,False,-33.0,267.0,1,left,T. Mann 26' 3PT pullup (10 PTS) (Z. Risacher 3 AST),"[1629611, 1642258]",22401062,1610612737,ATL,pullup,,,Mann,T. Mann,,,,,Above the Break 3,24+ Center,26.9,Made,,,,,,,10.0,Z. Risacher,1642258.0,3.0,,,,,,,,
470,PT11M03.00S,2025-03-28T01:19:31.9Z,4,REGULAR,3pt,Jump Shot,[],1629027,34.641918528252305,49.754901960784316,1610612737,95,86,2025-03-28T01:19:36Z,4620000,False,1.0,273.0,1,left,T. Young 27' 3PT pullup (20 PTS),[1629027],22401062,1610612737,ATL,pullup,,,Young,T. Young,,,,,Above the Break 3,24+ Center,27.31,Made,,,,,,,20.0,,,,,,,,,,,
472,PT10M32.00S,2025-03-28T01:20:03.7Z,4,REGULAR,2pt,DUNK,['pointsinthepaint'],1631230,6.1268068331143235,51.470588235294116,1610612737,97,88,2025-03-28T01:20:57Z,4640000,False,-7.0,5.0,1,left,D. Barlow alley-oop DUNK (4 PTS) (T. Young 8 AST),"[1631230, 1629027]",22401062,1610612737,ATL,alley-oop,,,Barlow,D. Barlow,,,,,Restricted Area,0-8 Center,0.9,Made,,,,,,,4.0,T. Young,1629027.0,8.0,,,,,,,,
475,PT10M10.00S,2025-03-28T01:20:25.0Z,4,REGULAR,rebound,defensive,[],1629027,,,1610612737,97,88,2025-03-28T01:20:29Z,4670000,False,,,0,,T. Young REBOUND (Off:0 Def:2),[1629027],22401062,1610612737,ATL,,,,Young,T. Young,,,,,Restricted Area,0-8 Center,,,,,474.0,2.0,2.0,0.0,,,,,,,,,,,,
478,PT09M51.00S,2025-03-28T01:21:05.7Z,4,REGULAR,3pt,Jump Shot,[],1630249,4.155716162943495,4.166666666666666,1610612737,97,91,2025-03-28T01:21:11Z,4700000,False,229.0,-13.0,1,left,V. Krejčí 3PT  (14 PTS) (Z. Risacher 4 AST),"[1630249, 1642258]",22401062,1610612737,ATL,,,,Krejčí,V. Krejčí,,,,,Right Corner 3,24+ Right,22.96,Made,,,,,,,14.0,Z. Risacher,1642258.0,4.0,,,,,,,,
481,PT09M36.00S,2025-03-28T01:21:26.0Z,4,REGULAR,foul,personal,['1freethrow'],1642258,,,1610612748,99,91,2025-03-28T01:21:55Z,4730000,False,,,0,,Z. Risacher shooting personal FOUL (2 PF) (Herro 1 FT),"[1642258, 1629639]",22401062,1610612737,ATL,shooting,,,Risacher,Z. Risacher,,,,,In The Paint (Non-RA),0-8 Center,,,,,,,,,,,,,202027.0,,2.0,0.0,Herro,1629639.0,,
485,PT09M16.00S,2025-03-28T01:22:16.8Z,4,REGULAR,turnover,lost ball,[],1630249,,,1610612737,100,91,2025-03-28T01:22:24Z,4760000,False,,,0,,V. Krejčí lost ball TURNOVER (2 TO),"[1630249, 1630558]",22401062,1610612737,ATL,,,,Krejčí,V. Krejčí,,,,,Above the Break 3,24+ Center,,,,,,,,,,,,,,2.0,,,,,Mitchell,1630558.0
489,PT09M11.00S,2025-03-28T01:22:31.2Z,4,REGULAR,timeout,full,"['team', 'mandatory']",0,,,1610612737,103,91,2025-03-28T01:22:31Z,4800000,False,,,0,,ATL Timeout,[],22401062,1610612737,ATL,,,,,,,,,,,,,,,,,,,,,,,,,,,,,,,
490,PT09M11.00S,2025-03-28T01:25:00.5Z,4,REGULAR,substitution,out,[],1631230,,,1610612737,103,91,2025-03-28T01:25:24Z,4810000,False,,,0,,SUB out: D. Barlow,[1631230],22401062,1610612737,ATL,,,,Barlow,D. Barlow,,,,,,,,,,,,,,,,,,,,,,,,,,
491,PT09M11.00S,2025-03-28T01:25:00.5Z,4,REGULAR,substitution,in,[],1630168,,,1610612737,103,91,2025-03-28T01:25:24Z,4820000,False,,,0,,SUB in: O. Okongwu,[1630168],22401062,1610612737,ATL,,,,Okongwu,O. Okongwu,,,,,,,,,,,,,,,,,,,,,,,,,,
492,PT09M01.00S,2025-03-28T01:25:39.7Z,4,REGULAR,2pt,Layup,['pointsinthepaint'],1629027,13.485545335085414,48.28431372549019,1610612737,103,93,2025-03-28T01:25:47Z,4830000,False,9.0,74.0,1,left,T. Young 7' driving finger roll Layup (22 PTS),[1629027],22401062,1610612737,ATL,driving finger roll,,,Young,T. Young,,,,,In The Paint (Non-RA),0-8 Center,7.48,Made,,,,,,,22.0,,,,,,,,,,,
495,PT09M01.00S,2025-03-28T01:26:10.4Z,4,REGULAR,freethrow,1 of 1,[],1629027,,,1610612737,103,94,2025-03-28T01:26:10Z,4860000,False,,,0,,T. Young Free Throw 1 of 1 (23 PTS),[1629027],22401062,1610612737,ATL,,,,Young,T. Young,,,,,,,,Made,,,,,,,23.0,,,,,,,,,,,
497,PT08M27.00S,2025-03-28T01:26:44.9Z,4,REGULAR,turnover,bad pass,[],1629027,,,1610612737,105,94,2025-03-28T01:26:48Z,4880000,False,,,0,,T. Young bad pass TURNOVER (3 TO),"[1629027, 1629312]",22401062,1610612737,ATL,,,,Young,T. Young,,,,,In The Paint (Non-RA),0-8 Center,,,,,,,,,,,,,,3.0,,,,,Highsmith,1629312.0
500,PT08M10.00S,2025-03-28T01:27:09.2Z,4,REGULAR,timeout,full,"['team', 'mandatory']",0,,,1610612737,108,94,2025-03-28T01:27:09Z,4910000,False,,,0,,ATL Timeout,[],22401062,1610612737,ATL,,,,,,,,,,,,,,,,,,,,,,,,,,,,,,,
504,PT08M10.00S,2025-03-28T01:29:29.4Z,4,REGULAR,substitution,in,[],1630700,,,1610612737,108,94,2025-03-28T01:29:53Z,4950000,False,,,0,,SUB in: D. Daniels,[1630700],22401062,1610612737,ATL,,,,Daniels,D. Daniels,,,,,,,,,,,,,,,,,,,,,,,,,,
503,PT08M10.00S,2025-03-28T01:29:29.4Z,4,REGULAR,substitution,in,[],1627747,,,1610612737,108,94,2025-03-28T01:29:53Z,4940000,False,,,0,,SUB in: C. LeVert,[1627747],22401062,1610612737,ATL,,,,LeVert,C. LeVert,,,,,,,,,,,,,,,,,,,,,,,,,,
501,PT08M10.00S,2025-03-28T01:29:29.4Z,4,REGULAR,substitution,out,[],1642258,,,1610612737,108,94,2025-03-28T01:29:53Z,4920000,False,,,0,,SUB out: Z. Risacher,[1642258],22401062,1610612737,ATL,,,,Risacher,Z. Risacher,,,,,,,,,,,,,,,,,,,,,,,,,,
502,PT08M10.00S,2025-03-28T01:29:29.4Z,4,REGULAR,substitution,out,[],1630249,,,1610612737,108,94,2025-03-28T01:29:53Z,4930000,False,,,0,,SUB out: V. Krejčí,[1630249],22401062,1610612737,ATL,,,,Krejčí,V. Krejčí,,,,,,,,,,,,,,,,,,,,,,,,,,
505,PT07M53.00S,2025-03-28T01:30:17.5Z,4,REGULAR,3pt,Jump Shot,[],1629611,9.543363994743759,94.11764705882352,1610612737,108,94,2025-03-28T01:30:23Z,4960000,False,-221.0,37.0,1,left,MISS T. Mann 3PT,[1629611],22401062,1610612737,ATL,,,,Mann,T. Mann,,,,,Left Corner 3,24+ Left,22.37,Missed,,,,,,,,,,,,,,,,,,
508,PT07M24.00S,2025-03-28T01:30:45.4Z,4,REGULAR,rebound,defensive,[],1627747,,,1610612737,108,94,2025-03-28T01:30:47Z,4990000,False,,,0,,C. LeVert REBOUND (Off:1 Def:3),[1627747],22401062,1610612737,ATL,,,,LeVert,C. LeVert,,,,,Mid-Range,16-24 Left Center,,,,,507.0,4.0,3.0,1.0,,,,,,,,,,,,
509,PT07M12.00S,2025-03-28T01:30:57.9Z,4,REGULAR,2pt,Jump Shot,['pointsinthepaint'],1629611,12.171484888304862,55.63725490196079,1610612737,108,96,2025-03-28T01:31:04Z,5000000,False,-28.0,62.0,1,left,T. Mann 6' fadeaway Jump Shot (12 PTS) (D. Daniels 3 AST),"[1629611, 1630700]",22401062,1610612737,ATL,fadeaway,,,Mann,T. Mann,,,,,In The Paint (Non-RA),0-8 Center,6.8,Made,,,,,,,12.0,D. Daniels,1630700.0,3.0,,,,,,,,
513,PT06M34.00S,2025-03-28T01:31:36.2Z,4,REGULAR,2pt,Layup,['pointsinthepaint'],1630168,5.338370565045992,48.03921568627451,1610612737,110,98,2025-03-28T01:31:42Z,5040000,False,10.0,-2.0,1,left,O. Okongwu alley-oop Layup (12 PTS) (T. Young 9 AST),"[1630168, 1629027]",22401062,1610612737,ATL,alley-oop,,,Okongwu,O. Okongwu,,,,,Restricted Area,0-8 Center,1.01,Made,,,,,,,12.0,T. Young,1629027.0,9.0,,,,,,,,
516,PT06M11.00S,2025-03-28T01:31:59.0Z,4,REGULAR,rebound,defensive,[],1630168,,,1610612737,110,98,2025-03-28T01:32:01Z,5070000,False,,,0,,O. Okongwu REBOUND (Off:2 Def:7),[1630168],22401062,1610612737,ATL,,,,Okongwu,O. Okongwu,,,,,In The Paint (Non-RA),8-16 Left,,,,,515.0,9.0,7.0,2.0,,,,,,,,,,,,
517,PT06M01.00S,2025-03-28T01:32:08.8Z,4,REGULAR,3pt,Jump Shot,[],1630168,7.440867279894875,3.1862745098039214,1610612737,110,101,2025-03-28T01:32:14Z,5080000,False,234.0,17.0,1,left,O. Okongwu 3PT  (15 PTS) (T. Young 10 AST),"[1630168, 1629027]",22401062,1610612737,ATL,,,,Okongwu,O. Okongwu,,,,,Right Corner 3,24+ Right,23.47,Made,,,,,,,15.0,T. Young,1629027.0,10.0,,,,,,,,
519,PT05M39.00S,2025-03-28T01:32:33.0Z,4,REGULAR,foul,personal,['2freethrow'],1629611,,,1610612748,110,101,2025-03-28T01:33:15Z,5100000,False,,,0,,T. Mann shooting personal FOUL (1 PF) (Herro 2 FT),"[1629611, 1629639]",22401062,1610612737,ATL,shooting,,,Mann,T. Mann,,,,,In The Paint (Non-RA),0-8 Center,,,,,,,,,,,,,1628171.0,,1.0,0.0,Herro,1629639.0,,
527,PT05M20.00S,2025-03-28T01:34:01.0Z,4,REGULAR,3pt,Jump Shot,[],1629027,23.209592641261498,85.04901960784314,1610612737,112,101,2025-03-28T01:34:09Z,5180000,False,-175.0,166.0,1,left,MISS T. Young 24' step back 3PT,[1629027],22401062,1610612737,ATL,step back,,,Young,T. Young,,,,,Above the Break 3,24+ Left Center,24.11,Missed,,,,,,,,,,,,,,,,,,
531,PT05M06.00S,2025-03-28T01:34:19.7Z,4,REGULAR,turnover,out-of-bounds,[],1629027,,,1610612737,114,101,2025-03-28T01:34:25Z,5220000,False,,,0,,T. Young lost ball out-of-bounds TURNOVER (4 TO),[1629027],22401062,1610612737,ATL,lost ball,,,Young,T. Young,,,,,Above the Break 3,24+ Right Center,,,,,,,,,,,,,202027.0,4.0,,,,,,
533,PT04M42.00S,2025-03-28T01:34:47.3Z,4,REGULAR,steal,,[],1629027,,,1610612737,114,101,2025-03-28T01:34:50Z,5240000,False,,,0,,T. Young STEAL (2 STL),[1629027],22401062,1610612737,ATL,,,,Young,T. Young,,,,,Mid-Range,16-24 Left,,,,,,,,,,,,,,,,,,,,
534,PT04M37.00S,2025-03-28T01:34:52.5Z,4,REGULAR,3pt,Jump Shot,"['fromturnover', 'fastbreak']",1629027,35.03613666228647,25.735294117647058,1610612737,114,104,2025-03-28T01:35:03Z,5250000,False,121.0,277.0,1,left,T. Young 30' 3PT running pullup (26 PTS),[1629027],22401062,1610612737,ATL,running pullup,,,Young,T. Young,,,,,Above the Break 3,24+ Right Center,30.22,Made,,,,,,,26.0,,,,,,,,,,,
539,PT03M57.00S,2025-03-28T01:37:18.0Z,4,REGULAR,rebound,defensive,[],1630700,,,1610612737,114,104,2025-03-28T01:37:19Z,5300000,False,,,0,,D. Daniels REBOUND (Off:2 Def:6),[1630700],22401062,1610612737,ATL,,,,Daniels,D. Daniels,,,,,Above the Break 3,24+ Left Center,,,,,538.0,8.0,6.0,2.0,,,,,,,,,,,,
540,PT03M55.00S,2025-03-28T01:37:20.5Z,4,REGULAR,2pt,DUNK,"['pointsinthepaint', 'fastbreak']",1629611,6.1268068331143235,49.50980392156863,1610612737,114,106,2025-03-28T01:37:40Z,5310000,False,2.0,5.0,1,left,T. Mann running DUNK (14 PTS) (T. Young 11 AST),"[1629611, 1629027]",22401062,1610612737,ATL,running,,,Mann,T. Mann,,,,,Restricted Area,0-8 Center,0.57,Made,,,,,,,14.0,T. Young,1629027.0,11.0,,,,,,,,
543,PT03M36.00S,2025-03-28T01:37:38.9Z,4,REGULAR,rebound,defensive,[],1627747,,,1610612737,114,106,2025-03-28T01:39:04Z,5340000,False,,,0,,C. LeVert REBOUND (Off:1 Def:4),[1627747],22401062,1610612737,ATL,,,,LeVert,C. LeVert,,,,,Above the Break 3,24+ Left Center,,,,,542.0,5.0,4.0,1.0,,,,,,,,,,,,
545,PT03M12.00S,2025-03-28T01:38:24.0Z,4,REGULAR,turnover,bad pass,[],1630168,,,1610612737,114,106,2025-03-28T01:38:33Z,5360000,False,,,0,,O. Okongwu bad pass TURNOVER (2 TO),"[1630168, 203952]",22401062,1610612737,ATL,,,,Okongwu,O. Okongwu,,,,,Left Corner 3,24+ Left,,,,,,,,,,,,,,2.0,,,,,Wiggins,203952.0
548,PT02M49.00S,2025-03-28T01:38:46.9Z,4,REGULAR,steal,,[],1630700,,,1610612737,114,106,2025-03-28T01:38:48Z,5390000,False,,,0,,D. Daniels STEAL (2 STL),[1630700],22401062,1610612737,ATL,,,,Daniels,D. Daniels,,,,,In The Paint (Non-RA),8-16 Center,,,,,,,,,,,,,,,,,,,,
549,PT02M45.00S,2025-03-28T01:38:50.9Z,4,REGULAR,3pt,Jump Shot,"['fromturnover', 'fastbreak']",1629027,34.90473061760841,70.09803921568627,1610612737,114,109,2025-03-28T01:39:00Z,5400000,False,-100.0,276.0,1,left,T. Young 29' 3PT running pullup (29 PTS),[1629027],22401062,1610612737,ATL,running pullup,,,Young,T. Young,,,,,Above the Break 3,24+ Left Center,29.34,Made,,,,,,,29.0,,,,,,,,,,,
551,PT02M03.00S,2025-03-28T01:39:33.0Z,4,REGULAR,3pt,Jump Shot,[],1629027,31.882391590013142,81.86274509803921,1610612737,117,109,2025-03-28T01:39:39Z,5420000,False,-159.0,247.0,1,left,MISS T. Young 29' 3PT,[1629027],22401062,1610612737,ATL,,,,Young,T. Young,,,,,Above the Break 3,24+ Left Center,29.41,Missed,,,,,,,,,,,,,,,,,,
568,PT01M38.00S,2025-03-28T01:40:02.8Z,4,REGULAR,steal,,[],1627747,,,1610612737,117,109,2025-03-28T01:45:29Z,5467500,False,,,0,,C. LeVert STEAL (1 STL),[1627747],22401062,1610612737,ATL,,,,LeVert,C. LeVert,,,,,Restricted Area,0-8 Center,,,,,,,,,,,,,,,,,,,,
556,PT01M32.00S,2025-03-28T01:40:06.8Z,4,REGULAR,turnover,out-of-bounds,[],1629027,,,1610612737,117,109,2025-03-28T01:40:16Z,5470000,False,,,0,,T. Young lost ball out-of-bounds TURNOVER (5 TO),[1629027],22401062,1610612737,ATL,lost ball,,,Young,T. Young,,,,,Restricted Area,0-8 Center,,,,,,,,,,,,,1628171.0,5.0,,,,,,
559,PT01M00.00S,2025-03-28T01:40:53.2Z,4,REGULAR,3pt,Jump Shot,[],1627747,21.369908015768726,87.99019607843137,1610612737,119,112,2025-03-28T01:40:57Z,5500000,False,-190.0,148.0,1,left,C. LeVert 24' 3PT  (17 PTS) (T. Young 12 AST),"[1627747, 1629027]",22401062,1610612737,ATL,,,,LeVert,C. LeVert,,,,,Above the Break 3,24+ Left Center,24.11,Made,,,,,,,17.0,T. Young,1629027.0,12.0,,,,,,,,
561,PT00M52.40S,2025-03-28T01:41:08.1Z,4,REGULAR,foul,personal,[],1627747,,,1610612748,119,112,2025-03-28T01:41:23Z,5520000,False,,,0,,C. LeVert take personal FOUL (1 PF),"[1627747, 1628389]",22401062,1610612737,ATL,take,,,LeVert,C. LeVert,,,,,Above the Break 3,24+ Right Center,,,,,,,,,,,,,1628171.0,,1.0,0.0,Adebayo,1628389.0,,
566,PT00M36.90S,2025-03-28T01:43:34.6Z,4,REGULAR,timeout,full,['team'],0,,,1610612737,122,112,2025-03-28T01:44:04Z,5570000,False,,,0,,ATL Timeout,[],22401062,1610612737,ATL,,,,,,,,,,,,,,,,,,,,,,,,,,,,,,,
569,PT00M30.20S,2025-03-28T01:45:30.2Z,4,REGULAR,2pt,Jump Shot,[],1629027,13.222733245729303,25.98039215686275,1610612737,122,112,2025-03-28T01:45:39Z,5580000,False,120.0,72.0,1,left,MISS T. Young 13' driving floating bank Shot,[1629027],22401062,1610612737,ATL,driving floating bank,,,Young,T. Young,,,,,Mid-Range,8-16 Right,13.99,Missed,,,,,,,,,,,,,,,,,,
