index,ENDTIME,EVENTS,FG2A,FG2M,FG3A,FG3M,GAMEDATE,GAMEID,NONSHOOTINGFOULSTHATRESULTEDINFTS,OFFENSIVEREBOUNDS,OPPONENT,PERIOD,SHOOTINGFOULSDRAWN,STARTSCOREDIFFERENTIAL,STARTTIME,STARTTYPE,TURNOVERS,DESCRIPTION,URL,HTM,VTM,team,TEAM_ID,Year,start_seconds,end_seconds,mid_seconds,players_on,opp_players_on,season,actionNumber
412201,03:46,"MISS Coulibaly 26' 3PT Jump Shot
K. Johnson REBOUND (Off:2 Def:3)
",0,0,1,0,2025-02-05,0022400720,0,0,BKN,4,0,23,04:08,Off Timeout,0,K. Johnson REBOUND (Off:2 Def:3),,BKN,WAS,WAS,1610612764,2025,2632.0,2654.0,2643.0,1629673|1630557|1641731|1642267|1642273,1630553|1630592|1631213|1641736|1641787,2024-25,631
412211,06:43,"Sharpe L.B.FOUL (P3.T3) (S.Foster)
Coulibaly 5' Driving Layup (10 PTS) (Poole 6 AST)
Evbuomwan S.FOUL (P3.T4) (S.Foster)
Coulibaly Free Throw 1 of 1 (11 PTS)
",1,1,0,0,2025-02-05,0022400720,0,0,BKN,4,1,19,06:53,Off Dead Ball,0,Coulibaly 5' Driving Layup (10 PTS) (Poole 6 AST),,BKN,WAS,WAS,1610612764,2025,2467.0,2477.0,2472.0,1629673|1630557|1641731|1641774|1642273,1630553|1630592|1631213|1641736|1641787,2024-25,589
412212,06:43,"Sharpe L.B.FOUL (P3.T3) (S.Foster)
Coulibaly 5' Driving Layup (10 PTS) (Poole 6 AST)
Evbuomwan S.FOUL (P3.T4) (S.Foster)
Coulibaly Free Throw 1 of 1 (11 PTS)
",1,1,0,0,2025-02-05,0022400720,0,0,BKN,4,1,19,06:53,Off Dead Ball,0,Evbuomwan S.FOUL (P3.T4) (S.Foster),,BKN,WAS,WAS,1610612764,2025,2467.0,2477.0,2472.0,1629673|1630557|1641731|1641774|1642273,1630553|1630592|1631213|1641736|1641787,2024-25,589
412213,06:43,"Sharpe L.B.FOUL (P3.T3) (S.Foster)
Coulibaly 5' Driving Layup (10 PTS) (Poole 6 AST)
Evbuomwan S.FOUL (P3.T4) (S.Foster)
Coulibaly Free Throw 1 of 1 (11 PTS)
",1,1,0,0,2025-02-05,0022400720,0,0,BKN,4,1,19,06:53,Off Dead Ball,0,Sharpe L.B.FOUL (P3.T3) (S.Foster),,BKN,WAS,WAS,1610612764,2025,2467.0,2477.0,2472.0,1629673|1630557|1641731|1641774|1642273,1630553|1630592|1631213|1641736|1641787,2024-25,589
412066,01:56,"Simmons S.FOUL (P1.PN) (B.Barnaky)
MISS Vukcevic Free Throw 1 of 2
Wizards Rebound
MISS Vukcevic Free Throw 2 of 2
Sharpe REBOUND (Off:1 Def:1)
",0,0,0,0,2025-02-05,0022400720,0,0,BKN,1,1,9,02:15,Off At Rim Make,0,MISS Vukcevic Free Throw 1 of 2,,BKN,WAS,WAS,1610612764,2025,585.0,604.0,594.5,1627763|1630551|1630557|1641774|1642267,1627732|1630549|1630592|1631213|1641787,2024-25,128
412229,11:39,"K. Johnson P.FOUL (P3.T1) (B.Barnaky)
Kispert 25' 3PT Jump Shot (11 PTS) (Holmes 2 AST)
",0,0,1,1,2025-02-05,0022400720,0,0,BKN,4,0,15,12:00,Off Dead Ball,0,Kispert 25' 3PT Jump Shot (11 PTS) (Holmes 2 AST),,BKN,WAS,WAS,1610612764,2025,2160.0,2181.0,2170.5,1626158|1627763|1630551|1630557|1642267,1627732|1629661|1630549|1630553|1641787,2024-25,517
412228,11:39,"K. Johnson P.FOUL (P3.T1) (B.Barnaky)
Kispert 25' 3PT Jump Shot (11 PTS) (Holmes 2 AST)
",0,0,1,1,2025-02-05,0022400720,0,0,BKN,4,0,15,12:00,Off Dead Ball,0,K. Johnson P.FOUL (P3.T1) (B.Barnaky),,BKN,WAS,WAS,1610612764,2025,2160.0,2181.0,2170.5,1626158|1627763|1630551|1630557|1642267,1627732|1629661|1630549|1630553|1641787,2024-25,517
412227,10:59,"Kispert 5' Driving Floating Jump Shot (13 PTS) (Carrington 8 AST)
",1,1,0,0,2025-02-05,0022400720,0,0,BKN,4,0,18,11:11,Off Arc 3 Miss,0,Kispert 5' Driving Floating Jump Shot (13 PTS) (Carrington 8 AST),,BKN,WAS,WAS,1610612764,2025,2209.0,2221.0,2215.0,1626158|1627763|1630551|1630557|1642267,1627732|1629661|1630549|1630553|1641787,2024-25,528
412226,10:17,"Carrington 35' 3PT Jump Shot (13 PTS) (Holmes 3 AST)
",0,0,1,1,2025-02-05,0022400720,0,0,BKN,4,0,20,10:40,Off Arc 3 Miss,0,Carrington 35' 3PT Jump Shot (13 PTS) (Holmes 3 AST),,BKN,WAS,WAS,1610612764,2025,2240.0,2263.0,2251.5,1626158|1627763|1630551|1630557|1642267,1627732|1629661|1630549|1630553|1641787,2024-25,534
412210,06:08,"MISS Poole 3PT Pullup Jump Shot
Evbuomwan REBOUND (Off:0 Def:3)
",0,0,1,0,2025-02-05,0022400720,0,0,BKN,4,0,20,06:24,Off FT Make,0,MISS Poole 3PT Pullup Jump Shot,,BKN,WAS,WAS,1610612764,2025,2496.0,2512.0,2504.0,1629673|1630557|1641731|1641774|1642273,1630553|1630592|1631213|1641736|1641787,2024-25,599
412225,09:38,"Holmes 1' Driving Layup (9 PTS) (Kispert 2 AST)
",1,1,0,0,2025-02-05,0022400720,0,0,BKN,4,0,20,09:58,Off Corner 3 Make,0,Holmes 1' Driving Layup (9 PTS) (Kispert 2 AST),,BKN,WAS,WAS,1610612764,2025,2282.0,2302.0,2292.0,1626158|1627763|1630551|1630557|1642267,1630549|1630553|1630592|1631213|1641736,2024-25,545
412223,08:54,"MISS Kispert 28' 3PT Jump Shot
Brogdon REBOUND (Off:1 Def:0)
Kispert OFF.Foul (P2) (S.Foster)
Kispert Offensive Foul Turnover (P1.T10)
",0,0,1,0,2025-02-05,0022400720,0,1,BKN,4,0,22,09:17,Off Short Mid-Range Miss,1,Brogdon REBOUND (Off:1 Def:0),,BKN,WAS,WAS,1610612764,2025,2323.0,2346.0,2334.5,1626158|1627763|1630551|1630557|1642267,1630549|1630553|1630592|1631213|1641736,2024-25,550
412222,08:54,"MISS Kispert 28' 3PT Jump Shot
Brogdon REBOUND (Off:1 Def:0)
Kispert OFF.Foul (P2) (S.Foster)
Kispert Offensive Foul Turnover (P1.T10)
",0,0,1,0,2025-02-05,0022400720,0,1,BKN,4,0,22,09:17,Off Short Mid-Range Miss,1,MISS Kispert 28' 3PT Jump Shot,,BKN,WAS,WAS,1610612764,2025,2323.0,2346.0,2334.5,1626158|1627763|1630551|1630557|1642267,1630549|1630553|1630592|1631213|1641736,2024-25,550
412221,08:54,"MISS Kispert 28' 3PT Jump Shot
Brogdon REBOUND (Off:1 Def:0)
Kispert OFF.Foul (P2) (S.Foster)
Kispert Offensive Foul Turnover (P1.T10)
",0,0,1,0,2025-02-05,0022400720,0,1,BKN,4,0,22,09:17,Off Short Mid-Range Miss,1,Kispert Offensive Foul Turnover (P1.T10),,BKN,WAS,WAS,1610612764,2025,2323.0,2346.0,2334.5,1626158|1627763|1630551|1630557|1642267,1630549|1630553|1630592|1631213|1641736,2024-25,550
412220,08:16,"Kispert 3' Cutting Layup Shot (15 PTS) (Brogdon 1 AST)
",1,1,0,0,2025-02-05,0022400720,0,0,BKN,4,0,20,08:33,Off At Rim Make,0,Kispert 3' Cutting Layup Shot (15 PTS) (Brogdon 1 AST),,BKN,WAS,WAS,1610612764,2025,2367.0,2384.0,2375.5,1626158|1627763|1630551|1630557|1642267,1630549|1630553|1630592|1631213|1641736,2024-25,556
412219,07:38,"Sharpe L.B.FOUL (P2.T2) (B.Barnaky)
Holmes T.FOUL (P3.T0) (S.Foster)
K. Johnson Free Throw Technical (18 PTS)
George 26' 3PT Step Back Jump Shot (17 PTS) (Kispert 3 AST)
",0,0,1,1,2025-02-05,0022400720,0,0,BKN,4,0,19,07:57,Off Arc 3 Make,0,Sharpe L.B.FOUL (P2.T2) (B.Barnaky),,BKN,WAS,WAS,1610612764,2025,2403.0,2422.0,2412.5,1626158|1627763|1630557|1641731|1642273,1630549|1630553|1631213|1641736|1641787,2024-25,559
412218,07:38,"Sharpe L.B.FOUL (P2.T2) (B.Barnaky)
Holmes T.FOUL (P3.T0) (S.Foster)
K. Johnson Free Throw Technical (18 PTS)
George 26' 3PT Step Back Jump Shot (17 PTS) (Kispert 3 AST)
",0,0,1,1,2025-02-05,0022400720,0,0,BKN,4,0,19,07:57,Off Arc 3 Make,0,George 26' 3PT Step Back Jump Shot (17 PTS) (Kispert 3 AST),,BKN,WAS,WAS,1610612764,2025,2403.0,2422.0,2412.5,1626158|1627763|1630557|1641731|1642273,1630549|1630553|1631213|1641736|1641787,2024-25,559
412217,07:38,"Sharpe L.B.FOUL (P2.T2) (B.Barnaky)
Holmes T.FOUL (P3.T0) (S.Foster)
K. Johnson Free Throw Technical (18 PTS)
George 26' 3PT Step Back Jump Shot (17 PTS) (Kispert 3 AST)
",0,0,1,1,2025-02-05,0022400720,0,0,BKN,4,0,19,07:57,Off Arc 3 Make,0,K. Johnson Free Throw Technical (18 PTS),,BKN,WAS,WAS,1610612764,2025,2403.0,2422.0,2412.5,1626158|1627763|1630557|1641731|1642273,1630549|1630553|1631213|1641736|1641787,2024-25,559
412216,07:38,"Sharpe L.B.FOUL (P2.T2) (B.Barnaky)
Holmes T.FOUL (P3.T0) (S.Foster)
K. Johnson Free Throw Technical (18 PTS)
George 26' 3PT Step Back Jump Shot (17 PTS) (Kispert 3 AST)
",0,0,1,1,2025-02-05,0022400720,0,0,BKN,4,0,19,07:57,Off Arc 3 Make,0,Holmes T.FOUL (P3.T0) (S.Foster),,BKN,WAS,WAS,1610612764,2025,2403.0,2422.0,2412.5,1626158|1627763|1630557|1641731|1642273,1630549|1630553|1631213|1641736|1641787,2024-25,559
412224,08:54,"MISS Kispert 28' 3PT Jump Shot
Brogdon REBOUND (Off:1 Def:0)
Kispert OFF.Foul (P2) (S.Foster)
Kispert Offensive Foul Turnover (P1.T10)
",0,0,1,0,2025-02-05,0022400720,0,1,BKN,4,0,22,09:17,Off Short Mid-Range Miss,1,Kispert OFF.Foul (P2) (S.Foster),,BKN,WAS,WAS,1610612764,2025,2323.0,2346.0,2334.5,1626158|1627763|1630551|1630557|1642267,1630549|1630553|1630592|1631213|1641736,2024-25,550
412215,07:12,"Brogdon Out of Bounds Lost Ball Turnover (P1.T11)
",0,0,0,0,2025-02-05,0022400720,0,0,BKN,4,0,19,07:20,Off Short Mid-Range Make,1,Brogdon Out of Bounds Lost Ball Turnover (P1.T11),,BKN,WAS,WAS,1610612764,2025,2440.0,2448.0,2444.0,1626158|1627763|1630557|1641731|1642273,1630549|1630553|1631213|1641736|1641787,2024-25,579
412148,00:28,"Evbuomwan S.FOUL (P2.T4) (B.Barnaky)
MISS Champagnie Free Throw 1 of 2
Wizards Rebound
Champagnie Free Throw 2 of 2 (8 PTS)
",0,0,0,0,2025-02-05,0022400720,0,0,BKN,3,1,14,00:33,Off At Rim Miss,0,Evbuomwan S.FOUL (P2.T4) (B.Barnaky),,BKN,WAS,WAS,1610612764,2025,2127.0,2132.0,2129.5,1626158|1627763|1630551|1630557|1642267,1629651|1630592|1631213|1641736|1641787,2024-25,493
412194,01:38,"Beekman STEAL (1 STL): Carrington Bad Pass Turnover (P1.T14)
",0,0,0,0,2025-02-05,0022400720,0,0,BKN,4,0,19,01:55,Off Arc 3 Make,1,Beekman STEAL (1 STL): Carrington Bad Pass Turnover (P1.T14),,BKN,WAS,WAS,1610612764,2025,2765.0,2782.0,2773.5,1630264|1630551|1631098|1641774|1642267,1630553|1630592|1631213|1641736|1641787,2024-25,660
412145,11:21,"MISS Kispert 5' Driving Layup
Champagnie REBOUND (Off:1 Def:0)
Champagnie Tip Layup Shot (7 PTS)
",2,1,0,0,2025-02-05,0022400720,0,1,BKN,2,0,4,11:41,Off Arc 3 Make,0,MISS Kispert 5' Driving Layup,,BKN,WAS,WAS,1610612764,2025,739.0,759.0,749.0,1627763|1630551|1630557|1641774|1642267,1626156|1629651|1629661|1630592|1641787,2024-25,172
412156,01:57,"MISS Champagnie 24' 3PT Jump Shot
Vukcevic REBOUND (Off:2 Def:4)
Vukcevic 3PT Jump Shot (9 PTS) (Carrington 7 AST)
",0,0,2,1,2025-02-05,0022400720,0,1,BKN,3,0,10,02:17,Off Arc 3 Miss,0,MISS Champagnie 24' 3PT Jump Shot,,BKN,WAS,WAS,1610612764,2025,2023.0,2043.0,2033.0,1627763|1630551|1630557|1641774|1642267,1629651|1630592|1631213|1641736|1641787,2024-25,470
412147,00:00,"MISS Poole 24' 3PT Jump Shot
Wizards Rebound
",0,0,1,0,2025-02-05,0022400720,0,0,BKN,3,0,15,00:13,Off Dead Ball,0,Wizards Rebound,,BKN,WAS,WAS,1610612764,2025,2147.0,2160.0,2153.5,1626158|1627763|1629673|1630557|1642267,1629651|1630592|1631213|1641736|1641787,2024-25,574
412209,06:08,"MISS Poole 3PT Pullup Jump Shot
Evbuomwan REBOUND (Off:0 Def:3)
",0,0,1,0,2025-02-05,0022400720,0,0,BKN,4,0,20,06:24,Off FT Make,0,Evbuomwan REBOUND (Off:0 Def:3),,BKN,WAS,WAS,1610612764,2025,2496.0,2512.0,2504.0,1629673|1630557|1641731|1641774|1642273,1630553|1630592|1631213|1641736|1641787,2024-25,599
412208,05:47,"Vukcevic 3' Floating Jump Shot (11 PTS) (Poole 7 AST)
Martin S.FOUL (P3.PN) (B.Barnaky)
Vukcevic Free Throw 1 of 1 (12 PTS)
",1,1,0,0,2025-02-05,0022400720,0,0,BKN,4,1,20,05:53,Off Arc 3 Miss,0,Martin S.FOUL (P3.PN) (B.Barnaky),,BKN,WAS,WAS,1610612764,2025,2527.0,2533.0,2530.0,1629673|1630557|1641731|1641774|1642273,1630553|1630592|1631213|1641736|1641787,2024-25,606
412207,05:47,"Vukcevic 3' Floating Jump Shot (11 PTS) (Poole 7 AST)
Martin S.FOUL (P3.PN) (B.Barnaky)
Vukcevic Free Throw 1 of 1 (12 PTS)
",1,1,0,0,2025-02-05,0022400720,0,0,BKN,4,1,20,05:53,Off Arc 3 Miss,0,Vukcevic Free Throw 1 of 1 (12 PTS),,BKN,WAS,WAS,1610612764,2025,2527.0,2533.0,2530.0,1629673|1630557|1641731|1641774|1642273,1630553|1630592|1631213|1641736|1641787,2024-25,606
412206,05:47,"Vukcevic 3' Floating Jump Shot (11 PTS) (Poole 7 AST)
Martin S.FOUL (P3.PN) (B.Barnaky)
Vukcevic Free Throw 1 of 1 (12 PTS)
",1,1,0,0,2025-02-05,0022400720,0,0,BKN,4,1,20,05:53,Off Arc 3 Miss,0,Vukcevic 3' Floating Jump Shot (11 PTS) (Poole 7 AST),,BKN,WAS,WAS,1610612764,2025,2527.0,2533.0,2530.0,1629673|1630557|1641731|1641774|1642273,1630553|1630592|1631213|1641736|1641787,2024-25,606
412205,05:30,"Coulibaly Out of Bounds Lost Ball Turnover (P5.T12)
",0,0,0,0,2025-02-05,0022400720,0,0,BKN,4,0,21,05:34,Off Long Mid-Range Make,1,Coulibaly Out of Bounds Lost Ball Turnover (P5.T12),,BKN,WAS,WAS,1610612764,2025,2546.0,2550.0,2548.0,1629673|1630557|1641731|1641774|1642273,1630553|1630592|1631213|1641736|1641787,2024-25,613
412193,01:16,"Champagnie 28' 3PT Jump Shot (11 PTS) (Carrington 10 AST)
",0,0,1,1,2025-02-05,0022400720,0,0,BKN,4,0,17,01:34,Off FT Make,0,Champagnie 28' 3PT Jump Shot (11 PTS) (Carrington 10 AST),,BKN,WAS,WAS,1610612764,2025,2786.0,2804.0,2795.0,1630264|1630551|1631098|1641774|1642267,1630553|1630592|1631213|1641736|1641787,2024-25,664
412204,04:52,"Kispert 4' Driving Hook Shot (17 PTS) (Poole 8 AST)
",1,1,0,0,2025-02-05,0022400720,0,0,BKN,4,0,21,05:06,Off Arc 3 Miss,0,Kispert 4' Driving Hook Shot (17 PTS) (Poole 8 AST),,BKN,WAS,WAS,1610612764,2025,2574.0,2588.0,2581.0,1629673|1630557|1641731|1641774|1642273,1630553|1630592|1631213|1641736|1641787,2024-25,619
412202,03:46,"MISS Coulibaly 26' 3PT Jump Shot
K. Johnson REBOUND (Off:2 Def:3)
",0,0,1,0,2025-02-05,0022400720,0,0,BKN,4,0,23,04:08,Off Timeout,0,MISS Coulibaly 26' 3PT Jump Shot,,BKN,WAS,WAS,1610612764,2025,2632.0,2654.0,2643.0,1629673|1630557|1641731|1642267|1642273,1630553|1630592|1631213|1641736|1641787,2024-25,631
412200,03:17,"MISS Carrington 27' 3PT Jump Shot
Coulibaly REBOUND (Off:2 Def:7)
Wilson STEAL (2 STL): Coulibaly Bad Pass Turnover (P6.T13)
",0,0,1,0,2025-02-05,0022400720,0,1,BKN,4,0,23,03:36,Off Block,1,Coulibaly REBOUND (Off:2 Def:7),,BKN,WAS,WAS,1610612764,2025,2664.0,2683.0,2673.5,1629673|1630557|1641731|1642267|1642273,1630553|1630592|1631213|1641736|1641787,2024-25,637
412190,00:02,"Wizards Turnover: Shot Clock (T#15)
",0,0,0,0,2025-02-05,0022400720,0,0,BKN,4,0,17,00:24,Off Corner 3 Miss,1,Wizards Turnover: Shot Clock (T#15),,BKN,WAS,WAS,1610612764,2025,2856.0,2878.0,2867.0,1630264|1630551|1631098|1641774|1642267,1630553|1630592|1631213|1641736|1641787,2024-25,622
412199,03:17,"MISS Carrington 27' 3PT Jump Shot
Coulibaly REBOUND (Off:2 Def:7)
Wilson STEAL (2 STL): Coulibaly Bad Pass Turnover (P6.T13)
",0,0,1,0,2025-02-05,0022400720,0,1,BKN,4,0,23,03:36,Off Block,1,Wilson STEAL (2 STL): Coulibaly Bad Pass Turnover (P6.T13),,BKN,WAS,WAS,1610612764,2025,2664.0,2683.0,2673.5,1629673|1630557|1641731|1642267|1642273,1630553|1630592|1631213|1641736|1641787,2024-25,637
412198,03:17,"MISS Carrington 27' 3PT Jump Shot
Coulibaly REBOUND (Off:2 Def:7)
Wilson STEAL (2 STL): Coulibaly Bad Pass Turnover (P6.T13)
",0,0,1,0,2025-02-05,0022400720,0,1,BKN,4,0,23,03:36,Off Block,1,MISS Carrington 27' 3PT Jump Shot,,BKN,WAS,WAS,1610612764,2025,2664.0,2683.0,2673.5,1629673|1630557|1641731|1642267|1642273,1630553|1630592|1631213|1641736|1641787,2024-25,637
412197,02:46,"Poole 5' Driving Layup (19 PTS) (Carrington 9 AST)
",1,1,0,0,2025-02-05,0022400720,0,0,BKN,4,0,20,03:09,Off Corner 3 Make,0,Poole 5' Driving Layup (19 PTS) (Carrington 9 AST),,BKN,WAS,WAS,1610612764,2025,2691.0,2714.0,2702.5,1629673|1630557|1641731|1642267|1642273,1630553|1630592|1631213|1641736|1641787,2024-25,642
412196,02:04,"MISS Poole 4' Driving Reverse Layup
K. Johnson REBOUND (Off:2 Def:4)
",1,0,0,0,2025-02-05,0022400720,0,0,BKN,4,0,22,02:28,Off Short Mid-Range Miss,0,K. Johnson REBOUND (Off:2 Def:4),,BKN,WAS,WAS,1610612764,2025,2732.0,2756.0,2744.0,1629673|1630557|1641731|1642267|1642273,1630553|1630592|1631213|1641736|1641787,2024-25,647
412195,02:04,"MISS Poole 4' Driving Reverse Layup
K. Johnson REBOUND (Off:2 Def:4)
",1,0,0,0,2025-02-05,0022400720,0,0,BKN,4,0,22,02:28,Off Short Mid-Range Miss,0,MISS Poole 4' Driving Reverse Layup,,BKN,WAS,WAS,1610612764,2025,2732.0,2756.0,2744.0,1629673|1630557|1641731|1642267|1642273,1630553|1630592|1631213|1641736|1641787,2024-25,647
412203,04:22,"Carrington 3PT Jump Shot (16 PTS) (Coulibaly 11 AST)
",0,0,1,1,2025-02-05,0022400720,0,0,BKN,4,0,22,04:33,Off FT Miss,0,Carrington 3PT Jump Shot (16 PTS) (Coulibaly 11 AST),,BKN,WAS,WAS,1610612764,2025,2607.0,2618.0,2612.5,1629673|1630557|1641731|1642267|1642273,1630553|1630592|1631213|1641736|1641787,2024-25,628
412085,07:30,"Carrington 12' Jump Shot (2 PTS) (Coulibaly 2 AST)
",1,1,0,0,2025-02-05,0022400720,0,0,BKN,1,0,3,07:51,Off Arc 3 Make,0,Carrington 12' Jump Shot (2 PTS) (Coulibaly 2 AST),,BKN,WAS,WAS,1610612764,2025,249.0,270.0,259.5,1626158|1629673|1641731|1642267|1642273,1627732|1629651|1629661|1630533|1630553,2024-25,55
412214,06:43,"Sharpe L.B.FOUL (P3.T3) (S.Foster)
Coulibaly 5' Driving Layup (10 PTS) (Poole 6 AST)
Evbuomwan S.FOUL (P3.T4) (S.Foster)
Coulibaly Free Throw 1 of 1 (11 PTS)
",1,1,0,0,2025-02-05,0022400720,0,0,BKN,4,1,19,06:53,Off Dead Ball,0,Coulibaly Free Throw 1 of 1 (11 PTS),,BKN,WAS,WAS,1610612764,2025,2467.0,2477.0,2472.0,1629673|1630557|1641731|1641774|1642273,1630553|1630592|1631213|1641736|1641787,2024-25,589
412192,00:34,"MISS Champagnie 27' 3PT Jump Shot
Evbuomwan REBOUND (Off:1 Def:4)
",0,0,1,0,2025-02-05,0022400720,0,0,BKN,4,0,17,00:59,Off Arc 3 Make,0,Evbuomwan REBOUND (Off:1 Def:4),,BKN,WAS,WAS,1610612764,2025,2821.0,2846.0,2833.5,1630264|1630551|1631098|1641774|1642267,1630553|1630592|1631213|1641736|1641787,2024-25,595
412169,05:16,"MISS Kispert 4' Cutting Layup Shot
Sharpe REBOUND (Off:2 Def:2)
",1,0,0,0,2025-02-05,0022400720,0,0,BKN,3,0,5,05:32,Off At Rim Make,0,Sharpe REBOUND (Off:2 Def:2),,BKN,WAS,WAS,1610612764,2025,1828.0,1844.0,1836.0,1629673|1630557|1641731|1641774|1642273,1627732|1629661|1630549|1630592|1641787,2024-25,429
412179,08:32,"Coulibaly 1' Running Alley Oop Dunk Shot (6 PTS) (Poole 5 AST)
",1,1,0,0,2025-02-05,0022400720,0,0,BKN,3,0,1,08:34,Off Steal,0,Coulibaly 1' Running Alley Oop Dunk Shot (6 PTS) (Poole 5 AST),,BKN,WAS,WAS,1610612764,2025,1646.0,1648.0,1647.0,1626158|1629673|1641731|1642267|1642273,1626156|1629651|1629661|1630533|1630553,2024-25,381
412187,11:01,"MISS George 29' 3PT Jump Shot
Claxton REBOUND (Off:0 Def:4)
",0,0,1,0,2025-02-05,0022400720,0,0,BKN,3,0,2,11:22,Off At Rim Make,0,MISS George 29' 3PT Jump Shot,,BKN,WAS,WAS,1610612764,2025,1478.0,1499.0,1488.5,1626158|1629673|1641731|1642267|1642273,1626156|1629651|1629661|1630533|1630553,2024-25,353
412186,10:34,"Holmes 3' Reverse Layup (7 PTS) (Carrington 5 AST)
",1,1,0,0,2025-02-05,0022400720,0,0,BKN,3,0,-1,10:52,Off Corner 3 Make,0,Holmes 3' Reverse Layup (7 PTS) (Carrington 5 AST),,BKN,WAS,WAS,1610612764,2025,1508.0,1526.0,1517.0,1626158|1629673|1641731|1642267|1642273,1626156|1629651|1629661|1630533|1630553,2024-25,357
412185,09:58,"MISS Poole 28' 3PT Jump Shot
Williams REBOUND (Off:1 Def:1)
",0,0,1,0,2025-02-05,0022400720,0,0,BKN,3,0,1,10:13,Off Arc 3 Miss,0,MISS Poole 28' 3PT Jump Shot,,BKN,WAS,WAS,1610612764,2025,1547.0,1562.0,1554.5,1626158|1629673|1641731|1642267|1642273,1626156|1629651|1629661|1630533|1630553,2024-25,362
412184,09:58,"MISS Poole 28' 3PT Jump Shot
Williams REBOUND (Off:1 Def:1)
",0,0,1,0,2025-02-05,0022400720,0,0,BKN,3,0,1,10:13,Off Arc 3 Miss,0,Williams REBOUND (Off:1 Def:1),,BKN,WAS,WAS,1610612764,2025,1547.0,1562.0,1554.5,1626158|1629673|1641731|1642267|1642273,1626156|1629651|1629661|1630533|1630553,2024-25,362
412183,09:30,"MISS Carrington 4' Running Layup
NETS Rebound
",1,0,0,0,2025-02-05,0022400720,0,0,BKN,3,0,1,09:34,Off Long Mid-Range Miss,0,NETS Rebound,,BKN,WAS,WAS,1610612764,2025,1586.0,1590.0,1588.0,1626158|1629673|1641731|1642267|1642273,1626156|1629651|1629661|1630533|1630553,2024-25,368
412182,09:30,"MISS Carrington 4' Running Layup
NETS Rebound
",1,0,0,0,2025-02-05,0022400720,0,0,BKN,3,0,1,09:34,Off Long Mid-Range Miss,0,MISS Carrington 4' Running Layup,,BKN,WAS,WAS,1610612764,2025,1586.0,1590.0,1588.0,1626158|1629673|1641731|1642267|1642273,1626156|1629651|1629661|1630533|1630553,2024-25,368
412065,01:33,"MISS Brogdon 5' Driving Layup
Simmons REBOUND (Off:0 Def:2)
",1,0,0,0,2025-02-05,0022400720,0,0,BKN,1,0,7,01:50,Off Timeout,0,MISS Brogdon 5' Driving Layup,,BKN,WAS,WAS,1610612764,2025,610.0,627.0,618.5,1627763|1630551|1630557|1641774|1642267,1627732|1630549|1630592|1631213|1641787,2024-25,135
412181,08:54,"MISS Poole 30' 3PT Jump Shot
Claxton REBOUND (Off:0 Def:5)
",0,0,1,0,2025-02-05,0022400720,0,0,BKN,3,0,1,09:11,Off Short Mid-Range Miss,0,Claxton REBOUND (Off:0 Def:5),,BKN,WAS,WAS,1610612764,2025,1609.0,1626.0,1617.5,1626158|1629673|1641731|1642267|1642273,1626156|1629651|1629661|1630533|1630553,2024-25,374
412180,08:54,"MISS Poole 30' 3PT Jump Shot
Claxton REBOUND (Off:0 Def:5)
",0,0,1,0,2025-02-05,0022400720,0,0,BKN,3,0,1,09:11,Off Short Mid-Range Miss,0,MISS Poole 30' 3PT Jump Shot,,BKN,WAS,WAS,1610612764,2025,1609.0,1626.0,1617.5,1626158|1629673|1641731|1642267|1642273,1626156|1629651|1629661|1630533|1630553,2024-25,374
412178,07:53,"MISS Coulibaly 14' Pullup Jump Shot
C. Johnson REBOUND (Off:0 Def:2)
",1,0,0,0,2025-02-05,0022400720,0,0,BKN,3,0,3,08:14,Off Corner 3 Miss,0,C. Johnson REBOUND (Off:0 Def:2),,BKN,WAS,WAS,1610612764,2025,1666.0,1687.0,1676.5,1626158|1629673|1641731|1642267|1642273,1626156|1629651|1629661|1630533|1630553,2024-25,386
412177,07:53,"MISS Coulibaly 14' Pullup Jump Shot
C. Johnson REBOUND (Off:0 Def:2)
",1,0,0,0,2025-02-05,0022400720,0,0,BKN,3,0,3,08:14,Off Corner 3 Miss,0,MISS Coulibaly 14' Pullup Jump Shot,,BKN,WAS,WAS,1610612764,2025,1666.0,1687.0,1676.5,1626158|1629673|1641731|1642267|1642273,1626156|1629651|1629661|1630533|1630553,2024-25,386
412176,07:18,"Poole 26' 3PT Jump Shot (15 PTS) (George 2 AST)
",0,0,1,1,2025-02-05,0022400720,0,0,BKN,3,0,3,07:36,Off Dead Ball,0,Poole 26' 3PT Jump Shot (15 PTS) (George 2 AST),,BKN,WAS,WAS,1610612764,2025,1704.0,1722.0,1713.0,1626158|1629673|1641731|1642267|1642273,1626156|1629651|1629661|1630533|1630553,2024-25,394
412175,06:47,"Russell P.FOUL (P1.T1) (S.Foster)
MISS Poole 30' 3PT Pullup Jump Shot
K. Johnson REBOUND (Off:2 Def:2)
",0,0,1,0,2025-02-05,0022400720,0,0,BKN,3,0,6,07:01,Off At Rim Block,0,MISS Poole 30' 3PT Pullup Jump Shot,,BKN,WAS,WAS,1610612764,2025,1739.0,1753.0,1746.0,1629673|1641731|1641774|1642267|1642273,1627732|1629651|1629661|1630553|1641787,2024-25,399
412174,06:47,"Russell P.FOUL (P1.T1) (S.Foster)
MISS Poole 30' 3PT Pullup Jump Shot
K. Johnson REBOUND (Off:2 Def:2)
",0,0,1,0,2025-02-05,0022400720,0,0,BKN,3,0,6,07:01,Off At Rim Block,0,K. Johnson REBOUND (Off:2 Def:2),,BKN,WAS,WAS,1610612764,2025,1739.0,1753.0,1746.0,1629673|1641731|1641774|1642267|1642273,1627732|1629651|1629661|1630553|1641787,2024-25,399
412173,06:47,"Russell P.FOUL (P1.T1) (S.Foster)
MISS Poole 30' 3PT Pullup Jump Shot
K. Johnson REBOUND (Off:2 Def:2)
",0,0,1,0,2025-02-05,0022400720,0,0,BKN,3,0,6,07:01,Off At Rim Block,0,Russell P.FOUL (P1.T1) (S.Foster),,BKN,WAS,WAS,1610612764,2025,1739.0,1753.0,1746.0,1629673|1641731|1641774|1642267|1642273,1627732|1629651|1629661|1630553|1641787,2024-25,399
412172,06:15,"George 29' 3PT Pullup Jump Shot (14 PTS) (Coulibaly 10 AST)
",0,0,1,1,2025-02-05,0022400720,0,0,BKN,3,0,6,06:27,Off Short Mid-Range Miss,0,George 29' 3PT Pullup Jump Shot (14 PTS) (Coulibaly 10 AST),,BKN,WAS,WAS,1610612764,2025,1773.0,1785.0,1779.0,1629673|1641731|1641774|1642267|1642273,1627732|1629651|1629661|1630553|1641787,2024-25,412
412170,05:16,"MISS Kispert 4' Cutting Layup Shot
Sharpe REBOUND (Off:2 Def:2)
",1,0,0,0,2025-02-05,0022400720,0,0,BKN,3,0,5,05:32,Off At Rim Make,0,MISS Kispert 4' Cutting Layup Shot,,BKN,WAS,WAS,1610612764,2025,1828.0,1844.0,1836.0,1629673|1630557|1641731|1641774|1642273,1627732|1629661|1630549|1630592|1641787,2024-25,429
412191,00:34,"MISS Champagnie 27' 3PT Jump Shot
Evbuomwan REBOUND (Off:1 Def:4)
",0,0,1,0,2025-02-05,0022400720,0,0,BKN,4,0,17,00:59,Off Arc 3 Make,0,MISS Champagnie 27' 3PT Jump Shot,,BKN,WAS,WAS,1610612764,2025,2821.0,2846.0,2833.5,1630264|1630551|1631098|1641774|1642267,1630553|1630592|1631213|1641736|1641787,2024-25,595
412188,11:01,"MISS George 29' 3PT Jump Shot
Claxton REBOUND (Off:0 Def:4)
",0,0,1,0,2025-02-05,0022400720,0,0,BKN,3,0,2,11:22,Off At Rim Make,0,Claxton REBOUND (Off:0 Def:4),,BKN,WAS,WAS,1610612764,2025,1478.0,1499.0,1488.5,1626158|1629673|1641731|1642267|1642273,1626156|1629651|1629661|1630533|1630553,2024-25,353
412150,00:28,"Evbuomwan S.FOUL (P2.T4) (B.Barnaky)
MISS Champagnie Free Throw 1 of 2
Wizards Rebound
Champagnie Free Throw 2 of 2 (8 PTS)
",0,0,0,0,2025-02-05,0022400720,0,0,BKN,3,1,14,00:33,Off At Rim Miss,0,MISS Champagnie Free Throw 1 of 2,,BKN,WAS,WAS,1610612764,2025,2127.0,2132.0,2129.5,1626158|1627763|1630551|1630557|1642267,1629651|1630592|1631213|1641736|1641787,2024-25,493
412189,11:26,"K. Johnson STEAL (2 STL): Poole Bad Pass Turnover (P2.T7)
",0,0,0,0,2025-02-05,0022400720,0,0,BKN,3,0,4,11:46,Off Dead Ball,1,K. Johnson STEAL (2 STL): Poole Bad Pass Turnover (P2.T7),,BKN,WAS,WAS,1610612764,2025,1454.0,1474.0,1464.0,1626158|1629673|1641731|1642267|1642273,1626156|1629651|1629661|1630533|1630553,2024-25,349
412159,02:36,"Beekman P.FOUL (P1.T2) (S.Twardoski)
Vukcevic 2' Driving Layup (5 PTS) (Carrington 6 AST)
Sharpe S.FOUL (P1.T3) (B.Barnaky)
Vukcevic Free Throw 1 of 1 (6 PTS)
",1,1,0,0,2025-02-05,0022400720,0,0,BKN,3,1,7,03:07,Off Short Mid-Range Make,0,Vukcevic 2' Driving Layup (5 PTS) (Carrington 6 AST),,BKN,WAS,WAS,1610612764,2025,1973.0,2004.0,1988.5,1627763|1630551|1630557|1641774|1642267,1630549|1630592|1631213|1641736|1641787,2024-25,457
412167,04:48,"MISS Vukcevic 4' Layup
Simmons REBOUND (Off:1 Def:3)
",1,0,0,0,2025-02-05,0022400720,0,0,BKN,3,0,5,05:05,Off Steal,0,Simmons REBOUND (Off:1 Def:3),,BKN,WAS,WAS,1610612764,2025,1855.0,1872.0,1863.5,1629673|1630557|1641731|1641774|1642273,1627732|1629661|1630549|1630592|1641787,2024-25,434
412166,04:17,"MISS Vukcevic 27' 3PT Jump Shot
Simmons REBOUND (Off:1 Def:4)
",0,0,1,0,2025-02-05,0022400720,0,0,BKN,3,0,5,04:32,Off Short Mid-Range Miss,0,MISS Vukcevic 27' 3PT Jump Shot,,BKN,WAS,WAS,1610612764,2025,1888.0,1903.0,1895.5,1629673|1630557|1641731|1641774|1642273,1627732|1629661|1630549|1630592|1641787,2024-25,438
412165,04:17,"MISS Vukcevic 27' 3PT Jump Shot
Simmons REBOUND (Off:1 Def:4)
",0,0,1,0,2025-02-05,0022400720,0,0,BKN,3,0,5,04:32,Off Short Mid-Range Miss,0,Simmons REBOUND (Off:1 Def:4),,BKN,WAS,WAS,1610612764,2025,1888.0,1903.0,1895.5,1629673|1630557|1641731|1641774|1642273,1627732|1629661|1630549|1630592|1641787,2024-25,438
412164,03:57,"Poole 2' Driving Layup (17 PTS)
",1,1,0,0,2025-02-05,0022400720,0,0,BKN,3,0,5,04:06,Off Arc 3 Miss,0,Poole 2' Driving Layup (17 PTS),,BKN,WAS,WAS,1610612764,2025,1914.0,1923.0,1918.5,1629673|1630557|1641731|1641774|1642273,1627732|1629661|1630549|1630592|1641787,2024-25,442
412163,03:32,"Coulibaly 1' Running Dunk (8 PTS) (George 3 AST)
",1,1,0,0,2025-02-05,0022400720,0,0,BKN,3,0,7,03:35,Off Corner 3 Miss,0,Coulibaly 1' Running Dunk (8 PTS) (George 3 AST),,BKN,WAS,WAS,1610612764,2025,1945.0,1948.0,1946.5,1629673|1630557|1641731|1641774|1642273,1627732|1629661|1630549|1630592|1641787,2024-25,445
412162,02:36,"Beekman P.FOUL (P1.T2) (S.Twardoski)
Vukcevic 2' Driving Layup (5 PTS) (Carrington 6 AST)
Sharpe S.FOUL (P1.T3) (B.Barnaky)
Vukcevic Free Throw 1 of 1 (6 PTS)
",1,1,0,0,2025-02-05,0022400720,0,0,BKN,3,1,7,03:07,Off Short Mid-Range Make,0,Sharpe S.FOUL (P1.T3) (B.Barnaky),,BKN,WAS,WAS,1610612764,2025,1973.0,2004.0,1988.5,1627763|1630551|1630557|1641774|1642267,1630549|1630592|1631213|1641736|1641787,2024-25,457
412149,00:28,"Evbuomwan S.FOUL (P2.T4) (B.Barnaky)
MISS Champagnie Free Throw 1 of 2
Wizards Rebound
Champagnie Free Throw 2 of 2 (8 PTS)
",0,0,0,0,2025-02-05,0022400720,0,0,BKN,3,1,14,00:33,Off At Rim Miss,0,Champagnie Free Throw 2 of 2 (8 PTS),,BKN,WAS,WAS,1610612764,2025,2127.0,2132.0,2129.5,1626158|1627763|1630551|1630557|1642267,1629651|1630592|1631213|1641736|1641787,2024-25,493
412161,02:36,"Beekman P.FOUL (P1.T2) (S.Twardoski)
Vukcevic 2' Driving Layup (5 PTS) (Carrington 6 AST)
Sharpe S.FOUL (P1.T3) (B.Barnaky)
Vukcevic Free Throw 1 of 1 (6 PTS)
",1,1,0,0,2025-02-05,0022400720,0,0,BKN,3,1,7,03:07,Off Short Mid-Range Make,0,Beekman P.FOUL (P1.T2) (S.Twardoski),,BKN,WAS,WAS,1610612764,2025,1973.0,2004.0,1988.5,1627763|1630551|1630557|1641774|1642267,1630549|1630592|1631213|1641736|1641787,2024-25,457
412158,01:57,"MISS Champagnie 24' 3PT Jump Shot
Vukcevic REBOUND (Off:2 Def:4)
Vukcevic 3PT Jump Shot (9 PTS) (Carrington 7 AST)
",0,0,2,1,2025-02-05,0022400720,0,1,BKN,3,0,10,02:17,Off Arc 3 Miss,0,Vukcevic REBOUND (Off:2 Def:4),,BKN,WAS,WAS,1610612764,2025,2023.0,2043.0,2033.0,1627763|1630551|1630557|1641774|1642267,1629651|1630592|1631213|1641736|1641787,2024-25,470
412168,04:48,"MISS Vukcevic 4' Layup
Simmons REBOUND (Off:1 Def:3)
",1,0,0,0,2025-02-05,0022400720,0,0,BKN,3,0,5,05:05,Off Steal,0,MISS Vukcevic 4' Layup,,BKN,WAS,WAS,1610612764,2025,1855.0,1872.0,1863.5,1629673|1630557|1641731|1641774|1642273,1627732|1629661|1630549|1630592|1641787,2024-25,434
412157,01:57,"MISS Champagnie 24' 3PT Jump Shot
Vukcevic REBOUND (Off:2 Def:4)
Vukcevic 3PT Jump Shot (9 PTS) (Carrington 7 AST)
",0,0,2,1,2025-02-05,0022400720,0,1,BKN,3,0,10,02:17,Off Arc 3 Miss,0,Vukcevic 3PT Jump Shot (9 PTS) (Carrington 7 AST),,BKN,WAS,WAS,1610612764,2025,2023.0,2043.0,2033.0,1627763|1630551|1630557|1641774|1642267,1629651|1630592|1631213|1641736|1641787,2024-25,470
412155,01:33,"Claxton BLOCK (2 BLK): MISS Champagnie 4' Layup
Evbuomwan REBOUND (Off:0 Def:2)
",1,0,0,0,2025-02-05,0022400720,0,0,BKN,3,0,13,01:43,Off Arc 3 Miss,0,Evbuomwan REBOUND (Off:0 Def:2),,BKN,WAS,WAS,1610612764,2025,2057.0,2067.0,2062.0,1627763|1630551|1630557|1641774|1642267,1629651|1630592|1631213|1641736|1641787,2024-25,476
412154,01:33,"Claxton BLOCK (2 BLK): MISS Champagnie 4' Layup
Evbuomwan REBOUND (Off:0 Def:2)
",1,0,0,0,2025-02-05,0022400720,0,0,BKN,3,0,13,01:43,Off Arc 3 Miss,0,Claxton BLOCK (2 BLK): MISS Champagnie 4' Layup,,BKN,WAS,WAS,1610612764,2025,2057.0,2067.0,2062.0,1627763|1630551|1630557|1641774|1642267,1629651|1630592|1631213|1641736|1641787,2024-25,476
412153,01:10,"Wilson STEAL (1 STL): Vukcevic Lost Ball Turnover (P1.T9)
",0,0,0,0,2025-02-05,0022400720,0,0,BKN,3,0,13,01:29,Off Dead Ball,1,Wilson STEAL (1 STL): Vukcevic Lost Ball Turnover (P1.T9),,BKN,WAS,WAS,1610612764,2025,2071.0,2090.0,2080.5,1627763|1630551|1630557|1641774|1642267,1629651|1630592|1631213|1641736|1641787,2024-25,480
412152,00:43,"Brogdon 3' Driving Layup (7 PTS)
",1,1,0,0,2025-02-05,0022400720,0,0,BKN,3,0,12,01:02,Off FT Make,0,Brogdon 3' Driving Layup (7 PTS),,BKN,WAS,WAS,1610612764,2025,2098.0,2117.0,2107.5,1626158|1627763|1630551|1630557|1642267,1629651|1630592|1631213|1641736|1641787,2024-25,485
412151,00:28,"Evbuomwan S.FOUL (P2.T4) (B.Barnaky)
MISS Champagnie Free Throw 1 of 2
Wizards Rebound
Champagnie Free Throw 2 of 2 (8 PTS)
",0,0,0,0,2025-02-05,0022400720,0,0,BKN,3,1,14,00:33,Off At Rim Miss,0,Wizards Rebound,,BKN,WAS,WAS,1610612764,2025,2127.0,2132.0,2129.5,1626158|1627763|1630551|1630557|1642267,1629651|1630592|1631213|1641736|1641787,2024-25,493
412160,02:36,"Beekman P.FOUL (P1.T2) (S.Twardoski)
Vukcevic 2' Driving Layup (5 PTS) (Carrington 6 AST)
Sharpe S.FOUL (P1.T3) (B.Barnaky)
Vukcevic Free Throw 1 of 1 (6 PTS)
",1,1,0,0,2025-02-05,0022400720,0,0,BKN,3,1,7,03:07,Off Short Mid-Range Make,0,Vukcevic Free Throw 1 of 1 (6 PTS),,BKN,WAS,WAS,1610612764,2025,1973.0,2004.0,1988.5,1627763|1630551|1630557|1641774|1642267,1630549|1630592|1631213|1641736|1641787,2024-25,457
412171,05:46,"Poole Backcourt Turnover (P3.T8)
",0,0,0,0,2025-02-05,0022400720,0,0,BKN,3,0,7,06:04,Off Timeout,1,Poole Backcourt Turnover (P3.T8),,BKN,WAS,WAS,1610612764,2025,1796.0,1814.0,1805.0,1629673|1630557|1641731|1641774|1642273,1627732|1629661|1630549|1630592|1641787,2024-25,416
412086,07:52,"MISS Coulibaly 3PT Jump Shot
Poole REBOUND (Off:1 Def:0)
Claxton BLOCK (1 BLK): MISS Poole 1' Putback Layup
Simmons REBOUND (Off:0 Def:1)
",1,0,1,0,2025-02-05,0022400720,0,1,BKN,1,0,6,08:20,Off At Rim Make,0,Claxton BLOCK (1 BLK): MISS Poole 1' Putback Layup,,BKN,WAS,WAS,1610612764,2025,220.0,248.0,234.0,1626158|1629673|1641731|1642267|1642273,1627732|1629651|1629661|1630533|1630553,2024-25,50
412088,07:52,"MISS Coulibaly 3PT Jump Shot
Poole REBOUND (Off:1 Def:0)
Claxton BLOCK (1 BLK): MISS Poole 1' Putback Layup
Simmons REBOUND (Off:0 Def:1)
",1,0,1,0,2025-02-05,0022400720,0,1,BKN,1,0,6,08:20,Off At Rim Make,0,Simmons REBOUND (Off:0 Def:1),,BKN,WAS,WAS,1610612764,2025,220.0,248.0,234.0,1626158|1629673|1641731|1642267|1642273,1627732|1629651|1629661|1630533|1630553,2024-25,50
412136,09:37,"MISS Carrington 27' 3PT Step Back Jump Shot
Claxton REBOUND (Off:0 Def:1)
",0,0,1,0,2025-02-05,0022400720,0,0,BKN,2,0,5,10:05,Off Short Mid-Range Make,0,Claxton REBOUND (Off:0 Def:1),,BKN,WAS,WAS,1610612764,2025,835.0,863.0,849.0,1627763|1630551|1630557|1641774|1642267,1626156|1629651|1629661|1630592|1641787,2024-25,190
412126,06:49,"Kispert 24' 3PT Jump Shot (6 PTS) (Coulibaly 5 AST)
",0,0,1,1,2025-02-05,0022400720,0,0,BKN,2,0,-1,07:02,Off Arc 3 Make,0,Kispert 24' 3PT Jump Shot (6 PTS) (Coulibaly 5 AST),,BKN,WAS,WAS,1610612764,2025,1018.0,1031.0,1024.5,1626158|1629673|1630557|1641731|1642273,1627732|1630533|1630549|1630553|1630592,2024-25,238
412127,07:14,"MISS Vukcevic 8' Driving Floating Jump Shot
Claxton REBOUND (Off:0 Def:2)
",1,0,0,0,2025-02-05,0022400720,0,0,BKN,2,0,2,07:34,Off Corner 3 Make,0,Claxton REBOUND (Off:0 Def:2),,BKN,WAS,WAS,1610612764,2025,986.0,1006.0,996.0,1627763|1630551|1630557|1641774|1642267,1627732|1629651|1629661|1630592|1641787,2024-25,218
412144,11:21,"MISS Kispert 5' Driving Layup
Champagnie REBOUND (Off:1 Def:0)
Champagnie Tip Layup Shot (7 PTS)
",2,1,0,0,2025-02-05,0022400720,0,1,BKN,2,0,4,11:41,Off Arc 3 Make,0,Champagnie Tip Layup Shot (7 PTS),,BKN,WAS,WAS,1610612764,2025,739.0,759.0,749.0,1627763|1630551|1630557|1641774|1642267,1626156|1629651|1629661|1630592|1641787,2024-25,172
412143,11:21,"MISS Kispert 5' Driving Layup
Champagnie REBOUND (Off:1 Def:0)
Champagnie Tip Layup Shot (7 PTS)
",2,1,0,0,2025-02-05,0022400720,0,1,BKN,2,0,4,11:41,Off Arc 3 Make,0,Champagnie REBOUND (Off:1 Def:0),,BKN,WAS,WAS,1610612764,2025,739.0,759.0,749.0,1627763|1630551|1630557|1641774|1642267,1626156|1629651|1629661|1630592|1641787,2024-25,172
412142,10:57,"Vukcevic 27' 3PT Jump Shot (3 PTS) (Carrington 2 AST)
",0,0,1,1,2025-02-05,0022400720,0,0,BKN,2,0,6,11:03,Off Long Mid-Range Miss,0,Vukcevic 27' 3PT Jump Shot (3 PTS) (Carrington 2 AST),,BKN,WAS,WAS,1610612764,2025,777.0,783.0,780.0,1627763|1630551|1630557|1641774|1642267,1626156|1629651|1629661|1630592|1641787,2024-25,178
412141,10:22,"MISS Champagnie 25' 3PT Jump Shot
Vukcevic REBOUND (Off:1 Def:1)
MISS Kispert 26' 3PT Jump Shot
Wilson REBOUND (Off:0 Def:2)
",0,0,2,0,2025-02-05,0022400720,0,1,BKN,2,0,7,10:41,Off At Rim Make,0,MISS Champagnie 25' 3PT Jump Shot,,BKN,WAS,WAS,1610612764,2025,799.0,818.0,808.5,1627763|1630551|1630557|1641774|1642267,1626156|1629651|1629661|1630592|1641787,2024-25,182
412140,10:22,"MISS Champagnie 25' 3PT Jump Shot
Vukcevic REBOUND (Off:1 Def:1)
MISS Kispert 26' 3PT Jump Shot
Wilson REBOUND (Off:0 Def:2)
",0,0,2,0,2025-02-05,0022400720,0,1,BKN,2,0,7,10:41,Off At Rim Make,0,Wilson REBOUND (Off:0 Def:2),,BKN,WAS,WAS,1610612764,2025,799.0,818.0,808.5,1627763|1630551|1630557|1641774|1642267,1626156|1629651|1629661|1630592|1641787,2024-25,182
412139,10:22,"MISS Champagnie 25' 3PT Jump Shot
Vukcevic REBOUND (Off:1 Def:1)
MISS Kispert 26' 3PT Jump Shot
Wilson REBOUND (Off:0 Def:2)
",0,0,2,0,2025-02-05,0022400720,0,1,BKN,2,0,7,10:41,Off At Rim Make,0,Vukcevic REBOUND (Off:1 Def:1),,BKN,WAS,WAS,1610612764,2025,799.0,818.0,808.5,1627763|1630551|1630557|1641774|1642267,1626156|1629651|1629661|1630592|1641787,2024-25,182
412138,10:22,"MISS Champagnie 25' 3PT Jump Shot
Vukcevic REBOUND (Off:1 Def:1)
MISS Kispert 26' 3PT Jump Shot
Wilson REBOUND (Off:0 Def:2)
",0,0,2,0,2025-02-05,0022400720,0,1,BKN,2,0,7,10:41,Off At Rim Make,0,MISS Kispert 26' 3PT Jump Shot,,BKN,WAS,WAS,1610612764,2025,799.0,818.0,808.5,1627763|1630551|1630557|1641774|1642267,1626156|1629651|1629661|1630592|1641787,2024-25,182
412137,09:37,"MISS Carrington 27' 3PT Step Back Jump Shot
Claxton REBOUND (Off:0 Def:1)
",0,0,1,0,2025-02-05,0022400720,0,0,BKN,2,0,5,10:05,Off Short Mid-Range Make,0,MISS Carrington 27' 3PT Step Back Jump Shot,,BKN,WAS,WAS,1610612764,2025,835.0,863.0,849.0,1627763|1630551|1630557|1641774|1642267,1626156|1629651|1629661|1630592|1641787,2024-25,190
412104,00:02,"Martin P.FOUL (P2.T3) (S.Twardoski)
Williams P.FOUL (P2.PN) (B.Barnaky)
Poole Free Throw 1 of 2 (11 PTS)
Poole Free Throw 2 of 2 (12 PTS)
",0,0,0,0,2025-02-05,0022400720,1,0,BKN,2,0,2,00:22,Off FT Make,0,Martin P.FOUL (P2.T3) (S.Twardoski),,BKN,WAS,WAS,1610612764,2025,1418.0,1438.0,1428.0,1627763|1629673|1641731|1642267|1642273,1626156|1629651|1629661|1630533|1631213,2024-25,319
412135,09:11,"Evbuomwan BLOCK (1 BLK): MISS Brogdon 10' Driving Layup
Wizards Rebound
Brogdon 17' Pullup Jump Shot (2 PTS) (Vukcevic 1 AST)
",2,1,0,0,2025-02-05,0022400720,0,1,BKN,2,0,3,09:34,Off Timeout,0,Brogdon 17' Pullup Jump Shot (2 PTS) (Vukcevic 1 AST),,BKN,WAS,WAS,1610612764,2025,866.0,889.0,877.5,1627763|1630551|1630557|1641774|1642267,1626156|1629651|1629661|1630592|1641787,2024-25,193
412134,09:11,"Evbuomwan BLOCK (1 BLK): MISS Brogdon 10' Driving Layup
Wizards Rebound
Brogdon 17' Pullup Jump Shot (2 PTS) (Vukcevic 1 AST)
",2,1,0,0,2025-02-05,0022400720,0,1,BKN,2,0,3,09:34,Off Timeout,0,Wizards Rebound,,BKN,WAS,WAS,1610612764,2025,866.0,889.0,877.5,1627763|1630551|1630557|1641774|1642267,1626156|1629651|1629661|1630592|1641787,2024-25,193
412133,09:11,"Evbuomwan BLOCK (1 BLK): MISS Brogdon 10' Driving Layup
Wizards Rebound
Brogdon 17' Pullup Jump Shot (2 PTS) (Vukcevic 1 AST)
",2,1,0,0,2025-02-05,0022400720,0,1,BKN,2,0,3,09:34,Off Timeout,0,Evbuomwan BLOCK (1 BLK): MISS Brogdon 10' Driving Layup,,BKN,WAS,WAS,1610612764,2025,866.0,889.0,877.5,1627763|1630551|1630557|1641774|1642267,1626156|1629651|1629661|1630592|1641787,2024-25,193
412132,08:45,"Brogdon 26' 3PT Jump Shot (5 PTS) (Carrington 3 AST)
",0,0,1,1,2025-02-05,0022400720,0,0,BKN,2,0,2,08:54,Off Arc 3 Make,0,Brogdon 26' 3PT Jump Shot (5 PTS) (Carrington 3 AST),,BKN,WAS,WAS,1610612764,2025,906.0,915.0,910.5,1627763|1630551|1630557|1641774|1642267,1626156|1629651|1629661|1630592|1641787,2024-25,201
412131,08:16,"MISS Brogdon 2' Driving Layup
C. Johnson REBOUND (Off:0 Def:1)
",1,0,0,0,2025-02-05,0022400720,0,0,BKN,2,0,5,08:28,Off Short Mid-Range Miss,0,MISS Brogdon 2' Driving Layup,,BKN,WAS,WAS,1610612764,2025,932.0,944.0,938.0,1627763|1630551|1630557|1641774|1642267,1627732|1629651|1629661|1630592|1641787,2024-25,211
412124,05:52,"MISS Kispert 26' 3PT Jump Shot
Coulibaly REBOUND (Off:1 Def:1)
Poole 26' 3PT Pullup Jump Shot (8 PTS) (Coulibaly 6 AST)
",0,0,2,1,2025-02-05,0022400720,0,1,BKN,2,0,0,06:18,Off Dead Ball,0,Poole 26' 3PT Pullup Jump Shot (8 PTS) (Coulibaly 6 AST),,BKN,WAS,WAS,1610612764,2025,1062.0,1088.0,1075.0,1626158|1629673|1630557|1641731|1642273,1627732|1630533|1630549|1630553|1630592,2024-25,247
412087,07:52,"MISS Coulibaly 3PT Jump Shot
Poole REBOUND (Off:1 Def:0)
Claxton BLOCK (1 BLK): MISS Poole 1' Putback Layup
Simmons REBOUND (Off:0 Def:1)
",1,0,1,0,2025-02-05,0022400720,0,1,BKN,1,0,6,08:20,Off At Rim Make,0,MISS Coulibaly 3PT Jump Shot,,BKN,WAS,WAS,1610612764,2025,220.0,248.0,234.0,1626158|1629673|1641731|1642267|1642273,1627732|1629651|1629661|1630533|1630553,2024-25,50
412106,00:33,"MISS Holmes 4' Driving Layup
Claxton REBOUND (Off:0 Def:3)
",1,0,0,0,2025-02-05,0022400720,0,0,BKN,2,0,3,00:50,Off Short Mid-Range Miss,0,MISS Holmes 4' Driving Layup,,BKN,WAS,WAS,1610612764,2025,1390.0,1407.0,1398.5,1626158|1629673|1641731|1642267|1642273,1626156|1629651|1629661|1630533|1630553,2024-25,372
412107,01:10,"Holmes Cutting Dunk Shot (5 PTS) (Poole 4 AST)
",1,1,0,0,2025-02-05,0022400720,0,0,BKN,2,0,1,01:24,Off At Rim Make,0,Holmes Cutting Dunk Shot (5 PTS) (Poole 4 AST),,BKN,WAS,WAS,1610612764,2025,1356.0,1370.0,1363.0,1626158|1629673|1641731|1642267|1642273,1626156|1629651|1629661|1630533|1630553,2024-25,307
412122,05:52,"MISS Kispert 26' 3PT Jump Shot
Coulibaly REBOUND (Off:1 Def:1)
Poole 26' 3PT Pullup Jump Shot (8 PTS) (Coulibaly 6 AST)
",0,0,2,1,2025-02-05,0022400720,0,1,BKN,2,0,0,06:18,Off Dead Ball,0,MISS Kispert 26' 3PT Jump Shot,,BKN,WAS,WAS,1610612764,2025,1062.0,1088.0,1075.0,1626158|1629673|1630557|1641731|1642273,1627732|1630533|1630549|1630553|1630592,2024-25,247
412114,03:08,"Williams S.FOUL (P1.T1) (S.Foster)
Poole Free Throw 1 of 2 (9 PTS)
Poole Free Throw 2 of 2 (10 PTS)
",0,0,0,0,2025-02-05,0022400720,0,0,BKN,2,1,-1,03:28,Off Dead Ball,0,Poole Free Throw 1 of 2 (9 PTS),,BKN,WAS,WAS,1610612764,2025,1232.0,1252.0,1242.0,1626158|1629673|1641731|1642267|1642273,1626156|1629661|1630533|1630549|1630553,2024-25,280
412123,05:52,"MISS Kispert 26' 3PT Jump Shot
Coulibaly REBOUND (Off:1 Def:1)
Poole 26' 3PT Pullup Jump Shot (8 PTS) (Coulibaly 6 AST)
",0,0,2,1,2025-02-05,0022400720,0,1,BKN,2,0,0,06:18,Off Dead Ball,0,Coulibaly REBOUND (Off:1 Def:1),,BKN,WAS,WAS,1610612764,2025,1062.0,1088.0,1075.0,1626158|1629673|1630557|1641731|1642273,1627732|1630533|1630549|1630553|1630592,2024-25,247
412121,05:17,"Simmons STEAL (1 STL): Coulibaly Lost Ball Turnover (P3.T4)
",0,0,0,0,2025-02-05,0022400720,0,0,BKN,2,0,1,05:29,Off At Rim Make,1,Simmons STEAL (1 STL): Coulibaly Lost Ball Turnover (P3.T4),,BKN,WAS,WAS,1610612764,2025,1111.0,1123.0,1117.0,1626158|1629673|1630557|1641731|1642273,1627732|1630533|1630549|1630553|1630592,2024-25,255
412120,04:56,"Kispert 6' Driving Floating Bank Jump Shot (8 PTS) (Coulibaly 7 AST)
",1,1,0,0,2025-02-05,0022400720,0,0,BKN,2,0,-1,05:15,Off FT Make,0,Kispert 6' Driving Floating Bank Jump Shot (8 PTS) (Coulibaly 7 AST),,BKN,WAS,WAS,1610612764,2025,1125.0,1144.0,1134.5,1626158|1629673|1630557|1641731|1642273,1627732|1630533|1630549|1630553|1630592,2024-25,258
412119,04:34,"Sharpe STEAL (1 STL): Coulibaly Bad Pass Turnover (P4.T5)
",0,0,0,0,2025-02-05,0022400720,0,0,BKN,2,0,1,04:38,Off Arc 3 Miss,1,Sharpe STEAL (1 STL): Coulibaly Bad Pass Turnover (P4.T5),,BKN,WAS,WAS,1610612764,2025,1162.0,1166.0,1164.0,1626158|1629673|1630557|1641731|1642273,1627732|1630533|1630549|1630553|1630592,2024-25,265
412118,04:16,"MISS George 26' 3PT Running Jump Shot
NETS Rebound
",0,0,1,0,2025-02-05,0022400720,0,0,BKN,2,0,1,04:21,Off At Rim Block,0,MISS George 26' 3PT Running Jump Shot,,BKN,WAS,WAS,1610612764,2025,1179.0,1184.0,1181.5,1626158|1629673|1630557|1641731|1642273,1627732|1630533|1630549|1630553|1630592,2024-25,270
412117,04:16,"MISS George 26' 3PT Running Jump Shot
NETS Rebound
",0,0,1,0,2025-02-05,0022400720,0,0,BKN,2,0,1,04:21,Off At Rim Block,0,NETS Rebound,,BKN,WAS,WAS,1610612764,2025,1179.0,1184.0,1181.5,1626158|1629673|1630557|1641731|1642273,1627732|1630533|1630549|1630553|1630592,2024-25,270
412116,03:44,"Poole Out of Bounds - Bad Pass Turnover Turnover (P1.T6)
",0,0,0,0,2025-02-05,0022400720,0,0,BKN,2,0,-1,03:56,Off At Rim Make,1,Poole Out of Bounds - Bad Pass Turnover Turnover (P1.T6),,BKN,WAS,WAS,1610612764,2025,1204.0,1216.0,1210.0,1626158|1629673|1630557|1641731|1642273,1626156|1630533|1630549|1630553|1630592,2024-25,276
412115,03:08,"Williams S.FOUL (P1.T1) (S.Foster)
Poole Free Throw 1 of 2 (9 PTS)
Poole Free Throw 2 of 2 (10 PTS)
",0,0,0,0,2025-02-05,0022400720,0,0,BKN,2,1,-1,03:28,Off Dead Ball,0,Poole Free Throw 2 of 2 (10 PTS),,BKN,WAS,WAS,1610612764,2025,1232.0,1252.0,1242.0,1626158|1629673|1641731|1642267|1642273,1626156|1629661|1630533|1630549|1630553,2024-25,280
412064,01:33,"MISS Brogdon 5' Driving Layup
Simmons REBOUND (Off:0 Def:2)
",1,0,0,0,2025-02-05,0022400720,0,0,BKN,1,0,7,01:50,Off Timeout,0,Simmons REBOUND (Off:0 Def:2),,BKN,WAS,WAS,1610612764,2025,610.0,627.0,618.5,1627763|1630551|1630557|1641774|1642267,1627732|1630549|1630592|1631213|1641787,2024-25,135
412113,03:08,"Williams S.FOUL (P1.T1) (S.Foster)
Poole Free Throw 1 of 2 (9 PTS)
Poole Free Throw 2 of 2 (10 PTS)
",0,0,0,0,2025-02-05,0022400720,0,0,BKN,2,1,-1,03:28,Off Dead Ball,0,Williams S.FOUL (P1.T1) (S.Foster),,BKN,WAS,WAS,1610612764,2025,1232.0,1252.0,1242.0,1626158|1629673|1641731|1642267|1642273,1626156|1629661|1630533|1630549|1630553,2024-25,280
412112,02:28,"K. Johnson P.FOUL (P2.T2) (S.Foster)
George 7' Driving Floating Jump Shot (11 PTS) (Coulibaly 8 AST)
",1,1,0,0,2025-02-05,0022400720,0,0,BKN,2,0,-1,02:48,Off Short Mid-Range Make,0,K. Johnson P.FOUL (P2.T2) (S.Foster),,BKN,WAS,WAS,1610612764,2025,1272.0,1292.0,1282.0,1626158|1629673|1641731|1642267|1642273,1626156|1629651|1629661|1630533|1630553,2024-25,290
412111,02:28,"K. Johnson P.FOUL (P2.T2) (S.Foster)
George 7' Driving Floating Jump Shot (11 PTS) (Coulibaly 8 AST)
",1,1,0,0,2025-02-05,0022400720,0,0,BKN,2,0,-1,02:48,Off Short Mid-Range Make,0,George 7' Driving Floating Jump Shot (11 PTS) (Coulibaly 8 AST),,BKN,WAS,WAS,1610612764,2025,1272.0,1292.0,1282.0,1626158|1629673|1641731|1642267|1642273,1626156|1629651|1629661|1630533|1630553,2024-25,290
412110,02:06,"MISS Poole 29' 3PT Jump Shot
K. Johnson REBOUND (Off:2 Def:1)
",0,0,1,0,2025-02-05,0022400720,0,0,BKN,2,0,0,02:19,Off FT Make,0,MISS Poole 29' 3PT Jump Shot,,BKN,WAS,WAS,1610612764,2025,1301.0,1314.0,1307.5,1626158|1629673|1641731|1642267|1642273,1626156|1629651|1629661|1630533|1630553,2024-25,296
412109,02:06,"MISS Poole 29' 3PT Jump Shot
K. Johnson REBOUND (Off:2 Def:1)
",0,0,1,0,2025-02-05,0022400720,0,0,BKN,2,0,0,02:19,Off FT Make,0,K. Johnson REBOUND (Off:2 Def:1),,BKN,WAS,WAS,1610612764,2025,1301.0,1314.0,1307.5,1626158|1629673|1641731|1642267|1642273,1626156|1629651|1629661|1630533|1630553,2024-25,296
412108,01:49,"Carrington 27' 3PT Running Jump Shot (10 PTS) (Coulibaly 9 AST)
",0,0,1,1,2025-02-05,0022400720,0,0,BKN,2,0,0,01:53,Off Corner 3 Miss,0,Carrington 27' 3PT Running Jump Shot (10 PTS) (Coulibaly 9 AST),,BKN,WAS,WAS,1610612764,2025,1327.0,1331.0,1329.0,1626158|1629673|1641731|1642267|1642273,1626156|1629651|1629661|1630533|1630553,2024-25,304
412125,06:25,"K. Johnson STEAL (1 STL): Coulibaly Bad Pass Turnover (P2.T3)
",0,0,0,0,2025-02-05,0022400720,0,0,BKN,2,0,0,06:35,Off At Rim Make,1,K. Johnson STEAL (1 STL): Coulibaly Bad Pass Turnover (P2.T3),,BKN,WAS,WAS,1610612764,2025,1045.0,1055.0,1050.0,1626158|1629673|1630557|1641731|1642273,1627732|1630533|1630549|1630553|1630592,2024-25,242
412129,07:55,"Kispert 26' 3PT Jump Shot (3 PTS) (Carrington 4 AST)
",0,0,1,1,2025-02-05,0022400720,0,0,BKN,2,0,2,08:09,Off Corner 3 Make,0,Kispert 26' 3PT Jump Shot (3 PTS) (Carrington 4 AST),,BKN,WAS,WAS,1610612764,2025,951.0,965.0,958.0,1627763|1630551|1630557|1641774|1642267,1627732|1629651|1629661|1630592|1641787,2024-25,214
412130,08:16,"MISS Brogdon 2' Driving Layup
C. Johnson REBOUND (Off:0 Def:1)
",1,0,0,0,2025-02-05,0022400720,0,0,BKN,2,0,5,08:28,Off Short Mid-Range Miss,0,C. Johnson REBOUND (Off:0 Def:1),,BKN,WAS,WAS,1610612764,2025,932.0,944.0,938.0,1627763|1630551|1630557|1641774|1642267,1627732|1629651|1629661|1630592|1641787,2024-25,211
412105,00:33,"MISS Holmes 4' Driving Layup
Claxton REBOUND (Off:0 Def:3)
",1,0,0,0,2025-02-05,0022400720,0,0,BKN,2,0,3,00:50,Off Short Mid-Range Miss,0,Claxton REBOUND (Off:0 Def:3),,BKN,WAS,WAS,1610612764,2025,1390.0,1407.0,1398.5,1626158|1629673|1641731|1642267|1642273,1626156|1629651|1629661|1630533|1630553,2024-25,372
412128,07:14,"MISS Vukcevic 8' Driving Floating Jump Shot
Claxton REBOUND (Off:0 Def:2)
",1,0,0,0,2025-02-05,0022400720,0,0,BKN,2,0,2,07:34,Off Corner 3 Make,0,MISS Vukcevic 8' Driving Floating Jump Shot,,BKN,WAS,WAS,1610612764,2025,986.0,1006.0,996.0,1627763|1630551|1630557|1641774|1642267,1627732|1629651|1629661|1630592|1641787,2024-25,218
412082,05:47,"George 26' 3PT Jump Shot (9 PTS) (Coulibaly 3 AST)
",0,0,1,1,2025-02-05,0022400720,0,0,BKN,1,0,9,05:58,Off Short Mid-Range Miss,0,George 26' 3PT Jump Shot (9 PTS) (Coulibaly 3 AST),,BKN,WAS,WAS,1610612764,2025,362.0,373.0,367.5,1626158|1629673|1641731|1642267|1642273,1627732|1629651|1629661|1630533|1630553,2024-25,72
412083,06:24,"Carrington 28' 3PT Step Back Jump Shot (5 PTS) (George 1 AST)
",0,0,1,1,2025-02-05,0022400720,0,0,BKN,1,0,6,06:34,Off Short Mid-Range Miss,0,Carrington 28' 3PT Step Back Jump Shot (5 PTS) (George 1 AST),,BKN,WAS,WAS,1610612764,2025,326.0,336.0,331.0,1626158|1629673|1641731|1642267|1642273,1627732|1629651|1629661|1630533|1630553,2024-25,68
412084,06:46,"George 3PT Jump Shot (6 PTS) (Poole 2 AST)
",0,0,1,1,2025-02-05,0022400720,0,0,BKN,1,0,3,07:03,Off FT Make,0,George 3PT Jump Shot (6 PTS) (Poole 2 AST),,BKN,WAS,WAS,1610612764,2025,297.0,314.0,305.5,1626158|1629673|1641731|1642267|1642273,1627732|1629651|1629661|1630533|1630553,2024-25,61
412101,00:02,"Martin P.FOUL (P2.T3) (S.Twardoski)
Williams P.FOUL (P2.PN) (B.Barnaky)
Poole Free Throw 1 of 2 (11 PTS)
Poole Free Throw 2 of 2 (12 PTS)
",0,0,0,0,2025-02-05,0022400720,1,0,BKN,2,0,2,00:22,Off FT Make,0,Poole Free Throw 2 of 2 (12 PTS),,BKN,WAS,WAS,1610612764,2025,1418.0,1438.0,1428.0,1627763|1629673|1641731|1642267|1642273,1626156|1629651|1629661|1630533|1631213,2024-25,319
412100,11:36,"K. Johnson P.FOUL (P1.T1) (S.Foster)
George 25' 3PT Pullup Jump Shot (3 PTS) (Holmes 1 AST)
",0,0,1,1,2025-02-05,0022400720,0,0,BKN,1,0,0,12:00,Off Dead Ball,0,George 25' 3PT Pullup Jump Shot (3 PTS) (Holmes 1 AST),,BKN,WAS,WAS,1610612764,2025,0.0,24.0,12.0,1626158|1629673|1641731|1642267|1642273,1626156|1629651|1629661|1630533|1630553,2024-25,2
412099,11:36,"K. Johnson P.FOUL (P1.T1) (S.Foster)
George 25' 3PT Pullup Jump Shot (3 PTS) (Holmes 1 AST)
",0,0,1,1,2025-02-05,0022400720,0,0,BKN,1,0,0,12:00,Off Dead Ball,0,K. Johnson P.FOUL (P1.T1) (S.Foster),,BKN,WAS,WAS,1610612764,2025,0.0,24.0,12.0,1626158|1629673|1641731|1642267|1642273,1626156|1629651|1629661|1630533|1630553,2024-25,2
412098,11:05,"Holmes 2' Dunk (2 PTS) (Coulibaly 1 AST)
C. Johnson S.FOUL (P1.T2) (S.Twardoski)
Holmes Free Throw 1 of 1 (3 PTS)
",1,1,0,0,2025-02-05,0022400720,0,0,BKN,1,1,3,11:11,Off Steal,0,C. Johnson S.FOUL (P1.T2) (S.Twardoski),,BKN,WAS,WAS,1610612764,2025,49.0,55.0,52.0,1626158|1629673|1641731|1642267|1642273,1626156|1629651|1629661|1630533|1630553,2024-25,17
412097,11:05,"Holmes 2' Dunk (2 PTS) (Coulibaly 1 AST)
C. Johnson S.FOUL (P1.T2) (S.Twardoski)
Holmes Free Throw 1 of 1 (3 PTS)
",1,1,0,0,2025-02-05,0022400720,0,0,BKN,1,1,3,11:11,Off Steal,0,Holmes Free Throw 1 of 1 (3 PTS),,BKN,WAS,WAS,1610612764,2025,49.0,55.0,52.0,1626158|1629673|1641731|1642267|1642273,1626156|1629651|1629661|1630533|1630553,2024-25,17
412096,11:05,"Holmes 2' Dunk (2 PTS) (Coulibaly 1 AST)
C. Johnson S.FOUL (P1.T2) (S.Twardoski)
Holmes Free Throw 1 of 1 (3 PTS)
",1,1,0,0,2025-02-05,0022400720,0,0,BKN,1,1,3,11:11,Off Steal,0,Holmes 2' Dunk (2 PTS) (Coulibaly 1 AST),,BKN,WAS,WAS,1610612764,2025,49.0,55.0,52.0,1626158|1629673|1641731|1642267|1642273,1626156|1629651|1629661|1630533|1630553,2024-25,17
412095,10:33,"George Out of Bounds - Bad Pass Turnover Turnover (P1.T1)
",0,0,0,0,2025-02-05,0022400720,0,0,BKN,1,0,6,10:39,Off Arc 3 Miss,1,George Out of Bounds - Bad Pass Turnover Turnover (P1.T1),,BKN,WAS,WAS,1610612764,2025,81.0,87.0,84.0,1626158|1629673|1641731|1642267|1642273,1626156|1629651|1629661|1630533|1630553,2024-25,24
412094,10:03,"MISS Poole 26' 3PT Pullup Jump Shot
NETS Rebound
",0,0,1,0,2025-02-05,0022400720,0,0,BKN,1,0,6,10:18,Off Arc 3 Miss,0,MISS Poole 26' 3PT Pullup Jump Shot,,BKN,WAS,WAS,1610612764,2025,102.0,117.0,109.5,1626158|1629673|1641731|1642267|1642273,1626156|1629651|1629661|1630533|1630553,2024-25,27
412146,00:00,"MISS Poole 24' 3PT Jump Shot
Wizards Rebound
",0,0,1,0,2025-02-05,0022400720,0,0,BKN,3,0,15,00:13,Off Dead Ball,0,MISS Poole 24' 3PT Jump Shot,,BKN,WAS,WAS,1610612764,2025,2147.0,2160.0,2153.5,1626158|1627763|1629673|1630557|1642267,1629651|1630592|1631213|1641736|1641787,2024-25,574
412092,09:33,"Coulibaly Out of Bounds Lost Ball Turnover (P1.T2)
",0,0,0,0,2025-02-05,0022400720,0,0,BKN,1,0,6,09:49,Off Steal,1,Coulibaly Out of Bounds Lost Ball Turnover (P1.T2),,BKN,WAS,WAS,1610612764,2025,131.0,147.0,139.0,1626158|1629673|1641731|1642267|1642273,1626156|1629651|1629661|1630533|1630553,2024-25,31
412091,09:00,"Poole 3' Driving Layup (2 PTS)
",1,1,0,0,2025-02-05,0022400720,0,0,BKN,1,0,4,09:21,Off Short Mid-Range Make,0,Poole 3' Driving Layup (2 PTS),,BKN,WAS,WAS,1610612764,2025,159.0,180.0,169.5,1626158|1629673|1641731|1642267|1642273,1626156|1629651|1629661|1630533|1630553,2024-25,38
412090,08:45,"Coulibaly Running Dunk (2 PTS) (Poole 1 AST)
",1,1,0,0,2025-02-05,0022400720,0,0,BKN,1,0,6,08:48,Off Steal,0,Coulibaly Running Dunk (2 PTS) (Poole 1 AST),,BKN,WAS,WAS,1610612764,2025,192.0,195.0,193.5,1626158|1629673|1641731|1642267|1642273,1626156|1629651|1629661|1630533|1630553,2024-25,41
412089,07:52,"MISS Coulibaly 3PT Jump Shot
Poole REBOUND (Off:1 Def:0)
Claxton BLOCK (1 BLK): MISS Poole 1' Putback Layup
Simmons REBOUND (Off:0 Def:1)
",1,0,1,0,2025-02-05,0022400720,0,1,BKN,1,0,6,08:20,Off At Rim Make,0,Poole REBOUND (Off:1 Def:0),,BKN,WAS,WAS,1610612764,2025,220.0,248.0,234.0,1626158|1629673|1641731|1642267|1642273,1627732|1629651|1629661|1630533|1630553,2024-25,50
412067,01:56,"Simmons S.FOUL (P1.PN) (B.Barnaky)
MISS Vukcevic Free Throw 1 of 2
Wizards Rebound
MISS Vukcevic Free Throw 2 of 2
Sharpe REBOUND (Off:1 Def:1)
",0,0,0,0,2025-02-05,0022400720,0,0,BKN,1,1,9,02:15,Off At Rim Make,0,MISS Vukcevic Free Throw 2 of 2,,BKN,WAS,WAS,1610612764,2025,585.0,604.0,594.5,1627763|1630551|1630557|1641774|1642267,1627732|1630549|1630592|1631213|1641787,2024-25,128
412060,00:37,"Evbuomwan P.FOUL (P1.PN) (S.Foster)
Carrington Free Throw 1 of 2 (6 PTS)
Carrington Free Throw 2 of 2 (7 PTS)
",0,0,0,0,2025-02-05,0022400720,1,0,BKN,1,0,5,00:48,Off Short Mid-Range Make,0,Carrington Free Throw 2 of 2 (7 PTS),,BKN,WAS,WAS,1610612764,2025,672.0,683.0,677.5,1627763|1630551|1630557|1641774|1642267,1627732|1630549|1630592|1631213|1641787,2024-25,160
412081,05:05,"MISS Kispert 5' Driving Floating Bank Jump Shot
Wilson REBOUND (Off:0 Def:1)
",1,0,0,0,2025-02-05,0022400720,0,0,BKN,1,0,10,05:23,Off At Rim Make,0,Wilson REBOUND (Off:0 Def:1),,BKN,WAS,WAS,1610612764,2025,397.0,415.0,406.0,1626158|1629673|1630557|1641731|1642273,1627732|1630549|1630553|1630592|1641787,2024-25,85
412062,00:37,"Evbuomwan P.FOUL (P1.PN) (S.Foster)
Carrington Free Throw 1 of 2 (6 PTS)
Carrington Free Throw 2 of 2 (7 PTS)
",0,0,0,0,2025-02-05,0022400720,1,0,BKN,1,0,5,00:48,Off Short Mid-Range Make,0,Evbuomwan P.FOUL (P1.PN) (S.Foster),,BKN,WAS,WAS,1610612764,2025,672.0,683.0,677.5,1627763|1630551|1630557|1641774|1642267,1627732|1630549|1630592|1631213|1641787,2024-25,160
412093,10:03,"MISS Poole 26' 3PT Pullup Jump Shot
NETS Rebound
",0,0,1,0,2025-02-05,0022400720,0,0,BKN,1,0,6,10:18,Off Arc 3 Miss,0,NETS Rebound,,BKN,WAS,WAS,1610612764,2025,102.0,117.0,109.5,1626158|1629673|1641731|1642267|1642273,1626156|1629651|1629661|1630533|1630553,2024-25,27
412103,00:02,"Martin P.FOUL (P2.T3) (S.Twardoski)
Williams P.FOUL (P2.PN) (B.Barnaky)
Poole Free Throw 1 of 2 (11 PTS)
Poole Free Throw 2 of 2 (12 PTS)
",0,0,0,0,2025-02-05,0022400720,1,0,BKN,2,0,2,00:22,Off FT Make,0,Williams P.FOUL (P2.PN) (B.Barnaky),,BKN,WAS,WAS,1610612764,2025,1418.0,1438.0,1428.0,1627763|1629673|1641731|1642267|1642273,1626156|1629651|1629661|1630533|1631213,2024-25,319
412072,02:25,"Wilson P.FOUL (P1.T4) (S.Foster)
MISS Vukcevic 26' 3PT Jump Shot
Evbuomwan REBOUND (Off:0 Def:1)
",0,0,1,0,2025-02-05,0022400720,0,0,BKN,1,0,11,02:42,Off Steal,0,Evbuomwan REBOUND (Off:0 Def:1),,BKN,WAS,WAS,1610612764,2025,558.0,575.0,566.5,1627763|1630551|1630557|1641774|1642267,1627732|1630549|1630592|1631213|1641787,2024-25,120
412080,05:05,"MISS Kispert 5' Driving Floating Bank Jump Shot
Wilson REBOUND (Off:0 Def:1)
",1,0,0,0,2025-02-05,0022400720,0,0,BKN,1,0,10,05:23,Off At Rim Make,0,MISS Kispert 5' Driving Floating Bank Jump Shot,,BKN,WAS,WAS,1610612764,2025,397.0,415.0,406.0,1626158|1629673|1630557|1641731|1642273,1627732|1630549|1630553|1630592|1641787,2024-25,85
412079,04:33,"Coulibaly 6' Driving Floating Bank Jump Shot (4 PTS) (Poole 3 AST)
",1,1,0,0,2025-02-05,0022400720,0,0,BKN,1,0,8,04:47,Off Short Mid-Range Make,0,Coulibaly 6' Driving Floating Bank Jump Shot (4 PTS) (Poole 3 AST),,BKN,WAS,WAS,1610612764,2025,433.0,447.0,440.0,1626158|1629673|1630557|1641731|1642273,1627732|1630549|1630592|1631213|1641787,2024-25,92
412061,00:37,"Evbuomwan P.FOUL (P1.PN) (S.Foster)
Carrington Free Throw 1 of 2 (6 PTS)
Carrington Free Throw 2 of 2 (7 PTS)
",0,0,0,0,2025-02-05,0022400720,1,0,BKN,1,0,5,00:48,Off Short Mid-Range Make,0,Carrington Free Throw 1 of 2 (6 PTS),,BKN,WAS,WAS,1610612764,2025,672.0,683.0,677.5,1627763|1630551|1630557|1641774|1642267,1627732|1630549|1630592|1631213|1641787,2024-25,160
412077,03:50,"Martin P.FOUL (P1.T3) (B.Barnaky)
MISS Coulibaly 28' 3PT Jump Shot
Martin REBOUND (Off:0 Def:1)
",0,0,1,0,2025-02-05,0022400720,0,0,BKN,1,0,7,04:21,Off Corner 3 Make,0,Martin REBOUND (Off:0 Def:1),,BKN,WAS,WAS,1610612764,2025,459.0,490.0,474.5,1626158|1629673|1630557|1641731|1642273,1627732|1630549|1630592|1631213|1641787,2024-25,96
412076,03:50,"Martin P.FOUL (P1.T3) (B.Barnaky)
MISS Coulibaly 28' 3PT Jump Shot
Martin REBOUND (Off:0 Def:1)
",0,0,1,0,2025-02-05,0022400720,0,0,BKN,1,0,7,04:21,Off Corner 3 Make,0,MISS Coulibaly 28' 3PT Jump Shot,,BKN,WAS,WAS,1610612764,2025,459.0,490.0,474.5,1626158|1629673|1630557|1641731|1642273,1627732|1630549|1630592|1631213|1641787,2024-25,96
412078,03:50,"Martin P.FOUL (P1.T3) (B.Barnaky)
MISS Coulibaly 28' 3PT Jump Shot
Martin REBOUND (Off:0 Def:1)
",0,0,1,0,2025-02-05,0022400720,0,0,BKN,1,0,7,04:21,Off Corner 3 Make,0,Martin P.FOUL (P1.T3) (B.Barnaky),,BKN,WAS,WAS,1610612764,2025,459.0,490.0,474.5,1626158|1629673|1630557|1641731|1642273,1627732|1630549|1630592|1631213|1641787,2024-25,96
412074,02:54,"Champagnie 3PT Jump Shot (3 PTS) (Kispert 1 AST)
",0,0,1,1,2025-02-05,0022400720,0,0,BKN,1,0,8,03:11,Off FT Make,0,Champagnie 3PT Jump Shot (3 PTS) (Kispert 1 AST),,BKN,WAS,WAS,1610612764,2025,529.0,546.0,537.5,1627763|1630551|1630557|1641731|1641774,1627732|1630549|1630592|1631213|1641787,2024-25,108
412073,02:25,"Wilson P.FOUL (P1.T4) (S.Foster)
MISS Vukcevic 26' 3PT Jump Shot
Evbuomwan REBOUND (Off:0 Def:1)
",0,0,1,0,2025-02-05,0022400720,0,0,BKN,1,0,11,02:42,Off Steal,0,MISS Vukcevic 26' 3PT Jump Shot,,BKN,WAS,WAS,1610612764,2025,558.0,575.0,566.5,1627763|1630551|1630557|1641774|1642267,1627732|1630549|1630592|1631213|1641787,2024-25,120
412071,02:25,"Wilson P.FOUL (P1.T4) (S.Foster)
MISS Vukcevic 26' 3PT Jump Shot
Evbuomwan REBOUND (Off:0 Def:1)
",0,0,1,0,2025-02-05,0022400720,0,0,BKN,1,0,11,02:42,Off Steal,0,Wilson P.FOUL (P1.T4) (S.Foster),,BKN,WAS,WAS,1610612764,2025,558.0,575.0,566.5,1627763|1630551|1630557|1641774|1642267,1627732|1630549|1630592|1631213|1641787,2024-25,120
412102,00:02,"Martin P.FOUL (P2.T3) (S.Twardoski)
Williams P.FOUL (P2.PN) (B.Barnaky)
Poole Free Throw 1 of 2 (11 PTS)
Poole Free Throw 2 of 2 (12 PTS)
",0,0,0,0,2025-02-05,0022400720,1,0,BKN,2,0,2,00:22,Off FT Make,0,Poole Free Throw 1 of 2 (11 PTS),,BKN,WAS,WAS,1610612764,2025,1418.0,1438.0,1428.0,1627763|1629673|1641731|1642267|1642273,1626156|1629651|1629661|1630533|1631213,2024-25,319
412070,01:56,"Simmons S.FOUL (P1.PN) (B.Barnaky)
MISS Vukcevic Free Throw 1 of 2
Wizards Rebound
MISS Vukcevic Free Throw 2 of 2
Sharpe REBOUND (Off:1 Def:1)
",0,0,0,0,2025-02-05,0022400720,0,0,BKN,1,1,9,02:15,Off At Rim Make,0,Wizards Rebound,,BKN,WAS,WAS,1610612764,2025,585.0,604.0,594.5,1627763|1630551|1630557|1641774|1642267,1627732|1630549|1630592|1631213|1641787,2024-25,128
412069,01:56,"Simmons S.FOUL (P1.PN) (B.Barnaky)
MISS Vukcevic Free Throw 1 of 2
Wizards Rebound
MISS Vukcevic Free Throw 2 of 2
Sharpe REBOUND (Off:1 Def:1)
",0,0,0,0,2025-02-05,0022400720,0,0,BKN,1,1,9,02:15,Off At Rim Make,0,Sharpe REBOUND (Off:1 Def:1),,BKN,WAS,WAS,1610612764,2025,585.0,604.0,594.5,1627763|1630551|1630557|1641774|1642267,1627732|1630549|1630592|1631213|1641787,2024-25,128
412068,01:56,"Simmons S.FOUL (P1.PN) (B.Barnaky)
MISS Vukcevic Free Throw 1 of 2
Wizards Rebound
MISS Vukcevic Free Throw 2 of 2
Sharpe REBOUND (Off:1 Def:1)
",0,0,0,0,2025-02-05,0022400720,0,0,BKN,1,1,9,02:15,Off At Rim Make,0,Simmons S.FOUL (P1.PN) (B.Barnaky),,BKN,WAS,WAS,1610612764,2025,585.0,604.0,594.5,1627763|1630551|1630557|1641774|1642267,1627732|1630549|1630592|1631213|1641787,2024-25,128
412063,00:55,"Champagnie 7' Floating Jump Shot (5 PTS) (Carrington 1 AST)
",1,1,0,0,2025-02-05,0022400720,0,0,BKN,1,0,5,01:09,Off Short Mid-Range Make,0,Champagnie 7' Floating Jump Shot (5 PTS) (Carrington 1 AST),,BKN,WAS,WAS,1610612764,2025,651.0,665.0,658.0,1627763|1630551|1630557|1641774|1642267,1627732|1630549|1630592|1631213|1641787,2024-25,141
412075,03:35,"Poole 26' 3PT Running Jump Shot (5 PTS) (Coulibaly 4 AST)
",0,0,1,1,2025-02-05,0022400720,0,0,BKN,1,0,7,03:41,Off At Rim Miss,0,Poole 26' 3PT Running Jump Shot (5 PTS) (Coulibaly 4 AST),,BKN,WAS,WAS,1610612764,2025,499.0,505.0,502.0,1626158|1629673|1630557|1641731|1642273,1627732|1630549|1630592|1631213|1641787,2024-25,105
415200,05:11,"MISS Middleton 10' Turnaround Fadeaway Shot
Champagnie REBOUND (Off:1 Def:4)
Carrington 25' 3PT Jump Shot (10 PTS) (Champagnie 1 AST)
Cunningham FLAGRANT.FOUL.TYPE1 (P3.T2) (J.Goble)
Champagnie Free Throw Flagrant 1 of 1 (10 PTS)
MISS Carrington 28' 3PT Jump Shot
Duren REBOUND (Off:1 Def:7)
",1,0,2,1,2025-03-13,0022400954,1,1,DET,3,0,4,05:43,Off At Rim Make,0,Champagnie Free Throw Flagrant 1 of 1 (10 PTS),,DET,WAS,WAS,1610612764,2025,1817.0,1849.0,1833.0,203114|1630551|1642259|1642267|1642273,202699|203501|1630595|1631105|1641709,2024-25,468
415201,05:11,"MISS Middleton 10' Turnaround Fadeaway Shot
Champagnie REBOUND (Off:1 Def:4)
Carrington 25' 3PT Jump Shot (10 PTS) (Champagnie 1 AST)
Cunningham FLAGRANT.FOUL.TYPE1 (P3.T2) (J.Goble)
Champagnie Free Throw Flagrant 1 of 1 (10 PTS)
MISS Carrington 28' 3PT Jump Shot
Duren REBOUND (Off:1 Def:7)
",1,0,2,1,2025-03-13,0022400954,1,1,DET,3,0,4,05:43,Off At Rim Make,0,MISS Carrington 28' 3PT Jump Shot,,DET,WAS,WAS,1610612764,2025,1817.0,1849.0,1833.0,203114|1630551|1642259|1642267|1642273,202699|203501|1630595|1631105|1641709,2024-25,468
415202,05:11,"MISS Middleton 10' Turnaround Fadeaway Shot
Champagnie REBOUND (Off:1 Def:4)
Carrington 25' 3PT Jump Shot (10 PTS) (Champagnie 1 AST)
Cunningham FLAGRANT.FOUL.TYPE1 (P3.T2) (J.Goble)
Champagnie Free Throw Flagrant 1 of 1 (10 PTS)
MISS Carrington 28' 3PT Jump Shot
Duren REBOUND (Off:1 Def:7)
",1,0,2,1,2025-03-13,0022400954,1,1,DET,3,0,4,05:43,Off At Rim Make,0,Duren REBOUND (Off:1 Def:7),,DET,WAS,WAS,1610612764,2025,1817.0,1849.0,1833.0,203114|1630551|1642259|1642267|1642273,202699|203501|1630595|1631105|1641709,2024-25,468
415203,05:59,"Middleton 20' Step Back Jump Shot (14 PTS)
",1,1,0,0,2025-03-13,0022400954,0,0,DET,3,0,4,06:13,Off At Rim Make,0,Middleton 20' Step Back Jump Shot (14 PTS),,DET,WAS,WAS,1610612764,2025,1787.0,1801.0,1794.0,203114|1630551|1642259|1642267|1642273,202699|203501|1630595|1631105|1641709,2024-25,465
415204,06:21,"MISS George 25' 3PT Running Jump Shot
PISTONS Rebound
",0,0,1,0,2025-03-13,0022400954,0,0,DET,3,0,6,06:28,Off Steal,0,MISS George 25' 3PT Running Jump Shot,,DET,WAS,WAS,1610612764,2025,1772.0,1779.0,1775.5,203114|1630551|1642259|1642267|1642273,202699|203501|1630595|1631105|1641709,2024-25,459
415198,05:11,"MISS Middleton 10' Turnaround Fadeaway Shot
Champagnie REBOUND (Off:1 Def:4)
Carrington 25' 3PT Jump Shot (10 PTS) (Champagnie 1 AST)
Cunningham FLAGRANT.FOUL.TYPE1 (P3.T2) (J.Goble)
Champagnie Free Throw Flagrant 1 of 1 (10 PTS)
MISS Carrington 28' 3PT Jump Shot
Duren REBOUND (Off:1 Def:7)
",1,0,2,1,2025-03-13,0022400954,1,1,DET,3,0,4,05:43,Off At Rim Make,0,Carrington 25' 3PT Jump Shot (10 PTS) (Champagnie 1 AST),,DET,WAS,WAS,1610612764,2025,1817.0,1849.0,1833.0,203114|1630551|1642259|1642267|1642273,202699|203501|1630595|1631105|1641709,2024-25,468
415145,05:55,"Hardaway Jr. S.FOUL (P1.T3) (J.Goble)
Middleton Free Throw 1 of 2 (9 PTS)
Middleton Free Throw 2 of 2 (10 PTS)
",0,0,0,0,2025-03-13,0022400954,0,0,DET,2,1,-2,06:12,Off Timeout,0,Middleton Free Throw 2 of 2 (10 PTS),,DET,WAS,WAS,1610612764,2025,1068.0,1085.0,1076.5,203114|1629673|1630551|1630557|1642259,203501|1630595|1631105|1641709|1641842,2024-25,286
415196,05:11,"MISS Middleton 10' Turnaround Fadeaway Shot
Champagnie REBOUND (Off:1 Def:4)
Carrington 25' 3PT Jump Shot (10 PTS) (Champagnie 1 AST)
Cunningham FLAGRANT.FOUL.TYPE1 (P3.T2) (J.Goble)
Champagnie Free Throw Flagrant 1 of 1 (10 PTS)
MISS Carrington 28' 3PT Jump Shot
Duren REBOUND (Off:1 Def:7)
",1,0,2,1,2025-03-13,0022400954,1,1,DET,3,0,4,05:43,Off At Rim Make,0,MISS Middleton 10' Turnaround Fadeaway Shot,,DET,WAS,WAS,1610612764,2025,1817.0,1849.0,1833.0,203114|1630551|1642259|1642267|1642273,202699|203501|1630595|1631105|1641709,2024-25,468
415205,06:21,"MISS George 25' 3PT Running Jump Shot
PISTONS Rebound
",0,0,1,0,2025-03-13,0022400954,0,0,DET,3,0,6,06:28,Off Steal,0,PISTONS Rebound,,DET,WAS,WAS,1610612764,2025,1772.0,1779.0,1775.5,203114|1630551|1642259|1642267|1642273,202699|203501|1630595|1631105|1641709,2024-25,459
415195,04:54,"Sarr 26' 3PT Jump Shot (13 PTS) (Carrington 3 AST)
",0,0,1,1,2025-03-13,0022400954,0,0,DET,3,0,8,05:04,Off Arc 3 Miss,0,Sarr 26' 3PT Jump Shot (13 PTS) (Carrington 3 AST),,DET,WAS,WAS,1610612764,2025,1856.0,1866.0,1861.0,203114|1630551|1630557|1642259|1642267,202699|203501|1627736|1630595|1631105,2024-25,485
415194,04:20,"MISS Carrington 17' Step Back Jump Shot
Champagnie REBOUND (Off:2 Def:4)
Kispert Traveling Turnover (P1.T12)
",1,0,0,0,2025-03-13,0022400954,0,1,DET,3,0,9,04:42,Off Short Mid-Range Make,1,Kispert Traveling Turnover (P1.T12),,DET,WAS,WAS,1610612764,2025,1878.0,1900.0,1889.0,203114|1630551|1630557|1642259|1642267,202699|203501|1627736|1630595|1631105,2024-25,489
415263,10:25,"Smart OFF.Foul (P3) (J.Schroeder)
Smart Offensive Foul Turnover (P1.T15)
",0,0,0,0,2025-03-13,0022400954,0,0,DET,4,0,-4,10:39,Off At Rim Make,1,Smart Offensive Foul Turnover (P1.T15),,DET,WAS,WAS,1610612764,2025,2241.0,2255.0,2248.0,203935|1626158|1630557|1642267|1642273,203471|1627736|1630191|1630595|1631323,2024-25,572
415065,01:18,"MISS Smart 27' 3PT Pullup Jump Shot
Schröder REBOUND (Off:1 Def:1)
",0,0,1,0,2025-03-13,0022400954,0,0,DET,1,0,5,01:25,Off Arc 3 Miss,0,MISS Smart 27' 3PT Pullup Jump Shot,,DET,WAS,WAS,1610612764,2025,635.0,642.0,638.5,203935|1626158|1630551|1630557|1642267,202699|203471|1627736|1630191|1631323,2024-25,165
415197,05:11,"MISS Middleton 10' Turnaround Fadeaway Shot
Champagnie REBOUND (Off:1 Def:4)
Carrington 25' 3PT Jump Shot (10 PTS) (Champagnie 1 AST)
Cunningham FLAGRANT.FOUL.TYPE1 (P3.T2) (J.Goble)
Champagnie Free Throw Flagrant 1 of 1 (10 PTS)
MISS Carrington 28' 3PT Jump Shot
Duren REBOUND (Off:1 Def:7)
",1,0,2,1,2025-03-13,0022400954,1,1,DET,3,0,4,05:43,Off At Rim Make,0,Champagnie REBOUND (Off:1 Def:4),,DET,WAS,WAS,1610612764,2025,1817.0,1849.0,1833.0,203114|1630551|1642259|1642267|1642273,202699|203501|1630595|1631105|1641709,2024-25,468
415206,06:38,"Thompson P.FOUL (P3.T1) (J.Goble)
MISS Poole 29' 3PT Step Back Jump Shot
Duren REBOUND (Off:1 Def:6)
",0,0,1,0,2025-03-13,0022400954,0,0,DET,3,0,6,07:02,Off FT Make,0,Thompson P.FOUL (P3.T1) (J.Goble),,DET,WAS,WAS,1610612764,2025,1738.0,1762.0,1750.0,203114|1629673|1630551|1642259|1642273,202699|203501|1630595|1631105|1641709,2024-25,446
415207,06:38,"Thompson P.FOUL (P3.T1) (J.Goble)
MISS Poole 29' 3PT Step Back Jump Shot
Duren REBOUND (Off:1 Def:6)
",0,0,1,0,2025-03-13,0022400954,0,0,DET,3,0,6,07:02,Off FT Make,0,MISS Poole 29' 3PT Step Back Jump Shot,,DET,WAS,WAS,1610612764,2025,1738.0,1762.0,1750.0,203114|1629673|1630551|1642259|1642273,202699|203501|1630595|1631105|1641709,2024-25,446
415208,06:38,"Thompson P.FOUL (P3.T1) (J.Goble)
MISS Poole 29' 3PT Step Back Jump Shot
Duren REBOUND (Off:1 Def:6)
",0,0,1,0,2025-03-13,0022400954,0,0,DET,3,0,6,07:02,Off FT Make,0,Duren REBOUND (Off:1 Def:6),,DET,WAS,WAS,1610612764,2025,1738.0,1762.0,1750.0,203114|1629673|1630551|1642259|1642273,202699|203501|1630595|1631105|1641709,2024-25,446
415075,03:25,"MISS Smart 5' Driving Layup
Stewart REBOUND (Off:0 Def:1)
",1,0,0,0,2025-03-13,0022400954,0,0,DET,1,0,1,03:47,Off FT Make,0,Stewart REBOUND (Off:0 Def:1),,DET,WAS,WAS,1610612764,2025,493.0,515.0,504.0,203935|1626158|1630551|1630557|1642267,202699|203471|1627736|1630191|1630595,2024-25,127
415076,03:56,"MISS Carrington 13' Pullup Jump Shot
Harris REBOUND (Off:0 Def:1)
",1,0,0,0,2025-03-13,0022400954,0,0,DET,1,0,3,04:11,Off At Rim Block,0,MISS Carrington 13' Pullup Jump Shot,,DET,WAS,WAS,1610612764,2025,469.0,484.0,476.5,203935|1630557|1642259|1642267|1642273,202699|203471|1627736|1630191|1630595,2024-25,124
415077,03:56,"MISS Carrington 13' Pullup Jump Shot
Harris REBOUND (Off:0 Def:1)
",1,0,0,0,2025-03-13,0022400954,0,0,DET,1,0,3,04:11,Off At Rim Block,0,Harris REBOUND (Off:0 Def:1),,DET,WAS,WAS,1610612764,2025,469.0,484.0,476.5,203935|1630557|1642259|1642267|1642273,202699|203471|1627736|1630191|1630595,2024-25,124
415078,04:31,"Sarr 26' 3PT Pullup Jump Shot (5 PTS) (Carrington 1 AST)
",0,0,1,1,2025-03-13,0022400954,0,0,DET,1,0,0,04:49,Off Corner 3 Make,0,Sarr 26' 3PT Pullup Jump Shot (5 PTS) (Carrington 1 AST),,DET,WAS,WAS,1610612764,2025,431.0,449.0,440.0,1629673|1630557|1642259|1642267|1642273,202699|203501|1627736|1630595|1631105,2024-25,111
415079,05:07,"Poole 29' 3PT Running Pull-Up Jump Shot (5 PTS)
",0,0,1,1,2025-03-13,0022400954,0,0,DET,1,0,0,05:13,Off Short Mid-Range Miss,0,Poole 29' 3PT Running Pull-Up Jump Shot (5 PTS),,DET,WAS,WAS,1610612764,2025,407.0,413.0,410.0,1629673|1630557|1642259|1642267|1642273,202699|203501|1627736|1630595|1631105,2024-25,109
415080,05:27,"Carrington 4' Cutting Layup Shot (2 PTS) (Sarr 1 AST)
Cunningham S.FOUL (P1.T4) (K.Cutler)
Carrington Free Throw 1 of 1 (3 PTS)
",1,1,0,0,2025-03-13,0022400954,0,0,DET,1,1,-3,05:42,Off FT Make,0,Carrington 4' Cutting Layup Shot (2 PTS) (Sarr 1 AST),,DET,WAS,WAS,1610612764,2025,378.0,393.0,385.5,1629673|1630557|1642259|1642267|1642273,202699|203501|1630595|1631105|1641709,2024-25,91
415081,05:27,"Carrington 4' Cutting Layup Shot (2 PTS) (Sarr 1 AST)
Cunningham S.FOUL (P1.T4) (K.Cutler)
Carrington Free Throw 1 of 1 (3 PTS)
",1,1,0,0,2025-03-13,0022400954,0,0,DET,1,1,-3,05:42,Off FT Make,0,Cunningham S.FOUL (P1.T4) (K.Cutler),,DET,WAS,WAS,1610612764,2025,378.0,393.0,385.5,1629673|1630557|1642259|1642267|1642273,202699|203501|1630595|1631105|1641709,2024-25,91
415082,05:27,"Carrington 4' Cutting Layup Shot (2 PTS) (Sarr 1 AST)
Cunningham S.FOUL (P1.T4) (K.Cutler)
Carrington Free Throw 1 of 1 (3 PTS)
",1,1,0,0,2025-03-13,0022400954,0,0,DET,1,1,-3,05:42,Off FT Make,0,Carrington Free Throw 1 of 1 (3 PTS),,DET,WAS,WAS,1610612764,2025,378.0,393.0,385.5,1629673|1630557|1642259|1642267|1642273,202699|203501|1630595|1631105|1641709,2024-25,91
415083,05:51,"Sarr 4' Driving Floating Jump Shot (2 PTS) (Poole 3 AST)
",1,1,0,0,2025-03-13,0022400954,0,0,DET,1,0,-4,05:56,Off Block,0,Sarr 4' Driving Floating Jump Shot (2 PTS) (Poole 3 AST),,DET,WAS,WAS,1610612764,2025,364.0,369.0,366.5,203114|1629673|1630551|1642259|1642273,202699|203501|1630595|1631105|1641709,2024-25,89
415084,06:15,"Middleton 8' Turnaround Fadeaway (8 PTS)
",1,1,0,0,2025-03-13,0022400954,0,0,DET,1,0,-6,06:37,Off Arc 3 Make,0,Middleton 8' Turnaround Fadeaway (8 PTS),,DET,WAS,WAS,1610612764,2025,323.0,345.0,334.0,203114|1629673|1630551|1642259|1642273,202699|203501|1630595|1631105|1641709,2024-25,84
415085,06:51,"Duren S.FOUL (P1.T3) (J.Schroeder)
Poole Free Throw 1 of 2 (1 PTS)
Poole Free Throw 2 of 2 (2 PTS)
",0,0,0,0,2025-03-13,0022400954,0,0,DET,1,1,-5,06:57,Off At Rim Make,0,Duren S.FOUL (P1.T3) (J.Schroeder),,DET,WAS,WAS,1610612764,2025,303.0,309.0,306.0,203114|1629673|1630551|1642259|1642273,202699|203501|1630595|1631105|1641709,2024-25,77
415086,06:51,"Duren S.FOUL (P1.T3) (J.Schroeder)
Poole Free Throw 1 of 2 (1 PTS)
Poole Free Throw 2 of 2 (2 PTS)
",0,0,0,0,2025-03-13,0022400954,0,0,DET,1,1,-5,06:57,Off At Rim Make,0,Poole Free Throw 1 of 2 (1 PTS),,DET,WAS,WAS,1610612764,2025,303.0,309.0,306.0,203114|1629673|1630551|1642259|1642273,202699|203501|1630595|1631105|1641709,2024-25,77
415087,06:51,"Duren S.FOUL (P1.T3) (J.Schroeder)
Poole Free Throw 1 of 2 (1 PTS)
Poole Free Throw 2 of 2 (2 PTS)
",0,0,0,0,2025-03-13,0022400954,0,0,DET,1,1,-5,06:57,Off At Rim Make,0,Poole Free Throw 2 of 2 (2 PTS),,DET,WAS,WAS,1610612764,2025,303.0,309.0,306.0,203114|1629673|1630551|1642259|1642273,202699|203501|1630595|1631105|1641709,2024-25,77
415088,07:07,"Sarr OFF.Foul (P1) (J.Schroeder)
Sarr Offensive Foul Turnover (P1.T3)
",0,0,0,0,2025-03-13,0022400954,0,0,DET,1,0,-3,07:17,Off Arc 3 Miss,1,Sarr OFF.Foul (P1) (J.Schroeder),,DET,WAS,WAS,1610612764,2025,283.0,293.0,288.0,203114|1629673|1630551|1642259|1642273,202699|203501|1630595|1631105|1641709,2024-25,73
415090,07:24,"Champagnie 4' Running Reverse Layup (2 PTS) (Poole 2 AST)
",1,1,0,0,2025-03-13,0022400954,0,0,DET,1,0,-5,07:31,Off Arc 3 Miss,0,Champagnie 4' Running Reverse Layup (2 PTS) (Poole 2 AST),,DET,WAS,WAS,1610612764,2025,269.0,276.0,272.5,203114|1629673|1630551|1642259|1642273,202699|203501|1630595|1631105|1641709,2024-25,69
415115,10:44,"Thompson P.FOUL (P1.T1) (J.Goble)
MISS Middleton 20' Pullup Jump Shot
Duren REBOUND (Off:0 Def:2)
",1,0,0,0,2025-03-13,0022400954,0,0,DET,1,0,-4,11:04,Off Short Mid-Range Make,0,Duren REBOUND (Off:0 Def:2),,DET,WAS,WAS,1610612764,2025,56.0,76.0,66.0,203114|1629673|1630551|1642259|1642273,202699|203501|1630595|1631105|1641709,2024-25,10
415116,11:15,"MISS George 24' 3PT Jump Shot
Duren REBOUND (Off:0 Def:1)
",0,0,1,0,2025-03-13,0022400954,0,0,DET,1,0,-2,11:44,Off Short Mid-Range Make,0,MISS George 24' 3PT Jump Shot,,DET,WAS,WAS,1610612764,2025,16.0,45.0,30.5,203114|1629673|1630551|1642259|1642273,202699|203501|1630595|1631105|1641709,2024-25,7
415117,11:15,"MISS George 24' 3PT Jump Shot
Duren REBOUND (Off:0 Def:1)
",0,0,1,0,2025-03-13,0022400954,0,0,DET,1,0,-2,11:44,Off Short Mid-Range Make,0,Duren REBOUND (Off:0 Def:1),,DET,WAS,WAS,1610612764,2025,16.0,45.0,30.5,203114|1629673|1630551|1642259|1642273,202699|203501|1630595|1631105|1641709,2024-25,7
415144,05:55,"Hardaway Jr. S.FOUL (P1.T3) (J.Goble)
Middleton Free Throw 1 of 2 (9 PTS)
Middleton Free Throw 2 of 2 (10 PTS)
",0,0,0,0,2025-03-13,0022400954,0,0,DET,2,1,-2,06:12,Off Timeout,0,Middleton Free Throw 1 of 2 (9 PTS),,DET,WAS,WAS,1610612764,2025,1068.0,1085.0,1076.5,203114|1629673|1630551|1630557|1642259,203501|1630595|1631105|1641709|1641842,2024-25,286
415074,03:25,"MISS Smart 5' Driving Layup
Stewart REBOUND (Off:0 Def:1)
",1,0,0,0,2025-03-13,0022400954,0,0,DET,1,0,1,03:47,Off FT Make,0,MISS Smart 5' Driving Layup,,DET,WAS,WAS,1610612764,2025,493.0,515.0,504.0,203935|1626158|1630551|1630557|1642267,202699|203471|1627736|1630191|1630595,2024-25,127
415146,06:18,"MISS Middleton 9' Pullup Jump Shot
Sarr REBOUND (Off:1 Def:1)
MISS Poole 24' 3PT Jump Shot
Cunningham REBOUND (Off:0 Def:1)
",1,0,1,0,2025-03-13,0022400954,0,1,DET,2,0,1,06:43,Off FT Make,0,MISS Middleton 9' Pullup Jump Shot,,DET,WAS,WAS,1610612764,2025,1037.0,1062.0,1049.5,203114|203935|1629673|1630557|1642259,203501|1630595|1631105|1641709|1641842,2024-25,272
415073,02:56,"MISS Smart 5' Driving Finger Roll Layup
Harris REBOUND (Off:0 Def:2)
",1,0,0,0,2025-03-13,0022400954,0,0,DET,1,0,-2,03:18,Off Timeout,0,Harris REBOUND (Off:0 Def:2),,DET,WAS,WAS,1610612764,2025,522.0,544.0,533.0,203935|1626158|1630551|1630557|1642267,202699|203471|1627736|1630191|1631323,2024-25,137
415071,02:42,"Smart 27' 3PT Jump Shot (3 PTS) (Carrington 2 AST)
",0,0,1,1,2025-03-13,0022400954,0,0,DET,1,0,-2,02:50,Off Steal,0,Smart 27' 3PT Jump Shot (3 PTS) (Carrington 2 AST),,DET,WAS,WAS,1610612764,2025,550.0,558.0,554.0,203935|1626158|1630551|1630557|1642267,202699|203471|1627736|1630191|1631323,2024-25,145
415102,09:04,"Duren BLOCK (1 BLK): MISS Middleton 27' 3PT Step Back Jump Shot
Poole REBOUND (Off:1 Def:0)
MISS Poole 41' 3PT Pullup Jump Shot
Wizards Rebound
Wizards Turnover: Shot Clock (T#1)
",0,0,2,0,2025-03-13,0022400954,0,1,DET,1,0,-4,09:28,Off FT Make,1,Poole REBOUND (Off:1 Def:0),,DET,WAS,WAS,1610612764,2025,152.0,176.0,164.0,203114|1629673|1630551|1642259|1642273,202699|203501|1630595|1631105|1641709,2024-25,36
415103,09:04,"Duren BLOCK (1 BLK): MISS Middleton 27' 3PT Step Back Jump Shot
Poole REBOUND (Off:1 Def:0)
MISS Poole 41' 3PT Pullup Jump Shot
Wizards Rebound
Wizards Turnover: Shot Clock (T#1)
",0,0,2,0,2025-03-13,0022400954,0,1,DET,1,0,-4,09:28,Off FT Make,1,MISS Poole 41' 3PT Pullup Jump Shot,,DET,WAS,WAS,1610612764,2025,152.0,176.0,164.0,203114|1629673|1630551|1642259|1642273,202699|203501|1630595|1631105|1641709,2024-25,36
415104,09:04,"Duren BLOCK (1 BLK): MISS Middleton 27' 3PT Step Back Jump Shot
Poole REBOUND (Off:1 Def:0)
MISS Poole 41' 3PT Pullup Jump Shot
Wizards Rebound
Wizards Turnover: Shot Clock (T#1)
",0,0,2,0,2025-03-13,0022400954,0,1,DET,1,0,-4,09:28,Off FT Make,1,Wizards Rebound,,DET,WAS,WAS,1610612764,2025,152.0,176.0,164.0,203114|1629673|1630551|1642259|1642273,202699|203501|1630595|1631105|1641709,2024-25,36
415105,09:04,"Duren BLOCK (1 BLK): MISS Middleton 27' 3PT Step Back Jump Shot
Poole REBOUND (Off:1 Def:0)
MISS Poole 41' 3PT Pullup Jump Shot
Wizards Rebound
Wizards Turnover: Shot Clock (T#1)
",0,0,2,0,2025-03-13,0022400954,0,1,DET,1,0,-4,09:28,Off FT Make,1,Wizards Turnover: Shot Clock (T#1),,DET,WAS,WAS,1610612764,2025,152.0,176.0,164.0,203114|1629673|1630551|1642259|1642273,202699|203501|1630595|1631105|1641709,2024-25,36
415106,09:33,"MISS George 4' Driving Layup
Middleton REBOUND (Off:1 Def:1)
MISS Middleton 10' Driving Floating Bank Jump Shot
Hardaway Jr. REBOUND (Off:0 Def:1)
",2,0,0,0,2025-03-13,0022400954,0,1,DET,1,0,-2,09:51,Off At Rim Miss,0,MISS George 4' Driving Layup,,DET,WAS,WAS,1610612764,2025,129.0,147.0,138.0,203114|1629673|1630551|1642259|1642273,202699|203501|1630595|1631105|1641709,2024-25,28
415107,09:33,"MISS George 4' Driving Layup
Middleton REBOUND (Off:1 Def:1)
MISS Middleton 10' Driving Floating Bank Jump Shot
Hardaway Jr. REBOUND (Off:0 Def:1)
",2,0,0,0,2025-03-13,0022400954,0,1,DET,1,0,-2,09:51,Off At Rim Miss,0,Middleton REBOUND (Off:1 Def:1),,DET,WAS,WAS,1610612764,2025,129.0,147.0,138.0,203114|1629673|1630551|1642259|1642273,202699|203501|1630595|1631105|1641709,2024-25,28
415108,09:33,"MISS George 4' Driving Layup
Middleton REBOUND (Off:1 Def:1)
MISS Middleton 10' Driving Floating Bank Jump Shot
Hardaway Jr. REBOUND (Off:0 Def:1)
",2,0,0,0,2025-03-13,0022400954,0,1,DET,1,0,-2,09:51,Off At Rim Miss,0,MISS Middleton 10' Driving Floating Bank Jump Shot,,DET,WAS,WAS,1610612764,2025,129.0,147.0,138.0,203114|1629673|1630551|1642259|1642273,202699|203501|1630595|1631105|1641709,2024-25,28
415109,09:33,"MISS George 4' Driving Layup
Middleton REBOUND (Off:1 Def:1)
MISS Middleton 10' Driving Floating Bank Jump Shot
Hardaway Jr. REBOUND (Off:0 Def:1)
",2,0,0,0,2025-03-13,0022400954,0,1,DET,1,0,-2,09:51,Off At Rim Miss,0,Hardaway Jr. REBOUND (Off:0 Def:1),,DET,WAS,WAS,1610612764,2025,129.0,147.0,138.0,203114|1629673|1630551|1642259|1642273,202699|203501|1630595|1631105|1641709,2024-25,28
415110,10:03,"Middleton 27' 3PT Jump Shot (3 PTS) (Poole 1 AST)
",0,0,1,1,2025-03-13,0022400954,0,0,DET,1,0,-5,10:20,Off FT Miss,0,Middleton 27' 3PT Jump Shot (3 PTS) (Poole 1 AST),,DET,WAS,WAS,1610612764,2025,100.0,117.0,108.5,203114|1629673|1630551|1642259|1642273,202699|203501|1630595|1631105|1641709,2024-25,26
415111,10:24,"MISS Poole 27' 3PT Jump Shot
Thompson REBOUND (Off:0 Def:1)
",0,0,1,0,2025-03-13,0022400954,0,0,DET,1,0,-4,10:34,Off Steal,0,MISS Poole 27' 3PT Jump Shot,,DET,WAS,WAS,1610612764,2025,86.0,96.0,91.0,203114|1629673|1630551|1642259|1642273,202699|203501|1630595|1631105|1641709,2024-25,15
415112,10:24,"MISS Poole 27' 3PT Jump Shot
Thompson REBOUND (Off:0 Def:1)
",0,0,1,0,2025-03-13,0022400954,0,0,DET,1,0,-4,10:34,Off Steal,0,Thompson REBOUND (Off:0 Def:1),,DET,WAS,WAS,1610612764,2025,86.0,96.0,91.0,203114|1629673|1630551|1642259|1642273,202699|203501|1630595|1631105|1641709,2024-25,15
415113,10:44,"Thompson P.FOUL (P1.T1) (J.Goble)
MISS Middleton 20' Pullup Jump Shot
Duren REBOUND (Off:0 Def:2)
",1,0,0,0,2025-03-13,0022400954,0,0,DET,1,0,-4,11:04,Off Short Mid-Range Make,0,Thompson P.FOUL (P1.T1) (J.Goble),,DET,WAS,WAS,1610612764,2025,56.0,76.0,66.0,203114|1629673|1630551|1642259|1642273,202699|203501|1630595|1631105|1641709,2024-25,10
415092,07:42,"MISS Sarr 28' 3PT Jump Shot
Middleton REBOUND (Off:2 Def:2)
Middleton 5' Putback Layup (5 PTS)
Harris S.FOUL (P1.T2) (K.Cutler)
Middleton Free Throw 1 of 1 (6 PTS)
",1,1,1,0,2025-03-13,0022400954,0,1,DET,1,1,-8,07:57,Off At Rim Make,0,Middleton REBOUND (Off:2 Def:2),,DET,WAS,WAS,1610612764,2025,243.0,258.0,250.5,203114|1629673|1630551|1642259|1642273,202699|203501|1630595|1631105|1641709,2024-25,59
415114,10:44,"Thompson P.FOUL (P1.T1) (J.Goble)
MISS Middleton 20' Pullup Jump Shot
Duren REBOUND (Off:0 Def:2)
",1,0,0,0,2025-03-13,0022400954,0,0,DET,1,0,-4,11:04,Off Short Mid-Range Make,0,MISS Middleton 20' Pullup Jump Shot,,DET,WAS,WAS,1610612764,2025,56.0,76.0,66.0,203114|1629673|1630551|1642259|1642273,202699|203501|1630595|1631105|1641709,2024-25,10
415091,07:42,"MISS Sarr 28' 3PT Jump Shot
Middleton REBOUND (Off:2 Def:2)
Middleton 5' Putback Layup (5 PTS)
Harris S.FOUL (P1.T2) (K.Cutler)
Middleton Free Throw 1 of 1 (6 PTS)
",1,1,1,0,2025-03-13,0022400954,0,1,DET,1,1,-8,07:57,Off At Rim Make,0,MISS Sarr 28' 3PT Jump Shot,,DET,WAS,WAS,1610612764,2025,243.0,258.0,250.5,203114|1629673|1630551|1642259|1642273,202699|203501|1630595|1631105|1641709,2024-25,59
415089,07:07,"Sarr OFF.Foul (P1) (J.Schroeder)
Sarr Offensive Foul Turnover (P1.T3)
",0,0,0,0,2025-03-13,0022400954,0,0,DET,1,0,-3,07:17,Off Arc 3 Miss,1,Sarr Offensive Foul Turnover (P1.T3),,DET,WAS,WAS,1610612764,2025,283.0,293.0,288.0,203114|1629673|1630551|1642259|1642273,202699|203501|1630595|1631105|1641709,2024-25,73
415068,01:41,"Stewart S.FOUL (P1.PN) (K.Cutler)
Holmes Free Throw 1 of 2 (1 PTS)
Holmes Free Throw 2 of 2 (2 PTS)
",0,0,0,0,2025-03-13,0022400954,0,0,DET,1,1,3,01:54,Off At Rim Miss,0,Holmes Free Throw 1 of 2 (1 PTS),,DET,WAS,WAS,1610612764,2025,606.0,619.0,612.5,203935|1626158|1630551|1630557|1642267,202699|203471|1627736|1630191|1631323,2024-25,153
415069,01:41,"Stewart S.FOUL (P1.PN) (K.Cutler)
Holmes Free Throw 1 of 2 (1 PTS)
Holmes Free Throw 2 of 2 (2 PTS)
",0,0,0,0,2025-03-13,0022400954,0,0,DET,1,1,3,01:54,Off At Rim Miss,0,Holmes Free Throw 2 of 2 (2 PTS),,DET,WAS,WAS,1610612764,2025,606.0,619.0,612.5,203935|1626158|1630551|1630557|1642267,202699|203471|1627736|1630191|1631323,2024-25,153
415070,02:07,"Carrington 1' Cutting Dunk Shot (5 PTS) (Smart 1 AST)
",1,1,0,0,2025-03-13,0022400954,0,0,DET,1,0,1,02:14,Off Arc 3 Miss,0,Carrington 1' Cutting Dunk Shot (5 PTS) (Smart 1 AST),,DET,WAS,WAS,1610612764,2025,586.0,593.0,589.5,203935|1626158|1630551|1630557|1642267,202699|203471|1627736|1630191|1631323,2024-25,149
415072,02:56,"MISS Smart 5' Driving Finger Roll Layup
Harris REBOUND (Off:0 Def:2)
",1,0,0,0,2025-03-13,0022400954,0,0,DET,1,0,-2,03:18,Off Timeout,0,MISS Smart 5' Driving Finger Roll Layup,,DET,WAS,WAS,1610612764,2025,522.0,544.0,533.0,203935|1626158|1630551|1630557|1642267,202699|203471|1627736|1630191|1631323,2024-25,137
415147,06:18,"MISS Middleton 9' Pullup Jump Shot
Sarr REBOUND (Off:1 Def:1)
MISS Poole 24' 3PT Jump Shot
Cunningham REBOUND (Off:0 Def:1)
",1,0,1,0,2025-03-13,0022400954,0,1,DET,2,0,1,06:43,Off FT Make,0,Sarr REBOUND (Off:1 Def:1),,DET,WAS,WAS,1610612764,2025,1037.0,1062.0,1049.5,203114|203935|1629673|1630557|1642259,203501|1630595|1631105|1641709|1641842,2024-25,272
415148,06:18,"MISS Middleton 9' Pullup Jump Shot
Sarr REBOUND (Off:1 Def:1)
MISS Poole 24' 3PT Jump Shot
Cunningham REBOUND (Off:0 Def:1)
",1,0,1,0,2025-03-13,0022400954,0,1,DET,2,0,1,06:43,Off FT Make,0,MISS Poole 24' 3PT Jump Shot,,DET,WAS,WAS,1610612764,2025,1037.0,1062.0,1049.5,203114|203935|1629673|1630557|1642259,203501|1630595|1631105|1641709|1641842,2024-25,272
415149,06:18,"MISS Middleton 9' Pullup Jump Shot
Sarr REBOUND (Off:1 Def:1)
MISS Poole 24' 3PT Jump Shot
Cunningham REBOUND (Off:0 Def:1)
",1,0,1,0,2025-03-13,0022400954,0,1,DET,2,0,1,06:43,Off FT Make,0,Cunningham REBOUND (Off:0 Def:1),,DET,WAS,WAS,1610612764,2025,1037.0,1062.0,1049.5,203114|203935|1629673|1630557|1642259,203501|1630595|1631105|1641709|1641842,2024-25,272
415123,01:23,"Smart 3PT Jump Shot (9 PTS) (Poole 4 AST)
",0,0,1,1,2025-03-13,0022400954,0,0,DET,2,0,3,01:31,Off Arc 3 Miss,0,Smart 3PT Jump Shot (9 PTS) (Poole 4 AST),,DET,WAS,WAS,1610612764,2025,1349.0,1357.0,1353.0,203114|203935|1629673|1642259|1642267,202699|203501|1627736|1630595|1631105,2024-25,365
415124,01:45,"Middleton 21' Step Back Jump Shot (12 PTS)
",1,1,0,0,2025-03-13,0022400954,0,0,DET,2,0,1,02:00,Off FT Make,0,Middleton 21' Step Back Jump Shot (12 PTS),,DET,WAS,WAS,1610612764,2025,1320.0,1335.0,1327.5,203114|203935|1629673|1642259|1642267,202699|203501|1627736|1630595|1631105,2024-25,357
415125,02:01,"Beasley STEAL (1 STL): Sarr Bad Pass Turnover (P2.T9)
",0,0,0,0,2025-03-13,0022400954,0,0,DET,2,0,3,02:19,Off FT Make,1,Beasley STEAL (1 STL): Sarr Bad Pass Turnover (P2.T9),,DET,WAS,WAS,1610612764,2025,1301.0,1319.0,1310.0,203114|203935|1629673|1642259|1642267,202699|203501|1627736|1630595|1631105,2024-25,296
415126,02:35,"Beasley P.FOUL (P1.PN) (J.Goble)
MISS Poole Free Throw 1 of 2
Wizards Rebound
Poole Free Throw 2 of 2 (9 PTS)
",0,0,0,0,2025-03-13,0022400954,1,0,DET,2,0,4,02:46,Off FT Make,0,Beasley P.FOUL (P1.PN) (J.Goble),,DET,WAS,WAS,1610612764,2025,1274.0,1285.0,1279.5,203114|1629673|1630551|1642259|1642267,202699|203501|1627736|1630595|1631105,2024-25,338
415127,02:35,"Beasley P.FOUL (P1.PN) (J.Goble)
MISS Poole Free Throw 1 of 2
Wizards Rebound
Poole Free Throw 2 of 2 (9 PTS)
",0,0,0,0,2025-03-13,0022400954,1,0,DET,2,0,4,02:46,Off FT Make,0,MISS Poole Free Throw 1 of 2,,DET,WAS,WAS,1610612764,2025,1274.0,1285.0,1279.5,203114|1629673|1630551|1642259|1642267,202699|203501|1627736|1630595|1631105,2024-25,338
415262,10:25,"Smart OFF.Foul (P3) (J.Schroeder)
Smart Offensive Foul Turnover (P1.T15)
",0,0,0,0,2025-03-13,0022400954,0,0,DET,4,0,-4,10:39,Off At Rim Make,1,Smart OFF.Foul (P3) (J.Schroeder),,DET,WAS,WAS,1610612764,2025,2241.0,2255.0,2248.0,203935|1626158|1630557|1642267|1642273,203471|1627736|1630191|1630595|1631323,2024-25,572
415128,02:35,"Beasley P.FOUL (P1.PN) (J.Goble)
MISS Poole Free Throw 1 of 2
Wizards Rebound
Poole Free Throw 2 of 2 (9 PTS)
",0,0,0,0,2025-03-13,0022400954,1,0,DET,2,0,4,02:46,Off FT Make,0,Wizards Rebound,,DET,WAS,WAS,1610612764,2025,1274.0,1285.0,1279.5,203114|1629673|1630551|1642259|1642267,202699|203501|1627736|1630595|1631105,2024-25,338
415130,02:52,"Hardaway Jr. S.FOUL (P2.PN) (J.Schroeder)
Sarr Free Throw 1 of 2 (6 PTS)
Sarr Free Throw 2 of 2 (7 PTS)
",0,0,0,0,2025-03-13,0022400954,0,0,DET,2,1,4,02:55,Off Long Mid-Range Miss,0,Hardaway Jr. S.FOUL (P2.PN) (J.Schroeder),,DET,WAS,WAS,1610612764,2025,1265.0,1268.0,1266.5,203114|1629673|1630551|1630557|1642259,202699|203501|1630595|1631105|1641709,2024-25,331
415131,02:52,"Hardaway Jr. S.FOUL (P2.PN) (J.Schroeder)
Sarr Free Throw 1 of 2 (6 PTS)
Sarr Free Throw 2 of 2 (7 PTS)
",0,0,0,0,2025-03-13,0022400954,0,0,DET,2,1,4,02:55,Off Long Mid-Range Miss,0,Sarr Free Throw 1 of 2 (6 PTS),,DET,WAS,WAS,1610612764,2025,1265.0,1268.0,1266.5,203114|1629673|1630551|1630557|1642259,202699|203501|1630595|1631105|1641709,2024-25,331
415132,02:52,"Hardaway Jr. S.FOUL (P2.PN) (J.Schroeder)
Sarr Free Throw 1 of 2 (6 PTS)
Sarr Free Throw 2 of 2 (7 PTS)
",0,0,0,0,2025-03-13,0022400954,0,0,DET,2,1,4,02:55,Off Long Mid-Range Miss,0,Sarr Free Throw 2 of 2 (7 PTS),,DET,WAS,WAS,1610612764,2025,1265.0,1268.0,1266.5,203114|1629673|1630551|1630557|1642259,202699|203501|1630595|1631105|1641709,2024-25,331
415133,03:07,"Poole Out of Bounds - Bad Pass Turnover Turnover (P2.T8)
",0,0,0,0,2025-03-13,0022400954,0,0,DET,2,0,4,03:29,Off Corner 3 Miss,1,Poole Out of Bounds - Bad Pass Turnover Turnover (P2.T8),,DET,WAS,WAS,1610612764,2025,1231.0,1253.0,1242.0,203114|1629673|1630551|1630557|1642259,202699|203501|1630595|1631105|1641709,2024-25,328
415134,03:52,"MISS Poole 28' 3PT Pullup Jump Shot
Hardaway Jr. REBOUND (Off:0 Def:2)
",0,0,1,0,2025-03-13,0022400954,0,0,DET,2,0,4,04:05,Off Arc 3 Miss,0,MISS Poole 28' 3PT Pullup Jump Shot,,DET,WAS,WAS,1610612764,2025,1195.0,1208.0,1201.5,203114|1629673|1630551|1630557|1642259,202699|203501|1630595|1631105|1641709,2024-25,321
415135,03:52,"MISS Poole 28' 3PT Pullup Jump Shot
Hardaway Jr. REBOUND (Off:0 Def:2)
",0,0,1,0,2025-03-13,0022400954,0,0,DET,2,0,4,04:05,Off Arc 3 Miss,0,Hardaway Jr. REBOUND (Off:0 Def:2),,DET,WAS,WAS,1610612764,2025,1195.0,1208.0,1201.5,203114|1629673|1630551|1630557|1642259,202699|203501|1630595|1631105|1641709,2024-25,321
415136,04:25,"Poole 27' 3PT Running Pull-Up Jump Shot (8 PTS)
",0,0,1,1,2025-03-13,0022400954,0,0,DET,2,0,1,04:30,Off Short Mid-Range Miss,0,Poole 27' 3PT Running Pull-Up Jump Shot (8 PTS),,DET,WAS,WAS,1610612764,2025,1170.0,1175.0,1172.5,203114|1629673|1630551|1630557|1642259,202699|203501|1630595|1631105|1641709,2024-25,318
415137,04:44,"Kispert 27' 3PT Running Jump Shot (10 PTS) (Middleton 1 AST)
",0,0,1,1,2025-03-13,0022400954,0,0,DET,2,0,-2,04:49,Off At Rim Miss,0,Kispert 27' 3PT Running Jump Shot (10 PTS) (Middleton 1 AST),,DET,WAS,WAS,1610612764,2025,1151.0,1156.0,1153.5,203114|1629673|1630551|1630557|1642259,202699|203501|1630595|1631105|1641709,2024-25,314
415138,05:07,"Thompson S.FOUL (P2.T4) (K.Cutler)
Kispert Free Throw 1 of 2 (6 PTS)
Kispert Free Throw 2 of 2 (7 PTS)
",0,0,0,0,2025-03-13,0022400954,0,0,DET,2,1,-4,05:18,Off FT Miss,0,Thompson S.FOUL (P2.T4) (K.Cutler),,DET,WAS,WAS,1610612764,2025,1122.0,1133.0,1127.5,203114|1629673|1630551|1630557|1642259,203501|1630595|1631105|1641709|1641842,2024-25,306
415139,05:07,"Thompson S.FOUL (P2.T4) (K.Cutler)
Kispert Free Throw 1 of 2 (6 PTS)
Kispert Free Throw 2 of 2 (7 PTS)
",0,0,0,0,2025-03-13,0022400954,0,0,DET,2,1,-4,05:18,Off FT Miss,0,Kispert Free Throw 1 of 2 (6 PTS),,DET,WAS,WAS,1610612764,2025,1122.0,1133.0,1127.5,203114|1629673|1630551|1630557|1642259,203501|1630595|1631105|1641709|1641842,2024-25,306
415129,02:35,"Beasley P.FOUL (P1.PN) (J.Goble)
MISS Poole Free Throw 1 of 2
Wizards Rebound
Poole Free Throw 2 of 2 (9 PTS)
",0,0,0,0,2025-03-13,0022400954,1,0,DET,2,0,4,02:46,Off FT Make,0,Poole Free Throw 2 of 2 (9 PTS),,DET,WAS,WAS,1610612764,2025,1274.0,1285.0,1279.5,203114|1629673|1630551|1642259|1642267,202699|203501|1627736|1630595|1631105,2024-25,338
415261,09:52,"MISS Kispert 3PT Jump Shot
PISTONS Rebound
",0,0,1,0,2025-03-13,0022400954,0,0,DET,4,0,-6,10:10,Off FT Make,0,PISTONS Rebound,,DET,WAS,WAS,1610612764,2025,2270.0,2288.0,2279.0,203935|1626158|1630557|1642267|1642273,203471|1627736|1630191|1630595|1641842,2024-25,576
415122,00:46,"Smart 3PT Jump Shot (12 PTS) (Middleton 2 AST)
",0,0,1,1,2025-03-13,0022400954,0,0,DET,2,0,4,01:00,Off At Rim Make,0,Smart 3PT Jump Shot (12 PTS) (Middleton 2 AST),,DET,WAS,WAS,1610612764,2025,1380.0,1394.0,1387.0,203114|203935|1629673|1642259|1642267,202699|203501|1627736|1630595|1631105,2024-25,368
415121,00:31,"Sarr Traveling Turnover (P3.T10)
",0,0,0,0,2025-03-13,0022400954,0,0,DET,2,0,5,00:41,Off FT Make,1,Sarr Traveling Turnover (P3.T10),,DET,WAS,WAS,1610612764,2025,1399.0,1409.0,1404.0,203114|203935|1629673|1642259|1642267,202699|203501|1627736|1630595|1631105,2024-25,303
415120,00:07,"Hardaway Jr. P.FOUL (P3.PN) (K.Cutler)
Poole Free Throw 1 of 2 (10 PTS)
Poole Free Throw 2 of 2 (11 PTS)
",0,0,0,0,2025-03-13,0022400954,1,0,DET,2,0,5,00:18,Off Steal,0,Poole Free Throw 2 of 2 (11 PTS),,DET,WAS,WAS,1610612764,2025,1422.0,1433.0,1427.5,203114|203935|1629673|1642259|1642267,202699|203501|1627736|1630595|1631105,2024-25,327
415119,00:07,"Hardaway Jr. P.FOUL (P3.PN) (K.Cutler)
Poole Free Throw 1 of 2 (10 PTS)
Poole Free Throw 2 of 2 (11 PTS)
",0,0,0,0,2025-03-13,0022400954,1,0,DET,2,0,5,00:18,Off Steal,0,Poole Free Throw 1 of 2 (10 PTS),,DET,WAS,WAS,1610612764,2025,1422.0,1433.0,1427.5,203114|203935|1629673|1642259|1642267,202699|203501|1627736|1630595|1631105,2024-25,327
415150,06:46,"Cunningham STEAL (1 STL): Middleton Bad Pass Turnover (P1.T7)
",0,0,0,0,2025-03-13,0022400954,0,0,DET,2,0,4,06:56,Off Steal,1,Cunningham STEAL (1 STL): Middleton Bad Pass Turnover (P1.T7),,DET,WAS,WAS,1610612764,2025,1024.0,1034.0,1029.0,203114|203935|1626158|1629673|1642273,203501|1630191|1630595|1641709|1641842,2024-25,266
415151,07:09,"MISS George 5' Driving Floating Bank Jump Shot
Thompson REBOUND (Off:0 Def:2)
",1,0,0,0,2025-03-13,0022400954,0,0,DET,2,0,4,07:22,Off Arc 3 Miss,0,MISS George 5' Driving Floating Bank Jump Shot,,DET,WAS,WAS,1610612764,2025,998.0,1011.0,1004.5,203935|1626158|1630557|1642267|1642273,1627736|1630191|1630595|1641709|1641842,2024-25,254
415152,07:09,"MISS George 5' Driving Floating Bank Jump Shot
Thompson REBOUND (Off:0 Def:2)
",1,0,0,0,2025-03-13,0022400954,0,0,DET,2,0,4,07:22,Off Arc 3 Miss,0,Thompson REBOUND (Off:0 Def:2),,DET,WAS,WAS,1610612764,2025,998.0,1011.0,1004.5,203935|1626158|1630557|1642267|1642273,1627736|1630191|1630595|1641709|1641842,2024-25,254
415153,07:39,"Kispert 5' Running Reverse Layup (5 PTS) (Smart 4 AST)
",1,1,0,0,2025-03-13,0022400954,0,0,DET,2,0,2,07:42,Off At Rim Miss,0,Kispert 5' Running Reverse Layup (5 PTS) (Smart 4 AST),,DET,WAS,WAS,1610612764,2025,978.0,981.0,979.5,203935|1626158|1630557|1642267|1642273,1627736|1630191|1630595|1641709|1641842,2024-25,248
415154,08:02,"Carrington Traveling Turnover (P2.T6)
",0,0,0,0,2025-03-13,0022400954,0,0,DET,2,0,2,08:15,Off Long Mid-Range Make,1,Carrington Traveling Turnover (P2.T6),,DET,WAS,WAS,1610612764,2025,945.0,958.0,951.5,203935|1626158|1630557|1642267|1642273,1627736|1630191|1630595|1641709|1641842,2024-25,244
415155,08:29,"George OFF.Foul (P3) (K.Cutler)
George Offensive Foul Turnover (P1.T5)
",0,0,0,0,2025-03-13,0022400954,0,0,DET,2,0,4,08:36,Off Short Mid-Range Make,1,George OFF.Foul (P3) (K.Cutler),,DET,WAS,WAS,1610612764,2025,924.0,931.0,927.5,203935|1626158|1630557|1642267|1642273,203471|1627736|1630191|1630595|1641842,2024-25,237
415156,08:29,"George OFF.Foul (P3) (K.Cutler)
George Offensive Foul Turnover (P1.T5)
",0,0,0,0,2025-03-13,0022400954,0,0,DET,2,0,4,08:36,Off Short Mid-Range Make,1,George Offensive Foul Turnover (P1.T5),,DET,WAS,WAS,1610612764,2025,924.0,931.0,927.5,203935|1626158|1630557|1642267|1642273,203471|1627736|1630191|1630595|1641842,2024-25,237
415157,08:55,"Stewart L.B.FOUL (P2.T2) (J.Goble)
Smart 6' Driving Floating Jump Shot (6 PTS)
",1,1,0,0,2025-03-13,0022400954,0,0,DET,2,0,4,09:06,Off Dead Ball,0,Stewart L.B.FOUL (P2.T2) (J.Goble),,DET,WAS,WAS,1610612764,2025,894.0,905.0,899.5,203935|1626158|1630557|1642267|1642273,203471|1627736|1630191|1630595|1641842,2024-25,233
415158,08:55,"Stewart L.B.FOUL (P2.T2) (J.Goble)
Smart 6' Driving Floating Jump Shot (6 PTS)
",1,1,0,0,2025-03-13,0022400954,0,0,DET,2,0,4,09:06,Off Dead Ball,0,Smart 6' Driving Floating Jump Shot (6 PTS),,DET,WAS,WAS,1610612764,2025,894.0,905.0,899.5,203935|1626158|1630557|1642267|1642273,203471|1627736|1630191|1630595|1641842,2024-25,233
415101,09:04,"Duren BLOCK (1 BLK): MISS Middleton 27' 3PT Step Back Jump Shot
Poole REBOUND (Off:1 Def:0)
MISS Poole 41' 3PT Pullup Jump Shot
Wizards Rebound
Wizards Turnover: Shot Clock (T#1)
",0,0,2,0,2025-03-13,0022400954,0,1,DET,1,0,-4,09:28,Off FT Make,1,Duren BLOCK (1 BLK): MISS Middleton 27' 3PT Step Back Jump Shot,,DET,WAS,WAS,1610612764,2025,152.0,176.0,164.0,203114|1629673|1630551|1642259|1642273,202699|203501|1630595|1631105|1641709,2024-25,36
415159,09:21,"Kispert 27' 3PT Step Back Jump Shot (3 PTS) (Smart 3 AST)
",0,0,1,1,2025-03-13,0022400954,0,0,DET,2,0,1,09:28,Off Steal,0,Kispert 27' 3PT Step Back Jump Shot (3 PTS) (Smart 3 AST),,DET,WAS,WAS,1610612764,2025,872.0,879.0,875.5,203935|1626158|1630551|1630557|1642267,203471|1627736|1630191|1631323|1641842,2024-25,223
415161,09:56,"MISS Smart 4' Driving Layup
Holmes REBOUND (Off:1 Def:2)
Holmes Putback Dunk (6 PTS)
",2,1,0,0,2025-03-13,0022400954,0,1,DET,2,0,-3,10:07,Off Corner 3 Miss,0,MISS Smart 4' Driving Layup,,DET,WAS,WAS,1610612764,2025,833.0,844.0,838.5,203935|1626158|1630551|1630557|1642267,203471|1627736|1630191|1631323|1641842,2024-25,215
415162,09:56,"MISS Smart 4' Driving Layup
Holmes REBOUND (Off:1 Def:2)
Holmes Putback Dunk (6 PTS)
",2,1,0,0,2025-03-13,0022400954,0,1,DET,2,0,-3,10:07,Off Corner 3 Miss,0,Holmes REBOUND (Off:1 Def:2),,DET,WAS,WAS,1610612764,2025,833.0,844.0,838.5,203935|1626158|1630551|1630557|1642267,203471|1627736|1630191|1631323|1641842,2024-25,215
415163,09:56,"MISS Smart 4' Driving Layup
Holmes REBOUND (Off:1 Def:2)
Holmes Putback Dunk (6 PTS)
",2,1,0,0,2025-03-13,0022400954,0,1,DET,2,0,-3,10:07,Off Corner 3 Miss,0,Holmes Putback Dunk (6 PTS),,DET,WAS,WAS,1610612764,2025,833.0,844.0,838.5,203935|1626158|1630551|1630557|1642267,203471|1627736|1630191|1631323|1641842,2024-25,215
415164,10:31,"Carrington 21' Pullup Jump Shot (7 PTS)
",1,1,0,0,2025-03-13,0022400954,0,0,DET,2,0,-5,10:38,Off Short Mid-Range Make,0,Carrington 21' Pullup Jump Shot (7 PTS),,DET,WAS,WAS,1610612764,2025,802.0,809.0,805.5,203935|1626158|1630551|1630557|1642267,203471|1627736|1630191|1631323|1641842,2024-25,211
415143,05:55,"Hardaway Jr. S.FOUL (P1.T3) (J.Goble)
Middleton Free Throw 1 of 2 (9 PTS)
Middleton Free Throw 2 of 2 (10 PTS)
",0,0,0,0,2025-03-13,0022400954,0,0,DET,2,1,-2,06:12,Off Timeout,0,Hardaway Jr. S.FOUL (P1.T3) (J.Goble),,DET,WAS,WAS,1610612764,2025,1068.0,1085.0,1076.5,203114|1629673|1630551|1630557|1642259,203501|1630595|1631105|1641709|1641842,2024-25,286
415142,05:24,"MISS Poole 4' Driving Floating Jump Shot
Holland II REBOUND (Off:1 Def:2)
",1,0,0,0,2025-03-13,0022400954,0,0,DET,2,0,-2,05:37,Off Short Mid-Range Make,0,Holland II REBOUND (Off:1 Def:2),,DET,WAS,WAS,1610612764,2025,1103.0,1116.0,1109.5,203114|1629673|1630551|1630557|1642259,203501|1630595|1631105|1641709|1641842,2024-25,297
415141,05:24,"MISS Poole 4' Driving Floating Jump Shot
Holland II REBOUND (Off:1 Def:2)
",1,0,0,0,2025-03-13,0022400954,0,0,DET,2,0,-2,05:37,Off Short Mid-Range Make,0,MISS Poole 4' Driving Floating Jump Shot,,DET,WAS,WAS,1610612764,2025,1103.0,1116.0,1109.5,203114|1629673|1630551|1630557|1642259,203501|1630595|1631105|1641709|1641842,2024-25,297
415140,05:07,"Thompson S.FOUL (P2.T4) (K.Cutler)
Kispert Free Throw 1 of 2 (6 PTS)
Kispert Free Throw 2 of 2 (7 PTS)
",0,0,0,0,2025-03-13,0022400954,0,0,DET,2,1,-4,05:18,Off FT Miss,0,Kispert Free Throw 2 of 2 (7 PTS),,DET,WAS,WAS,1610612764,2025,1122.0,1133.0,1127.5,203114|1629673|1630551|1630557|1642259,203501|1630595|1631105|1641709|1641842,2024-25,306
415118,00:07,"Hardaway Jr. P.FOUL (P3.PN) (K.Cutler)
Poole Free Throw 1 of 2 (10 PTS)
Poole Free Throw 2 of 2 (11 PTS)
",0,0,0,0,2025-03-13,0022400954,1,0,DET,2,0,5,00:18,Off Steal,0,Hardaway Jr. P.FOUL (P3.PN) (K.Cutler),,DET,WAS,WAS,1610612764,2025,1422.0,1433.0,1427.5,203114|203935|1629673|1642259|1642267,202699|203501|1627736|1630595|1631105,2024-25,327
415160,09:36,"Champagnie 3' Running Layup (4 PTS)
",1,1,0,0,2025-03-13,0022400954,0,0,DET,2,0,-1,09:42,Off Short Mid-Range Miss,0,Champagnie 3' Running Layup (4 PTS),,DET,WAS,WAS,1610612764,2025,858.0,864.0,861.0,203935|1626158|1630551|1630557|1642267,203471|1627736|1630191|1631323|1641842,2024-25,220
415100,08:32,"Thompson BLOCK (1 BLK): MISS Sarr 3PT Jump Shot
Wizards Rebound
Harris STEAL (1 STL): Poole Bad Pass Turnover (P1.T2)
",0,0,1,0,2025-03-13,0022400954,0,1,DET,1,0,-4,08:47,Off Arc 3 Miss,1,Harris STEAL (1 STL): Poole Bad Pass Turnover (P1.T2),,DET,WAS,WAS,1610612764,2025,193.0,208.0,200.5,203114|1629673|1630551|1642259|1642273,202699|203501|1630595|1631105|1641709,2024-25,45
415099,08:32,"Thompson BLOCK (1 BLK): MISS Sarr 3PT Jump Shot
Wizards Rebound
Harris STEAL (1 STL): Poole Bad Pass Turnover (P1.T2)
",0,0,1,0,2025-03-13,0022400954,0,1,DET,1,0,-4,08:47,Off Arc 3 Miss,1,Wizards Rebound,,DET,WAS,WAS,1610612764,2025,193.0,208.0,200.5,203114|1629673|1630551|1642259|1642273,202699|203501|1630595|1631105|1641709,2024-25,45
415098,08:32,"Thompson BLOCK (1 BLK): MISS Sarr 3PT Jump Shot
Wizards Rebound
Harris STEAL (1 STL): Poole Bad Pass Turnover (P1.T2)
",0,0,1,0,2025-03-13,0022400954,0,1,DET,1,0,-4,08:47,Off Arc 3 Miss,1,Thompson BLOCK (1 BLK): MISS Sarr 3PT Jump Shot,,DET,WAS,WAS,1610612764,2025,193.0,208.0,200.5,203114|1629673|1630551|1642259|1642273,202699|203501|1630595|1631105|1641709,2024-25,45
415183,02:41,"Cunningham BLOCK (1 BLK): MISS Champagnie 5' Driving Layup
Champagnie REBOUND (Off:3 Def:4)
Cunningham BLOCK (2 BLK): MISS Champagnie 2' Putback Layup
Carrington REBOUND (Off:1 Def:2)
MISS Carrington 4' Turnaround Fadeaway Shot
Duren REBOUND (Off:2 Def:9)
",3,0,0,0,2025-03-13,0022400954,0,2,DET,3,0,7,02:58,Off Arc 3 Miss,0,Cunningham BLOCK (1 BLK): MISS Champagnie 5' Driving Layup,,DET,WAS,WAS,1610612764,2025,1982.0,1999.0,1990.5,203114|1630551|1630557|1642259|1642267,202699|203471|1627736|1630595|1631105,2024-25,505
415184,02:41,"Cunningham BLOCK (1 BLK): MISS Champagnie 5' Driving Layup
Champagnie REBOUND (Off:3 Def:4)
Cunningham BLOCK (2 BLK): MISS Champagnie 2' Putback Layup
Carrington REBOUND (Off:1 Def:2)
MISS Carrington 4' Turnaround Fadeaway Shot
Duren REBOUND (Off:2 Def:9)
",3,0,0,0,2025-03-13,0022400954,0,2,DET,3,0,7,02:58,Off Arc 3 Miss,0,Champagnie REBOUND (Off:3 Def:4),,DET,WAS,WAS,1610612764,2025,1982.0,1999.0,1990.5,203114|1630551|1630557|1642259|1642267,202699|203471|1627736|1630595|1631105,2024-25,505
415185,02:41,"Cunningham BLOCK (1 BLK): MISS Champagnie 5' Driving Layup
Champagnie REBOUND (Off:3 Def:4)
Cunningham BLOCK (2 BLK): MISS Champagnie 2' Putback Layup
Carrington REBOUND (Off:1 Def:2)
MISS Carrington 4' Turnaround Fadeaway Shot
Duren REBOUND (Off:2 Def:9)
",3,0,0,0,2025-03-13,0022400954,0,2,DET,3,0,7,02:58,Off Arc 3 Miss,0,Cunningham BLOCK (2 BLK): MISS Champagnie 2' Putback Layup,,DET,WAS,WAS,1610612764,2025,1982.0,1999.0,1990.5,203114|1630551|1630557|1642259|1642267,202699|203471|1627736|1630595|1631105,2024-25,505
415186,02:41,"Cunningham BLOCK (1 BLK): MISS Champagnie 5' Driving Layup
Champagnie REBOUND (Off:3 Def:4)
Cunningham BLOCK (2 BLK): MISS Champagnie 2' Putback Layup
Carrington REBOUND (Off:1 Def:2)
MISS Carrington 4' Turnaround Fadeaway Shot
Duren REBOUND (Off:2 Def:9)
",3,0,0,0,2025-03-13,0022400954,0,2,DET,3,0,7,02:58,Off Arc 3 Miss,0,Carrington REBOUND (Off:1 Def:2),,DET,WAS,WAS,1610612764,2025,1982.0,1999.0,1990.5,203114|1630551|1630557|1642259|1642267,202699|203471|1627736|1630595|1631105,2024-25,505
415187,02:41,"Cunningham BLOCK (1 BLK): MISS Champagnie 5' Driving Layup
Champagnie REBOUND (Off:3 Def:4)
Cunningham BLOCK (2 BLK): MISS Champagnie 2' Putback Layup
Carrington REBOUND (Off:1 Def:2)
MISS Carrington 4' Turnaround Fadeaway Shot
Duren REBOUND (Off:2 Def:9)
",3,0,0,0,2025-03-13,0022400954,0,2,DET,3,0,7,02:58,Off Arc 3 Miss,0,MISS Carrington 4' Turnaround Fadeaway Shot,,DET,WAS,WAS,1610612764,2025,1982.0,1999.0,1990.5,203114|1630551|1630557|1642259|1642267,202699|203471|1627736|1630595|1631105,2024-25,505
415188,02:41,"Cunningham BLOCK (1 BLK): MISS Champagnie 5' Driving Layup
Champagnie REBOUND (Off:3 Def:4)
Cunningham BLOCK (2 BLK): MISS Champagnie 2' Putback Layup
Carrington REBOUND (Off:1 Def:2)
MISS Carrington 4' Turnaround Fadeaway Shot
Duren REBOUND (Off:2 Def:9)
",3,0,0,0,2025-03-13,0022400954,0,2,DET,3,0,7,02:58,Off Arc 3 Miss,0,Duren REBOUND (Off:2 Def:9),,DET,WAS,WAS,1610612764,2025,1982.0,1999.0,1990.5,203114|1630551|1630557|1642259|1642267,202699|203471|1627736|1630595|1631105,2024-25,505
415189,03:10,"Middleton 5' Driving Finger Roll Layup (16 PTS)
",1,1,0,0,2025-03-13,0022400954,0,0,DET,3,0,5,03:28,Off At Rim Make,0,Middleton 5' Driving Finger Roll Layup (16 PTS),,DET,WAS,WAS,1610612764,2025,1952.0,1970.0,1961.0,203114|1630551|1630557|1642259|1642267,202699|203471|1627736|1630595|1631105,2024-25,501
415191,03:41,"MISS Kispert 27' 3PT Jump Shot
Duren REBOUND (Off:1 Def:8)
",0,0,1,0,2025-03-13,0022400954,0,0,DET,3,0,7,04:05,Off Short Mid-Range Make,0,Duren REBOUND (Off:1 Def:8),,DET,WAS,WAS,1610612764,2025,1915.0,1939.0,1927.0,203114|1630551|1630557|1642259|1642267,202699|203471|1627736|1630595|1631105,2024-25,496
415168,10:54,"Holmes 4' Alley Oop Layup (4 PTS) (Smart 2 AST)
Fontecchio S.FOUL (P1.T1) (J.Goble)
MISS Holmes Free Throw 1 of 1
Holland II REBOUND (Off:0 Def:1)
",1,1,0,0,2025-03-13,0022400954,0,0,DET,2,1,-5,11:11,Off FT Make,0,Holland II REBOUND (Off:0 Def:1),,DET,WAS,WAS,1610612764,2025,769.0,786.0,777.5,203935|1626158|1630551|1630557|1642267,203471|1627736|1630191|1631323|1641842,2024-25,199
415216,08:56,"Poole 27' 3PT Jump Shot (17 PTS) (Middleton 4 AST)
",0,0,1,1,2025-03-13,0022400954,0,0,DET,3,0,10,09:09,Off FT Make,0,Poole 27' 3PT Jump Shot (17 PTS) (Middleton 4 AST),,DET,WAS,WAS,1610612764,2025,1611.0,1624.0,1617.5,203114|1629673|1630551|1642259|1642273,202699|203501|1630595|1631105|1641709,2024-25,418
415218,09:55,"Champagnie 3' Driving Layup (6 PTS)
",1,1,0,0,2025-03-13,0022400954,0,0,DET,3,0,11,10:02,Off Short Mid-Range Miss,0,Champagnie 3' Driving Layup (6 PTS),,DET,WAS,WAS,1610612764,2025,1558.0,1565.0,1561.5,203114|1629673|1630551|1642259|1642273,202699|203501|1630595|1631105|1641709,2024-25,412
415244,04:32,"Hardaway Jr. P.FOUL (P4.T3) (J.Schroeder)
Smart 4' Driving Layup (14 PTS) (Sarr 3 AST)
",1,1,0,0,2025-03-13,0022400954,0,0,DET,4,0,-1,04:51,Off Short Mid-Range Make,0,Smart 4' Driving Layup (14 PTS) (Sarr 3 AST),,DET,WAS,WAS,1610612764,2025,2589.0,2608.0,2598.5,203935|1630551|1630557|1642259|1642273,202699|203501|1627736|1630595|1631105,2024-25,655
415245,05:12,"Champagnie 24' 3PT Jump Shot (16 PTS) (Smart 6 AST)
Harris S.FOUL (P2.T2) (J.Goble)
Champagnie Free Throw 1 of 1 (17 PTS)
",0,0,1,1,2025-03-13,0022400954,0,0,DET,4,1,-3,05:24,Off FT Make,0,Champagnie 24' 3PT Jump Shot (16 PTS) (Smart 6 AST),,DET,WAS,WAS,1610612764,2025,2556.0,2568.0,2562.0,203935|1630551|1630557|1642259|1642273,202699|203501|1627736|1630595|1631105,2024-25,643
415246,05:12,"Champagnie 24' 3PT Jump Shot (16 PTS) (Smart 6 AST)
Harris S.FOUL (P2.T2) (J.Goble)
Champagnie Free Throw 1 of 1 (17 PTS)
",0,0,1,1,2025-03-13,0022400954,0,0,DET,4,1,-3,05:24,Off FT Make,0,Harris S.FOUL (P2.T2) (J.Goble),,DET,WAS,WAS,1610612764,2025,2556.0,2568.0,2562.0,203935|1630551|1630557|1642259|1642273,202699|203501|1627736|1630595|1631105,2024-25,643
415247,05:12,"Champagnie 24' 3PT Jump Shot (16 PTS) (Smart 6 AST)
Harris S.FOUL (P2.T2) (J.Goble)
Champagnie Free Throw 1 of 1 (17 PTS)
",0,0,1,1,2025-03-13,0022400954,0,0,DET,4,1,-3,05:24,Off FT Make,0,Champagnie Free Throw 1 of 1 (17 PTS),,DET,WAS,WAS,1610612764,2025,2556.0,2568.0,2562.0,203935|1630551|1630557|1642259|1642273,202699|203501|1627736|1630595|1631105,2024-25,643
415248,05:50,"MISS George 27' 3PT Pullup Jump Shot
PISTONS Rebound
",0,0,1,0,2025-03-13,0022400954,0,0,DET,4,0,-1,05:59,Off Long Mid-Range Miss,0,MISS George 27' 3PT Pullup Jump Shot,,DET,WAS,WAS,1610612764,2025,2521.0,2530.0,2525.5,203935|1626158|1630551|1630557|1642273,202699|203471|203501|1630191|1641842,2024-25,629
415249,05:50,"MISS George 27' 3PT Pullup Jump Shot
PISTONS Rebound
",0,0,1,0,2025-03-13,0022400954,0,0,DET,4,0,-1,05:59,Off Long Mid-Range Miss,0,PISTONS Rebound,,DET,WAS,WAS,1610612764,2025,2521.0,2530.0,2525.5,203935|1626158|1630551|1630557|1642273,202699|203471|203501|1630191|1641842,2024-25,629
415250,06:17,"Champagnie 24' 3PT Jump Shot (13 PTS) (Smart 5 AST)
",0,0,1,1,2025-03-13,0022400954,0,0,DET,4,0,-4,06:34,Off Steal,0,Champagnie 24' 3PT Jump Shot (13 PTS) (Smart 5 AST),,DET,WAS,WAS,1610612764,2025,2486.0,2503.0,2494.5,203935|1626158|1630551|1630557|1642273,202699|203471|203501|1630191|1641842,2024-25,624
415251,07:08,"MISS Smart 24' 3PT Step Back Jump Shot
Harris REBOUND (Off:0 Def:4)
",0,0,1,0,2025-03-13,0022400954,0,0,DET,4,0,-4,07:23,Off Block,0,MISS Smart 24' 3PT Step Back Jump Shot,,DET,WAS,WAS,1610612764,2025,2437.0,2452.0,2444.5,203935|1626158|1630551|1630557|1642273,202699|203471|1627736|1630191|1641842,2024-25,613
415182,02:12,"Kispert 3' Driving Layup (12 PTS) (Holmes 1 AST)
",1,1,0,0,2025-03-13,0022400954,0,0,DET,3,0,4,02:29,Off FT Make,0,Kispert 3' Driving Layup (12 PTS) (Holmes 1 AST),,DET,WAS,WAS,1610612764,2025,2011.0,2028.0,2019.5,203935|1626158|1629673|1630557|1642267,203471|1627736|1630191|1630595|1631323,2024-25,512
415181,01:47,"MISS Poole 5' Driving Layup
Fontecchio REBOUND (Off:0 Def:1)
",1,0,0,0,2025-03-13,0022400954,0,0,DET,3,0,6,01:58,Off Short Mid-Range Miss,0,Fontecchio REBOUND (Off:0 Def:1),,DET,WAS,WAS,1610612764,2025,2042.0,2053.0,2047.5,203935|1626158|1629673|1630557|1642267,203471|1627736|1630191|1630595|1631323,2024-25,531
415180,01:47,"MISS Poole 5' Driving Layup
Fontecchio REBOUND (Off:0 Def:1)
",1,0,0,0,2025-03-13,0022400954,0,0,DET,3,0,6,01:58,Off Short Mid-Range Miss,0,MISS Poole 5' Driving Layup,,DET,WAS,WAS,1610612764,2025,2042.0,2053.0,2047.5,203935|1626158|1629673|1630557|1642267,203471|1627736|1630191|1630595|1631323,2024-25,531
415179,01:19,"MISS Smart 27' 3PT Step Back Jump Shot
Beasley REBOUND (Off:0 Def:2)
",0,0,1,0,2025-03-13,0022400954,0,0,DET,3,0,3,01:40,Off Arc 3 Make,0,Beasley REBOUND (Off:0 Def:2),,DET,WAS,WAS,1610612764,2025,2060.0,2081.0,2070.5,203935|1626158|1629673|1630557|1642267,203471|1627736|1630191|1630595|1631323,2024-25,534
415209,07:17,"MISS Sarr 26' 3PT Jump Shot
Cunningham REBOUND (Off:0 Def:2)
",0,0,1,0,2025-03-13,0022400954,0,0,DET,3,0,8,07:34,Off At Rim Make,0,MISS Sarr 26' 3PT Jump Shot,,DET,WAS,WAS,1610612764,2025,1706.0,1723.0,1714.5,203114|1629673|1630551|1642259|1642273,202699|203501|1630595|1631105|1641709,2024-25,443
415210,07:17,"MISS Sarr 26' 3PT Jump Shot
Cunningham REBOUND (Off:0 Def:2)
",0,0,1,0,2025-03-13,0022400954,0,0,DET,3,0,8,07:34,Off At Rim Make,0,Cunningham REBOUND (Off:0 Def:2),,DET,WAS,WAS,1610612764,2025,1706.0,1723.0,1714.5,203114|1629673|1630551|1642259|1642273,202699|203501|1630595|1631105|1641709,2024-25,443
415211,07:44,"MISS Champagnie 24' 3PT Running Jump Shot
Hardaway Jr. REBOUND (Off:0 Def:3)
",0,0,1,0,2025-03-13,0022400954,0,0,DET,3,0,10,07:52,Off Short Mid-Range Miss,0,MISS Champagnie 24' 3PT Running Jump Shot,,DET,WAS,WAS,1610612764,2025,1688.0,1696.0,1692.0,203114|1629673|1630551|1642259|1642273,202699|203501|1630595|1631105|1641709,2024-25,438
415212,07:44,"MISS Champagnie 24' 3PT Running Jump Shot
Hardaway Jr. REBOUND (Off:0 Def:3)
",0,0,1,0,2025-03-13,0022400954,0,0,DET,3,0,10,07:52,Off Short Mid-Range Miss,0,Hardaway Jr. REBOUND (Off:0 Def:3),,DET,WAS,WAS,1610612764,2025,1688.0,1696.0,1692.0,203114|1629673|1630551|1642259|1642273,202699|203501|1630595|1631105|1641709,2024-25,438
415213,08:02,"MISS Sarr 19' Jump Shot
Duren REBOUND (Off:0 Def:5)
",1,0,0,0,2025-03-13,0022400954,0,0,DET,3,0,10,08:24,Off Dead Ball,0,MISS Sarr 19' Jump Shot,,DET,WAS,WAS,1610612764,2025,1656.0,1678.0,1667.0,203114|1629673|1630551|1642259|1642273,202699|203501|1630595|1631105|1641709,2024-25,432
415214,08:02,"MISS Sarr 19' Jump Shot
Duren REBOUND (Off:0 Def:5)
",1,0,0,0,2025-03-13,0022400954,0,0,DET,3,0,10,08:24,Off Dead Ball,0,Duren REBOUND (Off:0 Def:5),,DET,WAS,WAS,1610612764,2025,1656.0,1678.0,1667.0,203114|1629673|1630551|1642259|1642273,202699|203501|1630595|1631105|1641709,2024-25,432
415193,04:20,"MISS Carrington 17' Step Back Jump Shot
Champagnie REBOUND (Off:2 Def:4)
Kispert Traveling Turnover (P1.T12)
",1,0,0,0,2025-03-13,0022400954,0,1,DET,3,0,9,04:42,Off Short Mid-Range Make,1,Champagnie REBOUND (Off:2 Def:4),,DET,WAS,WAS,1610612764,2025,1878.0,1900.0,1889.0,203114|1630551|1630557|1642259|1642267,202699|203501|1627736|1630595|1631105,2024-25,489
415215,08:27,"Harris STEAL (2 STL): Poole Bad Pass Turnover (P3.T11)
",0,0,0,0,2025-03-13,0022400954,0,0,DET,3,0,10,08:35,Off Arc 3 Make,1,Harris STEAL (2 STL): Poole Bad Pass Turnover (P3.T11),,DET,WAS,WAS,1610612764,2025,1645.0,1653.0,1649.0,203114|1629673|1630551|1642259|1642273,202699|203501|1630595|1631105|1641709,2024-25,428
415192,04:20,"MISS Carrington 17' Step Back Jump Shot
Champagnie REBOUND (Off:2 Def:4)
Kispert Traveling Turnover (P1.T12)
",1,0,0,0,2025-03-13,0022400954,0,1,DET,3,0,9,04:42,Off Short Mid-Range Make,1,MISS Carrington 17' Step Back Jump Shot,,DET,WAS,WAS,1610612764,2025,1878.0,1900.0,1889.0,203114|1630551|1630557|1642259|1642267,202699|203501|1627736|1630595|1631105,2024-25,489
415066,01:18,"MISS Smart 27' 3PT Pullup Jump Shot
Schröder REBOUND (Off:1 Def:1)
",0,0,1,0,2025-03-13,0022400954,0,0,DET,1,0,5,01:25,Off Arc 3 Miss,0,Schröder REBOUND (Off:1 Def:1),,DET,WAS,WAS,1610612764,2025,635.0,642.0,638.5,203935|1626158|1630551|1630557|1642267,202699|203471|1627736|1630191|1631323,2024-25,165
415190,03:41,"MISS Kispert 27' 3PT Jump Shot
Duren REBOUND (Off:1 Def:8)
",0,0,1,0,2025-03-13,0022400954,0,0,DET,3,0,7,04:05,Off Short Mid-Range Make,0,MISS Kispert 27' 3PT Jump Shot,,DET,WAS,WAS,1610612764,2025,1915.0,1939.0,1927.0,203114|1630551|1630557|1642259|1642267,202699|203471|1627736|1630595|1631105,2024-25,496
415170,11:16,"Stewart BLOCK (1 BLK): MISS Holmes 3' Driving Layup
Beasley REBOUND (Off:0 Def:1)
",1,0,0,0,2025-03-13,0022400954,0,0,DET,2,0,-3,11:38,Off Arc 3 Make,0,Beasley REBOUND (Off:0 Def:1),,DET,WAS,WAS,1610612764,2025,742.0,764.0,753.0,203935|1626158|1630551|1630557|1642267,203471|1627736|1630191|1631323|1641842,2024-25,195
415171,11:46,"Stewart STEAL (1 STL): Carrington Bad Pass Turnover (P1.T4)
",0,0,0,0,2025-03-13,0022400954,0,0,DET,2,0,0,12:00,Off Dead Ball,1,Stewart STEAL (1 STL): Carrington Bad Pass Turnover (P1.T4),,DET,WAS,WAS,1610612764,2025,720.0,734.0,727.0,203935|1626158|1630551|1630557|1642267,203471|1627736|1630191|1631323|1641842,2024-25,167
415172,00:01,"MISS Poole 5' Driving Finger Roll Layup
Fontecchio REBOUND (Off:0 Def:2)
",1,0,0,0,2025-03-13,0022400954,0,0,DET,3,0,-5,00:16,Off At Rim Make,0,MISS Poole 5' Driving Finger Roll Layup,,DET,WAS,WAS,1610612764,2025,2144.0,2159.0,2151.5,203935|1626158|1629673|1630557|1642267,203471|1627736|1630191|1630595|1631323,2024-25,553
415173,00:01,"MISS Poole 5' Driving Finger Roll Layup
Fontecchio REBOUND (Off:0 Def:2)
",1,0,0,0,2025-03-13,0022400954,0,0,DET,3,0,-5,00:16,Off At Rim Make,0,Fontecchio REBOUND (Off:0 Def:2),,DET,WAS,WAS,1610612764,2025,2144.0,2159.0,2151.5,203935|1626158|1629673|1630557|1642267,203471|1627736|1630191|1630595|1631323,2024-25,553
415174,00:22,"Beasley STEAL (2 STL): Carrington Bad Pass Turnover (P3.T14)
",0,0,0,0,2025-03-13,0022400954,0,0,DET,3,0,-3,00:34,Off Corner 3 Make,1,Beasley STEAL (2 STL): Carrington Bad Pass Turnover (P3.T14),,DET,WAS,WAS,1610612764,2025,2126.0,2138.0,2132.0,203935|1626158|1629673|1630557|1642267,203471|1627736|1630191|1630595|1631323,2024-25,475
415175,00:39,"MISS Smart 4' Driving Layup
Holmes REBOUND (Off:2 Def:4)
Cunningham STEAL (2 STL): Holmes Lost Ball Turnover (P1.T13)
",1,0,0,0,2025-03-13,0022400954,0,1,DET,3,0,0,01:02,Off FT Make,1,MISS Smart 4' Driving Layup,,DET,WAS,WAS,1610612764,2025,2098.0,2121.0,2109.5,203935|1626158|1629673|1630557|1642267,203471|1627736|1630191|1630595|1631323,2024-25,485
415176,00:39,"MISS Smart 4' Driving Layup
Holmes REBOUND (Off:2 Def:4)
Cunningham STEAL (2 STL): Holmes Lost Ball Turnover (P1.T13)
",1,0,0,0,2025-03-13,0022400954,0,1,DET,3,0,0,01:02,Off FT Make,1,Holmes REBOUND (Off:2 Def:4),,DET,WAS,WAS,1610612764,2025,2098.0,2121.0,2109.5,203935|1626158|1629673|1630557|1642267,203471|1627736|1630191|1630595|1631323,2024-25,485
415177,00:39,"MISS Smart 4' Driving Layup
Holmes REBOUND (Off:2 Def:4)
Cunningham STEAL (2 STL): Holmes Lost Ball Turnover (P1.T13)
",1,0,0,0,2025-03-13,0022400954,0,1,DET,3,0,0,01:02,Off FT Make,1,Cunningham STEAL (2 STL): Holmes Lost Ball Turnover (P1.T13),,DET,WAS,WAS,1610612764,2025,2098.0,2121.0,2109.5,203935|1626158|1629673|1630557|1642267,203471|1627736|1630191|1630595|1631323,2024-25,485
415178,01:19,"MISS Smart 27' 3PT Step Back Jump Shot
Beasley REBOUND (Off:0 Def:2)
",0,0,1,0,2025-03-13,0022400954,0,0,DET,3,0,3,01:40,Off Arc 3 Make,0,MISS Smart 27' 3PT Step Back Jump Shot,,DET,WAS,WAS,1610612764,2025,2060.0,2081.0,2070.5,203935|1626158|1629673|1630557|1642267,203471|1627736|1630191|1630595|1631323,2024-25,534
415169,11:16,"Stewart BLOCK (1 BLK): MISS Holmes 3' Driving Layup
Beasley REBOUND (Off:0 Def:1)
",1,0,0,0,2025-03-13,0022400954,0,0,DET,2,0,-3,11:38,Off Arc 3 Make,0,Stewart BLOCK (1 BLK): MISS Holmes 3' Driving Layup,,DET,WAS,WAS,1610612764,2025,742.0,764.0,753.0,203935|1626158|1630551|1630557|1642267,203471|1627736|1630191|1631323|1641842,2024-25,195
415064,00:50,"MISS Carrington 28' 3PT Step Back Jump Shot
PISTONS Rebound
",0,0,1,0,2025-03-13,0022400954,0,0,DET,1,0,5,01:12,Off Steal,0,PISTONS Rebound,,DET,WAS,WAS,1610612764,2025,648.0,670.0,659.0,203935|1626158|1630551|1630557|1642267,202699|203471|1627736|1630191|1631323,2024-25,168
415252,07:08,"MISS Smart 24' 3PT Step Back Jump Shot
Harris REBOUND (Off:0 Def:4)
",0,0,1,0,2025-03-13,0022400954,0,0,DET,4,0,-4,07:23,Off Block,0,Harris REBOUND (Off:0 Def:4),,DET,WAS,WAS,1610612764,2025,2437.0,2452.0,2444.5,203935|1626158|1630551|1630557|1642273,202699|203471|1627736|1630191|1641842,2024-25,613
415254,07:42,"MISS Kispert 28' 3PT Jump Shot
Holland II REBOUND (Off:1 Def:3)
",0,0,1,0,2025-03-13,0022400954,0,0,DET,4,0,-4,07:55,Off FT Make,0,Holland II REBOUND (Off:1 Def:3),,DET,WAS,WAS,1610612764,2025,2405.0,2418.0,2411.5,203935|1626158|1630551|1630557|1642273,202699|203471|1627736|1630191|1641842,2024-25,603
415230,00:10,"Beasley P.FOUL (P2.T4) (J.Goble)
Cunningham Personal Take Foul (P5.PN) (J.Goble)
Carrington Free Throw 1 of 2 (15 PTS)
Carrington Free Throw 2 of 2 (16 PTS)
",0,0,0,0,2025-03-13,0022400954,1,0,DET,4,0,1,00:12,Off Steal,0,Cunningham Personal Take Foul (P5.PN) (J.Goble),,DET,WAS,WAS,1610612764,2025,2868.0,2870.0,2869.0,203114|1629673|1630557|1642267|1642273,202699|1627736|1630595|1631105|1641709,2024-25,715
415231,00:10,"Beasley P.FOUL (P2.T4) (J.Goble)
Cunningham Personal Take Foul (P5.PN) (J.Goble)
Carrington Free Throw 1 of 2 (15 PTS)
Carrington Free Throw 2 of 2 (16 PTS)
",0,0,0,0,2025-03-13,0022400954,1,0,DET,4,0,1,00:12,Off Steal,0,Carrington Free Throw 1 of 2 (15 PTS),,DET,WAS,WAS,1610612764,2025,2868.0,2870.0,2869.0,203114|1629673|1630557|1642267|1642273,202699|1627736|1630595|1631105|1641709,2024-25,715
415232,00:10,"Beasley P.FOUL (P2.T4) (J.Goble)
Cunningham Personal Take Foul (P5.PN) (J.Goble)
Carrington Free Throw 1 of 2 (15 PTS)
Carrington Free Throw 2 of 2 (16 PTS)
",0,0,0,0,2025-03-13,0022400954,1,0,DET,4,0,1,00:12,Off Steal,0,Carrington Free Throw 2 of 2 (16 PTS),,DET,WAS,WAS,1610612764,2025,2868.0,2870.0,2869.0,203114|1629673|1630557|1642267|1642273,202699|1627736|1630595|1631105|1641709,2024-25,715
415233,00:13,"MISS Carrington 27' 3PT Jump Shot
Cunningham REBOUND (Off:0 Def:3)
",0,0,1,0,2025-03-13,0022400954,0,0,DET,4,0,1,00:41,Off Dead Ball,0,MISS Carrington 27' 3PT Jump Shot,,DET,WAS,WAS,1610612764,2025,2839.0,2867.0,2853.0,203114|1629673|1642259|1642267|1642273,202699|203471|1627736|1630595|1631105,2024-25,674
415234,00:13,"MISS Carrington 27' 3PT Jump Shot
Cunningham REBOUND (Off:0 Def:3)
",0,0,1,0,2025-03-13,0022400954,0,0,DET,4,0,1,00:41,Off Dead Ball,0,Cunningham REBOUND (Off:0 Def:3),,DET,WAS,WAS,1610612764,2025,2839.0,2867.0,2853.0,203114|1629673|1642259|1642267|1642273,202699|203471|1627736|1630595|1631105,2024-25,674
415235,00:53,"Sarr 4' Cutting Dunk Shot (19 PTS) (Middleton 8 AST)
",1,1,0,0,2025-03-13,0022400954,0,0,DET,4,0,-1,01:05,Off At Rim Make,0,Sarr 4' Cutting Dunk Shot (19 PTS) (Middleton 8 AST),,DET,WAS,WAS,1610612764,2025,2815.0,2827.0,2821.0,203114|1629673|1642259|1642267|1642273,202699|203471|1627736|1630595|1631105,2024-25,702
415236,01:17,"George 27' 3PT Jump Shot (9 PTS) (Middleton 7 AST)
",0,0,1,1,2025-03-13,0022400954,0,0,DET,4,0,-2,01:34,Off FT Make,0,George 27' 3PT Jump Shot (9 PTS) (Middleton 7 AST),,DET,WAS,WAS,1610612764,2025,2786.0,2803.0,2794.5,203114|1629673|1642259|1642267|1642273,202699|203471|1627736|1630595|1631105,2024-25,664
415237,01:50,"George 27' 3PT Jump Shot (6 PTS) (Middleton 6 AST)
",0,0,1,1,2025-03-13,0022400954,0,0,DET,4,0,-3,02:07,Off Arc 3 Miss,0,George 27' 3PT Jump Shot (6 PTS) (Middleton 6 AST),,DET,WAS,WAS,1610612764,2025,2753.0,2770.0,2761.5,203114|1630551|1642259|1642267|1642273,202699|203501|1627736|1630595|1631105,2024-25,688
415238,02:32,"Sarr 3' Floating Jump Shot (17 PTS) (Middleton 5 AST)
",1,1,0,0,2025-03-13,0022400954,0,0,DET,4,0,-5,02:47,Off At Rim Make,0,Sarr 3' Floating Jump Shot (17 PTS) (Middleton 5 AST),,DET,WAS,WAS,1610612764,2025,2713.0,2728.0,2720.5,203114|1630551|1642259|1642267|1642273,202699|203501|1627736|1630595|1631105,2024-25,684
415239,03:01,"MISS Middleton 25' 3PT Step Back Jump Shot
Duren REBOUND (Off:3 Def:10)
",0,0,1,0,2025-03-13,0022400954,0,0,DET,4,0,-3,03:28,Off Timeout,0,MISS Middleton 25' 3PT Step Back Jump Shot,,DET,WAS,WAS,1610612764,2025,2672.0,2699.0,2685.5,203114|1630551|1642259|1642267|1642273,202699|203501|1627736|1630595|1631105,2024-25,675
415241,03:32,"Harris STEAL (3 STL): Sarr Bad Pass Turnover (P4.T16)
",0,0,0,0,2025-03-13,0022400954,0,0,DET,4,0,-1,03:46,Off FT Make,1,Harris STEAL (3 STL): Sarr Bad Pass Turnover (P4.T16),,DET,WAS,WAS,1610612764,2025,2654.0,2668.0,2661.0,203114|203935|1630551|1642259|1642273,202699|203501|1627736|1630595|1631105,2024-25,634
415167,10:54,"Holmes 4' Alley Oop Layup (4 PTS) (Smart 2 AST)
Fontecchio S.FOUL (P1.T1) (J.Goble)
MISS Holmes Free Throw 1 of 1
Holland II REBOUND (Off:0 Def:1)
",1,1,0,0,2025-03-13,0022400954,0,0,DET,2,1,-5,11:11,Off FT Make,0,MISS Holmes Free Throw 1 of 1,,DET,WAS,WAS,1610612764,2025,769.0,786.0,777.5,203935|1626158|1630551|1630557|1642267,203471|1627736|1630191|1631323|1641842,2024-25,199
415166,10:54,"Holmes 4' Alley Oop Layup (4 PTS) (Smart 2 AST)
Fontecchio S.FOUL (P1.T1) (J.Goble)
MISS Holmes Free Throw 1 of 1
Holland II REBOUND (Off:0 Def:1)
",1,1,0,0,2025-03-13,0022400954,0,0,DET,2,1,-5,11:11,Off FT Make,0,Fontecchio S.FOUL (P1.T1) (J.Goble),,DET,WAS,WAS,1610612764,2025,769.0,786.0,777.5,203935|1626158|1630551|1630557|1642267,203471|1627736|1630191|1631323|1641842,2024-25,199
415165,10:54,"Holmes 4' Alley Oop Layup (4 PTS) (Smart 2 AST)
Fontecchio S.FOUL (P1.T1) (J.Goble)
MISS Holmes Free Throw 1 of 1
Holland II REBOUND (Off:0 Def:1)
",1,1,0,0,2025-03-13,0022400954,0,0,DET,2,1,-5,11:11,Off FT Make,0,Holmes 4' Alley Oop Layup (4 PTS) (Smart 2 AST),,DET,WAS,WAS,1610612764,2025,769.0,786.0,777.5,203935|1626158|1630551|1630557|1642267,203471|1627736|1630191|1631323|1641842,2024-25,199
415093,07:42,"MISS Sarr 28' 3PT Jump Shot
Middleton REBOUND (Off:2 Def:2)
Middleton 5' Putback Layup (5 PTS)
Harris S.FOUL (P1.T2) (K.Cutler)
Middleton Free Throw 1 of 1 (6 PTS)
",1,1,1,0,2025-03-13,0022400954,0,1,DET,1,1,-8,07:57,Off At Rim Make,0,Middleton 5' Putback Layup (5 PTS),,DET,WAS,WAS,1610612764,2025,243.0,258.0,250.5,203114|1629673|1630551|1642259|1642273,202699|203501|1630595|1631105|1641709,2024-25,59
415094,07:42,"MISS Sarr 28' 3PT Jump Shot
Middleton REBOUND (Off:2 Def:2)
Middleton 5' Putback Layup (5 PTS)
Harris S.FOUL (P1.T2) (K.Cutler)
Middleton Free Throw 1 of 1 (6 PTS)
",1,1,1,0,2025-03-13,0022400954,0,1,DET,1,1,-8,07:57,Off At Rim Make,0,Harris S.FOUL (P1.T2) (K.Cutler),,DET,WAS,WAS,1610612764,2025,243.0,258.0,250.5,203114|1629673|1630551|1642259|1642273,202699|203501|1630595|1631105|1641709,2024-25,59
415095,07:42,"MISS Sarr 28' 3PT Jump Shot
Middleton REBOUND (Off:2 Def:2)
Middleton 5' Putback Layup (5 PTS)
Harris S.FOUL (P1.T2) (K.Cutler)
Middleton Free Throw 1 of 1 (6 PTS)
",1,1,1,0,2025-03-13,0022400954,0,1,DET,1,1,-8,07:57,Off At Rim Make,0,Middleton Free Throw 1 of 1 (6 PTS),,DET,WAS,WAS,1610612764,2025,243.0,258.0,250.5,203114|1629673|1630551|1642259|1642273,202699|203501|1630595|1631105|1641709,2024-25,59
415096,08:11,"MISS Middleton 24' 3PT Jump Shot
Duren REBOUND (Off:0 Def:3)
",0,0,1,0,2025-03-13,0022400954,0,0,DET,1,0,-6,08:28,Off At Rim Make,0,MISS Middleton 24' 3PT Jump Shot,,DET,WAS,WAS,1610612764,2025,212.0,229.0,220.5,203114|1629673|1630551|1642259|1642273,202699|203501|1630595|1631105|1641709,2024-25,52
415097,08:11,"MISS Middleton 24' 3PT Jump Shot
Duren REBOUND (Off:0 Def:3)
",0,0,1,0,2025-03-13,0022400954,0,0,DET,1,0,-6,08:28,Off At Rim Make,0,Duren REBOUND (Off:0 Def:3),,DET,WAS,WAS,1610612764,2025,212.0,229.0,220.5,203114|1629673|1630551|1642259|1642273,202699|203501|1630595|1631105|1641709,2024-25,52
415229,00:10,"Beasley P.FOUL (P2.T4) (J.Goble)
Cunningham Personal Take Foul (P5.PN) (J.Goble)
Carrington Free Throw 1 of 2 (15 PTS)
Carrington Free Throw 2 of 2 (16 PTS)
",0,0,0,0,2025-03-13,0022400954,1,0,DET,4,0,1,00:12,Off Steal,0,Beasley P.FOUL (P2.T4) (J.Goble),,DET,WAS,WAS,1610612764,2025,2868.0,2870.0,2869.0,203114|1629673|1630557|1642267|1642273,202699|1627736|1630595|1631105|1641709,2024-25,715
415228,00:05,"Duren Personal Take Foul (P2.PN) (K.Cutler)
MISS Smart Free Throw 1 of 2
Wizards Rebound
Smart Free Throw 2 of 2 (15 PTS)
",0,0,0,0,2025-03-13,0022400954,1,0,DET,4,0,3,00:06,Off Arc 3 Miss,0,Smart Free Throw 2 of 2 (15 PTS),,DET,WAS,WAS,1610612764,2025,2874.0,2875.0,2874.5,203114|203935|1630551|1642267|1642273,202699|203501|1627736|1630595|1631105,2024-25,698
415227,00:05,"Duren Personal Take Foul (P2.PN) (K.Cutler)
MISS Smart Free Throw 1 of 2
Wizards Rebound
Smart Free Throw 2 of 2 (15 PTS)
",0,0,0,0,2025-03-13,0022400954,1,0,DET,4,0,3,00:06,Off Arc 3 Miss,0,Wizards Rebound,,DET,WAS,WAS,1610612764,2025,2874.0,2875.0,2874.5,203114|203935|1630551|1642267|1642273,202699|203501|1627736|1630595|1631105,2024-25,698
415226,00:05,"Duren Personal Take Foul (P2.PN) (K.Cutler)
MISS Smart Free Throw 1 of 2
Wizards Rebound
Smart Free Throw 2 of 2 (15 PTS)
",0,0,0,0,2025-03-13,0022400954,1,0,DET,4,0,3,00:06,Off Arc 3 Miss,0,MISS Smart Free Throw 1 of 2,,DET,WAS,WAS,1610612764,2025,2874.0,2875.0,2874.5,203114|203935|1630551|1642267|1642273,202699|203501|1627736|1630595|1631105,2024-25,698
415255,08:14,"Carrington 4' Driving Floating Jump Shot (14 PTS)
",1,1,0,0,2025-03-13,0022400954,0,0,DET,4,0,-4,08:32,Off FT Miss,0,Carrington 4' Driving Floating Jump Shot (14 PTS),,DET,WAS,WAS,1610612764,2025,2368.0,2386.0,2377.0,203935|1626158|1630557|1642267|1642273,202699|203471|1627736|1630191|1641842,2024-25,601
415256,08:55,"Carrington 9' Pullup Jump Shot (12 PTS) (Kispert 2 AST)
",1,1,0,0,2025-03-13,0022400954,0,0,DET,4,0,-4,09:09,Off Corner 3 Miss,0,Carrington 9' Pullup Jump Shot (12 PTS) (Kispert 2 AST),,DET,WAS,WAS,1610612764,2025,2331.0,2345.0,2338.0,203935|1626158|1630557|1642267|1642273,202699|203471|1627736|1630191|1641842,2024-25,594
415257,09:30,"Cunningham S.FOUL (P4.T1) (J.Goble)
Kispert Free Throw 1 of 2 (13 PTS)
Kispert Free Throw 2 of 2 (14 PTS)
",0,0,0,0,2025-03-13,0022400954,0,0,DET,4,1,-6,09:32,Off Short Mid-Range Miss,0,Cunningham S.FOUL (P4.T1) (J.Goble),,DET,WAS,WAS,1610612764,2025,2308.0,2310.0,2309.0,203935|1626158|1630557|1642267|1642273,203471|1627736|1630191|1630595|1641842,2024-25,586
415258,09:30,"Cunningham S.FOUL (P4.T1) (J.Goble)
Kispert Free Throw 1 of 2 (13 PTS)
Kispert Free Throw 2 of 2 (14 PTS)
",0,0,0,0,2025-03-13,0022400954,0,0,DET,4,1,-6,09:32,Off Short Mid-Range Miss,0,Kispert Free Throw 1 of 2 (13 PTS),,DET,WAS,WAS,1610612764,2025,2308.0,2310.0,2309.0,203935|1626158|1630557|1642267|1642273,203471|1627736|1630191|1630595|1641842,2024-25,586
415259,09:30,"Cunningham S.FOUL (P4.T1) (J.Goble)
Kispert Free Throw 1 of 2 (13 PTS)
Kispert Free Throw 2 of 2 (14 PTS)
",0,0,0,0,2025-03-13,0022400954,0,0,DET,4,1,-6,09:32,Off Short Mid-Range Miss,0,Kispert Free Throw 2 of 2 (14 PTS),,DET,WAS,WAS,1610612764,2025,2308.0,2310.0,2309.0,203935|1626158|1630557|1642267|1642273,203471|1627736|1630191|1630595|1641842,2024-25,586
415266,11:26,"George 27' 3PT Jump Shot (3 PTS) (Kispert 1 AST)
",0,0,1,1,2025-03-13,0022400954,0,0,DET,4,0,-5,11:48,Off Dead Ball,0,George 27' 3PT Jump Shot (3 PTS) (Kispert 1 AST),,DET,WAS,WAS,1610612764,2025,2172.0,2194.0,2183.0,203935|1626158|1630557|1642267|1642273,203471|1627736|1630191|1630595|1631323,2024-25,562
415265,11:00,"MISS Smart 7' Driving Finger Roll Layup
PISTONS Rebound
",1,0,0,0,2025-03-13,0022400954,0,0,DET,4,0,-2,11:09,Off Corner 3 Miss,0,PISTONS Rebound,,DET,WAS,WAS,1610612764,2025,2211.0,2220.0,2215.5,203935|1626158|1630557|1642267|1642273,203471|1627736|1630191|1630595|1631323,2024-25,568
415264,11:00,"MISS Smart 7' Driving Finger Roll Layup
PISTONS Rebound
",1,0,0,0,2025-03-13,0022400954,0,0,DET,4,0,-2,11:09,Off Corner 3 Miss,0,MISS Smart 7' Driving Finger Roll Layup,,DET,WAS,WAS,1610612764,2025,2211.0,2220.0,2215.5,203935|1626158|1630557|1642267|1642273,203471|1627736|1630191|1630595|1631323,2024-25,568
415260,09:52,"MISS Kispert 3PT Jump Shot
PISTONS Rebound
",0,0,1,0,2025-03-13,0022400954,0,0,DET,4,0,-6,10:10,Off FT Make,0,MISS Kispert 3PT Jump Shot,,DET,WAS,WAS,1610612764,2025,2270.0,2288.0,2279.0,203935|1626158|1630557|1642267|1642273,203471|1627736|1630191|1630595|1641842,2024-25,576
415253,07:42,"MISS Kispert 28' 3PT Jump Shot
Holland II REBOUND (Off:1 Def:3)
",0,0,1,0,2025-03-13,0022400954,0,0,DET,4,0,-4,07:55,Off FT Make,0,MISS Kispert 28' 3PT Jump Shot,,DET,WAS,WAS,1610612764,2025,2405.0,2418.0,2411.5,203935|1626158|1630551|1630557|1642273,202699|203471|1627736|1630191|1641842,2024-25,603
415243,04:32,"Hardaway Jr. P.FOUL (P4.T3) (J.Schroeder)
Smart 4' Driving Layup (14 PTS) (Sarr 3 AST)
",1,1,0,0,2025-03-13,0022400954,0,0,DET,4,0,-1,04:51,Off Short Mid-Range Make,0,Hardaway Jr. P.FOUL (P4.T3) (J.Schroeder),,DET,WAS,WAS,1610612764,2025,2589.0,2608.0,2598.5,203935|1630551|1630557|1642259|1642273,202699|203501|1627736|1630595|1631105,2024-25,655
415242,04:01,"Sarr 4' Turnaround Hook Shot (15 PTS) (Smart 7 AST)
",1,1,0,0,2025-03-13,0022400954,0,0,DET,4,0,-1,04:16,Off At Rim Make,0,Sarr 4' Turnaround Hook Shot (15 PTS) (Smart 7 AST),,DET,WAS,WAS,1610612764,2025,2624.0,2639.0,2631.5,203935|1630551|1630557|1642259|1642273,202699|203501|1627736|1630595|1631105,2024-25,663
415240,03:01,"MISS Middleton 25' 3PT Step Back Jump Shot
Duren REBOUND (Off:3 Def:10)
",0,0,1,0,2025-03-13,0022400954,0,0,DET,4,0,-3,03:28,Off Timeout,0,Duren REBOUND (Off:3 Def:10),,DET,WAS,WAS,1610612764,2025,2672.0,2699.0,2685.5,203114|1630551|1642259|1642267|1642273,202699|203501|1627736|1630595|1631105,2024-25,675
415219,10:18,"MISS Poole 26' 3PT Step Back Jump Shot
Duren REBOUND (Off:0 Def:4)
",0,0,1,0,2025-03-13,0022400954,0,0,DET,3,0,11,10:31,Off At Rim Make,0,MISS Poole 26' 3PT Step Back Jump Shot,,DET,WAS,WAS,1610612764,2025,1529.0,1542.0,1535.5,203114|1629673|1630551|1642259|1642273,202699|203501|1630595|1631105|1641709,2024-25,407
415220,10:18,"MISS Poole 26' 3PT Step Back Jump Shot
Duren REBOUND (Off:0 Def:4)
",0,0,1,0,2025-03-13,0022400954,0,0,DET,3,0,11,10:31,Off At Rim Make,0,Duren REBOUND (Off:0 Def:4),,DET,WAS,WAS,1610612764,2025,1529.0,1542.0,1535.5,203114|1629673|1630551|1642259|1642273,202699|203501|1630595|1631105|1641709,2024-25,407
415221,10:40,"Harris BLOCK (1 BLK): MISS Sarr 3' Running Layup
Thompson REBOUND (Off:0 Def:3)
",1,0,0,0,2025-03-13,0022400954,0,0,DET,3,0,13,10:47,Off Steal,0,Harris BLOCK (1 BLK): MISS Sarr 3' Running Layup,,DET,WAS,WAS,1610612764,2025,1513.0,1520.0,1516.5,203114|1629673|1630551|1642259|1642273,202699|203501|1630595|1631105|1641709,2024-25,402
415222,10:40,"Harris BLOCK (1 BLK): MISS Sarr 3' Running Layup
Thompson REBOUND (Off:0 Def:3)
",1,0,0,0,2025-03-13,0022400954,0,0,DET,3,0,13,10:47,Off Steal,0,Thompson REBOUND (Off:0 Def:3),,DET,WAS,WAS,1610612764,2025,1513.0,1520.0,1516.5,203114|1629673|1630551|1642259|1642273,202699|203501|1630595|1631105|1641709,2024-25,402
415223,11:04,"Poole 27' 3PT Jump Shot (14 PTS) (George 1 AST)
",0,0,1,1,2025-03-13,0022400954,0,0,DET,3,0,10,11:14,Off Short Mid-Range Miss,0,Poole 27' 3PT Jump Shot (14 PTS) (George 1 AST),,DET,WAS,WAS,1610612764,2025,1486.0,1496.0,1491.0,203114|1629673|1630551|1642259|1642273,202699|203501|1630595|1631105|1641709,2024-25,399
415224,11:43,"Sarr 27' 3PT Jump Shot (10 PTS) (Middleton 3 AST)
",0,0,1,1,2025-03-13,0022400954,0,0,DET,3,0,7,12:00,Off Dead Ball,0,Sarr 27' 3PT Jump Shot (10 PTS) (Middleton 3 AST),,DET,WAS,WAS,1610612764,2025,1440.0,1457.0,1448.5,203114|1629673|1630551|1642259|1642273,202699|203501|1630595|1631105|1641709,2024-25,347
415225,00:05,"Duren Personal Take Foul (P2.PN) (K.Cutler)
MISS Smart Free Throw 1 of 2
Wizards Rebound
Smart Free Throw 2 of 2 (15 PTS)
",0,0,0,0,2025-03-13,0022400954,1,0,DET,4,0,3,00:06,Off Arc 3 Miss,0,Duren Personal Take Foul (P2.PN) (K.Cutler),,DET,WAS,WAS,1610612764,2025,2874.0,2875.0,2874.5,203114|203935|1630551|1642267|1642273,202699|203501|1627736|1630595|1631105,2024-25,698
415217,09:23,"Champagnie 24' 3PT Jump Shot (9 PTS) (Sarr 2 AST)
",0,0,1,1,2025-03-13,0022400954,0,0,DET,3,0,10,09:43,Off Corner 3 Make,0,Champagnie 24' 3PT Jump Shot (9 PTS) (Sarr 2 AST),,DET,WAS,WAS,1610612764,2025,1577.0,1597.0,1587.0,203114|1629673|1630551|1642259|1642273,202699|203501|1630595|1631105|1641709,2024-25,414
415058,00:00,,0,0,0,0,2025-03-13,0022400954,0,0,DET,1,0,0,00:03,Off Short Mid-Range Make,0,,,DET,WAS,WAS,1610612764,2025,717.0,720.0,718.5,203935|1626158|1630551|1630557|1642267,202699|203471|1627736|1630191|1631323,2024-25,221
415199,05:11,"MISS Middleton 10' Turnaround Fadeaway Shot
Champagnie REBOUND (Off:1 Def:4)
Carrington 25' 3PT Jump Shot (10 PTS) (Champagnie 1 AST)
Cunningham FLAGRANT.FOUL.TYPE1 (P3.T2) (J.Goble)
Champagnie Free Throw Flagrant 1 of 1 (10 PTS)
MISS Carrington 28' 3PT Jump Shot
Duren REBOUND (Off:1 Def:7)
",1,0,2,1,2025-03-13,0022400954,1,1,DET,3,0,4,05:43,Off At Rim Make,0,Cunningham FLAGRANT.FOUL.TYPE1 (P3.T2) (J.Goble),,DET,WAS,WAS,1610612764,2025,1817.0,1849.0,1833.0,203114|1630551|1642259|1642267|1642273,202699|203501|1630595|1631105|1641709,2024-25,468
415062,00:10,"Schröder S.FOUL (P1.PN) (J.Goble)
Smart Free Throw 1 of 2 (4 PTS)
MISS Smart Free Throw 2 of 2
Harris REBOUND (Off:0 Def:3)
",0,0,0,0,2025-03-13,0022400954,0,0,DET,1,1,1,00:29,Off FT Make,0,Harris REBOUND (Off:0 Def:3),,DET,WAS,WAS,1610612764,2025,691.0,710.0,700.5,203935|1626158|1630551|1630557|1642267,202699|203471|1627736|1630191|1631323,2024-25,147
415067,01:41,"Stewart S.FOUL (P1.PN) (K.Cutler)
Holmes Free Throw 1 of 2 (1 PTS)
Holmes Free Throw 2 of 2 (2 PTS)
",0,0,0,0,2025-03-13,0022400954,0,0,DET,1,1,3,01:54,Off At Rim Miss,0,Stewart S.FOUL (P1.PN) (K.Cutler),,DET,WAS,WAS,1610612764,2025,606.0,619.0,612.5,203935|1626158|1630551|1630557|1642267,202699|203471|1627736|1630191|1631323,2024-25,153
415059,00:10,"Schröder S.FOUL (P1.PN) (J.Goble)
Smart Free Throw 1 of 2 (4 PTS)
MISS Smart Free Throw 2 of 2
Harris REBOUND (Off:0 Def:3)
",0,0,0,0,2025-03-13,0022400954,0,0,DET,1,1,1,00:29,Off FT Make,0,Schröder S.FOUL (P1.PN) (J.Goble),,DET,WAS,WAS,1610612764,2025,691.0,710.0,700.5,203935|1626158|1630551|1630557|1642267,202699|203471|1627736|1630191|1631323,2024-25,147
415063,00:50,"MISS Carrington 28' 3PT Step Back Jump Shot
PISTONS Rebound
",0,0,1,0,2025-03-13,0022400954,0,0,DET,1,0,5,01:12,Off Steal,0,MISS Carrington 28' 3PT Step Back Jump Shot,,DET,WAS,WAS,1610612764,2025,648.0,670.0,659.0,203935|1626158|1630551|1630557|1642267,202699|203471|1627736|1630191|1631323,2024-25,168
415061,00:10,"Schröder S.FOUL (P1.PN) (J.Goble)
Smart Free Throw 1 of 2 (4 PTS)
MISS Smart Free Throw 2 of 2
Harris REBOUND (Off:0 Def:3)
",0,0,0,0,2025-03-13,0022400954,0,0,DET,1,1,1,00:29,Off FT Make,0,MISS Smart Free Throw 2 of 2,,DET,WAS,WAS,1610612764,2025,691.0,710.0,700.5,203935|1626158|1630551|1630557|1642267,202699|203471|1627736|1630191|1631323,2024-25,147
415060,00:10,"Schröder S.FOUL (P1.PN) (J.Goble)
Smart Free Throw 1 of 2 (4 PTS)
MISS Smart Free Throw 2 of 2
Harris REBOUND (Off:0 Def:3)
",0,0,0,0,2025-03-13,0022400954,0,0,DET,1,1,1,00:29,Off FT Make,0,Smart Free Throw 1 of 2 (4 PTS),,DET,WAS,WAS,1610612764,2025,691.0,710.0,700.5,203935|1626158|1630551|1630557|1642267,202699|203471|1627736|1630191|1631323,2024-25,147
415352,07:56,"Watson BLOCK (1 BLK): MISS Sarr 2' Driving Dunk
Sarr REBOUND (Off:1 Def:1)
Watson BLOCK (2 BLK): MISS Sarr 3' Putback Layup
Sarr REBOUND (Off:2 Def:1)
MISS Sarr 4' Putback Layup
Sarr REBOUND (Off:3 Def:1)
Westbrook STEAL (1 STL): Sarr Lost Ball Turnover (P2.T5)
",3,0,0,0,2025-03-15,0022400975,0,3,DEN,2,0,-9,08:18,Off At Rim Make,1,MISS Sarr 4' Putback Layup,,DEN,WAS,WAS,1610612764,2025,942.0,964.0,953.0,1630551|1630557|1642259|1642267|1642358,201566|1629008|1630192|1631128|1631212,2024-25,212
415285,05:43,"MISS Sarr 26' 3PT Jump Shot
George REBOUND (Off:1 Def:0)
Middleton 8' Fadeaway Jumper (5 PTS)
",1,1,1,0,2025-03-15,0022400975,0,1,DEN,1,0,-6,06:04,Off Arc 3 Make,0,Middleton 8' Fadeaway Jumper (5 PTS),,DEN,WAS,WAS,1610612764,2025,356.0,377.0,366.5,203114|1629673|1630551|1642259|1642273,201566|203999|1627750|1629008|1631128,2024-25,80
415286,06:19,"Sarr 1' Dunk (9 PTS)
",1,1,0,0,2025-03-15,0022400975,0,0,DEN,1,0,-5,06:32,Off Short Mid-Range Make,0,Sarr 1' Dunk (9 PTS),,DEN,WAS,WAS,1610612764,2025,328.0,341.0,334.5,203114|1629673|1630551|1642259|1642273,201566|203999|1627750|1629008|1631128,2024-25,75
415287,06:54,"Porter Jr. S.FOUL (P1.T2) (M.Kogut)
George Free Throw 1 of 2 (3 PTS)
MISS George Free Throw 2 of 2
Braun REBOUND (Off:0 Def:1)
",0,0,0,0,2025-03-15,0022400975,0,0,DEN,1,1,-4,07:02,Off Arc 3 Make,0,Porter Jr. S.FOUL (P1.T2) (M.Kogut),,DEN,WAS,WAS,1610612764,2025,298.0,306.0,302.0,203114|1629673|1630551|1642259|1642273,201566|203999|1627750|1629008|1631128,2024-25,66
415288,06:54,"Porter Jr. S.FOUL (P1.T2) (M.Kogut)
George Free Throw 1 of 2 (3 PTS)
MISS George Free Throw 2 of 2
Braun REBOUND (Off:0 Def:1)
",0,0,0,0,2025-03-15,0022400975,0,0,DEN,1,1,-4,07:02,Off Arc 3 Make,0,George Free Throw 1 of 2 (3 PTS),,DEN,WAS,WAS,1610612764,2025,298.0,306.0,302.0,203114|1629673|1630551|1642259|1642273,201566|203999|1627750|1629008|1631128,2024-25,66
415289,06:54,"Porter Jr. S.FOUL (P1.T2) (M.Kogut)
George Free Throw 1 of 2 (3 PTS)
MISS George Free Throw 2 of 2
Braun REBOUND (Off:0 Def:1)
",0,0,0,0,2025-03-15,0022400975,0,0,DEN,1,1,-4,07:02,Off Arc 3 Make,0,MISS George Free Throw 2 of 2,,DEN,WAS,WAS,1610612764,2025,298.0,306.0,302.0,203114|1629673|1630551|1642259|1642273,201566|203999|1627750|1629008|1631128,2024-25,66
415290,06:54,"Porter Jr. S.FOUL (P1.T2) (M.Kogut)
George Free Throw 1 of 2 (3 PTS)
MISS George Free Throw 2 of 2
Braun REBOUND (Off:0 Def:1)
",0,0,0,0,2025-03-15,0022400975,0,0,DEN,1,1,-4,07:02,Off Arc 3 Make,0,Braun REBOUND (Off:0 Def:1),,DEN,WAS,WAS,1610612764,2025,298.0,306.0,302.0,203114|1629673|1630551|1642259|1642273,201566|203999|1627750|1629008|1631128,2024-25,66
415291,07:05,"Braun STEAL (1 STL): Sarr Lost Ball Turnover (P1.T2)
",0,0,0,0,2025-03-15,0022400975,0,0,DEN,1,0,-1,07:10,Off Steal,1,Braun STEAL (1 STL): Sarr Lost Ball Turnover (P1.T2),,DEN,WAS,WAS,1610612764,2025,290.0,295.0,292.5,203114|1629673|1630551|1642259|1642273,201566|203999|1627750|1629008|1631128,2024-25,62
415292,07:20,"MISS Middleton 26' 3PT Step Back Jump Shot
Westbrook REBOUND (Off:0 Def:2)
",0,0,1,0,2025-03-15,0022400975,0,0,DEN,1,0,-1,07:35,Off Dead Ball,0,MISS Middleton 26' 3PT Step Back Jump Shot,,DEN,WAS,WAS,1610612764,2025,265.0,280.0,272.5,203114|1629673|1630551|1642259|1642273,201566|203999|1627750|1629008|1631128,2024-25,58
415294,07:51,"Poole 3' Driving Reverse Layup (2 PTS) (Sarr 2 AST)
",1,1,0,0,2025-03-15,0022400975,0,0,DEN,1,0,-3,07:59,Off FT Make,0,Poole 3' Driving Reverse Layup (2 PTS) (Sarr 2 AST),,DEN,WAS,WAS,1610612764,2025,241.0,249.0,245.0,203114|1629673|1630551|1642259|1642273,201566|203999|1627750|1629008|1631128,2024-25,51
415304,09:50,"Jokić S.FOUL (P1.T1) (M.Kogut)
George Free Throw 1 of 2 (1 PTS)
George Free Throw 2 of 2 (2 PTS)
",0,0,0,0,2025-03-15,0022400975,0,0,DEN,1,1,-2,09:59,Off Long Mid-Range Make,0,George Free Throw 2 of 2 (2 PTS),,DEN,WAS,WAS,1610612764,2025,121.0,130.0,125.5,203114|1629673|1630551|1642259|1642273,201566|203999|1627750|1629008|1631128,2024-25,22
415295,08:13,"Middleton 25' 3PT Pullup Jump Shot (3 PTS) (Sarr 1 AST)
",0,0,1,1,2025-03-15,0022400975,0,0,DEN,1,0,-4,08:23,Off At Rim Make,0,Middleton 25' 3PT Pullup Jump Shot (3 PTS) (Sarr 1 AST),,DEN,WAS,WAS,1610612764,2025,217.0,227.0,222.0,203114|1629673|1630551|1642259|1642273,201566|203999|1627750|1629008|1631128,2024-25,46
415296,08:38,"Sarr 4' Cutting Layup Shot (7 PTS) (Middleton 2 AST)
",1,1,0,0,2025-03-15,0022400975,0,0,DEN,1,0,-4,08:54,Off At Rim Make,0,Sarr 4' Cutting Layup Shot (7 PTS) (Middleton 2 AST),,DEN,WAS,WAS,1610612764,2025,186.0,202.0,194.0,203114|1629673|1630551|1642259|1642273,201566|203999|1627750|1629008|1631128,2024-25,42
415297,09:01,"Murray STEAL (1 STL): Poole Bad Pass Turnover (P1.T1)
",0,0,0,0,2025-03-15,0022400975,0,0,DEN,1,0,-2,09:08,Off At Rim Make,1,Murray STEAL (1 STL): Poole Bad Pass Turnover (P1.T1),,DEN,WAS,WAS,1610612764,2025,172.0,179.0,175.5,203114|1629673|1630551|1642259|1642273,201566|203999|1627750|1629008|1631128,2024-25,39
415298,09:13,"MISS Middleton 25' 3PT Pullup Jump Shot
Jokić REBOUND (Off:0 Def:1)
",0,0,1,0,2025-03-15,0022400975,0,0,DEN,1,0,0,09:25,Off Arc 3 Miss,0,MISS Middleton 25' 3PT Pullup Jump Shot,,DEN,WAS,WAS,1610612764,2025,155.0,167.0,161.0,203114|1629673|1630551|1642259|1642273,201566|203999|1627750|1629008|1631128,2024-25,35
415299,09:13,"MISS Middleton 25' 3PT Pullup Jump Shot
Jokić REBOUND (Off:0 Def:1)
",0,0,1,0,2025-03-15,0022400975,0,0,DEN,1,0,0,09:25,Off Arc 3 Miss,0,Jokić REBOUND (Off:0 Def:1),,DEN,WAS,WAS,1610612764,2025,155.0,167.0,161.0,203114|1629673|1630551|1642259|1642273,201566|203999|1627750|1629008|1631128,2024-25,35
415300,09:32,"MISS Poole 27' 3PT Running Pull-Up Jump Shot
Murray REBOUND (Off:0 Def:1)
",0,0,1,0,2025-03-15,0022400975,0,0,DEN,1,0,0,09:38,Off Arc 3 Miss,0,MISS Poole 27' 3PT Running Pull-Up Jump Shot,,DEN,WAS,WAS,1610612764,2025,142.0,148.0,145.0,203114|1629673|1630551|1642259|1642273,201566|203999|1627750|1629008|1631128,2024-25,30
415301,09:32,"MISS Poole 27' 3PT Running Pull-Up Jump Shot
Murray REBOUND (Off:0 Def:1)
",0,0,1,0,2025-03-15,0022400975,0,0,DEN,1,0,0,09:38,Off Arc 3 Miss,0,Murray REBOUND (Off:0 Def:1),,DEN,WAS,WAS,1610612764,2025,142.0,148.0,145.0,203114|1629673|1630551|1642259|1642273,201566|203999|1627750|1629008|1631128,2024-25,30
415302,09:50,"Jokić S.FOUL (P1.T1) (M.Kogut)
George Free Throw 1 of 2 (1 PTS)
George Free Throw 2 of 2 (2 PTS)
",0,0,0,0,2025-03-15,0022400975,0,0,DEN,1,1,-2,09:59,Off Long Mid-Range Make,0,Jokić S.FOUL (P1.T1) (M.Kogut),,DEN,WAS,WAS,1610612764,2025,121.0,130.0,125.5,203114|1629673|1630551|1642259|1642273,201566|203999|1627750|1629008|1631128,2024-25,22
415303,09:50,"Jokić S.FOUL (P1.T1) (M.Kogut)
George Free Throw 1 of 2 (1 PTS)
George Free Throw 2 of 2 (2 PTS)
",0,0,0,0,2025-03-15,0022400975,0,0,DEN,1,1,-2,09:59,Off Long Mid-Range Make,0,George Free Throw 1 of 2 (1 PTS),,DEN,WAS,WAS,1610612764,2025,121.0,130.0,125.5,203114|1629673|1630551|1642259|1642273,201566|203999|1627750|1629008|1631128,2024-25,22
415284,05:43,"MISS Sarr 26' 3PT Jump Shot
George REBOUND (Off:1 Def:0)
Middleton 8' Fadeaway Jumper (5 PTS)
",1,1,1,0,2025-03-15,0022400975,0,1,DEN,1,0,-6,06:04,Off Arc 3 Make,0,George REBOUND (Off:1 Def:0),,DEN,WAS,WAS,1610612764,2025,356.0,377.0,366.5,203114|1629673|1630551|1642259|1642273,201566|203999|1627750|1629008|1631128,2024-25,80
415329,04:12,"MISS Carrington 3PT Running Jump Shot
Westbrook REBOUND (Off:0 Def:3)
",0,0,1,0,2025-03-15,0022400975,0,0,DEN,2,0,-5,04:23,Off Short Mid-Range Miss,0,MISS Carrington 3PT Running Jump Shot,,DEN,WAS,WAS,1610612764,2025,1177.0,1188.0,1182.5,203114|1629673|1642259|1642267|1642273,201566|203999|1627750|1628427|1631128,2024-25,295
415293,07:20,"MISS Middleton 26' 3PT Step Back Jump Shot
Westbrook REBOUND (Off:0 Def:2)
",0,0,1,0,2025-03-15,0022400975,0,0,DEN,1,0,-1,07:35,Off Dead Ball,0,Westbrook REBOUND (Off:0 Def:2),,DEN,WAS,WAS,1610612764,2025,265.0,280.0,272.5,203114|1629673|1630551|1642259|1642273,201566|203999|1627750|1629008|1631128,2024-25,58
415306,10:43,"Porter Jr. BLOCK (1 BLK): MISS Poole 3' Driving Layup
Porter Jr. REBOUND (Off:0 Def:1)
",1,0,0,0,2025-03-15,0022400975,0,0,DEN,1,0,-1,10:55,Off Arc 3 Make,0,Porter Jr. BLOCK (1 BLK): MISS Poole 3' Driving Layup,,DEN,WAS,WAS,1610612764,2025,65.0,77.0,71.0,203114|1629673|1630551|1642259|1642273,201566|203999|1627750|1629008|1631128,2024-25,13
415311,00:04,"MISS Middleton 26' 3PT Fadeaway Jumper
Jokić REBOUND (Off:0 Def:6)
",0,0,1,0,2025-03-15,0022400975,0,0,DEN,2,0,-9,00:30,Off Arc 3 Make,0,MISS Middleton 26' 3PT Fadeaway Jumper,,DEN,WAS,WAS,1610612764,2025,1410.0,1436.0,1423.0,203114|1629673|1630557|1642259|1642273,201566|203999|1627750|1629008|1631128,2024-25,310
415312,00:04,"MISS Middleton 26' 3PT Fadeaway Jumper
Jokić REBOUND (Off:0 Def:6)
",0,0,1,0,2025-03-15,0022400975,0,0,DEN,2,0,-9,00:30,Off Arc 3 Make,0,Jokić REBOUND (Off:0 Def:6),,DEN,WAS,WAS,1610612764,2025,1410.0,1436.0,1423.0,203114|1629673|1630557|1642259|1642273,201566|203999|1627750|1629008|1631128,2024-25,310
415313,00:36,"George 26' 3PT Jump Shot (8 PTS) (Poole 3 AST)
",0,0,1,1,2025-03-15,0022400975,0,0,DEN,2,0,-9,00:56,Off FT Make,0,George 26' 3PT Jump Shot (8 PTS) (Poole 3 AST),,DEN,WAS,WAS,1610612764,2025,1384.0,1404.0,1394.0,203114|1629673|1630557|1642259|1642273,201566|203999|1627750|1629008|1631128,2024-25,312
415314,01:01,"MISS Sarr 7' Turnaround Hook Shot
Westbrook REBOUND (Off:0 Def:4)
",1,0,0,0,2025-03-15,0022400975,0,0,DEN,2,0,-7,01:23,Off Dead Ball,0,MISS Sarr 7' Turnaround Hook Shot,,DEN,WAS,WAS,1610612764,2025,1357.0,1379.0,1368.0,203114|1629673|1630557|1642259|1642273,201566|203999|1627750|1629008|1631128,2024-25,366
415315,01:01,"MISS Sarr 7' Turnaround Hook Shot
Westbrook REBOUND (Off:0 Def:4)
",1,0,0,0,2025-03-15,0022400975,0,0,DEN,2,0,-7,01:23,Off Dead Ball,0,Westbrook REBOUND (Off:0 Def:4),,DEN,WAS,WAS,1610612764,2025,1357.0,1379.0,1368.0,203114|1629673|1630557|1642259|1642273,201566|203999|1627750|1629008|1631128,2024-25,366
415316,01:29,"Sarr 1' Cutting Dunk Shot (24 PTS) (George 2 AST)
",1,1,0,0,2025-03-15,0022400975,0,0,DEN,2,0,-9,01:48,Off At Rim Make,0,Sarr 1' Cutting Dunk Shot (24 PTS) (George 2 AST),,DEN,WAS,WAS,1610612764,2025,1332.0,1351.0,1341.5,203114|1629673|1630557|1642259|1642273,201566|203999|1627750|1629008|1631128,2024-25,333
415317,01:54,"George 1' Layup (5 PTS) (Sarr 4 AST)
",1,1,0,0,2025-03-15,0022400975,0,0,DEN,2,0,-9,02:12,Off Long Mid-Range Make,0,George 1' Layup (5 PTS) (Sarr 4 AST),,DEN,WAS,WAS,1610612764,2025,1308.0,1326.0,1317.0,203114|1629673|1630557|1642259|1642273,201566|203999|1627750|1629008|1631128,2024-25,329
415318,02:26,"MISS Middleton 12' Pullup Jump Shot
Sarr REBOUND (Off:4 Def:1)
Sarr 5' Putback Layup (21 PTS)
Jokić S.FOUL (P2.T4) (M.Kogut)
Sarr Free Throw 1 of 1 (22 PTS)
",2,1,0,0,2025-03-15,0022400975,0,1,DEN,2,1,-10,02:38,Off Short Mid-Range Miss,0,MISS Middleton 12' Pullup Jump Shot,,DEN,WAS,WAS,1610612764,2025,1282.0,1294.0,1288.0,203114|1629673|1630557|1642259|1642273,201566|203999|1627750|1629008|1631128,2024-25,322
415319,02:26,"MISS Middleton 12' Pullup Jump Shot
Sarr REBOUND (Off:4 Def:1)
Sarr 5' Putback Layup (21 PTS)
Jokić S.FOUL (P2.T4) (M.Kogut)
Sarr Free Throw 1 of 1 (22 PTS)
",2,1,0,0,2025-03-15,0022400975,0,1,DEN,2,1,-10,02:38,Off Short Mid-Range Miss,0,Sarr REBOUND (Off:4 Def:1),,DEN,WAS,WAS,1610612764,2025,1282.0,1294.0,1288.0,203114|1629673|1630557|1642259|1642273,201566|203999|1627750|1629008|1631128,2024-25,322
415320,02:26,"MISS Middleton 12' Pullup Jump Shot
Sarr REBOUND (Off:4 Def:1)
Sarr 5' Putback Layup (21 PTS)
Jokić S.FOUL (P2.T4) (M.Kogut)
Sarr Free Throw 1 of 1 (22 PTS)
",2,1,0,0,2025-03-15,0022400975,0,1,DEN,2,1,-10,02:38,Off Short Mid-Range Miss,0,Sarr 5' Putback Layup (21 PTS),,DEN,WAS,WAS,1610612764,2025,1282.0,1294.0,1288.0,203114|1629673|1630557|1642259|1642273,201566|203999|1627750|1629008|1631128,2024-25,322
415321,02:26,"MISS Middleton 12' Pullup Jump Shot
Sarr REBOUND (Off:4 Def:1)
Sarr 5' Putback Layup (21 PTS)
Jokić S.FOUL (P2.T4) (M.Kogut)
Sarr Free Throw 1 of 1 (22 PTS)
",2,1,0,0,2025-03-15,0022400975,0,1,DEN,2,1,-10,02:38,Off Short Mid-Range Miss,0,Jokić S.FOUL (P2.T4) (M.Kogut),,DEN,WAS,WAS,1610612764,2025,1282.0,1294.0,1288.0,203114|1629673|1630557|1642259|1642273,201566|203999|1627750|1629008|1631128,2024-25,322
415322,02:26,"MISS Middleton 12' Pullup Jump Shot
Sarr REBOUND (Off:4 Def:1)
Sarr 5' Putback Layup (21 PTS)
Jokić S.FOUL (P2.T4) (M.Kogut)
Sarr Free Throw 1 of 1 (22 PTS)
",2,1,0,0,2025-03-15,0022400975,0,1,DEN,2,1,-10,02:38,Off Short Mid-Range Miss,0,Sarr Free Throw 1 of 1 (22 PTS),,DEN,WAS,WAS,1610612764,2025,1282.0,1294.0,1288.0,203114|1629673|1630557|1642259|1642273,201566|203999|1627750|1629008|1631128,2024-25,322
415323,02:50,"George Step Out of Bounds Turnover (P1.T7)
",0,0,0,0,2025-03-15,0022400975,0,0,DEN,2,0,-10,03:06,Off Arc 3 Make,1,George Step Out of Bounds Turnover (P1.T7),,DEN,WAS,WAS,1610612764,2025,1254.0,1270.0,1262.0,203114|1629673|1630557|1642259|1642273,201566|203999|1627750|1629008|1631128,2024-25,317
415324,03:10,"MISS Sarr 4' Floating Jump Shot
Middleton REBOUND (Off:1 Def:1)
Braun STEAL (3 STL): Poole Bad Pass Turnover (P2.T6)
",1,0,0,0,2025-03-15,0022400975,0,1,DEN,2,0,-7,03:36,Off Short Mid-Range Make,1,MISS Sarr 4' Floating Jump Shot,,DEN,WAS,WAS,1610612764,2025,1224.0,1250.0,1237.0,203114|1629673|1630557|1642259|1642273,201566|203999|1627750|1628427|1631128,2024-25,309
415325,03:10,"MISS Sarr 4' Floating Jump Shot
Middleton REBOUND (Off:1 Def:1)
Braun STEAL (3 STL): Poole Bad Pass Turnover (P2.T6)
",1,0,0,0,2025-03-15,0022400975,0,1,DEN,2,0,-7,03:36,Off Short Mid-Range Make,1,Middleton REBOUND (Off:1 Def:1),,DEN,WAS,WAS,1610612764,2025,1224.0,1250.0,1237.0,203114|1629673|1630557|1642259|1642273,201566|203999|1627750|1628427|1631128,2024-25,309
415326,03:10,"MISS Sarr 4' Floating Jump Shot
Middleton REBOUND (Off:1 Def:1)
Braun STEAL (3 STL): Poole Bad Pass Turnover (P2.T6)
",1,0,0,0,2025-03-15,0022400975,0,1,DEN,2,0,-7,03:36,Off Short Mid-Range Make,1,Braun STEAL (3 STL): Poole Bad Pass Turnover (P2.T6),,DEN,WAS,WAS,1610612764,2025,1224.0,1250.0,1237.0,203114|1629673|1630557|1642259|1642273,201566|203999|1627750|1628427|1631128,2024-25,309
415327,03:55,"MISS Sarr 6' Driving Floating Jump Shot
Jokić REBOUND (Off:0 Def:5)
",1,0,0,0,2025-03-15,0022400975,0,0,DEN,2,0,-5,04:02,Off Arc 3 Miss,0,MISS Sarr 6' Driving Floating Jump Shot,,DEN,WAS,WAS,1610612764,2025,1198.0,1205.0,1201.5,203114|1629673|1642259|1642267|1642273,201566|203999|1627750|1628427|1631128,2024-25,300
415328,03:55,"MISS Sarr 6' Driving Floating Jump Shot
Jokić REBOUND (Off:0 Def:5)
",1,0,0,0,2025-03-15,0022400975,0,0,DEN,2,0,-5,04:02,Off Arc 3 Miss,0,Jokić REBOUND (Off:0 Def:5),,DEN,WAS,WAS,1610612764,2025,1198.0,1205.0,1201.5,203114|1629673|1642259|1642267|1642273,201566|203999|1627750|1628427|1631128,2024-25,300
415307,10:43,"Porter Jr. BLOCK (1 BLK): MISS Poole 3' Driving Layup
Porter Jr. REBOUND (Off:0 Def:1)
",1,0,0,0,2025-03-15,0022400975,0,0,DEN,1,0,-1,10:55,Off Arc 3 Make,0,Porter Jr. REBOUND (Off:0 Def:1),,DEN,WAS,WAS,1610612764,2025,65.0,77.0,71.0,203114|1629673|1630551|1642259|1642273,201566|203999|1627750|1629008|1631128,2024-25,13
415305,10:15,"Sarr 25' 3PT Jump Shot (5 PTS) (George 1 AST)
",0,0,1,1,2025-03-15,0022400975,0,0,DEN,1,0,-3,10:35,Off At Rim Make,0,Sarr 25' 3PT Jump Shot (5 PTS) (George 1 AST),,DEN,WAS,WAS,1610612764,2025,85.0,105.0,95.0,203114|1629673|1630551|1642259|1642273,201566|203999|1627750|1629008|1631128,2024-25,18
415330,04:12,"MISS Carrington 3PT Running Jump Shot
Westbrook REBOUND (Off:0 Def:3)
",0,0,1,0,2025-03-15,0022400975,0,0,DEN,2,0,-5,04:23,Off Short Mid-Range Miss,0,Westbrook REBOUND (Off:0 Def:3),,DEN,WAS,WAS,1610612764,2025,1177.0,1188.0,1182.5,203114|1629673|1642259|1642267|1642273,201566|203999|1627750|1628427|1631128,2024-25,295
415331,04:31,"MISS Middleton 24' 3PT Jump Shot
Jokić REBOUND (Off:0 Def:4)
",0,0,1,0,2025-03-15,0022400975,0,0,DEN,2,0,-5,04:50,Off Dead Ball,0,MISS Middleton 24' 3PT Jump Shot,,DEN,WAS,WAS,1610612764,2025,1150.0,1169.0,1159.5,203114|1629673|1642259|1642267|1642273,201566|203999|1627750|1628427|1631128,2024-25,313
415310,11:35,"MISS Champagnie 24' 3PT Jump Shot
Westbrook REBOUND (Off:0 Def:1)
",0,0,1,0,2025-03-15,0022400975,0,0,DEN,1,0,0,12:00,Off Dead Ball,0,Westbrook REBOUND (Off:0 Def:1),,DEN,WAS,WAS,1610612764,2025,0.0,25.0,12.5,203114|1629673|1630551|1642259|1642273,201566|203999|1627750|1629008|1631128,2024-25,2
415333,04:52,"MISS Poole 29' 3PT Running Pull-Up Jump Shot
Watson REBOUND (Off:0 Def:2)
",0,0,1,0,2025-03-15,0022400975,0,0,DEN,2,0,-5,05:03,Off Arc 3 Miss,0,MISS Poole 29' 3PT Running Pull-Up Jump Shot,,DEN,WAS,WAS,1610612764,2025,1137.0,1148.0,1142.5,203114|1629673|1642259|1642267|1642273,201566|203999|1628427|1631128|1631212,2024-25,284
415334,04:52,"MISS Poole 29' 3PT Running Pull-Up Jump Shot
Watson REBOUND (Off:0 Def:2)
",0,0,1,0,2025-03-15,0022400975,0,0,DEN,2,0,-5,05:03,Off Arc 3 Miss,0,Watson REBOUND (Off:0 Def:2),,DEN,WAS,WAS,1610612764,2025,1137.0,1148.0,1142.5,203114|1629673|1642259|1642267|1642273,201566|203999|1628427|1631128|1631212,2024-25,284
415335,05:18,"Sarr 1' Dunk (19 PTS) (Carrington 3 AST)
",1,1,0,0,2025-03-15,0022400975,0,0,DEN,2,0,-7,05:24,Off Steal,0,Sarr 1' Dunk (19 PTS) (Carrington 3 AST),,DEN,WAS,WAS,1610612764,2025,1116.0,1122.0,1119.0,203114|1629673|1642259|1642267|1642273,201566|203999|1628427|1631128|1631212,2024-25,300
415336,05:26,"MISS Middleton 17' Step Back Jump Shot
Jokić REBOUND (Off:0 Def:3)
",1,0,0,0,2025-03-15,0022400975,0,0,DEN,2,0,-7,05:49,Off FT Make,0,MISS Middleton 17' Step Back Jump Shot,,DEN,WAS,WAS,1610612764,2025,1091.0,1114.0,1102.5,203114|1629673|1642259|1642267|1642273,201566|203999|1628427|1631128|1631212,2024-25,263
415337,05:26,"MISS Middleton 17' Step Back Jump Shot
Jokić REBOUND (Off:0 Def:3)
",1,0,0,0,2025-03-15,0022400975,0,0,DEN,2,0,-7,05:49,Off FT Make,0,Jokić REBOUND (Off:0 Def:3),,DEN,WAS,WAS,1610612764,2025,1091.0,1114.0,1102.5,203114|1629673|1642259|1642267|1642273,201566|203999|1628427|1631128|1631212,2024-25,263
415338,05:59,"Sarr 26' 3PT Jump Shot (17 PTS) (Carrington 2 AST)
",0,0,1,1,2025-03-15,0022400975,0,0,DEN,2,0,-7,06:14,Off Arc 3 Make,0,Sarr 26' 3PT Jump Shot (17 PTS) (Carrington 2 AST),,DEN,WAS,WAS,1610612764,2025,1066.0,1081.0,1073.5,1630551|1630557|1642259|1642267|1642358,201566|203999|1629008|1631128|1631212,2024-25,259
415339,06:28,"Sarr 25' 3PT Jump Shot (14 PTS) (Johnson 3 AST)
",0,0,1,1,2025-03-15,0022400975,0,0,DEN,2,0,-7,06:32,Off Short Mid-Range Miss,0,Sarr 25' 3PT Jump Shot (14 PTS) (Johnson 3 AST),,DEN,WAS,WAS,1610612764,2025,1048.0,1052.0,1050.0,1630551|1630557|1642259|1642267|1642358,201566|203999|1629008|1631128|1631212,2024-25,256
415340,06:58,"Champagnie 1' Running Dunk (4 PTS) (Carrington 1 AST)
",1,1,0,0,2025-03-15,0022400975,0,0,DEN,2,0,-9,07:00,Off At Rim Miss,0,Champagnie 1' Running Dunk (4 PTS) (Carrington 1 AST),,DEN,WAS,WAS,1610612764,2025,1020.0,1022.0,1021.0,1630551|1630557|1642259|1642267|1642358,201566|203999|1629008|1631128|1631212,2024-25,250
415341,07:21,"Nnaji S.FOUL (P2.T3) (M.Kogut)
Johnson Free Throw 1 of 2 (4 PTS)
Johnson Free Throw 2 of 2 (5 PTS)
",0,0,0,0,2025-03-15,0022400975,0,0,DEN,2,1,-11,07:26,Off Steal,0,Nnaji S.FOUL (P2.T3) (M.Kogut),,DEN,WAS,WAS,1610612764,2025,994.0,999.0,996.5,1630551|1630557|1642259|1642267|1642358,201566|1629008|1630192|1631128|1631212,2024-25,252
415343,07:21,"Nnaji S.FOUL (P2.T3) (M.Kogut)
Johnson Free Throw 1 of 2 (4 PTS)
Johnson Free Throw 2 of 2 (5 PTS)
",0,0,0,0,2025-03-15,0022400975,0,0,DEN,2,1,-11,07:26,Off Steal,0,Johnson Free Throw 2 of 2 (5 PTS),,DEN,WAS,WAS,1610612764,2025,994.0,999.0,996.5,1630551|1630557|1642259|1642267|1642358,201566|1629008|1630192|1631128|1631212,2024-25,252
415353,07:56,"Watson BLOCK (1 BLK): MISS Sarr 2' Driving Dunk
Sarr REBOUND (Off:1 Def:1)
Watson BLOCK (2 BLK): MISS Sarr 3' Putback Layup
Sarr REBOUND (Off:2 Def:1)
MISS Sarr 4' Putback Layup
Sarr REBOUND (Off:3 Def:1)
Westbrook STEAL (1 STL): Sarr Lost Ball Turnover (P2.T5)
",3,0,0,0,2025-03-15,0022400975,0,3,DEN,2,0,-9,08:18,Off At Rim Make,1,Sarr REBOUND (Off:3 Def:1),,DEN,WAS,WAS,1610612764,2025,942.0,964.0,953.0,1630551|1630557|1642259|1642267|1642358,201566|1629008|1630192|1631128|1631212,2024-25,212
415344,07:31,"Nnaji BLOCK (1 BLK): MISS Sarr 3' Cutting Dunk Shot
Wizards Rebound
MISS Sarr 6' Turnaround Hook Shot
Porter Jr. REBOUND (Off:0 Def:4)
",2,0,0,0,2025-03-15,0022400975,0,1,DEN,2,0,-11,07:49,Off At Rim Make,0,Nnaji BLOCK (1 BLK): MISS Sarr 3' Cutting Dunk Shot,,DEN,WAS,WAS,1610612764,2025,971.0,989.0,980.0,1630551|1630557|1642259|1642267|1642358,201566|1629008|1630192|1631128|1631212,2024-25,235
415345,07:31,"Nnaji BLOCK (1 BLK): MISS Sarr 3' Cutting Dunk Shot
Wizards Rebound
MISS Sarr 6' Turnaround Hook Shot
Porter Jr. REBOUND (Off:0 Def:4)
",2,0,0,0,2025-03-15,0022400975,0,1,DEN,2,0,-11,07:49,Off At Rim Make,0,Wizards Rebound,,DEN,WAS,WAS,1610612764,2025,971.0,989.0,980.0,1630551|1630557|1642259|1642267|1642358,201566|1629008|1630192|1631128|1631212,2024-25,235
415346,07:31,"Nnaji BLOCK (1 BLK): MISS Sarr 3' Cutting Dunk Shot
Wizards Rebound
MISS Sarr 6' Turnaround Hook Shot
Porter Jr. REBOUND (Off:0 Def:4)
",2,0,0,0,2025-03-15,0022400975,0,1,DEN,2,0,-11,07:49,Off At Rim Make,0,MISS Sarr 6' Turnaround Hook Shot,,DEN,WAS,WAS,1610612764,2025,971.0,989.0,980.0,1630551|1630557|1642259|1642267|1642358,201566|1629008|1630192|1631128|1631212,2024-25,235
415347,07:31,"Nnaji BLOCK (1 BLK): MISS Sarr 3' Cutting Dunk Shot
Wizards Rebound
MISS Sarr 6' Turnaround Hook Shot
Porter Jr. REBOUND (Off:0 Def:4)
",2,0,0,0,2025-03-15,0022400975,0,1,DEN,2,0,-11,07:49,Off At Rim Make,0,Porter Jr. REBOUND (Off:0 Def:4),,DEN,WAS,WAS,1610612764,2025,971.0,989.0,980.0,1630551|1630557|1642259|1642267|1642358,201566|1629008|1630192|1631128|1631212,2024-25,235
415348,07:56,"Watson BLOCK (1 BLK): MISS Sarr 2' Driving Dunk
Sarr REBOUND (Off:1 Def:1)
Watson BLOCK (2 BLK): MISS Sarr 3' Putback Layup
Sarr REBOUND (Off:2 Def:1)
MISS Sarr 4' Putback Layup
Sarr REBOUND (Off:3 Def:1)
Westbrook STEAL (1 STL): Sarr Lost Ball Turnover (P2.T5)
",3,0,0,0,2025-03-15,0022400975,0,3,DEN,2,0,-9,08:18,Off At Rim Make,1,Watson BLOCK (1 BLK): MISS Sarr 2' Driving Dunk,,DEN,WAS,WAS,1610612764,2025,942.0,964.0,953.0,1630551|1630557|1642259|1642267|1642358,201566|1629008|1630192|1631128|1631212,2024-25,212
415349,07:56,"Watson BLOCK (1 BLK): MISS Sarr 2' Driving Dunk
Sarr REBOUND (Off:1 Def:1)
Watson BLOCK (2 BLK): MISS Sarr 3' Putback Layup
Sarr REBOUND (Off:2 Def:1)
MISS Sarr 4' Putback Layup
Sarr REBOUND (Off:3 Def:1)
Westbrook STEAL (1 STL): Sarr Lost Ball Turnover (P2.T5)
",3,0,0,0,2025-03-15,0022400975,0,3,DEN,2,0,-9,08:18,Off At Rim Make,1,Sarr REBOUND (Off:1 Def:1),,DEN,WAS,WAS,1610612764,2025,942.0,964.0,953.0,1630551|1630557|1642259|1642267|1642358,201566|1629008|1630192|1631128|1631212,2024-25,212
415350,07:56,"Watson BLOCK (1 BLK): MISS Sarr 2' Driving Dunk
Sarr REBOUND (Off:1 Def:1)
Watson BLOCK (2 BLK): MISS Sarr 3' Putback Layup
Sarr REBOUND (Off:2 Def:1)
MISS Sarr 4' Putback Layup
Sarr REBOUND (Off:3 Def:1)
Westbrook STEAL (1 STL): Sarr Lost Ball Turnover (P2.T5)
",3,0,0,0,2025-03-15,0022400975,0,3,DEN,2,0,-9,08:18,Off At Rim Make,1,Watson BLOCK (2 BLK): MISS Sarr 3' Putback Layup,,DEN,WAS,WAS,1610612764,2025,942.0,964.0,953.0,1630551|1630557|1642259|1642267|1642358,201566|1629008|1630192|1631128|1631212,2024-25,212
415351,07:56,"Watson BLOCK (1 BLK): MISS Sarr 2' Driving Dunk
Sarr REBOUND (Off:1 Def:1)
Watson BLOCK (2 BLK): MISS Sarr 3' Putback Layup
Sarr REBOUND (Off:2 Def:1)
MISS Sarr 4' Putback Layup
Sarr REBOUND (Off:3 Def:1)
Westbrook STEAL (1 STL): Sarr Lost Ball Turnover (P2.T5)
",3,0,0,0,2025-03-15,0022400975,0,3,DEN,2,0,-9,08:18,Off At Rim Make,1,Sarr REBOUND (Off:2 Def:1),,DEN,WAS,WAS,1610612764,2025,942.0,964.0,953.0,1630551|1630557|1642259|1642267|1642358,201566|1629008|1630192|1631128|1631212,2024-25,212
415342,07:21,"Nnaji S.FOUL (P2.T3) (M.Kogut)
Johnson Free Throw 1 of 2 (4 PTS)
Johnson Free Throw 2 of 2 (5 PTS)
",0,0,0,0,2025-03-15,0022400975,0,0,DEN,2,1,-11,07:26,Off Steal,0,Johnson Free Throw 1 of 2 (4 PTS),,DEN,WAS,WAS,1610612764,2025,994.0,999.0,996.5,1630551|1630557|1642259|1642267|1642358,201566|1629008|1630192|1631128|1631212,2024-25,252
415332,04:31,"MISS Middleton 24' 3PT Jump Shot
Jokić REBOUND (Off:0 Def:4)
",0,0,1,0,2025-03-15,0022400975,0,0,DEN,2,0,-5,04:50,Off Dead Ball,0,Jokić REBOUND (Off:0 Def:4),,DEN,WAS,WAS,1610612764,2025,1150.0,1169.0,1159.5,203114|1629673|1642259|1642267|1642273,201566|203999|1627750|1628427|1631128,2024-25,313
415354,07:56,"Watson BLOCK (1 BLK): MISS Sarr 2' Driving Dunk
Sarr REBOUND (Off:1 Def:1)
Watson BLOCK (2 BLK): MISS Sarr 3' Putback Layup
Sarr REBOUND (Off:2 Def:1)
MISS Sarr 4' Putback Layup
Sarr REBOUND (Off:3 Def:1)
Westbrook STEAL (1 STL): Sarr Lost Ball Turnover (P2.T5)
",3,0,0,0,2025-03-15,0022400975,0,3,DEN,2,0,-9,08:18,Off At Rim Make,1,Westbrook STEAL (1 STL): Sarr Lost Ball Turnover (P2.T5),,DEN,WAS,WAS,1610612764,2025,942.0,964.0,953.0,1630551|1630557|1642259|1642267|1642358,201566|1629008|1630192|1631128|1631212,2024-25,212
415356,08:34,"Watson P.FOUL (P2.T2) (J.Ralls)
Johnson 27' 3PT Jump Shot (3 PTS) (Sarr 3 AST)
",0,0,1,1,2025-03-15,0022400975,0,0,DEN,2,0,-10,08:47,Off At Rim Miss,0,Johnson 27' 3PT Jump Shot (3 PTS) (Sarr 3 AST),,DEN,WAS,WAS,1610612764,2025,913.0,926.0,919.5,1630551|1630557|1642259|1642267|1642358,1627750|1629008|1629618|1630192|1631212,2024-25,208
415357,08:54,"MISS Carrington 26' 3PT Step Back Jump Shot
Porter Jr. REBOUND (Off:0 Def:3)
",0,0,1,0,2025-03-15,0022400975,0,0,DEN,2,0,-10,09:14,Off Dead Ball,0,MISS Carrington 26' 3PT Step Back Jump Shot,,DEN,WAS,WAS,1610612764,2025,886.0,906.0,896.0,1630551|1630557|1642259|1642267|1642358,1627750|1629008|1629618|1630192|1631212,2024-25,202
415358,08:54,"MISS Carrington 26' 3PT Step Back Jump Shot
Porter Jr. REBOUND (Off:0 Def:3)
",0,0,1,0,2025-03-15,0022400975,0,0,DEN,2,0,-10,09:14,Off Dead Ball,0,Porter Jr. REBOUND (Off:0 Def:3),,DEN,WAS,WAS,1610612764,2025,886.0,906.0,896.0,1630551|1630557|1642259|1642267|1642358,1627750|1629008|1629618|1630192|1631212,2024-25,202
415359,09:22,"Champagnie 2' Cutting Layup Shot (2 PTS) (Johnson 2 AST)
",1,1,0,0,2025-03-15,0022400975,0,0,DEN,2,0,-12,09:34,Off FT Miss,0,Champagnie 2' Cutting Layup Shot (2 PTS) (Johnson 2 AST),,DEN,WAS,WAS,1610612764,2025,866.0,878.0,872.0,1630551|1630557|1642259|1642267|1642358,1627750|1629008|1629618|1630192|1631212,2024-25,193
415360,09:42,"MISS Kispert 25' 3PT Jump Shot
Watson REBOUND (Off:0 Def:1)
",0,0,1,0,2025-03-15,0022400975,0,0,DEN,2,0,-10,09:57,Off Dead Ball,0,MISS Kispert 25' 3PT Jump Shot,,DEN,WAS,WAS,1610612764,2025,843.0,858.0,850.5,1626158|1630551|1630557|1642267|1642358,1627750|1629008|1629618|1630192|1631212,2024-25,216
415361,09:42,"MISS Kispert 25' 3PT Jump Shot
Watson REBOUND (Off:0 Def:1)
",0,0,1,0,2025-03-15,0022400975,0,0,DEN,2,0,-10,09:57,Off Dead Ball,0,Watson REBOUND (Off:0 Def:1),,DEN,WAS,WAS,1610612764,2025,843.0,858.0,850.5,1626158|1630551|1630557|1642267|1642358,1627750|1629008|1629618|1630192|1631212,2024-25,216
415362,10:21,"Holmes 2' Running Dunk (4 PTS)
",1,1,0,0,2025-03-15,0022400975,0,0,DEN,2,0,-12,10:24,Off Steal,0,Holmes 2' Running Dunk (4 PTS),,DEN,WAS,WAS,1610612764,2025,816.0,819.0,817.5,1626158|1630551|1630557|1642267|1642358,1627750|1629008|1629618|1630192|1631212,2024-25,184
415363,10:39,"Carrington 14' Pullup Jump Shot (4 PTS) (Kispert 1 AST)
",1,1,0,0,2025-03-15,0022400975,0,0,DEN,2,0,-14,10:58,Off Short Mid-Range Make,0,Carrington 14' Pullup Jump Shot (4 PTS) (Kispert 1 AST),,DEN,WAS,WAS,1610612764,2025,782.0,801.0,791.5,1626158|1630551|1630557|1642267|1642358,1627750|1629008|1629618|1630192|1631212,2024-25,180
415364,11:11,"MISS Kispert 25' 3PT Running Pull-Up Jump Shot
NUGGETS Rebound
",0,0,1,0,2025-03-15,0022400975,0,0,DEN,2,0,-12,11:15,Off Steal,0,MISS Kispert 25' 3PT Running Pull-Up Jump Shot,,DEN,WAS,WAS,1610612764,2025,765.0,769.0,767.0,1626158|1630551|1630557|1642267|1642358,1627750|1629008|1629618|1630192|1631212,2024-25,174
415365,11:11,"MISS Kispert 25' 3PT Running Pull-Up Jump Shot
NUGGETS Rebound
",0,0,1,0,2025-03-15,0022400975,0,0,DEN,2,0,-12,11:15,Off Steal,0,NUGGETS Rebound,,DEN,WAS,WAS,1610612764,2025,765.0,769.0,767.0,1626158|1630551|1630557|1642267|1642358,1627750|1629008|1629618|1630192|1631212,2024-25,174
415267,00:00,"Pickett P.FOUL (P1.T3) (J.Tiven)
Carrington 18' Fadeaway Bank Shot (2 PTS)
",1,1,0,0,2025-03-15,0022400975,0,0,DEN,1,0,-16,00:17,Off FT Make,0,Pickett P.FOUL (P1.T3) (J.Tiven),,DEN,WAS,WAS,1610612764,2025,703.0,720.0,711.5,1626158|1630551|1630557|1642267|1642358,203999|1629008|1629618|1630192|1631212,2024-25,171
415367,11:30,"MISS Champagnie 3' Driving Layup
Holmes REBOUND (Off:1 Def:1)
Watson S.FOUL (P1.T1) (J.Ralls)
Holmes Free Throw 1 of 2 (1 PTS)
Holmes Free Throw 2 of 2 (2 PTS)
",1,0,0,0,2025-03-15,0022400975,0,1,DEN,2,1,-14,11:45,Off Long Mid-Range Miss,0,Holmes REBOUND (Off:1 Def:1),,DEN,WAS,WAS,1610612764,2025,735.0,750.0,742.5,1626158|1630551|1630557|1642267|1642358,1627750|1629008|1629618|1630192|1631212,2024-25,167
415368,11:30,"MISS Champagnie 3' Driving Layup
Holmes REBOUND (Off:1 Def:1)
Watson S.FOUL (P1.T1) (J.Ralls)
Holmes Free Throw 1 of 2 (1 PTS)
Holmes Free Throw 2 of 2 (2 PTS)
",1,0,0,0,2025-03-15,0022400975,0,1,DEN,2,1,-14,11:45,Off Long Mid-Range Miss,0,Watson S.FOUL (P1.T1) (J.Ralls),,DEN,WAS,WAS,1610612764,2025,735.0,750.0,742.5,1626158|1630551|1630557|1642267|1642358,1627750|1629008|1629618|1630192|1631212,2024-25,167
415369,11:30,"MISS Champagnie 3' Driving Layup
Holmes REBOUND (Off:1 Def:1)
Watson S.FOUL (P1.T1) (J.Ralls)
Holmes Free Throw 1 of 2 (1 PTS)
Holmes Free Throw 2 of 2 (2 PTS)
",1,0,0,0,2025-03-15,0022400975,0,1,DEN,2,1,-14,11:45,Off Long Mid-Range Miss,0,Holmes Free Throw 1 of 2 (1 PTS),,DEN,WAS,WAS,1610612764,2025,735.0,750.0,742.5,1626158|1630551|1630557|1642267|1642358,1627750|1629008|1629618|1630192|1631212,2024-25,167
415370,11:30,"MISS Champagnie 3' Driving Layup
Holmes REBOUND (Off:1 Def:1)
Watson S.FOUL (P1.T1) (J.Ralls)
Holmes Free Throw 1 of 2 (1 PTS)
Holmes Free Throw 2 of 2 (2 PTS)
",1,0,0,0,2025-03-15,0022400975,0,1,DEN,2,1,-14,11:45,Off Long Mid-Range Miss,0,Holmes Free Throw 2 of 2 (2 PTS),,DEN,WAS,WAS,1610612764,2025,735.0,750.0,742.5,1626158|1630551|1630557|1642267|1642358,1627750|1629008|1629618|1630192|1631212,2024-25,167
415281,04:40,"Middleton 27' 3PT Jump Shot (8 PTS) (Poole 1 AST)
",0,0,1,1,2025-03-15,0022400975,0,0,DEN,1,0,-6,04:53,Off At Rim Make,0,Middleton 27' 3PT Jump Shot (8 PTS) (Poole 1 AST),,DEN,WAS,WAS,1610612764,2025,427.0,440.0,433.5,203114|1629673|1630551|1642259|1642273,201566|203999|1627750|1629008|1631128,2024-25,91
415372,00:01,"Watson Personal Take Foul (P3.T4) (J.Tiven)
George 28' 3PT Jump Shot (14 PTS) (Johnson 4 AST)
",0,0,1,1,2025-03-15,0022400975,0,0,DEN,3,0,-3,00:10,Off Arc 3 Miss,0,George 28' 3PT Jump Shot (14 PTS) (Johnson 4 AST),,DEN,WAS,WAS,1610612764,2025,2150.0,2159.0,2154.5,1626158|1630551|1642267|1642273|1642358,203999|1629008|1629618|1630192|1631212,2024-25,464
415373,00:30,"Champagnie 3' Cutting Layup Shot (11 PTS) (Carrington 4 AST)
",1,1,0,0,2025-03-15,0022400975,0,0,DEN,3,0,-5,00:38,Off Arc 3 Miss,0,Champagnie 3' Cutting Layup Shot (11 PTS) (Carrington 4 AST),,DEN,WAS,WAS,1610612764,2025,2122.0,2130.0,2126.0,1626158|1630551|1642267|1642273|1642358,203999|1629008|1629618|1630192|1631212,2024-25,461
415374,00:50,"Carrington 28' 3PT Pullup Jump Shot (9 PTS)
",0,0,1,1,2025-03-15,0022400975,0,0,DEN,3,0,-8,01:12,Off Dead Ball,0,Carrington 28' 3PT Pullup Jump Shot (9 PTS),,DEN,WAS,WAS,1610612764,2025,2088.0,2110.0,2099.0,1626158|1630551|1642267|1642273|1642358,203999|1629008|1629618|1630192|1631212,2024-25,531
415375,01:16,"Jokić STEAL (1 STL): Carrington Bad Pass Turnover (P3.T14)
",0,0,0,0,2025-03-15,0022400975,0,0,DEN,3,0,-8,01:28,Off Dead Ball,1,Jokić STEAL (1 STL): Carrington Bad Pass Turnover (P3.T14),,DEN,WAS,WAS,1610612764,2025,2072.0,2084.0,2078.0,1626158|1630551|1642267|1642273|1642358,203999|1629008|1629618|1630192|1631212,2024-25,527
415376,01:37,"Porter Jr. STEAL (1 STL): Carrington Bad Pass Turnover (P2.T13)
",0,0,0,0,2025-03-15,0022400975,0,0,DEN,3,0,-8,01:47,Off FT Make,1,Porter Jr. STEAL (1 STL): Carrington Bad Pass Turnover (P2.T13),,DEN,WAS,WAS,1610612764,2025,2053.0,2063.0,2058.0,1626158|1630551|1642267|1642273|1642358,203999|1629008|1629618|1630192|1631212,2024-25,533
415355,08:34,"Watson P.FOUL (P2.T2) (J.Ralls)
Johnson 27' 3PT Jump Shot (3 PTS) (Sarr 3 AST)
",0,0,1,1,2025-03-15,0022400975,0,0,DEN,2,0,-10,08:47,Off At Rim Miss,0,Watson P.FOUL (P2.T2) (J.Ralls),,DEN,WAS,WAS,1610612764,2025,913.0,926.0,919.5,1630551|1630557|1642259|1642267|1642358,1627750|1629008|1629618|1630192|1631212,2024-25,208
415366,11:30,"MISS Champagnie 3' Driving Layup
Holmes REBOUND (Off:1 Def:1)
Watson S.FOUL (P1.T1) (J.Ralls)
Holmes Free Throw 1 of 2 (1 PTS)
Holmes Free Throw 2 of 2 (2 PTS)
",1,0,0,0,2025-03-15,0022400975,0,1,DEN,2,1,-14,11:45,Off Long Mid-Range Miss,0,MISS Champagnie 3' Driving Layup,,DEN,WAS,WAS,1610612764,2025,735.0,750.0,742.5,1626158|1630551|1630557|1642267|1642358,1627750|1629008|1629618|1630192|1631212,2024-25,167
415309,11:35,"MISS Champagnie 24' 3PT Jump Shot
Westbrook REBOUND (Off:0 Def:1)
",0,0,1,0,2025-03-15,0022400975,0,0,DEN,1,0,0,12:00,Off Dead Ball,0,MISS Champagnie 24' 3PT Jump Shot,,DEN,WAS,WAS,1610612764,2025,0.0,25.0,12.5,203114|1629673|1630551|1642259|1642273,201566|203999|1627750|1629008|1631128,2024-25,2
415283,05:43,"MISS Sarr 26' 3PT Jump Shot
George REBOUND (Off:1 Def:0)
Middleton 8' Fadeaway Jumper (5 PTS)
",1,1,1,0,2025-03-15,0022400975,0,1,DEN,1,0,-6,06:04,Off Arc 3 Make,0,MISS Sarr 26' 3PT Jump Shot,,DEN,WAS,WAS,1610612764,2025,356.0,377.0,366.5,203114|1629673|1630551|1642259|1642273,201566|203999|1627750|1629008|1631128,2024-25,80
415387,04:52,"Jokić S.FOUL (P3.T2) (J.Tiven)
Sarr Free Throw 1 of 2 (28 PTS)
Sarr Free Throw 2 of 2 (29 PTS)
",0,0,0,0,2025-03-15,0022400975,0,0,DEN,3,1,-8,04:58,Off FT Miss,0,Jokić S.FOUL (P3.T2) (J.Tiven),,DEN,WAS,WAS,1610612764,2025,1862.0,1868.0,1865.0,1629673|1630551|1642259|1642267|1642273,201566|203999|1627750|1629008|1631128,2024-25,476
415388,04:52,"Jokić S.FOUL (P3.T2) (J.Tiven)
Sarr Free Throw 1 of 2 (28 PTS)
Sarr Free Throw 2 of 2 (29 PTS)
",0,0,0,0,2025-03-15,0022400975,0,0,DEN,3,1,-8,04:58,Off FT Miss,0,Sarr Free Throw 1 of 2 (28 PTS),,DEN,WAS,WAS,1610612764,2025,1862.0,1868.0,1865.0,1629673|1630551|1642259|1642267|1642273,201566|203999|1627750|1629008|1631128,2024-25,476
415389,04:52,"Jokić S.FOUL (P3.T2) (J.Tiven)
Sarr Free Throw 1 of 2 (28 PTS)
Sarr Free Throw 2 of 2 (29 PTS)
",0,0,0,0,2025-03-15,0022400975,0,0,DEN,3,1,-8,04:58,Off FT Miss,0,Sarr Free Throw 2 of 2 (29 PTS),,DEN,WAS,WAS,1610612764,2025,1862.0,1868.0,1865.0,1629673|1630551|1642259|1642267|1642273,201566|203999|1627750|1629008|1631128,2024-25,476
415391,05:06,"MISS Kispert 12' Driving Floating Jump Shot
Porter Jr. REBOUND (Off:2 Def:7)
",1,0,0,0,2025-03-15,0022400975,0,0,DEN,3,0,-7,05:18,Off At Rim Miss,0,Porter Jr. REBOUND (Off:2 Def:7),,DEN,WAS,WAS,1610612764,2025,1842.0,1854.0,1848.0,1629673|1630557|1642259|1642267|1642273,201566|203999|1627750|1629008|1631128,2024-25,467
415401,09:22,"MISS George 25' 3PT Running Jump Shot
Wizards Rebound
Middleton 16' Driving Floating Jump Shot (10 PTS) (Poole 4 AST)
",1,1,1,0,2025-03-15,0022400975,0,1,DEN,3,0,-6,09:29,Off At Rim Miss,0,Wizards Rebound,,DEN,WAS,WAS,1610612764,2025,1591.0,1598.0,1594.5,203114|1629673|1630551|1642259|1642273,201566|203999|1627750|1629008|1631128,2024-25,371
415392,05:29,"Poole Discontinue Dribble Turnover (P6.T11)
",0,0,0,0,2025-03-15,0022400975,0,0,DEN,3,0,-7,05:44,Off FT Make,1,Poole Discontinue Dribble Turnover (P6.T11),,DEN,WAS,WAS,1610612764,2025,1816.0,1831.0,1823.5,1629673|1630557|1642259|1642267|1642273,201566|203999|1627750|1629008|1631128,2024-25,456
415393,06:04,"MISS Sarr 27' 3PT Jump Shot
Porter Jr. REBOUND (Off:2 Def:6)
",0,0,1,0,2025-03-15,0022400975,0,0,DEN,3,0,-4,06:19,Off At Rim Make,0,MISS Sarr 27' 3PT Jump Shot,,DEN,WAS,WAS,1610612764,2025,1781.0,1796.0,1788.5,203114|1629673|1630551|1642259|1642273,201566|203999|1627750|1629008|1631128,2024-25,452
415394,06:04,"MISS Sarr 27' 3PT Jump Shot
Porter Jr. REBOUND (Off:2 Def:6)
",0,0,1,0,2025-03-15,0022400975,0,0,DEN,3,0,-4,06:19,Off At Rim Make,0,Porter Jr. REBOUND (Off:2 Def:6),,DEN,WAS,WAS,1610612764,2025,1781.0,1796.0,1788.5,203114|1629673|1630551|1642259|1642273,201566|203999|1627750|1629008|1631128,2024-25,452
415395,06:30,"Poole Out of Bounds - Bad Pass Turnover Turnover (P5.T10)
",0,0,0,0,2025-03-15,0022400975,0,0,DEN,3,0,-2,06:45,Off At Rim Make,1,Poole Out of Bounds - Bad Pass Turnover Turnover (P5.T10),,DEN,WAS,WAS,1610612764,2025,1755.0,1770.0,1762.5,203114|1629673|1630551|1642259|1642273,201566|203999|1627750|1629008|1631128,2024-25,450
415396,06:50,"Murray STEAL (2 STL): Poole Bad Pass Turnover (P4.T9)
",0,0,0,0,2025-03-15,0022400975,0,0,DEN,3,0,0,06:58,Off Arc 3 Miss,1,Murray STEAL (2 STL): Poole Bad Pass Turnover (P4.T9),,DEN,WAS,WAS,1610612764,2025,1742.0,1750.0,1746.0,203114|1629673|1630551|1642259|1642273,201566|203999|1627750|1629008|1631128,2024-25,447
415397,07:31,"Champagnie 3PT Running Jump Shot (7 PTS) (Poole 5 AST)
",0,0,1,1,2025-03-15,0022400975,0,0,DEN,3,0,-3,07:36,Off Steal,0,Champagnie 3PT Running Jump Shot (7 PTS) (Poole 5 AST),,DEN,WAS,WAS,1610612764,2025,1704.0,1709.0,1706.5,203114|1629673|1630551|1642259|1642273,201566|203999|1627750|1629008|1631128,2024-25,394
415398,07:52,"Poole 3' Driving Reverse Layup (5 PTS)
",1,1,0,0,2025-03-15,0022400975,0,0,DEN,3,0,-5,08:06,Off Dead Ball,0,Poole 3' Driving Reverse Layup (5 PTS),,DEN,WAS,WAS,1610612764,2025,1674.0,1688.0,1681.0,203114|1629673|1630551|1642259|1642273,201566|203999|1627750|1629008|1631128,2024-25,434
415399,08:43,"Poole Out of Bounds Lost Ball Turnover (P3.T8)
",0,0,0,0,2025-03-15,0022400975,0,0,DEN,3,0,-4,08:46,Off Arc 3 Miss,1,Poole Out of Bounds Lost Ball Turnover (P3.T8),,DEN,WAS,WAS,1610612764,2025,1634.0,1637.0,1635.5,203114|1629673|1630551|1642259|1642273,201566|203999|1627750|1629008|1631128,2024-25,415
415400,09:22,"MISS George 25' 3PT Running Jump Shot
Wizards Rebound
Middleton 16' Driving Floating Jump Shot (10 PTS) (Poole 4 AST)
",1,1,1,0,2025-03-15,0022400975,0,1,DEN,3,0,-6,09:29,Off At Rim Miss,0,MISS George 25' 3PT Running Jump Shot,,DEN,WAS,WAS,1610612764,2025,1591.0,1598.0,1594.5,203114|1629673|1630551|1642259|1642273,201566|203999|1627750|1629008|1631128,2024-25,371
415426,04:01,"MISS Sarr 13' Fadeaway Jumper
Wizards Rebound
Poole 26' 3PT Step Back Jump Shot (11 PTS) (Sarr 5 AST)
",1,0,1,1,2025-03-15,0022400975,0,1,DEN,4,0,-7,04:28,Off At Rim Make,0,Wizards Rebound,,DEN,WAS,WAS,1610612764,2025,2612.0,2639.0,2625.5,1629673|1630551|1642259|1642267|1642273,201566|203999|1629008|1631128|1631212,2024-25,653
415428,04:44,"Watson STEAL (1 STL): George Bad Pass Turnover (P2.T17)
",0,0,0,0,2025-03-15,0022400975,0,0,DEN,4,0,-5,04:47,Off Steal,1,Watson STEAL (1 STL): George Bad Pass Turnover (P2.T17),,DEN,WAS,WAS,1610612764,2025,2593.0,2596.0,2594.5,1629673|1630551|1642259|1642267|1642273,201566|203999|1629008|1631128|1631212,2024-25,649
415282,05:14,"Sarr 1' Dunk (11 PTS) (Middleton 3 AST)
",1,1,0,0,2025-03-15,0022400975,0,0,DEN,1,0,-6,05:32,Off At Rim Make,0,Sarr 1' Dunk (11 PTS) (Middleton 3 AST),,DEN,WAS,WAS,1610612764,2025,388.0,406.0,397.0,203114|1629673|1630551|1642259|1642273,201566|203999|1627750|1629008|1631128,2024-25,85
415429,05:10,"Poole 24' 3PT Jump Shot (8 PTS) (Carrington 6 AST)
",0,0,1,1,2025-03-15,0022400975,0,0,DEN,4,0,-8,05:15,Off At Rim Block,0,Poole 24' 3PT Jump Shot (8 PTS) (Carrington 6 AST),,DEN,WAS,WAS,1610612764,2025,2565.0,2570.0,2567.5,1629673|1630551|1642259|1642267|1642273,201566|203999|1630192|1631128|1631212,2024-25,640
415454,09:41,"MISS George 27' 3PT Jump Shot
Porter Jr. REBOUND (Off:2 Def:8)
",0,0,1,0,2025-03-15,0022400975,0,0,DEN,4,0,0,10:03,Off At Rim Make,0,Porter Jr. REBOUND (Off:2 Def:8),,DEN,WAS,WAS,1610612764,2025,2277.0,2299.0,2288.0,1626158|1630551|1642267|1642273|1642358,201566|1627750|1629008|1630192|1631212,2024-25,570
415386,04:19,"MISS Sarr 12' Turnaround Fadeaway Shot
Champagnie REBOUND (Off:1 Def:7)
Champagnie Tip Dunk Shot (9 PTS)
",2,1,0,0,2025-03-15,0022400975,0,1,DEN,3,0,-8,04:37,Off At Rim Make,0,Champagnie Tip Dunk Shot (9 PTS),,DEN,WAS,WAS,1610612764,2025,1883.0,1901.0,1892.0,1629673|1630551|1642259|1642267|1642273,201566|203999|1627750|1630192|1631128,2024-25,483
415385,04:19,"MISS Sarr 12' Turnaround Fadeaway Shot
Champagnie REBOUND (Off:1 Def:7)
Champagnie Tip Dunk Shot (9 PTS)
",2,1,0,0,2025-03-15,0022400975,0,1,DEN,3,0,-8,04:37,Off At Rim Make,0,Champagnie REBOUND (Off:1 Def:7),,DEN,WAS,WAS,1610612764,2025,1883.0,1901.0,1892.0,1629673|1630551|1642259|1642267|1642273,201566|203999|1627750|1630192|1631128,2024-25,483
415384,04:19,"MISS Sarr 12' Turnaround Fadeaway Shot
Champagnie REBOUND (Off:1 Def:7)
Champagnie Tip Dunk Shot (9 PTS)
",2,1,0,0,2025-03-15,0022400975,0,1,DEN,3,0,-8,04:37,Off At Rim Make,0,MISS Sarr 12' Turnaround Fadeaway Shot,,DEN,WAS,WAS,1610612764,2025,1883.0,1901.0,1892.0,1629673|1630551|1642259|1642267|1642273,201566|203999|1627750|1630192|1631128,2024-25,483
415383,03:40,"MISS Sarr 26' 3PT Jump Shot
Braun REBOUND (Off:1 Def:2)
",0,0,1,0,2025-03-15,0022400975,0,0,DEN,3,0,-9,03:56,Off Arc 3 Make,0,Braun REBOUND (Off:1 Def:2),,DEN,WAS,WAS,1610612764,2025,1924.0,1940.0,1932.0,1629673|1630551|1642259|1642267|1642273,201566|203999|1627750|1630192|1631128,2024-25,488
415412,11:32,"MISS George 3PT Jump Shot
Porter Jr. REBOUND (Off:1 Def:5)
",0,0,1,0,2025-03-15,0022400975,0,0,DEN,3,0,-9,11:48,Off Dead Ball,0,Porter Jr. REBOUND (Off:1 Def:5),,DEN,WAS,WAS,1610612764,2025,1452.0,1468.0,1460.0,203114|1629673|1630551|1642259|1642273,201566|203999|1627750|1629008|1631128,2024-25,359
415413,00:02,"Poole 35' 3PT Pullup Jump Shot (19 PTS) (George 5 AST)
",0,0,1,1,2025-03-15,0022400975,0,0,DEN,4,0,0,00:05,Off Timeout,0,Poole 35' 3PT Pullup Jump Shot (19 PTS) (George 5 AST),,DEN,WAS,WAS,1610612764,2025,2875.0,2878.0,2876.5,1629673|1630551|1642259|1642267|1642273,201566|203999|1629008|1631128|1631212,2024-25,741
415414,00:10,"George 3PT Jump Shot (19 PTS) (Poole 6 AST)
",0,0,1,1,2025-03-15,0022400975,0,0,DEN,4,0,-1,00:30,Off At Rim Make,0,George 3PT Jump Shot (19 PTS) (Poole 6 AST),,DEN,WAS,WAS,1610612764,2025,2850.0,2870.0,2860.0,1629673|1630551|1642259|1642267|1642273,201566|203999|1627750|1629008|1631128,2024-25,754
415415,00:44,"Poole 12' Driving Floating Jump Shot (16 PTS) (Carrington 7 AST)
",1,1,0,0,2025-03-15,0022400975,0,0,DEN,4,0,-1,00:50,Off Short Mid-Range Miss,0,Poole 12' Driving Floating Jump Shot (16 PTS) (Carrington 7 AST),,DEN,WAS,WAS,1610612764,2025,2830.0,2836.0,2833.0,1629673|1630551|1642259|1642267|1642273,201566|203999|1627750|1629008|1631128,2024-25,611
415416,01:14,"MISS Sarr 4' Driving Floating Jump Shot
Murray REBOUND (Off:3 Def:3)
",1,0,0,0,2025-03-15,0022400975,0,0,DEN,4,0,-1,01:31,Off Corner 3 Make,0,MISS Sarr 4' Driving Floating Jump Shot,,DEN,WAS,WAS,1610612764,2025,2789.0,2806.0,2797.5,1629673|1630551|1642259|1642267|1642273,201566|203999|1627750|1629008|1631128,2024-25,683
415417,01:14,"MISS Sarr 4' Driving Floating Jump Shot
Murray REBOUND (Off:3 Def:3)
",1,0,0,0,2025-03-15,0022400975,0,0,DEN,4,0,-1,01:31,Off Corner 3 Make,0,Murray REBOUND (Off:3 Def:3),,DEN,WAS,WAS,1610612764,2025,2789.0,2806.0,2797.5,1629673|1630551|1642259|1642267|1642273,201566|203999|1627750|1629008|1631128,2024-25,683
415418,01:51,"Westbrook S.FOUL (P2.T4) (M.Kogut)
Sarr Free Throw 1 of 2 (33 PTS)
Sarr Free Throw 2 of 2 (34 PTS)
",0,0,0,0,2025-03-15,0022400975,0,0,DEN,4,1,0,01:55,Off Steal,0,Westbrook S.FOUL (P2.T4) (M.Kogut),,DEN,WAS,WAS,1610612764,2025,2765.0,2769.0,2767.0,1629673|1630551|1642259|1642267|1642273,201566|203999|1629008|1631128|1631212,2024-25,660
415419,01:51,"Westbrook S.FOUL (P2.T4) (M.Kogut)
Sarr Free Throw 1 of 2 (33 PTS)
Sarr Free Throw 2 of 2 (34 PTS)
",0,0,0,0,2025-03-15,0022400975,0,0,DEN,4,1,0,01:55,Off Steal,0,Sarr Free Throw 1 of 2 (33 PTS),,DEN,WAS,WAS,1610612764,2025,2765.0,2769.0,2767.0,1629673|1630551|1642259|1642267|1642273,201566|203999|1629008|1631128|1631212,2024-25,660
415420,01:51,"Westbrook S.FOUL (P2.T4) (M.Kogut)
Sarr Free Throw 1 of 2 (33 PTS)
Sarr Free Throw 2 of 2 (34 PTS)
",0,0,0,0,2025-03-15,0022400975,0,0,DEN,4,1,0,01:55,Off Steal,0,Sarr Free Throw 2 of 2 (34 PTS),,DEN,WAS,WAS,1610612764,2025,2765.0,2769.0,2767.0,1629673|1630551|1642259|1642267|1642273,201566|203999|1629008|1631128|1631212,2024-25,660
415455,10:18,"Nnaji BLOCK (2 BLK): MISS George 4' Driving Layup
Holmes REBOUND (Off:2 Def:2)
Holmes 4' Putback Layup (6 PTS)
",2,1,0,0,2025-03-15,0022400975,0,1,DEN,4,0,0,10:28,Off At Rim Miss,0,Nnaji BLOCK (2 BLK): MISS George 4' Driving Layup,,DEN,WAS,WAS,1610612764,2025,2252.0,2262.0,2257.0,1626158|1630551|1642267|1642273|1642358,201566|1627750|1629008|1630192|1631212,2024-25,566
415421,02:13,"Sarr 3PT Jump Shot (32 PTS) (George 4 AST)
",0,0,1,1,2025-03-15,0022400975,0,0,DEN,4,0,-3,02:36,Off Short Mid-Range Make,0,Sarr 3PT Jump Shot (32 PTS) (George 4 AST),,DEN,WAS,WAS,1610612764,2025,2724.0,2747.0,2735.5,1629673|1630551|1642259|1642267|1642273,201566|203999|1629008|1631128|1631212,2024-25,670
415423,02:48,"MISS Poole 31' 3PT Pullup Jump Shot
Porter Jr. REBOUND (Off:2 Def:9)
",0,0,1,0,2025-03-15,0022400975,0,0,DEN,4,0,-1,03:00,Off Short Mid-Range Miss,0,Porter Jr. REBOUND (Off:2 Def:9),,DEN,WAS,WAS,1610612764,2025,2700.0,2712.0,2706.0,1629673|1630551|1642259|1642267|1642273,201566|203999|1629008|1631128|1631212,2024-25,667
415424,03:21,"Poole 29' 3PT Step Back Jump Shot (14 PTS)
",0,0,1,1,2025-03-15,0022400975,0,0,DEN,4,0,-4,03:33,Off Steal,0,Poole 29' 3PT Step Back Jump Shot (14 PTS),,DEN,WAS,WAS,1610612764,2025,2667.0,2679.0,2673.0,1629673|1630551|1642259|1642267|1642273,201566|203999|1629008|1631128|1631212,2024-25,663
415425,04:01,"MISS Sarr 13' Fadeaway Jumper
Wizards Rebound
Poole 26' 3PT Step Back Jump Shot (11 PTS) (Sarr 5 AST)
",1,0,1,1,2025-03-15,0022400975,0,1,DEN,4,0,-7,04:28,Off At Rim Make,0,MISS Sarr 13' Fadeaway Jumper,,DEN,WAS,WAS,1610612764,2025,2612.0,2639.0,2625.5,1629673|1630551|1642259|1642267|1642273,201566|203999|1629008|1631128|1631212,2024-25,653
415404,10:23,"Sarr 25' 3PT Running Jump Shot (27 PTS) (George 3 AST)
",0,0,1,1,2025-03-15,0022400975,0,0,DEN,3,0,-10,10:27,Off Arc 3 Miss,0,Sarr 25' 3PT Running Jump Shot (27 PTS) (George 3 AST),,DEN,WAS,WAS,1610612764,2025,1533.0,1537.0,1535.0,203114|1629673|1630551|1642259|1642273,201566|203999|1627750|1629008|1631128,2024-25,388
415403,09:51,"George 26' 3PT Jump Shot (11 PTS) (Middleton 4 AST)
",0,0,1,1,2025-03-15,0022400975,0,0,DEN,3,0,-9,10:05,Off Short Mid-Range Make,0,George 26' 3PT Jump Shot (11 PTS) (Middleton 4 AST),,DEN,WAS,WAS,1610612764,2025,1555.0,1569.0,1562.0,203114|1629673|1630551|1642259|1642273,201566|203999|1627750|1629008|1631128,2024-25,393
415402,09:22,"MISS George 25' 3PT Running Jump Shot
Wizards Rebound
Middleton 16' Driving Floating Jump Shot (10 PTS) (Poole 4 AST)
",1,1,1,0,2025-03-15,0022400975,0,1,DEN,3,0,-6,09:29,Off At Rim Miss,0,Middleton 16' Driving Floating Jump Shot (10 PTS) (Poole 4 AST),,DEN,WAS,WAS,1610612764,2025,1591.0,1598.0,1594.5,203114|1629673|1630551|1642259|1642273,201566|203999|1627750|1629008|1631128,2024-25,371
415390,05:06,"MISS Kispert 12' Driving Floating Jump Shot
Porter Jr. REBOUND (Off:2 Def:7)
",1,0,0,0,2025-03-15,0022400975,0,0,DEN,3,0,-7,05:18,Off At Rim Miss,0,MISS Kispert 12' Driving Floating Jump Shot,,DEN,WAS,WAS,1610612764,2025,1842.0,1854.0,1848.0,1629673|1630557|1642259|1642267|1642273,201566|203999|1627750|1629008|1631128,2024-25,467
415381,03:28,"Nnaji P.FOUL (P3.T3) (M.Kogut)
Champagnie Offensive Goaltending Turnover (P1.T12)
",0,0,0,0,2025-03-15,0022400975,0,0,DEN,3,0,-9,03:34,Off Steal,1,Champagnie Offensive Goaltending Turnover (P1.T12),,DEN,WAS,WAS,1610612764,2025,1946.0,1952.0,1949.0,1626158|1630551|1642267|1642273|1642358,203999|1627750|1630192|1631128|1631212,2024-25,492
415382,03:40,"MISS Sarr 26' 3PT Jump Shot
Braun REBOUND (Off:1 Def:2)
",0,0,1,0,2025-03-15,0022400975,0,0,DEN,3,0,-9,03:56,Off Arc 3 Make,0,MISS Sarr 26' 3PT Jump Shot,,DEN,WAS,WAS,1610612764,2025,1924.0,1940.0,1932.0,1629673|1630551|1642259|1642267|1642273,201566|203999|1627750|1630192|1631128,2024-25,488
415422,02:48,"MISS Poole 31' 3PT Pullup Jump Shot
Porter Jr. REBOUND (Off:2 Def:9)
",0,0,1,0,2025-03-15,0022400975,0,0,DEN,4,0,-1,03:00,Off Short Mid-Range Miss,0,MISS Poole 31' 3PT Pullup Jump Shot,,DEN,WAS,WAS,1610612764,2025,2700.0,2712.0,2706.0,1629673|1630551|1642259|1642267|1642273,201566|203999|1629008|1631128|1631212,2024-25,667
415308,11:18,"Sarr 3' Floating Jump Shot (2 PTS) (Middleton 1 AST)
",1,1,0,0,2025-03-15,0022400975,0,0,DEN,1,0,0,11:27,Off Short Mid-Range Miss,0,Sarr 3' Floating Jump Shot (2 PTS) (Middleton 1 AST),,DEN,WAS,WAS,1610612764,2025,33.0,42.0,37.5,203114|1629673|1630551|1642259|1642273,201566|203999|1627750|1629008|1631128,2024-25,10
415456,10:18,"Nnaji BLOCK (2 BLK): MISS George 4' Driving Layup
Holmes REBOUND (Off:2 Def:2)
Holmes 4' Putback Layup (6 PTS)
",2,1,0,0,2025-03-15,0022400975,0,1,DEN,4,0,0,10:28,Off At Rim Miss,0,Holmes REBOUND (Off:2 Def:2),,DEN,WAS,WAS,1610612764,2025,2252.0,2262.0,2257.0,1626158|1630551|1642267|1642273|1642358,201566|1627750|1629008|1630192|1631212,2024-25,566
415458,10:37,"MISS Carrington 28' 3PT Pullup Jump Shot
Nnaji REBOUND (Off:0 Def:1)
",0,0,1,0,2025-03-15,0022400975,0,0,DEN,4,0,0,10:56,Off Corner 3 Make,0,MISS Carrington 28' 3PT Pullup Jump Shot,,DEN,WAS,WAS,1610612764,2025,2224.0,2243.0,2233.5,1626158|1630551|1642267|1642273|1642358,201566|1627750|1629008|1630192|1631212,2024-25,561
415434,06:05,"MISS Carrington 16' Fadeaway Jumper
Holmes REBOUND (Off:4 Def:2)
Murray STEAL (4 STL): Carrington Bad Pass Turnover (P4.T16)
",1,0,0,0,2025-03-15,0022400975,0,1,DEN,4,0,-8,06:35,Off Arc 3 Make,1,Holmes REBOUND (Off:4 Def:2),,DEN,WAS,WAS,1610612764,2025,2485.0,2515.0,2500.0,1626158|1630551|1642267|1642273|1642358,201566|203999|1627750|1630192|1631212,2024-25,622
415435,06:05,"MISS Carrington 16' Fadeaway Jumper
Holmes REBOUND (Off:4 Def:2)
Murray STEAL (4 STL): Carrington Bad Pass Turnover (P4.T16)
",1,0,0,0,2025-03-15,0022400975,0,1,DEN,4,0,-8,06:35,Off Arc 3 Make,1,Murray STEAL (4 STL): Carrington Bad Pass Turnover (P4.T16),,DEN,WAS,WAS,1610612764,2025,2485.0,2515.0,2500.0,1626158|1630551|1642267|1642273|1642358,201566|203999|1627750|1630192|1631212,2024-25,622
415436,06:39,"MISS Carrington 24' 3PT Step Back Jump Shot
Champagnie REBOUND (Off:3 Def:9)
MISS Johnson 27' 3PT Jump Shot
Jokić REBOUND (Off:3 Def:9)
",0,0,2,0,2025-03-15,0022400975,0,1,DEN,4,0,-5,07:05,Off At Rim Make,0,MISS Carrington 24' 3PT Step Back Jump Shot,,DEN,WAS,WAS,1610612764,2025,2455.0,2481.0,2468.0,1626158|1630551|1642267|1642273|1642358,201566|203999|1627750|1630192|1631212,2024-25,616
415437,06:39,"MISS Carrington 24' 3PT Step Back Jump Shot
Champagnie REBOUND (Off:3 Def:9)
MISS Johnson 27' 3PT Jump Shot
Jokić REBOUND (Off:3 Def:9)
",0,0,2,0,2025-03-15,0022400975,0,1,DEN,4,0,-5,07:05,Off At Rim Make,0,Champagnie REBOUND (Off:3 Def:9),,DEN,WAS,WAS,1610612764,2025,2455.0,2481.0,2468.0,1626158|1630551|1642267|1642273|1642358,201566|203999|1627750|1630192|1631212,2024-25,616
415438,06:39,"MISS Carrington 24' 3PT Step Back Jump Shot
Champagnie REBOUND (Off:3 Def:9)
MISS Johnson 27' 3PT Jump Shot
Jokić REBOUND (Off:3 Def:9)
",0,0,2,0,2025-03-15,0022400975,0,1,DEN,4,0,-5,07:05,Off At Rim Make,0,MISS Johnson 27' 3PT Jump Shot,,DEN,WAS,WAS,1610612764,2025,2455.0,2481.0,2468.0,1626158|1630551|1642267|1642273|1642358,201566|203999|1627750|1630192|1631212,2024-25,616
415440,07:24,"Nnaji BLOCK (3 BLK): MISS Holmes 2' Layup
Holmes REBOUND (Off:3 Def:2)
Jokić BLOCK (2 BLK): MISS Holmes 3' Putback Layup
Jokić REBOUND (Off:3 Def:8)
",2,0,0,0,2025-03-15,0022400975,0,1,DEN,4,0,-3,07:45,Off FT Make,0,Nnaji BLOCK (3 BLK): MISS Holmes 2' Layup,,DEN,WAS,WAS,1610612764,2025,2415.0,2436.0,2425.5,1626158|1630551|1642267|1642273|1642358,201566|203999|1627750|1630192|1631212,2024-25,604
415450,08:47,"MISS Carrington 17' Pullup Jump Shot
Champagnie REBOUND (Off:2 Def:9)
Porter Jr. S.FOUL (P3.T1) (M.Kogut)
Champagnie Free Throw 1 of 2 (15 PTS)
Champagnie Free Throw 2 of 2 (16 PTS)
",1,0,0,0,2025-03-15,0022400975,0,1,DEN,4,1,0,09:11,Off At Rim Make,0,Champagnie Free Throw 1 of 2 (15 PTS),,DEN,WAS,WAS,1610612764,2025,2329.0,2353.0,2341.0,1626158|1630551|1642267|1642273|1642358,201566|1627750|1629008|1630192|1631212,2024-25,582
415441,07:24,"Nnaji BLOCK (3 BLK): MISS Holmes 2' Layup
Holmes REBOUND (Off:3 Def:2)
Jokić BLOCK (2 BLK): MISS Holmes 3' Putback Layup
Jokić REBOUND (Off:3 Def:8)
",2,0,0,0,2025-03-15,0022400975,0,1,DEN,4,0,-3,07:45,Off FT Make,0,Holmes REBOUND (Off:3 Def:2),,DEN,WAS,WAS,1610612764,2025,2415.0,2436.0,2425.5,1626158|1630551|1642267|1642273|1642358,201566|203999|1627750|1630192|1631212,2024-25,604
415442,07:24,"Nnaji BLOCK (3 BLK): MISS Holmes 2' Layup
Holmes REBOUND (Off:3 Def:2)
Jokić BLOCK (2 BLK): MISS Holmes 3' Putback Layup
Jokić REBOUND (Off:3 Def:8)
",2,0,0,0,2025-03-15,0022400975,0,1,DEN,4,0,-3,07:45,Off FT Make,0,Jokić BLOCK (2 BLK): MISS Holmes 3' Putback Layup,,DEN,WAS,WAS,1610612764,2025,2415.0,2436.0,2425.5,1626158|1630551|1642267|1642273|1642358,201566|203999|1627750|1630192|1631212,2024-25,604
415443,07:24,"Nnaji BLOCK (3 BLK): MISS Holmes 2' Layup
Holmes REBOUND (Off:3 Def:2)
Jokić BLOCK (2 BLK): MISS Holmes 3' Putback Layup
Jokić REBOUND (Off:3 Def:8)
",2,0,0,0,2025-03-15,0022400975,0,1,DEN,4,0,-3,07:45,Off FT Make,0,Jokić REBOUND (Off:3 Def:8),,DEN,WAS,WAS,1610612764,2025,2415.0,2436.0,2425.5,1626158|1630551|1642267|1642273|1642358,201566|203999|1627750|1630192|1631212,2024-25,604
415444,07:51,"Porter Jr. P.FOUL (P4.T2) (J.Ralls)
MISS George 35' 3PT Jump Shot
Jokić REBOUND (Off:3 Def:7)
",0,0,1,0,2025-03-15,0022400975,0,0,DEN,4,0,-1,08:18,Off Long Mid-Range Make,0,Porter Jr. P.FOUL (P4.T2) (J.Ralls),,DEN,WAS,WAS,1610612764,2025,2382.0,2409.0,2395.5,1626158|1630551|1642267|1642273|1642358,201566|1627750|1629008|1630192|1631212,2024-25,596
415445,07:51,"Porter Jr. P.FOUL (P4.T2) (J.Ralls)
MISS George 35' 3PT Jump Shot
Jokić REBOUND (Off:3 Def:7)
",0,0,1,0,2025-03-15,0022400975,0,0,DEN,4,0,-1,08:18,Off Long Mid-Range Make,0,MISS George 35' 3PT Jump Shot,,DEN,WAS,WAS,1610612764,2025,2382.0,2409.0,2395.5,1626158|1630551|1642267|1642273|1642358,201566|1627750|1629008|1630192|1631212,2024-25,596
415446,07:51,"Porter Jr. P.FOUL (P4.T2) (J.Ralls)
MISS George 35' 3PT Jump Shot
Jokić REBOUND (Off:3 Def:7)
",0,0,1,0,2025-03-15,0022400975,0,0,DEN,4,0,-1,08:18,Off Long Mid-Range Make,0,Jokić REBOUND (Off:3 Def:7),,DEN,WAS,WAS,1610612764,2025,2382.0,2409.0,2395.5,1626158|1630551|1642267|1642273|1642358,201566|1627750|1629008|1630192|1631212,2024-25,596
415447,08:47,"MISS Carrington 17' Pullup Jump Shot
Champagnie REBOUND (Off:2 Def:9)
Porter Jr. S.FOUL (P3.T1) (M.Kogut)
Champagnie Free Throw 1 of 2 (15 PTS)
Champagnie Free Throw 2 of 2 (16 PTS)
",1,0,0,0,2025-03-15,0022400975,0,1,DEN,4,1,0,09:11,Off At Rim Make,0,MISS Carrington 17' Pullup Jump Shot,,DEN,WAS,WAS,1610612764,2025,2329.0,2353.0,2341.0,1626158|1630551|1642267|1642273|1642358,201566|1627750|1629008|1630192|1631212,2024-25,582
415448,08:47,"MISS Carrington 17' Pullup Jump Shot
Champagnie REBOUND (Off:2 Def:9)
Porter Jr. S.FOUL (P3.T1) (M.Kogut)
Champagnie Free Throw 1 of 2 (15 PTS)
Champagnie Free Throw 2 of 2 (16 PTS)
",1,0,0,0,2025-03-15,0022400975,0,1,DEN,4,1,0,09:11,Off At Rim Make,0,Champagnie REBOUND (Off:2 Def:9),,DEN,WAS,WAS,1610612764,2025,2329.0,2353.0,2341.0,1626158|1630551|1642267|1642273|1642358,201566|1627750|1629008|1630192|1631212,2024-25,582
415449,08:47,"MISS Carrington 17' Pullup Jump Shot
Champagnie REBOUND (Off:2 Def:9)
Porter Jr. S.FOUL (P3.T1) (M.Kogut)
Champagnie Free Throw 1 of 2 (15 PTS)
Champagnie Free Throw 2 of 2 (16 PTS)
",1,0,0,0,2025-03-15,0022400975,0,1,DEN,4,1,0,09:11,Off At Rim Make,0,Porter Jr. S.FOUL (P3.T1) (M.Kogut),,DEN,WAS,WAS,1610612764,2025,2329.0,2353.0,2341.0,1626158|1630551|1642267|1642273|1642358,201566|1627750|1629008|1630192|1631212,2024-25,582
415380,03:28,"Nnaji P.FOUL (P3.T3) (M.Kogut)
Champagnie Offensive Goaltending Turnover (P1.T12)
",0,0,0,0,2025-03-15,0022400975,0,0,DEN,3,0,-9,03:34,Off Steal,1,Nnaji P.FOUL (P3.T3) (M.Kogut),,DEN,WAS,WAS,1610612764,2025,1946.0,1952.0,1949.0,1626158|1630551|1642267|1642273|1642358,203999|1627750|1630192|1631128|1631212,2024-25,492
415379,02:52,"Carrington 19' Step Back Jump Shot (6 PTS)
",1,1,0,0,2025-03-15,0022400975,0,0,DEN,3,0,-11,03:12,Off At Rim Make,0,Carrington 19' Step Back Jump Shot (6 PTS),,DEN,WAS,WAS,1610612764,2025,1968.0,1988.0,1978.0,1626158|1630551|1642267|1642273|1642358,203999|1627750|1630192|1631128|1631212,2024-25,505
415378,02:10,"Johnson 4' Running Layup (7 PTS) (Champagnie 1 AST)
",1,1,0,0,2025-03-15,0022400975,0,0,DEN,3,0,-10,02:12,Off At Rim Block,0,Johnson 4' Running Layup (7 PTS) (Champagnie 1 AST),,DEN,WAS,WAS,1610612764,2025,2028.0,2030.0,2029.0,1626158|1630551|1642267|1642273|1642358,203999|1627750|1630192|1631128|1631212,2024-25,529
415433,06:05,"MISS Carrington 16' Fadeaway Jumper
Holmes REBOUND (Off:4 Def:2)
Murray STEAL (4 STL): Carrington Bad Pass Turnover (P4.T16)
",1,0,0,0,2025-03-15,0022400975,0,1,DEN,4,0,-8,06:35,Off Arc 3 Make,1,MISS Carrington 16' Fadeaway Jumper,,DEN,WAS,WAS,1610612764,2025,2485.0,2515.0,2500.0,1626158|1630551|1642267|1642273|1642358,201566|203999|1627750|1630192|1631212,2024-25,622
415432,05:26,"Westbrook Personal Take Foul (P1.T3) (M.Kogut)
MISS Sarr 26' 3PT Jump Shot
Jokić REBOUND (Off:3 Def:10)
",0,0,1,0,2025-03-15,0022400975,0,0,DEN,4,0,-8,05:51,Off Arc 3 Miss,0,Jokić REBOUND (Off:3 Def:10),,DEN,WAS,WAS,1610612764,2025,2529.0,2554.0,2541.5,1629673|1630551|1642259|1642267|1642273,201566|203999|1630192|1631128|1631212,2024-25,630
415431,05:26,"Westbrook Personal Take Foul (P1.T3) (M.Kogut)
MISS Sarr 26' 3PT Jump Shot
Jokić REBOUND (Off:3 Def:10)
",0,0,1,0,2025-03-15,0022400975,0,0,DEN,4,0,-8,05:51,Off Arc 3 Miss,0,MISS Sarr 26' 3PT Jump Shot,,DEN,WAS,WAS,1610612764,2025,2529.0,2554.0,2541.5,1629673|1630551|1642259|1642267|1642273,201566|203999|1630192|1631128|1631212,2024-25,630
415430,05:26,"Westbrook Personal Take Foul (P1.T3) (M.Kogut)
MISS Sarr 26' 3PT Jump Shot
Jokić REBOUND (Off:3 Def:10)
",0,0,1,0,2025-03-15,0022400975,0,0,DEN,4,0,-8,05:51,Off Arc 3 Miss,0,Westbrook Personal Take Foul (P1.T3) (M.Kogut),,DEN,WAS,WAS,1610612764,2025,2529.0,2554.0,2541.5,1629673|1630551|1642259|1642267|1642273,201566|203999|1630192|1631128|1631212,2024-25,630
415459,10:37,"MISS Carrington 28' 3PT Pullup Jump Shot
Nnaji REBOUND (Off:0 Def:1)
",0,0,1,0,2025-03-15,0022400975,0,0,DEN,4,0,0,10:56,Off Corner 3 Make,0,Nnaji REBOUND (Off:0 Def:1),,DEN,WAS,WAS,1610612764,2025,2224.0,2243.0,2233.5,1626158|1630551|1642267|1642273|1642358,201566|1627750|1629008|1630192|1631212,2024-25,561
415460,11:16,"Champagnie 28' 3PT Jump Shot (14 PTS) (Carrington 5 AST)
",0,0,1,1,2025-03-15,0022400975,0,0,DEN,4,0,0,11:30,Off Short Mid-Range Miss,0,Champagnie 28' 3PT Jump Shot (14 PTS) (Carrington 5 AST),,DEN,WAS,WAS,1610612764,2025,2190.0,2204.0,2197.0,1626158|1630551|1642267|1642273|1642358,201566|1627750|1629008|1630192|1631212,2024-25,558
415461,11:41,"Murray STEAL (3 STL): Johnson Lost Ball Turnover (P1.T15)
",0,0,0,0,2025-03-15,0022400975,0,0,DEN,4,0,0,12:00,Off Dead Ball,1,Murray STEAL (3 STL): Johnson Lost Ball Turnover (P1.T15),,DEN,WAS,WAS,1610612764,2025,2160.0,2179.0,2169.5,1626158|1630551|1642267|1642273|1642358,201566|1627750|1629008|1630192|1631212,2024-25,517
415280,03:59,"Kispert 4' Driving Finger Roll Layup (2 PTS) (Poole 2 AST)
",1,1,0,0,2025-03-15,0022400975,0,0,DEN,1,0,-6,04:21,Off Timeout,0,Kispert 4' Driving Finger Roll Layup (2 PTS) (Poole 2 AST),,DEN,WAS,WAS,1610612764,2025,459.0,481.0,470.0,1626158|1629673|1630557|1642267|1642273,203999|1627750|1629618|1630192|1631128,2024-25,96
415279,03:35,"Nnaji STEAL (1 STL): Carrington Bad Pass Turnover (P1.T3)
",0,0,0,0,2025-03-15,0022400975,0,0,DEN,1,0,-7,03:46,Off Arc 3 Make,1,Nnaji STEAL (1 STL): Carrington Bad Pass Turnover (P1.T3),,DEN,WAS,WAS,1610612764,2025,494.0,505.0,499.5,1626158|1629673|1630557|1642267|1642273,203999|1627750|1629618|1630192|1631128,2024-25,109
415278,03:11,"Braun STEAL (2 STL): Holmes Lost Ball Turnover (P1.T4)
",0,0,0,0,2025-03-15,0022400975,0,0,DEN,1,0,-9,03:26,Off Short Mid-Range Make,1,Braun STEAL (2 STL): Holmes Lost Ball Turnover (P1.T4),,DEN,WAS,WAS,1610612764,2025,514.0,529.0,521.5,1626158|1629673|1630557|1642267|1642273,203999|1627750|1629618|1630192|1631128,2024-25,113
415277,02:45,"MISS Carrington 25' 3PT Jump Shot
Murray REBOUND (Off:1 Def:2)
",0,0,1,0,2025-03-15,0022400975,0,0,DEN,1,0,-9,03:01,Off Arc 3 Miss,0,Murray REBOUND (Off:1 Def:2),,DEN,WAS,WAS,1610612764,2025,539.0,555.0,547.0,1626158|1629673|1630557|1642267|1642273,203999|1627750|1629618|1630192|1631128,2024-25,118
415276,02:45,"MISS Carrington 25' 3PT Jump Shot
Murray REBOUND (Off:1 Def:2)
",0,0,1,0,2025-03-15,0022400975,0,0,DEN,1,0,-9,03:01,Off Arc 3 Miss,0,MISS Carrington 25' 3PT Jump Shot,,DEN,WAS,WAS,1610612764,2025,539.0,555.0,547.0,1626158|1629673|1630557|1642267|1642273,203999|1627750|1629618|1630192|1631128,2024-25,118
415275,02:09,"MISS Carrington 1' Driving Layup
Jokić REBOUND (Off:0 Def:2)
",1,0,0,0,2025-03-15,0022400975,0,0,DEN,1,0,-11,02:38,Off Short Mid-Range Make,0,Jokić REBOUND (Off:0 Def:2),,DEN,WAS,WAS,1610612764,2025,562.0,591.0,576.5,1626158|1629673|1630557|1642267|1642273,203999|1627750|1629618|1630192|1631128,2024-25,121
415457,10:18,"Nnaji BLOCK (2 BLK): MISS George 4' Driving Layup
Holmes REBOUND (Off:2 Def:2)
Holmes 4' Putback Layup (6 PTS)
",2,1,0,0,2025-03-15,0022400975,0,1,DEN,4,0,0,10:28,Off At Rim Miss,0,Holmes 4' Putback Layup (6 PTS),,DEN,WAS,WAS,1610612764,2025,2252.0,2262.0,2257.0,1626158|1630551|1642267|1642273|1642358,201566|1627750|1629008|1630192|1631212,2024-25,566
415274,02:09,"MISS Carrington 1' Driving Layup
Jokić REBOUND (Off:0 Def:2)
",1,0,0,0,2025-03-15,0022400975,0,0,DEN,1,0,-11,02:38,Off Short Mid-Range Make,0,MISS Carrington 1' Driving Layup,,DEN,WAS,WAS,1610612764,2025,562.0,591.0,576.5,1626158|1629673|1630557|1642267|1642273,203999|1627750|1629618|1630192|1631128,2024-25,121
415272,01:07,"MISS Champagnie 24' 3PT Jump Shot
Pickett REBOUND (Off:0 Def:1)
",0,0,1,0,2025-03-15,0022400975,0,0,DEN,1,0,-13,01:25,Off Short Mid-Range Make,0,Pickett REBOUND (Off:0 Def:1),,DEN,WAS,WAS,1610612764,2025,635.0,653.0,644.0,1626158|1630551|1630557|1642267|1642358,203999|1629008|1629618|1630192|1631212,2024-25,165
415271,01:07,"MISS Champagnie 24' 3PT Jump Shot
Pickett REBOUND (Off:0 Def:1)
",0,0,1,0,2025-03-15,0022400975,0,0,DEN,1,0,-13,01:25,Off Short Mid-Range Make,0,MISS Champagnie 24' 3PT Jump Shot,,DEN,WAS,WAS,1610612764,2025,635.0,653.0,644.0,1626158|1630551|1630557|1642267|1642358,203999|1629008|1629618|1630192|1631212,2024-25,165
415270,00:35,"MISS Champagnie 24' 3PT Jump Shot
Porter Jr. REBOUND (Off:0 Def:2)
",0,0,1,0,2025-03-15,0022400975,0,0,DEN,1,0,-13,00:54,Off Arc 3 Miss,0,Porter Jr. REBOUND (Off:0 Def:2),,DEN,WAS,WAS,1610612764,2025,666.0,685.0,675.5,1626158|1630551|1630557|1642267|1642358,203999|1629008|1629618|1630192|1631212,2024-25,140
415269,00:35,"MISS Champagnie 24' 3PT Jump Shot
Porter Jr. REBOUND (Off:0 Def:2)
",0,0,1,0,2025-03-15,0022400975,0,0,DEN,1,0,-13,00:54,Off Arc 3 Miss,0,MISS Champagnie 24' 3PT Jump Shot,,DEN,WAS,WAS,1610612764,2025,666.0,685.0,675.5,1626158|1630551|1630557|1642267|1642358,203999|1629008|1629618|1630192|1631212,2024-25,140
415268,00:00,"Pickett P.FOUL (P1.T3) (J.Tiven)
Carrington 18' Fadeaway Bank Shot (2 PTS)
",1,1,0,0,2025-03-15,0022400975,0,0,DEN,1,0,-16,00:17,Off FT Make,0,Carrington 18' Fadeaway Bank Shot (2 PTS),,DEN,WAS,WAS,1610612764,2025,703.0,720.0,711.5,1626158|1630551|1630557|1642267|1642358,203999|1629008|1629618|1630192|1631212,2024-25,171
415453,09:41,"MISS George 27' 3PT Jump Shot
Porter Jr. REBOUND (Off:2 Def:8)
",0,0,1,0,2025-03-15,0022400975,0,0,DEN,4,0,0,10:03,Off At Rim Make,0,MISS George 27' 3PT Jump Shot,,DEN,WAS,WAS,1610612764,2025,2277.0,2299.0,2288.0,1626158|1630551|1642267|1642273|1642358,201566|1627750|1629008|1630192|1631212,2024-25,570
415452,09:19,"George 3' Driving Layup (16 PTS) (Champagnie 2 AST)
",1,1,0,0,2025-03-15,0022400975,0,0,DEN,4,0,0,09:34,Off At Rim Miss,0,George 3' Driving Layup (16 PTS) (Champagnie 2 AST),,DEN,WAS,WAS,1610612764,2025,2306.0,2321.0,2313.5,1626158|1630551|1642267|1642273|1642358,201566|1627750|1629008|1630192|1631212,2024-25,585
415451,08:47,"MISS Carrington 17' Pullup Jump Shot
Champagnie REBOUND (Off:2 Def:9)
Porter Jr. S.FOUL (P3.T1) (M.Kogut)
Champagnie Free Throw 1 of 2 (15 PTS)
Champagnie Free Throw 2 of 2 (16 PTS)
",1,0,0,0,2025-03-15,0022400975,0,1,DEN,4,1,0,09:11,Off At Rim Make,0,Champagnie Free Throw 2 of 2 (16 PTS),,DEN,WAS,WAS,1610612764,2025,2329.0,2353.0,2341.0,1626158|1630551|1642267|1642273|1642358,201566|1627750|1629008|1630192|1631212,2024-25,582
415439,06:39,"MISS Carrington 24' 3PT Step Back Jump Shot
Champagnie REBOUND (Off:3 Def:9)
MISS Johnson 27' 3PT Jump Shot
Jokić REBOUND (Off:3 Def:9)
",0,0,2,0,2025-03-15,0022400975,0,1,DEN,4,0,-5,07:05,Off At Rim Make,0,Jokić REBOUND (Off:3 Def:9),,DEN,WAS,WAS,1610612764,2025,2455.0,2481.0,2468.0,1626158|1630551|1642267|1642273|1642358,201566|203999|1627750|1630192|1631212,2024-25,616
415273,01:41,"Kispert 3' Driving Layup (4 PTS) (Johnson 1 AST)
",1,1,0,0,2025-03-15,0022400975,0,0,DEN,1,0,-13,01:59,Off Timeout,0,Kispert 3' Driving Layup (4 PTS) (Johnson 1 AST),,DEN,WAS,WAS,1610612764,2025,601.0,619.0,610.0,1626158|1630551|1630557|1642267|1642358,203999|1629008|1629618|1630192|1631212,2024-25,129
415377,01:56,"Johnson 3' Running Layup (9 PTS)
",1,1,0,0,2025-03-15,0022400975,0,0,DEN,3,0,-8,02:03,Off Steal,0,Johnson 3' Running Layup (9 PTS),,DEN,WAS,WAS,1610612764,2025,2037.0,2044.0,2040.5,1626158|1630551|1642267|1642273|1642358,203999|1627750|1630192|1631128|1631212,2024-25,514
415410,11:12,"Jokić BLOCK (1 BLK): MISS Sarr 7' Running Layup
NUGGETS Rebound
",1,0,0,0,2025-03-15,0022400975,0,0,DEN,3,0,-9,11:14,Off Arc 3 Miss,0,NUGGETS Rebound,,DEN,WAS,WAS,1610612764,2025,1486.0,1488.0,1487.0,203114|1629673|1630551|1642259|1642273,201566|203999|1627750|1629008|1631128,2024-25,399
415408,10:43,"Porter Jr. S.FOUL (P2.T1) (J.Ralls)
MISS Poole Free Throw 1 of 2
Wizards Rebound
Poole Free Throw 2 of 2 (3 PTS)
",0,0,0,0,2025-03-15,0022400975,0,0,DEN,3,1,-11,10:52,Off At Rim Make,0,Poole Free Throw 2 of 2 (3 PTS),,DEN,WAS,WAS,1610612764,2025,1508.0,1517.0,1512.5,203114|1629673|1630551|1642259|1642273,201566|203999|1627750|1629008|1631128,2024-25,357
415407,10:43,"Porter Jr. S.FOUL (P2.T1) (J.Ralls)
MISS Poole Free Throw 1 of 2
Wizards Rebound
Poole Free Throw 2 of 2 (3 PTS)
",0,0,0,0,2025-03-15,0022400975,0,0,DEN,3,1,-11,10:52,Off At Rim Make,0,Wizards Rebound,,DEN,WAS,WAS,1610612764,2025,1508.0,1517.0,1512.5,203114|1629673|1630551|1642259|1642273,201566|203999|1627750|1629008|1631128,2024-25,357
415406,10:43,"Porter Jr. S.FOUL (P2.T1) (J.Ralls)
MISS Poole Free Throw 1 of 2
Wizards Rebound
Poole Free Throw 2 of 2 (3 PTS)
",0,0,0,0,2025-03-15,0022400975,0,0,DEN,3,1,-11,10:52,Off At Rim Make,0,MISS Poole Free Throw 1 of 2,,DEN,WAS,WAS,1610612764,2025,1508.0,1517.0,1512.5,203114|1629673|1630551|1642259|1642273,201566|203999|1627750|1629008|1631128,2024-25,357
415411,11:32,"MISS George 3PT Jump Shot
Porter Jr. REBOUND (Off:1 Def:5)
",0,0,1,0,2025-03-15,0022400975,0,0,DEN,3,0,-9,11:48,Off Dead Ball,0,MISS George 3PT Jump Shot,,DEN,WAS,WAS,1610612764,2025,1452.0,1468.0,1460.0,203114|1629673|1630551|1642259|1642273,201566|203999|1627750|1629008|1631128,2024-25,359
415405,10:43,"Porter Jr. S.FOUL (P2.T1) (J.Ralls)
MISS Poole Free Throw 1 of 2
Wizards Rebound
Poole Free Throw 2 of 2 (3 PTS)
",0,0,0,0,2025-03-15,0022400975,0,0,DEN,3,1,-11,10:52,Off At Rim Make,0,Porter Jr. S.FOUL (P2.T1) (J.Ralls),,DEN,WAS,WAS,1610612764,2025,1508.0,1517.0,1512.5,203114|1629673|1630551|1642259|1642273,201566|203999|1627750|1629008|1631128,2024-25,357
415427,04:01,"MISS Sarr 13' Fadeaway Jumper
Wizards Rebound
Poole 26' 3PT Step Back Jump Shot (11 PTS) (Sarr 5 AST)
",1,0,1,1,2025-03-15,0022400975,0,1,DEN,4,0,-7,04:28,Off At Rim Make,0,Poole 26' 3PT Step Back Jump Shot (11 PTS) (Sarr 5 AST),,DEN,WAS,WAS,1610612764,2025,2612.0,2639.0,2625.5,1629673|1630551|1642259|1642267|1642273,201566|203999|1629008|1631128|1631212,2024-25,653
415371,00:01,"Watson Personal Take Foul (P3.T4) (J.Tiven)
George 28' 3PT Jump Shot (14 PTS) (Johnson 4 AST)
",0,0,1,1,2025-03-15,0022400975,0,0,DEN,3,0,-3,00:10,Off Arc 3 Miss,0,Watson Personal Take Foul (P3.T4) (J.Tiven),,DEN,WAS,WAS,1610612764,2025,2150.0,2159.0,2154.5,1626158|1630551|1642267|1642273|1642358,203999|1629008|1629618|1630192|1631212,2024-25,464
415409,11:12,"Jokić BLOCK (1 BLK): MISS Sarr 7' Running Layup
NUGGETS Rebound
",1,0,0,0,2025-03-15,0022400975,0,0,DEN,3,0,-9,11:14,Off Arc 3 Miss,0,Jokić BLOCK (1 BLK): MISS Sarr 7' Running Layup,,DEN,WAS,WAS,1610612764,2025,1486.0,1488.0,1487.0,203114|1629673|1630551|1642259|1642273,201566|203999|1627750|1629008|1631128,2024-25,399
415537,05:42,"MISS Jones 28' 3PT Jump Shot
Wizards Rebound
Murray L.B.FOUL (P1.T1) (D.Richardson)
MISS George 22' Pullup Jump Shot
Murray REBOUND (Off:0 Def:6)
",1,0,1,0,2025-03-17,0022400995,0,1,POR,2,0,-2,06:10,Off Arc 3 Miss,0,Wizards Rebound,,POR,WAS,WAS,1610612764,2025,1070.0,1098.0,1084.0,1630264|1642259|1642267|1642273|1642358,1630625|1630703|1631101|1631200|1642270,2024-25,244
415645,10:27,"Banton STEAL (3 STL): Martin Bad Pass Turnover (P3.T11)
",0,0,0,0,2025-03-17,0022400995,0,0,POR,4,0,-22,10:47,Off Arc 3 Make,1,Banton STEAL (3 STL): Martin Bad Pass Turnover (P3.T11),,POR,WAS,WAS,1610612764,2025,2233.0,2253.0,2243.0,1630264|1630551|1641774|1641798|1642358,1629014|1629680|1630166|1630625|1641871,2024-25,525
415646,11:01,"Reath S.FOUL (P3.T1) (R.Acosta)
Vukcevic Free Throw 1 of 2 (8 PTS)
Vukcevic Free Throw 2 of 2 (9 PTS)
",0,0,0,0,2025-03-17,0022400995,0,0,POR,4,1,-21,11:07,Off Corner 3 Miss,0,Reath S.FOUL (P3.T1) (R.Acosta),,POR,WAS,WAS,1610612764,2025,2213.0,2219.0,2216.0,1630264|1630551|1641774|1641798|1642358,1629014|1629680|1630166|1630625|1641871,2024-25,520
415647,11:01,"Reath S.FOUL (P3.T1) (R.Acosta)
Vukcevic Free Throw 1 of 2 (8 PTS)
Vukcevic Free Throw 2 of 2 (9 PTS)
",0,0,0,0,2025-03-17,0022400995,0,0,POR,4,1,-21,11:07,Off Corner 3 Miss,0,Vukcevic Free Throw 1 of 2 (8 PTS),,POR,WAS,WAS,1610612764,2025,2213.0,2219.0,2216.0,1630264|1630551|1641774|1641798|1642358,1629014|1629680|1630166|1630625|1641871,2024-25,520
415469,01:09,"MISS Champagnie 27' 3PT Jump Shot
Thybulle REBOUND (Off:0 Def:1)
",0,0,1,0,2025-03-17,0022400995,0,0,POR,1,0,-1,01:37,Off Arc 3 Make,0,Thybulle REBOUND (Off:0 Def:1),,POR,WAS,WAS,1610612764,2025,623.0,651.0,637.0,1630551|1641732|1641774|1641798|1642267,1629014|1629680|1630703|1631200|1641871,2024-25,145
415649,11:16,"Banton BLOCK (1 BLK): MISS Champagnie 7' Driving Layup
Thybulle REBOUND (Off:1 Def:3)
",1,0,0,0,2025-03-17,0022400995,0,0,POR,4,0,-21,11:35,Off Short Mid-Range Make,0,Banton BLOCK (1 BLK): MISS Champagnie 7' Driving Layup,,POR,WAS,WAS,1610612764,2025,2185.0,2204.0,2194.5,1630264|1630551|1641774|1641798|1642358,1629014|1629680|1630166|1630625|1641871,2024-25,514
415650,11:16,"Banton BLOCK (1 BLK): MISS Champagnie 7' Driving Layup
Thybulle REBOUND (Off:1 Def:3)
",1,0,0,0,2025-03-17,0022400995,0,0,POR,4,0,-21,11:35,Off Short Mid-Range Make,0,Thybulle REBOUND (Off:1 Def:3),,POR,WAS,WAS,1610612764,2025,2185.0,2204.0,2194.5,1630264|1630551|1641774|1641798|1642358,1629014|1629680|1630166|1630625|1641871,2024-25,514
415644,10:05,"Johnson 26' 3PT Jump Shot (6 PTS) (Martin 1 AST)
",0,0,1,1,2025-03-17,0022400995,0,0,POR,4,0,-24,10:23,Off Timeout,0,Johnson 26' 3PT Jump Shot (6 PTS) (Martin 1 AST),,POR,WAS,WAS,1610612764,2025,2257.0,2275.0,2266.0,1630264|1630551|1641774|1641798|1642358,1629680|1630166|1630625|1630703|1641871,2024-25,529
415648,11:01,"Reath S.FOUL (P3.T1) (R.Acosta)
Vukcevic Free Throw 1 of 2 (8 PTS)
Vukcevic Free Throw 2 of 2 (9 PTS)
",0,0,0,0,2025-03-17,0022400995,0,0,POR,4,1,-21,11:07,Off Corner 3 Miss,0,Vukcevic Free Throw 2 of 2 (9 PTS),,POR,WAS,WAS,1610612764,2025,2213.0,2219.0,2216.0,1630264|1630551|1641774|1641798|1642358,1629014|1629680|1630166|1630625|1641871,2024-25,520
415643,09:37,"Vukcevic 28' 3PT Jump Shot (12 PTS) (Johnson 3 AST)
",0,0,1,1,2025-03-17,0022400995,0,0,POR,4,0,-23,09:50,Off At Rim Make,0,Vukcevic 28' 3PT Jump Shot (12 PTS) (Johnson 3 AST),,POR,WAS,WAS,1610612764,2025,2290.0,2303.0,2296.5,1630264|1630551|1641774|1641798|1642358,1629680|1630166|1630625|1630703|1641871,2024-25,536
415640,09:04,"MISS Gill 9' Driving Floating Jump Shot
Wizards Rebound
Henderson L.B.FOUL (P3.T2) (R.Acosta)
Thybulle STEAL (4 STL): Johnson Bad Pass Turnover (P4.T12)
",1,0,0,0,2025-03-17,0022400995,0,1,POR,4,0,-20,09:28,Off Steal,1,Wizards Rebound,,POR,WAS,WAS,1610612764,2025,2312.0,2336.0,2324.0,1630264|1630551|1641774|1641798|1642358,1629680|1630166|1630625|1630703|1641871,2024-25,541
415642,09:04,"MISS Gill 9' Driving Floating Jump Shot
Wizards Rebound
Henderson L.B.FOUL (P3.T2) (R.Acosta)
Thybulle STEAL (4 STL): Johnson Bad Pass Turnover (P4.T12)
",1,0,0,0,2025-03-17,0022400995,0,1,POR,4,0,-20,09:28,Off Steal,1,Thybulle STEAL (4 STL): Johnson Bad Pass Turnover (P4.T12),,POR,WAS,WAS,1610612764,2025,2312.0,2336.0,2324.0,1630264|1630551|1641774|1641798|1642358,1629680|1630166|1630625|1630703|1641871,2024-25,541
415641,09:04,"MISS Gill 9' Driving Floating Jump Shot
Wizards Rebound
Henderson L.B.FOUL (P3.T2) (R.Acosta)
Thybulle STEAL (4 STL): Johnson Bad Pass Turnover (P4.T12)
",1,0,0,0,2025-03-17,0022400995,0,1,POR,4,0,-20,09:28,Off Steal,1,Henderson L.B.FOUL (P3.T2) (R.Acosta),,POR,WAS,WAS,1610612764,2025,2312.0,2336.0,2324.0,1630264|1630551|1641774|1641798|1642358,1629680|1630166|1630625|1630703|1641871,2024-25,541
415468,01:09,"MISS Champagnie 27' 3PT Jump Shot
Thybulle REBOUND (Off:0 Def:1)
",0,0,1,0,2025-03-17,0022400995,0,0,POR,1,0,-1,01:37,Off Arc 3 Make,0,MISS Champagnie 27' 3PT Jump Shot,,POR,WAS,WAS,1610612764,2025,623.0,651.0,637.0,1630551|1641732|1641774|1641798|1642267,1629014|1629680|1630703|1631200|1641871,2024-25,145
415639,09:04,"MISS Gill 9' Driving Floating Jump Shot
Wizards Rebound
Henderson L.B.FOUL (P3.T2) (R.Acosta)
Thybulle STEAL (4 STL): Johnson Bad Pass Turnover (P4.T12)
",1,0,0,0,2025-03-17,0022400995,0,1,POR,4,0,-20,09:28,Off Steal,1,MISS Gill 9' Driving Floating Jump Shot,,POR,WAS,WAS,1610612764,2025,2312.0,2336.0,2324.0,1630264|1630551|1641774|1641798|1642358,1629680|1630166|1630625|1630703|1641871,2024-25,541
415638,08:45,"MISS Johnson 27' 3PT Step Back Jump Shot
Banton REBOUND (Off:0 Def:1)
",0,0,1,0,2025-03-17,0022400995,0,0,POR,4,0,-20,08:51,Off Arc 3 Miss,0,Banton REBOUND (Off:0 Def:1),,POR,WAS,WAS,1610612764,2025,2349.0,2355.0,2352.0,1630264|1630551|1641774|1641798|1642358,1629680|1630166|1630625|1630703|1641871,2024-25,584
415637,08:45,"MISS Johnson 27' 3PT Step Back Jump Shot
Banton REBOUND (Off:0 Def:1)
",0,0,1,0,2025-03-17,0022400995,0,0,POR,4,0,-20,08:51,Off Arc 3 Miss,0,MISS Johnson 27' 3PT Step Back Jump Shot,,POR,WAS,WAS,1610612764,2025,2349.0,2355.0,2352.0,1630264|1630551|1641774|1641798|1642358,1629680|1630166|1630625|1630703|1641871,2024-25,584
415636,08:21,"MISS Champagnie 5' Driving Floating Jump Shot
Henderson REBOUND (Off:2 Def:2)
",1,0,0,0,2025-03-17,0022400995,0,0,POR,4,0,-22,08:39,Off Timeout,0,Henderson REBOUND (Off:2 Def:2),,POR,WAS,WAS,1610612764,2025,2361.0,2379.0,2370.0,1630264|1630551|1641774|1641798|1642358,1629680|1630625|1630703|1631200|1641871,2024-25,555
415635,08:21,"MISS Champagnie 5' Driving Floating Jump Shot
Henderson REBOUND (Off:2 Def:2)
",1,0,0,0,2025-03-17,0022400995,0,0,POR,4,0,-22,08:39,Off Timeout,0,MISS Champagnie 5' Driving Floating Jump Shot,,POR,WAS,WAS,1610612764,2025,2361.0,2379.0,2370.0,1630264|1630551|1641774|1641798|1642358,1629680|1630625|1630703|1631200|1641871,2024-25,555
415470,01:47,"MISS Martin 3' Driving Dunk
Murray REBOUND (Off:0 Def:3)
",1,0,0,0,2025-03-17,0022400995,0,0,POR,1,0,2,02:08,Off Steal,0,MISS Martin 3' Driving Dunk,,POR,WAS,WAS,1610612764,2025,592.0,613.0,602.5,1630551|1641732|1641774|1641798|1642267,1629014|1629680|1630703|1631200|1641871,2024-25,141
415634,07:52,"MISS Vukcevic 8' Driving Floating Jump Shot
Vukcevic REBOUND (Off:1 Def:6)
Vukcevic 3' Putback Layup (14 PTS)
",2,1,0,0,2025-03-17,0022400995,0,1,POR,4,0,-22,08:09,Off Short Mid-Range Miss,0,Vukcevic 3' Putback Layup (14 PTS),,POR,WAS,WAS,1610612764,2025,2391.0,2408.0,2399.5,1630264|1630551|1641774|1641798|1642358,1629680|1630625|1630703|1631200|1641871,2024-25,564
415611,01:16,"MISS Vukcevic 28' 3PT Jump Shot
Henderson REBOUND (Off:2 Def:3)
",0,0,1,0,2025-03-17,0022400995,0,0,POR,4,0,-15,01:33,Off At Rim Make,0,Henderson REBOUND (Off:2 Def:3),,POR,WAS,WAS,1610612764,2025,2787.0,2804.0,2795.5,1630264|1641732|1641774|1641798|1642358,1630625|1630703|1631121|1631200|1642270,2024-25,637
415632,07:52,"MISS Vukcevic 8' Driving Floating Jump Shot
Vukcevic REBOUND (Off:1 Def:6)
Vukcevic 3' Putback Layup (14 PTS)
",2,1,0,0,2025-03-17,0022400995,0,1,POR,4,0,-22,08:09,Off Short Mid-Range Miss,0,MISS Vukcevic 8' Driving Floating Jump Shot,,POR,WAS,WAS,1610612764,2025,2391.0,2408.0,2399.5,1630264|1630551|1641774|1641798|1642358,1629680|1630625|1630703|1631200|1641871,2024-25,564
415628,06:03,"Thybulle STEAL (5 STL): Johnson Bad Pass Turnover (P5.T13)
",0,0,0,0,2025-03-17,0022400995,0,0,POR,4,0,-17,06:17,Off At Rim Make,1,Thybulle STEAL (5 STL): Johnson Bad Pass Turnover (P5.T13),,POR,WAS,WAS,1610612764,2025,2503.0,2517.0,2510.0,1630264|1641732|1641774|1641798|1642358,1629680|1630625|1630703|1631200|1641871,2024-25,626
415627,05:43,"Jones 14' Driving Floating Jump Shot (2 PTS) (Martin 2 AST)
",1,1,0,0,2025-03-17,0022400995,0,0,POR,4,0,-19,05:58,Off Short Mid-Range Make,0,Jones 14' Driving Floating Jump Shot (2 PTS) (Martin 2 AST),,POR,WAS,WAS,1610612764,2025,2522.0,2537.0,2529.5,1630264|1641732|1641774|1641798|1642358,1629680|1630625|1630703|1631200|1641871,2024-25,587
415626,05:24,"MISS Vukcevic 3' Running Layup
Martin REBOUND (Off:2 Def:4)
Martin Tip Dunk Shot (11 PTS)
",2,1,0,0,2025-03-17,0022400995,0,1,POR,4,0,-17,05:29,Off Steal,0,Martin Tip Dunk Shot (11 PTS),,POR,WAS,WAS,1610612764,2025,2551.0,2556.0,2553.5,1630264|1641732|1641774|1641798|1642358,1629680|1630625|1630703|1631200|1641871,2024-25,591
415625,05:24,"MISS Vukcevic 3' Running Layup
Martin REBOUND (Off:2 Def:4)
Martin Tip Dunk Shot (11 PTS)
",2,1,0,0,2025-03-17,0022400995,0,1,POR,4,0,-17,05:29,Off Steal,0,Martin REBOUND (Off:2 Def:4),,POR,WAS,WAS,1610612764,2025,2551.0,2556.0,2553.5,1630264|1641732|1641774|1641798|1642358,1629680|1630625|1630703|1631200|1641871,2024-25,591
415624,05:24,"MISS Vukcevic 3' Running Layup
Martin REBOUND (Off:2 Def:4)
Martin Tip Dunk Shot (11 PTS)
",2,1,0,0,2025-03-17,0022400995,0,1,POR,4,0,-17,05:29,Off Steal,0,MISS Vukcevic 3' Running Layup,,POR,WAS,WAS,1610612764,2025,2551.0,2556.0,2553.5,1630264|1641732|1641774|1641798|1642358,1629680|1630625|1630703|1631200|1641871,2024-25,591
415623,04:53,"Johnson 2' Driving Finger Roll Layup (8 PTS) (Jones 3 AST)
",1,1,0,0,2025-03-17,0022400995,0,0,POR,4,0,-15,05:08,Off Corner 3 Miss,0,Johnson 2' Driving Finger Roll Layup (8 PTS) (Jones 3 AST),,POR,WAS,WAS,1610612764,2025,2572.0,2587.0,2579.5,1630264|1641732|1641774|1641798|1642358,1629680|1630625|1630703|1631200|1641871,2024-25,596
415622,04:33,"Murray S.FOUL (P2.T3) (D.Richardson)
MISS Gill Free Throw 1 of 2
Wizards Rebound
Gill Free Throw 2 of 2 (7 PTS)
",0,0,0,0,2025-03-17,0022400995,0,0,POR,4,1,-13,04:37,Off Arc 3 Miss,0,Gill Free Throw 2 of 2 (7 PTS),,POR,WAS,WAS,1610612764,2025,2603.0,2607.0,2605.0,1630264|1641732|1641774|1641798|1642358,1629680|1630625|1630703|1631200|1641871,2024-25,622
415620,04:33,"Murray S.FOUL (P2.T3) (D.Richardson)
MISS Gill Free Throw 1 of 2
Wizards Rebound
Gill Free Throw 2 of 2 (7 PTS)
",0,0,0,0,2025-03-17,0022400995,0,0,POR,4,1,-13,04:37,Off Arc 3 Miss,0,MISS Gill Free Throw 1 of 2,,POR,WAS,WAS,1610612764,2025,2603.0,2607.0,2605.0,1630264|1641732|1641774|1641798|1642358,1629680|1630625|1630703|1631200|1641871,2024-25,622
415609,00:36,"Reath STEAL (1 STL): Vukcevic Lost Ball Turnover (P3.T16)
",0,0,0,0,2025-03-17,0022400995,0,0,POR,4,0,-15,00:52,Off Short Mid-Range Miss,1,Reath STEAL (1 STL): Vukcevic Lost Ball Turnover (P3.T16),,POR,WAS,WAS,1610612764,2025,2828.0,2844.0,2836.0,1630264|1641732|1641774|1641798|1642358,1630625|1631121|1631200|1631303|1641871,2024-25,688
415619,04:33,"Murray S.FOUL (P2.T3) (D.Richardson)
MISS Gill Free Throw 1 of 2
Wizards Rebound
Gill Free Throw 2 of 2 (7 PTS)
",0,0,0,0,2025-03-17,0022400995,0,0,POR,4,1,-13,04:37,Off Arc 3 Miss,0,Murray S.FOUL (P2.T3) (D.Richardson),,POR,WAS,WAS,1610612764,2025,2603.0,2607.0,2605.0,1630264|1641732|1641774|1641798|1642358,1629680|1630625|1630703|1631200|1641871,2024-25,622
415618,03:46,"MISS Vukcevic 26' 3PT Step Back Jump Shot
McGowens REBOUND (Off:0 Def:1)
",0,0,1,0,2025-03-17,0022400995,0,0,POR,4,0,-12,04:09,Off Dead Ball,0,McGowens REBOUND (Off:0 Def:1),,POR,WAS,WAS,1610612764,2025,2631.0,2654.0,2642.5,1630264|1641732|1641774|1641798|1642358,1630625|1630703|1631121|1631200|1642270,2024-25,656
415617,03:46,"MISS Vukcevic 26' 3PT Step Back Jump Shot
McGowens REBOUND (Off:0 Def:1)
",0,0,1,0,2025-03-17,0022400995,0,0,POR,4,0,-12,04:09,Off Dead Ball,0,MISS Vukcevic 26' 3PT Step Back Jump Shot,,POR,WAS,WAS,1610612764,2025,2631.0,2654.0,2642.5,1630264|1641732|1641774|1641798|1642358,1630625|1630703|1631121|1631200|1642270,2024-25,656
415565,00:00,"MISS Carrington 28' 3PT Pullup Jump Shot
Champagnie REBOUND (Off:2 Def:1)
Henderson P.FOUL (P2.T1) (R.Acosta)
MISS Martin 3PT Jump Shot
Wizards Rebound
",0,0,2,0,2025-03-17,0022400995,0,1,POR,3,0,-19,00:29,Off Arc 3 Miss,0,Wizards Rebound,,POR,WAS,WAS,1610612764,2025,2131.0,2160.0,2145.5,1630264|1630551|1641774|1641798|1642267,1629680|1630625|1630703|1631200|1641871,2024-25,494
415615,03:12,"MISS Jones 17' Turnaround Fadeaway Shot
Clingan REBOUND (Off:6 Def:6)
",1,0,0,0,2025-03-17,0022400995,0,0,POR,4,0,-12,03:39,Off Dead Ball,0,MISS Jones 17' Turnaround Fadeaway Shot,,POR,WAS,WAS,1610612764,2025,2661.0,2688.0,2674.5,1630264|1641732|1641774|1641798|1642358,1630625|1630703|1631121|1631200|1642270,2024-25,617
415614,02:56,"Murray STEAL (3 STL): Johnson Bad Pass Turnover (P6.T14)
",0,0,0,0,2025-03-17,0022400995,0,0,POR,4,0,-12,03:02,Off Block,1,Murray STEAL (3 STL): Johnson Bad Pass Turnover (P6.T14),,POR,WAS,WAS,1610612764,2025,2698.0,2704.0,2701.0,1630264|1641732|1641774|1641798|1642358,1630625|1630703|1631121|1631200|1642270,2024-25,623
415613,02:16,"Vukcevic 27' 3PT Jump Shot (17 PTS) (Martin 3 AST)
",0,0,1,1,2025-03-17,0022400995,0,0,POR,4,0,-14,02:40,Off At Rim Make,0,Vukcevic 27' 3PT Jump Shot (17 PTS) (Martin 3 AST),,POR,WAS,WAS,1610612764,2025,2720.0,2744.0,2732.0,1630264|1641732|1641774|1641798|1642358,1630625|1630703|1631121|1631200|1642270,2024-25,626
415612,01:42,"Murray STEAL (4 STL): Vukcevic Bad Pass Turnover (P2.T15)
",0,0,0,0,2025-03-17,0022400995,0,0,POR,4,0,-13,01:53,Off At Rim Make,1,Murray STEAL (4 STL): Vukcevic Bad Pass Turnover (P2.T15),,POR,WAS,WAS,1610612764,2025,2767.0,2778.0,2772.5,1630264|1641732|1641774|1641798|1642358,1630625|1630703|1631121|1631200|1642270,2024-25,632
415610,01:16,"MISS Vukcevic 28' 3PT Jump Shot
Henderson REBOUND (Off:2 Def:3)
",0,0,1,0,2025-03-17,0022400995,0,0,POR,4,0,-15,01:33,Off At Rim Make,0,MISS Vukcevic 28' 3PT Jump Shot,,POR,WAS,WAS,1610612764,2025,2787.0,2804.0,2795.5,1630264|1641732|1641774|1641798|1642358,1630625|1630703|1631121|1631200|1642270,2024-25,637
415631,07:28,"Gill 2' Driving Layup (4 PTS) (Champagnie 2 AST)
",1,1,0,0,2025-03-17,0022400995,0,0,POR,4,0,-20,07:35,Off Arc 3 Miss,0,Gill 2' Driving Layup (4 PTS) (Champagnie 2 AST),,POR,WAS,WAS,1610612764,2025,2425.0,2432.0,2428.5,1630264|1630551|1641774|1641798|1642358,1629680|1630625|1630703|1631200|1641871,2024-25,569
415633,07:52,"MISS Vukcevic 8' Driving Floating Jump Shot
Vukcevic REBOUND (Off:1 Def:6)
Vukcevic 3' Putback Layup (14 PTS)
",2,1,0,0,2025-03-17,0022400995,0,1,POR,4,0,-22,08:09,Off Short Mid-Range Miss,0,Vukcevic REBOUND (Off:1 Def:6),,POR,WAS,WAS,1610612764,2025,2391.0,2408.0,2399.5,1630264|1630551|1641774|1641798|1642358,1629680|1630625|1630703|1631200|1641871,2024-25,564
415616,03:12,"MISS Jones 17' Turnaround Fadeaway Shot
Clingan REBOUND (Off:6 Def:6)
",1,0,0,0,2025-03-17,0022400995,0,0,POR,4,0,-12,03:39,Off Dead Ball,0,Clingan REBOUND (Off:6 Def:6),,POR,WAS,WAS,1610612764,2025,2661.0,2688.0,2674.5,1630264|1641732|1641774|1641798|1642358,1630625|1630703|1631121|1631200|1642270,2024-25,617
415582,05:01,"MISS Johnson 3' Running Layup
Sarr REBOUND (Off:4 Def:0)
MISS Sarr 3' Turnaround Hook Shot
Jones REBOUND (Off:2 Def:1)
MISS Johnson 25' 3PT Jump Shot
Avdija REBOUND (Off:0 Def:5)
",2,0,1,0,2025-03-17,0022400995,0,2,POR,3,0,-14,05:21,Off Steal,0,MISS Sarr 3' Turnaround Hook Shot,,POR,WAS,WAS,1610612764,2025,1839.0,1859.0,1849.0,1630551|1641732|1642259|1642267|1642358,1630166|1630703|1631101|1631200|1642270,2024-25,430
415586,05:38,"Sarr 5' Driving Floating Jump Shot (20 PTS) (Carrington 6 AST)
",1,1,0,0,2025-03-17,0022400995,0,0,POR,3,0,-16,05:52,Off Short Mid-Range Make,0,Sarr 5' Driving Floating Jump Shot (20 PTS) (Carrington 6 AST),,POR,WAS,WAS,1610612764,2025,1808.0,1822.0,1815.0,1630551|1641732|1642259|1642267|1642358,1630166|1630703|1631101|1631200|1642270,2024-25,427
415606,11:40,"Sharpe STEAL (2 STL): George Lost Ball Turnover (P1.T8)
",0,0,0,0,2025-03-17,0022400995,0,0,POR,3,0,-10,11:55,Off Short Mid-Range Miss,1,Sharpe STEAL (2 STL): George Lost Ball Turnover (P1.T8),,POR,WAS,WAS,1610612764,2025,1445.0,1460.0,1452.5,1641732|1642259|1642267|1642273|1642358,1629014|1630166|1631101|1631200|1642270,2024-25,357
415605,11:24,"Sarr 4' Driving Floating Jump Shot (12 PTS)
",1,1,0,0,2025-03-17,0022400995,0,0,POR,3,0,-12,11:36,Off At Rim Make,0,Sarr 4' Driving Floating Jump Shot (12 PTS),,POR,WAS,WAS,1610612764,2025,1464.0,1476.0,1470.0,1641732|1642259|1642267|1642273|1642358,1629014|1630166|1631101|1631200|1642270,2024-25,360
415588,06:09,"MISS Sarr 27' 3PT Jump Shot
TRAIL BLAZERS Rebound
",0,0,1,0,2025-03-17,0022400995,0,0,POR,3,0,-14,06:29,Off FT Miss,0,TRAIL BLAZERS Rebound,,POR,WAS,WAS,1610612764,2025,1771.0,1791.0,1781.0,1630551|1641732|1642259|1642267|1642358,1630166|1630703|1631101|1631200|1642270,2024-25,411
415603,10:21,"Sarr 27' 3PT Jump Shot (15 PTS) (Carrington 3 AST)
",0,0,1,1,2025-03-17,0022400995,0,0,POR,3,0,-11,10:28,Off Arc 3 Miss,0,Sarr 27' 3PT Jump Shot (15 PTS) (Carrington 3 AST),,POR,WAS,WAS,1610612764,2025,1532.0,1539.0,1535.5,1641732|1642259|1642267|1642273|1642358,1629014|1630166|1631101|1631200|1642270,2024-25,367
415602,09:45,"Sarr 27' 3PT Jump Shot (18 PTS) (Carrington 4 AST)
",0,0,1,1,2025-03-17,0022400995,0,0,POR,3,0,-11,10:00,Off Arc 3 Make,0,Sarr 27' 3PT Jump Shot (18 PTS) (Carrington 4 AST),,POR,WAS,WAS,1610612764,2025,1560.0,1575.0,1567.5,1641732|1642259|1642267|1642273|1642358,1629014|1630166|1631101|1631200|1642270,2024-25,370
415601,08:35,"MISS George 4' Driving Layup
Sarr REBOUND (Off:2 Def:0)
MISS Sarr 4' Putback Layup
Sarr REBOUND (Off:3 Def:0)
MISS Carrington 3PT Step Back Jump Shot
Sharpe REBOUND (Off:0 Def:3)
",2,0,1,0,2025-03-17,0022400995,0,2,POR,3,0,-10,09:12,Off Short Mid-Range Make,0,Sharpe REBOUND (Off:0 Def:3),,POR,WAS,WAS,1610612764,2025,1608.0,1645.0,1626.5,1641732|1642259|1642267|1642273|1642358,1629014|1630166|1631101|1631200|1642270,2024-25,380
415600,08:35,"MISS George 4' Driving Layup
Sarr REBOUND (Off:2 Def:0)
MISS Sarr 4' Putback Layup
Sarr REBOUND (Off:3 Def:0)
MISS Carrington 3PT Step Back Jump Shot
Sharpe REBOUND (Off:0 Def:3)
",2,0,1,0,2025-03-17,0022400995,0,2,POR,3,0,-10,09:12,Off Short Mid-Range Make,0,MISS Carrington 3PT Step Back Jump Shot,,POR,WAS,WAS,1610612764,2025,1608.0,1645.0,1626.5,1641732|1642259|1642267|1642273|1642358,1629014|1630166|1631101|1631200|1642270,2024-25,380
415599,08:35,"MISS George 4' Driving Layup
Sarr REBOUND (Off:2 Def:0)
MISS Sarr 4' Putback Layup
Sarr REBOUND (Off:3 Def:0)
MISS Carrington 3PT Step Back Jump Shot
Sharpe REBOUND (Off:0 Def:3)
",2,0,1,0,2025-03-17,0022400995,0,2,POR,3,0,-10,09:12,Off Short Mid-Range Make,0,Sarr REBOUND (Off:3 Def:0),,POR,WAS,WAS,1610612764,2025,1608.0,1645.0,1626.5,1641732|1642259|1642267|1642273|1642358,1629014|1630166|1631101|1631200|1642270,2024-25,380
415604,10:50,"George 6' Driving Layup (8 PTS)
",1,1,0,0,2025-03-17,0022400995,0,0,POR,3,0,-13,11:15,Off Arc 3 Make,0,George 6' Driving Layup (8 PTS),,POR,WAS,WAS,1610612764,2025,1485.0,1510.0,1497.5,1641732|1642259|1642267|1642273|1642358,1629014|1630166|1631101|1631200|1642270,2024-25,363
415597,08:35,"MISS George 4' Driving Layup
Sarr REBOUND (Off:2 Def:0)
MISS Sarr 4' Putback Layup
Sarr REBOUND (Off:3 Def:0)
MISS Carrington 3PT Step Back Jump Shot
Sharpe REBOUND (Off:0 Def:3)
",2,0,1,0,2025-03-17,0022400995,0,2,POR,3,0,-10,09:12,Off Short Mid-Range Make,0,Sarr REBOUND (Off:2 Def:0),,POR,WAS,WAS,1610612764,2025,1608.0,1645.0,1626.5,1641732|1642259|1642267|1642273|1642358,1629014|1630166|1631101|1631200|1642270,2024-25,380
415592,07:33,"MISS George 28' 3PT Pullup Jump Shot
Murray REBOUND (Off:0 Def:7)
",0,0,1,0,2025-03-17,0022400995,0,0,POR,3,0,-13,07:53,Off Dead Ball,0,MISS George 28' 3PT Pullup Jump Shot,,POR,WAS,WAS,1610612764,2025,1687.0,1707.0,1697.0,1641732|1642259|1642267|1642273|1642358,1629014|1630166|1631101|1631200|1642270,2024-25,388
415589,06:36,"MISS George 26' 3PT Jump Shot
Sharpe REBOUND (Off:1 Def:4)
",0,0,1,0,2025-03-17,0022400995,0,0,POR,3,0,-14,06:46,Off Short Mid-Range Make,0,MISS George 26' 3PT Jump Shot,,POR,WAS,WAS,1610612764,2025,1754.0,1764.0,1759.0,1641732|1642259|1642267|1642273|1642358,1629014|1630166|1631101|1631200|1642270,2024-25,411
415596,08:35,"MISS George 4' Driving Layup
Sarr REBOUND (Off:2 Def:0)
MISS Sarr 4' Putback Layup
Sarr REBOUND (Off:3 Def:0)
MISS Carrington 3PT Step Back Jump Shot
Sharpe REBOUND (Off:0 Def:3)
",2,0,1,0,2025-03-17,0022400995,0,2,POR,3,0,-10,09:12,Off Short Mid-Range Make,0,MISS George 4' Driving Layup,,POR,WAS,WAS,1610612764,2025,1608.0,1645.0,1626.5,1641732|1642259|1642267|1642273|1642358,1629014|1630166|1631101|1631200|1642270,2024-25,380
415590,06:36,"MISS George 26' 3PT Jump Shot
Sharpe REBOUND (Off:1 Def:4)
",0,0,1,0,2025-03-17,0022400995,0,0,POR,3,0,-14,06:46,Off Short Mid-Range Make,0,Sharpe REBOUND (Off:1 Def:4),,POR,WAS,WAS,1610612764,2025,1754.0,1764.0,1759.0,1641732|1642259|1642267|1642273|1642358,1629014|1630166|1631101|1631200|1642270,2024-25,411
415591,07:09,"George 28' 3PT Jump Shot (11 PTS) (Carrington 5 AST)
",0,0,1,1,2025-03-17,0022400995,0,0,POR,3,0,-15,07:21,Off Timeout,0,George 28' 3PT Jump Shot (11 PTS) (Carrington 5 AST),,POR,WAS,WAS,1610612764,2025,1719.0,1731.0,1725.0,1641732|1642259|1642267|1642273|1642358,1629014|1630166|1631101|1631200|1642270,2024-25,405
415472,02:24,"Reath S.FOUL (P2.T4) (D.Richardson)
MISS Carrington Free Throw 1 of 2
Wizards Rebound
Carrington Free Throw 2 of 2 (1 PTS)
",0,0,0,0,2025-03-17,0022400995,0,0,POR,1,1,1,02:46,Off FT Make,0,Reath S.FOUL (P2.T4) (D.Richardson),,POR,WAS,WAS,1610612764,2025,554.0,576.0,565.0,1630551|1641732|1641774|1641798|1642267,1629014|1629680|1630703|1631200|1641871,2024-25,131
415593,07:33,"MISS George 28' 3PT Pullup Jump Shot
Murray REBOUND (Off:0 Def:7)
",0,0,1,0,2025-03-17,0022400995,0,0,POR,3,0,-13,07:53,Off Dead Ball,0,Murray REBOUND (Off:0 Def:7),,POR,WAS,WAS,1610612764,2025,1687.0,1707.0,1697.0,1641732|1642259|1642267|1642273|1642358,1629014|1630166|1631101|1631200|1642270,2024-25,388
415595,08:00,"MISS Jones 3PT Jump Shot
Clingan REBOUND (Off:6 Def:5)
",0,0,1,0,2025-03-17,0022400995,0,0,POR,3,0,-12,08:21,Off Long Mid-Range Make,0,Clingan REBOUND (Off:6 Def:5),,POR,WAS,WAS,1610612764,2025,1659.0,1680.0,1669.5,1641732|1642259|1642267|1642273|1642358,1629014|1630166|1631101|1631200|1642270,2024-25,391
415594,08:00,"MISS Jones 3PT Jump Shot
Clingan REBOUND (Off:6 Def:5)
",0,0,1,0,2025-03-17,0022400995,0,0,POR,3,0,-12,08:21,Off Long Mid-Range Make,0,MISS Jones 3PT Jump Shot,,POR,WAS,WAS,1610612764,2025,1659.0,1680.0,1669.5,1641732|1642259|1642267|1642273|1642358,1629014|1630166|1631101|1631200|1642270,2024-25,391
415598,08:35,"MISS George 4' Driving Layup
Sarr REBOUND (Off:2 Def:0)
MISS Sarr 4' Putback Layup
Sarr REBOUND (Off:3 Def:0)
MISS Carrington 3PT Step Back Jump Shot
Sharpe REBOUND (Off:0 Def:3)
",2,0,1,0,2025-03-17,0022400995,0,2,POR,3,0,-10,09:12,Off Short Mid-Range Make,0,MISS Sarr 4' Putback Layup,,POR,WAS,WAS,1610612764,2025,1608.0,1645.0,1626.5,1641732|1642259|1642267|1642273|1642358,1629014|1630166|1631101|1631200|1642270,2024-25,380
415608,00:00,,0,0,0,0,2025-03-17,0022400995,0,0,POR,4,0,-15,00:12,Off Dead Ball,0,,,POR,WAS,WAS,1610612764,2025,2868.0,2880.0,2874.0,1630264|1641732|1641774|1641798|1642358,1630625|1631121|1631200|1631303|1641871,2024-25,715
415587,06:09,"MISS Sarr 27' 3PT Jump Shot
TRAIL BLAZERS Rebound
",0,0,1,0,2025-03-17,0022400995,0,0,POR,3,0,-14,06:29,Off FT Miss,0,MISS Sarr 27' 3PT Jump Shot,,POR,WAS,WAS,1610612764,2025,1771.0,1791.0,1781.0,1630551|1641732|1642259|1642267|1642358,1630166|1630703|1631101|1631200|1642270,2024-25,411
415585,05:01,"MISS Johnson 3' Running Layup
Sarr REBOUND (Off:4 Def:0)
MISS Sarr 3' Turnaround Hook Shot
Jones REBOUND (Off:2 Def:1)
MISS Johnson 25' 3PT Jump Shot
Avdija REBOUND (Off:0 Def:5)
",2,0,1,0,2025-03-17,0022400995,0,2,POR,3,0,-14,05:21,Off Steal,0,Avdija REBOUND (Off:0 Def:5),,POR,WAS,WAS,1610612764,2025,1839.0,1859.0,1849.0,1630551|1641732|1642259|1642267|1642358,1630166|1630703|1631101|1631200|1642270,2024-25,430
415584,05:01,"MISS Johnson 3' Running Layup
Sarr REBOUND (Off:4 Def:0)
MISS Sarr 3' Turnaround Hook Shot
Jones REBOUND (Off:2 Def:1)
MISS Johnson 25' 3PT Jump Shot
Avdija REBOUND (Off:0 Def:5)
",2,0,1,0,2025-03-17,0022400995,0,2,POR,3,0,-14,05:21,Off Steal,0,MISS Johnson 25' 3PT Jump Shot,,POR,WAS,WAS,1610612764,2025,1839.0,1859.0,1849.0,1630551|1641732|1642259|1642267|1642358,1630166|1630703|1631101|1631200|1642270,2024-25,430
415583,05:01,"MISS Johnson 3' Running Layup
Sarr REBOUND (Off:4 Def:0)
MISS Sarr 3' Turnaround Hook Shot
Jones REBOUND (Off:2 Def:1)
MISS Johnson 25' 3PT Jump Shot
Avdija REBOUND (Off:0 Def:5)
",2,0,1,0,2025-03-17,0022400995,0,2,POR,3,0,-14,05:21,Off Steal,0,Jones REBOUND (Off:2 Def:1),,POR,WAS,WAS,1610612764,2025,1839.0,1859.0,1849.0,1630551|1641732|1642259|1642267|1642358,1630166|1630703|1631101|1631200|1642270,2024-25,430
415629,06:33,"Martin 25' 3PT Jump Shot (9 PTS) (Johnson 4 AST)
",0,0,1,1,2025-03-17,0022400995,0,0,POR,4,0,-18,06:50,Off At Rim Make,0,Martin 25' 3PT Jump Shot (9 PTS) (Johnson 4 AST),,POR,WAS,WAS,1610612764,2025,2470.0,2487.0,2478.5,1630264|1641732|1641774|1641798|1642358,1629680|1630625|1630703|1631200|1641871,2024-25,579
415581,05:01,"MISS Johnson 3' Running Layup
Sarr REBOUND (Off:4 Def:0)
MISS Sarr 3' Turnaround Hook Shot
Jones REBOUND (Off:2 Def:1)
MISS Johnson 25' 3PT Jump Shot
Avdija REBOUND (Off:0 Def:5)
",2,0,1,0,2025-03-17,0022400995,0,2,POR,3,0,-14,05:21,Off Steal,0,Sarr REBOUND (Off:4 Def:0),,POR,WAS,WAS,1610612764,2025,1839.0,1859.0,1849.0,1630551|1641732|1642259|1642267|1642358,1630166|1630703|1631101|1631200|1642270,2024-25,430
415580,05:01,"MISS Johnson 3' Running Layup
Sarr REBOUND (Off:4 Def:0)
MISS Sarr 3' Turnaround Hook Shot
Jones REBOUND (Off:2 Def:1)
MISS Johnson 25' 3PT Jump Shot
Avdija REBOUND (Off:0 Def:5)
",2,0,1,0,2025-03-17,0022400995,0,2,POR,3,0,-14,05:21,Off Steal,0,MISS Johnson 3' Running Layup,,POR,WAS,WAS,1610612764,2025,1839.0,1859.0,1849.0,1630551|1641732|1642259|1642267|1642358,1630166|1630703|1631101|1631200|1642270,2024-25,430
415579,04:34,"MISS Sarr 26' 3PT Jump Shot
Avdija REBOUND (Off:0 Def:6)
",0,0,1,0,2025-03-17,0022400995,0,0,POR,3,0,-17,04:58,Off Arc 3 Make,0,Avdija REBOUND (Off:0 Def:6),,POR,WAS,WAS,1610612764,2025,1862.0,1886.0,1874.0,1630551|1641732|1642259|1642267|1642358,1630166|1630703|1631101|1631200|1642270,2024-25,476
415607,11:57,"Sharpe STEAL (1 STL): Jones Bad Pass Turnover (P1.T7)
",0,0,0,0,2025-03-17,0022400995,0,0,POR,3,0,-10,12:00,Off Dead Ball,1,Sharpe STEAL (1 STL): Jones Bad Pass Turnover (P1.T7),,POR,WAS,WAS,1610612764,2025,1440.0,1443.0,1441.5,1641732|1642259|1642267|1642273|1642358,1629014|1630166|1631101|1631200|1642270,2024-25,347
415577,04:15,"Murray STEAL (2 STL): Carrington Bad Pass Turnover (P1.T9)
",0,0,0,0,2025-03-17,0022400995,0,0,POR,3,0,-17,04:23,Off Timeout,1,Murray STEAL (2 STL): Carrington Bad Pass Turnover (P1.T9),,POR,WAS,WAS,1610612764,2025,1897.0,1905.0,1901.0,1630551|1641732|1642259|1642267|1642358,1630166|1630703|1631101|1631200|1642270,2024-25,492
415576,03:49,"MISS Champagnie 27' 3PT Pullup Jump Shot
Murray REBOUND (Off:0 Def:8)
",0,0,1,0,2025-03-17,0022400995,0,0,POR,3,0,-19,04:11,Off At Rim Make,0,Murray REBOUND (Off:0 Def:8),,POR,WAS,WAS,1610612764,2025,1909.0,1931.0,1920.0,1630264|1630551|1641774|1641798|1642267,1629680|1630703|1631101|1631200|1641871,2024-25,441
415575,03:49,"MISS Champagnie 27' 3PT Pullup Jump Shot
Murray REBOUND (Off:0 Def:8)
",0,0,1,0,2025-03-17,0022400995,0,0,POR,3,0,-19,04:11,Off At Rim Make,0,MISS Champagnie 27' 3PT Pullup Jump Shot,,POR,WAS,WAS,1610612764,2025,1909.0,1931.0,1920.0,1630264|1630551|1641774|1641798|1642267,1629680|1630703|1631101|1631200|1641871,2024-25,441
415574,03:08,"MISS Gill 3' Driving Layup
Murray REBOUND (Off:0 Def:9)
",1,0,0,0,2025-03-17,0022400995,0,0,POR,3,0,-19,03:22,Off Long Mid-Range Miss,0,Murray REBOUND (Off:0 Def:9),,POR,WAS,WAS,1610612764,2025,1958.0,1972.0,1965.0,1630264|1630551|1641774|1641798|1642267,1629680|1630703|1631101|1631200|1641871,2024-25,465
415573,03:08,"MISS Gill 3' Driving Layup
Murray REBOUND (Off:0 Def:9)
",1,0,0,0,2025-03-17,0022400995,0,0,POR,3,0,-19,03:22,Off Long Mid-Range Miss,0,MISS Gill 3' Driving Layup,,POR,WAS,WAS,1610612764,2025,1958.0,1972.0,1965.0,1630264|1630551|1641774|1641798|1642267,1629680|1630703|1631101|1631200|1641871,2024-25,465
415572,02:28,"MISS Martin 24' 3PT Jump Shot
Thybulle REBOUND (Off:1 Def:2)
",0,0,1,0,2025-03-17,0022400995,0,0,POR,3,0,-20,02:51,Off FT Make,0,Thybulle REBOUND (Off:1 Def:2),,POR,WAS,WAS,1610612764,2025,1989.0,2012.0,2000.5,1630264|1630551|1641774|1641798|1642267,1629680|1630625|1630703|1631200|1641871,2024-25,469
415571,02:28,"MISS Martin 24' 3PT Jump Shot
Thybulle REBOUND (Off:1 Def:2)
",0,0,1,0,2025-03-17,0022400995,0,0,POR,3,0,-20,02:51,Off FT Make,0,MISS Martin 24' 3PT Jump Shot,,POR,WAS,WAS,1610612764,2025,1989.0,2012.0,2000.5,1630264|1630551|1641774|1641798|1642267,1629680|1630625|1630703|1631200|1641871,2024-25,469
415570,02:16,"Vukcevic 26' 3PT Running Pull-Up Jump Shot (7 PTS) (Carrington 7 AST)
",0,0,1,1,2025-03-17,0022400995,0,0,POR,3,0,-20,02:21,Off Arc 3 Miss,0,Vukcevic 26' 3PT Running Pull-Up Jump Shot (7 PTS) (Carrington 7 AST),,POR,WAS,WAS,1610612764,2025,2019.0,2024.0,2021.5,1630264|1630551|1641774|1641798|1642267,1629680|1630625|1630703|1631200|1641871,2024-25,480
415569,01:42,"MISS Champagnie 3PT Jump Shot
Henderson REBOUND (Off:1 Def:1)
",0,0,1,0,2025-03-17,0022400995,0,0,POR,3,0,-17,01:53,Off Short Mid-Range Miss,0,Henderson REBOUND (Off:1 Def:1),,POR,WAS,WAS,1610612764,2025,2047.0,2058.0,2052.5,1630264|1630551|1641774|1641798|1642267,1629680|1630625|1630703|1631200|1641871,2024-25,483
415568,01:42,"MISS Champagnie 3PT Jump Shot
Henderson REBOUND (Off:1 Def:1)
",0,0,1,0,2025-03-17,0022400995,0,0,POR,3,0,-17,01:53,Off Short Mid-Range Miss,0,MISS Champagnie 3PT Jump Shot,,POR,WAS,WAS,1610612764,2025,2047.0,2058.0,2052.5,1630264|1630551|1641774|1641798|1642267,1629680|1630625|1630703|1631200|1641871,2024-25,483
415567,01:19,"Champagnie 27' 3PT Jump Shot (5 PTS) (Carrington 8 AST)
",0,0,1,1,2025-03-17,0022400995,0,0,POR,3,0,-19,01:34,Off At Rim Make,0,Champagnie 27' 3PT Jump Shot (5 PTS) (Carrington 8 AST),,POR,WAS,WAS,1610612764,2025,2066.0,2081.0,2073.5,1630264|1630551|1641774|1641798|1642267,1629680|1630625|1630703|1631200|1641871,2024-25,486
415566,00:40,"Thybulle STEAL (3 STL): Gill Bad Pass Turnover (P1.T10)
",0,0,0,0,2025-03-17,0022400995,0,0,POR,3,0,-19,01:00,Off Corner 3 Make,1,Thybulle STEAL (3 STL): Gill Bad Pass Turnover (P1.T10),,POR,WAS,WAS,1610612764,2025,2100.0,2120.0,2110.0,1630264|1630551|1641774|1641798|1642267,1629680|1630625|1630703|1631200|1641871,2024-25,489
415578,04:34,"MISS Sarr 26' 3PT Jump Shot
Avdija REBOUND (Off:0 Def:6)
",0,0,1,0,2025-03-17,0022400995,0,0,POR,3,0,-17,04:58,Off Arc 3 Make,0,MISS Sarr 26' 3PT Jump Shot,,POR,WAS,WAS,1610612764,2025,1862.0,1886.0,1874.0,1630551|1641732|1642259|1642267|1642358,1630166|1630703|1631101|1631200|1642270,2024-25,476
415630,07:04,"Gill 2' Layup (6 PTS) (Vukcevic 2 AST)
",1,1,0,0,2025-03-17,0022400995,0,0,POR,4,0,-18,07:11,Off Corner 3 Miss,0,Gill 2' Layup (6 PTS) (Vukcevic 2 AST),,POR,WAS,WAS,1610612764,2025,2449.0,2456.0,2452.5,1630264|1630551|1641774|1641798|1642358,1629680|1630625|1630703|1631200|1641871,2024-25,614
415621,04:33,"Murray S.FOUL (P2.T3) (D.Richardson)
MISS Gill Free Throw 1 of 2
Wizards Rebound
Gill Free Throw 2 of 2 (7 PTS)
",0,0,0,0,2025-03-17,0022400995,0,0,POR,4,1,-13,04:37,Off Arc 3 Miss,0,Wizards Rebound,,POR,WAS,WAS,1610612764,2025,2603.0,2607.0,2605.0,1630264|1641732|1641774|1641798|1642358,1629680|1630625|1630703|1631200|1641871,2024-25,622
415564,00:00,"MISS Carrington 28' 3PT Pullup Jump Shot
Champagnie REBOUND (Off:2 Def:1)
Henderson P.FOUL (P2.T1) (R.Acosta)
MISS Martin 3PT Jump Shot
Wizards Rebound
",0,0,2,0,2025-03-17,0022400995,0,1,POR,3,0,-19,00:29,Off Arc 3 Miss,0,MISS Martin 3PT Jump Shot,,POR,WAS,WAS,1610612764,2025,2131.0,2160.0,2145.5,1630264|1630551|1641774|1641798|1642267,1629680|1630625|1630703|1631200|1641871,2024-25,494
415540,05:42,"MISS Jones 28' 3PT Jump Shot
Wizards Rebound
Murray L.B.FOUL (P1.T1) (D.Richardson)
MISS George 22' Pullup Jump Shot
Murray REBOUND (Off:0 Def:6)
",1,0,1,0,2025-03-17,0022400995,0,1,POR,2,0,-2,06:10,Off Arc 3 Miss,0,Murray REBOUND (Off:0 Def:6),,POR,WAS,WAS,1610612764,2025,1070.0,1098.0,1084.0,1630264|1642259|1642267|1642273|1642358,1630625|1630703|1631101|1631200|1642270,2024-25,244
415541,06:23,"MISS Carrington 17' Pullup Jump Shot
Murray REBOUND (Off:0 Def:5)
",1,0,0,0,2025-03-17,0022400995,0,0,POR,2,0,-2,06:42,Off Corner 3 Miss,0,MISS Carrington 17' Pullup Jump Shot,,POR,WAS,WAS,1610612764,2025,1038.0,1057.0,1047.5,1630264|1641732|1641798|1642267|1642358,1630625|1630703|1631101|1631200|1642270,2024-25,240
415542,06:23,"MISS Carrington 17' Pullup Jump Shot
Murray REBOUND (Off:0 Def:5)
",1,0,0,0,2025-03-17,0022400995,0,0,POR,2,0,-2,06:42,Off Corner 3 Miss,0,Murray REBOUND (Off:0 Def:5),,POR,WAS,WAS,1610612764,2025,1038.0,1057.0,1047.5,1630264|1641732|1641798|1642267|1642358,1630625|1630703|1631101|1631200|1642270,2024-25,240
415561,00:00,"MISS Carrington 28' 3PT Pullup Jump Shot
Champagnie REBOUND (Off:2 Def:1)
Henderson P.FOUL (P2.T1) (R.Acosta)
MISS Martin 3PT Jump Shot
Wizards Rebound
",0,0,2,0,2025-03-17,0022400995,0,1,POR,3,0,-19,00:29,Off Arc 3 Miss,0,MISS Carrington 28' 3PT Pullup Jump Shot,,POR,WAS,WAS,1610612764,2025,2131.0,2160.0,2145.5,1630264|1630551|1641774|1641798|1642267,1629680|1630625|1630703|1631200|1641871,2024-25,494
415560,11:49,"Champagnie 8' Driving Floating Bank Jump Shot (2 PTS) (Carrington 1 AST)
",1,1,0,0,2025-03-17,0022400995,0,0,POR,2,0,-7,12:00,Off Dead Ball,0,Champagnie 8' Driving Floating Bank Jump Shot (2 PTS) (Carrington 1 AST),,POR,WAS,WAS,1610612764,2025,720.0,731.0,725.5,1630551|1641732|1641774|1641798|1642267,1629014|1629680|1630166|1631101|1641871,2024-25,167
415559,11:14,"MISS Martin 4' Running Layup
Sharpe REBOUND (Off:0 Def:1)
",1,0,0,0,2025-03-17,0022400995,0,0,POR,2,0,-5,11:18,Off At Rim Miss,0,Sharpe REBOUND (Off:0 Def:1),,POR,WAS,WAS,1610612764,2025,762.0,766.0,764.0,1630551|1641732|1641774|1641798|1642267,1629014|1629680|1630166|1631101|1641871,2024-25,180
415558,11:14,"MISS Martin 4' Running Layup
Sharpe REBOUND (Off:0 Def:1)
",1,0,0,0,2025-03-17,0022400995,0,0,POR,2,0,-5,11:18,Off At Rim Miss,0,MISS Martin 4' Running Layup,,POR,WAS,WAS,1610612764,2025,762.0,766.0,764.0,1630551|1641732|1641774|1641798|1642267,1629014|1629680|1630166|1631101|1641871,2024-25,180
415557,10:58,"Thybulle STEAL (2 STL): Vukcevic Bad Pass Turnover (P1.T3)
",0,0,0,0,2025-03-17,0022400995,0,0,POR,2,0,-5,11:07,Off Corner 3 Miss,1,Thybulle STEAL (2 STL): Vukcevic Bad Pass Turnover (P1.T3),,POR,WAS,WAS,1610612764,2025,773.0,782.0,777.5,1630551|1641732|1641774|1641798|1642267,1629014|1629680|1630166|1631101|1641871,2024-25,184
415556,10:30,"MISS Champagnie 6' Driving Floating Jump Shot
Sharpe REBOUND (Off:0 Def:2)
",1,0,0,0,2025-03-17,0022400995,0,0,POR,2,0,-5,10:47,Off Arc 3 Miss,0,Sharpe REBOUND (Off:0 Def:2),,POR,WAS,WAS,1610612764,2025,793.0,810.0,801.5,1630551|1641732|1641774|1641798|1642267,1629014|1629680|1630166|1631101|1641871,2024-25,188
415539,05:42,"MISS Jones 28' 3PT Jump Shot
Wizards Rebound
Murray L.B.FOUL (P1.T1) (D.Richardson)
MISS George 22' Pullup Jump Shot
Murray REBOUND (Off:0 Def:6)
",1,0,1,0,2025-03-17,0022400995,0,1,POR,2,0,-2,06:10,Off Arc 3 Miss,0,MISS George 22' Pullup Jump Shot,,POR,WAS,WAS,1610612764,2025,1070.0,1098.0,1084.0,1630264|1642259|1642267|1642273|1642358,1630625|1630703|1631101|1631200|1642270,2024-25,244
415555,10:30,"MISS Champagnie 6' Driving Floating Jump Shot
Sharpe REBOUND (Off:0 Def:2)
",1,0,0,0,2025-03-17,0022400995,0,0,POR,2,0,-5,10:47,Off Arc 3 Miss,0,MISS Champagnie 6' Driving Floating Jump Shot,,POR,WAS,WAS,1610612764,2025,793.0,810.0,801.5,1630551|1641732|1641774|1641798|1642267,1629014|1629680|1630166|1631101|1641871,2024-25,188
415553,09:34,"Vukcevic 1' Alley Oop Layup (4 PTS) (Carrington 2 AST)
",1,1,0,0,2025-03-17,0022400995,0,0,POR,2,0,-3,09:46,Off Dead Ball,0,Vukcevic 1' Alley Oop Layup (4 PTS) (Carrington 2 AST),,POR,WAS,WAS,1610612764,2025,854.0,866.0,860.0,1630551|1641732|1641774|1641798|1642267,1629014|1630166|1630625|1631101|1641871,2024-25,195
415552,09:12,"Martin 3' Running Layup (4 PTS) (Vukcevic 1 AST)
",1,1,0,0,2025-03-17,0022400995,0,0,POR,2,0,-1,09:16,Off Short Mid-Range Miss,0,Martin 3' Running Layup (4 PTS) (Vukcevic 1 AST),,POR,WAS,WAS,1610612764,2025,884.0,888.0,886.0,1630551|1641732|1641774|1641798|1642267,1629014|1630166|1630625|1631101|1641871,2024-25,201
415551,08:37,"MISS Carrington 27' 3PT Pullup Jump Shot
Jones REBOUND (Off:1 Def:0)
Martin 5' Driving Layup (6 PTS) (Jones 1 AST)
",1,1,1,0,2025-03-17,0022400995,0,1,POR,2,0,-1,08:54,Off At Rim Make,0,Martin 5' Driving Layup (6 PTS) (Jones 1 AST),,POR,WAS,WAS,1610612764,2025,906.0,923.0,914.5,1630551|1641732|1641774|1641798|1642267,1629014|1630166|1630625|1631101|1641871,2024-25,201
415550,08:37,"MISS Carrington 27' 3PT Pullup Jump Shot
Jones REBOUND (Off:1 Def:0)
Martin 5' Driving Layup (6 PTS) (Jones 1 AST)
",1,1,1,0,2025-03-17,0022400995,0,1,POR,2,0,-1,08:54,Off At Rim Make,0,Jones REBOUND (Off:1 Def:0),,POR,WAS,WAS,1610612764,2025,906.0,923.0,914.5,1630551|1641732|1641774|1641798|1642267,1629014|1630166|1630625|1631101|1641871,2024-25,201
415549,08:37,"MISS Carrington 27' 3PT Pullup Jump Shot
Jones REBOUND (Off:1 Def:0)
Martin 5' Driving Layup (6 PTS) (Jones 1 AST)
",1,1,1,0,2025-03-17,0022400995,0,1,POR,2,0,-1,08:54,Off At Rim Make,0,MISS Carrington 27' 3PT Pullup Jump Shot,,POR,WAS,WAS,1610612764,2025,906.0,923.0,914.5,1630551|1641732|1641774|1641798|1642267,1629014|1630166|1630625|1631101|1641871,2024-25,201
415548,08:10,"MISS Vukcevic 26' 3PT Jump Shot
Avdija REBOUND (Off:0 Def:4)
",0,0,1,0,2025-03-17,0022400995,0,0,POR,2,0,1,08:23,Off Dead Ball,0,Avdija REBOUND (Off:0 Def:4),,POR,WAS,WAS,1610612764,2025,937.0,950.0,943.5,1641732|1641774|1641798|1642267|1642358,1630166|1630625|1630703|1631101|1641871,2024-25,211
415547,08:10,"MISS Vukcevic 26' 3PT Jump Shot
Avdija REBOUND (Off:0 Def:4)
",0,0,1,0,2025-03-17,0022400995,0,0,POR,2,0,1,08:23,Off Dead Ball,0,MISS Vukcevic 26' 3PT Jump Shot,,POR,WAS,WAS,1610612764,2025,937.0,950.0,943.5,1641732|1641774|1641798|1642267|1642358,1630166|1630625|1630703|1631101|1641871,2024-25,211
415546,07:49,"Gill 5' Driving Finger Roll Layup (2 PTS) (Jones 2 AST)
",1,1,0,0,2025-03-17,0022400995,0,0,POR,2,0,1,07:58,Off Timeout,0,Gill 5' Driving Finger Roll Layup (2 PTS) (Jones 2 AST),,POR,WAS,WAS,1610612764,2025,962.0,971.0,966.5,1630264|1641732|1641798|1642267|1642358,1630625|1630703|1631101|1631200|1642270,2024-25,232
415545,07:15,"MISS Carrington 26' 3PT Jump Shot
Clingan REBOUND (Off:1 Def:2)
",0,0,1,0,2025-03-17,0022400995,0,0,POR,2,0,0,07:35,Off Arc 3 Make,0,Clingan REBOUND (Off:1 Def:2),,POR,WAS,WAS,1610612764,2025,985.0,1005.0,995.0,1630264|1641732|1641798|1642267|1642358,1630625|1630703|1631101|1631200|1642270,2024-25,230
415554,10:00,"Vukcevic 3' Layup (2 PTS) (Champagnie 1 AST)
",1,1,0,0,2025-03-17,0022400995,0,0,POR,2,0,-5,10:18,Off Arc 3 Miss,0,Vukcevic 3' Layup (2 PTS) (Champagnie 1 AST),,POR,WAS,WAS,1610612764,2025,822.0,840.0,831.0,1630551|1641732|1641774|1641798|1642267,1629014|1629680|1630166|1631101|1641871,2024-25,192
415519,00:46,"Poole 25' 3PT Jump Shot (8 PTS) (Sarr 3 AST)
Henderson S.FOUL (P1.T2) (D.Richardson)
Poole Free Throw 1 of 1 (9 PTS)
",0,0,1,1,2025-03-17,0022400995,0,0,POR,2,1,-13,00:57,Off FT Make,0,Henderson S.FOUL (P1.T2) (D.Richardson),,POR,WAS,WAS,1610612764,2025,1383.0,1394.0,1388.5,203114|1629673|1642259|1642273|1642358,1629014|1629680|1630166|1630703|1642270,2024-25,344
415520,00:46,"Poole 25' 3PT Jump Shot (8 PTS) (Sarr 3 AST)
Henderson S.FOUL (P1.T2) (D.Richardson)
Poole Free Throw 1 of 1 (9 PTS)
",0,0,1,1,2025-03-17,0022400995,0,0,POR,2,1,-13,00:57,Off FT Make,0,Poole Free Throw 1 of 1 (9 PTS),,POR,WAS,WAS,1610612764,2025,1383.0,1394.0,1388.5,203114|1629673|1642259|1642273|1642358,1629014|1629680|1630166|1630703|1642270,2024-25,344
415521,01:07,"George 11' Driving Floating Jump Shot (6 PTS)
",1,1,0,0,2025-03-17,0022400995,0,0,POR,2,0,-13,01:18,Off Arc 3 Make,0,George 11' Driving Floating Jump Shot (6 PTS),,POR,WAS,WAS,1610612764,2025,1362.0,1373.0,1367.5,203114|1629673|1642259|1642273|1642358,1629014|1629680|1630166|1630703|1642270,2024-25,320
415535,05:20,"Carrington 16' Step Back Jump Shot (3 PTS)
",1,1,0,0,2025-03-17,0022400995,0,0,POR,2,0,-4,05:36,Off At Rim Make,0,Carrington 16' Step Back Jump Shot (3 PTS),,POR,WAS,WAS,1610612764,2025,1104.0,1120.0,1112.0,1630264|1642259|1642267|1642273|1642358,1630625|1630703|1631101|1631200|1642270,2024-25,255
415529,02:31,"MISS Johnson 3PT Jump Shot
Clingan REBOUND (Off:3 Def:3)
",0,0,1,0,2025-03-17,0022400995,0,0,POR,2,0,-5,02:48,Off FT Make,0,Clingan REBOUND (Off:3 Def:3),,POR,WAS,WAS,1610612764,2025,1272.0,1289.0,1280.5,203114|1629673|1642259|1642273|1642358,1629014|1629680|1630166|1630703|1642270,2024-25,290
415466,00:38,"MISS Vukcevic 3' Driving Layup
Reath REBOUND (Off:0 Def:2)
",1,0,0,0,2025-03-17,0022400995,0,0,POR,1,0,-4,01:01,Off Arc 3 Make,0,MISS Vukcevic 3' Driving Layup,,POR,WAS,WAS,1610612764,2025,659.0,682.0,670.5,1630551|1641732|1641774|1641798|1642267,1629014|1629680|1630703|1631200|1641871,2024-25,149
415482,03:59,"MISS George 2' Running Layup
Martin REBOUND (Off:1 Def:1)
MISS Martin Tip Layup Shot
Sarr REBOUND (Off:1 Def:0)
Sarr 5' Putback Layup (6 PTS)
Reath S.FOUL (P1.T3) (P.Fraher)
Sarr Free Throw 1 of 1 (7 PTS)
",3,1,0,0,2025-03-17,0022400995,0,2,POR,1,1,5,04:05,Off Block,0,Sarr REBOUND (Off:1 Def:0),,POR,WAS,WAS,1610612764,2025,475.0,481.0,478.0,1641798|1642259|1642267|1642273|1642358,1630166|1630703|1631101|1631200|1641871,2024-25,96
415464,00:01,"MISS Vukcevic 3' Driving Layup
Champagnie REBOUND (Off:1 Def:0)
Reath BLOCK (1 BLK): MISS Champagnie 6' Floating Jump Shot
Murray REBOUND (Off:0 Def:4)
",2,0,0,0,2025-03-17,0022400995,0,1,POR,1,0,-7,00:30,Off Arc 3 Make,0,Reath BLOCK (1 BLK): MISS Champagnie 6' Floating Jump Shot,,POR,WAS,WAS,1610612764,2025,690.0,719.0,704.5,1630551|1641732|1641774|1641798|1642267,1629014|1629680|1630703|1631200|1641871,2024-25,173
415462,00:01,"MISS Vukcevic 3' Driving Layup
Champagnie REBOUND (Off:1 Def:0)
Reath BLOCK (1 BLK): MISS Champagnie 6' Floating Jump Shot
Murray REBOUND (Off:0 Def:4)
",2,0,0,0,2025-03-17,0022400995,0,1,POR,1,0,-7,00:30,Off Arc 3 Make,0,MISS Vukcevic 3' Driving Layup,,POR,WAS,WAS,1610612764,2025,690.0,719.0,704.5,1630551|1641732|1641774|1641798|1642267,1629014|1629680|1630703|1631200|1641871,2024-25,173
415465,00:01,"MISS Vukcevic 3' Driving Layup
Champagnie REBOUND (Off:1 Def:0)
Reath BLOCK (1 BLK): MISS Champagnie 6' Floating Jump Shot
Murray REBOUND (Off:0 Def:4)
",2,0,0,0,2025-03-17,0022400995,0,1,POR,1,0,-7,00:30,Off Arc 3 Make,0,Murray REBOUND (Off:0 Def:4),,POR,WAS,WAS,1610612764,2025,690.0,719.0,704.5,1630551|1641732|1641774|1641798|1642267,1629014|1629680|1630703|1631200|1641871,2024-25,173
415463,00:01,"MISS Vukcevic 3' Driving Layup
Champagnie REBOUND (Off:1 Def:0)
Reath BLOCK (1 BLK): MISS Champagnie 6' Floating Jump Shot
Murray REBOUND (Off:0 Def:4)
",2,0,0,0,2025-03-17,0022400995,0,1,POR,1,0,-7,00:30,Off Arc 3 Make,0,Champagnie REBOUND (Off:1 Def:0),,POR,WAS,WAS,1610612764,2025,690.0,719.0,704.5,1630551|1641732|1641774|1641798|1642267,1629014|1629680|1630703|1631200|1641871,2024-25,173
415534,04:46,"Sarr 26' 3PT Jump Shot (10 PTS) (Gill 1 AST)
",0,0,1,1,2025-03-17,0022400995,0,0,POR,2,0,-2,04:52,Off Arc 3 Miss,0,Sarr 26' 3PT Jump Shot (10 PTS) (Gill 1 AST),,POR,WAS,WAS,1610612764,2025,1148.0,1154.0,1151.0,1630264|1642259|1642267|1642273|1642358,1630625|1630703|1631101|1631200|1642270,2024-25,286
415533,04:10,"Banton STEAL (2 STL): Johnson Lost Ball Turnover (P2.T5)
",0,0,0,0,2025-03-17,0022400995,0,0,POR,2,0,-1,04:29,Off At Rim Make,1,Banton STEAL (2 STL): Johnson Lost Ball Turnover (P2.T5),,POR,WAS,WAS,1610612764,2025,1171.0,1190.0,1180.5,1630264|1642259|1642267|1642273|1642358,1630625|1630703|1631101|1631200|1642270,2024-25,264
415532,03:39,"George 13' Fadeaway Jumper (4 PTS) (Sarr 2 AST)
",1,1,0,0,2025-03-17,0022400995,0,0,POR,2,0,-2,03:55,Off Arc 3 Miss,0,George 13' Fadeaway Jumper (4 PTS) (Sarr 2 AST),,POR,WAS,WAS,1610612764,2025,1205.0,1221.0,1213.0,203114|1629673|1630264|1642259|1642273,1629014|1629680|1630166|1630703|1642270,2024-25,301
415531,02:54,"MISS Sarr 28' 3PT Jump Shot
Simons REBOUND (Off:0 Def:1)
",0,0,1,0,2025-03-17,0022400995,0,0,POR,2,0,-3,03:13,Off Arc 3 Make,0,Simons REBOUND (Off:0 Def:1),,POR,WAS,WAS,1610612764,2025,1247.0,1266.0,1256.5,203114|1629673|1630264|1642259|1642273,1629014|1629680|1630166|1630703|1642270,2024-25,290
415530,02:54,"MISS Sarr 28' 3PT Jump Shot
Simons REBOUND (Off:0 Def:1)
",0,0,1,0,2025-03-17,0022400995,0,0,POR,2,0,-3,03:13,Off Arc 3 Make,0,MISS Sarr 28' 3PT Jump Shot,,POR,WAS,WAS,1610612764,2025,1247.0,1266.0,1256.5,203114|1629673|1630264|1642259|1642273,1629014|1629680|1630166|1630703|1642270,2024-25,290
415528,02:31,"MISS Johnson 3PT Jump Shot
Clingan REBOUND (Off:3 Def:3)
",0,0,1,0,2025-03-17,0022400995,0,0,POR,2,0,-5,02:48,Off FT Make,0,MISS Johnson 3PT Jump Shot,,POR,WAS,WAS,1610612764,2025,1272.0,1289.0,1280.5,203114|1629673|1642259|1642273|1642358,1629014|1629680|1630166|1630703|1642270,2024-25,290
415563,00:00,"MISS Carrington 28' 3PT Pullup Jump Shot
Champagnie REBOUND (Off:2 Def:1)
Henderson P.FOUL (P2.T1) (R.Acosta)
MISS Martin 3PT Jump Shot
Wizards Rebound
",0,0,2,0,2025-03-17,0022400995,0,1,POR,3,0,-19,00:29,Off Arc 3 Miss,0,Henderson P.FOUL (P2.T1) (R.Acosta),,POR,WAS,WAS,1610612764,2025,2131.0,2160.0,2145.5,1630264|1630551|1641774|1641798|1642267,1629680|1630625|1630703|1631200|1641871,2024-25,494
415527,02:07,"Thybulle BLOCK (1 BLK): MISS Poole 27' 3PT Step Back Jump Shot
TRAIL BLAZERS Rebound
",0,0,1,0,2025-03-17,0022400995,0,0,POR,2,0,-8,02:23,Off Arc 3 Make,0,TRAIL BLAZERS Rebound,,POR,WAS,WAS,1610612764,2025,1297.0,1313.0,1305.0,203114|1629673|1642259|1642273|1642358,1629014|1629680|1630166|1630703|1642270,2024-25,303
415526,02:07,"Thybulle BLOCK (1 BLK): MISS Poole 27' 3PT Step Back Jump Shot
TRAIL BLAZERS Rebound
",0,0,1,0,2025-03-17,0022400995,0,0,POR,2,0,-8,02:23,Off Arc 3 Make,0,Thybulle BLOCK (1 BLK): MISS Poole 27' 3PT Step Back Jump Shot,,POR,WAS,WAS,1610612764,2025,1297.0,1313.0,1305.0,203114|1629673|1642259|1642273|1642358,1629014|1629680|1630166|1630703|1642270,2024-25,303
415525,01:42,"MISS Middleton 16' Pullup Jump Shot
Clingan REBOUND (Off:3 Def:4)
",1,0,0,0,2025-03-17,0022400995,0,0,POR,2,0,-10,01:59,Off FT Make,0,Clingan REBOUND (Off:3 Def:4),,POR,WAS,WAS,1610612764,2025,1321.0,1338.0,1329.5,203114|1629673|1642259|1642273|1642358,1629014|1629680|1630166|1630703|1642270,2024-25,309
415524,01:42,"MISS Middleton 16' Pullup Jump Shot
Clingan REBOUND (Off:3 Def:4)
",1,0,0,0,2025-03-17,0022400995,0,0,POR,2,0,-10,01:59,Off FT Make,0,MISS Middleton 16' Pullup Jump Shot,,POR,WAS,WAS,1610612764,2025,1321.0,1338.0,1329.5,203114|1629673|1642259|1642273|1642358,1629014|1629680|1630166|1630703|1642270,2024-25,309
415523,01:31,"Johnson OFF.Foul (P1) (R.Acosta)
Johnson Offensive Foul Turnover (P3.T6)
",0,0,0,0,2025-03-17,0022400995,0,0,POR,2,0,-10,01:36,Off Arc 3 Miss,1,Johnson Offensive Foul Turnover (P3.T6),,POR,WAS,WAS,1610612764,2025,1344.0,1349.0,1346.5,203114|1629673|1642259|1642273|1642358,1629014|1629680|1630166|1630703|1642270,2024-25,316
415522,01:31,"Johnson OFF.Foul (P1) (R.Acosta)
Johnson Offensive Foul Turnover (P3.T6)
",0,0,0,0,2025-03-17,0022400995,0,0,POR,2,0,-10,01:36,Off Arc 3 Miss,1,Johnson OFF.Foul (P1) (R.Acosta),,POR,WAS,WAS,1610612764,2025,1344.0,1349.0,1346.5,203114|1629673|1642259|1642273|1642358,1629014|1629680|1630166|1630703|1642270,2024-25,316
415544,07:15,"MISS Carrington 26' 3PT Jump Shot
Clingan REBOUND (Off:1 Def:2)
",0,0,1,0,2025-03-17,0022400995,0,0,POR,2,0,0,07:35,Off Arc 3 Make,0,MISS Carrington 26' 3PT Jump Shot,,POR,WAS,WAS,1610612764,2025,985.0,1005.0,995.0,1630264|1641732|1641798|1642267|1642358,1630625|1630703|1631101|1631200|1642270,2024-25,230
415543,06:50,"Banton STEAL (1 STL): Martin Bad Pass Turnover (P2.T4)
",0,0,0,0,2025-03-17,0022400995,0,0,POR,2,0,-2,07:00,Off At Rim Make,1,Banton STEAL (1 STL): Martin Bad Pass Turnover (P2.T4),,POR,WAS,WAS,1610612764,2025,1020.0,1030.0,1025.0,1630264|1641732|1641798|1642267|1642358,1630625|1630703|1631101|1631200|1642270,2024-25,250
415518,00:46,"Poole 25' 3PT Jump Shot (8 PTS) (Sarr 3 AST)
Henderson S.FOUL (P1.T2) (D.Richardson)
Poole Free Throw 1 of 1 (9 PTS)
",0,0,1,1,2025-03-17,0022400995,0,0,POR,2,1,-13,00:57,Off FT Make,0,Poole 25' 3PT Jump Shot (8 PTS) (Sarr 3 AST),,POR,WAS,WAS,1610612764,2025,1383.0,1394.0,1388.5,203114|1629673|1642259|1642273|1642358,1629014|1629680|1630166|1630703|1642270,2024-25,344
415517,00:00,"MISS Poole 27' 3PT Step Back Jump Shot
Wizards Rebound
",0,0,1,0,2025-03-17,0022400995,0,0,POR,2,0,-10,00:25,Off FT Make,0,Wizards Rebound,,POR,WAS,WAS,1610612764,2025,1415.0,1440.0,1427.5,203114|1629673|1642259|1642273|1642358,1629680|1630166|1630703|1631200|1642270,2024-25,334
415514,10:51,"MISS Johnson 8' Turnaround Jump Shot
Wizards Rebound
Middleton 14' Fadeaway Jumper (4 PTS) (Poole 1 AST)
",2,1,0,0,2025-03-17,0022400995,0,1,POR,1,0,-1,11:10,Off Arc 3 Make,0,Middleton 14' Fadeaway Jumper (4 PTS) (Poole 1 AST),,POR,WAS,WAS,1610612764,2025,50.0,69.0,59.5,203114|1629673|1642259|1642273|1642358,1629014|1630166|1631101|1631200|1642270,2024-25,10
415513,10:51,"MISS Johnson 8' Turnaround Jump Shot
Wizards Rebound
Middleton 14' Fadeaway Jumper (4 PTS) (Poole 1 AST)
",2,1,0,0,2025-03-17,0022400995,0,1,POR,1,0,-1,11:10,Off Arc 3 Make,0,Wizards Rebound,,POR,WAS,WAS,1610612764,2025,50.0,69.0,59.5,203114|1629673|1642259|1642273|1642358,1629014|1630166|1631101|1631200|1642270,2024-25,10
415512,10:51,"MISS Johnson 8' Turnaround Jump Shot
Wizards Rebound
Middleton 14' Fadeaway Jumper (4 PTS) (Poole 1 AST)
",2,1,0,0,2025-03-17,0022400995,0,1,POR,1,0,-1,11:10,Off Arc 3 Make,0,MISS Johnson 8' Turnaround Jump Shot,,POR,WAS,WAS,1610612764,2025,50.0,69.0,59.5,203114|1629673|1642259|1642273|1642358,1629014|1630166|1631101|1631200|1642270,2024-25,10
415511,10:27,"MISS Sarr 27' 3PT Jump Shot
Avdija REBOUND (Off:0 Def:1)
",0,0,1,0,2025-03-17,0022400995,0,0,POR,1,0,-1,10:37,Off At Rim Make,0,Avdija REBOUND (Off:0 Def:1),,POR,WAS,WAS,1610612764,2025,83.0,93.0,88.0,203114|1629673|1642259|1642273|1642358,1629014|1630166|1631101|1631200|1642270,2024-25,16
415510,10:27,"MISS Sarr 27' 3PT Jump Shot
Avdija REBOUND (Off:0 Def:1)
",0,0,1,0,2025-03-17,0022400995,0,0,POR,1,0,-1,10:37,Off At Rim Make,0,MISS Sarr 27' 3PT Jump Shot,,POR,WAS,WAS,1610612764,2025,83.0,93.0,88.0,203114|1629673|1642259|1642273|1642358,1629014|1630166|1631101|1631200|1642270,2024-25,16
415509,10:10,"Sarr 10' Driving Hook Shot (2 PTS) (Johnson 1 AST)
",1,1,0,0,2025-03-17,0022400995,0,0,POR,1,0,-4,10:23,Off Arc 3 Make,0,Sarr 10' Driving Hook Shot (2 PTS) (Johnson 1 AST),,POR,WAS,WAS,1610612764,2025,97.0,110.0,103.5,203114|1629673|1642259|1642273|1642358,1629014|1630166|1631101|1631200|1642270,2024-25,19
415508,09:36,"MISS George 15' Fadeaway Jumper
Avdija REBOUND (Off:0 Def:2)
",1,0,0,0,2025-03-17,0022400995,0,0,POR,1,0,-5,09:55,Off Arc 3 Make,0,Avdija REBOUND (Off:0 Def:2),,POR,WAS,WAS,1610612764,2025,125.0,144.0,134.5,203114|1629673|1642259|1642273|1642358,1629014|1630166|1631101|1631200|1642270,2024-25,21
415507,09:36,"MISS George 15' Fadeaway Jumper
Avdija REBOUND (Off:0 Def:2)
",1,0,0,0,2025-03-17,0022400995,0,0,POR,1,0,-5,09:55,Off Arc 3 Make,0,MISS George 15' Fadeaway Jumper,,POR,WAS,WAS,1610612764,2025,125.0,144.0,134.5,203114|1629673|1642259|1642273|1642358,1629014|1630166|1631101|1631200|1642270,2024-25,21
415506,09:23,"Avdija S.FOUL (P1.T1) (R.Acosta)
MISS Johnson Free Throw 1 of 2
Wizards Rebound
Johnson Free Throw 2 of 2 (1 PTS)
",0,0,0,0,2025-03-17,0022400995,0,0,POR,1,1,-5,09:27,Off Corner 3 Miss,0,Johnson Free Throw 2 of 2 (1 PTS),,POR,WAS,WAS,1610612764,2025,153.0,157.0,155.0,203114|1629673|1642259|1642273|1642358,1629014|1630166|1631101|1631200|1642270,2024-25,37
415505,09:23,"Avdija S.FOUL (P1.T1) (R.Acosta)
MISS Johnson Free Throw 1 of 2
Wizards Rebound
Johnson Free Throw 2 of 2 (1 PTS)
",0,0,0,0,2025-03-17,0022400995,0,0,POR,1,1,-5,09:27,Off Corner 3 Miss,0,Wizards Rebound,,POR,WAS,WAS,1610612764,2025,153.0,157.0,155.0,203114|1629673|1642259|1642273|1642358,1629014|1630166|1631101|1631200|1642270,2024-25,37
415504,09:23,"Avdija S.FOUL (P1.T1) (R.Acosta)
MISS Johnson Free Throw 1 of 2
Wizards Rebound
Johnson Free Throw 2 of 2 (1 PTS)
",0,0,0,0,2025-03-17,0022400995,0,0,POR,1,1,-5,09:27,Off Corner 3 Miss,0,MISS Johnson Free Throw 1 of 2,,POR,WAS,WAS,1610612764,2025,153.0,157.0,155.0,203114|1629673|1642259|1642273|1642358,1629014|1630166|1631101|1631200|1642270,2024-25,37
415503,09:23,"Avdija S.FOUL (P1.T1) (R.Acosta)
MISS Johnson Free Throw 1 of 2
Wizards Rebound
Johnson Free Throw 2 of 2 (1 PTS)
",0,0,0,0,2025-03-17,0022400995,0,0,POR,1,1,-5,09:27,Off Corner 3 Miss,0,Avdija S.FOUL (P1.T1) (R.Acosta),,POR,WAS,WAS,1610612764,2025,153.0,157.0,155.0,203114|1629673|1642259|1642273|1642358,1629014|1630166|1631101|1631200|1642270,2024-25,37
415502,08:57,"MISS Sarr 26' 3PT Jump Shot
Murray REBOUND (Off:0 Def:1)
",0,0,1,0,2025-03-17,0022400995,0,0,POR,1,0,-4,09:04,Off Corner 3 Miss,0,Murray REBOUND (Off:0 Def:1),,POR,WAS,WAS,1610612764,2025,176.0,183.0,179.5,203114|1629673|1642259|1642273|1642358,1629014|1630166|1631101|1631200|1642270,2024-25,41
415501,08:57,"MISS Sarr 26' 3PT Jump Shot
Murray REBOUND (Off:0 Def:1)
",0,0,1,0,2025-03-17,0022400995,0,0,POR,1,0,-4,09:04,Off Corner 3 Miss,0,MISS Sarr 26' 3PT Jump Shot,,POR,WAS,WAS,1610612764,2025,176.0,183.0,179.5,203114|1629673|1642259|1642273|1642358,1629014|1630166|1631101|1631200|1642270,2024-25,41
415500,08:35,"Poole 27' 3PT Running Jump Shot (3 PTS) (Johnson 2 AST)
",0,0,1,1,2025-03-17,0022400995,0,0,POR,1,0,-4,08:39,Off Arc 3 Miss,0,Poole 27' 3PT Running Jump Shot (3 PTS) (Johnson 2 AST),,POR,WAS,WAS,1610612764,2025,201.0,205.0,203.0,203114|1629673|1642259|1642273|1642358,1629014|1630166|1631101|1631200|1642270,2024-25,38
415499,08:04,"MISS Poole 27' 3PT Running Jump Shot
Clingan REBOUND (Off:0 Def:1)
",0,0,1,0,2025-03-17,0022400995,0,0,POR,1,0,-1,08:11,Off At Rim Miss,0,Clingan REBOUND (Off:0 Def:1),,POR,WAS,WAS,1610612764,2025,229.0,236.0,232.5,203114|1629673|1642259|1642273|1642358,1629014|1630166|1631101|1631200|1642270,2024-25,55
415498,08:04,"MISS Poole 27' 3PT Running Jump Shot
Clingan REBOUND (Off:0 Def:1)
",0,0,1,0,2025-03-17,0022400995,0,0,POR,1,0,-1,08:11,Off At Rim Miss,0,MISS Poole 27' 3PT Running Jump Shot,,POR,WAS,WAS,1610612764,2025,229.0,236.0,232.5,203114|1629673|1642259|1642273|1642358,1629014|1630166|1631101|1631200|1642270,2024-25,55
415497,07:52,"George 3' Running Layup (2 PTS)
",1,1,0,0,2025-03-17,0022400995,0,0,POR,1,0,-1,07:55,Off Arc 3 Miss,0,George 3' Running Layup (2 PTS),,POR,WAS,WAS,1610612764,2025,245.0,248.0,246.5,203114|1629673|1642259|1642273|1642358,1629014|1630166|1631101|1631200|1642270,2024-25,56
415496,07:20,"Poole 3' Driving Finger Roll Layup (5 PTS)
",1,1,0,0,2025-03-17,0022400995,0,0,POR,1,0,1,07:28,Off Steal,0,Poole 3' Driving Finger Roll Layup (5 PTS),,POR,WAS,WAS,1610612764,2025,272.0,280.0,276.0,203114|1629673|1642259|1642273|1642358,1629014|1630166|1631101|1631200|1642270,2024-25,52
415562,00:00,"MISS Carrington 28' 3PT Pullup Jump Shot
Champagnie REBOUND (Off:2 Def:1)
Henderson P.FOUL (P2.T1) (R.Acosta)
MISS Martin 3PT Jump Shot
Wizards Rebound
",0,0,2,0,2025-03-17,0022400995,0,1,POR,3,0,-19,00:29,Off Arc 3 Miss,0,Champagnie REBOUND (Off:2 Def:1),,POR,WAS,WAS,1610612764,2025,2131.0,2160.0,2145.5,1630264|1630551|1641774|1641798|1642267,1629680|1630625|1630703|1631200|1641871,2024-25,494
415471,01:47,"MISS Martin 3' Driving Dunk
Murray REBOUND (Off:0 Def:3)
",1,0,0,0,2025-03-17,0022400995,0,0,POR,1,0,2,02:08,Off Steal,0,Murray REBOUND (Off:0 Def:3),,POR,WAS,WAS,1610612764,2025,592.0,613.0,602.5,1630551|1641732|1641774|1641798|1642267,1629014|1629680|1630703|1631200|1641871,2024-25,141
415495,06:33,"Johnson 3' Driving Finger Roll Layup (3 PTS) (Sarr 1 AST)
",1,1,0,0,2025-03-17,0022400995,0,0,POR,1,0,1,06:43,Off At Rim Make,0,Johnson 3' Driving Finger Roll Layup (3 PTS) (Sarr 1 AST),,POR,WAS,WAS,1610612764,2025,317.0,327.0,322.0,203114|1629673|1642259|1642273|1642358,1630166|1630703|1631101|1631200|1642270,2024-25,61
415536,05:42,"MISS Jones 28' 3PT Jump Shot
Wizards Rebound
Murray L.B.FOUL (P1.T1) (D.Richardson)
MISS George 22' Pullup Jump Shot
Murray REBOUND (Off:0 Def:6)
",1,0,1,0,2025-03-17,0022400995,0,1,POR,2,0,-2,06:10,Off Arc 3 Miss,0,MISS Jones 28' 3PT Jump Shot,,POR,WAS,WAS,1610612764,2025,1070.0,1098.0,1084.0,1630264|1642259|1642267|1642273|1642358,1630625|1630703|1631101|1631200|1642270,2024-25,244
415515,11:25,"Middleton 12' Turnaround Fadeaway (2 PTS)
",1,1,0,0,2025-03-17,0022400995,0,0,POR,1,0,0,11:33,Off At Rim Miss,0,Middleton 12' Turnaround Fadeaway (2 PTS),,POR,WAS,WAS,1610612764,2025,27.0,35.0,31.0,203114|1629673|1642259|1642273|1642358,1629014|1630166|1631101|1631200|1642270,2024-25,8
415492,05:37,"Clingan S.FOUL (P1.T2) (D.Richardson)
Sarr Free Throw 1 of 2 (3 PTS)
Sarr Free Throw 2 of 2 (4 PTS)
",0,0,0,0,2025-03-17,0022400995,0,0,POR,1,1,1,05:57,Off At Rim Make,0,Sarr Free Throw 1 of 2 (3 PTS),,POR,WAS,WAS,1610612764,2025,363.0,383.0,373.0,203114|1629673|1642259|1642273|1642358,1630166|1630703|1631101|1631200|1642270,2024-25,88
415516,00:00,"MISS Poole 27' 3PT Step Back Jump Shot
Wizards Rebound
",0,0,1,0,2025-03-17,0022400995,0,0,POR,2,0,-10,00:25,Off FT Make,0,MISS Poole 27' 3PT Step Back Jump Shot,,POR,WAS,WAS,1610612764,2025,1415.0,1440.0,1427.5,203114|1629673|1642259|1642273|1642358,1629680|1630166|1630703|1631200|1642270,2024-25,334
415493,05:37,"Clingan S.FOUL (P1.T2) (D.Richardson)
Sarr Free Throw 1 of 2 (3 PTS)
Sarr Free Throw 2 of 2 (4 PTS)
",0,0,0,0,2025-03-17,0022400995,0,0,POR,1,1,1,05:57,Off At Rim Make,0,Sarr Free Throw 2 of 2 (4 PTS),,POR,WAS,WAS,1610612764,2025,363.0,383.0,373.0,203114|1629673|1642259|1642273|1642358,1630166|1630703|1631101|1631200|1642270,2024-25,88
415491,05:37,"Clingan S.FOUL (P1.T2) (D.Richardson)
Sarr Free Throw 1 of 2 (3 PTS)
Sarr Free Throw 2 of 2 (4 PTS)
",0,0,0,0,2025-03-17,0022400995,0,0,POR,1,1,1,05:57,Off At Rim Make,0,Clingan S.FOUL (P1.T2) (D.Richardson),,POR,WAS,WAS,1610612764,2025,363.0,383.0,373.0,203114|1629673|1642259|1642273|1642358,1630166|1630703|1631101|1631200|1642270,2024-25,88
415490,05:03,"MISS Sarr 26' 3PT Jump Shot
Avdija REBOUND (Off:0 Def:3)
",0,0,1,0,2025-03-17,0022400995,0,0,POR,1,0,3,05:17,Off At Rim Miss,0,Avdija REBOUND (Off:0 Def:3),,POR,WAS,WAS,1610612764,2025,403.0,417.0,410.0,1641798|1642259|1642267|1642273|1642358,1630166|1630703|1631101|1631200|1641871,2024-25,84
415489,05:03,"MISS Sarr 26' 3PT Jump Shot
Avdija REBOUND (Off:0 Def:3)
",0,0,1,0,2025-03-17,0022400995,0,0,POR,1,0,3,05:17,Off At Rim Miss,0,MISS Sarr 26' 3PT Jump Shot,,POR,WAS,WAS,1610612764,2025,403.0,417.0,410.0,1641798|1642259|1642267|1642273|1642358,1630166|1630703|1631101|1631200|1641871,2024-25,84
415488,04:37,"MISS Sarr 10' Driving Hook Shot
Reath REBOUND (Off:0 Def:1)
",1,0,0,0,2025-03-17,0022400995,0,0,POR,1,0,3,04:47,Off Arc 3 Miss,0,Reath REBOUND (Off:0 Def:1),,POR,WAS,WAS,1610612764,2025,433.0,443.0,438.0,1641798|1642259|1642267|1642273|1642358,1630166|1630703|1631101|1631200|1641871,2024-25,92
415487,04:37,"MISS Sarr 10' Driving Hook Shot
Reath REBOUND (Off:0 Def:1)
",1,0,0,0,2025-03-17,0022400995,0,0,POR,1,0,3,04:47,Off Arc 3 Miss,0,MISS Sarr 10' Driving Hook Shot,,POR,WAS,WAS,1610612764,2025,433.0,443.0,438.0,1641798|1642259|1642267|1642273|1642358,1630166|1630703|1631101|1631200|1641871,2024-25,92
415486,04:26,"Martin 2' Running Layup (2 PTS)
",1,1,0,0,2025-03-17,0022400995,0,0,POR,1,0,3,04:31,Off Steal,0,Martin 2' Running Layup (2 PTS),,POR,WAS,WAS,1610612764,2025,449.0,454.0,451.5,1641798|1642259|1642267|1642273|1642358,1630166|1630703|1631101|1631200|1641871,2024-25,113
415485,03:59,"MISS George 2' Running Layup
Martin REBOUND (Off:1 Def:1)
MISS Martin Tip Layup Shot
Sarr REBOUND (Off:1 Def:0)
Sarr 5' Putback Layup (6 PTS)
Reath S.FOUL (P1.T3) (P.Fraher)
Sarr Free Throw 1 of 1 (7 PTS)
",3,1,0,0,2025-03-17,0022400995,0,2,POR,1,1,5,04:05,Off Block,0,Sarr Free Throw 1 of 1 (7 PTS),,POR,WAS,WAS,1610612764,2025,475.0,481.0,478.0,1641798|1642259|1642267|1642273|1642358,1630166|1630703|1631101|1631200|1641871,2024-25,96
415484,03:59,"MISS George 2' Running Layup
Martin REBOUND (Off:1 Def:1)
MISS Martin Tip Layup Shot
Sarr REBOUND (Off:1 Def:0)
Sarr 5' Putback Layup (6 PTS)
Reath S.FOUL (P1.T3) (P.Fraher)
Sarr Free Throw 1 of 1 (7 PTS)
",3,1,0,0,2025-03-17,0022400995,0,2,POR,1,1,5,04:05,Off Block,0,Reath S.FOUL (P1.T3) (P.Fraher),,POR,WAS,WAS,1610612764,2025,475.0,481.0,478.0,1641798|1642259|1642267|1642273|1642358,1630166|1630703|1631101|1631200|1641871,2024-25,96
415483,03:59,"MISS George 2' Running Layup
Martin REBOUND (Off:1 Def:1)
MISS Martin Tip Layup Shot
Sarr REBOUND (Off:1 Def:0)
Sarr 5' Putback Layup (6 PTS)
Reath S.FOUL (P1.T3) (P.Fraher)
Sarr Free Throw 1 of 1 (7 PTS)
",3,1,0,0,2025-03-17,0022400995,0,2,POR,1,1,5,04:05,Off Block,0,Sarr 5' Putback Layup (6 PTS),,POR,WAS,WAS,1610612764,2025,475.0,481.0,478.0,1641798|1642259|1642267|1642273|1642358,1630166|1630703|1631101|1631200|1641871,2024-25,96
415481,03:59,"MISS George 2' Running Layup
Martin REBOUND (Off:1 Def:1)
MISS Martin Tip Layup Shot
Sarr REBOUND (Off:1 Def:0)
Sarr 5' Putback Layup (6 PTS)
Reath S.FOUL (P1.T3) (P.Fraher)
Sarr Free Throw 1 of 1 (7 PTS)
",3,1,0,0,2025-03-17,0022400995,0,2,POR,1,1,5,04:05,Off Block,0,MISS Martin Tip Layup Shot,,POR,WAS,WAS,1610612764,2025,475.0,481.0,478.0,1641798|1642259|1642267|1642273|1642358,1630166|1630703|1631101|1631200|1641871,2024-25,96
415480,03:59,"MISS George 2' Running Layup
Martin REBOUND (Off:1 Def:1)
MISS Martin Tip Layup Shot
Sarr REBOUND (Off:1 Def:0)
Sarr 5' Putback Layup (6 PTS)
Reath S.FOUL (P1.T3) (P.Fraher)
Sarr Free Throw 1 of 1 (7 PTS)
",3,1,0,0,2025-03-17,0022400995,0,2,POR,1,1,5,04:05,Off Block,0,Martin REBOUND (Off:1 Def:1),,POR,WAS,WAS,1610612764,2025,475.0,481.0,478.0,1641798|1642259|1642267|1642273|1642358,1630166|1630703|1631101|1631200|1641871,2024-25,96
415479,03:59,"MISS George 2' Running Layup
Martin REBOUND (Off:1 Def:1)
MISS Martin Tip Layup Shot
Sarr REBOUND (Off:1 Def:0)
Sarr 5' Putback Layup (6 PTS)
Reath S.FOUL (P1.T3) (P.Fraher)
Sarr Free Throw 1 of 1 (7 PTS)
",3,1,0,0,2025-03-17,0022400995,0,2,POR,1,1,5,04:05,Off Block,0,MISS George 2' Running Layup,,POR,WAS,WAS,1610612764,2025,475.0,481.0,478.0,1641798|1642259|1642267|1642273|1642358,1630166|1630703|1631101|1631200|1641871,2024-25,96
415478,03:25,"Thybulle STEAL (1 STL): Martin Bad Pass Turnover (P1.T2)
",0,0,0,0,2025-03-17,0022400995,0,0,POR,1,0,5,03:45,Off FT Make,1,Thybulle STEAL (1 STL): Martin Bad Pass Turnover (P1.T2),,POR,WAS,WAS,1610612764,2025,495.0,515.0,505.0,1630551|1641732|1641774|1641798|1642267,1629014|1629680|1630703|1631200|1641871,2024-25,102
415477,02:50,"MISS Carrington 20' Pullup Jump Shot
Murray REBOUND (Off:0 Def:2)
",1,0,0,0,2025-03-17,0022400995,0,0,POR,1,0,3,03:13,Off At Rim Make,0,Murray REBOUND (Off:0 Def:2),,POR,WAS,WAS,1610612764,2025,527.0,550.0,538.5,1630551|1641732|1641774|1641798|1642267,1629014|1629680|1630703|1631200|1641871,2024-25,127
415476,02:50,"MISS Carrington 20' Pullup Jump Shot
Murray REBOUND (Off:0 Def:2)
",1,0,0,0,2025-03-17,0022400995,0,0,POR,1,0,3,03:13,Off At Rim Make,0,MISS Carrington 20' Pullup Jump Shot,,POR,WAS,WAS,1610612764,2025,527.0,550.0,538.5,1630551|1641732|1641774|1641798|1642267,1629014|1629680|1630703|1631200|1641871,2024-25,127
415475,02:24,"Reath S.FOUL (P2.T4) (D.Richardson)
MISS Carrington Free Throw 1 of 2
Wizards Rebound
Carrington Free Throw 2 of 2 (1 PTS)
",0,0,0,0,2025-03-17,0022400995,0,0,POR,1,1,1,02:46,Off FT Make,0,Carrington Free Throw 2 of 2 (1 PTS),,POR,WAS,WAS,1610612764,2025,554.0,576.0,565.0,1630551|1641732|1641774|1641798|1642267,1629014|1629680|1630703|1631200|1641871,2024-25,131
415474,02:24,"Reath S.FOUL (P2.T4) (D.Richardson)
MISS Carrington Free Throw 1 of 2
Wizards Rebound
Carrington Free Throw 2 of 2 (1 PTS)
",0,0,0,0,2025-03-17,0022400995,0,0,POR,1,1,1,02:46,Off FT Make,0,Wizards Rebound,,POR,WAS,WAS,1610612764,2025,554.0,576.0,565.0,1630551|1641732|1641774|1641798|1642267,1629014|1629680|1630703|1631200|1641871,2024-25,131
415473,02:24,"Reath S.FOUL (P2.T4) (D.Richardson)
MISS Carrington Free Throw 1 of 2
Wizards Rebound
Carrington Free Throw 2 of 2 (1 PTS)
",0,0,0,0,2025-03-17,0022400995,0,0,POR,1,1,1,02:46,Off FT Make,0,MISS Carrington Free Throw 1 of 2,,POR,WAS,WAS,1610612764,2025,554.0,576.0,565.0,1630551|1641732|1641774|1641798|1642267,1629014|1629680|1630703|1631200|1641871,2024-25,131
415467,00:38,"MISS Vukcevic 3' Driving Layup
Reath REBOUND (Off:0 Def:2)
",1,0,0,0,2025-03-17,0022400995,0,0,POR,1,0,-4,01:01,Off Arc 3 Make,0,Reath REBOUND (Off:0 Def:2),,POR,WAS,WAS,1610612764,2025,659.0,682.0,670.5,1630551|1641732|1641774|1641798|1642267,1629014|1629680|1630703|1631200|1641871,2024-25,149
415494,06:06,"Murray STEAL (1 STL): Johnson Bad Pass Turnover (P1.T1)
",0,0,0,0,2025-03-17,0022400995,0,0,POR,1,0,3,06:15,Off Long Mid-Range Miss,1,Murray STEAL (1 STL): Johnson Bad Pass Turnover (P1.T1),,POR,WAS,WAS,1610612764,2025,345.0,354.0,349.5,203114|1629673|1642259|1642273|1642358,1630166|1630703|1631101|1631200|1642270,2024-25,86
415538,05:42,"MISS Jones 28' 3PT Jump Shot
Wizards Rebound
Murray L.B.FOUL (P1.T1) (D.Richardson)
MISS George 22' Pullup Jump Shot
Murray REBOUND (Off:0 Def:6)
",1,0,1,0,2025-03-17,0022400995,0,1,POR,2,0,-2,06:10,Off Arc 3 Miss,0,Murray L.B.FOUL (P1.T1) (D.Richardson),,POR,WAS,WAS,1610612764,2025,1070.0,1098.0,1084.0,1630264|1642259|1642267|1642273|1642358,1630625|1630703|1631101|1631200|1642270,2024-25,244
415709,04:26,"Vukcevic 3' Running Layup (8 PTS) (Carrington 1 AST)
",1,1,0,0,2025-03-19,0022400627,0,0,UTA,2,0,2,04:30,Off Arc 3 Miss,0,Vukcevic 3' Running Layup (8 PTS) (Carrington 1 AST),,UTA,WAS,WAS,1610612764,2025,1170.0,1174.0,1172.0,1629673|1641774|1642259|1642267|1642358,1630548|1641718|1642262|1642268|1642271,2024-25,318
415782,06:34,"Johnson 29' 3PT Pullup Jump Shot (8 PTS)
",0,0,1,1,2025-03-19,0022400627,0,0,UTA,3,0,-10,06:51,Off Timeout,0,Johnson 29' 3PT Pullup Jump Shot (8 PTS),,UTA,WAS,WAS,1610612764,2025,1749.0,1766.0,1757.5,1629673|1641774|1642259|1642267|1642358,1630695|1641718|1641729|1642268|1642271,2024-25,384
415692,00:06,"MISS Poole 34' 3PT Jump Shot
Wizards Rebound
Wizards Turnover: Shot Clock (T#11)
",0,0,1,0,2025-03-19,0022400627,0,0,UTA,2,0,2,00:30,Off Short Mid-Range Make,1,Wizards Turnover: Shot Clock (T#11),,UTA,WAS,WAS,1610612764,2025,1410.0,1434.0,1422.0,1629673|1641774|1642259|1642267|1642358,1641718|1641729|1642262|1642268|1642271,2024-25,310
415693,00:49,"Sarr 27' 3PT Jump Shot (20 PTS) (Carrington 2 AST)
",0,0,1,1,2025-03-19,0022400627,0,0,UTA,2,0,1,01:02,Off FT Make,0,Sarr 27' 3PT Jump Shot (20 PTS) (Carrington 2 AST),,UTA,WAS,WAS,1610612764,2025,1378.0,1391.0,1384.5,1629673|1641774|1642259|1642267|1642358,1641718|1641729|1642262|1642268|1642271,2024-25,304
415674,06:06,"MISS Thor 25' 3PT Jump Shot
George REBOUND (Off:0 Def:1)
",0,0,1,0,2025-03-19,0022400627,0,0,UTA,1,0,9,06:21,Off Short Mid-Range Make,0,George REBOUND (Off:0 Def:1),,UTA,WAS,WAS,1610612764,2025,339.0,354.0,346.5,1629673|1630550|1641798|1642259|1642267,1629012|1630695|1631131|1641718|1642268,2024-25,71
415672,05:39,"MISS Poole 27' 3PT Step Back Jump Shot
Tshiebwe REBOUND (Off:0 Def:1)
",0,0,1,0,2025-03-19,0022400627,0,0,UTA,1,0,7,05:56,Off Long Mid-Range Make,0,Tshiebwe REBOUND (Off:0 Def:1),,UTA,WAS,WAS,1610612764,2025,364.0,381.0,372.5,1629673|1630550|1641798|1642259|1642267,1629012|1630695|1631131|1641718|1642268,2024-25,89
415695,01:13,"MISS Poole 26' 3PT Pullup Jump Shot
Sarr REBOUND (Off:2 Def:3)
Vukcevic 26' 3PT Jump Shot (11 PTS) (Sarr 1 AST)
",0,0,2,1,2025-03-19,0022400627,0,1,UTA,2,0,1,01:28,Off At Rim Make,0,Sarr REBOUND (Off:2 Def:3),,UTA,WAS,WAS,1610612764,2025,1352.0,1367.0,1359.5,1629673|1641774|1642259|1642267|1642358,1641718|1641729|1642262|1642268|1642271,2024-25,298
415671,05:39,"MISS Poole 27' 3PT Step Back Jump Shot
Tshiebwe REBOUND (Off:0 Def:1)
",0,0,1,0,2025-03-19,0022400627,0,0,UTA,1,0,7,05:56,Off Long Mid-Range Make,0,MISS Poole 27' 3PT Step Back Jump Shot,,UTA,WAS,WAS,1610612764,2025,364.0,381.0,372.5,1629673|1630550|1641798|1642259|1642267,1629012|1630695|1631131|1641718|1642268,2024-25,89
415651,00:00,"MISS Smart 70' 3PT Jump Shot
Wizards Rebound
",0,0,1,0,2025-03-19,0022400627,0,0,UTA,1,0,4,00:03,Off Corner 3 Make,0,MISS Smart 70' 3PT Jump Shot,,UTA,WAS,WAS,1610612764,2025,717.0,720.0,718.5,203935|1630264|1630550|1641732|1641798,203903|1630548|1630695|1641718|1641729,2024-25,221
415652,00:00,"MISS Smart 70' 3PT Jump Shot
Wizards Rebound
",0,0,1,0,2025-03-19,0022400627,0,0,UTA,1,0,4,00:03,Off Corner 3 Make,0,Wizards Rebound,,UTA,WAS,WAS,1610612764,2025,717.0,720.0,718.5,203935|1630264|1630550|1641732|1641798,203903|1630548|1630695|1641718|1641729,2024-25,221
415653,00:17,"George P.FOUL (P1.PN) (M.Myers)
Gill Free Throw 1 of 2 (1 PTS)
Gill Free Throw 2 of 2 (2 PTS)
",0,0,0,0,2025-03-19,0022400627,1,0,UTA,1,0,5,00:30,Off Short Mid-Range Miss,0,George P.FOUL (P1.PN) (M.Myers),,UTA,WAS,WAS,1610612764,2025,690.0,703.0,696.5,203935|1630264|1630550|1641732|1641798,203903|1630548|1630695|1641718|1641729,2024-25,173
415691,00:06,"MISS Poole 34' 3PT Jump Shot
Wizards Rebound
Wizards Turnover: Shot Clock (T#11)
",0,0,1,0,2025-03-19,0022400627,0,0,UTA,2,0,2,00:30,Off Short Mid-Range Make,1,Wizards Rebound,,UTA,WAS,WAS,1610612764,2025,1410.0,1434.0,1422.0,1629673|1641774|1642259|1642267|1642358,1641718|1641729|1642262|1642268|1642271,2024-25,310
415654,00:17,"George P.FOUL (P1.PN) (M.Myers)
Gill Free Throw 1 of 2 (1 PTS)
Gill Free Throw 2 of 2 (2 PTS)
",0,0,0,0,2025-03-19,0022400627,1,0,UTA,1,0,5,00:30,Off Short Mid-Range Miss,0,Gill Free Throw 1 of 2 (1 PTS),,UTA,WAS,WAS,1610612764,2025,690.0,703.0,696.5,203935|1630264|1630550|1641732|1641798,203903|1630548|1630695|1641718|1641729,2024-25,173
415656,00:50,"MISS Martin 6' Running Layup
Wizards Rebound
Jones 25' 3PT Jump Shot (5 PTS) (Smart 2 AST)
",1,0,1,1,2025-03-19,0022400627,0,1,UTA,1,0,2,01:02,Off Steal,0,MISS Martin 6' Running Layup,,UTA,WAS,WAS,1610612764,2025,658.0,670.0,664.0,203935|1630264|1630550|1641732|1641798,203903|1630548|1630695|1641718|1641729,2024-25,132
415657,00:50,"MISS Martin 6' Running Layup
Wizards Rebound
Jones 25' 3PT Jump Shot (5 PTS) (Smart 2 AST)
",1,0,1,1,2025-03-19,0022400627,0,1,UTA,1,0,2,01:02,Off Steal,0,Wizards Rebound,,UTA,WAS,WAS,1610612764,2025,658.0,670.0,664.0,203935|1630264|1630550|1641732|1641798,203903|1630548|1630695|1641718|1641729,2024-25,132
415658,00:50,"MISS Martin 6' Running Layup
Wizards Rebound
Jones 25' 3PT Jump Shot (5 PTS) (Smart 2 AST)
",1,0,1,1,2025-03-19,0022400627,0,1,UTA,1,0,2,01:02,Off Steal,0,Jones 25' 3PT Jump Shot (5 PTS) (Smart 2 AST),,UTA,WAS,WAS,1610612764,2025,658.0,670.0,664.0,203935|1630264|1630550|1641732|1641798,203903|1630548|1630695|1641718|1641729,2024-25,132
415660,01:25,"Potter S.FOUL (P1.T1) (M.Myers)
Thor Free Throw 1 of 2 (1 PTS)
Thor Free Throw 2 of 2 (2 PTS)
",0,0,0,0,2025-03-19,0022400627,0,0,UTA,1,1,0,01:33,Off Corner 3 Miss,0,Thor Free Throw 1 of 2 (1 PTS),,UTA,WAS,WAS,1610612764,2025,627.0,635.0,631.0,203935|1630264|1630550|1641732|1641798,203903|1630695|1631131|1641718|1641729,2024-25,139
415661,01:25,"Potter S.FOUL (P1.T1) (M.Myers)
Thor Free Throw 1 of 2 (1 PTS)
Thor Free Throw 2 of 2 (2 PTS)
",0,0,0,0,2025-03-19,0022400627,0,0,UTA,1,1,0,01:33,Off Corner 3 Miss,0,Thor Free Throw 2 of 2 (2 PTS),,UTA,WAS,WAS,1610612764,2025,627.0,635.0,631.0,203935|1630264|1630550|1641732|1641798,203903|1630695|1631131|1641718|1641729,2024-25,139
415662,01:53,"MISS Smart 24' 3PT Jump Shot
Clarkson REBOUND (Off:0 Def:1)
",0,0,1,0,2025-03-19,0022400627,0,0,UTA,1,0,0,02:07,Off FT Make,0,MISS Smart 24' 3PT Jump Shot,,UTA,WAS,WAS,1610612764,2025,593.0,607.0,600.0,203935|1630264|1630550|1641732|1641798,203903|1630695|1631131|1641718|1641729,2024-25,150
415663,01:53,"MISS Smart 24' 3PT Jump Shot
Clarkson REBOUND (Off:0 Def:1)
",0,0,1,0,2025-03-19,0022400627,0,0,UTA,1,0,0,02:07,Off FT Make,0,Clarkson REBOUND (Off:0 Def:1),,UTA,WAS,WAS,1610612764,2025,593.0,607.0,600.0,203935|1630264|1630550|1641732|1641798,203903|1630695|1631131|1641718|1641729,2024-25,150
415664,02:15,"MISS Thor 25' 3PT Jump Shot
Potter REBOUND (Off:0 Def:1)
",0,0,1,0,2025-03-19,0022400627,0,0,UTA,1,0,3,02:34,Off FT Make,0,MISS Thor 25' 3PT Jump Shot,,UTA,WAS,WAS,1610612764,2025,566.0,585.0,575.5,203935|1630264|1630550|1641732|1641798,203903|1630695|1631131|1641718|1641729,2024-25,122
415665,02:15,"MISS Thor 25' 3PT Jump Shot
Potter REBOUND (Off:0 Def:1)
",0,0,1,0,2025-03-19,0022400627,0,0,UTA,1,0,3,02:34,Off FT Make,0,Potter REBOUND (Off:0 Def:1),,UTA,WAS,WAS,1610612764,2025,566.0,585.0,575.5,203935|1630264|1630550|1641732|1641798,203903|1630695|1631131|1641718|1641729,2024-25,122
415655,00:17,"George P.FOUL (P1.PN) (M.Myers)
Gill Free Throw 1 of 2 (1 PTS)
Gill Free Throw 2 of 2 (2 PTS)
",0,0,0,0,2025-03-19,0022400627,1,0,UTA,1,0,5,00:30,Off Short Mid-Range Miss,0,Gill Free Throw 2 of 2 (2 PTS),,UTA,WAS,WAS,1610612764,2025,690.0,703.0,696.5,203935|1630264|1630550|1641732|1641798,203903|1630548|1630695|1641718|1641729,2024-25,173
415690,00:06,"MISS Poole 34' 3PT Jump Shot
Wizards Rebound
Wizards Turnover: Shot Clock (T#11)
",0,0,1,0,2025-03-19,0022400627,0,0,UTA,2,0,2,00:30,Off Short Mid-Range Make,1,MISS Poole 34' 3PT Jump Shot,,UTA,WAS,WAS,1610612764,2025,1410.0,1434.0,1422.0,1629673|1641774|1642259|1642267|1642358,1641718|1641729|1642262|1642268|1642271,2024-25,310
415740,10:04,"MISS Jones 14' Turnaround Fadeaway Shot
Gill REBOUND (Off:1 Def:0)
Kessler BLOCK (1 BLK): MISS Thor 7' Driving Dunk
Juzang REBOUND (Off:0 Def:1)
",2,0,0,0,2025-03-19,0022400627,0,1,UTA,2,0,3,10:31,Off Long Mid-Range Miss,0,Gill REBOUND (Off:1 Def:0),,UTA,WAS,WAS,1610612764,2025,809.0,836.0,822.5,203935|1630264|1630550|1641732|1641798,203903|1629012|1630548|1631117|1641729,2024-25,213
415688,11:00,"MISS Poole 25' 3PT Pullup Jump Shot
Sarr REBOUND (Off:1 Def:1)
Sarr 24' 3PT Jump Shot (3 PTS) (Johnson 1 AST)
",0,0,2,1,2025-03-19,0022400627,0,1,UTA,1,0,2,11:18,Off Dead Ball,0,Sarr 24' 3PT Jump Shot (3 PTS) (Johnson 1 AST),,UTA,WAS,WAS,1610612764,2025,42.0,60.0,51.0,1629673|1641774|1642259|1642267|1642358,1629012|1631117|1642262|1642268|1642271,2024-25,11
415816,02:04,"George P.FOUL (P2.T3) (N.Buchert)
Gill 3' Layup (10 PTS) (Johnson 5 AST)
",1,1,0,0,2025-03-19,0022400627,0,0,UTA,4,0,-11,02:32,Off FT Miss,0,Gill 3' Layup (10 PTS) (Johnson 5 AST),,UTA,WAS,WAS,1610612764,2025,2728.0,2756.0,2742.0,1630264|1630550|1641732|1641798|1642358,1630548|1641718|1642262|1642268|1642271,2024-25,685
415817,02:48,"Gill OFF.Foul (P3) (N.Buchert)
Gill Offensive Foul Turnover (P2.T13)
",0,0,0,0,2025-03-19,0022400627,0,0,UTA,4,0,-11,03:05,Off Short Mid-Range Make,1,Gill OFF.Foul (P3) (N.Buchert),,UTA,WAS,WAS,1610612764,2025,2695.0,2712.0,2703.5,1630264|1630550|1641732|1641798|1642358,1630548|1641718|1642262|1642268|1642271,2024-25,622
415818,02:48,"Gill OFF.Foul (P3) (N.Buchert)
Gill Offensive Foul Turnover (P2.T13)
",0,0,0,0,2025-03-19,0022400627,0,0,UTA,4,0,-11,03:05,Off Short Mid-Range Make,1,Gill Offensive Foul Turnover (P2.T13),,UTA,WAS,WAS,1610612764,2025,2695.0,2712.0,2703.5,1630264|1630550|1641732|1641798|1642358,1630548|1641718|1642262|1642268|1642271,2024-25,622
415819,03:19,"Thor 3' Cutting Layup Shot (8 PTS) (Gill 2 AST)
",1,1,0,0,2025-03-19,0022400627,0,0,UTA,4,0,-11,03:41,Off Long Mid-Range Miss,0,Thor 3' Cutting Layup Shot (8 PTS) (Gill 2 AST),,UTA,WAS,WAS,1610612764,2025,2659.0,2681.0,2670.0,1630264|1630550|1641732|1641798|1642358,1630548|1641718|1642262|1642268|1642271,2024-25,587
415743,10:44,"Gill Out of Bounds - Bad Pass Turnover Turnover (P1.T7)
",0,0,0,0,2025-03-19,0022400627,0,0,UTA,2,0,3,10:47,Off Steal,1,Gill Out of Bounds - Bad Pass Turnover Turnover (P1.T7),,UTA,WAS,WAS,1610612764,2025,793.0,796.0,794.5,203935|1630264|1630550|1641732|1641798,203903|1629012|1630548|1631117|1641729,2024-25,188
415846,11:14,"Sexton S.FOUL (P2.T1) (K.Scott)
Martin Free Throw 1 of 2 (7 PTS)
Martin Free Throw 2 of 2 (8 PTS)
",0,0,0,0,2025-03-19,0022400627,0,0,UTA,4,1,-9,11:29,Off Long Mid-Range Miss,0,Martin Free Throw 2 of 2 (8 PTS),,UTA,WAS,WAS,1610612764,2025,2191.0,2206.0,2198.5,203935|1630264|1630550|1641732|1641798,203903|1629012|1630548|1631131|1641729,2024-25,497
415741,10:04,"MISS Jones 14' Turnaround Fadeaway Shot
Gill REBOUND (Off:1 Def:0)
Kessler BLOCK (1 BLK): MISS Thor 7' Driving Dunk
Juzang REBOUND (Off:0 Def:1)
",2,0,0,0,2025-03-19,0022400627,0,1,UTA,2,0,3,10:31,Off Long Mid-Range Miss,0,Kessler BLOCK (1 BLK): MISS Thor 7' Driving Dunk,,UTA,WAS,WAS,1610612764,2025,809.0,836.0,822.5,203935|1630264|1630550|1641732|1641798,203903|1629012|1630548|1631117|1641729,2024-25,213
415673,06:06,"MISS Thor 25' 3PT Jump Shot
George REBOUND (Off:0 Def:1)
",0,0,1,0,2025-03-19,0022400627,0,0,UTA,1,0,9,06:21,Off Short Mid-Range Make,0,MISS Thor 25' 3PT Jump Shot,,UTA,WAS,WAS,1610612764,2025,339.0,354.0,346.5,1629673|1630550|1641798|1642259|1642267,1629012|1630695|1631131|1641718|1642268,2024-25,71
415675,06:34,"Sarr 5' Driving Finger Roll Layup (10 PTS) (Martin 1 AST)
",1,1,0,0,2025-03-19,0022400627,0,0,UTA,1,0,9,06:47,Off Arc 3 Miss,0,Sarr 5' Driving Finger Roll Layup (10 PTS) (Martin 1 AST),,UTA,WAS,WAS,1610612764,2025,313.0,326.0,319.5,1629673|1630550|1641798|1642259|1642267,1629012|1630695|1631131|1641718|1642268,2024-25,69
415676,06:52,"Potter STEAL (1 STL): Sarr Bad Pass Turnover (P1.T3)
",0,0,0,0,2025-03-19,0022400627,0,0,UTA,1,0,9,07:07,Off Steal,1,Potter STEAL (1 STL): Sarr Bad Pass Turnover (P1.T3),,UTA,WAS,WAS,1610612764,2025,293.0,308.0,300.5,1629673|1630550|1641798|1642259|1642267,1629012|1630695|1631131|1641718|1642268,2024-25,76
415677,07:14,"Poole 7' Driving Layup (2 PTS)
",1,1,0,0,2025-03-19,0022400627,0,0,UTA,1,0,7,07:27,Off Short Mid-Range Make,0,Poole 7' Driving Layup (2 PTS),,UTA,WAS,WAS,1610612764,2025,273.0,286.0,279.5,1629673|1641774|1642259|1642267|1642358,1629012|1630695|1631131|1642262|1642268,2024-25,55
415678,07:40,"Williams STEAL (1 STL): Poole Lost Ball Turnover (P2.T2)
",0,0,0,0,2025-03-19,0022400627,0,0,UTA,1,0,9,07:48,Off Long Mid-Range Make,1,Williams STEAL (1 STL): Poole Lost Ball Turnover (P2.T2),,UTA,WAS,WAS,1610612764,2025,252.0,260.0,256.0,1629673|1641774|1642259|1642267|1642358,1629012|1630695|1631131|1642262|1642268,2024-25,52
415679,08:03,"Vukcevic 9' Driving Floating Jump Shot (6 PTS) (Poole 4 AST)
",1,1,0,0,2025-03-19,0022400627,0,0,UTA,1,0,9,08:19,Off FT Miss,0,Vukcevic 9' Driving Floating Jump Shot (6 PTS) (Poole 4 AST),,UTA,WAS,WAS,1610612764,2025,221.0,237.0,229.0,1629673|1641774|1642259|1642267|1642358,1629012|1630695|1631131|1642262|1642268,2024-25,49
415680,08:35,"Vukcevic 6' Cutting Dunk Shot (4 PTS) (Poole 3 AST)
",1,1,0,0,2025-03-19,0022400627,0,0,UTA,1,0,7,08:44,Off Arc 3 Miss,0,Vukcevic 6' Cutting Dunk Shot (4 PTS) (Poole 3 AST),,UTA,WAS,WAS,1610612764,2025,196.0,205.0,200.5,1629673|1641774|1642259|1642267|1642358,1629012|1631117|1642262|1642268|1642271,2024-25,36
415681,09:01,"Sarr 25' 3PT Jump Shot (8 PTS)
",0,0,1,1,2025-03-19,0022400627,0,0,UTA,1,0,4,09:20,Off At Rim Make,0,Sarr 25' 3PT Jump Shot (8 PTS),,UTA,WAS,WAS,1610612764,2025,160.0,179.0,169.5,1629673|1641774|1642259|1642267|1642358,1629012|1631117|1642262|1642268|1642271,2024-25,33
415682,09:25,"Collier STEAL (1 STL): Poole Bad Pass Turnover (P1.T1)
",0,0,0,0,2025-03-19,0022400627,0,0,UTA,1,0,6,09:34,Off Corner 3 Miss,1,Collier STEAL (1 STL): Poole Bad Pass Turnover (P1.T1),,UTA,WAS,WAS,1610612764,2025,146.0,155.0,150.5,1629673|1641774|1642259|1642267|1642358,1629012|1631117|1642262|1642268|1642271,2024-25,31
415683,09:43,"Vukcevic 3' Cutting Layup Shot (2 PTS) (Poole 2 AST)
",1,1,0,0,2025-03-19,0022400627,0,0,UTA,1,0,4,09:53,Off At Rim Make,0,Vukcevic 3' Cutting Layup Shot (2 PTS) (Poole 2 AST),,UTA,WAS,WAS,1610612764,2025,127.0,137.0,132.0,1629673|1641774|1642259|1642267|1642358,1629012|1631117|1642262|1642268|1642271,2024-25,23
415684,10:07,"Carrington 18' Pullup Jump Shot (2 PTS) (Poole 1 AST)
",1,1,0,0,2025-03-19,0022400627,0,0,UTA,1,0,4,10:24,Off Arc 3 Make,0,Carrington 18' Pullup Jump Shot (2 PTS) (Poole 1 AST),,UTA,WAS,WAS,1610612764,2025,96.0,113.0,104.5,1629673|1641774|1642259|1642267|1642358,1629012|1631117|1642262|1642268|1642271,2024-25,19
415685,10:39,"Sarr 8' Driving Floating Bank Jump Shot (5 PTS)
",1,1,0,0,2025-03-19,0022400627,0,0,UTA,1,0,5,10:45,Off Arc 3 Miss,0,Sarr 8' Driving Floating Bank Jump Shot (5 PTS),,UTA,WAS,WAS,1610612764,2025,75.0,81.0,78.0,1629673|1641774|1642259|1642267|1642358,1629012|1631117|1642262|1642268|1642271,2024-25,17
415686,11:00,"MISS Poole 25' 3PT Pullup Jump Shot
Sarr REBOUND (Off:1 Def:1)
Sarr 24' 3PT Jump Shot (3 PTS) (Johnson 1 AST)
",0,0,2,1,2025-03-19,0022400627,0,1,UTA,1,0,2,11:18,Off Dead Ball,0,MISS Poole 25' 3PT Pullup Jump Shot,,UTA,WAS,WAS,1610612764,2025,42.0,60.0,51.0,1629673|1641774|1642259|1642267|1642358,1629012|1631117|1642262|1642268|1642271,2024-25,11
415687,11:00,"MISS Poole 25' 3PT Pullup Jump Shot
Sarr REBOUND (Off:1 Def:1)
Sarr 24' 3PT Jump Shot (3 PTS) (Johnson 1 AST)
",0,0,2,1,2025-03-19,0022400627,0,1,UTA,1,0,2,11:18,Off Dead Ball,0,Sarr REBOUND (Off:1 Def:1),,UTA,WAS,WAS,1610612764,2025,42.0,60.0,51.0,1629673|1641774|1642259|1642267|1642358,1629012|1631117|1642262|1642268|1642271,2024-25,11
415667,03:26,"Martin Out of Bounds Lost Ball Turnover (P1.T5)
",0,0,0,0,2025-03-19,0022400627,0,0,UTA,1,0,5,03:33,Off Dead Ball,1,Martin Out of Bounds Lost Ball Turnover (P1.T5),,UTA,WAS,WAS,1610612764,2025,507.0,514.0,510.5,203935|1630264|1630550|1641732|1641798,203903|1630695|1631131|1641718|1641729,2024-25,97
415815,02:04,"George P.FOUL (P2.T3) (N.Buchert)
Gill 3' Layup (10 PTS) (Johnson 5 AST)
",1,1,0,0,2025-03-19,0022400627,0,0,UTA,4,0,-11,02:32,Off FT Miss,0,George P.FOUL (P2.T3) (N.Buchert),,UTA,WAS,WAS,1610612764,2025,2728.0,2756.0,2742.0,1630264|1630550|1641732|1641798|1642358,1630548|1641718|1642262|1642268|1642271,2024-25,685
415668,03:49,"Martin 4' Cutting Dunk Shot (4 PTS) (Jones 1 AST)
",1,1,0,0,2025-03-19,0022400627,0,0,UTA,1,0,3,04:03,Off Corner 3 Miss,0,Martin 4' Cutting Dunk Shot (4 PTS) (Jones 1 AST),,UTA,WAS,WAS,1610612764,2025,477.0,491.0,484.0,1630264|1630550|1641732|1641798|1642267,203903|1630695|1631131|1641718|1641729,2024-25,93
415670,05:03,"Carrington Out of Bounds - Bad Pass Turnover Turnover (P1.T4)
",0,0,0,0,2025-03-19,0022400627,0,0,UTA,1,0,4,05:22,Off Arc 3 Make,1,Carrington Out of Bounds - Bad Pass Turnover Turnover (P1.T4),,UTA,WAS,WAS,1610612764,2025,398.0,417.0,407.5,1629673|1630550|1641798|1642259|1642267,1629012|1630695|1631131|1641718|1642268,2024-25,77
415718,05:32,"MISS Martin 27' 3PT Jump Shot
Vukcevic REBOUND (Off:1 Def:1)
MISS Johnson 28' 3PT Jump Shot
Thor REBOUND (Off:1 Def:1)
Thor 4' Putback Layup (4 PTS)
",1,1,2,0,2025-03-19,0022400627,0,2,UTA,2,0,0,05:57,Off At Rim Make,0,Vukcevic REBOUND (Off:1 Def:1),,UTA,WAS,WAS,1610612764,2025,1083.0,1108.0,1095.5,1630550|1641774|1641798|1642259|1642358,1630548|1631117|1641718|1642262|1642268,2024-25,230
415707,03:55,"MISS Vukcevic 25' 3PT Jump Shot
George REBOUND (Off:0 Def:2)
",0,0,1,0,2025-03-19,0022400627,0,0,UTA,2,0,4,04:09,Off Corner 3 Miss,0,MISS Vukcevic 25' 3PT Jump Shot,,UTA,WAS,WAS,1610612764,2025,1191.0,1205.0,1198.0,1629673|1641774|1642259|1642267|1642358,1630548|1641718|1642262|1642268|1642271,2024-25,264
415698,02:00,"Filipowski S.FOUL (P1.T4) (M.Myers)
Sarr Free Throw 1 of 2 (16 PTS)
Sarr Free Throw 2 of 2 (17 PTS)
",0,0,0,0,2025-03-19,0022400627,0,0,UTA,2,1,1,02:08,Off At Rim Make,0,Filipowski S.FOUL (P1.T4) (M.Myers),,UTA,WAS,WAS,1610612764,2025,1312.0,1320.0,1316.0,1629673|1641774|1642259|1642267|1642358,1641718|1641729|1642262|1642268|1642271,2024-25,301
415699,02:00,"Filipowski S.FOUL (P1.T4) (M.Myers)
Sarr Free Throw 1 of 2 (16 PTS)
Sarr Free Throw 2 of 2 (17 PTS)
",0,0,0,0,2025-03-19,0022400627,0,0,UTA,2,1,1,02:08,Off At Rim Make,0,Sarr Free Throw 1 of 2 (16 PTS),,UTA,WAS,WAS,1610612764,2025,1312.0,1320.0,1316.0,1629673|1641774|1642259|1642267|1642358,1641718|1641729|1642262|1642268|1642271,2024-25,301
415700,02:00,"Filipowski S.FOUL (P1.T4) (M.Myers)
Sarr Free Throw 1 of 2 (16 PTS)
Sarr Free Throw 2 of 2 (17 PTS)
",0,0,0,0,2025-03-19,0022400627,0,0,UTA,2,1,1,02:08,Off At Rim Make,0,Sarr Free Throw 2 of 2 (17 PTS),,UTA,WAS,WAS,1610612764,2025,1312.0,1320.0,1316.0,1629673|1641774|1642259|1642267|1642358,1641718|1641729|1642262|1642268|1642271,2024-25,301
415701,02:10,"MISS Sarr 25' 3PT Jump Shot
Williams REBOUND (Off:0 Def:1)
",0,0,1,0,2025-03-19,0022400627,0,0,UTA,2,0,3,02:34,Off Short Mid-Range Make,0,MISS Sarr 25' 3PT Jump Shot,,UTA,WAS,WAS,1610612764,2025,1286.0,1310.0,1298.0,1629673|1641774|1642259|1642267|1642358,1641718|1641729|1642262|1642268|1642271,2024-25,301
415717,05:32,"MISS Martin 27' 3PT Jump Shot
Vukcevic REBOUND (Off:1 Def:1)
MISS Johnson 28' 3PT Jump Shot
Thor REBOUND (Off:1 Def:1)
Thor 4' Putback Layup (4 PTS)
",1,1,2,0,2025-03-19,0022400627,0,2,UTA,2,0,0,05:57,Off At Rim Make,0,MISS Martin 27' 3PT Jump Shot,,UTA,WAS,WAS,1610612764,2025,1083.0,1108.0,1095.5,1630550|1641774|1641798|1642259|1642358,1630548|1631117|1641718|1642262|1642268,2024-25,230
415703,02:39,"Carrington 8' Driving Layup (4 PTS)
",1,1,0,0,2025-03-19,0022400627,0,0,UTA,2,0,3,02:47,Off Steal,0,Carrington 8' Driving Layup (4 PTS),,UTA,WAS,WAS,1610612764,2025,1273.0,1281.0,1277.0,1629673|1641774|1642259|1642267|1642358,1641718|1641729|1642262|1642268|1642271,2024-25,281
415704,02:54,"MISS Carrington 25' 3PT Jump Shot
Collier REBOUND (Off:1 Def:1)
",0,0,1,0,2025-03-19,0022400627,0,0,UTA,2,0,3,03:08,Off FT Make,0,MISS Carrington 25' 3PT Jump Shot,,UTA,WAS,WAS,1610612764,2025,1252.0,1266.0,1259.0,1629673|1641774|1642259|1642267|1642358,1641718|1641729|1642262|1642268|1642271,2024-25,284
415724,06:31,"MISS Sarr 25' 3PT Jump Shot
Juzang REBOUND (Off:0 Def:2)
",0,0,1,0,2025-03-19,0022400627,0,0,UTA,2,0,5,06:49,Off Dead Ball,0,Juzang REBOUND (Off:0 Def:2),,UTA,WAS,WAS,1610612764,2025,1031.0,1049.0,1040.0,1630550|1641774|1641798|1642259|1642358,1630548|1631117|1641718|1642262|1642268,2024-25,240
415705,02:54,"MISS Carrington 25' 3PT Jump Shot
Collier REBOUND (Off:1 Def:1)
",0,0,1,0,2025-03-19,0022400627,0,0,UTA,2,0,3,03:08,Off FT Make,0,Collier REBOUND (Off:1 Def:1),,UTA,WAS,WAS,1610612764,2025,1252.0,1266.0,1259.0,1629673|1641774|1642259|1642267|1642358,1641718|1641729|1642262|1642268|1642271,2024-25,284
415702,02:10,"MISS Sarr 25' 3PT Jump Shot
Williams REBOUND (Off:0 Def:1)
",0,0,1,0,2025-03-19,0022400627,0,0,UTA,2,0,3,02:34,Off Short Mid-Range Make,0,Williams REBOUND (Off:0 Def:1),,UTA,WAS,WAS,1610612764,2025,1286.0,1310.0,1298.0,1629673|1641774|1642259|1642267|1642358,1641718|1641729|1642262|1642268|1642271,2024-25,301
415708,03:55,"MISS Vukcevic 25' 3PT Jump Shot
George REBOUND (Off:0 Def:2)
",0,0,1,0,2025-03-19,0022400627,0,0,UTA,2,0,4,04:09,Off Corner 3 Miss,0,George REBOUND (Off:0 Def:2),,UTA,WAS,WAS,1610612764,2025,1191.0,1205.0,1198.0,1629673|1641774|1642259|1642267|1642358,1630548|1641718|1642262|1642268|1642271,2024-25,264
415710,04:46,"MISS Poole 34' 3PT Running Pull-Up Jump Shot
Juzang REBOUND (Off:0 Def:4)
",0,0,1,0,2025-03-19,0022400627,0,0,UTA,2,0,2,04:53,Off Arc 3 Miss,0,MISS Poole 34' 3PT Running Pull-Up Jump Shot,,UTA,WAS,WAS,1610612764,2025,1147.0,1154.0,1150.5,1629673|1641774|1642259|1642267|1642358,1630548|1641718|1642262|1642268|1642271,2024-25,254
415711,04:46,"MISS Poole 34' 3PT Running Pull-Up Jump Shot
Juzang REBOUND (Off:0 Def:4)
",0,0,1,0,2025-03-19,0022400627,0,0,UTA,2,0,2,04:53,Off Arc 3 Miss,0,Juzang REBOUND (Off:0 Def:4),,UTA,WAS,WAS,1610612764,2025,1147.0,1154.0,1150.5,1629673|1641774|1642259|1642267|1642358,1630548|1641718|1642262|1642268|1642271,2024-25,254
415712,05:18,"Kessler S.FOUL (P2.T3) (N.Buchert)
MISS Vukcevic Free Throw 1 of 2
Wizards Rebound
MISS Vukcevic Free Throw 2 of 2
Juzang REBOUND (Off:0 Def:3)
",0,0,0,0,2025-03-19,0022400627,0,0,UTA,2,1,2,05:24,Off Steal,0,Kessler S.FOUL (P2.T3) (N.Buchert),,UTA,WAS,WAS,1610612764,2025,1116.0,1122.0,1119.0,1630550|1641774|1641798|1642259|1642358,1630548|1631117|1641718|1642262|1642268,2024-25,300
415713,05:18,"Kessler S.FOUL (P2.T3) (N.Buchert)
MISS Vukcevic Free Throw 1 of 2
Wizards Rebound
MISS Vukcevic Free Throw 2 of 2
Juzang REBOUND (Off:0 Def:3)
",0,0,0,0,2025-03-19,0022400627,0,0,UTA,2,1,2,05:24,Off Steal,0,MISS Vukcevic Free Throw 1 of 2,,UTA,WAS,WAS,1610612764,2025,1116.0,1122.0,1119.0,1630550|1641774|1641798|1642259|1642358,1630548|1631117|1641718|1642262|1642268,2024-25,300
415714,05:18,"Kessler S.FOUL (P2.T3) (N.Buchert)
MISS Vukcevic Free Throw 1 of 2
Wizards Rebound
MISS Vukcevic Free Throw 2 of 2
Juzang REBOUND (Off:0 Def:3)
",0,0,0,0,2025-03-19,0022400627,0,0,UTA,2,1,2,05:24,Off Steal,0,Wizards Rebound,,UTA,WAS,WAS,1610612764,2025,1116.0,1122.0,1119.0,1630550|1641774|1641798|1642259|1642358,1630548|1631117|1641718|1642262|1642268,2024-25,300
415715,05:18,"Kessler S.FOUL (P2.T3) (N.Buchert)
MISS Vukcevic Free Throw 1 of 2
Wizards Rebound
MISS Vukcevic Free Throw 2 of 2
Juzang REBOUND (Off:0 Def:3)
",0,0,0,0,2025-03-19,0022400627,0,0,UTA,2,1,2,05:24,Off Steal,0,MISS Vukcevic Free Throw 2 of 2,,UTA,WAS,WAS,1610612764,2025,1116.0,1122.0,1119.0,1630550|1641774|1641798|1642259|1642358,1630548|1631117|1641718|1642262|1642268,2024-25,300
415716,05:18,"Kessler S.FOUL (P2.T3) (N.Buchert)
MISS Vukcevic Free Throw 1 of 2
Wizards Rebound
MISS Vukcevic Free Throw 2 of 2
Juzang REBOUND (Off:0 Def:3)
",0,0,0,0,2025-03-19,0022400627,0,0,UTA,2,1,2,05:24,Off Steal,0,Juzang REBOUND (Off:0 Def:3),,UTA,WAS,WAS,1610612764,2025,1116.0,1122.0,1119.0,1630550|1641774|1641798|1642259|1642358,1630548|1631117|1641718|1642262|1642268,2024-25,300
415706,03:29,"Sarr 25' 3PT Jump Shot (15 PTS) (Poole 5 AST)
",0,0,1,1,2025-03-19,0022400627,0,0,UTA,2,0,1,03:47,Off Corner 3 Make,0,Sarr 25' 3PT Jump Shot (15 PTS) (Poole 5 AST),,UTA,WAS,WAS,1610612764,2025,1213.0,1231.0,1222.0,1629673|1641774|1642259|1642267|1642358,1630548|1641718|1642262|1642268|1642271,2024-25,267
415720,05:32,"MISS Martin 27' 3PT Jump Shot
Vukcevic REBOUND (Off:1 Def:1)
MISS Johnson 28' 3PT Jump Shot
Thor REBOUND (Off:1 Def:1)
Thor 4' Putback Layup (4 PTS)
",1,1,2,0,2025-03-19,0022400627,0,2,UTA,2,0,0,05:57,Off At Rim Make,0,Thor REBOUND (Off:1 Def:1),,UTA,WAS,WAS,1610612764,2025,1083.0,1108.0,1095.5,1630550|1641774|1641798|1642259|1642358,1630548|1631117|1641718|1642262|1642268,2024-25,230
415739,10:04,"MISS Jones 14' Turnaround Fadeaway Shot
Gill REBOUND (Off:1 Def:0)
Kessler BLOCK (1 BLK): MISS Thor 7' Driving Dunk
Juzang REBOUND (Off:0 Def:1)
",2,0,0,0,2025-03-19,0022400627,0,1,UTA,2,0,3,10:31,Off Long Mid-Range Miss,0,MISS Jones 14' Turnaround Fadeaway Shot,,UTA,WAS,WAS,1610612764,2025,809.0,836.0,822.5,203935|1630264|1630550|1641732|1641798,203903|1629012|1630548|1631117|1641729,2024-25,213
415738,09:32,"MISS Martin 6' Floating Jump Shot
Clarkson REBOUND (Off:0 Def:2)
",1,0,0,0,2025-03-19,0022400627,0,0,UTA,2,0,0,09:52,Off Arc 3 Make,0,Clarkson REBOUND (Off:0 Def:2),,UTA,WAS,WAS,1610612764,2025,848.0,868.0,858.0,203935|1630264|1630550|1641732|1641798,203903|1629012|1630548|1631117|1641729,2024-25,171
415694,01:13,"MISS Poole 26' 3PT Pullup Jump Shot
Sarr REBOUND (Off:2 Def:3)
Vukcevic 26' 3PT Jump Shot (11 PTS) (Sarr 1 AST)
",0,0,2,1,2025-03-19,0022400627,0,1,UTA,2,0,1,01:28,Off At Rim Make,0,MISS Poole 26' 3PT Pullup Jump Shot,,UTA,WAS,WAS,1610612764,2025,1352.0,1367.0,1359.5,1629673|1641774|1642259|1642267|1642358,1641718|1641729|1642262|1642268|1642271,2024-25,298
415689,11:36,"Johnson 3' Driving Layup (2 PTS)
",1,1,0,0,2025-03-19,0022400627,0,0,UTA,1,0,0,11:47,Off Arc 3 Miss,0,Johnson 3' Driving Layup (2 PTS),,UTA,WAS,WAS,1610612764,2025,13.0,24.0,18.5,1629673|1641774|1642259|1642267|1642358,1629012|1631117|1642262|1642268|1642271,2024-25,9
415696,01:13,"MISS Poole 26' 3PT Pullup Jump Shot
Sarr REBOUND (Off:2 Def:3)
Vukcevic 26' 3PT Jump Shot (11 PTS) (Sarr 1 AST)
",0,0,2,1,2025-03-19,0022400627,0,1,UTA,2,0,1,01:28,Off At Rim Make,0,Vukcevic 26' 3PT Jump Shot (11 PTS) (Sarr 1 AST),,UTA,WAS,WAS,1610612764,2025,1352.0,1367.0,1359.5,1629673|1641774|1642259|1642267|1642358,1641718|1641729|1642262|1642268|1642271,2024-25,298
415719,05:32,"MISS Martin 27' 3PT Jump Shot
Vukcevic REBOUND (Off:1 Def:1)
MISS Johnson 28' 3PT Jump Shot
Thor REBOUND (Off:1 Def:1)
Thor 4' Putback Layup (4 PTS)
",1,1,2,0,2025-03-19,0022400627,0,2,UTA,2,0,0,05:57,Off At Rim Make,0,MISS Johnson 28' 3PT Jump Shot,,UTA,WAS,WAS,1610612764,2025,1083.0,1108.0,1095.5,1630550|1641774|1641798|1642259|1642358,1630548|1631117|1641718|1642262|1642268,2024-25,230
415721,05:32,"MISS Martin 27' 3PT Jump Shot
Vukcevic REBOUND (Off:1 Def:1)
MISS Johnson 28' 3PT Jump Shot
Thor REBOUND (Off:1 Def:1)
Thor 4' Putback Layup (4 PTS)
",1,1,2,0,2025-03-19,0022400627,0,2,UTA,2,0,0,05:57,Off At Rim Make,0,Thor 4' Putback Layup (4 PTS),,UTA,WAS,WAS,1610612764,2025,1083.0,1108.0,1095.5,1630550|1641774|1641798|1642259|1642358,1630548|1631117|1641718|1642262|1642268,2024-25,230
415722,05:59,"Collier STEAL (2 STL): Martin Bad Pass Turnover (P3.T9)
",0,0,0,0,2025-03-19,0022400627,0,0,UTA,2,0,2,06:12,Off Corner 3 Make,1,Collier STEAL (2 STL): Martin Bad Pass Turnover (P3.T9),,UTA,WAS,WAS,1610612764,2025,1068.0,1081.0,1074.5,1630550|1641774|1641798|1642259|1642358,1630548|1631117|1641718|1642262|1642268,2024-25,286
415723,06:31,"MISS Sarr 25' 3PT Jump Shot
Juzang REBOUND (Off:0 Def:2)
",0,0,1,0,2025-03-19,0022400627,0,0,UTA,2,0,5,06:49,Off Dead Ball,0,MISS Sarr 25' 3PT Jump Shot,,UTA,WAS,WAS,1610612764,2025,1031.0,1049.0,1040.0,1630550|1641774|1641798|1642259|1642358,1630548|1631117|1641718|1642262|1642268,2024-25,240
415697,01:31,"Collier STEAL (3 STL): Sarr Lost Ball Turnover (P2.T10)
",0,0,0,0,2025-03-19,0022400627,0,0,UTA,2,0,3,01:42,Off Arc 3 Miss,1,Collier STEAL (3 STL): Sarr Lost Ball Turnover (P2.T10),,UTA,WAS,WAS,1610612764,2025,1338.0,1349.0,1343.5,1629673|1641774|1642259|1642267|1642358,1641718|1641729|1642262|1642268|1642271,2024-25,314
415725,06:59,"Kessler STEAL (1 STL): Johnson Bad Pass Turnover (P1.T8)
",0,0,0,0,2025-03-19,0022400627,0,0,UTA,2,0,5,07:10,Off Dead Ball,1,Kessler STEAL (1 STL): Johnson Bad Pass Turnover (P1.T8),,UTA,WAS,WAS,1610612764,2025,1010.0,1021.0,1015.5,1630550|1641774|1641798|1642259|1642358,1630548|1631117|1641718|1642262|1642268,2024-25,217
415726,07:23,"Williams S.FOUL (P1.T2) (N.Buchert)
Sarr Free Throw 1 of 2 (11 PTS)
Sarr Free Throw 2 of 2 (12 PTS)
",0,0,0,0,2025-03-19,0022400627,0,0,UTA,2,1,3,07:32,Off Timeout,0,Williams S.FOUL (P1.T2) (N.Buchert),,UTA,WAS,WAS,1610612764,2025,988.0,997.0,992.5,203935|1630264|1630550|1641732|1641798,203903|1629012|1630548|1631117|1642262,2024-25,199
415727,07:23,"Williams S.FOUL (P1.T2) (N.Buchert)
Sarr Free Throw 1 of 2 (11 PTS)
Sarr Free Throw 2 of 2 (12 PTS)
",0,0,0,0,2025-03-19,0022400627,0,0,UTA,2,1,3,07:32,Off Timeout,0,Sarr Free Throw 1 of 2 (11 PTS),,UTA,WAS,WAS,1610612764,2025,988.0,997.0,992.5,203935|1630264|1630550|1641732|1641798,203903|1629012|1630548|1631117|1642262,2024-25,199
415728,07:23,"Williams S.FOUL (P1.T2) (N.Buchert)
Sarr Free Throw 1 of 2 (11 PTS)
Sarr Free Throw 2 of 2 (12 PTS)
",0,0,0,0,2025-03-19,0022400627,0,0,UTA,2,1,3,07:32,Off Timeout,0,Sarr Free Throw 2 of 2 (12 PTS),,UTA,WAS,WAS,1610612764,2025,988.0,997.0,992.5,203935|1630264|1630550|1641732|1641798,203903|1629012|1630548|1631117|1642262,2024-25,199
415729,07:53,"Jones 25' 3PT Running Jump Shot (11 PTS) (Smart 3 AST)
",0,0,1,1,2025-03-19,0022400627,0,0,UTA,2,0,2,07:57,Off Steal,0,Jones 25' 3PT Running Jump Shot (11 PTS) (Smart 3 AST),,UTA,WAS,WAS,1610612764,2025,963.0,967.0,965.0,203935|1630264|1630550|1641732|1641798,203903|1629012|1630548|1631117|1642262,2024-25,196
415730,08:09,"Kessler S.FOUL (P1.T1) (K.Scott)
MISS Gill Free Throw 1 of 2
Wizards Rebound
Gill Free Throw 2 of 2 (5 PTS)
",0,0,0,0,2025-03-19,0022400627,0,0,UTA,2,1,1,08:30,Off FT Make,0,Kessler S.FOUL (P1.T1) (K.Scott),,UTA,WAS,WAS,1610612764,2025,930.0,951.0,940.5,203935|1630264|1630550|1641732|1641798,203903|1629012|1630548|1631117|1642262,2024-25,210
415731,08:09,"Kessler S.FOUL (P1.T1) (K.Scott)
MISS Gill Free Throw 1 of 2
Wizards Rebound
Gill Free Throw 2 of 2 (5 PTS)
",0,0,0,0,2025-03-19,0022400627,0,0,UTA,2,1,1,08:30,Off FT Make,0,MISS Gill Free Throw 1 of 2,,UTA,WAS,WAS,1610612764,2025,930.0,951.0,940.5,203935|1630264|1630550|1641732|1641798,203903|1629012|1630548|1631117|1642262,2024-25,210
415732,08:09,"Kessler S.FOUL (P1.T1) (K.Scott)
MISS Gill Free Throw 1 of 2
Wizards Rebound
Gill Free Throw 2 of 2 (5 PTS)
",0,0,0,0,2025-03-19,0022400627,0,0,UTA,2,1,1,08:30,Off FT Make,0,Wizards Rebound,,UTA,WAS,WAS,1610612764,2025,930.0,951.0,940.5,203935|1630264|1630550|1641732|1641798,203903|1629012|1630548|1631117|1642262,2024-25,210
415733,08:09,"Kessler S.FOUL (P1.T1) (K.Scott)
MISS Gill Free Throw 1 of 2
Wizards Rebound
Gill Free Throw 2 of 2 (5 PTS)
",0,0,0,0,2025-03-19,0022400627,0,0,UTA,2,1,1,08:30,Off FT Make,0,Gill Free Throw 2 of 2 (5 PTS),,UTA,WAS,WAS,1610612764,2025,930.0,951.0,940.5,203935|1630264|1630550|1641732|1641798,203903|1629012|1630548|1631117|1642262,2024-25,210
415734,08:51,"Jones 25' 3PT Pullup Jump Shot (8 PTS) (Thor 1 AST)
",0,0,1,1,2025-03-19,0022400627,0,0,UTA,2,0,0,08:59,Off Steal,0,Jones 25' 3PT Pullup Jump Shot (8 PTS) (Thor 1 AST),,UTA,WAS,WAS,1610612764,2025,901.0,909.0,905.0,203935|1630264|1630550|1641732|1641798,203903|1629012|1630548|1631117|1641729,2024-25,180
415735,09:04,"MISS Gill 25' 3PT Jump Shot
Clarkson REBOUND (Off:0 Def:3)
",0,0,1,0,2025-03-19,0022400627,0,0,UTA,2,0,0,09:15,Off Corner 3 Miss,0,MISS Gill 25' 3PT Jump Shot,,UTA,WAS,WAS,1610612764,2025,885.0,896.0,890.5,203935|1630264|1630550|1641732|1641798,203903|1629012|1630548|1631117|1641729,2024-25,176
415736,09:04,"MISS Gill 25' 3PT Jump Shot
Clarkson REBOUND (Off:0 Def:3)
",0,0,1,0,2025-03-19,0022400627,0,0,UTA,2,0,0,09:15,Off Corner 3 Miss,0,Clarkson REBOUND (Off:0 Def:3),,UTA,WAS,WAS,1610612764,2025,885.0,896.0,890.5,203935|1630264|1630550|1641732|1641798,203903|1629012|1630548|1631117|1641729,2024-25,176
415737,09:32,"MISS Martin 6' Floating Jump Shot
Clarkson REBOUND (Off:0 Def:2)
",1,0,0,0,2025-03-19,0022400627,0,0,UTA,2,0,0,09:52,Off Arc 3 Make,0,MISS Martin 6' Floating Jump Shot,,UTA,WAS,WAS,1610612764,2025,848.0,868.0,858.0,203935|1630264|1630550|1641732|1641798,203903|1629012|1630548|1631117|1641729,2024-25,171
415669,04:25,"Martin 9' Driving Bank Hook Shot (2 PTS) (Gill 1 AST)
",1,1,0,0,2025-03-19,0022400627,0,0,UTA,1,0,1,04:51,Off Arc 3 Make,0,Martin 9' Driving Bank Hook Shot (2 PTS) (Gill 1 AST),,UTA,WAS,WAS,1610612764,2025,429.0,455.0,442.0,1630264|1630550|1641732|1641798|1642267,203903|1630695|1631131|1641718|1641729,2024-25,88
415814,01:37,"Collier STEAL (4 STL): Jones Lost Ball Turnover (P1.T14)
",0,0,0,0,2025-03-19,0022400627,0,0,UTA,4,0,-11,01:48,Off At Rim Make,1,Collier STEAL (4 STL): Jones Lost Ball Turnover (P1.T14),,UTA,WAS,WAS,1610612764,2025,2772.0,2783.0,2777.5,1630264|1630550|1641732|1641798|1642358,1630548|1641718|1642262|1642268|1642271,2024-25,605
415666,02:43,"Jones 8' Driving Floating Jump Shot (2 PTS) (Smart 1 AST)
",1,1,0,0,2025-03-19,0022400627,0,0,UTA,1,0,3,03:00,Off At Rim Make,0,Jones 8' Driving Floating Jump Shot (2 PTS) (Smart 1 AST),,UTA,WAS,WAS,1610612764,2025,540.0,557.0,548.5,203935|1630264|1630550|1641732|1641798,203903|1630695|1631131|1641718|1641729,2024-25,106
415812,01:16,"MISS Johnson 3PT Jump Shot
JAZZ Rebound
",0,0,1,0,2025-03-19,0022400627,0,0,UTA,4,0,-13,01:35,Off Short Mid-Range Make,0,MISS Johnson 3PT Jump Shot,,UTA,WAS,WAS,1610612764,2025,2785.0,2804.0,2794.5,1630264|1630550|1641732|1641798|1642358,1630548|1641718|1642262|1642268|1642271,2024-25,609
415768,04:50,"MISS Martin 11' Driving Floating Bank Jump Shot
Sarr REBOUND (Off:5 Def:4)
MISS Sarr 3' Putback Layup
Filipowski REBOUND (Off:0 Def:3)
",2,0,0,0,2025-03-19,0022400627,0,1,UTA,3,0,-3,04:58,Off At Rim Miss,0,MISS Martin 11' Driving Floating Bank Jump Shot,,UTA,WAS,WAS,1610612764,2025,1862.0,1870.0,1866.0,1629673|1641774|1641798|1642259|1642267,1630695|1641718|1641729|1642268|1642271,2024-25,476
415767,04:18,"MISS Sarr 6' Driving Layup
Potter REBOUND (Off:1 Def:2)
",1,0,0,0,2025-03-19,0022400627,0,0,UTA,3,0,-5,04:35,Off Long Mid-Range Make,0,Potter REBOUND (Off:1 Def:2),,UTA,WAS,WAS,1610612764,2025,1885.0,1902.0,1893.5,1630550|1641732|1641798|1642259|1642267,203903|1630695|1641718|1641729|1642271,2024-25,426
415756,02:23,"MISS Smart 25' 3PT Running Jump Shot
Thor REBOUND (Off:2 Def:1)
MISS Martin 13' Driving Floating Jump Shot
Wizards Rebound
Jones 2' Cutting Layup Shot (15 PTS) (Smart 4 AST)
",2,1,1,0,2025-03-19,0022400627,0,2,UTA,3,0,-5,02:38,Off Corner 3 Miss,0,Thor REBOUND (Off:2 Def:1),,UTA,WAS,WAS,1610612764,2025,2002.0,2017.0,2009.5,203935|1630264|1630550|1641732|1641798,203903|1630695|1631131|1641718|1641729,2024-25,449
415795,09:04,"Williams P.FOUL (P3.T3) (M.Myers)
Sexton P.FOUL (P1.T4) (M.Myers)
Carrington 18' Pullup Jump Shot (6 PTS) (Sarr 2 AST)
",1,1,0,0,2025-03-19,0022400627,0,0,UTA,3,0,-5,09:24,Off Arc 3 Make,0,Sexton P.FOUL (P1.T4) (M.Myers),,UTA,WAS,WAS,1610612764,2025,1596.0,1616.0,1606.0,1629673|1641774|1642259|1642267|1642358,1629012|1631117|1642262|1642268|1642271,2024-25,356
415755,02:23,"MISS Smart 25' 3PT Running Jump Shot
Thor REBOUND (Off:2 Def:1)
MISS Martin 13' Driving Floating Jump Shot
Wizards Rebound
Jones 2' Cutting Layup Shot (15 PTS) (Smart 4 AST)
",2,1,1,0,2025-03-19,0022400627,0,2,UTA,3,0,-5,02:38,Off Corner 3 Miss,0,MISS Smart 25' 3PT Running Jump Shot,,UTA,WAS,WAS,1610612764,2025,2002.0,2017.0,2009.5,203935|1630264|1630550|1641732|1641798,203903|1630695|1631131|1641718|1641729,2024-25,449
415754,01:45,"MISS Smart 9' Driving Hook Shot
Tshiebwe REBOUND (Off:2 Def:2)
",1,0,0,0,2025-03-19,0022400627,0,0,UTA,3,0,-5,02:05,Off Short Mid-Range Make,0,Tshiebwe REBOUND (Off:2 Def:2),,UTA,WAS,WAS,1610612764,2025,2035.0,2055.0,2045.0,203935|1630264|1630550|1641732|1641798,203903|1630695|1631131|1641718|1641729,2024-25,457
415753,01:45,"MISS Smart 9' Driving Hook Shot
Tshiebwe REBOUND (Off:2 Def:2)
",1,0,0,0,2025-03-19,0022400627,0,0,UTA,3,0,-5,02:05,Off Short Mid-Range Make,0,MISS Smart 9' Driving Hook Shot,,UTA,WAS,WAS,1610612764,2025,2035.0,2055.0,2045.0,203935|1630264|1630550|1641732|1641798,203903|1630695|1631131|1641718|1641729,2024-25,457
415752,01:21,"Sensabaugh P.FOUL (P1.PN) (N.Buchert)
Jones Free Throw 1 of 2 (16 PTS)
Jones Free Throw 2 of 2 (17 PTS)
",0,0,0,0,2025-03-19,0022400627,1,0,UTA,3,0,-7,01:34,Off Short Mid-Range Make,0,Jones Free Throw 2 of 2 (17 PTS),,UTA,WAS,WAS,1610612764,2025,2066.0,2079.0,2072.5,203935|1630264|1630550|1641732|1641798,203903|1630695|1631131|1641718|1641729,2024-25,486
415751,01:21,"Sensabaugh P.FOUL (P1.PN) (N.Buchert)
Jones Free Throw 1 of 2 (16 PTS)
Jones Free Throw 2 of 2 (17 PTS)
",0,0,0,0,2025-03-19,0022400627,1,0,UTA,3,0,-7,01:34,Off Short Mid-Range Make,0,Jones Free Throw 1 of 2 (16 PTS),,UTA,WAS,WAS,1610612764,2025,2066.0,2079.0,2072.5,203935|1630264|1630550|1641732|1641798,203903|1630695|1631131|1641718|1641729,2024-25,486
415750,01:21,"Sensabaugh P.FOUL (P1.PN) (N.Buchert)
Jones Free Throw 1 of 2 (16 PTS)
Jones Free Throw 2 of 2 (17 PTS)
",0,0,0,0,2025-03-19,0022400627,1,0,UTA,3,0,-7,01:34,Off Short Mid-Range Make,0,Sensabaugh P.FOUL (P1.PN) (N.Buchert),,UTA,WAS,WAS,1610612764,2025,2066.0,2079.0,2072.5,203935|1630264|1630550|1641732|1641798,203903|1630695|1631131|1641718|1641729,2024-25,486
415748,00:41,"MISS Smart 5' Driving Layup
Tshiebwe REBOUND (Off:2 Def:3)
",1,0,0,0,2025-03-19,0022400627,0,0,UTA,3,0,-8,00:56,Off Corner 3 Make,0,MISS Smart 5' Driving Layup,,UTA,WAS,WAS,1610612764,2025,2104.0,2119.0,2111.5,203935|1630264|1630550|1641732|1641798,203903|1630695|1631131|1641718|1641729,2024-25,511
415747,00:13,"Smart Out of Bounds - Bad Pass Turnover Turnover (P1.T12)
",0,0,0,0,2025-03-19,0022400627,0,0,UTA,3,0,-9,00:33,Off FT Make,1,Smart Out of Bounds - Bad Pass Turnover Turnover (P1.T12),,UTA,WAS,WAS,1610612764,2025,2127.0,2147.0,2137.0,203935|1630264|1630550|1641732|1641798,203903|1630695|1631131|1641718|1641729,2024-25,493
415746,00:00,,0,0,0,0,2025-03-19,0022400627,0,0,UTA,3,0,-9,00:07,Off Dead Ball,0,,,UTA,WAS,WAS,1610612764,2025,2153.0,2160.0,2156.5,203935|1630264|1630550|1641732|1641798,203903|1630695|1631131|1641718|1641729,2024-25,470
415745,11:43,"Martin Out of Bounds - Bad Pass Turnover Turnover (P2.T6)
",0,0,0,0,2025-03-19,0022400627,0,0,UTA,2,0,4,12:00,Off Dead Ball,1,Martin Out of Bounds - Bad Pass Turnover Turnover (P2.T6),,UTA,WAS,WAS,1610612764,2025,720.0,737.0,728.5,203935|1630264|1630550|1641732|1641798,203903|1629012|1630548|1631117|1641729,2024-25,167
415744,11:11,"Gill 5' Driving Layup (4 PTS)
",1,1,0,0,2025-03-19,0022400627,0,0,UTA,2,0,1,11:29,Off FT Make,0,Gill 5' Driving Layup (4 PTS),,UTA,WAS,WAS,1610612764,2025,751.0,769.0,760.0,203935|1630264|1630550|1641732|1641798,203903|1629012|1630548|1631117|1641729,2024-25,156
415757,02:23,"MISS Smart 25' 3PT Running Jump Shot
Thor REBOUND (Off:2 Def:1)
MISS Martin 13' Driving Floating Jump Shot
Wizards Rebound
Jones 2' Cutting Layup Shot (15 PTS) (Smart 4 AST)
",2,1,1,0,2025-03-19,0022400627,0,2,UTA,3,0,-5,02:38,Off Corner 3 Miss,0,MISS Martin 13' Driving Floating Jump Shot,,UTA,WAS,WAS,1610612764,2025,2002.0,2017.0,2009.5,203935|1630264|1630550|1641732|1641798,203903|1630695|1631131|1641718|1641729,2024-25,449
415758,02:23,"MISS Smart 25' 3PT Running Jump Shot
Thor REBOUND (Off:2 Def:1)
MISS Martin 13' Driving Floating Jump Shot
Wizards Rebound
Jones 2' Cutting Layup Shot (15 PTS) (Smart 4 AST)
",2,1,1,0,2025-03-19,0022400627,0,2,UTA,3,0,-5,02:38,Off Corner 3 Miss,0,Wizards Rebound,,UTA,WAS,WAS,1610612764,2025,2002.0,2017.0,2009.5,203935|1630264|1630550|1641732|1641798,203903|1630695|1631131|1641718|1641729,2024-25,449
415759,02:23,"MISS Smart 25' 3PT Running Jump Shot
Thor REBOUND (Off:2 Def:1)
MISS Martin 13' Driving Floating Jump Shot
Wizards Rebound
Jones 2' Cutting Layup Shot (15 PTS) (Smart 4 AST)
",2,1,1,0,2025-03-19,0022400627,0,2,UTA,3,0,-5,02:38,Off Corner 3 Miss,0,Jones 2' Cutting Layup Shot (15 PTS) (Smart 4 AST),,UTA,WAS,WAS,1610612764,2025,2002.0,2017.0,2009.5,203935|1630264|1630550|1641732|1641798,203903|1630695|1631131|1641718|1641729,2024-25,449
415760,02:59,"Gill 26' 3PT Jump Shot (8 PTS) (Jones 2 AST)
",0,0,1,1,2025-03-19,0022400627,0,0,UTA,3,0,-8,03:15,Off Timeout,0,Gill 26' 3PT Jump Shot (8 PTS) (Jones 2 AST),,UTA,WAS,WAS,1610612764,2025,1965.0,1981.0,1973.0,203935|1630264|1630550|1641732|1641798,203903|1630695|1631131|1641718|1641729,2024-25,504
415761,03:27,"MISS Thor 3PT Jump Shot
George REBOUND (Off:0 Def:3)
",0,0,1,0,2025-03-19,0022400627,0,0,UTA,3,0,-8,03:53,Off At Rim Make,0,MISS Thor 3PT Jump Shot,,UTA,WAS,WAS,1610612764,2025,1927.0,1953.0,1940.0,1630550|1641732|1641798|1642259|1642267,203903|1630695|1641718|1641729|1642271,2024-25,434
415762,03:27,"MISS Thor 3PT Jump Shot
George REBOUND (Off:0 Def:3)
",0,0,1,0,2025-03-19,0022400627,0,0,UTA,3,0,-8,03:53,Off At Rim Make,0,George REBOUND (Off:0 Def:3),,UTA,WAS,WAS,1610612764,2025,1927.0,1953.0,1940.0,1630550|1641732|1641798|1642259|1642267,203903|1630695|1641718|1641729|1642271,2024-25,434
415749,00:41,"MISS Smart 5' Driving Layup
Tshiebwe REBOUND (Off:2 Def:3)
",1,0,0,0,2025-03-19,0022400627,0,0,UTA,3,0,-8,00:56,Off Corner 3 Make,0,Tshiebwe REBOUND (Off:2 Def:3),,UTA,WAS,WAS,1610612764,2025,2104.0,2119.0,2111.5,203935|1630264|1630550|1641732|1641798,203903|1630695|1631131|1641718|1641729,2024-25,511
415763,04:00,"MISS Sarr 6' Layup
Jones REBOUND (Off:1 Def:2)
Jones Tip Dunk Shot (13 PTS)
",2,1,0,0,2025-03-19,0022400627,0,1,UTA,3,0,-8,04:11,Off Corner 3 Make,0,MISS Sarr 6' Layup,,UTA,WAS,WAS,1610612764,2025,1909.0,1920.0,1914.5,1630550|1641732|1641798|1642259|1642267,203903|1630695|1641718|1641729|1642271,2024-25,441
415770,04:50,"MISS Martin 11' Driving Floating Bank Jump Shot
Sarr REBOUND (Off:5 Def:4)
MISS Sarr 3' Putback Layup
Filipowski REBOUND (Off:0 Def:3)
",2,0,0,0,2025-03-19,0022400627,0,1,UTA,3,0,-3,04:58,Off At Rim Miss,0,MISS Sarr 3' Putback Layup,,UTA,WAS,WAS,1610612764,2025,1862.0,1870.0,1866.0,1629673|1641774|1641798|1642259|1642267,1630695|1641718|1641729|1642268|1642271,2024-25,476
415793,08:47,"Vukcevic 2' Running Dunk (13 PTS) (Johnson 2 AST)
",1,1,0,0,2025-03-19,0022400627,0,0,UTA,3,0,-3,08:52,Off Steal,0,Vukcevic 2' Running Dunk (13 PTS) (Johnson 2 AST),,UTA,WAS,WAS,1610612764,2025,1628.0,1633.0,1630.5,1629673|1641774|1642259|1642267|1642358,1629012|1631117|1642262|1642268|1642271,2024-25,412
415813,01:16,"MISS Johnson 3PT Jump Shot
JAZZ Rebound
",0,0,1,0,2025-03-19,0022400627,0,0,UTA,4,0,-13,01:35,Off Short Mid-Range Make,0,JAZZ Rebound,,UTA,WAS,WAS,1610612764,2025,2785.0,2804.0,2794.5,1630264|1630550|1641732|1641798|1642358,1630548|1641718|1642262|1642268|1642271,2024-25,609
415773,05:10,"MISS Poole 26' 3PT Jump Shot
Martin REBOUND (Off:1 Def:1)
MISS Poole 25' 3PT Jump Shot
Sarr REBOUND (Off:4 Def:3)
MISS Poole 28' 3PT Jump Shot
Martin REBOUND (Off:2 Def:1)
Martin Tip Layup Shot (6 PTS)
",1,1,3,0,2025-03-19,0022400627,0,3,UTA,3,0,-5,05:38,Off Dead Ball,0,Martin REBOUND (Off:1 Def:1),,UTA,WAS,WAS,1610612764,2025,1822.0,1850.0,1836.0,1629673|1641774|1641798|1642259|1642267,1630695|1641718|1641729|1642268|1642271,2024-25,429
415771,04:50,"MISS Martin 11' Driving Floating Bank Jump Shot
Sarr REBOUND (Off:5 Def:4)
MISS Sarr 3' Putback Layup
Filipowski REBOUND (Off:0 Def:3)
",2,0,0,0,2025-03-19,0022400627,0,1,UTA,3,0,-3,04:58,Off At Rim Miss,0,Filipowski REBOUND (Off:0 Def:3),,UTA,WAS,WAS,1610612764,2025,1862.0,1870.0,1866.0,1629673|1641774|1641798|1642259|1642267,1630695|1641718|1641729|1642268|1642271,2024-25,476
415774,05:10,"MISS Poole 26' 3PT Jump Shot
Martin REBOUND (Off:1 Def:1)
MISS Poole 25' 3PT Jump Shot
Sarr REBOUND (Off:4 Def:3)
MISS Poole 28' 3PT Jump Shot
Martin REBOUND (Off:2 Def:1)
Martin Tip Layup Shot (6 PTS)
",1,1,3,0,2025-03-19,0022400627,0,3,UTA,3,0,-5,05:38,Off Dead Ball,0,MISS Poole 25' 3PT Jump Shot,,UTA,WAS,WAS,1610612764,2025,1822.0,1850.0,1836.0,1629673|1641774|1641798|1642259|1642267,1630695|1641718|1641729|1642268|1642271,2024-25,429
415775,05:10,"MISS Poole 26' 3PT Jump Shot
Martin REBOUND (Off:1 Def:1)
MISS Poole 25' 3PT Jump Shot
Sarr REBOUND (Off:4 Def:3)
MISS Poole 28' 3PT Jump Shot
Martin REBOUND (Off:2 Def:1)
Martin Tip Layup Shot (6 PTS)
",1,1,3,0,2025-03-19,0022400627,0,3,UTA,3,0,-5,05:38,Off Dead Ball,0,Sarr REBOUND (Off:4 Def:3),,UTA,WAS,WAS,1610612764,2025,1822.0,1850.0,1836.0,1629673|1641774|1641798|1642259|1642267,1630695|1641718|1641729|1642268|1642271,2024-25,429
415776,05:10,"MISS Poole 26' 3PT Jump Shot
Martin REBOUND (Off:1 Def:1)
MISS Poole 25' 3PT Jump Shot
Sarr REBOUND (Off:4 Def:3)
MISS Poole 28' 3PT Jump Shot
Martin REBOUND (Off:2 Def:1)
Martin Tip Layup Shot (6 PTS)
",1,1,3,0,2025-03-19,0022400627,0,3,UTA,3,0,-5,05:38,Off Dead Ball,0,MISS Poole 28' 3PT Jump Shot,,UTA,WAS,WAS,1610612764,2025,1822.0,1850.0,1836.0,1629673|1641774|1641798|1642259|1642267,1630695|1641718|1641729|1642268|1642271,2024-25,429
415777,05:10,"MISS Poole 26' 3PT Jump Shot
Martin REBOUND (Off:1 Def:1)
MISS Poole 25' 3PT Jump Shot
Sarr REBOUND (Off:4 Def:3)
MISS Poole 28' 3PT Jump Shot
Martin REBOUND (Off:2 Def:1)
Martin Tip Layup Shot (6 PTS)
",1,1,3,0,2025-03-19,0022400627,0,3,UTA,3,0,-5,05:38,Off Dead Ball,0,Martin REBOUND (Off:2 Def:1),,UTA,WAS,WAS,1610612764,2025,1822.0,1850.0,1836.0,1629673|1641774|1641798|1642259|1642267,1630695|1641718|1641729|1642268|1642271,2024-25,429
415778,05:10,"MISS Poole 26' 3PT Jump Shot
Martin REBOUND (Off:1 Def:1)
MISS Poole 25' 3PT Jump Shot
Sarr REBOUND (Off:4 Def:3)
MISS Poole 28' 3PT Jump Shot
Martin REBOUND (Off:2 Def:1)
Martin Tip Layup Shot (6 PTS)
",1,1,3,0,2025-03-19,0022400627,0,3,UTA,3,0,-5,05:38,Off Dead Ball,0,Martin Tip Layup Shot (6 PTS),,UTA,WAS,WAS,1610612764,2025,1822.0,1850.0,1836.0,1629673|1641774|1641798|1642259|1642267,1630695|1641718|1641729|1642268|1642271,2024-25,429
415779,05:49,"MISS Johnson 3' Alley Oop Dunk
Johnson REBOUND (Off:1 Def:0)
Vukcevic 12' Floating Jump Shot (15 PTS) (Johnson 3 AST)
",2,1,0,0,2025-03-19,0022400627,0,1,UTA,3,0,-7,06:12,Off Corner 3 Miss,0,MISS Johnson 3' Alley Oop Dunk,,UTA,WAS,WAS,1610612764,2025,1788.0,1811.0,1799.5,1629673|1641774|1642259|1642267|1642358,1630695|1641718|1641729|1642268|1642271,2024-25,395
415780,05:49,"MISS Johnson 3' Alley Oop Dunk
Johnson REBOUND (Off:1 Def:0)
Vukcevic 12' Floating Jump Shot (15 PTS) (Johnson 3 AST)
",2,1,0,0,2025-03-19,0022400627,0,1,UTA,3,0,-7,06:12,Off Corner 3 Miss,0,Johnson REBOUND (Off:1 Def:0),,UTA,WAS,WAS,1610612764,2025,1788.0,1811.0,1799.5,1629673|1641774|1642259|1642267|1642358,1630695|1641718|1641729|1642268|1642271,2024-25,395
415781,05:49,"MISS Johnson 3' Alley Oop Dunk
Johnson REBOUND (Off:1 Def:0)
Vukcevic 12' Floating Jump Shot (15 PTS) (Johnson 3 AST)
",2,1,0,0,2025-03-19,0022400627,0,1,UTA,3,0,-7,06:12,Off Corner 3 Miss,0,Vukcevic 12' Floating Jump Shot (15 PTS) (Johnson 3 AST),,UTA,WAS,WAS,1610612764,2025,1788.0,1811.0,1799.5,1629673|1641774|1642259|1642267|1642358,1630695|1641718|1641729|1642268|1642271,2024-25,395
415789,07:52,"MISS Sarr 25' 3PT Jump Shot
Filipowski REBOUND (Off:0 Def:2)
",0,0,1,0,2025-03-19,0022400627,0,0,UTA,3,0,-5,08:06,Off At Rim Make,0,MISS Sarr 25' 3PT Jump Shot,,UTA,WAS,WAS,1610612764,2025,1674.0,1688.0,1681.0,1629673|1641774|1642259|1642267|1642358,1629012|1631117|1642262|1642268|1642271,2024-25,434
415783,06:59,"MISS Johnson 24' 3PT Jump Shot
Sarr REBOUND (Off:3 Def:3)
MISS Johnson 3PT Jump Shot
Kessler REBOUND (Off:2 Def:3)
",0,0,2,0,2025-03-19,0022400627,0,1,UTA,3,0,-8,07:12,Off Corner 3 Miss,0,MISS Johnson 24' 3PT Jump Shot,,UTA,WAS,WAS,1610612764,2025,1728.0,1741.0,1734.5,1629673|1641774|1642259|1642267|1642358,1629012|1631117|1642262|1642268|1642271,2024-25,379
415784,06:59,"MISS Johnson 24' 3PT Jump Shot
Sarr REBOUND (Off:3 Def:3)
MISS Johnson 3PT Jump Shot
Kessler REBOUND (Off:2 Def:3)
",0,0,2,0,2025-03-19,0022400627,0,1,UTA,3,0,-8,07:12,Off Corner 3 Miss,0,Sarr REBOUND (Off:3 Def:3),,UTA,WAS,WAS,1610612764,2025,1728.0,1741.0,1734.5,1629673|1641774|1642259|1642267|1642358,1629012|1631117|1642262|1642268|1642271,2024-25,379
415785,06:59,"MISS Johnson 24' 3PT Jump Shot
Sarr REBOUND (Off:3 Def:3)
MISS Johnson 3PT Jump Shot
Kessler REBOUND (Off:2 Def:3)
",0,0,2,0,2025-03-19,0022400627,0,1,UTA,3,0,-8,07:12,Off Corner 3 Miss,0,MISS Johnson 3PT Jump Shot,,UTA,WAS,WAS,1610612764,2025,1728.0,1741.0,1734.5,1629673|1641774|1642259|1642267|1642358,1629012|1631117|1642262|1642268|1642271,2024-25,379
415786,06:59,"MISS Johnson 24' 3PT Jump Shot
Sarr REBOUND (Off:3 Def:3)
MISS Johnson 3PT Jump Shot
Kessler REBOUND (Off:2 Def:3)
",0,0,2,0,2025-03-19,0022400627,0,1,UTA,3,0,-8,07:12,Off Corner 3 Miss,0,Kessler REBOUND (Off:2 Def:3),,UTA,WAS,WAS,1610612764,2025,1728.0,1741.0,1734.5,1629673|1641774|1642259|1642267|1642358,1629012|1631117|1642262|1642268|1642271,2024-25,379
415787,07:21,"MISS Poole 26' 3PT Pullup Jump Shot
Kessler REBOUND (Off:2 Def:2)
",0,0,1,0,2025-03-19,0022400627,0,0,UTA,3,0,-8,07:44,Off Arc 3 Make,0,MISS Poole 26' 3PT Pullup Jump Shot,,UTA,WAS,WAS,1610612764,2025,1696.0,1719.0,1707.5,1629673|1641774|1642259|1642267|1642358,1629012|1631117|1642262|1642268|1642271,2024-25,440
415788,07:21,"MISS Poole 26' 3PT Pullup Jump Shot
Kessler REBOUND (Off:2 Def:2)
",0,0,1,0,2025-03-19,0022400627,0,0,UTA,3,0,-8,07:44,Off Arc 3 Make,0,Kessler REBOUND (Off:2 Def:2),,UTA,WAS,WAS,1610612764,2025,1696.0,1719.0,1707.5,1629673|1641774|1642259|1642267|1642358,1629012|1631117|1642262|1642268|1642271,2024-25,440
415792,08:15,"MISS Poole 9' Driving Floating Jump Shot
Kessler REBOUND (Off:2 Def:1)
",1,0,0,0,2025-03-19,0022400627,0,0,UTA,3,0,-3,08:26,Off Short Mid-Range Make,0,Kessler REBOUND (Off:2 Def:1),,UTA,WAS,WAS,1610612764,2025,1654.0,1665.0,1659.5,1629673|1641774|1642259|1642267|1642358,1629012|1631117|1642262|1642268|1642271,2024-25,368
415790,07:52,"MISS Sarr 25' 3PT Jump Shot
Filipowski REBOUND (Off:0 Def:2)
",0,0,1,0,2025-03-19,0022400627,0,0,UTA,3,0,-5,08:06,Off At Rim Make,0,Filipowski REBOUND (Off:0 Def:2),,UTA,WAS,WAS,1610612764,2025,1674.0,1688.0,1681.0,1629673|1641774|1642259|1642267|1642358,1629012|1631117|1642262|1642268|1642271,2024-25,434
415791,08:15,"MISS Poole 9' Driving Floating Jump Shot
Kessler REBOUND (Off:2 Def:1)
",1,0,0,0,2025-03-19,0022400627,0,0,UTA,3,0,-3,08:26,Off Short Mid-Range Make,0,MISS Poole 9' Driving Floating Jump Shot,,UTA,WAS,WAS,1610612764,2025,1654.0,1665.0,1659.5,1629673|1641774|1642259|1642267|1642358,1629012|1631117|1642262|1642268|1642271,2024-25,368
415769,04:50,"MISS Martin 11' Driving Floating Bank Jump Shot
Sarr REBOUND (Off:5 Def:4)
MISS Sarr 3' Putback Layup
Filipowski REBOUND (Off:0 Def:3)
",2,0,0,0,2025-03-19,0022400627,0,1,UTA,3,0,-3,04:58,Off At Rim Miss,0,Sarr REBOUND (Off:5 Def:4),,UTA,WAS,WAS,1610612764,2025,1862.0,1870.0,1866.0,1629673|1641774|1641798|1642259|1642267,1630695|1641718|1641729|1642268|1642271,2024-25,476
415764,04:00,"MISS Sarr 6' Layup
Jones REBOUND (Off:1 Def:2)
Jones Tip Dunk Shot (13 PTS)
",2,1,0,0,2025-03-19,0022400627,0,1,UTA,3,0,-8,04:11,Off Corner 3 Make,0,Jones REBOUND (Off:1 Def:2),,UTA,WAS,WAS,1610612764,2025,1909.0,1920.0,1914.5,1630550|1641732|1641798|1642259|1642267,203903|1630695|1641718|1641729|1642271,2024-25,441
415772,05:10,"MISS Poole 26' 3PT Jump Shot
Martin REBOUND (Off:1 Def:1)
MISS Poole 25' 3PT Jump Shot
Sarr REBOUND (Off:4 Def:3)
MISS Poole 28' 3PT Jump Shot
Martin REBOUND (Off:2 Def:1)
Martin Tip Layup Shot (6 PTS)
",1,1,3,0,2025-03-19,0022400627,0,3,UTA,3,0,-5,05:38,Off Dead Ball,0,MISS Poole 26' 3PT Jump Shot,,UTA,WAS,WAS,1610612764,2025,1822.0,1850.0,1836.0,1629673|1641774|1641798|1642259|1642267,1630695|1641718|1641729|1642268|1642271,2024-25,429
415811,00:52,"MISS Vukcevic 25' 3PT Jump Shot
George REBOUND (Off:0 Def:4)
",0,0,1,0,2025-03-19,0022400627,0,0,UTA,4,0,-15,01:04,Off At Rim Make,0,George REBOUND (Off:0 Def:4),,UTA,WAS,WAS,1610612764,2025,2816.0,2828.0,2822.0,1630550|1641732|1641774|1641798|1642358,1630548|1641718|1642262|1642268|1642271,2024-25,617
415843,10:43,"MISS Smart 27' 3PT Jump Shot
JAZZ Rebound
",0,0,1,0,2025-03-19,0022400627,0,0,UTA,4,0,-9,11:01,Off Long Mid-Range Make,0,JAZZ Rebound,,UTA,WAS,WAS,1610612764,2025,2219.0,2237.0,2228.0,203935|1630264|1630550|1641732|1641798,203903|1629012|1630548|1631131|1641729,2024-25,521
415844,11:14,"Sexton S.FOUL (P2.T1) (K.Scott)
Martin Free Throw 1 of 2 (7 PTS)
Martin Free Throw 2 of 2 (8 PTS)
",0,0,0,0,2025-03-19,0022400627,0,0,UTA,4,1,-9,11:29,Off Long Mid-Range Miss,0,Sexton S.FOUL (P2.T1) (K.Scott),,UTA,WAS,WAS,1610612764,2025,2191.0,2206.0,2198.5,203935|1630264|1630550|1641732|1641798,203903|1629012|1630548|1631131|1641729,2024-25,497
415845,11:14,"Sexton S.FOUL (P2.T1) (K.Scott)
Martin Free Throw 1 of 2 (7 PTS)
Martin Free Throw 2 of 2 (8 PTS)
",0,0,0,0,2025-03-19,0022400627,0,0,UTA,4,1,-9,11:29,Off Long Mid-Range Miss,0,Martin Free Throw 1 of 2 (7 PTS),,UTA,WAS,WAS,1610612764,2025,2191.0,2206.0,2198.5,203935|1630264|1630550|1641732|1641798,203903|1629012|1630548|1631131|1641729,2024-25,497
415823,05:12,"MISS Gill 26' 3PT Jump Shot
Tshiebwe REBOUND (Off:2 Def:7)
",0,0,1,0,2025-03-19,0022400627,0,0,UTA,4,0,-9,05:26,Off Short Mid-Range Miss,0,MISS Gill 26' 3PT Jump Shot,,UTA,WAS,WAS,1610612764,2025,2554.0,2568.0,2561.0,1630264|1630550|1641732|1641798|1642358,1630548|1631131|1641718|1642262|1642268,2024-25,642
415822,04:42,"MISS Martin 26' 3PT Jump Shot
Tshiebwe REBOUND (Off:2 Def:8)
",0,0,1,0,2025-03-19,0022400627,0,0,UTA,4,0,-11,05:01,Off Short Mid-Range Make,0,Tshiebwe REBOUND (Off:2 Def:8),,UTA,WAS,WAS,1610612764,2025,2579.0,2598.0,2588.5,1630264|1630550|1641732|1641798|1642358,1630548|1631131|1641718|1642262|1642268,2024-25,577
415821,04:42,"MISS Martin 26' 3PT Jump Shot
Tshiebwe REBOUND (Off:2 Def:8)
",0,0,1,0,2025-03-19,0022400627,0,0,UTA,4,0,-11,05:01,Off Short Mid-Range Make,0,MISS Martin 26' 3PT Jump Shot,,UTA,WAS,WAS,1610612764,2025,2579.0,2598.0,2588.5,1630264|1630550|1641732|1641798|1642358,1630548|1631131|1641718|1642262|1642268,2024-25,577
415808,00:18,"Filipowski P.FOUL (P3.T4) (N.Buchert)
Vukcevic 4' Cutting Layup Shot (17 PTS) (Johnson 6 AST)
",1,1,0,0,2025-03-19,0022400627,0,0,UTA,4,0,-18,00:34,Off Arc 3 Make,0,Filipowski P.FOUL (P3.T4) (N.Buchert),,UTA,WAS,WAS,1610612764,2025,2846.0,2862.0,2854.0,1630550|1641732|1641774|1641798|1642358,1630548|1641718|1642262|1642268|1642271,2024-25,692
415798,09:35,"Williams P.FOUL (P2.T1) (N.Buchert)
Johnson 4' Alley Oop Dunk (4 PTS) (Carrington 4 AST)
Kessler S.FOUL (P3.T2) (M.Myers)
Johnson Free Throw 1 of 1 (5 PTS)
",1,1,0,0,2025-03-19,0022400627,0,0,UTA,3,1,-5,09:45,Off Dead Ball,0,Johnson 4' Alley Oop Dunk (4 PTS) (Carrington 4 AST),,UTA,WAS,WAS,1610612764,2025,1575.0,1585.0,1580.0,1629673|1641774|1642259|1642267|1642358,1629012|1631117|1642262|1642268|1642271,2024-25,371
415800,09:35,"Williams P.FOUL (P2.T1) (N.Buchert)
Johnson 4' Alley Oop Dunk (4 PTS) (Carrington 4 AST)
Kessler S.FOUL (P3.T2) (M.Myers)
Johnson Free Throw 1 of 1 (5 PTS)
",1,1,0,0,2025-03-19,0022400627,0,0,UTA,3,1,-5,09:45,Off Dead Ball,0,Johnson Free Throw 1 of 1 (5 PTS),,UTA,WAS,WAS,1610612764,2025,1575.0,1585.0,1580.0,1629673|1641774|1642259|1642267|1642358,1629012|1631117|1642262|1642268|1642271,2024-25,371
415842,10:43,"MISS Smart 27' 3PT Jump Shot
JAZZ Rebound
",0,0,1,0,2025-03-19,0022400627,0,0,UTA,4,0,-9,11:01,Off Long Mid-Range Make,0,MISS Smart 27' 3PT Jump Shot,,UTA,WAS,WAS,1610612764,2025,2219.0,2237.0,2228.0,203935|1630264|1630550|1641732|1641798,203903|1629012|1630548|1631131|1641729,2024-25,521
415801,10:06,"MISS Vukcevic 25' 3PT Jump Shot
Sexton REBOUND (Off:1 Def:1)
",0,0,1,0,2025-03-19,0022400627,0,0,UTA,3,0,-5,10:18,Off Steal,0,MISS Vukcevic 25' 3PT Jump Shot,,UTA,WAS,WAS,1610612764,2025,1542.0,1554.0,1548.0,1629673|1641774|1642259|1642267|1642358,1629012|1631117|1642262|1642268|1642271,2024-25,410
415803,10:26,"MISS Carrington 26' 3PT Step Back Jump Shot
Collier REBOUND (Off:1 Def:2)
",0,0,1,0,2025-03-19,0022400627,0,0,UTA,3,0,-5,10:48,Off Corner 3 Make,0,MISS Carrington 26' 3PT Step Back Jump Shot,,UTA,WAS,WAS,1610612764,2025,1512.0,1534.0,1523.0,1629673|1641774|1642259|1642267|1642358,1629012|1631117|1642262|1642268|1642271,2024-25,336
415804,10:26,"MISS Carrington 26' 3PT Step Back Jump Shot
Collier REBOUND (Off:1 Def:2)
",0,0,1,0,2025-03-19,0022400627,0,0,UTA,3,0,-5,10:48,Off Corner 3 Make,0,Collier REBOUND (Off:1 Def:2),,UTA,WAS,WAS,1610612764,2025,1512.0,1534.0,1523.0,1629673|1641774|1642259|1642267|1642358,1629012|1631117|1642262|1642268|1642271,2024-25,336
415805,11:05,"MISS Sarr 26' 3PT Jump Shot
Filipowski REBOUND (Off:0 Def:1)
",0,0,1,0,2025-03-19,0022400627,0,0,UTA,3,0,-2,11:24,Off Arc 3 Make,0,MISS Sarr 26' 3PT Jump Shot,,UTA,WAS,WAS,1610612764,2025,1476.0,1495.0,1485.5,1629673|1641774|1642259|1642267|1642358,1629012|1631117|1642262|1642268|1642271,2024-25,364
415806,11:05,"MISS Sarr 26' 3PT Jump Shot
Filipowski REBOUND (Off:0 Def:1)
",0,0,1,0,2025-03-19,0022400627,0,0,UTA,3,0,-2,11:24,Off Arc 3 Make,0,Filipowski REBOUND (Off:0 Def:1),,UTA,WAS,WAS,1610612764,2025,1476.0,1495.0,1485.5,1629673|1641774|1642259|1642267|1642358,1629012|1631117|1642262|1642268|1642271,2024-25,364
415807,11:51,"Sarr 4' Driving Layup (22 PTS) (Carrington 3 AST)
",1,1,0,0,2025-03-19,0022400627,0,0,UTA,3,0,-1,12:00,Off Dead Ball,0,Sarr 4' Driving Layup (22 PTS) (Carrington 3 AST),,UTA,WAS,WAS,1610612764,2025,1440.0,1449.0,1444.5,1629673|1641774|1642259|1642267|1642358,1629012|1631117|1642262|1642268|1642271,2024-25,347
415809,00:18,"Filipowski P.FOUL (P3.T4) (N.Buchert)
Vukcevic 4' Cutting Layup Shot (17 PTS) (Johnson 6 AST)
",1,1,0,0,2025-03-19,0022400627,0,0,UTA,4,0,-18,00:34,Off Arc 3 Make,0,Vukcevic 4' Cutting Layup Shot (17 PTS) (Johnson 6 AST),,UTA,WAS,WAS,1610612764,2025,2846.0,2862.0,2854.0,1630550|1641732|1641774|1641798|1642358,1630548|1641718|1642262|1642268|1642271,2024-25,692
415820,04:00,"Johnson 5' Driving Layup (12 PTS)
",1,1,0,0,2025-03-19,0022400627,0,0,UTA,4,0,-13,04:22,Off Short Mid-Range Make,0,Johnson 5' Driving Layup (12 PTS),,UTA,WAS,WAS,1610612764,2025,2618.0,2640.0,2629.0,1630264|1630550|1641732|1641798|1642358,1630548|1631131|1641718|1642262|1642268,2024-25,629
415810,00:52,"MISS Vukcevic 25' 3PT Jump Shot
George REBOUND (Off:0 Def:4)
",0,0,1,0,2025-03-19,0022400627,0,0,UTA,4,0,-15,01:04,Off At Rim Make,0,MISS Vukcevic 25' 3PT Jump Shot,,UTA,WAS,WAS,1610612764,2025,2816.0,2828.0,2822.0,1630550|1641732|1641774|1641798|1642358,1630548|1641718|1642262|1642268|1642271,2024-25,617
415765,04:00,"MISS Sarr 6' Layup
Jones REBOUND (Off:1 Def:2)
Jones Tip Dunk Shot (13 PTS)
",2,1,0,0,2025-03-19,0022400627,0,1,UTA,3,0,-8,04:11,Off Corner 3 Make,0,Jones Tip Dunk Shot (13 PTS),,UTA,WAS,WAS,1610612764,2025,1909.0,1920.0,1914.5,1630550|1641732|1641798|1642259|1642267,203903|1630695|1641718|1641729|1642271,2024-25,441
415802,10:06,"MISS Vukcevic 25' 3PT Jump Shot
Sexton REBOUND (Off:1 Def:1)
",0,0,1,0,2025-03-19,0022400627,0,0,UTA,3,0,-5,10:18,Off Steal,0,Sexton REBOUND (Off:1 Def:1),,UTA,WAS,WAS,1610612764,2025,1542.0,1554.0,1548.0,1629673|1641774|1642259|1642267|1642358,1629012|1631117|1642262|1642268|1642271,2024-25,410
415841,10:09,"MISS Gill 10' Driving Hook Shot
Tshiebwe REBOUND (Off:2 Def:4)
",1,0,0,0,2025-03-19,0022400627,0,0,UTA,4,0,-12,10:29,Off Arc 3 Make,0,Tshiebwe REBOUND (Off:2 Def:4),,UTA,WAS,WAS,1610612764,2025,2251.0,2271.0,2261.0,203935|1630264|1630550|1641732|1641798,203903|1629012|1630548|1631131|1641729,2024-25,513
415799,09:35,"Williams P.FOUL (P2.T1) (N.Buchert)
Johnson 4' Alley Oop Dunk (4 PTS) (Carrington 4 AST)
Kessler S.FOUL (P3.T2) (M.Myers)
Johnson Free Throw 1 of 1 (5 PTS)
",1,1,0,0,2025-03-19,0022400627,0,0,UTA,3,1,-5,09:45,Off Dead Ball,0,Kessler S.FOUL (P3.T2) (M.Myers),,UTA,WAS,WAS,1610612764,2025,1575.0,1585.0,1580.0,1629673|1641774|1642259|1642267|1642358,1629012|1631117|1642262|1642268|1642271,2024-25,371
415839,09:44,"MISS Jones 16' Driving Floating Jump Shot
Sexton REBOUND (Off:1 Def:2)
",1,0,0,0,2025-03-19,0022400627,0,0,UTA,4,0,-14,10:01,Off Short Mid-Range Make,0,Sexton REBOUND (Off:1 Def:2),,UTA,WAS,WAS,1610612764,2025,2279.0,2296.0,2287.5,203935|1630264|1630550|1641732|1641798,203903|1629012|1630548|1631131|1641729,2024-25,517
415840,10:09,"MISS Gill 10' Driving Hook Shot
Tshiebwe REBOUND (Off:2 Def:4)
",1,0,0,0,2025-03-19,0022400627,0,0,UTA,4,0,-12,10:29,Off Arc 3 Make,0,MISS Gill 10' Driving Hook Shot,,UTA,WAS,WAS,1610612764,2025,2251.0,2271.0,2261.0,203935|1630264|1630550|1641732|1641798,203903|1629012|1630548|1631131|1641729,2024-25,513
415794,09:04,"Williams P.FOUL (P3.T3) (M.Myers)
Sexton P.FOUL (P1.T4) (M.Myers)
Carrington 18' Pullup Jump Shot (6 PTS) (Sarr 2 AST)
",1,1,0,0,2025-03-19,0022400627,0,0,UTA,3,0,-5,09:24,Off Arc 3 Make,0,Williams P.FOUL (P3.T3) (M.Myers),,UTA,WAS,WAS,1610612764,2025,1596.0,1616.0,1606.0,1629673|1641774|1642259|1642267|1642358,1629012|1631117|1642262|1642268|1642271,2024-25,356
415659,01:25,"Potter S.FOUL (P1.T1) (M.Myers)
Thor Free Throw 1 of 2 (1 PTS)
Thor Free Throw 2 of 2 (2 PTS)
",0,0,0,0,2025-03-19,0022400627,0,0,UTA,1,1,0,01:33,Off Corner 3 Miss,0,Potter S.FOUL (P1.T1) (M.Myers),,UTA,WAS,WAS,1610612764,2025,627.0,635.0,631.0,203935|1630264|1630550|1641732|1641798,203903|1630695|1631131|1641718|1641729,2024-25,139
415796,09:04,"Williams P.FOUL (P3.T3) (M.Myers)
Sexton P.FOUL (P1.T4) (M.Myers)
Carrington 18' Pullup Jump Shot (6 PTS) (Sarr 2 AST)
",1,1,0,0,2025-03-19,0022400627,0,0,UTA,3,0,-5,09:24,Off Arc 3 Make,0,Carrington 18' Pullup Jump Shot (6 PTS) (Sarr 2 AST),,UTA,WAS,WAS,1610612764,2025,1596.0,1616.0,1606.0,1629673|1641774|1642259|1642267|1642358,1629012|1631117|1642262|1642268|1642271,2024-25,356
415797,09:35,"Williams P.FOUL (P2.T1) (N.Buchert)
Johnson 4' Alley Oop Dunk (4 PTS) (Carrington 4 AST)
Kessler S.FOUL (P3.T2) (M.Myers)
Johnson Free Throw 1 of 1 (5 PTS)
",1,1,0,0,2025-03-19,0022400627,0,0,UTA,3,1,-5,09:45,Off Dead Ball,0,Williams P.FOUL (P2.T1) (N.Buchert),,UTA,WAS,WAS,1610612764,2025,1575.0,1585.0,1580.0,1629673|1641774|1642259|1642267|1642358,1629012|1631117|1642262|1642268|1642271,2024-25,371
415824,05:12,"MISS Gill 26' 3PT Jump Shot
Tshiebwe REBOUND (Off:2 Def:7)
",0,0,1,0,2025-03-19,0022400627,0,0,UTA,4,0,-9,05:26,Off Short Mid-Range Miss,0,Tshiebwe REBOUND (Off:2 Def:7),,UTA,WAS,WAS,1610612764,2025,2554.0,2568.0,2561.0,1630264|1630550|1641732|1641798|1642358,1630548|1631131|1641718|1642262|1642268,2024-25,642
415825,05:41,"Jones 26' 3PT Step Back Jump Shot (24 PTS) (Johnson 4 AST)
Collier S.FOUL (P1.T2) (N.Buchert)
MISS Jones Free Throw 1 of 1
Juzang REBOUND (Off:1 Def:5)
",0,0,1,1,2025-03-19,0022400627,0,0,UTA,4,1,-12,06:02,Off Dead Ball,0,Jones 26' 3PT Step Back Jump Shot (24 PTS) (Johnson 4 AST),,UTA,WAS,WAS,1610612764,2025,2518.0,2539.0,2528.5,1630264|1630550|1641732|1641798|1642358,1630548|1631131|1641718|1642262|1642268,2024-25,564
415827,05:41,"Jones 26' 3PT Step Back Jump Shot (24 PTS) (Johnson 4 AST)
Collier S.FOUL (P1.T2) (N.Buchert)
MISS Jones Free Throw 1 of 1
Juzang REBOUND (Off:1 Def:5)
",0,0,1,1,2025-03-19,0022400627,0,0,UTA,4,1,-12,06:02,Off Dead Ball,0,MISS Jones Free Throw 1 of 1,,UTA,WAS,WAS,1610612764,2025,2518.0,2539.0,2528.5,1630264|1630550|1641732|1641798|1642358,1630548|1631131|1641718|1642262|1642268,2024-25,564
415828,05:41,"Jones 26' 3PT Step Back Jump Shot (24 PTS) (Johnson 4 AST)
Collier S.FOUL (P1.T2) (N.Buchert)
MISS Jones Free Throw 1 of 1
Juzang REBOUND (Off:1 Def:5)
",0,0,1,1,2025-03-19,0022400627,0,0,UTA,4,1,-12,06:02,Off Dead Ball,0,Juzang REBOUND (Off:1 Def:5),,UTA,WAS,WAS,1610612764,2025,2518.0,2539.0,2528.5,1630264|1630550|1641732|1641798|1642358,1630548|1631131|1641718|1642262|1642268,2024-25,564
415829,06:20,"Martin 25' 3PT Jump Shot (11 PTS) (Thor 3 AST)
",0,0,1,1,2025-03-19,0022400627,0,0,UTA,4,0,-15,06:44,Off FT Make,0,Martin 25' 3PT Jump Shot (11 PTS) (Thor 3 AST),,UTA,WAS,WAS,1610612764,2025,2476.0,2500.0,2488.0,1630264|1630550|1641732|1641798|1642358,203903|1630548|1631131|1641718|1642262,2024-25,620
415826,05:41,"Jones 26' 3PT Step Back Jump Shot (24 PTS) (Johnson 4 AST)
Collier S.FOUL (P1.T2) (N.Buchert)
MISS Jones Free Throw 1 of 1
Juzang REBOUND (Off:1 Def:5)
",0,0,1,1,2025-03-19,0022400627,0,0,UTA,4,1,-12,06:02,Off Dead Ball,0,Collier S.FOUL (P1.T2) (N.Buchert),,UTA,WAS,WAS,1610612764,2025,2518.0,2539.0,2528.5,1630264|1630550|1641732|1641798|1642358,1630548|1631131|1641718|1642262|1642268,2024-25,564
415766,04:18,"MISS Sarr 6' Driving Layup
Potter REBOUND (Off:1 Def:2)
",1,0,0,0,2025-03-19,0022400627,0,0,UTA,3,0,-5,04:35,Off Long Mid-Range Make,0,MISS Sarr 6' Driving Layup,,UTA,WAS,WAS,1610612764,2025,1885.0,1902.0,1893.5,1630550|1641732|1641798|1642259|1642267,203903|1630695|1641718|1641729|1642271,2024-25,426
415838,09:44,"MISS Jones 16' Driving Floating Jump Shot
Sexton REBOUND (Off:1 Def:2)
",1,0,0,0,2025-03-19,0022400627,0,0,UTA,4,0,-14,10:01,Off Short Mid-Range Make,0,MISS Jones 16' Driving Floating Jump Shot,,UTA,WAS,WAS,1610612764,2025,2279.0,2296.0,2287.5,203935|1630264|1630550|1641732|1641798,203903|1629012|1630548|1631131|1641729,2024-25,517
415830,06:58,"Johnson 5' Running Alley Oop Layup Shot (10 PTS) (Thor 2 AST)
",1,1,0,0,2025-03-19,0022400627,0,0,UTA,4,0,-15,07:02,Off Steal,0,Johnson 5' Running Alley Oop Layup Shot (10 PTS) (Thor 2 AST),,UTA,WAS,WAS,1610612764,2025,2458.0,2462.0,2460.0,1630264|1630550|1641732|1641798|1642358,203903|1630548|1631131|1641718|1642262,2024-25,616
415836,09:18,"MISS Thor 12' Driving Floating Bank Jump Shot
Tshiebwe REBOUND (Off:2 Def:5)
",1,0,0,0,2025-03-19,0022400627,0,0,UTA,4,0,-17,09:40,Off Timeout,0,MISS Thor 12' Driving Floating Bank Jump Shot,,UTA,WAS,WAS,1610612764,2025,2300.0,2322.0,2311.0,1630264|1630550|1641732|1641798|1642358,203903|1630548|1631131|1641729|1642262,2024-25,521
415835,08:40,"MISS Martin 11' Driving Floating Jump Shot
Tshiebwe REBOUND (Off:2 Def:6)
",1,0,0,0,2025-03-19,0022400627,0,0,UTA,4,0,-19,09:07,Off Short Mid-Range Make,0,Tshiebwe REBOUND (Off:2 Def:6),,UTA,WAS,WAS,1610612764,2025,2333.0,2360.0,2346.5,1630264|1630550|1641732|1641798|1642358,203903|1630548|1631131|1641729|1642262,2024-25,533
415834,08:40,"MISS Martin 11' Driving Floating Jump Shot
Tshiebwe REBOUND (Off:2 Def:6)
",1,0,0,0,2025-03-19,0022400627,0,0,UTA,4,0,-19,09:07,Off Short Mid-Range Make,0,MISS Martin 11' Driving Floating Jump Shot,,UTA,WAS,WAS,1610612764,2025,2333.0,2360.0,2346.5,1630264|1630550|1641732|1641798|1642358,203903|1630548|1631131|1641729|1642262,2024-25,533
415837,09:18,"MISS Thor 12' Driving Floating Bank Jump Shot
Tshiebwe REBOUND (Off:2 Def:5)
",1,0,0,0,2025-03-19,0022400627,0,0,UTA,4,0,-17,09:40,Off Timeout,0,Tshiebwe REBOUND (Off:2 Def:5),,UTA,WAS,WAS,1610612764,2025,2300.0,2322.0,2311.0,1630264|1630550|1641732|1641798|1642358,203903|1630548|1631131|1641729|1642262,2024-25,521
415833,08:09,"Thor 2' Dunk (6 PTS) (Jones 3 AST)
",1,1,0,0,2025-03-19,0022400627,0,0,UTA,4,0,-21,08:28,Off Short Mid-Range Make,0,Thor 2' Dunk (6 PTS) (Jones 3 AST),,UTA,WAS,WAS,1610612764,2025,2372.0,2391.0,2381.5,1630264|1630550|1641732|1641798|1642358,203903|1630548|1631131|1641729|1642262,2024-25,537
415832,07:42,"Jones 3' Running Dunk (19 PTS)
",1,1,0,0,2025-03-19,0022400627,0,0,UTA,4,0,-19,07:45,Off Steal,0,Jones 3' Running Dunk (19 PTS),,UTA,WAS,WAS,1610612764,2025,2415.0,2418.0,2416.5,1630264|1630550|1641732|1641798|1642358,203903|1630548|1631131|1641718|1642262,2024-25,604
415831,07:17,"Jones 3' Running Layup (21 PTS)
",1,1,0,0,2025-03-19,0022400627,0,0,UTA,4,0,-17,07:21,Off Steal,0,Jones 3' Running Layup (21 PTS),,UTA,WAS,WAS,1610612764,2025,2439.0,2443.0,2441.0,1630264|1630550|1641732|1641798|1642358,203903|1630548|1631131|1641718|1642262,2024-25,550
415742,10:04,"MISS Jones 14' Turnaround Fadeaway Shot
Gill REBOUND (Off:1 Def:0)
Kessler BLOCK (1 BLK): MISS Thor 7' Driving Dunk
Juzang REBOUND (Off:0 Def:1)
",2,0,0,0,2025-03-19,0022400627,0,1,UTA,2,0,3,10:31,Off Long Mid-Range Miss,0,Juzang REBOUND (Off:0 Def:1),,UTA,WAS,WAS,1610612764,2025,809.0,836.0,822.5,203935|1630264|1630550|1641732|1641798,203903|1629012|1630548|1631117|1641729,2024-25,213
416019,07:04,"MISS Gill 16' Driving Floating Jump Shot
Houstan REBOUND (Off:0 Def:3)
",1,0,0,0,2025-03-21,0022401014,0,0,ORL,4,0,-30,07:33,Off At Rim Make,0,Houstan REBOUND (Off:0 Def:3),,WAS,ORL,WAS,1610612764,2025,2427.0,2456.0,2441.5,1630264|1630551|1642259|1642267|1642358,1628371|1631216|1641710|1641724|1641783,2024-25,535
416025,08:01,"MISS Johnson 26' 3PT Pullup Jump Shot
WIZARDS Rebound
da Silva L.B.FOUL (P1.T3) (J.Goble)
MISS Sarr 16' Turnaround Fadeaway Shot
Sarr REBOUND (Off:4 Def:6)
Sarr 26' 3PT Jump Shot (19 PTS) (Carrington 3 AST)
",1,0,2,1,2025-03-21,0022401014,0,2,ORL,4,0,-31,08:30,Off Arc 3 Make,0,Sarr 26' 3PT Jump Shot (19 PTS) (Carrington 3 AST),,WAS,ORL,WAS,1610612764,2025,2370.0,2399.0,2384.5,1630551|1641774|1642259|1642267|1642358,1628371|1631216|1641710|1641724|1641783,2024-25,518
416024,08:01,"MISS Johnson 26' 3PT Pullup Jump Shot
WIZARDS Rebound
da Silva L.B.FOUL (P1.T3) (J.Goble)
MISS Sarr 16' Turnaround Fadeaway Shot
Sarr REBOUND (Off:4 Def:6)
Sarr 26' 3PT Jump Shot (19 PTS) (Carrington 3 AST)
",1,0,2,1,2025-03-21,0022401014,0,2,ORL,4,0,-31,08:30,Off Arc 3 Make,0,Sarr REBOUND (Off:4 Def:6),,WAS,ORL,WAS,1610612764,2025,2370.0,2399.0,2384.5,1630551|1641774|1642259|1642267|1642358,1628371|1631216|1641710|1641724|1641783,2024-25,518
416023,08:01,"MISS Johnson 26' 3PT Pullup Jump Shot
WIZARDS Rebound
da Silva L.B.FOUL (P1.T3) (J.Goble)
MISS Sarr 16' Turnaround Fadeaway Shot
Sarr REBOUND (Off:4 Def:6)
Sarr 26' 3PT Jump Shot (19 PTS) (Carrington 3 AST)
",1,0,2,1,2025-03-21,0022401014,0,2,ORL,4,0,-31,08:30,Off Arc 3 Make,0,MISS Sarr 16' Turnaround Fadeaway Shot,,WAS,ORL,WAS,1610612764,2025,2370.0,2399.0,2384.5,1630551|1641774|1642259|1642267|1642358,1628371|1631216|1641710|1641724|1641783,2024-25,518
416022,08:01,"MISS Johnson 26' 3PT Pullup Jump Shot
WIZARDS Rebound
da Silva L.B.FOUL (P1.T3) (J.Goble)
MISS Sarr 16' Turnaround Fadeaway Shot
Sarr REBOUND (Off:4 Def:6)
Sarr 26' 3PT Jump Shot (19 PTS) (Carrington 3 AST)
",1,0,2,1,2025-03-21,0022401014,0,2,ORL,4,0,-31,08:30,Off Arc 3 Make,0,da Silva L.B.FOUL (P1.T3) (J.Goble),,WAS,ORL,WAS,1610612764,2025,2370.0,2399.0,2384.5,1630551|1641774|1642259|1642267|1642358,1628371|1631216|1641710|1641724|1641783,2024-25,518
416021,08:01,"MISS Johnson 26' 3PT Pullup Jump Shot
WIZARDS Rebound
da Silva L.B.FOUL (P1.T3) (J.Goble)
MISS Sarr 16' Turnaround Fadeaway Shot
Sarr REBOUND (Off:4 Def:6)
Sarr 26' 3PT Jump Shot (19 PTS) (Carrington 3 AST)
",1,0,2,1,2025-03-21,0022401014,0,2,ORL,4,0,-31,08:30,Off Arc 3 Make,0,WIZARDS Rebound,,WAS,ORL,WAS,1610612764,2025,2370.0,2399.0,2384.5,1630551|1641774|1642259|1642267|1642358,1628371|1631216|1641710|1641724|1641783,2024-25,518
416020,08:01,"MISS Johnson 26' 3PT Pullup Jump Shot
WIZARDS Rebound
da Silva L.B.FOUL (P1.T3) (J.Goble)
MISS Sarr 16' Turnaround Fadeaway Shot
Sarr REBOUND (Off:4 Def:6)
Sarr 26' 3PT Jump Shot (19 PTS) (Carrington 3 AST)
",1,0,2,1,2025-03-21,0022401014,0,2,ORL,4,0,-31,08:30,Off Arc 3 Make,0,MISS Johnson 26' 3PT Pullup Jump Shot,,WAS,ORL,WAS,1610612764,2025,2370.0,2399.0,2384.5,1630551|1641774|1642259|1642267|1642358,1628371|1631216|1641710|1641724|1641783,2024-25,518
416008,04:51,"Johnson 36' 3PT Running Pull-Up Jump Shot (14 PTS)
",0,0,1,1,2025-03-21,0022401014,0,0,ORL,4,0,-28,04:56,Off Long Mid-Range Miss,0,Johnson 36' 3PT Running Pull-Up Jump Shot (14 PTS),,WAS,ORL,WAS,1610612764,2025,2584.0,2589.0,2586.5,1630264|1630550|1641732|1641774|1642358,1630644|1631216|1641710|1641724|1641783,2024-25,574
416017,06:17,"MISS Jones 25' 3PT Step Back Jump Shot
Black REBOUND (Off:1 Def:3)
",0,0,1,0,2025-03-21,0022401014,0,0,ORL,4,0,-30,06:42,Off Timeout,0,Black REBOUND (Off:1 Def:3),,WAS,ORL,WAS,1610612764,2025,2478.0,2503.0,2490.5,1630264|1630550|1641732|1641774|1642358,1628371|1631216|1641710|1641724|1641783,2024-25,621
415983,09:09,"MISS Middleton 3PT Jump Shot
Banchero REBOUND (Off:1 Def:6)
",0,0,1,0,2025-03-21,0022401014,0,0,ORL,3,0,-13,09:19,Off Arc 3 Miss,0,Banchero REBOUND (Off:1 Def:6),,WAS,ORL,WAS,1610612764,2025,1601.0,1611.0,1606.0,203114|1629673|1630551|1642259|1642273,202709|203484|1628976|1630532|1631094,2024-25,355
416016,06:17,"MISS Jones 25' 3PT Step Back Jump Shot
Black REBOUND (Off:1 Def:3)
",0,0,1,0,2025-03-21,0022401014,0,0,ORL,4,0,-30,06:42,Off Timeout,0,MISS Jones 25' 3PT Step Back Jump Shot,,WAS,ORL,WAS,1610612764,2025,2478.0,2503.0,2490.5,1630264|1630550|1641732|1641774|1642358,1628371|1631216|1641710|1641724|1641783,2024-25,621
416015,05:56,"Johnson 3' Running Layup (11 PTS) (Jones 1 AST)
",1,1,0,0,2025-03-21,0022401014,0,0,ORL,4,0,-30,06:00,Off Steal,0,Johnson 3' Running Layup (11 PTS) (Jones 1 AST),,WAS,ORL,WAS,1610612764,2025,2520.0,2524.0,2522.0,1630264|1630550|1641732|1641774|1642358,1628371|1631216|1641710|1641724|1641783,2024-25,554
416014,05:15,"Gill 8' Driving Floating Jump Shot (8 PTS)
Howard S.FOUL (P1.T4) (S.Mitchell)
MISS Gill Free Throw 1 of 1
Vukcevic REBOUND (Off:1 Def:4)
MISS Vukcevic 3' Floating Jump Shot: Black BLOCK (1 BLK)
da Silva REBOUND (Off:1 Def:4)
",2,1,0,0,2025-03-21,0022401014,0,1,ORL,4,1,-30,05:39,Off Short Mid-Range Make,0,da Silva REBOUND (Off:1 Def:4),,WAS,ORL,WAS,1610612764,2025,2541.0,2565.0,2553.0,1630264|1630550|1641732|1641774|1642358,1628371|1631216|1641710|1641724|1641783,2024-25,638
416013,05:15,"Gill 8' Driving Floating Jump Shot (8 PTS)
Howard S.FOUL (P1.T4) (S.Mitchell)
MISS Gill Free Throw 1 of 1
Vukcevic REBOUND (Off:1 Def:4)
MISS Vukcevic 3' Floating Jump Shot: Black BLOCK (1 BLK)
da Silva REBOUND (Off:1 Def:4)
",2,1,0,0,2025-03-21,0022401014,0,1,ORL,4,1,-30,05:39,Off Short Mid-Range Make,0,MISS Vukcevic 3' Floating Jump Shot: Black BLOCK (1 BLK),,WAS,ORL,WAS,1610612764,2025,2541.0,2565.0,2553.0,1630264|1630550|1641732|1641774|1642358,1628371|1631216|1641710|1641724|1641783,2024-25,638
416012,05:15,"Gill 8' Driving Floating Jump Shot (8 PTS)
Howard S.FOUL (P1.T4) (S.Mitchell)
MISS Gill Free Throw 1 of 1
Vukcevic REBOUND (Off:1 Def:4)
MISS Vukcevic 3' Floating Jump Shot: Black BLOCK (1 BLK)
da Silva REBOUND (Off:1 Def:4)
",2,1,0,0,2025-03-21,0022401014,0,1,ORL,4,1,-30,05:39,Off Short Mid-Range Make,0,Vukcevic REBOUND (Off:1 Def:4),,WAS,ORL,WAS,1610612764,2025,2541.0,2565.0,2553.0,1630264|1630550|1641732|1641774|1642358,1628371|1631216|1641710|1641724|1641783,2024-25,638
416011,05:15,"Gill 8' Driving Floating Jump Shot (8 PTS)
Howard S.FOUL (P1.T4) (S.Mitchell)
MISS Gill Free Throw 1 of 1
Vukcevic REBOUND (Off:1 Def:4)
MISS Vukcevic 3' Floating Jump Shot: Black BLOCK (1 BLK)
da Silva REBOUND (Off:1 Def:4)
",2,1,0,0,2025-03-21,0022401014,0,1,ORL,4,1,-30,05:39,Off Short Mid-Range Make,0,MISS Gill Free Throw 1 of 1,,WAS,ORL,WAS,1610612764,2025,2541.0,2565.0,2553.0,1630264|1630550|1641732|1641774|1642358,1628371|1631216|1641710|1641724|1641783,2024-25,638
416010,05:15,"Gill 8' Driving Floating Jump Shot (8 PTS)
Howard S.FOUL (P1.T4) (S.Mitchell)
MISS Gill Free Throw 1 of 1
Vukcevic REBOUND (Off:1 Def:4)
MISS Vukcevic 3' Floating Jump Shot: Black BLOCK (1 BLK)
da Silva REBOUND (Off:1 Def:4)
",2,1,0,0,2025-03-21,0022401014,0,1,ORL,4,1,-30,05:39,Off Short Mid-Range Make,0,Howard S.FOUL (P1.T4) (S.Mitchell),,WAS,ORL,WAS,1610612764,2025,2541.0,2565.0,2553.0,1630264|1630550|1641732|1641774|1642358,1628371|1631216|1641710|1641724|1641783,2024-25,638
416018,07:04,"MISS Gill 16' Driving Floating Jump Shot
Houstan REBOUND (Off:0 Def:3)
",1,0,0,0,2025-03-21,0022401014,0,0,ORL,4,0,-30,07:33,Off At Rim Make,0,MISS Gill 16' Driving Floating Jump Shot,,WAS,ORL,WAS,1610612764,2025,2427.0,2456.0,2441.5,1630264|1630551|1642259|1642267|1642358,1628371|1631216|1641710|1641724|1641783,2024-25,535
415984,09:46,"Poole 25' 3PT Jump Shot (18 PTS) (Sarr 2 AST)
",0,0,1,1,2025-03-21,0022401014,0,0,ORL,3,0,-16,09:56,Off FT Make,0,Poole 25' 3PT Jump Shot (18 PTS) (Sarr 2 AST),,WAS,ORL,WAS,1610612764,2025,1564.0,1574.0,1569.0,203114|1629673|1630551|1642259|1642273,202709|203484|1628976|1630532|1631094,2024-25,348
416026,08:40,"Vukcevic 3PT Step Back Jump Shot (9 PTS) (Carrington 2 AST)
Harris S.FOUL (P2.T2) (J.Butler)
Vukcevic Free Throw 1 of 1 (10 PTS)
",0,0,1,1,2025-03-21,0022401014,0,0,ORL,4,1,-32,08:59,Off At Rim Make,0,Vukcevic 3PT Step Back Jump Shot (9 PTS) (Carrington 2 AST),,WAS,ORL,WAS,1610612764,2025,2341.0,2360.0,2350.5,1630551|1641774|1642259|1642267|1642358,203914|1628371|1630532|1641710|1641783,2024-25,509
416028,08:40,"Vukcevic 3PT Step Back Jump Shot (9 PTS) (Carrington 2 AST)
Harris S.FOUL (P2.T2) (J.Butler)
Vukcevic Free Throw 1 of 1 (10 PTS)
",0,0,1,1,2025-03-21,0022401014,0,0,ORL,4,1,-32,08:59,Off At Rim Make,0,Vukcevic Free Throw 1 of 1 (10 PTS),,WAS,ORL,WAS,1610612764,2025,2341.0,2360.0,2350.5,1630551|1641774|1642259|1642267|1642358,203914|1628371|1630532|1641710|1641783,2024-25,509
416038,10:56,"Johnson 3' Running Reverse Layup (9 PTS) (Carrington 1 AST)
",1,1,0,0,2025-03-21,0022401014,0,0,ORL,4,0,-31,10:59,Off Short Mid-Range Miss,0,Johnson 3' Running Reverse Layup (9 PTS) (Carrington 1 AST),,WAS,ORL,WAS,1610612764,2025,2221.0,2224.0,2222.5,1630264|1630551|1641774|1642267|1642358,203914|1628371|1630532|1641710|1641783,2024-25,529
416003,03:14,"Vukcevic 29' 3PT Jump Shot (13 PTS) (Johnson 1 AST)
",0,0,1,1,2025-03-21,0022401014,0,0,ORL,4,0,-26,03:20,Off Short Mid-Range Miss,0,Vukcevic 29' 3PT Jump Shot (13 PTS) (Johnson 1 AST),,WAS,ORL,WAS,1610612764,2025,2680.0,2686.0,2683.0,1630264|1630550|1641732|1641774|1642358,1630644|1631216|1641710|1641724|1641783,2024-25,586
416009,05:15,"Gill 8' Driving Floating Jump Shot (8 PTS)
Howard S.FOUL (P1.T4) (S.Mitchell)
MISS Gill Free Throw 1 of 1
Vukcevic REBOUND (Off:1 Def:4)
MISS Vukcevic 3' Floating Jump Shot: Black BLOCK (1 BLK)
da Silva REBOUND (Off:1 Def:4)
",2,1,0,0,2025-03-21,0022401014,0,1,ORL,4,1,-30,05:39,Off Short Mid-Range Make,0,Gill 8' Driving Floating Jump Shot (8 PTS),,WAS,ORL,WAS,1610612764,2025,2541.0,2565.0,2553.0,1630264|1630550|1641732|1641774|1642358,1628371|1631216|1641710|1641724|1641783,2024-25,638
415982,09:09,"MISS Middleton 3PT Jump Shot
Banchero REBOUND (Off:1 Def:6)
",0,0,1,0,2025-03-21,0022401014,0,0,ORL,3,0,-13,09:19,Off Arc 3 Miss,0,MISS Middleton 3PT Jump Shot,,WAS,ORL,WAS,1610612764,2025,1601.0,1611.0,1606.0,203114|1629673|1630551|1642259|1642273,202709|203484|1628976|1630532|1631094,2024-25,355
416002,02:47,"McClung S.FOUL (P2.PN) (J.Goble)
Vukcevic Free Throw 1 of 2 (14 PTS)
Vukcevic Free Throw 2 of 2 (15 PTS)
",0,0,0,0,2025-03-21,0022401014,0,0,ORL,4,1,-23,02:50,Off Block,0,Vukcevic Free Throw 2 of 2 (15 PTS),,WAS,ORL,WAS,1610612764,2025,2710.0,2713.0,2711.5,1630264|1630550|1641732|1641774|1642358,1630644|1631216|1641710|1641724|1641783,2024-25,592
416001,02:47,"McClung S.FOUL (P2.PN) (J.Goble)
Vukcevic Free Throw 1 of 2 (14 PTS)
Vukcevic Free Throw 2 of 2 (15 PTS)
",0,0,0,0,2025-03-21,0022401014,0,0,ORL,4,1,-23,02:50,Off Block,0,Vukcevic Free Throw 1 of 2 (14 PTS),,WAS,ORL,WAS,1610612764,2025,2710.0,2713.0,2711.5,1630264|1630550|1641732|1641774|1642358,1630644|1631216|1641710|1641724|1641783,2024-25,592
416000,02:47,"McClung S.FOUL (P2.PN) (J.Goble)
Vukcevic Free Throw 1 of 2 (14 PTS)
Vukcevic Free Throw 2 of 2 (15 PTS)
",0,0,0,0,2025-03-21,0022401014,0,0,ORL,4,1,-23,02:50,Off Block,0,McClung S.FOUL (P2.PN) (J.Goble),,WAS,ORL,WAS,1610612764,2025,2710.0,2713.0,2711.5,1630264|1630550|1641732|1641774|1642358,1630644|1631216|1641710|1641724|1641783,2024-25,592
415999,01:48,"MISS Vukcevic 11' Fadeaway Jumper
Black REBOUND (Off:2 Def:4)
",1,0,0,0,2025-03-21,0022401014,0,0,ORL,4,0,-21,02:07,Off Arc 3 Miss,0,Black REBOUND (Off:2 Def:4),,WAS,ORL,WAS,1610612764,2025,2753.0,2772.0,2762.5,1630264|1630550|1641732|1641774|1642358,1630644|1631216|1641710|1641724|1641783,2024-25,688
415998,01:48,"MISS Vukcevic 11' Fadeaway Jumper
Black REBOUND (Off:2 Def:4)
",1,0,0,0,2025-03-21,0022401014,0,0,ORL,4,0,-21,02:07,Off Arc 3 Miss,0,MISS Vukcevic 11' Fadeaway Jumper,,WAS,ORL,WAS,1610612764,2025,2753.0,2772.0,2762.5,1630264|1630550|1641732|1641774|1642358,1630644|1631216|1641710|1641724|1641783,2024-25,688
415997,01:38,"Thor 4' Running Layup (2 PTS) (Vukcevic 3 AST)
",1,1,0,0,2025-03-21,0022401014,0,0,ORL,4,0,-21,01:42,Off Steal,0,Thor 4' Running Layup (2 PTS) (Vukcevic 3 AST),,WAS,ORL,WAS,1610612764,2025,2778.0,2782.0,2780.0,1630264|1630550|1641732|1641774|1642358,1630644|1631216|1641710|1641724|1641783,2024-25,634
416006,03:42,"McClung S.FOUL (P1.PN) (J.Butler)
Jones Free Throw 1 of 2 (1 PTS)
Jones Free Throw 2 of 2 (2 PTS)
",0,0,0,0,2025-03-21,0022401014,0,0,ORL,4,1,-28,04:00,Off Arc 3 Make,0,Jones Free Throw 2 of 2 (2 PTS),,WAS,ORL,WAS,1610612764,2025,2640.0,2658.0,2649.0,1630264|1630550|1641732|1641774|1642358,1630644|1631216|1641710|1641724|1641783,2024-25,582
415996,01:07,"MISS Thor 25' 3PT Running Jump Shot
Houstan REBOUND (Off:0 Def:4)
",0,0,1,0,2025-03-21,0022401014,0,0,ORL,4,0,-19,01:14,Off Arc 3 Miss,0,Houstan REBOUND (Off:0 Def:4),,WAS,ORL,WAS,1610612764,2025,2806.0,2813.0,2809.5,1630264|1630550|1641732|1641774|1642358,1630644|1631216|1641710|1641724|1641783,2024-25,686
415994,00:37,"Vukcevic 7' Driving Layup (17 PTS) (Johnson 2 AST)
",1,1,0,0,2025-03-21,0022401014,0,0,ORL,4,0,-19,00:46,Off Short Mid-Range Miss,0,Vukcevic 7' Driving Layup (17 PTS) (Johnson 2 AST),,WAS,ORL,WAS,1610612764,2025,2834.0,2843.0,2838.5,1630264|1630550|1641732|1641774|1642358,1630644|1631216|1641710|1641724|1641783,2024-25,697
415993,00:00,"Jones 4' Driving Layup (4 PTS) (Johnson 3 AST)
Howard S.FOUL (P2.PN) (S.Mitchell)
MISS Jones Free Throw 1 of 1
Houstan REBOUND (Off:0 Def:5)
",1,1,0,0,2025-03-21,0022401014,0,0,ORL,4,1,-17,00:13,Off Dead Ball,0,Houstan REBOUND (Off:0 Def:5),,WAS,ORL,WAS,1610612764,2025,2867.0,2880.0,2873.5,1630264|1630550|1641732|1641774|1642358,1630644|1631216|1641710|1641724|1641783,2024-25,713
415992,00:00,"Jones 4' Driving Layup (4 PTS) (Johnson 3 AST)
Howard S.FOUL (P2.PN) (S.Mitchell)
MISS Jones Free Throw 1 of 1
Houstan REBOUND (Off:0 Def:5)
",1,1,0,0,2025-03-21,0022401014,0,0,ORL,4,1,-17,00:13,Off Dead Ball,0,MISS Jones Free Throw 1 of 1,,WAS,ORL,WAS,1610612764,2025,2867.0,2880.0,2873.5,1630264|1630550|1641732|1641774|1642358,1630644|1631216|1641710|1641724|1641783,2024-25,713
415991,00:00,"Jones 4' Driving Layup (4 PTS) (Johnson 3 AST)
Howard S.FOUL (P2.PN) (S.Mitchell)
MISS Jones Free Throw 1 of 1
Houstan REBOUND (Off:0 Def:5)
",1,1,0,0,2025-03-21,0022401014,0,0,ORL,4,1,-17,00:13,Off Dead Ball,0,Howard S.FOUL (P2.PN) (S.Mitchell),,WAS,ORL,WAS,1610612764,2025,2867.0,2880.0,2873.5,1630264|1630550|1641732|1641774|1642358,1630644|1631216|1641710|1641724|1641783,2024-25,713
415990,00:00,"Jones 4' Driving Layup (4 PTS) (Johnson 3 AST)
Howard S.FOUL (P2.PN) (S.Mitchell)
MISS Jones Free Throw 1 of 1
Houstan REBOUND (Off:0 Def:5)
",1,1,0,0,2025-03-21,0022401014,0,0,ORL,4,1,-17,00:13,Off Dead Ball,0,Jones 4' Driving Layup (4 PTS) (Johnson 3 AST),,WAS,ORL,WAS,1610612764,2025,2867.0,2880.0,2873.5,1630264|1630550|1641732|1641774|1642358,1630644|1631216|1641710|1641724|1641783,2024-25,713
415989,11:39,"MISS Middleton 13' Turnaround Jump Shot
Banchero REBOUND (Off:1 Def:5)
",1,0,0,0,2025-03-21,0022401014,0,0,ORL,3,0,-13,12:00,Off Dead Ball,0,Banchero REBOUND (Off:1 Def:5),,WAS,ORL,WAS,1610612764,2025,1440.0,1461.0,1450.5,203114|1629673|1630551|1642259|1642273,202709|203484|1628976|1630532|1631094,2024-25,347
415988,11:39,"MISS Middleton 13' Turnaround Jump Shot
Banchero REBOUND (Off:1 Def:5)
",1,0,0,0,2025-03-21,0022401014,0,0,ORL,3,0,-13,12:00,Off Dead Ball,0,MISS Middleton 13' Turnaround Jump Shot,,WAS,ORL,WAS,1610612764,2025,1440.0,1461.0,1450.5,203114|1629673|1630551|1642259|1642273,202709|203484|1628976|1630532|1631094,2024-25,347
415987,11:00,"Poole 5' Driving Layup (15 PTS)
",1,1,0,0,2025-03-21,0022401014,0,0,ORL,3,0,-13,11:08,Off Arc 3 Miss,0,Poole 5' Driving Layup (15 PTS),,WAS,ORL,WAS,1610612764,2025,1492.0,1500.0,1496.0,203114|1629673|1630551|1642259|1642273,202709|203484|1628976|1630532|1631094,2024-25,339
415986,10:32,"Middleton 3PT Step Back Jump Shot (6 PTS) (George 6 AST)
",0,0,1,1,2025-03-21,0022401014,0,0,ORL,3,0,-13,10:49,Off Short Mid-Range Make,0,Middleton 3PT Step Back Jump Shot (6 PTS) (George 6 AST),,WAS,ORL,WAS,1610612764,2025,1511.0,1528.0,1519.5,203114|1629673|1630551|1642259|1642273,202709|203484|1628976|1630532|1631094,2024-25,341
415995,01:07,"MISS Thor 25' 3PT Running Jump Shot
Houstan REBOUND (Off:0 Def:4)
",0,0,1,0,2025-03-21,0022401014,0,0,ORL,4,0,-19,01:14,Off Arc 3 Miss,0,MISS Thor 25' 3PT Running Jump Shot,,WAS,ORL,WAS,1610612764,2025,2806.0,2813.0,2809.5,1630264|1630550|1641732|1641774|1642358,1630644|1631216|1641710|1641724|1641783,2024-25,686
415985,09:58,"Middleton Lost Ball Turnover (P2.T12): Banchero STEAL (1 STL)
",0,0,0,0,2025-03-21,0022401014,0,0,ORL,3,0,-13,10:18,Off Arc 3 Make,1,Middleton Lost Ball Turnover (P2.T12): Banchero STEAL (1 STL),,WAS,ORL,WAS,1610612764,2025,1542.0,1562.0,1552.0,203114|1629673|1630551|1642259|1642273,202709|203484|1628976|1630532|1631094,2024-25,410
416007,04:18,"Gill 4' Driving Layup (10 PTS)
",1,1,0,0,2025-03-21,0022401014,0,0,ORL,4,0,-27,04:35,Off Short Mid-Range Make,0,Gill 4' Driving Layup (10 PTS),,WAS,ORL,WAS,1610612764,2025,2605.0,2622.0,2613.5,1630264|1630550|1641732|1641774|1642358,1630644|1631216|1641710|1641724|1641783,2024-25,576
416027,08:40,"Vukcevic 3PT Step Back Jump Shot (9 PTS) (Carrington 2 AST)
Harris S.FOUL (P2.T2) (J.Butler)
Vukcevic Free Throw 1 of 1 (10 PTS)
",0,0,1,1,2025-03-21,0022401014,0,0,ORL,4,1,-32,08:59,Off At Rim Make,0,Harris S.FOUL (P2.T2) (J.Butler),,WAS,ORL,WAS,1610612764,2025,2341.0,2360.0,2350.5,1630551|1641774|1642259|1642267|1642358,203914|1628371|1630532|1641710|1641783,2024-25,509
415956,02:19,"MISS George 6' Driving Layup: Carter Jr. BLOCK (2 BLK)
Banchero REBOUND (Off:1 Def:7)
",1,0,0,0,2025-03-21,0022401014,0,0,ORL,3,0,-22,02:25,Off Block,0,Banchero REBOUND (Off:1 Def:7),,WAS,ORL,WAS,1610612764,2025,2015.0,2021.0,2018.0,1629673|1642259|1642267|1642273|1642358,203484|1628976|1631094|1631216|1641710,2024-25,430
415981,08:45,"MISS Middleton 10' Floating Jump Shot
Carter Jr. REBOUND (Off:4 Def:3)
",1,0,0,0,2025-03-21,0022401014,0,0,ORL,3,0,-13,09:00,Off Arc 3 Miss,0,Carter Jr. REBOUND (Off:4 Def:3),,WAS,ORL,WAS,1610612764,2025,1620.0,1635.0,1627.5,203114|1629673|1630551|1642259|1642273,202709|203484|1628976|1630532|1631094,2024-25,359
415954,01:54,"WIZARDS Turnover: Shot Clock (T#13)
",0,0,0,0,2025-03-21,0022401014,0,0,ORL,3,0,-24,02:18,Off FT Make,1,WIZARDS Turnover: Shot Clock (T#13),,WAS,ORL,WAS,1610612764,2025,2022.0,2046.0,2034.0,1630264|1630551|1641774|1642267|1642358,203914|1628976|1631094|1631216|1641710,2024-25,469
415976,07:44,"MISS Poole 26' 3PT Step Back Jump Shot
Carter Jr. REBOUND (Off:4 Def:5)
",0,0,1,0,2025-03-21,0022401014,0,0,ORL,3,0,-16,07:55,Off Corner 3 Miss,0,MISS Poole 26' 3PT Step Back Jump Shot,,WAS,ORL,WAS,1610612764,2025,1685.0,1696.0,1690.5,203114|1629673|1630551|1642259|1642273,202709|203484|1628976|1630532|1631094,2024-25,437
415975,07:14,"MISS Champagnie 26' 3PT Jump Shot
Wagner REBOUND (Off:0 Def:5)
",0,0,1,0,2025-03-21,0022401014,0,0,ORL,3,0,-19,07:26,Off Arc 3 Make,0,Wagner REBOUND (Off:0 Def:5),,WAS,ORL,WAS,1610612764,2025,1714.0,1726.0,1720.0,203114|1629673|1630551|1642259|1642273,202709|203484|1628976|1630532|1631094,2024-25,371
415974,07:14,"MISS Champagnie 26' 3PT Jump Shot
Wagner REBOUND (Off:0 Def:5)
",0,0,1,0,2025-03-21,0022401014,0,0,ORL,3,0,-19,07:26,Off Arc 3 Make,0,MISS Champagnie 26' 3PT Jump Shot,,WAS,ORL,WAS,1610612764,2025,1714.0,1726.0,1720.0,203114|1629673|1630551|1642259|1642273,202709|203484|1628976|1630532|1631094,2024-25,371
415973,06:43,"MISS Sarr 26' 3PT Jump Shot
Caldwell-Pope REBOUND (Off:1 Def:3)
",0,0,1,0,2025-03-21,0022401014,0,0,ORL,3,0,-22,07:05,Off Arc 3 Make,0,Caldwell-Pope REBOUND (Off:1 Def:3),,WAS,ORL,WAS,1610612764,2025,1735.0,1757.0,1746.0,203114|1629673|1630551|1642259|1642273,202709|203484|1628976|1630532|1631094,2024-25,375
415972,06:43,"MISS Sarr 26' 3PT Jump Shot
Caldwell-Pope REBOUND (Off:1 Def:3)
",0,0,1,0,2025-03-21,0022401014,0,0,ORL,3,0,-22,07:05,Off Arc 3 Make,0,MISS Sarr 26' 3PT Jump Shot,,WAS,ORL,WAS,1610612764,2025,1735.0,1757.0,1746.0,203114|1629673|1630551|1642259|1642273,202709|203484|1628976|1630532|1631094,2024-25,375
415971,06:01,"MISS Middleton 7' Fadeaway Jumper
George REBOUND (Off:1 Def:3)
MISS Middleton 14' Driving Floating Jump Shot
Wagner REBOUND (Off:0 Def:6)
",2,0,0,0,2025-03-21,0022401014,0,1,ORL,3,0,-24,06:33,Off Short Mid-Range Make,0,Wagner REBOUND (Off:0 Def:6),,WAS,ORL,WAS,1610612764,2025,1767.0,1799.0,1783.0,203114|1629673|1630551|1642259|1642273,202709|203484|1628976|1630532|1631094,2024-25,379
415970,06:01,"MISS Middleton 7' Fadeaway Jumper
George REBOUND (Off:1 Def:3)
MISS Middleton 14' Driving Floating Jump Shot
Wagner REBOUND (Off:0 Def:6)
",2,0,0,0,2025-03-21,0022401014,0,1,ORL,3,0,-24,06:33,Off Short Mid-Range Make,0,MISS Middleton 14' Driving Floating Jump Shot,,WAS,ORL,WAS,1610612764,2025,1767.0,1799.0,1783.0,203114|1629673|1630551|1642259|1642273,202709|203484|1628976|1630532|1631094,2024-25,379
415969,06:01,"MISS Middleton 7' Fadeaway Jumper
George REBOUND (Off:1 Def:3)
MISS Middleton 14' Driving Floating Jump Shot
Wagner REBOUND (Off:0 Def:6)
",2,0,0,0,2025-03-21,0022401014,0,1,ORL,3,0,-24,06:33,Off Short Mid-Range Make,0,George REBOUND (Off:1 Def:3),,WAS,ORL,WAS,1610612764,2025,1767.0,1799.0,1783.0,203114|1629673|1630551|1642259|1642273,202709|203484|1628976|1630532|1631094,2024-25,379
415968,06:01,"MISS Middleton 7' Fadeaway Jumper
George REBOUND (Off:1 Def:3)
MISS Middleton 14' Driving Floating Jump Shot
Wagner REBOUND (Off:0 Def:6)
",2,0,0,0,2025-03-21,0022401014,0,1,ORL,3,0,-24,06:33,Off Short Mid-Range Make,0,MISS Middleton 7' Fadeaway Jumper,,WAS,ORL,WAS,1610612764,2025,1767.0,1799.0,1783.0,203114|1629673|1630551|1642259|1642273,202709|203484|1628976|1630532|1631094,2024-25,379
415977,07:44,"MISS Poole 26' 3PT Step Back Jump Shot
Carter Jr. REBOUND (Off:4 Def:5)
",0,0,1,0,2025-03-21,0022401014,0,0,ORL,3,0,-16,07:55,Off Corner 3 Miss,0,Carter Jr. REBOUND (Off:4 Def:5),,WAS,ORL,WAS,1610612764,2025,1685.0,1696.0,1690.5,203114|1629673|1630551|1642259|1642273,202709|203484|1628976|1630532|1631094,2024-25,437
415967,05:32,"Sarr 4' Cutting Layup Shot (14 PTS) (George 7 AST)
",1,1,0,0,2025-03-21,0022401014,0,0,ORL,3,0,-26,05:56,Off Timeout,0,Sarr 4' Cutting Layup Shot (14 PTS) (George 7 AST),,WAS,ORL,WAS,1610612764,2025,1804.0,1828.0,1816.0,203114|1629673|1642259|1642267|1642273,202709|203484|1628976|1630532|1631094,2024-25,385
415965,05:03,"MISS Sarr 4' Cutting Layup Shot
Caldwell-Pope REBOUND (Off:1 Def:4)
",1,0,0,0,2025-03-21,0022401014,0,0,ORL,3,0,-24,05:13,Off Short Mid-Range Miss,0,MISS Sarr 4' Cutting Layup Shot,,WAS,ORL,WAS,1610612764,2025,1847.0,1857.0,1852.0,203114|1629673|1642259|1642267|1642273,202709|203484|1628976|1630532|1631094,2024-25,434
415964,04:48,"Middleton 24' 3PT Jump Shot (9 PTS) (George 8 AST)
",0,0,1,1,2025-03-21,0022401014,0,0,ORL,3,0,-24,04:55,Off Short Mid-Range Miss,0,Middleton 24' 3PT Jump Shot (9 PTS) (George 8 AST),,WAS,ORL,WAS,1610612764,2025,1865.0,1872.0,1868.5,203114|1629673|1642259|1642267|1642273,202709|203484|1628976|1630532|1631094,2024-25,397
415963,03:44,"MISS Poole 4' Driving Layup
Houstan REBOUND (Off:0 Def:1)
",1,0,0,0,2025-03-21,0022401014,0,0,ORL,3,0,-24,04:04,Off FT Make,0,Houstan REBOUND (Off:0 Def:1),,WAS,ORL,WAS,1610612764,2025,1916.0,1936.0,1926.0,1629673|1642259|1642267|1642273|1642358,203484|1628976|1631094|1631216|1641710,2024-25,404
415962,03:44,"MISS Poole 4' Driving Layup
Houstan REBOUND (Off:0 Def:1)
",1,0,0,0,2025-03-21,0022401014,0,0,ORL,3,0,-24,04:04,Off FT Make,0,MISS Poole 4' Driving Layup,,WAS,ORL,WAS,1610612764,2025,1916.0,1936.0,1926.0,1629673|1642259|1642267|1642273|1642358,203484|1628976|1631094|1631216|1641710,2024-25,404
415961,03:28,"Sarr 5' Driving Floating Jump Shot (16 PTS)
",1,1,0,0,2025-03-21,0022401014,0,0,ORL,3,0,-24,03:41,Off Dead Ball,0,Sarr 5' Driving Floating Jump Shot (16 PTS),,WAS,ORL,WAS,1610612764,2025,1939.0,1952.0,1945.5,1629673|1642259|1642267|1642273|1642358,203484|1628976|1631094|1631216|1641710,2024-25,498
415934,09:17,"MISS Carrington 18' Pullup Jump Shot
Harris REBOUND (Off:0 Def:2)
",1,0,0,0,2025-03-21,0022401014,0,0,ORL,2,0,-7,09:36,Off Timeout,0,MISS Carrington 18' Pullup Jump Shot,,WAS,ORL,WAS,1610612764,2025,864.0,883.0,873.5,1630264|1641774|1642267|1642273|1642358,203914|1629048|1630532|1641710|1641783,2024-25,222
416039,11:26,"Johnson 6' Driving Dunk (7 PTS)
",1,1,0,0,2025-03-21,0022401014,0,0,ORL,4,0,-33,11:49,Off Short Mid-Range Make,0,Johnson 6' Driving Dunk (7 PTS),,WAS,ORL,WAS,1610612764,2025,2171.0,2194.0,2182.5,1630264|1630551|1641774|1642267|1642358,203914|1628371|1630532|1641710|1641783,2024-25,523
415898,01:56,"MISS Poole 24' 3PT Step Back Jump Shot
da Silva REBOUND (Off:0 Def:3)
",0,0,1,0,2025-03-21,0022401014,0,0,ORL,2,0,-10,02:15,Off Dead Ball,0,da Silva REBOUND (Off:0 Def:3),,WAS,ORL,WAS,1610612764,2025,1305.0,1324.0,1314.5,203114|1629673|1630551|1642259|1642273,202709|203484|1628976|1631094|1641783,2024-25,304
415897,01:56,"MISS Poole 24' 3PT Step Back Jump Shot
da Silva REBOUND (Off:0 Def:3)
",0,0,1,0,2025-03-21,0022401014,0,0,ORL,2,0,-10,02:15,Off Dead Ball,0,MISS Poole 24' 3PT Step Back Jump Shot,,WAS,ORL,WAS,1610612764,2025,1305.0,1324.0,1314.5,203114|1629673|1630551|1642259|1642273,202709|203484|1628976|1631094|1641783,2024-25,304
415966,05:03,"MISS Sarr 4' Cutting Layup Shot
Caldwell-Pope REBOUND (Off:1 Def:4)
",1,0,0,0,2025-03-21,0022401014,0,0,ORL,3,0,-24,05:13,Off Short Mid-Range Miss,0,Caldwell-Pope REBOUND (Off:1 Def:4),,WAS,ORL,WAS,1610612764,2025,1847.0,1857.0,1852.0,203114|1629673|1642259|1642267|1642273,202709|203484|1628976|1630532|1631094,2024-25,434
415978,08:10,"MISS George 28' 3PT Jump Shot
Carter Jr. REBOUND (Off:4 Def:4)
",0,0,1,0,2025-03-21,0022401014,0,0,ORL,3,0,-16,08:30,Off Timeout,0,MISS George 28' 3PT Jump Shot,,WAS,ORL,WAS,1610612764,2025,1650.0,1670.0,1660.0,203114|1629673|1630551|1642259|1642273,202709|203484|1628976|1630532|1631094,2024-25,362
415979,08:10,"MISS George 28' 3PT Jump Shot
Carter Jr. REBOUND (Off:4 Def:4)
",0,0,1,0,2025-03-21,0022401014,0,0,ORL,3,0,-16,08:30,Off Timeout,0,Carter Jr. REBOUND (Off:4 Def:4),,WAS,ORL,WAS,1610612764,2025,1650.0,1670.0,1660.0,203114|1629673|1630551|1642259|1642273,202709|203484|1628976|1630532|1631094,2024-25,362
415980,08:45,"MISS Middleton 10' Floating Jump Shot
Carter Jr. REBOUND (Off:4 Def:3)
",1,0,0,0,2025-03-21,0022401014,0,0,ORL,3,0,-13,09:00,Off Arc 3 Miss,0,MISS Middleton 10' Floating Jump Shot,,WAS,ORL,WAS,1610612764,2025,1620.0,1635.0,1627.5,203114|1629673|1630551|1642259|1642273,202709|203484|1628976|1630532|1631094,2024-25,359
415953,01:11,"Carrington Lost Ball Turnover (P4.T14): Houstan STEAL (3 STL)
",0,0,0,0,2025-03-21,0022401014,0,0,ORL,3,0,-26,01:33,Off FT Make,1,Carrington Lost Ball Turnover (P4.T14): Houstan STEAL (3 STL),,WAS,ORL,WAS,1610612764,2025,2067.0,2089.0,2078.0,1630264|1630551|1641774|1642267|1642358,203914|1628976|1631094|1631216|1641710,2024-25,479
415952,00:48,"MISS Vukcevic 5' Cutting Layup Shot
Houstan REBOUND (Off:0 Def:2)
",1,0,0,0,2025-03-21,0022401014,0,0,ORL,3,0,-29,01:06,Off Corner 3 Make,0,Houstan REBOUND (Off:0 Def:2),,WAS,ORL,WAS,1610612764,2025,2094.0,2112.0,2103.0,1630264|1630551|1641774|1642267|1642358,203914|1628976|1631094|1631216|1641710,2024-25,456
415951,00:48,"MISS Vukcevic 5' Cutting Layup Shot
Houstan REBOUND (Off:0 Def:2)
",1,0,0,0,2025-03-21,0022401014,0,0,ORL,3,0,-29,01:06,Off Corner 3 Make,0,MISS Vukcevic 5' Cutting Layup Shot,,WAS,ORL,WAS,1610612764,2025,2094.0,2112.0,2103.0,1630264|1630551|1641774|1642267|1642358,203914|1628976|1631094|1631216|1641710,2024-25,456
415950,00:34,"MISS Carrington 26' 3PT Pullup Jump Shot
Black REBOUND (Off:0 Def:1)
",0,0,1,0,2025-03-21,0022401014,0,0,ORL,3,0,-31,00:44,Off At Rim Make,0,Black REBOUND (Off:0 Def:1),,WAS,ORL,WAS,1610612764,2025,2116.0,2126.0,2121.0,1630264|1630551|1641774|1642267|1642358,203914|1628976|1631094|1631216|1641710,2024-25,512
415949,00:34,"MISS Carrington 26' 3PT Pullup Jump Shot
Black REBOUND (Off:0 Def:1)
",0,0,1,0,2025-03-21,0022401014,0,0,ORL,3,0,-31,00:44,Off At Rim Make,0,MISS Carrington 26' 3PT Pullup Jump Shot,,WAS,ORL,WAS,1610612764,2025,2116.0,2126.0,2121.0,1630264|1630551|1641774|1642267|1642358,203914|1628976|1631094|1631216|1641710,2024-25,512
415948,00:14,"Johnson 2' Running Dunk (5 PTS) (Vukcevic 2 AST)
",1,1,0,0,2025-03-21,0022401014,0,0,ORL,3,0,-31,00:17,Off Steal,0,Johnson 2' Running Dunk (5 PTS) (Vukcevic 2 AST),,WAS,ORL,WAS,1610612764,2025,2143.0,2146.0,2144.5,1630264|1630551|1641774|1642267|1642358,203914|1628976|1631094|1631216|1641710,2024-25,466
415957,02:48,"MISS Carrington 21' Pullup Jump Shot
Sarr REBOUND (Off:3 Def:5)
MISS Carrington 27' 3PT Jump Shot
Carter Jr. REBOUND (Off:5 Def:6)
",1,0,1,0,2025-03-21,0022401014,0,1,ORL,3,0,-22,03:07,Off Steal,0,MISS Carrington 21' Pullup Jump Shot,,WAS,ORL,WAS,1610612764,2025,1973.0,1992.0,1982.5,1629673|1642259|1642267|1642273|1642358,203484|1628976|1631094|1631216|1641710,2024-25,457
415947,11:49,"Johnson Bad Pass Turnover (P1.T8): Bitadze STEAL (1 STL)
",0,0,0,0,2025-03-21,0022401014,0,0,ORL,2,0,-3,12:00,Off Dead Ball,1,Johnson Bad Pass Turnover (P1.T8): Bitadze STEAL (1 STL),,WAS,ORL,WAS,1610612764,2025,720.0,731.0,725.5,1630264|1630551|1641774|1642267|1642358,203914|1629048|1630532|1641710|1641783,2024-25,167
415945,11:23,"MISS Carrington 26' 3PT Jump Shot
Bitadze REBOUND (Off:0 Def:1)
",0,0,1,0,2025-03-21,0022401014,0,0,ORL,2,0,-5,11:38,Off Short Mid-Range Make,0,MISS Carrington 26' 3PT Jump Shot,,WAS,ORL,WAS,1610612764,2025,742.0,757.0,749.5,1630264|1630551|1641774|1642267|1642358,203914|1629048|1630532|1641710|1641783,2024-25,195
415944,11:05,"MISS Champagnie 1' Running Layup: Wagner BLOCK (1 BLK)
Gill REBOUND (Off:1 Def:1)
Wagner S.FOUL (P2.T1) (S.Mitchell)
Gill Free Throw 1 of 2 (3 PTS)
Gill Free Throw 2 of 2 (4 PTS)
",1,0,0,0,2025-03-21,0022401014,0,1,ORL,2,1,-5,11:10,Off Steal,0,Gill Free Throw 2 of 2 (4 PTS),,WAS,ORL,WAS,1610612764,2025,770.0,775.0,772.5,1630264|1630551|1641774|1642267|1642358,203914|1629048|1630532|1641710|1641783,2024-25,161
415943,11:05,"MISS Champagnie 1' Running Layup: Wagner BLOCK (1 BLK)
Gill REBOUND (Off:1 Def:1)
Wagner S.FOUL (P2.T1) (S.Mitchell)
Gill Free Throw 1 of 2 (3 PTS)
Gill Free Throw 2 of 2 (4 PTS)
",1,0,0,0,2025-03-21,0022401014,0,1,ORL,2,1,-5,11:10,Off Steal,0,Gill Free Throw 1 of 2 (3 PTS),,WAS,ORL,WAS,1610612764,2025,770.0,775.0,772.5,1630264|1630551|1641774|1642267|1642358,203914|1629048|1630532|1641710|1641783,2024-25,161
415942,11:05,"MISS Champagnie 1' Running Layup: Wagner BLOCK (1 BLK)
Gill REBOUND (Off:1 Def:1)
Wagner S.FOUL (P2.T1) (S.Mitchell)
Gill Free Throw 1 of 2 (3 PTS)
Gill Free Throw 2 of 2 (4 PTS)
",1,0,0,0,2025-03-21,0022401014,0,1,ORL,2,1,-5,11:10,Off Steal,0,Wagner S.FOUL (P2.T1) (S.Mitchell),,WAS,ORL,WAS,1610612764,2025,770.0,775.0,772.5,1630264|1630551|1641774|1642267|1642358,203914|1629048|1630532|1641710|1641783,2024-25,161
415941,11:05,"MISS Champagnie 1' Running Layup: Wagner BLOCK (1 BLK)
Gill REBOUND (Off:1 Def:1)
Wagner S.FOUL (P2.T1) (S.Mitchell)
Gill Free Throw 1 of 2 (3 PTS)
Gill Free Throw 2 of 2 (4 PTS)
",1,0,0,0,2025-03-21,0022401014,0,1,ORL,2,1,-5,11:10,Off Steal,0,Gill REBOUND (Off:1 Def:1),,WAS,ORL,WAS,1610612764,2025,770.0,775.0,772.5,1630264|1630551|1641774|1642267|1642358,203914|1629048|1630532|1641710|1641783,2024-25,161
415940,11:05,"MISS Champagnie 1' Running Layup: Wagner BLOCK (1 BLK)
Gill REBOUND (Off:1 Def:1)
Wagner S.FOUL (P2.T1) (S.Mitchell)
Gill Free Throw 1 of 2 (3 PTS)
Gill Free Throw 2 of 2 (4 PTS)
",1,0,0,0,2025-03-21,0022401014,0,1,ORL,2,1,-5,11:10,Off Steal,0,MISS Champagnie 1' Running Layup: Wagner BLOCK (1 BLK),,WAS,ORL,WAS,1610612764,2025,770.0,775.0,772.5,1630264|1630551|1641774|1642267|1642358,203914|1629048|1630532|1641710|1641783,2024-25,161
415939,10:29,"MISS Johnson 7' Driving Layup: Bitadze BLOCK (2 BLK)
Harris REBOUND (Off:0 Def:1)
",1,0,0,0,2025-03-21,0022401014,0,0,ORL,2,0,-3,10:46,Off Arc 3 Miss,0,Harris REBOUND (Off:0 Def:1),,WAS,ORL,WAS,1610612764,2025,794.0,811.0,802.5,1630264|1630551|1641774|1642267|1642358,203914|1629048|1630532|1641710|1641783,2024-25,170
415938,10:29,"MISS Johnson 7' Driving Layup: Bitadze BLOCK (2 BLK)
Harris REBOUND (Off:0 Def:1)
",1,0,0,0,2025-03-21,0022401014,0,0,ORL,2,0,-3,10:46,Off Arc 3 Miss,0,MISS Johnson 7' Driving Layup: Bitadze BLOCK (2 BLK),,WAS,ORL,WAS,1610612764,2025,794.0,811.0,802.5,1630264|1630551|1641774|1642267|1642358,203914|1629048|1630532|1641710|1641783,2024-25,170
415937,10:12,"Johnson 30' 3PT Step Back Jump Shot (3 PTS)
",0,0,1,1,2025-03-21,0022401014,0,0,ORL,2,0,-6,10:27,Off Arc 3 Make,0,Johnson 30' 3PT Step Back Jump Shot (3 PTS),,WAS,ORL,WAS,1610612764,2025,813.0,828.0,820.5,1630264|1630551|1641774|1642267|1642358,203914|1629048|1630532|1641710|1641783,2024-25,185
415946,11:23,"MISS Carrington 26' 3PT Jump Shot
Bitadze REBOUND (Off:0 Def:1)
",0,0,1,0,2025-03-21,0022401014,0,0,ORL,2,0,-5,11:38,Off Short Mid-Range Make,0,Bitadze REBOUND (Off:0 Def:1),,WAS,ORL,WAS,1610612764,2025,742.0,757.0,749.5,1630264|1630551|1641774|1642267|1642358,203914|1629048|1630532|1641710|1641783,2024-25,195
415958,02:48,"MISS Carrington 21' Pullup Jump Shot
Sarr REBOUND (Off:3 Def:5)
MISS Carrington 27' 3PT Jump Shot
Carter Jr. REBOUND (Off:5 Def:6)
",1,0,1,0,2025-03-21,0022401014,0,1,ORL,3,0,-22,03:07,Off Steal,0,Sarr REBOUND (Off:3 Def:5),,WAS,ORL,WAS,1610612764,2025,1973.0,1992.0,1982.5,1629673|1642259|1642267|1642273|1642358,203484|1628976|1631094|1631216|1641710,2024-25,457
415959,02:48,"MISS Carrington 21' Pullup Jump Shot
Sarr REBOUND (Off:3 Def:5)
MISS Carrington 27' 3PT Jump Shot
Carter Jr. REBOUND (Off:5 Def:6)
",1,0,1,0,2025-03-21,0022401014,0,1,ORL,3,0,-22,03:07,Off Steal,0,MISS Carrington 27' 3PT Jump Shot,,WAS,ORL,WAS,1610612764,2025,1973.0,1992.0,1982.5,1629673|1642259|1642267|1642273|1642358,203484|1628976|1631094|1631216|1641710,2024-25,457
415960,02:48,"MISS Carrington 21' Pullup Jump Shot
Sarr REBOUND (Off:3 Def:5)
MISS Carrington 27' 3PT Jump Shot
Carter Jr. REBOUND (Off:5 Def:6)
",1,0,1,0,2025-03-21,0022401014,0,1,ORL,3,0,-22,03:07,Off Steal,0,Carter Jr. REBOUND (Off:5 Def:6),,WAS,ORL,WAS,1610612764,2025,1973.0,1992.0,1982.5,1629673|1642259|1642267|1642273|1642358,203484|1628976|1631094|1631216|1641710,2024-25,457
415955,02:19,"MISS George 6' Driving Layup: Carter Jr. BLOCK (2 BLK)
Banchero REBOUND (Off:1 Def:7)
",1,0,0,0,2025-03-21,0022401014,0,0,ORL,3,0,-22,02:25,Off Block,0,MISS George 6' Driving Layup: Carter Jr. BLOCK (2 BLK),,WAS,ORL,WAS,1610612764,2025,2015.0,2021.0,2018.0,1629673|1642259|1642267|1642273|1642358,203484|1628976|1631094|1631216|1641710,2024-25,430
416004,03:42,"McClung S.FOUL (P1.PN) (J.Butler)
Jones Free Throw 1 of 2 (1 PTS)
Jones Free Throw 2 of 2 (2 PTS)
",0,0,0,0,2025-03-21,0022401014,0,0,ORL,4,1,-28,04:00,Off Arc 3 Make,0,McClung S.FOUL (P1.PN) (J.Butler),,WAS,ORL,WAS,1610612764,2025,2640.0,2658.0,2649.0,1630264|1630550|1641732|1641774|1642358,1630644|1631216|1641710|1641724|1641783,2024-25,582
416037,10:23,"MISS Carrington 26' 3PT Jump Shot
Wagner REBOUND (Off:0 Def:7)
",0,0,1,0,2025-03-21,0022401014,0,0,ORL,4,0,-31,10:38,Off Short Mid-Range Make,0,Wagner REBOUND (Off:0 Def:7),,WAS,ORL,WAS,1610612764,2025,2242.0,2257.0,2249.5,1630264|1630551|1641774|1642267|1642358,203914|1628371|1630532|1641710|1641783,2024-25,563
415936,09:40,"Carrington Lost Ball Turnover (P2.T9): Bitadze STEAL (2 STL)
",0,0,0,0,2025-03-21,0022401014,0,0,ORL,2,0,-5,09:55,Off Short Mid-Range Make,1,Carrington Lost Ball Turnover (P2.T9): Bitadze STEAL (2 STL),,WAS,ORL,WAS,1610612764,2025,845.0,860.0,852.5,1630264|1641774|1642267|1642273|1642358,203914|1629048|1630532|1641710|1641783,2024-25,181
415930,08:24,"MISS George 26' 3PT Jump Shot
WIZARDS Rebound
Carrington Bad Pass Turnover (P3.T10): Bitadze STEAL (3 STL)
",0,0,1,0,2025-03-21,0022401014,0,1,ORL,2,0,-7,08:38,Off Short Mid-Range Miss,1,MISS George 26' 3PT Jump Shot,,WAS,ORL,WAS,1610612764,2025,922.0,936.0,929.0,1630264|1641774|1642267|1642273|1642358,203914|1629048|1630532|1641710|1641783,2024-25,194
415929,08:18,"Bitadze S.FOUL (P1.T2) (S.Mitchell)
Gill Free Throw 1 of 2 (5 PTS)
Gill Free Throw 2 of 2 (6 PTS)
",0,0,0,0,2025-03-21,0022401014,0,0,ORL,2,1,-7,08:23,Off Steal,0,Gill Free Throw 2 of 2 (6 PTS),,WAS,ORL,WAS,1610612764,2025,937.0,942.0,939.5,1630264|1641774|1642267|1642273|1642358,203484|1629048|1630532|1641710|1641783,2024-25,211
415928,08:18,"Bitadze S.FOUL (P1.T2) (S.Mitchell)
Gill Free Throw 1 of 2 (5 PTS)
Gill Free Throw 2 of 2 (6 PTS)
",0,0,0,0,2025-03-21,0022401014,0,0,ORL,2,1,-7,08:23,Off Steal,0,Gill Free Throw 1 of 2 (5 PTS),,WAS,ORL,WAS,1610612764,2025,937.0,942.0,939.5,1630264|1641774|1642267|1642273|1642358,203484|1629048|1630532|1641710|1641783,2024-25,211
415927,08:18,"Bitadze S.FOUL (P1.T2) (S.Mitchell)
Gill Free Throw 1 of 2 (5 PTS)
Gill Free Throw 2 of 2 (6 PTS)
",0,0,0,0,2025-03-21,0022401014,0,0,ORL,2,1,-7,08:23,Off Steal,0,Bitadze S.FOUL (P1.T2) (S.Mitchell),,WAS,ORL,WAS,1610612764,2025,937.0,942.0,939.5,1630264|1641774|1642267|1642273|1642358,203484|1629048|1630532|1641710|1641783,2024-25,211
415926,07:49,"Vukcevic 26' 3PT Jump Shot (6 PTS) (Gill 1 AST)
",0,0,1,1,2025-03-21,0022401014,0,0,ORL,2,0,-7,08:03,Off Long Mid-Range Make,0,Vukcevic 26' 3PT Jump Shot (6 PTS) (Gill 1 AST),,WAS,ORL,WAS,1610612764,2025,957.0,971.0,964.0,1630264|1641774|1642267|1642273|1642358,203484|1629048|1630532|1631094|1641710,2024-25,228
415925,07:02,"Bitadze P.FOUL (P2.T3) (J.Goble)
MISS Poole 28' 3PT Step Back Jump Shot
Wagner REBOUND (Off:0 Def:4)
",0,0,1,0,2025-03-21,0022401014,0,0,ORL,2,0,-4,07:21,Off Arc 3 Miss,0,Wagner REBOUND (Off:0 Def:4),,WAS,ORL,WAS,1610612764,2025,999.0,1018.0,1008.5,203114|1629673|1642259|1642267|1642273,203484|1628976|1630532|1631094|1641710,2024-25,245
415924,07:02,"Bitadze P.FOUL (P2.T3) (J.Goble)
MISS Poole 28' 3PT Step Back Jump Shot
Wagner REBOUND (Off:0 Def:4)
",0,0,1,0,2025-03-21,0022401014,0,0,ORL,2,0,-4,07:21,Off Arc 3 Miss,0,MISS Poole 28' 3PT Step Back Jump Shot,,WAS,ORL,WAS,1610612764,2025,999.0,1018.0,1008.5,203114|1629673|1642259|1642267|1642273,203484|1628976|1630532|1631094|1641710,2024-25,245
415911,03:59,"MISS Middleton 11' Turnaround Jump Shot
WIZARDS Rebound
MISS Sarr 8' Driving Floating Jump Shot
Banchero REBOUND (Off:1 Def:3)
",2,0,0,0,2025-03-21,0022401014,0,1,ORL,2,0,-9,04:28,Off FT Make,0,WIZARDS Rebound,,WAS,ORL,WAS,1610612764,2025,1172.0,1201.0,1186.5,203114|1629673|1642259|1642267|1642273,202709|203484|1628976|1631094|1631216,2024-25,265
415923,07:02,"Bitadze P.FOUL (P2.T3) (J.Goble)
MISS Poole 28' 3PT Step Back Jump Shot
Wagner REBOUND (Off:0 Def:4)
",0,0,1,0,2025-03-21,0022401014,0,0,ORL,2,0,-4,07:21,Off Arc 3 Miss,0,Bitadze P.FOUL (P2.T3) (J.Goble),,WAS,ORL,WAS,1610612764,2025,999.0,1018.0,1008.5,203114|1629673|1642259|1642267|1642273,203484|1628976|1630532|1631094|1641710,2024-25,245
415931,08:24,"MISS George 26' 3PT Jump Shot
WIZARDS Rebound
Carrington Bad Pass Turnover (P3.T10): Bitadze STEAL (3 STL)
",0,0,1,0,2025-03-21,0022401014,0,1,ORL,2,0,-7,08:38,Off Short Mid-Range Miss,1,WIZARDS Rebound,,WAS,ORL,WAS,1610612764,2025,922.0,936.0,929.0,1630264|1641774|1642267|1642273|1642358,203914|1629048|1630532|1641710|1641783,2024-25,194
415921,06:29,"MISS George 30' 3PT Jump Shot
Middleton REBOUND (Off:1 Def:1)
MISS George 6' Cutting Layup Shot: Carter Jr. BLOCK (1 BLK)
Carter Jr. REBOUND (Off:2 Def:1)
",1,0,1,0,2025-03-21,0022401014,0,1,ORL,2,0,-5,06:52,Off FT Miss,0,MISS George 6' Cutting Layup Shot: Carter Jr. BLOCK (1 BLK),,WAS,ORL,WAS,1610612764,2025,1028.0,1051.0,1039.5,203114|1629673|1642259|1642267|1642273,202709|203484|1628976|1631094|1631216,2024-25,240
415919,06:29,"MISS George 30' 3PT Jump Shot
Middleton REBOUND (Off:1 Def:1)
MISS George 6' Cutting Layup Shot: Carter Jr. BLOCK (1 BLK)
Carter Jr. REBOUND (Off:2 Def:1)
",1,0,1,0,2025-03-21,0022401014,0,1,ORL,2,0,-5,06:52,Off FT Miss,0,MISS George 30' 3PT Jump Shot,,WAS,ORL,WAS,1610612764,2025,1028.0,1051.0,1039.5,203114|1629673|1642259|1642267|1642273,202709|203484|1628976|1631094|1631216,2024-25,240
415918,05:56,"George 11' Pullup Jump Shot (7 PTS)
",1,1,0,0,2025-03-21,0022401014,0,0,ORL,2,0,-8,06:14,Off Arc 3 Make,0,George 11' Pullup Jump Shot (7 PTS),,WAS,ORL,WAS,1610612764,2025,1066.0,1084.0,1075.0,203114|1629673|1642259|1642267|1642273,202709|203484|1628976|1631094|1631216,2024-25,259
415917,05:30,"Middleton Traveling Turnover (P1.T11)
",0,0,0,0,2025-03-21,0022401014,0,0,ORL,2,0,-9,05:45,Off Corner 3 Make,1,Middleton Traveling Turnover (P1.T11),,WAS,ORL,WAS,1610612764,2025,1095.0,1110.0,1102.5,203114|1629673|1642259|1642267|1642273,202709|203484|1628976|1631094|1631216,2024-25,253
415916,04:58,"MISS George 26' 3PT Jump Shot
Caldwell-Pope REBOUND (Off:1 Def:1)
",0,0,1,0,2025-03-21,0022401014,0,0,ORL,2,0,-9,05:07,Off Corner 3 Miss,0,Caldwell-Pope REBOUND (Off:1 Def:1),,WAS,ORL,WAS,1610612764,2025,1133.0,1142.0,1137.5,203114|1629673|1642259|1642267|1642273,202709|203484|1628976|1631094|1631216,2024-25,307
415915,04:58,"MISS George 26' 3PT Jump Shot
Caldwell-Pope REBOUND (Off:1 Def:1)
",0,0,1,0,2025-03-21,0022401014,0,0,ORL,2,0,-9,05:07,Off Corner 3 Miss,0,MISS George 26' 3PT Jump Shot,,WAS,ORL,WAS,1610612764,2025,1133.0,1142.0,1137.5,203114|1629673|1642259|1642267|1642273,202709|203484|1628976|1631094|1631216,2024-25,307
415914,04:51,"Carrington 4' Running Dunk (2 PTS) (Sarr 1 AST)
",1,1,0,0,2025-03-21,0022401014,0,0,ORL,2,0,-9,04:55,Off Steal,0,Carrington 4' Running Dunk (2 PTS) (Sarr 1 AST),,WAS,ORL,WAS,1610612764,2025,1145.0,1149.0,1147.0,203114|1629673|1642259|1642267|1642273,202709|203484|1628976|1631094|1631216,2024-25,253
415913,03:59,"MISS Middleton 11' Turnaround Jump Shot
WIZARDS Rebound
MISS Sarr 8' Driving Floating Jump Shot
Banchero REBOUND (Off:1 Def:3)
",2,0,0,0,2025-03-21,0022401014,0,1,ORL,2,0,-9,04:28,Off FT Make,0,Banchero REBOUND (Off:1 Def:3),,WAS,ORL,WAS,1610612764,2025,1172.0,1201.0,1186.5,203114|1629673|1642259|1642267|1642273,202709|203484|1628976|1631094|1631216,2024-25,265
415922,06:29,"MISS George 30' 3PT Jump Shot
Middleton REBOUND (Off:1 Def:1)
MISS George 6' Cutting Layup Shot: Carter Jr. BLOCK (1 BLK)
Carter Jr. REBOUND (Off:2 Def:1)
",1,0,1,0,2025-03-21,0022401014,0,1,ORL,2,0,-5,06:52,Off FT Miss,0,Carter Jr. REBOUND (Off:2 Def:1),,WAS,ORL,WAS,1610612764,2025,1028.0,1051.0,1039.5,203114|1629673|1642259|1642267|1642273,202709|203484|1628976|1631094|1631216,2024-25,240
415910,03:59,"MISS Middleton 11' Turnaround Jump Shot
WIZARDS Rebound
MISS Sarr 8' Driving Floating Jump Shot
Banchero REBOUND (Off:1 Def:3)
",2,0,0,0,2025-03-21,0022401014,0,1,ORL,2,0,-9,04:28,Off FT Make,0,MISS Middleton 11' Turnaround Jump Shot,,WAS,ORL,WAS,1610612764,2025,1172.0,1201.0,1186.5,203114|1629673|1642259|1642267|1642273,202709|203484|1628976|1631094|1631216,2024-25,265
415920,06:29,"MISS George 30' 3PT Jump Shot
Middleton REBOUND (Off:1 Def:1)
MISS George 6' Cutting Layup Shot: Carter Jr. BLOCK (1 BLK)
Carter Jr. REBOUND (Off:2 Def:1)
",1,0,1,0,2025-03-21,0022401014,0,1,ORL,2,0,-5,06:52,Off FT Miss,0,Middleton REBOUND (Off:1 Def:1),,WAS,ORL,WAS,1610612764,2025,1028.0,1051.0,1039.5,203114|1629673|1642259|1642267|1642273,202709|203484|1628976|1631094|1631216,2024-25,240
415932,08:24,"MISS George 26' 3PT Jump Shot
WIZARDS Rebound
Carrington Bad Pass Turnover (P3.T10): Bitadze STEAL (3 STL)
",0,0,1,0,2025-03-21,0022401014,0,1,ORL,2,0,-7,08:38,Off Short Mid-Range Miss,1,Carrington Bad Pass Turnover (P3.T10): Bitadze STEAL (3 STL),,WAS,ORL,WAS,1610612764,2025,922.0,936.0,929.0,1630264|1641774|1642267|1642273|1642358,203914|1629048|1630532|1641710|1641783,2024-25,194
416005,03:42,"McClung S.FOUL (P1.PN) (J.Butler)
Jones Free Throw 1 of 2 (1 PTS)
Jones Free Throw 2 of 2 (2 PTS)
",0,0,0,0,2025-03-21,0022401014,0,0,ORL,4,1,-28,04:00,Off Arc 3 Make,0,Jones Free Throw 1 of 2 (1 PTS),,WAS,ORL,WAS,1610612764,2025,2640.0,2658.0,2649.0,1630264|1630550|1641732|1641774|1642358,1630644|1631216|1641710|1641724|1641783,2024-25,582
415857,02:23,"Poole 6' Cutting Layup Shot (10 PTS) (Vukcevic 1 AST)
",1,1,0,0,2025-03-21,0022401014,0,0,ORL,1,0,-4,02:32,Off Long Mid-Range Miss,0,Poole 6' Cutting Layup Shot (10 PTS) (Vukcevic 1 AST),,WAS,ORL,WAS,1610612764,2025,568.0,577.0,572.5,1629673|1630264|1630551|1641774|1642267,203484|1628976|1631094|1631216|1641710,2024-25,110
415908,03:41,"MISS Poole 16' Running Pull-Up Jump Shot
Carter Jr. REBOUND (Off:2 Def:2)
",1,0,0,0,2025-03-21,0022401014,0,0,ORL,2,0,-9,03:49,Off Arc 3 Miss,0,MISS Poole 16' Running Pull-Up Jump Shot,,WAS,ORL,WAS,1610612764,2025,1211.0,1219.0,1215.0,203114|1629673|1642259|1642267|1642273,202709|203484|1628976|1631094|1631216,2024-25,275
415907,03:24,"Sarr 5' Running Layup (10 PTS) (George 5 AST)
",1,1,0,0,2025-03-21,0022401014,0,0,ORL,2,0,-9,03:28,Off Arc 3 Miss,0,Sarr 5' Running Layup (10 PTS) (George 5 AST),,WAS,ORL,WAS,1610612764,2025,1232.0,1236.0,1234.0,203114|1629673|1642259|1642267|1642273,202709|203484|1628976|1631094|1631216,2024-25,280
415906,02:53,"Carter Jr. L.B.FOUL (P1.T4) (S.Mitchell)
MISS Sarr 26' 3PT Jump Shot
Banchero REBOUND (Off:1 Def:4)
",0,0,1,0,2025-03-21,0022401014,0,0,ORL,2,0,-7,03:07,Off Dead Ball,0,Banchero REBOUND (Off:1 Def:4),,WAS,ORL,WAS,1610612764,2025,1253.0,1267.0,1260.0,203114|1629673|1630551|1642259|1642273,202709|203484|1628976|1630532|1631094,2024-25,329
415905,02:53,"Carter Jr. L.B.FOUL (P1.T4) (S.Mitchell)
MISS Sarr 26' 3PT Jump Shot
Banchero REBOUND (Off:1 Def:4)
",0,0,1,0,2025-03-21,0022401014,0,0,ORL,2,0,-7,03:07,Off Dead Ball,0,MISS Sarr 26' 3PT Jump Shot,,WAS,ORL,WAS,1610612764,2025,1253.0,1267.0,1260.0,203114|1629673|1630551|1642259|1642273,202709|203484|1628976|1630532|1631094,2024-25,329
415904,02:53,"Carter Jr. L.B.FOUL (P1.T4) (S.Mitchell)
MISS Sarr 26' 3PT Jump Shot
Banchero REBOUND (Off:1 Def:4)
",0,0,1,0,2025-03-21,0022401014,0,0,ORL,2,0,-7,03:07,Off Dead Ball,0,Carter Jr. L.B.FOUL (P1.T4) (S.Mitchell),,WAS,ORL,WAS,1610612764,2025,1253.0,1267.0,1260.0,203114|1629673|1630551|1642259|1642273,202709|203484|1628976|1630532|1631094,2024-25,329
415903,02:30,"Wagner P.FOUL (P3.PN) (S.Mitchell)
MISS Sarr Free Throw 1 of 2
WIZARDS Rebound
MISS Sarr Free Throw 2 of 2
da Silva REBOUND (Off:0 Def:2)
",0,0,0,0,2025-03-21,0022401014,1,0,ORL,2,0,-10,02:46,Off Timeout,0,da Silva REBOUND (Off:0 Def:2),,WAS,ORL,WAS,1610612764,2025,1274.0,1290.0,1282.0,203114|1629673|1630551|1642259|1642273,202709|203484|1628976|1630532|1631094,2024-25,338
415902,02:30,"Wagner P.FOUL (P3.PN) (S.Mitchell)
MISS Sarr Free Throw 1 of 2
WIZARDS Rebound
MISS Sarr Free Throw 2 of 2
da Silva REBOUND (Off:0 Def:2)
",0,0,0,0,2025-03-21,0022401014,1,0,ORL,2,0,-10,02:46,Off Timeout,0,MISS Sarr Free Throw 2 of 2,,WAS,ORL,WAS,1610612764,2025,1274.0,1290.0,1282.0,203114|1629673|1630551|1642259|1642273,202709|203484|1628976|1630532|1631094,2024-25,338
415901,02:30,"Wagner P.FOUL (P3.PN) (S.Mitchell)
MISS Sarr Free Throw 1 of 2
WIZARDS Rebound
MISS Sarr Free Throw 2 of 2
da Silva REBOUND (Off:0 Def:2)
",0,0,0,0,2025-03-21,0022401014,1,0,ORL,2,0,-10,02:46,Off Timeout,0,WIZARDS Rebound,,WAS,ORL,WAS,1610612764,2025,1274.0,1290.0,1282.0,203114|1629673|1630551|1642259|1642273,202709|203484|1628976|1630532|1631094,2024-25,338
415900,02:30,"Wagner P.FOUL (P3.PN) (S.Mitchell)
MISS Sarr Free Throw 1 of 2
WIZARDS Rebound
MISS Sarr Free Throw 2 of 2
da Silva REBOUND (Off:0 Def:2)
",0,0,0,0,2025-03-21,0022401014,1,0,ORL,2,0,-10,02:46,Off Timeout,0,MISS Sarr Free Throw 1 of 2,,WAS,ORL,WAS,1610612764,2025,1274.0,1290.0,1282.0,203114|1629673|1630551|1642259|1642273,202709|203484|1628976|1630532|1631094,2024-25,338
415909,03:41,"MISS Poole 16' Running Pull-Up Jump Shot
Carter Jr. REBOUND (Off:2 Def:2)
",1,0,0,0,2025-03-21,0022401014,0,0,ORL,2,0,-9,03:49,Off Arc 3 Miss,0,Carter Jr. REBOUND (Off:2 Def:2),,WAS,ORL,WAS,1610612764,2025,1211.0,1219.0,1215.0,203114|1629673|1642259|1642267|1642273,202709|203484|1628976|1631094|1631216,2024-25,275
415899,02:30,"Wagner P.FOUL (P3.PN) (S.Mitchell)
MISS Sarr Free Throw 1 of 2
WIZARDS Rebound
MISS Sarr Free Throw 2 of 2
da Silva REBOUND (Off:0 Def:2)
",0,0,0,0,2025-03-21,0022401014,1,0,ORL,2,0,-10,02:46,Off Timeout,0,Wagner P.FOUL (P3.PN) (S.Mitchell),,WAS,ORL,WAS,1610612764,2025,1274.0,1290.0,1282.0,203114|1629673|1630551|1642259|1642273,202709|203484|1628976|1630532|1631094,2024-25,338
415848,00:01,"MISS Johnson 13' Jump Shot
da Silva REBOUND (Off:0 Def:1)
",1,0,0,0,2025-03-21,0022401014,0,0,ORL,1,0,-3,00:28,Off Arc 3 Miss,0,da Silva REBOUND (Off:0 Def:1),,WAS,ORL,WAS,1610612764,2025,692.0,719.0,705.5,1630264|1630551|1641774|1642267|1642358,203914|1629048|1630532|1641710|1641783,2024-25,154
415849,00:37,"Black S.FOUL (P2.T4) (J.Goble)
Gill Free Throw 1 of 2 (1 PTS)
Gill Free Throw 2 of 2 (2 PTS)
",0,0,0,0,2025-03-21,0022401014,0,0,ORL,1,1,-5,00:48,Off Arc 3 Miss,0,Black S.FOUL (P2.T4) (J.Goble),,WAS,ORL,WAS,1610612764,2025,672.0,683.0,677.5,1630264|1630551|1641774|1642267|1642358,203914|1629048|1630532|1641710|1641783,2024-25,160
415850,00:37,"Black S.FOUL (P2.T4) (J.Goble)
Gill Free Throw 1 of 2 (1 PTS)
Gill Free Throw 2 of 2 (2 PTS)
",0,0,0,0,2025-03-21,0022401014,0,0,ORL,1,1,-5,00:48,Off Arc 3 Miss,0,Gill Free Throw 1 of 2 (1 PTS),,WAS,ORL,WAS,1610612764,2025,672.0,683.0,677.5,1630264|1630551|1641774|1642267|1642358,203914|1629048|1630532|1641710|1641783,2024-25,160
415851,00:37,"Black S.FOUL (P2.T4) (J.Goble)
Gill Free Throw 1 of 2 (1 PTS)
Gill Free Throw 2 of 2 (2 PTS)
",0,0,0,0,2025-03-21,0022401014,0,0,ORL,1,1,-5,00:48,Off Arc 3 Miss,0,Gill Free Throw 2 of 2 (2 PTS),,WAS,ORL,WAS,1610612764,2025,672.0,683.0,677.5,1630264|1630551|1641774|1642267|1642358,203914|1629048|1630532|1641710|1641783,2024-25,160
415852,00:56,"MISS Vukcevic 6' Driving Layup: Bitadze BLOCK (1 BLK)
Wagner REBOUND (Off:0 Def:3)
",1,0,0,0,2025-03-21,0022401014,0,0,ORL,1,0,-5,01:17,Off Short Mid-Range Make,0,MISS Vukcevic 6' Driving Layup: Bitadze BLOCK (1 BLK),,WAS,ORL,WAS,1610612764,2025,643.0,664.0,653.5,1630264|1630551|1641774|1642267|1642358,203914|1629048|1630532|1641710|1641783,2024-25,135
415853,00:56,"MISS Vukcevic 6' Driving Layup: Bitadze BLOCK (1 BLK)
Wagner REBOUND (Off:0 Def:3)
",1,0,0,0,2025-03-21,0022401014,0,0,ORL,1,0,-5,01:17,Off Short Mid-Range Make,0,Wagner REBOUND (Off:0 Def:3),,WAS,ORL,WAS,1610612764,2025,643.0,664.0,653.5,1630264|1630551|1641774|1642267|1642358,203914|1629048|1630532|1641710|1641783,2024-25,135
415854,01:29,"Champagnie 2' Running Layup (2 PTS)
",1,1,0,0,2025-03-21,0022401014,0,0,ORL,1,0,-5,01:33,Off Steal,0,Champagnie 2' Running Layup (2 PTS),,WAS,ORL,WAS,1610612764,2025,627.0,631.0,629.0,1630264|1630551|1641774|1642267|1642358,203914|1629048|1630532|1641710|1641783,2024-25,139
415855,01:47,"Poole Out of Bounds - Bad Pass Turnover Turnover (P2.T7)
",0,0,0,0,2025-03-21,0022401014,0,0,ORL,1,0,-5,01:53,Off Steal,1,Poole Out of Bounds - Bad Pass Turnover Turnover (P2.T7),,WAS,ORL,WAS,1610612764,2025,607.0,613.0,610.0,1629673|1630264|1630551|1641774|1642267,203484|1628976|1631094|1631216|1641710,2024-25,121
415856,02:02,"Carrington Bad Pass Turnover (P1.T6): Houstan STEAL (2 STL)
",0,0,0,0,2025-03-21,0022401014,0,0,ORL,1,0,-5,02:11,Off Corner 3 Make,1,Carrington Bad Pass Turnover (P1.T6): Houstan STEAL (2 STL),,WAS,ORL,WAS,1610612764,2025,589.0,598.0,593.5,1629673|1630264|1630551|1641774|1642267,203484|1628976|1631094|1631216|1641710,2024-25,113
415847,00:01,"MISS Johnson 13' Jump Shot
da Silva REBOUND (Off:0 Def:1)
",1,0,0,0,2025-03-21,0022401014,0,0,ORL,1,0,-3,00:28,Off Arc 3 Miss,0,MISS Johnson 13' Jump Shot,,WAS,ORL,WAS,1610612764,2025,692.0,719.0,705.5,1630264|1630551|1641774|1642267|1642358,203914|1629048|1630532|1641710|1641783,2024-25,154
415858,02:47,"Poole Bad Pass Turnover (P1.T5): Houstan STEAL (1 STL)
",0,0,0,0,2025-03-21,0022401014,0,0,ORL,1,0,-4,02:58,Off Arc 3 Make,1,Poole Bad Pass Turnover (P1.T5): Houstan STEAL (1 STL),,WAS,ORL,WAS,1610612764,2025,542.0,553.0,547.5,1629673|1630264|1630551|1641774|1642267,203484|1628976|1631094|1631216|1641710,2024-25,106
415933,08:54,"Vukcevic 26' 3PT Jump Shot (3 PTS) (George 4 AST)
",0,0,1,1,2025-03-21,0022401014,0,0,ORL,2,0,-10,09:08,Off Arc 3 Make,0,Vukcevic 26' 3PT Jump Shot (3 PTS) (George 4 AST),,WAS,ORL,WAS,1610612764,2025,892.0,906.0,899.0,1630264|1641774|1642267|1642273|1642358,203914|1629048|1630532|1641710|1641783,2024-25,177
415912,03:59,"MISS Middleton 11' Turnaround Jump Shot
WIZARDS Rebound
MISS Sarr 8' Driving Floating Jump Shot
Banchero REBOUND (Off:1 Def:3)
",2,0,0,0,2025-03-21,0022401014,0,1,ORL,2,0,-9,04:28,Off FT Make,0,MISS Sarr 8' Driving Floating Jump Shot,,WAS,ORL,WAS,1610612764,2025,1172.0,1201.0,1186.5,203114|1629673|1642259|1642267|1642273,202709|203484|1628976|1631094|1631216,2024-25,265
415886,00:00,"MISS Middleton 26' 3PT Jump Shot
WIZARDS Rebound
",0,0,1,0,2025-03-21,0022401014,0,0,ORL,2,0,-13,00:14,Off Short Mid-Range Make,0,WIZARDS Rebound,,WAS,ORL,WAS,1610612764,2025,1426.0,1440.0,1433.0,203114|1629673|1630551|1642259|1642273,202709|203484|1628976|1631094|1641783,2024-25,297
415863,04:33,"MISS Sarr 27' 3PT Jump Shot
Banchero REBOUND (Off:1 Def:2)
",0,0,1,0,2025-03-21,0022401014,0,0,ORL,1,0,-5,04:44,Off Short Mid-Range Make,0,MISS Sarr 27' 3PT Jump Shot,,WAS,ORL,WAS,1610612764,2025,436.0,447.0,441.5,203114|1629673|1642259|1642267|1642273,202709|203484|1628976|1631094|1631216,2024-25,76
415864,04:33,"MISS Sarr 27' 3PT Jump Shot
Banchero REBOUND (Off:1 Def:2)
",0,0,1,0,2025-03-21,0022401014,0,0,ORL,1,0,-5,04:44,Off Short Mid-Range Make,0,Banchero REBOUND (Off:1 Def:2),,WAS,ORL,WAS,1610612764,2025,436.0,447.0,441.5,203114|1629673|1642259|1642267|1642273,202709|203484|1628976|1631094|1631216,2024-25,76
415865,04:59,"George 8' Driving Layup (5 PTS)
",1,1,0,0,2025-03-21,0022401014,0,0,ORL,1,0,-5,05:14,Off At Rim Make,0,George 8' Driving Layup (5 PTS),,WAS,ORL,WAS,1610612764,2025,406.0,421.0,413.5,203114|1629673|1642259|1642267|1642273,202709|203484|1628976|1631094|1631216,2024-25,87
415866,05:34,"Sarr Traveling Turnover (P2.T3)
",0,0,0,0,2025-03-21,0022401014,0,0,ORL,1,0,-3,05:53,Off At Rim Make,1,Sarr Traveling Turnover (P2.T3),,WAS,ORL,WAS,1610612764,2025,367.0,386.0,376.5,203114|1629673|1642259|1642267|1642273,202709|203484|1628976|1631094|1631216,2024-25,69
415867,05:57,"George Bad Pass Turnover (P1.T2): Caldwell-Pope STEAL (1 STL)
",0,0,0,0,2025-03-21,0022401014,0,0,ORL,1,0,-1,06:01,Off Short Mid-Range Make,1,George Bad Pass Turnover (P1.T2): Caldwell-Pope STEAL (1 STL),,WAS,ORL,WAS,1610612764,2025,359.0,363.0,361.0,203114|1629673|1642259|1642267|1642273,202709|203484|1628976|1631094|1631216,2024-25,64
415868,06:23,"Wagner P.FOUL (P1.T2) (J.Goble)
Sarr 11' Cutting Finger Roll Layup Shot (8 PTS) (Poole 2 AST)
",1,1,0,0,2025-03-21,0022401014,0,0,ORL,1,0,-1,06:41,Off Timeout,0,Wagner P.FOUL (P1.T2) (J.Goble),,WAS,ORL,WAS,1610612764,2025,319.0,337.0,328.0,203114|1629673|1630551|1642259|1642273,202709|203484|1628976|1631094|1631216,2024-25,53
415869,06:23,"Wagner P.FOUL (P1.T2) (J.Goble)
Sarr 11' Cutting Finger Roll Layup Shot (8 PTS) (Poole 2 AST)
",1,1,0,0,2025-03-21,0022401014,0,0,ORL,1,0,-1,06:41,Off Timeout,0,Sarr 11' Cutting Finger Roll Layup Shot (8 PTS) (Poole 2 AST),,WAS,ORL,WAS,1610612764,2025,319.0,337.0,328.0,203114|1629673|1630551|1642259|1642273,202709|203484|1628976|1631094|1631216,2024-25,53
415882,10:02,"MISS Champagnie 27' 3PT Jump Shot
Banchero REBOUND (Off:0 Def:1)
",0,0,1,0,2025-03-21,0022401014,0,0,ORL,1,0,1,10:21,Off Corner 3 Make,0,Banchero REBOUND (Off:0 Def:1),,WAS,ORL,WAS,1610612764,2025,99.0,118.0,108.5,203114|1629673|1630551|1642259|1642273,202709|203484|1628976|1630532|1631094,2024-25,17
415872,07:23,"Sarr Out of Bounds - Bad Pass Turnover Turnover (P1.T1)
",0,0,0,0,2025-03-21,0022401014,0,0,ORL,1,0,1,07:35,Off FT Make,1,Sarr Out of Bounds - Bad Pass Turnover Turnover (P1.T1),,WAS,ORL,WAS,1610612764,2025,265.0,277.0,271.0,203114|1629673|1630551|1642259|1642273,202709|203484|1628976|1630532|1631094,2024-25,58
415873,07:35,"MISS Middleton 10' Turnaround Jump Shot: Caldwell-Pope BLOCK (1 BLK)
Wagner REBOUND (Off:0 Def:2)
",1,0,0,0,2025-03-21,0022401014,0,0,ORL,1,0,3,08:01,Off Long Mid-Range Make,0,MISS Middleton 10' Turnaround Jump Shot: Caldwell-Pope BLOCK (1 BLK),,WAS,ORL,WAS,1610612764,2025,239.0,265.0,252.0,203114|1629673|1630551|1642259|1642273,202709|203484|1628976|1630532|1631094,2024-25,38
415874,07:35,"MISS Middleton 10' Turnaround Jump Shot: Caldwell-Pope BLOCK (1 BLK)
Wagner REBOUND (Off:0 Def:2)
",1,0,0,0,2025-03-21,0022401014,0,0,ORL,1,0,3,08:01,Off Long Mid-Range Make,0,Wagner REBOUND (Off:0 Def:2),,WAS,ORL,WAS,1610612764,2025,239.0,265.0,252.0,203114|1629673|1630551|1642259|1642273,202709|203484|1628976|1630532|1631094,2024-25,38
415875,08:23,"Sarr 26' 3PT Jump Shot (6 PTS) (Poole 1 AST)
",0,0,1,1,2025-03-21,0022401014,0,0,ORL,1,0,2,08:37,Off Short Mid-Range Make,0,Sarr 26' 3PT Jump Shot (6 PTS) (Poole 1 AST),,WAS,ORL,WAS,1610612764,2025,203.0,217.0,210.0,203114|1629673|1630551|1642259|1642273,202709|203484|1628976|1630532|1631094,2024-25,47
415876,08:43,"Caldwell-Pope P.FOUL (P1.T1) (J.Goble)
MISS Sarr 11' Turnaround Hook Shot
Wagner REBOUND (Off:0 Def:1)
",1,0,0,0,2025-03-21,0022401014,0,0,ORL,1,0,4,08:59,Off Short Mid-Range Miss,0,Caldwell-Pope P.FOUL (P1.T1) (J.Goble),,WAS,ORL,WAS,1610612764,2025,181.0,197.0,189.0,203114|1629673|1630551|1642259|1642273,202709|203484|1628976|1630532|1631094,2024-25,29
415877,08:43,"Caldwell-Pope P.FOUL (P1.T1) (J.Goble)
MISS Sarr 11' Turnaround Hook Shot
Wagner REBOUND (Off:0 Def:1)
",1,0,0,0,2025-03-21,0022401014,0,0,ORL,1,0,4,08:59,Off Short Mid-Range Miss,0,MISS Sarr 11' Turnaround Hook Shot,,WAS,ORL,WAS,1610612764,2025,181.0,197.0,189.0,203114|1629673|1630551|1642259|1642273,202709|203484|1628976|1630532|1631094,2024-25,29
415878,08:43,"Caldwell-Pope P.FOUL (P1.T1) (J.Goble)
MISS Sarr 11' Turnaround Hook Shot
Wagner REBOUND (Off:0 Def:1)
",1,0,0,0,2025-03-21,0022401014,0,0,ORL,1,0,4,08:59,Off Short Mid-Range Miss,0,Wagner REBOUND (Off:0 Def:1),,WAS,ORL,WAS,1610612764,2025,181.0,197.0,189.0,203114|1629673|1630551|1642259|1642273,202709|203484|1628976|1630532|1631094,2024-25,29
415879,09:15,"Poole 6' Running Layup (2 PTS) (George 2 AST)
",1,1,0,0,2025-03-21,0022401014,0,0,ORL,1,0,2,09:21,Off Corner 3 Miss,0,Poole 6' Running Layup (2 PTS) (George 2 AST),,WAS,ORL,WAS,1610612764,2025,159.0,165.0,162.0,203114|1629673|1630551|1642259|1642273,202709|203484|1628976|1630532|1631094,2024-25,38
415880,09:38,"Sarr 26' 3PT Step Back Jump Shot (3 PTS)
",0,0,1,1,2025-03-21,0022401014,0,0,ORL,1,0,-1,09:51,Off At Rim Make,0,Sarr 26' 3PT Step Back Jump Shot (3 PTS),,WAS,ORL,WAS,1610612764,2025,129.0,142.0,135.5,203114|1629673|1630551|1642259|1642273,202709|203484|1628976|1630532|1631094,2024-25,28
415871,06:48,"MISS Poole 32' 3PT Jump Shot
Joseph REBOUND (Off:0 Def:1)
",0,0,1,0,2025-03-21,0022401014,0,0,ORL,1,0,-1,07:06,Off At Rim Make,0,Joseph REBOUND (Off:0 Def:1),,WAS,ORL,WAS,1610612764,2025,294.0,312.0,303.0,203114|1629673|1630551|1642259|1642273,202709|203484|1628976|1630532|1631094,2024-25,49
415860,03:13,"Black P.FOUL (P1.T3) (S.Mitchell)
Poole 30' 3PT Pullup Jump Shot (8 PTS)
",0,0,1,1,2025-03-21,0022401014,0,0,ORL,1,0,-4,03:29,Off Steal,0,Poole 30' 3PT Pullup Jump Shot (8 PTS),,WAS,ORL,WAS,1610612764,2025,511.0,527.0,519.0,1629673|1630264|1630551|1641774|1642267,203484|1628976|1631094|1631216|1641710,2024-25,97
415935,09:17,"MISS Carrington 18' Pullup Jump Shot
Harris REBOUND (Off:0 Def:2)
",1,0,0,0,2025-03-21,0022401014,0,0,ORL,2,0,-7,09:36,Off Timeout,0,Harris REBOUND (Off:0 Def:2),,WAS,ORL,WAS,1610612764,2025,864.0,883.0,873.5,1630264|1641774|1642267|1642273|1642358,203914|1629048|1630532|1641710|1641783,2024-25,222
415885,00:00,"MISS Middleton 26' 3PT Jump Shot
WIZARDS Rebound
",0,0,1,0,2025-03-21,0022401014,0,0,ORL,2,0,-13,00:14,Off Short Mid-Range Make,0,MISS Middleton 26' 3PT Jump Shot,,WAS,ORL,WAS,1610612764,2025,1426.0,1440.0,1433.0,203114|1629673|1630551|1642259|1642273,202709|203484|1628976|1631094|1641783,2024-25,297
415862,04:22,"Sarr Out of Bounds Lost Ball Turnover (P3.T4)
",0,0,0,0,2025-03-21,0022401014,0,0,ORL,1,0,-5,04:23,Off Short Mid-Range Miss,1,Sarr Out of Bounds Lost Ball Turnover (P3.T4),,WAS,ORL,WAS,1610612764,2025,457.0,458.0,457.5,203114|1629673|1642259|1642267|1642273,202709|203484|1628976|1631094|1631216,2024-25,81
415861,03:44,"Poole 27' 3PT Jump Shot (5 PTS) (George 3 AST)
",0,0,1,1,2025-03-21,0022401014,0,0,ORL,1,0,-7,04:06,Off Short Mid-Range Make,0,Poole 27' 3PT Jump Shot (5 PTS) (George 3 AST),,WAS,ORL,WAS,1610612764,2025,474.0,496.0,485.0,1629673|1630264|1642259|1642267|1642273,203484|1628976|1631094|1631216|1641710,2024-25,92
415870,06:48,"MISS Poole 32' 3PT Jump Shot
Joseph REBOUND (Off:0 Def:1)
",0,0,1,0,2025-03-21,0022401014,0,0,ORL,1,0,-1,07:06,Off At Rim Make,0,MISS Poole 32' 3PT Jump Shot,,WAS,ORL,WAS,1610612764,2025,294.0,312.0,303.0,203114|1629673|1630551|1642259|1642273,202709|203484|1628976|1630532|1631094,2024-25,49
415881,10:02,"MISS Champagnie 27' 3PT Jump Shot
Banchero REBOUND (Off:0 Def:1)
",0,0,1,0,2025-03-21,0022401014,0,0,ORL,1,0,1,10:21,Off Corner 3 Make,0,MISS Champagnie 27' 3PT Jump Shot,,WAS,ORL,WAS,1610612764,2025,99.0,118.0,108.5,203114|1629673|1630551|1642259|1642273,202709|203484|1628976|1630532|1631094,2024-25,17
415888,00:41,"MISS Middleton 9' Driving Floating Jump Shot
Sarr REBOUND (Off:2 Def:3)
MISS Sarr 6' Putback Layup
Caldwell-Pope REBOUND (Off:1 Def:2)
",2,0,0,0,2025-03-21,0022401014,0,1,ORL,2,0,-11,01:10,Off Arc 3 Make,0,MISS Middleton 9' Driving Floating Jump Shot,,WAS,ORL,WAS,1610612764,2025,1370.0,1399.0,1384.5,203114|1629673|1630551|1642259|1642273,202709|203484|1628976|1631094|1641783,2024-25,310
415889,00:41,"MISS Middleton 9' Driving Floating Jump Shot
Sarr REBOUND (Off:2 Def:3)
MISS Sarr 6' Putback Layup
Caldwell-Pope REBOUND (Off:1 Def:2)
",2,0,0,0,2025-03-21,0022401014,0,1,ORL,2,0,-11,01:10,Off Arc 3 Make,0,Sarr REBOUND (Off:2 Def:3),,WAS,ORL,WAS,1610612764,2025,1370.0,1399.0,1384.5,203114|1629673|1630551|1642259|1642273,202709|203484|1628976|1631094|1641783,2024-25,310
415890,00:41,"MISS Middleton 9' Driving Floating Jump Shot
Sarr REBOUND (Off:2 Def:3)
MISS Sarr 6' Putback Layup
Caldwell-Pope REBOUND (Off:1 Def:2)
",2,0,0,0,2025-03-21,0022401014,0,1,ORL,2,0,-11,01:10,Off Arc 3 Make,0,MISS Sarr 6' Putback Layup,,WAS,ORL,WAS,1610612764,2025,1370.0,1399.0,1384.5,203114|1629673|1630551|1642259|1642273,202709|203484|1628976|1631094|1641783,2024-25,310
415891,00:41,"MISS Middleton 9' Driving Floating Jump Shot
Sarr REBOUND (Off:2 Def:3)
MISS Sarr 6' Putback Layup
Caldwell-Pope REBOUND (Off:1 Def:2)
",2,0,0,0,2025-03-21,0022401014,0,1,ORL,2,0,-11,01:10,Off Arc 3 Make,0,Caldwell-Pope REBOUND (Off:1 Def:2),,WAS,ORL,WAS,1610612764,2025,1370.0,1399.0,1384.5,203114|1629673|1630551|1642259|1642273,202709|203484|1628976|1631094|1641783,2024-25,310
415892,01:23,"MISS Middleton 7' Driving Floating Jump Shot
Sarr REBOUND (Off:1 Def:3)
Carter Jr. S.FOUL (P2.PN) (J.Goble)
Sarr Free Throw 1 of 2 (11 PTS)
Sarr Free Throw 2 of 2 (12 PTS)
",1,0,0,0,2025-03-21,0022401014,0,1,ORL,2,1,-10,01:33,Off Short Mid-Range Miss,0,MISS Middleton 7' Driving Floating Jump Shot,,WAS,ORL,WAS,1610612764,2025,1347.0,1357.0,1352.0,203114|1629673|1630551|1642259|1642273,202709|203484|1628976|1631094|1641783,2024-25,311
415893,01:23,"MISS Middleton 7' Driving Floating Jump Shot
Sarr REBOUND (Off:1 Def:3)
Carter Jr. S.FOUL (P2.PN) (J.Goble)
Sarr Free Throw 1 of 2 (11 PTS)
Sarr Free Throw 2 of 2 (12 PTS)
",1,0,0,0,2025-03-21,0022401014,0,1,ORL,2,1,-10,01:33,Off Short Mid-Range Miss,0,Sarr REBOUND (Off:1 Def:3),,WAS,ORL,WAS,1610612764,2025,1347.0,1357.0,1352.0,203114|1629673|1630551|1642259|1642273,202709|203484|1628976|1631094|1641783,2024-25,311
415884,11:17,"Middleton 27' 3PT Jump Shot (3 PTS) (George 1 AST)
",0,0,1,1,2025-03-21,0022401014,0,0,ORL,1,0,-2,11:35,Off At Rim Make,0,Middleton 27' 3PT Jump Shot (3 PTS) (George 1 AST),,WAS,ORL,WAS,1610612764,2025,25.0,43.0,34.0,203114|1629673|1630551|1642259|1642273,202709|203484|1628976|1630532|1631094,2024-25,8
415894,01:23,"MISS Middleton 7' Driving Floating Jump Shot
Sarr REBOUND (Off:1 Def:3)
Carter Jr. S.FOUL (P2.PN) (J.Goble)
Sarr Free Throw 1 of 2 (11 PTS)
Sarr Free Throw 2 of 2 (12 PTS)
",1,0,0,0,2025-03-21,0022401014,0,1,ORL,2,1,-10,01:33,Off Short Mid-Range Miss,0,Carter Jr. S.FOUL (P2.PN) (J.Goble),,WAS,ORL,WAS,1610612764,2025,1347.0,1357.0,1352.0,203114|1629673|1630551|1642259|1642273,202709|203484|1628976|1631094|1641783,2024-25,311
415896,01:23,"MISS Middleton 7' Driving Floating Jump Shot
Sarr REBOUND (Off:1 Def:3)
Carter Jr. S.FOUL (P2.PN) (J.Goble)
Sarr Free Throw 1 of 2 (11 PTS)
Sarr Free Throw 2 of 2 (12 PTS)
",1,0,0,0,2025-03-21,0022401014,0,1,ORL,2,1,-10,01:33,Off Short Mid-Range Miss,0,Sarr Free Throw 2 of 2 (12 PTS),,WAS,ORL,WAS,1610612764,2025,1347.0,1357.0,1352.0,203114|1629673|1630551|1642259|1642273,202709|203484|1628976|1631094|1641783,2024-25,311
416029,09:01,"MISS Vukcevic 7' Driving Layup: Isaac BLOCK (1 BLK)
Black REBOUND (Off:1 Def:2)
",1,0,0,0,2025-03-21,0022401014,0,0,ORL,4,0,-30,09:13,Off Corner 3 Miss,0,MISS Vukcevic 7' Driving Layup: Isaac BLOCK (1 BLK),,WAS,ORL,WAS,1610612764,2025,2327.0,2339.0,2333.0,1630551|1641774|1642259|1642267|1642358,203914|1628371|1630532|1641710|1641783,2024-25,544
415887,00:32,"Poole 29' 3PT Pullup Jump Shot (13 PTS)
",0,0,1,1,2025-03-21,0022401014,0,0,ORL,2,0,-14,00:41,Off Arc 3 Make,0,Poole 29' 3PT Pullup Jump Shot (13 PTS),,WAS,ORL,WAS,1610612764,2025,1399.0,1408.0,1403.5,203114|1629673|1630551|1642259|1642273,202709|203484|1628976|1631094|1641783,2024-25,303
416031,09:36,"Harris S.FOUL (P1.T1) (J.Goble)
Champagnie Free Throw 1 of 2 (3 PTS)
MISS Champagnie Free Throw 2 of 2
Wagner REBOUND (Off:0 Def:8)
",0,0,0,0,2025-03-21,0022401014,0,0,ORL,4,1,-31,09:36,Off Arc 3 Miss,0,Harris S.FOUL (P1.T1) (J.Goble),,WAS,ORL,WAS,1610612764,2025,2304.0,2304.0,2304.0,1630551|1641774|1642259|1642267|1642358,203914|1628371|1630532|1641710|1641783,2024-25,574
416030,09:01,"MISS Vukcevic 7' Driving Layup: Isaac BLOCK (1 BLK)
Black REBOUND (Off:1 Def:2)
",1,0,0,0,2025-03-21,0022401014,0,0,ORL,4,0,-30,09:13,Off Corner 3 Miss,0,Black REBOUND (Off:1 Def:2),,WAS,ORL,WAS,1610612764,2025,2327.0,2339.0,2333.0,1630551|1641774|1642259|1642267|1642358,203914|1628371|1630532|1641710|1641783,2024-25,544
415859,03:13,"Black P.FOUL (P1.T3) (S.Mitchell)
Poole 30' 3PT Pullup Jump Shot (8 PTS)
",0,0,1,1,2025-03-21,0022401014,0,0,ORL,1,0,-4,03:29,Off Steal,0,Black P.FOUL (P1.T3) (S.Mitchell),,WAS,ORL,WAS,1610612764,2025,511.0,527.0,519.0,1629673|1630264|1630551|1641774|1642267,203484|1628976|1631094|1631216|1641710,2024-25,97
415895,01:23,"MISS Middleton 7' Driving Floating Jump Shot
Sarr REBOUND (Off:1 Def:3)
Carter Jr. S.FOUL (P2.PN) (J.Goble)
Sarr Free Throw 1 of 2 (11 PTS)
Sarr Free Throw 2 of 2 (12 PTS)
",1,0,0,0,2025-03-21,0022401014,0,1,ORL,2,1,-10,01:33,Off Short Mid-Range Miss,0,Sarr Free Throw 1 of 2 (11 PTS),,WAS,ORL,WAS,1610612764,2025,1347.0,1357.0,1352.0,203114|1629673|1630551|1642259|1642273,202709|203484|1628976|1631094|1641783,2024-25,311
416036,10:23,"MISS Carrington 26' 3PT Jump Shot
Wagner REBOUND (Off:0 Def:7)
",0,0,1,0,2025-03-21,0022401014,0,0,ORL,4,0,-31,10:38,Off Short Mid-Range Make,0,MISS Carrington 26' 3PT Jump Shot,,WAS,ORL,WAS,1610612764,2025,2242.0,2257.0,2249.5,1630264|1630551|1641774|1642267|1642358,203914|1628371|1630532|1641710|1641783,2024-25,563
415883,10:41,"George 27' 3PT Running Pull-Up Jump Shot (3 PTS)
",0,0,1,1,2025-03-21,0022401014,0,0,ORL,1,0,1,10:47,Off Arc 3 Miss,0,George 27' 3PT Running Pull-Up Jump Shot (3 PTS),,WAS,ORL,WAS,1610612764,2025,73.0,79.0,76.0,203114|1629673|1630551|1642259|1642273,202709|203484|1628976|1630532|1631094,2024-25,13
416034,09:36,"Harris S.FOUL (P1.T1) (J.Goble)
Champagnie Free Throw 1 of 2 (3 PTS)
MISS Champagnie Free Throw 2 of 2
Wagner REBOUND (Off:0 Def:8)
",0,0,0,0,2025-03-21,0022401014,0,0,ORL,4,1,-31,09:36,Off Arc 3 Miss,0,Wagner REBOUND (Off:0 Def:8),,WAS,ORL,WAS,1610612764,2025,2304.0,2304.0,2304.0,1630551|1641774|1642259|1642267|1642358,203914|1628371|1630532|1641710|1641783,2024-25,574
416033,09:36,"Harris S.FOUL (P1.T1) (J.Goble)
Champagnie Free Throw 1 of 2 (3 PTS)
MISS Champagnie Free Throw 2 of 2
Wagner REBOUND (Off:0 Def:8)
",0,0,0,0,2025-03-21,0022401014,0,0,ORL,4,1,-31,09:36,Off Arc 3 Miss,0,MISS Champagnie Free Throw 2 of 2,,WAS,ORL,WAS,1610612764,2025,2304.0,2304.0,2304.0,1630551|1641774|1642259|1642267|1642358,203914|1628371|1630532|1641710|1641783,2024-25,574
416032,09:36,"Harris S.FOUL (P1.T1) (J.Goble)
Champagnie Free Throw 1 of 2 (3 PTS)
MISS Champagnie Free Throw 2 of 2
Wagner REBOUND (Off:0 Def:8)
",0,0,0,0,2025-03-21,0022401014,0,0,ORL,4,1,-31,09:36,Off Arc 3 Miss,0,Champagnie Free Throw 1 of 2 (3 PTS),,WAS,ORL,WAS,1610612764,2025,2304.0,2304.0,2304.0,1630551|1641774|1642259|1642267|1642358,203914|1628371|1630532|1641710|1641783,2024-25,574
416035,09:50,"Carrington Lost Ball Turnover (P5.T15): Isaac STEAL (1 STL)
",0,0,0,0,2025-03-21,0022401014,0,0,ORL,4,0,-31,10:12,Off Short Mid-Range Miss,1,Carrington Lost Ball Turnover (P5.T15): Isaac STEAL (1 STL),,WAS,ORL,WAS,1610612764,2025,2268.0,2290.0,2279.0,1630264|1630551|1641774|1642267|1642358,203914|1628371|1630532|1641710|1641783,2024-25,493
416089,11:45,"George 1' Driving Layup (2 PTS)
",1,1,0,0,2025-03-22,0022401026,0,0,NYK,1,0,0,12:00,Off Dead Ball,0,George 1' Driving Layup (2 PTS),,NYK,WAS,WAS,1610612764,2025,0.0,15.0,7.5,1629673|1630551|1642259|1642267|1642273,1626157|1626166|1628384|1628404|1628969,2024-25,2
416077,08:45,"MISS George 25' 3PT Step Back Jump Shot
Hart REBOUND (Off:0 Def:3)
",0,0,1,0,2025-03-22,0022401026,0,0,NYK,1,0,-4,08:51,Off At Rim Make,0,Hart REBOUND (Off:0 Def:3),,NYK,WAS,WAS,1610612764,2025,189.0,195.0,192.0,1629673|1630551|1642259|1642267|1642273,1626157|1626166|1628384|1628404|1628969,2024-25,37
416076,08:45,"MISS George 25' 3PT Step Back Jump Shot
Hart REBOUND (Off:0 Def:3)
",0,0,1,0,2025-03-22,0022401026,0,0,NYK,1,0,-4,08:51,Off At Rim Make,0,MISS George 25' 3PT Step Back Jump Shot,,NYK,WAS,WAS,1610612764,2025,189.0,195.0,192.0,1629673|1630551|1642259|1642267|1642273,1626157|1626166|1628384|1628404|1628969,2024-25,37
416075,08:07,"Sarr 1' Driving Dunk (4 PTS) (Poole 2 AST)
",1,1,0,0,2025-03-22,0022401026,0,0,NYK,1,0,-6,08:27,Off Short Mid-Range Make,0,Sarr 1' Driving Dunk (4 PTS) (Poole 2 AST),,NYK,WAS,WAS,1610612764,2025,213.0,233.0,223.0,1629673|1630551|1642259|1642267|1642273,1626157|1626166|1628384|1628404|1628969,2024-25,41
416074,07:38,"MISS Sarr 26' 3PT Jump Shot
Payne REBOUND (Off:0 Def:3)
",0,0,1,0,2025-03-22,0022401026,0,0,NYK,1,0,-4,07:52,Off Short Mid-Range Miss,0,Payne REBOUND (Off:0 Def:3),,NYK,WAS,WAS,1610612764,2025,248.0,262.0,255.0,1629673|1630551|1642259|1642267|1642273,1626157|1626166|1628384|1628404|1628969,2024-25,54
416073,07:38,"MISS Sarr 26' 3PT Jump Shot
Payne REBOUND (Off:0 Def:3)
",0,0,1,0,2025-03-22,0022401026,0,0,NYK,1,0,-4,07:52,Off Short Mid-Range Miss,0,MISS Sarr 26' 3PT Jump Shot,,NYK,WAS,WAS,1610612764,2025,248.0,262.0,255.0,1629673|1630551|1642259|1642267|1642273,1626157|1626166|1628384|1628404|1628969,2024-25,54
416072,07:12,"Poole Driving Finger Roll Layup (2 PTS)
",1,1,0,0,2025-03-22,0022401026,0,0,NYK,1,0,-6,07:26,Off At Rim Make,0,Poole Driving Finger Roll Layup (2 PTS),,NYK,WAS,WAS,1610612764,2025,274.0,288.0,281.0,1629673|1630551|1642259|1642267|1642273,1626157|1626166|1628384|1628404|1628969,2024-25,60
416078,09:01,"MISS Sarr 25' 3PT Jump Shot
Payne REBOUND (Off:0 Def:2)
",0,0,1,0,2025-03-22,0022401026,0,0,NYK,1,0,-2,09:17,Off At Rim Make,0,MISS Sarr 25' 3PT Jump Shot,,NYK,WAS,WAS,1610612764,2025,163.0,179.0,171.0,1629673|1630551|1642259|1642267|1642273,1626157|1626166|1628384|1628404|1628969,2024-25,31
416071,06:24,"MISS George 20' Step Back Jump Shot
Hart REBOUND (Off:1 Def:4)
",1,0,0,0,2025-03-22,0022401026,0,0,NYK,1,0,-6,06:46,Off At Rim Make,0,Hart REBOUND (Off:1 Def:4),,NYK,WAS,WAS,1610612764,2025,314.0,336.0,325.0,1629673|1630551|1642259|1642267|1642273,1626157|1626166|1628384|1628404|1628969,2024-25,65
416070,06:24,"MISS George 20' Step Back Jump Shot
Hart REBOUND (Off:1 Def:4)
",1,0,0,0,2025-03-22,0022401026,0,0,NYK,1,0,-6,06:46,Off At Rim Make,0,MISS George 20' Step Back Jump Shot,,NYK,WAS,WAS,1610612764,2025,314.0,336.0,325.0,1629673|1630551|1642259|1642267|1642273,1626157|1626166|1628384|1628404|1628969,2024-25,65
416064,05:43,"Anunoby P.FOUL (P1.T1) (B.Taylor)
MISS Champagnie 25' 3PT Jump Shot
Wizards Rebound
Anunoby L.B.FOUL (P2.T2) (B.Taylor)
MISS Poole 25' 3PT Step Back Jump Shot
Bridges REBOUND (Off:0 Def:1)
",0,0,2,0,2025-03-22,0022401026,0,1,NYK,1,0,-8,06:18,Off Short Mid-Range Make,0,Anunoby P.FOUL (P1.T1) (B.Taylor),,NYK,WAS,WAS,1610612764,2025,342.0,377.0,359.5,1629673|1630551|1642259|1642267|1642273,1626157|1626166|1628384|1628404|1628969,2024-25,69
416067,05:43,"Anunoby P.FOUL (P1.T1) (B.Taylor)
MISS Champagnie 25' 3PT Jump Shot
Wizards Rebound
Anunoby L.B.FOUL (P2.T2) (B.Taylor)
MISS Poole 25' 3PT Step Back Jump Shot
Bridges REBOUND (Off:0 Def:1)
",0,0,2,0,2025-03-22,0022401026,0,1,NYK,1,0,-8,06:18,Off Short Mid-Range Make,0,Anunoby L.B.FOUL (P2.T2) (B.Taylor),,NYK,WAS,WAS,1610612764,2025,342.0,377.0,359.5,1629673|1630551|1642259|1642267|1642273,1626157|1626166|1628384|1628404|1628969,2024-25,69
416066,05:43,"Anunoby P.FOUL (P1.T1) (B.Taylor)
MISS Champagnie 25' 3PT Jump Shot
Wizards Rebound
Anunoby L.B.FOUL (P2.T2) (B.Taylor)
MISS Poole 25' 3PT Step Back Jump Shot
Bridges REBOUND (Off:0 Def:1)
",0,0,2,0,2025-03-22,0022401026,0,1,NYK,1,0,-8,06:18,Off Short Mid-Range Make,0,Wizards Rebound,,NYK,WAS,WAS,1610612764,2025,342.0,377.0,359.5,1629673|1630551|1642259|1642267|1642273,1626157|1626166|1628384|1628404|1628969,2024-25,69
416065,05:43,"Anunoby P.FOUL (P1.T1) (B.Taylor)
MISS Champagnie 25' 3PT Jump Shot
Wizards Rebound
Anunoby L.B.FOUL (P2.T2) (B.Taylor)
MISS Poole 25' 3PT Step Back Jump Shot
Bridges REBOUND (Off:0 Def:1)
",0,0,2,0,2025-03-22,0022401026,0,1,NYK,1,0,-8,06:18,Off Short Mid-Range Make,0,MISS Champagnie 25' 3PT Jump Shot,,NYK,WAS,WAS,1610612764,2025,342.0,377.0,359.5,1629673|1630551|1642259|1642267|1642273,1626157|1626166|1628384|1628404|1628969,2024-25,69
416063,05:31,"Champagnie Driving Layup (2 PTS) (Carrington 1 AST)
",1,1,0,0,2025-03-22,0022401026,0,0,NYK,1,0,-10,05:37,Off At Rim Make,0,Champagnie Driving Layup (2 PTS) (Carrington 1 AST),,NYK,WAS,WAS,1610612764,2025,383.0,389.0,386.0,203935|1629673|1630551|1642259|1642267,1626157|1626166|1628384|1628404|1628969,2024-25,73
416062,05:12,"Anunoby STEAL (1 STL): Poole Bad Pass Turnover (P1.T1)
",0,0,0,0,2025-03-22,0022401026,0,0,NYK,1,0,-8,05:14,Off Block,1,Anunoby STEAL (1 STL): Poole Bad Pass Turnover (P1.T1),,NYK,WAS,WAS,1610612764,2025,406.0,408.0,407.0,203935|1629673|1630551|1642259|1642267,1626157|1626166|1628384|1628404|1628969,2024-25,87
416061,04:55,"Champagnie 4' Hook Shot (4 PTS) (Smart 1 AST)
",1,1,0,0,2025-03-22,0022401026,0,0,NYK,1,0,-8,05:04,Off Arc 3 Miss,0,Champagnie 4' Hook Shot (4 PTS) (Smart 1 AST),,NYK,WAS,WAS,1610612764,2025,416.0,425.0,420.5,203935|1629673|1630551|1642259|1642267,1626157|1626166|1628384|1628404|1628969,2024-25,90
416060,04:25,"Robinson BLOCK (1 BLK): MISS Sarr 2' Hook Shot
Anunoby REBOUND (Off:0 Def:1)
",1,0,0,0,2025-03-22,0022401026,0,0,NYK,1,0,-9,04:42,Off Timeout,0,Anunoby REBOUND (Off:0 Def:1),,NYK,WAS,WAS,1610612764,2025,438.0,455.0,446.5,203935|1629673|1630551|1642259|1642358,1626166|1628384|1628404|1628969|1629011,2024-25,93
416059,04:25,"Robinson BLOCK (1 BLK): MISS Sarr 2' Hook Shot
Anunoby REBOUND (Off:0 Def:1)
",1,0,0,0,2025-03-22,0022401026,0,0,NYK,1,0,-9,04:42,Off Timeout,0,Robinson BLOCK (1 BLK): MISS Sarr 2' Hook Shot,,NYK,WAS,WAS,1610612764,2025,438.0,455.0,446.5,203935|1629673|1630551|1642259|1642358,1626166|1628384|1628404|1628969|1629011,2024-25,93
416069,05:43,"Anunoby P.FOUL (P1.T1) (B.Taylor)
MISS Champagnie 25' 3PT Jump Shot
Wizards Rebound
Anunoby L.B.FOUL (P2.T2) (B.Taylor)
MISS Poole 25' 3PT Step Back Jump Shot
Bridges REBOUND (Off:0 Def:1)
",0,0,2,0,2025-03-22,0022401026,0,1,NYK,1,0,-8,06:18,Off Short Mid-Range Make,0,Bridges REBOUND (Off:0 Def:1),,NYK,WAS,WAS,1610612764,2025,342.0,377.0,359.5,1629673|1630551|1642259|1642267|1642273,1626157|1626166|1628384|1628404|1628969,2024-25,69
416079,09:01,"MISS Sarr 25' 3PT Jump Shot
Payne REBOUND (Off:0 Def:2)
",0,0,1,0,2025-03-22,0022401026,0,0,NYK,1,0,-2,09:17,Off At Rim Make,0,Payne REBOUND (Off:0 Def:2),,NYK,WAS,WAS,1610612764,2025,163.0,179.0,171.0,1629673|1630551|1642259|1642267|1642273,1626157|1626166|1628384|1628404|1628969,2024-25,31
416068,05:43,"Anunoby P.FOUL (P1.T1) (B.Taylor)
MISS Champagnie 25' 3PT Jump Shot
Wizards Rebound
Anunoby L.B.FOUL (P2.T2) (B.Taylor)
MISS Poole 25' 3PT Step Back Jump Shot
Bridges REBOUND (Off:0 Def:1)
",0,0,2,0,2025-03-22,0022401026,0,1,NYK,1,0,-8,06:18,Off Short Mid-Range Make,0,MISS Poole 25' 3PT Step Back Jump Shot,,NYK,WAS,WAS,1610612764,2025,342.0,377.0,359.5,1629673|1630551|1642259|1642267|1642273,1626157|1626166|1628384|1628404|1628969,2024-25,69
416080,09:40,"Sarr Alley Oop Dunk (2 PTS) (Poole 1 AST)
",1,1,0,0,2025-03-22,0022401026,0,0,NYK,1,0,-2,09:51,Off Arc 3 Miss,0,Sarr Alley Oop Dunk (2 PTS) (Poole 1 AST),,NYK,WAS,WAS,1610612764,2025,129.0,140.0,134.5,1629673|1630551|1642259|1642267|1642273,1626157|1626166|1628384|1628404|1628969,2024-25,28
416054,03:10,"MISS Smart 25' 3PT Pullup Jump Shot
George REBOUND (Off:1 Def:1)
MISS George Putback Layup
Bridges REBOUND (Off:0 Def:2)
",1,0,1,0,2025-03-22,0022401026,0,1,NYK,1,0,-11,03:33,Off FT Make,0,George REBOUND (Off:1 Def:1),,NYK,WAS,WAS,1610612764,2025,507.0,530.0,518.5,203935|1626158|1642267|1642273|1642358,1626166|1628404|1628969|1629011|1629013,2024-25,97
416057,03:33,"Poole Lost Ball Turnover (P2.T2)
",0,0,0,0,2025-03-22,0022401026,0,0,NYK,1,0,-9,03:45,Off Arc 3 Miss,1,Poole Lost Ball Turnover (P2.T2),,NYK,WAS,WAS,1610612764,2025,495.0,507.0,501.0,203935|1629673|1630551|1642259|1642358,1626166|1628384|1628404|1628969|1629011,2024-25,102
416090,00:19,"MISS Sarr 12' Jump Shot
Towns REBOUND (Off:0 Def:4)
",1,0,0,0,2025-03-22,0022401026,0,0,NYK,2,0,-24,00:35,Off FT Make,0,MISS Sarr 12' Jump Shot,,NYK,WAS,WAS,1610612764,2025,1405.0,1421.0,1413.0,203935|1629673|1642259|1642267|1642273,1626157|1628404|1628969|1629011|1642278,2024-25,374
416053,03:10,"MISS Smart 25' 3PT Pullup Jump Shot
George REBOUND (Off:1 Def:1)
MISS George Putback Layup
Bridges REBOUND (Off:0 Def:2)
",1,0,1,0,2025-03-22,0022401026,0,1,NYK,1,0,-11,03:33,Off FT Make,0,MISS Smart 25' 3PT Pullup Jump Shot,,NYK,WAS,WAS,1610612764,2025,507.0,530.0,518.5,203935|1626158|1642267|1642273|1642358,1626166|1628404|1628969|1629011|1629013,2024-25,97
416052,02:39,"Shamet P.FOUL (P1.T3) (B.Taylor)
Robinson S.FOUL (P1.T4) (M.Dagher)
George Free Throw 1 of 2 (3 PTS)
George Free Throw 2 of 2 (4 PTS)
",0,0,0,0,2025-03-22,0022401026,0,0,NYK,1,1,-14,03:03,Off Corner 3 Make,0,George Free Throw 2 of 2 (4 PTS),,NYK,WAS,WAS,1610612764,2025,537.0,561.0,549.0,203935|1626158|1642267|1642273|1642358,1626166|1628404|1628969|1629011|1629013,2024-25,126
416051,02:39,"Shamet P.FOUL (P1.T3) (B.Taylor)
Robinson S.FOUL (P1.T4) (M.Dagher)
George Free Throw 1 of 2 (3 PTS)
George Free Throw 2 of 2 (4 PTS)
",0,0,0,0,2025-03-22,0022401026,0,0,NYK,1,1,-14,03:03,Off Corner 3 Make,0,George Free Throw 1 of 2 (3 PTS),,NYK,WAS,WAS,1610612764,2025,537.0,561.0,549.0,203935|1626158|1642267|1642273|1642358,1626166|1628404|1628969|1629011|1629013,2024-25,126
416050,02:39,"Shamet P.FOUL (P1.T3) (B.Taylor)
Robinson S.FOUL (P1.T4) (M.Dagher)
George Free Throw 1 of 2 (3 PTS)
George Free Throw 2 of 2 (4 PTS)
",0,0,0,0,2025-03-22,0022401026,0,0,NYK,1,1,-14,03:03,Off Corner 3 Make,0,Robinson S.FOUL (P1.T4) (M.Dagher),,NYK,WAS,WAS,1610612764,2025,537.0,561.0,549.0,203935|1626158|1642267|1642273|1642358,1626166|1628404|1628969|1629011|1629013,2024-25,126
416141,11:39,"MISS Smart 5' Running Finger Roll Layup
KNICKS Rebound
",1,0,0,0,2025-03-22,0022401026,0,0,NYK,2,0,-10,11:40,Off Short Mid-Range Miss,0,KNICKS Rebound,,NYK,WAS,WAS,1610612764,2025,740.0,741.0,740.5,203935|1626158|1642267|1642273|1642358,1626157|1628384|1629013|1630173|1642278,2024-25,165
416047,01:30,"George Out of Bounds - Bad Pass Turnover Turnover (P1.T3)
",0,0,0,0,2025-03-22,0022401026,0,0,NYK,1,0,-10,01:32,Off Corner 3 Miss,1,George Out of Bounds - Bad Pass Turnover Turnover (P1.T3),,NYK,WAS,WAS,1610612764,2025,628.0,630.0,629.0,203935|1626158|1642267|1642273|1642358,1626166|1628404|1628969|1629011|1629013,2024-25,163
416046,01:01,"MISS Johnson 2' Driving Layup
Holmes REBOUND (Off:1 Def:0)
MISS Holmes Tip Layup Shot
Shamet REBOUND (Off:0 Def:1)
",2,0,0,0,2025-03-22,0022401026,0,1,NYK,1,0,-10,01:13,Off Arc 3 Miss,0,Shamet REBOUND (Off:0 Def:1),,NYK,WAS,WAS,1610612764,2025,647.0,659.0,653.0,203935|1626158|1642267|1642273|1642358,1626166|1628404|1628969|1629011|1629013,2024-25,142
416045,01:01,"MISS Johnson 2' Driving Layup
Holmes REBOUND (Off:1 Def:0)
MISS Holmes Tip Layup Shot
Shamet REBOUND (Off:0 Def:1)
",2,0,0,0,2025-03-22,0022401026,0,1,NYK,1,0,-10,01:13,Off Arc 3 Miss,0,MISS Holmes Tip Layup Shot,,NYK,WAS,WAS,1610612764,2025,647.0,659.0,653.0,203935|1626158|1642267|1642273|1642358,1626166|1628404|1628969|1629011|1629013,2024-25,142
416044,01:01,"MISS Johnson 2' Driving Layup
Holmes REBOUND (Off:1 Def:0)
MISS Holmes Tip Layup Shot
Shamet REBOUND (Off:0 Def:1)
",2,0,0,0,2025-03-22,0022401026,0,1,NYK,1,0,-10,01:13,Off Arc 3 Miss,0,Holmes REBOUND (Off:1 Def:0),,NYK,WAS,WAS,1610612764,2025,647.0,659.0,653.0,203935|1626158|1642267|1642273|1642358,1626166|1628404|1628969|1629011|1629013,2024-25,142
416058,04:05,"Smart 26' 3PT Jump Shot (3 PTS) (Poole 3 AST)
",0,0,1,1,2025-03-22,0022401026,0,0,NYK,1,0,-12,04:17,Off Arc 3 Make,0,Smart 26' 3PT Jump Shot (3 PTS) (Poole 3 AST),,NYK,WAS,WAS,1610612764,2025,463.0,475.0,469.0,203935|1629673|1630551|1642259|1642358,1626166|1628384|1628404|1628969|1629011,2024-25,102
416043,01:01,"MISS Johnson 2' Driving Layup
Holmes REBOUND (Off:1 Def:0)
MISS Holmes Tip Layup Shot
Shamet REBOUND (Off:0 Def:1)
",2,0,0,0,2025-03-22,0022401026,0,1,NYK,1,0,-10,01:13,Off Arc 3 Miss,0,MISS Johnson 2' Driving Layup,,NYK,WAS,WAS,1610612764,2025,647.0,659.0,653.0,203935|1626158|1642267|1642273|1642358,1626166|1628404|1628969|1629011|1629013,2024-25,142
416041,00:32,"MISS Carrington 3PT Jump Shot
Robinson REBOUND (Off:0 Def:1)
",0,0,1,0,2025-03-22,0022401026,0,0,NYK,1,0,-10,00:51,Off Arc 3 Miss,0,MISS Carrington 3PT Jump Shot,,NYK,WAS,WAS,1610612764,2025,669.0,688.0,678.5,203935|1626158|1642267|1642273|1642358,1626166|1628404|1628969|1629011|1629013,2024-25,170
416040,00:00,"Carrington Driving Dunk (2 PTS)
",1,1,0,0,2025-03-22,0022401026,0,0,NYK,1,0,-12,00:07,Off Long Mid-Range Make,0,Carrington Driving Dunk (2 PTS),,NYK,WAS,WAS,1610612764,2025,713.0,720.0,716.5,203935|1626158|1642267|1642273|1642358,1626166|1628404|1628969|1629011|1629013,2024-25,153
416083,10:30,"Bridges BLOCK (1 BLK): MISS George 1' Driving Layup
Hart REBOUND (Off:0 Def:1)
",1,0,0,0,2025-03-22,0022401026,0,0,NYK,1,0,-1,10:43,Off Dead Ball,0,Bridges BLOCK (1 BLK): MISS George 1' Driving Layup,,NYK,WAS,WAS,1610612764,2025,77.0,90.0,83.5,1629673|1630551|1642259|1642267|1642273,1626157|1626166|1628384|1628404|1628969,2024-25,23
416084,10:30,"Bridges BLOCK (1 BLK): MISS George 1' Driving Layup
Hart REBOUND (Off:0 Def:1)
",1,0,0,0,2025-03-22,0022401026,0,0,NYK,1,0,-1,10:43,Off Dead Ball,0,Hart REBOUND (Off:0 Def:1),,NYK,WAS,WAS,1610612764,2025,77.0,90.0,83.5,1629673|1630551|1642259|1642267|1642273,1626157|1626166|1628384|1628404|1628969,2024-25,23
416085,10:51,"MISS Poole 29' 3PT Jump Shot
Payne REBOUND (Off:0 Def:1)
",0,0,1,0,2025-03-22,0022401026,0,0,NYK,1,0,-1,11:02,Off Arc 3 Miss,0,MISS Poole 29' 3PT Jump Shot,,NYK,WAS,WAS,1610612764,2025,58.0,69.0,63.5,1629673|1630551|1642259|1642267|1642273,1626157|1626166|1628384|1628404|1628969,2024-25,13
416086,10:51,"MISS Poole 29' 3PT Jump Shot
Payne REBOUND (Off:0 Def:1)
",0,0,1,0,2025-03-22,0022401026,0,0,NYK,1,0,-1,11:02,Off Arc 3 Miss,0,Payne REBOUND (Off:0 Def:1),,NYK,WAS,WAS,1610612764,2025,58.0,69.0,63.5,1629673|1630551|1642259|1642267|1642273,1626157|1626166|1628384|1628404|1628969,2024-25,13
416087,11:09,"MISS Carrington 3PT Jump Shot
Towns REBOUND (Off:0 Def:1)
",0,0,1,0,2025-03-22,0022401026,0,0,NYK,1,0,-1,11:26,Off Corner 3 Make,0,MISS Carrington 3PT Jump Shot,,NYK,WAS,WAS,1610612764,2025,34.0,51.0,42.5,1629673|1630551|1642259|1642267|1642273,1626157|1626166|1628384|1628404|1628969,2024-25,8
416088,11:09,"MISS Carrington 3PT Jump Shot
Towns REBOUND (Off:0 Def:1)
",0,0,1,0,2025-03-22,0022401026,0,0,NYK,1,0,-1,11:26,Off Corner 3 Make,0,Towns REBOUND (Off:0 Def:1),,NYK,WAS,WAS,1610612764,2025,34.0,51.0,42.5,1629673|1630551|1642259|1642267|1642273,1626157|1626166|1628384|1628404|1628969,2024-25,8
416055,03:10,"MISS Smart 25' 3PT Pullup Jump Shot
George REBOUND (Off:1 Def:1)
MISS George Putback Layup
Bridges REBOUND (Off:0 Def:2)
",1,0,1,0,2025-03-22,0022401026,0,1,NYK,1,0,-11,03:33,Off FT Make,0,MISS George Putback Layup,,NYK,WAS,WAS,1610612764,2025,507.0,530.0,518.5,203935|1626158|1642267|1642273|1642358,1626166|1628404|1628969|1629011|1629013,2024-25,97
416056,03:10,"MISS Smart 25' 3PT Pullup Jump Shot
George REBOUND (Off:1 Def:1)
MISS George Putback Layup
Bridges REBOUND (Off:0 Def:2)
",1,0,1,0,2025-03-22,0022401026,0,1,NYK,1,0,-11,03:33,Off FT Make,0,Bridges REBOUND (Off:0 Def:2),,NYK,WAS,WAS,1610612764,2025,507.0,530.0,518.5,203935|1626158|1642267|1642273|1642358,1626166|1628404|1628969|1629011|1629013,2024-25,97
416042,00:32,"MISS Carrington 3PT Jump Shot
Robinson REBOUND (Off:0 Def:1)
",0,0,1,0,2025-03-22,0022401026,0,0,NYK,1,0,-10,00:51,Off Arc 3 Miss,0,Robinson REBOUND (Off:0 Def:1),,NYK,WAS,WAS,1610612764,2025,669.0,688.0,678.5,203935|1626158|1642267|1642273|1642358,1626166|1628404|1628969|1629011|1629013,2024-25,170
416048,02:01,"George 1' Reverse Layup (6 PTS) (Smart 2 AST)
",1,1,0,0,2025-03-22,0022401026,0,0,NYK,1,0,-12,02:19,Off Corner 3 Miss,0,George 1' Reverse Layup (6 PTS) (Smart 2 AST),,NYK,WAS,WAS,1610612764,2025,581.0,599.0,590.0,203935|1626158|1642267|1642273|1642358,1626166|1628404|1628969|1629011|1629013,2024-25,135
416106,05:13,"MISS Carrington 26' 3PT Running Pull-Up Jump Shot
Wizards Rebound
MISS Sarr 27' 3PT Jump Shot
Smart REBOUND (Off:1 Def:2)
Poole 1' Driving Finger Roll Layup (6 PTS)
",1,1,2,0,2025-03-22,0022401026,0,2,NYK,2,0,-20,05:39,Off Steal,0,MISS Sarr 27' 3PT Jump Shot,,NYK,WAS,WAS,1610612764,2025,1101.0,1127.0,1114.0,203935|1629673|1630551|1642259|1642267,1626157|1628404|1628969|1630173|1642278,2024-25,232
416119,07:52,"Shamet P.FOUL (P3.T3) (M.Dagher)
Anunoby S.FOUL (P3.T4) (J.DeRosa)
Smart Free Throw 1 of 2 (4 PTS)
MISS Smart Free Throw 2 of 2
Achiuwa REBOUND (Off:0 Def:2)
",0,0,0,0,2025-03-22,0022401026,0,0,NYK,2,1,-14,08:08,Off Dead Ball,0,Anunoby S.FOUL (P3.T4) (J.DeRosa),,NYK,WAS,WAS,1610612764,2025,952.0,968.0,960.0,203935|1626158|1630551|1642267|1642358,1626157|1628384|1629013|1630173|1642278,2024-25,215
416094,02:02,"MISS Champagnie 1' Cutting Layup Shot
Hart REBOUND (Off:2 Def:7)
",1,0,0,0,2025-03-22,0022401026,0,0,NYK,2,0,-23,02:12,Off Short Mid-Range Make,0,MISS Champagnie 1' Cutting Layup Shot,,NYK,WAS,WAS,1610612764,2025,1308.0,1318.0,1313.0,1629673|1630551|1642259|1642267|1642273,1626157|1628404|1628969|1629011|1642278,2024-25,329
416095,02:02,"MISS Champagnie 1' Cutting Layup Shot
Hart REBOUND (Off:2 Def:7)
",1,0,0,0,2025-03-22,0022401026,0,0,NYK,2,0,-23,02:12,Off Short Mid-Range Make,0,Hart REBOUND (Off:2 Def:7),,NYK,WAS,WAS,1610612764,2025,1308.0,1318.0,1313.0,1629673|1630551|1642259|1642267|1642273,1626157|1628404|1628969|1629011|1642278,2024-25,329
416097,03:05,"Poole 1' Running Layup (10 PTS)
",1,1,0,0,2025-03-22,0022401026,0,0,NYK,2,0,-23,03:06,Off At Rim Miss,0,Poole 1' Running Layup (10 PTS),,NYK,WAS,WAS,1610612764,2025,1254.0,1255.0,1254.5,1629673|1630551|1642259|1642267|1642273,1628404|1628969|1629011|1630173|1642278,2024-25,317
416098,03:30,"Kolek P.FOUL (P2.PN) (B.Taylor)
Poole Free Throw 1 of 2 (7 PTS)
Poole Free Throw 2 of 2 (8 PTS)
",0,0,0,0,2025-03-22,0022401026,1,0,NYK,2,0,-25,03:41,Off Timeout,0,Kolek P.FOUL (P2.PN) (B.Taylor),,NYK,WAS,WAS,1610612764,2025,1219.0,1230.0,1224.5,1629673|1630551|1642259|1642267|1642273,1628404|1628969|1629011|1630173|1642278,2024-25,277
416099,03:30,"Kolek P.FOUL (P2.PN) (B.Taylor)
Poole Free Throw 1 of 2 (7 PTS)
Poole Free Throw 2 of 2 (8 PTS)
",0,0,0,0,2025-03-22,0022401026,1,0,NYK,2,0,-25,03:41,Off Timeout,0,Poole Free Throw 1 of 2 (7 PTS),,NYK,WAS,WAS,1610612764,2025,1219.0,1230.0,1224.5,1629673|1630551|1642259|1642267|1642273,1628404|1628969|1629011|1630173|1642278,2024-25,277
416100,03:30,"Kolek P.FOUL (P2.PN) (B.Taylor)
Poole Free Throw 1 of 2 (7 PTS)
Poole Free Throw 2 of 2 (8 PTS)
",0,0,0,0,2025-03-22,0022401026,1,0,NYK,2,0,-25,03:41,Off Timeout,0,Poole Free Throw 2 of 2 (8 PTS),,NYK,WAS,WAS,1610612764,2025,1219.0,1230.0,1224.5,1629673|1630551|1642259|1642267|1642273,1628404|1628969|1629011|1630173|1642278,2024-25,277
416101,03:48,"Bridges STEAL (2 STL): George Lost Ball Turnover (P3.T10)
",0,0,0,0,2025-03-22,0022401026,0,0,NYK,2,0,-23,03:49,Off Steal,1,Bridges STEAL (2 STL): George Lost Ball Turnover (P3.T10),,NYK,WAS,WAS,1610612764,2025,1211.0,1212.0,1211.5,1629673|1630551|1642259|1642267|1642273,1628404|1628969|1629011|1630173|1642278,2024-25,275
416102,04:12,"Poole Traveling Turnover (P3.T9)
",0,0,0,0,2025-03-22,0022401026,0,0,NYK,2,0,-23,04:24,Off Long Mid-Range Make,1,Poole Traveling Turnover (P3.T9),,NYK,WAS,WAS,1610612764,2025,1176.0,1188.0,1182.0,1629673|1630551|1642259|1642267|1642273,1628404|1628969|1629011|1630173|1642278,2024-25,268
416103,04:36,"Sarr Out of Bounds - Bad Pass Turnover Turnover (P2.T8)
",0,0,0,0,2025-03-22,0022401026,0,0,NYK,2,0,-21,04:50,Off Arc 3 Make,1,Sarr Out of Bounds - Bad Pass Turnover Turnover (P2.T8),,NYK,WAS,WAS,1610612764,2025,1150.0,1164.0,1157.0,203935|1629673|1630551|1642259|1642267,1626157|1628404|1628969|1630173|1642278,2024-25,313
416096,02:33,"George Driving Layup (10 PTS) (Sarr 1 AST)
",1,1,0,0,2025-03-22,0022401026,0,0,NYK,2,0,-23,02:48,Off At Rim Make,0,George Driving Layup (10 PTS) (Sarr 1 AST),,NYK,WAS,WAS,1610612764,2025,1272.0,1287.0,1279.5,1629673|1630551|1642259|1642267|1642273,1628404|1628969|1629011|1630173|1642278,2024-25,290
416105,05:13,"MISS Carrington 26' 3PT Running Pull-Up Jump Shot
Wizards Rebound
MISS Sarr 27' 3PT Jump Shot
Smart REBOUND (Off:1 Def:2)
Poole 1' Driving Finger Roll Layup (6 PTS)
",1,1,2,0,2025-03-22,0022401026,0,2,NYK,2,0,-20,05:39,Off Steal,0,Wizards Rebound,,NYK,WAS,WAS,1610612764,2025,1101.0,1127.0,1114.0,203935|1629673|1630551|1642259|1642267,1626157|1628404|1628969|1630173|1642278,2024-25,232
416114,06:28,"Towns S.FOUL (P1.PN) (J.DeRosa)
Poole Free Throw 1 of 2 (3 PTS)
Poole Free Throw 2 of 2 (4 PTS)
",0,0,0,0,2025-03-22,0022401026,0,0,NYK,2,1,-22,06:49,Off Arc 3 Make,0,Poole Free Throw 2 of 2 (4 PTS),,NYK,WAS,WAS,1610612764,2025,1031.0,1052.0,1041.5,203935|1629673|1630551|1642259|1642267,1626157|1628404|1628969|1630173|1642278,2024-25,240
416104,05:13,"MISS Carrington 26' 3PT Running Pull-Up Jump Shot
Wizards Rebound
MISS Sarr 27' 3PT Jump Shot
Smart REBOUND (Off:1 Def:2)
Poole 1' Driving Finger Roll Layup (6 PTS)
",1,1,2,0,2025-03-22,0022401026,0,2,NYK,2,0,-20,05:39,Off Steal,0,MISS Carrington 26' 3PT Running Pull-Up Jump Shot,,NYK,WAS,WAS,1610612764,2025,1101.0,1127.0,1114.0,203935|1629673|1630551|1642259|1642267,1626157|1628404|1628969|1630173|1642278,2024-25,232
416113,06:28,"Towns S.FOUL (P1.PN) (J.DeRosa)
Poole Free Throw 1 of 2 (3 PTS)
Poole Free Throw 2 of 2 (4 PTS)
",0,0,0,0,2025-03-22,0022401026,0,0,NYK,2,1,-22,06:49,Off Arc 3 Make,0,Poole Free Throw 1 of 2 (3 PTS),,NYK,WAS,WAS,1610612764,2025,1031.0,1052.0,1041.5,203935|1629673|1630551|1642259|1642267,1626157|1628404|1628969|1630173|1642278,2024-25,240
416111,06:01,"Kolek STEAL (3 STL): Sarr Lost Ball Turnover (P1.T7)
",0,0,0,0,2025-03-22,0022401026,0,0,NYK,2,0,-20,06:14,Off Dead Ball,1,Kolek STEAL (3 STL): Sarr Lost Ball Turnover (P1.T7),,NYK,WAS,WAS,1610612764,2025,1066.0,1079.0,1072.5,203935|1629673|1630551|1642259|1642267,1626157|1628404|1628969|1630173|1642278,2024-25,259
416112,06:28,"Towns S.FOUL (P1.PN) (J.DeRosa)
Poole Free Throw 1 of 2 (3 PTS)
Poole Free Throw 2 of 2 (4 PTS)
",0,0,0,0,2025-03-22,0022401026,0,0,NYK,2,1,-22,06:49,Off Arc 3 Make,0,Towns S.FOUL (P1.PN) (J.DeRosa),,NYK,WAS,WAS,1610612764,2025,1031.0,1052.0,1041.5,203935|1629673|1630551|1642259|1642267,1626157|1628404|1628969|1630173|1642278,2024-25,240
416109,05:41,"MISS Poole 26' 3PT Step Back Jump Shot
Hart REBOUND (Off:1 Def:6)
",0,0,1,0,2025-03-22,0022401026,0,0,NYK,2,0,-20,05:52,Off Steal,0,MISS Poole 26' 3PT Step Back Jump Shot,,NYK,WAS,WAS,1610612764,2025,1088.0,1099.0,1093.5,203935|1629673|1630551|1642259|1642267,1626157|1628404|1628969|1630173|1642278,2024-25,251
416108,05:13,"MISS Carrington 26' 3PT Running Pull-Up Jump Shot
Wizards Rebound
MISS Sarr 27' 3PT Jump Shot
Smart REBOUND (Off:1 Def:2)
Poole 1' Driving Finger Roll Layup (6 PTS)
",1,1,2,0,2025-03-22,0022401026,0,2,NYK,2,0,-20,05:39,Off Steal,0,Poole 1' Driving Finger Roll Layup (6 PTS),,NYK,WAS,WAS,1610612764,2025,1101.0,1127.0,1114.0,203935|1629673|1630551|1642259|1642267,1626157|1628404|1628969|1630173|1642278,2024-25,232
416107,05:13,"MISS Carrington 26' 3PT Running Pull-Up Jump Shot
Wizards Rebound
MISS Sarr 27' 3PT Jump Shot
Smart REBOUND (Off:1 Def:2)
Poole 1' Driving Finger Roll Layup (6 PTS)
",1,1,2,0,2025-03-22,0022401026,0,2,NYK,2,0,-20,05:39,Off Steal,0,Smart REBOUND (Off:1 Def:2),,NYK,WAS,WAS,1610612764,2025,1101.0,1127.0,1114.0,203935|1629673|1630551|1642259|1642267,1626157|1628404|1628969|1630173|1642278,2024-25,232
416140,11:39,"MISS Smart 5' Running Finger Roll Layup
KNICKS Rebound
",1,0,0,0,2025-03-22,0022401026,0,0,NYK,2,0,-10,11:40,Off Short Mid-Range Miss,0,MISS Smart 5' Running Finger Roll Layup,,NYK,WAS,WAS,1610612764,2025,740.0,741.0,740.5,203935|1626158|1642267|1642273|1642358,1626157|1628384|1629013|1630173|1642278,2024-25,165
416110,05:41,"MISS Poole 26' 3PT Step Back Jump Shot
Hart REBOUND (Off:1 Def:6)
",0,0,1,0,2025-03-22,0022401026,0,0,NYK,2,0,-20,05:52,Off Steal,0,Hart REBOUND (Off:1 Def:6),,NYK,WAS,WAS,1610612764,2025,1088.0,1099.0,1093.5,203935|1629673|1630551|1642259|1642267,1626157|1628404|1628969|1630173|1642278,2024-25,251
416093,01:26,"George 25' 3PT Step Back Jump Shot (13 PTS)
",0,0,1,1,2025-03-22,0022401026,0,0,NYK,2,0,-25,01:53,Off Long Mid-Range Make,0,George 25' 3PT Step Back Jump Shot (13 PTS),,NYK,WAS,WAS,1610612764,2025,1327.0,1354.0,1340.5,1629673|1630551|1642259|1642267|1642273,1626157|1628404|1628969|1629011|1642278,2024-25,304
416116,07:10,"MISS Johnson 29' 3PT Pullup Jump Shot
Hart REBOUND (Off:1 Def:5)
",0,0,1,0,2025-03-22,0022401026,0,0,NYK,2,0,-16,07:31,Off Arc 3 Make,0,MISS Johnson 29' 3PT Pullup Jump Shot,,NYK,WAS,WAS,1610612764,2025,989.0,1010.0,999.5,203935|1630551|1642259|1642267|1642358,1626157|1628404|1628969|1630173|1642278,2024-25,242
416115,06:57,"Bridges STEAL (1 STL): Smart Bad Pass Turnover (P2.T6)
",0,0,0,0,2025-03-22,0022401026,0,0,NYK,2,0,-19,07:05,Off Timeout,1,Bridges STEAL (1 STL): Smart Bad Pass Turnover (P2.T6),,NYK,WAS,WAS,1610612764,2025,1015.0,1023.0,1019.0,203935|1629673|1630551|1642259|1642267,1626157|1628404|1628969|1630173|1642278,2024-25,230
416133,10:32,"Kolek STEAL (2 STL): George Bad Pass Turnover (P2.T5)
",0,0,0,0,2025-03-22,0022401026,0,0,NYK,2,0,-10,10:38,Off Arc 3 Miss,1,Kolek STEAL (2 STL): George Bad Pass Turnover (P2.T5),,NYK,WAS,WAS,1610612764,2025,802.0,808.0,805.0,203935|1626158|1642267|1642273|1642358,1626157|1628384|1629013|1630173|1642278,2024-25,211
416120,07:52,"Shamet P.FOUL (P3.T3) (M.Dagher)
Anunoby S.FOUL (P3.T4) (J.DeRosa)
Smart Free Throw 1 of 2 (4 PTS)
MISS Smart Free Throw 2 of 2
Achiuwa REBOUND (Off:0 Def:2)
",0,0,0,0,2025-03-22,0022401026,0,0,NYK,2,1,-14,08:08,Off Dead Ball,0,Smart Free Throw 1 of 2 (4 PTS),,NYK,WAS,WAS,1610612764,2025,952.0,968.0,960.0,203935|1626158|1630551|1642267|1642358,1626157|1628384|1629013|1630173|1642278,2024-25,215
416121,07:52,"Shamet P.FOUL (P3.T3) (M.Dagher)
Anunoby S.FOUL (P3.T4) (J.DeRosa)
Smart Free Throw 1 of 2 (4 PTS)
MISS Smart Free Throw 2 of 2
Achiuwa REBOUND (Off:0 Def:2)
",0,0,0,0,2025-03-22,0022401026,0,0,NYK,2,1,-14,08:08,Off Dead Ball,0,MISS Smart Free Throw 2 of 2,,NYK,WAS,WAS,1610612764,2025,952.0,968.0,960.0,203935|1626158|1630551|1642267|1642358,1626157|1628384|1629013|1630173|1642278,2024-25,215
416122,07:52,"Shamet P.FOUL (P3.T3) (M.Dagher)
Anunoby S.FOUL (P3.T4) (J.DeRosa)
Smart Free Throw 1 of 2 (4 PTS)
MISS Smart Free Throw 2 of 2
Achiuwa REBOUND (Off:0 Def:2)
",0,0,0,0,2025-03-22,0022401026,0,0,NYK,2,1,-14,08:08,Off Dead Ball,0,Achiuwa REBOUND (Off:0 Def:2),,NYK,WAS,WAS,1610612764,2025,952.0,968.0,960.0,203935|1626158|1630551|1642267|1642358,1626157|1628384|1629013|1630173|1642278,2024-25,215
416123,08:16,"MISS George 25' 3PT Pullup Jump Shot
Towns REBOUND (Off:0 Def:3)
",0,0,1,0,2025-03-22,0022401026,0,0,NYK,2,0,-14,08:31,Off Arc 3 Make,0,MISS George 25' 3PT Pullup Jump Shot,,NYK,WAS,WAS,1610612764,2025,929.0,944.0,936.5,203935|1626158|1642267|1642273|1642358,1626157|1628384|1629013|1630173|1642278,2024-25,239
416124,08:16,"MISS George 25' 3PT Pullup Jump Shot
Towns REBOUND (Off:0 Def:3)
",0,0,1,0,2025-03-22,0022401026,0,0,NYK,2,0,-14,08:31,Off Arc 3 Make,0,Towns REBOUND (Off:0 Def:3),,NYK,WAS,WAS,1610612764,2025,929.0,944.0,936.5,203935|1626158|1642267|1642273|1642358,1626157|1628384|1629013|1630173|1642278,2024-25,239
416125,08:36,"Towns BLOCK (1 BLK): MISS George 2' Driving Layup
Towns REBOUND (Off:0 Def:2)
",1,0,0,0,2025-03-22,0022401026,0,0,NYK,2,0,-11,08:56,Off Corner 3 Make,0,Towns BLOCK (1 BLK): MISS George 2' Driving Layup,,NYK,WAS,WAS,1610612764,2025,904.0,924.0,914.0,203935|1626158|1642267|1642273|1642358,1626157|1628384|1629013|1630173|1642278,2024-25,206
416126,08:36,"Towns BLOCK (1 BLK): MISS George 2' Driving Layup
Towns REBOUND (Off:0 Def:2)
",1,0,0,0,2025-03-22,0022401026,0,0,NYK,2,0,-11,08:56,Off Corner 3 Make,0,Towns REBOUND (Off:0 Def:2),,NYK,WAS,WAS,1610612764,2025,904.0,924.0,914.0,203935|1626158|1642267|1642273|1642358,1626157|1628384|1629013|1630173|1642278,2024-25,206
416127,09:22,"Carrington 4' Running Layup (4 PTS) (George 1 AST)
",1,1,0,0,2025-03-22,0022401026,0,0,NYK,2,0,-10,09:29,Off Steal,0,Carrington 4' Running Layup (4 PTS) (George 1 AST),,NYK,WAS,WAS,1610612764,2025,871.0,878.0,874.5,203935|1626158|1642267|1642273|1642358,1626157|1628384|1629013|1630173|1642278,2024-25,197
416128,09:41,"MISS Holmes 2' Layup
KNICKS Rebound
",1,0,0,0,2025-03-22,0022401026,0,0,NYK,2,0,-10,09:58,Off At Rim Make,0,MISS Holmes 2' Layup,,NYK,WAS,WAS,1610612764,2025,842.0,859.0,850.5,203935|1626158|1642267|1642273|1642358,1626157|1628384|1629013|1630173|1642278,2024-25,192
416129,09:41,"MISS Holmes 2' Layup
KNICKS Rebound
",1,0,0,0,2025-03-22,0022401026,0,0,NYK,2,0,-10,09:58,Off At Rim Make,0,KNICKS Rebound,,NYK,WAS,WAS,1610612764,2025,842.0,859.0,850.5,203935|1626158|1642267|1642273|1642358,1626157|1628384|1629013|1630173|1642278,2024-25,192
416092,00:54,"Poole 2' Driving Layup (12 PTS)
",1,1,0,0,2025-03-22,0022401026,0,0,NYK,2,0,-24,01:08,Off At Rim Make,0,Poole 2' Driving Layup (12 PTS),,NYK,WAS,WAS,1610612764,2025,1372.0,1386.0,1379.0,1629673|1630551|1642259|1642267|1642273,1626157|1628404|1628969|1629011|1642278,2024-25,311
416130,10:20,"Shamet S.FOUL (P2.T2) (J.DeRosa)
George Free Throw 1 of 2 (7 PTS)
George Free Throw 2 of 2 (8 PTS)
",0,0,0,0,2025-03-22,0022401026,0,0,NYK,2,1,-10,10:28,Off At Rim Miss,0,Shamet S.FOUL (P2.T2) (J.DeRosa),,NYK,WAS,WAS,1610612764,2025,812.0,820.0,816.0,203935|1626158|1642267|1642273|1642358,1626157|1628384|1629013|1630173|1642278,2024-25,185
416132,10:20,"Shamet S.FOUL (P2.T2) (J.DeRosa)
George Free Throw 1 of 2 (7 PTS)
George Free Throw 2 of 2 (8 PTS)
",0,0,0,0,2025-03-22,0022401026,0,0,NYK,2,1,-10,10:28,Off At Rim Miss,0,George Free Throw 2 of 2 (8 PTS),,NYK,WAS,WAS,1610612764,2025,812.0,820.0,816.0,203935|1626158|1642267|1642273|1642358,1626157|1628384|1629013|1630173|1642278,2024-25,185
416091,00:19,"MISS Sarr 12' Jump Shot
Towns REBOUND (Off:0 Def:4)
",1,0,0,0,2025-03-22,0022401026,0,0,NYK,2,0,-24,00:35,Off FT Make,0,Towns REBOUND (Off:0 Def:4),,NYK,WAS,WAS,1610612764,2025,1405.0,1421.0,1413.0,203935|1629673|1642259|1642267|1642273,1626157|1628404|1628969|1629011|1642278,2024-25,374
416134,10:54,"Kolek S.FOUL (P1.T1) (B.Taylor)
MISS George Free Throw 1 of 2
Wizards Rebound
MISS George Free Throw 2 of 2
Achiuwa REBOUND (Off:0 Def:1)
",0,0,0,0,2025-03-22,0022401026,0,0,NYK,2,1,-10,11:02,Off Arc 3 Miss,0,Kolek S.FOUL (P1.T1) (B.Taylor),,NYK,WAS,WAS,1610612764,2025,778.0,786.0,782.0,203935|1626158|1642267|1642273|1642358,1626157|1628384|1629013|1630173|1642278,2024-25,174
416135,10:54,"Kolek S.FOUL (P1.T1) (B.Taylor)
MISS George Free Throw 1 of 2
Wizards Rebound
MISS George Free Throw 2 of 2
Achiuwa REBOUND (Off:0 Def:1)
",0,0,0,0,2025-03-22,0022401026,0,0,NYK,2,1,-10,11:02,Off Arc 3 Miss,0,MISS George Free Throw 1 of 2,,NYK,WAS,WAS,1610612764,2025,778.0,786.0,782.0,203935|1626158|1642267|1642273|1642358,1626157|1628384|1629013|1630173|1642278,2024-25,174
416136,10:54,"Kolek S.FOUL (P1.T1) (B.Taylor)
MISS George Free Throw 1 of 2
Wizards Rebound
MISS George Free Throw 2 of 2
Achiuwa REBOUND (Off:0 Def:1)
",0,0,0,0,2025-03-22,0022401026,0,0,NYK,2,1,-10,11:02,Off Arc 3 Miss,0,Wizards Rebound,,NYK,WAS,WAS,1610612764,2025,778.0,786.0,782.0,203935|1626158|1642267|1642273|1642358,1626157|1628384|1629013|1630173|1642278,2024-25,174
416137,10:54,"Kolek S.FOUL (P1.T1) (B.Taylor)
MISS George Free Throw 1 of 2
Wizards Rebound
MISS George Free Throw 2 of 2
Achiuwa REBOUND (Off:0 Def:1)
",0,0,0,0,2025-03-22,0022401026,0,0,NYK,2,1,-10,11:02,Off Arc 3 Miss,0,MISS George Free Throw 2 of 2,,NYK,WAS,WAS,1610612764,2025,778.0,786.0,782.0,203935|1626158|1642267|1642273|1642358,1626157|1628384|1629013|1630173|1642278,2024-25,174
416138,10:54,"Kolek S.FOUL (P1.T1) (B.Taylor)
MISS George Free Throw 1 of 2
Wizards Rebound
MISS George Free Throw 2 of 2
Achiuwa REBOUND (Off:0 Def:1)
",0,0,0,0,2025-03-22,0022401026,0,0,NYK,2,1,-10,11:02,Off Arc 3 Miss,0,Achiuwa REBOUND (Off:0 Def:1),,NYK,WAS,WAS,1610612764,2025,778.0,786.0,782.0,203935|1626158|1642267|1642273|1642358,1626157|1628384|1629013|1630173|1642278,2024-25,174
416139,11:09,"Kolek STEAL (1 STL): Smart Bad Pass Turnover (P1.T4)
",0,0,0,0,2025-03-22,0022401026,0,0,NYK,2,0,-10,11:17,Off Arc 3 Miss,1,Kolek STEAL (1 STL): Smart Bad Pass Turnover (P1.T4),,NYK,WAS,WAS,1610612764,2025,763.0,771.0,767.0,203935|1626158|1642267|1642273|1642358,1626157|1628384|1629013|1630173|1642278,2024-25,196
416118,07:52,"Shamet P.FOUL (P3.T3) (M.Dagher)
Anunoby S.FOUL (P3.T4) (J.DeRosa)
Smart Free Throw 1 of 2 (4 PTS)
MISS Smart Free Throw 2 of 2
Achiuwa REBOUND (Off:0 Def:2)
",0,0,0,0,2025-03-22,0022401026,0,0,NYK,2,1,-14,08:08,Off Dead Ball,0,Shamet P.FOUL (P3.T3) (M.Dagher),,NYK,WAS,WAS,1610612764,2025,952.0,968.0,960.0,203935|1626158|1630551|1642267|1642358,1626157|1628384|1629013|1630173|1642278,2024-25,215
416117,07:10,"MISS Johnson 29' 3PT Pullup Jump Shot
Hart REBOUND (Off:1 Def:5)
",0,0,1,0,2025-03-22,0022401026,0,0,NYK,2,0,-16,07:31,Off Arc 3 Make,0,Hart REBOUND (Off:1 Def:5),,NYK,WAS,WAS,1610612764,2025,989.0,1010.0,999.5,203935|1630551|1642259|1642267|1642358,1626157|1628404|1628969|1630173|1642278,2024-25,242
416131,10:20,"Shamet S.FOUL (P2.T2) (J.DeRosa)
George Free Throw 1 of 2 (7 PTS)
George Free Throw 2 of 2 (8 PTS)
",0,0,0,0,2025-03-22,0022401026,0,0,NYK,2,1,-10,10:28,Off At Rim Miss,0,George Free Throw 1 of 2 (7 PTS),,NYK,WAS,WAS,1610612764,2025,812.0,820.0,816.0,203935|1626158|1642267|1642273|1642358,1626157|1628384|1629013|1630173|1642278,2024-25,185
416157,03:49,"MISS Poole 26' 3PT Jump Shot
Hart REBOUND (Off:3 Def:9)
",0,0,1,0,2025-03-22,0022401026,0,0,NYK,3,0,-23,04:02,Off Dead Ball,0,Hart REBOUND (Off:3 Def:9),,NYK,WAS,WAS,1610612764,2025,1918.0,1931.0,1924.5,203935|1629673|1642259|1642267|1642358,1626166|1628384|1628404|1628969|1629011,2024-25,431
416049,02:39,"Shamet P.FOUL (P1.T3) (B.Taylor)
Robinson S.FOUL (P1.T4) (M.Dagher)
George Free Throw 1 of 2 (3 PTS)
George Free Throw 2 of 2 (4 PTS)
",0,0,0,0,2025-03-22,0022401026,0,0,NYK,1,1,-14,03:03,Off Corner 3 Make,0,Shamet P.FOUL (P1.T3) (B.Taylor),,NYK,WAS,WAS,1610612764,2025,537.0,561.0,549.0,203935|1626158|1642267|1642273|1642358,1626166|1628404|1628969|1629011|1629013,2024-25,126
416205,03:35,"Towns S.FOUL (P2.T2) (M.Dagher)
Johnson Free Throw 1 of 2 (9 PTS)
MISS Johnson Free Throw 2 of 2
Towns REBOUND (Off:0 Def:11)
",0,0,0,0,2025-03-22,0022401026,0,0,NYK,4,1,-17,03:46,Off Timeout,0,MISS Johnson Free Throw 2 of 2,,NYK,WAS,WAS,1610612764,2025,2654.0,2665.0,2659.5,1630264|1641732|1641774|1641798|1642358,1626157|1626166|1628384|1628404|1628969,2024-25,634
416145,01:28,"Smart 10' Floating Jump Shot (6 PTS) (Holmes 2 AST)
Hart S.FOUL (P2.T3) (M.Dagher)
MISS Smart Free Throw 1 of 1
Jones REBOUND (Off:1 Def:1)
Jones Tip Dunk Shot (2 PTS)
",2,2,0,0,2025-03-22,0022401026,0,1,NYK,3,1,-22,01:46,Off At Rim Make,0,Smart 10' Floating Jump Shot (6 PTS) (Holmes 2 AST),,NYK,WAS,WAS,1610612764,2025,2054.0,2072.0,2063.0,203935|1626158|1630264|1641732|1642358,1626157|1628404|1629011|1629013|1642278,2024-25,475
416146,01:28,"Smart 10' Floating Jump Shot (6 PTS) (Holmes 2 AST)
Hart S.FOUL (P2.T3) (M.Dagher)
MISS Smart Free Throw 1 of 1
Jones REBOUND (Off:1 Def:1)
Jones Tip Dunk Shot (2 PTS)
",2,2,0,0,2025-03-22,0022401026,0,1,NYK,3,1,-22,01:46,Off At Rim Make,0,Hart S.FOUL (P2.T3) (M.Dagher),,NYK,WAS,WAS,1610612764,2025,2054.0,2072.0,2063.0,203935|1626158|1630264|1641732|1642358,1626157|1628404|1629011|1629013|1642278,2024-25,475
416147,01:28,"Smart 10' Floating Jump Shot (6 PTS) (Holmes 2 AST)
Hart S.FOUL (P2.T3) (M.Dagher)
MISS Smart Free Throw 1 of 1
Jones REBOUND (Off:1 Def:1)
Jones Tip Dunk Shot (2 PTS)
",2,2,0,0,2025-03-22,0022401026,0,1,NYK,3,1,-22,01:46,Off At Rim Make,0,MISS Smart Free Throw 1 of 1,,NYK,WAS,WAS,1610612764,2025,2054.0,2072.0,2063.0,203935|1626158|1630264|1641732|1642358,1626157|1628404|1629011|1629013|1642278,2024-25,475
416148,01:28,"Smart 10' Floating Jump Shot (6 PTS) (Holmes 2 AST)
Hart S.FOUL (P2.T3) (M.Dagher)
MISS Smart Free Throw 1 of 1
Jones REBOUND (Off:1 Def:1)
Jones Tip Dunk Shot (2 PTS)
",2,2,0,0,2025-03-22,0022401026,0,1,NYK,3,1,-22,01:46,Off At Rim Make,0,Jones REBOUND (Off:1 Def:1),,NYK,WAS,WAS,1610612764,2025,2054.0,2072.0,2063.0,203935|1626158|1630264|1641732|1642358,1626157|1628404|1629011|1629013|1642278,2024-25,475
416149,01:28,"Smart 10' Floating Jump Shot (6 PTS) (Holmes 2 AST)
Hart S.FOUL (P2.T3) (M.Dagher)
MISS Smart Free Throw 1 of 1
Jones REBOUND (Off:1 Def:1)
Jones Tip Dunk Shot (2 PTS)
",2,2,0,0,2025-03-22,0022401026,0,1,NYK,3,1,-22,01:46,Off At Rim Make,0,Jones Tip Dunk Shot (2 PTS),,NYK,WAS,WAS,1610612764,2025,2054.0,2072.0,2063.0,203935|1626158|1630264|1641732|1642358,1626157|1628404|1629011|1629013|1642278,2024-25,475
416150,02:11,"Poole 30' 3PT Jump Shot (23 PTS) (Holmes 1 AST)
",0,0,1,1,2025-03-22,0022401026,0,0,NYK,3,0,-23,02:31,Off Short Mid-Range Make,0,Poole 30' 3PT Jump Shot (23 PTS) (Holmes 1 AST),,NYK,WAS,WAS,1610612764,2025,2009.0,2029.0,2019.0,203935|1626158|1629673|1641732|1642358,1626166|1628384|1628404|1628969|1629011,2024-25,451
416151,02:44,"MISS Poole 26' 3PT Step Back Jump Shot
Robinson REBOUND (Off:3 Def:2)
",0,0,1,0,2025-03-22,0022401026,0,0,NYK,3,0,-21,02:57,Off Arc 3 Miss,0,MISS Poole 26' 3PT Step Back Jump Shot,,NYK,WAS,WAS,1610612764,2025,1983.0,1996.0,1989.5,203935|1626158|1629673|1641732|1642358,1626166|1628384|1628404|1628969|1629011,2024-25,476
416152,02:44,"MISS Poole 26' 3PT Step Back Jump Shot
Robinson REBOUND (Off:3 Def:2)
",0,0,1,0,2025-03-22,0022401026,0,0,NYK,3,0,-21,02:57,Off Arc 3 Miss,0,Robinson REBOUND (Off:3 Def:2),,NYK,WAS,WAS,1610612764,2025,1983.0,1996.0,1989.5,203935|1626158|1629673|1641732|1642358,1626166|1628384|1628404|1628969|1629011,2024-25,476
416153,03:19,"MISS Johnson 15' Pullup Jump Shot
Holmes REBOUND (Off:2 Def:2)
Holmes Tip Dunk Shot (2 PTS)
",2,1,0,0,2025-03-22,0022401026,0,1,NYK,3,0,-23,03:39,Off Dead Ball,0,MISS Johnson 15' Pullup Jump Shot,,NYK,WAS,WAS,1610612764,2025,1941.0,1961.0,1951.0,203935|1626158|1629673|1641732|1642358,1626166|1628384|1628404|1628969|1629011,2024-25,444
416190,11:20,"MISS Sarr 13' Turnaround Fadeaway Shot
Towns REBOUND (Off:0 Def:5)
",1,0,0,0,2025-03-22,0022401026,0,0,NYK,3,0,-27,11:41,Off FT Make,0,Towns REBOUND (Off:0 Def:5),,NYK,WAS,WAS,1610612764,2025,1459.0,1480.0,1469.5,1629673|1630551|1642259|1642267|1642273,1626157|1626166|1628384|1628404|1628969,2024-25,347
416154,03:19,"MISS Johnson 15' Pullup Jump Shot
Holmes REBOUND (Off:2 Def:2)
Holmes Tip Dunk Shot (2 PTS)
",2,1,0,0,2025-03-22,0022401026,0,1,NYK,3,0,-23,03:39,Off Dead Ball,0,Holmes REBOUND (Off:2 Def:2),,NYK,WAS,WAS,1610612764,2025,1941.0,1961.0,1951.0,203935|1626158|1629673|1641732|1642358,1626166|1628384|1628404|1628969|1629011,2024-25,444
416156,03:49,"MISS Poole 26' 3PT Jump Shot
Hart REBOUND (Off:3 Def:9)
",0,0,1,0,2025-03-22,0022401026,0,0,NYK,3,0,-23,04:02,Off Dead Ball,0,MISS Poole 26' 3PT Jump Shot,,NYK,WAS,WAS,1610612764,2025,1918.0,1931.0,1924.5,203935|1629673|1642259|1642267|1642358,1626166|1628384|1628404|1628969|1629011,2024-25,431
416082,10:06,"MISS Carrington 20' Pullup Jump Shot
Hart REBOUND (Off:0 Def:2)
",1,0,0,0,2025-03-22,0022401026,0,0,NYK,1,0,-2,10:24,Off FT Make,0,Hart REBOUND (Off:0 Def:2),,NYK,WAS,WAS,1610612764,2025,96.0,114.0,105.0,1629673|1630551|1642259|1642267|1642273,1626157|1626166|1628384|1628404|1628969,2024-25,19
416158,04:19,"Hart P.FOUL (P1.T2) (M.Dagher)
Poole OFF.Foul (P3) (M.Dagher)
Poole Offensive Foul Turnover (P4.T15)
",0,0,0,0,2025-03-22,0022401026,0,0,NYK,3,0,-22,04:32,Off Short Mid-Range Make,1,Hart P.FOUL (P1.T2) (M.Dagher),,NYK,WAS,WAS,1610612764,2025,1888.0,1901.0,1894.5,203935|1629673|1642259|1642267|1642358,1626157|1626166|1628384|1628404|1628969,2024-25,438
416159,04:19,"Hart P.FOUL (P1.T2) (M.Dagher)
Poole OFF.Foul (P3) (M.Dagher)
Poole Offensive Foul Turnover (P4.T15)
",0,0,0,0,2025-03-22,0022401026,0,0,NYK,3,0,-22,04:32,Off Short Mid-Range Make,1,Poole OFF.Foul (P3) (M.Dagher),,NYK,WAS,WAS,1610612764,2025,1888.0,1901.0,1894.5,203935|1629673|1642259|1642267|1642358,1626157|1626166|1628384|1628404|1628969,2024-25,438
416160,04:19,"Hart P.FOUL (P1.T2) (M.Dagher)
Poole OFF.Foul (P3) (M.Dagher)
Poole Offensive Foul Turnover (P4.T15)
",0,0,0,0,2025-03-22,0022401026,0,0,NYK,3,0,-22,04:32,Off Short Mid-Range Make,1,Poole Offensive Foul Turnover (P4.T15),,NYK,WAS,WAS,1610612764,2025,1888.0,1901.0,1894.5,203935|1629673|1642259|1642267|1642358,1626157|1626166|1628384|1628404|1628969,2024-25,438
416161,04:56,"Johnson 26' 3PT Jump Shot (6 PTS) (Carrington 2 AST)
",0,0,1,1,2025-03-22,0022401026,0,0,NYK,3,0,-23,05:05,Off Long Mid-Range Miss,0,Johnson 26' 3PT Jump Shot (6 PTS) (Carrington 2 AST),,NYK,WAS,WAS,1610612764,2025,1855.0,1864.0,1859.5,203935|1629673|1642259|1642267|1642358,1626157|1626166|1628384|1628404|1628969,2024-25,434
416162,05:28,"Poole 26' 3PT Running Pull-Up Jump Shot (20 PTS)
",0,0,1,1,2025-03-22,0022401026,0,0,NYK,3,0,-26,05:32,Off Corner 3 Miss,0,Poole 26' 3PT Running Pull-Up Jump Shot (20 PTS),,NYK,WAS,WAS,1610612764,2025,1828.0,1832.0,1830.0,203935|1629673|1642259|1642267|1642358,1626157|1626166|1628384|1628404|1628969,2024-25,429
416163,05:49,"Johnson 26' 3PT Running Jump Shot (3 PTS) (George 4 AST)
",0,0,1,1,2025-03-22,0022401026,0,0,NYK,3,0,-29,05:54,Off At Rim Miss,0,Johnson 26' 3PT Running Jump Shot (3 PTS) (George 4 AST),,NYK,WAS,WAS,1610612764,2025,1806.0,1811.0,1808.5,1629673|1642259|1642267|1642273|1642358,1626157|1626166|1628384|1628404|1628969,2024-25,396
416164,06:09,"MISS Champagnie 2' Running Layup
Wizards Rebound
Sarr 5' Driving Floating Jump Shot (6 PTS)
",2,1,0,0,2025-03-22,0022401026,0,1,NYK,3,0,-31,06:20,Off Steal,0,MISS Champagnie 2' Running Layup,,NYK,WAS,WAS,1610612764,2025,1780.0,1791.0,1785.5,1629673|1642259|1642267|1642273|1642358,1626157|1626166|1628384|1628404|1628969,2024-25,425
416165,06:09,"MISS Champagnie 2' Running Layup
Wizards Rebound
Sarr 5' Driving Floating Jump Shot (6 PTS)
",2,1,0,0,2025-03-22,0022401026,0,1,NYK,3,0,-31,06:20,Off Steal,0,Wizards Rebound,,NYK,WAS,WAS,1610612764,2025,1780.0,1791.0,1785.5,1629673|1642259|1642267|1642273|1642358,1626157|1626166|1628384|1628404|1628969,2024-25,425
416144,00:54,"Smart 12' Fadeaway Jumper (8 PTS)
",1,1,0,0,2025-03-22,0022401026,0,0,NYK,3,0,-18,01:02,Off Corner 3 Miss,0,Smart 12' Fadeaway Jumper (8 PTS),,NYK,WAS,WAS,1610612764,2025,2098.0,2106.0,2102.0,203935|1626158|1630264|1641732|1642358,1626157|1628404|1629011|1629013|1642278,2024-25,485
416166,06:09,"MISS Champagnie 2' Running Layup
Wizards Rebound
Sarr 5' Driving Floating Jump Shot (6 PTS)
",2,1,0,0,2025-03-22,0022401026,0,1,NYK,3,0,-31,06:20,Off Steal,0,Sarr 5' Driving Floating Jump Shot (6 PTS),,NYK,WAS,WAS,1610612764,2025,1780.0,1791.0,1785.5,1629673|1642259|1642267|1642273|1642358,1626157|1626166|1628384|1628404|1628969,2024-25,425
416168,06:32,"MISS Carrington 20' Pullup Jump Shot
Hart REBOUND (Off:3 Def:8)
",1,0,0,0,2025-03-22,0022401026,0,0,NYK,3,0,-31,06:44,Off Arc 3 Make,0,Hart REBOUND (Off:3 Def:8),,NYK,WAS,WAS,1610612764,2025,1756.0,1768.0,1762.0,1629673|1630551|1642259|1642267|1642273,1626157|1626166|1628384|1628404|1628969,2024-25,419
416169,06:51,"Bridges STEAL (3 STL): Sarr Bad Pass Turnover (P5.T14)
",0,0,0,0,2025-03-22,0022401026,0,0,NYK,3,0,-28,07:00,Off Dead Ball,1,Bridges STEAL (3 STL): Sarr Bad Pass Turnover (P5.T14),,NYK,WAS,WAS,1610612764,2025,1740.0,1749.0,1744.5,1629673|1630551|1642259|1642267|1642273,1626157|1626166|1628384|1628404|1628969,2024-25,400
416142,00:00,,0,0,0,0,2025-03-22,0022401026,0,0,NYK,3,0,-16,00:10,Off Arc 3 Miss,0,,,NYK,WAS,WAS,1610612764,2025,2150.0,2160.0,2155.0,203935|1626158|1630264|1641732|1642358,1626157|1628404|1629011|1629013|1642278,2024-25,464
416081,10:06,"MISS Carrington 20' Pullup Jump Shot
Hart REBOUND (Off:0 Def:2)
",1,0,0,0,2025-03-22,0022401026,0,0,NYK,1,0,-2,10:24,Off FT Make,0,MISS Carrington 20' Pullup Jump Shot,,NYK,WAS,WAS,1610612764,2025,96.0,114.0,105.0,1629673|1630551|1642259|1642267|1642273,1626157|1626166|1628384|1628404|1628969,2024-25,19
416170,07:22,"MISS Carrington 28' 3PT Running Pull-Up Jump Shot
George REBOUND (Off:3 Def:5)
Payne P.FOUL (P1.T1) (J.DeRosa)
Poole 26' 3PT Jump Shot (17 PTS) (George 3 AST)
",0,0,2,1,2025-03-22,0022401026,0,1,NYK,3,0,-31,07:35,Off Steal,0,MISS Carrington 28' 3PT Running Pull-Up Jump Shot,,NYK,WAS,WAS,1610612764,2025,1705.0,1718.0,1711.5,1629673|1630551|1642259|1642267|1642273,1626157|1626166|1628384|1628404|1628969,2024-25,442
416171,07:22,"MISS Carrington 28' 3PT Running Pull-Up Jump Shot
George REBOUND (Off:3 Def:5)
Payne P.FOUL (P1.T1) (J.DeRosa)
Poole 26' 3PT Jump Shot (17 PTS) (George 3 AST)
",0,0,2,1,2025-03-22,0022401026,0,1,NYK,3,0,-31,07:35,Off Steal,0,George REBOUND (Off:3 Def:5),,NYK,WAS,WAS,1610612764,2025,1705.0,1718.0,1711.5,1629673|1630551|1642259|1642267|1642273,1626157|1626166|1628384|1628404|1628969,2024-25,442
416172,07:22,"MISS Carrington 28' 3PT Running Pull-Up Jump Shot
George REBOUND (Off:3 Def:5)
Payne P.FOUL (P1.T1) (J.DeRosa)
Poole 26' 3PT Jump Shot (17 PTS) (George 3 AST)
",0,0,2,1,2025-03-22,0022401026,0,1,NYK,3,0,-31,07:35,Off Steal,0,Payne P.FOUL (P1.T1) (J.DeRosa),,NYK,WAS,WAS,1610612764,2025,1705.0,1718.0,1711.5,1629673|1630551|1642259|1642267|1642273,1626157|1626166|1628384|1628404|1628969,2024-25,442
416173,07:22,"MISS Carrington 28' 3PT Running Pull-Up Jump Shot
George REBOUND (Off:3 Def:5)
Payne P.FOUL (P1.T1) (J.DeRosa)
Poole 26' 3PT Jump Shot (17 PTS) (George 3 AST)
",0,0,2,1,2025-03-22,0022401026,0,1,NYK,3,0,-31,07:35,Off Steal,0,Poole 26' 3PT Jump Shot (17 PTS) (George 3 AST),,NYK,WAS,WAS,1610612764,2025,1705.0,1718.0,1711.5,1629673|1630551|1642259|1642267|1642273,1626157|1626166|1628384|1628404|1628969,2024-25,442
416174,07:55,"Poole 1' Driving Finger Roll Layup (14 PTS)
",1,1,0,0,2025-03-22,0022401026,0,0,NYK,3,0,-33,08:14,Off FT Make,0,Poole 1' Driving Finger Roll Layup (14 PTS),,NYK,WAS,WAS,1610612764,2025,1666.0,1685.0,1675.5,1629673|1630551|1642259|1642267|1642273,1626157|1626166|1628384|1628404|1628969,2024-25,386
416175,08:24,"Sarr OFF.Foul (P2) (B.Taylor)
Sarr Offensive Foul Turnover (P4.T13)
",0,0,0,0,2025-03-22,0022401026,0,0,NYK,3,0,-31,08:40,Off Timeout,1,Sarr OFF.Foul (P2) (B.Taylor),,NYK,WAS,WAS,1610612764,2025,1640.0,1656.0,1648.0,1629673|1630551|1642259|1642267|1642273,1626157|1626166|1628384|1628404|1628969,2024-25,394
416176,08:24,"Sarr OFF.Foul (P2) (B.Taylor)
Sarr Offensive Foul Turnover (P4.T13)
",0,0,0,0,2025-03-22,0022401026,0,0,NYK,3,0,-31,08:40,Off Timeout,1,Sarr Offensive Foul Turnover (P4.T13),,NYK,WAS,WAS,1610612764,2025,1640.0,1656.0,1648.0,1629673|1630551|1642259|1642267|1642273,1626157|1626166|1628384|1628404|1628969,2024-25,394
416177,08:55,"MISS Carrington 14' Running Pull-Up Jump Shot
George REBOUND (Off:2 Def:5)
George 2' Putback Dunk (15 PTS)
",2,1,0,0,2025-03-22,0022401026,0,1,NYK,3,0,-31,09:02,Off At Rim Miss,0,MISS Carrington 14' Running Pull-Up Jump Shot,,NYK,WAS,WAS,1610612764,2025,1618.0,1625.0,1621.5,1629673|1630551|1642259|1642267|1642273,1626157|1626166|1628384|1628404|1628969,2024-25,390
416155,03:19,"MISS Johnson 15' Pullup Jump Shot
Holmes REBOUND (Off:2 Def:2)
Holmes Tip Dunk Shot (2 PTS)
",2,1,0,0,2025-03-22,0022401026,0,1,NYK,3,0,-23,03:39,Off Dead Ball,0,Holmes Tip Dunk Shot (2 PTS),,NYK,WAS,WAS,1610612764,2025,1941.0,1961.0,1951.0,203935|1626158|1629673|1641732|1642358,1626166|1628384|1628404|1628969|1629011,2024-25,444
416178,08:55,"MISS Carrington 14' Running Pull-Up Jump Shot
George REBOUND (Off:2 Def:5)
George 2' Putback Dunk (15 PTS)
",2,1,0,0,2025-03-22,0022401026,0,1,NYK,3,0,-31,09:02,Off At Rim Miss,0,George REBOUND (Off:2 Def:5),,NYK,WAS,WAS,1610612764,2025,1618.0,1625.0,1621.5,1629673|1630551|1642259|1642267|1642273,1626157|1626166|1628384|1628404|1628969,2024-25,390
416180,09:17,"MISS Sarr 27' 3PT Jump Shot
Bridges REBOUND (Off:1 Def:3)
",0,0,1,0,2025-03-22,0022401026,0,0,NYK,3,0,-31,09:35,Off FT Make,0,MISS Sarr 27' 3PT Jump Shot,,NYK,WAS,WAS,1610612764,2025,1585.0,1603.0,1594.0,1629673|1630551|1642259|1642267|1642273,1626157|1626166|1628384|1628404|1628969,2024-25,351
416181,09:17,"MISS Sarr 27' 3PT Jump Shot
Bridges REBOUND (Off:1 Def:3)
",0,0,1,0,2025-03-22,0022401026,0,0,NYK,3,0,-31,09:35,Off FT Make,0,Bridges REBOUND (Off:1 Def:3),,NYK,WAS,WAS,1610612764,2025,1585.0,1603.0,1594.0,1629673|1630551|1642259|1642267|1642273,1626157|1626166|1628384|1628404|1628969,2024-25,351
416182,09:37,"Payne STEAL (1 STL): Sarr Lost Ball Turnover (P3.T12)
",0,0,0,0,2025-03-22,0022401026,0,0,NYK,3,0,-30,09:38,Off At Rim Block,1,Payne STEAL (1 STL): Sarr Lost Ball Turnover (P3.T12),,NYK,WAS,WAS,1610612764,2025,1582.0,1583.0,1582.5,1629673|1630551|1642259|1642267|1642273,1626157|1626166|1628384|1628404|1628969,2024-25,379
416183,10:05,"MISS George 26' 3PT Jump Shot
KNICKS Rebound
",0,0,1,0,2025-03-22,0022401026,0,0,NYK,3,0,-30,10:18,Off Short Mid-Range Make,0,MISS George 26' 3PT Jump Shot,,NYK,WAS,WAS,1610612764,2025,1542.0,1555.0,1548.5,1629673|1630551|1642259|1642267|1642273,1626157|1626166|1628384|1628404|1628969,2024-25,410
416184,10:05,"MISS George 26' 3PT Jump Shot
KNICKS Rebound
",0,0,1,0,2025-03-22,0022401026,0,0,NYK,3,0,-30,10:18,Off Short Mid-Range Make,0,KNICKS Rebound,,NYK,WAS,WAS,1610612764,2025,1542.0,1555.0,1548.5,1629673|1630551|1642259|1642267|1642273,1626157|1626166|1628384|1628404|1628969,2024-25,410
416185,10:38,"Champagnie 27' 3PT Jump Shot (7 PTS) (George 2 AST)
",0,0,1,1,2025-03-22,0022401026,0,0,NYK,3,0,-31,10:56,Off At Rim Make,0,Champagnie 27' 3PT Jump Shot (7 PTS) (George 2 AST),,NYK,WAS,WAS,1610612764,2025,1504.0,1522.0,1513.0,1629673|1630551|1642259|1642267|1642273,1626157|1626166|1628384|1628404|1628969,2024-25,378
416186,11:01,"MISS Poole 14' Pullup Jump Shot
Wizards Rebound
Towns STEAL (1 STL): Champagnie Bad Pass Turnover (P1.T11)
",1,0,0,0,2025-03-22,0022401026,0,1,NYK,3,0,-29,11:12,Off FT Miss,1,MISS Poole 14' Pullup Jump Shot,,NYK,WAS,WAS,1610612764,2025,1488.0,1499.0,1493.5,1629673|1630551|1642259|1642267|1642273,1626157|1626166|1628384|1628404|1628969,2024-25,368
416187,11:01,"MISS Poole 14' Pullup Jump Shot
Wizards Rebound
Towns STEAL (1 STL): Champagnie Bad Pass Turnover (P1.T11)
",1,0,0,0,2025-03-22,0022401026,0,1,NYK,3,0,-29,11:12,Off FT Miss,1,Wizards Rebound,,NYK,WAS,WAS,1610612764,2025,1488.0,1499.0,1493.5,1629673|1630551|1642259|1642267|1642273,1626157|1626166|1628384|1628404|1628969,2024-25,368
416188,11:01,"MISS Poole 14' Pullup Jump Shot
Wizards Rebound
Towns STEAL (1 STL): Champagnie Bad Pass Turnover (P1.T11)
",1,0,0,0,2025-03-22,0022401026,0,1,NYK,3,0,-29,11:12,Off FT Miss,1,Towns STEAL (1 STL): Champagnie Bad Pass Turnover (P1.T11),,NYK,WAS,WAS,1610612764,2025,1488.0,1499.0,1493.5,1629673|1630551|1642259|1642267|1642273,1626157|1626166|1628384|1628404|1628969,2024-25,368
416189,11:20,"MISS Sarr 13' Turnaround Fadeaway Shot
Towns REBOUND (Off:0 Def:5)
",1,0,0,0,2025-03-22,0022401026,0,0,NYK,3,0,-27,11:41,Off FT Make,0,MISS Sarr 13' Turnaround Fadeaway Shot,,NYK,WAS,WAS,1610612764,2025,1459.0,1480.0,1469.5,1629673|1630551|1642259|1642267|1642273,1626157|1626166|1628384|1628404|1628969,2024-25,347
416179,08:55,"MISS Carrington 14' Running Pull-Up Jump Shot
George REBOUND (Off:2 Def:5)
George 2' Putback Dunk (15 PTS)
",2,1,0,0,2025-03-22,0022401026,0,1,NYK,3,0,-31,09:02,Off At Rim Miss,0,George 2' Putback Dunk (15 PTS),,NYK,WAS,WAS,1610612764,2025,1618.0,1625.0,1621.5,1629673|1630551|1642259|1642267|1642273,1626157|1626166|1628384|1628404|1628969,2024-25,390
416143,00:31,"Smart 26' 3PT Pullup Jump Shot (11 PTS) (Johnson 1 AST)
",0,0,1,1,2025-03-22,0022401026,0,0,NYK,3,0,-19,00:43,Off FT Make,0,Smart 26' 3PT Pullup Jump Shot (11 PTS) (Johnson 1 AST),,NYK,WAS,WAS,1610612764,2025,2117.0,2129.0,2123.0,203935|1626158|1630264|1641732|1642358,1626157|1628404|1629011|1629013|1642278,2024-25,545
416167,06:32,"MISS Carrington 20' Pullup Jump Shot
Hart REBOUND (Off:3 Def:8)
",1,0,0,0,2025-03-22,0022401026,0,0,NYK,3,0,-31,06:44,Off Arc 3 Make,0,MISS Carrington 20' Pullup Jump Shot,,NYK,WAS,WAS,1610612764,2025,1756.0,1768.0,1762.0,1629673|1630551|1642259|1642267|1642273,1626157|1626166|1628384|1628404|1628969,2024-25,419
416193,01:02,"MISS Johnson 26' 3PT Step Back Jump Shot
Watson REBOUND (Off:0 Def:1)
",0,0,1,0,2025-03-22,0022401026,0,0,NYK,4,0,-17,01:11,Off Arc 3 Miss,0,MISS Johnson 26' 3PT Step Back Jump Shot,,NYK,WAS,WAS,1610612764,2025,2809.0,2818.0,2813.5,1630264|1641732|1641774|1641798|1642358,1629013|1630173|1630699|1641817|1642278,2024-25,670
416195,01:29,"Watson S.FOUL (P1.T4) (M.Dagher)
Vukcevic Free Throw 1 of 2 (1 PTS)
Vukcevic Free Throw 2 of 2 (2 PTS)
",0,0,0,0,2025-03-22,0022401026,0,0,NYK,4,1,-19,01:42,Off At Rim Make,0,Watson S.FOUL (P1.T4) (M.Dagher),,NYK,WAS,WAS,1610612764,2025,2778.0,2791.0,2784.5,1630264|1641732|1641774|1641798|1642358,1629013|1630173|1630699|1641817|1642278,2024-25,634
416196,01:29,"Watson S.FOUL (P1.T4) (M.Dagher)
Vukcevic Free Throw 1 of 2 (1 PTS)
Vukcevic Free Throw 2 of 2 (2 PTS)
",0,0,0,0,2025-03-22,0022401026,0,0,NYK,4,1,-19,01:42,Off At Rim Make,0,Vukcevic Free Throw 1 of 2 (1 PTS),,NYK,WAS,WAS,1610612764,2025,2778.0,2791.0,2784.5,1630264|1641732|1641774|1641798|1642358,1629013|1630173|1630699|1641817|1642278,2024-25,634
416197,01:29,"Watson S.FOUL (P1.T4) (M.Dagher)
Vukcevic Free Throw 1 of 2 (1 PTS)
Vukcevic Free Throw 2 of 2 (2 PTS)
",0,0,0,0,2025-03-22,0022401026,0,0,NYK,4,1,-19,01:42,Off At Rim Make,0,Vukcevic Free Throw 2 of 2 (2 PTS),,NYK,WAS,WAS,1610612764,2025,2778.0,2791.0,2784.5,1630264|1641732|1641774|1641798|1642358,1629013|1630173|1630699|1641817|1642278,2024-25,634
416198,01:57,"Beauchamp Personal Take Foul (P1.T3) (B.Taylor)
Jones 11' Driving Floating Bank Jump Shot (6 PTS) (Vukcevic 1 AST)
",1,1,0,0,2025-03-22,0022401026,0,0,NYK,4,0,-19,02:13,Off FT Make,0,Beauchamp Personal Take Foul (P1.T3) (B.Taylor),,NYK,WAS,WAS,1610612764,2025,2747.0,2763.0,2755.0,1630264|1641732|1641774|1641798|1642358,1629013|1630173|1630699|1641817|1642278,2024-25,672
416199,01:57,"Beauchamp Personal Take Foul (P1.T3) (B.Taylor)
Jones 11' Driving Floating Bank Jump Shot (6 PTS) (Vukcevic 1 AST)
",1,1,0,0,2025-03-22,0022401026,0,0,NYK,4,0,-19,02:13,Off FT Make,0,Jones 11' Driving Floating Bank Jump Shot (6 PTS) (Vukcevic 1 AST),,NYK,WAS,WAS,1610612764,2025,2747.0,2763.0,2755.0,1630264|1641732|1641774|1641798|1642358,1629013|1630173|1630699|1641817|1642278,2024-25,672
416200,02:19,"MISS Johnson 3' Driving Layup
Beauchamp REBOUND (Off:0 Def:1)
",1,0,0,0,2025-03-22,0022401026,0,0,NYK,4,0,-18,02:38,Off FT Make,0,MISS Johnson 3' Driving Layup,,NYK,WAS,WAS,1610612764,2025,2722.0,2741.0,2731.5,1630264|1641732|1641774|1641798|1642358,1626157|1629013|1630699|1641817|1642278,2024-25,660
416201,02:19,"MISS Johnson 3' Driving Layup
Beauchamp REBOUND (Off:0 Def:1)
",1,0,0,0,2025-03-22,0022401026,0,0,NYK,4,0,-18,02:38,Off FT Make,0,Beauchamp REBOUND (Off:0 Def:1),,NYK,WAS,WAS,1610612764,2025,2722.0,2741.0,2731.5,1630264|1641732|1641774|1641798|1642358,1626157|1629013|1630699|1641817|1642278,2024-25,660
416202,02:58,"Jones 13' Fadeaway Jumper (4 PTS)
",1,1,0,0,2025-03-22,0022401026,0,0,NYK,4,0,-18,03:15,Off At Rim Make,0,Jones 13' Fadeaway Jumper (4 PTS),,NYK,WAS,WAS,1610612764,2025,2685.0,2702.0,2693.5,1630264|1641732|1641774|1641798|1642358,1626157|1626166|1628384|1628404|1628969,2024-25,619
416203,03:35,"Towns S.FOUL (P2.T2) (M.Dagher)
Johnson Free Throw 1 of 2 (9 PTS)
MISS Johnson Free Throw 2 of 2
Towns REBOUND (Off:0 Def:11)
",0,0,0,0,2025-03-22,0022401026,0,0,NYK,4,1,-17,03:46,Off Timeout,0,Towns S.FOUL (P2.T2) (M.Dagher),,NYK,WAS,WAS,1610612764,2025,2654.0,2665.0,2659.5,1630264|1641732|1641774|1641798|1642358,1626157|1626166|1628384|1628404|1628969,2024-25,634
416204,03:35,"Towns S.FOUL (P2.T2) (M.Dagher)
Johnson Free Throw 1 of 2 (9 PTS)
MISS Johnson Free Throw 2 of 2
Towns REBOUND (Off:0 Def:11)
",0,0,0,0,2025-03-22,0022401026,0,0,NYK,4,1,-17,03:46,Off Timeout,0,Johnson Free Throw 1 of 2 (9 PTS),,NYK,WAS,WAS,1610612764,2025,2654.0,2665.0,2659.5,1630264|1641732|1641774|1641798|1642358,1626157|1626166|1628384|1628404|1628969,2024-25,634
416206,03:35,"Towns S.FOUL (P2.T2) (M.Dagher)
Johnson Free Throw 1 of 2 (9 PTS)
MISS Johnson Free Throw 2 of 2
Towns REBOUND (Off:0 Def:11)
",0,0,0,0,2025-03-22,0022401026,0,0,NYK,4,1,-17,03:46,Off Timeout,0,Towns REBOUND (Off:0 Def:11),,NYK,WAS,WAS,1610612764,2025,2654.0,2665.0,2659.5,1630264|1641732|1641774|1641798|1642358,1626157|1626166|1628384|1628404|1628969,2024-25,634
416207,03:57,"MISS Poole 3' Driving Layup
Towns REBOUND (Off:0 Def:10)
",1,0,0,0,2025-03-22,0022401026,0,0,NYK,4,0,-14,04:10,Off FT Make,0,MISS Poole 3' Driving Layup,,NYK,WAS,WAS,1610612764,2025,2630.0,2643.0,2636.5,1629673|1642259|1642267|1642273|1642358,1626157|1626166|1628384|1628404|1628969,2024-25,655
416208,03:57,"MISS Poole 3' Driving Layup
Towns REBOUND (Off:0 Def:10)
",1,0,0,0,2025-03-22,0022401026,0,0,NYK,4,0,-14,04:10,Off FT Make,0,Towns REBOUND (Off:0 Def:10),,NYK,WAS,WAS,1610612764,2025,2630.0,2643.0,2636.5,1629673|1642259|1642267|1642273|1642358,1626157|1626166|1628384|1628404|1628969,2024-25,655
416209,04:25,"Poole Out of Bounds - Bad Pass Turnover Turnover (P5.T19)
",0,0,0,0,2025-03-22,0022401026,0,0,NYK,4,0,-13,04:34,Off Short Mid-Range Miss,1,Poole Out of Bounds - Bad Pass Turnover Turnover (P5.T19),,NYK,WAS,WAS,1610612764,2025,2606.0,2615.0,2610.5,1629673|1642259|1642267|1642273|1642358,1626157|1626166|1628404|1628969|1629013,2024-25,626
416210,04:50,"Shamet S.FOUL (P4.T1) (J.DeRosa)
Sarr Free Throw 1 of 2 (7 PTS)
Sarr Free Throw 2 of 2 (8 PTS)
",0,0,0,0,2025-03-22,0022401026,0,0,NYK,4,1,-15,05:00,Off Dead Ball,0,Shamet S.FOUL (P4.T1) (J.DeRosa),,NYK,WAS,WAS,1610612764,2025,2580.0,2590.0,2585.0,1629673|1642259|1642267|1642273|1642358,1626157|1626166|1628404|1628969|1629013,2024-25,617
416211,04:50,"Shamet S.FOUL (P4.T1) (J.DeRosa)
Sarr Free Throw 1 of 2 (7 PTS)
Sarr Free Throw 2 of 2 (8 PTS)
",0,0,0,0,2025-03-22,0022401026,0,0,NYK,4,1,-15,05:00,Off Dead Ball,0,Sarr Free Throw 1 of 2 (7 PTS),,NYK,WAS,WAS,1610612764,2025,2580.0,2590.0,2585.0,1629673|1642259|1642267|1642273|1642358,1626157|1626166|1628404|1628969|1629013,2024-25,617
416212,04:50,"Shamet S.FOUL (P4.T1) (J.DeRosa)
Sarr Free Throw 1 of 2 (7 PTS)
Sarr Free Throw 2 of 2 (8 PTS)
",0,0,0,0,2025-03-22,0022401026,0,0,NYK,4,1,-15,05:00,Off Dead Ball,0,Sarr Free Throw 2 of 2 (8 PTS),,NYK,WAS,WAS,1610612764,2025,2580.0,2590.0,2585.0,1629673|1642259|1642267|1642273|1642358,1626157|1626166|1628404|1628969|1629013,2024-25,617
416213,05:09,"Poole 1' Driving Layup (25 PTS)
",1,1,0,0,2025-03-22,0022401026,0,0,NYK,4,0,-17,05:23,Off At Rim Make,0,Poole 1' Driving Layup (25 PTS),,NYK,WAS,WAS,1610612764,2025,2557.0,2571.0,2564.0,1629673|1642259|1642267|1642273|1642358,1626157|1626166|1628384|1628404|1628969,2024-25,615
416214,05:28,"Hart STEAL (1 STL): Johnson Bad Pass Turnover (P1.T18)
",0,0,0,0,2025-03-22,0022401026,0,0,NYK,4,0,-15,05:38,Off At Rim Make,1,Hart STEAL (1 STL): Johnson Bad Pass Turnover (P1.T18),,NYK,WAS,WAS,1610612764,2025,2542.0,2552.0,2547.0,1629673|1642259|1642267|1642273|1642358,1626157|1626166|1628384|1628404|1628969,2024-25,612
416191,00:25,"Vukcevic 2' Layup (4 PTS) (Jones 2 AST)
",1,1,0,0,2025-03-22,0022401026,0,0,NYK,4,0,-21,00:43,Off At Rim Make,0,Vukcevic 2' Layup (4 PTS) (Jones 2 AST),,NYK,WAS,WAS,1610612764,2025,2837.0,2855.0,2846.0,1630264|1641732|1641774|1641798|1642358,1629013|1630173|1630699|1641817|1642278,2024-25,706
416215,05:42,"MISS Poole 3PT Jump Shot
Towns REBOUND (Off:0 Def:9)
",0,0,1,0,2025-03-22,0022401026,0,0,NYK,4,0,-13,06:04,Off Timeout,0,MISS Poole 3PT Jump Shot,,NYK,WAS,WAS,1610612764,2025,2516.0,2538.0,2527.0,1629673|1642259|1642267|1642273|1642358,1626157|1626166|1628384|1628404|1628969,2024-25,604
416194,01:02,"MISS Johnson 26' 3PT Step Back Jump Shot
Watson REBOUND (Off:0 Def:1)
",0,0,1,0,2025-03-22,0022401026,0,0,NYK,4,0,-17,01:11,Off Arc 3 Miss,0,Watson REBOUND (Off:0 Def:1),,NYK,WAS,WAS,1610612764,2025,2809.0,2818.0,2813.5,1630264|1641732|1641774|1641798|1642358,1629013|1630173|1630699|1641817|1642278,2024-25,670
416216,05:42,"MISS Poole 3PT Jump Shot
Towns REBOUND (Off:0 Def:9)
",0,0,1,0,2025-03-22,0022401026,0,0,NYK,4,0,-13,06:04,Off Timeout,0,Towns REBOUND (Off:0 Def:9),,NYK,WAS,WAS,1610612764,2025,2516.0,2538.0,2527.0,1629673|1642259|1642267|1642273|1642358,1626157|1626166|1628384|1628404|1628969,2024-25,604
416192,00:45,"Beauchamp STEAL (1 STL): Martin Bad Pass Turnover (P1.T20)
",0,0,0,0,2025-03-22,0022401026,0,0,NYK,4,0,-19,00:56,Off At Rim Make,1,Beauchamp STEAL (1 STL): Martin Bad Pass Turnover (P1.T20),,NYK,WAS,WAS,1610612764,2025,2824.0,2835.0,2829.5,1630264|1641732|1641774|1641798|1642358,1629013|1630173|1630699|1641817|1642278,2024-25,687
416227,08:34,"MISS Gill 26' 3PT Jump Shot
Towns REBOUND (Off:0 Def:7)
",0,0,1,0,2025-03-22,0022401026,0,0,NYK,4,0,-7,08:55,Off Arc 3 Make,0,Towns REBOUND (Off:0 Def:7),,NYK,WAS,WAS,1610612764,2025,2345.0,2366.0,2355.5,203935|1626158|1630264|1641732|1642358,1626157|1626166|1628384|1628969|1629011,2024-25,595
416217,06:08,"Anunoby STEAL (2 STL): Gill Lost Ball Turnover (P1.T17)
",0,0,0,0,2025-03-22,0022401026,0,0,NYK,4,0,-11,06:17,Off Arc 3 Miss,1,Anunoby STEAL (2 STL): Gill Lost Ball Turnover (P1.T17),,NYK,WAS,WAS,1610612764,2025,2503.0,2512.0,2507.5,1626158|1630264|1642267|1642273|1642358,1626157|1626166|1628384|1628404|1628969,2024-25,626
416222,08:00,"MISS Smart 14' Driving Floating Jump Shot
KNICKS Rebound
",1,0,0,0,2025-03-22,0022401026,0,0,NYK,4,0,-9,08:15,Off FT Make,0,MISS Smart 14' Driving Floating Jump Shot,,NYK,WAS,WAS,1610612764,2025,2385.0,2400.0,2392.5,203935|1626158|1630264|1641732|1642358,1626157|1626166|1628384|1628404|1628969,2024-25,519
416223,08:00,"MISS Smart 14' Driving Floating Jump Shot
KNICKS Rebound
",1,0,0,0,2025-03-22,0022401026,0,0,NYK,4,0,-9,08:15,Off FT Make,0,KNICKS Rebound,,NYK,WAS,WAS,1610612764,2025,2385.0,2400.0,2392.5,203935|1626158|1630264|1641732|1642358,1626157|1626166|1628384|1628404|1628969,2024-25,519
416224,08:18,"MISS Smart 25' 3PT Running Jump Shot
Anunoby REBOUND (Off:0 Def:2)
",0,0,1,0,2025-03-22,0022401026,0,0,NYK,4,0,-7,08:22,Off Short Mid-Range Miss,0,MISS Smart 25' 3PT Running Jump Shot,,NYK,WAS,WAS,1610612764,2025,2378.0,2382.0,2380.0,203935|1626158|1630264|1641732|1642358,1626157|1626166|1628384|1628969|1629011,2024-25,566
416225,08:18,"MISS Smart 25' 3PT Running Jump Shot
Anunoby REBOUND (Off:0 Def:2)
",0,0,1,0,2025-03-22,0022401026,0,0,NYK,4,0,-7,08:22,Off Short Mid-Range Miss,0,Anunoby REBOUND (Off:0 Def:2),,NYK,WAS,WAS,1610612764,2025,2378.0,2382.0,2380.0,203935|1626158|1630264|1641732|1642358,1626157|1626166|1628384|1628969|1629011,2024-25,566
416226,08:34,"MISS Gill 26' 3PT Jump Shot
Towns REBOUND (Off:0 Def:7)
",0,0,1,0,2025-03-22,0022401026,0,0,NYK,4,0,-7,08:55,Off Arc 3 Make,0,MISS Gill 26' 3PT Jump Shot,,NYK,WAS,WAS,1610612764,2025,2345.0,2366.0,2355.5,203935|1626158|1630264|1641732|1642358,1626157|1626166|1628384|1628969|1629011,2024-25,595
416228,09:14,"MISS Smart 24' 3PT Jump Shot
Johnson REBOUND (Off:1 Def:1)
Smart 26' 3PT Pullup Jump Shot (17 PTS) (Johnson 2 AST)
",0,0,2,1,2025-03-22,0022401026,0,1,NYK,4,0,-7,09:41,Off Arc 3 Miss,0,MISS Smart 24' 3PT Jump Shot,,NYK,WAS,WAS,1610612764,2025,2299.0,2326.0,2312.5,203935|1626158|1630264|1641732|1642358,1626157|1626166|1628384|1628969|1629011,2024-25,573
416229,09:14,"MISS Smart 24' 3PT Jump Shot
Johnson REBOUND (Off:1 Def:1)
Smart 26' 3PT Pullup Jump Shot (17 PTS) (Johnson 2 AST)
",0,0,2,1,2025-03-22,0022401026,0,1,NYK,4,0,-7,09:41,Off Arc 3 Miss,0,Johnson REBOUND (Off:1 Def:1),,NYK,WAS,WAS,1610612764,2025,2299.0,2326.0,2312.5,203935|1626158|1630264|1641732|1642358,1626157|1626166|1628384|1628969|1629011,2024-25,573
416230,09:14,"MISS Smart 24' 3PT Jump Shot
Johnson REBOUND (Off:1 Def:1)
Smart 26' 3PT Pullup Jump Shot (17 PTS) (Johnson 2 AST)
",0,0,2,1,2025-03-22,0022401026,0,1,NYK,4,0,-7,09:41,Off Arc 3 Miss,0,Smart 26' 3PT Pullup Jump Shot (17 PTS) (Johnson 2 AST),,NYK,WAS,WAS,1610612764,2025,2299.0,2326.0,2312.5,203935|1626158|1630264|1641732|1642358,1626157|1626166|1628384|1628969|1629011,2024-25,573
416221,07:18,"Towns STEAL (2 STL): George Bad Pass Turnover (P4.T16)
",0,0,0,0,2025-03-22,0022401026,0,0,NYK,4,0,-11,07:35,Off At Rim Make,1,Towns STEAL (2 STL): George Bad Pass Turnover (P4.T16),,NYK,WAS,WAS,1610612764,2025,2425.0,2442.0,2433.5,1626158|1630264|1642267|1642273|1642358,1626157|1626166|1628384|1628404|1628969,2024-25,569
416231,10:08,"Johnson 1' Running Dunk (8 PTS) (Jones 1 AST)
",1,1,0,0,2025-03-22,0022401026,0,0,NYK,4,0,-9,10:12,Off Steal,0,Johnson 1' Running Dunk (8 PTS) (Jones 1 AST),,NYK,WAS,WAS,1610612764,2025,2268.0,2272.0,2270.0,203935|1626158|1630264|1641732|1642358,1626157|1626166|1628384|1628969|1629011,2024-25,493
416233,10:51,"MISS Johnson 27' 3PT Running Jump Shot
Holmes REBOUND (Off:3 Def:3)
MISS Holmes Tip Layup Shot
Gill REBOUND (Off:1 Def:0)
Gill 1' Putback Layup (2 PTS)
",2,1,1,0,2025-03-22,0022401026,0,2,NYK,4,0,-14,10:58,Off Steal,0,MISS Johnson 27' 3PT Running Jump Shot,,NYK,WAS,WAS,1610612764,2025,2222.0,2229.0,2225.5,203935|1626158|1630264|1641732|1642358,1626157|1628384|1629011|1629013|1642278,2024-25,534
416234,10:51,"MISS Johnson 27' 3PT Running Jump Shot
Holmes REBOUND (Off:3 Def:3)
MISS Holmes Tip Layup Shot
Gill REBOUND (Off:1 Def:0)
Gill 1' Putback Layup (2 PTS)
",2,1,1,0,2025-03-22,0022401026,0,2,NYK,4,0,-14,10:58,Off Steal,0,Holmes REBOUND (Off:3 Def:3),,NYK,WAS,WAS,1610612764,2025,2222.0,2229.0,2225.5,203935|1626158|1630264|1641732|1642358,1626157|1628384|1629011|1629013|1642278,2024-25,534
416235,10:51,"MISS Johnson 27' 3PT Running Jump Shot
Holmes REBOUND (Off:3 Def:3)
MISS Holmes Tip Layup Shot
Gill REBOUND (Off:1 Def:0)
Gill 1' Putback Layup (2 PTS)
",2,1,1,0,2025-03-22,0022401026,0,2,NYK,4,0,-14,10:58,Off Steal,0,MISS Holmes Tip Layup Shot,,NYK,WAS,WAS,1610612764,2025,2222.0,2229.0,2225.5,203935|1626158|1630264|1641732|1642358,1626157|1628384|1629011|1629013|1642278,2024-25,534
416236,10:51,"MISS Johnson 27' 3PT Running Jump Shot
Holmes REBOUND (Off:3 Def:3)
MISS Holmes Tip Layup Shot
Gill REBOUND (Off:1 Def:0)
Gill 1' Putback Layup (2 PTS)
",2,1,1,0,2025-03-22,0022401026,0,2,NYK,4,0,-14,10:58,Off Steal,0,Gill REBOUND (Off:1 Def:0),,NYK,WAS,WAS,1610612764,2025,2222.0,2229.0,2225.5,203935|1626158|1630264|1641732|1642358,1626157|1628384|1629011|1629013|1642278,2024-25,534
416237,10:51,"MISS Johnson 27' 3PT Running Jump Shot
Holmes REBOUND (Off:3 Def:3)
MISS Holmes Tip Layup Shot
Gill REBOUND (Off:1 Def:0)
Gill 1' Putback Layup (2 PTS)
",2,1,1,0,2025-03-22,0022401026,0,2,NYK,4,0,-14,10:58,Off Steal,0,Gill 1' Putback Layup (2 PTS),,NYK,WAS,WAS,1610612764,2025,2222.0,2229.0,2225.5,203935|1626158|1630264|1641732|1642358,1626157|1628384|1629011|1629013|1642278,2024-25,534
416238,11:08,"MISS Johnson 2' Driving Layup
Towns REBOUND (Off:0 Def:6)
",1,0,0,0,2025-03-22,0022401026,0,0,NYK,4,0,-14,11:23,Off Dead Ball,0,MISS Johnson 2' Driving Layup,,NYK,WAS,WAS,1610612764,2025,2197.0,2212.0,2204.5,203935|1626158|1630264|1641732|1642358,1626157|1628384|1629011|1629013|1642278,2024-25,531
416239,11:08,"MISS Johnson 2' Driving Layup
Towns REBOUND (Off:0 Def:6)
",1,0,0,0,2025-03-22,0022401026,0,0,NYK,4,0,-14,11:23,Off Dead Ball,0,Towns REBOUND (Off:0 Def:6),,NYK,WAS,WAS,1610612764,2025,2197.0,2212.0,2204.5,203935|1626158|1630264|1641732|1642358,1626157|1628384|1629011|1629013|1642278,2024-25,531
416240,11:39,"Holmes 2' Layup (4 PTS) (Smart 3 AST)
",1,1,0,0,2025-03-22,0022401026,0,0,NYK,4,0,-16,12:00,Off Dead Ball,0,Holmes 2' Layup (4 PTS) (Smart 3 AST),,NYK,WAS,WAS,1610612764,2025,2160.0,2181.0,2170.5,203935|1626158|1630264|1641732|1642358,1626157|1628384|1629011|1629013|1642278,2024-25,517
416219,06:57,"MISS George 3' Driving Layup
Towns REBOUND (Off:0 Def:8)
",1,0,0,0,2025-03-22,0022401026,0,0,NYK,4,0,-13,07:15,Off At Rim Make,0,MISS George 3' Driving Layup,,NYK,WAS,WAS,1610612764,2025,2445.0,2463.0,2454.0,1626158|1630264|1642267|1642273|1642358,1626157|1626166|1628384|1628404|1628969,2024-25,572
416218,06:37,"Gill 1' Running Layup (4 PTS) (Johnson 3 AST)
",1,1,0,0,2025-03-22,0022401026,0,0,NYK,4,0,-13,06:42,Off Steal,0,Gill 1' Running Layup (4 PTS) (Johnson 3 AST),,NYK,WAS,WAS,1610612764,2025,2478.0,2483.0,2480.5,1626158|1630264|1642267|1642273|1642358,1626157|1626166|1628384|1628404|1628969,2024-25,621
416232,10:24,"Smart 26' 3PT Running Pull-Up Jump Shot (14 PTS)
",0,0,1,1,2025-03-22,0022401026,0,0,NYK,4,0,-12,10:27,Off At Rim Block,0,Smart 26' 3PT Running Pull-Up Jump Shot (14 PTS),,NYK,WAS,WAS,1610612764,2025,2253.0,2256.0,2254.5,203935|1626158|1630264|1641732|1642358,1626157|1628384|1629011|1629013|1642278,2024-25,527
416220,06:57,"MISS George 3' Driving Layup
Towns REBOUND (Off:0 Def:8)
",1,0,0,0,2025-03-22,0022401026,0,0,NYK,4,0,-13,07:15,Off At Rim Make,0,Towns REBOUND (Off:0 Def:8),,NYK,WAS,WAS,1610612764,2025,2445.0,2463.0,2454.0,1626158|1630264|1642267|1642273|1642358,1626157|1626166|1628384|1628404|1628969,2024-25,572
416321,05:33,"MISS Carrington 26' 3PT Pullup Jump Shot
WIZARDS Rebound
Mogbo L.B.FOUL (P2.T2) (D.Scott)
MISS Carrington 28' 3PT Jump Shot
Mogbo REBOUND (Off:0 Def:3)
",0,0,2,0,2025-03-24,0022401039,0,1,TOR,2,0,-1,05:50,Off Short Mid-Range Miss,0,WIZARDS Rebound,,WAS,TOR,WAS,1610612764,2025,1090.0,1107.0,1098.5,203114|1629673|1641798|1642259|1642267,1630534|1631115|1642347|1642367|1642419,2024-25,276
416320,05:33,"MISS Carrington 26' 3PT Pullup Jump Shot
WIZARDS Rebound
Mogbo L.B.FOUL (P2.T2) (D.Scott)
MISS Carrington 28' 3PT Jump Shot
Mogbo REBOUND (Off:0 Def:3)
",0,0,2,0,2025-03-24,0022401039,0,1,TOR,2,0,-1,05:50,Off Short Mid-Range Miss,0,MISS Carrington 26' 3PT Pullup Jump Shot,,WAS,TOR,WAS,1610612764,2025,1090.0,1107.0,1098.5,203114|1629673|1641798|1642259|1642267,1630534|1631115|1642347|1642367|1642419,2024-25,276
416319,05:14,"MISS Sarr 5' Driving Floating Jump Shot
Robinson REBOUND (Off:0 Def:1)
",1,0,0,0,2025-03-24,0022401039,0,0,TOR,2,0,-1,05:24,Off Arc 3 Miss,0,Robinson REBOUND (Off:0 Def:1),,WAS,TOR,WAS,1610612764,2025,1116.0,1126.0,1121.0,203114|1629673|1641798|1642259|1642267,1630534|1631115|1642347|1642367|1642419,2024-25,300
416318,05:14,"MISS Sarr 5' Driving Floating Jump Shot
Robinson REBOUND (Off:0 Def:1)
",1,0,0,0,2025-03-24,0022401039,0,0,TOR,2,0,-1,05:24,Off Arc 3 Miss,0,MISS Sarr 5' Driving Floating Jump Shot,,WAS,TOR,WAS,1610612764,2025,1116.0,1126.0,1121.0,203114|1629673|1641798|1642259|1642267,1630534|1631115|1642347|1642367|1642419,2024-25,300
416287,10:31,"Sarr 2' Turnaround Hook Shot (5 PTS) (George 1 AST)
",1,1,0,0,2025-03-24,0022401039,0,0,TOR,1,0,3,10:38,Off Short Mid-Range Miss,0,Sarr 2' Turnaround Hook Shot (5 PTS) (George 1 AST),,WAS,TOR,WAS,1610612764,2025,82.0,89.0,85.5,203114|1629673|1642259|1642267|1642273,1627751|1630193|1630534|1630567|1642419,2024-25,20
416316,04:51,"MISS Sarr 9' Floating Jump Shot
Agbaji REBOUND (Off:0 Def:1)
",1,0,0,0,2025-03-24,0022401039,0,0,TOR,2,0,-1,05:06,Off Dead Ball,0,MISS Sarr 9' Floating Jump Shot,,WAS,TOR,WAS,1610612764,2025,1134.0,1149.0,1141.5,203114|1629673|1630551|1642259|1642267,1630534|1631115|1642347|1642367|1642419,2024-25,293
416315,04:40,"Mogbo P.FOUL (P3.T3) (R.Acosta)
Poole OFF.Foul (P2) (R.Acosta)
Poole Offensive Foul Turnover (P1.T7)
",0,0,0,0,2025-03-24,0022401039,0,0,TOR,2,0,-1,04:40,Off Block,1,Poole Offensive Foul Turnover (P1.T7),,WAS,TOR,WAS,1610612764,2025,1160.0,1160.0,1160.0,203114|1629673|1630551|1642259|1642267,1630534|1631115|1642347|1642367|1642419,2024-25,306
416314,04:40,"Mogbo P.FOUL (P3.T3) (R.Acosta)
Poole OFF.Foul (P2) (R.Acosta)
Poole Offensive Foul Turnover (P1.T7)
",0,0,0,0,2025-03-24,0022401039,0,0,TOR,2,0,-1,04:40,Off Block,1,Poole OFF.Foul (P2) (R.Acosta),,WAS,TOR,WAS,1610612764,2025,1160.0,1160.0,1160.0,203114|1629673|1630551|1642259|1642267,1630534|1631115|1642347|1642367|1642419,2024-25,306
416312,04:17,"Poole 3' Driving Layup (13 PTS) (Champagnie 2 AST)
",1,1,0,0,2025-03-24,0022401039,0,0,TOR,2,0,-2,04:26,Off FT Miss,0,Poole 3' Driving Layup (13 PTS) (Champagnie 2 AST),,WAS,TOR,WAS,1610612764,2025,1174.0,1183.0,1178.5,203114|1629673|1630551|1642259|1642267,1630534|1631115|1642347|1642367|1642419,2024-25,259
416313,04:40,"Mogbo P.FOUL (P3.T3) (R.Acosta)
Poole OFF.Foul (P2) (R.Acosta)
Poole Offensive Foul Turnover (P1.T7)
",0,0,0,0,2025-03-24,0022401039,0,0,TOR,2,0,-1,04:40,Off Block,1,Mogbo P.FOUL (P3.T3) (R.Acosta),,WAS,TOR,WAS,1610612764,2025,1160.0,1160.0,1160.0,203114|1629673|1630551|1642259|1642267,1630534|1631115|1642347|1642367|1642419,2024-25,306
416317,04:51,"MISS Sarr 9' Floating Jump Shot
Agbaji REBOUND (Off:0 Def:1)
",1,0,0,0,2025-03-24,0022401039,0,0,TOR,2,0,-1,05:06,Off Dead Ball,0,Agbaji REBOUND (Off:0 Def:1),,WAS,TOR,WAS,1610612764,2025,1134.0,1149.0,1141.5,203114|1629673|1630551|1642259|1642267,1630534|1631115|1642347|1642367|1642419,2024-25,293
416322,05:33,"MISS Carrington 26' 3PT Pullup Jump Shot
WIZARDS Rebound
Mogbo L.B.FOUL (P2.T2) (D.Scott)
MISS Carrington 28' 3PT Jump Shot
Mogbo REBOUND (Off:0 Def:3)
",0,0,2,0,2025-03-24,0022401039,0,1,TOR,2,0,-1,05:50,Off Short Mid-Range Miss,0,Mogbo L.B.FOUL (P2.T2) (D.Scott),,WAS,TOR,WAS,1610612764,2025,1090.0,1107.0,1098.5,203114|1629673|1641798|1642259|1642267,1630534|1631115|1642347|1642367|1642419,2024-25,276
416286,09:58,"MISS Carrington 5' Cutting Layup Shot: Barnes BLOCK (1 BLK)
Barnes REBOUND (Off:0 Def:1)
",1,0,0,0,2025-03-24,0022401039,0,0,TOR,1,0,5,10:14,Off Timeout,0,Barnes REBOUND (Off:0 Def:1),,WAS,TOR,WAS,1610612764,2025,106.0,122.0,114.0,203114|1629673|1630551|1642259|1642267,1627751|1630193|1630534|1630567|1642419,2024-25,24
416298,00:49,"Lawson S.FOUL (P1.PN) (R.Acosta)
Sarr Free Throw 1 of 2 (9 PTS)
MISS Sarr Free Throw 2 of 2
Barnes REBOUND (Off:2 Def:6)
",0,0,0,0,2025-03-24,0022401039,0,0,TOR,2,1,-3,01:02,Off Short Mid-Range Make,0,Barnes REBOUND (Off:2 Def:6),,WAS,TOR,WAS,1610612764,2025,1378.0,1391.0,1384.5,203114|1629673|1630551|1642259|1642267,1627751|1630193|1630534|1630567|1630639,2024-25,304
416371,03:34,"MISS Sarr 27' 3PT Jump Shot
Johnson REBOUND (Off:1 Def:4)
Johnson 26' 3PT Jump Shot (5 PTS) (Middleton 5 AST)
",0,0,2,1,2025-03-24,0022401039,0,1,TOR,3,0,-1,04:00,Off Steal,0,Johnson 26' 3PT Jump Shot (5 PTS) (Middleton 5 AST),,WAS,TOR,WAS,1610612764,2025,1920.0,1946.0,1933.0,203114|1629673|1641732|1642259|1642358,1630639|1630658|1631115|1642347|1642367,2024-25,432
416336,08:26,"MISS Vukcevic 14' Driving Floating Jump Shot
Poeltl REBOUND (Off:2 Def:5)
",1,0,0,0,2025-03-24,0022401039,0,0,TOR,2,0,3,08:46,Off FT Make,0,MISS Vukcevic 14' Driving Floating Jump Shot,,WAS,TOR,WAS,1610612764,2025,914.0,934.0,924.0,1630550|1641732|1641774|1641798|1642358,1627751|1630193|1630567|1630658|1642419,2024-25,233
416280,08:41,"Carrington Out of Bounds - Bad Pass Turnover Turnover (P1.T1)
",0,0,0,0,2025-03-24,0022401039,0,0,TOR,1,0,6,09:00,Off FT Make,1,Carrington Out of Bounds - Bad Pass Turnover Turnover (P1.T1),,WAS,TOR,WAS,1610612764,2025,180.0,199.0,189.5,203114|1629673|1630551|1642259|1642267,1627751|1630193|1630534|1630567|1642419,2024-25,39
416281,09:13,"Middleton 16' Pullup Jump Shot (2 PTS) (Carrington 1 AST)
Battle S.FOUL (P1.T1) (R.Acosta)
Middleton Free Throw 1 of 1 (3 PTS)
",1,1,0,0,2025-03-24,0022401039,0,0,TOR,1,1,5,09:23,Off Arc 3 Miss,0,Middleton 16' Pullup Jump Shot (2 PTS) (Carrington 1 AST),,WAS,TOR,WAS,1610612764,2025,157.0,167.0,162.0,203114|1629673|1630551|1642259|1642267,1627751|1630193|1630534|1630567|1642419,2024-25,26
416282,09:13,"Middleton 16' Pullup Jump Shot (2 PTS) (Carrington 1 AST)
Battle S.FOUL (P1.T1) (R.Acosta)
Middleton Free Throw 1 of 1 (3 PTS)
",1,1,0,0,2025-03-24,0022401039,0,0,TOR,1,1,5,09:23,Off Arc 3 Miss,0,Battle S.FOUL (P1.T1) (R.Acosta),,WAS,TOR,WAS,1610612764,2025,157.0,167.0,162.0,203114|1629673|1630551|1642259|1642267,1627751|1630193|1630534|1630567|1642419,2024-25,26
416283,09:13,"Middleton 16' Pullup Jump Shot (2 PTS) (Carrington 1 AST)
Battle S.FOUL (P1.T1) (R.Acosta)
Middleton Free Throw 1 of 1 (3 PTS)
",1,1,0,0,2025-03-24,0022401039,0,0,TOR,1,1,5,09:23,Off Arc 3 Miss,0,Middleton Free Throw 1 of 1 (3 PTS),,WAS,TOR,WAS,1610612764,2025,157.0,167.0,162.0,203114|1629673|1630551|1642259|1642267,1627751|1630193|1630534|1630567|1642419,2024-25,26
416284,09:41,"Poole 24' 3PT Jump Shot (3 PTS) (Middleton 1 AST)
",0,0,1,1,2025-03-24,0022401039,0,0,TOR,1,0,2,09:54,Off Arc 3 Make,0,Poole 24' 3PT Jump Shot (3 PTS) (Middleton 1 AST),,WAS,TOR,WAS,1610612764,2025,126.0,139.0,132.5,203114|1629673|1630551|1642259|1642267,1627751|1630193|1630534|1630567|1642419,2024-25,33
416285,09:58,"MISS Carrington 5' Cutting Layup Shot: Barnes BLOCK (1 BLK)
Barnes REBOUND (Off:0 Def:1)
",1,0,0,0,2025-03-24,0022401039,0,0,TOR,1,0,5,10:14,Off Timeout,0,MISS Carrington 5' Cutting Layup Shot: Barnes BLOCK (1 BLK),,WAS,TOR,WAS,1610612764,2025,106.0,122.0,114.0,203114|1629673|1630551|1642259|1642267,1627751|1630193|1630534|1630567|1642419,2024-25,24
416299,01:15,"MISS Poole 25' 3PT Jump Shot
Carrington REBOUND (Off:1 Def:4)
MISS Carrington 1' Tip Layup Shot
Carrington REBOUND (Off:2 Def:4)
Carrington 2' Tip Layup Shot (2 PTS)
",2,1,1,0,2025-03-24,0022401039,0,2,TOR,2,0,-3,01:48,Off At Rim Make,0,MISS Poole 25' 3PT Jump Shot,,WAS,TOR,WAS,1610612764,2025,1332.0,1365.0,1348.5,203114|1629673|1630551|1642259|1642267,1627751|1630193|1630534|1630567|1630639,2024-25,333
416311,03:53,"MISS Middleton 18' Pullup Jump Shot
Agbaji REBOUND (Off:0 Def:2)
",1,0,0,0,2025-03-24,0022401039,0,0,TOR,2,0,0,04:03,Off Arc 3 Miss,0,Agbaji REBOUND (Off:0 Def:2),,WAS,TOR,WAS,1610612764,2025,1197.0,1207.0,1202.0,203114|1629673|1630551|1642259|1642267,1630534|1631115|1642347|1642367|1642419,2024-25,280
416300,01:15,"MISS Poole 25' 3PT Jump Shot
Carrington REBOUND (Off:1 Def:4)
MISS Carrington 1' Tip Layup Shot
Carrington REBOUND (Off:2 Def:4)
Carrington 2' Tip Layup Shot (2 PTS)
",2,1,1,0,2025-03-24,0022401039,0,2,TOR,2,0,-3,01:48,Off At Rim Make,0,Carrington REBOUND (Off:1 Def:4),,WAS,TOR,WAS,1610612764,2025,1332.0,1365.0,1348.5,203114|1629673|1630551|1642259|1642267,1627751|1630193|1630534|1630567|1630639,2024-25,333
416301,01:15,"MISS Poole 25' 3PT Jump Shot
Carrington REBOUND (Off:1 Def:4)
MISS Carrington 1' Tip Layup Shot
Carrington REBOUND (Off:2 Def:4)
Carrington 2' Tip Layup Shot (2 PTS)
",2,1,1,0,2025-03-24,0022401039,0,2,TOR,2,0,-3,01:48,Off At Rim Make,0,MISS Carrington 1' Tip Layup Shot,,WAS,TOR,WAS,1610612764,2025,1332.0,1365.0,1348.5,203114|1629673|1630551|1642259|1642267,1627751|1630193|1630534|1630567|1630639,2024-25,333
416430,05:19,"Battle S.FOUL (P3.PN) (R.Acosta)
Mogbo T.FOUL (P3.PN) (R.Acosta)
Carrington Free Throw Technical (12 PTS)
Johnson Free Throw 1 of 2 (12 PTS)
Johnson Free Throw 2 of 2 (13 PTS)
",0,0,0,0,2025-03-24,0022401039,0,0,TOR,4,1,-10,05:41,Off Arc 3 Make,0,Carrington Free Throw Technical (12 PTS),,WAS,TOR,WAS,1610612764,2025,2539.0,2561.0,2550.0,1641732|1641774|1642259|1642267|1642358,1630534|1630658|1642347|1642367|1642419,2024-25,572
416309,03:06,"Robinson S.FOUL (P2.T4) (C.Blair)
Sarr Free Throw 1 of 2 (8 PTS)
MISS Sarr Free Throw 2 of 2
Barnes REBOUND (Off:2 Def:5)
",0,0,0,0,2025-03-24,0022401039,0,0,TOR,2,1,0,03:17,Off Timeout,0,Barnes REBOUND (Off:2 Def:5),,WAS,TOR,WAS,1610612764,2025,1243.0,1254.0,1248.5,203114|1629673|1630551|1642259|1642267,1630534|1631115|1642347|1642367|1642419,2024-25,337
416289,10:52,"MISS Middleton 13' Driving Hook Shot
George REBOUND (Off:1 Def:0)
Sarr 25' 3PT Jump Shot (3 PTS) (Poole 1 AST)
",1,0,1,1,2025-03-24,0022401039,0,1,TOR,1,0,0,11:23,Off Arc 3 Miss,0,George REBOUND (Off:1 Def:0),,WAS,TOR,WAS,1610612764,2025,37.0,68.0,52.5,203114|1629673|1642259|1642267|1642273,1627751|1630193|1630534|1630567|1642419,2024-25,12
416428,05:19,"Battle S.FOUL (P3.PN) (R.Acosta)
Mogbo T.FOUL (P3.PN) (R.Acosta)
Carrington Free Throw Technical (12 PTS)
Johnson Free Throw 1 of 2 (12 PTS)
Johnson Free Throw 2 of 2 (13 PTS)
",0,0,0,0,2025-03-24,0022401039,0,0,TOR,4,1,-10,05:41,Off Arc 3 Make,0,Battle S.FOUL (P3.PN) (R.Acosta),,WAS,TOR,WAS,1610612764,2025,2539.0,2561.0,2550.0,1641732|1641774|1642259|1642267|1642358,1630534|1630658|1642347|1642367|1642419,2024-25,572
416429,05:19,"Battle S.FOUL (P3.PN) (R.Acosta)
Mogbo T.FOUL (P3.PN) (R.Acosta)
Carrington Free Throw Technical (12 PTS)
Johnson Free Throw 1 of 2 (12 PTS)
Johnson Free Throw 2 of 2 (13 PTS)
",0,0,0,0,2025-03-24,0022401039,0,0,TOR,4,1,-10,05:41,Off Arc 3 Make,0,Mogbo T.FOUL (P3.PN) (R.Acosta),,WAS,TOR,WAS,1610612764,2025,2539.0,2561.0,2550.0,1641732|1641774|1642259|1642267|1642358,1630534|1630658|1642347|1642367|1642419,2024-25,572
416442,07:21,"Agbaji S.FOUL (P2.T3) (D.Scott)
Johnson Free Throw 1 of 2 (10 PTS)
Johnson Free Throw 2 of 2 (11 PTS)
",0,0,0,0,2025-03-24,0022401039,0,0,TOR,4,1,-5,07:38,Off Short Mid-Range Miss,0,Agbaji S.FOUL (P2.T3) (D.Scott),,WAS,TOR,WAS,1610612764,2025,2422.0,2439.0,2430.5,1630550|1641732|1641774|1642267|1642358,1630534|1630658|1642347|1642367|1642419,2024-25,576
416432,05:19,"Battle S.FOUL (P3.PN) (R.Acosta)
Mogbo T.FOUL (P3.PN) (R.Acosta)
Carrington Free Throw Technical (12 PTS)
Johnson Free Throw 1 of 2 (12 PTS)
Johnson Free Throw 2 of 2 (13 PTS)
",0,0,0,0,2025-03-24,0022401039,0,0,TOR,4,1,-10,05:41,Off Arc 3 Make,0,Johnson Free Throw 2 of 2 (13 PTS),,WAS,TOR,WAS,1610612764,2025,2539.0,2561.0,2550.0,1641732|1641774|1642259|1642267|1642358,1630534|1630658|1642347|1642367|1642419,2024-25,572
416433,05:52,"Castleton S.FOUL (P1.T4) (C.Blair)
Sarr Free Throw 1 of 2 (12 PTS)
MISS Sarr Free Throw 2 of 2
Castleton REBOUND (Off:1 Def:4)
",0,0,0,0,2025-03-24,0022401039,0,0,TOR,4,1,-8,05:59,Off Steal,0,Castleton S.FOUL (P1.T4) (C.Blair),,WAS,TOR,WAS,1610612764,2025,2521.0,2528.0,2524.5,1641732|1641774|1642259|1642267|1642358,1630534|1630658|1642347|1642367|1642419,2024-25,629
416434,05:52,"Castleton S.FOUL (P1.T4) (C.Blair)
Sarr Free Throw 1 of 2 (12 PTS)
MISS Sarr Free Throw 2 of 2
Castleton REBOUND (Off:1 Def:4)
",0,0,0,0,2025-03-24,0022401039,0,0,TOR,4,1,-8,05:59,Off Steal,0,Sarr Free Throw 1 of 2 (12 PTS),,WAS,TOR,WAS,1610612764,2025,2521.0,2528.0,2524.5,1641732|1641774|1642259|1642267|1642358,1630534|1630658|1642347|1642367|1642419,2024-25,629
416435,05:52,"Castleton S.FOUL (P1.T4) (C.Blair)
Sarr Free Throw 1 of 2 (12 PTS)
MISS Sarr Free Throw 2 of 2
Castleton REBOUND (Off:1 Def:4)
",0,0,0,0,2025-03-24,0022401039,0,0,TOR,4,1,-8,05:59,Off Steal,0,MISS Sarr Free Throw 2 of 2,,WAS,TOR,WAS,1610612764,2025,2521.0,2528.0,2524.5,1641732|1641774|1642259|1642267|1642358,1630534|1630658|1642347|1642367|1642419,2024-25,629
416436,05:52,"Castleton S.FOUL (P1.T4) (C.Blair)
Sarr Free Throw 1 of 2 (12 PTS)
MISS Sarr Free Throw 2 of 2
Castleton REBOUND (Off:1 Def:4)
",0,0,0,0,2025-03-24,0022401039,0,0,TOR,4,1,-8,05:59,Off Steal,0,Castleton REBOUND (Off:1 Def:4),,WAS,TOR,WAS,1610612764,2025,2521.0,2528.0,2524.5,1641732|1641774|1642259|1642267|1642358,1630534|1630658|1642347|1642367|1642419,2024-25,629
416437,06:11,"MISS Sarr 28' 3PT Jump Shot
Raptors Rebound
",0,0,1,0,2025-03-24,0022401039,0,0,TOR,4,0,-8,06:26,Off Timeout,0,MISS Sarr 28' 3PT Jump Shot,,WAS,TOR,WAS,1610612764,2025,2494.0,2509.0,2501.5,1641732|1641774|1642259|1642267|1642358,1630534|1630658|1642347|1642367|1642419,2024-25,658
416438,06:11,"MISS Sarr 28' 3PT Jump Shot
Raptors Rebound
",0,0,1,0,2025-03-24,0022401039,0,0,TOR,4,0,-8,06:26,Off Timeout,0,Raptors Rebound,,WAS,TOR,WAS,1610612764,2025,2494.0,2509.0,2501.5,1641732|1641774|1642259|1642267|1642358,1630534|1630658|1642347|1642367|1642419,2024-25,658
416310,03:53,"MISS Middleton 18' Pullup Jump Shot
Agbaji REBOUND (Off:0 Def:2)
",1,0,0,0,2025-03-24,0022401039,0,0,TOR,2,0,0,04:03,Off Arc 3 Miss,0,MISS Middleton 18' Pullup Jump Shot,,WAS,TOR,WAS,1610612764,2025,1197.0,1207.0,1202.0,203114|1629673|1630551|1642259|1642267,1630534|1631115|1642347|1642367|1642419,2024-25,280
416439,06:31,"MISS Sarr 9' Turnaround Hook Shot
Mogbo REBOUND (Off:3 Def:8)
",1,0,0,0,2025-03-24,0022401039,0,0,TOR,4,0,-5,06:50,Off Short Mid-Range Make,0,MISS Sarr 9' Turnaround Hook Shot,,WAS,TOR,WAS,1610612764,2025,2470.0,2489.0,2479.5,1641732|1641774|1642259|1642267|1642358,1630534|1630658|1642347|1642367|1642419,2024-25,579
416431,05:19,"Battle S.FOUL (P3.PN) (R.Acosta)
Mogbo T.FOUL (P3.PN) (R.Acosta)
Carrington Free Throw Technical (12 PTS)
Johnson Free Throw 1 of 2 (12 PTS)
Johnson Free Throw 2 of 2 (13 PTS)
",0,0,0,0,2025-03-24,0022401039,0,0,TOR,4,1,-10,05:41,Off Arc 3 Make,0,Johnson Free Throw 1 of 2 (12 PTS),,WAS,TOR,WAS,1610612764,2025,2539.0,2561.0,2550.0,1641732|1641774|1642259|1642267|1642358,1630534|1630658|1642347|1642367|1642419,2024-25,572
416372,04:05,"MISS Sarr 2' Cutting Dunk Shot
Mogbo REBOUND (Off:3 Def:5)
",1,0,0,0,2025-03-24,0022401039,0,0,TOR,3,0,-1,04:15,Off Arc 3 Miss,0,MISS Sarr 2' Cutting Dunk Shot,,WAS,TOR,WAS,1610612764,2025,1905.0,1915.0,1910.0,203114|1629673|1641732|1642259|1642358,1630639|1630658|1631115|1642347|1642367,2024-25,457
416464,11:24,"Vukcevic 2' Cutting Dunk Shot (9 PTS) (Jones 1 AST)
Robinson S.FOUL (P4.T1) (C.Blair)
MISS Vukcevic Free Throw 1 of 1
Poeltl REBOUND (Off:3 Def:7)
",1,1,0,0,2025-03-24,0022401039,0,0,TOR,4,1,-2,11:33,Off Short Mid-Range Miss,0,Poeltl REBOUND (Off:3 Def:7),,WAS,TOR,WAS,1610612764,2025,2187.0,2196.0,2191.5,203935|1630550|1641732|1641774|1642358,1627751|1630193|1630567|1630639|1631115,2024-25,496
416370,03:34,"MISS Sarr 27' 3PT Jump Shot
Johnson REBOUND (Off:1 Def:4)
Johnson 26' 3PT Jump Shot (5 PTS) (Middleton 5 AST)
",0,0,2,1,2025-03-24,0022401039,0,1,TOR,3,0,-1,04:00,Off Steal,0,Johnson REBOUND (Off:1 Def:4),,WAS,TOR,WAS,1610612764,2025,1920.0,1946.0,1933.0,203114|1629673|1641732|1642259|1642358,1630639|1630658|1631115|1642347|1642367,2024-25,432
416302,01:15,"MISS Poole 25' 3PT Jump Shot
Carrington REBOUND (Off:1 Def:4)
MISS Carrington 1' Tip Layup Shot
Carrington REBOUND (Off:2 Def:4)
Carrington 2' Tip Layup Shot (2 PTS)
",2,1,1,0,2025-03-24,0022401039,0,2,TOR,2,0,-3,01:48,Off At Rim Make,0,Carrington REBOUND (Off:2 Def:4),,WAS,TOR,WAS,1610612764,2025,1332.0,1365.0,1348.5,203114|1629673|1630551|1642259|1642267,1627751|1630193|1630534|1630567|1630639,2024-25,333
416303,01:15,"MISS Poole 25' 3PT Jump Shot
Carrington REBOUND (Off:1 Def:4)
MISS Carrington 1' Tip Layup Shot
Carrington REBOUND (Off:2 Def:4)
Carrington 2' Tip Layup Shot (2 PTS)
",2,1,1,0,2025-03-24,0022401039,0,2,TOR,2,0,-3,01:48,Off At Rim Make,0,Carrington 2' Tip Layup Shot (2 PTS),,WAS,TOR,WAS,1610612764,2025,1332.0,1365.0,1348.5,203114|1629673|1630551|1642259|1642267,1627751|1630193|1630534|1630567|1630639,2024-25,333
416304,01:52,"Sarr Lost Ball Turnover (P2.T8): Barnes STEAL (3 STL)
",0,0,0,0,2025-03-24,0022401039,0,0,TOR,2,0,-1,02:05,Off Long Mid-Range Make,1,Sarr Lost Ball Turnover (P2.T8): Barnes STEAL (3 STL),,WAS,TOR,WAS,1610612764,2025,1315.0,1328.0,1321.5,203114|1629673|1630551|1642259|1642267,1627751|1630193|1630534|1630567|1630639,2024-25,303
416305,02:33,"Poole Driving Finger Roll Layup (15 PTS) (Carrington 2 AST)
",1,1,0,0,2025-03-24,0022401039,0,0,TOR,2,0,-1,02:53,Off Long Mid-Range Make,0,Poole Driving Finger Roll Layup (15 PTS) (Carrington 2 AST),,WAS,TOR,WAS,1610612764,2025,1267.0,1287.0,1277.0,203114|1629673|1630551|1642259|1642267,1627751|1630193|1630534|1630567|1630639,2024-25,292
416306,03:06,"Robinson S.FOUL (P2.T4) (C.Blair)
Sarr Free Throw 1 of 2 (8 PTS)
MISS Sarr Free Throw 2 of 2
Barnes REBOUND (Off:2 Def:5)
",0,0,0,0,2025-03-24,0022401039,0,0,TOR,2,1,0,03:17,Off Timeout,0,Robinson S.FOUL (P2.T4) (C.Blair),,WAS,TOR,WAS,1610612764,2025,1243.0,1254.0,1248.5,203114|1629673|1630551|1642259|1642267,1630534|1631115|1642347|1642367|1642419,2024-25,337
416307,03:06,"Robinson S.FOUL (P2.T4) (C.Blair)
Sarr Free Throw 1 of 2 (8 PTS)
MISS Sarr Free Throw 2 of 2
Barnes REBOUND (Off:2 Def:5)
",0,0,0,0,2025-03-24,0022401039,0,0,TOR,2,1,0,03:17,Off Timeout,0,Sarr Free Throw 1 of 2 (8 PTS),,WAS,TOR,WAS,1610612764,2025,1243.0,1254.0,1248.5,203114|1629673|1630551|1642259|1642267,1630534|1631115|1642347|1642367|1642419,2024-25,337
416308,03:06,"Robinson S.FOUL (P2.T4) (C.Blair)
Sarr Free Throw 1 of 2 (8 PTS)
MISS Sarr Free Throw 2 of 2
Barnes REBOUND (Off:2 Def:5)
",0,0,0,0,2025-03-24,0022401039,0,0,TOR,2,1,0,03:17,Off Timeout,0,MISS Sarr Free Throw 2 of 2,,WAS,TOR,WAS,1610612764,2025,1243.0,1254.0,1248.5,203114|1629673|1630551|1642259|1642267,1630534|1631115|1642347|1642367|1642419,2024-25,337
416440,06:31,"MISS Sarr 9' Turnaround Hook Shot
Mogbo REBOUND (Off:3 Def:8)
",1,0,0,0,2025-03-24,0022401039,0,0,TOR,4,0,-5,06:50,Off Short Mid-Range Make,0,Mogbo REBOUND (Off:3 Def:8),,WAS,TOR,WAS,1610612764,2025,2470.0,2489.0,2479.5,1641732|1641774|1642259|1642267|1642358,1630534|1630658|1642347|1642367|1642419,2024-25,579
416290,10:52,"MISS Middleton 13' Driving Hook Shot
George REBOUND (Off:1 Def:0)
Sarr 25' 3PT Jump Shot (3 PTS) (Poole 1 AST)
",1,0,1,1,2025-03-24,0022401039,0,1,TOR,1,0,0,11:23,Off Arc 3 Miss,0,Sarr 25' 3PT Jump Shot (3 PTS) (Poole 1 AST),,WAS,TOR,WAS,1610612764,2025,37.0,68.0,52.5,203114|1629673|1642259|1642267|1642273,1627751|1630193|1630534|1630567|1642419,2024-25,12
416340,09:12,"MISS Vukcevic 7' Driving Layup
Poeltl REBOUND (Off:2 Def:4)
",1,0,0,0,2025-03-24,0022401039,0,0,TOR,2,0,3,09:33,Off FT Make,0,Poeltl REBOUND (Off:2 Def:4),,WAS,TOR,WAS,1610612764,2025,867.0,888.0,877.5,203935|1630550|1641732|1641774|1642358,1627751|1630193|1630567|1630658|1642419,2024-25,215
416292,11:37,"MISS Poole 24' 3PT Step Back Jump Shot
Quickley REBOUND (Off:0 Def:1)
",0,0,1,0,2025-03-24,0022401039,0,0,TOR,1,0,0,11:46,Off Steal,0,Quickley REBOUND (Off:0 Def:1),,WAS,TOR,WAS,1610612764,2025,14.0,23.0,18.5,203114|1629673|1642259|1642267|1642273,1627751|1630193|1630534|1630567|1642419,2024-25,7
416360,01:05,"MISS Smart 3' Driving Layup: Barnes BLOCK (2 BLK)
WIZARDS Rebound
Smart Bad Pass Turnover (P2.T14): Poeltl STEAL (2 STL)
",1,0,0,0,2025-03-24,0022401039,0,1,TOR,3,0,-1,01:31,Off Corner 3 Make,1,WIZARDS Rebound,,WAS,TOR,WAS,1610612764,2025,2069.0,2095.0,2082.0,203935|1630550|1641732|1641774|1642358,1627751|1630193|1630567|1630639|1630658,2024-25,554
416348,10:45,"MISS Johnson 5' Driving Layup
Poeltl REBOUND (Off:2 Def:3)
",1,0,0,0,2025-03-24,0022401039,0,0,TOR,2,0,5,11:06,Off Short Mid-Range Make,0,MISS Johnson 5' Driving Layup,,WAS,TOR,WAS,1610612764,2025,774.0,795.0,784.5,203935|1630550|1641732|1641774|1642358,1627751|1630193|1630567|1630658|1642419,2024-25,177
416357,00:48,"MISS Johnson 2' Driving Layup
Poeltl REBOUND (Off:3 Def:6)
",1,0,0,0,2025-03-24,0022401039,0,0,TOR,3,0,-2,01:01,Off FT Make,0,MISS Johnson 2' Driving Layup,,WAS,TOR,WAS,1610612764,2025,2099.0,2112.0,2105.5,203935|1630550|1641732|1641774|1642358,1627751|1630193|1630567|1630639|1630658,2024-25,562
416346,10:32,"MISS Vukcevic 14' Running Pull-Up Jump Shot
Barnes REBOUND (Off:1 Def:3)
",1,0,0,0,2025-03-24,0022401039,0,0,TOR,2,0,5,10:41,Off Steal,0,MISS Vukcevic 14' Running Pull-Up Jump Shot,,WAS,TOR,WAS,1610612764,2025,799.0,808.0,803.5,203935|1630550|1641732|1641774|1642358,1627751|1630193|1630567|1630658|1642419,2024-25,182
416347,10:32,"MISS Vukcevic 14' Running Pull-Up Jump Shot
Barnes REBOUND (Off:1 Def:3)
",1,0,0,0,2025-03-24,0022401039,0,0,TOR,2,0,5,10:41,Off Steal,0,Barnes REBOUND (Off:1 Def:3),,WAS,TOR,WAS,1610612764,2025,799.0,808.0,803.5,203935|1630550|1641732|1641774|1642358,1627751|1630193|1630567|1630658|1642419,2024-25,182
416327,06:10,"MISS Martin 8' Driving Floating Jump Shot
Martin REBOUND (Off:1 Def:1)
MISS Sarr 26' 3PT Jump Shot
Thor REBOUND (Off:1 Def:1)
Thor 2' Putback Layup (2 PTS)
",2,1,1,0,2025-03-24,0022401039,0,2,TOR,2,0,-3,06:40,Off At Rim Make,0,MISS Sarr 26' 3PT Jump Shot,,WAS,TOR,WAS,1610612764,2025,1040.0,1070.0,1055.0,1630550|1641798|1642259|1642267|1642358,1630658|1631115|1642347|1642367|1642419,2024-25,268
416328,06:10,"MISS Martin 8' Driving Floating Jump Shot
Martin REBOUND (Off:1 Def:1)
MISS Sarr 26' 3PT Jump Shot
Thor REBOUND (Off:1 Def:1)
Thor 2' Putback Layup (2 PTS)
",2,1,1,0,2025-03-24,0022401039,0,2,TOR,2,0,-3,06:40,Off At Rim Make,0,Thor REBOUND (Off:1 Def:1),,WAS,TOR,WAS,1610612764,2025,1040.0,1070.0,1055.0,1630550|1641798|1642259|1642267|1642358,1630658|1631115|1642347|1642367|1642419,2024-25,268
416329,06:10,"MISS Martin 8' Driving Floating Jump Shot
Martin REBOUND (Off:1 Def:1)
MISS Sarr 26' 3PT Jump Shot
Thor REBOUND (Off:1 Def:1)
Thor 2' Putback Layup (2 PTS)
",2,1,1,0,2025-03-24,0022401039,0,2,TOR,2,0,-3,06:40,Off At Rim Make,0,Thor 2' Putback Layup (2 PTS),,WAS,TOR,WAS,1610612764,2025,1040.0,1070.0,1055.0,1630550|1641798|1642259|1642267|1642358,1630658|1631115|1642347|1642367|1642419,2024-25,268
416330,06:43,"Carrington Bad Pass Turnover (P2.T6): Mogbo STEAL (1 STL)
",0,0,0,0,2025-03-24,0022401039,0,0,TOR,2,0,-1,06:58,Off Short Mid-Range Miss,1,Carrington Bad Pass Turnover (P2.T6): Mogbo STEAL (1 STL),,WAS,TOR,WAS,1610612764,2025,1022.0,1037.0,1029.5,1630550|1641798|1642259|1642267|1642358,1630658|1631115|1642347|1642367|1642419,2024-25,251
416331,07:07,"MISS Carrington 26' 3PT Pullup Jump Shot
Castleton REBOUND (Off:1 Def:1)
",0,0,1,0,2025-03-24,0022401039,0,0,TOR,2,0,-1,07:24,Off Timeout,0,MISS Carrington 26' 3PT Pullup Jump Shot,,WAS,TOR,WAS,1610612764,2025,996.0,1013.0,1004.5,1630550|1641798|1642259|1642267|1642358,1630658|1631115|1642347|1642367|1642419,2024-25,250
416332,07:07,"MISS Carrington 26' 3PT Pullup Jump Shot
Castleton REBOUND (Off:1 Def:1)
",0,0,1,0,2025-03-24,0022401039,0,0,TOR,2,0,-1,07:24,Off Timeout,0,Castleton REBOUND (Off:1 Def:1),,WAS,TOR,WAS,1610612764,2025,996.0,1013.0,1004.5,1630550|1641798|1642259|1642267|1642358,1630658|1631115|1642347|1642367|1642419,2024-25,250
416369,03:34,"MISS Sarr 27' 3PT Jump Shot
Johnson REBOUND (Off:1 Def:4)
Johnson 26' 3PT Jump Shot (5 PTS) (Middleton 5 AST)
",0,0,2,1,2025-03-24,0022401039,0,1,TOR,3,0,-1,04:00,Off Steal,0,MISS Sarr 27' 3PT Jump Shot,,WAS,TOR,WAS,1610612764,2025,1920.0,1946.0,1933.0,203114|1629673|1641732|1642259|1642358,1630639|1630658|1631115|1642347|1642367,2024-25,432
416333,07:29,"Johnson Bad Pass Turnover (P1.T5): Barnes STEAL (2 STL)
",0,0,0,0,2025-03-24,0022401039,0,0,TOR,2,0,1,07:41,Off Corner 3 Miss,1,Johnson Bad Pass Turnover (P1.T5): Barnes STEAL (2 STL),,WAS,TOR,WAS,1610612764,2025,979.0,991.0,985.0,1630550|1641732|1641774|1641798|1642358,1627751|1630193|1630567|1630658|1642419,2024-25,247
416335,07:49,"MISS Vukcevic 25' 3PT Pullup Jump Shot
Barnes REBOUND (Off:2 Def:4)
",0,0,1,0,2025-03-24,0022401039,0,0,TOR,2,0,1,08:11,Off At Rim Make,0,Barnes REBOUND (Off:2 Def:4),,WAS,TOR,WAS,1610612764,2025,949.0,971.0,960.0,1630550|1641732|1641774|1641798|1642358,1627751|1630193|1630567|1630658|1642419,2024-25,242
416326,06:10,"MISS Martin 8' Driving Floating Jump Shot
Martin REBOUND (Off:1 Def:1)
MISS Sarr 26' 3PT Jump Shot
Thor REBOUND (Off:1 Def:1)
Thor 2' Putback Layup (2 PTS)
",2,1,1,0,2025-03-24,0022401039,0,2,TOR,2,0,-3,06:40,Off At Rim Make,0,Martin REBOUND (Off:1 Def:1),,WAS,TOR,WAS,1610612764,2025,1040.0,1070.0,1055.0,1630550|1641798|1642259|1642267|1642358,1630658|1631115|1642347|1642367|1642419,2024-25,268
416337,08:26,"MISS Vukcevic 14' Driving Floating Jump Shot
Poeltl REBOUND (Off:2 Def:5)
",1,0,0,0,2025-03-24,0022401039,0,0,TOR,2,0,3,08:46,Off FT Make,0,Poeltl REBOUND (Off:2 Def:5),,WAS,TOR,WAS,1610612764,2025,914.0,934.0,924.0,1630550|1641732|1641774|1641798|1642358,1627751|1630193|1630567|1630658|1642419,2024-25,233
416338,09:00,"Johnson 2' Running Alley Oop Dunk Shot (2 PTS) (Vukcevic 1 AST)
",1,1,0,0,2025-03-24,0022401039,0,0,TOR,2,0,3,09:02,Off Block,0,Johnson 2' Running Alley Oop Dunk Shot (2 PTS) (Vukcevic 1 AST),,WAS,TOR,WAS,1610612764,2025,898.0,900.0,899.0,1630550|1641732|1641774|1641798|1642358,1627751|1630193|1630567|1630658|1642419,2024-25,230
416339,09:12,"MISS Vukcevic 7' Driving Layup
Poeltl REBOUND (Off:2 Def:4)
",1,0,0,0,2025-03-24,0022401039,0,0,TOR,2,0,3,09:33,Off FT Make,0,MISS Vukcevic 7' Driving Layup,,WAS,TOR,WAS,1610612764,2025,867.0,888.0,877.5,203935|1630550|1641732|1641774|1642358,1627751|1630193|1630567|1630658|1642419,2024-25,215
416341,09:50,"Smart Lost Ball Turnover (P1.T4): Barnes STEAL (1 STL)
",0,0,0,0,2025-03-24,0022401039,0,0,TOR,2,0,4,10:00,Off Short Mid-Range Make,1,Smart Lost Ball Turnover (P1.T4): Barnes STEAL (1 STL),,WAS,TOR,WAS,1610612764,2025,840.0,850.0,845.0,203935|1630550|1641732|1641774|1642358,1627751|1630193|1630567|1630658|1642419,2024-25,193
416342,10:15,"Barnes S.FOUL (P2.T1) (D.Scott)
MISS Vukcevic Free Throw 1 of 2
WIZARDS Rebound
Vukcevic Free Throw 2 of 2 (7 PTS)
",0,0,0,0,2025-03-24,0022401039,0,0,TOR,2,1,5,10:24,Off Arc 3 Miss,0,Barnes S.FOUL (P2.T1) (D.Scott),,WAS,TOR,WAS,1610612764,2025,816.0,825.0,820.5,203935|1630550|1641732|1641774|1642358,1627751|1630193|1630567|1630658|1642419,2024-25,184
416343,10:15,"Barnes S.FOUL (P2.T1) (D.Scott)
MISS Vukcevic Free Throw 1 of 2
WIZARDS Rebound
Vukcevic Free Throw 2 of 2 (7 PTS)
",0,0,0,0,2025-03-24,0022401039,0,0,TOR,2,1,5,10:24,Off Arc 3 Miss,0,MISS Vukcevic Free Throw 1 of 2,,WAS,TOR,WAS,1610612764,2025,816.0,825.0,820.5,203935|1630550|1641732|1641774|1642358,1627751|1630193|1630567|1630658|1642419,2024-25,184
416344,10:15,"Barnes S.FOUL (P2.T1) (D.Scott)
MISS Vukcevic Free Throw 1 of 2
WIZARDS Rebound
Vukcevic Free Throw 2 of 2 (7 PTS)
",0,0,0,0,2025-03-24,0022401039,0,0,TOR,2,1,5,10:24,Off Arc 3 Miss,0,WIZARDS Rebound,,WAS,TOR,WAS,1610612764,2025,816.0,825.0,820.5,203935|1630550|1641732|1641774|1642358,1627751|1630193|1630567|1630658|1642419,2024-25,184
416345,10:15,"Barnes S.FOUL (P2.T1) (D.Scott)
MISS Vukcevic Free Throw 1 of 2
WIZARDS Rebound
Vukcevic Free Throw 2 of 2 (7 PTS)
",0,0,0,0,2025-03-24,0022401039,0,0,TOR,2,1,5,10:24,Off Arc 3 Miss,0,Vukcevic Free Throw 2 of 2 (7 PTS),,WAS,TOR,WAS,1610612764,2025,816.0,825.0,820.5,203935|1630550|1641732|1641774|1642358,1627751|1630193|1630567|1630658|1642419,2024-25,184
416427,04:47,"Carrington Lost Ball Turnover (P3.T17): Mogbo STEAL (2 STL)
",0,0,0,0,2025-03-24,0022401039,0,0,TOR,4,0,-9,05:05,Off At Rim Make,1,Carrington Lost Ball Turnover (P3.T17): Mogbo STEAL (2 STL),,WAS,TOR,WAS,1610612764,2025,2575.0,2593.0,2584.0,1641732|1641774|1642259|1642267|1642358,1630534|1630639|1631115|1642347|1642367,2024-25,688
416334,07:49,"MISS Vukcevic 25' 3PT Pullup Jump Shot
Barnes REBOUND (Off:2 Def:4)
",0,0,1,0,2025-03-24,0022401039,0,0,TOR,2,0,1,08:11,Off At Rim Make,0,MISS Vukcevic 25' 3PT Pullup Jump Shot,,WAS,TOR,WAS,1610612764,2025,949.0,971.0,960.0,1630550|1641732|1641774|1641798|1642358,1627751|1630193|1630567|1630658|1642419,2024-25,242
416368,03:03,"MISS Johnson 7' Driving Layup
Castleton REBOUND (Off:1 Def:2)
",1,0,0,0,2025-03-24,0022401039,0,0,TOR,3,0,2,03:20,Off Corner 3 Miss,0,Castleton REBOUND (Off:1 Def:2),,WAS,TOR,WAS,1610612764,2025,1960.0,1977.0,1968.5,203935|1630550|1641732|1641774|1642358,1630639|1630658|1631115|1642347|1642367,2024-25,523
416367,03:03,"MISS Johnson 7' Driving Layup
Castleton REBOUND (Off:1 Def:2)
",1,0,0,0,2025-03-24,0022401039,0,0,TOR,3,0,2,03:20,Off Corner 3 Miss,0,MISS Johnson 7' Driving Layup,,WAS,TOR,WAS,1610612764,2025,1960.0,1977.0,1968.5,203935|1630550|1641732|1641774|1642358,1630639|1630658|1631115|1642347|1642367,2024-25,523
416366,02:32,"MISS Thor 24' 3PT Jump Shot
Mogbo REBOUND (Off:3 Def:6)
",0,0,1,0,2025-03-24,0022401039,0,0,TOR,3,0,-1,02:55,Off Arc 3 Make,0,Mogbo REBOUND (Off:3 Def:6),,WAS,TOR,WAS,1610612764,2025,1985.0,2008.0,1996.5,203935|1630550|1641732|1641774|1642358,1630639|1630658|1631115|1642347|1642367,2024-25,526
416293,00:04,"Poole Lost Ball Turnover (P2.T9)
",0,0,0,0,2025-03-24,0022401039,0,0,TOR,2,0,0,00:06,Off Timeout,1,Poole Lost Ball Turnover (P2.T9),,WAS,TOR,WAS,1610612764,2025,1434.0,1436.0,1435.0,203114|1629673|1630551|1642259|1642267,1627751|1630193|1630534|1630567|1630639,2024-25,313
416294,00:27,"Carrington 1' Running Dunk (4 PTS) (Middleton 2 AST)
",1,1,0,0,2025-03-24,0022401039,0,0,TOR,2,0,-2,00:30,Off Corner 3 Miss,0,Carrington 1' Running Dunk (4 PTS) (Middleton 2 AST),,WAS,TOR,WAS,1610612764,2025,1410.0,1413.0,1411.5,203114|1629673|1630551|1642259|1642267,1627751|1630193|1630534|1630567|1630639,2024-25,310
416295,00:49,"Lawson S.FOUL (P1.PN) (R.Acosta)
Sarr Free Throw 1 of 2 (9 PTS)
MISS Sarr Free Throw 2 of 2
Barnes REBOUND (Off:2 Def:6)
",0,0,0,0,2025-03-24,0022401039,0,0,TOR,2,1,-3,01:02,Off Short Mid-Range Make,0,Lawson S.FOUL (P1.PN) (R.Acosta),,WAS,TOR,WAS,1610612764,2025,1378.0,1391.0,1384.5,203114|1629673|1630551|1642259|1642267,1627751|1630193|1630534|1630567|1630639,2024-25,304
416296,00:49,"Lawson S.FOUL (P1.PN) (R.Acosta)
Sarr Free Throw 1 of 2 (9 PTS)
MISS Sarr Free Throw 2 of 2
Barnes REBOUND (Off:2 Def:6)
",0,0,0,0,2025-03-24,0022401039,0,0,TOR,2,1,-3,01:02,Off Short Mid-Range Make,0,Sarr Free Throw 1 of 2 (9 PTS),,WAS,TOR,WAS,1610612764,2025,1378.0,1391.0,1384.5,203114|1629673|1630551|1642259|1642267,1627751|1630193|1630534|1630567|1630639,2024-25,304
416297,00:49,"Lawson S.FOUL (P1.PN) (R.Acosta)
Sarr Free Throw 1 of 2 (9 PTS)
MISS Sarr Free Throw 2 of 2
Barnes REBOUND (Off:2 Def:6)
",0,0,0,0,2025-03-24,0022401039,0,0,TOR,2,1,-3,01:02,Off Short Mid-Range Make,0,MISS Sarr Free Throw 2 of 2,,WAS,TOR,WAS,1610612764,2025,1378.0,1391.0,1384.5,203114|1629673|1630551|1642259|1642267,1627751|1630193|1630534|1630567|1630639,2024-25,304
416288,10:52,"MISS Middleton 13' Driving Hook Shot
George REBOUND (Off:1 Def:0)
Sarr 25' 3PT Jump Shot (3 PTS) (Poole 1 AST)
",1,0,1,1,2025-03-24,0022401039,0,1,TOR,1,0,0,11:23,Off Arc 3 Miss,0,MISS Middleton 13' Driving Hook Shot,,WAS,TOR,WAS,1610612764,2025,37.0,68.0,52.5,203114|1629673|1642259|1642267|1642273,1627751|1630193|1630534|1630567|1642419,2024-25,12
416323,05:33,"MISS Carrington 26' 3PT Pullup Jump Shot
WIZARDS Rebound
Mogbo L.B.FOUL (P2.T2) (D.Scott)
MISS Carrington 28' 3PT Jump Shot
Mogbo REBOUND (Off:0 Def:3)
",0,0,2,0,2025-03-24,0022401039,0,1,TOR,2,0,-1,05:50,Off Short Mid-Range Miss,0,MISS Carrington 28' 3PT Jump Shot,,WAS,TOR,WAS,1610612764,2025,1090.0,1107.0,1098.5,203114|1629673|1641798|1642259|1642267,1630534|1631115|1642347|1642367|1642419,2024-25,276
416278,08:05,"Battle S.FOUL (P2.T2) (C.Blair)
Middleton Free Throw 1 of 2 (4 PTS)
Middleton Free Throw 2 of 2 (5 PTS)
",0,0,0,0,2025-03-24,0022401039,0,0,TOR,1,1,4,08:20,Off At Rim Make,0,Middleton Free Throw 1 of 2 (4 PTS),,WAS,TOR,WAS,1610612764,2025,220.0,235.0,227.5,203114|1629673|1630551|1642259|1642267,1627751|1630193|1630534|1630567|1642419,2024-25,50
416325,06:10,"MISS Martin 8' Driving Floating Jump Shot
Martin REBOUND (Off:1 Def:1)
MISS Sarr 26' 3PT Jump Shot
Thor REBOUND (Off:1 Def:1)
Thor 2' Putback Layup (2 PTS)
",2,1,1,0,2025-03-24,0022401039,0,2,TOR,2,0,-3,06:40,Off At Rim Make,0,MISS Martin 8' Driving Floating Jump Shot,,WAS,TOR,WAS,1610612764,2025,1040.0,1070.0,1055.0,1630550|1641798|1642259|1642267|1642358,1630658|1631115|1642347|1642367|1642419,2024-25,268
416350,11:25,"Smart 26' 3PT Jump Shot (4 PTS) (Johnson 2 AST)
",0,0,1,1,2025-03-24,0022401039,0,0,TOR,2,0,4,11:32,Off Corner 3 Miss,0,Smart 26' 3PT Jump Shot (4 PTS) (Johnson 2 AST),,WAS,TOR,WAS,1610612764,2025,748.0,755.0,751.5,203935|1630550|1641732|1641774|1642358,1627751|1630193|1630567|1630658|1642419,2024-25,189
416351,11:46,"Jones OFF.Foul (P1) (C.Blair)
Jones Offensive Foul Turnover (P1.T3)
",0,0,0,0,2025-03-24,0022401039,0,0,TOR,2,0,4,12:00,Off Dead Ball,1,Jones OFF.Foul (P1) (C.Blair),,WAS,TOR,WAS,1610612764,2025,720.0,734.0,727.0,203935|1630550|1641732|1641774|1642358,1627751|1630193|1630567|1630658|1642419,2024-25,167
416352,11:46,"Jones OFF.Foul (P1) (C.Blair)
Jones Offensive Foul Turnover (P1.T3)
",0,0,0,0,2025-03-24,0022401039,0,0,TOR,2,0,4,12:00,Off Dead Ball,1,Jones Offensive Foul Turnover (P1.T3),,WAS,TOR,WAS,1610612764,2025,720.0,734.0,727.0,203935|1630550|1641732|1641774|1642358,1627751|1630193|1630567|1630658|1642419,2024-25,167
416353,00:00,"MISS Jones 28' 3PT Pullup Jump Shot
WIZARDS Rebound
",0,0,1,0,2025-03-24,0022401039,0,0,TOR,3,0,-2,00:10,Off Short Mid-Range Miss,0,MISS Jones 28' 3PT Pullup Jump Shot,,WAS,TOR,WAS,1610612764,2025,2150.0,2160.0,2155.0,203935|1630550|1641732|1641774|1642358,1627751|1630193|1630567|1630639|1630658,2024-25,464
416354,00:00,"MISS Jones 28' 3PT Pullup Jump Shot
WIZARDS Rebound
",0,0,1,0,2025-03-24,0022401039,0,0,TOR,3,0,-2,00:10,Off Short Mid-Range Miss,0,WIZARDS Rebound,,WAS,TOR,WAS,1610612764,2025,2150.0,2160.0,2155.0,203935|1630550|1641732|1641774|1642358,1627751|1630193|1630567|1630639|1630658,2024-25,464
416355,00:26,"MISS Thor 7' Driving Layup
Quickley REBOUND (Off:2 Def:2)
",1,0,0,0,2025-03-24,0022401039,0,0,TOR,3,0,-2,00:38,Off Corner 3 Miss,0,MISS Thor 7' Driving Layup,,WAS,TOR,WAS,1610612764,2025,2122.0,2134.0,2128.0,203935|1630550|1641732|1641774|1642358,1627751|1630193|1630567|1630639|1630658,2024-25,461
416356,00:26,"MISS Thor 7' Driving Layup
Quickley REBOUND (Off:2 Def:2)
",1,0,0,0,2025-03-24,0022401039,0,0,TOR,3,0,-2,00:38,Off Corner 3 Miss,0,Quickley REBOUND (Off:2 Def:2),,WAS,TOR,WAS,1610612764,2025,2122.0,2134.0,2128.0,203935|1630550|1641732|1641774|1642358,1627751|1630193|1630567|1630639|1630658,2024-25,461
416324,05:33,"MISS Carrington 26' 3PT Pullup Jump Shot
WIZARDS Rebound
Mogbo L.B.FOUL (P2.T2) (D.Scott)
MISS Carrington 28' 3PT Jump Shot
Mogbo REBOUND (Off:0 Def:3)
",0,0,2,0,2025-03-24,0022401039,0,1,TOR,2,0,-1,05:50,Off Short Mid-Range Miss,0,Mogbo REBOUND (Off:0 Def:3),,WAS,TOR,WAS,1610612764,2025,1090.0,1107.0,1098.5,203114|1629673|1641798|1642259|1642267,1630534|1631115|1642347|1642367|1642419,2024-25,276
416358,00:48,"MISS Johnson 2' Driving Layup
Poeltl REBOUND (Off:3 Def:6)
",1,0,0,0,2025-03-24,0022401039,0,0,TOR,3,0,-2,01:01,Off FT Make,0,Poeltl REBOUND (Off:3 Def:6),,WAS,TOR,WAS,1610612764,2025,2099.0,2112.0,2105.5,203935|1630550|1641732|1641774|1642358,1627751|1630193|1630567|1630639|1630658,2024-25,562
416349,10:45,"MISS Johnson 5' Driving Layup
Poeltl REBOUND (Off:2 Def:3)
",1,0,0,0,2025-03-24,0022401039,0,0,TOR,2,0,5,11:06,Off Short Mid-Range Make,0,Poeltl REBOUND (Off:2 Def:3),,WAS,TOR,WAS,1610612764,2025,774.0,795.0,784.5,203935|1630550|1641732|1641774|1642358,1627751|1630193|1630567|1630658|1642419,2024-25,177
416359,01:05,"MISS Smart 3' Driving Layup: Barnes BLOCK (2 BLK)
WIZARDS Rebound
Smart Bad Pass Turnover (P2.T14): Poeltl STEAL (2 STL)
",1,0,0,0,2025-03-24,0022401039,0,1,TOR,3,0,-1,01:31,Off Corner 3 Make,1,MISS Smart 3' Driving Layup: Barnes BLOCK (2 BLK),,WAS,TOR,WAS,1610612764,2025,2069.0,2095.0,2082.0,203935|1630550|1641732|1641774|1642358,1627751|1630193|1630567|1630639|1630658,2024-25,554
416361,01:05,"MISS Smart 3' Driving Layup: Barnes BLOCK (2 BLK)
WIZARDS Rebound
Smart Bad Pass Turnover (P2.T14): Poeltl STEAL (2 STL)
",1,0,0,0,2025-03-24,0022401039,0,1,TOR,3,0,-1,01:31,Off Corner 3 Make,1,Smart Bad Pass Turnover (P2.T14): Poeltl STEAL (2 STL),,WAS,TOR,WAS,1610612764,2025,2069.0,2095.0,2082.0,203935|1630550|1641732|1641774|1642358,1627751|1630193|1630567|1630639|1630658,2024-25,554
416362,01:46,"Johnson 2' Running Reverse Layup (7 PTS) (Smart 1 AST)
",1,1,0,0,2025-03-24,0022401039,0,0,TOR,3,0,0,01:51,Off Steal,0,Johnson 2' Running Reverse Layup (7 PTS) (Smart 1 AST),,WAS,TOR,WAS,1610612764,2025,2049.0,2054.0,2051.5,203935|1630550|1641732|1641774|1642358,1627751|1630193|1630567|1630639|1630658,2024-25,550
416363,02:09,"Barnes P.FOUL (P3.T2) (C.Blair)
Smart 9' Fadeaway Jumper (6 PTS)
",1,1,0,0,2025-03-24,0022401039,0,0,TOR,3,0,-2,02:29,Off FT Make,0,Barnes P.FOUL (P3.T2) (C.Blair),,WAS,TOR,WAS,1610612764,2025,2011.0,2031.0,2021.0,203935|1630550|1641732|1641774|1642358,1627751|1630193|1630567|1630639|1642367,2024-25,512
416364,02:09,"Barnes P.FOUL (P3.T2) (C.Blair)
Smart 9' Fadeaway Jumper (6 PTS)
",1,1,0,0,2025-03-24,0022401039,0,0,TOR,3,0,-2,02:29,Off FT Make,0,Smart 9' Fadeaway Jumper (6 PTS),,WAS,TOR,WAS,1610612764,2025,2011.0,2031.0,2021.0,203935|1630550|1641732|1641774|1642358,1627751|1630193|1630567|1630639|1642367,2024-25,512
416365,02:32,"MISS Thor 24' 3PT Jump Shot
Mogbo REBOUND (Off:3 Def:6)
",0,0,1,0,2025-03-24,0022401039,0,0,TOR,3,0,-1,02:55,Off Arc 3 Make,0,MISS Thor 24' 3PT Jump Shot,,WAS,TOR,WAS,1610612764,2025,1985.0,2008.0,1996.5,203935|1630550|1641732|1641774|1642358,1630639|1630658|1631115|1642347|1642367,2024-25,526
416291,11:37,"MISS Poole 24' 3PT Step Back Jump Shot
Quickley REBOUND (Off:0 Def:1)
",0,0,1,0,2025-03-24,0022401039,0,0,TOR,1,0,0,11:46,Off Steal,0,MISS Poole 24' 3PT Step Back Jump Shot,,WAS,TOR,WAS,1610612764,2025,14.0,23.0,18.5,203114|1629673|1642259|1642267|1642273,1627751|1630193|1630534|1630567|1642419,2024-25,7
416426,04:29,"MISS Carrington 27' 3PT Pullup Jump Shot
Sarr REBOUND (Off:1 Def:4)
Sarr 3' Putback Layup (14 PTS)
",1,1,1,0,2025-03-24,0022401039,0,1,TOR,4,0,-10,04:42,Off FT Miss,0,Sarr 3' Putback Layup (14 PTS),,WAS,TOR,WAS,1610612764,2025,2598.0,2611.0,2604.5,1641732|1641774|1642259|1642267|1642358,1630534|1630639|1631115|1642347|1642367,2024-25,579
416279,08:05,"Battle S.FOUL (P2.T2) (C.Blair)
Middleton Free Throw 1 of 2 (4 PTS)
Middleton Free Throw 2 of 2 (5 PTS)
",0,0,0,0,2025-03-24,0022401039,0,0,TOR,1,1,4,08:20,Off At Rim Make,0,Middleton Free Throw 2 of 2 (5 PTS),,WAS,TOR,WAS,1610612764,2025,220.0,235.0,227.5,203114|1629673|1630551|1642259|1642267,1627751|1630193|1630534|1630567|1642419,2024-25,50
416424,04:29,"MISS Carrington 27' 3PT Pullup Jump Shot
Sarr REBOUND (Off:1 Def:4)
Sarr 3' Putback Layup (14 PTS)
",1,1,1,0,2025-03-24,0022401039,0,1,TOR,4,0,-10,04:42,Off FT Miss,0,MISS Carrington 27' 3PT Pullup Jump Shot,,WAS,TOR,WAS,1610612764,2025,2598.0,2611.0,2604.5,1641732|1641774|1642259|1642267|1642358,1630534|1630639|1631115|1642347|1642367,2024-25,579
416253,02:46,"MISS Champagnie 30' 3PT Jump Shot
Lawson REBOUND (Off:0 Def:1)
",0,0,1,0,2025-03-24,0022401039,0,0,TOR,1,0,2,03:09,Off Arc 3 Make,0,MISS Champagnie 30' 3PT Jump Shot,,WAS,TOR,WAS,1610612764,2025,531.0,554.0,542.5,203935|1630551|1641732|1641774|1642358,1630567|1630639|1631115|1642347|1642367,2024-25,103
416254,02:46,"MISS Champagnie 30' 3PT Jump Shot
Lawson REBOUND (Off:0 Def:1)
",0,0,1,0,2025-03-24,0022401039,0,0,TOR,1,0,2,03:09,Off Arc 3 Make,0,Lawson REBOUND (Off:0 Def:1),,WAS,TOR,WAS,1610612764,2025,531.0,554.0,542.5,203935|1630551|1641732|1641774|1642358,1630567|1630639|1631115|1642347|1642367,2024-25,103
416255,03:25,"Mogbo P.FOUL (P1.PN) (R.Acosta)
Jones Free Throw 1 of 2 (1 PTS)
Jones Free Throw 2 of 2 (2 PTS)
",0,0,0,0,2025-03-24,0022401039,1,0,TOR,1,0,3,03:40,Off At Rim Make,0,Mogbo P.FOUL (P1.PN) (R.Acosta),,WAS,TOR,WAS,1610612764,2025,500.0,515.0,507.5,203935|1630551|1641732|1642259|1642358,1630534|1630639|1631115|1642347|1642367,2024-25,122
416249,01:17,"MISS Thor 3PT Jump Shot
Barnes REBOUND (Off:1 Def:2)
",0,0,1,0,2025-03-24,0022401039,0,0,TOR,1,0,5,01:34,Off Dead Ball,0,Barnes REBOUND (Off:1 Def:2),,WAS,TOR,WAS,1610612764,2025,626.0,643.0,634.5,203935|1630550|1641732|1641774|1642358,1630193|1630567|1630639|1631115|1642347,2024-25,137
416450,09:30,"MISS Jones 27' 3PT Running Jump Shot
Jones REBOUND (Off:1 Def:3)
MISS Jones 5' Driving Layup: Quickley BLOCK (1 BLK)
Castleton REBOUND (Off:1 Def:3)
",1,0,1,0,2025-03-24,0022401039,0,1,TOR,4,0,0,09:38,Off Short Mid-Range Miss,0,MISS Jones 27' 3PT Running Jump Shot,,WAS,TOR,WAS,1610612764,2025,2302.0,2310.0,2306.0,1630550|1641732|1641774|1642267|1642358,1627751|1630193|1630567|1630639|1630658,2024-25,547
416275,07:38,"Poeltl P.FOUL (P1.T3) (D.Scott)
Barnes S.FOUL (P1.T4) (C.Blair)
MISS Sarr Free Throw 1 of 2
WIZARDS Rebound
MISS Sarr Free Throw 2 of 2
Poeltl REBOUND (Off:2 Def:1)
",0,0,0,0,2025-03-24,0022401039,0,0,TOR,1,1,4,08:00,Off FT Make,0,MISS Sarr Free Throw 2 of 2,,WAS,TOR,WAS,1610612764,2025,240.0,262.0,251.0,203114|1629673|1630551|1642259|1642267,1627751|1630193|1630534|1630567|1642367,2024-25,57
416277,08:05,"Battle S.FOUL (P2.T2) (C.Blair)
Middleton Free Throw 1 of 2 (4 PTS)
Middleton Free Throw 2 of 2 (5 PTS)
",0,0,0,0,2025-03-24,0022401039,0,0,TOR,1,1,4,08:20,Off At Rim Make,0,Battle S.FOUL (P2.T2) (C.Blair),,WAS,TOR,WAS,1610612764,2025,220.0,235.0,227.5,203114|1629673|1630551|1642259|1642267,1627751|1630193|1630534|1630567|1642419,2024-25,50
416398,10:44,"MISS Sarr 3' Cutting Layup Shot: Poeltl BLOCK (2 BLK)
Battle REBOUND (Off:0 Def:1)
",1,0,0,0,2025-03-24,0022401039,0,0,TOR,3,0,-4,11:02,Off Arc 3 Miss,0,MISS Sarr 3' Cutting Layup Shot: Poeltl BLOCK (2 BLK),,WAS,TOR,WAS,1610612764,2025,1498.0,1516.0,1507.0,203114|1629673|1630551|1642259|1642267,1627751|1630193|1630534|1630567|1642419,2024-25,404
416399,10:44,"MISS Sarr 3' Cutting Layup Shot: Poeltl BLOCK (2 BLK)
Battle REBOUND (Off:0 Def:1)
",1,0,0,0,2025-03-24,0022401039,0,0,TOR,3,0,-4,11:02,Off Arc 3 Miss,0,Battle REBOUND (Off:0 Def:1),,WAS,TOR,WAS,1610612764,2025,1498.0,1516.0,1507.0,203114|1629673|1630551|1642259|1642267,1627751|1630193|1630534|1630567|1642419,2024-25,404
416400,11:21,"Middleton Out of Bounds - Bad Pass Turnover Turnover (P1.T11)
",0,0,0,0,2025-03-24,0022401039,0,0,TOR,3,0,-4,11:40,Off At Rim Make,1,Middleton Out of Bounds - Bad Pass Turnover Turnover (P1.T11),,WAS,TOR,WAS,1610612764,2025,1460.0,1479.0,1469.5,203114|1629673|1630551|1642259|1642267,1627751|1630193|1630534|1630567|1642419,2024-25,359
416401,11:46,"Poole Bad Pass Turnover (P3.T10): Poeltl STEAL (1 STL)
",0,0,0,0,2025-03-24,0022401039,0,0,TOR,3,0,-2,12:00,Off Dead Ball,1,Poole Bad Pass Turnover (P3.T10): Poeltl STEAL (1 STL),,WAS,TOR,WAS,1610612764,2025,1440.0,1454.0,1447.0,203114|1629673|1630551|1642259|1642267,1627751|1630193|1630534|1630567|1642419,2024-25,347
416252,02:25,"Vukcevic 26' 3PT Jump Shot (3 PTS) (Champagnie 1 AST)
",0,0,1,1,2025-03-24,0022401039,0,0,TOR,1,0,2,02:34,Off Long Mid-Range Miss,0,Vukcevic 26' 3PT Jump Shot (3 PTS) (Champagnie 1 AST),,WAS,TOR,WAS,1610612764,2025,566.0,575.0,570.5,203935|1630551|1641732|1641774|1642358,1630567|1630639|1631115|1642347|1642367,2024-25,122
416402,00:18,"Carrington 21' Pullup Jump Shot (15 PTS)
",1,1,0,0,2025-03-24,0022401039,0,0,TOR,4,0,-10,00:29,Off Dead Ball,0,Carrington 21' Pullup Jump Shot (15 PTS),,WAS,TOR,WAS,1610612764,2025,2851.0,2862.0,2856.5,1641732|1641774|1642259|1642267|1642358,1630534|1630639|1630658|1642367|1642419,2024-25,676
416404,00:47,"MISS Sarr 24' 3PT Jump Shot
Castleton REBOUND (Off:1 Def:5)
",0,0,1,0,2025-03-24,0022401039,0,0,TOR,4,0,-10,01:05,Off Short Mid-Range Make,0,Castleton REBOUND (Off:1 Def:5),,WAS,TOR,WAS,1610612764,2025,2815.0,2833.0,2824.0,1641732|1641774|1642259|1642267|1642358,1630534|1630639|1630658|1642367|1642419,2024-25,702
416405,01:26,"Vukcevic Running Dunk (11 PTS) (Johnson 3 AST)
",1,1,0,0,2025-03-24,0022401039,0,0,TOR,4,0,-10,01:27,Off Corner 3 Miss,0,Vukcevic Running Dunk (11 PTS) (Johnson 3 AST),,WAS,TOR,WAS,1610612764,2025,2793.0,2794.0,2793.5,1641732|1641774|1642259|1642267|1642358,1630534|1630639|1630658|1642367|1642419,2024-25,748
416406,01:45,"Robinson S.FOUL (P6.PN) (R.Acosta)
Johnson Free Throw 1 of 2 (16 PTS)
Johnson Free Throw 2 of 2 (17 PTS)
",0,0,0,0,2025-03-24,0022401039,0,0,TOR,4,1,-12,01:53,Off At Rim Make,0,Robinson S.FOUL (P6.PN) (R.Acosta),,WAS,TOR,WAS,1610612764,2025,2767.0,2775.0,2771.0,1641732|1641774|1642259|1642267|1642358,1630534|1630639|1631115|1642367|1642419,2024-25,632
416407,01:45,"Robinson S.FOUL (P6.PN) (R.Acosta)
Johnson Free Throw 1 of 2 (16 PTS)
Johnson Free Throw 2 of 2 (17 PTS)
",0,0,0,0,2025-03-24,0022401039,0,0,TOR,4,1,-12,01:53,Off At Rim Make,0,Johnson Free Throw 1 of 2 (16 PTS),,WAS,TOR,WAS,1610612764,2025,2767.0,2775.0,2771.0,1641732|1641774|1642259|1642267|1642358,1630534|1630639|1631115|1642367|1642419,2024-25,632
416408,01:45,"Robinson S.FOUL (P6.PN) (R.Acosta)
Johnson Free Throw 1 of 2 (16 PTS)
Johnson Free Throw 2 of 2 (17 PTS)
",0,0,0,0,2025-03-24,0022401039,0,0,TOR,4,1,-12,01:53,Off At Rim Make,0,Johnson Free Throw 2 of 2 (17 PTS),,WAS,TOR,WAS,1610612764,2025,2767.0,2775.0,2771.0,1641732|1641774|1642259|1642267|1642358,1630534|1630639|1631115|1642367|1642419,2024-25,632
416409,02:04,"MISS Sarr 4' Turnaround Hook Shot
Robinson REBOUND (Off:4 Def:3)
",1,0,0,0,2025-03-24,0022401039,0,0,TOR,4,0,-10,02:20,Off Timeout,0,MISS Sarr 4' Turnaround Hook Shot,,WAS,TOR,WAS,1610612764,2025,2740.0,2756.0,2748.0,1641732|1641774|1642259|1642267|1642358,1630534|1630639|1631115|1642367|1642419,2024-25,734
416410,02:04,"MISS Sarr 4' Turnaround Hook Shot
Robinson REBOUND (Off:4 Def:3)
",1,0,0,0,2025-03-24,0022401039,0,0,TOR,4,0,-10,02:20,Off Timeout,0,Robinson REBOUND (Off:4 Def:3),,WAS,TOR,WAS,1610612764,2025,2740.0,2756.0,2748.0,1641732|1641774|1642259|1642267|1642358,1630534|1630639|1631115|1642367|1642419,2024-25,734
416411,02:32,"MISS Carrington 3PT Pullup Jump Shot
Vukcevic REBOUND (Off:1 Def:3)
MISS Vukcevic 24' 3PT Pullup Jump Shot
Battle REBOUND (Off:0 Def:3)
",0,0,2,0,2025-03-24,0022401039,0,1,TOR,4,0,-8,02:57,Off Short Mid-Range Make,0,MISS Carrington 3PT Pullup Jump Shot,,WAS,TOR,WAS,1610612764,2025,2703.0,2728.0,2715.5,1641732|1641774|1642259|1642267|1642358,1630534|1630639|1631115|1642367|1642419,2024-25,729
416412,02:32,"MISS Carrington 3PT Pullup Jump Shot
Vukcevic REBOUND (Off:1 Def:3)
MISS Vukcevic 24' 3PT Pullup Jump Shot
Battle REBOUND (Off:0 Def:3)
",0,0,2,0,2025-03-24,0022401039,0,1,TOR,4,0,-8,02:57,Off Short Mid-Range Make,0,Vukcevic REBOUND (Off:1 Def:3),,WAS,TOR,WAS,1610612764,2025,2703.0,2728.0,2715.5,1641732|1641774|1642259|1642267|1642358,1630534|1630639|1631115|1642367|1642419,2024-25,729
416413,02:32,"MISS Carrington 3PT Pullup Jump Shot
Vukcevic REBOUND (Off:1 Def:3)
MISS Vukcevic 24' 3PT Pullup Jump Shot
Battle REBOUND (Off:0 Def:3)
",0,0,2,0,2025-03-24,0022401039,0,1,TOR,4,0,-8,02:57,Off Short Mid-Range Make,0,MISS Vukcevic 24' 3PT Pullup Jump Shot,,WAS,TOR,WAS,1610612764,2025,2703.0,2728.0,2715.5,1641732|1641774|1642259|1642267|1642358,1630534|1630639|1631115|1642367|1642419,2024-25,729
416414,02:32,"MISS Carrington 3PT Pullup Jump Shot
Vukcevic REBOUND (Off:1 Def:3)
MISS Vukcevic 24' 3PT Pullup Jump Shot
Battle REBOUND (Off:0 Def:3)
",0,0,2,0,2025-03-24,0022401039,0,1,TOR,4,0,-8,02:57,Off Short Mid-Range Make,0,Battle REBOUND (Off:0 Def:3),,WAS,TOR,WAS,1610612764,2025,2703.0,2728.0,2715.5,1641732|1641774|1642259|1642267|1642358,1630534|1630639|1631115|1642367|1642419,2024-25,729
416403,00:47,"MISS Sarr 24' 3PT Jump Shot
Castleton REBOUND (Off:1 Def:5)
",0,0,1,0,2025-03-24,0022401039,0,0,TOR,4,0,-10,01:05,Off Short Mid-Range Make,0,MISS Sarr 24' 3PT Jump Shot,,WAS,TOR,WAS,1610612764,2025,2815.0,2833.0,2824.0,1641732|1641774|1642259|1642267|1642358,1630534|1630639|1630658|1642367|1642419,2024-25,702
416251,01:38,"MISS Jones 7' Driving Layup
Mogbo REBOUND (Off:0 Def:2)
",1,0,0,0,2025-03-24,0022401039,0,0,TOR,1,0,5,01:57,Off Arc 3 Miss,0,Mogbo REBOUND (Off:0 Def:2),,WAS,TOR,WAS,1610612764,2025,603.0,622.0,612.5,203935|1630551|1641732|1641774|1642358,1630567|1630639|1631115|1642347|1642367,2024-25,152
416250,01:38,"MISS Jones 7' Driving Layup
Mogbo REBOUND (Off:0 Def:2)
",1,0,0,0,2025-03-24,0022401039,0,0,TOR,1,0,5,01:57,Off Arc 3 Miss,0,MISS Jones 7' Driving Layup,,WAS,TOR,WAS,1610612764,2025,603.0,622.0,612.5,203935|1630551|1641732|1641774|1642358,1630567|1630639|1631115|1642347|1642367,2024-25,152
416248,01:17,"MISS Thor 3PT Jump Shot
Barnes REBOUND (Off:1 Def:2)
",0,0,1,0,2025-03-24,0022401039,0,0,TOR,1,0,5,01:34,Off Dead Ball,0,MISS Thor 3PT Jump Shot,,WAS,TOR,WAS,1610612764,2025,626.0,643.0,634.5,203935|1630550|1641732|1641774|1642358,1630193|1630567|1630639|1631115|1642347,2024-25,137
416425,04:29,"MISS Carrington 27' 3PT Pullup Jump Shot
Sarr REBOUND (Off:1 Def:4)
Sarr 3' Putback Layup (14 PTS)
",1,1,1,0,2025-03-24,0022401039,0,1,TOR,4,0,-10,04:42,Off FT Miss,0,Sarr REBOUND (Off:1 Def:4),,WAS,TOR,WAS,1610612764,2025,2598.0,2611.0,2604.5,1641732|1641774|1642259|1642267|1642358,1630534|1630639|1631115|1642347|1642367,2024-25,579
416260,04:55,"MISS Middleton 26' 3PT Pullup Jump Shot
Mogbo REBOUND (Off:0 Def:1)
",0,0,1,0,2025-03-24,0022401039,0,0,TOR,1,0,7,05:04,Off At Rim Miss,0,MISS Middleton 26' 3PT Pullup Jump Shot,,WAS,TOR,WAS,1610612764,2025,416.0,425.0,420.5,203114|1629673|1630551|1642259|1642358,1627751|1630534|1630639|1642347|1642367,2024-25,90
416265,06:11,"Agbaji P.FOUL (P1.PN) (D.Scott)
Poole Free Throw 1 of 2 (7 PTS)
Poole Free Throw 2 of 2 (8 PTS)
",0,0,0,0,2025-03-24,0022401039,1,0,TOR,1,0,3,06:20,Off Long Mid-Range Make,0,Agbaji P.FOUL (P1.PN) (D.Scott),,WAS,TOR,WAS,1610612764,2025,340.0,349.0,344.5,203114|1629673|1630551|1642259|1642267,1627751|1630193|1630534|1630567|1642367,2024-25,83
416261,04:55,"MISS Middleton 26' 3PT Pullup Jump Shot
Mogbo REBOUND (Off:0 Def:1)
",0,0,1,0,2025-03-24,0022401039,0,0,TOR,1,0,7,05:04,Off At Rim Miss,0,Mogbo REBOUND (Off:0 Def:1),,WAS,TOR,WAS,1610612764,2025,416.0,425.0,420.5,203114|1629673|1630551|1642259|1642358,1627751|1630534|1630639|1642347|1642367,2024-25,90
416262,05:13,"MISS Poole 5' Driving Layup: Poeltl BLOCK (1 BLK)
Shead REBOUND (Off:0 Def:1)
",1,0,0,0,2025-03-24,0022401039,0,0,TOR,1,0,7,05:27,Off FT Make,0,MISS Poole 5' Driving Layup: Poeltl BLOCK (1 BLK),,WAS,TOR,WAS,1610612764,2025,393.0,407.0,400.0,203114|1629673|1630551|1642259|1642358,1627751|1630534|1630639|1642347|1642367,2024-25,101
416263,05:13,"MISS Poole 5' Driving Layup: Poeltl BLOCK (1 BLK)
Shead REBOUND (Off:0 Def:1)
",1,0,0,0,2025-03-24,0022401039,0,0,TOR,1,0,7,05:27,Off FT Make,0,Shead REBOUND (Off:0 Def:1),,WAS,TOR,WAS,1610612764,2025,393.0,407.0,400.0,203114|1629673|1630551|1642259|1642358,1627751|1630534|1630639|1642347|1642367,2024-25,101
416264,05:42,"Poole 26' 3PT Step Back Jump Shot (11 PTS)
",0,0,1,1,2025-03-24,0022401039,0,0,TOR,1,0,5,05:49,Off At Rim Miss,0,Poole 26' 3PT Step Back Jump Shot (11 PTS),,WAS,TOR,WAS,1610612764,2025,371.0,378.0,374.5,203114|1629673|1630551|1642259|1642267,1627751|1630534|1630639|1642347|1642367,2024-25,94
416266,06:11,"Agbaji P.FOUL (P1.PN) (D.Scott)
Poole Free Throw 1 of 2 (7 PTS)
Poole Free Throw 2 of 2 (8 PTS)
",0,0,0,0,2025-03-24,0022401039,1,0,TOR,1,0,3,06:20,Off Long Mid-Range Make,0,Poole Free Throw 1 of 2 (7 PTS),,WAS,TOR,WAS,1610612764,2025,340.0,349.0,344.5,203114|1629673|1630551|1642259|1642267,1627751|1630193|1630534|1630567|1642367,2024-25,83
416270,07:06,"MISS Sarr 26' 3PT Jump Shot
Poeltl REBOUND (Off:2 Def:2)
",0,0,1,0,2025-03-24,0022401039,0,0,TOR,1,0,4,07:19,Off Arc 3 Miss,0,Poeltl REBOUND (Off:2 Def:2),,WAS,TOR,WAS,1610612764,2025,281.0,294.0,287.5,203114|1629673|1630551|1642259|1642267,1627751|1630193|1630534|1630567|1642367,2024-25,72
416269,07:06,"MISS Sarr 26' 3PT Jump Shot
Poeltl REBOUND (Off:2 Def:2)
",0,0,1,0,2025-03-24,0022401039,0,0,TOR,1,0,4,07:19,Off Arc 3 Miss,0,MISS Sarr 26' 3PT Jump Shot,,WAS,TOR,WAS,1610612764,2025,281.0,294.0,287.5,203114|1629673|1630551|1642259|1642267,1627751|1630193|1630534|1630567|1642367,2024-25,72
416271,07:38,"Poeltl P.FOUL (P1.T3) (D.Scott)
Barnes S.FOUL (P1.T4) (C.Blair)
MISS Sarr Free Throw 1 of 2
WIZARDS Rebound
MISS Sarr Free Throw 2 of 2
Poeltl REBOUND (Off:2 Def:1)
",0,0,0,0,2025-03-24,0022401039,0,0,TOR,1,1,4,08:00,Off FT Make,0,Poeltl P.FOUL (P1.T3) (D.Scott),,WAS,TOR,WAS,1610612764,2025,240.0,262.0,251.0,203114|1629673|1630551|1642259|1642267,1627751|1630193|1630534|1630567|1642367,2024-25,57
416272,07:38,"Poeltl P.FOUL (P1.T3) (D.Scott)
Barnes S.FOUL (P1.T4) (C.Blair)
MISS Sarr Free Throw 1 of 2
WIZARDS Rebound
MISS Sarr Free Throw 2 of 2
Poeltl REBOUND (Off:2 Def:1)
",0,0,0,0,2025-03-24,0022401039,0,0,TOR,1,1,4,08:00,Off FT Make,0,Barnes S.FOUL (P1.T4) (C.Blair),,WAS,TOR,WAS,1610612764,2025,240.0,262.0,251.0,203114|1629673|1630551|1642259|1642267,1627751|1630193|1630534|1630567|1642367,2024-25,57
416273,07:38,"Poeltl P.FOUL (P1.T3) (D.Scott)
Barnes S.FOUL (P1.T4) (C.Blair)
MISS Sarr Free Throw 1 of 2
WIZARDS Rebound
MISS Sarr Free Throw 2 of 2
Poeltl REBOUND (Off:2 Def:1)
",0,0,0,0,2025-03-24,0022401039,0,0,TOR,1,1,4,08:00,Off FT Make,0,MISS Sarr Free Throw 1 of 2,,WAS,TOR,WAS,1610612764,2025,240.0,262.0,251.0,203114|1629673|1630551|1642259|1642267,1627751|1630193|1630534|1630567|1642367,2024-25,57
416259,04:22,"Sarr 9' Driving Hook Shot (7 PTS)
",1,1,0,0,2025-03-24,0022401039,0,0,TOR,1,0,5,04:39,Off Timeout,0,Sarr 9' Driving Hook Shot (7 PTS),,WAS,TOR,WAS,1610612764,2025,441.0,458.0,449.5,203114|1629673|1630551|1642259|1642358,1627751|1630534|1630639|1642347|1642367,2024-25,89
416267,06:11,"Agbaji P.FOUL (P1.PN) (D.Scott)
Poole Free Throw 1 of 2 (7 PTS)
Poole Free Throw 2 of 2 (8 PTS)
",0,0,0,0,2025-03-24,0022401039,1,0,TOR,1,0,3,06:20,Off Long Mid-Range Make,0,Poole Free Throw 2 of 2 (8 PTS),,WAS,TOR,WAS,1610612764,2025,340.0,349.0,344.5,203114|1629673|1630551|1642259|1642267,1627751|1630193|1630534|1630567|1642367,2024-25,83
416258,03:44,"Sarr Lost Ball Turnover (P1.T2): Lawson STEAL (1 STL)
",0,0,0,0,2025-03-24,0022401039,0,0,TOR,1,0,5,03:58,Off Short Mid-Range Make,1,Sarr Lost Ball Turnover (P1.T2): Lawson STEAL (1 STL),,WAS,TOR,WAS,1610612764,2025,482.0,496.0,489.0,203935|1630551|1641732|1642259|1642358,1630534|1630639|1631115|1642347|1642367,2024-25,119
416246,00:34,"Robinson P.FOUL (P1.PN) (R.Acosta)
Smart Free Throw 1 of 2 (1 PTS)
MISS Smart Free Throw 2 of 2
Lawson REBOUND (Off:0 Def:2)
",0,0,0,0,2025-03-24,0022401039,1,0,TOR,1,0,5,00:49,Off FT Make,0,Lawson REBOUND (Off:0 Def:2),,WAS,TOR,WAS,1610612764,2025,671.0,686.0,678.5,203935|1630550|1641732|1641774|1642358,1630193|1630567|1630639|1631115|1642347,2024-25,145
416256,03:25,"Mogbo P.FOUL (P1.PN) (R.Acosta)
Jones Free Throw 1 of 2 (1 PTS)
Jones Free Throw 2 of 2 (2 PTS)
",0,0,0,0,2025-03-24,0022401039,1,0,TOR,1,0,3,03:40,Off At Rim Make,0,Jones Free Throw 1 of 2 (1 PTS),,WAS,TOR,WAS,1610612764,2025,500.0,515.0,507.5,203935|1630551|1641732|1642259|1642358,1630534|1630639|1631115|1642347|1642367,2024-25,122
416241,00:00,"MISS Smart 28' 3PT Step Back Jump Shot
WIZARDS Rebound
",0,0,1,0,2025-03-24,0022401039,0,0,TOR,1,0,4,00:17,Off FT Make,0,MISS Smart 28' 3PT Step Back Jump Shot,,WAS,TOR,WAS,1610612764,2025,703.0,720.0,711.5,203935|1630550|1641732|1641774|1642358,1630193|1630567|1630639|1631115|1642347,2024-25,171
416242,00:00,"MISS Smart 28' 3PT Step Back Jump Shot
WIZARDS Rebound
",0,0,1,0,2025-03-24,0022401039,0,0,TOR,1,0,4,00:17,Off FT Make,0,WIZARDS Rebound,,WAS,TOR,WAS,1610612764,2025,703.0,720.0,711.5,203935|1630550|1641732|1641774|1642358,1630193|1630567|1630639|1631115|1642347,2024-25,171
416243,00:34,"Robinson P.FOUL (P1.PN) (R.Acosta)
Smart Free Throw 1 of 2 (1 PTS)
MISS Smart Free Throw 2 of 2
Lawson REBOUND (Off:0 Def:2)
",0,0,0,0,2025-03-24,0022401039,1,0,TOR,1,0,5,00:49,Off FT Make,0,Robinson P.FOUL (P1.PN) (R.Acosta),,WAS,TOR,WAS,1610612764,2025,671.0,686.0,678.5,203935|1630550|1641732|1641774|1642358,1630193|1630567|1630639|1631115|1642347,2024-25,145
416244,00:34,"Robinson P.FOUL (P1.PN) (R.Acosta)
Smart Free Throw 1 of 2 (1 PTS)
MISS Smart Free Throw 2 of 2
Lawson REBOUND (Off:0 Def:2)
",0,0,0,0,2025-03-24,0022401039,1,0,TOR,1,0,5,00:49,Off FT Make,0,Smart Free Throw 1 of 2 (1 PTS),,WAS,TOR,WAS,1610612764,2025,671.0,686.0,678.5,203935|1630550|1641732|1641774|1642358,1630193|1630567|1630639|1631115|1642347,2024-25,145
416245,00:34,"Robinson P.FOUL (P1.PN) (R.Acosta)
Smart Free Throw 1 of 2 (1 PTS)
MISS Smart Free Throw 2 of 2
Lawson REBOUND (Off:0 Def:2)
",0,0,0,0,2025-03-24,0022401039,1,0,TOR,1,0,5,00:49,Off FT Make,0,MISS Smart Free Throw 2 of 2,,WAS,TOR,WAS,1610612764,2025,671.0,686.0,678.5,203935|1630550|1641732|1641774|1642358,1630193|1630567|1630639|1631115|1642347,2024-25,145
416247,00:56,"Vukcevic 27' 3PT Jump Shot (6 PTS) (Johnson 1 AST)
",0,0,1,1,2025-03-24,0022401039,0,0,TOR,1,0,5,01:14,Off Dead Ball,0,Vukcevic 27' 3PT Jump Shot (6 PTS) (Johnson 1 AST),,WAS,TOR,WAS,1610612764,2025,646.0,664.0,655.0,203935|1630550|1641732|1641774|1642358,1630193|1630567|1630639|1631115|1642347,2024-25,155
416257,03:25,"Mogbo P.FOUL (P1.PN) (R.Acosta)
Jones Free Throw 1 of 2 (1 PTS)
Jones Free Throw 2 of 2 (2 PTS)
",0,0,0,0,2025-03-24,0022401039,1,0,TOR,1,0,3,03:40,Off At Rim Make,0,Jones Free Throw 2 of 2 (2 PTS),,WAS,TOR,WAS,1610612764,2025,500.0,515.0,507.5,203935|1630551|1641732|1642259|1642358,1630534|1630639|1631115|1642347|1642367,2024-25,122
416415,03:23,"Agbaji P.FOUL (P4.PN) (D.Scott)
Carrington Free Throw 1 of 2 (13 PTS)
MISS Carrington Free Throw 2 of 2
Robinson REBOUND (Off:4 Def:2)
",0,0,0,0,2025-03-24,0022401039,1,0,TOR,4,0,-7,03:28,Off Steal,0,Agbaji P.FOUL (P4.PN) (D.Scott),,WAS,TOR,WAS,1610612764,2025,2672.0,2677.0,2674.5,1641732|1641774|1642259|1642267|1642358,1630534|1630639|1631115|1642367|1642419,2024-25,675
416416,03:23,"Agbaji P.FOUL (P4.PN) (D.Scott)
Carrington Free Throw 1 of 2 (13 PTS)
MISS Carrington Free Throw 2 of 2
Robinson REBOUND (Off:4 Def:2)
",0,0,0,0,2025-03-24,0022401039,1,0,TOR,4,0,-7,03:28,Off Steal,0,Carrington Free Throw 1 of 2 (13 PTS),,WAS,TOR,WAS,1610612764,2025,2672.0,2677.0,2674.5,1641732|1641774|1642259|1642267|1642358,1630534|1630639|1631115|1642367|1642419,2024-25,675
416268,06:31,"Poole 33' 3PT Pullup Jump Shot (6 PTS)
",0,0,1,1,2025-03-24,0022401039,0,0,TOR,1,0,2,06:54,Off Short Mid-Range Make,0,Poole 33' 3PT Pullup Jump Shot (6 PTS),,WAS,TOR,WAS,1610612764,2025,306.0,329.0,317.5,203114|1629673|1630551|1642259|1642267,1627751|1630193|1630534|1630567|1642367,2024-25,69
416396,10:30,"Quickley S.FOUL (P1.T1) (D.Scott)
Middleton Free Throw 1 of 2 (6 PTS)
Middleton Free Throw 2 of 2 (7 PTS)
",0,0,0,0,2025-03-24,0022401039,0,0,TOR,3,1,-4,10:36,Off Arc 3 Miss,0,Middleton Free Throw 1 of 2 (6 PTS),,WAS,TOR,WAS,1610612764,2025,1524.0,1530.0,1527.0,203114|1629673|1630551|1642259|1642267,1627751|1630193|1630534|1630567|1642419,2024-25,409
416448,09:01,"MISS Johnson 27' 3PT Pullup Jump Shot
Poeltl REBOUND (Off:3 Def:8)
",0,0,1,0,2025-03-24,0022401039,0,0,TOR,4,0,-2,09:23,Off At Rim Make,0,MISS Johnson 27' 3PT Pullup Jump Shot,,WAS,TOR,WAS,1610612764,2025,2317.0,2339.0,2328.0,1630550|1641732|1641774|1642267|1642358,1627751|1630193|1630567|1630639|1630658,2024-25,559
416449,09:01,"MISS Johnson 27' 3PT Pullup Jump Shot
Poeltl REBOUND (Off:3 Def:8)
",0,0,1,0,2025-03-24,0022401039,0,0,TOR,4,0,-2,09:23,Off At Rim Make,0,Poeltl REBOUND (Off:3 Def:8),,WAS,TOR,WAS,1610612764,2025,2317.0,2339.0,2328.0,1630550|1641732|1641774|1642267|1642358,1627751|1630193|1630567|1630639|1630658,2024-25,559
416274,07:38,"Poeltl P.FOUL (P1.T3) (D.Scott)
Barnes S.FOUL (P1.T4) (C.Blair)
MISS Sarr Free Throw 1 of 2
WIZARDS Rebound
MISS Sarr Free Throw 2 of 2
Poeltl REBOUND (Off:2 Def:1)
",0,0,0,0,2025-03-24,0022401039,0,0,TOR,1,1,4,08:00,Off FT Make,0,WIZARDS Rebound,,WAS,TOR,WAS,1610612764,2025,240.0,262.0,251.0,203114|1629673|1630551|1642259|1642267,1627751|1630193|1630534|1630567|1642367,2024-25,57
416451,09:30,"MISS Jones 27' 3PT Running Jump Shot
Jones REBOUND (Off:1 Def:3)
MISS Jones 5' Driving Layup: Quickley BLOCK (1 BLK)
Castleton REBOUND (Off:1 Def:3)
",1,0,1,0,2025-03-24,0022401039,0,1,TOR,4,0,0,09:38,Off Short Mid-Range Miss,0,Jones REBOUND (Off:1 Def:3),,WAS,TOR,WAS,1610612764,2025,2302.0,2310.0,2306.0,1630550|1641732|1641774|1642267|1642358,1627751|1630193|1630567|1630639|1630658,2024-25,547
416452,09:30,"MISS Jones 27' 3PT Running Jump Shot
Jones REBOUND (Off:1 Def:3)
MISS Jones 5' Driving Layup: Quickley BLOCK (1 BLK)
Castleton REBOUND (Off:1 Def:3)
",1,0,1,0,2025-03-24,0022401039,0,1,TOR,4,0,0,09:38,Off Short Mid-Range Miss,0,MISS Jones 5' Driving Layup: Quickley BLOCK (1 BLK),,WAS,TOR,WAS,1610612764,2025,2302.0,2310.0,2306.0,1630550|1641732|1641774|1642267|1642358,1627751|1630193|1630567|1630639|1630658,2024-25,547
416453,09:30,"MISS Jones 27' 3PT Running Jump Shot
Jones REBOUND (Off:1 Def:3)
MISS Jones 5' Driving Layup: Quickley BLOCK (1 BLK)
Castleton REBOUND (Off:1 Def:3)
",1,0,1,0,2025-03-24,0022401039,0,1,TOR,4,0,0,09:38,Off Short Mid-Range Miss,0,Castleton REBOUND (Off:1 Def:3),,WAS,TOR,WAS,1610612764,2025,2302.0,2310.0,2306.0,1630550|1641732|1641774|1642267|1642358,1627751|1630193|1630567|1630639|1630658,2024-25,547
416444,07:21,"Agbaji S.FOUL (P2.T3) (D.Scott)
Johnson Free Throw 1 of 2 (10 PTS)
Johnson Free Throw 2 of 2 (11 PTS)
",0,0,0,0,2025-03-24,0022401039,0,0,TOR,4,1,-5,07:38,Off Short Mid-Range Miss,0,Johnson Free Throw 2 of 2 (11 PTS),,WAS,TOR,WAS,1610612764,2025,2422.0,2439.0,2430.5,1630550|1641732|1641774|1642267|1642358,1630534|1630658|1642347|1642367|1642419,2024-25,576
416454,09:53,"Johnson 1' Running Alley Oop Dunk Shot (9 PTS) (Carrington 4 AST)
",1,1,0,0,2025-03-24,0022401039,0,0,TOR,4,0,-2,09:56,Off Short Mid-Range Miss,0,Johnson 1' Running Alley Oop Dunk Shot (9 PTS) (Carrington 4 AST),,WAS,TOR,WAS,1610612764,2025,2284.0,2287.0,2285.5,1630550|1641732|1641774|1642267|1642358,1627751|1630193|1630567|1630639|1630658,2024-25,611
416456,10:26,"Robinson S.FOUL (P5.T2) (R.Acosta)
MISS Thor Free Throw 1 of 2
WIZARDS Rebound
Thor Free Throw 2 of 2 (3 PTS)
",0,0,0,0,2025-03-24,0022401039,0,0,TOR,4,1,-5,10:45,Off Arc 3 Make,0,Robinson S.FOUL (P5.T2) (R.Acosta),,WAS,TOR,WAS,1610612764,2025,2235.0,2254.0,2244.5,203935|1630550|1641732|1641774|1642358,1627751|1630193|1630567|1630639|1631115,2024-25,504
416457,10:26,"Robinson S.FOUL (P5.T2) (R.Acosta)
MISS Thor Free Throw 1 of 2
WIZARDS Rebound
Thor Free Throw 2 of 2 (3 PTS)
",0,0,0,0,2025-03-24,0022401039,0,0,TOR,4,1,-5,10:45,Off Arc 3 Make,0,MISS Thor Free Throw 1 of 2,,WAS,TOR,WAS,1610612764,2025,2235.0,2254.0,2244.5,203935|1630550|1641732|1641774|1642358,1627751|1630193|1630567|1630639|1631115,2024-25,504
416458,10:26,"Robinson S.FOUL (P5.T2) (R.Acosta)
MISS Thor Free Throw 1 of 2
WIZARDS Rebound
Thor Free Throw 2 of 2 (3 PTS)
",0,0,0,0,2025-03-24,0022401039,0,0,TOR,4,1,-5,10:45,Off Arc 3 Make,0,WIZARDS Rebound,,WAS,TOR,WAS,1610612764,2025,2235.0,2254.0,2244.5,203935|1630550|1641732|1641774|1642358,1627751|1630193|1630567|1630639|1631115,2024-25,504
416447,08:33,"Carrington 16' Pullup Jump Shot (11 PTS)
",1,1,0,0,2025-03-24,0022401039,0,0,TOR,4,0,-4,08:49,Off Short Mid-Range Make,0,Carrington 16' Pullup Jump Shot (11 PTS),,WAS,TOR,WAS,1610612764,2025,2351.0,2367.0,2359.0,1630550|1641732|1641774|1642267|1642358,1627751|1630193|1630567|1630639|1630658,2024-25,626
416459,10:26,"Robinson S.FOUL (P5.T2) (R.Acosta)
MISS Thor Free Throw 1 of 2
WIZARDS Rebound
Thor Free Throw 2 of 2 (3 PTS)
",0,0,0,0,2025-03-24,0022401039,0,0,TOR,4,1,-5,10:45,Off Arc 3 Make,0,Thor Free Throw 2 of 2 (3 PTS),,WAS,TOR,WAS,1610612764,2025,2235.0,2254.0,2244.5,203935|1630550|1641732|1641774|1642358,1627751|1630193|1630567|1630639|1631115,2024-25,504
416461,11:24,"Vukcevic 2' Cutting Dunk Shot (9 PTS) (Jones 1 AST)
Robinson S.FOUL (P4.T1) (C.Blair)
MISS Vukcevic Free Throw 1 of 1
Poeltl REBOUND (Off:3 Def:7)
",1,1,0,0,2025-03-24,0022401039,0,0,TOR,4,1,-2,11:33,Off Short Mid-Range Miss,0,Vukcevic 2' Cutting Dunk Shot (9 PTS) (Jones 1 AST),,WAS,TOR,WAS,1610612764,2025,2187.0,2196.0,2191.5,203935|1630550|1641732|1641774|1642358,1627751|1630193|1630567|1630639|1631115,2024-25,496
416462,11:24,"Vukcevic 2' Cutting Dunk Shot (9 PTS) (Jones 1 AST)
Robinson S.FOUL (P4.T1) (C.Blair)
MISS Vukcevic Free Throw 1 of 1
Poeltl REBOUND (Off:3 Def:7)
",1,1,0,0,2025-03-24,0022401039,0,0,TOR,4,1,-2,11:33,Off Short Mid-Range Miss,0,Robinson S.FOUL (P4.T1) (C.Blair),,WAS,TOR,WAS,1610612764,2025,2187.0,2196.0,2191.5,203935|1630550|1641732|1641774|1642358,1627751|1630193|1630567|1630639|1631115,2024-25,496
416463,11:24,"Vukcevic 2' Cutting Dunk Shot (9 PTS) (Jones 1 AST)
Robinson S.FOUL (P4.T1) (C.Blair)
MISS Vukcevic Free Throw 1 of 1
Poeltl REBOUND (Off:3 Def:7)
",1,1,0,0,2025-03-24,0022401039,0,0,TOR,4,1,-2,11:33,Off Short Mid-Range Miss,0,MISS Vukcevic Free Throw 1 of 1,,WAS,TOR,WAS,1610612764,2025,2187.0,2196.0,2191.5,203935|1630550|1641732|1641774|1642358,1627751|1630193|1630567|1630639|1631115,2024-25,496
416276,07:38,"Poeltl P.FOUL (P1.T3) (D.Scott)
Barnes S.FOUL (P1.T4) (C.Blair)
MISS Sarr Free Throw 1 of 2
WIZARDS Rebound
MISS Sarr Free Throw 2 of 2
Poeltl REBOUND (Off:2 Def:1)
",0,0,0,0,2025-03-24,0022401039,0,0,TOR,1,1,4,08:00,Off FT Make,0,Poeltl REBOUND (Off:2 Def:1),,WAS,TOR,WAS,1610612764,2025,240.0,262.0,251.0,203114|1629673|1630551|1642259|1642267,1627751|1630193|1630534|1630567|1642367,2024-25,57
416455,10:07,"Thor 2' Running Dunk (5 PTS) (Jones 2 AST)
",1,1,0,0,2025-03-24,0022401039,0,0,TOR,4,0,-4,10:10,Off Arc 3 Miss,0,Thor 2' Running Dunk (5 PTS) (Jones 2 AST),,WAS,TOR,WAS,1610612764,2025,2270.0,2273.0,2271.5,1630550|1641732|1641774|1642267|1642358,1627751|1630193|1630567|1630639|1630658,2024-25,576
416443,07:21,"Agbaji S.FOUL (P2.T3) (D.Scott)
Johnson Free Throw 1 of 2 (10 PTS)
Johnson Free Throw 2 of 2 (11 PTS)
",0,0,0,0,2025-03-24,0022401039,0,0,TOR,4,1,-5,07:38,Off Short Mid-Range Miss,0,Johnson Free Throw 1 of 2 (10 PTS),,WAS,TOR,WAS,1610612764,2025,2422.0,2439.0,2430.5,1630550|1641732|1641774|1642267|1642358,1630534|1630658|1642347|1642367|1642419,2024-25,576
416441,06:56,"Vukcevic Lost Ball Turnover (P1.T16): Shead STEAL (1 STL)
",0,0,0,0,2025-03-24,0022401039,0,0,TOR,4,0,-3,07:08,Off Arc 3 Miss,1,Vukcevic Lost Ball Turnover (P1.T16): Shead STEAL (1 STL),,WAS,TOR,WAS,1610612764,2025,2452.0,2464.0,2458.0,1641732|1641774|1642259|1642267|1642358,1630534|1630658|1642347|1642367|1642419,2024-25,615
416421,04:04,"Sarr 2' Cutting Layup Shot (16 PTS) (Carrington 5 AST)
Agbaji S.FOUL (P3.PN) (R.Acosta)
MISS Sarr Free Throw 1 of 1
Agbaji REBOUND (Off:0 Def:3)
",1,1,0,0,2025-03-24,0022401039,0,0,TOR,4,1,-11,04:17,Off Arc 3 Make,0,Agbaji S.FOUL (P3.PN) (R.Acosta),,WAS,TOR,WAS,1610612764,2025,2623.0,2636.0,2629.5,1641732|1641774|1642259|1642267|1642358,1630534|1630639|1631115|1642347|1642367,2024-25,700
416422,04:04,"Sarr 2' Cutting Layup Shot (16 PTS) (Carrington 5 AST)
Agbaji S.FOUL (P3.PN) (R.Acosta)
MISS Sarr Free Throw 1 of 1
Agbaji REBOUND (Off:0 Def:3)
",1,1,0,0,2025-03-24,0022401039,0,0,TOR,4,1,-11,04:17,Off Arc 3 Make,0,MISS Sarr Free Throw 1 of 1,,WAS,TOR,WAS,1610612764,2025,2623.0,2636.0,2629.5,1641732|1641774|1642259|1642267|1642358,1630534|1630639|1631115|1642347|1642367,2024-25,700
416397,10:30,"Quickley S.FOUL (P1.T1) (D.Scott)
Middleton Free Throw 1 of 2 (6 PTS)
Middleton Free Throw 2 of 2 (7 PTS)
",0,0,0,0,2025-03-24,0022401039,0,0,TOR,3,1,-4,10:36,Off Arc 3 Miss,0,Middleton Free Throw 2 of 2 (7 PTS),,WAS,TOR,WAS,1610612764,2025,1524.0,1530.0,1527.0,203114|1629673|1630551|1642259|1642267,1627751|1630193|1630534|1630567|1642419,2024-25,409
416423,04:04,"Sarr 2' Cutting Layup Shot (16 PTS) (Carrington 5 AST)
Agbaji S.FOUL (P3.PN) (R.Acosta)
MISS Sarr Free Throw 1 of 1
Agbaji REBOUND (Off:0 Def:3)
",1,1,0,0,2025-03-24,0022401039,0,0,TOR,4,1,-11,04:17,Off Arc 3 Make,0,Agbaji REBOUND (Off:0 Def:3),,WAS,TOR,WAS,1610612764,2025,2623.0,2636.0,2629.5,1641732|1641774|1642259|1642267|1642358,1630534|1630639|1631115|1642347|1642367,2024-25,700
416460,10:50,"Jones Bad Pass Turnover (P2.T15): Lawson STEAL (2 STL)
",0,0,0,0,2025-03-24,0022401039,0,0,TOR,4,0,-2,11:13,Off Short Mid-Range Make,1,Jones Bad Pass Turnover (P2.T15): Lawson STEAL (2 STL),,WAS,TOR,WAS,1610612764,2025,2207.0,2230.0,2218.5,203935|1630550|1641732|1641774|1642358,1627751|1630193|1630567|1630639|1631115,2024-25,589
416446,07:51,"MISS Carrington 21' Pullup Jump Shot
Mogbo REBOUND (Off:3 Def:7)
",1,0,0,0,2025-03-24,0022401039,0,0,TOR,4,0,-5,08:13,Off Arc 3 Make,0,Mogbo REBOUND (Off:3 Def:7),,WAS,TOR,WAS,1610612764,2025,2387.0,2409.0,2398.0,1630550|1641732|1641774|1642267|1642358,1630534|1630658|1642347|1642367|1642419,2024-25,638
416373,04:05,"MISS Sarr 2' Cutting Dunk Shot
Mogbo REBOUND (Off:3 Def:5)
",1,0,0,0,2025-03-24,0022401039,0,0,TOR,3,0,-1,04:15,Off Arc 3 Miss,0,Mogbo REBOUND (Off:3 Def:5),,WAS,TOR,WAS,1610612764,2025,1905.0,1915.0,1910.0,203114|1629673|1641732|1642259|1642358,1630639|1630658|1631115|1642347|1642367,2024-25,457
416420,04:04,"Sarr 2' Cutting Layup Shot (16 PTS) (Carrington 5 AST)
Agbaji S.FOUL (P3.PN) (R.Acosta)
MISS Sarr Free Throw 1 of 1
Agbaji REBOUND (Off:0 Def:3)
",1,1,0,0,2025-03-24,0022401039,0,0,TOR,4,1,-11,04:17,Off Arc 3 Make,0,Sarr 2' Cutting Layup Shot (16 PTS) (Carrington 5 AST),,WAS,TOR,WAS,1610612764,2025,2623.0,2636.0,2629.5,1641732|1641774|1642259|1642267|1642358,1630534|1630639|1631115|1642347|1642367,2024-25,700
416394,10:06,"MISS Middleton 10' Driving Floating Jump Shot
Battle REBOUND (Off:0 Def:2)
",1,0,0,0,2025-03-24,0022401039,0,0,TOR,3,0,-2,10:14,Off Short Mid-Range Miss,0,Battle REBOUND (Off:0 Def:2),,WAS,TOR,WAS,1610612764,2025,1546.0,1554.0,1550.0,203114|1629673|1630551|1642259|1642267,1627751|1630193|1630534|1630567|1642419,2024-25,415
416445,07:51,"MISS Carrington 21' Pullup Jump Shot
Mogbo REBOUND (Off:3 Def:7)
",1,0,0,0,2025-03-24,0022401039,0,0,TOR,4,0,-5,08:13,Off Arc 3 Make,0,MISS Carrington 21' Pullup Jump Shot,,WAS,TOR,WAS,1610612764,2025,2387.0,2409.0,2398.0,1630550|1641732|1641774|1642267|1642358,1630534|1630658|1642347|1642367|1642419,2024-25,638
416374,04:24,"MISS Sarr 26' 3PT Jump Shot
Mogbo REBOUND (Off:3 Def:4)
",0,0,1,0,2025-03-24,0022401039,0,0,TOR,3,0,-1,04:50,Off Dead Ball,0,MISS Sarr 26' 3PT Jump Shot,,WAS,TOR,WAS,1610612764,2025,1870.0,1896.0,1883.0,203114|1629673|1641732|1642259|1642358,1630639|1630658|1631115|1642347|1642367,2024-25,435
416375,04:24,"MISS Sarr 26' 3PT Jump Shot
Mogbo REBOUND (Off:3 Def:4)
",0,0,1,0,2025-03-24,0022401039,0,0,TOR,3,0,-1,04:50,Off Dead Ball,0,Mogbo REBOUND (Off:3 Def:4),,WAS,TOR,WAS,1610612764,2025,1870.0,1896.0,1883.0,203114|1629673|1641732|1642259|1642358,1630639|1630658|1631115|1642347|1642367,2024-25,435
416377,05:06,"MISS Middleton 28' 3PT Pullup Jump Shot
Raptors Rebound
",0,0,1,0,2025-03-24,0022401039,0,0,TOR,3,0,-1,05:22,Off At Rim Make,0,Raptors Rebound,,WAS,TOR,WAS,1610612764,2025,1838.0,1854.0,1846.0,203114|1629673|1630551|1641732|1642259,1630534|1630658|1631115|1642347|1642367,2024-25,484
416395,10:30,"Quickley S.FOUL (P1.T1) (D.Scott)
Middleton Free Throw 1 of 2 (6 PTS)
Middleton Free Throw 2 of 2 (7 PTS)
",0,0,0,0,2025-03-24,0022401039,0,0,TOR,3,1,-4,10:36,Off Arc 3 Miss,0,Quickley S.FOUL (P1.T1) (D.Scott),,WAS,TOR,WAS,1610612764,2025,1524.0,1530.0,1527.0,203114|1629673|1630551|1642259|1642267,1627751|1630193|1630534|1630567|1642419,2024-25,409
416378,05:31,"MISS Poole 36' 3PT Pullup Jump Shot
Shead REBOUND (Off:0 Def:2)
",0,0,1,0,2025-03-24,0022401039,0,0,TOR,3,0,2,05:44,Off Dead Ball,0,MISS Poole 36' 3PT Pullup Jump Shot,,WAS,TOR,WAS,1610612764,2025,1816.0,1829.0,1822.5,203114|1629673|1630551|1642259|1642267,1630534|1631115|1642347|1642367|1642419,2024-25,456
416379,05:31,"MISS Poole 36' 3PT Pullup Jump Shot
Shead REBOUND (Off:0 Def:2)
",0,0,1,0,2025-03-24,0022401039,0,0,TOR,3,0,2,05:44,Off Dead Ball,0,Shead REBOUND (Off:0 Def:2),,WAS,TOR,WAS,1610612764,2025,1816.0,1829.0,1822.5,203114|1629673|1630551|1642259|1642267,1630534|1631115|1642347|1642367|1642419,2024-25,456
416380,06:01,"Poole 3PT Step Back Jump Shot (23 PTS)
",0,0,1,1,2025-03-24,0022401039,0,0,TOR,3,0,-1,06:15,Off Steal,0,Poole 3PT Step Back Jump Shot (23 PTS),,WAS,TOR,WAS,1610612764,2025,1785.0,1799.0,1792.0,203114|1629673|1630551|1642259|1642267,1630534|1631115|1642347|1642367|1642419,2024-25,413
416381,06:34,"Poole 3' Running Layup (20 PTS) (Sarr 2 AST)
",1,1,0,0,2025-03-24,0022401039,0,0,TOR,3,0,-3,06:37,Off Short Mid-Range Miss,0,Poole 3' Running Layup (20 PTS) (Sarr 2 AST),,WAS,TOR,WAS,1610612764,2025,1763.0,1766.0,1764.5,203114|1629673|1630551|1642259|1642267,1630534|1631115|1642347|1642367|1642419,2024-25,464
416382,06:59,"Poole 28' 3PT Pullup Jump Shot (18 PTS) (Sarr 1 AST)
",0,0,1,1,2025-03-24,0022401039,0,0,TOR,3,0,-6,07:04,Off Dead Ball,0,Poole 28' 3PT Pullup Jump Shot (18 PTS) (Sarr 1 AST),,WAS,TOR,WAS,1610612764,2025,1736.0,1741.0,1738.5,203114|1629673|1630551|1642259|1642267,1630534|1631115|1642347|1642367|1642419,2024-25,459
416417,03:23,"Agbaji P.FOUL (P4.PN) (D.Scott)
Carrington Free Throw 1 of 2 (13 PTS)
MISS Carrington Free Throw 2 of 2
Robinson REBOUND (Off:4 Def:2)
",0,0,0,0,2025-03-24,0022401039,1,0,TOR,4,0,-7,03:28,Off Steal,0,MISS Carrington Free Throw 2 of 2,,WAS,TOR,WAS,1610612764,2025,2672.0,2677.0,2674.5,1641732|1641774|1642259|1642267|1642358,1630534|1630639|1631115|1642367|1642419,2024-25,675
416376,05:06,"MISS Middleton 28' 3PT Pullup Jump Shot
Raptors Rebound
",0,0,1,0,2025-03-24,0022401039,0,0,TOR,3,0,-1,05:22,Off At Rim Make,0,MISS Middleton 28' 3PT Pullup Jump Shot,,WAS,TOR,WAS,1610612764,2025,1838.0,1854.0,1846.0,203114|1629673|1630551|1641732|1642259,1630534|1630658|1631115|1642347|1642367,2024-25,484
416385,07:28,"MISS Sarr 5' Turnaround Hook Shot
Barnes REBOUND (Off:2 Def:7)
",1,0,0,0,2025-03-24,0022401039,0,0,TOR,3,0,-6,07:50,Off Dead Ball,0,Barnes REBOUND (Off:2 Def:7),,WAS,TOR,WAS,1610612764,2025,1690.0,1712.0,1701.0,203114|1629673|1630551|1642259|1642267,1627751|1630193|1630534|1630567|1642419,2024-25,447
416383,07:04,"Middleton 11' Driving Floating Jump Shot (9 PTS)
",1,1,0,0,2025-03-24,0022401039,0,0,TOR,3,0,-8,07:24,Off Timeout,0,Middleton 11' Driving Floating Jump Shot (9 PTS),,WAS,TOR,WAS,1610612764,2025,1716.0,1736.0,1726.0,203114|1629673|1630551|1642259|1642267,1630534|1631115|1642347|1642367|1642419,2024-25,450
416384,07:28,"MISS Sarr 5' Turnaround Hook Shot
Barnes REBOUND (Off:2 Def:7)
",1,0,0,0,2025-03-24,0022401039,0,0,TOR,3,0,-6,07:50,Off Dead Ball,0,MISS Sarr 5' Turnaround Hook Shot,,WAS,TOR,WAS,1610612764,2025,1690.0,1712.0,1701.0,203114|1629673|1630551|1642259|1642267,1627751|1630193|1630534|1630567|1642419,2024-25,447
416392,09:32,"Carrington 4' Cutting Layup Shot (6 PTS) (Middleton 3 AST)
",1,1,0,0,2025-03-24,0022401039,0,0,TOR,3,0,-4,09:51,Off Short Mid-Range Make,0,Carrington 4' Cutting Layup Shot (6 PTS) (Middleton 3 AST),,WAS,TOR,WAS,1610612764,2025,1569.0,1588.0,1578.5,203114|1629673|1630551|1642259|1642267,1627751|1630193|1630534|1630567|1642419,2024-25,394
416391,09:03,"Poole Out of Bounds - Bad Pass Turnover Turnover (P4.T12)
",0,0,0,0,2025-03-24,0022401039,0,0,TOR,3,0,-5,09:12,Off FT Make,1,Poole Out of Bounds - Bad Pass Turnover Turnover (P4.T12),,WAS,TOR,WAS,1610612764,2025,1608.0,1617.0,1612.5,203114|1629673|1630551|1642259|1642267,1627751|1630193|1630534|1630567|1642419,2024-25,380
416390,08:43,"Sarr 4' Turnaround Hook Shot (11 PTS) (Carrington 3 AST)
",1,1,0,0,2025-03-24,0022401039,0,0,TOR,3,0,-7,08:52,Off Short Mid-Range Make,0,Sarr 4' Turnaround Hook Shot (11 PTS) (Carrington 3 AST),,WAS,TOR,WAS,1610612764,2025,1628.0,1637.0,1632.5,203114|1629673|1630551|1642259|1642267,1627751|1630193|1630534|1630567|1642419,2024-25,412
416393,10:06,"MISS Middleton 10' Driving Floating Jump Shot
Battle REBOUND (Off:0 Def:2)
",1,0,0,0,2025-03-24,0022401039,0,0,TOR,3,0,-2,10:14,Off Short Mid-Range Miss,0,MISS Middleton 10' Driving Floating Jump Shot,,WAS,TOR,WAS,1610612764,2025,1546.0,1554.0,1550.0,203114|1629673|1630551|1642259|1642267,1627751|1630193|1630534|1630567|1642419,2024-25,415
416388,07:53,"MISS Carrington 13' Driving Floating Jump Shot: Poeltl BLOCK (3 BLK)
WIZARDS Rebound
Poole Bad Pass Turnover (P5.T13): Quickley STEAL (1 STL)
",1,0,0,0,2025-03-24,0022401039,0,1,TOR,3,0,-6,08:12,Off FT Make,1,Poole Bad Pass Turnover (P5.T13): Quickley STEAL (1 STL),,WAS,TOR,WAS,1610612764,2025,1668.0,1687.0,1677.5,203114|1629673|1630551|1642259|1642267,1627751|1630193|1630534|1630567|1642419,2024-25,435
416419,03:49,"Johnson 1' Running Alley Oop Dunk Shot (15 PTS) (Carrington 6 AST)
",1,1,0,0,2025-03-24,0022401039,0,0,TOR,4,0,-9,03:52,Off Block,0,Johnson 1' Running Alley Oop Dunk Shot (15 PTS) (Carrington 6 AST),,WAS,TOR,WAS,1610612764,2025,2648.0,2651.0,2649.5,1641732|1641774|1642259|1642267|1642358,1630534|1630639|1631115|1642367|1642419,2024-25,717
416387,07:53,"MISS Carrington 13' Driving Floating Jump Shot: Poeltl BLOCK (3 BLK)
WIZARDS Rebound
Poole Bad Pass Turnover (P5.T13): Quickley STEAL (1 STL)
",1,0,0,0,2025-03-24,0022401039,0,1,TOR,3,0,-6,08:12,Off FT Make,1,WIZARDS Rebound,,WAS,TOR,WAS,1610612764,2025,1668.0,1687.0,1677.5,203114|1629673|1630551|1642259|1642267,1627751|1630193|1630534|1630567|1642419,2024-25,435
416386,07:53,"MISS Carrington 13' Driving Floating Jump Shot: Poeltl BLOCK (3 BLK)
WIZARDS Rebound
Poole Bad Pass Turnover (P5.T13): Quickley STEAL (1 STL)
",1,0,0,0,2025-03-24,0022401039,0,1,TOR,3,0,-6,08:12,Off FT Make,1,MISS Carrington 13' Driving Floating Jump Shot: Poeltl BLOCK (3 BLK),,WAS,TOR,WAS,1610612764,2025,1668.0,1687.0,1677.5,203114|1629673|1630551|1642259|1642267,1627751|1630193|1630534|1630567|1642419,2024-25,435
416389,08:25,"Carrington 27' 3PT Jump Shot (9 PTS) (Middleton 4 AST)
",0,0,1,1,2025-03-24,0022401039,0,0,TOR,3,0,-5,08:31,Off Long Mid-Range Miss,0,Carrington 27' 3PT Jump Shot (9 PTS) (Middleton 4 AST),,WAS,TOR,WAS,1610612764,2025,1649.0,1655.0,1652.0,203114|1629673|1630551|1642259|1642267,1627751|1630193|1630534|1630567|1642419,2024-25,432
416418,03:23,"Agbaji P.FOUL (P4.PN) (D.Scott)
Carrington Free Throw 1 of 2 (13 PTS)
MISS Carrington Free Throw 2 of 2
Robinson REBOUND (Off:4 Def:2)
",0,0,0,0,2025-03-24,0022401039,1,0,TOR,4,0,-7,03:28,Off Steal,0,Robinson REBOUND (Off:4 Def:2),,WAS,TOR,WAS,1610612764,2025,2672.0,2677.0,2674.5,1641732|1641774|1642259|1642267|1642358,1630534|1630639|1631115|1642367|1642419,2024-25,675
416467,00:40,"MISS Vukcevic 3' Layup
Vukcevic REBOUND (Off:1 Def:0)
Vukcevic Tip Layup Shot (2 PTS)
",2,1,0,0,2025-03-26,0022401053,0,1,PHI,1,0,9,00:50,Off Arc 3 Make,0,MISS Vukcevic 3' Layup,,PHI,WAS,WAS,1610612764,2025,670.0,680.0,675.0,1630550|1641732|1641774|1641798|1642267,1629656|1630288|1630542|1641737|1641741,2024-25,159
416476,02:06,"MISS Jones 4' Driving Floating Jump Shot
Sarr REBOUND (Off:3 Def:1)
Sarr 2' Layup (13 PTS)
",2,1,0,0,2025-03-26,0022401053,0,1,PHI,1,0,11,02:21,Off Arc 3 Miss,0,Sarr 2' Layup (13 PTS),,PHI,WAS,WAS,1610612764,2025,579.0,594.0,586.5,1630550|1641732|1641798|1642259|1642358,1629656|1630542|1641737|1641741|1642348,2024-25,123
416468,00:40,"MISS Vukcevic 3' Layup
Vukcevic REBOUND (Off:1 Def:0)
Vukcevic Tip Layup Shot (2 PTS)
",2,1,0,0,2025-03-26,0022401053,0,1,PHI,1,0,9,00:50,Off Arc 3 Make,0,Vukcevic REBOUND (Off:1 Def:0),,PHI,WAS,WAS,1610612764,2025,670.0,680.0,675.0,1630550|1641732|1641774|1641798|1642267,1629656|1630288|1630542|1641737|1641741,2024-25,159
416469,00:40,"MISS Vukcevic 3' Layup
Vukcevic REBOUND (Off:1 Def:0)
Vukcevic Tip Layup Shot (2 PTS)
",2,1,0,0,2025-03-26,0022401053,0,1,PHI,1,0,9,00:50,Off Arc 3 Make,0,Vukcevic Tip Layup Shot (2 PTS),,PHI,WAS,WAS,1610612764,2025,670.0,680.0,675.0,1630550|1641732|1641774|1641798|1642267,1629656|1630288|1630542|1641737|1641741,2024-25,159
416470,01:05,"Martin 3' Driving Layup (2 PTS)
Bagley S.FOUL (P2.T4) (J.Ralls)
Martin Free Throw 1 of 1 (3 PTS)
",1,1,0,0,2025-03-26,0022401053,0,0,PHI,1,1,9,01:23,Off Short Mid-Range Make,0,Martin 3' Driving Layup (2 PTS),,PHI,WAS,WAS,1610612764,2025,637.0,655.0,646.0,1630550|1641732|1641774|1641798|1642267,1629656|1630288|1630542|1641737|1641741,2024-25,152
416472,01:05,"Martin 3' Driving Layup (2 PTS)
Bagley S.FOUL (P2.T4) (J.Ralls)
Martin Free Throw 1 of 1 (3 PTS)
",1,1,0,0,2025-03-26,0022401053,0,0,PHI,1,1,9,01:23,Off Short Mid-Range Make,0,Martin Free Throw 1 of 1 (3 PTS),,PHI,WAS,WAS,1610612764,2025,637.0,655.0,646.0,1630550|1641732|1641774|1641798|1642267,1629656|1630288|1630542|1641737|1641741,2024-25,152
416474,02:06,"MISS Jones 4' Driving Floating Jump Shot
Sarr REBOUND (Off:3 Def:1)
Sarr 2' Layup (13 PTS)
",2,1,0,0,2025-03-26,0022401053,0,1,PHI,1,0,11,02:21,Off Arc 3 Miss,0,MISS Jones 4' Driving Floating Jump Shot,,PHI,WAS,WAS,1610612764,2025,579.0,594.0,586.5,1630550|1641732|1641798|1642259|1642358,1629656|1630542|1641737|1641741|1642348,2024-25,123
416475,02:06,"MISS Jones 4' Driving Floating Jump Shot
Sarr REBOUND (Off:3 Def:1)
Sarr 2' Layup (13 PTS)
",2,1,0,0,2025-03-26,0022401053,0,1,PHI,1,0,11,02:21,Off Arc 3 Miss,0,Sarr REBOUND (Off:3 Def:1),,PHI,WAS,WAS,1610612764,2025,579.0,594.0,586.5,1630550|1641732|1641798|1642259|1642358,1629656|1630542|1641737|1641741|1642348,2024-25,123
416510,11:07,"Dowtin Jr. S.FOUL (P1.T1) (K.Cutler)
Carrington Free Throw 1 of 2 (1 PTS)
MISS Carrington Free Throw 2 of 2
Yabusele REBOUND (Off:0 Def:1)
",0,0,0,0,2025-03-26,0022401053,0,0,PHI,1,1,-2,11:20,Off At Rim Make,0,MISS Carrington Free Throw 2 of 2,,PHI,WAS,WAS,1610612764,2025,40.0,53.0,46.5,1629673|1630551|1642259|1642267|1642358,1627824|1629656|1630288|1641741|1642348,2024-25,9
416482,02:55,"Bona BLOCK (2 BLK): MISS Johnson 4' Driving Layup
Sarr REBOUND (Off:2 Def:1)
MISS Sarr 4' Hook Shot
Bagley REBOUND (Off:0 Def:1)
",2,0,0,0,2025-03-26,0022401053,0,1,PHI,1,0,11,03:21,Off At Rim Make,0,Bagley REBOUND (Off:0 Def:1),,PHI,WAS,WAS,1610612764,2025,519.0,545.0,532.0,1630550|1641732|1641798|1642259|1642358,1629656|1630542|1641737|1641741|1642348,2024-25,111
416479,02:55,"Bona BLOCK (2 BLK): MISS Johnson 4' Driving Layup
Sarr REBOUND (Off:2 Def:1)
MISS Sarr 4' Hook Shot
Bagley REBOUND (Off:0 Def:1)
",2,0,0,0,2025-03-26,0022401053,0,1,PHI,1,0,11,03:21,Off At Rim Make,0,Bona BLOCK (2 BLK): MISS Johnson 4' Driving Layup,,PHI,WAS,WAS,1610612764,2025,519.0,545.0,532.0,1630550|1641732|1641798|1642259|1642358,1629656|1630542|1641737|1641741|1642348,2024-25,111
416480,02:55,"Bona BLOCK (2 BLK): MISS Johnson 4' Driving Layup
Sarr REBOUND (Off:2 Def:1)
MISS Sarr 4' Hook Shot
Bagley REBOUND (Off:0 Def:1)
",2,0,0,0,2025-03-26,0022401053,0,1,PHI,1,0,11,03:21,Off At Rim Make,0,Sarr REBOUND (Off:2 Def:1),,PHI,WAS,WAS,1610612764,2025,519.0,545.0,532.0,1630550|1641732|1641798|1642259|1642358,1629656|1630542|1641737|1641741|1642348,2024-25,111
416481,02:55,"Bona BLOCK (2 BLK): MISS Johnson 4' Driving Layup
Sarr REBOUND (Off:2 Def:1)
MISS Sarr 4' Hook Shot
Bagley REBOUND (Off:0 Def:1)
",2,0,0,0,2025-03-26,0022401053,0,1,PHI,1,0,11,03:21,Off At Rim Make,0,MISS Sarr 4' Hook Shot,,PHI,WAS,WAS,1610612764,2025,519.0,545.0,532.0,1630550|1641732|1641798|1642259|1642358,1629656|1630542|1641737|1641741|1642348,2024-25,111
416483,03:24,"Edwards STEAL (1 STL): Sarr Bad Pass Turnover (P1.T2)
",0,0,0,0,2025-03-26,0022401053,0,0,PHI,1,0,13,03:52,Off Arc 3 Make,1,Edwards STEAL (1 STL): Sarr Bad Pass Turnover (P1.T2),,PHI,WAS,WAS,1610612764,2025,488.0,516.0,502.0,1630550|1641732|1641798|1642259|1642358,1629656|1630542|1641737|1641741|1642348,2024-25,119
416484,04:19,"Champagnie 3' Running Layup (11 PTS) (Poole 5 AST)
",1,1,0,0,2025-03-26,0022401053,0,0,PHI,1,0,14,04:22,Off Steal,0,Champagnie 3' Running Layup (11 PTS) (Poole 5 AST),,PHI,WAS,WAS,1610612764,2025,458.0,461.0,459.5,1629673|1630551|1641732|1642259|1642358,1629656|1630215|1630542|1641737|1642348,2024-25,121
416485,04:32,"Bona BLOCK (1 BLK): MISS Poole 5' Running Layup
Sarr REBOUND (Off:1 Def:1)
Sarr 25' 3PT Jump Shot (11 PTS)
",1,0,1,1,2025-03-26,0022401053,0,1,PHI,1,0,11,04:39,Off At Rim Miss,0,Bona BLOCK (1 BLK): MISS Poole 5' Running Layup,,PHI,WAS,WAS,1610612764,2025,441.0,448.0,444.5,1629673|1630551|1641732|1642259|1642358,1629656|1630215|1630542|1641737|1642348,2024-25,89
416486,04:32,"Bona BLOCK (1 BLK): MISS Poole 5' Running Layup
Sarr REBOUND (Off:1 Def:1)
Sarr 25' 3PT Jump Shot (11 PTS)
",1,0,1,1,2025-03-26,0022401053,0,1,PHI,1,0,11,04:39,Off At Rim Miss,0,Sarr REBOUND (Off:1 Def:1),,PHI,WAS,WAS,1610612764,2025,441.0,448.0,444.5,1629673|1630551|1641732|1642259|1642358,1629656|1630215|1630542|1641737|1642348,2024-25,89
416466,00:27,"Thor 1' Running Finger Roll Layup (2 PTS) (Carrington 2 AST)
",1,1,0,0,2025-03-26,0022401053,0,0,PHI,1,0,11,00:30,Off At Rim Block,0,Thor 1' Running Finger Roll Layup (2 PTS) (Carrington 2 AST),,PHI,WAS,WAS,1610612764,2025,690.0,693.0,691.5,1630550|1641732|1641774|1641798|1642267,1629656|1630288|1630542|1641737|1641741,2024-25,173
416511,11:07,"Dowtin Jr. S.FOUL (P1.T1) (K.Cutler)
Carrington Free Throw 1 of 2 (1 PTS)
MISS Carrington Free Throw 2 of 2
Yabusele REBOUND (Off:0 Def:1)
",0,0,0,0,2025-03-26,0022401053,0,0,PHI,1,1,-2,11:20,Off At Rim Make,0,Yabusele REBOUND (Off:0 Def:1),,PHI,WAS,WAS,1610612764,2025,40.0,53.0,46.5,1629673|1630551|1642259|1642267|1642358,1627824|1629656|1630288|1641741|1642348,2024-25,9
416478,02:30,"MISS Johnson 29' 3PT Step Back Jump Shot
Bona REBOUND (Off:1 Def:1)
",0,0,1,0,2025-03-26,0022401053,0,0,PHI,1,0,11,02:44,Off At Rim Block,0,Bona REBOUND (Off:1 Def:1),,PHI,WAS,WAS,1610612764,2025,556.0,570.0,563.0,1630550|1641732|1641798|1642259|1642358,1629656|1630542|1641737|1641741|1642348,2024-25,119
416465,00:00,"Jones 25' 3PT Running Pull-Up Jump Shot (3 PTS) (Thor 1 AST)
",0,0,1,1,2025-03-26,0022401053,0,0,PHI,1,0,13,00:01,Off At Rim Miss,0,Jones 25' 3PT Running Pull-Up Jump Shot (3 PTS) (Thor 1 AST),,PHI,WAS,WAS,1610612764,2025,719.0,720.0,719.5,1630550|1641732|1641774|1641798|1642267,1629656|1630288|1630542|1641737|1641741,2024-25,152
416502,08:53,"MISS Poole 28' 3PT Pullup Jump Shot
Dowtin Jr. REBOUND (Off:0 Def:1)
",0,0,1,0,2025-03-26,0022401053,0,0,PHI,1,0,4,09:10,Off Arc 3 Make,0,MISS Poole 28' 3PT Pullup Jump Shot,,PHI,WAS,WAS,1610612764,2025,170.0,187.0,178.5,1629673|1630551|1642259|1642267|1642358,1627824|1629656|1630288|1641741|1642348,2024-25,33
416488,05:03,"MISS Sarr 26' 3PT Jump Shot
Champagnie REBOUND (Off:2 Def:2)
Champagnie 26' 3PT Jump Shot (9 PTS) (Poole 4 AST)
",0,0,2,1,2025-03-26,0022401053,0,1,PHI,1,0,8,05:22,Off Arc 3 Make,0,MISS Sarr 26' 3PT Jump Shot,,PHI,WAS,WAS,1610612764,2025,398.0,417.0,407.5,1629673|1630551|1641732|1642259|1642358,1629656|1630215|1630542|1641737|1642348,2024-25,77
416492,05:44,"Bona P.FOUL (P1.T3) (K.Cutler)
Sarr 28' 3PT Jump Shot (8 PTS) (Poole 3 AST)
",0,0,1,1,2025-03-26,0022401053,0,0,PHI,1,0,8,06:09,Off Short Mid-Range Make,0,Sarr 28' 3PT Jump Shot (8 PTS) (Poole 3 AST),,PHI,WAS,WAS,1610612764,2025,351.0,376.0,363.5,1629673|1630551|1641732|1642259|1642358,1629656|1630215|1630542|1641737|1642348,2024-25,75
416512,11:41,"Grimes STEAL (1 STL): Carrington Bad Pass Turnover (P1.T1)
",0,0,0,0,2025-03-26,0022401053,0,0,PHI,1,0,0,12:00,Off Dead Ball,1,Grimes STEAL (1 STL): Carrington Bad Pass Turnover (P1.T1),,PHI,WAS,WAS,1610612764,2025,0.0,19.0,9.5,1629673|1630551|1642259|1642267|1642358,1627824|1629656|1630288|1641741|1642348,2024-25,2
416493,06:33,"Bagley P.FOUL (P1.T2) (M.Davis)
Champagnie 27' 3PT Jump Shot (6 PTS) (Sarr 1 AST)
",0,0,1,1,2025-03-26,0022401053,0,0,PHI,1,0,7,06:52,Off Arc 3 Make,0,Bagley P.FOUL (P1.T2) (M.Davis),,PHI,WAS,WAS,1610612764,2025,308.0,327.0,317.5,1629673|1630551|1642259|1642267|1642358,1629656|1630215|1630542|1641737|1642348,2024-25,66
416494,06:33,"Bagley P.FOUL (P1.T2) (M.Davis)
Champagnie 27' 3PT Jump Shot (6 PTS) (Sarr 1 AST)
",0,0,1,1,2025-03-26,0022401053,0,0,PHI,1,0,7,06:52,Off Arc 3 Make,0,Champagnie 27' 3PT Jump Shot (6 PTS) (Sarr 1 AST),,PHI,WAS,WAS,1610612764,2025,308.0,327.0,317.5,1629673|1630551|1642259|1642267|1642358,1629656|1630215|1630542|1641737|1642348,2024-25,66
416495,07:09,"Carrington 1' Running Layup (6 PTS)
",1,1,0,0,2025-03-26,0022401053,0,0,PHI,1,0,8,07:11,Off Arc 3 Miss,0,Carrington 1' Running Layup (6 PTS),,PHI,WAS,WAS,1610612764,2025,289.0,291.0,290.0,1629673|1630551|1642259|1642267|1642358,1627824|1629656|1630288|1641741|1642348,2024-25,47
416496,07:25,"Yabusele BLOCK (1 BLK): MISS Poole 1' Driving Finger Roll Layup
Champagnie REBOUND (Off:1 Def:1)
Sarr 1' Layup (5 PTS) (Carrington 1 AST)
",2,1,0,0,2025-03-26,0022401053,0,1,PHI,1,0,6,07:51,Off FT Make,0,Yabusele BLOCK (1 BLK): MISS Poole 1' Driving Finger Roll Layup,,PHI,WAS,WAS,1610612764,2025,249.0,275.0,262.0,1629673|1630551|1642259|1642267|1642358,1627824|1629656|1630288|1641741|1642348,2024-25,55
416497,07:25,"Yabusele BLOCK (1 BLK): MISS Poole 1' Driving Finger Roll Layup
Champagnie REBOUND (Off:1 Def:1)
Sarr 1' Layup (5 PTS) (Carrington 1 AST)
",2,1,0,0,2025-03-26,0022401053,0,1,PHI,1,0,6,07:51,Off FT Make,0,Champagnie REBOUND (Off:1 Def:1),,PHI,WAS,WAS,1610612764,2025,249.0,275.0,262.0,1629673|1630551|1642259|1642267|1642358,1627824|1629656|1630288|1641741|1642348,2024-25,55
416498,07:25,"Yabusele BLOCK (1 BLK): MISS Poole 1' Driving Finger Roll Layup
Champagnie REBOUND (Off:1 Def:1)
Sarr 1' Layup (5 PTS) (Carrington 1 AST)
",2,1,0,0,2025-03-26,0022401053,0,1,PHI,1,0,6,07:51,Off FT Make,0,Sarr 1' Layup (5 PTS) (Carrington 1 AST),,PHI,WAS,WAS,1610612764,2025,249.0,275.0,262.0,1629673|1630551|1642259|1642267|1642358,1627824|1629656|1630288|1641741|1642348,2024-25,55
416499,07:59,"MISS Carrington 13' Pullup Jump Shot
Yabusele REBOUND (Off:1 Def:2)
",1,0,0,0,2025-03-26,0022401053,0,0,PHI,1,0,7,08:13,Off Arc 3 Miss,0,MISS Carrington 13' Pullup Jump Shot,,PHI,WAS,WAS,1610612764,2025,227.0,241.0,234.0,1629673|1630551|1642259|1642267|1642358,1627824|1629656|1630288|1641741|1642348,2024-25,48
416487,04:32,"Bona BLOCK (1 BLK): MISS Poole 5' Running Layup
Sarr REBOUND (Off:1 Def:1)
Sarr 25' 3PT Jump Shot (11 PTS)
",1,0,1,1,2025-03-26,0022401053,0,1,PHI,1,0,11,04:39,Off At Rim Miss,0,Sarr 25' 3PT Jump Shot (11 PTS),,PHI,WAS,WAS,1610612764,2025,441.0,448.0,444.5,1629673|1630551|1641732|1642259|1642358,1629656|1630215|1630542|1641737|1642348,2024-25,89
416500,07:59,"MISS Carrington 13' Pullup Jump Shot
Yabusele REBOUND (Off:1 Def:2)
",1,0,0,0,2025-03-26,0022401053,0,0,PHI,1,0,7,08:13,Off Arc 3 Miss,0,Yabusele REBOUND (Off:1 Def:2),,PHI,WAS,WAS,1610612764,2025,227.0,241.0,234.0,1629673|1630551|1642259|1642267|1642358,1627824|1629656|1630288|1641741|1642348,2024-25,48
416503,08:53,"MISS Poole 28' 3PT Pullup Jump Shot
Dowtin Jr. REBOUND (Off:0 Def:1)
",0,0,1,0,2025-03-26,0022401053,0,0,PHI,1,0,4,09:10,Off Arc 3 Make,0,Dowtin Jr. REBOUND (Off:0 Def:1),,PHI,WAS,WAS,1610612764,2025,170.0,187.0,178.5,1629673|1630551|1642259|1642267|1642358,1627824|1629656|1630288|1641741|1642348,2024-25,33
416504,09:19,"Poole 1' Driving Finger Roll Layup (5 PTS)
",1,1,0,0,2025-03-26,0022401053,0,0,PHI,1,0,5,09:30,Off Arc 3 Make,0,Poole 1' Driving Finger Roll Layup (5 PTS),,PHI,WAS,WAS,1610612764,2025,150.0,161.0,155.5,1629673|1630551|1642259|1642267|1642358,1627824|1629656|1630288|1641741|1642348,2024-25,34
416505,09:54,"Poole 30' 3PT Jump Shot (3 PTS) (Johnson 1 AST)
",0,0,1,1,2025-03-26,0022401053,0,0,PHI,1,0,5,10:03,Off Short Mid-Range Miss,0,Poole 30' 3PT Jump Shot (3 PTS) (Johnson 1 AST),,PHI,WAS,WAS,1610612764,2025,117.0,126.0,121.5,1629673|1630551|1642259|1642267|1642358,1627824|1629656|1630288|1641741|1642348,2024-25,29
416506,10:19,"Sarr 28' 3PT Jump Shot (3 PTS) (Poole 2 AST)
",0,0,1,1,2025-03-26,0022401053,0,0,PHI,1,0,2,10:25,Off Arc 3 Miss,0,Sarr 28' 3PT Jump Shot (3 PTS) (Poole 2 AST),,PHI,WAS,WAS,1610612764,2025,95.0,101.0,98.0,1629673|1630551|1642259|1642267|1642358,1627824|1629656|1630288|1641741|1642348,2024-25,18
416507,10:43,"Champagnie 27' 3PT Running Jump Shot (3 PTS) (Poole 1 AST)
",0,0,1,1,2025-03-26,0022401053,0,0,PHI,1,0,-1,10:47,Off At Rim Block,0,Champagnie 27' 3PT Running Jump Shot (3 PTS) (Poole 1 AST),,PHI,WAS,WAS,1610612764,2025,73.0,77.0,75.0,1629673|1630551|1642259|1642267|1642358,1627824|1629656|1630288|1641741|1642348,2024-25,13
416508,11:07,"Dowtin Jr. S.FOUL (P1.T1) (K.Cutler)
Carrington Free Throw 1 of 2 (1 PTS)
MISS Carrington Free Throw 2 of 2
Yabusele REBOUND (Off:0 Def:1)
",0,0,0,0,2025-03-26,0022401053,0,0,PHI,1,1,-2,11:20,Off At Rim Make,0,Dowtin Jr. S.FOUL (P1.T1) (K.Cutler),,PHI,WAS,WAS,1610612764,2025,40.0,53.0,46.5,1629673|1630551|1642259|1642267|1642358,1627824|1629656|1630288|1641741|1642348,2024-25,9
416509,11:07,"Dowtin Jr. S.FOUL (P1.T1) (K.Cutler)
Carrington Free Throw 1 of 2 (1 PTS)
MISS Carrington Free Throw 2 of 2
Yabusele REBOUND (Off:0 Def:1)
",0,0,0,0,2025-03-26,0022401053,0,0,PHI,1,1,-2,11:20,Off At Rim Make,0,Carrington Free Throw 1 of 2 (1 PTS),,PHI,WAS,WAS,1610612764,2025,40.0,53.0,46.5,1629673|1630551|1642259|1642267|1642358,1627824|1629656|1630288|1641741|1642348,2024-25,9
416490,05:03,"MISS Sarr 26' 3PT Jump Shot
Champagnie REBOUND (Off:2 Def:2)
Champagnie 26' 3PT Jump Shot (9 PTS) (Poole 4 AST)
",0,0,2,1,2025-03-26,0022401053,0,1,PHI,1,0,8,05:22,Off Arc 3 Make,0,Champagnie 26' 3PT Jump Shot (9 PTS) (Poole 4 AST),,PHI,WAS,WAS,1610612764,2025,398.0,417.0,407.5,1629673|1630551|1641732|1642259|1642358,1629656|1630215|1630542|1641737|1642348,2024-25,77
416489,05:03,"MISS Sarr 26' 3PT Jump Shot
Champagnie REBOUND (Off:2 Def:2)
Champagnie 26' 3PT Jump Shot (9 PTS) (Poole 4 AST)
",0,0,2,1,2025-03-26,0022401053,0,1,PHI,1,0,8,05:22,Off Arc 3 Make,0,Champagnie REBOUND (Off:2 Def:2),,PHI,WAS,WAS,1610612764,2025,398.0,417.0,407.5,1629673|1630551|1641732|1642259|1642358,1629656|1630215|1630542|1641737|1642348,2024-25,77
416501,08:33,"Carrington 28' 3PT Pullup Jump Shot (4 PTS)
",0,0,1,1,2025-03-26,0022401053,0,0,PHI,1,0,4,08:40,Off Arc 3 Miss,0,Carrington 28' 3PT Pullup Jump Shot (4 PTS),,PHI,WAS,WAS,1610612764,2025,200.0,207.0,203.5,1629673|1630551|1642259|1642267|1642358,1627824|1629656|1630288|1641741|1642348,2024-25,38
416513,00:08,"MISS Sarr 27' 3PT Jump Shot
Council IV REBOUND (Off:0 Def:3)
",0,0,1,0,2025-03-26,0022401053,0,0,PHI,2,0,9,00:32,Off Long Mid-Range Make,0,MISS Sarr 27' 3PT Jump Shot,,PHI,WAS,WAS,1610612764,2025,1408.0,1432.0,1420.0,1629673|1630551|1641798|1642259|1642358,1629656|1630288|1641737|1641741|1642348,2024-25,296
416517,01:42,"Sarr 3' Driving Layup (15 PTS) (Champagnie 1 AST)
",1,1,0,0,2025-03-26,0022401053,0,0,PHI,2,0,9,01:56,Off At Rim Make,0,Sarr 3' Driving Layup (15 PTS) (Champagnie 1 AST),,PHI,WAS,WAS,1610612764,2025,1324.0,1338.0,1331.0,1629673|1630551|1641798|1642259|1642358,1629656|1630288|1641737|1641741|1642348,2024-25,306
416540,07:21,"Martin 1' Driving Dunk (8 PTS) (Johnson 2 AST)
",1,1,0,0,2025-03-26,0022401053,0,0,PHI,2,0,9,07:30,Off At Rim Block,0,Martin 1' Driving Dunk (8 PTS) (Johnson 2 AST),,PHI,WAS,WAS,1610612764,2025,990.0,999.0,994.5,1630550|1641774|1641798|1642267|1642358,1627824|1630215|1630762|1641741|1642348,2024-25,212
416518,02:14,"MISS Champagnie 2' Cutting Layup Shot
Champagnie REBOUND (Off:3 Def:4)
Champagnie 2' Putback Layup (13 PTS)
",2,1,0,0,2025-03-26,0022401053,0,1,PHI,2,0,9,02:33,Off Short Mid-Range Make,0,MISS Champagnie 2' Cutting Layup Shot,,PHI,WAS,WAS,1610612764,2025,1287.0,1306.0,1296.5,1629673|1630551|1641798|1642259|1642358,1629656|1630288|1641737|1641741|1642348,2024-25,294
416519,02:14,"MISS Champagnie 2' Cutting Layup Shot
Champagnie REBOUND (Off:3 Def:4)
Champagnie 2' Putback Layup (13 PTS)
",2,1,0,0,2025-03-26,0022401053,0,1,PHI,2,0,9,02:33,Off Short Mid-Range Make,0,Champagnie REBOUND (Off:3 Def:4),,PHI,WAS,WAS,1610612764,2025,1287.0,1306.0,1296.5,1629673|1630551|1641798|1642259|1642358,1629656|1630288|1641737|1641741|1642348,2024-25,294
416520,02:14,"MISS Champagnie 2' Cutting Layup Shot
Champagnie REBOUND (Off:3 Def:4)
Champagnie 2' Putback Layup (13 PTS)
",2,1,0,0,2025-03-26,0022401053,0,1,PHI,2,0,9,02:33,Off Short Mid-Range Make,0,Champagnie 2' Putback Layup (13 PTS),,PHI,WAS,WAS,1610612764,2025,1287.0,1306.0,1296.5,1629673|1630551|1641798|1642259|1642358,1629656|1630288|1641737|1641741|1642348,2024-25,294
416521,02:56,"Martin 1' Running Dunk (10 PTS) (Poole 6 AST)
",1,1,0,0,2025-03-26,0022401053,0,0,PHI,2,0,9,03:00,Off Long Mid-Range Miss,0,Martin 1' Running Dunk (10 PTS) (Poole 6 AST),,PHI,WAS,WAS,1610612764,2025,1260.0,1264.0,1262.0,1629673|1630551|1641798|1642259|1642358,1629656|1630288|1641737|1641741|1642348,2024-25,280
416522,03:17,"Johnson Running Dunk (2 PTS)
",1,1,0,0,2025-03-26,0022401053,0,0,PHI,2,0,7,03:21,Off Arc 3 Miss,0,Johnson Running Dunk (2 PTS),,PHI,WAS,WAS,1610612764,2025,1239.0,1243.0,1241.0,1629673|1630551|1641798|1642259|1642358,1629656|1630288|1641737|1641741|1642348,2024-25,277
416523,03:29,"MISS Champagnie 26' 3PT Jump Shot
Edwards REBOUND (Off:1 Def:2)
",0,0,1,0,2025-03-26,0022401053,0,0,PHI,2,0,7,03:48,Off At Rim Make,0,MISS Champagnie 26' 3PT Jump Shot,,PHI,WAS,WAS,1610612764,2025,1212.0,1231.0,1221.5,1629673|1630551|1641798|1642259|1642358,1629656|1630288|1641737|1641741|1642348,2024-25,336
416536,06:55,"MISS Martin 3PT Jump Shot
Thor REBOUND (Off:1 Def:1)
MISS Thor 26' 3PT Jump Shot
Council IV REBOUND (Off:0 Def:2)
",0,0,2,0,2025-03-26,0022401053,0,1,PHI,2,0,11,07:09,Off Arc 3 Miss,0,MISS Martin 3PT Jump Shot,,PHI,WAS,WAS,1610612764,2025,1011.0,1025.0,1018.0,1630550|1641774|1641798|1642267|1642358,1627824|1630215|1630762|1641741|1642348,2024-25,257
416524,03:29,"MISS Champagnie 26' 3PT Jump Shot
Edwards REBOUND (Off:1 Def:2)
",0,0,1,0,2025-03-26,0022401053,0,0,PHI,2,0,7,03:48,Off At Rim Make,0,Edwards REBOUND (Off:1 Def:2),,PHI,WAS,WAS,1610612764,2025,1212.0,1231.0,1221.5,1629673|1630551|1641798|1642259|1642358,1629656|1630288|1641737|1641741|1642348,2024-25,336
416526,04:01,"Grimes P.FOUL (P1.T3) (M.Davis)
MISS Champagnie 3' Driving Finger Roll Layup
Edwards REBOUND (Off:1 Def:1)
",1,0,0,0,2025-03-26,0022401053,0,0,PHI,2,0,9,04:25,Off FT Make,0,MISS Champagnie 3' Driving Finger Roll Layup,,PHI,WAS,WAS,1610612764,2025,1175.0,1199.0,1187.0,1629673|1630551|1641798|1642259|1642358,1629656|1630288|1641737|1641741|1642348,2024-25,319
416516,01:11,"Champagnie 3PT Jump Shot (16 PTS) (Martin 2 AST)
",0,0,1,1,2025-03-26,0022401053,0,0,PHI,2,0,9,01:24,Off At Rim Make,0,Champagnie 3PT Jump Shot (16 PTS) (Martin 2 AST),,PHI,WAS,WAS,1610612764,2025,1356.0,1369.0,1362.5,1629673|1630551|1641798|1642259|1642358,1629656|1630288|1641737|1641741|1642348,2024-25,307
416527,04:01,"Grimes P.FOUL (P1.T3) (M.Davis)
MISS Champagnie 3' Driving Finger Roll Layup
Edwards REBOUND (Off:1 Def:1)
",1,0,0,0,2025-03-26,0022401053,0,0,PHI,2,0,9,04:25,Off FT Make,0,Edwards REBOUND (Off:1 Def:1),,PHI,WAS,WAS,1610612764,2025,1175.0,1199.0,1187.0,1629673|1630551|1641798|1642259|1642358,1629656|1630288|1641737|1641741|1642348,2024-25,319
416529,04:56,"MISS Martin 19' Pullup Jump Shot
Wizards Rebound
Wizards Turnover: Shot Clock (T#5)
",1,0,0,0,2025-03-26,0022401053,0,0,PHI,2,0,11,05:19,Off Arc 3 Miss,1,MISS Martin 19' Pullup Jump Shot,,PHI,WAS,WAS,1610612764,2025,1121.0,1144.0,1132.5,1630551|1641774|1641798|1642267|1642358,1629656|1630288|1630542|1630762|1641737,2024-25,246
416530,04:56,"MISS Martin 19' Pullup Jump Shot
Wizards Rebound
Wizards Turnover: Shot Clock (T#5)
",1,0,0,0,2025-03-26,0022401053,0,0,PHI,2,0,11,05:19,Off Arc 3 Miss,1,Wizards Rebound,,PHI,WAS,WAS,1610612764,2025,1121.0,1144.0,1132.5,1630551|1641774|1641798|1642267|1642358,1629656|1630288|1630542|1630762|1641737,2024-25,246
416531,04:56,"MISS Martin 19' Pullup Jump Shot
Wizards Rebound
Wizards Turnover: Shot Clock (T#5)
",1,0,0,0,2025-03-26,0022401053,0,0,PHI,2,0,11,05:19,Off Arc 3 Miss,1,Wizards Turnover: Shot Clock (T#5),,PHI,WAS,WAS,1610612764,2025,1121.0,1144.0,1132.5,1630551|1641774|1641798|1642267|1642358,1629656|1630288|1630542|1630762|1641737,2024-25,246
416532,05:46,"MISS Vukcevic 28' 3PT Running Jump Shot
76ERS Rebound
",0,0,1,0,2025-03-26,0022401053,0,0,PHI,2,0,11,05:52,Off Arc 3 Miss,0,MISS Vukcevic 28' 3PT Running Jump Shot,,PHI,WAS,WAS,1610612764,2025,1088.0,1094.0,1091.0,1630550|1641774|1641798|1642267|1642358,1629656|1630288|1630542|1630762|1641737,2024-25,251
416533,05:46,"MISS Vukcevic 28' 3PT Running Jump Shot
76ERS Rebound
",0,0,1,0,2025-03-26,0022401053,0,0,PHI,2,0,11,05:52,Off Arc 3 Miss,0,76ERS Rebound,,PHI,WAS,WAS,1610612764,2025,1088.0,1094.0,1091.0,1630550|1641774|1641798|1642267|1642358,1629656|1630288|1630542|1630762|1641737,2024-25,251
416534,06:08,"MISS Johnson 2' Driving Finger Roll Layup
Wheeler REBOUND (Off:0 Def:2)
",1,0,0,0,2025-03-26,0022401053,0,0,PHI,2,0,11,06:30,Off Corner 3 Miss,0,MISS Johnson 2' Driving Finger Roll Layup,,PHI,WAS,WAS,1610612764,2025,1050.0,1072.0,1061.0,1630550|1641774|1641798|1642267|1642358,1629656|1630288|1630542|1630762|1641737,2024-25,235
416525,04:01,"Grimes P.FOUL (P1.T3) (M.Davis)
MISS Champagnie 3' Driving Finger Roll Layup
Edwards REBOUND (Off:1 Def:1)
",1,0,0,0,2025-03-26,0022401053,0,0,PHI,2,0,9,04:25,Off FT Make,0,Grimes P.FOUL (P1.T3) (M.Davis),,PHI,WAS,WAS,1610612764,2025,1175.0,1199.0,1187.0,1629673|1630551|1641798|1642259|1642358,1629656|1630288|1641737|1641741|1642348,2024-25,319
416473,01:38,"Vukcevic Traveling Turnover (P1.T3)
",0,0,0,0,2025-03-26,0022401053,0,0,PHI,1,0,11,01:52,Off FT Make,1,Vukcevic Traveling Turnover (P1.T3),,PHI,WAS,WAS,1610612764,2025,608.0,622.0,615.0,1630550|1641732|1641774|1641798|1642267,1629656|1630288|1630542|1641737|1641741,2024-25,128
416491,05:44,"Bona P.FOUL (P1.T3) (K.Cutler)
Sarr 28' 3PT Jump Shot (8 PTS) (Poole 3 AST)
",0,0,1,1,2025-03-26,0022401053,0,0,PHI,1,0,8,06:09,Off Short Mid-Range Make,0,Bona P.FOUL (P1.T3) (K.Cutler),,PHI,WAS,WAS,1610612764,2025,351.0,376.0,363.5,1629673|1630551|1641732|1642259|1642358,1629656|1630215|1630542|1641737|1642348,2024-25,75
416528,04:32,"Grimes STEAL (2 STL): Sarr Lost Ball Turnover (P2.T6)
",0,0,0,0,2025-03-26,0022401053,0,0,PHI,2,0,11,04:36,Off Arc 3 Miss,1,Grimes STEAL (2 STL): Sarr Lost Ball Turnover (P2.T6),,PHI,WAS,WAS,1610612764,2025,1164.0,1168.0,1166.0,1629673|1630551|1641798|1642259|1642358,1629656|1630288|1630542|1630762|1641737,2024-25,269
416539,06:55,"MISS Martin 3PT Jump Shot
Thor REBOUND (Off:1 Def:1)
MISS Thor 26' 3PT Jump Shot
Council IV REBOUND (Off:0 Def:2)
",0,0,2,0,2025-03-26,0022401053,0,1,PHI,2,0,11,07:09,Off Arc 3 Miss,0,Council IV REBOUND (Off:0 Def:2),,PHI,WAS,WAS,1610612764,2025,1011.0,1025.0,1018.0,1630550|1641774|1641798|1642267|1642358,1627824|1630215|1630762|1641741|1642348,2024-25,257
416515,00:42,"Poole 6' Driving Floating Jump Shot (7 PTS)
",1,1,0,0,2025-03-26,0022401053,0,0,PHI,2,0,9,00:48,Off Arc 3 Make,0,Poole 6' Driving Floating Jump Shot (7 PTS),,PHI,WAS,WAS,1610612764,2025,1392.0,1398.0,1395.0,1629673|1630551|1641798|1642259|1642358,1629656|1630288|1641737|1641741|1642348,2024-25,370
416537,06:55,"MISS Martin 3PT Jump Shot
Thor REBOUND (Off:1 Def:1)
MISS Thor 26' 3PT Jump Shot
Council IV REBOUND (Off:0 Def:2)
",0,0,2,0,2025-03-26,0022401053,0,1,PHI,2,0,11,07:09,Off Arc 3 Miss,0,Thor REBOUND (Off:1 Def:1),,PHI,WAS,WAS,1610612764,2025,1011.0,1025.0,1018.0,1630550|1641774|1641798|1642267|1642358,1627824|1630215|1630762|1641741|1642348,2024-25,257
416541,07:45,"Council IV S.FOUL (P2.T2) (K.Cutler)
Vukcevic Free Throw 1 of 2 (5 PTS)
Vukcevic Free Throw 2 of 2 (6 PTS)
",0,0,0,0,2025-03-26,0022401053,0,0,PHI,2,1,7,08:06,Off At Rim Make,0,Council IV S.FOUL (P2.T2) (K.Cutler),,PHI,WAS,WAS,1610612764,2025,954.0,975.0,964.5,1630550|1641732|1641774|1641798|1642267,1627824|1630215|1630762|1641741|1642348,2024-25,224
416542,07:45,"Council IV S.FOUL (P2.T2) (K.Cutler)
Vukcevic Free Throw 1 of 2 (5 PTS)
Vukcevic Free Throw 2 of 2 (6 PTS)
",0,0,0,0,2025-03-26,0022401053,0,0,PHI,2,1,7,08:06,Off At Rim Make,0,Vukcevic Free Throw 1 of 2 (5 PTS),,PHI,WAS,WAS,1610612764,2025,954.0,975.0,964.5,1630550|1641732|1641774|1641798|1642267,1627824|1630215|1630762|1641741|1642348,2024-25,224
416543,07:45,"Council IV S.FOUL (P2.T2) (K.Cutler)
Vukcevic Free Throw 1 of 2 (5 PTS)
Vukcevic Free Throw 2 of 2 (6 PTS)
",0,0,0,0,2025-03-26,0022401053,0,0,PHI,2,1,7,08:06,Off At Rim Make,0,Vukcevic Free Throw 2 of 2 (6 PTS),,PHI,WAS,WAS,1610612764,2025,954.0,975.0,964.5,1630550|1641732|1641774|1641798|1642267,1627824|1630215|1630762|1641741|1642348,2024-25,224
416544,08:09,"MISS Jones 29' 3PT Jump Shot
Yabusele REBOUND (Off:1 Def:3)
",0,0,1,0,2025-03-26,0022401053,0,0,PHI,2,0,9,08:24,Off At Rim Make,0,MISS Jones 29' 3PT Jump Shot,,PHI,WAS,WAS,1610612764,2025,936.0,951.0,943.5,1630550|1641732|1641774|1641798|1642267,1627824|1630215|1630762|1641741|1642348,2024-25,201
416545,08:09,"MISS Jones 29' 3PT Jump Shot
Yabusele REBOUND (Off:1 Def:3)
",0,0,1,0,2025-03-26,0022401053,0,0,PHI,2,0,9,08:24,Off At Rim Make,0,Yabusele REBOUND (Off:1 Def:3),,PHI,WAS,WAS,1610612764,2025,936.0,951.0,943.5,1630550|1641732|1641774|1641798|1642267,1627824|1630215|1630762|1641741|1642348,2024-25,201
416546,08:57,"Council IV P.FOUL (P1.T1) (J.Ralls)
Martin 27' 3PT Pullup Jump Shot (6 PTS) (Carrington 3 AST)
",0,0,1,1,2025-03-26,0022401053,0,0,PHI,2,0,8,09:21,Off Short Mid-Range Make,0,Council IV P.FOUL (P1.T1) (J.Ralls),,PHI,WAS,WAS,1610612764,2025,879.0,903.0,891.0,1630550|1641732|1641774|1641798|1642267,1627824|1630215|1630762|1641741|1642348,2024-25,225
416547,08:57,"Council IV P.FOUL (P1.T1) (J.Ralls)
Martin 27' 3PT Pullup Jump Shot (6 PTS) (Carrington 3 AST)
",0,0,1,1,2025-03-26,0022401053,0,0,PHI,2,0,8,09:21,Off Short Mid-Range Make,0,Martin 27' 3PT Pullup Jump Shot (6 PTS) (Carrington 3 AST),,PHI,WAS,WAS,1610612764,2025,879.0,903.0,891.0,1630550|1641732|1641774|1641798|1642267,1627824|1630215|1630762|1641741|1642348,2024-25,225
416538,06:55,"MISS Martin 3PT Jump Shot
Thor REBOUND (Off:1 Def:1)
MISS Thor 26' 3PT Jump Shot
Council IV REBOUND (Off:0 Def:2)
",0,0,2,0,2025-03-26,0022401053,0,1,PHI,2,0,11,07:09,Off Arc 3 Miss,0,MISS Thor 26' 3PT Jump Shot,,PHI,WAS,WAS,1610612764,2025,1011.0,1025.0,1018.0,1630550|1641774|1641798|1642267|1642358,1627824|1630215|1630762|1641741|1642348,2024-25,257
416548,09:39,"Edwards STEAL (2 STL): Carrington Bad Pass Turnover (P2.T4)
",0,0,0,0,2025-03-26,0022401053,0,0,PHI,2,0,11,09:48,Off Short Mid-Range Miss,1,Edwards STEAL (2 STL): Carrington Bad Pass Turnover (P2.T4),,PHI,WAS,WAS,1610612764,2025,852.0,861.0,856.5,1630550|1641732|1641774|1641798|1642267,1627824|1630215|1630762|1641741|1642348,2024-25,186
416535,06:08,"MISS Johnson 2' Driving Finger Roll Layup
Wheeler REBOUND (Off:0 Def:2)
",1,0,0,0,2025-03-26,0022401053,0,0,PHI,2,0,11,06:30,Off Corner 3 Miss,0,Wheeler REBOUND (Off:0 Def:2),,PHI,WAS,WAS,1610612764,2025,1050.0,1072.0,1061.0,1630550|1641774|1641798|1642267|1642358,1629656|1630288|1630542|1630762|1641737,2024-25,235
416550,10:05,"MISS Vukcevic 28' 3PT Jump Shot
Council IV REBOUND (Off:0 Def:1)
",0,0,1,0,2025-03-26,0022401053,0,0,PHI,2,0,11,10:25,Off Short Mid-Range Make,0,Council IV REBOUND (Off:0 Def:1),,PHI,WAS,WAS,1610612764,2025,815.0,835.0,825.0,1630550|1641732|1641774|1641798|1642267,1627824|1630215|1630762|1641741|1642348,2024-25,186
416552,11:09,"MISS Carrington 5' Turnaround Jump Shot
Wheeler REBOUND (Off:0 Def:1)
",1,0,0,0,2025-03-26,0022401053,0,0,PHI,2,0,13,11:37,Off Arc 3 Make,0,MISS Carrington 5' Turnaround Jump Shot,,PHI,WAS,WAS,1610612764,2025,743.0,771.0,757.0,1630550|1641732|1641774|1641798|1642267,1627824|1630215|1630762|1641741|1642348,2024-25,174
416553,11:09,"MISS Carrington 5' Turnaround Jump Shot
Wheeler REBOUND (Off:0 Def:1)
",1,0,0,0,2025-03-26,0022401053,0,0,PHI,2,0,13,11:37,Off Arc 3 Make,0,Wheeler REBOUND (Off:0 Def:1),,PHI,WAS,WAS,1610612764,2025,743.0,771.0,757.0,1630550|1641732|1641774|1641798|1642267,1627824|1630215|1630762|1641741|1642348,2024-25,174
416554,00:00,"Jones 24' 3PT Pullup Jump Shot (6 PTS) (Vukcevic 1 AST)
",0,0,1,1,2025-03-26,0022401053,0,0,PHI,3,0,9,00:17,Off Arc 3 Make,0,Jones 24' 3PT Pullup Jump Shot (6 PTS) (Vukcevic 1 AST),,PHI,WAS,WAS,1610612764,2025,2143.0,2160.0,2151.5,1630550|1641732|1641774|1641798|1642267,1630215|1630542|1630762|1641741|1642348,2024-25,466
416555,00:35,"Carrington 28' 3PT Jump Shot (9 PTS)
",0,0,1,1,2025-03-26,0022401053,0,0,PHI,3,0,9,00:50,Off At Rim Make,0,Carrington 28' 3PT Jump Shot (9 PTS),,PHI,WAS,WAS,1610612764,2025,2110.0,2125.0,2117.5,1630550|1641732|1641774|1641798|1642267,1630215|1630542|1630762|1641741|1642348,2024-25,567
416556,00:57,"MISS Jones 25' 3PT Pullup Jump Shot
Thor REBOUND (Off:2 Def:2)
MISS Carrington 26' 3PT Jump Shot
Edwards REBOUND (Off:2 Def:5)
",0,0,2,0,2025-03-26,0022401053,0,1,PHI,3,0,11,01:19,Off At Rim Make,0,MISS Jones 25' 3PT Pullup Jump Shot,,PHI,WAS,WAS,1610612764,2025,2081.0,2103.0,2092.0,1630550|1641732|1641774|1641798|1642267,1630215|1630542|1630762|1641741|1642348,2024-25,537
416557,00:57,"MISS Jones 25' 3PT Pullup Jump Shot
Thor REBOUND (Off:2 Def:2)
MISS Carrington 26' 3PT Jump Shot
Edwards REBOUND (Off:2 Def:5)
",0,0,2,0,2025-03-26,0022401053,0,1,PHI,3,0,11,01:19,Off At Rim Make,0,Thor REBOUND (Off:2 Def:2),,PHI,WAS,WAS,1610612764,2025,2081.0,2103.0,2092.0,1630550|1641732|1641774|1641798|1642267,1630215|1630542|1630762|1641741|1642348,2024-25,537
416558,00:57,"MISS Jones 25' 3PT Pullup Jump Shot
Thor REBOUND (Off:2 Def:2)
MISS Carrington 26' 3PT Jump Shot
Edwards REBOUND (Off:2 Def:5)
",0,0,2,0,2025-03-26,0022401053,0,1,PHI,3,0,11,01:19,Off At Rim Make,0,MISS Carrington 26' 3PT Jump Shot,,PHI,WAS,WAS,1610612764,2025,2081.0,2103.0,2092.0,1630550|1641732|1641774|1641798|1642267,1630215|1630542|1630762|1641741|1642348,2024-25,537
416549,10:05,"MISS Vukcevic 28' 3PT Jump Shot
Council IV REBOUND (Off:0 Def:1)
",0,0,1,0,2025-03-26,0022401053,0,0,PHI,2,0,11,10:25,Off Short Mid-Range Make,0,MISS Vukcevic 28' 3PT Jump Shot,,PHI,WAS,WAS,1610612764,2025,815.0,835.0,825.0,1630550|1641732|1641774|1641798|1642267,1627824|1630215|1630762|1641741|1642348,2024-25,186
416560,01:22,"Council IV BLOCK (1 BLK): MISS Martin 2' Driving Layup
Edwards REBOUND (Off:2 Def:4)
",1,0,0,0,2025-03-26,0022401053,0,0,PHI,3,0,13,01:36,Off At Rim Make,0,Council IV BLOCK (1 BLK): MISS Martin 2' Driving Layup,,PHI,WAS,WAS,1610612764,2025,2064.0,2078.0,2071.0,1630550|1641732|1641774|1641798|1642267,1630215|1630542|1630762|1641741|1642348,2024-25,477
416551,10:48,"Vukcevic 2' Cutting Finger Roll Layup Shot (4 PTS) (Martin 1 AST)
",1,1,0,0,2025-03-26,0022401053,0,0,PHI,2,0,11,11:03,Off At Rim Make,0,Vukcevic 2' Cutting Finger Roll Layup Shot (4 PTS) (Martin 1 AST),,PHI,WAS,WAS,1610612764,2025,777.0,792.0,784.5,1630550|1641732|1641774|1641798|1642267,1627824|1630215|1630762|1641741|1642348,2024-25,178
416559,00:57,"MISS Jones 25' 3PT Pullup Jump Shot
Thor REBOUND (Off:2 Def:2)
MISS Carrington 26' 3PT Jump Shot
Edwards REBOUND (Off:2 Def:5)
",0,0,2,0,2025-03-26,0022401053,0,1,PHI,3,0,11,01:19,Off At Rim Make,0,Edwards REBOUND (Off:2 Def:5),,PHI,WAS,WAS,1610612764,2025,2081.0,2103.0,2092.0,1630550|1641732|1641774|1641798|1642267,1630215|1630542|1630762|1641741|1642348,2024-25,537
416477,02:30,"MISS Johnson 29' 3PT Step Back Jump Shot
Bona REBOUND (Off:1 Def:1)
",0,0,1,0,2025-03-26,0022401053,0,0,PHI,1,0,11,02:44,Off At Rim Block,0,MISS Johnson 29' 3PT Step Back Jump Shot,,PHI,WAS,WAS,1610612764,2025,556.0,570.0,563.0,1630550|1641732|1641798|1642259|1642358,1629656|1630542|1641737|1641741|1642348,2024-25,119
416561,01:22,"Council IV BLOCK (1 BLK): MISS Martin 2' Driving Layup
Edwards REBOUND (Off:2 Def:4)
",1,0,0,0,2025-03-26,0022401053,0,0,PHI,3,0,13,01:36,Off At Rim Make,0,Edwards REBOUND (Off:2 Def:4),,PHI,WAS,WAS,1610612764,2025,2064.0,2078.0,2071.0,1630550|1641732|1641774|1641798|1642267,1630215|1630542|1630762|1641741|1642348,2024-25,477
416566,03:16,"Poole 26' 3PT Step Back Jump Shot (15 PTS)
",0,0,1,1,2025-03-26,0022401053,0,0,PHI,3,0,12,03:25,Off At Rim Block,0,Poole 26' 3PT Step Back Jump Shot (15 PTS),,PHI,WAS,WAS,1610612764,2025,1955.0,1964.0,1959.5,1629673|1630550|1641732|1641798|1642259,1629656|1630215|1630542|1630762|1641737,2024-25,403
416567,03:55,"Sarr 25' 3PT Jump Shot (22 PTS) (Poole 7 AST)
",0,0,1,1,2025-03-26,0022401053,0,0,PHI,3,0,9,04:08,Off Corner 3 Miss,0,Sarr 25' 3PT Jump Shot (22 PTS) (Poole 7 AST),,PHI,WAS,WAS,1610612764,2025,1912.0,1925.0,1918.5,1629673|1630551|1641732|1642259|1642358,1627824|1629656|1630215|1630542|1642348,2024-25,389
416568,04:32,"MISS Johnson 26' 3PT Jump Shot
Sarr REBOUND (Off:4 Def:2)
MISS Poole 24' 3PT Jump Shot
Johnson REBOUND (Off:1 Def:4)
MISS Johnson Putback Layup
Bagley REBOUND (Off:0 Def:2)
",1,0,2,0,2025-03-26,0022401053,0,2,PHI,3,0,9,05:04,Off Dead Ball,0,MISS Johnson 26' 3PT Jump Shot,,PHI,WAS,WAS,1610612764,2025,1856.0,1888.0,1872.0,1629673|1630551|1641732|1642259|1642358,1627824|1629656|1630215|1630542|1642348,2024-25,485
416569,04:32,"MISS Johnson 26' 3PT Jump Shot
Sarr REBOUND (Off:4 Def:2)
MISS Poole 24' 3PT Jump Shot
Johnson REBOUND (Off:1 Def:4)
MISS Johnson Putback Layup
Bagley REBOUND (Off:0 Def:2)
",1,0,2,0,2025-03-26,0022401053,0,2,PHI,3,0,9,05:04,Off Dead Ball,0,Sarr REBOUND (Off:4 Def:2),,PHI,WAS,WAS,1610612764,2025,1856.0,1888.0,1872.0,1629673|1630551|1641732|1642259|1642358,1627824|1629656|1630215|1630542|1642348,2024-25,485
416570,04:32,"MISS Johnson 26' 3PT Jump Shot
Sarr REBOUND (Off:4 Def:2)
MISS Poole 24' 3PT Jump Shot
Johnson REBOUND (Off:1 Def:4)
MISS Johnson Putback Layup
Bagley REBOUND (Off:0 Def:2)
",1,0,2,0,2025-03-26,0022401053,0,2,PHI,3,0,9,05:04,Off Dead Ball,0,MISS Poole 24' 3PT Jump Shot,,PHI,WAS,WAS,1610612764,2025,1856.0,1888.0,1872.0,1629673|1630551|1641732|1642259|1642358,1627824|1629656|1630215|1630542|1642348,2024-25,485
416571,04:32,"MISS Johnson 26' 3PT Jump Shot
Sarr REBOUND (Off:4 Def:2)
MISS Poole 24' 3PT Jump Shot
Johnson REBOUND (Off:1 Def:4)
MISS Johnson Putback Layup
Bagley REBOUND (Off:0 Def:2)
",1,0,2,0,2025-03-26,0022401053,0,2,PHI,3,0,9,05:04,Off Dead Ball,0,Johnson REBOUND (Off:1 Def:4),,PHI,WAS,WAS,1610612764,2025,1856.0,1888.0,1872.0,1629673|1630551|1641732|1642259|1642358,1627824|1629656|1630215|1630542|1642348,2024-25,485
416572,04:32,"MISS Johnson 26' 3PT Jump Shot
Sarr REBOUND (Off:4 Def:2)
MISS Poole 24' 3PT Jump Shot
Johnson REBOUND (Off:1 Def:4)
MISS Johnson Putback Layup
Bagley REBOUND (Off:0 Def:2)
",1,0,2,0,2025-03-26,0022401053,0,2,PHI,3,0,9,05:04,Off Dead Ball,0,MISS Johnson Putback Layup,,PHI,WAS,WAS,1610612764,2025,1856.0,1888.0,1872.0,1629673|1630551|1641732|1642259|1642358,1627824|1629656|1630215|1630542|1642348,2024-25,485
416585,08:04,"Poole Out of Bounds Lost Ball Turnover (P1.T8)
",0,0,0,0,2025-03-26,0022401053,0,0,PHI,3,0,12,08:15,Off Arc 3 Miss,1,Poole Out of Bounds Lost Ball Turnover (P1.T8),,PHI,WAS,WAS,1610612764,2025,1665.0,1676.0,1670.5,1629673|1630551|1642259|1642267|1642358,1627824|1629656|1630288|1641741|1642348,2024-25,370
416573,04:32,"MISS Johnson 26' 3PT Jump Shot
Sarr REBOUND (Off:4 Def:2)
MISS Poole 24' 3PT Jump Shot
Johnson REBOUND (Off:1 Def:4)
MISS Johnson Putback Layup
Bagley REBOUND (Off:0 Def:2)
",1,0,2,0,2025-03-26,0022401053,0,2,PHI,3,0,9,05:04,Off Dead Ball,0,Bagley REBOUND (Off:0 Def:2),,PHI,WAS,WAS,1610612764,2025,1856.0,1888.0,1872.0,1629673|1630551|1641732|1642259|1642358,1627824|1629656|1630215|1630542|1642348,2024-25,485
416575,05:14,"MISS Champagnie 1' Running Finger Roll Layup
Edwards REBOUND (Off:2 Def:3)
",1,0,0,0,2025-03-26,0022401053,0,0,PHI,3,0,9,05:17,Off Steal,0,Edwards REBOUND (Off:2 Def:3),,PHI,WAS,WAS,1610612764,2025,1843.0,1846.0,1844.5,1629673|1630551|1642259|1642267|1642358,1627824|1629656|1630215|1630542|1642348,2024-25,431
416576,05:29,"MISS Johnson 25' 3PT Jump Shot
Wizards Rebound
Champagnie 7' Turnaround Jump Shot (18 PTS)
",1,1,1,0,2025-03-26,0022401053,0,1,PHI,3,0,7,06:11,Off Timeout,0,MISS Johnson 25' 3PT Jump Shot,,PHI,WAS,WAS,1610612764,2025,1789.0,1831.0,1810.0,1629673|1630551|1642259|1642267|1642358,1627824|1629656|1630215|1630542|1642348,2024-25,362
416577,05:29,"MISS Johnson 25' 3PT Jump Shot
Wizards Rebound
Champagnie 7' Turnaround Jump Shot (18 PTS)
",1,1,1,0,2025-03-26,0022401053,0,1,PHI,3,0,7,06:11,Off Timeout,0,Wizards Rebound,,PHI,WAS,WAS,1610612764,2025,1789.0,1831.0,1810.0,1629673|1630551|1642259|1642267|1642358,1627824|1629656|1630215|1630542|1642348,2024-25,362
416578,05:29,"MISS Johnson 25' 3PT Jump Shot
Wizards Rebound
Champagnie 7' Turnaround Jump Shot (18 PTS)
",1,1,1,0,2025-03-26,0022401053,0,1,PHI,3,0,7,06:11,Off Timeout,0,Champagnie 7' Turnaround Jump Shot (18 PTS),,PHI,WAS,WAS,1610612764,2025,1789.0,1831.0,1810.0,1629673|1630551|1642259|1642267|1642358,1627824|1629656|1630215|1630542|1642348,2024-25,362
416579,06:23,"Yabusele P.FOUL (P1.T2) (J.Ralls)
Sarr Cutting Dunk Shot (19 PTS) (Carrington 5 AST)
",1,1,0,0,2025-03-26,0022401053,0,0,PHI,3,0,7,06:39,Off Timeout,0,Yabusele P.FOUL (P1.T2) (J.Ralls),,PHI,WAS,WAS,1610612764,2025,1761.0,1777.0,1769.0,1629673|1630551|1642259|1642267|1642358,1627824|1629656|1630288|1641741|1642348,2024-25,412
416580,06:23,"Yabusele P.FOUL (P1.T2) (J.Ralls)
Sarr Cutting Dunk Shot (19 PTS) (Carrington 5 AST)
",1,1,0,0,2025-03-26,0022401053,0,0,PHI,3,0,7,06:39,Off Timeout,0,Sarr Cutting Dunk Shot (19 PTS) (Carrington 5 AST),,PHI,WAS,WAS,1610612764,2025,1761.0,1777.0,1769.0,1629673|1630551|1642259|1642267|1642358,1627824|1629656|1630288|1641741|1642348,2024-25,412
416581,06:43,"MISS Sarr 2' Driving Layup
Champagnie REBOUND (Off:4 Def:6)
Edwards STEAL (3 STL): Sarr Bad Pass Turnover (P3.T9)
",1,0,0,0,2025-03-26,0022401053,0,1,PHI,3,0,9,07:04,Off Arc 3 Make,1,MISS Sarr 2' Driving Layup,,PHI,WAS,WAS,1610612764,2025,1736.0,1757.0,1746.5,1629673|1630551|1642259|1642267|1642358,1627824|1629656|1630288|1641741|1642348,2024-25,459
416582,06:43,"MISS Sarr 2' Driving Layup
Champagnie REBOUND (Off:4 Def:6)
Edwards STEAL (3 STL): Sarr Bad Pass Turnover (P3.T9)
",1,0,0,0,2025-03-26,0022401053,0,1,PHI,3,0,9,07:04,Off Arc 3 Make,1,Champagnie REBOUND (Off:4 Def:6),,PHI,WAS,WAS,1610612764,2025,1736.0,1757.0,1746.5,1629673|1630551|1642259|1642267|1642358,1627824|1629656|1630288|1641741|1642348,2024-25,459
416583,06:43,"MISS Sarr 2' Driving Layup
Champagnie REBOUND (Off:4 Def:6)
Edwards STEAL (3 STL): Sarr Bad Pass Turnover (P3.T9)
",1,0,0,0,2025-03-26,0022401053,0,1,PHI,3,0,9,07:04,Off Arc 3 Make,1,Edwards STEAL (3 STL): Sarr Bad Pass Turnover (P3.T9),,PHI,WAS,WAS,1610612764,2025,1736.0,1757.0,1746.5,1629673|1630551|1642259|1642267|1642358,1627824|1629656|1630288|1641741|1642348,2024-25,459
416574,05:14,"MISS Champagnie 1' Running Finger Roll Layup
Edwards REBOUND (Off:2 Def:3)
",1,0,0,0,2025-03-26,0022401053,0,0,PHI,3,0,9,05:17,Off Steal,0,MISS Champagnie 1' Running Finger Roll Layup,,PHI,WAS,WAS,1610612764,2025,1843.0,1846.0,1844.5,1629673|1630551|1642259|1642267|1642358,1627824|1629656|1630215|1630542|1642348,2024-25,431
416565,02:48,"Poole 31' 3PT Pullup Jump Shot (18 PTS)
",0,0,1,1,2025-03-26,0022401053,0,0,PHI,3,0,15,02:56,Off Long Mid-Range Miss,0,Poole 31' 3PT Pullup Jump Shot (18 PTS),,PHI,WAS,WAS,1610612764,2025,1984.0,1992.0,1988.0,1629673|1630550|1641732|1641798|1642259,1629656|1630215|1630542|1630762|1641737,2024-25,408
416564,02:11,"MISS Sarr 12' Turnaround Jump Shot
Bagley REBOUND (Off:0 Def:3)
",1,0,0,0,2025-03-26,0022401053,0,0,PHI,3,0,15,02:28,Off Timeout,0,Bagley REBOUND (Off:0 Def:3),,PHI,WAS,WAS,1610612764,2025,2012.0,2029.0,2020.5,1630550|1641732|1641798|1642259|1642267,1630215|1630542|1630762|1641741|1642348,2024-25,478
416563,02:11,"MISS Sarr 12' Turnaround Jump Shot
Bagley REBOUND (Off:0 Def:3)
",1,0,0,0,2025-03-26,0022401053,0,0,PHI,3,0,15,02:28,Off Timeout,0,MISS Sarr 12' Turnaround Jump Shot,,PHI,WAS,WAS,1610612764,2025,2012.0,2029.0,2020.5,1630550|1641732|1641798|1642259|1642267,1630215|1630542|1630762|1641741|1642348,2024-25,478
416586,08:34,"Poole 1' Running Layup (12 PTS) (Johnson 3 AST)
",1,1,0,0,2025-03-26,0022401053,0,0,PHI,3,0,10,08:35,Off Long Mid-Range Miss,0,Poole 1' Running Layup (12 PTS) (Johnson 3 AST),,PHI,WAS,WAS,1610612764,2025,1645.0,1646.0,1645.5,1629673|1630551|1642259|1642267|1642358,1627824|1629656|1630288|1641741|1642348,2024-25,428
416514,00:08,"MISS Sarr 27' 3PT Jump Shot
Council IV REBOUND (Off:0 Def:3)
",0,0,1,0,2025-03-26,0022401053,0,0,PHI,2,0,9,00:32,Off Long Mid-Range Make,0,Council IV REBOUND (Off:0 Def:3),,PHI,WAS,WAS,1610612764,2025,1408.0,1432.0,1420.0,1629673|1630551|1641798|1642259|1642358,1629656|1630288|1641737|1641741|1642348,2024-25,296
416593,10:18,"Council IV P.FOUL (P3.T1) (M.Davis)
MISS Poole 26' 3PT Jump Shot
Council IV REBOUND (Off:0 Def:4)
",0,0,1,0,2025-03-26,0022401053,0,0,PHI,3,0,12,10:28,Off Arc 3 Miss,0,MISS Poole 26' 3PT Jump Shot,,PHI,WAS,WAS,1610612764,2025,1532.0,1542.0,1537.0,1629673|1630551|1642259|1642267|1642358,1627824|1629656|1630288|1641741|1642348,2024-25,367
416592,10:18,"Council IV P.FOUL (P3.T1) (M.Davis)
MISS Poole 26' 3PT Jump Shot
Council IV REBOUND (Off:0 Def:4)
",0,0,1,0,2025-03-26,0022401053,0,0,PHI,3,0,12,10:28,Off Arc 3 Miss,0,Council IV P.FOUL (P3.T1) (M.Davis),,PHI,WAS,WAS,1610612764,2025,1532.0,1542.0,1537.0,1629673|1630551|1642259|1642267|1642358,1627824|1629656|1630288|1641741|1642348,2024-25,367
416591,09:46,"MISS Sarr 27' 3PT Jump Shot
Grimes REBOUND (Off:0 Def:1)
",0,0,1,0,2025-03-26,0022401053,0,0,PHI,3,0,12,09:59,Off Dead Ball,0,Grimes REBOUND (Off:0 Def:1),,PHI,WAS,WAS,1610612764,2025,1561.0,1574.0,1567.5,1629673|1630551|1642259|1642267|1642358,1627824|1629656|1630288|1641741|1642348,2024-25,325
416587,09:04,"Champagnie Out of Bounds - Bad Pass Turnover Turnover (P1.T7)
",0,0,0,0,2025-03-26,0022401053,0,0,PHI,3,0,10,09:08,Off At Rim Miss,1,Champagnie Out of Bounds - Bad Pass Turnover Turnover (P1.T7),,PHI,WAS,WAS,1610612764,2025,1612.0,1616.0,1614.0,1629673|1630551|1642259|1642267|1642358,1627824|1629656|1630288|1641741|1642348,2024-25,334
416589,09:24,"MISS Champagnie 25' 3PT Jump Shot
76ERS Rebound
",0,0,1,0,2025-03-26,0022401053,0,0,PHI,3,0,10,09:38,Off At Rim Make,0,76ERS Rebound,,PHI,WAS,WAS,1610612764,2025,1582.0,1596.0,1589.0,1629673|1630551|1642259|1642267|1642358,1627824|1629656|1630288|1641741|1642348,2024-25,379
416588,09:24,"MISS Champagnie 25' 3PT Jump Shot
76ERS Rebound
",0,0,1,0,2025-03-26,0022401053,0,0,PHI,3,0,10,09:38,Off At Rim Make,0,MISS Champagnie 25' 3PT Jump Shot,,PHI,WAS,WAS,1610612764,2025,1582.0,1596.0,1589.0,1629673|1630551|1642259|1642267|1642358,1627824|1629656|1630288|1641741|1642348,2024-25,379
416594,10:18,"Council IV P.FOUL (P3.T1) (M.Davis)
MISS Poole 26' 3PT Jump Shot
Council IV REBOUND (Off:0 Def:4)
",0,0,1,0,2025-03-26,0022401053,0,0,PHI,3,0,12,10:28,Off Arc 3 Miss,0,Council IV REBOUND (Off:0 Def:4),,PHI,WAS,WAS,1610612764,2025,1532.0,1542.0,1537.0,1629673|1630551|1642259|1642267|1642358,1627824|1629656|1630288|1641741|1642348,2024-25,367
416590,09:46,"MISS Sarr 27' 3PT Jump Shot
Grimes REBOUND (Off:0 Def:1)
",0,0,1,0,2025-03-26,0022401053,0,0,PHI,3,0,12,09:59,Off Dead Ball,0,MISS Sarr 27' 3PT Jump Shot,,PHI,WAS,WAS,1610612764,2025,1561.0,1574.0,1567.5,1629673|1630551|1642259|1642267|1642358,1627824|1629656|1630288|1641741|1642348,2024-25,325
416606,01:16,"MISS Vukcevic 26' 3PT Jump Shot
Butler REBOUND (Off:1 Def:4)
",0,0,1,0,2025-03-26,0022401053,0,0,PHI,4,0,9,01:29,Off At Rim Make,0,Butler REBOUND (Off:1 Def:4),,PHI,WAS,WAS,1610612764,2025,2791.0,2804.0,2797.5,1641732|1641774|1641798|1642259|1642358,1627824|1630215|1630288|1641737|1642348,2024-25,687
416595,10:45,"Sarr 2' Driving Finger Roll Layup (17 PTS) (Carrington 4 AST)
",1,1,0,0,2025-03-26,0022401053,0,0,PHI,3,0,10,10:59,Off Dead Ball,0,Sarr 2' Driving Finger Roll Layup (17 PTS) (Carrington 4 AST),,PHI,WAS,WAS,1610612764,2025,1501.0,1515.0,1508.0,1629673|1630551|1642259|1642267|1642358,1627824|1629656|1630288|1641741|1642348,2024-25,314
416597,00:10,"Council IV P.FOUL (P4.PN) (J.Ralls)
MISS Jones Free Throw 1 of 2
Wizards Rebound
MISS Jones Free Throw 2 of 2
Grimes REBOUND (Off:0 Def:3)
",0,0,0,0,2025-03-26,0022401053,1,0,PHI,4,0,5,00:13,Off FT Miss,0,Council IV P.FOUL (P4.PN) (J.Ralls),,PHI,WAS,WAS,1610612764,2025,2867.0,2870.0,2868.5,1630550|1641732|1641774|1641798|1642358,1627824|1629656|1630215|1630288|1642348,2024-25,713
416598,00:10,"Council IV P.FOUL (P4.PN) (J.Ralls)
MISS Jones Free Throw 1 of 2
Wizards Rebound
MISS Jones Free Throw 2 of 2
Grimes REBOUND (Off:0 Def:3)
",0,0,0,0,2025-03-26,0022401053,1,0,PHI,4,0,5,00:13,Off FT Miss,0,MISS Jones Free Throw 1 of 2,,PHI,WAS,WAS,1610612764,2025,2867.0,2870.0,2868.5,1630550|1641732|1641774|1641798|1642358,1627824|1629656|1630215|1630288|1642348,2024-25,713
416599,00:10,"Council IV P.FOUL (P4.PN) (J.Ralls)
MISS Jones Free Throw 1 of 2
Wizards Rebound
MISS Jones Free Throw 2 of 2
Grimes REBOUND (Off:0 Def:3)
",0,0,0,0,2025-03-26,0022401053,1,0,PHI,4,0,5,00:13,Off FT Miss,0,Wizards Rebound,,PHI,WAS,WAS,1610612764,2025,2867.0,2870.0,2868.5,1630550|1641732|1641774|1641798|1642358,1627824|1629656|1630215|1630288|1642348,2024-25,713
416601,00:10,"Council IV P.FOUL (P4.PN) (J.Ralls)
MISS Jones Free Throw 1 of 2
Wizards Rebound
MISS Jones Free Throw 2 of 2
Grimes REBOUND (Off:0 Def:3)
",0,0,0,0,2025-03-26,0022401053,1,0,PHI,4,0,5,00:13,Off FT Miss,0,Grimes REBOUND (Off:0 Def:3),,PHI,WAS,WAS,1610612764,2025,2867.0,2870.0,2868.5,1630550|1641732|1641774|1641798|1642358,1627824|1629656|1630215|1630288|1642348,2024-25,713
416602,00:18,"Sarr 8' Driving Floating Jump Shot (24 PTS) (Johnson 6 AST)
",1,1,0,0,2025-03-26,0022401053,0,0,PHI,4,0,4,00:38,Off Timeout,0,Sarr 8' Driving Floating Jump Shot (24 PTS) (Johnson 6 AST),,PHI,WAS,WAS,1610612764,2025,2842.0,2862.0,2852.0,1641732|1641774|1641798|1642259|1642358,1630215|1630288|1641737|1641741|1642348,2024-25,613
416603,00:54,"Edwards STEAL (5 STL): Jones Bad Pass Turnover (P1.T11)
",0,0,0,0,2025-03-26,0022401053,0,0,PHI,4,0,6,00:57,Off Arc 3 Miss,1,Edwards STEAL (5 STL): Jones Bad Pass Turnover (P1.T11),,PHI,WAS,WAS,1610612764,2025,2823.0,2826.0,2824.5,1641732|1641774|1641798|1642259|1642358,1630215|1630288|1641737|1641741|1642348,2024-25,695
416604,00:59,"Edwards STEAL (4 STL): Johnson Bad Pass Turnover (P1.T10)
",0,0,0,0,2025-03-26,0022401053,0,0,PHI,4,0,6,01:12,Off Arc 3 Make,1,Edwards STEAL (4 STL): Johnson Bad Pass Turnover (P1.T10),,PHI,WAS,WAS,1610612764,2025,2808.0,2821.0,2814.5,1641732|1641774|1641798|1642259|1642358,1630215|1630288|1641737|1641741|1642348,2024-25,588
416605,01:16,"MISS Vukcevic 26' 3PT Jump Shot
Butler REBOUND (Off:1 Def:4)
",0,0,1,0,2025-03-26,0022401053,0,0,PHI,4,0,9,01:29,Off At Rim Make,0,MISS Vukcevic 26' 3PT Jump Shot,,PHI,WAS,WAS,1610612764,2025,2791.0,2804.0,2797.5,1641732|1641774|1641798|1642259|1642358,1627824|1630215|1630288|1641737|1642348,2024-25,687
416596,11:27,"Poole 26' 3PT Pullup Jump Shot (10 PTS)
",0,0,1,1,2025-03-26,0022401053,0,0,PHI,3,0,7,11:41,Off At Rim Make,0,Poole 26' 3PT Pullup Jump Shot (10 PTS),,PHI,WAS,WAS,1610612764,2025,1459.0,1473.0,1466.0,1629673|1630551|1642259|1642267|1642358,1627824|1629656|1630288|1641741|1642348,2024-25,347
416600,00:10,"Council IV P.FOUL (P4.PN) (J.Ralls)
MISS Jones Free Throw 1 of 2
Wizards Rebound
MISS Jones Free Throw 2 of 2
Grimes REBOUND (Off:0 Def:3)
",0,0,0,0,2025-03-26,0022401053,1,0,PHI,4,0,5,00:13,Off FT Miss,0,MISS Jones Free Throw 2 of 2,,PHI,WAS,WAS,1610612764,2025,2867.0,2870.0,2868.5,1630550|1641732|1641774|1641798|1642358,1627824|1629656|1630215|1630288|1642348,2024-25,713
416629,06:25,"MISS Thor 7' Turnaround Jump Shot
Butler REBOUND (Off:1 Def:2)
",1,0,0,0,2025-03-26,0022401053,0,0,PHI,4,0,9,06:45,Off FT Miss,0,Butler REBOUND (Off:1 Def:2),,PHI,WAS,WAS,1610612764,2025,2475.0,2495.0,2485.0,1630550|1641732|1641774|1641798|1642358,1627824|1629656|1630215|1641737|1641741,2024-25,538
416584,07:29,"Johnson 2' Driving Finger Roll Layup (4 PTS) (Sarr 2 AST)
",1,1,0,0,2025-03-26,0022401053,0,0,PHI,3,0,10,07:51,Off At Rim Make,0,Johnson 2' Driving Finger Roll Layup (4 PTS) (Sarr 2 AST),,PHI,WAS,WAS,1610612764,2025,1689.0,1711.0,1700.0,1629673|1630551|1642259|1642267|1642358,1627824|1629656|1630288|1641741|1642348,2024-25,343
416634,07:28,"Vukcevic 10' Driving Floating Jump Shot (14 PTS) (Martin 3 AST)
",1,1,0,0,2025-03-26,0022401053,0,0,PHI,4,0,9,07:45,Off FT Make,0,Vukcevic 10' Driving Floating Jump Shot (14 PTS) (Martin 3 AST),,PHI,WAS,WAS,1610612764,2025,2415.0,2432.0,2423.5,1630550|1641732|1641774|1641798|1642358,1627824|1629656|1630288|1641737|1641741,2024-25,604
416610,02:25,"Bona P.FOUL (P3.T4) (J.Ralls)
Butler P.FOUL (P2.PN) (J.Ralls)
MISS Jones Free Throw 1 of 2
Wizards Rebound
MISS Jones Free Throw 2 of 2
Yabusele REBOUND (Off:2 Def:6)
",0,0,0,0,2025-03-26,0022401053,1,0,PHI,4,0,9,02:44,Off FT Make,0,MISS Jones Free Throw 1 of 2,,PHI,WAS,WAS,1610612764,2025,2716.0,2735.0,2725.5,1641732|1641774|1641798|1642259|1642358,1627824|1630215|1630288|1641737|1642348,2024-25,565
416611,02:25,"Bona P.FOUL (P3.T4) (J.Ralls)
Butler P.FOUL (P2.PN) (J.Ralls)
MISS Jones Free Throw 1 of 2
Wizards Rebound
MISS Jones Free Throw 2 of 2
Yabusele REBOUND (Off:2 Def:6)
",0,0,0,0,2025-03-26,0022401053,1,0,PHI,4,0,9,02:44,Off FT Make,0,Wizards Rebound,,PHI,WAS,WAS,1610612764,2025,2716.0,2735.0,2725.5,1641732|1641774|1641798|1642259|1642358,1627824|1630215|1630288|1641737|1642348,2024-25,565
416612,02:25,"Bona P.FOUL (P3.T4) (J.Ralls)
Butler P.FOUL (P2.PN) (J.Ralls)
MISS Jones Free Throw 1 of 2
Wizards Rebound
MISS Jones Free Throw 2 of 2
Yabusele REBOUND (Off:2 Def:6)
",0,0,0,0,2025-03-26,0022401053,1,0,PHI,4,0,9,02:44,Off FT Make,0,MISS Jones Free Throw 2 of 2,,PHI,WAS,WAS,1610612764,2025,2716.0,2735.0,2725.5,1641732|1641774|1641798|1642259|1642358,1627824|1630215|1630288|1641737|1642348,2024-25,565
416613,02:25,"Bona P.FOUL (P3.T4) (J.Ralls)
Butler P.FOUL (P2.PN) (J.Ralls)
MISS Jones Free Throw 1 of 2
Wizards Rebound
MISS Jones Free Throw 2 of 2
Yabusele REBOUND (Off:2 Def:6)
",0,0,0,0,2025-03-26,0022401053,1,0,PHI,4,0,9,02:44,Off FT Make,0,Yabusele REBOUND (Off:2 Def:6),,PHI,WAS,WAS,1610612764,2025,2716.0,2735.0,2725.5,1641732|1641774|1641798|1642259|1642358,1627824|1630215|1630288|1641737|1642348,2024-25,565
416614,02:49,"Bona BLOCK (3 BLK): MISS Johnson 26' 3PT Jump Shot
Grimes REBOUND (Off:0 Def:2)
",0,0,1,0,2025-03-26,0022401053,0,0,PHI,4,0,11,03:03,Off Dead Ball,0,Bona BLOCK (3 BLK): MISS Johnson 26' 3PT Jump Shot,,PHI,WAS,WAS,1610612764,2025,2697.0,2711.0,2704.0,1641732|1641774|1641798|1642259|1642358,1627824|1629656|1630215|1630288|1641737,2024-25,561
416615,02:49,"Bona BLOCK (3 BLK): MISS Johnson 26' 3PT Jump Shot
Grimes REBOUND (Off:0 Def:2)
",0,0,1,0,2025-03-26,0022401053,0,0,PHI,4,0,11,03:03,Off Dead Ball,0,Grimes REBOUND (Off:0 Def:2),,PHI,WAS,WAS,1610612764,2025,2697.0,2711.0,2704.0,1641732|1641774|1641798|1642259|1642358,1627824|1629656|1630215|1630288|1641737,2024-25,561
416616,03:05,"MISS Johnson 28' 3PT Step Back Jump Shot
Butler REBOUND (Off:1 Def:3)
",0,0,1,0,2025-03-26,0022401053,0,0,PHI,4,0,11,03:36,Off Corner 3 Make,0,MISS Johnson 28' 3PT Step Back Jump Shot,,PHI,WAS,WAS,1610612764,2025,2664.0,2695.0,2679.5,1641732|1641774|1641798|1642259|1642358,1627824|1629656|1630215|1630288|1641737,2024-25,637
416631,06:54,"MISS Vukcevic 26' 3PT Jump Shot
Jones REBOUND (Off:1 Def:1)
MISS Martin 25' 3PT Jump Shot
Yabusele REBOUND (Off:2 Def:5)
",0,0,2,0,2025-03-26,0022401053,0,1,PHI,4,0,11,07:06,Off Arc 3 Miss,0,Jones REBOUND (Off:1 Def:1),,PHI,WAS,WAS,1610612764,2025,2454.0,2466.0,2460.0,1630550|1641732|1641774|1641798|1642358,1627824|1629656|1630288|1641737|1641741,2024-25,507
416618,03:43,"MISS Sarr 2' Layup
Bona REBOUND (Off:3 Def:3)
",1,0,0,0,2025-03-26,0022401053,0,0,PHI,4,0,14,04:05,Off FT Make,0,MISS Sarr 2' Layup,,PHI,WAS,WAS,1610612764,2025,2635.0,2657.0,2646.0,1641732|1641774|1641798|1642259|1642358,1627824|1629656|1630215|1630288|1641737,2024-25,552
416609,02:25,"Bona P.FOUL (P3.T4) (J.Ralls)
Butler P.FOUL (P2.PN) (J.Ralls)
MISS Jones Free Throw 1 of 2
Wizards Rebound
MISS Jones Free Throw 2 of 2
Yabusele REBOUND (Off:2 Def:6)
",0,0,0,0,2025-03-26,0022401053,1,0,PHI,4,0,9,02:44,Off FT Make,0,Butler P.FOUL (P2.PN) (J.Ralls),,PHI,WAS,WAS,1610612764,2025,2716.0,2735.0,2725.5,1641732|1641774|1641798|1642259|1642358,1627824|1630215|1630288|1641737|1642348,2024-25,565
416620,04:13,"MISS Johnson 30' 3PT Jump Shot
Bona REBOUND (Off:3 Def:2)
",0,0,1,0,2025-03-26,0022401053,0,0,PHI,4,0,16,04:30,Off Dead Ball,0,MISS Johnson 30' 3PT Jump Shot,,PHI,WAS,WAS,1610612764,2025,2610.0,2627.0,2618.5,1641732|1641774|1641798|1642259|1642358,1627824|1629656|1630215|1630288|1641737,2024-25,698
416622,04:44,"Johnson 26' 3PT Jump Shot (9 PTS) (Jones 2 AST)
",0,0,1,1,2025-03-26,0022401053,0,0,PHI,4,0,13,05:02,Off At Rim Make,0,Johnson 26' 3PT Jump Shot (9 PTS) (Jones 2 AST),,PHI,WAS,WAS,1610612764,2025,2578.0,2596.0,2587.0,1641732|1641774|1641798|1642259|1642358,1627824|1629656|1630215|1630288|1641737,2024-25,544
416623,05:23,"Johnson 2' Running Dunk (6 PTS)
",1,1,0,0,2025-03-26,0022401053,0,0,PHI,4,0,13,05:25,Off Steal,0,Johnson 2' Running Dunk (6 PTS),,PHI,WAS,WAS,1610612764,2025,2555.0,2557.0,2556.0,1641732|1641774|1641798|1642259|1642358,1627824|1629656|1630215|1630288|1641737,2024-25,592
416624,05:38,"Jones 2' Driving Finger Roll Layup (8 PTS)
",1,1,0,0,2025-03-26,0022401053,0,0,PHI,4,0,11,05:46,Off Short Mid-Range Miss,0,Jones 2' Driving Finger Roll Layup (8 PTS),,PHI,WAS,WAS,1610612764,2025,2534.0,2542.0,2538.0,1641732|1641774|1641798|1642259|1642358,1627824|1629656|1630215|1630288|1641737,2024-25,539
416625,06:11,"Vukcevic 7' Driving Floating Jump Shot (16 PTS) (Johnson 4 AST)
Bona S.FOUL (P2.T3) (J.Ralls)
Vukcevic Free Throw 1 of 1 (17 PTS)
",1,1,0,0,2025-03-26,0022401053,0,0,PHI,4,1,8,06:19,Off FT Make,0,Vukcevic 7' Driving Floating Jump Shot (16 PTS) (Johnson 4 AST),,PHI,WAS,WAS,1610612764,2025,2501.0,2509.0,2505.0,1630550|1641732|1641774|1641798|1642358,1627824|1630215|1630288|1641737|1641741,2024-25,522
416626,06:11,"Vukcevic 7' Driving Floating Jump Shot (16 PTS) (Johnson 4 AST)
Bona S.FOUL (P2.T3) (J.Ralls)
Vukcevic Free Throw 1 of 1 (17 PTS)
",1,1,0,0,2025-03-26,0022401053,0,0,PHI,4,1,8,06:19,Off FT Make,0,Bona S.FOUL (P2.T3) (J.Ralls),,PHI,WAS,WAS,1610612764,2025,2501.0,2509.0,2505.0,1630550|1641732|1641774|1641798|1642358,1627824|1630215|1630288|1641737|1641741,2024-25,522
416627,06:11,"Vukcevic 7' Driving Floating Jump Shot (16 PTS) (Johnson 4 AST)
Bona S.FOUL (P2.T3) (J.Ralls)
Vukcevic Free Throw 1 of 1 (17 PTS)
",1,1,0,0,2025-03-26,0022401053,0,0,PHI,4,1,8,06:19,Off FT Make,0,Vukcevic Free Throw 1 of 1 (17 PTS),,PHI,WAS,WAS,1610612764,2025,2501.0,2509.0,2505.0,1630550|1641732|1641774|1641798|1642358,1627824|1630215|1630288|1641737|1641741,2024-25,522
416628,06:25,"MISS Thor 7' Turnaround Jump Shot
Butler REBOUND (Off:1 Def:2)
",1,0,0,0,2025-03-26,0022401053,0,0,PHI,4,0,9,06:45,Off FT Miss,0,MISS Thor 7' Turnaround Jump Shot,,PHI,WAS,WAS,1610612764,2025,2475.0,2495.0,2485.0,1630550|1641732|1641774|1641798|1642358,1627824|1629656|1630215|1641737|1641741,2024-25,538
416608,02:25,"Bona P.FOUL (P3.T4) (J.Ralls)
Butler P.FOUL (P2.PN) (J.Ralls)
MISS Jones Free Throw 1 of 2
Wizards Rebound
MISS Jones Free Throw 2 of 2
Yabusele REBOUND (Off:2 Def:6)
",0,0,0,0,2025-03-26,0022401053,1,0,PHI,4,0,9,02:44,Off FT Make,0,Bona P.FOUL (P3.T4) (J.Ralls),,PHI,WAS,WAS,1610612764,2025,2716.0,2735.0,2725.5,1641732|1641774|1641798|1642259|1642358,1627824|1630215|1630288|1641737|1642348,2024-25,565
416619,03:43,"MISS Sarr 2' Layup
Bona REBOUND (Off:3 Def:3)
",1,0,0,0,2025-03-26,0022401053,0,0,PHI,4,0,14,04:05,Off FT Make,0,Bona REBOUND (Off:3 Def:3),,PHI,WAS,WAS,1610612764,2025,2635.0,2657.0,2646.0,1641732|1641774|1641798|1642259|1642358,1627824|1629656|1630215|1630288|1641737,2024-25,552
416621,04:13,"MISS Johnson 30' 3PT Jump Shot
Bona REBOUND (Off:3 Def:2)
",0,0,1,0,2025-03-26,0022401053,0,0,PHI,4,0,16,04:30,Off Dead Ball,0,Bona REBOUND (Off:3 Def:2),,PHI,WAS,WAS,1610612764,2025,2610.0,2627.0,2618.5,1641732|1641774|1641798|1642259|1642358,1627824|1629656|1630215|1630288|1641737,2024-25,698
416630,06:54,"MISS Vukcevic 26' 3PT Jump Shot
Jones REBOUND (Off:1 Def:1)
MISS Martin 25' 3PT Jump Shot
Yabusele REBOUND (Off:2 Def:5)
",0,0,2,0,2025-03-26,0022401053,0,1,PHI,4,0,11,07:06,Off Arc 3 Miss,0,MISS Vukcevic 26' 3PT Jump Shot,,PHI,WAS,WAS,1610612764,2025,2454.0,2466.0,2460.0,1630550|1641732|1641774|1641798|1642358,1627824|1629656|1630288|1641737|1641741,2024-25,507
416617,03:05,"MISS Johnson 28' 3PT Step Back Jump Shot
Butler REBOUND (Off:1 Def:3)
",0,0,1,0,2025-03-26,0022401053,0,0,PHI,4,0,11,03:36,Off Corner 3 Make,0,Butler REBOUND (Off:1 Def:3),,PHI,WAS,WAS,1610612764,2025,2664.0,2695.0,2679.5,1641732|1641774|1641798|1642259|1642358,1627824|1629656|1630215|1630288|1641737,2024-25,637
416632,06:54,"MISS Vukcevic 26' 3PT Jump Shot
Jones REBOUND (Off:1 Def:1)
MISS Martin 25' 3PT Jump Shot
Yabusele REBOUND (Off:2 Def:5)
",0,0,2,0,2025-03-26,0022401053,0,1,PHI,4,0,11,07:06,Off Arc 3 Miss,0,MISS Martin 25' 3PT Jump Shot,,PHI,WAS,WAS,1610612764,2025,2454.0,2466.0,2460.0,1630550|1641732|1641774|1641798|1642358,1627824|1629656|1630288|1641737|1641741,2024-25,507
416635,07:46,"MISS Jones 2' Driving Layup
Council IV REBOUND (Off:1 Def:5)
",1,0,0,0,2025-03-26,0022401053,0,0,PHI,4,0,11,08:15,Off Arc 3 Make,0,MISS Jones 2' Driving Layup,,PHI,WAS,WAS,1610612764,2025,2385.0,2414.0,2399.5,1630550|1641732|1641774|1641798|1642267,1627824|1630215|1630288|1630762|1641741,2024-25,519
416636,07:46,"MISS Jones 2' Driving Layup
Council IV REBOUND (Off:1 Def:5)
",1,0,0,0,2025-03-26,0022401053,0,0,PHI,4,0,11,08:15,Off Arc 3 Make,0,Council IV REBOUND (Off:1 Def:5),,PHI,WAS,WAS,1610612764,2025,2385.0,2414.0,2399.5,1630550|1641732|1641774|1641798|1642267,1627824|1630215|1630288|1630762|1641741,2024-25,519
416637,08:42,"MISS Carrington 24' 3PT Step Back Jump Shot
Wheeler REBOUND (Off:1 Def:3)
",0,0,1,0,2025-03-26,0022401053,0,0,PHI,4,0,14,09:01,Off At Rim Make,0,MISS Carrington 24' 3PT Step Back Jump Shot,,PHI,WAS,WAS,1610612764,2025,2339.0,2358.0,2348.5,1630550|1641732|1641774|1641798|1642267,1627824|1630215|1630288|1630762|1641741,2024-25,508
416638,08:42,"MISS Carrington 24' 3PT Step Back Jump Shot
Wheeler REBOUND (Off:1 Def:3)
",0,0,1,0,2025-03-26,0022401053,0,0,PHI,4,0,14,09:01,Off At Rim Make,0,Wheeler REBOUND (Off:1 Def:3),,PHI,WAS,WAS,1610612764,2025,2339.0,2358.0,2348.5,1630550|1641732|1641774|1641798|1642267,1627824|1630215|1630288|1630762|1641741,2024-25,508
416639,09:18,"Butler S.FOUL (P1.T2) (K.Cutler)
MISS Thor Free Throw 1 of 2
Wizards Rebound
MISS Thor Free Throw 2 of 2
Yabusele REBOUND (Off:1 Def:4)
",0,0,0,0,2025-03-26,0022401053,0,0,PHI,4,1,16,09:40,Off Arc 3 Miss,0,Butler S.FOUL (P1.T2) (K.Cutler),,PHI,WAS,WAS,1610612764,2025,2300.0,2322.0,2311.0,1630550|1641732|1641774|1641798|1642267,1630215|1630542|1630762|1641741|1642348,2024-25,521
416640,09:18,"Butler S.FOUL (P1.T2) (K.Cutler)
MISS Thor Free Throw 1 of 2
Wizards Rebound
MISS Thor Free Throw 2 of 2
Yabusele REBOUND (Off:1 Def:4)
",0,0,0,0,2025-03-26,0022401053,0,0,PHI,4,1,16,09:40,Off Arc 3 Miss,0,MISS Thor Free Throw 1 of 2,,PHI,WAS,WAS,1610612764,2025,2300.0,2322.0,2311.0,1630550|1641732|1641774|1641798|1642267,1630215|1630542|1630762|1641741|1642348,2024-25,521
416641,09:18,"Butler S.FOUL (P1.T2) (K.Cutler)
MISS Thor Free Throw 1 of 2
Wizards Rebound
MISS Thor Free Throw 2 of 2
Yabusele REBOUND (Off:1 Def:4)
",0,0,0,0,2025-03-26,0022401053,0,0,PHI,4,1,16,09:40,Off Arc 3 Miss,0,Wizards Rebound,,PHI,WAS,WAS,1610612764,2025,2300.0,2322.0,2311.0,1630550|1641732|1641774|1641798|1642267,1630215|1630542|1630762|1641741|1642348,2024-25,521
416633,06:54,"MISS Vukcevic 26' 3PT Jump Shot
Jones REBOUND (Off:1 Def:1)
MISS Martin 25' 3PT Jump Shot
Yabusele REBOUND (Off:2 Def:5)
",0,0,2,0,2025-03-26,0022401053,0,1,PHI,4,0,11,07:06,Off Arc 3 Miss,0,Yabusele REBOUND (Off:2 Def:5),,PHI,WAS,WAS,1610612764,2025,2454.0,2466.0,2460.0,1630550|1641732|1641774|1641798|1642358,1627824|1629656|1630288|1641737|1641741,2024-25,507
416643,09:18,"Butler S.FOUL (P1.T2) (K.Cutler)
MISS Thor Free Throw 1 of 2
Wizards Rebound
MISS Thor Free Throw 2 of 2
Yabusele REBOUND (Off:1 Def:4)
",0,0,0,0,2025-03-26,0022401053,0,0,PHI,4,1,16,09:40,Off Arc 3 Miss,0,Yabusele REBOUND (Off:1 Def:4),,PHI,WAS,WAS,1610612764,2025,2300.0,2322.0,2311.0,1630550|1641732|1641774|1641798|1642267,1630215|1630542|1630762|1641741|1642348,2024-25,521
416645,10:10,"MISS Vukcevic 26' 3PT Jump Shot
Bagley REBOUND (Off:0 Def:4)
",0,0,1,0,2025-03-26,0022401053,0,0,PHI,4,0,14,10:27,Off At Rim Make,0,MISS Vukcevic 26' 3PT Jump Shot,,PHI,WAS,WAS,1610612764,2025,2253.0,2270.0,2261.5,1630550|1641732|1641774|1641798|1642267,1630215|1630542|1630762|1641741|1642348,2024-25,527
416642,09:18,"Butler S.FOUL (P1.T2) (K.Cutler)
MISS Thor Free Throw 1 of 2
Wizards Rebound
MISS Thor Free Throw 2 of 2
Yabusele REBOUND (Off:1 Def:4)
",0,0,0,0,2025-03-26,0022401053,0,0,PHI,4,1,16,09:40,Off Arc 3 Miss,0,MISS Thor Free Throw 2 of 2,,PHI,WAS,WAS,1610612764,2025,2300.0,2322.0,2311.0,1630550|1641732|1641774|1641798|1642267,1630215|1630542|1630762|1641741|1642348,2024-25,521
416647,10:32,"Edwards P.FOUL (P1.T1) (J.Ralls)
MISS Carrington 2' Driving Layup
Butler REBOUND (Off:1 Def:1)
",1,0,0,0,2025-03-26,0022401053,0,0,PHI,4,0,16,10:49,Off Arc 3 Miss,0,Edwards P.FOUL (P1.T1) (J.Ralls),,PHI,WAS,WAS,1610612764,2025,2231.0,2248.0,2239.5,1630550|1641732|1641774|1641798|1642267,1630215|1630542|1630762|1641741|1642348,2024-25,457
416648,10:32,"Edwards P.FOUL (P1.T1) (J.Ralls)
MISS Carrington 2' Driving Layup
Butler REBOUND (Off:1 Def:1)
",1,0,0,0,2025-03-26,0022401053,0,0,PHI,4,0,16,10:49,Off Arc 3 Miss,0,MISS Carrington 2' Driving Layup,,PHI,WAS,WAS,1610612764,2025,2231.0,2248.0,2239.5,1630550|1641732|1641774|1641798|1642267,1630215|1630542|1630762|1641741|1642348,2024-25,457
416649,10:32,"Edwards P.FOUL (P1.T1) (J.Ralls)
MISS Carrington 2' Driving Layup
Butler REBOUND (Off:1 Def:1)
",1,0,0,0,2025-03-26,0022401053,0,0,PHI,4,0,16,10:49,Off Arc 3 Miss,0,Butler REBOUND (Off:1 Def:1),,PHI,WAS,WAS,1610612764,2025,2231.0,2248.0,2239.5,1630550|1641732|1641774|1641798|1642267,1630215|1630542|1630762|1641741|1642348,2024-25,457
416650,11:05,"Vukcevic 16' Fadeaway Jumper (10 PTS)
",1,1,0,0,2025-03-26,0022401053,0,0,PHI,4,0,14,11:17,Off Arc 3 Miss,0,Vukcevic 16' Fadeaway Jumper (10 PTS),,PHI,WAS,WAS,1610612764,2025,2203.0,2215.0,2209.0,1630550|1641732|1641774|1641798|1642267,1630215|1630542|1630762|1641741|1642348,2024-25,454
416651,11:43,"Thor 2' Cutting Dunk Shot (4 PTS) (Vukcevic 2 AST)
",1,1,0,0,2025-03-26,0022401053,0,0,PHI,4,0,12,12:00,Off Dead Ball,0,Thor 2' Cutting Dunk Shot (4 PTS) (Vukcevic 2 AST),,PHI,WAS,WAS,1610612764,2025,2160.0,2177.0,2168.5,1630550|1641732|1641774|1641798|1642267,1630215|1630542|1630762|1641741|1642348,2024-25,517
416471,01:05,"Martin 3' Driving Layup (2 PTS)
Bagley S.FOUL (P2.T4) (J.Ralls)
Martin Free Throw 1 of 1 (3 PTS)
",1,1,0,0,2025-03-26,0022401053,0,0,PHI,1,1,9,01:23,Off Short Mid-Range Make,0,Bagley S.FOUL (P2.T4) (J.Ralls),,PHI,WAS,WAS,1610612764,2025,637.0,655.0,646.0,1630550|1641732|1641774|1641798|1642267,1629656|1630288|1630542|1641737|1641741,2024-25,152
416562,01:49,"Vukcevic 1' Dunk (8 PTS) (Carrington 6 AST)
",1,1,0,0,2025-03-26,0022401053,0,0,PHI,3,0,13,02:07,Off FT Make,0,Vukcevic 1' Dunk (8 PTS) (Carrington 6 AST),,PHI,WAS,WAS,1610612764,2025,2033.0,2051.0,2042.0,1630550|1641732|1641774|1641798|1642267,1630215|1630542|1630762|1641741|1642348,2024-25,419
416646,10:10,"MISS Vukcevic 26' 3PT Jump Shot
Bagley REBOUND (Off:0 Def:4)
",0,0,1,0,2025-03-26,0022401053,0,0,PHI,4,0,14,10:27,Off At Rim Make,0,Bagley REBOUND (Off:0 Def:4),,PHI,WAS,WAS,1610612764,2025,2253.0,2270.0,2261.5,1630550|1641732|1641774|1641798|1642267,1630215|1630542|1630762|1641741|1642348,2024-25,527
416644,09:54,"Vukcevic 2' Cutting Dunk Shot (12 PTS) (Jones 1 AST)
",1,1,0,0,2025-03-26,0022401053,0,0,PHI,4,0,14,09:59,Off Corner 3 Miss,0,Vukcevic 2' Cutting Dunk Shot (12 PTS) (Jones 1 AST),,PHI,WAS,WAS,1610612764,2025,2281.0,2286.0,2283.5,1630550|1641732|1641774|1641798|1642267,1630215|1630542|1630762|1641741|1642348,2024-25,467
416607,01:41,"Martin 2' Driving Layup (12 PTS) (Johnson 5 AST)
",1,1,0,0,2025-03-26,0022401053,0,0,PHI,4,0,9,02:03,Off Dead Ball,0,Martin 2' Driving Layup (12 PTS) (Johnson 5 AST),,PHI,WAS,WAS,1610612764,2025,2757.0,2779.0,2768.0,1641732|1641774|1641798|1642259|1642358,1627824|1630215|1630288|1641737|1642348,2024-25,581
416838,08:14,"Carrington Bad Pass Turnover (P2.T10): Jackson STEAL (1 STL)
",0,0,0,0,2025-03-27,0022401061,0,0,IND,4,0,-44,08:23,Off Short Mid-Range Make,1,Carrington Bad Pass Turnover (P2.T10): Jackson STEAL (1 STL),,WAS,IND,WAS,1610612764,2025,2377.0,2386.0,2381.5,1641732|1641774|1641798|1642259|1642267,1628396|1631097|1631245|1641716|1641767,2024-25,594
416839,08:32,"Martin 4' Driving Layup (4 PTS) (Carrington 6 AST)
",1,1,0,0,2025-03-27,0022401061,0,0,IND,4,0,-44,08:42,Off Corner 3 Make,0,Martin 4' Driving Layup (4 PTS) (Carrington 6 AST),,WAS,IND,WAS,1610612764,2025,2358.0,2368.0,2363.0,1641732|1641774|1641798|1642259|1642267,1628396|1631097|1631245|1641716|1641767,2024-25,535
416840,09:01,"Vukcevic 2' Running Dunk (2 PTS) (Jones 2 AST)
",1,1,0,0,2025-03-27,0022401061,0,0,IND,4,0,-43,09:05,Off Steal,0,Vukcevic 2' Running Dunk (2 PTS) (Jones 2 AST),,WAS,IND,WAS,1610612764,2025,2335.0,2339.0,2337.0,1641732|1641774|1641798|1642259|1642267,204456|1628396|1631097|1641716|1641767,2024-25,506
416841,09:23,"McConnell S.FOUL (P1.T1) (T.Brothers)
Jones Free Throw 1 of 2 (7 PTS)
Jones Free Throw 2 of 2 (8 PTS)
",0,0,0,0,2025-03-27,0022401061,0,0,IND,4,1,-45,09:39,Off At Rim Make,0,McConnell S.FOUL (P1.T1) (T.Brothers),,WAS,IND,WAS,1610612764,2025,2301.0,2317.0,2309.0,1641732|1641774|1641798|1642259|1642358,204456|1628418|1631097|1641716|1641767,2024-25,523
416844,09:45,"MISS Martin 1' Running Layup: Walker BLOCK (1 BLK)
Bryant REBOUND (Off:2 Def:5)
",1,0,0,0,2025-03-27,0022401061,0,0,IND,4,0,-43,09:48,Off At Rim Miss,0,MISS Martin 1' Running Layup: Walker BLOCK (1 BLK),,WAS,IND,WAS,1610612764,2025,2292.0,2295.0,2293.5,1641732|1641774|1641798|1642259|1642358,204456|1628418|1631097|1641716|1641767,2024-25,502
416843,09:23,"McConnell S.FOUL (P1.T1) (T.Brothers)
Jones Free Throw 1 of 2 (7 PTS)
Jones Free Throw 2 of 2 (8 PTS)
",0,0,0,0,2025-03-27,0022401061,0,0,IND,4,1,-45,09:39,Off At Rim Make,0,Jones Free Throw 2 of 2 (8 PTS),,WAS,IND,WAS,1610612764,2025,2301.0,2317.0,2309.0,1641732|1641774|1641798|1642259|1642358,204456|1628418|1631097|1641716|1641767,2024-25,523
416837,08:00,"MISS Jones 2' Running Layup
Bradley REBOUND (Off:0 Def:1)
",1,0,0,0,2025-03-27,0022401061,0,0,IND,4,0,-44,08:07,Off Corner 3 Miss,0,Bradley REBOUND (Off:0 Def:1),,WAS,IND,WAS,1610612764,2025,2393.0,2400.0,2396.5,1641732|1641774|1641798|1642259|1642267,1628396|1631097|1631245|1641716|1641767,2024-25,534
416845,09:45,"MISS Martin 1' Running Layup: Walker BLOCK (1 BLK)
Bryant REBOUND (Off:2 Def:5)
",1,0,0,0,2025-03-27,0022401061,0,0,IND,4,0,-43,09:48,Off At Rim Miss,0,Bryant REBOUND (Off:2 Def:5),,WAS,IND,WAS,1610612764,2025,2292.0,2295.0,2293.5,1641732|1641774|1641798|1642259|1642358,204456|1628418|1631097|1641716|1641767,2024-25,502
416842,09:23,"McConnell S.FOUL (P1.T1) (T.Brothers)
Jones Free Throw 1 of 2 (7 PTS)
Jones Free Throw 2 of 2 (8 PTS)
",0,0,0,0,2025-03-27,0022401061,0,0,IND,4,1,-45,09:39,Off At Rim Make,0,Jones Free Throw 1 of 2 (7 PTS),,WAS,IND,WAS,1610612764,2025,2301.0,2317.0,2309.0,1641732|1641774|1641798|1642259|1642358,204456|1628418|1631097|1641716|1641767,2024-25,523
416836,08:00,"MISS Jones 2' Running Layup
Bradley REBOUND (Off:0 Def:1)
",1,0,0,0,2025-03-27,0022401061,0,0,IND,4,0,-44,08:07,Off Corner 3 Miss,0,MISS Jones 2' Running Layup,,WAS,IND,WAS,1610612764,2025,2393.0,2400.0,2396.5,1641732|1641774|1641798|1642259|1642267,1628396|1631097|1631245|1641716|1641767,2024-25,534
416827,05:58,"Jones Bad Pass Turnover (P1.T12): Jackson STEAL (2 STL)
",0,0,0,0,2025-03-27,0022401061,0,0,IND,4,0,-47,06:14,Off Timeout,1,Jones Bad Pass Turnover (P1.T12): Jackson STEAL (2 STL),,WAS,IND,WAS,1610612764,2025,2506.0,2522.0,2514.0,1630551|1641732|1641774|1641798|1642358,1628396|1631245|1641716|1641767|1642277,2024-25,625
416834,07:11,"Walker S.FOUL (P4.T2) (P.Ransom)
Jones Free Throw 1 of 2 (11 PTS)
Jones Free Throw 2 of 2 (12 PTS)
",0,0,0,0,2025-03-27,0022401061,0,0,IND,4,1,-42,07:14,Off Short Mid-Range Miss,0,Jones Free Throw 2 of 2 (12 PTS),,WAS,IND,WAS,1610612764,2025,2446.0,2449.0,2447.5,1630551|1641732|1641798|1642259|1642267,1628396|1631245|1641716|1641767|1642277,2024-25,550
416833,07:11,"Walker S.FOUL (P4.T2) (P.Ransom)
Jones Free Throw 1 of 2 (11 PTS)
Jones Free Throw 2 of 2 (12 PTS)
",0,0,0,0,2025-03-27,0022401061,0,0,IND,4,1,-42,07:14,Off Short Mid-Range Miss,0,Jones Free Throw 1 of 2 (11 PTS),,WAS,IND,WAS,1610612764,2025,2446.0,2449.0,2447.5,1630551|1641732|1641798|1642259|1642267,1628396|1631245|1641716|1641767|1642277,2024-25,550
416832,07:11,"Walker S.FOUL (P4.T2) (P.Ransom)
Jones Free Throw 1 of 2 (11 PTS)
Jones Free Throw 2 of 2 (12 PTS)
",0,0,0,0,2025-03-27,0022401061,0,0,IND,4,1,-42,07:14,Off Short Mid-Range Miss,0,Walker S.FOUL (P4.T2) (P.Ransom),,WAS,IND,WAS,1610612764,2025,2446.0,2449.0,2447.5,1630551|1641732|1641798|1642259|1642267,1628396|1631245|1641716|1641767|1642277,2024-25,550
416831,06:39,"MISS Vukcevic 28' 3PT Jump Shot
Jackson REBOUND (Off:0 Def:1)
",0,0,1,0,2025-03-27,0022401061,0,0,IND,4,0,-42,06:54,Off Short Mid-Range Make,0,Jackson REBOUND (Off:0 Def:1),,WAS,IND,WAS,1610612764,2025,2466.0,2481.0,2473.5,1630551|1641732|1641774|1641798|1642358,1628396|1631245|1641716|1641767|1642277,2024-25,588
416830,06:39,"MISS Vukcevic 28' 3PT Jump Shot
Jackson REBOUND (Off:0 Def:1)
",0,0,1,0,2025-03-27,0022401061,0,0,IND,4,0,-42,06:54,Off Short Mid-Range Make,0,MISS Vukcevic 28' 3PT Jump Shot,,WAS,IND,WAS,1610612764,2025,2466.0,2481.0,2473.5,1630551|1641732|1641774|1641798|1642358,1628396|1631245|1641716|1641767|1642277,2024-25,588
416829,06:21,"Vukcevic OFF.Foul (P2) (P.Ransom)
Vukcevic Offensive Foul Turnover (P1.T11)
",0,0,0,0,2025-03-27,0022401061,0,0,IND,4,0,-45,06:32,Off Corner 3 Make,1,Vukcevic Offensive Foul Turnover (P1.T11),,WAS,IND,WAS,1610612764,2025,2488.0,2499.0,2493.5,1630551|1641732|1641774|1641798|1642358,1628396|1631245|1641716|1641767|1642277,2024-25,563
416828,06:21,"Vukcevic OFF.Foul (P2) (P.Ransom)
Vukcevic Offensive Foul Turnover (P1.T11)
",0,0,0,0,2025-03-27,0022401061,0,0,IND,4,0,-45,06:32,Off Corner 3 Make,1,Vukcevic OFF.Foul (P2) (P.Ransom),,WAS,IND,WAS,1610612764,2025,2488.0,2499.0,2493.5,1630551|1641732|1641774|1641798|1642358,1628396|1631245|1641716|1641767|1642277,2024-25,563
416802,01:09,"Champagnie 7' Driving Floating Jump Shot (14 PTS)
Sheppard S.FOUL (P1.PN) (T.Brothers)
Champagnie Free Throw 1 of 1 (15 PTS)
",1,1,0,0,2025-03-27,0022401061,0,0,IND,4,1,-56,01:22,Off Dead Ball,0,Sheppard S.FOUL (P1.PN) (T.Brothers),,WAS,IND,WAS,1610612764,2025,2798.0,2811.0,2804.5,1630551|1641732|1641774|1641798|1642358,1628396|1631245|1641716|1641767|1642277,2024-25,628
416846,09:58,"MISS Sarr 29' 3PT Jump Shot
McConnell REBOUND (Off:3 Def:6)
",0,0,1,0,2025-03-27,0022401061,0,0,IND,4,0,-43,10:12,Off Long Mid-Range Make,0,MISS Sarr 29' 3PT Jump Shot,,WAS,IND,WAS,1610612764,2025,2268.0,2282.0,2275.0,1641732|1641774|1641798|1642259|1642358,204456|1628418|1631097|1641716|1641767,2024-25,493
416835,07:41,"Jones 1' Driving Layup (10 PTS) (Vukcevic 1 AST)
",1,1,0,0,2025-03-27,0022401061,0,0,IND,4,0,-44,07:47,Off Arc 3 Miss,0,Jones 1' Driving Layup (10 PTS) (Vukcevic 1 AST),,WAS,IND,WAS,1610612764,2025,2413.0,2419.0,2416.0,1641732|1641774|1641798|1642259|1642267,1628396|1631097|1631245|1641716|1641767,2024-25,538
416847,09:58,"MISS Sarr 29' 3PT Jump Shot
McConnell REBOUND (Off:3 Def:6)
",0,0,1,0,2025-03-27,0022401061,0,0,IND,4,0,-43,10:12,Off Long Mid-Range Make,0,McConnell REBOUND (Off:3 Def:6),,WAS,IND,WAS,1610612764,2025,2268.0,2282.0,2275.0,1641732|1641774|1641798|1642259|1642358,204456|1628418|1631097|1641716|1641767,2024-25,493
416821,04:45,"MISS Vukcevic 28' 3PT Jump Shot
Walker REBOUND (Off:1 Def:4)
",0,0,1,0,2025-03-27,0022401061,0,0,IND,4,0,-52,05:03,Off At Rim Make,0,MISS Vukcevic 28' 3PT Jump Shot,,WAS,IND,WAS,1610612764,2025,2577.0,2595.0,2586.0,1630551|1641732|1641774|1641798|1642358,1628396|1631245|1641716|1641767|1642277,2024-25,571
416825,05:11,"MISS Vukcevic 12' Floating Jump Shot
Champagnie REBOUND (Off:4 Def:3)
MISS Vukcevic 3' Layup
Walker REBOUND (Off:1 Def:3)
",2,0,0,0,2025-03-27,0022401061,0,1,IND,4,0,-50,05:40,Off Arc 3 Make,0,MISS Vukcevic 3' Layup,,WAS,IND,WAS,1610612764,2025,2540.0,2569.0,2554.5,1630551|1641732|1641774|1641798|1642358,1628396|1631245|1641716|1641767|1642277,2024-25,575
416801,01:09,"Champagnie 7' Driving Floating Jump Shot (14 PTS)
Sheppard S.FOUL (P1.PN) (T.Brothers)
Champagnie Free Throw 1 of 1 (15 PTS)
",1,1,0,0,2025-03-27,0022401061,0,0,IND,4,1,-56,01:22,Off Dead Ball,0,Champagnie 7' Driving Floating Jump Shot (14 PTS),,WAS,IND,WAS,1610612764,2025,2798.0,2811.0,2804.5,1630551|1641732|1641774|1641798|1642358,1628396|1631245|1641716|1641767|1642277,2024-25,628
416822,04:45,"MISS Vukcevic 28' 3PT Jump Shot
Walker REBOUND (Off:1 Def:4)
",0,0,1,0,2025-03-27,0022401061,0,0,IND,4,0,-52,05:03,Off At Rim Make,0,Walker REBOUND (Off:1 Def:4),,WAS,IND,WAS,1610612764,2025,2577.0,2595.0,2586.0,1630551|1641732|1641774|1641798|1642358,1628396|1631245|1641716|1641767|1642277,2024-25,571
416820,04:22,"Vukcevic OFF.Foul (P3) (T.Brothers)
Vukcevic Offensive Foul Turnover (P2.T13)
",0,0,0,0,2025-03-27,0022401061,0,0,IND,4,0,-52,04:35,Off Dead Ball,1,Vukcevic Offensive Foul Turnover (P2.T13),,WAS,IND,WAS,1610612764,2025,2605.0,2618.0,2611.5,1630551|1641732|1641774|1641798|1642358,1628396|1631245|1641716|1641767|1642277,2024-25,576
416819,04:22,"Vukcevic OFF.Foul (P3) (T.Brothers)
Vukcevic Offensive Foul Turnover (P2.T13)
",0,0,0,0,2025-03-27,0022401061,0,0,IND,4,0,-52,04:35,Off Dead Ball,1,Vukcevic OFF.Foul (P3) (T.Brothers),,WAS,IND,WAS,1610612764,2025,2605.0,2618.0,2611.5,1630551|1641732|1641774|1641798|1642358,1628396|1631245|1641716|1641767|1642277,2024-25,576
416818,03:40,"Furphy S.FOUL (P1.T3) (P.Ransom)
Champagnie Free Throw 1 of 2 (9 PTS)
MISS Champagnie Free Throw 2 of 2
Bradley REBOUND (Off:0 Def:2)
",0,0,0,0,2025-03-27,0022401061,0,0,IND,4,1,-54,03:57,Off At Rim Make,0,Bradley REBOUND (Off:0 Def:2),,WAS,IND,WAS,1610612764,2025,2643.0,2660.0,2651.5,1630551|1641732|1641774|1641798|1642358,1628396|1631245|1641716|1641767|1642277,2024-25,635
416817,03:40,"Furphy S.FOUL (P1.T3) (P.Ransom)
Champagnie Free Throw 1 of 2 (9 PTS)
MISS Champagnie Free Throw 2 of 2
Bradley REBOUND (Off:0 Def:2)
",0,0,0,0,2025-03-27,0022401061,0,0,IND,4,1,-54,03:57,Off At Rim Make,0,MISS Champagnie Free Throw 2 of 2,,WAS,IND,WAS,1610612764,2025,2643.0,2660.0,2651.5,1630551|1641732|1641774|1641798|1642358,1628396|1631245|1641716|1641767|1642277,2024-25,635
416816,03:40,"Furphy S.FOUL (P1.T3) (P.Ransom)
Champagnie Free Throw 1 of 2 (9 PTS)
MISS Champagnie Free Throw 2 of 2
Bradley REBOUND (Off:0 Def:2)
",0,0,0,0,2025-03-27,0022401061,0,0,IND,4,1,-54,03:57,Off At Rim Make,0,Champagnie Free Throw 1 of 2 (9 PTS),,WAS,IND,WAS,1610612764,2025,2643.0,2660.0,2651.5,1630551|1641732|1641774|1641798|1642358,1628396|1631245|1641716|1641767|1642277,2024-25,635
416815,03:40,"Furphy S.FOUL (P1.T3) (P.Ransom)
Champagnie Free Throw 1 of 2 (9 PTS)
MISS Champagnie Free Throw 2 of 2
Bradley REBOUND (Off:0 Def:2)
",0,0,0,0,2025-03-27,0022401061,0,0,IND,4,1,-54,03:57,Off At Rim Make,0,Furphy S.FOUL (P1.T3) (P.Ransom),,WAS,IND,WAS,1610612764,2025,2643.0,2660.0,2651.5,1630551|1641732|1641774|1641798|1642358,1628396|1631245|1641716|1641767|1642277,2024-25,635
416814,03:20,"Bradley S.FOUL (P1.T4) (M.Myers)
Vukcevic Free Throw 1 of 2 (3 PTS)
Vukcevic Free Throw 2 of 2 (4 PTS)
",0,0,0,0,2025-03-27,0022401061,0,0,IND,4,1,-55,03:31,Off Short Mid-Range Make,0,Vukcevic Free Throw 2 of 2 (4 PTS),,WAS,IND,WAS,1610612764,2025,2669.0,2680.0,2674.5,1630551|1641732|1641774|1641798|1642358,1628396|1631245|1641716|1641767|1642277,2024-25,602
416823,05:11,"MISS Vukcevic 12' Floating Jump Shot
Champagnie REBOUND (Off:4 Def:3)
MISS Vukcevic 3' Layup
Walker REBOUND (Off:1 Def:3)
",2,0,0,0,2025-03-27,0022401061,0,1,IND,4,0,-50,05:40,Off Arc 3 Make,0,MISS Vukcevic 12' Floating Jump Shot,,WAS,IND,WAS,1610612764,2025,2540.0,2569.0,2554.5,1630551|1641732|1641774|1641798|1642358,1628396|1631245|1641716|1641767|1642277,2024-25,575
416826,05:11,"MISS Vukcevic 12' Floating Jump Shot
Champagnie REBOUND (Off:4 Def:3)
MISS Vukcevic 3' Layup
Walker REBOUND (Off:1 Def:3)
",2,0,0,0,2025-03-27,0022401061,0,1,IND,4,0,-50,05:40,Off Arc 3 Make,0,Walker REBOUND (Off:1 Def:3),,WAS,IND,WAS,1610612764,2025,2540.0,2569.0,2554.5,1630551|1641732|1641774|1641798|1642358,1628396|1631245|1641716|1641767|1642277,2024-25,575
416813,03:20,"Bradley S.FOUL (P1.T4) (M.Myers)
Vukcevic Free Throw 1 of 2 (3 PTS)
Vukcevic Free Throw 2 of 2 (4 PTS)
",0,0,0,0,2025-03-27,0022401061,0,0,IND,4,1,-55,03:31,Off Short Mid-Range Make,0,Vukcevic Free Throw 1 of 2 (3 PTS),,WAS,IND,WAS,1610612764,2025,2669.0,2680.0,2674.5,1630551|1641732|1641774|1641798|1642358,1628396|1631245|1641716|1641767|1642277,2024-25,602
416810,02:39,"MISS Jones 8' Driving Floating Jump Shot
Sheppard REBOUND (Off:1 Def:1)
",1,0,0,0,2025-03-27,0022401061,0,0,IND,4,0,-53,02:56,Off Dead Ball,0,Sheppard REBOUND (Off:1 Def:1),,WAS,IND,WAS,1610612764,2025,2704.0,2721.0,2712.5,1630551|1641732|1641774|1641798|1642358,1628396|1631245|1641716|1641767|1642277,2024-25,624
416809,02:39,"MISS Jones 8' Driving Floating Jump Shot
Sheppard REBOUND (Off:1 Def:1)
",1,0,0,0,2025-03-27,0022401061,0,0,IND,4,0,-53,02:56,Off Dead Ball,0,MISS Jones 8' Driving Floating Jump Shot,,WAS,IND,WAS,1610612764,2025,2704.0,2721.0,2712.5,1630551|1641732|1641774|1641798|1642358,1628396|1631245|1641716|1641767|1642277,2024-25,624
416808,02:17,"MISS Johnson 26' 3PT Step Back Jump Shot
Furphy REBOUND (Off:0 Def:1)
",0,0,1,0,2025-03-27,0022401061,0,0,IND,4,0,-56,02:33,Off Arc 3 Make,0,Furphy REBOUND (Off:0 Def:1),,WAS,IND,WAS,1610612764,2025,2727.0,2743.0,2735.0,1630551|1641732|1641774|1641798|1642358,1628396|1631245|1641716|1641767|1642277,2024-25,616
416807,02:17,"MISS Johnson 26' 3PT Step Back Jump Shot
Furphy REBOUND (Off:0 Def:1)
",0,0,1,0,2025-03-27,0022401061,0,0,IND,4,0,-56,02:33,Off Arc 3 Make,0,MISS Johnson 26' 3PT Step Back Jump Shot,,WAS,IND,WAS,1610612764,2025,2727.0,2743.0,2735.0,1630551|1641732|1641774|1641798|1642358,1628396|1631245|1641716|1641767|1642277,2024-25,616
416806,01:46,"Champagnie 2' Driving Layup (11 PTS)
Furphy S.FOUL (P2.PN) (T.Brothers)
Champagnie Free Throw 1 of 1 (12 PTS)
",1,1,0,0,2025-03-27,0022401061,0,0,IND,4,1,-59,02:03,Off Arc 3 Make,0,Champagnie Free Throw 1 of 1 (12 PTS),,WAS,IND,WAS,1610612764,2025,2757.0,2774.0,2765.5,1630551|1641732|1641774|1641798|1642358,1628396|1631245|1641716|1641767|1642277,2024-25,581
416805,01:46,"Champagnie 2' Driving Layup (11 PTS)
Furphy S.FOUL (P2.PN) (T.Brothers)
Champagnie Free Throw 1 of 1 (12 PTS)
",1,1,0,0,2025-03-27,0022401061,0,0,IND,4,1,-59,02:03,Off Arc 3 Make,0,Furphy S.FOUL (P2.PN) (T.Brothers),,WAS,IND,WAS,1610612764,2025,2757.0,2774.0,2765.5,1630551|1641732|1641774|1641798|1642358,1628396|1631245|1641716|1641767|1642277,2024-25,581
416804,01:46,"Champagnie 2' Driving Layup (11 PTS)
Furphy S.FOUL (P2.PN) (T.Brothers)
Champagnie Free Throw 1 of 1 (12 PTS)
",1,1,0,0,2025-03-27,0022401061,0,0,IND,4,1,-59,02:03,Off Arc 3 Make,0,Champagnie 2' Driving Layup (11 PTS),,WAS,IND,WAS,1610612764,2025,2757.0,2774.0,2765.5,1630551|1641732|1641774|1641798|1642358,1628396|1631245|1641716|1641767|1642277,2024-25,581
416803,01:09,"Champagnie 7' Driving Floating Jump Shot (14 PTS)
Sheppard S.FOUL (P1.PN) (T.Brothers)
Champagnie Free Throw 1 of 1 (15 PTS)
",1,1,0,0,2025-03-27,0022401061,0,0,IND,4,1,-56,01:22,Off Dead Ball,0,Champagnie Free Throw 1 of 1 (15 PTS),,WAS,IND,WAS,1610612764,2025,2798.0,2811.0,2804.5,1630551|1641732|1641774|1641798|1642358,1628396|1631245|1641716|1641767|1642277,2024-25,628
416812,03:20,"Bradley S.FOUL (P1.T4) (M.Myers)
Vukcevic Free Throw 1 of 2 (3 PTS)
Vukcevic Free Throw 2 of 2 (4 PTS)
",0,0,0,0,2025-03-27,0022401061,0,0,IND,4,1,-55,03:31,Off Short Mid-Range Make,0,Bradley S.FOUL (P1.T4) (M.Myers),,WAS,IND,WAS,1610612764,2025,2669.0,2680.0,2674.5,1630551|1641732|1641774|1641798|1642358,1628396|1631245|1641716|1641767|1642277,2024-25,602
416824,05:11,"MISS Vukcevic 12' Floating Jump Shot
Champagnie REBOUND (Off:4 Def:3)
MISS Vukcevic 3' Layup
Walker REBOUND (Off:1 Def:3)
",2,0,0,0,2025-03-27,0022401061,0,1,IND,4,0,-50,05:40,Off Arc 3 Make,0,Champagnie REBOUND (Off:4 Def:3),,WAS,IND,WAS,1610612764,2025,2540.0,2569.0,2554.5,1630551|1641732|1641774|1641798|1642358,1628396|1631245|1641716|1641767|1642277,2024-25,575
416811,03:04,"Vukcevic Traveling Turnover (P3.T14)
",0,0,0,0,2025-03-27,0022401061,0,0,IND,4,0,-53,03:07,Off Steal,1,Vukcevic Traveling Turnover (P3.T14),,WAS,IND,WAS,1610612764,2025,2693.0,2696.0,2694.5,1630551|1641732|1641774|1641798|1642358,1628396|1631245|1641716|1641767|1642277,2024-25,608
416800,00:38,"Vukcevic Lost Ball Turnover (P4.T15): Jackson STEAL (3 STL)
",0,0,0,0,2025-03-27,0022401061,0,0,IND,4,0,-53,00:45,Off Dead Ball,1,Vukcevic Lost Ball Turnover (P4.T15): Jackson STEAL (3 STL),,WAS,IND,WAS,1610612764,2025,2835.0,2842.0,2838.5,1630551|1641732|1641774|1641798|1642358,1628396|1631245|1641716|1641767|1642277,2024-25,689
416779,05:56,"MISS Sarr 6' Turnaround Hook Shot
Champagnie REBOUND (Off:3 Def:2)
MISS Carrington 10' Driving Floating Jump Shot
Sarr REBOUND (Off:4 Def:3)
MISS Sarr Dunk
Turner REBOUND (Off:0 Def:5)
",3,0,0,0,2025-03-27,0022401061,0,2,IND,3,0,-23,06:21,Off At Rim Block,0,Turner REBOUND (Off:0 Def:5),,WAS,IND,WAS,1610612764,2025,1779.0,1804.0,1791.5,1629673|1630551|1641732|1642259|1642267,1626167|1629614|1630167|1630169|1630174,2024-25,462
416772,05:25,"MISS Carrington 28' 3PT Pullup Jump Shot
Nesmith REBOUND (Off:1 Def:3)
",0,0,1,0,2025-03-27,0022401061,0,0,IND,3,0,-26,05:52,Off Corner 3 Make,0,MISS Carrington 28' 3PT Pullup Jump Shot,,WAS,IND,WAS,1610612764,2025,1808.0,1835.0,1821.5,1629673|1630551|1641732|1642259|1642267,1626167|1629614|1630167|1630169|1630174,2024-25,427
416796,10:57,"MISS Sarr 18' Jump Shot
Turner REBOUND (Off:0 Def:3)
",1,0,0,0,2025-03-27,0022401061,0,0,IND,3,0,-19,11:17,Off Short Mid-Range Miss,0,MISS Sarr 18' Jump Shot,,WAS,IND,WAS,1610612764,2025,1483.0,1503.0,1493.0,1629673|1630551|1641732|1642259|1642267,1626167|1627783|1629614|1630169|1630174,2024-25,398
416795,10:28,"Jones 25' 3PT Jump Shot (6 PTS) (Poole 2 AST)
",0,0,1,1,2025-03-27,0022401061,0,0,IND,3,0,-22,10:44,Off Corner 3 Make,0,Jones 25' 3PT Jump Shot (6 PTS) (Poole 2 AST),,WAS,IND,WAS,1610612764,2025,1516.0,1532.0,1524.0,1629673|1630551|1641732|1642259|1642267,1626167|1627783|1629614|1630169|1630174,2024-25,407
416794,09:54,"Turner S.FOUL (P2.T1) (M.Myers)
Sarr Free Throw 1 of 2 (16 PTS)
MISS Sarr Free Throw 2 of 2
Sarr REBOUND (Off:3 Def:3)
Sarr 2' Putback Layup (18 PTS)
",1,1,0,0,2025-03-27,0022401061,0,1,IND,3,1,-21,10:13,Off At Rim Make,0,Sarr 2' Putback Layup (18 PTS),,WAS,IND,WAS,1610612764,2025,1547.0,1566.0,1556.5,1629673|1630551|1641732|1642259|1642267,1626167|1627783|1629614|1630169|1630174,2024-25,362
416793,09:54,"Turner S.FOUL (P2.T1) (M.Myers)
Sarr Free Throw 1 of 2 (16 PTS)
MISS Sarr Free Throw 2 of 2
Sarr REBOUND (Off:3 Def:3)
Sarr 2' Putback Layup (18 PTS)
",1,1,0,0,2025-03-27,0022401061,0,1,IND,3,1,-21,10:13,Off At Rim Make,0,Sarr REBOUND (Off:3 Def:3),,WAS,IND,WAS,1610612764,2025,1547.0,1566.0,1556.5,1629673|1630551|1641732|1642259|1642267,1626167|1627783|1629614|1630169|1630174,2024-25,362
416792,09:54,"Turner S.FOUL (P2.T1) (M.Myers)
Sarr Free Throw 1 of 2 (16 PTS)
MISS Sarr Free Throw 2 of 2
Sarr REBOUND (Off:3 Def:3)
Sarr 2' Putback Layup (18 PTS)
",1,1,0,0,2025-03-27,0022401061,0,1,IND,3,1,-21,10:13,Off At Rim Make,0,MISS Sarr Free Throw 2 of 2,,WAS,IND,WAS,1610612764,2025,1547.0,1566.0,1556.5,1629673|1630551|1641732|1642259|1642267,1626167|1627783|1629614|1630169|1630174,2024-25,362
416791,09:54,"Turner S.FOUL (P2.T1) (M.Myers)
Sarr Free Throw 1 of 2 (16 PTS)
MISS Sarr Free Throw 2 of 2
Sarr REBOUND (Off:3 Def:3)
Sarr 2' Putback Layup (18 PTS)
",1,1,0,0,2025-03-27,0022401061,0,1,IND,3,1,-21,10:13,Off At Rim Make,0,Sarr Free Throw 1 of 2 (16 PTS),,WAS,IND,WAS,1610612764,2025,1547.0,1566.0,1556.5,1629673|1630551|1641732|1642259|1642267,1626167|1627783|1629614|1630169|1630174,2024-25,362
416790,09:54,"Turner S.FOUL (P2.T1) (M.Myers)
Sarr Free Throw 1 of 2 (16 PTS)
MISS Sarr Free Throw 2 of 2
Sarr REBOUND (Off:3 Def:3)
Sarr 2' Putback Layup (18 PTS)
",1,1,0,0,2025-03-27,0022401061,0,1,IND,3,1,-21,10:13,Off At Rim Make,0,Turner S.FOUL (P2.T1) (M.Myers),,WAS,IND,WAS,1610612764,2025,1547.0,1566.0,1556.5,1629673|1630551|1641732|1642259|1642267,1626167|1627783|1629614|1630169|1630174,2024-25,362
416789,09:20,"Sarr Lost Ball Turnover (P2.T7): Siakam STEAL (1 STL)
",0,0,0,0,2025-03-27,0022401061,0,0,IND,3,0,-20,09:39,Off FT Make,1,Sarr Lost Ball Turnover (P2.T7): Siakam STEAL (1 STL),,WAS,IND,WAS,1610612764,2025,1581.0,1600.0,1590.5,1629673|1630551|1641732|1642259|1642267,1626167|1627783|1629614|1630169|1630174,2024-25,337
416788,08:55,"Sarr 3' Layup (20 PTS) (Carrington 5 AST)
",1,1,0,0,2025-03-27,0022401061,0,0,IND,3,0,-22,09:09,Off At Rim Make,0,Sarr 3' Layup (20 PTS) (Carrington 5 AST),,WAS,IND,WAS,1610612764,2025,1611.0,1625.0,1618.0,1629673|1630551|1641732|1642259|1642267,1626167|1627783|1629614|1630169|1630174,2024-25,418
416787,08:30,"MISS Poole 32' 3PT Jump Shot
Nembhard REBOUND (Off:1 Def:2)
",0,0,1,0,2025-03-27,0022401061,0,0,IND,3,0,-20,08:40,Off Long Mid-Range Miss,0,Nembhard REBOUND (Off:1 Def:2),,WAS,IND,WAS,1610612764,2025,1640.0,1650.0,1645.0,1629673|1630551|1641732|1642259|1642267,1626167|1627783|1629614|1630169|1630174,2024-25,394
416786,08:30,"MISS Poole 32' 3PT Jump Shot
Nembhard REBOUND (Off:1 Def:2)
",0,0,1,0,2025-03-27,0022401061,0,0,IND,3,0,-20,08:40,Off Long Mid-Range Miss,0,MISS Poole 32' 3PT Jump Shot,,WAS,IND,WAS,1610612764,2025,1640.0,1650.0,1645.0,1629673|1630551|1641732|1642259|1642267,1626167|1627783|1629614|1630169|1630174,2024-25,394
416785,08:02,"MISS Champagnie 25' 3PT Jump Shot
Nembhard REBOUND (Off:1 Def:3)
",0,0,1,0,2025-03-27,0022401061,0,0,IND,3,0,-23,08:23,Off Arc 3 Make,0,Nembhard REBOUND (Off:1 Def:3),,WAS,IND,WAS,1610612764,2025,1657.0,1678.0,1667.5,1629673|1630551|1641732|1642259|1642267,1626167|1627783|1629614|1630169|1630174,2024-25,350
416784,08:02,"MISS Champagnie 25' 3PT Jump Shot
Nembhard REBOUND (Off:1 Def:3)
",0,0,1,0,2025-03-27,0022401061,0,0,IND,3,0,-23,08:23,Off Arc 3 Make,0,MISS Champagnie 25' 3PT Jump Shot,,WAS,IND,WAS,1610612764,2025,1657.0,1678.0,1667.5,1629673|1630551|1641732|1642259|1642267,1626167|1627783|1629614|1630169|1630174,2024-25,350
416783,07:27,"Carrington 18' Pullup Jump Shot (13 PTS) (Poole 3 AST)
",1,1,0,0,2025-03-27,0022401061,0,0,IND,3,0,-26,07:52,Off Arc 3 Make,0,Carrington 18' Pullup Jump Shot (13 PTS) (Poole 3 AST),,WAS,IND,WAS,1610612764,2025,1688.0,1713.0,1700.5,1629673|1630551|1641732|1642259|1642267,1626167|1627783|1629614|1630169|1630174,2024-25,438
416782,07:16,"Poole 27' 3PT Running Pull-Up Jump Shot (12 PTS)
",0,0,1,1,2025-03-27,0022401061,0,0,IND,3,0,-24,07:20,Off Steal,0,Poole 27' 3PT Running Pull-Up Jump Shot (12 PTS),,WAS,IND,WAS,1610612764,2025,1720.0,1724.0,1722.0,1629673|1630551|1641732|1642259|1642267,1626167|1627783|1629614|1630169|1630174,2024-25,444
416781,06:38,"MISS Poole 30' 3PT Step Back Jump Shot
Turner REBOUND (Off:0 Def:4)
",0,0,1,0,2025-03-27,0022401061,0,0,IND,3,0,-23,06:56,Off At Rim Make,0,Turner REBOUND (Off:0 Def:4),,WAS,IND,WAS,1610612764,2025,1744.0,1762.0,1753.0,1629673|1630551|1641732|1642259|1642267,1626167|1629614|1630167|1630169|1630174,2024-25,367
416780,06:38,"MISS Poole 30' 3PT Step Back Jump Shot
Turner REBOUND (Off:0 Def:4)
",0,0,1,0,2025-03-27,0022401061,0,0,IND,3,0,-23,06:56,Off At Rim Make,0,MISS Poole 30' 3PT Step Back Jump Shot,,WAS,IND,WAS,1610612764,2025,1744.0,1762.0,1753.0,1629673|1630551|1641732|1642259|1642267,1626167|1629614|1630167|1630169|1630174,2024-25,367
416751,00:45,"MISS Carrington 10' Driving Floating Jump Shot
McConnell REBOUND (Off:2 Def:5)
",1,0,0,0,2025-03-27,0022401061,0,0,IND,3,0,-33,01:07,Off Arc 3 Make,0,McConnell REBOUND (Off:2 Def:5),,WAS,IND,WAS,1610612764,2025,2093.0,2115.0,2104.0,1626158|1641774|1641798|1642267|1642358,204456|1627783|1628418|1631097|1641716,2024-25,558
416778,05:56,"MISS Sarr 6' Turnaround Hook Shot
Champagnie REBOUND (Off:3 Def:2)
MISS Carrington 10' Driving Floating Jump Shot
Sarr REBOUND (Off:4 Def:3)
MISS Sarr Dunk
Turner REBOUND (Off:0 Def:5)
",3,0,0,0,2025-03-27,0022401061,0,2,IND,3,0,-23,06:21,Off At Rim Block,0,MISS Sarr Dunk,,WAS,IND,WAS,1610612764,2025,1779.0,1804.0,1791.5,1629673|1630551|1641732|1642259|1642267,1626167|1629614|1630167|1630169|1630174,2024-25,462
416776,05:56,"MISS Sarr 6' Turnaround Hook Shot
Champagnie REBOUND (Off:3 Def:2)
MISS Carrington 10' Driving Floating Jump Shot
Sarr REBOUND (Off:4 Def:3)
MISS Sarr Dunk
Turner REBOUND (Off:0 Def:5)
",3,0,0,0,2025-03-27,0022401061,0,2,IND,3,0,-23,06:21,Off At Rim Block,0,MISS Carrington 10' Driving Floating Jump Shot,,WAS,IND,WAS,1610612764,2025,1779.0,1804.0,1791.5,1629673|1630551|1641732|1642259|1642267,1626167|1629614|1630167|1630169|1630174,2024-25,462
416773,05:25,"MISS Carrington 28' 3PT Pullup Jump Shot
Nesmith REBOUND (Off:1 Def:3)
",0,0,1,0,2025-03-27,0022401061,0,0,IND,3,0,-26,05:52,Off Corner 3 Make,0,Nesmith REBOUND (Off:1 Def:3),,WAS,IND,WAS,1610612764,2025,1808.0,1835.0,1821.5,1629673|1630551|1641732|1642259|1642267,1626167|1629614|1630167|1630169|1630174,2024-25,427
416797,10:57,"MISS Sarr 18' Jump Shot
Turner REBOUND (Off:0 Def:3)
",1,0,0,0,2025-03-27,0022401061,0,0,IND,3,0,-19,11:17,Off Short Mid-Range Miss,0,Turner REBOUND (Off:0 Def:3),,WAS,IND,WAS,1610612764,2025,1483.0,1503.0,1493.0,1629673|1630551|1641732|1642259|1642267,1626167|1627783|1629614|1630169|1630174,2024-25,398
416798,11:42,"Carrington 30' 3PT Jump Shot (11 PTS) (Sarr 1 AST)
",0,0,1,1,2025-03-27,0022401061,0,0,IND,3,0,-22,12:00,Off Dead Ball,0,Carrington 30' 3PT Jump Shot (11 PTS) (Sarr 1 AST),,WAS,IND,WAS,1610612764,2025,1440.0,1458.0,1449.0,1629673|1630551|1641732|1642259|1642267,1626167|1627783|1629614|1630169|1630174,2024-25,347
416777,05:56,"MISS Sarr 6' Turnaround Hook Shot
Champagnie REBOUND (Off:3 Def:2)
MISS Carrington 10' Driving Floating Jump Shot
Sarr REBOUND (Off:4 Def:3)
MISS Sarr Dunk
Turner REBOUND (Off:0 Def:5)
",3,0,0,0,2025-03-27,0022401061,0,2,IND,3,0,-23,06:21,Off At Rim Block,0,Sarr REBOUND (Off:4 Def:3),,WAS,IND,WAS,1610612764,2025,1779.0,1804.0,1791.5,1629673|1630551|1641732|1642259|1642267,1626167|1629614|1630167|1630169|1630174,2024-25,462
416775,05:56,"MISS Sarr 6' Turnaround Hook Shot
Champagnie REBOUND (Off:3 Def:2)
MISS Carrington 10' Driving Floating Jump Shot
Sarr REBOUND (Off:4 Def:3)
MISS Sarr Dunk
Turner REBOUND (Off:0 Def:5)
",3,0,0,0,2025-03-27,0022401061,0,2,IND,3,0,-23,06:21,Off At Rim Block,0,Champagnie REBOUND (Off:3 Def:2),,WAS,IND,WAS,1610612764,2025,1779.0,1804.0,1791.5,1629673|1630551|1641732|1642259|1642267,1626167|1629614|1630167|1630169|1630174,2024-25,462
416771,05:16,"Sarr 2' Running Dunk (22 PTS) (Champagnie 1 AST)
",1,1,0,0,2025-03-27,0022401061,0,0,IND,3,0,-26,05:21,Off Steal,0,Sarr 2' Running Dunk (22 PTS) (Champagnie 1 AST),,WAS,IND,WAS,1610612764,2025,1839.0,1844.0,1841.5,1629673|1630551|1641732|1642259|1642267,1626167|1629614|1630167|1630169|1630174,2024-25,430
416770,04:47,"Haliburton P.FOUL (P2.T2) (P.Ransom)
MISS Poole 2' Layup
Toppin REBOUND (Off:0 Def:2)
",1,0,0,0,2025-03-27,0022401061,0,0,IND,3,0,-24,05:02,Off Steal,0,Toppin REBOUND (Off:0 Def:2),,WAS,IND,WAS,1610612764,2025,1858.0,1873.0,1865.5,1626158|1629673|1630551|1642267|1642358,1628418|1629614|1630167|1630169|1631097,2024-25,388
416769,04:47,"Haliburton P.FOUL (P2.T2) (P.Ransom)
MISS Poole 2' Layup
Toppin REBOUND (Off:0 Def:2)
",1,0,0,0,2025-03-27,0022401061,0,0,IND,3,0,-24,05:02,Off Steal,0,MISS Poole 2' Layup,,WAS,IND,WAS,1610612764,2025,1858.0,1873.0,1865.5,1626158|1629673|1630551|1642267|1642358,1628418|1629614|1630167|1630169|1631097,2024-25,388
416768,04:47,"Haliburton P.FOUL (P2.T2) (P.Ransom)
MISS Poole 2' Layup
Toppin REBOUND (Off:0 Def:2)
",1,0,0,0,2025-03-27,0022401061,0,0,IND,3,0,-24,05:02,Off Steal,0,Haliburton P.FOUL (P2.T2) (P.Ransom),,WAS,IND,WAS,1610612764,2025,1858.0,1873.0,1865.5,1626158|1629673|1630551|1642267|1642358,1628418|1629614|1630167|1630169|1631097,2024-25,388
416767,04:32,"Poole 32' 3PT Turnaround Jump Shot (15 PTS)
",0,0,1,1,2025-03-27,0022401061,0,0,IND,3,0,-26,04:44,Off FT Make,0,Poole 32' 3PT Turnaround Jump Shot (15 PTS),,WAS,IND,WAS,1610612764,2025,1876.0,1888.0,1882.0,1626158|1629673|1630551|1641798|1642358,1628418|1629614|1630167|1630169|1631097,2024-25,403
416766,04:09,"Poole 26' 3PT Pullup Jump Shot (18 PTS)
",0,0,1,1,2025-03-27,0022401061,0,0,IND,3,0,-26,04:21,Off Arc 3 Make,0,Poole 26' 3PT Pullup Jump Shot (18 PTS),,WAS,IND,WAS,1610612764,2025,1899.0,1911.0,1905.0,1626158|1629673|1630551|1641798|1642358,1628418|1629614|1630167|1630169|1631097,2024-25,450
416765,03:28,"MISS Holmes 13' Driving Floating Jump Shot
Bryant REBOUND (Off:0 Def:2)
",1,0,0,0,2025-03-27,0022401061,0,0,IND,3,0,-25,03:45,Off At Rim Make,0,Bryant REBOUND (Off:0 Def:2),,WAS,IND,WAS,1610612764,2025,1935.0,1952.0,1943.5,1626158|1629673|1630551|1641798|1642358,1628418|1629614|1630167|1630169|1631097,2024-25,412
416764,03:28,"MISS Holmes 13' Driving Floating Jump Shot
Bryant REBOUND (Off:0 Def:2)
",1,0,0,0,2025-03-27,0022401061,0,0,IND,3,0,-25,03:45,Off At Rim Make,0,MISS Holmes 13' Driving Floating Jump Shot,,WAS,IND,WAS,1610612764,2025,1935.0,1952.0,1943.5,1626158|1629673|1630551|1641798|1642358,1628418|1629614|1630167|1630169|1631097,2024-25,412
416763,03:03,"Bryant S.FOUL (P2.T3) (M.Myers)
MISS Holmes Free Throw 1 of 2
WIZARDS Rebound
Holmes Free Throw 2 of 2 (7 PTS)
",0,0,0,0,2025-03-27,0022401061,0,0,IND,3,1,-28,03:23,Off Arc 3 Make,0,Holmes Free Throw 2 of 2 (7 PTS),,WAS,IND,WAS,1610612764,2025,1957.0,1977.0,1967.0,1626158|1629673|1630551|1641798|1642358,1628418|1629614|1630167|1630169|1631097,2024-25,416
416762,03:03,"Bryant S.FOUL (P2.T3) (M.Myers)
MISS Holmes Free Throw 1 of 2
WIZARDS Rebound
Holmes Free Throw 2 of 2 (7 PTS)
",0,0,0,0,2025-03-27,0022401061,0,0,IND,3,1,-28,03:23,Off Arc 3 Make,0,WIZARDS Rebound,,WAS,IND,WAS,1610612764,2025,1957.0,1977.0,1967.0,1626158|1629673|1630551|1641798|1642358,1628418|1629614|1630167|1630169|1631097,2024-25,416
416799,00:00,,0,0,0,0,2025-03-27,0022401061,0,0,IND,4,0,-53,00:14,Off Dead Ball,0,,,WAS,IND,WAS,1610612764,2025,2866.0,2880.0,2873.0,1630551|1641732|1641774|1641798|1642358,1628396|1631245|1641716|1641767|1642277,2024-25,712
416761,03:03,"Bryant S.FOUL (P2.T3) (M.Myers)
MISS Holmes Free Throw 1 of 2
WIZARDS Rebound
Holmes Free Throw 2 of 2 (7 PTS)
",0,0,0,0,2025-03-27,0022401061,0,0,IND,3,1,-28,03:23,Off Arc 3 Make,0,MISS Holmes Free Throw 1 of 2,,WAS,IND,WAS,1610612764,2025,1957.0,1977.0,1967.0,1626158|1629673|1630551|1641798|1642358,1628418|1629614|1630167|1630169|1631097,2024-25,416
416759,02:23,"MISS Holmes 4' Driving Layup
Bryant REBOUND (Off:2 Def:3)
",1,0,0,0,2025-03-27,0022401061,0,0,IND,3,0,-29,02:46,Off Timeout,0,Bryant REBOUND (Off:2 Def:3),,WAS,IND,WAS,1610612764,2025,1994.0,2017.0,2005.5,1626158|1629673|1641774|1641798|1642358,204456|1627783|1628418|1631097|1641716,2024-25,448
416758,02:23,"MISS Holmes 4' Driving Layup
Bryant REBOUND (Off:2 Def:3)
",1,0,0,0,2025-03-27,0022401061,0,0,IND,3,0,-29,02:46,Off Timeout,0,MISS Holmes 4' Driving Layup,,WAS,IND,WAS,1610612764,2025,1994.0,2017.0,2005.5,1626158|1629673|1641774|1641798|1642358,204456|1627783|1628418|1631097|1641716,2024-25,448
416757,01:58,"MISS Holmes 8' Hook Shot
McConnell REBOUND (Off:2 Def:4)
",1,0,0,0,2025-03-27,0022401061,0,0,IND,3,0,-32,02:14,Off Arc 3 Make,0,McConnell REBOUND (Off:2 Def:4),,WAS,IND,WAS,1610612764,2025,2026.0,2042.0,2034.0,1626158|1641774|1641798|1642267|1642358,204456|1627783|1628418|1631097|1641716,2024-25,417
416756,01:58,"MISS Holmes 8' Hook Shot
McConnell REBOUND (Off:2 Def:4)
",1,0,0,0,2025-03-27,0022401061,0,0,IND,3,0,-32,02:14,Off Arc 3 Make,0,MISS Holmes 8' Hook Shot,,WAS,IND,WAS,1610612764,2025,2026.0,2042.0,2034.0,1626158|1641774|1641798|1642267|1642358,204456|1627783|1628418|1631097|1641716,2024-25,417
416755,01:21,"Walker P.FOUL (P3.T4) (P.Ransom)
MISS Vukcevic 9' Floating Jump Shot
Holmes REBOUND (Off:2 Def:1)
Holmes Putback Dunk (9 PTS)
",2,1,0,0,2025-03-27,0022401061,0,1,IND,3,0,-32,01:41,Off At Rim Miss,0,Holmes Putback Dunk (9 PTS),,WAS,IND,WAS,1610612764,2025,2059.0,2079.0,2069.0,1626158|1641774|1641798|1642267|1642358,204456|1627783|1628418|1631097|1641716,2024-25,447
416754,01:21,"Walker P.FOUL (P3.T4) (P.Ransom)
MISS Vukcevic 9' Floating Jump Shot
Holmes REBOUND (Off:2 Def:1)
Holmes Putback Dunk (9 PTS)
",2,1,0,0,2025-03-27,0022401061,0,1,IND,3,0,-32,01:41,Off At Rim Miss,0,Holmes REBOUND (Off:2 Def:1),,WAS,IND,WAS,1610612764,2025,2059.0,2079.0,2069.0,1626158|1641774|1641798|1642267|1642358,204456|1627783|1628418|1631097|1641716,2024-25,447
416753,01:21,"Walker P.FOUL (P3.T4) (P.Ransom)
MISS Vukcevic 9' Floating Jump Shot
Holmes REBOUND (Off:2 Def:1)
Holmes Putback Dunk (9 PTS)
",2,1,0,0,2025-03-27,0022401061,0,1,IND,3,0,-32,01:41,Off At Rim Miss,0,MISS Vukcevic 9' Floating Jump Shot,,WAS,IND,WAS,1610612764,2025,2059.0,2079.0,2069.0,1626158|1641774|1641798|1642267|1642358,204456|1627783|1628418|1631097|1641716,2024-25,447
416752,01:21,"Walker P.FOUL (P3.T4) (P.Ransom)
MISS Vukcevic 9' Floating Jump Shot
Holmes REBOUND (Off:2 Def:1)
Holmes Putback Dunk (9 PTS)
",2,1,0,0,2025-03-27,0022401061,0,1,IND,3,0,-32,01:41,Off At Rim Miss,0,Walker P.FOUL (P3.T4) (P.Ransom),,WAS,IND,WAS,1610612764,2025,2059.0,2079.0,2069.0,1626158|1641774|1641798|1642267|1642358,204456|1627783|1628418|1631097|1641716,2024-25,447
416774,05:56,"MISS Sarr 6' Turnaround Hook Shot
Champagnie REBOUND (Off:3 Def:2)
MISS Carrington 10' Driving Floating Jump Shot
Sarr REBOUND (Off:4 Def:3)
MISS Sarr Dunk
Turner REBOUND (Off:0 Def:5)
",3,0,0,0,2025-03-27,0022401061,0,2,IND,3,0,-23,06:21,Off At Rim Block,0,MISS Sarr 6' Turnaround Hook Shot,,WAS,IND,WAS,1610612764,2025,1779.0,1804.0,1791.5,1629673|1630551|1641732|1642259|1642267,1626167|1629614|1630167|1630169|1630174,2024-25,462
416750,00:45,"MISS Carrington 10' Driving Floating Jump Shot
McConnell REBOUND (Off:2 Def:5)
",1,0,0,0,2025-03-27,0022401061,0,0,IND,3,0,-33,01:07,Off Arc 3 Make,0,MISS Carrington 10' Driving Floating Jump Shot,,WAS,IND,WAS,1610612764,2025,2093.0,2115.0,2104.0,1626158|1641774|1641798|1642267|1642358,204456|1627783|1628418|1631097|1641716,2024-25,558
416760,03:03,"Bryant S.FOUL (P2.T3) (M.Myers)
MISS Holmes Free Throw 1 of 2
WIZARDS Rebound
Holmes Free Throw 2 of 2 (7 PTS)
",0,0,0,0,2025-03-27,0022401061,0,0,IND,3,1,-28,03:23,Off Arc 3 Make,0,Bryant S.FOUL (P2.T3) (M.Myers),,WAS,IND,WAS,1610612764,2025,1957.0,1977.0,1967.0,1626158|1629673|1630551|1641798|1642358,1628418|1629614|1630167|1630169|1631097,2024-25,416
416749,00:04,"MISS Carrington 16' Step Back Jump Shot
Bryant REBOUND (Off:2 Def:4)
",1,0,0,0,2025-03-27,0022401061,0,0,IND,3,0,-35,00:29,Off At Rim Make,0,Bryant REBOUND (Off:2 Def:4),,WAS,IND,WAS,1610612764,2025,2131.0,2156.0,2143.5,1626158|1641774|1641798|1642267|1642358,204456|1627783|1628418|1631097|1641716,2024-25,494
416671,03:58,"Poole Lost Ball Turnover (P1.T3): Toppin STEAL (1 STL)
",0,0,0,0,2025-03-27,0022401061,0,0,IND,1,0,-9,04:13,Off Arc 3 Make,1,Poole Lost Ball Turnover (P1.T3): Toppin STEAL (1 STL),,WAS,IND,WAS,1610612764,2025,467.0,482.0,474.5,203114|1629673|1630551|1642259|1642358,204456|1626167|1630167|1630169|1631097,2024-25,96
416676,05:09,"MISS Middleton 11' Turnaround Jump Shot
Sarr REBOUND (Off:2 Def:1)
Sarr 1' Layup (7 PTS)
",2,1,0,0,2025-03-27,0022401061,0,1,IND,1,0,-6,05:27,Off Timeout,0,Sarr REBOUND (Off:2 Def:1),,WAS,IND,WAS,1610612764,2025,393.0,411.0,402.0,203114|1629673|1630551|1642259|1642358,1626167|1629614|1630167|1630169|1631097,2024-25,101
416725,04:34,"MISS Poole 9' Pullup Jump Shot
Walker REBOUND (Off:0 Def:2)
",1,0,0,0,2025-03-27,0022401061,0,0,IND,2,0,-18,04:56,Off Corner 3 Make,0,Walker REBOUND (Off:0 Def:2),,WAS,IND,WAS,1610612764,2025,1144.0,1166.0,1155.0,203114|1629673|1630551|1641798|1642259,1626167|1630167|1630169|1630174|1641716,2024-25,262
416726,05:10,"Middleton 26' 3PT Jump Shot (8 PTS) (Martin 2 AST)
",0,0,1,1,2025-03-27,0022401061,0,0,IND,2,0,-18,05:29,Off Arc 3 Make,0,Middleton 26' 3PT Jump Shot (8 PTS) (Martin 2 AST),,WAS,IND,WAS,1610612764,2025,1111.0,1130.0,1120.5,203114|1629673|1630551|1641798|1642259,1626167|1630167|1630169|1630174|1641716,2024-25,255
416747,11:43,"Carrington Out of Bounds Lost Ball Turnover (P1.T5)
",0,0,0,0,2025-03-27,0022401061,0,0,IND,2,0,-14,12:00,Off Dead Ball,1,Carrington Out of Bounds Lost Ball Turnover (P1.T5),,WAS,IND,WAS,1610612764,2025,720.0,737.0,728.5,1626158|1630264|1641732|1642267|1642358,204456|1627783|1628418|1631097|1641716,2024-25,167
416746,11:17,"Holmes 4' Turnaround Hook Shot (4 PTS) (Carrington 3 AST)
",1,1,0,0,2025-03-27,0022401061,0,0,IND,2,0,-14,11:32,Off Long Mid-Range Miss,0,Holmes 4' Turnaround Hook Shot (4 PTS) (Carrington 3 AST),,WAS,IND,WAS,1610612764,2025,748.0,763.0,755.5,1626158|1630264|1641732|1642267|1642358,204456|1627783|1628418|1631097|1641716,2024-25,189
416745,10:44,"MISS Jones 27' 3PT Jump Shot
McConnell REBOUND (Off:1 Def:2)
",0,0,1,0,2025-03-27,0022401061,0,0,IND,2,0,-12,10:55,Off Short Mid-Range Miss,0,McConnell REBOUND (Off:1 Def:2),,WAS,IND,WAS,1610612764,2025,785.0,796.0,790.5,1626158|1630264|1641732|1642267|1642358,204456|1627783|1628418|1631097|1641716,2024-25,184
416744,10:44,"MISS Jones 27' 3PT Jump Shot
McConnell REBOUND (Off:1 Def:2)
",0,0,1,0,2025-03-27,0022401061,0,0,IND,2,0,-12,10:55,Off Short Mid-Range Miss,0,MISS Jones 27' 3PT Jump Shot,,WAS,IND,WAS,1610612764,2025,785.0,796.0,790.5,1626158|1630264|1641732|1642267|1642358,204456|1627783|1628418|1631097|1641716,2024-25,184
416743,10:07,"Walker P.FOUL (P2.T1) (P.Ransom)
MISS Johnson 2' Driving Layup
Bryant REBOUND (Off:0 Def:1)
",1,0,0,0,2025-03-27,0022401061,0,0,IND,2,0,-15,10:32,Off Corner 3 Make,0,Bryant REBOUND (Off:0 Def:1),,WAS,IND,WAS,1610612764,2025,808.0,833.0,820.5,1626158|1630264|1641732|1642267|1642358,204456|1627783|1628418|1631097|1641716,2024-25,189
416742,10:07,"Walker P.FOUL (P2.T1) (P.Ransom)
MISS Johnson 2' Driving Layup
Bryant REBOUND (Off:0 Def:1)
",1,0,0,0,2025-03-27,0022401061,0,0,IND,2,0,-15,10:32,Off Corner 3 Make,0,MISS Johnson 2' Driving Layup,,WAS,IND,WAS,1610612764,2025,808.0,833.0,820.5,1626158|1630264|1641732|1642267|1642358,204456|1627783|1628418|1631097|1641716,2024-25,189
416741,10:07,"Walker P.FOUL (P2.T1) (P.Ransom)
MISS Johnson 2' Driving Layup
Bryant REBOUND (Off:0 Def:1)
",1,0,0,0,2025-03-27,0022401061,0,0,IND,2,0,-15,10:32,Off Corner 3 Make,0,Walker P.FOUL (P2.T1) (P.Ransom),,WAS,IND,WAS,1610612764,2025,808.0,833.0,820.5,1626158|1630264|1641732|1642267|1642358,204456|1627783|1628418|1631097|1641716,2024-25,189
416740,09:49,"Carrington 6' Driving Layup (2 PTS)
",1,1,0,0,2025-03-27,0022401061,0,0,IND,2,0,-15,10:02,Off Dead Ball,0,Carrington 6' Driving Layup (2 PTS),,WAS,IND,WAS,1610612764,2025,838.0,851.0,844.5,1626158|1630264|1641732|1642267|1642358,204456|1627783|1628418|1631097|1641716,2024-25,193
416739,09:04,"Gill 6' Driving Layup (2 PTS)
",1,1,0,0,2025-03-27,0022401061,0,0,IND,2,0,-16,09:32,Off Arc 3 Make,0,Gill 6' Driving Layup (2 PTS),,WAS,IND,WAS,1610612764,2025,868.0,896.0,882.0,1626158|1630264|1641732|1642267|1642358,204456|1627783|1628418|1631097|1641716,2024-25,174
416738,08:41,"MISS Johnson 5' Driving Layup
Siakam REBOUND (Off:0 Def:1)
",1,0,0,0,2025-03-27,0022401061,0,0,IND,2,0,-16,08:56,Off Short Mid-Range Make,0,Siakam REBOUND (Off:0 Def:1),,WAS,IND,WAS,1610612764,2025,904.0,919.0,911.5,1626158|1630264|1641732|1642267|1642358,204456|1627783|1628418|1631097|1641716,2024-25,206
416737,08:41,"MISS Johnson 5' Driving Layup
Siakam REBOUND (Off:0 Def:1)
",1,0,0,0,2025-03-27,0022401061,0,0,IND,2,0,-16,08:56,Off Short Mid-Range Make,0,MISS Johnson 5' Driving Layup,,WAS,IND,WAS,1610612764,2025,904.0,919.0,911.5,1626158|1630264|1641732|1642267|1642358,204456|1627783|1628418|1631097|1641716,2024-25,206
416736,08:16,"Carrington 28' 3PT Step Back Jump Shot (5 PTS)
",0,0,1,1,2025-03-27,0022401061,0,0,IND,2,0,-16,08:35,Off Timeout,0,Carrington 28' 3PT Step Back Jump Shot (5 PTS),,WAS,IND,WAS,1610612764,2025,925.0,944.0,934.5,1626158|1630551|1641732|1642267|1642358,204456|1627783|1628418|1630174|1641716,2024-25,205
416735,07:37,"MISS Jones 15' Step Back Jump Shot
McConnell REBOUND (Off:1 Def:3)
",1,0,0,0,2025-03-27,0022401061,0,0,IND,2,0,-15,07:55,Off Short Mid-Range Make,0,McConnell REBOUND (Off:1 Def:3),,WAS,IND,WAS,1610612764,2025,965.0,983.0,974.0,1626158|1630551|1641732|1642267|1642358,204456|1627783|1628418|1630174|1641716,2024-25,216
416734,07:37,"MISS Jones 15' Step Back Jump Shot
McConnell REBOUND (Off:1 Def:3)
",1,0,0,0,2025-03-27,0022401061,0,0,IND,2,0,-15,07:55,Off Short Mid-Range Make,0,MISS Jones 15' Step Back Jump Shot,,WAS,IND,WAS,1610612764,2025,965.0,983.0,974.0,1626158|1630551|1641732|1642267|1642358,204456|1627783|1628418|1630174|1641716,2024-25,216
416733,07:00,"MISS Carrington 28' 3PT Pullup Jump Shot
Holmes REBOUND (Off:1 Def:1)
Bryant S.FOUL (P1.T2) (P.Ransom)
Holmes Free Throw 1 of 2 (5 PTS)
Holmes Free Throw 2 of 2 (6 PTS)
",0,0,1,0,2025-03-27,0022401061,0,1,IND,2,1,-18,07:18,Off Corner 3 Make,0,Holmes Free Throw 2 of 2 (6 PTS),,WAS,IND,WAS,1610612764,2025,1002.0,1020.0,1011.0,1626158|1630551|1641732|1642267|1642358,204456|1627783|1628418|1630174|1641716,2024-25,218
416732,07:00,"MISS Carrington 28' 3PT Pullup Jump Shot
Holmes REBOUND (Off:1 Def:1)
Bryant S.FOUL (P1.T2) (P.Ransom)
Holmes Free Throw 1 of 2 (5 PTS)
Holmes Free Throw 2 of 2 (6 PTS)
",0,0,1,0,2025-03-27,0022401061,0,1,IND,2,1,-18,07:18,Off Corner 3 Make,0,Holmes Free Throw 1 of 2 (5 PTS),,WAS,IND,WAS,1610612764,2025,1002.0,1020.0,1011.0,1626158|1630551|1641732|1642267|1642358,204456|1627783|1628418|1630174|1641716,2024-25,218
416731,07:00,"MISS Carrington 28' 3PT Pullup Jump Shot
Holmes REBOUND (Off:1 Def:1)
Bryant S.FOUL (P1.T2) (P.Ransom)
Holmes Free Throw 1 of 2 (5 PTS)
Holmes Free Throw 2 of 2 (6 PTS)
",0,0,1,0,2025-03-27,0022401061,0,1,IND,2,1,-18,07:18,Off Corner 3 Make,0,Bryant S.FOUL (P1.T2) (P.Ransom),,WAS,IND,WAS,1610612764,2025,1002.0,1020.0,1011.0,1626158|1630551|1641732|1642267|1642358,204456|1627783|1628418|1630174|1641716,2024-25,218
416730,07:00,"MISS Carrington 28' 3PT Pullup Jump Shot
Holmes REBOUND (Off:1 Def:1)
Bryant S.FOUL (P1.T2) (P.Ransom)
Holmes Free Throw 1 of 2 (5 PTS)
Holmes Free Throw 2 of 2 (6 PTS)
",0,0,1,0,2025-03-27,0022401061,0,1,IND,2,1,-18,07:18,Off Corner 3 Make,0,Holmes REBOUND (Off:1 Def:1),,WAS,IND,WAS,1610612764,2025,1002.0,1020.0,1011.0,1626158|1630551|1641732|1642267|1642358,204456|1627783|1628418|1630174|1641716,2024-25,218
416729,07:00,"MISS Carrington 28' 3PT Pullup Jump Shot
Holmes REBOUND (Off:1 Def:1)
Bryant S.FOUL (P1.T2) (P.Ransom)
Holmes Free Throw 1 of 2 (5 PTS)
Holmes Free Throw 2 of 2 (6 PTS)
",0,0,1,0,2025-03-27,0022401061,0,1,IND,2,1,-18,07:18,Off Corner 3 Make,0,MISS Carrington 28' 3PT Pullup Jump Shot,,WAS,IND,WAS,1610612764,2025,1002.0,1020.0,1011.0,1626158|1630551|1641732|1642267|1642358,204456|1627783|1628418|1630174|1641716,2024-25,218
416724,04:34,"MISS Poole 9' Pullup Jump Shot
Walker REBOUND (Off:0 Def:2)
",1,0,0,0,2025-03-27,0022401061,0,0,IND,2,0,-18,04:56,Off Corner 3 Make,0,MISS Poole 9' Pullup Jump Shot,,WAS,IND,WAS,1610612764,2025,1144.0,1166.0,1155.0,203114|1629673|1630551|1641798|1642259,1626167|1630167|1630169|1630174|1641716,2024-25,262
416728,06:28,"Champagnie 1' Cutting Layup Shot (4 PTS) (Holmes 1 AST)
",1,1,0,0,2025-03-27,0022401061,0,0,IND,2,0,-18,06:45,Off Short Mid-Range Make,0,Champagnie 1' Cutting Layup Shot (4 PTS) (Holmes 1 AST),,WAS,IND,WAS,1610612764,2025,1035.0,1052.0,1043.5,1626158|1629673|1630551|1641732|1642358,204456|1627783|1628418|1630174|1641716,2024-25,228
416712,00:41,"MISS Poole 4' Running Layup
Turner REBOUND (Off:0 Def:2)
",1,0,0,0,2025-03-27,0022401061,0,0,IND,2,0,-22,00:51,Off Steal,0,Turner REBOUND (Off:0 Def:2),,WAS,IND,WAS,1610612764,2025,1389.0,1399.0,1394.0,203114|1629673|1630551|1642259|1642267,1626167|1629614|1630167|1630169|1630174,2024-25,320
416704,11:07,"MISS Middleton 25' 3PT Jump Shot
Turner REBOUND (Off:0 Def:1)
",0,0,1,0,2025-03-27,0022401061,0,0,IND,1,0,-4,11:17,Off Arc 3 Make,0,MISS Middleton 25' 3PT Jump Shot,,WAS,IND,WAS,1610612764,2025,43.0,53.0,48.0,203114|1629673|1630551|1642259|1642267,1626167|1627783|1629614|1630169|1630174,2024-25,10
416851,11:29,"Martin Out of Bounds - Bad Pass Turnover Turnover (P1.T8)
",0,0,0,0,2025-03-27,0022401061,0,0,IND,4,0,-39,11:41,Off Short Mid-Range Make,1,Martin Out of Bounds - Bad Pass Turnover Turnover (P1.T8),,WAS,IND,WAS,1610612764,2025,2179.0,2191.0,2185.0,1641732|1641774|1641798|1642259|1642358,204456|1628418|1631097|1641716|1641767,2024-25,556
416653,00:00,"MISS Johnson 26' 3PT Running Jump Shot
Martin REBOUND (Off:1 Def:0)
",0,0,1,0,2025-03-27,0022401061,0,1,IND,1,0,-14,00:05,Off Steal,0,Martin REBOUND (Off:1 Def:0),,WAS,IND,WAS,1610612764,2025,715.0,720.0,717.5,1626158|1641732|1641798|1642267|1642358,204456|1627783|1630167|1631097|1641716,2024-25,166
416848,10:21,"Sarr OFF.Foul (P4) (P.Ransom)
Sarr Offensive Foul Turnover (P3.T9)
",0,0,0,0,2025-03-27,0022401061,0,0,IND,4,0,-41,10:34,Off FT Make,1,Sarr OFF.Foul (P4) (P.Ransom),,WAS,IND,WAS,1610612764,2025,2246.0,2259.0,2252.5,1641732|1641774|1641798|1642259|1642358,204456|1628418|1631097|1641716|1641767,2024-25,491
416722,04:07,"MISS Middleton 14' Pullup Jump Shot
Nesmith REBOUND (Off:1 Def:2)
",1,0,0,0,2025-03-27,0022401061,0,0,IND,2,0,-20,04:23,Off At Rim Make,0,MISS Middleton 14' Pullup Jump Shot,,WAS,IND,WAS,1610612764,2025,1177.0,1193.0,1185.0,203114|1629673|1630551|1641798|1642259,1626167|1630167|1630169|1630174|1641716,2024-25,295
416721,03:40,"MISS Poole 29' 3PT Jump Shot
Toppin REBOUND (Off:0 Def:1)
",0,0,1,0,2025-03-27,0022401061,0,0,IND,2,0,-22,04:04,Off Timeout,0,Toppin REBOUND (Off:0 Def:1),,WAS,IND,WAS,1610612764,2025,1196.0,1220.0,1208.0,203114|1629673|1630551|1641798|1642259,1626167|1629614|1630167|1630169|1630174,2024-25,276
416720,03:40,"MISS Poole 29' 3PT Jump Shot
Toppin REBOUND (Off:0 Def:1)
",0,0,1,0,2025-03-27,0022401061,0,0,IND,2,0,-22,04:04,Off Timeout,0,MISS Poole 29' 3PT Jump Shot,,WAS,IND,WAS,1610612764,2025,1196.0,1220.0,1208.0,203114|1629673|1630551|1641798|1642259,1626167|1629614|1630167|1630169|1630174,2024-25,276
416719,03:10,"MISS Sarr 9' Turnaround Fadeaway Shot
Champagnie REBOUND (Off:2 Def:0)
Champagnie Tip Layup Shot (6 PTS)
",2,1,0,0,2025-03-27,0022401061,0,1,IND,2,0,-24,03:19,Off Long Mid-Range Make,0,Champagnie Tip Layup Shot (6 PTS),,WAS,IND,WAS,1610612764,2025,1241.0,1250.0,1245.5,203114|1629673|1630551|1642259|1642267,1626167|1629614|1630167|1630169|1630174,2024-25,335
416718,03:10,"MISS Sarr 9' Turnaround Fadeaway Shot
Champagnie REBOUND (Off:2 Def:0)
Champagnie Tip Layup Shot (6 PTS)
",2,1,0,0,2025-03-27,0022401061,0,1,IND,2,0,-24,03:19,Off Long Mid-Range Make,0,Champagnie REBOUND (Off:2 Def:0),,WAS,IND,WAS,1610612764,2025,1241.0,1250.0,1245.5,203114|1629673|1630551|1642259|1642267,1626167|1629614|1630167|1630169|1630174,2024-25,335
416717,03:10,"MISS Sarr 9' Turnaround Fadeaway Shot
Champagnie REBOUND (Off:2 Def:0)
Champagnie Tip Layup Shot (6 PTS)
",2,1,0,0,2025-03-27,0022401061,0,1,IND,2,0,-24,03:19,Off Long Mid-Range Make,0,MISS Sarr 9' Turnaround Fadeaway Shot,,WAS,IND,WAS,1610612764,2025,1241.0,1250.0,1245.5,203114|1629673|1630551|1642259|1642267,1626167|1629614|1630167|1630169|1630174,2024-25,335
416716,02:37,"Sarr 4' Driving Layup (13 PTS) (Middleton 2 AST)
",1,1,0,0,2025-03-27,0022401061,0,0,IND,2,0,-25,02:58,Off Arc 3 Make,0,Sarr 4' Driving Layup (13 PTS) (Middleton 2 AST),,WAS,IND,WAS,1610612764,2025,1262.0,1283.0,1272.5,203114|1629673|1630551|1642259|1642267,1626167|1629614|1630167|1630169|1630174,2024-25,275
416715,01:56,"Carrington 28' 3PT Pullup Jump Shot (8 PTS)
",0,0,1,1,2025-03-27,0022401061,0,0,IND,2,0,-24,02:07,Off FT Miss,0,Carrington 28' 3PT Pullup Jump Shot (8 PTS),,WAS,IND,WAS,1610612764,2025,1313.0,1324.0,1318.5,203114|1629673|1630551|1642259|1642267,1626167|1629614|1630167|1630169|1630174,2024-25,306
416714,01:23,"Poole Lost Ball Turnover (P2.T6): Nembhard STEAL (1 STL)
",0,0,0,0,2025-03-27,0022401061,0,0,IND,2,0,-24,01:42,Off Arc 3 Make,1,Poole Lost Ball Turnover (P2.T6): Nembhard STEAL (1 STL),,WAS,IND,WAS,1610612764,2025,1338.0,1357.0,1347.5,203114|1629673|1630551|1642259|1642267,1626167|1629614|1630167|1630169|1630174,2024-25,314
416723,04:07,"MISS Middleton 14' Pullup Jump Shot
Nesmith REBOUND (Off:1 Def:2)
",1,0,0,0,2025-03-27,0022401061,0,0,IND,2,0,-20,04:23,Off At Rim Make,0,Nesmith REBOUND (Off:1 Def:2),,WAS,IND,WAS,1610612764,2025,1177.0,1193.0,1185.0,203114|1629673|1630551|1641798|1642259,1626167|1630167|1630169|1630174|1641716,2024-25,295
416713,01:03,"Champagnie 3' Layup (8 PTS) (Carrington 4 AST)
",1,1,0,0,2025-03-27,0022401061,0,0,IND,2,0,-24,01:13,Off Arc 3 Miss,0,Champagnie 3' Layup (8 PTS) (Carrington 4 AST),,WAS,IND,WAS,1610612764,2025,1367.0,1377.0,1372.0,203114|1629673|1630551|1642259|1642267,1626167|1629614|1630167|1630169|1630174,2024-25,302
416711,00:41,"MISS Poole 4' Running Layup
Turner REBOUND (Off:0 Def:2)
",1,0,0,0,2025-03-27,0022401061,0,0,IND,2,0,-22,00:51,Off Steal,0,MISS Poole 4' Running Layup,,WAS,IND,WAS,1610612764,2025,1389.0,1399.0,1394.0,203114|1629673|1630551|1642259|1642267,1626167|1629614|1630167|1630169|1630174,2024-25,320
416710,00:22,"Haliburton S.FOUL (P1.T3) (M.Myers)
Sarr Free Throw 1 of 2 (14 PTS)
Sarr Free Throw 2 of 2 (15 PTS)
",0,0,0,0,2025-03-27,0022401061,0,0,IND,2,1,-22,00:36,Off Arc 3 Miss,0,Sarr Free Throw 2 of 2 (15 PTS),,WAS,IND,WAS,1610612764,2025,1404.0,1418.0,1411.0,203114|1629673|1630551|1642259|1642267,1626167|1629614|1630167|1630169|1630174,2024-25,313
416709,00:22,"Haliburton S.FOUL (P1.T3) (M.Myers)
Sarr Free Throw 1 of 2 (14 PTS)
Sarr Free Throw 2 of 2 (15 PTS)
",0,0,0,0,2025-03-27,0022401061,0,0,IND,2,1,-22,00:36,Off Arc 3 Miss,0,Sarr Free Throw 1 of 2 (14 PTS),,WAS,IND,WAS,1610612764,2025,1404.0,1418.0,1411.0,203114|1629673|1630551|1642259|1642267,1626167|1629614|1630167|1630169|1630174,2024-25,313
416708,00:22,"Haliburton S.FOUL (P1.T3) (M.Myers)
Sarr Free Throw 1 of 2 (14 PTS)
Sarr Free Throw 2 of 2 (15 PTS)
",0,0,0,0,2025-03-27,0022401061,0,0,IND,2,1,-22,00:36,Off Arc 3 Miss,0,Haliburton S.FOUL (P1.T3) (M.Myers),,WAS,IND,WAS,1610612764,2025,1404.0,1418.0,1411.0,203114|1629673|1630551|1642259|1642267,1626167|1629614|1630167|1630169|1630174,2024-25,313
416707,00:00,,0,0,0,0,2025-03-27,0022401061,0,0,IND,2,0,-22,00:11,Off At Rim Make,0,,,WAS,IND,WAS,1610612764,2025,1429.0,1440.0,1434.5,1629673|1630551|1641732|1642259|1642267,1626167|1627783|1629614|1630169|1630174,2024-25,298
416706,11:30,"Poole 2' Driving Finger Roll Layup (2 PTS)
",1,1,0,0,2025-03-27,0022401061,0,0,IND,1,0,-3,11:46,Off Arc 3 Make,0,Poole 2' Driving Finger Roll Layup (2 PTS),,WAS,IND,WAS,1610612764,2025,14.0,30.0,22.0,203114|1629673|1630551|1642259|1642267,1626167|1627783|1629614|1630169|1630174,2024-25,7
416705,11:07,"MISS Middleton 25' 3PT Jump Shot
Turner REBOUND (Off:0 Def:1)
",0,0,1,0,2025-03-27,0022401061,0,0,IND,1,0,-4,11:17,Off Arc 3 Make,0,Turner REBOUND (Off:0 Def:1),,WAS,IND,WAS,1610612764,2025,43.0,53.0,48.0,203114|1629673|1630551|1642259|1642267,1626167|1627783|1629614|1630169|1630174,2024-25,10
416703,10:41,"Sarr 8' Driving Floating Bank Jump Shot (2 PTS)
",1,1,0,0,2025-03-27,0022401061,0,0,IND,1,0,-6,10:58,Off Long Mid-Range Make,0,Sarr 8' Driving Floating Bank Jump Shot (2 PTS),,WAS,IND,WAS,1610612764,2025,62.0,79.0,70.5,203114|1629673|1630551|1642259|1642267,1626167|1627783|1629614|1630169|1630174,2024-25,13
416727,05:47,"Poole 26' 3PT Jump Shot (9 PTS) (Jones 1 AST)
",0,0,1,1,2025-03-27,0022401061,0,0,IND,2,0,-18,06:16,Off At Rim Make,0,Poole 26' 3PT Jump Shot (9 PTS) (Jones 1 AST),,WAS,IND,WAS,1610612764,2025,1064.0,1093.0,1078.5,1626158|1629673|1630551|1641732|1642358,204456|1627783|1628418|1630174|1641716,2024-25,243
416702,10:18,"Nesmith S.FOUL (P1.T1) (M.Myers)
Poole Free Throw 1 of 2 (3 PTS)
Poole Free Throw 2 of 2 (4 PTS)
",0,0,0,0,2025-03-27,0022401061,0,0,IND,1,1,-4,10:26,Off Steal,0,Poole Free Throw 2 of 2 (4 PTS),,WAS,IND,WAS,1610612764,2025,94.0,102.0,98.0,203114|1629673|1630551|1642259|1642267,1626167|1627783|1629614|1630169|1630174,2024-25,18
416701,10:18,"Nesmith S.FOUL (P1.T1) (M.Myers)
Poole Free Throw 1 of 2 (3 PTS)
Poole Free Throw 2 of 2 (4 PTS)
",0,0,0,0,2025-03-27,0022401061,0,0,IND,1,1,-4,10:26,Off Steal,0,Poole Free Throw 1 of 2 (3 PTS),,WAS,IND,WAS,1610612764,2025,94.0,102.0,98.0,203114|1629673|1630551|1642259|1642267,1626167|1627783|1629614|1630169|1630174,2024-25,18
416698,09:45,"MISS Sarr 24' 3PT Jump Shot
Nesmith REBOUND (Off:1 Def:1)
",0,0,1,0,2025-03-27,0022401061,0,0,IND,1,0,-3,10:07,Off FT Make,0,MISS Sarr 24' 3PT Jump Shot,,WAS,IND,WAS,1610612764,2025,113.0,135.0,124.0,203114|1629673|1630551|1642259|1642267,1626167|1627783|1629614|1630169|1630174,2024-25,21
416697,09:20,"Sarr 26' 3PT Jump Shot (5 PTS) (Poole 1 AST)
",0,0,1,1,2025-03-27,0022401061,0,0,IND,1,0,-5,09:40,Off Long Mid-Range Make,0,Sarr 26' 3PT Jump Shot (5 PTS) (Poole 1 AST),,WAS,IND,WAS,1610612764,2025,140.0,160.0,150.0,203114|1629673|1630551|1642259|1642267,1626167|1627783|1629614|1630169|1630174,2024-25,29
416696,08:59,"Nesmith S.FOUL (P2.T2) (P.Ransom)
MISS Middleton Free Throw 1 of 2
WIZARDS Rebound
Middleton Free Throw 2 of 2 (1 PTS)
",0,0,0,0,2025-03-27,0022401061,0,0,IND,1,1,-5,09:11,Off Arc 3 Make,0,Middleton Free Throw 2 of 2 (1 PTS),,WAS,IND,WAS,1610612764,2025,169.0,181.0,175.0,203114|1629673|1630551|1642259|1642267,1626167|1627783|1629614|1630169|1630174,2024-25,37
416695,08:59,"Nesmith S.FOUL (P2.T2) (P.Ransom)
MISS Middleton Free Throw 1 of 2
WIZARDS Rebound
Middleton Free Throw 2 of 2 (1 PTS)
",0,0,0,0,2025-03-27,0022401061,0,0,IND,1,1,-5,09:11,Off Arc 3 Make,0,WIZARDS Rebound,,WAS,IND,WAS,1610612764,2025,169.0,181.0,175.0,203114|1629673|1630551|1642259|1642267,1626167|1627783|1629614|1630169|1630174,2024-25,37
416694,08:59,"Nesmith S.FOUL (P2.T2) (P.Ransom)
MISS Middleton Free Throw 1 of 2
WIZARDS Rebound
Middleton Free Throw 2 of 2 (1 PTS)
",0,0,0,0,2025-03-27,0022401061,0,0,IND,1,1,-5,09:11,Off Arc 3 Make,0,MISS Middleton Free Throw 1 of 2,,WAS,IND,WAS,1610612764,2025,169.0,181.0,175.0,203114|1629673|1630551|1642259|1642267,1626167|1627783|1629614|1630169|1630174,2024-25,37
416693,08:59,"Nesmith S.FOUL (P2.T2) (P.Ransom)
MISS Middleton Free Throw 1 of 2
WIZARDS Rebound
Middleton Free Throw 2 of 2 (1 PTS)
",0,0,0,0,2025-03-27,0022401061,0,0,IND,1,1,-5,09:11,Off Arc 3 Make,0,Nesmith S.FOUL (P2.T2) (P.Ransom),,WAS,IND,WAS,1610612764,2025,169.0,181.0,175.0,203114|1629673|1630551|1642259|1642267,1626167|1627783|1629614|1630169|1630174,2024-25,37
416692,08:36,"MISS Poole 3PT Jump Shot
Mathurin REBOUND (Off:0 Def:1)
",0,0,1,0,2025-03-27,0022401061,0,0,IND,1,0,-4,08:48,Off Arc 3 Miss,0,Mathurin REBOUND (Off:0 Def:1),,WAS,IND,WAS,1610612764,2025,192.0,204.0,198.0,203114|1629673|1630551|1642259|1642267,1626167|1627783|1629614|1630169|1631097,2024-25,41
416691,08:36,"MISS Poole 3PT Jump Shot
Mathurin REBOUND (Off:0 Def:1)
",0,0,1,0,2025-03-27,0022401061,0,0,IND,1,0,-4,08:48,Off Arc 3 Miss,0,MISS Poole 3PT Jump Shot,,WAS,IND,WAS,1610612764,2025,192.0,204.0,198.0,203114|1629673|1630551|1642259|1642267,1626167|1627783|1629614|1630169|1631097,2024-25,41
416690,08:20,"Champagnie 3' Driving Finger Roll Layup (2 PTS)
",1,1,0,0,2025-03-27,0022401061,0,0,IND,1,0,-4,08:29,Off Corner 3 Miss,0,Champagnie 3' Driving Finger Roll Layup (2 PTS),,WAS,IND,WAS,1610612764,2025,211.0,220.0,215.5,203114|1629673|1630551|1642259|1642267,1626167|1627783|1629614|1630169|1631097,2024-25,51
416689,07:52,"MISS Carrington 5' Driving Finger Roll Layup
Champagnie REBOUND (Off:1 Def:0)
MISS Champagnie 26' 3PT Jump Shot
Nembhard REBOUND (Off:0 Def:1)
",1,0,1,0,2025-03-27,0022401061,0,1,IND,1,0,-2,08:07,Off Corner 3 Miss,0,Nembhard REBOUND (Off:0 Def:1),,WAS,IND,WAS,1610612764,2025,233.0,248.0,240.5,203114|1629673|1630551|1642259|1642267,1626167|1627783|1629614|1630169|1631097,2024-25,52
416688,07:52,"MISS Carrington 5' Driving Finger Roll Layup
Champagnie REBOUND (Off:1 Def:0)
MISS Champagnie 26' 3PT Jump Shot
Nembhard REBOUND (Off:0 Def:1)
",1,0,1,0,2025-03-27,0022401061,0,1,IND,1,0,-2,08:07,Off Corner 3 Miss,0,MISS Champagnie 26' 3PT Jump Shot,,WAS,IND,WAS,1610612764,2025,233.0,248.0,240.5,203114|1629673|1630551|1642259|1642267,1626167|1627783|1629614|1630169|1631097,2024-25,52
416687,07:52,"MISS Carrington 5' Driving Finger Roll Layup
Champagnie REBOUND (Off:1 Def:0)
MISS Champagnie 26' 3PT Jump Shot
Nembhard REBOUND (Off:0 Def:1)
",1,0,1,0,2025-03-27,0022401061,0,1,IND,1,0,-2,08:07,Off Corner 3 Miss,0,Champagnie REBOUND (Off:1 Def:0),,WAS,IND,WAS,1610612764,2025,233.0,248.0,240.5,203114|1629673|1630551|1642259|1642267,1626167|1627783|1629614|1630169|1631097,2024-25,52
416686,07:52,"MISS Carrington 5' Driving Finger Roll Layup
Champagnie REBOUND (Off:1 Def:0)
MISS Champagnie 26' 3PT Jump Shot
Nembhard REBOUND (Off:0 Def:1)
",1,0,1,0,2025-03-27,0022401061,0,1,IND,1,0,-2,08:07,Off Corner 3 Miss,0,MISS Carrington 5' Driving Finger Roll Layup,,WAS,IND,WAS,1610612764,2025,233.0,248.0,240.5,203114|1629673|1630551|1642259|1642267,1626167|1627783|1629614|1630169|1631097,2024-25,52
416685,07:31,"Middleton 15' Turnaround Jump Shot (3 PTS)
",1,1,0,0,2025-03-27,0022401061,0,0,IND,1,0,-4,07:45,Off FT Make,0,Middleton 15' Turnaround Jump Shot (3 PTS),,WAS,IND,WAS,1610612764,2025,255.0,269.0,262.0,203114|1629673|1630551|1642259|1642267,1626167|1627783|1629614|1630169|1631097,2024-25,67
416684,06:55,"Middleton 12' Fadeaway Jumper (5 PTS)
",1,1,0,0,2025-03-27,0022401061,0,0,IND,1,0,-4,07:09,Off FT Make,0,Middleton 12' Fadeaway Jumper (5 PTS),,WAS,IND,WAS,1610612764,2025,291.0,305.0,298.0,203114|1629673|1630551|1642259|1642267,1626167|1627783|1629614|1630169|1631097,2024-25,78
416683,06:24,"Champagnie Bad Pass Turnover (P1.T1): Mathurin STEAL (1 STL)
",0,0,0,0,2025-03-27,0022401061,0,0,IND,1,0,-2,06:29,Off Steal,1,Champagnie Bad Pass Turnover (P1.T1): Mathurin STEAL (1 STL),,WAS,IND,WAS,1610612764,2025,331.0,336.0,333.5,203114|1629673|1630551|1642259|1642267,1626167|1629614|1630167|1630169|1631097,2024-25,77
416682,05:59,"MISS Sarr 24' 3PT Jump Shot
Haliburton REBOUND (Off:0 Def:1)
",0,0,1,0,2025-03-27,0022401061,0,0,IND,1,0,-4,06:14,Off Short Mid-Range Make,0,Haliburton REBOUND (Off:0 Def:1),,WAS,IND,WAS,1610612764,2025,346.0,361.0,353.5,203114|1629673|1630551|1642259|1642267,1626167|1629614|1630167|1630169|1631097,2024-25,80
416681,05:59,"MISS Sarr 24' 3PT Jump Shot
Haliburton REBOUND (Off:0 Def:1)
",0,0,1,0,2025-03-27,0022401061,0,0,IND,1,0,-4,06:14,Off Short Mid-Range Make,0,MISS Sarr 24' 3PT Jump Shot,,WAS,IND,WAS,1610612764,2025,346.0,361.0,353.5,203114|1629673|1630551|1642259|1642267,1626167|1629614|1630167|1630169|1631097,2024-25,80
416680,05:31,"MISS Middleton 26' 3PT Pullup Jump Shot
Sarr REBOUND (Off:1 Def:1)
Champagnie Bad Pass Turnover (P2.T2): Haliburton STEAL (1 STL)
",0,0,1,0,2025-03-27,0022401061,0,1,IND,1,0,-4,05:49,Off Arc 3 Miss,1,Champagnie Bad Pass Turnover (P2.T2): Haliburton STEAL (1 STL),,WAS,IND,WAS,1610612764,2025,371.0,389.0,380.0,203114|1629673|1630551|1642259|1642267,1626167|1629614|1630167|1630169|1631097,2024-25,94
416679,05:31,"MISS Middleton 26' 3PT Pullup Jump Shot
Sarr REBOUND (Off:1 Def:1)
Champagnie Bad Pass Turnover (P2.T2): Haliburton STEAL (1 STL)
",0,0,1,0,2025-03-27,0022401061,0,1,IND,1,0,-4,05:49,Off Arc 3 Miss,1,Sarr REBOUND (Off:1 Def:1),,WAS,IND,WAS,1610612764,2025,371.0,389.0,380.0,203114|1629673|1630551|1642259|1642267,1626167|1629614|1630167|1630169|1631097,2024-25,94
416678,05:31,"MISS Middleton 26' 3PT Pullup Jump Shot
Sarr REBOUND (Off:1 Def:1)
Champagnie Bad Pass Turnover (P2.T2): Haliburton STEAL (1 STL)
",0,0,1,0,2025-03-27,0022401061,0,1,IND,1,0,-4,05:49,Off Arc 3 Miss,1,MISS Middleton 26' 3PT Pullup Jump Shot,,WAS,IND,WAS,1610612764,2025,371.0,389.0,380.0,203114|1629673|1630551|1642259|1642267,1626167|1629614|1630167|1630169|1631097,2024-25,94
416677,05:09,"MISS Middleton 11' Turnaround Jump Shot
Sarr REBOUND (Off:2 Def:1)
Sarr 1' Layup (7 PTS)
",2,1,0,0,2025-03-27,0022401061,0,1,IND,1,0,-6,05:27,Off Timeout,0,Sarr 1' Layup (7 PTS),,WAS,IND,WAS,1610612764,2025,393.0,411.0,402.0,203114|1629673|1630551|1642259|1642358,1626167|1629614|1630167|1630169|1631097,2024-25,101
416675,05:09,"MISS Middleton 11' Turnaround Jump Shot
Sarr REBOUND (Off:2 Def:1)
Sarr 1' Layup (7 PTS)
",2,1,0,0,2025-03-27,0022401061,0,1,IND,1,0,-6,05:27,Off Timeout,0,MISS Middleton 11' Turnaround Jump Shot,,WAS,IND,WAS,1610612764,2025,393.0,411.0,402.0,203114|1629673|1630551|1642259|1642358,1626167|1629614|1630167|1630169|1631097,2024-25,101
416748,00:04,"MISS Carrington 16' Step Back Jump Shot
Bryant REBOUND (Off:2 Def:4)
",1,0,0,0,2025-03-27,0022401061,0,0,IND,3,0,-35,00:29,Off At Rim Make,0,MISS Carrington 16' Step Back Jump Shot,,WAS,IND,WAS,1610612764,2025,2131.0,2156.0,2143.5,1626158|1641774|1641798|1642267|1642358,204456|1627783|1628418|1631097|1641716,2024-25,494
416674,04:50,"Poole 2' Layup (6 PTS) (Middleton 1 AST)
",1,1,0,0,2025-03-27,0022401061,0,0,IND,1,0,-4,04:57,Off Corner 3 Miss,0,Poole 2' Layup (6 PTS) (Middleton 1 AST),,WAS,IND,WAS,1610612764,2025,423.0,430.0,426.5,203114|1629673|1630551|1642259|1642358,1626167|1629614|1630167|1630169|1631097,2024-25,89
416700,10:18,"Nesmith S.FOUL (P1.T1) (M.Myers)
Poole Free Throw 1 of 2 (3 PTS)
Poole Free Throw 2 of 2 (4 PTS)
",0,0,0,0,2025-03-27,0022401061,0,0,IND,1,1,-4,10:26,Off Steal,0,Nesmith S.FOUL (P1.T1) (M.Myers),,WAS,IND,WAS,1610612764,2025,94.0,102.0,98.0,203114|1629673|1630551|1642259|1642267,1626167|1627783|1629614|1630169|1630174,2024-25,18
416699,09:45,"MISS Sarr 24' 3PT Jump Shot
Nesmith REBOUND (Off:1 Def:1)
",0,0,1,0,2025-03-27,0022401061,0,0,IND,1,0,-3,10:07,Off FT Make,0,Nesmith REBOUND (Off:1 Def:1),,WAS,IND,WAS,1610612764,2025,113.0,135.0,124.0,203114|1629673|1630551|1642259|1642267,1626167|1627783|1629614|1630169|1630174,2024-25,21
416673,04:15,"MISS Champagnie 1' Layup
McConnell REBOUND (Off:0 Def:1)
",1,0,0,0,2025-03-27,0022401061,0,0,IND,1,0,-6,04:38,Off Corner 3 Make,0,McConnell REBOUND (Off:0 Def:1),,WAS,IND,WAS,1610612764,2025,442.0,465.0,453.5,203114|1629673|1630551|1642259|1642358,204456|1626167|1630167|1630169|1631097,2024-25,107
416672,04:15,"MISS Champagnie 1' Layup
McConnell REBOUND (Off:0 Def:1)
",1,0,0,0,2025-03-27,0022401061,0,0,IND,1,0,-6,04:38,Off Corner 3 Make,0,MISS Champagnie 1' Layup,,WAS,IND,WAS,1610612764,2025,442.0,465.0,453.5,203114|1629673|1630551|1642259|1642358,204456|1626167|1630167|1630169|1631097,2024-25,107
416670,03:38,"Toppin P.FOUL (P1.T3) (M.Myers)
Sarr Traveling Turnover (P1.T4)
",0,0,0,0,2025-03-27,0022401061,0,0,IND,1,0,-11,03:56,Off Timeout,1,Sarr Traveling Turnover (P1.T4),,WAS,IND,WAS,1610612764,2025,484.0,502.0,493.0,203114|1641732|1641798|1642259|1642358,204456|1626167|1630167|1630169|1631097,2024-25,126
416669,03:38,"Toppin P.FOUL (P1.T3) (M.Myers)
Sarr Traveling Turnover (P1.T4)
",0,0,0,0,2025-03-27,0022401061,0,0,IND,1,0,-11,03:56,Off Timeout,1,Toppin P.FOUL (P1.T3) (M.Myers),,WAS,IND,WAS,1610612764,2025,484.0,502.0,493.0,203114|1641732|1641798|1642259|1642358,204456|1626167|1630167|1630169|1631097,2024-25,126
416668,03:15,"Turner S.FOUL (P1.T4) (P.Ransom)
Sarr Free Throw 1 of 2 (8 PTS)
Sarr Free Throw 2 of 2 (9 PTS)
",0,0,0,0,2025-03-27,0022401061,0,0,IND,1,1,-14,03:29,Off Corner 3 Make,0,Sarr Free Throw 2 of 2 (9 PTS),,WAS,IND,WAS,1610612764,2025,511.0,525.0,518.0,203114|1641732|1641798|1642259|1642358,204456|1626167|1630167|1630169|1631097,2024-25,97
416667,03:15,"Turner S.FOUL (P1.T4) (P.Ransom)
Sarr Free Throw 1 of 2 (8 PTS)
Sarr Free Throw 2 of 2 (9 PTS)
",0,0,0,0,2025-03-27,0022401061,0,0,IND,1,1,-14,03:29,Off Corner 3 Make,0,Sarr Free Throw 1 of 2 (8 PTS),,WAS,IND,WAS,1610612764,2025,511.0,525.0,518.0,203114|1641732|1641798|1642259|1642358,204456|1626167|1630167|1630169|1631097,2024-25,97
416666,03:15,"Turner S.FOUL (P1.T4) (P.Ransom)
Sarr Free Throw 1 of 2 (8 PTS)
Sarr Free Throw 2 of 2 (9 PTS)
",0,0,0,0,2025-03-27,0022401061,0,0,IND,1,1,-14,03:29,Off Corner 3 Make,0,Turner S.FOUL (P1.T4) (P.Ransom),,WAS,IND,WAS,1610612764,2025,511.0,525.0,518.0,203114|1641732|1641798|1642259|1642358,204456|1626167|1630167|1630169|1631097,2024-25,97
416665,02:33,"Sarr 12' Turnaround Fadeaway (11 PTS) (Carrington 1 AST)
",1,1,0,0,2025-03-27,0022401061,0,0,IND,1,0,-14,02:46,Off At Rim Make,0,Sarr 12' Turnaround Fadeaway (11 PTS) (Carrington 1 AST),,WAS,IND,WAS,1610612764,2025,554.0,567.0,560.5,1641732|1641798|1642259|1642267|1642358,204456|1627783|1630167|1630169|1631097,2024-25,131
416849,10:21,"Sarr OFF.Foul (P4) (P.Ransom)
Sarr Offensive Foul Turnover (P3.T9)
",0,0,0,0,2025-03-27,0022401061,0,0,IND,4,0,-41,10:34,Off FT Make,1,Sarr Offensive Foul Turnover (P3.T9),,WAS,IND,WAS,1610612764,2025,2246.0,2259.0,2252.5,1641732|1641774|1641798|1642259|1642358,204456|1628418|1631097|1641716|1641767,2024-25,491
416664,01:58,"MISS Johnson 4' Layup: Haliburton BLOCK (1 BLK)
Johnson REBOUND (Off:1 Def:0)
MISS Johnson 1' Layup
Haliburton REBOUND (Off:0 Def:2)
",2,0,0,0,2025-03-27,0022401061,0,1,IND,1,0,-15,02:16,Off Arc 3 Make,0,Haliburton REBOUND (Off:0 Def:2),,WAS,IND,WAS,1610612764,2025,584.0,602.0,593.0,1641732|1641798|1642259|1642267|1642358,204456|1627783|1630167|1630169|1631097,2024-25,148
416662,01:58,"MISS Johnson 4' Layup: Haliburton BLOCK (1 BLK)
Johnson REBOUND (Off:1 Def:0)
MISS Johnson 1' Layup
Haliburton REBOUND (Off:0 Def:2)
",2,0,0,0,2025-03-27,0022401061,0,1,IND,1,0,-15,02:16,Off Arc 3 Make,0,Johnson REBOUND (Off:1 Def:0),,WAS,IND,WAS,1610612764,2025,584.0,602.0,593.0,1641732|1641798|1642259|1642267|1642358,204456|1627783|1630167|1630169|1631097,2024-25,148
416661,01:58,"MISS Johnson 4' Layup: Haliburton BLOCK (1 BLK)
Johnson REBOUND (Off:1 Def:0)
MISS Johnson 1' Layup
Haliburton REBOUND (Off:0 Def:2)
",2,0,0,0,2025-03-27,0022401061,0,1,IND,1,0,-15,02:16,Off Arc 3 Make,0,MISS Johnson 4' Layup: Haliburton BLOCK (1 BLK),,WAS,IND,WAS,1610612764,2025,584.0,602.0,593.0,1641732|1641798|1642259|1642267|1642358,204456|1627783|1630167|1630169|1631097,2024-25,148
416660,01:37,"MISS Carrington 29' 3PT Step Back Jump Shot
Walker REBOUND (Off:0 Def:1)
",0,0,1,0,2025-03-27,0022401061,0,0,IND,1,0,-15,01:57,Off Dead Ball,0,Walker REBOUND (Off:0 Def:1),,WAS,IND,WAS,1610612764,2025,603.0,623.0,613.0,1626158|1641732|1641798|1642267|1642358,204456|1627783|1630167|1631097|1641716,2024-25,152
416659,01:37,"MISS Carrington 29' 3PT Step Back Jump Shot
Walker REBOUND (Off:0 Def:1)
",0,0,1,0,2025-03-27,0022401061,0,0,IND,1,0,-15,01:57,Off Dead Ball,0,MISS Carrington 29' 3PT Step Back Jump Shot,,WAS,IND,WAS,1610612764,2025,603.0,623.0,613.0,1626158|1641732|1641798|1642267|1642358,204456|1627783|1630167|1631097|1641716,2024-25,152
416658,01:16,"Walker S.FOUL (P1.PN) (T.Brothers)
Holmes Free Throw 1 of 2 (1 PTS)
Holmes Free Throw 2 of 2 (2 PTS)
",0,0,0,0,2025-03-27,0022401061,0,0,IND,1,1,-17,01:30,Off Short Mid-Range Make,0,Holmes Free Throw 2 of 2 (2 PTS),,WAS,IND,WAS,1610612764,2025,630.0,644.0,637.0,1626158|1641732|1641798|1642267|1642358,204456|1627783|1630167|1631097|1641716,2024-25,140
416657,01:16,"Walker S.FOUL (P1.PN) (T.Brothers)
Holmes Free Throw 1 of 2 (1 PTS)
Holmes Free Throw 2 of 2 (2 PTS)
",0,0,0,0,2025-03-27,0022401061,0,0,IND,1,1,-17,01:30,Off Short Mid-Range Make,0,Holmes Free Throw 1 of 2 (1 PTS),,WAS,IND,WAS,1610612764,2025,630.0,644.0,637.0,1626158|1641732|1641798|1642267|1642358,204456|1627783|1630167|1631097|1641716,2024-25,140
416656,01:16,"Walker S.FOUL (P1.PN) (T.Brothers)
Holmes Free Throw 1 of 2 (1 PTS)
Holmes Free Throw 2 of 2 (2 PTS)
",0,0,0,0,2025-03-27,0022401061,0,0,IND,1,1,-17,01:30,Off Short Mid-Range Make,0,Walker S.FOUL (P1.PN) (T.Brothers),,WAS,IND,WAS,1610612764,2025,630.0,644.0,637.0,1626158|1641732|1641798|1642267|1642358,204456|1627783|1630167|1631097|1641716,2024-25,140
416655,00:44,"Johnson 8' Driving Floating Jump Shot (2 PTS) (Martin 1 AST)
",1,1,0,0,2025-03-27,0022401061,0,0,IND,1,0,-17,01:00,Off Short Mid-Range Make,0,Johnson 8' Driving Floating Jump Shot (2 PTS) (Martin 1 AST),,WAS,IND,WAS,1610612764,2025,660.0,676.0,668.0,1626158|1641732|1641798|1642267|1642358,204456|1627783|1630167|1631097|1641716,2024-25,159
416654,00:18,"Jones 26' 3PT Jump Shot (3 PTS) (Carrington 2 AST)
",0,0,1,1,2025-03-27,0022401061,0,0,IND,1,0,-17,00:33,Off At Rim Make,0,Jones 26' 3PT Jump Shot (3 PTS) (Carrington 2 AST),,WAS,IND,WAS,1610612764,2025,687.0,702.0,694.5,1626158|1641732|1641798|1642267|1642358,204456|1627783|1630167|1631097|1641716,2024-25,162
416652,00:00,"MISS Johnson 26' 3PT Running Jump Shot
Martin REBOUND (Off:1 Def:0)
",0,0,1,0,2025-03-27,0022401061,0,1,IND,1,0,-14,00:05,Off Steal,0,MISS Johnson 26' 3PT Running Jump Shot,,WAS,IND,WAS,1610612764,2025,715.0,720.0,717.5,1626158|1641732|1641798|1642267|1642358,204456|1627783|1630167|1631097|1641716,2024-25,166
416663,01:58,"MISS Johnson 4' Layup: Haliburton BLOCK (1 BLK)
Johnson REBOUND (Off:1 Def:0)
MISS Johnson 1' Layup
Haliburton REBOUND (Off:0 Def:2)
",2,0,0,0,2025-03-27,0022401061,0,1,IND,1,0,-15,02:16,Off Arc 3 Make,0,MISS Johnson 1' Layup,,WAS,IND,WAS,1610612764,2025,584.0,602.0,593.0,1641732|1641798|1642259|1642267|1642358,204456|1627783|1630167|1630169|1631097,2024-25,148
416850,10:54,"Martin 8' Driving Floating Jump Shot (2 PTS)
",1,1,0,0,2025-03-27,0022401061,0,0,IND,4,0,-41,11:15,Off Long Mid-Range Make,0,Martin 8' Driving Floating Jump Shot (2 PTS),,WAS,IND,WAS,1610612764,2025,2205.0,2226.0,2215.5,1641732|1641774|1641798|1642259|1642358,204456|1628418|1631097|1641716|1641767,2024-25,486
