index,ENDTIME,EVENTS,FG2A,FG2M,FG3A,FG3M,GAMEDATE,GAMEID,NONSHOOTINGFOULSTHATRESULTEDINFTS,OFFENSIVEREBOUNDS,OPPONENT,PERIOD,SHOOTINGFOULSDRAWN,STARTSCOREDIFFERENTIAL,STARTTIME,STARTTYPE,TURNOVERS,DESCRIPTION,URL,HTM,VTM,team,TEAM_ID,Year,start_seconds,end_seconds,mid_seconds,players_on,opp_players_on,season,actionNumber,match_confidence
116982,08:05,"Henderson STEAL (1 STL): Young Bad Pass Turnover (P2.T11)
",0,0,0,0,2024-11-17,0022400239,0,0,POR,2,0,8,08:27,Off Timeout,1,Henderson STEAL (1 STL): Young Bad Pass Turnover (P2.T11),,POR,ATL,ATL,1610612737,2024,933.0,955.0,944.0,1626204|1629027|1630168|1630700|1642258,203924|1630166|1630703|1631101|1641739,2024-25,245,0.6666666666666666
116882,00:00,"MISS Wallace 29' 3PT Pullup Jump Shot
Hawks Rebound
",0,0,1,0,2024-11-17,0022400239,0,0,POR,1,0,12,00:03,Off Long Mid-Range Make,0,MISS Wallace 29' 3PT Pullup Jump Shot,,POR,ATL,ATL,1610612737,2024,717.0,720.0,718.5,1629726|1630168|1630249|1630552|1630811,203924|1629057|1630166|1630625|1641712,2024-25,182,0.746268656716418
116883,00:00,"MISS Wallace 29' 3PT Pullup Jump Shot
Hawks Rebound
",0,0,1,0,2024-11-17,0022400239,0,0,POR,1,0,12,00:03,Off Long Mid-Range Make,0,Hawks Rebound,,POR,ATL,ATL,1610612737,2024,717.0,720.0,718.5,1629726|1630168|1630249|1630552|1630811,203924|1629057|1630166|1630625|1641712,2024-25,154,0.19230769230769232
116884,00:25,"MISS Okongwu 3PT Jump Shot
Avdija REBOUND (Off:0 Def:2)
",0,0,1,0,2024-11-17,0022400239,0,0,POR,1,0,14,00:40,Off Short Mid-Range Make,0,MISS Okongwu 3PT Jump Shot,,POR,ATL,ATL,1610612737,2024,680.0,695.0,687.5,1629726|1630168|1630249|1630552|1630811,203924|1629057|1630166|1630625|1641712,2024-25,178,0.7111111111111111
116885,00:25,"MISS Okongwu 3PT Jump Shot
Avdija REBOUND (Off:0 Def:2)
",0,0,1,0,2024-11-17,0022400239,0,0,POR,1,0,14,00:40,Off Short Mid-Range Make,0,Avdija REBOUND (Off:0 Def:2),,POR,ATL,ATL,1610612737,2024,680.0,695.0,687.5,1629726|1630168|1630249|1630552|1630811,203924|1629057|1630166|1630625|1641712,2024-25,161,0.7931034482758621
116886,01:03,"Johnson 2' Running Reverse Layup (4 PTS)
",1,1,0,0,2024-11-17,0022400239,0,0,POR,1,0,14,01:08,Off Steal,0,Johnson 2' Running Reverse Layup (4 PTS),,POR,ATL,ATL,1610612737,2024,652.0,657.0,654.5,1629726|1630168|1630249|1630552|1630811,203924|1629057|1630166|1630625|1641712,2024-25,174,0.925
116887,01:23,"Banton P.FOUL (P1.PN) (S.Twardoski)
Okongwu Free Throw 1 of 2 (5 PTS)
MISS Okongwu Free Throw 2 of 2
Avdija REBOUND (Off:0 Def:1)
",0,0,0,0,2024-11-17,0022400239,1,0,POR,1,0,13,01:37,Off Dead Ball,0,Banton P.FOUL (P1.PN) (S.Twardoski),,POR,ATL,ATL,1610612737,2024,623.0,637.0,630.0,1629726|1630168|1630249|1630552|1630811,1629057|1630166|1630625|1631200|1641712,2024-25,150,0.2857142857142857
116888,01:23,"Banton P.FOUL (P1.PN) (S.Twardoski)
Okongwu Free Throw 1 of 2 (5 PTS)
MISS Okongwu Free Throw 2 of 2
Avdija REBOUND (Off:0 Def:1)
",0,0,0,0,2024-11-17,0022400239,1,0,POR,1,0,13,01:37,Off Dead Ball,0,Okongwu Free Throw 1 of 2 (5 PTS),,POR,ATL,ATL,1610612737,2024,623.0,637.0,630.0,1629726|1630168|1630249|1630552|1630811,1629057|1630166|1630625|1631200|1641712,2024-25,167,0.9565217391304348
116984,09:01,"Okongwu 8' Hook Bank Shot (7 PTS) (Johnson 3 AST)
",1,1,0,0,2024-11-17,0022400239,0,0,POR,2,0,10,09:08,Off At Rim Make,0,Okongwu 8' Hook Bank Shot (7 PTS) (Johnson 3 AST),,POR,ATL,ATL,1610612737,2024,892.0,899.0,895.5,1629027|1630168|1630552|1630700|1642258,203924|1630166|1630703|1631101|1641739,2024-25,235,0.8484848484848485
116890,01:23,"Banton P.FOUL (P1.PN) (S.Twardoski)
Okongwu Free Throw 1 of 2 (5 PTS)
MISS Okongwu Free Throw 2 of 2
Avdija REBOUND (Off:0 Def:1)
",0,0,0,0,2024-11-17,0022400239,1,0,POR,1,0,13,01:37,Off Dead Ball,0,Avdija REBOUND (Off:0 Def:1),,POR,ATL,ATL,1610612737,2024,623.0,637.0,630.0,1629726|1630168|1630249|1630552|1630811,1629057|1630166|1630625|1631200|1641712,2024-25,144,0.23529411764705882
116891,02:10,"Mathews 3PT Jump Shot (3 PTS) (Krejčí 2 AST)
",0,0,1,1,2024-11-17,0022400239,0,0,POR,1,0,10,02:18,Off Arc 3 Miss,0,Mathews 3PT Jump Shot (3 PTS) (Krejčí 2 AST),,POR,ATL,ATL,1610612737,2024,582.0,590.0,586.0,1629726|1630168|1630249|1630552|1630811,1629057|1630166|1630625|1631200|1641712,2024-25,156,0.8235294117647058
116904,04:37,"MISS Risacher 26' 3PT Jump Shot
Nance Jr. REBOUND (Off:1 Def:0)
Banton BLOCK (1 BLK): MISS Daniels 25' 3PT Jump Shot
Hawks Rebound
Hawks Turnover: Shot Clock (T#5)
",0,0,2,0,2024-11-17,0022400239,0,1,POR,1,0,16,05:04,Off Steal,1,Hawks Rebound,,POR,ATL,ATL,1610612737,2024,416.0,443.0,429.5,1626204|1629027|1630168|1630700|1642258,1629057|1630166|1630625|1631200|1641712,2024-25,89,0.13793103448275862
116905,04:37,"MISS Risacher 26' 3PT Jump Shot
Nance Jr. REBOUND (Off:1 Def:0)
Banton BLOCK (1 BLK): MISS Daniels 25' 3PT Jump Shot
Hawks Rebound
Hawks Turnover: Shot Clock (T#5)
",0,0,2,0,2024-11-17,0022400239,0,1,POR,1,0,16,05:04,Off Steal,1,Hawks Turnover: Shot Clock (T#5),,POR,ATL,ATL,1610612737,2024,416.0,443.0,429.5,1626204|1629027|1630168|1630700|1642258,1629057|1630166|1630625|1631200|1641712,2024-25,93,0.11538461538461539
116894,02:53,"Okongwu 6' Driving Hook Shot (4 PTS) (Krejčí 1 AST)
",1,1,0,0,2024-11-17,0022400239,0,0,POR,1,0,8,03:03,Off FT Miss,0,Okongwu 6' Driving Hook Shot (4 PTS) (Krejčí 1 AST),,POR,ATL,ATL,1610612737,2024,537.0,547.0,542.0,1629726|1630168|1630249|1630552|1630811,1629057|1630166|1630625|1631200|1641712,2024-25,148,0.8932038834951457
116895,03:14,"Rupert P.FOUL (P1.T4) (J.Tiven)
MISS Johnson 9' Driving Floating Jump Shot
Murray REBOUND (Off:0 Def:2)
",1,0,0,0,2024-11-17,0022400239,0,0,POR,1,0,8,03:43,Off Timeout,0,Rupert P.FOUL (P1.T4) (J.Tiven),,POR,ATL,ATL,1610612737,2024,497.0,526.0,511.5,1629726|1630168|1630249|1630552|1630811,1629057|1630166|1630625|1631200|1641712,2024-25,115,0.15625
116896,03:14,"Rupert P.FOUL (P1.T4) (J.Tiven)
MISS Johnson 9' Driving Floating Jump Shot
Murray REBOUND (Off:0 Def:2)
",1,0,0,0,2024-11-17,0022400239,0,0,POR,1,0,8,03:43,Off Timeout,0,MISS Johnson 9' Driving Floating Jump Shot,,POR,ATL,ATL,1610612737,2024,497.0,526.0,511.5,1629726|1630168|1630249|1630552|1630811,1629057|1630166|1630625|1631200|1641712,2024-25,140,0.8780487804878049
116897,03:14,"Rupert P.FOUL (P1.T4) (J.Tiven)
MISS Johnson 9' Driving Floating Jump Shot
Murray REBOUND (Off:0 Def:2)
",1,0,0,0,2024-11-17,0022400239,0,0,POR,1,0,8,03:43,Off Timeout,0,Murray REBOUND (Off:0 Def:2),,POR,ATL,ATL,1610612737,2024,497.0,526.0,511.5,1629726|1630168|1630249|1630552|1630811,1629057|1630166|1630625|1631200|1641712,2024-25,113,0.23076923076923078
116898,03:46,"Williams III STEAL (1 STL): Daniels Bad Pass Turnover (P2.T6)
",0,0,0,0,2024-11-17,0022400239,0,0,POR,1,0,10,04:01,Off Corner 3 Make,1,Williams III STEAL (1 STL): Daniels Bad Pass Turnover (P2.T6),,POR,ATL,ATL,1610612737,2024,479.0,494.0,486.5,1626204|1629027|1629726|1630168|1630700,1629057|1630166|1630625|1631200|1641712,2024-25,127,0.6458333333333334
116899,04:09,"MISS Mathews 3PT Jump Shot
Murray REBOUND (Off:0 Def:1)
",0,0,1,0,2024-11-17,0022400239,0,0,POR,1,0,13,04:25,Off Arc 3 Make,0,Murray REBOUND (Off:0 Def:1),,POR,ATL,ATL,1610612737,2024,455.0,471.0,463.0,1626204|1629027|1629726|1630168|1630700,1629057|1630166|1630625|1631200|1641712,2024-25,106,0.7796610169491526
116900,04:09,"MISS Mathews 3PT Jump Shot
Murray REBOUND (Off:0 Def:1)
",0,0,1,0,2024-11-17,0022400239,0,0,POR,1,0,13,04:25,Off Arc 3 Make,0,MISS Mathews 3PT Jump Shot,,POR,ATL,ATL,1610612737,2024,455.0,471.0,463.0,1626204|1629027|1629726|1630168|1630700,1629057|1630166|1630625|1631200|1641712,2024-25,123,0.7111111111111111
116902,04:37,"MISS Risacher 26' 3PT Jump Shot
Nance Jr. REBOUND (Off:1 Def:0)
Banton BLOCK (1 BLK): MISS Daniels 25' 3PT Jump Shot
Hawks Rebound
Hawks Turnover: Shot Clock (T#5)
",0,0,2,0,2024-11-17,0022400239,0,1,POR,1,0,16,05:04,Off Steal,1,Nance Jr. REBOUND (Off:1 Def:0),,POR,ATL,ATL,1610612737,2024,416.0,443.0,429.5,1626204|1629027|1630168|1630700|1642258,1629057|1630166|1630625|1631200|1641712,2024-25,114,0.9538461538461539
116903,04:37,"MISS Risacher 26' 3PT Jump Shot
Nance Jr. REBOUND (Off:1 Def:0)
Banton BLOCK (1 BLK): MISS Daniels 25' 3PT Jump Shot
Hawks Rebound
Hawks Turnover: Shot Clock (T#5)
",0,0,2,0,2024-11-17,0022400239,0,1,POR,1,0,16,05:04,Off Steal,1,Banton BLOCK (1 BLK): MISS Daniels 25' 3PT Jump Shot,,POR,ATL,ATL,1610612737,2024,416.0,443.0,429.5,1626204|1629027|1630168|1630700|1642258,1629057|1630166|1630625|1631200|1641712,2024-25,93,0.2222222222222222
116893,02:27,"MISS Mathews 25' 3PT Jump Shot
Williams III REBOUND (Off:0 Def:1)
",0,0,1,0,2024-11-17,0022400239,0,0,POR,1,0,10,02:37,Off Short Mid-Range Miss,0,Williams III REBOUND (Off:0 Def:1),,POR,ATL,ATL,1610612737,2024,563.0,573.0,568.0,1629726|1630168|1630249|1630552|1630811,1629057|1630166|1630625|1631200|1641712,2024-25,126,0.28
116892,02:27,"MISS Mathews 25' 3PT Jump Shot
Williams III REBOUND (Off:0 Def:1)
",0,0,1,0,2024-11-17,0022400239,0,0,POR,1,0,10,02:37,Off Short Mid-Range Miss,0,MISS Mathews 25' 3PT Jump Shot,,POR,ATL,ATL,1610612737,2024,563.0,573.0,568.0,1629726|1630168|1630249|1630552|1630811,1629057|1630166|1630625|1631200|1641712,2024-25,152,0.7547169811320755
116931,10:12,"Clingan S.FOUL (P1.T1) (J.Tiven)
Risacher Free Throw 1 of 2 (3 PTS)
Risacher Free Throw 2 of 2 (4 PTS)
",0,0,0,0,2024-11-17,0022400239,0,0,POR,1,1,5,10:16,Off Short Mid-Range Miss,0,Risacher Free Throw 1 of 2 (3 PTS),,POR,ATL,ATL,1610612737,2024,104.0,108.0,106.0,203991|1629027|1630552|1630700|1642258,203924|1630703|1631101|1641739|1642270,2024-25,26,0.9577464788732394
116906,05:21,"Risacher 1' Running Alley Oop Dunk Shot (6 PTS) (Young 2 AST)
",1,1,0,0,2024-11-17,0022400239,0,0,POR,1,0,14,05:26,Off At Rim Miss,0,Risacher 1' Running Alley Oop Dunk Shot (6 PTS) (Young 2 AST),,POR,ATL,ATL,1610612737,2024,394.0,399.0,396.5,1626204|1629027|1630168|1630700|1642258,203924|1629057|1630166|1630625|1641739,2024-25,104,0.8666666666666667
116919,07:50,"Camara P.FOUL (P1.T2) (J.Tiven)
Daniels 3PT Jump Shot (3 PTS) (Capela 1 AST)
",0,0,1,1,2024-11-17,0022400239,0,0,POR,1,0,4,08:04,Off At Rim Miss,0,Daniels 3PT Jump Shot (3 PTS) (Capela 1 AST),,POR,ATL,ATL,1610612737,2024,236.0,250.0,243.0,203991|1629027|1630552|1630700|1642258,203924|1630703|1631101|1641739|1642270,2024-25,51,0.4943820224719101
116908,05:44,"Okongwu 2' Layup (2 PTS) (Young 1 AST)
",1,1,0,0,2024-11-17,0022400239,0,0,POR,1,0,10,05:51,Off Dead Ball,0,Okongwu 2' Layup (2 PTS) (Young 1 AST),,POR,ATL,ATL,1610612737,2024,369.0,376.0,372.5,1626204|1629027|1630168|1630700|1642258,203924|1629057|1630166|1630625|1641739,2024-25,97,0.8860759493670886
116909,05:55,"Grant STEAL (1 STL): Daniels Lost Ball Turnover (P1.T4)
",0,0,0,0,2024-11-17,0022400239,0,0,POR,1,0,10,05:59,Off Steal,1,Grant STEAL (1 STL): Daniels Lost Ball Turnover (P1.T4),,POR,ATL,ATL,1610612737,2024,361.0,365.0,363.0,203991|1626204|1629027|1630700|1642258,203924|1629057|1630625|1631101|1641739,2024-25,87,0.20689655172413793
116910,06:18,"Grant BLOCK (1 BLK): MISS Capela 2' Dunk
Daniels REBOUND (Off:2 Def:0)
MISS Young 3PT Jump Shot
Banton REBOUND (Off:0 Def:1)
",1,0,1,0,2024-11-17,0022400239,0,1,POR,1,0,10,06:42,Off Dead Ball,0,Daniels REBOUND (Off:2 Def:0),,POR,ATL,ATL,1610612737,2024,318.0,342.0,330.0,203991|1626204|1629027|1630700|1642258,203924|1629057|1630625|1631101|1641739,2024-25,64,0.5283018867924528
116911,06:18,"Grant BLOCK (1 BLK): MISS Capela 2' Dunk
Daniels REBOUND (Off:2 Def:0)
MISS Young 3PT Jump Shot
Banton REBOUND (Off:0 Def:1)
",1,0,1,0,2024-11-17,0022400239,0,1,POR,1,0,10,06:42,Off Dead Ball,0,MISS Young 3PT Jump Shot,,POR,ATL,ATL,1610612737,2024,318.0,342.0,330.0,203991|1626204|1629027|1630700|1642258,203924|1629057|1630625|1631101|1641739,2024-25,82,0.2
116912,06:18,"Grant BLOCK (1 BLK): MISS Capela 2' Dunk
Daniels REBOUND (Off:2 Def:0)
MISS Young 3PT Jump Shot
Banton REBOUND (Off:0 Def:1)
",1,0,1,0,2024-11-17,0022400239,0,1,POR,1,0,10,06:42,Off Dead Ball,0,Banton REBOUND (Off:0 Def:1),,POR,ATL,ATL,1610612737,2024,318.0,342.0,330.0,203991|1626204|1629027|1630700|1642258,203924|1629057|1630625|1631101|1641739,2024-25,64,0.3076923076923077
116913,06:18,"Grant BLOCK (1 BLK): MISS Capela 2' Dunk
Daniels REBOUND (Off:2 Def:0)
MISS Young 3PT Jump Shot
Banton REBOUND (Off:0 Def:1)
",1,0,1,0,2024-11-17,0022400239,0,1,POR,1,0,10,06:42,Off Dead Ball,0,Grant BLOCK (1 BLK): MISS Capela 2' Dunk,,POR,ATL,ATL,1610612737,2024,318.0,342.0,330.0,203991|1626204|1629027|1630700|1642258,203924|1629057|1630625|1631101|1641739,2024-25,79,0.463768115942029
116914,06:53,"Daniels 2' Running Reverse Layup (8 PTS) (Johnson 2 AST)
",1,1,0,0,2024-11-17,0022400239,0,0,POR,1,0,8,06:58,Off At Rim Miss,0,Daniels 2' Running Reverse Layup (8 PTS) (Johnson 2 AST),,POR,ATL,ATL,1610612737,2024,302.0,307.0,304.5,203991|1629027|1630552|1630700|1642258,203924|1630703|1631101|1641739|1642270,2024-25,66,0.29545454545454547
116915,07:22,"Daniels 4' Driving Floating Bank Jump Shot (5 PTS)
Grant S.FOUL (P1.T3) (J.Tiven)
Daniels Free Throw 1 of 1 (6 PTS)
",1,1,0,0,2024-11-17,0022400239,0,0,POR,1,1,5,07:31,Off At Rim Make,0,Daniels 4' Driving Floating Bank Jump Shot (5 PTS),,POR,ATL,ATL,1610612737,2024,269.0,278.0,273.5,203991|1629027|1630552|1630700|1642258,203924|1630703|1631101|1641739|1642270,2024-25,60,0.94
116916,07:22,"Daniels 4' Driving Floating Bank Jump Shot (5 PTS)
Grant S.FOUL (P1.T3) (J.Tiven)
Daniels Free Throw 1 of 1 (6 PTS)
",1,1,0,0,2024-11-17,0022400239,0,0,POR,1,1,5,07:31,Off At Rim Make,0,Grant S.FOUL (P1.T3) (J.Tiven),,POR,ATL,ATL,1610612737,2024,269.0,278.0,273.5,203991|1629027|1630552|1630700|1642258,203924|1630703|1631101|1641739|1642270,2024-25,50,0.16326530612244897
116917,07:22,"Daniels 4' Driving Floating Bank Jump Shot (5 PTS)
Grant S.FOUL (P1.T3) (J.Tiven)
Daniels Free Throw 1 of 1 (6 PTS)
",1,1,0,0,2024-11-17,0022400239,0,0,POR,1,1,5,07:31,Off At Rim Make,0,Daniels Free Throw 1 of 1 (6 PTS),,POR,ATL,ATL,1610612737,2024,269.0,278.0,273.5,203991|1629027|1630552|1630700|1642258,203924|1630703|1631101|1641739|1642270,2024-25,63,0.9565217391304348
116930,10:12,"Clingan S.FOUL (P1.T1) (J.Tiven)
Risacher Free Throw 1 of 2 (3 PTS)
Risacher Free Throw 2 of 2 (4 PTS)
",0,0,0,0,2024-11-17,0022400239,0,0,POR,1,1,5,10:16,Off Short Mid-Range Miss,0,Clingan S.FOUL (P1.T1) (J.Tiven),,POR,ATL,ATL,1610612737,2024,104.0,108.0,106.0,203991|1629027|1630552|1630700|1642258,203924|1630703|1631101|1641739|1642270,2024-25,20,0.37037037037037035
116907,05:34,"Daniels 1' Running Layup (10 PTS)
",1,1,0,0,2024-11-17,0022400239,0,0,POR,1,0,12,05:36,Off Steal,0,Daniels 1' Running Layup (10 PTS),,POR,ATL,ATL,1610612737,2024,384.0,386.0,385.0,1626204|1629027|1630168|1630700|1642258,203924|1629057|1630166|1630625|1641739,2024-25,101,0.9090909090909091
116920,08:10,"Clingan STEAL (1 STL): Johnson Lost Ball Turnover (P1.T3)
",0,0,0,0,2024-11-17,0022400239,0,0,POR,1,0,4,08:29,Off Corner 3 Make,1,Clingan STEAL (1 STL): Johnson Lost Ball Turnover (P1.T3),,POR,ATL,ATL,1610612737,2024,211.0,230.0,220.5,203991|1629027|1630552|1630700|1642258,203924|1630703|1631101|1641739|1642270,2024-25,46,0.2247191011235955
116921,08:51,"Clingan BLOCK (2 BLK): MISS Young 5' Driving Floating Jump Shot
Young REBOUND (Off:1 Def:1)
MISS Johnson 16' Step Back Jump Shot
Daniels REBOUND (Off:1 Def:0)
MISS Daniels 3' Tip Layup Shot
Hawks Rebound
Hawks Turnover: Shot Clock (T#2)
",3,0,0,0,2024-11-17,0022400239,0,2,POR,1,0,7,09:18,Off Short Mid-Range Make,1,Hawks Rebound,,POR,ATL,ATL,1610612737,2024,162.0,189.0,175.5,203991|1629027|1630552|1630700|1642258,203924|1630703|1631101|1641739|1642270,2024-25,38,0.4090909090909091
116922,08:51,"Clingan BLOCK (2 BLK): MISS Young 5' Driving Floating Jump Shot
Young REBOUND (Off:1 Def:1)
MISS Johnson 16' Step Back Jump Shot
Daniels REBOUND (Off:1 Def:0)
MISS Daniels 3' Tip Layup Shot
Hawks Rebound
Hawks Turnover: Shot Clock (T#2)
",3,0,0,0,2024-11-17,0022400239,0,2,POR,1,0,7,09:18,Off Short Mid-Range Make,1,Clingan BLOCK (2 BLK): MISS Young 5' Driving Floating Jump Shot,,POR,ATL,ATL,1610612737,2024,162.0,189.0,175.5,203991|1629027|1630552|1630700|1642258,203924|1630703|1631101|1641739|1642270,2024-25,37,0.20689655172413793
116923,08:51,"Clingan BLOCK (2 BLK): MISS Young 5' Driving Floating Jump Shot
Young REBOUND (Off:1 Def:1)
MISS Johnson 16' Step Back Jump Shot
Daniels REBOUND (Off:1 Def:0)
MISS Daniels 3' Tip Layup Shot
Hawks Rebound
Hawks Turnover: Shot Clock (T#2)
",3,0,0,0,2024-11-17,0022400239,0,2,POR,1,0,7,09:18,Off Short Mid-Range Make,1,Young REBOUND (Off:1 Def:1),,POR,ATL,ATL,1610612737,2024,162.0,189.0,175.5,203991|1629027|1630552|1630700|1642258,203924|1630703|1631101|1641739|1642270,2024-25,39,0.2465753424657534
116924,08:51,"Clingan BLOCK (2 BLK): MISS Young 5' Driving Floating Jump Shot
Young REBOUND (Off:1 Def:1)
MISS Johnson 16' Step Back Jump Shot
Daniels REBOUND (Off:1 Def:0)
MISS Daniels 3' Tip Layup Shot
Hawks Rebound
Hawks Turnover: Shot Clock (T#2)
",3,0,0,0,2024-11-17,0022400239,0,2,POR,1,0,7,09:18,Off Short Mid-Range Make,1,MISS Johnson 16' Step Back Jump Shot,,POR,ATL,ATL,1610612737,2024,162.0,189.0,175.5,203991|1629027|1630552|1630700|1642258,203924|1630703|1631101|1641739|1642270,2024-25,40,0.8571428571428571
116925,08:51,"Clingan BLOCK (2 BLK): MISS Young 5' Driving Floating Jump Shot
Young REBOUND (Off:1 Def:1)
MISS Johnson 16' Step Back Jump Shot
Daniels REBOUND (Off:1 Def:0)
MISS Daniels 3' Tip Layup Shot
Hawks Rebound
Hawks Turnover: Shot Clock (T#2)
",3,0,0,0,2024-11-17,0022400239,0,2,POR,1,0,7,09:18,Off Short Mid-Range Make,1,Daniels REBOUND (Off:1 Def:0),,POR,ATL,ATL,1610612737,2024,162.0,189.0,175.5,203991|1629027|1630552|1630700|1642258,203924|1630703|1631101|1641739|1642270,2024-25,29,0.3225806451612903
116926,08:51,"Clingan BLOCK (2 BLK): MISS Young 5' Driving Floating Jump Shot
Young REBOUND (Off:1 Def:1)
MISS Johnson 16' Step Back Jump Shot
Daniels REBOUND (Off:1 Def:0)
MISS Daniels 3' Tip Layup Shot
Hawks Rebound
Hawks Turnover: Shot Clock (T#2)
",3,0,0,0,2024-11-17,0022400239,0,2,POR,1,0,7,09:18,Off Short Mid-Range Make,1,MISS Daniels 3' Tip Layup Shot,,POR,ATL,ATL,1610612737,2024,162.0,189.0,175.5,203991|1629027|1630552|1630700|1642258,203924|1630703|1631101|1641739|1642270,2024-25,71,0.8
116927,08:51,"Clingan BLOCK (2 BLK): MISS Young 5' Driving Floating Jump Shot
Young REBOUND (Off:1 Def:1)
MISS Johnson 16' Step Back Jump Shot
Daniels REBOUND (Off:1 Def:0)
MISS Daniels 3' Tip Layup Shot
Hawks Rebound
Hawks Turnover: Shot Clock (T#2)
",3,0,0,0,2024-11-17,0022400239,0,2,POR,1,0,7,09:18,Off Short Mid-Range Make,1,Hawks Turnover: Shot Clock (T#2),,POR,ATL,ATL,1610612737,2024,162.0,189.0,175.5,203991|1629027|1630552|1630700|1642258,203924|1630703|1631101|1641739|1642270,2024-25,37,0.35714285714285715
116928,09:26,"Johnson 9' Driving Floating Jump Shot (2 PTS) (Risacher 2 AST)
",1,1,0,0,2024-11-17,0022400239,0,0,POR,1,0,7,09:39,Off Dead Ball,0,Johnson 9' Driving Floating Jump Shot (2 PTS) (Risacher 2 AST),,POR,ATL,ATL,1610612737,2024,141.0,154.0,147.5,203991|1629027|1630552|1630700|1642258,203924|1630703|1631101|1641739|1642270,2024-25,34,0.9538461538461539
116929,09:52,"Capela 1' Alley Oop Dunk (2 PTS) (Daniels 1 AST)
",1,1,0,0,2024-11-17,0022400239,0,0,POR,1,0,5,09:59,Off At Rim Make,0,Capela 1' Alley Oop Dunk (2 PTS) (Daniels 1 AST),,POR,ATL,ATL,1610612737,2024,121.0,128.0,124.5,203991|1629027|1630552|1630700|1642258,203924|1630703|1631101|1641739|1642270,2024-25,31,0.8888888888888888
116918,07:50,"Camara P.FOUL (P1.T2) (J.Tiven)
Daniels 3PT Jump Shot (3 PTS) (Capela 1 AST)
",0,0,1,1,2024-11-17,0022400239,0,0,POR,1,0,4,08:04,Off At Rim Miss,0,Camara P.FOUL (P1.T2) (J.Tiven),,POR,ATL,ATL,1610612737,2024,236.0,250.0,243.0,203991|1629027|1630552|1630700|1642258,203924|1630703|1631101|1641739|1642270,2024-25,46,0.2857142857142857
116983,08:31,"Grant STEAL (2 STL): Johnson Lost Ball Turnover (P4.T10)
",0,0,0,0,2024-11-17,0022400239,0,0,POR,2,0,10,08:46,Off At Rim Make,1,Grant STEAL (2 STL): Johnson Lost Ball Turnover (P4.T10),,POR,ATL,ATL,1610612737,2024,914.0,929.0,921.5,1629027|1630168|1630552|1630700|1642258,203924|1630166|1630703|1631101|1641739,2024-25,239,0.6956521739130435
116889,01:23,"Banton P.FOUL (P1.PN) (S.Twardoski)
Okongwu Free Throw 1 of 2 (5 PTS)
MISS Okongwu Free Throw 2 of 2
Avdija REBOUND (Off:0 Def:1)
",0,0,0,0,2024-11-17,0022400239,1,0,POR,1,0,13,01:37,Off Dead Ball,0,MISS Okongwu Free Throw 2 of 2,,POR,ATL,ATL,1610612737,2024,623.0,637.0,630.0,1629726|1630168|1630249|1630552|1630811,1629057|1630166|1630625|1631200|1641712,2024-25,170,0.9523809523809523
116960,04:39,"MISS Daniels 4' Driving Finger Roll Layup
Capela REBOUND (Off:2 Def:1)
Camara STEAL (3 STL): Young Lost Ball Turnover (P4.T14)
",1,0,0,0,2024-11-17,0022400239,0,1,POR,2,0,7,05:08,Off Corner 3 Make,1,MISS Daniels 4' Driving Finger Roll Layup,,POR,ATL,ATL,1610612737,2024,1132.0,1161.0,1146.5,203991|1626204|1629027|1630700|1642258,203924|1630625|1630703|1641739|1642270,2024-25,310,0.926829268292683
116935,11:23,"Young 25' 3PT Running Jump Shot (3 PTS) (Risacher 1 AST)
",0,0,1,1,2024-11-17,0022400239,0,0,POR,1,0,0,11:28,Off At Rim Miss,0,Young 25' 3PT Running Jump Shot (3 PTS) (Risacher 1 AST),,POR,ATL,ATL,1610612737,2024,32.0,37.0,34.5,203991|1629027|1630552|1630700|1642258,203924|1630703|1631101|1641739|1642270,2024-25,12,0.07692307692307693
116936,11:34,"Clingan BLOCK (1 BLK): MISS Capela 9' Hook Shot
Camara REBOUND (Off:0 Def:1)
",1,0,0,0,2024-11-17,0022400239,0,0,POR,1,0,0,12:00,Off Dead Ball,0,Clingan BLOCK (1 BLK): MISS Capela 9' Hook Shot,,POR,ATL,ATL,1610612737,2024,0.0,26.0,13.0,203991|1629027|1630552|1630700|1642258,203924|1630703|1631101|1641739|1642270,2024-25,11,0.35
116937,11:34,"Clingan BLOCK (1 BLK): MISS Capela 9' Hook Shot
Camara REBOUND (Off:0 Def:1)
",1,0,0,0,2024-11-17,0022400239,0,0,POR,1,0,0,12:00,Off Dead Ball,0,Camara REBOUND (Off:0 Def:1),,POR,ATL,ATL,1610612737,2024,0.0,26.0,13.0,203991|1629027|1630552|1630700|1642258,203924|1630703|1631101|1641739|1642270,2024-25,8,0.23076923076923078
116939,00:44,"Johnson 3PT Jump Shot (11 PTS) (Daniels 2 AST)
",0,0,1,1,2024-11-17,0022400239,0,0,POR,2,0,5,00:59,Off Corner 3 Miss,0,Johnson 3PT Jump Shot (11 PTS) (Daniels 2 AST),,POR,ATL,ATL,1610612737,2024,1381.0,1396.0,1388.5,203991|1629027|1630249|1630552|1630700,1630166|1630625|1630703|1641739|1642270,2024-25,364,0.8314606741573034
116940,01:21,"MISS Capela 1' Dunk
Capela REBOUND (Off:4 Def:1)
MISS Capela 2' Putback Layup
Capela REBOUND (Off:5 Def:1)
Young 3PT Step Back Jump Shot (11 PTS) (Capela 4 AST)
",2,0,1,1,2024-11-17,0022400239,0,2,POR,2,0,2,01:37,Off At Rim Make,0,Young 3PT Step Back Jump Shot (11 PTS) (Capela 4 AST),,POR,ATL,ATL,1610612737,2024,1343.0,1359.0,1351.0,203991|1629027|1630249|1630552|1630700,1630166|1630625|1630703|1641739|1642270,2024-25,360,0.8431372549019608
116941,01:21,"MISS Capela 1' Dunk
Capela REBOUND (Off:4 Def:1)
MISS Capela 2' Putback Layup
Capela REBOUND (Off:5 Def:1)
Young 3PT Step Back Jump Shot (11 PTS) (Capela 4 AST)
",2,0,1,1,2024-11-17,0022400239,0,2,POR,2,0,2,01:37,Off At Rim Make,0,Capela REBOUND (Off:5 Def:1),,POR,ATL,ATL,1610612737,2024,1343.0,1359.0,1351.0,203991|1629027|1630249|1630552|1630700,1630166|1630625|1630703|1641739|1642270,2024-25,359,0.9491525423728814
116942,01:21,"MISS Capela 1' Dunk
Capela REBOUND (Off:4 Def:1)
MISS Capela 2' Putback Layup
Capela REBOUND (Off:5 Def:1)
Young 3PT Step Back Jump Shot (11 PTS) (Capela 4 AST)
",2,0,1,1,2024-11-17,0022400239,0,2,POR,2,0,2,01:37,Off At Rim Make,0,Capela REBOUND (Off:4 Def:1),,POR,ATL,ATL,1610612737,2024,1343.0,1359.0,1351.0,203991|1629027|1630249|1630552|1630700,1630166|1630625|1630703|1641739|1642270,2024-25,357,0.9491525423728814
116943,01:21,"MISS Capela 1' Dunk
Capela REBOUND (Off:4 Def:1)
MISS Capela 2' Putback Layup
Capela REBOUND (Off:5 Def:1)
Young 3PT Step Back Jump Shot (11 PTS) (Capela 4 AST)
",2,0,1,1,2024-11-17,0022400239,0,2,POR,2,0,2,01:37,Off At Rim Make,0,MISS Capela 1' Dunk,,POR,ATL,ATL,1610612737,2024,1343.0,1359.0,1351.0,203991|1629027|1630249|1630552|1630700,1630166|1630625|1630703|1641739|1642270,2024-25,355,0.8421052631578947
116944,01:21,"MISS Capela 1' Dunk
Capela REBOUND (Off:4 Def:1)
MISS Capela 2' Putback Layup
Capela REBOUND (Off:5 Def:1)
Young 3PT Step Back Jump Shot (11 PTS) (Capela 4 AST)
",2,0,1,1,2024-11-17,0022400239,0,2,POR,2,0,2,01:37,Off At Rim Make,0,MISS Capela 2' Putback Layup,,POR,ATL,ATL,1610612737,2024,1343.0,1359.0,1351.0,203991|1629027|1630249|1630552|1630700,1630166|1630625|1630703|1641739|1642270,2024-25,358,0.8928571428571429
116945,01:55,"Krejčí 5' Driving Dunk (5 PTS) (Capela 3 AST)
",1,1,0,0,2024-11-17,0022400239,0,0,POR,2,0,2,02:00,Off Corner 3 Make,0,Krejčí 5' Driving Dunk (5 PTS) (Capela 3 AST),,POR,ATL,ATL,1610612737,2024,1320.0,1325.0,1322.5,203991|1629027|1630249|1630552|1630700,1630166|1630625|1630703|1641739|1642270,2024-25,762,0.9032258064516129
116957,04:22,"MISS Young 25' 3PT Jump Shot
Capela REBOUND (Off:3 Def:1)
Grant P.FOUL (P3.PN) (B.Forte)
Young Free Throw 1 of 2 (7 PTS)
Young Free Throw 2 of 2 (8 PTS)
",0,0,1,0,2024-11-17,0022400239,1,1,POR,2,0,7,04:37,Off Steal,0,Grant P.FOUL (P3.PN) (B.Forte),,POR,ATL,ATL,1610612737,2024,1163.0,1178.0,1170.5,203991|1626204|1629027|1630700|1642258,203924|1630625|1630703|1641739|1642270,2024-25,310,0.22535211267605634
116938,00:11,"Johnson 1' Alley Oop Dunk (13 PTS) (Young 3 AST)
",1,1,0,0,2024-11-17,0022400239,0,0,POR,2,0,6,00:28,Off At Rim Make,0,Johnson 1' Alley Oop Dunk (13 PTS) (Young 3 AST),,POR,ATL,ATL,1610612737,2024,1412.0,1429.0,1420.5,203991|1629027|1630249|1630552|1630700,1630166|1630625|1630703|1641739|1642270,2024-25,367,0.8888888888888888
116946,02:09,"MISS Johnson 3PT Jump Shot
Clingan REBOUND (Off:3 Def:1)
",0,0,1,0,2024-11-17,0022400239,0,0,POR,2,0,5,02:21,Off Corner 3 Miss,0,MISS Johnson 3PT Jump Shot,,POR,ATL,ATL,1610612737,2024,1299.0,1311.0,1305.0,203991|1629027|1630249|1630552|1630700,1630166|1630625|1630703|1641739|1642270,2024-25,348,0.7111111111111111
116954,03:49,"MISS Capela 7' Turnaround Hook Shot
Daniels REBOUND (Off:3 Def:0)
Daniels Tip Layup Shot (12 PTS)
",2,1,0,0,2024-11-17,0022400239,0,1,POR,2,0,7,04:07,Off At Rim Make,0,Daniels Tip Layup Shot (12 PTS),,POR,ATL,ATL,1610612737,2024,1193.0,1211.0,1202.0,203991|1629027|1630249|1630552|1630700,203924|1630625|1630703|1641739|1642270,2024-25,330,0.8666666666666667
116953,03:49,"MISS Capela 7' Turnaround Hook Shot
Daniels REBOUND (Off:3 Def:0)
Daniels Tip Layup Shot (12 PTS)
",2,1,0,0,2024-11-17,0022400239,0,1,POR,2,0,7,04:07,Off At Rim Make,0,Daniels REBOUND (Off:3 Def:0),,POR,ATL,ATL,1610612737,2024,1193.0,1211.0,1202.0,203991|1629027|1630249|1630552|1630700,203924|1630625|1630703|1641739|1642270,2024-25,329,0.9508196721311475
116951,03:21,"Johnson Out of Bounds Lost Ball Turnover (P5.T15)
",0,0,0,0,2024-11-17,0022400239,0,0,POR,2,0,7,03:37,Off At Rim Make,1,Johnson Out of Bounds Lost Ball Turnover (P5.T15),,POR,ATL,ATL,1610612737,2024,1223.0,1239.0,1231.0,203991|1629027|1630249|1630552|1630700,203924|1630625|1630703|1641739|1642270,2024-25,334,0.6262626262626263
116952,03:49,"MISS Capela 7' Turnaround Hook Shot
Daniels REBOUND (Off:3 Def:0)
Daniels Tip Layup Shot (12 PTS)
",2,1,0,0,2024-11-17,0022400239,0,1,POR,2,0,7,04:07,Off At Rim Make,0,MISS Capela 7' Turnaround Hook Shot,,POR,ATL,ATL,1610612737,2024,1193.0,1211.0,1202.0,203991|1629027|1630249|1630552|1630700,203924|1630625|1630703|1641739|1642270,2024-25,328,0.8529411764705882
116950,03:01,"Banton STEAL (1 STL): Daniels Lost Ball Turnover (P4.T16)
",0,0,0,0,2024-11-17,0022400239,0,0,POR,2,0,7,03:03,Off Short Mid-Range Miss,1,Banton STEAL (1 STL): Daniels Lost Ball Turnover (P4.T16),,POR,ATL,ATL,1610612737,2024,1257.0,1259.0,1258.0,203991|1629027|1630249|1630552|1630700,203924|1630625|1630703|1641739|1642270,2024-25,338,0.6881720430107527
116949,02:33,"MISS Young 25' 3PT Jump Shot
Avdija REBOUND (Off:2 Def:4)
",0,0,1,0,2024-11-17,0022400239,0,0,POR,2,0,5,02:52,Off Timeout,0,Avdija REBOUND (Off:2 Def:4),,POR,ATL,ATL,1610612737,2024,1268.0,1287.0,1277.5,203991|1629027|1630249|1630552|1630700,1630166|1630625|1630703|1641739|1642270,2024-25,264,0.2891566265060241
116948,02:33,"MISS Young 25' 3PT Jump Shot
Avdija REBOUND (Off:2 Def:4)
",0,0,1,0,2024-11-17,0022400239,0,0,POR,2,0,5,02:52,Off Timeout,0,MISS Young 25' 3PT Jump Shot,,POR,ATL,ATL,1610612737,2024,1268.0,1287.0,1277.5,203991|1629027|1630249|1630552|1630700,1630166|1630625|1630703|1641739|1642270,2024-25,344,0.6938775510204082
116947,02:09,"MISS Johnson 3PT Jump Shot
Clingan REBOUND (Off:3 Def:1)
",0,0,1,0,2024-11-17,0022400239,0,0,POR,2,0,5,02:21,Off Corner 3 Miss,0,Clingan REBOUND (Off:3 Def:1),,POR,ATL,ATL,1610612737,2024,1299.0,1311.0,1305.0,203991|1629027|1630249|1630552|1630700,1630166|1630625|1630703|1641739|1642270,2024-25,268,0.7540983606557377
116955,04:22,"MISS Young 25' 3PT Jump Shot
Capela REBOUND (Off:3 Def:1)
Grant P.FOUL (P3.PN) (B.Forte)
Young Free Throw 1 of 2 (7 PTS)
Young Free Throw 2 of 2 (8 PTS)
",0,0,1,0,2024-11-17,0022400239,1,1,POR,2,0,7,04:37,Off Steal,0,MISS Young 25' 3PT Jump Shot,,POR,ATL,ATL,1610612737,2024,1163.0,1178.0,1170.5,203991|1626204|1629027|1630700|1642258,203924|1630625|1630703|1641739|1642270,2024-25,316,0.6938775510204082
116934,10:54,"Young Out of Bounds - Bad Pass Turnover Turnover (P1.T1)
",0,0,0,0,2024-11-17,0022400239,0,0,POR,1,0,3,10:57,Off Long Mid-Range Miss,1,Young Out of Bounds - Bad Pass Turnover Turnover (P1.T1),,POR,ATL,ATL,1610612737,2024,63.0,66.0,64.5,203991|1629027|1630552|1630700|1642258,203924|1630703|1631101|1641739|1642270,2024-25,16,0.1794871794871795
116933,10:35,"Risacher 1' Running Dunk (2 PTS) (Johnson 1 AST)
",1,1,0,0,2024-11-17,0022400239,0,0,POR,1,0,3,10:38,Off Long Mid-Range Miss,0,Risacher 1' Running Dunk (2 PTS) (Johnson 1 AST),,POR,ATL,ATL,1610612737,2024,82.0,85.0,83.5,203991|1629027|1630552|1630700|1642258,203924|1630703|1631101|1641739|1642270,2024-25,19,0.2962962962962963
116956,04:22,"MISS Young 25' 3PT Jump Shot
Capela REBOUND (Off:3 Def:1)
Grant P.FOUL (P3.PN) (B.Forte)
Young Free Throw 1 of 2 (7 PTS)
Young Free Throw 2 of 2 (8 PTS)
",0,0,1,0,2024-11-17,0022400239,1,1,POR,2,0,7,04:37,Off Steal,0,Capela REBOUND (Off:3 Def:1),,POR,ATL,ATL,1610612737,2024,1163.0,1178.0,1170.5,203991|1626204|1629027|1630700|1642258,203924|1630625|1630703|1641739|1642270,2024-25,317,0.9491525423728814
116958,04:22,"MISS Young 25' 3PT Jump Shot
Capela REBOUND (Off:3 Def:1)
Grant P.FOUL (P3.PN) (B.Forte)
Young Free Throw 1 of 2 (7 PTS)
Young Free Throw 2 of 2 (8 PTS)
",0,0,1,0,2024-11-17,0022400239,1,1,POR,2,0,7,04:37,Off Steal,0,Young Free Throw 1 of 2 (7 PTS),,POR,ATL,ATL,1610612737,2024,1163.0,1178.0,1170.5,203991|1626204|1629027|1630700|1642258,203924|1630625|1630703|1641739|1642270,2024-25,320,0.9538461538461539
116961,04:39,"MISS Daniels 4' Driving Finger Roll Layup
Capela REBOUND (Off:2 Def:1)
Camara STEAL (3 STL): Young Lost Ball Turnover (P4.T14)
",1,0,0,0,2024-11-17,0022400239,0,1,POR,2,0,7,05:08,Off Corner 3 Make,1,Capela REBOUND (Off:2 Def:1),,POR,ATL,ATL,1610612737,2024,1132.0,1161.0,1146.5,203991|1626204|1629027|1630700|1642258,203924|1630625|1630703|1641739|1642270,2024-25,253,0.13043478260869565
116962,04:39,"MISS Daniels 4' Driving Finger Roll Layup
Capela REBOUND (Off:2 Def:1)
Camara STEAL (3 STL): Young Lost Ball Turnover (P4.T14)
",1,0,0,0,2024-11-17,0022400239,0,1,POR,2,0,7,05:08,Off Corner 3 Make,1,Camara STEAL (3 STL): Young Lost Ball Turnover (P4.T14),,POR,ATL,ATL,1610612737,2024,1132.0,1161.0,1146.5,203991|1626204|1629027|1630700|1642258,203924|1630625|1630703|1641739|1642270,2024-25,267,0.2619047619047619
116963,05:27,"MISS Risacher 24' 3PT Jump Shot
Capela REBOUND (Off:1 Def:1)
Capela Putback Layup (4 PTS)
",1,1,1,0,2024-11-17,0022400239,0,1,POR,2,0,8,05:44,Off Arc 3 Make,0,MISS Risacher 24' 3PT Jump Shot,,POR,ATL,ATL,1610612737,2024,1096.0,1113.0,1104.5,203991|1626204|1629027|1630700|1642258,203924|1630166|1630703|1641739|1642270,2024-25,260,0.22641509433962265
116964,05:27,"MISS Risacher 24' 3PT Jump Shot
Capela REBOUND (Off:1 Def:1)
Capela Putback Layup (4 PTS)
",1,1,1,0,2024-11-17,0022400239,0,1,POR,2,0,8,05:44,Off Arc 3 Make,0,Capela REBOUND (Off:1 Def:1),,POR,ATL,ATL,1610612737,2024,1096.0,1113.0,1104.5,203991|1626204|1629027|1630700|1642258,203924|1630166|1630703|1641739|1642270,2024-25,239,0.21875
116965,05:27,"MISS Risacher 24' 3PT Jump Shot
Capela REBOUND (Off:1 Def:1)
Capela Putback Layup (4 PTS)
",1,1,1,0,2024-11-17,0022400239,0,1,POR,2,0,8,05:44,Off Arc 3 Make,0,Capela Putback Layup (4 PTS),,POR,ATL,ATL,1610612737,2024,1096.0,1113.0,1104.5,203991|1626204|1629027|1630700|1642258,203924|1630166|1630703|1641739|1642270,2024-25,301,0.9491525423728814
116966,05:52,"Clingan S.FOUL (P2.PN) (S.Twardoski)
MISS Capela Free Throw 1 of 2
Hawks Rebound
MISS Capela Free Throw 2 of 2
Avdija REBOUND (Off:2 Def:3)
",0,0,0,0,2024-11-17,0022400239,0,0,POR,2,1,11,05:58,Off Arc 3 Miss,0,Clingan S.FOUL (P2.PN) (S.Twardoski),,POR,ATL,ATL,1610612737,2024,1082.0,1088.0,1085.0,203991|1626204|1629027|1630700|1642258,1630166|1630703|1631101|1641739|1642270,2024-25,296,0.29411764705882354
116967,05:52,"Clingan S.FOUL (P2.PN) (S.Twardoski)
MISS Capela Free Throw 1 of 2
Hawks Rebound
MISS Capela Free Throw 2 of 2
Avdija REBOUND (Off:2 Def:3)
",0,0,0,0,2024-11-17,0022400239,0,0,POR,2,1,11,05:58,Off Arc 3 Miss,0,MISS Capela Free Throw 1 of 2,,POR,ATL,ATL,1610612737,2024,1082.0,1088.0,1085.0,203991|1626204|1629027|1630700|1642258,1630166|1630703|1631101|1641739|1642270,2024-25,292,0.9508196721311475
116968,05:52,"Clingan S.FOUL (P2.PN) (S.Twardoski)
MISS Capela Free Throw 1 of 2
Hawks Rebound
MISS Capela Free Throw 2 of 2
Avdija REBOUND (Off:2 Def:3)
",0,0,0,0,2024-11-17,0022400239,0,0,POR,2,1,11,05:58,Off Arc 3 Miss,0,Hawks Rebound,,POR,ATL,ATL,1610612737,2024,1082.0,1088.0,1085.0,203991|1626204|1629027|1630700|1642258,1630166|1630703|1631101|1641739|1642270,2024-25,255,0.16666666666666666
116969,05:52,"Clingan S.FOUL (P2.PN) (S.Twardoski)
MISS Capela Free Throw 1 of 2
Hawks Rebound
MISS Capela Free Throw 2 of 2
Avdija REBOUND (Off:2 Def:3)
",0,0,0,0,2024-11-17,0022400239,0,0,POR,2,1,11,05:58,Off Arc 3 Miss,0,MISS Capela Free Throw 2 of 2,,POR,ATL,ATL,1610612737,2024,1082.0,1088.0,1085.0,203991|1626204|1629027|1630700|1642258,1630166|1630703|1631101|1641739|1642270,2024-25,296,0.9508196721311475
116959,04:22,"MISS Young 25' 3PT Jump Shot
Capela REBOUND (Off:3 Def:1)
Grant P.FOUL (P3.PN) (B.Forte)
Young Free Throw 1 of 2 (7 PTS)
Young Free Throw 2 of 2 (8 PTS)
",0,0,1,0,2024-11-17,0022400239,1,1,POR,2,0,7,04:37,Off Steal,0,Young Free Throw 2 of 2 (8 PTS),,POR,ATL,ATL,1610612737,2024,1163.0,1178.0,1170.5,203991|1626204|1629027|1630700|1642258,203924|1630625|1630703|1641739|1642270,2024-25,325,0.9538461538461539
116977,06:55,"Sharpe S.FOUL (P2.T2) (J.Tiven)
Risacher Free Throw 1 of 3 (7 PTS)
Risacher Free Throw 2 of 3 (8 PTS)
Risacher Free Throw 3 of 3 (9 PTS)
",0,0,0,0,2024-11-17,0022400239,0,0,POR,2,1,5,07:03,Off At Rim Make,0,Risacher Free Throw 3 of 3 (9 PTS),,POR,ATL,ATL,1610612737,2024,1017.0,1025.0,1021.0,203991|1626204|1629027|1630700|1642258,1630166|1630703|1631101|1641739|1642270,2024-25,277,0.9577464788732394
116970,05:52,"Clingan S.FOUL (P2.PN) (S.Twardoski)
MISS Capela Free Throw 1 of 2
Hawks Rebound
MISS Capela Free Throw 2 of 2
Avdija REBOUND (Off:2 Def:3)
",0,0,0,0,2024-11-17,0022400239,0,0,POR,2,1,11,05:58,Off Arc 3 Miss,0,Avdija REBOUND (Off:2 Def:3),,POR,ATL,ATL,1610612737,2024,1082.0,1088.0,1085.0,203991|1626204|1629027|1630700|1642258,1630166|1630703|1631101|1641739|1642270,2024-25,288,0.7096774193548387
116973,06:16,"Sharpe P.FOUL (P3.T3) (S.Twardoski)
Henderson P.FOUL (P1.T4) (J.Tiven)
Young 3PT Step Back Jump Shot (6 PTS) (Capela 2 AST)
",0,0,1,1,2024-11-17,0022400239,0,0,POR,2,0,8,06:44,Off Arc 3 Miss,0,Young 3PT Step Back Jump Shot (6 PTS) (Capela 2 AST),,POR,ATL,ATL,1610612737,2024,1036.0,1064.0,1050.0,203991|1626204|1629027|1630700|1642258,1630166|1630703|1631101|1641739|1642270,2024-25,285,0.84
116974,06:55,"Sharpe S.FOUL (P2.T2) (J.Tiven)
Risacher Free Throw 1 of 3 (7 PTS)
Risacher Free Throw 2 of 3 (8 PTS)
Risacher Free Throw 3 of 3 (9 PTS)
",0,0,0,0,2024-11-17,0022400239,0,0,POR,2,1,5,07:03,Off At Rim Make,0,Sharpe S.FOUL (P2.T2) (J.Tiven),,POR,ATL,ATL,1610612737,2024,1017.0,1025.0,1021.0,203991|1626204|1629027|1630700|1642258,1630166|1630703|1631101|1641739|1642270,2024-25,265,0.4418604651162791
116975,06:55,"Sharpe S.FOUL (P2.T2) (J.Tiven)
Risacher Free Throw 1 of 3 (7 PTS)
Risacher Free Throw 2 of 3 (8 PTS)
Risacher Free Throw 3 of 3 (9 PTS)
",0,0,0,0,2024-11-17,0022400239,0,0,POR,2,1,5,07:03,Off At Rim Make,0,Risacher Free Throw 1 of 3 (7 PTS),,POR,ATL,ATL,1610612737,2024,1017.0,1025.0,1021.0,203991|1626204|1629027|1630700|1642258,1630166|1630703|1631101|1641739|1642270,2024-25,275,0.9577464788732394
116976,06:55,"Sharpe S.FOUL (P2.T2) (J.Tiven)
Risacher Free Throw 1 of 3 (7 PTS)
Risacher Free Throw 2 of 3 (8 PTS)
Risacher Free Throw 3 of 3 (9 PTS)
",0,0,0,0,2024-11-17,0022400239,0,0,POR,2,1,5,07:03,Off At Rim Make,0,Risacher Free Throw 2 of 3 (8 PTS),,POR,ATL,ATL,1610612737,2024,1017.0,1025.0,1021.0,203991|1626204|1629027|1630700|1642258,1630166|1630703|1631101|1641739|1642270,2024-25,276,0.9577464788732394
116978,07:06,"Camara STEAL (2 STL): Young Lost Ball Turnover (P3.T13)
",0,0,0,0,2024-11-17,0022400239,0,0,POR,2,0,7,07:15,Off FT Make,1,Camara STEAL (2 STL): Young Lost Ball Turnover (P3.T13),,POR,ATL,ATL,1610612737,2024,1005.0,1014.0,1009.5,203991|1626204|1629027|1630700|1642258,1630166|1630703|1631101|1641739|1642270,2024-25,269,0.6966292134831461
116979,07:31,"MISS Daniels 20' Floating Jump Shot
Hawks Rebound
Camara STEAL (1 STL): Daniels Bad Pass Turnover (P3.T12)
",1,0,0,0,2024-11-17,0022400239,0,1,POR,2,0,8,07:54,Off At Rim Block,1,Camara STEAL (1 STL): Daniels Bad Pass Turnover (P3.T12),,POR,ATL,ATL,1610612737,2024,966.0,989.0,977.5,203991|1626204|1629027|1630700|1642258,1630166|1630703|1631101|1641739|1642270,2024-25,259,0.6813186813186813
116980,07:31,"MISS Daniels 20' Floating Jump Shot
Hawks Rebound
Camara STEAL (1 STL): Daniels Bad Pass Turnover (P3.T12)
",1,0,0,0,2024-11-17,0022400239,0,1,POR,2,0,8,07:54,Off At Rim Block,1,MISS Daniels 20' Floating Jump Shot,,POR,ATL,ATL,1610612737,2024,966.0,989.0,977.5,203991|1626204|1629027|1630700|1642258,1630166|1630703|1631101|1641739|1642270,2024-25,250,0.8823529411764706
116981,07:31,"MISS Daniels 20' Floating Jump Shot
Hawks Rebound
Camara STEAL (1 STL): Daniels Bad Pass Turnover (P3.T12)
",1,0,0,0,2024-11-17,0022400239,0,1,POR,2,0,8,07:54,Off At Rim Block,1,Hawks Rebound,,POR,ATL,ATL,1610612737,2024,966.0,989.0,977.5,203991|1626204|1629027|1630700|1642258,1630166|1630703|1631101|1641739|1642270,2024-25,258,0.5714285714285714
116932,10:12,"Clingan S.FOUL (P1.T1) (J.Tiven)
Risacher Free Throw 1 of 2 (3 PTS)
Risacher Free Throw 2 of 2 (4 PTS)
",0,0,0,0,2024-11-17,0022400239,0,0,POR,1,1,5,10:16,Off Short Mid-Range Miss,0,Risacher Free Throw 2 of 2 (4 PTS),,POR,ATL,ATL,1610612737,2024,104.0,108.0,106.0,203991|1629027|1630552|1630700|1642258,203924|1630703|1631101|1641739|1642270,2024-25,27,0.6857142857142857
116971,06:16,"Sharpe P.FOUL (P3.T3) (S.Twardoski)
Henderson P.FOUL (P1.T4) (J.Tiven)
Young 3PT Step Back Jump Shot (6 PTS) (Capela 2 AST)
",0,0,1,1,2024-11-17,0022400239,0,0,POR,2,0,8,06:44,Off Arc 3 Miss,0,Sharpe P.FOUL (P3.T3) (S.Twardoski),,POR,ATL,ATL,1610612737,2024,1036.0,1064.0,1050.0,203991|1626204|1629027|1630700|1642258,1630166|1630703|1631101|1641739|1642270,2024-25,244,0.18181818181818182
116972,06:16,"Sharpe P.FOUL (P3.T3) (S.Twardoski)
Henderson P.FOUL (P1.T4) (J.Tiven)
Young 3PT Step Back Jump Shot (6 PTS) (Capela 2 AST)
",0,0,1,1,2024-11-17,0022400239,0,0,POR,2,0,8,06:44,Off Arc 3 Miss,0,Henderson P.FOUL (P1.T4) (J.Tiven),,POR,ATL,ATL,1610612737,2024,1036.0,1064.0,1050.0,203991|1626204|1629027|1630700|1642258,1630166|1630703|1631101|1641739|1642270,2024-25,269,0.20588235294117646
117029,09:32,"Grant P.FOUL (P4.T1) (B.Forte)
Henderson S.FOUL (P2.T2) (S.Twardoski)
Young Free Throw 1 of 2 (12 PTS)
Young Free Throw 2 of 2 (13 PTS)
",0,0,0,0,2024-11-17,0022400239,0,0,POR,3,1,3,09:45,Off At Rim Make,0,Henderson S.FOUL (P2.T2) (S.Twardoski),,POR,ATL,ATL,1610612737,2024,1575.0,1588.0,1581.5,203991|1629027|1630552|1630700|1642258,203924|1630703|1631101|1641739|1642270,2024-25,364,0.3950617283950617
116901,04:37,"MISS Risacher 26' 3PT Jump Shot
Nance Jr. REBOUND (Off:1 Def:0)
Banton BLOCK (1 BLK): MISS Daniels 25' 3PT Jump Shot
Hawks Rebound
Hawks Turnover: Shot Clock (T#5)
",0,0,2,0,2024-11-17,0022400239,0,1,POR,1,0,16,05:04,Off Steal,1,MISS Risacher 26' 3PT Jump Shot,,POR,ATL,ATL,1610612737,2024,416.0,443.0,429.5,1626204|1629027|1630168|1630700|1642258,1629057|1630166|1630625|1631200|1641712,2024-25,113,0.7272727272727273
117051,02:48,"Grant S.FOUL (P5.T3) (J.Tiven)
Young Free Throw 1 of 2 (24 PTS)
Young Free Throw 2 of 2 (25 PTS)
",0,0,0,0,2024-11-17,0022400239,0,0,POR,4,1,1,02:51,Off Arc 3 Miss,0,Grant S.FOUL (P5.T3) (J.Tiven),,POR,ATL,ATL,1610612737,2024,2709.0,2712.0,2710.5,1629027|1630168|1630249|1630552|1630700,203924|1629057|1630625|1631101|1641739,2024-25,689,0.4383561643835616
116987,10:47,"Grant S.FOUL (P2.T1) (S.Twardoski)
Johnson Free Throw 1 of 2 (7 PTS)
Johnson Free Throw 2 of 2 (8 PTS)
",0,0,0,0,2024-11-17,0022400239,0,0,POR,2,1,11,10:48,Off Arc 3 Miss,0,Grant S.FOUL (P2.T1) (S.Twardoski),,POR,ATL,ATL,1610612737,2024,792.0,793.0,792.5,1630168|1630249|1630552|1630811|1642258,203924|1629057|1630166|1630625|1641712,2024-25,170,0.208955223880597
116988,10:47,"Grant S.FOUL (P2.T1) (S.Twardoski)
Johnson Free Throw 1 of 2 (7 PTS)
Johnson Free Throw 2 of 2 (8 PTS)
",0,0,0,0,2024-11-17,0022400239,0,0,POR,2,1,11,10:48,Off Arc 3 Miss,0,Johnson Free Throw 1 of 2 (7 PTS),,POR,ATL,ATL,1610612737,2024,792.0,793.0,792.5,1630168|1630249|1630552|1630811|1642258,203924|1629057|1630166|1630625|1641712,2024-25,203,0.19607843137254902
116989,10:47,"Grant S.FOUL (P2.T1) (S.Twardoski)
Johnson Free Throw 1 of 2 (7 PTS)
Johnson Free Throw 2 of 2 (8 PTS)
",0,0,0,0,2024-11-17,0022400239,0,0,POR,2,1,11,10:48,Off Arc 3 Miss,0,Johnson Free Throw 2 of 2 (8 PTS),,POR,ATL,ATL,1610612737,2024,792.0,793.0,792.5,1630168|1630249|1630552|1630811|1642258,203924|1629057|1630166|1630625|1641712,2024-25,208,0.9565217391304348
116990,11:04,"Johnson Out of Bounds Lost Ball Turnover (P2.T8)
",0,0,0,0,2024-11-17,0022400239,0,0,POR,2,0,11,11:07,Off Steal,1,Johnson Out of Bounds Lost Ball Turnover (P2.T8),,POR,ATL,ATL,1610612737,2024,773.0,776.0,774.5,1630168|1630249|1630552|1630811|1642258,203924|1629057|1630166|1630625|1641712,2024-25,198,0.2535211267605634
116991,11:13,"Krejčí Out of Bounds - Bad Pass Turnover Turnover (P1.T7)
",0,0,0,0,2024-11-17,0022400239,0,0,POR,2,0,11,11:13,Off Steal,1,Krejčí Out of Bounds - Bad Pass Turnover Turnover (P1.T7),,POR,ATL,ATL,1610612737,2024,767.0,767.0,767.0,1630168|1630249|1630552|1630811|1642258,203924|1629057|1630166|1630625|1641712,2024-25,194,0.5434782608695652
116992,11:23,"Johnson 1' Cutting Dunk Shot (6 PTS) (Okongwu 1 AST)
",1,1,0,0,2024-11-17,0022400239,0,0,POR,2,0,9,11:37,Off Arc 3 Make,0,Johnson 1' Cutting Dunk Shot (6 PTS) (Okongwu 1 AST),,POR,ATL,ATL,1610612737,2024,743.0,757.0,750.0,1630168|1630249|1630552|1630811|1642258,203924|1629057|1630166|1630625|1641712,2024-25,190,0.8627450980392157
116993,00:00,,0,0,0,0,2024-11-17,0022400239,0,0,POR,3,0,-13,00:03,Off Corner 3 Make,0,,,POR,ATL,ATL,1610612737,2024,2157.0,2160.0,2158.5,1629726|1630168|1630249|1630552|1630811,1629057|1630625|1631101|1631200|1641712,2024-25,501,0.0
116994,00:26,"MISS Mathews 25' 3PT Jump Shot
Williams III REBOUND (Off:2 Def:3)
",0,0,1,0,2024-11-17,0022400239,0,0,POR,3,0,-10,00:37,Off At Rim Block,0,MISS Mathews 25' 3PT Jump Shot,,POR,ATL,ATL,1610612737,2024,2123.0,2134.0,2128.5,1629726|1630168|1630249|1630552|1630811,1629057|1630625|1631101|1631200|1641712,2024-25,543,0.7547169811320755
116995,00:26,"MISS Mathews 25' 3PT Jump Shot
Williams III REBOUND (Off:2 Def:3)
",0,0,1,0,2024-11-17,0022400239,0,0,POR,3,0,-10,00:37,Off At Rim Block,0,Williams III REBOUND (Off:2 Def:3),,POR,ATL,ATL,1610612737,2024,2123.0,2134.0,2128.5,1629726|1630168|1630249|1630552|1630811,1629057|1630625|1631101|1631200|1641712,2024-25,498,0.3018867924528302
116996,00:59,"Mathews 27' 3PT Jump Shot (6 PTS) (Wallace 2 AST)
",0,0,1,1,2024-11-17,0022400239,0,0,POR,3,0,-13,01:14,Off FT Make,0,Mathews 27' 3PT Jump Shot (6 PTS) (Wallace 2 AST),,POR,ATL,ATL,1610612737,2024,2086.0,2101.0,2093.5,1629726|1630168|1630249|1630552|1630811,1629057|1630625|1631101|1631200|1641712,2024-25,536,0.8210526315789474
117009,04:13,"MISS Nance Jr. 25' 3PT Jump Shot
Banton REBOUND (Off:0 Def:3)
",0,0,1,0,2024-11-17,0022400239,0,0,POR,3,0,-1,04:41,Off Arc 3 Make,0,MISS Nance Jr. 25' 3PT Jump Shot,,POR,ATL,ATL,1610612737,2024,1879.0,1907.0,1893.0,1626204|1629027|1629726|1630168|1630700,1629057|1630166|1630625|1631101|1641739,2024-25,480,0.23333333333333334
117010,04:13,"MISS Nance Jr. 25' 3PT Jump Shot
Banton REBOUND (Off:0 Def:3)
",0,0,1,0,2024-11-17,0022400239,0,0,POR,3,0,-1,04:41,Off Arc 3 Make,0,Banton REBOUND (Off:0 Def:3),,POR,ATL,ATL,1610612737,2024,1879.0,1907.0,1893.0,1626204|1629027|1629726|1630168|1630700,1629057|1630166|1630625|1631101|1641739,2024-25,422,0.32432432432432434
116999,01:31,"Murray BLOCK (1 BLK): MISS Johnson 3' Driving Layup
Sharpe REBOUND (Off:0 Def:1)
",1,0,0,0,2024-11-17,0022400239,0,0,POR,3,0,-10,01:52,Off Long Mid-Range Make,0,Sharpe REBOUND (Off:0 Def:1),,POR,ATL,ATL,1610612737,2024,2048.0,2069.0,2058.5,1629726|1630168|1630249|1630552|1630811,1629057|1630625|1631101|1631200|1641712,2024-25,481,0.22727272727272727
117000,02:04,"MISS Krejčí 30' 3PT Jump Shot
TRAIL BLAZERS Rebound
",0,0,1,0,2024-11-17,0022400239,0,0,POR,3,0,-8,02:17,Off Corner 3 Make,0,MISS Krejčí 30' 3PT Jump Shot,,POR,ATL,ATL,1610612737,2024,2023.0,2036.0,2029.5,1629726|1630168|1630249|1630552|1630811,1629057|1630625|1631101|1631200|1641712,2024-25,519,0.7450980392156863
117001,02:04,"MISS Krejčí 30' 3PT Jump Shot
TRAIL BLAZERS Rebound
",0,0,1,0,2024-11-17,0022400239,0,0,POR,3,0,-8,02:17,Off Corner 3 Make,0,TRAIL BLAZERS Rebound,,POR,ATL,ATL,1610612737,2024,2023.0,2036.0,2029.5,1629726|1630168|1630249|1630552|1630811,1629057|1630625|1631101|1631200|1641712,2024-25,479,0.2631578947368421
117002,02:32,"Avdija S.FOUL (P1.T3) (S.Twardoski)
Johnson Free Throw 1 of 2 (16 PTS)
Johnson Free Throw 2 of 2 (17 PTS)
",0,0,0,0,2024-11-17,0022400239,0,0,POR,3,1,-7,02:35,Off Short Mid-Range Miss,0,Johnson Free Throw 1 of 2 (16 PTS),,POR,ATL,ATL,1610612737,2024,2005.0,2008.0,2006.5,1629726|1630168|1630249|1630552|1630811,1629057|1630166|1630625|1631101|1641739,2024-25,511,0.9577464788732394
117003,02:32,"Avdija S.FOUL (P1.T3) (S.Twardoski)
Johnson Free Throw 1 of 2 (16 PTS)
Johnson Free Throw 2 of 2 (17 PTS)
",0,0,0,0,2024-11-17,0022400239,0,0,POR,3,1,-7,02:35,Off Short Mid-Range Miss,0,Avdija S.FOUL (P1.T3) (S.Twardoski),,POR,ATL,ATL,1610612737,2024,2005.0,2008.0,2006.5,1629726|1630168|1630249|1630552|1630811,1629057|1630166|1630625|1631101|1641739,2024-25,469,0.21739130434782608
117004,02:32,"Avdija S.FOUL (P1.T3) (S.Twardoski)
Johnson Free Throw 1 of 2 (16 PTS)
Johnson Free Throw 2 of 2 (17 PTS)
",0,0,0,0,2024-11-17,0022400239,0,0,POR,3,1,-7,02:35,Off Short Mid-Range Miss,0,Johnson Free Throw 2 of 2 (17 PTS),,POR,ATL,ATL,1610612737,2024,2005.0,2008.0,2006.5,1629726|1630168|1630249|1630552|1630811,1629057|1630166|1630625|1631101|1641739,2024-25,516,0.16
117005,02:57,"Avdija STEAL (2 STL): Johnson Bad Pass Turnover (P6.T23)
",0,0,0,0,2024-11-17,0022400239,0,0,POR,3,0,-7,03:15,Off FT Make,1,Avdija STEAL (2 STL): Johnson Bad Pass Turnover (P6.T23),,POR,ATL,ATL,1610612737,2024,1965.0,1983.0,1974.0,1629726|1630168|1630249|1630552|1630811,1629057|1630166|1630625|1631101|1641739,2024-25,505,0.7032967032967034
117006,03:27,"MISS Young 28' 3PT Running Pull-Up Jump Shot
Avdija REBOUND (Off:3 Def:5)
",0,0,1,0,2024-11-17,0022400239,0,0,POR,3,0,-4,03:33,Off At Rim Block,0,Avdija REBOUND (Off:3 Def:5),,POR,ATL,ATL,1610612737,2024,1947.0,1953.0,1950.0,1626204|1629027|1629726|1630168|1630700,1629057|1630166|1630625|1631101|1641739,2024-25,446,0.17777777777777778
117007,03:27,"MISS Young 28' 3PT Running Pull-Up Jump Shot
Avdija REBOUND (Off:3 Def:5)
",0,0,1,0,2024-11-17,0022400239,0,0,POR,3,0,-4,03:33,Off At Rim Block,0,MISS Young 28' 3PT Running Pull-Up Jump Shot,,POR,ATL,ATL,1610612737,2024,1947.0,1953.0,1950.0,1626204|1629027|1629726|1630168|1630700,1629057|1630166|1630625|1631101|1641739,2024-25,492,0.775
117008,03:40,"Camara STEAL (4 STL): Young Lost Ball Turnover (P5.T22)
",0,0,0,0,2024-11-17,0022400239,0,0,POR,3,0,-4,03:56,Off Arc 3 Make,1,Camara STEAL (4 STL): Young Lost Ball Turnover (P5.T22),,POR,ATL,ATL,1610612737,2024,1924.0,1940.0,1932.0,1626204|1629027|1629726|1630168|1630700,1629057|1630166|1630625|1631101|1641739,2024-25,487,0.10256410256410256
116997,01:16,"Sharpe STEAL (1 STL): Wallace Bad Pass Turnover (P1.T24)
",0,0,0,0,2024-11-17,0022400239,0,0,POR,3,0,-10,01:21,Off Steal,1,Sharpe STEAL (1 STL): Wallace Bad Pass Turnover (P1.T24),,POR,ATL,ATL,1610612737,2024,2079.0,2084.0,2081.5,1629726|1630168|1630249|1630552|1630811,1629057|1630625|1631101|1631200|1641712,2024-25,529,0.6813186813186813
117011,05:01,"MISS Daniels 4' Driving Floating Jump Shot
Williams III REBOUND (Off:2 Def:2)
",1,0,0,0,2024-11-17,0022400239,0,0,POR,3,0,2,05:17,Off At Rim Make,0,MISS Daniels 4' Driving Floating Jump Shot,,POR,ATL,ATL,1610612737,2024,1843.0,1859.0,1851.0,1626204|1629027|1629726|1630168|1630700,1629057|1630166|1630625|1631101|1641739,2024-25,475,0.8607594936708861
117036,10:53,"Daniels Offensive Charge Foul (P1) (J.Tiven)
Daniels Offensive Foul Turnover (P5.T17)
",0,0,0,0,2024-11-17,0022400239,0,0,POR,3,0,10,10:54,Off At Rim Block,1,Daniels Offensive Foul Turnover (P5.T17),,POR,ATL,ATL,1610612737,2024,1506.0,1507.0,1506.5,203991|1629027|1630552|1630700|1642258,203924|1630703|1631101|1641739|1642270,2024-25,391,0.2857142857142857
117024,08:44,"Johnson 1' Reverse Layup (15 PTS) (Young 4 AST)
",1,1,0,0,2024-11-17,0022400239,0,0,POR,3,0,7,08:53,Off At Rim Block,0,Johnson 1' Reverse Layup (15 PTS) (Young 4 AST),,POR,ATL,ATL,1610612737,2024,1627.0,1636.0,1631.5,203991|1629027|1630552|1630700|1642258,203924|1630703|1631101|1641739|1642270,2024-25,417,0.21686746987951808
117074,07:56,"MISS Daniels 25' 3PT Pullup Jump Shot
Clingan REBOUND (Off:4 Def:3)
",0,0,1,0,2024-11-17,0022400239,0,0,POR,4,0,-9,08:21,Off Dead Ball,0,Clingan REBOUND (Off:4 Def:3),,POR,ATL,ATL,1610612737,2024,2379.0,2404.0,2391.5,1629027|1630168|1630552|1630700|1630811,1630166|1630703|1631101|1641739|1642270,2024-25,604,0.6666666666666666
117013,05:25,"Okongwu Out of Bounds Lost Ball Turnover (P2.T21)
",0,0,0,0,2024-11-17,0022400239,0,0,POR,3,0,4,05:45,Off Timeout,1,Okongwu Out of Bounds Lost Ball Turnover (P2.T21),,POR,ATL,ATL,1610612737,2024,1815.0,1835.0,1825.0,1626204|1629027|1629726|1630168|1630700,1629057|1630166|1630625|1631101|1641739,2024-25,410,0.2978723404255319
117014,05:49,"Avdija STEAL (1 STL): Okongwu Bad Pass Turnover (P1.T20)
",0,0,0,0,2024-11-17,0022400239,0,0,POR,3,0,6,06:12,Off At Rim Make,1,Avdija STEAL (1 STL): Okongwu Bad Pass Turnover (P1.T20),,POR,ATL,ATL,1610612737,2024,1788.0,1811.0,1799.5,203991|1626204|1629027|1630700|1642258,1629057|1630166|1630625|1631101|1641739,2024-25,465,0.6813186813186813
116985,09:48,"Krejčí 29' 3PT Pullup Jump Shot (3 PTS) (Wallace 1 AST)
",0,0,1,1,2024-11-17,0022400239,0,0,POR,2,0,9,10:02,Off At Rim Make,0,Krejčí 29' 3PT Pullup Jump Shot (3 PTS) (Wallace 1 AST),,POR,ATL,ATL,1610612737,2024,838.0,852.0,845.0,1630168|1630249|1630552|1630811|1642258,203924|1629057|1630166|1630703|1631101,2024-25,218,0.8301886792452831
117016,06:14,"Williams III BLOCK (1 BLK): MISS Daniels 6' Driving Layup
Hawks Rebound
MISS Young 4' Jump Shot
Banton REBOUND (Off:0 Def:2)
",2,0,0,0,2024-11-17,0022400239,0,1,POR,3,0,8,06:41,Off At Rim Make,0,Hawks Rebound,,POR,ATL,ATL,1610612737,2024,1759.0,1786.0,1772.5,203991|1626204|1629027|1630700|1642258,1629057|1630166|1630625|1631101|1641739,2024-25,456,0.5714285714285714
117017,06:14,"Williams III BLOCK (1 BLK): MISS Daniels 6' Driving Layup
Hawks Rebound
MISS Young 4' Jump Shot
Banton REBOUND (Off:0 Def:2)
",2,0,0,0,2024-11-17,0022400239,0,1,POR,3,0,8,06:41,Off At Rim Make,0,MISS Young 4' Jump Shot,,POR,ATL,ATL,1610612737,2024,1759.0,1786.0,1772.5,203991|1626204|1629027|1630700|1642258,1629057|1630166|1630625|1631101|1641739,2024-25,458,0.8695652173913043
117018,06:14,"Williams III BLOCK (1 BLK): MISS Daniels 6' Driving Layup
Hawks Rebound
MISS Young 4' Jump Shot
Banton REBOUND (Off:0 Def:2)
",2,0,0,0,2024-11-17,0022400239,0,1,POR,3,0,8,06:41,Off At Rim Make,0,Banton REBOUND (Off:0 Def:2),,POR,ATL,ATL,1610612737,2024,1759.0,1786.0,1772.5,203991|1626204|1629027|1630700|1642258,1629057|1630166|1630625|1631101|1641739,2024-25,444,0.7213114754098361
117019,06:58,"MISS Daniels 3PT Jump Shot
TRAIL BLAZERS Rebound
",0,0,1,0,2024-11-17,0022400239,0,0,POR,3,0,10,07:13,Off Dead Ball,0,MISS Daniels 3PT Jump Shot,,POR,ATL,ATL,1610612737,2024,1727.0,1742.0,1734.5,203991|1629027|1630552|1630700|1642258,1630166|1630703|1631101|1641739|1642270,2024-25,440,0.7111111111111111
117020,06:58,"MISS Daniels 3PT Jump Shot
TRAIL BLAZERS Rebound
",0,0,1,0,2024-11-17,0022400239,0,0,POR,3,0,10,07:13,Off Dead Ball,0,TRAIL BLAZERS Rebound,,POR,ATL,ATL,1610612737,2024,1727.0,1742.0,1734.5,203991|1629027|1630552|1630700|1642258,1630166|1630703|1631101|1641739|1642270,2024-25,435,0.4528301886792453
117021,07:25,"Capela 2' Cutting Dunk Shot (8 PTS) (Daniels 3 AST)
",1,1,0,0,2024-11-17,0022400239,0,0,POR,3,0,8,07:44,Off Arc 3 Make,0,Capela 2' Cutting Dunk Shot (8 PTS) (Daniels 3 AST),,POR,ATL,ATL,1610612737,2024,1696.0,1715.0,1705.5,203991|1629027|1630552|1630700|1642258,203924|1630703|1631101|1641739|1642270,2024-25,433,0.21333333333333335
117022,07:54,"Young 3' Driving Floating Jump Shot (15 PTS)
",1,1,0,0,2024-11-17,0022400239,0,0,POR,3,0,9,08:06,Off Dead Ball,0,Young 3' Driving Floating Jump Shot (15 PTS),,POR,ATL,ATL,1610612737,2024,1674.0,1686.0,1680.0,203991|1629027|1630552|1630700|1642258,203924|1630703|1631101|1641739|1642270,2024-25,383,0.2127659574468085
117012,05:01,"MISS Daniels 4' Driving Floating Jump Shot
Williams III REBOUND (Off:2 Def:2)
",1,0,0,0,2024-11-17,0022400239,0,0,POR,3,0,2,05:17,Off At Rim Make,0,Williams III REBOUND (Off:2 Def:2),,POR,ATL,ATL,1610612737,2024,1843.0,1859.0,1851.0,1626204|1629027|1629726|1630168|1630700,1629057|1630166|1630625|1631101|1641739,2024-25,468,0.2028985507246377
117023,08:20,"Risacher Step Out of Bounds Turnover (P2.T19)
",0,0,0,0,2024-11-17,0022400239,0,0,POR,3,0,9,08:29,Off Dead Ball,1,Risacher Step Out of Bounds Turnover (P2.T19),,POR,ATL,ATL,1610612737,2024,1651.0,1660.0,1655.5,203991|1629027|1630552|1630700|1642258,203924|1630703|1631101|1641739|1642270,2024-25,422,0.8571428571428571
117025,09:04,"Clingan BLOCK (3 BLK): MISS Risacher 6' Floating Jump Shot
Risacher REBOUND (Off:1 Def:2)
Risacher 3' Layup (11 PTS)
",2,1,0,0,2024-11-17,0022400239,0,1,POR,3,0,5,09:17,Off Long Mid-Range Miss,0,Clingan BLOCK (3 BLK): MISS Risacher 6' Floating Jump Shot,,POR,ATL,ATL,1610612737,2024,1603.0,1616.0,1609.5,203991|1629027|1630552|1630700|1642258,203924|1630703|1631101|1641739|1642270,2024-25,410,0.13592233009708737
117026,09:04,"Clingan BLOCK (3 BLK): MISS Risacher 6' Floating Jump Shot
Risacher REBOUND (Off:1 Def:2)
Risacher 3' Layup (11 PTS)
",2,1,0,0,2024-11-17,0022400239,0,1,POR,3,0,5,09:17,Off Long Mid-Range Miss,0,Risacher REBOUND (Off:1 Def:2),,POR,ATL,ATL,1610612737,2024,1603.0,1616.0,1609.5,203991|1629027|1630552|1630700|1642258,203924|1630703|1631101|1641739|1642270,2024-25,412,0.36065573770491804
117027,09:04,"Clingan BLOCK (3 BLK): MISS Risacher 6' Floating Jump Shot
Risacher REBOUND (Off:1 Def:2)
Risacher 3' Layup (11 PTS)
",2,1,0,0,2024-11-17,0022400239,0,1,POR,3,0,5,09:17,Off Long Mid-Range Miss,0,Risacher 3' Layup (11 PTS),,POR,ATL,ATL,1610612737,2024,1603.0,1616.0,1609.5,203991|1629027|1630552|1630700|1642258,203924|1630703|1631101|1641739|1642270,2024-25,413,0.8846153846153846
117028,09:32,"Grant P.FOUL (P4.T1) (B.Forte)
Henderson S.FOUL (P2.T2) (S.Twardoski)
Young Free Throw 1 of 2 (12 PTS)
Young Free Throw 2 of 2 (13 PTS)
",0,0,0,0,2024-11-17,0022400239,0,0,POR,3,1,3,09:45,Off At Rim Make,0,Grant P.FOUL (P4.T1) (B.Forte),,POR,ATL,ATL,1610612737,2024,1575.0,1588.0,1581.5,203991|1629027|1630552|1630700|1642258,203924|1630703|1631101|1641739|1642270,2024-25,399,0.31746031746031744
117030,09:32,"Grant P.FOUL (P4.T1) (B.Forte)
Henderson S.FOUL (P2.T2) (S.Twardoski)
Young Free Throw 1 of 2 (12 PTS)
Young Free Throw 2 of 2 (13 PTS)
",0,0,0,0,2024-11-17,0022400239,0,0,POR,3,1,3,09:45,Off At Rim Make,0,Young Free Throw 1 of 2 (12 PTS),,POR,ATL,ATL,1610612737,2024,1575.0,1588.0,1581.5,203991|1629027|1630552|1630700|1642258,203924|1630703|1631101|1641739|1642270,2024-25,406,0.9552238805970149
117031,09:32,"Grant P.FOUL (P4.T1) (B.Forte)
Henderson S.FOUL (P2.T2) (S.Twardoski)
Young Free Throw 1 of 2 (12 PTS)
Young Free Throw 2 of 2 (13 PTS)
",0,0,0,0,2024-11-17,0022400239,0,0,POR,3,1,3,09:45,Off At Rim Make,0,Young Free Throw 2 of 2 (13 PTS),,POR,ATL,ATL,1610612737,2024,1575.0,1588.0,1581.5,203991|1629027|1630552|1630700|1642258,203924|1630703|1631101|1641739|1642270,2024-25,407,0.9552238805970149
117032,09:48,"Grant STEAL (3 STL): Risacher Lost Ball Turnover (P1.T18)
",0,0,0,0,2024-11-17,0022400239,0,0,POR,3,0,5,10:06,Off Arc 3 Make,1,Grant STEAL (3 STL): Risacher Lost Ball Turnover (P1.T18),,POR,ATL,ATL,1610612737,2024,1554.0,1572.0,1563.0,203991|1629027|1630552|1630700|1642258,203924|1630703|1631101|1641739|1642270,2024-25,351,0.08333333333333333
117033,10:19,"MISS Daniels 28' 3PT Jump Shot
TRAIL BLAZERS Rebound
",0,0,1,0,2024-11-17,0022400239,0,0,POR,3,0,8,10:38,Off At Rim Make,0,MISS Daniels 28' 3PT Jump Shot,,POR,ATL,ATL,1610612737,2024,1522.0,1541.0,1531.5,203991|1629027|1630552|1630700|1642258,203924|1630703|1631101|1641739|1642270,2024-25,338,0.42424242424242425
117034,10:19,"MISS Daniels 28' 3PT Jump Shot
TRAIL BLAZERS Rebound
",0,0,1,0,2024-11-17,0022400239,0,0,POR,3,0,8,10:38,Off At Rim Make,0,TRAIL BLAZERS Rebound,,POR,ATL,ATL,1610612737,2024,1522.0,1541.0,1531.5,203991|1629027|1630552|1630700|1642258,203924|1630703|1631101|1641739|1642270,2024-25,341,0.375
117035,10:53,"Daniels Offensive Charge Foul (P1) (J.Tiven)
Daniels Offensive Foul Turnover (P5.T17)
",0,0,0,0,2024-11-17,0022400239,0,0,POR,3,0,10,10:54,Off At Rim Block,1,Daniels Offensive Charge Foul (P1) (J.Tiven),,POR,ATL,ATL,1610612737,2024,1506.0,1507.0,1506.5,203991|1629027|1630552|1630700|1642258,203924|1630703|1631101|1641739|1642270,2024-25,391,0.24691358024691357
116998,01:31,"Murray BLOCK (1 BLK): MISS Johnson 3' Driving Layup
Sharpe REBOUND (Off:0 Def:1)
",1,0,0,0,2024-11-17,0022400239,0,0,POR,3,0,-10,01:52,Off Long Mid-Range Make,0,Murray BLOCK (1 BLK): MISS Johnson 3' Driving Layup,,POR,ATL,ATL,1610612737,2024,2048.0,2069.0,2058.5,1629726|1630168|1630249|1630552|1630811,1629057|1630625|1631101|1631200|1641712,2024-25,471,0.17391304347826086
116986,10:17,"Johnson Out of Bounds - Bad Pass Turnover Turnover (P3.T9)
",0,0,0,0,2024-11-17,0022400239,0,0,POR,2,0,11,10:28,Off FT Make,1,Johnson Out of Bounds - Bad Pass Turnover Turnover (P3.T9),,POR,ATL,ATL,1610612737,2024,812.0,823.0,817.5,1630168|1630249|1630552|1630811|1642258,203924|1629057|1630166|1630703|1631101,2024-25,213,0.5420560747663551
117015,06:14,"Williams III BLOCK (1 BLK): MISS Daniels 6' Driving Layup
Hawks Rebound
MISS Young 4' Jump Shot
Banton REBOUND (Off:0 Def:2)
",2,0,0,0,2024-11-17,0022400239,0,1,POR,3,0,8,06:41,Off At Rim Make,0,Williams III BLOCK (1 BLK): MISS Daniels 6' Driving Layup,,POR,ATL,ATL,1610612737,2024,1759.0,1786.0,1772.5,203991|1626204|1629027|1630700|1642258,1629057|1630166|1630625|1631101|1641739,2024-25,454,0.5416666666666666
117039,00:15,"Young 2' Cutting Layup Shot (29 PTS) (Okongwu 3 AST)
",1,1,0,0,2024-11-17,0022400239,0,0,POR,4,0,-3,00:18,Off Timeout,0,Young 2' Cutting Layup Shot (29 PTS) (Okongwu 3 AST),,POR,ATL,ATL,1610612737,2024,2862.0,2865.0,2863.5,1629027|1630168|1630249|1630552|1630700,203924|1629057|1630703|1631101|1641739,2024-25,728,0.8627450980392157
117040,00:40,"MISS Daniels 9' Driving Floating Jump Shot
Krejčí REBOUND (Off:1 Def:1)
Grant BLOCK (2 BLK): MISS Krejčí 1' Putback Layup
Hawks Rebound
Sharpe STEAL (2 STL): Daniels Bad Pass Turnover (P6.T26)
",2,0,0,0,2024-11-17,0022400239,0,2,POR,4,0,-1,01:03,Off Arc 3 Make,1,MISS Daniels 9' Driving Floating Jump Shot,,POR,ATL,ATL,1610612737,2024,2817.0,2840.0,2828.5,1629027|1630168|1630249|1630552|1630700,203924|1629057|1630703|1631101|1641739,2024-25,710,0.8780487804878049
117041,00:40,"MISS Daniels 9' Driving Floating Jump Shot
Krejčí REBOUND (Off:1 Def:1)
Grant BLOCK (2 BLK): MISS Krejčí 1' Putback Layup
Hawks Rebound
Sharpe STEAL (2 STL): Daniels Bad Pass Turnover (P6.T26)
",2,0,0,0,2024-11-17,0022400239,0,2,POR,4,0,-1,01:03,Off Arc 3 Make,1,Krejčí REBOUND (Off:1 Def:1),,POR,ATL,ATL,1610612737,2024,2817.0,2840.0,2828.5,1629027|1630168|1630249|1630552|1630700,203924|1629057|1630703|1631101|1641739,2024-25,711,0.9491525423728814
117042,00:40,"MISS Daniels 9' Driving Floating Jump Shot
Krejčí REBOUND (Off:1 Def:1)
Grant BLOCK (2 BLK): MISS Krejčí 1' Putback Layup
Hawks Rebound
Sharpe STEAL (2 STL): Daniels Bad Pass Turnover (P6.T26)
",2,0,0,0,2024-11-17,0022400239,0,2,POR,4,0,-1,01:03,Off Arc 3 Make,1,Grant BLOCK (2 BLK): MISS Krejčí 1' Putback Layup,,POR,ATL,ATL,1610612737,2024,2817.0,2840.0,2828.5,1629027|1630168|1630249|1630552|1630700,203924|1629057|1630703|1631101|1641739,2024-25,712,0.1728395061728395
117043,00:40,"MISS Daniels 9' Driving Floating Jump Shot
Krejčí REBOUND (Off:1 Def:1)
Grant BLOCK (2 BLK): MISS Krejčí 1' Putback Layup
Hawks Rebound
Sharpe STEAL (2 STL): Daniels Bad Pass Turnover (P6.T26)
",2,0,0,0,2024-11-17,0022400239,0,2,POR,4,0,-1,01:03,Off Arc 3 Make,1,Hawks Rebound,,POR,ATL,ATL,1610612737,2024,2817.0,2840.0,2828.5,1629027|1630168|1630249|1630552|1630700,203924|1629057|1630703|1631101|1641739,2024-25,643,0.1935483870967742
117044,00:40,"MISS Daniels 9' Driving Floating Jump Shot
Krejčí REBOUND (Off:1 Def:1)
Grant BLOCK (2 BLK): MISS Krejčí 1' Putback Layup
Hawks Rebound
Sharpe STEAL (2 STL): Daniels Bad Pass Turnover (P6.T26)
",2,0,0,0,2024-11-17,0022400239,0,2,POR,4,0,-1,01:03,Off Arc 3 Make,1,Sharpe STEAL (2 STL): Daniels Bad Pass Turnover (P6.T26),,POR,ATL,ATL,1610612737,2024,2817.0,2840.0,2828.5,1629027|1630168|1630249|1630552|1630700,203924|1629057|1630703|1631101|1641739,2024-25,716,0.6813186813186813
117045,01:30,"Camara S.FOUL (P4.T4) (J.Tiven)
Young Free Throw 1 of 3 (26 PTS)
MISS Young Free Throw 2 of 3
Hawks Rebound
Young Free Throw 3 of 3 (27 PTS)
",0,0,0,0,2024-11-17,0022400239,0,0,POR,4,1,1,01:47,Off Long Mid-Range Make,0,Camara S.FOUL (P4.T4) (J.Tiven),,POR,ATL,ATL,1610612737,2024,2773.0,2790.0,2781.5,1629027|1630168|1630249|1630552|1630700,203924|1629057|1630703|1631101|1641739,2024-25,703,0.34210526315789475
117046,01:30,"Camara S.FOUL (P4.T4) (J.Tiven)
Young Free Throw 1 of 3 (26 PTS)
MISS Young Free Throw 2 of 3
Hawks Rebound
Young Free Throw 3 of 3 (27 PTS)
",0,0,0,0,2024-11-17,0022400239,0,0,POR,4,1,1,01:47,Off Long Mid-Range Make,0,Young Free Throw 1 of 3 (26 PTS),,POR,ATL,ATL,1610612737,2024,2773.0,2790.0,2781.5,1629027|1630168|1630249|1630552|1630700,203924|1629057|1630703|1631101|1641739,2024-25,685,0.125
117047,01:30,"Camara S.FOUL (P4.T4) (J.Tiven)
Young Free Throw 1 of 3 (26 PTS)
MISS Young Free Throw 2 of 3
Hawks Rebound
Young Free Throw 3 of 3 (27 PTS)
",0,0,0,0,2024-11-17,0022400239,0,0,POR,4,1,1,01:47,Off Long Mid-Range Make,0,MISS Young Free Throw 2 of 3,,POR,ATL,ATL,1610612737,2024,2773.0,2790.0,2781.5,1629027|1630168|1630249|1630552|1630700,203924|1629057|1630703|1631101|1641739,2024-25,699,0.7301587301587301
117048,01:30,"Camara S.FOUL (P4.T4) (J.Tiven)
Young Free Throw 1 of 3 (26 PTS)
MISS Young Free Throw 2 of 3
Hawks Rebound
Young Free Throw 3 of 3 (27 PTS)
",0,0,0,0,2024-11-17,0022400239,0,0,POR,4,1,1,01:47,Off Long Mid-Range Make,0,Hawks Rebound,,POR,ATL,ATL,1610612737,2024,2773.0,2790.0,2781.5,1629027|1630168|1630249|1630552|1630700,203924|1629057|1630703|1631101|1641739,2024-25,700,0.16666666666666666
117049,01:30,"Camara S.FOUL (P4.T4) (J.Tiven)
Young Free Throw 1 of 3 (26 PTS)
MISS Young Free Throw 2 of 3
Hawks Rebound
Young Free Throw 3 of 3 (27 PTS)
",0,0,0,0,2024-11-17,0022400239,0,0,POR,4,1,1,01:47,Off Long Mid-Range Make,0,Young Free Throw 3 of 3 (27 PTS),,POR,ATL,ATL,1610612737,2024,2773.0,2790.0,2781.5,1629027|1630168|1630249|1630552|1630700,203924|1629057|1630703|1631101|1641739,2024-25,701,0.9552238805970149
117062,05:34,"Camara P.FOUL (P2.T2) (S.Twardoski)
MISS Young 3PT Step Back Jump Shot
Daniels REBOUND (Off:4 Def:3)
MISS Daniels 9' Driving Floating Bank Jump Shot
Okongwu REBOUND (Off:1 Def:7)
MISS Okongwu Tip Layup Shot
Daniels REBOUND (Off:5 Def:3)
Young 3PT Jump Shot (20 PTS) (Daniels 4 AST)
",2,0,2,1,2024-11-17,0022400239,0,3,POR,4,0,-3,06:00,Off Timeout,0,MISS Daniels 9' Driving Floating Bank Jump Shot,,POR,ATL,ATL,1610612737,2024,2520.0,2546.0,2533.0,1629027|1630168|1630552|1630700|1630811,203924|1629057|1630625|1631101|1641739,2024-25,642,0.17073170731707318
117063,05:34,"Camara P.FOUL (P2.T2) (S.Twardoski)
MISS Young 3PT Step Back Jump Shot
Daniels REBOUND (Off:4 Def:3)
MISS Daniels 9' Driving Floating Bank Jump Shot
Okongwu REBOUND (Off:1 Def:7)
MISS Okongwu Tip Layup Shot
Daniels REBOUND (Off:5 Def:3)
Young 3PT Jump Shot (20 PTS) (Daniels 4 AST)
",2,0,2,1,2024-11-17,0022400239,0,3,POR,4,0,-3,06:00,Off Timeout,0,Okongwu REBOUND (Off:1 Def:7),,POR,ATL,ATL,1610612737,2024,2520.0,2546.0,2533.0,1629027|1630168|1630552|1630700|1630811,203924|1629057|1630625|1631101|1641739,2024-25,585,0.34615384615384615
117052,02:48,"Grant S.FOUL (P5.T3) (J.Tiven)
Young Free Throw 1 of 2 (24 PTS)
Young Free Throw 2 of 2 (25 PTS)
",0,0,0,0,2024-11-17,0022400239,0,0,POR,4,1,1,02:51,Off Arc 3 Miss,0,Young Free Throw 1 of 2 (24 PTS),,POR,ATL,ATL,1610612737,2024,2709.0,2712.0,2710.5,1629027|1630168|1630249|1630552|1630700,203924|1629057|1630625|1631101|1641739,2024-25,677,0.9552238805970149
117053,02:48,"Grant S.FOUL (P5.T3) (J.Tiven)
Young Free Throw 1 of 2 (24 PTS)
Young Free Throw 2 of 2 (25 PTS)
",0,0,0,0,2024-11-17,0022400239,0,0,POR,4,1,1,02:51,Off Arc 3 Miss,0,Young Free Throw 2 of 2 (25 PTS),,POR,ATL,ATL,1610612737,2024,2709.0,2712.0,2710.5,1629027|1630168|1630249|1630552|1630700,203924|1629057|1630625|1631101|1641739,2024-25,678,0.3218390804597701
117054,03:07,"MISS Daniels 2' Driving Floating Jump Shot
Okongwu REBOUND (Off:2 Def:8)
MISS Okongwu Tip Layup Shot
Williams III REBOUND (Off:3 Def:5)
",2,0,0,0,2024-11-17,0022400239,0,1,POR,4,0,1,03:21,Off Arc 3 Miss,0,MISS Daniels 2' Driving Floating Jump Shot,,POR,ATL,ATL,1610612737,2024,2679.0,2693.0,2686.0,1629027|1630168|1630249|1630552|1630700,203924|1629057|1630625|1631101|1641739,2024-25,668,0.42718446601941745
117055,03:07,"MISS Daniels 2' Driving Floating Jump Shot
Okongwu REBOUND (Off:2 Def:8)
MISS Okongwu Tip Layup Shot
Williams III REBOUND (Off:3 Def:5)
",2,0,0,0,2024-11-17,0022400239,0,1,POR,4,0,1,03:21,Off Arc 3 Miss,0,Okongwu REBOUND (Off:2 Def:8),,POR,ATL,ATL,1610612737,2024,2679.0,2693.0,2686.0,1629027|1630168|1630249|1630552|1630700,203924|1629057|1630625|1631101|1641739,2024-25,669,0.8135593220338984
117056,03:07,"MISS Daniels 2' Driving Floating Jump Shot
Okongwu REBOUND (Off:2 Def:8)
MISS Okongwu Tip Layup Shot
Williams III REBOUND (Off:3 Def:5)
",2,0,0,0,2024-11-17,0022400239,0,1,POR,4,0,1,03:21,Off Arc 3 Miss,0,MISS Okongwu Tip Layup Shot,,POR,ATL,ATL,1610612737,2024,2679.0,2693.0,2686.0,1629027|1630168|1630249|1630552|1630700,203924|1629057|1630625|1631101|1641739,2024-25,670,0.509090909090909
117057,03:07,"MISS Daniels 2' Driving Floating Jump Shot
Okongwu REBOUND (Off:2 Def:8)
MISS Okongwu Tip Layup Shot
Williams III REBOUND (Off:3 Def:5)
",2,0,0,0,2024-11-17,0022400239,0,1,POR,4,0,1,03:21,Off Arc 3 Miss,0,Williams III REBOUND (Off:3 Def:5),,POR,ATL,ATL,1610612737,2024,2679.0,2693.0,2686.0,1629027|1630168|1630249|1630552|1630700,203924|1629057|1630625|1631101|1641739,2024-25,619,0.3132530120481928
117058,03:59,"Young 29' 3PT Jump Shot (23 PTS) (Krejčí 3 AST)
",0,0,1,1,2024-11-17,0022400239,0,0,POR,4,0,-2,04:12,Off Timeout,0,Young 29' 3PT Jump Shot (23 PTS) (Krejčí 3 AST),,POR,ATL,ATL,1610612737,2024,2628.0,2641.0,2634.5,1629027|1630168|1630249|1630552|1630700,203924|1629057|1630625|1631101|1641739,2024-25,662,0.23684210526315788
117059,04:23,"Johnson Out of Bounds - Bad Pass Turnover Turnover (P7.T25)
",0,0,0,0,2024-11-17,0022400239,0,0,POR,4,0,-2,04:39,Off Short Mid-Range Make,1,Johnson Out of Bounds - Bad Pass Turnover Turnover (P7.T25),,POR,ATL,ATL,1610612737,2024,2601.0,2617.0,2609.0,1629027|1630168|1630249|1630552|1630700,203924|1629057|1630625|1631101|1641739,2024-25,682,0.5370370370370371
117061,04:58,"MISS Wallace 29' 3PT Jump Shot
Williams III REBOUND (Off:3 Def:4)
",0,0,1,0,2024-11-17,0022400239,0,0,POR,4,0,0,05:19,Off Dead Ball,0,MISS Wallace 29' 3PT Jump Shot,,POR,ATL,ATL,1610612737,2024,2561.0,2582.0,2571.5,1629027|1630168|1630552|1630700|1630811,203924|1629057|1630625|1631101|1641739,2024-25,651,0.125
117037,11:25,"Capela 2' Reverse Layup (6 PTS) (Johnson 4 AST)
",1,1,0,0,2024-11-17,0022400239,0,0,POR,3,0,8,11:44,Off Steal,0,Capela 2' Reverse Layup (6 PTS) (Johnson 4 AST),,POR,ATL,ATL,1610612737,2024,1456.0,1475.0,1465.5,203991|1629027|1630552|1630700|1642258,203924|1630703|1631101|1641739|1642270,2024-25,383,0.9072164948453608
117050,02:13,"Johnson 1' Driving Layup (25 PTS) (Young 8 AST)
",1,1,0,0,2024-11-17,0022400239,0,0,POR,4,0,1,02:27,Off At Rim Make,0,Johnson 1' Driving Layup (25 PTS) (Young 8 AST),,POR,ATL,ATL,1610612737,2024,2733.0,2747.0,2740.0,1629027|1630168|1630249|1630552|1630700,203924|1629057|1630703|1631101|1641739,2024-25,685,0.2857142857142857
117064,05:34,"Camara P.FOUL (P2.T2) (S.Twardoski)
MISS Young 3PT Step Back Jump Shot
Daniels REBOUND (Off:4 Def:3)
MISS Daniels 9' Driving Floating Bank Jump Shot
Okongwu REBOUND (Off:1 Def:7)
MISS Okongwu Tip Layup Shot
Daniels REBOUND (Off:5 Def:3)
Young 3PT Jump Shot (20 PTS) (Daniels 4 AST)
",2,0,2,1,2024-11-17,0022400239,0,3,POR,4,0,-3,06:00,Off Timeout,0,MISS Okongwu Tip Layup Shot,,POR,ATL,ATL,1610612737,2024,2520.0,2546.0,2533.0,1629027|1630168|1630552|1630700|1630811,203924|1629057|1630625|1631101|1641739,2024-25,644,0.8461538461538461
117060,04:58,"MISS Wallace 29' 3PT Jump Shot
Williams III REBOUND (Off:3 Def:4)
",0,0,1,0,2024-11-17,0022400239,0,0,POR,4,0,0,05:19,Off Dead Ball,0,Williams III REBOUND (Off:3 Def:4),,POR,ATL,ATL,1610612737,2024,2561.0,2582.0,2571.5,1629027|1630168|1630552|1630700|1630811,203924|1629057|1630625|1631101|1641739,2024-25,584,0.42857142857142855
117078,09:34,"Avdija BLOCK (1 BLK): MISS Young 3' Running Layup
Hawks Rebound
MISS Wallace 3PT Jump Shot
Clingan REBOUND (Off:3 Def:2)
",1,0,1,0,2024-11-17,0022400239,0,1,POR,4,0,-11,09:42,Off Long Mid-Range Miss,0,Clingan REBOUND (Off:3 Def:2),,POR,ATL,ATL,1610612737,2024,2298.0,2306.0,2302.0,1629027|1630168|1630552|1630700|1630811,203924|1630166|1630703|1641739|1642270,2024-25,555,0.26666666666666666
117038,00:01,"Sharpe STEAL (3 STL): Young Bad Pass Turnover (P6.T27)
",0,0,0,0,2024-11-17,0022400239,0,0,POR,4,0,-2,00:09,Off Timeout,1,Sharpe STEAL (3 STL): Young Bad Pass Turnover (P6.T27),,POR,ATL,ATL,1610612737,2024,2871.0,2879.0,2875.0,1629027|1630168|1630249|1630552|1630700,203924|1629057|1630703|1631101|1641739,2024-25,743,0.6896551724137931
117067,05:34,"Camara P.FOUL (P2.T2) (S.Twardoski)
MISS Young 3PT Step Back Jump Shot
Daniels REBOUND (Off:4 Def:3)
MISS Daniels 9' Driving Floating Bank Jump Shot
Okongwu REBOUND (Off:1 Def:7)
MISS Okongwu Tip Layup Shot
Daniels REBOUND (Off:5 Def:3)
Young 3PT Jump Shot (20 PTS) (Daniels 4 AST)
",2,0,2,1,2024-11-17,0022400239,0,3,POR,4,0,-3,06:00,Off Timeout,0,Daniels REBOUND (Off:4 Def:3),,POR,ATL,ATL,1610612737,2024,2520.0,2546.0,2533.0,1629027|1630168|1630552|1630700|1630811,203924|1629057|1630625|1631101|1641739,2024-25,641,0.24390243902439024
117068,05:34,"Camara P.FOUL (P2.T2) (S.Twardoski)
MISS Young 3PT Step Back Jump Shot
Daniels REBOUND (Off:4 Def:3)
MISS Daniels 9' Driving Floating Bank Jump Shot
Okongwu REBOUND (Off:1 Def:7)
MISS Okongwu Tip Layup Shot
Daniels REBOUND (Off:5 Def:3)
Young 3PT Jump Shot (20 PTS) (Daniels 4 AST)
",2,0,2,1,2024-11-17,0022400239,0,3,POR,4,0,-3,06:00,Off Timeout,0,MISS Young 3PT Step Back Jump Shot,,POR,ATL,ATL,1610612737,2024,2520.0,2546.0,2533.0,1629027|1630168|1630552|1630700|1630811,203924|1629057|1630625|1631101|1641739,2024-25,640,0.21212121212121213
117069,05:34,"Camara P.FOUL (P2.T2) (S.Twardoski)
MISS Young 3PT Step Back Jump Shot
Daniels REBOUND (Off:4 Def:3)
MISS Daniels 9' Driving Floating Bank Jump Shot
Okongwu REBOUND (Off:1 Def:7)
MISS Okongwu Tip Layup Shot
Daniels REBOUND (Off:5 Def:3)
Young 3PT Jump Shot (20 PTS) (Daniels 4 AST)
",2,0,2,1,2024-11-17,0022400239,0,3,POR,4,0,-3,06:00,Off Timeout,0,Camara P.FOUL (P2.T2) (S.Twardoski),,POR,ATL,ATL,1610612737,2024,2520.0,2546.0,2533.0,1629027|1630168|1630552|1630700|1630811,203924|1629057|1630625|1631101|1641739,2024-25,619,0.19047619047619047
117070,06:21,"Johnson 2' Running Finger Roll Layup (23 PTS) (Young 7 AST)
",1,1,0,0,2024-11-17,0022400239,0,0,POR,4,0,-5,06:27,Off Steal,0,Johnson 2' Running Finger Roll Layup (23 PTS) (Young 7 AST),,POR,ATL,ATL,1610612737,2024,2493.0,2499.0,2496.0,1629027|1630168|1630552|1630700|1630811,1630166|1630703|1631101|1641739|1642270,2024-25,627,0.32967032967032966
117071,06:56,"Johnson Running Dunk (21 PTS)
",1,1,0,0,2024-11-17,0022400239,0,0,POR,4,0,-7,07:02,Off Corner 3 Miss,0,Johnson Running Dunk (21 PTS),,POR,ATL,ATL,1610612737,2024,2458.0,2464.0,2461.0,1629027|1630168|1630552|1630700|1630811,1630166|1630703|1631101|1641739|1642270,2024-25,621,0.9508196721311475
117072,07:31,"Okongwu 2' Layup (11 PTS) (Young 6 AST)
",1,1,0,0,2024-11-17,0022400239,0,0,POR,4,0,-9,07:41,Off Corner 3 Miss,0,Okongwu 2' Layup (11 PTS) (Young 6 AST),,POR,ATL,ATL,1610612737,2024,2419.0,2429.0,2424.0,1629027|1630168|1630552|1630700|1630811,1630166|1630703|1631101|1641739|1642270,2024-25,617,0.8888888888888888
117073,07:56,"MISS Daniels 25' 3PT Pullup Jump Shot
Clingan REBOUND (Off:4 Def:3)
",0,0,1,0,2024-11-17,0022400239,0,0,POR,4,0,-9,08:21,Off Dead Ball,0,MISS Daniels 25' 3PT Pullup Jump Shot,,POR,ATL,ATL,1610612737,2024,2379.0,2404.0,2391.5,1629027|1630168|1630552|1630700|1630811,1630166|1630703|1631101|1641739|1642270,2024-25,613,0.7761194029850746
117075,08:22,"Henderson BLOCK (1 BLK): MISS Okongwu 2' Cutting Dunk Shot
Sharpe REBOUND (Off:0 Def:2)
",1,0,0,0,2024-11-17,0022400239,0,0,POR,4,0,-9,08:32,Off Arc 3 Miss,0,Henderson BLOCK (1 BLK): MISS Okongwu 2' Cutting Dunk Shot,,POR,ATL,ATL,1610612737,2024,2368.0,2378.0,2373.0,1629027|1630168|1630552|1630700|1630811,1630166|1630703|1631101|1641739|1642270,2024-25,609,0.5625
117076,08:22,"Henderson BLOCK (1 BLK): MISS Okongwu 2' Cutting Dunk Shot
Sharpe REBOUND (Off:0 Def:2)
",1,0,0,0,2024-11-17,0022400239,0,0,POR,4,0,-9,08:32,Off Arc 3 Miss,0,Sharpe REBOUND (Off:0 Def:2),,POR,ATL,ATL,1610612737,2024,2368.0,2378.0,2373.0,1629027|1630168|1630552|1630700|1630811,1630166|1630703|1631101|1641739|1642270,2024-25,569,0.20588235294117646
117065,05:34,"Camara P.FOUL (P2.T2) (S.Twardoski)
MISS Young 3PT Step Back Jump Shot
Daniels REBOUND (Off:4 Def:3)
MISS Daniels 9' Driving Floating Bank Jump Shot
Okongwu REBOUND (Off:1 Def:7)
MISS Okongwu Tip Layup Shot
Daniels REBOUND (Off:5 Def:3)
Young 3PT Jump Shot (20 PTS) (Daniels 4 AST)
",2,0,2,1,2024-11-17,0022400239,0,3,POR,4,0,-3,06:00,Off Timeout,0,Daniels REBOUND (Off:5 Def:3),,POR,ATL,ATL,1610612737,2024,2520.0,2546.0,2533.0,1629027|1630168|1630552|1630700|1630811,203924|1629057|1630625|1631101|1641739,2024-25,641,0.24390243902439024
117066,05:34,"Camara P.FOUL (P2.T2) (S.Twardoski)
MISS Young 3PT Step Back Jump Shot
Daniels REBOUND (Off:4 Def:3)
MISS Daniels 9' Driving Floating Bank Jump Shot
Okongwu REBOUND (Off:1 Def:7)
MISS Okongwu Tip Layup Shot
Daniels REBOUND (Off:5 Def:3)
Young 3PT Jump Shot (20 PTS) (Daniels 4 AST)
",2,0,2,1,2024-11-17,0022400239,0,3,POR,4,0,-3,06:00,Off Timeout,0,Young 3PT Jump Shot (20 PTS) (Daniels 4 AST),,POR,ATL,ATL,1610612737,2024,2520.0,2546.0,2533.0,1629027|1630168|1630552|1630700|1630811,203924|1629057|1630625|1631101|1641739,2024-25,646,0.8235294117647058
117079,09:34,"Avdija BLOCK (1 BLK): MISS Young 3' Running Layup
Hawks Rebound
MISS Wallace 3PT Jump Shot
Clingan REBOUND (Off:3 Def:2)
",1,0,1,0,2024-11-17,0022400239,0,1,POR,4,0,-11,09:42,Off Long Mid-Range Miss,0,MISS Wallace 3PT Jump Shot,,POR,ATL,ATL,1610612737,2024,2298.0,2306.0,2302.0,1629027|1630168|1630552|1630700|1630811,203924|1630166|1630703|1641739|1642270,2024-25,592,0.7111111111111111
117080,09:34,"Avdija BLOCK (1 BLK): MISS Young 3' Running Layup
Hawks Rebound
MISS Wallace 3PT Jump Shot
Clingan REBOUND (Off:3 Def:2)
",1,0,1,0,2024-11-17,0022400239,0,1,POR,4,0,-11,09:42,Off Long Mid-Range Miss,0,Avdija BLOCK (1 BLK): MISS Young 3' Running Layup,,POR,ATL,ATL,1610612737,2024,2298.0,2306.0,2302.0,1629027|1630168|1630552|1630700|1630811,203924|1630166|1630703|1641739|1642270,2024-25,582,0.5581395348837209
117081,09:34,"Avdija BLOCK (1 BLK): MISS Young 3' Running Layup
Hawks Rebound
MISS Wallace 3PT Jump Shot
Clingan REBOUND (Off:3 Def:2)
",1,0,1,0,2024-11-17,0022400239,0,1,POR,4,0,-11,09:42,Off Long Mid-Range Miss,0,Hawks Rebound,,POR,ATL,ATL,1610612737,2024,2298.0,2306.0,2302.0,1629027|1630168|1630552|1630700|1630811,203924|1630166|1630703|1641739|1642270,2024-25,584,0.5714285714285714
117082,10:05,"Johnson 4' Driving Floating Jump Shot (19 PTS) (Young 5 AST)
",1,1,0,0,2024-11-17,0022400239,0,0,POR,4,0,-13,10:22,Off At Rim Make,0,Johnson 4' Driving Floating Jump Shot (19 PTS) (Young 5 AST),,POR,ATL,ATL,1610612737,2024,2258.0,2275.0,2266.5,1629027|1630168|1630249|1630552|1630811,203924|1629057|1630166|1630625|1630703,2024-25,578,0.926829268292683
117083,10:39,"Krejčí 29' 3PT Jump Shot (8 PTS) (Okongwu 2 AST)
",0,0,1,1,2024-11-17,0022400239,0,0,POR,4,0,-14,10:50,Off Dead Ball,0,Krejčí 29' 3PT Jump Shot (8 PTS) (Okongwu 2 AST),,POR,ATL,ATL,1610612737,2024,2230.0,2241.0,2235.5,1629027|1630168|1630249|1630552|1630811,1629057|1630166|1630625|1630703|1631200,2024-25,571,0.8172043010752689
117084,11:14,"MISS Okongwu 2' Hook Bank Shot
Rupert REBOUND (Off:2 Def:1)
",1,0,0,0,2024-11-17,0022400239,0,0,POR,4,0,-14,11:30,Off FT Make,0,MISS Okongwu 2' Hook Bank Shot,,POR,ATL,ATL,1610612737,2024,2190.0,2206.0,2198.0,1629027|1630168|1630249|1630552|1630811,1629057|1630625|1630703|1631200|1641712,2024-25,552,0.6
117085,11:14,"MISS Okongwu 2' Hook Bank Shot
Rupert REBOUND (Off:2 Def:1)
",1,0,0,0,2024-11-17,0022400239,0,0,POR,4,0,-14,11:30,Off FT Make,0,Rupert REBOUND (Off:2 Def:1),,POR,ATL,ATL,1610612737,2024,2190.0,2206.0,2198.0,1629027|1630168|1630249|1630552|1630811,1629057|1630625|1630703|1631200|1641712,2024-25,505,0.2222222222222222
117086,11:40,"Henderson S.FOUL (P3.T1) (S.Twardoski)
Okongwu Free Throw 1 of 2 (8 PTS)
Okongwu Free Throw 2 of 2 (9 PTS)
",0,0,0,0,2024-11-17,0022400239,0,0,POR,4,1,-13,12:00,Off Dead Ball,0,Henderson S.FOUL (P3.T1) (S.Twardoski),,POR,ATL,ATL,1610612737,2024,2160.0,2180.0,2170.0,1629726|1630168|1630249|1630552|1630811,1629057|1630625|1630703|1631200|1641712,2024-25,501,0.03636363636363636
117088,11:40,"Henderson S.FOUL (P3.T1) (S.Twardoski)
Okongwu Free Throw 1 of 2 (8 PTS)
Okongwu Free Throw 2 of 2 (9 PTS)
",0,0,0,0,2024-11-17,0022400239,0,0,POR,4,1,-13,12:00,Off Dead Ball,0,Okongwu Free Throw 2 of 2 (9 PTS),,POR,ATL,ATL,1610612737,2024,2160.0,2180.0,2170.0,1629726|1630168|1630249|1630552|1630811,1629057|1630625|1630703|1631200|1641712,2024-25,556,0.9565217391304348
117087,11:40,"Henderson S.FOUL (P3.T1) (S.Twardoski)
Okongwu Free Throw 1 of 2 (8 PTS)
Okongwu Free Throw 2 of 2 (9 PTS)
",0,0,0,0,2024-11-17,0022400239,0,0,POR,4,1,-13,12:00,Off Dead Ball,0,Okongwu Free Throw 1 of 2 (8 PTS),,POR,ATL,ATL,1610612737,2024,2160.0,2180.0,2170.0,1629726|1630168|1630249|1630552|1630811,1629057|1630625|1630703|1631200|1641712,2024-25,553,0.9565217391304348
117077,09:16,"Young 14' Running Pull-Up Jump Shot (17 PTS)
",1,1,0,0,2024-11-17,0022400239,0,0,POR,4,0,-11,09:20,Off Dead Ball,0,Young 14' Running Pull-Up Jump Shot (17 PTS),,POR,ATL,ATL,1610612737,2024,2320.0,2324.0,2322.0,1629027|1630168|1630552|1630700|1630811,203924|1630166|1630703|1641739|1642270,2024-25,599,0.9333333333333333
124481,04:43,"MISS Okongwu 26' 3PT Jump Shot
HAWKS Rebound
Fox L.B.FOUL (P3.T3) (J.Williams)
MISS Daniels 3' Driving Floating Bank Jump Shot
Fox REBOUND (Off:1 Def:3)
",1,0,1,0,2025-02-05,0022400719,0,1,SAS,4,0,-7,05:06,Off Short Mid-Range Make,0,Fox L.B.FOUL (P3.T3) (J.Williams),,ATL,SAS,ATL,1610612737,2025,2574.0,2597.0,2585.5,1629027|1629631|1630168|1630249|1630700,203084|1628368|1629640|1631110|1641705,2024-25,661,0.3333333333333333
124474,03:11,"MISS Young 4' Driving Floating Bank Jump Shot
Wembanyama REBOUND (Off:3 Def:8)
",1,0,0,0,2025-02-05,0022400719,0,0,SAS,4,0,-4,03:26,Off Arc 3 Miss,0,Wembanyama REBOUND (Off:3 Def:8),,ATL,SAS,ATL,1610612737,2025,2674.0,2689.0,2681.5,1629027|1629631|1630168|1630249|1630700,101108|203084|1628368|1641705|1642264,2024-25,667,0.6875
124475,03:50,"Young 9' Driving Floating Jump Shot (28 PTS)
",1,1,0,0,2025-02-05,0022400719,0,0,SAS,4,0,-6,04:02,Off At Rim Make,0,Young 9' Driving Floating Jump Shot (28 PTS),,ATL,SAS,ATL,1610612737,2025,2638.0,2650.0,2644.0,1629027|1629631|1630168|1630249|1630700,101108|203084|1628368|1641705|1642264,2024-25,642,0.35443037974683544
124479,04:43,"MISS Okongwu 26' 3PT Jump Shot
HAWKS Rebound
Fox L.B.FOUL (P3.T3) (J.Williams)
MISS Daniels 3' Driving Floating Bank Jump Shot
Fox REBOUND (Off:1 Def:3)
",1,0,1,0,2025-02-05,0022400719,0,1,SAS,4,0,-7,05:06,Off Short Mid-Range Make,0,MISS Okongwu 26' 3PT Jump Shot,,ATL,SAS,ATL,1610612737,2025,2574.0,2597.0,2585.5,1629027|1629631|1630168|1630249|1630700,203084|1628368|1629640|1631110|1641705,2024-25,620,0.3
124477,04:05,"MISS Hunter 25' 3PT Jump Shot
Fox REBOUND (Off:1 Def:4)
",0,0,1,0,2025-02-05,0022400719,0,0,SAS,4,0,-4,04:19,Off Short Mid-Range Miss,0,Fox REBOUND (Off:1 Def:4),,ATL,SAS,ATL,1610612737,2025,2621.0,2635.0,2628.0,1629027|1629631|1630168|1630249|1630700,101108|203084|1628368|1641705|1642264,2024-25,669,0.7636363636363637
124478,04:36,"Young 26' 3PT Step Back Jump Shot (26 PTS) (Krejci 2 AST)
",0,0,1,1,2025-02-05,0022400719,0,0,SAS,4,0,-7,04:41,Off Steal,0,Young 26' 3PT Step Back Jump Shot (26 PTS) (Krejci 2 AST),,ATL,SAS,ATL,1610612737,2025,2599.0,2604.0,2601.5,1629027|1629631|1630168|1630249|1630700,203084|1628368|1629640|1641705|1642264,2024-25,631,0.23157894736842105
124480,04:43,"MISS Okongwu 26' 3PT Jump Shot
HAWKS Rebound
Fox L.B.FOUL (P3.T3) (J.Williams)
MISS Daniels 3' Driving Floating Bank Jump Shot
Fox REBOUND (Off:1 Def:3)
",1,0,1,0,2025-02-05,0022400719,0,1,SAS,4,0,-7,05:06,Off Short Mid-Range Make,0,HAWKS Rebound,,ATL,SAS,ATL,1610612737,2025,2574.0,2597.0,2585.5,1629027|1629631|1630168|1630249|1630700,203084|1628368|1629640|1631110|1641705,2024-25,636,0.1791044776119403
124476,04:05,"MISS Hunter 25' 3PT Jump Shot
Fox REBOUND (Off:1 Def:4)
",0,0,1,0,2025-02-05,0022400719,0,0,SAS,4,0,-4,04:19,Off Short Mid-Range Miss,0,MISS Hunter 25' 3PT Jump Shot,,ATL,SAS,ATL,1610612737,2025,2621.0,2635.0,2628.0,1629027|1629631|1630168|1630249|1630700,101108|203084|1628368|1641705|1642264,2024-25,638,0.4375
124491,07:54,"Daniels Lost Ball Turnover (P1.T19): Fox STEAL (3 STL)
",0,0,0,0,2025-02-05,0022400719,0,0,SAS,4,0,-2,07:57,Off Short Mid-Range Miss,1,Daniels Lost Ball Turnover (P1.T19): Fox STEAL (3 STL),,ATL,SAS,ATL,1610612737,2025,2403.0,2406.0,2404.5,1626204|1629027|1630249|1630700|1631230,101108|1628368|1630170|1630577|1631110,2024-25,583,0.056338028169014086
124509,10:45,"MISS Wallace 26' 3PT Pullup Jump Shot
Vassell REBOUND (Off:0 Def:2)
",0,0,1,0,2025-02-05,0022400719,0,0,SAS,4,0,-5,11:08,Off At Rim Make,0,Vassell REBOUND (Off:0 Def:2),,ATL,SAS,ATL,1610612737,2025,2212.0,2235.0,2223.5,1626204|1629631|1630249|1630811|1642258,101108|1630170|1630577|1641705|1642264,2024-25,514,0.3076923076923077
124493,08:15,"Paul S.FOUL (P2.T2) (J.Butler)
Nance Jr. Free Throw 1 of 2 (1 PTS)
MISS Nance Jr. Free Throw 2 of 2
Vassell REBOUND (Off:0 Def:3)
",0,0,0,0,2025-02-05,0022400719,0,0,SAS,4,1,-3,08:25,Off Long Mid-Range Miss,0,Nance Jr. Free Throw 1 of 2 (1 PTS),,ATL,SAS,ATL,1610612737,2025,2375.0,2385.0,2380.0,1626204|1629027|1630249|1631230|1642258,101108|1630170|1630577|1641705|1642264,2024-25,572,0.32941176470588235
124431,02:47,"MISS Hunter 1' Running Finger Roll Layup: Castle BLOCK (1 BLK)
Daniels REBOUND (Off:2 Def:4)
Daniels Putback Dunk (17 PTS)
",2,1,0,0,2025-02-05,0022400719,0,1,SAS,3,0,-5,02:57,Off Steal,0,Daniels Putback Dunk (17 PTS),,ATL,SAS,ATL,1610612737,2025,1983.0,1993.0,1988.0,1629027|1629631|1630168|1630700|1630811,1629640|1630170|1631110|1641705|1642264,2024-25,466,0.9508196721311475
124510,11:38,"Krejci 25' 3PT Running Jump Shot (5 PTS) (Hunter 5 AST)
",0,0,1,1,2025-02-05,0022400719,0,0,SAS,4,0,-6,11:42,Off At Rim Miss,0,Krejci 25' 3PT Running Jump Shot (5 PTS) (Hunter 5 AST),,ATL,SAS,ATL,1610612737,2025,2178.0,2182.0,2180.0,1626204|1629631|1630249|1630811|1642258,101108|1630170|1630577|1641705|1642264,2024-25,522,0.55
124508,10:45,"MISS Wallace 26' 3PT Pullup Jump Shot
Vassell REBOUND (Off:0 Def:2)
",0,0,1,0,2025-02-05,0022400719,0,0,SAS,4,0,-5,11:08,Off At Rim Make,0,MISS Wallace 26' 3PT Pullup Jump Shot,,ATL,SAS,ATL,1610612737,2025,2212.0,2235.0,2223.5,1626204|1629631|1630249|1630811|1642258,101108|1630170|1630577|1641705|1642264,2024-25,532,0.2708333333333333
124507,10:18,"Hunter Lost Ball Turnover (P3.T18): Champagnie STEAL (5 STL)
",0,0,0,0,2025-02-05,0022400719,0,0,SAS,4,0,-7,10:32,Off Long Mid-Range Make,1,Hunter Lost Ball Turnover (P3.T18): Champagnie STEAL (5 STL),,ATL,SAS,ATL,1610612737,2025,2248.0,2262.0,2255.0,1626204|1629631|1630249|1630811|1642258,101108|1630170|1630577|1641705|1642264,2024-25,612,0.631578947368421
124506,09:43,"Spurs T.Foul (Def. 3 Sec Champagnie ) (J.Williams)
Young Free Throw Technical (21 PTS)
Barlow 1' Cutting Layup Shot (2 PTS) (Young 12 AST)
Wembanyama S.FOUL (P4.T1) (J.Williams)
MISS Barlow Free Throw 1 of 1
Wembanyama REBOUND (Off:3 Def:7)
",1,1,0,0,2025-02-05,0022400719,0,0,SAS,4,1,-7,10:02,Off Dead Ball,0,Wembanyama REBOUND (Off:3 Def:7),,ATL,SAS,ATL,1610612737,2025,2278.0,2297.0,2287.5,1626204|1629027|1630249|1631230|1642258,101108|1630170|1630577|1641705|1642264,2024-25,519,0.25925925925925924
124505,09:43,"Spurs T.Foul (Def. 3 Sec Champagnie ) (J.Williams)
Young Free Throw Technical (21 PTS)
Barlow 1' Cutting Layup Shot (2 PTS) (Young 12 AST)
Wembanyama S.FOUL (P4.T1) (J.Williams)
MISS Barlow Free Throw 1 of 1
Wembanyama REBOUND (Off:3 Def:7)
",1,1,0,0,2025-02-05,0022400719,0,0,SAS,4,1,-7,10:02,Off Dead Ball,0,MISS Barlow Free Throw 1 of 1,,ATL,SAS,ATL,1610612737,2025,2278.0,2297.0,2287.5,1626204|1629027|1630249|1631230|1642258,101108|1630170|1630577|1641705|1642264,2024-25,551,0.29508196721311475
124503,09:43,"Spurs T.Foul (Def. 3 Sec Champagnie ) (J.Williams)
Young Free Throw Technical (21 PTS)
Barlow 1' Cutting Layup Shot (2 PTS) (Young 12 AST)
Wembanyama S.FOUL (P4.T1) (J.Williams)
MISS Barlow Free Throw 1 of 1
Wembanyama REBOUND (Off:3 Def:7)
",1,1,0,0,2025-02-05,0022400719,0,0,SAS,4,1,-7,10:02,Off Dead Ball,0,Barlow 1' Cutting Layup Shot (2 PTS) (Young 12 AST),,ATL,SAS,ATL,1610612737,2025,2278.0,2297.0,2287.5,1626204|1629027|1630249|1631230|1642258,101108|1630170|1630577|1641705|1642264,2024-25,547,0.2028985507246377
124482,04:43,"MISS Okongwu 26' 3PT Jump Shot
HAWKS Rebound
Fox L.B.FOUL (P3.T3) (J.Williams)
MISS Daniels 3' Driving Floating Bank Jump Shot
Fox REBOUND (Off:1 Def:3)
",1,0,1,0,2025-02-05,0022400719,0,1,SAS,4,0,-7,05:06,Off Short Mid-Range Make,0,MISS Daniels 3' Driving Floating Bank Jump Shot,,ATL,SAS,ATL,1610612737,2025,2574.0,2597.0,2585.5,1629027|1629631|1630168|1630249|1630700,203084|1628368|1629640|1631110|1641705,2024-25,627,0.6835443037974683
124501,09:43,"Spurs T.Foul (Def. 3 Sec Champagnie ) (J.Williams)
Young Free Throw Technical (21 PTS)
Barlow 1' Cutting Layup Shot (2 PTS) (Young 12 AST)
Wembanyama S.FOUL (P4.T1) (J.Williams)
MISS Barlow Free Throw 1 of 1
Wembanyama REBOUND (Off:3 Def:7)
",1,1,0,0,2025-02-05,0022400719,0,0,SAS,4,1,-7,10:02,Off Dead Ball,0,Spurs T.Foul (Def. 3 Sec Champagnie ) (J.Williams),,ATL,SAS,ATL,1610612737,2025,2278.0,2297.0,2287.5,1626204|1629027|1630249|1631230|1642258,101108|1630170|1630577|1641705|1642264,2024-25,529,0.21176470588235294
124492,08:15,"Paul S.FOUL (P2.T2) (J.Butler)
Nance Jr. Free Throw 1 of 2 (1 PTS)
MISS Nance Jr. Free Throw 2 of 2
Vassell REBOUND (Off:0 Def:3)
",0,0,0,0,2025-02-05,0022400719,0,0,SAS,4,1,-3,08:25,Off Long Mid-Range Miss,0,Paul S.FOUL (P2.T2) (J.Butler),,ATL,SAS,ATL,1610612737,2025,2375.0,2385.0,2380.0,1626204|1629027|1630249|1631230|1642258,101108|1630170|1630577|1641705|1642264,2024-25,541,0.18518518518518517
124502,09:43,"Spurs T.Foul (Def. 3 Sec Champagnie ) (J.Williams)
Young Free Throw Technical (21 PTS)
Barlow 1' Cutting Layup Shot (2 PTS) (Young 12 AST)
Wembanyama S.FOUL (P4.T1) (J.Williams)
MISS Barlow Free Throw 1 of 1
Wembanyama REBOUND (Off:3 Def:7)
",1,1,0,0,2025-02-05,0022400719,0,0,SAS,4,1,-7,10:02,Off Dead Ball,0,Young Free Throw Technical (21 PTS),,ATL,SAS,ATL,1610612737,2025,2278.0,2297.0,2287.5,1626204|1629027|1630249|1631230|1642258,101108|1630170|1630577|1641705|1642264,2024-25,546,0.2222222222222222
124323,01:31,"MISS Barlow 3' Driving Layup: Champagnie BLOCK (1 BLK)
HAWKS Rebound
Vassell P.FOUL (P1.T2) (J.Williams)
Krejci Driving Finger Roll Layup (2 PTS) (Nance Jr. 1 AST)
",2,1,0,0,2025-02-05,0022400719,0,1,SAS,1,0,-10,01:58,Off Short Mid-Range Make,0,Vassell P.FOUL (P1.T2) (J.Williams),,ATL,SAS,ATL,1610612737,2025,602.0,629.0,615.5,1626204|1629027|1629726|1630249|1631230,1629640|1630170|1630577|1631110|1642264,2024-25,162,0.36923076923076925
124483,04:43,"MISS Okongwu 26' 3PT Jump Shot
HAWKS Rebound
Fox L.B.FOUL (P3.T3) (J.Williams)
MISS Daniels 3' Driving Floating Bank Jump Shot
Fox REBOUND (Off:1 Def:3)
",1,0,1,0,2025-02-05,0022400719,0,1,SAS,4,0,-7,05:06,Off Short Mid-Range Make,0,Fox REBOUND (Off:1 Def:3),,ATL,SAS,ATL,1610612737,2025,2574.0,2597.0,2585.5,1629027|1629631|1630168|1630249|1630700,203084|1628368|1629640|1631110|1641705,2024-25,586,0.7368421052631579
124357,10:59,"Hunter 24' 3PT Jump Shot (3 PTS) (Young 1 AST)
",0,0,1,1,2025-02-05,0022400719,0,0,SAS,1,0,-2,11:18,Off At Rim Make,0,Hunter 24' 3PT Jump Shot (3 PTS) (Young 1 AST),,ATL,SAS,ATL,1610612737,2025,42.0,61.0,51.5,1629027|1629631|1630168|1630700|1642258,101108|203084|1628368|1630170|1641705,2024-25,17,0.7472527472527473
124500,09:05,"MISS Risacher 5' Driving Finger Roll Layup
Krejci REBOUND (Off:1 Def:2)
MISS Barlow 1' Driving Layup: Wembanyama BLOCK (1 BLK)
Castle REBOUND (Off:0 Def:2)
",2,0,0,0,2025-02-05,0022400719,0,1,SAS,4,0,-4,09:38,Off At Rim Block,0,Castle REBOUND (Off:0 Def:2),,ATL,SAS,ATL,1610612737,2025,2302.0,2335.0,2318.5,1626204|1629027|1630249|1631230|1642258,101108|1630170|1630577|1641705|1642264,2024-25,572,0.3076923076923077
124356,10:13,"MISS Risacher 25' 3PT Jump Shot
Wembanyama REBOUND (Off:0 Def:1)
",0,0,1,0,2025-02-05,0022400719,0,0,SAS,1,0,-1,10:35,Off Long Mid-Range Make,0,Wembanyama REBOUND (Off:0 Def:1),,ATL,SAS,ATL,1610612737,2025,85.0,107.0,96.0,1629027|1629631|1630168|1630700|1642258,101108|203084|1628368|1630170|1641705,2024-25,21,0.75
124355,10:13,"MISS Risacher 25' 3PT Jump Shot
Wembanyama REBOUND (Off:0 Def:1)
",0,0,1,0,2025-02-05,0022400719,0,0,SAS,1,0,-1,10:35,Off Long Mid-Range Make,0,MISS Risacher 25' 3PT Jump Shot,,ATL,SAS,ATL,1610612737,2025,85.0,107.0,96.0,1629027|1629631|1630168|1630700|1642258,101108|203084|1628368|1630170|1641705,2024-25,18,0.32608695652173914
124354,09:51,"MISS Risacher 3PT Jump Shot
Fox REBOUND (Off:0 Def:1)
",0,0,1,0,2025-02-05,0022400719,0,0,SAS,1,0,-4,10:05,Off Arc 3 Make,0,Fox REBOUND (Off:0 Def:1),,ATL,SAS,ATL,1610612737,2025,115.0,129.0,122.0,1629027|1629631|1630168|1630700|1642258,101108|203084|1628368|1630170|1641705,2024-25,27,0.26229508196721313
124353,09:51,"MISS Risacher 3PT Jump Shot
Fox REBOUND (Off:0 Def:1)
",0,0,1,0,2025-02-05,0022400719,0,0,SAS,1,0,-4,10:05,Off Arc 3 Make,0,MISS Risacher 3PT Jump Shot,,ATL,SAS,ATL,1610612737,2025,115.0,129.0,122.0,1629027|1629631|1630168|1630700|1642258,101108|203084|1628368|1630170|1641705,2024-25,22,0.4722222222222222
124352,09:31,"Okongwu 3PT Jump Shot (3 PTS) (Daniels 1 AST)
",0,0,1,1,2025-02-05,0022400719,0,0,SAS,1,0,-4,09:44,Off Arc 3 Miss,0,Okongwu 3PT Jump Shot (3 PTS) (Daniels 1 AST),,ATL,SAS,ATL,1610612737,2025,136.0,149.0,142.5,1629027|1629631|1630168|1630700|1642258,101108|203084|1628368|1630170|1641705,2024-25,26,0.2682926829268293
124351,08:57,"Daniels 11' Floating Jump Shot (2 PTS) (Okongwu 1 AST)
",1,1,0,0,2025-02-05,0022400719,0,0,SAS,1,0,-1,09:07,Off Short Mid-Range Miss,0,Daniels 11' Floating Jump Shot (2 PTS) (Okongwu 1 AST),,ATL,SAS,ATL,1610612737,2025,173.0,183.0,178.0,1629027|1629631|1630168|1630700|1642258,101108|203084|1628368|1630170|1641705,2024-25,30,0.2558139534883721
124350,08:25,"Daniels 3PT Jump Shot (5 PTS) (Okongwu 2 AST)
",0,0,1,1,2025-02-05,0022400719,0,0,SAS,1,0,-2,08:39,Off Arc 3 Make,0,Daniels 3PT Jump Shot (5 PTS) (Okongwu 2 AST),,ATL,SAS,ATL,1610612737,2025,201.0,215.0,208.0,1629027|1629631|1630168|1630700|1642258,101108|203084|1628368|1630170|1641705,2024-25,34,0.5132743362831859
124348,07:39,"Wembanyama L.B.FOUL (P1.T1) (J.Williams)
Young Bad Pass Turnover (P2.T2): Vassell STEAL (1 STL)
",0,0,0,0,2025-02-05,0022400719,0,0,SAS,1,0,2,07:51,Off Dead Ball,1,Young Bad Pass Turnover (P2.T2): Vassell STEAL (1 STL),,ATL,SAS,ATL,1610612737,2025,249.0,261.0,255.0,1629027|1629631|1630168|1630700|1642258,101108|203084|1628368|1630170|1641705,2024-25,45,0.23255813953488372
124347,07:39,"Wembanyama L.B.FOUL (P1.T1) (J.Williams)
Young Bad Pass Turnover (P2.T2): Vassell STEAL (1 STL)
",0,0,0,0,2025-02-05,0022400719,0,0,SAS,1,0,2,07:51,Off Dead Ball,1,Wembanyama L.B.FOUL (P1.T1) (J.Williams),,ATL,SAS,ATL,1610612737,2025,249.0,261.0,255.0,1629027|1629631|1630168|1630700|1642258,101108|203084|1628368|1630170|1641705,2024-25,51,0.3058823529411765
124346,07:17,"MISS Young 8' Driving Floating Jump Shot
Wembanyama REBOUND (Off:0 Def:2)
",1,0,0,0,2025-02-05,0022400719,0,0,SAS,1,0,-1,07:34,Off Arc 3 Make,0,Wembanyama REBOUND (Off:0 Def:2),,ATL,SAS,ATL,1610612737,2025,266.0,283.0,274.5,1629027|1629631|1630168|1630700|1642258,101108|203084|1628368|1630170|1641705,2024-25,58,0.71875
124373,02:30,"Wembanyama P.FOUL (P3.PN) (M.Ervin)
MISS Young Free Throw 1 of 2
HAWKS Rebound
Young Free Throw 2 of 2 (9 PTS)
",0,0,0,0,2025-02-05,0022400719,1,0,SAS,2,0,-11,02:41,Off Arc 3 Miss,0,Wembanyama P.FOUL (P3.PN) (M.Ervin),,ATL,SAS,ATL,1610612737,2025,1279.0,1290.0,1284.5,1629027|1629631|1630168|1630700|1642258,1628368|1630170|1631110|1641705|1642264,2024-25,265,0.37777777777777777
124430,02:47,"MISS Hunter 1' Running Finger Roll Layup: Castle BLOCK (1 BLK)
Daniels REBOUND (Off:2 Def:4)
Daniels Putback Dunk (17 PTS)
",2,1,0,0,2025-02-05,0022400719,0,1,SAS,3,0,-5,02:57,Off Steal,0,Daniels REBOUND (Off:2 Def:4),,ATL,SAS,ATL,1610612737,2025,1983.0,1993.0,1988.0,1629027|1629631|1630168|1630700|1630811,1629640|1630170|1631110|1641705|1642264,2024-25,465,0.3125
124432,03:13,"Hunter 25' 3PT Jump Shot (15 PTS) (Young 10 AST)
",0,0,1,1,2025-02-05,0022400719,0,0,SAS,3,0,-8,03:19,Off Arc 3 Miss,0,Hunter 25' 3PT Jump Shot (15 PTS) (Young 10 AST),,ATL,SAS,ATL,1610612737,2025,1961.0,1967.0,1964.0,1629027|1629631|1630168|1630700|1630811,1628368|1629640|1630577|1631110|1642264,2024-25,453,0.27848101265822783
124489,06:58,"MISS Barlow 15' Jump Shot
Paul REBOUND (Off:0 Def:3)
",1,0,0,0,2025-02-05,0022400719,0,0,SAS,4,0,-4,07:18,Off At Rim Make,0,Paul REBOUND (Off:0 Def:3),,ATL,SAS,ATL,1610612737,2025,2442.0,2462.0,2452.0,1626204|1629027|1630249|1630700|1631230,101108|1628368|1630170|1630577|1631110,2024-25,620,0.7857142857142857
124488,06:58,"MISS Barlow 15' Jump Shot
Paul REBOUND (Off:0 Def:3)
",1,0,0,0,2025-02-05,0022400719,0,0,SAS,4,0,-4,07:18,Off At Rim Make,0,MISS Barlow 15' Jump Shot,,ATL,SAS,ATL,1610612737,2025,2442.0,2462.0,2452.0,1626204|1629027|1630249|1630700|1631230,101108|1628368|1630170|1630577|1631110,2024-25,592,0.45454545454545453
124487,06:31,"MISS Krejci 18' Jump Shot
Sochan REBOUND (Off:1 Def:3)
",1,0,0,0,2025-02-05,0022400719,0,0,SAS,4,0,-4,06:44,Off Short Mid-Range Miss,0,Sochan REBOUND (Off:1 Def:3),,ATL,SAS,ATL,1610612737,2025,2476.0,2489.0,2482.5,1626204|1629027|1630249|1630700|1631230,101108|1628368|1630170|1630577|1631110,2024-25,609,0.15151515151515152
124486,06:31,"MISS Krejci 18' Jump Shot
Sochan REBOUND (Off:1 Def:3)
",1,0,0,0,2025-02-05,0022400719,0,0,SAS,4,0,-4,06:44,Off Short Mid-Range Miss,0,MISS Krejci 18' Jump Shot,,ATL,SAS,ATL,1610612737,2025,2476.0,2489.0,2482.5,1626204|1629027|1630249|1630700|1631230,101108|1628368|1630170|1630577|1631110,2024-25,596,0.19047619047619047
124485,05:54,"Daniels Traveling Turnover (P2.T20)
",0,0,0,0,2025-02-05,0022400719,0,0,SAS,4,0,-7,06:13,Off Timeout,1,Daniels Traveling Turnover (P2.T20),,ATL,SAS,ATL,1610612737,2025,2507.0,2526.0,2516.5,1629027|1629631|1630168|1630249|1630700,203084|1628368|1629640|1631110|1641705,2024-25,611,0.37142857142857144
124484,05:32,"Okongwu 1' Cutting Dunk Shot (30 PTS) (Daniels 6 AST)
",1,1,0,0,2025-02-05,0022400719,0,0,SAS,4,0,-7,05:37,Off At Rim Miss,0,Okongwu 1' Cutting Dunk Shot (30 PTS) (Daniels 6 AST),,ATL,SAS,ATL,1610612737,2025,2543.0,2548.0,2545.5,1629027|1629631|1630168|1630249|1630700,203084|1628368|1629640|1631110|1641705,2024-25,616,0.25882352941176473
124490,07:38,"Young 12' Pullup Jump Shot (23 PTS)
",1,1,0,0,2025-02-05,0022400719,0,0,SAS,4,0,-4,07:50,Off At Rim Make,0,Young 12' Pullup Jump Shot (23 PTS),,ATL,SAS,ATL,1610612737,2025,2410.0,2422.0,2416.0,1626204|1629027|1630249|1630700|1631230,101108|1628368|1630170|1630577|1631110,2024-25,587,0.4857142857142857
124499,09:05,"MISS Risacher 5' Driving Finger Roll Layup
Krejci REBOUND (Off:1 Def:2)
MISS Barlow 1' Driving Layup: Wembanyama BLOCK (1 BLK)
Castle REBOUND (Off:0 Def:2)
",2,0,0,0,2025-02-05,0022400719,0,1,SAS,4,0,-4,09:38,Off At Rim Block,0,MISS Barlow 1' Driving Layup: Wembanyama BLOCK (1 BLK),,ATL,SAS,ATL,1610612737,2025,2302.0,2335.0,2318.5,1626204|1629027|1630249|1631230|1642258,101108|1630170|1630577|1641705|1642264,2024-25,517,0.15789473684210525
124433,03:52,"Daniels 1' Running Dunk (15 PTS)
",1,1,0,0,2025-02-05,0022400719,0,0,SAS,3,0,-10,03:55,Off Steal,0,Daniels 1' Running Dunk (15 PTS),,ATL,SAS,ATL,1610612737,2025,1925.0,1928.0,1926.5,1629027|1629631|1630168|1630700|1630811,1628368|1629640|1630577|1631110|1642264,2024-25,450,0.19230769230769232
124497,09:05,"MISS Risacher 5' Driving Finger Roll Layup
Krejci REBOUND (Off:1 Def:2)
MISS Barlow 1' Driving Layup: Wembanyama BLOCK (1 BLK)
Castle REBOUND (Off:0 Def:2)
",2,0,0,0,2025-02-05,0022400719,0,1,SAS,4,0,-4,09:38,Off At Rim Block,0,MISS Risacher 5' Driving Finger Roll Layup,,ATL,SAS,ATL,1610612737,2025,2302.0,2335.0,2318.5,1626204|1629027|1630249|1631230|1642258,101108|1630170|1630577|1641705|1642264,2024-25,557,0.9285714285714286
124452,08:36,"MISS Young 2' Driving Finger Roll Layup
Okongwu REBOUND (Off:2 Def:4)
MISS Okongwu Tip Layup Shot
Okongwu REBOUND (Off:3 Def:4)
Okongwu Putback Layup (22 PTS)
",3,1,0,0,2025-02-05,0022400719,0,2,SAS,3,0,-16,08:50,Off At Rim Miss,0,MISS Young 2' Driving Finger Roll Layup,,ATL,SAS,ATL,1610612737,2025,1630.0,1644.0,1637.0,1629027|1629631|1630168|1630700|1642258,101108|203084|1628368|1630170|1641705,2024-25,389,0.20512820512820512
124451,08:11,"MISS Hunter 26' 3PT Running Pull-Up Jump Shot
Wembanyama REBOUND (Off:1 Def:5)
",0,0,1,0,2025-02-05,0022400719,0,0,SAS,3,0,-14,08:19,Off Corner 3 Miss,0,Wembanyama REBOUND (Off:1 Def:5),,ATL,SAS,ATL,1610612737,2025,1661.0,1669.0,1665.0,1629027|1629631|1630168|1630700|1642258,101108|203084|1628368|1630170|1641705,2024-25,395,0.4074074074074074
124469,02:21,"Wembanyama P.FOUL (P5.T4) (J.Williams)
MISS Young 3PT Step Back Jump Shot
Hunter REBOUND (Off:1 Def:9)
Hunter 12' Jump Shot (19 PTS)
",1,1,1,0,2025-02-05,0022400719,0,1,SAS,4,0,-7,03:04,Off Arc 3 Make,0,Wembanyama P.FOUL (P5.T4) (J.Williams),,ATL,SAS,ATL,1610612737,2025,2696.0,2739.0,2717.5,1629027|1629631|1630168|1630249|1630700,101108|203084|1628368|1641705|1642264,2024-25,662,0.208955223880597
124467,00:48,"Sochan S.FOUL (P3.PN) (J.Williams)
Young Free Throw 1 of 2 (29 PTS)
Young Free Throw 2 of 2 (30 PTS)
",0,0,0,0,2025-02-05,0022400719,0,0,SAS,4,1,-2,00:54,Off Short Mid-Range Miss,0,Sochan S.FOUL (P3.PN) (J.Williams),,ATL,SAS,ATL,1610612737,2025,2826.0,2832.0,2829.0,1629027|1629631|1630168|1630249|1630700,101108|1628368|1630170|1631110|1641705,2024-25,709,0.35294117647058826
124465,00:48,"Sochan S.FOUL (P3.PN) (J.Williams)
Young Free Throw 1 of 2 (29 PTS)
Young Free Throw 2 of 2 (30 PTS)
",0,0,0,0,2025-02-05,0022400719,0,0,SAS,4,1,-2,00:54,Off Short Mid-Range Miss,0,Young Free Throw 1 of 2 (29 PTS),,ATL,SAS,ATL,1610612737,2025,2826.0,2832.0,2829.0,1629027|1629631|1630168|1630249|1630700,101108|1628368|1630170|1631110|1641705,2024-25,674,0.2558139534883721
124464,00:08,"Young 12' Driving Floating Jump Shot (32 PTS)
",1,1,0,0,2025-02-05,0022400719,0,0,SAS,4,0,-2,00:30,Off Timeout,0,Young 12' Driving Floating Jump Shot (32 PTS),,ATL,SAS,ATL,1610612737,2025,2850.0,2872.0,2861.0,1629027|1629631|1630168|1630249|1630700,101108|203084|1628368|1630170|1641705,2024-25,684,0.3235294117647059
124463,11:46,"Hunter Step Out of Bounds Turnover (P2.T13)
",0,0,0,0,2025-02-05,0022400719,0,0,SAS,3,0,-18,12:00,Off Dead Ball,1,Hunter Step Out of Bounds Turnover (P2.T13),,ATL,SAS,ATL,1610612737,2025,1440.0,1454.0,1447.0,1629027|1629631|1630168|1630700|1642258,101108|203084|1628368|1630170|1641705,2024-25,356,0.3384615384615385
124462,11:31,"Hunter 26' 3PT Jump Shot (9 PTS) (Young 6 AST)
",0,0,1,1,2025-02-05,0022400719,0,0,SAS,3,0,-20,11:38,Off At Rim Make,0,Hunter 26' 3PT Jump Shot (9 PTS) (Young 6 AST),,ATL,SAS,ATL,1610612737,2025,1462.0,1469.0,1465.5,1629027|1629631|1630168|1630700|1642258,101108|203084|1628368|1630170|1641705,2024-25,359,0.2077922077922078
124461,10:54,"Risacher 12' Turnaround Fadeaway (6 PTS) (Daniels 4 AST)
",1,1,0,0,2025-02-05,0022400719,0,0,SAS,3,0,-17,11:05,Off Arc 3 Miss,0,Risacher 12' Turnaround Fadeaway (6 PTS) (Daniels 4 AST),,ATL,SAS,ATL,1610612737,2025,1495.0,1506.0,1500.5,1629027|1629631|1630168|1630700|1642258,101108|203084|1628368|1630170|1641705,2024-25,365,0.16666666666666666
124436,04:54,"MISS Okongwu 3PT Jump Shot
Spurs Rebound
",0,0,1,0,2025-02-05,0022400719,0,0,SAS,3,0,-14,05:12,Off At Rim Make,0,MISS Okongwu 3PT Jump Shot,,ATL,SAS,ATL,1610612737,2025,1848.0,1866.0,1857.0,1629027|1629631|1630168|1630700|1630811,101108|203084|1628368|1630577|1631110,2024-25,434,0.48484848484848486
124466,00:48,"Sochan S.FOUL (P3.PN) (J.Williams)
Young Free Throw 1 of 2 (29 PTS)
Young Free Throw 2 of 2 (30 PTS)
",0,0,0,0,2025-02-05,0022400719,0,0,SAS,4,1,-2,00:54,Off Short Mid-Range Miss,0,Young Free Throw 2 of 2 (30 PTS),,ATL,SAS,ATL,1610612737,2025,2826.0,2832.0,2829.0,1629027|1629631|1630168|1630249|1630700,101108|1628368|1630170|1631110|1641705,2024-25,677,0.8656716417910447
124453,08:36,"MISS Young 2' Driving Finger Roll Layup
Okongwu REBOUND (Off:2 Def:4)
MISS Okongwu Tip Layup Shot
Okongwu REBOUND (Off:3 Def:4)
Okongwu Putback Layup (22 PTS)
",3,1,0,0,2025-02-05,0022400719,0,2,SAS,3,0,-16,08:50,Off At Rim Miss,0,Okongwu REBOUND (Off:2 Def:4),,ATL,SAS,ATL,1610612737,2025,1630.0,1644.0,1637.0,1629027|1629631|1630168|1630700|1642258,101108|203084|1628368|1630170|1641705,2024-25,390,0.45454545454545453
124460,10:24,"Okongwu 25' 3PT Jump Shot (18 PTS) (Hunter 3 AST)
",0,0,1,1,2025-02-05,0022400719,0,0,SAS,3,0,-18,10:35,Off Arc 3 Make,0,Okongwu 25' 3PT Jump Shot (18 PTS) (Hunter 3 AST),,ATL,SAS,ATL,1610612737,2025,1525.0,1536.0,1530.5,1629027|1629631|1630168|1630700|1642258,101108|203084|1628368|1630170|1641705,2024-25,368,0.5925925925925926
124454,08:36,"MISS Young 2' Driving Finger Roll Layup
Okongwu REBOUND (Off:2 Def:4)
MISS Okongwu Tip Layup Shot
Okongwu REBOUND (Off:3 Def:4)
Okongwu Putback Layup (22 PTS)
",3,1,0,0,2025-02-05,0022400719,0,2,SAS,3,0,-16,08:50,Off At Rim Miss,0,MISS Okongwu Tip Layup Shot,,ATL,SAS,ATL,1610612737,2025,1630.0,1644.0,1637.0,1629027|1629631|1630168|1630700|1642258,101108|203084|1628368|1630170|1641705,2024-25,391,0.375
124455,08:36,"MISS Young 2' Driving Finger Roll Layup
Okongwu REBOUND (Off:2 Def:4)
MISS Okongwu Tip Layup Shot
Okongwu REBOUND (Off:3 Def:4)
Okongwu Putback Layup (22 PTS)
",3,1,0,0,2025-02-05,0022400719,0,2,SAS,3,0,-16,08:50,Off At Rim Miss,0,Okongwu REBOUND (Off:3 Def:4),,ATL,SAS,ATL,1610612737,2025,1630.0,1644.0,1637.0,1629027|1629631|1630168|1630700|1642258,101108|203084|1628368|1630170|1641705,2024-25,379,0.16666666666666666
124468,01:49,"Hunter 25' 3PT Jump Shot (22 PTS) (Daniels 7 AST)
",0,0,1,1,2025-02-05,0022400719,0,0,SAS,4,0,-5,01:59,Off Arc 3 Miss,0,Hunter 25' 3PT Jump Shot (22 PTS) (Daniels 7 AST),,ATL,SAS,ATL,1610612737,2025,2761.0,2771.0,2766.0,1629027|1629631|1630168|1630249|1630700,101108|1628368|1630170|1631110|1641705,2024-25,662,0.358974358974359
124456,08:36,"MISS Young 2' Driving Finger Roll Layup
Okongwu REBOUND (Off:2 Def:4)
MISS Okongwu Tip Layup Shot
Okongwu REBOUND (Off:3 Def:4)
Okongwu Putback Layup (22 PTS)
",3,1,0,0,2025-02-05,0022400719,0,2,SAS,3,0,-16,08:50,Off At Rim Miss,0,Okongwu Putback Layup (22 PTS),,ATL,SAS,ATL,1610612737,2025,1630.0,1644.0,1637.0,1629027|1629631|1630168|1630700|1642258,101108|203084|1628368|1630170|1641705,2024-25,393,0.41935483870967744
124457,08:58,"Young Bad Pass Turnover (P7.T14): Fox STEAL (1 STL)
",0,0,0,0,2025-02-05,0022400719,0,0,SAS,3,0,-16,09:10,Off At Rim Make,1,Young Bad Pass Turnover (P7.T14): Fox STEAL (1 STL),,ATL,SAS,ATL,1610612737,2025,1610.0,1622.0,1616.0,1629027|1629631|1630168|1630700|1642258,101108|203084|1628368|1630170|1641705,2024-25,383,0.31683168316831684
124458,09:28,"Okongwu 1' Cutting Layup Shot (20 PTS) (Young 8 AST)
",1,1,0,0,2025-02-05,0022400719,0,0,SAS,3,0,-16,09:46,Off Short Mid-Range Make,0,Okongwu 1' Cutting Layup Shot (20 PTS) (Young 8 AST),,ATL,SAS,ATL,1610612737,2025,1574.0,1592.0,1583.0,1629027|1629631|1630168|1630700|1642258,101108|203084|1628368|1630170|1641705,2024-25,396,0.693069306930693
124358,11:23,"Young Bad Pass Turnover (P1.T1): Barnes STEAL (1 STL)
",0,0,0,0,2025-02-05,0022400719,0,0,SAS,1,0,0,11:32,Off Short Mid-Range Miss,1,Young Bad Pass Turnover (P1.T1): Barnes STEAL (1 STL),,ATL,SAS,ATL,1610612737,2025,28.0,37.0,32.5,1629027|1629631|1630168|1630700|1642258,101108|203084|1628368|1630170|1641705,2024-25,9,0.3373493975903614
124459,10:01,"Hunter 3PT Jump Shot (12 PTS) (Young 7 AST)
",0,0,1,1,2025-02-05,0022400719,0,0,SAS,3,0,-17,10:13,Off At Rim Make,0,Hunter 3PT Jump Shot (12 PTS) (Young 7 AST),,ATL,SAS,ATL,1610612737,2025,1547.0,1559.0,1553.0,1629027|1629631|1630168|1630700|1642258,101108|203084|1628368|1630170|1641705,2024-25,372,0.24
124450,08:11,"MISS Hunter 26' 3PT Running Pull-Up Jump Shot
Wembanyama REBOUND (Off:1 Def:5)
",0,0,1,0,2025-02-05,0022400719,0,0,SAS,3,0,-14,08:19,Off Corner 3 Miss,0,MISS Hunter 26' 3PT Running Pull-Up Jump Shot,,ATL,SAS,ATL,1610612737,2025,1661.0,1669.0,1665.0,1629027|1629631|1630168|1630700|1642258,101108|203084|1628368|1630170|1641705,2024-25,396,0.3829787234042553
124440,05:30,"MISS Daniels 26' 3PT Jump Shot
Okongwu REBOUND (Off:4 Def:4)
Okongwu Putback Layup (26 PTS)
",1,1,1,0,2025-02-05,0022400719,0,1,SAS,3,0,-14,05:47,Off At Rim Make,0,MISS Daniels 26' 3PT Jump Shot,,ATL,SAS,ATL,1610612737,2025,1813.0,1830.0,1821.5,1629027|1629631|1630168|1630700|1630811,101108|203084|1628368|1630577|1631110,2024-25,430,0.3783783783783784
124471,02:21,"Wembanyama P.FOUL (P5.T4) (J.Williams)
MISS Young 3PT Step Back Jump Shot
Hunter REBOUND (Off:1 Def:9)
Hunter 12' Jump Shot (19 PTS)
",1,1,1,0,2025-02-05,0022400719,0,1,SAS,4,0,-7,03:04,Off Arc 3 Make,0,Hunter REBOUND (Off:1 Def:9),,ATL,SAS,ATL,1610612737,2025,2696.0,2739.0,2717.5,1629027|1629631|1630168|1630249|1630700,101108|203084|1628368|1641705|1642264,2024-25,673,0.7931034482758621
124496,08:47,"Barlow 3PT Jump Shot (5 PTS) (Krejci 1 AST)
",0,0,1,1,2025-02-05,0022400719,0,0,SAS,4,0,-6,08:53,Off At Rim Make,0,Barlow 3PT Jump Shot (5 PTS) (Krejci 1 AST),,ATL,SAS,ATL,1610612737,2025,2347.0,2353.0,2350.0,1626204|1629027|1630249|1631230|1642258,101108|1630170|1630577|1641705|1642264,2024-25,566,0.2702702702702703
124495,08:15,"Paul S.FOUL (P2.T2) (J.Butler)
Nance Jr. Free Throw 1 of 2 (1 PTS)
MISS Nance Jr. Free Throw 2 of 2
Vassell REBOUND (Off:0 Def:3)
",0,0,0,0,2025-02-05,0022400719,0,0,SAS,4,1,-3,08:25,Off Long Mid-Range Miss,0,Vassell REBOUND (Off:0 Def:3),,ATL,SAS,ATL,1610612737,2025,2375.0,2385.0,2380.0,1626204|1629027|1630249|1631230|1642258,101108|1630170|1630577|1641705|1642264,2024-25,547,0.1276595744680851
124494,08:15,"Paul S.FOUL (P2.T2) (J.Butler)
Nance Jr. Free Throw 1 of 2 (1 PTS)
MISS Nance Jr. Free Throw 2 of 2
Vassell REBOUND (Off:0 Def:3)
",0,0,0,0,2025-02-05,0022400719,0,0,SAS,4,1,-3,08:25,Off Long Mid-Range Miss,0,MISS Nance Jr. Free Throw 2 of 2,,ATL,SAS,ATL,1610612737,2025,2375.0,2385.0,2380.0,1626204|1629027|1630249|1631230|1642258,101108|1630170|1630577|1641705|1642264,2024-25,579,0.25925925925925924
124473,03:11,"MISS Young 4' Driving Floating Bank Jump Shot
Wembanyama REBOUND (Off:3 Def:8)
",1,0,0,0,2025-02-05,0022400719,0,0,SAS,4,0,-4,03:26,Off Arc 3 Miss,0,MISS Young 4' Driving Floating Bank Jump Shot,,ATL,SAS,ATL,1610612737,2025,2674.0,2689.0,2681.5,1629027|1629631|1630168|1630249|1630700,101108|203084|1628368|1641705|1642264,2024-25,647,0.33766233766233766
124472,02:21,"Wembanyama P.FOUL (P5.T4) (J.Williams)
MISS Young 3PT Step Back Jump Shot
Hunter REBOUND (Off:1 Def:9)
Hunter 12' Jump Shot (19 PTS)
",1,1,1,0,2025-02-05,0022400719,0,1,SAS,4,0,-7,03:04,Off Arc 3 Make,0,Hunter 12' Jump Shot (19 PTS),,ATL,SAS,ATL,1610612737,2025,2696.0,2739.0,2717.5,1629027|1629631|1630168|1630249|1630700,101108|203084|1628368|1641705|1642264,2024-25,670,0.3508771929824561
124504,09:43,"Spurs T.Foul (Def. 3 Sec Champagnie ) (J.Williams)
Young Free Throw Technical (21 PTS)
Barlow 1' Cutting Layup Shot (2 PTS) (Young 12 AST)
Wembanyama S.FOUL (P4.T1) (J.Williams)
MISS Barlow Free Throw 1 of 1
Wembanyama REBOUND (Off:3 Def:7)
",1,1,0,0,2025-02-05,0022400719,0,0,SAS,4,1,-7,10:02,Off Dead Ball,0,Wembanyama S.FOUL (P4.T1) (J.Williams),,ATL,SAS,ATL,1610612737,2025,2278.0,2297.0,2287.5,1626204|1629027|1630249|1631230|1642258,101108|1630170|1630577|1641705|1642264,2024-25,529,0.273972602739726
124470,02:21,"Wembanyama P.FOUL (P5.T4) (J.Williams)
MISS Young 3PT Step Back Jump Shot
Hunter REBOUND (Off:1 Def:9)
Hunter 12' Jump Shot (19 PTS)
",1,1,1,0,2025-02-05,0022400719,0,1,SAS,4,0,-7,03:04,Off Arc 3 Make,0,MISS Young 3PT Step Back Jump Shot,,ATL,SAS,ATL,1610612737,2025,2696.0,2739.0,2717.5,1629027|1629631|1630168|1630249|1630700,101108|203084|1628368|1641705|1642264,2024-25,549,0.4594594594594595
124448,07:21,"Young Bad Pass Turnover (P8.T15): Vassell STEAL (4 STL)
",0,0,0,0,2025-02-05,0022400719,0,0,SAS,3,0,-14,07:34,Off Short Mid-Range Make,1,Young Bad Pass Turnover (P8.T15): Vassell STEAL (4 STL),,ATL,SAS,ATL,1610612737,2025,1706.0,1719.0,1712.5,1629027|1629631|1630168|1630700|1642258,101108|203084|1628368|1630170|1641705,2024-25,403,0.6363636363636364
124447,07:03,"Okongwu 5' Driving Hook Shot (24 PTS) (Daniels 5 AST)
",1,1,0,0,2025-02-05,0022400719,0,0,SAS,3,0,-16,07:16,Off At Rim Make,0,Okongwu 5' Driving Hook Shot (24 PTS) (Daniels 5 AST),,ATL,SAS,ATL,1610612737,2025,1724.0,1737.0,1730.5,1629027|1629631|1630168|1630700|1642258,101108|203084|1628368|1630170|1641705,2024-25,408,0.8653846153846154
124446,06:39,"Barnes S.FOUL (P1.T1) (J.Butler)
Young Free Throw 1 of 2 (12 PTS)
Young Free Throw 2 of 2 (13 PTS)
",0,0,0,0,2025-02-05,0022400719,0,0,SAS,3,1,-14,06:50,Off Dead Ball,0,Young Free Throw 2 of 2 (13 PTS),,ATL,SAS,ATL,1610612737,2025,1750.0,1761.0,1755.5,1629027|1629631|1630168|1630700|1630811,101108|203084|1628368|1630577|1631110,2024-25,384,0.4
124445,06:39,"Barnes S.FOUL (P1.T1) (J.Butler)
Young Free Throw 1 of 2 (12 PTS)
Young Free Throw 2 of 2 (13 PTS)
",0,0,0,0,2025-02-05,0022400719,0,0,SAS,3,1,-14,06:50,Off Dead Ball,0,Young Free Throw 1 of 2 (12 PTS),,ATL,SAS,ATL,1610612737,2025,1750.0,1761.0,1755.5,1629027|1629631|1630168|1630700|1630811,101108|203084|1628368|1630577|1631110,2024-25,383,0.2926829268292683
124444,06:39,"Barnes S.FOUL (P1.T1) (J.Butler)
Young Free Throw 1 of 2 (12 PTS)
Young Free Throw 2 of 2 (13 PTS)
",0,0,0,0,2025-02-05,0022400719,0,0,SAS,3,1,-14,06:50,Off Dead Ball,0,Barnes S.FOUL (P1.T1) (J.Butler),,ATL,SAS,ATL,1610612737,2025,1750.0,1761.0,1755.5,1629027|1629631|1630168|1630700|1630811,101108|203084|1628368|1630577|1631110,2024-25,441,0.41025641025641024
124443,06:15,"Young 10' Driving Floating Jump Shot (15 PTS)
",1,1,0,0,2025-02-05,0022400719,0,0,SAS,3,0,-14,06:25,Off At Rim Make,0,Young 10' Driving Floating Jump Shot (15 PTS),,ATL,SAS,ATL,1610612737,2025,1775.0,1785.0,1780.0,1629027|1629631|1630168|1630700|1630811,101108|203084|1628368|1630577|1631110,2024-25,423,0.3434343434343434
124442,05:52,"MISS Young 31' 3PT Running Pull-Up Jump Shot
Barnes REBOUND (Off:2 Def:3)
",0,0,1,0,2025-02-05,0022400719,0,0,SAS,3,0,-12,05:59,Off Arc 3 Miss,0,MISS Young 31' 3PT Running Pull-Up Jump Shot,,ATL,SAS,ATL,1610612737,2025,1801.0,1808.0,1804.5,1629027|1629631|1630168|1630700|1630811,101108|203084|1628368|1630577|1631110,2024-25,426,0.775
124449,07:51,"Young 2' Driving Finger Roll Layup (11 PTS) (Hunter 4 AST)
",1,1,0,0,2025-02-05,0022400719,0,0,SAS,3,0,-14,07:56,Off Short Mid-Range Miss,0,Young 2' Driving Finger Roll Layup (11 PTS) (Hunter 4 AST),,ATL,SAS,ATL,1610612737,2025,1684.0,1689.0,1686.5,1629027|1629631|1630168|1630700|1642258,101108|203084|1628368|1630170|1641705,2024-25,400,0.1978021978021978
124441,05:52,"MISS Young 31' 3PT Running Pull-Up Jump Shot
Barnes REBOUND (Off:2 Def:3)
",0,0,1,0,2025-02-05,0022400719,0,0,SAS,3,0,-12,05:59,Off Arc 3 Miss,0,Barnes REBOUND (Off:2 Def:3),,ATL,SAS,ATL,1610612737,2025,1801.0,1808.0,1804.5,1629027|1629631|1630168|1630700|1630811,101108|203084|1628368|1630577|1631110,2024-25,397,0.21052631578947367
124439,05:30,"MISS Daniels 26' 3PT Jump Shot
Okongwu REBOUND (Off:4 Def:4)
Okongwu Putback Layup (26 PTS)
",1,1,1,0,2025-02-05,0022400719,0,1,SAS,3,0,-14,05:47,Off At Rim Make,0,Okongwu REBOUND (Off:4 Def:4),,ATL,SAS,ATL,1610612737,2025,1813.0,1830.0,1821.5,1629027|1629631|1630168|1630700|1630811,101108|203084|1628368|1630577|1631110,2024-25,431,0.13043478260869565
124438,05:30,"MISS Daniels 26' 3PT Jump Shot
Okongwu REBOUND (Off:4 Def:4)
Okongwu Putback Layup (26 PTS)
",1,1,1,0,2025-02-05,0022400719,0,1,SAS,3,0,-14,05:47,Off At Rim Make,0,Okongwu Putback Layup (26 PTS),,ATL,SAS,ATL,1610612737,2025,1813.0,1830.0,1821.5,1629027|1629631|1630168|1630700|1630811,101108|203084|1628368|1630577|1631110,2024-25,432,0.2857142857142857
124437,04:54,"MISS Okongwu 3PT Jump Shot
Spurs Rebound
",0,0,1,0,2025-02-05,0022400719,0,0,SAS,3,0,-14,05:12,Off At Rim Make,0,Spurs Rebound,,ATL,SAS,ATL,1610612737,2025,1848.0,1866.0,1857.0,1629027|1629631|1630168|1630700|1630811,101108|203084|1628368|1630577|1631110,2024-25,468,0.20833333333333334
124435,04:34,"Okongwu 2' Cutting Layup Shot (28 PTS) (Young 9 AST)
",1,1,0,0,2025-02-05,0022400719,0,0,SAS,3,0,-14,04:43,Off Steal,0,Okongwu 2' Cutting Layup Shot (28 PTS) (Young 9 AST),,ATL,SAS,ATL,1610612737,2025,1877.0,1886.0,1881.5,1629027|1629631|1630168|1630700|1630811,1628368|1629640|1630577|1631110|1642264,2024-25,443,0.8627450980392157
124434,04:10,"Young 4' Driving Floating Bank Jump Shot (17 PTS)
",1,1,0,0,2025-02-05,0022400719,0,0,SAS,3,0,-12,04:21,Off Arc 3 Miss,0,Young 4' Driving Floating Bank Jump Shot (17 PTS),,ATL,SAS,ATL,1610612737,2025,1899.0,1910.0,1904.5,1629027|1629631|1630168|1630700|1630811,1628368|1629640|1630577|1631110|1642264,2024-25,447,0.23529411764705882
124498,09:05,"MISS Risacher 5' Driving Finger Roll Layup
Krejci REBOUND (Off:1 Def:2)
MISS Barlow 1' Driving Layup: Wembanyama BLOCK (1 BLK)
Castle REBOUND (Off:0 Def:2)
",2,0,0,0,2025-02-05,0022400719,0,1,SAS,4,0,-4,09:38,Off At Rim Block,0,Krejci REBOUND (Off:1 Def:2),,ATL,SAS,ATL,1610612737,2025,2302.0,2335.0,2318.5,1626204|1629027|1630249|1631230|1642258,101108|1630170|1630577|1641705|1642264,2024-25,518,0.4
124359,00:00,"MISS Young 38' 3PT Pullup Jump Shot
HAWKS Rebound
",0,0,1,0,2025-02-05,0022400719,0,0,SAS,2,0,-18,00:04,Off Long Mid-Range Make,0,MISS Young 38' 3PT Pullup Jump Shot,,ATL,SAS,ATL,1610612737,2025,1436.0,1440.0,1438.0,1629027|1629631|1630168|1630700|1642258,1628368|1630170|1630577|1631110|1642264,2024-25,346,0.37209302325581395
124408,08:37,"Young Bad Pass Turnover (P3.T8): Champagnie STEAL (3 STL)
",0,0,0,0,2025-02-05,0022400719,0,0,SAS,2,0,-13,08:59,Off Arc 3 Miss,1,Young Bad Pass Turnover (P3.T8): Champagnie STEAL (3 STL),,ATL,SAS,ATL,1610612737,2025,901.0,923.0,912.0,1626204|1629027|1629726|1630700|1631230,101108|1628368|1630170|1630577|1641705,2024-25,209,0.2882882882882883
124361,00:26,"Hunter Out of Bounds - Bad Pass Turnover Turnover (P1.T12)
",0,0,0,0,2025-02-05,0022400719,0,0,SAS,2,0,-16,00:26,Off At Rim Block,1,Hunter Out of Bounds - Bad Pass Turnover Turnover (P1.T12),,ATL,SAS,ATL,1610612737,2025,1414.0,1414.0,1414.0,1629027|1629631|1630168|1630700|1642258,1628368|1630170|1630577|1631110|1642264,2024-25,344,0.20253164556962025
124425,01:29,"Daniels 1' Cutting Dunk Shot (19 PTS) (Okongwu 5 AST)
",1,1,0,0,2025-02-05,0022400719,0,0,SAS,3,0,-7,01:46,Off Arc 3 Make,0,Daniels 1' Cutting Dunk Shot (19 PTS) (Okongwu 5 AST),,ATL,SAS,ATL,1610612737,2025,2054.0,2071.0,2062.5,1629027|1629631|1630168|1630700|1630811,1628368|1629640|1630170|1631110|1641705,2024-25,487,0.18421052631578946
124402,07:44,"MISS Barlow 3PT Jump Shot
Barnes REBOUND (Off:0 Def:1)
",0,0,1,0,2025-02-05,0022400719,0,0,SAS,2,0,-12,07:57,Off Short Mid-Range Miss,0,Barnes REBOUND (Off:0 Def:1),,ATL,SAS,ATL,1610612737,2025,963.0,976.0,969.5,1626204|1629027|1629631|1630700|1631230,101108|203084|1628368|1630577|1641705,2024-25,213,0.33766233766233766
124428,02:23,"Okongwu Lost Ball Turnover (P1.T16): Fox STEAL (2 STL)
",0,0,0,0,2025-02-05,0022400719,0,0,SAS,3,0,-4,02:36,Off FT Make,1,Okongwu Lost Ball Turnover (P1.T16): Fox STEAL (2 STL),,ATL,SAS,ATL,1610612737,2025,2004.0,2017.0,2010.5,1629027|1629631|1630168|1630700|1630811,1628368|1629640|1630170|1631110|1641705,2024-25,476,0.6888888888888889
124427,01:57,"MISS Hunter 24' 3PT Jump Shot
Wembanyama REBOUND (Off:1 Def:6)
",0,0,1,0,2025-02-05,0022400719,0,0,SAS,3,0,-4,02:07,Off At Rim Miss,0,Wembanyama REBOUND (Off:1 Def:6),,ATL,SAS,ATL,1610612737,2025,2033.0,2043.0,2038.0,1629027|1629631|1630168|1630700|1630811,1628368|1629640|1630170|1631110|1641705,2024-25,479,0.27586206896551724
124426,01:57,"MISS Hunter 24' 3PT Jump Shot
Wembanyama REBOUND (Off:1 Def:6)
",0,0,1,0,2025-02-05,0022400719,0,0,SAS,3,0,-4,02:07,Off At Rim Miss,0,MISS Hunter 24' 3PT Jump Shot,,ATL,SAS,ATL,1610612737,2025,2033.0,2043.0,2038.0,1629027|1629631|1630168|1630700|1630811,1628368|1629640|1630170|1631110|1641705,2024-25,480,0.21052631578947367
124375,02:30,"Wembanyama P.FOUL (P3.PN) (M.Ervin)
MISS Young Free Throw 1 of 2
HAWKS Rebound
Young Free Throw 2 of 2 (9 PTS)
",0,0,0,0,2025-02-05,0022400719,1,0,SAS,2,0,-11,02:41,Off Arc 3 Miss,0,HAWKS Rebound,,ATL,SAS,ATL,1610612737,2025,1279.0,1290.0,1284.5,1629027|1629631|1630168|1630700|1642258,1628368|1630170|1631110|1641705|1642264,2024-25,308,0.5714285714285714
124424,00:59,"Young Bad Pass Turnover (P9.T17): Sochan STEAL (1 STL)
",0,0,0,0,2025-02-05,0022400719,0,0,SAS,3,0,-7,01:09,Off At Rim Make,1,Young Bad Pass Turnover (P9.T17): Sochan STEAL (1 STL),,ATL,SAS,ATL,1610612737,2025,2091.0,2101.0,2096.0,1629027|1629631|1630168|1630700|1630811,1628368|1629640|1630170|1631110|1641705,2024-25,528,0.4358974358974359
124423,00:49,"Hunter 5' Driving Floating Jump Shot (17 PTS) (Young 11 AST)
",1,1,0,0,2025-02-05,0022400719,0,0,SAS,3,0,-9,00:55,Off At Rim Make,0,Hunter 5' Driving Floating Jump Shot (17 PTS) (Young 11 AST),,ATL,SAS,ATL,1610612737,2025,2105.0,2111.0,2108.0,1629027|1629631|1630168|1630700|1630811,1628368|1629640|1630170|1631110|1641705,2024-25,495,0.37168141592920356
124422,00:08,"Fox P.FOUL (P2.T2) (M.Ervin)
Young 26' 3PT Pullup Jump Shot (20 PTS)
",0,0,1,1,2025-02-05,0022400719,0,0,SAS,3,0,-7,00:27,Off Short Mid-Range Miss,0,Young 26' 3PT Pullup Jump Shot (20 PTS),,ATL,SAS,ATL,1610612737,2025,2133.0,2152.0,2142.5,1629027|1629631|1630168|1630700|1630811,1628368|1629640|1630170|1631110|1641705,2024-25,501,0.17857142857142858
124400,07:18,"MISS Daniels 3' Driving Finger Roll Layup
Champagnie REBOUND (Off:0 Def:2)
",1,0,0,0,2025-02-05,0022400719,0,0,SAS,2,0,-12,07:29,Off Arc 3 Miss,0,Champagnie REBOUND (Off:0 Def:2),,ATL,SAS,ATL,1610612737,2025,991.0,1002.0,996.5,1626204|1629027|1629631|1630700|1631230,101108|203084|1628368|1630577|1641705,2024-25,208,0.29411764705882354
124421,00:08,"Fox P.FOUL (P2.T2) (M.Ervin)
Young 26' 3PT Pullup Jump Shot (20 PTS)
",0,0,1,1,2025-02-05,0022400719,0,0,SAS,3,0,-7,00:27,Off Short Mid-Range Miss,0,Fox P.FOUL (P2.T2) (M.Ervin),,ATL,SAS,ATL,1610612737,2025,2133.0,2152.0,2142.5,1629027|1629631|1630168|1630700|1630811,1628368|1629640|1630170|1631110|1641705,2024-25,494,0.26229508196721313
124419,11:09,"MISS Mathews 26' 3PT Jump Shot
Johnson REBOUND (Off:0 Def:2)
",0,0,1,0,2025-02-05,0022400719,0,0,SAS,2,0,-13,11:25,Off Arc 3 Make,0,Johnson REBOUND (Off:0 Def:2),,ATL,SAS,ATL,1610612737,2025,755.0,771.0,763.0,1626204|1629027|1629726|1630249|1631230,101108|1629640|1630170|1641705|1642264,2024-25,187,0.2978723404255319
124418,11:09,"MISS Mathews 26' 3PT Jump Shot
Johnson REBOUND (Off:0 Def:2)
",0,0,1,0,2025-02-05,0022400719,0,0,SAS,2,0,-13,11:25,Off Arc 3 Make,0,MISS Mathews 26' 3PT Jump Shot,,ATL,SAS,ATL,1610612737,2025,755.0,771.0,763.0,1626204|1629027|1629726|1630249|1631230,101108|1629640|1630170|1641705|1642264,2024-25,168,0.32727272727272727
124417,10:52,"MISS Krejci 24' 3PT Jump Shot
Wembanyama REBOUND (Off:0 Def:3)
",0,0,1,0,2025-02-05,0022400719,0,0,SAS,2,0,-13,11:00,Off Corner 3 Miss,0,Wembanyama REBOUND (Off:0 Def:3),,ATL,SAS,ATL,1610612737,2025,780.0,788.0,784.0,1626204|1629027|1629726|1630249|1631230,101108|1629640|1630170|1641705|1642264,2024-25,181,0.32142857142857145
124401,07:44,"MISS Barlow 3PT Jump Shot
Barnes REBOUND (Off:0 Def:1)
",0,0,1,0,2025-02-05,0022400719,0,0,SAS,2,0,-12,07:57,Off Short Mid-Range Miss,0,MISS Barlow 3PT Jump Shot,,ATL,SAS,ATL,1610612737,2025,963.0,976.0,969.5,1626204|1629027|1629631|1630700|1631230,101108|203084|1628368|1630577|1641705,2024-25,223,0.2465753424657534
124416,10:52,"MISS Krejci 24' 3PT Jump Shot
Wembanyama REBOUND (Off:0 Def:3)
",0,0,1,0,2025-02-05,0022400719,0,0,SAS,2,0,-13,11:00,Off Corner 3 Miss,0,MISS Krejci 24' 3PT Jump Shot,,ATL,SAS,ATL,1610612737,2025,780.0,788.0,784.0,1626204|1629027|1629726|1630249|1631230,101108|1629640|1630170|1641705|1642264,2024-25,172,0.2608695652173913
124414,10:31,"MISS Mathews 25' 3PT Jump Shot
Wembanyama REBOUND (Off:0 Def:4)
",0,0,1,0,2025-02-05,0022400719,0,0,SAS,2,0,-13,10:40,Off At Rim Miss,0,MISS Mathews 25' 3PT Jump Shot,,ATL,SAS,ATL,1610612737,2025,800.0,809.0,804.5,1626204|1629027|1629726|1630249|1631230,101108|1629640|1630170|1641705|1642264,2024-25,176,0.34782608695652173
124413,10:12,"Mathews Step Out of Bounds Turnover (P1.T7)
",0,0,0,0,2025-02-05,0022400719,0,0,SAS,2,0,-15,10:21,Off Long Mid-Range Make,1,Mathews Step Out of Bounds Turnover (P1.T7),,ATL,SAS,ATL,1610612737,2025,819.0,828.0,823.5,1626204|1629027|1629726|1630249|1631230,101108|1629640|1630170|1641705|1642264,2024-25,179,0.6373626373626373
124412,09:46,"Castle S.FOUL (P1.T1) (M.Ervin)
Young Free Throw 1 of 2 (3 PTS)
Young Free Throw 2 of 2 (4 PTS)
",0,0,0,0,2025-02-05,0022400719,0,0,SAS,2,1,-15,09:59,Off Dead Ball,0,Young Free Throw 2 of 2 (4 PTS),,ATL,SAS,ATL,1610612737,2025,841.0,854.0,847.5,1626204|1629027|1629726|1630700|1631230,101108|1630170|1630577|1641705|1642264,2024-25,191,0.20833333333333334
124411,09:46,"Castle S.FOUL (P1.T1) (M.Ervin)
Young Free Throw 1 of 2 (3 PTS)
Young Free Throw 2 of 2 (4 PTS)
",0,0,0,0,2025-02-05,0022400719,0,0,SAS,2,1,-15,09:59,Off Dead Ball,0,Young Free Throw 1 of 2 (3 PTS),,ATL,SAS,ATL,1610612737,2025,841.0,854.0,847.5,1626204|1629027|1629726|1630700|1631230,101108|1630170|1630577|1641705|1642264,2024-25,190,0.2962962962962963
124420,11:37,"Krejci Bad Pass Turnover (P3.T6): Vassell STEAL (3 STL)
",0,0,0,0,2025-02-05,0022400719,0,0,SAS,2,0,-10,12:00,Off Dead Ball,1,Krejci Bad Pass Turnover (P3.T6): Vassell STEAL (3 STL),,ATL,SAS,ATL,1610612737,2025,720.0,743.0,731.5,1626204|1629027|1629726|1630249|1631230,101108|1629640|1630170|1641705|1642264,2024-25,194,0.4
124387,04:50,"MISS Young 34' 3PT Pullup Jump Shot
Okongwu REBOUND (Off:1 Def:1)
Okongwu Tip Dunk Shot (7 PTS)
",1,1,1,0,2025-02-05,0022400719,0,1,SAS,2,0,-15,05:01,Off Dead Ball,0,Okongwu REBOUND (Off:1 Def:1),,ATL,SAS,ATL,1610612737,2025,1139.0,1150.0,1144.5,1629027|1629631|1630168|1630700|1642258,203084|1628368|1629640|1630170|1631110,2024-25,268,0.9508196721311475
124399,07:18,"MISS Daniels 3' Driving Finger Roll Layup
Champagnie REBOUND (Off:0 Def:2)
",1,0,0,0,2025-02-05,0022400719,0,0,SAS,2,0,-12,07:29,Off Arc 3 Miss,0,MISS Daniels 3' Driving Finger Roll Layup,,ATL,SAS,ATL,1610612737,2025,991.0,1002.0,996.5,1626204|1629027|1629631|1630700|1631230,101108|203084|1628368|1630577|1641705,2024-25,227,0.14035087719298245
124378,03:12,"Okongwu 1' Reverse Layup (11 PTS) (Hunter 2 AST)
",1,1,0,0,2025-02-05,0022400719,0,0,SAS,2,0,-14,03:35,Off FT Make,0,Okongwu 1' Reverse Layup (11 PTS) (Hunter 2 AST),,ATL,SAS,ATL,1610612737,2025,1225.0,1248.0,1236.5,1629027|1629631|1630168|1630700|1642258,1628368|1630170|1631110|1641705|1642264,2024-25,294,0.13636363636363635
124360,00:00,"MISS Young 38' 3PT Pullup Jump Shot
HAWKS Rebound
",0,0,1,0,2025-02-05,0022400719,0,0,SAS,2,0,-18,00:04,Off Long Mid-Range Make,0,HAWKS Rebound,,ATL,SAS,ATL,1610612737,2025,1436.0,1440.0,1438.0,1629027|1629631|1630168|1630700|1642258,1628368|1630170|1630577|1631110|1642264,2024-25,310,0.2222222222222222
124390,05:55,"Fox P.FOUL (P1.T3) (J.Butler)
Champagnie P.FOUL (P1.T4) (J.Williams)
Sochan P.FOUL (P1.PN) (M.Ervin)
MISS Young Free Throw 1 of 2
HAWKS Rebound
Young Free Throw 2 of 2 (8 PTS)
",0,0,0,0,2025-02-05,0022400719,1,0,SAS,2,0,-16,06:09,Off Arc 3 Make,0,Fox P.FOUL (P1.T3) (J.Butler),,ATL,SAS,ATL,1610612737,2025,1071.0,1085.0,1078.0,1629027|1629631|1630168|1630700|1642258,203084|1628368|1629640|1630577|1631110,2024-25,245,0.25806451612903225
124391,05:55,"Fox P.FOUL (P1.T3) (J.Butler)
Champagnie P.FOUL (P1.T4) (J.Williams)
Sochan P.FOUL (P1.PN) (M.Ervin)
MISS Young Free Throw 1 of 2
HAWKS Rebound
Young Free Throw 2 of 2 (8 PTS)
",0,0,0,0,2025-02-05,0022400719,1,0,SAS,2,0,-16,06:09,Off Arc 3 Make,0,Champagnie P.FOUL (P1.T4) (J.Williams),,ATL,SAS,ATL,1610612737,2025,1071.0,1085.0,1078.0,1629027|1629631|1630168|1630700|1642258,203084|1628368|1629640|1630577|1631110,2024-25,242,0.24489795918367346
124392,05:55,"Fox P.FOUL (P1.T3) (J.Butler)
Champagnie P.FOUL (P1.T4) (J.Williams)
Sochan P.FOUL (P1.PN) (M.Ervin)
MISS Young Free Throw 1 of 2
HAWKS Rebound
Young Free Throw 2 of 2 (8 PTS)
",0,0,0,0,2025-02-05,0022400719,1,0,SAS,2,0,-16,06:09,Off Arc 3 Make,0,Sochan P.FOUL (P1.PN) (M.Ervin),,ATL,SAS,ATL,1610612737,2025,1071.0,1085.0,1078.0,1629027|1629631|1630168|1630700|1642258,203084|1628368|1629640|1630577|1631110,2024-25,245,0.25
124393,05:55,"Fox P.FOUL (P1.T3) (J.Butler)
Champagnie P.FOUL (P1.T4) (J.Williams)
Sochan P.FOUL (P1.PN) (M.Ervin)
MISS Young Free Throw 1 of 2
HAWKS Rebound
Young Free Throw 2 of 2 (8 PTS)
",0,0,0,0,2025-02-05,0022400719,1,0,SAS,2,0,-16,06:09,Off Arc 3 Make,0,MISS Young Free Throw 1 of 2,,ATL,SAS,ATL,1610612737,2025,1071.0,1085.0,1078.0,1629027|1629631|1630168|1630700|1642258,203084|1628368|1629640|1630577|1631110,2024-25,254,0.17777777777777778
124398,06:52,"MISS Hunter 24' 3PT Jump Shot
Barnes REBOUND (Off:0 Def:2)
",0,0,1,0,2025-02-05,0022400719,0,0,SAS,2,0,-14,07:15,Off Timeout,0,Barnes REBOUND (Off:0 Def:2),,ATL,SAS,ATL,1610612737,2025,1005.0,1028.0,1016.5,1626204|1629027|1629631|1630700|1642258,101108|203084|1628368|1630577|1631110,2024-25,230,0.17391304347826086
124395,05:55,"Fox P.FOUL (P1.T3) (J.Butler)
Champagnie P.FOUL (P1.T4) (J.Williams)
Sochan P.FOUL (P1.PN) (M.Ervin)
MISS Young Free Throw 1 of 2
HAWKS Rebound
Young Free Throw 2 of 2 (8 PTS)
",0,0,0,0,2025-02-05,0022400719,1,0,SAS,2,0,-16,06:09,Off Arc 3 Make,0,Young Free Throw 2 of 2 (8 PTS),,ATL,SAS,ATL,1610612737,2025,1071.0,1085.0,1078.0,1629027|1629631|1630168|1630700|1642258,203084|1628368|1629640|1630577|1631110,2024-25,256,0.20833333333333334
124396,06:25,"Young 26' 3PT Jump Shot (7 PTS) (Hunter 1 AST)
",0,0,1,1,2025-02-05,0022400719,0,0,SAS,2,0,-16,06:44,Off At Rim Make,0,Young 26' 3PT Jump Shot (7 PTS) (Hunter 1 AST),,ATL,SAS,ATL,1610612737,2025,1036.0,1055.0,1045.5,1626204|1629027|1629631|1630700|1642258,101108|203084|1628368|1630577|1631110,2024-25,240,0.3870967741935484
124397,06:52,"MISS Hunter 24' 3PT Jump Shot
Barnes REBOUND (Off:0 Def:2)
",0,0,1,0,2025-02-05,0022400719,0,0,SAS,2,0,-14,07:15,Off Timeout,0,MISS Hunter 24' 3PT Jump Shot,,ATL,SAS,ATL,1610612737,2025,1005.0,1028.0,1016.5,1626204|1629027|1629631|1630700|1642258,101108|203084|1628368|1630577|1631110,2024-25,236,0.5660377358490566
124389,05:28,"Okongwu 1' Alley Oop Layup (5 PTS) (Young 3 AST)
",1,1,0,0,2025-02-05,0022400719,0,0,SAS,2,0,-17,05:37,Off Long Mid-Range Make,0,Okongwu 1' Alley Oop Layup (5 PTS) (Young 3 AST),,ATL,SAS,ATL,1610612737,2025,1103.0,1112.0,1107.5,1629027|1629631|1630168|1630700|1642258,203084|1628368|1629640|1630577|1631110,2024-25,258,0.2
124394,05:55,"Fox P.FOUL (P1.T3) (J.Butler)
Champagnie P.FOUL (P1.T4) (J.Williams)
Sochan P.FOUL (P1.PN) (M.Ervin)
MISS Young Free Throw 1 of 2
HAWKS Rebound
Young Free Throw 2 of 2 (8 PTS)
",0,0,0,0,2025-02-05,0022400719,1,0,SAS,2,0,-16,06:09,Off Arc 3 Make,0,HAWKS Rebound,,ATL,SAS,ATL,1610612737,2025,1071.0,1085.0,1078.0,1629027|1629631|1630168|1630700|1642258,203084|1628368|1629640|1630577|1631110,2024-25,228,0.26666666666666666
124388,05:07,"Young Bad Pass Turnover (P4.T9): Johnson STEAL (1 STL)
",0,0,0,0,2025-02-05,0022400719,0,0,SAS,2,0,-15,05:12,Off Arc 3 Miss,1,Young Bad Pass Turnover (P4.T9): Johnson STEAL (1 STL),,ATL,SAS,ATL,1610612737,2025,1128.0,1133.0,1130.5,1629027|1629631|1630168|1630700|1642258,203084|1628368|1629640|1630577|1631110,2024-25,262,0.42105263157894735
124377,02:58,"Okongwu 24' 3PT Jump Shot (14 PTS) (Daniels 3 AST)
",0,0,1,1,2025-02-05,0022400719,0,0,SAS,2,0,-14,03:07,Off FT Make,0,Okongwu 24' 3PT Jump Shot (14 PTS) (Daniels 3 AST),,ATL,SAS,ATL,1610612737,2025,1253.0,1262.0,1257.5,1629027|1629631|1630168|1630700|1642258,1628368|1630170|1631110|1641705|1642264,2024-25,300,0.1728395061728395
124386,04:50,"MISS Young 34' 3PT Pullup Jump Shot
Okongwu REBOUND (Off:1 Def:1)
Okongwu Tip Dunk Shot (7 PTS)
",1,1,1,0,2025-02-05,0022400719,0,1,SAS,2,0,-15,05:01,Off Dead Ball,0,Okongwu Tip Dunk Shot (7 PTS),,ATL,SAS,ATL,1610612737,2025,1139.0,1150.0,1144.5,1629027|1629631|1630168|1630700|1642258,203084|1628368|1629640|1630170|1631110,2024-25,269,0.4126984126984127
124385,04:50,"MISS Young 34' 3PT Pullup Jump Shot
Okongwu REBOUND (Off:1 Def:1)
Okongwu Tip Dunk Shot (7 PTS)
",1,1,1,0,2025-02-05,0022400719,0,1,SAS,2,0,-15,05:01,Off Dead Ball,0,MISS Young 34' 3PT Pullup Jump Shot,,ATL,SAS,ATL,1610612737,2025,1139.0,1150.0,1144.5,1629027|1629631|1630168|1630700|1642258,203084|1628368|1629640|1630170|1631110,2024-25,267,0.4375
124384,04:34,"Okongwu Cutting Dunk Shot (9 PTS) (Young 4 AST)
",1,1,0,0,2025-02-05,0022400719,0,0,SAS,2,0,-15,04:41,Off Long Mid-Range Make,0,Okongwu Cutting Dunk Shot (9 PTS) (Young 4 AST),,ATL,SAS,ATL,1610612737,2025,1159.0,1166.0,1162.5,1629027|1629631|1630168|1630700|1642258,203084|1628368|1629640|1630170|1631110,2024-25,271,0.8842105263157894
124383,03:57,"MISS Daniels 8' Driving Floating Jump Shot
HAWKS Rebound
Daniels 1' Cutting Layup Shot (12 PTS) (Okongwu 4 AST)
Johnson S.FOUL (P1.PN) (J.Williams)
Daniels Free Throw 1 of 1 (13 PTS)
",2,1,0,0,2025-02-05,0022400719,0,1,SAS,2,1,-15,04:20,Off At Rim Make,0,Daniels Free Throw 1 of 1 (13 PTS),,ATL,SAS,ATL,1610612737,2025,1180.0,1203.0,1191.5,1629027|1629631|1630168|1630700|1642258,203084|1628368|1629640|1630170|1631110,2024-25,287,0.3218390804597701
124382,03:57,"MISS Daniels 8' Driving Floating Jump Shot
HAWKS Rebound
Daniels 1' Cutting Layup Shot (12 PTS) (Okongwu 4 AST)
Johnson S.FOUL (P1.PN) (J.Williams)
Daniels Free Throw 1 of 1 (13 PTS)
",2,1,0,0,2025-02-05,0022400719,0,1,SAS,2,1,-15,04:20,Off At Rim Make,0,Johnson S.FOUL (P1.PN) (J.Williams),,ATL,SAS,ATL,1610612737,2025,1180.0,1203.0,1191.5,1629027|1629631|1630168|1630700|1642258,203084|1628368|1629640|1630170|1631110,2024-25,259,0.11428571428571428
124381,03:57,"MISS Daniels 8' Driving Floating Jump Shot
HAWKS Rebound
Daniels 1' Cutting Layup Shot (12 PTS) (Okongwu 4 AST)
Johnson S.FOUL (P1.PN) (J.Williams)
Daniels Free Throw 1 of 1 (13 PTS)
",2,1,0,0,2025-02-05,0022400719,0,1,SAS,2,1,-15,04:20,Off At Rim Make,0,Daniels 1' Cutting Layup Shot (12 PTS) (Okongwu 4 AST),,ATL,SAS,ATL,1610612737,2025,1180.0,1203.0,1191.5,1629027|1629631|1630168|1630700|1642258,203084|1628368|1629640|1630170|1631110,2024-25,281,0.28865979381443296
124380,03:57,"MISS Daniels 8' Driving Floating Jump Shot
HAWKS Rebound
Daniels 1' Cutting Layup Shot (12 PTS) (Okongwu 4 AST)
Johnson S.FOUL (P1.PN) (J.Williams)
Daniels Free Throw 1 of 1 (13 PTS)
",2,1,0,0,2025-02-05,0022400719,0,1,SAS,2,1,-15,04:20,Off At Rim Make,0,HAWKS Rebound,,ATL,SAS,ATL,1610612737,2025,1180.0,1203.0,1191.5,1629027|1629631|1630168|1630700|1642258,203084|1628368|1629640|1630170|1631110,2024-25,277,0.16
124379,03:57,"MISS Daniels 8' Driving Floating Jump Shot
HAWKS Rebound
Daniels 1' Cutting Layup Shot (12 PTS) (Okongwu 4 AST)
Johnson S.FOUL (P1.PN) (J.Williams)
Daniels Free Throw 1 of 1 (13 PTS)
",2,1,0,0,2025-02-05,0022400719,0,1,SAS,2,1,-15,04:20,Off At Rim Make,0,MISS Daniels 8' Driving Floating Jump Shot,,ATL,SAS,ATL,1610612737,2025,1180.0,1203.0,1191.5,1629027|1629631|1630168|1630700|1642258,203084|1628368|1629640|1630170|1631110,2024-25,276,0.25316455696202533
124410,09:46,"Castle S.FOUL (P1.T1) (M.Ervin)
Young Free Throw 1 of 2 (3 PTS)
Young Free Throw 2 of 2 (4 PTS)
",0,0,0,0,2025-02-05,0022400719,0,0,SAS,2,1,-15,09:59,Off Dead Ball,0,Castle S.FOUL (P1.T1) (M.Ervin),,ATL,SAS,ATL,1610612737,2025,841.0,854.0,847.5,1626204|1629027|1629726|1630700|1631230,101108|1630170|1630577|1641705|1642264,2024-25,190,0.12345679012345678
124409,09:13,"Daniels 1' Driving Floating Bank Jump Shot (7 PTS)
",1,1,0,0,2025-02-05,0022400719,0,0,SAS,2,0,-15,09:22,Off FT Make,0,Daniels 1' Driving Floating Bank Jump Shot (7 PTS),,ATL,SAS,ATL,1610612737,2025,878.0,887.0,882.5,1626204|1629027|1629726|1630700|1631230,101108|1628368|1630170|1630577|1641705,2024-25,201,0.3333333333333333
124376,02:30,"Wembanyama P.FOUL (P3.PN) (M.Ervin)
MISS Young Free Throw 1 of 2
HAWKS Rebound
Young Free Throw 2 of 2 (9 PTS)
",0,0,0,0,2025-02-05,0022400719,1,0,SAS,2,0,-11,02:41,Off Arc 3 Miss,0,Young Free Throw 2 of 2 (9 PTS),,ATL,SAS,ATL,1610612737,2025,1279.0,1290.0,1284.5,1629027|1629631|1630168|1630700|1642258,1628368|1630170|1631110|1641705|1642264,2024-25,309,0.9538461538461539
124407,08:18,"MISS Nance Jr. 3PT Jump Shot
Paul REBOUND (Off:0 Def:2)
",0,0,1,0,2025-02-05,0022400719,0,0,SAS,2,0,-15,08:33,Off At Rim Make,0,Paul REBOUND (Off:0 Def:2),,ATL,SAS,ATL,1610612737,2025,927.0,942.0,934.5,1626204|1629027|1629631|1630700|1631230,101108|203084|1628368|1630577|1641705,2024-25,202,0.2909090909090909
124324,01:31,"MISS Barlow 3' Driving Layup: Champagnie BLOCK (1 BLK)
HAWKS Rebound
Vassell P.FOUL (P1.T2) (J.Williams)
Krejci Driving Finger Roll Layup (2 PTS) (Nance Jr. 1 AST)
",2,1,0,0,2025-02-05,0022400719,0,1,SAS,1,0,-10,01:58,Off Short Mid-Range Make,0,Krejci Driving Finger Roll Layup (2 PTS) (Nance Jr. 1 AST),,ATL,SAS,ATL,1610612737,2025,602.0,629.0,615.5,1626204|1629027|1629726|1630249|1631230,1629640|1630170|1630577|1631110|1642264,2024-25,142,0.44642857142857145
124429,02:47,"MISS Hunter 1' Running Finger Roll Layup: Castle BLOCK (1 BLK)
Daniels REBOUND (Off:2 Def:4)
Daniels Putback Dunk (17 PTS)
",2,1,0,0,2025-02-05,0022400719,0,1,SAS,3,0,-5,02:57,Off Steal,0,MISS Hunter 1' Running Finger Roll Layup: Castle BLOCK (1 BLK),,ATL,SAS,ATL,1610612737,2025,1983.0,1993.0,1988.0,1629027|1629631|1630168|1630700|1630811,1629640|1630170|1631110|1641705|1642264,2024-25,463,0.225
124322,01:31,"MISS Barlow 3' Driving Layup: Champagnie BLOCK (1 BLK)
HAWKS Rebound
Vassell P.FOUL (P1.T2) (J.Williams)
Krejci Driving Finger Roll Layup (2 PTS) (Nance Jr. 1 AST)
",2,1,0,0,2025-02-05,0022400719,0,1,SAS,1,0,-10,01:58,Off Short Mid-Range Make,0,HAWKS Rebound,,ATL,SAS,ATL,1610612737,2025,602.0,629.0,615.5,1626204|1629027|1629726|1630249|1631230,1629640|1630170|1630577|1631110|1642264,2024-25,136,0.25806451612903225
124321,01:31,"MISS Barlow 3' Driving Layup: Champagnie BLOCK (1 BLK)
HAWKS Rebound
Vassell P.FOUL (P1.T2) (J.Williams)
Krejci Driving Finger Roll Layup (2 PTS) (Nance Jr. 1 AST)
",2,1,0,0,2025-02-05,0022400719,0,1,SAS,1,0,-10,01:58,Off Short Mid-Range Make,0,MISS Barlow 3' Driving Layup: Champagnie BLOCK (1 BLK),,ATL,SAS,ATL,1610612737,2025,602.0,629.0,615.5,1626204|1629027|1629726|1630249|1631230,1629640|1630170|1630577|1631110|1642264,2024-25,134,0.24
124320,00:57,"MISS Mathews 25' 3PT Jump Shot
Vassell REBOUND (Off:0 Def:1)
",0,0,1,0,2025-02-05,0022400719,0,0,SAS,1,0,-10,01:13,Off At Rim Make,0,Vassell REBOUND (Off:0 Def:1),,ATL,SAS,ATL,1610612737,2025,647.0,663.0,655.0,1626204|1629027|1629726|1630249|1631230,1629640|1630170|1631110|1641705|1642264,2024-25,143,0.8
124319,00:57,"MISS Mathews 25' 3PT Jump Shot
Vassell REBOUND (Off:0 Def:1)
",0,0,1,0,2025-02-05,0022400719,0,0,SAS,1,0,-10,01:13,Off At Rim Make,0,MISS Mathews 25' 3PT Jump Shot,,ATL,SAS,ATL,1610612737,2025,647.0,663.0,655.0,1626204|1629027|1629726|1630249|1631230,1629640|1630170|1631110|1641705|1642264,2024-25,145,0.22641509433962265
124318,00:20,"Krejci Bad Pass Turnover (P2.T5): Vassell STEAL (2 STL)
",0,0,0,0,2025-02-05,0022400719,0,0,SAS,1,0,-10,00:32,Off Arc 3 Miss,1,Krejci Bad Pass Turnover (P2.T5): Vassell STEAL (2 STL),,ATL,SAS,ATL,1610612737,2025,688.0,700.0,694.0,1626204|1629027|1629726|1630249|1631230,1629640|1630170|1631110|1641705|1642264,2024-25,170,0.22727272727272727
124329,03:30,"MISS Hunter 12' Pullup Jump Shot
Johnson REBOUND (Off:0 Def:1)
",1,0,0,0,2025-02-05,0022400719,0,0,SAS,1,0,-5,03:56,Off Timeout,0,MISS Hunter 12' Pullup Jump Shot,,ATL,SAS,ATL,1610612737,2025,484.0,510.0,497.0,1626204|1629631|1629726|1630249|1630811,1629640|1630170|1630577|1631110|1642264,2024-25,113,0.5
124343,06:23,"MISS Risacher 3PT Jump Shot
Daniels REBOUND (Off:1 Def:1)
MISS Risacher 4' Floating Jump Shot
Paul REBOUND (Off:0 Def:1)
",1,0,1,0,2025-02-05,0022400719,0,1,SAS,1,0,-3,06:41,Off Arc 3 Make,0,Paul REBOUND (Off:0 Def:1),,ATL,SAS,ATL,1610612737,2025,319.0,337.0,328.0,1629027|1629631|1630168|1630700|1642258,101108|203084|1628368|1630577|1631110,2024-25,56,0.3
124325,02:07,"MISS Young 27' 3PT Pullup Jump Shot
Champagnie REBOUND (Off:0 Def:1)
",0,0,1,0,2025-02-05,0022400719,0,0,SAS,1,0,-8,02:21,Off FT Make,0,MISS Young 27' 3PT Pullup Jump Shot,,ATL,SAS,ATL,1610612737,2025,579.0,593.0,586.0,1626204|1629027|1629726|1630249|1631230,1629640|1630170|1630577|1631110|1642264,2024-25,131,0.17391304347826086
124345,07:17,"MISS Young 8' Driving Floating Jump Shot
Wembanyama REBOUND (Off:0 Def:2)
",1,0,0,0,2025-02-05,0022400719,0,0,SAS,1,0,-1,07:34,Off Arc 3 Make,0,MISS Young 8' Driving Floating Jump Shot,,ATL,SAS,ATL,1610612737,2025,266.0,283.0,274.5,1629027|1629631|1630168|1630700|1642258,101108|203084|1628368|1630170|1641705,2024-25,49,0.3783783783783784
124370,02:08,"Sochan S.FOUL (P2.PN) (J.Williams)
MISS Okongwu Free Throw 1 of 2
HAWKS Rebound
Okongwu Free Throw 2 of 2 (15 PTS)
",0,0,0,0,2025-02-05,0022400719,0,0,SAS,2,1,-10,02:18,Off Dead Ball,0,MISS Okongwu Free Throw 1 of 2,,ATL,SAS,ATL,1610612737,2025,1302.0,1312.0,1307.0,1629027|1629631|1630168|1630700|1642258,1628368|1630170|1630577|1631110|1642264,2024-25,317,0.26229508196721313
124369,02:08,"Sochan S.FOUL (P2.PN) (J.Williams)
MISS Okongwu Free Throw 1 of 2
HAWKS Rebound
Okongwu Free Throw 2 of 2 (15 PTS)
",0,0,0,0,2025-02-05,0022400719,0,0,SAS,2,1,-10,02:18,Off Dead Ball,0,Sochan S.FOUL (P2.PN) (J.Williams),,ATL,SAS,ATL,1610612737,2025,1302.0,1312.0,1307.0,1629027|1629631|1630168|1630700|1642258,1628368|1630170|1630577|1631110|1642264,2024-25,338,0.2857142857142857
124368,01:44,"MISS Daniels 6' Driving Floating Jump Shot
Sochan REBOUND (Off:0 Def:2)
",1,0,0,0,2025-02-05,0022400719,0,0,SAS,2,0,-11,01:57,Off Long Mid-Range Make,0,Sochan REBOUND (Off:0 Def:2),,ATL,SAS,ATL,1610612737,2025,1323.0,1336.0,1329.5,1629027|1629631|1630168|1630700|1642258,1628368|1630170|1630577|1631110|1642264,2024-25,289,0.2711864406779661
124367,01:44,"MISS Daniels 6' Driving Floating Jump Shot
Sochan REBOUND (Off:0 Def:2)
",1,0,0,0,2025-02-05,0022400719,0,0,SAS,2,0,-11,01:57,Off Long Mid-Range Make,0,MISS Daniels 6' Driving Floating Jump Shot,,ATL,SAS,ATL,1610612737,2025,1323.0,1336.0,1329.5,1629027|1629631|1630168|1630700|1642258,1628368|1630170|1630577|1631110|1642264,2024-25,321,0.16129032258064516
124366,01:23,"Young Bad Pass Turnover (P5.T10): Champagnie STEAL (4 STL)
",0,0,0,0,2025-02-05,0022400719,0,0,SAS,2,0,-13,01:34,Off Short Mid-Range Make,1,Young Bad Pass Turnover (P5.T10): Champagnie STEAL (4 STL),,ATL,SAS,ATL,1610612737,2025,1346.0,1357.0,1351.5,1629027|1629631|1630168|1630700|1642258,1628368|1630170|1630577|1631110|1642264,2024-25,324,0.18421052631578946
124365,01:06,"MISS Young 31' 3PT Pullup Jump Shot
Fox REBOUND (Off:0 Def:2)
",0,0,1,0,2025-02-05,0022400719,0,0,SAS,2,0,-15,01:18,Off At Rim Make,0,Fox REBOUND (Off:0 Def:2),,ATL,SAS,ATL,1610612737,2025,1362.0,1374.0,1368.0,1629027|1629631|1630168|1630700|1642258,1628368|1630170|1630577|1631110|1642264,2024-25,299,0.17777777777777778
124364,01:06,"MISS Young 31' 3PT Pullup Jump Shot
Fox REBOUND (Off:0 Def:2)
",0,0,1,0,2025-02-05,0022400719,0,0,SAS,2,0,-15,01:18,Off At Rim Make,0,MISS Young 31' 3PT Pullup Jump Shot,,ATL,SAS,ATL,1610612737,2025,1362.0,1374.0,1368.0,1629027|1629631|1630168|1630700|1642258,1628368|1630170|1630577|1631110|1642264,2024-25,328,0.3235294117647059
124363,00:49,"Young Bad Pass Turnover (P6.T11): Castle STEAL (1 STL)
",0,0,0,0,2025-02-05,0022400719,0,0,SAS,2,0,-16,00:58,Off FT Miss,1,Young Bad Pass Turnover (P6.T11): Castle STEAL (1 STL),,ATL,SAS,ATL,1610612737,2025,1382.0,1391.0,1386.5,1629027|1629631|1630168|1630700|1642258,1628368|1630170|1630577|1631110|1642264,2024-25,335,0.25
124362,00:36,"Risacher Cutting Dunk Shot (4 PTS) (Young 5 AST)
",1,1,0,0,2025-02-05,0022400719,0,0,SAS,2,0,-18,00:48,Off At Rim Make,0,Risacher Cutting Dunk Shot (4 PTS) (Young 5 AST),,ATL,SAS,ATL,1610612737,2025,1392.0,1404.0,1398.0,1629027|1629631|1630168|1630700|1642258,1628368|1630170|1630577|1631110|1642264,2024-25,338,0.21428571428571427
124371,02:08,"Sochan S.FOUL (P2.PN) (J.Williams)
MISS Okongwu Free Throw 1 of 2
HAWKS Rebound
Okongwu Free Throw 2 of 2 (15 PTS)
",0,0,0,0,2025-02-05,0022400719,0,0,SAS,2,1,-10,02:18,Off Dead Ball,0,HAWKS Rebound,,ATL,SAS,ATL,1610612737,2025,1302.0,1312.0,1307.0,1629027|1629631|1630168|1630700|1642258,1628368|1630170|1630577|1631110|1642264,2024-25,288,0.3829787234042553
124326,02:07,"MISS Young 27' 3PT Pullup Jump Shot
Champagnie REBOUND (Off:0 Def:1)
",0,0,1,0,2025-02-05,0022400719,0,0,SAS,1,0,-8,02:21,Off FT Make,0,Champagnie REBOUND (Off:0 Def:1),,ATL,SAS,ATL,1610612737,2025,579.0,593.0,586.0,1626204|1629027|1629726|1630249|1631230,1629640|1630170|1630577|1631110|1642264,2024-25,130,0.3076923076923077
124344,06:52,"Young 2' Driving Finger Roll Layup (2 PTS)
",1,1,0,0,2025-02-05,0022400719,0,0,SAS,1,0,-2,07:11,Off FT Make,0,Young 2' Driving Finger Roll Layup (2 PTS),,ATL,SAS,ATL,1610612737,2025,289.0,308.0,298.5,1629027|1629631|1630168|1630700|1642258,101108|203084|1628368|1630577|1641705,2024-25,61,0.3956043956043956
124328,03:05,"Wallace 6' Driving Floating Jump Shot (5 PTS) (Mathews 1 AST)
",1,1,0,0,2025-02-05,0022400719,0,0,SAS,1,0,-5,03:18,Off Arc 3 Miss,0,Wallace 6' Driving Floating Jump Shot (5 PTS) (Mathews 1 AST),,ATL,SAS,ATL,1610612737,2025,522.0,535.0,528.5,1626204|1629631|1629726|1630249|1630811,1629640|1630170|1630577|1631110|1642264,2024-25,117,0.0963855421686747
124406,08:18,"MISS Nance Jr. 3PT Jump Shot
Paul REBOUND (Off:0 Def:2)
",0,0,1,0,2025-02-05,0022400719,0,0,SAS,2,0,-15,08:33,Off At Rim Make,0,MISS Nance Jr. 3PT Jump Shot,,ATL,SAS,ATL,1610612737,2025,927.0,942.0,934.5,1626204|1629027|1629631|1630700|1631230,101108|203084|1628368|1630577|1641705,2024-25,213,0.2597402597402597
124327,02:31,"Krejci Bad Pass Turnover (P1.T4): Champagnie STEAL (2 STL)
",0,0,0,0,2025-02-05,0022400719,0,0,SAS,1,0,-6,02:54,Off Corner 3 Make,1,Krejci Bad Pass Turnover (P1.T4): Champagnie STEAL (2 STL),,ATL,SAS,ATL,1610612737,2025,546.0,569.0,557.5,1626204|1629631|1629726|1630249|1630811,1629640|1630170|1630577|1631110|1642264,2024-25,127,0.5376344086021505
124405,08:07,"Daniels 8' Driving Floating Jump Shot (9 PTS)
Paul S.FOUL (P1.T2) (M.Ervin)
Daniels Free Throw 1 of 1 (10 PTS)
",1,1,0,0,2025-02-05,0022400719,0,0,SAS,2,1,-15,08:11,Off Arc 3 Miss,0,Daniels 8' Driving Floating Jump Shot (9 PTS),,ATL,SAS,ATL,1610612737,2025,949.0,953.0,951.0,1626204|1629027|1629631|1630700|1631230,101108|203084|1628368|1630577|1641705,2024-25,217,0.967741935483871
124404,08:07,"Daniels 8' Driving Floating Jump Shot (9 PTS)
Paul S.FOUL (P1.T2) (M.Ervin)
Daniels Free Throw 1 of 1 (10 PTS)
",1,1,0,0,2025-02-05,0022400719,0,0,SAS,2,1,-15,08:11,Off Arc 3 Miss,0,Paul S.FOUL (P1.T2) (M.Ervin),,ATL,SAS,ATL,1610612737,2025,949.0,953.0,951.0,1626204|1629027|1629631|1630700|1631230,101108|203084|1628368|1630577|1641705,2024-25,220,0.34782608695652173
124403,08:07,"Daniels 8' Driving Floating Jump Shot (9 PTS)
Paul S.FOUL (P1.T2) (M.Ervin)
Daniels Free Throw 1 of 1 (10 PTS)
",1,1,0,0,2025-02-05,0022400719,0,0,SAS,2,1,-15,08:11,Off Arc 3 Miss,0,Daniels Free Throw 1 of 1 (10 PTS),,ATL,SAS,ATL,1610612737,2025,949.0,953.0,951.0,1626204|1629027|1629631|1630700|1631230,101108|203084|1628368|1630577|1641705,2024-25,220,0.32432432432432434
124415,10:31,"MISS Mathews 25' 3PT Jump Shot
Wembanyama REBOUND (Off:0 Def:4)
",0,0,1,0,2025-02-05,0022400719,0,0,SAS,2,0,-13,10:40,Off At Rim Miss,0,Wembanyama REBOUND (Off:0 Def:4),,ATL,SAS,ATL,1610612737,2025,800.0,809.0,804.5,1626204|1629027|1629726|1630249|1631230,101108|1629640|1630170|1641705|1642264,2024-25,182,0.16129032258064516
124374,02:30,"Wembanyama P.FOUL (P3.PN) (M.Ervin)
MISS Young Free Throw 1 of 2
HAWKS Rebound
Young Free Throw 2 of 2 (9 PTS)
",0,0,0,0,2025-02-05,0022400719,1,0,SAS,2,0,-11,02:41,Off Arc 3 Miss,0,MISS Young Free Throw 1 of 2,,ATL,SAS,ATL,1610612737,2025,1279.0,1290.0,1284.5,1629027|1629631|1630168|1630700|1642258,1628368|1630170|1631110|1641705|1642264,2024-25,307,0.3
124372,02:08,"Sochan S.FOUL (P2.PN) (J.Williams)
MISS Okongwu Free Throw 1 of 2
HAWKS Rebound
Okongwu Free Throw 2 of 2 (15 PTS)
",0,0,0,0,2025-02-05,0022400719,0,0,SAS,2,1,-10,02:18,Off Dead Ball,0,Okongwu Free Throw 2 of 2 (15 PTS),,ATL,SAS,ATL,1610612737,2025,1302.0,1312.0,1307.0,1629027|1629631|1630168|1630700|1642258,1628368|1630170|1630577|1631110|1642264,2024-25,319,0.3466666666666667
124341,06:23,"MISS Risacher 3PT Jump Shot
Daniels REBOUND (Off:1 Def:1)
MISS Risacher 4' Floating Jump Shot
Paul REBOUND (Off:0 Def:1)
",1,0,1,0,2025-02-05,0022400719,0,1,SAS,1,0,-3,06:41,Off Arc 3 Make,0,Daniels REBOUND (Off:1 Def:1),,ATL,SAS,ATL,1610612737,2025,319.0,337.0,328.0,1629027|1629631|1630168|1630700|1642258,101108|203084|1628368|1630577|1631110,2024-25,56,0.31746031746031744
124340,06:23,"MISS Risacher 3PT Jump Shot
Daniels REBOUND (Off:1 Def:1)
MISS Risacher 4' Floating Jump Shot
Paul REBOUND (Off:0 Def:1)
",1,0,1,0,2025-02-05,0022400719,0,1,SAS,1,0,-3,06:41,Off Arc 3 Make,0,MISS Risacher 3PT Jump Shot,,ATL,SAS,ATL,1610612737,2025,319.0,337.0,328.0,1629027|1629631|1630168|1630700|1642258,101108|203084|1628368|1630577|1631110,2024-25,63,0.31746031746031744
124339,06:18,"Risacher 1' Running Dunk (2 PTS) (Young 2 AST)
",1,1,0,0,2025-02-05,0022400719,0,0,SAS,1,0,-3,06:22,Off Steal,0,Risacher 1' Running Dunk (2 PTS) (Young 2 AST),,ATL,SAS,ATL,1610612737,2025,338.0,342.0,340.0,1629027|1629631|1630168|1630700|1642258,101108|203084|1628368|1630577|1631110,2024-25,69,0.5
124349,08:05,"Hunter 24' 3PT Jump Shot (6 PTS) (Okongwu 3 AST)
",0,0,1,1,2025-02-05,0022400719,0,0,SAS,1,0,-1,08:17,Off At Rim Make,0,Hunter 24' 3PT Jump Shot (6 PTS) (Okongwu 3 AST),,ATL,SAS,ATL,1610612737,2025,223.0,235.0,229.0,1629027|1629631|1630168|1630700|1642258,101108|203084|1628368|1630170|1641705,2024-25,38,0.17721518987341772
124338,05:49,"MISS Daniels 8' Driving Floating Jump Shot
Sochan REBOUND (Off:0 Def:1)
",1,0,0,0,2025-02-05,0022400719,0,0,SAS,1,0,-4,06:06,Off Arc 3 Make,0,Sochan REBOUND (Off:0 Def:1),,ATL,SAS,ATL,1610612737,2025,354.0,371.0,362.5,1629027|1629631|1630168|1630700|1642258,101108|203084|1628368|1630577|1631110,2024-25,80,0.26666666666666666
124337,05:49,"MISS Daniels 8' Driving Floating Jump Shot
Sochan REBOUND (Off:0 Def:1)
",1,0,0,0,2025-02-05,0022400719,0,0,SAS,1,0,-4,06:06,Off Arc 3 Make,0,MISS Daniels 8' Driving Floating Jump Shot,,ATL,SAS,ATL,1610612737,2025,354.0,371.0,362.5,1629027|1629631|1630168|1630700|1642258,101108|203084|1628368|1630577|1631110,2024-25,76,0.1388888888888889
124336,05:27,"MISS Young 25' 3PT Pullup Jump Shot
Spurs Rebound
",0,0,1,0,2025-02-05,0022400719,0,0,SAS,1,0,-4,05:43,Off Arc 3 Miss,0,MISS Young 25' 3PT Pullup Jump Shot,,ATL,SAS,ATL,1610612737,2025,377.0,393.0,385.0,1629027|1629631|1630168|1630700|1642258,101108|203084|1628368|1630577|1631110,2024-25,77,0.35294117647058826
124335,05:27,"MISS Young 25' 3PT Pullup Jump Shot
Spurs Rebound
",0,0,1,0,2025-02-05,0022400719,0,0,SAS,1,0,-4,05:43,Off Arc 3 Miss,0,Spurs Rebound,,ATL,SAS,ATL,1610612737,2025,377.0,393.0,385.0,1629027|1629631|1630168|1630700|1642258,101108|203084|1628368|1630577|1631110,2024-25,94,0.4
124334,04:46,"MISS Hunter 24' 3PT Jump Shot
Castle REBOUND (Off:0 Def:1)
",0,0,1,0,2025-02-05,0022400719,0,0,SAS,1,0,-4,05:08,Off Dead Ball,0,MISS Hunter 24' 3PT Jump Shot,,ATL,SAS,ATL,1610612737,2025,412.0,434.0,423.0,1626204|1629631|1630700|1630811|1642258,203084|1628368|1630577|1631110|1642264,2024-25,85,0.19607843137254902
124333,04:46,"MISS Hunter 24' 3PT Jump Shot
Castle REBOUND (Off:0 Def:1)
",0,0,1,0,2025-02-05,0022400719,0,0,SAS,1,0,-4,05:08,Off Dead Ball,0,Castle REBOUND (Off:0 Def:1),,ATL,SAS,ATL,1610612737,2025,412.0,434.0,423.0,1626204|1629631|1630700|1630811|1642258,203084|1628368|1630577|1631110|1642264,2024-25,86,0.3492063492063492
124332,04:20,"Wallace 25' 3PT Jump Shot (3 PTS) (Daniels 2 AST)
",0,0,1,1,2025-02-05,0022400719,0,0,SAS,1,0,-4,04:26,Off At Rim Miss,0,Wallace 25' 3PT Jump Shot (3 PTS) (Daniels 2 AST),,ATL,SAS,ATL,1610612737,2025,454.0,460.0,457.0,1626204|1629631|1630249|1630700|1630811,1628368|1629640|1630577|1631110|1642264,2024-25,100,0.3287671232876712
124331,04:01,"Wallace Bad Pass Turnover (P1.T3): Champagnie STEAL (1 STL)
",0,0,0,0,2025-02-05,0022400719,0,0,SAS,1,0,-3,04:07,Off At Rim Make,1,Wallace Bad Pass Turnover (P1.T3): Champagnie STEAL (1 STL),,ATL,SAS,ATL,1610612737,2025,473.0,479.0,476.0,1626204|1629631|1630249|1630700|1630811,1628368|1629640|1630577|1631110|1642264,2024-25,104,0.2033898305084746
124342,06:23,"MISS Risacher 3PT Jump Shot
Daniels REBOUND (Off:1 Def:1)
MISS Risacher 4' Floating Jump Shot
Paul REBOUND (Off:0 Def:1)
",1,0,1,0,2025-02-05,0022400719,0,1,SAS,1,0,-3,06:41,Off Arc 3 Make,0,MISS Risacher 4' Floating Jump Shot,,ATL,SAS,ATL,1610612737,2025,319.0,337.0,328.0,1629027|1629631|1630168|1630700|1642258,101108|203084|1628368|1630577|1631110,2024-25,65,0.208955223880597
124330,03:30,"MISS Hunter 12' Pullup Jump Shot
Johnson REBOUND (Off:0 Def:1)
",1,0,0,0,2025-02-05,0022400719,0,0,SAS,1,0,-5,03:56,Off Timeout,0,Johnson REBOUND (Off:0 Def:1),,ATL,SAS,ATL,1610612737,2025,484.0,510.0,497.0,1626204|1629631|1629726|1630249|1630811,1629640|1630170|1630577|1631110|1642264,2024-25,106,0.7333333333333333
127481,03:24,"Jeffries P.FOUL (P4.PN) (Z.Zarba)
Young Free Throw 1 of 2 (30 PTS)
Young Free Throw 2 of 2 (31 PTS)
",0,0,0,0,2025-03-12,0022400945,1,0,CHA,4,0,9,03:40,Off FT Make,0,Young Free Throw 2 of 2 (31 PTS),,ATL,CHA,ATL,1610612737,2025,2660.0,2676.0,2668.0,1627747|1627777|1629027|1630168|1630700,1628970|1629610|1630163|1630182|1631109,2024-25,682,0.2962962962962963
127522,11:35,"MISS Okongwu 2' Cutting Layup Shot: Bridges BLOCK (2 BLK)
Bridges REBOUND (Off:0 Def:10)
",1,0,0,0,2025-03-12,0022400945,0,0,CHA,4,0,9,11:53,Off At Rim Make,0,MISS Okongwu 2' Cutting Layup Shot: Bridges BLOCK (2 BLK),,ATL,CHA,ATL,1610612737,2025,2167.0,2185.0,2176.0,1627777|1629027|1629611|1630168|1630249,1628970|1629610|1630585|1631217|1641733,2024-25,531,0.6875
127523,11:35,"MISS Okongwu 2' Cutting Layup Shot: Bridges BLOCK (2 BLK)
Bridges REBOUND (Off:0 Def:10)
",1,0,0,0,2025-03-12,0022400945,0,0,CHA,4,0,9,11:53,Off At Rim Make,0,Bridges REBOUND (Off:0 Def:10),,ATL,CHA,ATL,1610612737,2025,2167.0,2185.0,2176.0,1627777|1629027|1629611|1630168|1630249,1628970|1629610|1630585|1631217|1641733,2024-25,521,0.7213114754098361
127305,01:07,"Curry P.FOUL (P1.PN) (C.Washington)
Young Free Throw 1 of 2 (5 PTS)
Young Free Throw 2 of 2 (6 PTS)
",0,0,0,0,2025-03-12,0022400945,1,0,CHA,1,0,0,01:13,Off FT Make,0,Curry P.FOUL (P1.PN) (C.Washington),,ATL,CHA,ATL,1610612737,2025,647.0,653.0,650.0,1627747|1627777|1629027|1629611|1631230,203552|203994|1630163|1631111|1641733,2024-25,149,0.37209302325581395
127311,01:49,"LeVert 3' Driving Layup (6 PTS) (Barlow 1 AST)
",1,1,0,0,2025-03-12,0022400945,0,0,CHA,1,0,0,01:59,Off Short Mid-Range Make,0,LeVert 3' Driving Layup (6 PTS) (Barlow 1 AST),,ATL,CHA,ATL,1610612737,2025,601.0,611.0,606.0,1627747|1627777|1629027|1629611|1631230,203552|203994|1630163|1631111|1641733,2024-25,141,0.9052631578947369
127307,01:07,"Curry P.FOUL (P1.PN) (C.Washington)
Young Free Throw 1 of 2 (5 PTS)
Young Free Throw 2 of 2 (6 PTS)
",0,0,0,0,2025-03-12,0022400945,1,0,CHA,1,0,0,01:13,Off FT Make,0,Young Free Throw 2 of 2 (6 PTS),,ATL,CHA,ATL,1610612737,2025,647.0,653.0,650.0,1627747|1627777|1629027|1629611|1631230,203552|203994|1630163|1631111|1641733,2024-25,156,0.3888888888888889
127309,01:23,"Smith Jr. P.FOUL (P1.T4) (T.Washington)
MISS Young 10' Driving Floating Jump Shot
Nurkic REBOUND (Off:1 Def:2)
",1,0,0,0,2025-03-12,0022400945,0,0,CHA,1,0,2,01:29,Off Steal,0,MISS Young 10' Driving Floating Jump Shot,,ATL,CHA,ATL,1610612737,2025,631.0,637.0,634.0,1627747|1627777|1629027|1629611|1631230,203552|203994|1630163|1631111|1641733,2024-25,147,0.2465753424657534
127308,01:23,"Smith Jr. P.FOUL (P1.T4) (T.Washington)
MISS Young 10' Driving Floating Jump Shot
Nurkic REBOUND (Off:1 Def:2)
",1,0,0,0,2025-03-12,0022400945,0,0,CHA,1,0,2,01:29,Off Steal,0,Smith Jr. P.FOUL (P1.T4) (T.Washington),,ATL,CHA,ATL,1610612737,2025,631.0,637.0,634.0,1627747|1627777|1629027|1629611|1631230,203552|203994|1630163|1631111|1641733,2024-25,147,0.19718309859154928
127306,01:07,"Curry P.FOUL (P1.PN) (C.Washington)
Young Free Throw 1 of 2 (5 PTS)
Young Free Throw 2 of 2 (6 PTS)
",0,0,0,0,2025-03-12,0022400945,1,0,CHA,1,0,0,01:13,Off FT Make,0,Young Free Throw 1 of 2 (5 PTS),,ATL,CHA,ATL,1610612737,2025,647.0,653.0,650.0,1627747|1627777|1629027|1629611|1631230,203552|203994|1630163|1631111|1641733,2024-25,155,0.25396825396825395
127521,10:48,"Garrett P.FOUL (P2.T1) (C.Washington)
MISS Young 9' Driving Floating Bank Jump Shot
Diabaté REBOUND (Off:2 Def:2)
",1,0,0,0,2025-03-12,0022400945,0,0,CHA,4,0,7,11:19,Off Short Mid-Range Make,0,Diabaté REBOUND (Off:2 Def:2),,ATL,CHA,ATL,1610612737,2025,2201.0,2232.0,2216.5,1627777|1629027|1629611|1630168|1630249,1628970|1629610|1630585|1631217|1641733,2024-25,521,0.7333333333333333
127310,01:23,"Smith Jr. P.FOUL (P1.T4) (T.Washington)
MISS Young 10' Driving Floating Jump Shot
Nurkic REBOUND (Off:1 Def:2)
",1,0,0,0,2025-03-12,0022400945,0,0,CHA,1,0,2,01:29,Off Steal,0,Nurkic REBOUND (Off:1 Def:2),,ATL,CHA,ATL,1610612737,2025,631.0,637.0,634.0,1627747|1627777|1629027|1629611|1631230,203552|203994|1630163|1631111|1641733,2024-25,144,0.27450980392156865
127519,10:48,"Garrett P.FOUL (P2.T1) (C.Washington)
MISS Young 9' Driving Floating Bank Jump Shot
Diabaté REBOUND (Off:2 Def:2)
",1,0,0,0,2025-03-12,0022400945,0,0,CHA,4,0,7,11:19,Off Short Mid-Range Make,0,Garrett P.FOUL (P2.T1) (C.Washington),,ATL,CHA,ATL,1610612737,2025,2201.0,2232.0,2216.5,1627777|1629027|1629611|1630168|1630249,1628970|1629610|1630585|1631217|1641733,2024-25,511,0.1891891891891892
127509,09:09,"Krejci 27' 3PT Jump Shot (11 PTS) (Mann 2 AST)
",0,0,1,1,2025-03-12,0022400945,0,0,CHA,4,0,6,09:19,Off Arc 3 Miss,0,Krejci 27' 3PT Jump Shot (11 PTS) (Mann 2 AST),,ATL,CHA,ATL,1610612737,2025,2321.0,2331.0,2326.0,1629027|1629611|1630168|1630249|1631243,1628970|1629610|1630585|1631217|1641733,2024-25,573,0.7865168539325843
127517,10:17,"MISS Mann 3PT Jump Shot
Okongwu REBOUND (Off:5 Def:2)
MISS Young 7' Driving Layup: Bridges BLOCK (3 BLK)
Bridges REBOUND (Off:0 Def:11)
",1,0,1,0,2025-03-12,0022400945,0,1,CHA,4,0,7,10:35,Off Arc 3 Miss,0,MISS Young 7' Driving Layup: Bridges BLOCK (3 BLK),,ATL,CHA,ATL,1610612737,2025,2245.0,2263.0,2254.0,1629027|1629611|1630168|1630249|1631243,1628970|1629610|1630585|1631217|1641733,2024-25,549,0.7333333333333333
127516,10:17,"MISS Mann 3PT Jump Shot
Okongwu REBOUND (Off:5 Def:2)
MISS Young 7' Driving Layup: Bridges BLOCK (3 BLK)
Bridges REBOUND (Off:0 Def:11)
",1,0,1,0,2025-03-12,0022400945,0,1,CHA,4,0,7,10:35,Off Arc 3 Miss,0,Okongwu REBOUND (Off:5 Def:2),,ATL,CHA,ATL,1610612737,2025,2245.0,2263.0,2254.0,1629027|1629611|1630168|1630249|1631243,1628970|1629610|1630585|1631217|1641733,2024-25,548,0.2978723404255319
127515,10:17,"MISS Mann 3PT Jump Shot
Okongwu REBOUND (Off:5 Def:2)
MISS Young 7' Driving Layup: Bridges BLOCK (3 BLK)
Bridges REBOUND (Off:0 Def:11)
",1,0,1,0,2025-03-12,0022400945,0,1,CHA,4,0,7,10:35,Off Arc 3 Miss,0,MISS Mann 3PT Jump Shot,,ATL,CHA,ATL,1610612737,2025,2245.0,2263.0,2254.0,1629027|1629611|1630168|1630249|1631243,1628970|1629610|1630585|1631217|1641733,2024-25,547,0.24390243902439024
127514,09:40,"Garrett S.FOUL (P3.T2) (C.Washington)
MISS Krejci Free Throw 1 of 3
HAWKS Rebound
Krejci Free Throw 2 of 3 (7 PTS)
Krejci Free Throw 3 of 3 (8 PTS)
",0,0,0,0,2025-03-12,0022400945,0,0,CHA,4,1,4,09:58,Off Short Mid-Range Make,0,Krejci Free Throw 3 of 3 (8 PTS),,ATL,CHA,ATL,1610612737,2025,2282.0,2300.0,2291.0,1629027|1629611|1630168|1630249|1631243,1628970|1629610|1630585|1631217|1641733,2024-25,569,0.3055555555555556
127513,09:40,"Garrett S.FOUL (P3.T2) (C.Washington)
MISS Krejci Free Throw 1 of 3
HAWKS Rebound
Krejci Free Throw 2 of 3 (7 PTS)
Krejci Free Throw 3 of 3 (8 PTS)
",0,0,0,0,2025-03-12,0022400945,0,0,CHA,4,1,4,09:58,Off Short Mid-Range Make,0,Krejci Free Throw 2 of 3 (7 PTS),,ATL,CHA,ATL,1610612737,2025,2282.0,2300.0,2291.0,1629027|1629611|1630168|1630249|1631243,1628970|1629610|1630585|1631217|1641733,2024-25,568,0.8955223880597015
127512,09:40,"Garrett S.FOUL (P3.T2) (C.Washington)
MISS Krejci Free Throw 1 of 3
HAWKS Rebound
Krejci Free Throw 2 of 3 (7 PTS)
Krejci Free Throw 3 of 3 (8 PTS)
",0,0,0,0,2025-03-12,0022400945,0,0,CHA,4,1,4,09:58,Off Short Mid-Range Make,0,HAWKS Rebound,,ATL,CHA,ATL,1610612737,2025,2282.0,2300.0,2291.0,1629027|1629611|1630168|1630249|1631243,1628970|1629610|1630585|1631217|1641733,2024-25,519,0.22857142857142856
127511,09:40,"Garrett S.FOUL (P3.T2) (C.Washington)
MISS Krejci Free Throw 1 of 3
HAWKS Rebound
Krejci Free Throw 2 of 3 (7 PTS)
Krejci Free Throw 3 of 3 (8 PTS)
",0,0,0,0,2025-03-12,0022400945,0,0,CHA,4,1,4,09:58,Off Short Mid-Range Make,0,MISS Krejci Free Throw 1 of 3,,ATL,CHA,ATL,1610612737,2025,2282.0,2300.0,2291.0,1629027|1629611|1630168|1630249|1631243,1628970|1629610|1630585|1631217|1641733,2024-25,551,0.32786885245901637
127510,09:40,"Garrett S.FOUL (P3.T2) (C.Washington)
MISS Krejci Free Throw 1 of 3
HAWKS Rebound
Krejci Free Throw 2 of 3 (7 PTS)
Krejci Free Throw 3 of 3 (8 PTS)
",0,0,0,0,2025-03-12,0022400945,0,0,CHA,4,1,4,09:58,Off Short Mid-Range Make,0,Garrett S.FOUL (P3.T2) (C.Washington),,ATL,CHA,ATL,1610612737,2025,2282.0,2300.0,2291.0,1629027|1629611|1630168|1630249|1631243,1628970|1629610|1630585|1631217|1641733,2024-25,543,0.13333333333333333
127520,10:48,"Garrett P.FOUL (P2.T1) (C.Washington)
MISS Young 9' Driving Floating Bank Jump Shot
Diabaté REBOUND (Off:2 Def:2)
",1,0,0,0,2025-03-12,0022400945,0,0,CHA,4,0,7,11:19,Off Short Mid-Range Make,0,MISS Young 9' Driving Floating Bank Jump Shot,,ATL,CHA,ATL,1610612737,2025,2201.0,2232.0,2216.5,1627777|1629027|1629611|1630168|1630249,1628970|1629610|1630585|1631217|1641733,2024-25,543,0.29411764705882354
127304,00:46,"Young Traveling Turnover (P3.T5)
",0,0,0,0,2025-03-12,0022400945,0,0,CHA,1,0,-1,00:52,Off Arc 3 Make,1,Young Traveling Turnover (P3.T5),,ATL,CHA,ATL,1610612737,2025,668.0,674.0,671.0,1627747|1627777|1629027|1629611|1631230,203552|203994|1630163|1631111|1641733,2024-25,159,0.8787878787878788
127480,03:24,"Jeffries P.FOUL (P4.PN) (Z.Zarba)
Young Free Throw 1 of 2 (30 PTS)
Young Free Throw 2 of 2 (31 PTS)
",0,0,0,0,2025-03-12,0022400945,1,0,CHA,4,0,9,03:40,Off FT Make,0,Young Free Throw 1 of 2 (30 PTS),,ATL,CHA,ATL,1610612737,2025,2660.0,2676.0,2668.0,1627747|1627777|1629027|1630168|1630700,1628970|1629610|1630163|1630182|1631109,2024-25,681,0.9552238805970149
127518,10:17,"MISS Mann 3PT Jump Shot
Okongwu REBOUND (Off:5 Def:2)
MISS Young 7' Driving Layup: Bridges BLOCK (3 BLK)
Bridges REBOUND (Off:0 Def:11)
",1,0,1,0,2025-03-12,0022400945,0,1,CHA,4,0,7,10:35,Off Arc 3 Miss,0,Bridges REBOUND (Off:0 Def:11),,ATL,CHA,ATL,1610612737,2025,2245.0,2263.0,2254.0,1629027|1629611|1630168|1630249|1631243,1628970|1629610|1630585|1631217|1641733,2024-25,548,0.16666666666666666
127303,00:22,"Barlow 4' Cutting Dunk Shot (2 PTS) (Young 4 AST)
",1,1,0,0,2025-03-12,0022400945,0,0,CHA,1,0,-1,00:33,Off Arc 3 Miss,0,Barlow 4' Cutting Dunk Shot (2 PTS) (Young 4 AST),,ATL,CHA,ATL,1610612737,2025,687.0,698.0,692.5,1627747|1627777|1629027|1629611|1631230,203552|203994|1630163|1631111|1641733,2024-25,162,0.22784810126582278
127499,06:49,"Williams S.FOUL (P2.PN) (Z.Zarba)
Barlow Free Throw 1 of 2 (7 PTS)
Barlow Free Throw 2 of 2 (8 PTS)
",0,0,0,0,2025-03-12,0022400945,0,0,CHA,4,1,8,07:09,Off At Rim Make,0,Barlow Free Throw 2 of 2 (8 PTS),,ATL,CHA,ATL,1610612737,2025,2451.0,2471.0,2461.0,1627747|1627777|1630249|1630700|1631230,1630163|1630182|1631109|1631111|1641733,2024-25,624,0.9552238805970149
127507,08:19,"Young 6' Driving Finger Roll Layup (28 PTS)
Diabaté S.FOUL (P2.T3) (C.Washington)
Young Free Throw 1 of 1 (29 PTS)
",1,1,0,0,2025-03-12,0022400945,0,0,CHA,4,1,7,08:41,Off Short Mid-Range Make,0,Diabaté S.FOUL (P2.T3) (C.Washington),,ATL,CHA,ATL,1610612737,2025,2359.0,2381.0,2370.0,1629027|1629611|1630249|1631230|1631243,1628970|1630182|1630585|1631217|1641733,2024-25,601,0.3384615384615385
127479,03:24,"Jeffries P.FOUL (P4.PN) (Z.Zarba)
Young Free Throw 1 of 2 (30 PTS)
Young Free Throw 2 of 2 (31 PTS)
",0,0,0,0,2025-03-12,0022400945,1,0,CHA,4,0,9,03:40,Off FT Make,0,Jeffries P.FOUL (P4.PN) (Z.Zarba),,ATL,CHA,ATL,1610612737,2025,2660.0,2676.0,2668.0,1627747|1627777|1629027|1630168|1630700,1628970|1629610|1630163|1630182|1631109,2024-25,616,0.09230769230769231
127502,07:35,"Ball L.B.FOUL (P3.PN) (C.Washington)
Barlow Free Throw 1 of 2 (5 PTS)
Barlow Free Throw 2 of 2 (6 PTS)
",0,0,0,0,2025-03-12,0022400945,1,0,CHA,4,0,8,07:35,Off Dead Ball,0,Barlow Free Throw 2 of 2 (6 PTS),,ATL,CHA,ATL,1610612737,2025,2425.0,2425.0,2425.0,1627747|1627777|1630249|1630700|1631230,1630163|1630182|1631109|1631111|1641733,2024-25,611,0.9552238805970149
127501,07:35,"Ball L.B.FOUL (P3.PN) (C.Washington)
Barlow Free Throw 1 of 2 (5 PTS)
Barlow Free Throw 2 of 2 (6 PTS)
",0,0,0,0,2025-03-12,0022400945,1,0,CHA,4,0,8,07:35,Off Dead Ball,0,Barlow Free Throw 1 of 2 (5 PTS),,ATL,CHA,ATL,1610612737,2025,2425.0,2425.0,2425.0,1627747|1627777|1630249|1630700|1631230,1630163|1630182|1631109|1631111|1641733,2024-25,606,0.9552238805970149
127500,07:35,"Ball L.B.FOUL (P3.PN) (C.Washington)
Barlow Free Throw 1 of 2 (5 PTS)
Barlow Free Throw 2 of 2 (6 PTS)
",0,0,0,0,2025-03-12,0022400945,1,0,CHA,4,0,8,07:35,Off Dead Ball,0,Ball L.B.FOUL (P3.PN) (C.Washington),,ATL,CHA,ATL,1610612737,2025,2425.0,2425.0,2425.0,1627747|1627777|1630249|1630700|1631230,1630163|1630182|1631109|1631111|1641733,2024-25,549,0.2631578947368421
127503,07:47,"Green P.FOUL (P3.T4) (C.Washington)
MISS Krejci 12' Driving Floating Jump Shot
Williams REBOUND (Off:2 Def:9)
",1,0,0,0,2025-03-12,0022400945,0,0,CHA,4,0,8,08:03,Off Short Mid-Range Make,0,Green P.FOUL (P3.T4) (C.Washington),,ATL,CHA,ATL,1610612737,2025,2397.0,2413.0,2405.0,1629027|1629611|1630249|1631230|1631243,1628970|1630182|1630585|1631217|1641733,2024-25,592,0.2222222222222222
127498,06:49,"Williams S.FOUL (P2.PN) (Z.Zarba)
Barlow Free Throw 1 of 2 (7 PTS)
Barlow Free Throw 2 of 2 (8 PTS)
",0,0,0,0,2025-03-12,0022400945,0,0,CHA,4,1,8,07:09,Off At Rim Make,0,Barlow Free Throw 1 of 2 (7 PTS),,ATL,CHA,ATL,1610612737,2025,2451.0,2471.0,2461.0,1627747|1627777|1630249|1630700|1631230,1630163|1630182|1631109|1631111|1641733,2024-25,623,0.1643835616438356
127497,06:49,"Williams S.FOUL (P2.PN) (Z.Zarba)
Barlow Free Throw 1 of 2 (7 PTS)
Barlow Free Throw 2 of 2 (8 PTS)
",0,0,0,0,2025-03-12,0022400945,0,0,CHA,4,1,8,07:09,Off At Rim Make,0,Williams S.FOUL (P2.PN) (Z.Zarba),,ATL,CHA,ATL,1610612737,2025,2451.0,2471.0,2461.0,1627747|1627777|1630249|1630700|1631230,1630163|1630182|1631109|1631111|1641733,2024-25,561,0.3170731707317073
127496,06:24,"MISS Daniels 8' Driving Layup
Williams REBOUND (Off:3 Def:10)
",1,0,0,0,2025-03-12,0022400945,0,0,CHA,4,0,8,06:37,Off Short Mid-Range Make,0,Williams REBOUND (Off:3 Def:10),,ATL,CHA,ATL,1610612737,2025,2483.0,2496.0,2489.5,1627747|1627777|1630249|1630700|1631230,1628970|1630163|1630182|1631109|1631111,2024-25,632,0.71875
127495,06:24,"MISS Daniels 8' Driving Layup
Williams REBOUND (Off:3 Def:10)
",1,0,0,0,2025-03-12,0022400945,0,0,CHA,4,0,8,06:37,Off Short Mid-Range Make,0,MISS Daniels 8' Driving Layup,,ATL,CHA,ATL,1610612737,2025,2483.0,2496.0,2489.5,1627747|1627777|1630249|1630700|1631230,1628970|1630163|1630182|1631109|1631111,2024-25,627,0.9508196721311475
127494,06:14,"MISS Barlow 5' Running Layup: Bridges BLOCK (4 BLK)
Green REBOUND (Off:1 Def:2)
",1,0,0,0,2025-03-12,0022400945,0,0,CHA,4,0,8,06:19,Off Steal,0,Green REBOUND (Off:1 Def:2),,ATL,CHA,ATL,1610612737,2025,2501.0,2506.0,2503.5,1627747|1627777|1630249|1630700|1631230,1628970|1630163|1630182|1631109|1631111,2024-25,639,0.7857142857142857
127493,06:14,"MISS Barlow 5' Running Layup: Bridges BLOCK (4 BLK)
Green REBOUND (Off:1 Def:2)
",1,0,0,0,2025-03-12,0022400945,0,0,CHA,4,0,8,06:19,Off Steal,0,MISS Barlow 5' Running Layup: Bridges BLOCK (4 BLK),,ATL,CHA,ATL,1610612737,2025,2501.0,2506.0,2503.5,1627747|1627777|1630249|1630700|1631230,1628970|1630163|1630182|1631109|1631111,2024-25,631,0.7191011235955056
127508,08:19,"Young 6' Driving Finger Roll Layup (28 PTS)
Diabaté S.FOUL (P2.T3) (C.Washington)
Young Free Throw 1 of 1 (29 PTS)
",1,1,0,0,2025-03-12,0022400945,0,0,CHA,4,1,7,08:41,Off Short Mid-Range Make,0,Young Free Throw 1 of 1 (29 PTS),,ATL,CHA,ATL,1610612737,2025,2359.0,2381.0,2370.0,1629027|1629611|1630249|1631230|1631243,1628970|1630182|1630585|1631217|1641733,2024-25,587,0.9552238805970149
127492,06:03,"Krejci Bad Pass Turnover (P2.T11): Ball STEAL (2 STL)
",0,0,0,0,2025-03-12,0022400945,0,0,CHA,4,0,8,06:09,Off Steal,1,Krejci Bad Pass Turnover (P2.T11): Ball STEAL (2 STL),,ATL,CHA,ATL,1610612737,2025,2511.0,2517.0,2514.0,1627747|1627777|1630249|1630700|1631230,1628970|1630163|1630182|1631109|1631111,2024-25,636,0.29906542056074764
127490,05:48,"Williams L.B.FOUL (P3.PN) (T.Washington)
Barlow Free Throw 1 of 2 (9 PTS)
MISS Barlow Free Throw 2 of 2
Williams REBOUND (Off:3 Def:11)
",0,0,0,0,2025-03-12,0022400945,1,0,CHA,4,0,8,05:49,Off Dead Ball,0,MISS Barlow Free Throw 2 of 2,,ATL,CHA,ATL,1610612737,2025,2531.0,2532.0,2531.5,1627747|1627777|1629027|1630700|1631230,1628970|1629610|1630163|1630182|1631109,2024-25,647,0.9508196721311475
127489,05:48,"Williams L.B.FOUL (P3.PN) (T.Washington)
Barlow Free Throw 1 of 2 (9 PTS)
MISS Barlow Free Throw 2 of 2
Williams REBOUND (Off:3 Def:11)
",0,0,0,0,2025-03-12,0022400945,1,0,CHA,4,0,8,05:49,Off Dead Ball,0,Barlow Free Throw 1 of 2 (9 PTS),,ATL,CHA,ATL,1610612737,2025,2531.0,2532.0,2531.5,1627747|1627777|1629027|1630700|1631230,1628970|1629610|1630163|1630182|1631109,2024-25,642,0.9552238805970149
127488,05:48,"Williams L.B.FOUL (P3.PN) (T.Washington)
Barlow Free Throw 1 of 2 (9 PTS)
MISS Barlow Free Throw 2 of 2
Williams REBOUND (Off:3 Def:11)
",0,0,0,0,2025-03-12,0022400945,1,0,CHA,4,0,8,05:49,Off Dead Ball,0,Williams L.B.FOUL (P3.PN) (T.Washington),,ATL,CHA,ATL,1610612737,2025,2531.0,2532.0,2531.5,1627747|1627777|1629027|1630700|1631230,1628970|1629610|1630163|1630182|1631109,2024-25,619,0.1797752808988764
127487,05:16,"LeVert 3PT Jump Shot (12 PTS) (Young 11 AST)
",0,0,1,1,2025-03-12,0022400945,0,0,CHA,4,0,7,05:29,Off FT Make,0,LeVert 3PT Jump Shot (12 PTS) (Young 11 AST),,ATL,CHA,ATL,1610612737,2025,2551.0,2564.0,2557.5,1627747|1627777|1629027|1630168|1630700,1628970|1629610|1630163|1630182|1631109,2024-25,657,0.8235294117647058
127486,04:53,"Niang 25' 3PT Running Jump Shot (10 PTS) (LeVert 2 AST)
",0,0,1,1,2025-03-12,0022400945,0,0,CHA,4,0,10,05:00,Off Short Mid-Range Miss,0,Niang 25' 3PT Running Jump Shot (10 PTS) (LeVert 2 AST),,ATL,CHA,ATL,1610612737,2025,2580.0,2587.0,2583.5,1627747|1627777|1629027|1630168|1630700,1628970|1629610|1630163|1630182|1631109,2024-25,661,0.8490566037735849
127485,04:12,"LeVert Bad Pass Turnover (P2.T12): Bridges STEAL (2 STL)
",0,0,0,0,2025-03-12,0022400945,0,0,CHA,4,0,11,04:37,Off At Rim Make,1,LeVert Bad Pass Turnover (P2.T12): Bridges STEAL (2 STL),,ATL,CHA,ATL,1610612737,2025,2603.0,2628.0,2615.5,1627747|1627777|1629027|1630168|1630700,1628970|1629610|1630163|1630182|1631109,2024-25,595,0.2
127484,03:46,"MISS Young 35' 3PT Pullup Jump Shot
Okongwu REBOUND (Off:6 Def:2)
Young Bad Pass Turnover (P5.T13): Green STEAL (2 STL)
",0,0,1,0,2025-03-12,0022400945,0,1,CHA,4,0,11,04:05,Off Short Mid-Range Miss,1,Young Bad Pass Turnover (P5.T13): Green STEAL (2 STL),,ATL,CHA,ATL,1610612737,2025,2635.0,2654.0,2644.5,1627747|1627777|1629027|1630168|1630700,1628970|1629610|1630163|1630182|1631109,2024-25,672,0.15217391304347827
127483,03:46,"MISS Young 35' 3PT Pullup Jump Shot
Okongwu REBOUND (Off:6 Def:2)
Young Bad Pass Turnover (P5.T13): Green STEAL (2 STL)
",0,0,1,0,2025-03-12,0022400945,0,1,CHA,4,0,11,04:05,Off Short Mid-Range Miss,1,Okongwu REBOUND (Off:6 Def:2),,ATL,CHA,ATL,1610612737,2025,2635.0,2654.0,2644.5,1627747|1627777|1629027|1630168|1630700,1628970|1629610|1630163|1630182|1631109,2024-25,671,0.9508196721311475
127482,03:46,"MISS Young 35' 3PT Pullup Jump Shot
Okongwu REBOUND (Off:6 Def:2)
Young Bad Pass Turnover (P5.T13): Green STEAL (2 STL)
",0,0,1,0,2025-03-12,0022400945,0,1,CHA,4,0,11,04:05,Off Short Mid-Range Miss,1,MISS Young 35' 3PT Pullup Jump Shot,,ATL,CHA,ATL,1610612737,2025,2635.0,2654.0,2644.5,1627747|1627777|1629027|1630168|1630700,1628970|1629610|1630163|1630182|1631109,2024-25,670,0.7301587301587301
127505,07:47,"Green P.FOUL (P3.T4) (C.Washington)
MISS Krejci 12' Driving Floating Jump Shot
Williams REBOUND (Off:2 Def:9)
",1,0,0,0,2025-03-12,0022400945,0,0,CHA,4,0,8,08:03,Off Short Mid-Range Make,0,Williams REBOUND (Off:2 Def:9),,ATL,CHA,ATL,1610612737,2025,2397.0,2413.0,2405.0,1629027|1629611|1630249|1631230|1631243,1628970|1630182|1630585|1631217|1641733,2024-25,582,0.208955223880597
127506,08:19,"Young 6' Driving Finger Roll Layup (28 PTS)
Diabaté S.FOUL (P2.T3) (C.Washington)
Young Free Throw 1 of 1 (29 PTS)
",1,1,0,0,2025-03-12,0022400945,0,0,CHA,4,1,7,08:41,Off Short Mid-Range Make,0,Young 6' Driving Finger Roll Layup (28 PTS),,ATL,CHA,ATL,1610612737,2025,2359.0,2381.0,2370.0,1629027|1629611|1630249|1631230|1631243,1628970|1630182|1630585|1631217|1641733,2024-25,584,0.12307692307692308
127491,05:48,"Williams L.B.FOUL (P3.PN) (T.Washington)
Barlow Free Throw 1 of 2 (9 PTS)
MISS Barlow Free Throw 2 of 2
Williams REBOUND (Off:3 Def:11)
",0,0,0,0,2025-03-12,0022400945,1,0,CHA,4,0,8,05:49,Off Dead Ball,0,Williams REBOUND (Off:3 Def:11),,ATL,CHA,ATL,1610612737,2025,2531.0,2532.0,2531.5,1627747|1627777|1629027|1630700|1631230,1628970|1629610|1630163|1630182|1631109,2024-25,585,0.25925925925925924
127478,03:03,"Jeffries S.FOUL (P5.PN) (T.Washington)
Niang Free Throw 1 of 2 (11 PTS)
Niang Free Throw 2 of 2 (12 PTS)
",0,0,0,0,2025-03-12,0022400945,0,0,CHA,4,1,11,03:13,Off Steal,0,Niang Free Throw 2 of 2 (12 PTS),,ATL,CHA,ATL,1610612737,2025,2687.0,2697.0,2692.0,1627747|1627777|1629027|1630168|1630700,1628970|1629610|1630163|1630182|1631109,2024-25,688,0.9552238805970149
127458,10:35,"Jeffries S.FOUL (P2.T1) (Z.Zarba)
Gueye Free Throw 1 of 2 (3 PTS)
MISS Gueye Free Throw 2 of 2
Gueye REBOUND (Off:1 Def:2)
Risacher 3PT Jump Shot (8 PTS) (Young 7 AST)
",0,0,1,1,2025-03-12,0022400945,0,1,CHA,3,1,5,10:53,Off Steal,0,Gueye Free Throw 1 of 2 (3 PTS),,ATL,CHA,ATL,1610612737,2025,1507.0,1525.0,1516.0,1629027|1630168|1630700|1631243|1642258,1628970|1629610|1630163|1630182|1631109,2024-25,351,0.21739130434782608
127448,08:57,"MISS Gueye 3PT Jump Shot
Williams REBOUND (Off:2 Def:8)
",0,0,1,0,2025-03-12,0022400945,0,0,CHA,3,0,11,09:16,Off Corner 3 Make,0,Williams REBOUND (Off:2 Def:8),,ATL,CHA,ATL,1610612737,2025,1604.0,1623.0,1613.5,1629027|1630168|1630700|1631243|1642258,1628970|1629610|1630585|1631109|1641733,2024-25,412,0.13114754098360656
127475,02:35,"Daniels 8' Driving Floating Jump Shot (10 PTS)
",1,1,0,0,2025-03-12,0022400945,0,0,CHA,4,0,11,02:48,Off FT Make,0,Daniels 8' Driving Floating Jump Shot (10 PTS),,ATL,CHA,ATL,1610612737,2025,2712.0,2725.0,2718.5,1627747|1627777|1629027|1630168|1630700,1628970|1629610|1630163|1630182|1631217,2024-25,695,0.968421052631579
127474,02:11,"Diabaté P.FOUL (P3.PN) (C.Washington)
Young Free Throw 1 of 2 (32 PTS)
Young Free Throw 2 of 2 (33 PTS)
",0,0,0,0,2025-03-12,0022400945,1,0,CHA,4,0,11,02:19,Off Short Mid-Range Make,0,Young Free Throw 2 of 2 (33 PTS),,ATL,CHA,ATL,1610612737,2025,2741.0,2749.0,2745.0,1627747|1627777|1629027|1630168|1630700,1628970|1629610|1630163|1630182|1631217,2024-25,700,0.9552238805970149
127473,02:11,"Diabaté P.FOUL (P3.PN) (C.Washington)
Young Free Throw 1 of 2 (32 PTS)
Young Free Throw 2 of 2 (33 PTS)
",0,0,0,0,2025-03-12,0022400945,1,0,CHA,4,0,11,02:19,Off Short Mid-Range Make,0,Young Free Throw 1 of 2 (32 PTS),,ATL,CHA,ATL,1610612737,2025,2741.0,2749.0,2745.0,1627747|1627777|1629027|1630168|1630700,1628970|1629610|1630163|1630182|1631217,2024-25,699,0.9552238805970149
127472,02:11,"Diabaté P.FOUL (P3.PN) (C.Washington)
Young Free Throw 1 of 2 (32 PTS)
Young Free Throw 2 of 2 (33 PTS)
",0,0,0,0,2025-03-12,0022400945,1,0,CHA,4,0,11,02:19,Off Short Mid-Range Make,0,Diabaté P.FOUL (P3.PN) (C.Washington),,ATL,CHA,ATL,1610612737,2025,2741.0,2749.0,2745.0,1627747|1627777|1629027|1630168|1630700,1628970|1629610|1630163|1630182|1631217,2024-25,666,0.30985915492957744
127471,01:39,"LeVert 26' 3PT Jump Shot (15 PTS) (Young 12 AST)
",0,0,1,1,2025-03-12,0022400945,0,0,CHA,4,0,10,02:02,Off Arc 3 Make,0,LeVert 26' 3PT Jump Shot (15 PTS) (Young 12 AST),,ATL,CHA,ATL,1610612737,2025,2758.0,2781.0,2769.5,1627747|1627777|1629027|1630168|1630700,1628970|1629610|1630163|1630182|1631217,2024-25,677,0.3132530120481928
127470,01:17,"Okongwu 1' Reverse Layup (7 PTS) (Daniels 3 AST)
",1,1,0,0,2025-03-12,0022400945,0,0,CHA,4,0,11,01:31,Off FT Make,0,Okongwu 1' Reverse Layup (7 PTS) (Daniels 3 AST),,ATL,CHA,ATL,1610612737,2025,2789.0,2803.0,2796.0,1627747|1627777|1629027|1630168|1630700,1628970|1629610|1630163|1630182|1631217,2024-25,709,0.9090909090909091
127469,01:00,"Jeffries P.FOUL (P6.PN) (T.Washington)
Young Free Throw 1 of 2 (34 PTS)
Young Free Throw 2 of 2 (35 PTS)
",0,0,0,0,2025-03-12,0022400945,1,0,CHA,4,0,13,01:09,Off Short Mid-Range Miss,0,Young Free Throw 2 of 2 (35 PTS),,ATL,CHA,ATL,1610612737,2025,2811.0,2820.0,2815.5,1627747|1627777|1629027|1630168|1630700,1628970|1629610|1630163|1630182|1631217,2024-25,720,0.9552238805970149
127468,01:00,"Jeffries P.FOUL (P6.PN) (T.Washington)
Young Free Throw 1 of 2 (34 PTS)
Young Free Throw 2 of 2 (35 PTS)
",0,0,0,0,2025-03-12,0022400945,1,0,CHA,4,0,13,01:09,Off Short Mid-Range Miss,0,Young Free Throw 1 of 2 (34 PTS),,ATL,CHA,ATL,1610612737,2025,2811.0,2820.0,2815.5,1627747|1627777|1629027|1630168|1630700,1628970|1629610|1630163|1630182|1631217,2024-25,719,0.9552238805970149
127467,01:00,"Jeffries P.FOUL (P6.PN) (T.Washington)
Young Free Throw 1 of 2 (34 PTS)
Young Free Throw 2 of 2 (35 PTS)
",0,0,0,0,2025-03-12,0022400945,1,0,CHA,4,0,13,01:09,Off Short Mid-Range Miss,0,Jeffries P.FOUL (P6.PN) (T.Washington),,ATL,CHA,ATL,1610612737,2025,2811.0,2820.0,2815.5,1627747|1627777|1629027|1630168|1630700,1628970|1629610|1630163|1630182|1631217,2024-25,642,0.1643835616438356
127452,09:49,"MISS Okongwu 3' Alley Oop Layup: Jeffries BLOCK (1 BLK)
HAWKS Rebound
MISS Young 19' Pullup Jump Shot: Jeffries BLOCK (2 BLK)
Young REBOUND (Off:2 Def:3)
MISS Young 7' Driving Floating Jump Shot
Okongwu REBOUND (Off:3 Def:1)
Gueye 25' 3PT Jump Shot (6 PTS) (Okongwu 1 AST)
",3,0,1,1,2025-03-12,0022400945,0,3,CHA,3,0,9,10:12,Off Arc 3 Miss,0,MISS Young 19' Pullup Jump Shot: Jeffries BLOCK (2 BLK),,ATL,CHA,ATL,1610612737,2025,1548.0,1571.0,1559.5,1629027|1630168|1630700|1631243|1642258,1628970|1629610|1630585|1631109|1641733,2024-25,618,0.6808510638297872
127466,00:03,"MISS LeVert 3PT Jump Shot
Okongwu REBOUND (Off:7 Def:3)
HAWKS Turnover: Shot Clock (T#14)
",0,0,1,0,2025-03-12,0022400945,0,1,CHA,4,0,13,00:44,Off Short Mid-Range Make,1,HAWKS Turnover: Shot Clock (T#14),,ATL,CHA,ATL,1610612737,2025,2836.0,2877.0,2856.5,1627747|1627777|1629027|1630168|1630700,1628970|1630182|1630585|1631217|1641733,2024-25,705,0.32432432432432434
127476,03:03,"Jeffries S.FOUL (P5.PN) (T.Washington)
Niang Free Throw 1 of 2 (11 PTS)
Niang Free Throw 2 of 2 (12 PTS)
",0,0,0,0,2025-03-12,0022400945,0,0,CHA,4,1,11,03:13,Off Steal,0,Jeffries S.FOUL (P5.PN) (T.Washington),,ATL,CHA,ATL,1610612737,2025,2687.0,2697.0,2692.0,1627747|1627777|1629027|1630168|1630700,1628970|1629610|1630163|1630182|1631109,2024-25,670,0.2727272727272727
127464,00:03,"MISS LeVert 3PT Jump Shot
Okongwu REBOUND (Off:7 Def:3)
HAWKS Turnover: Shot Clock (T#14)
",0,0,1,0,2025-03-12,0022400945,0,1,CHA,4,0,13,00:44,Off Short Mid-Range Make,1,MISS LeVert 3PT Jump Shot,,ATL,CHA,ATL,1610612737,2025,2836.0,2877.0,2856.5,1627747|1627777|1629027|1630168|1630700,1628970|1630182|1630585|1631217|1641733,2024-25,723,0.6976744186046512
127462,11:21,"Young 6' Driving Floating Jump Shot (11 PTS)
",1,1,0,0,2025-03-12,0022400945,0,0,CHA,3,0,3,11:30,Off Block,0,Young 6' Driving Floating Jump Shot (11 PTS),,ATL,CHA,ATL,1610612737,2025,1470.0,1479.0,1474.5,1629027|1630168|1630700|1631243|1642258,1628970|1629610|1630163|1630182|1631109,2024-25,344,0.3076923076923077
127461,10:35,"Jeffries S.FOUL (P2.T1) (Z.Zarba)
Gueye Free Throw 1 of 2 (3 PTS)
MISS Gueye Free Throw 2 of 2
Gueye REBOUND (Off:1 Def:2)
Risacher 3PT Jump Shot (8 PTS) (Young 7 AST)
",0,0,1,1,2025-03-12,0022400945,0,1,CHA,3,1,5,10:53,Off Steal,0,Risacher 3PT Jump Shot (8 PTS) (Young 7 AST),,ATL,CHA,ATL,1610612737,2025,1507.0,1525.0,1516.0,1629027|1630168|1630700|1631243|1642258,1628970|1629610|1630163|1630182|1631109,2024-25,359,0.21333333333333335
127460,10:35,"Jeffries S.FOUL (P2.T1) (Z.Zarba)
Gueye Free Throw 1 of 2 (3 PTS)
MISS Gueye Free Throw 2 of 2
Gueye REBOUND (Off:1 Def:2)
Risacher 3PT Jump Shot (8 PTS) (Young 7 AST)
",0,0,1,1,2025-03-12,0022400945,0,1,CHA,3,1,5,10:53,Off Steal,0,Gueye REBOUND (Off:1 Def:2),,ATL,CHA,ATL,1610612737,2025,1507.0,1525.0,1516.0,1629027|1630168|1630700|1631243|1642258,1628970|1629610|1630163|1630182|1631109,2024-25,353,0.2903225806451613
127459,10:35,"Jeffries S.FOUL (P2.T1) (Z.Zarba)
Gueye Free Throw 1 of 2 (3 PTS)
MISS Gueye Free Throw 2 of 2
Gueye REBOUND (Off:1 Def:2)
Risacher 3PT Jump Shot (8 PTS) (Young 7 AST)
",0,0,1,1,2025-03-12,0022400945,0,1,CHA,3,1,5,10:53,Off Steal,0,MISS Gueye Free Throw 2 of 2,,ATL,CHA,ATL,1610612737,2025,1507.0,1525.0,1516.0,1629027|1630168|1630700|1631243|1642258,1628970|1629610|1630163|1630182|1631109,2024-25,352,0.3181818181818182
127457,10:35,"Jeffries S.FOUL (P2.T1) (Z.Zarba)
Gueye Free Throw 1 of 2 (3 PTS)
MISS Gueye Free Throw 2 of 2
Gueye REBOUND (Off:1 Def:2)
Risacher 3PT Jump Shot (8 PTS) (Young 7 AST)
",0,0,1,1,2025-03-12,0022400945,0,1,CHA,3,1,5,10:53,Off Steal,0,Jeffries S.FOUL (P2.T1) (Z.Zarba),,ATL,CHA,ATL,1610612737,2025,1507.0,1525.0,1516.0,1629027|1630168|1630700|1631243|1642258,1628970|1629610|1630163|1630182|1631109,2024-25,394,0.35789473684210527
127456,09:49,"MISS Okongwu 3' Alley Oop Layup: Jeffries BLOCK (1 BLK)
HAWKS Rebound
MISS Young 19' Pullup Jump Shot: Jeffries BLOCK (2 BLK)
Young REBOUND (Off:2 Def:3)
MISS Young 7' Driving Floating Jump Shot
Okongwu REBOUND (Off:3 Def:1)
Gueye 25' 3PT Jump Shot (6 PTS) (Okongwu 1 AST)
",3,0,1,1,2025-03-12,0022400945,0,3,CHA,3,0,9,10:12,Off Arc 3 Miss,0,Gueye 25' 3PT Jump Shot (6 PTS) (Okongwu 1 AST),,ATL,CHA,ATL,1610612737,2025,1548.0,1571.0,1559.5,1629027|1630168|1630700|1631243|1642258,1628970|1629610|1630585|1631109|1641733,2024-25,372,0.17721518987341772
127455,09:49,"MISS Okongwu 3' Alley Oop Layup: Jeffries BLOCK (1 BLK)
HAWKS Rebound
MISS Young 19' Pullup Jump Shot: Jeffries BLOCK (2 BLK)
Young REBOUND (Off:2 Def:3)
MISS Young 7' Driving Floating Jump Shot
Okongwu REBOUND (Off:3 Def:1)
Gueye 25' 3PT Jump Shot (6 PTS) (Okongwu 1 AST)
",3,0,1,1,2025-03-12,0022400945,0,3,CHA,3,0,9,10:12,Off Arc 3 Miss,0,Okongwu REBOUND (Off:3 Def:1),,ATL,CHA,ATL,1610612737,2025,1548.0,1571.0,1559.5,1629027|1630168|1630700|1631243|1642258,1628970|1629610|1630585|1631109|1641733,2024-25,400,0.9032258064516129
127454,09:49,"MISS Okongwu 3' Alley Oop Layup: Jeffries BLOCK (1 BLK)
HAWKS Rebound
MISS Young 19' Pullup Jump Shot: Jeffries BLOCK (2 BLK)
Young REBOUND (Off:2 Def:3)
MISS Young 7' Driving Floating Jump Shot
Okongwu REBOUND (Off:3 Def:1)
Gueye 25' 3PT Jump Shot (6 PTS) (Okongwu 1 AST)
",3,0,1,1,2025-03-12,0022400945,0,3,CHA,3,0,9,10:12,Off Arc 3 Miss,0,MISS Young 7' Driving Floating Jump Shot,,ATL,CHA,ATL,1610612737,2025,1548.0,1571.0,1559.5,1629027|1630168|1630700|1631243|1642258,1628970|1629610|1630585|1631109|1641733,2024-25,364,0.14457831325301204
127465,00:03,"MISS LeVert 3PT Jump Shot
Okongwu REBOUND (Off:7 Def:3)
HAWKS Turnover: Shot Clock (T#14)
",0,0,1,0,2025-03-12,0022400945,0,1,CHA,4,0,13,00:44,Off Short Mid-Range Make,1,Okongwu REBOUND (Off:7 Def:3),,ATL,CHA,ATL,1610612737,2025,2836.0,2877.0,2856.5,1627747|1627777|1629027|1630168|1630700,1628970|1630182|1630585|1631217|1641733,2024-25,724,0.9508196721311475
127313,02:39,"Young 13' Driving Floating Jump Shot (4 PTS) (Niang 2 AST)
",1,1,0,0,2025-03-12,0022400945,0,0,CHA,1,0,0,02:44,Off Arc 3 Miss,0,Young 13' Driving Floating Jump Shot (4 PTS) (Niang 2 AST),,ATL,CHA,ATL,1610612737,2025,556.0,561.0,558.5,1627747|1627777|1629027|1629611|1631230,203552|203994|1630163|1631111|1641733,2024-25,128,0.9508196721311475
127504,07:47,"Green P.FOUL (P3.T4) (C.Washington)
MISS Krejci 12' Driving Floating Jump Shot
Williams REBOUND (Off:2 Def:9)
",1,0,0,0,2025-03-12,0022400945,0,0,CHA,4,0,8,08:03,Off Short Mid-Range Make,0,MISS Krejci 12' Driving Floating Jump Shot,,ATL,CHA,ATL,1610612737,2025,2397.0,2413.0,2405.0,1629027|1629611|1630249|1631230|1631243,1628970|1630182|1630585|1631217|1641733,2024-25,599,0.4772727272727273
127463,11:45,"Daniels Bad Pass Turnover (P2.T9): Green STEAL (1 STL)
",0,0,0,0,2025-03-12,0022400945,0,0,CHA,3,0,3,12:00,Off Dead Ball,1,Daniels Bad Pass Turnover (P2.T9): Green STEAL (1 STL),,ATL,CHA,ATL,1610612737,2025,1440.0,1455.0,1447.5,1629027|1630168|1630700|1631243|1642258,1628970|1629610|1630163|1630182|1631109,2024-25,335,0.2777777777777778
127449,09:34,"Daniels 6' Running Layup (8 PTS) (Young 8 AST)
",1,1,0,0,2025-03-12,0022400945,0,0,CHA,3,0,12,09:38,Off Steal,0,Daniels 6' Running Layup (8 PTS) (Young 8 AST),,ATL,CHA,ATL,1610612737,2025,1582.0,1586.0,1584.0,1629027|1630168|1630700|1631243|1642258,1628970|1629610|1630585|1631109|1641733,2024-25,370,0.24324324324324326
127477,03:03,"Jeffries S.FOUL (P5.PN) (T.Washington)
Niang Free Throw 1 of 2 (11 PTS)
Niang Free Throw 2 of 2 (12 PTS)
",0,0,0,0,2025-03-12,0022400945,0,0,CHA,4,1,11,03:13,Off Steal,0,Niang Free Throw 1 of 2 (11 PTS),,ATL,CHA,ATL,1610612737,2025,2687.0,2697.0,2692.0,1627747|1627777|1629027|1630168|1630700,1628970|1629610|1630163|1630182|1631109,2024-25,687,0.9552238805970149
127451,09:49,"MISS Okongwu 3' Alley Oop Layup: Jeffries BLOCK (1 BLK)
HAWKS Rebound
MISS Young 19' Pullup Jump Shot: Jeffries BLOCK (2 BLK)
Young REBOUND (Off:2 Def:3)
MISS Young 7' Driving Floating Jump Shot
Okongwu REBOUND (Off:3 Def:1)
Gueye 25' 3PT Jump Shot (6 PTS) (Okongwu 1 AST)
",3,0,1,1,2025-03-12,0022400945,0,3,CHA,3,0,9,10:12,Off Arc 3 Miss,0,HAWKS Rebound,,ATL,CHA,ATL,1610612737,2025,1548.0,1571.0,1559.5,1629027|1630168|1630700|1631243|1642258,1628970|1629610|1630585|1631109|1641733,2024-25,518,0.5714285714285714
127447,08:57,"MISS Gueye 3PT Jump Shot
Williams REBOUND (Off:2 Def:8)
",0,0,1,0,2025-03-12,0022400945,0,0,CHA,3,0,11,09:16,Off Corner 3 Make,0,MISS Gueye 3PT Jump Shot,,ATL,CHA,ATL,1610612737,2025,1604.0,1623.0,1613.5,1629027|1630168|1630700|1631243|1642258,1628970|1629610|1630585|1631109|1641733,2024-25,376,0.23809523809523808
127446,08:29,"MISS Young 29' 3PT Jump Shot
Smith Jr. REBOUND (Off:0 Def:3)
",0,0,1,0,2025-03-12,0022400945,0,0,CHA,3,0,11,08:38,Off Corner 3 Miss,0,Smith Jr. REBOUND (Off:0 Def:3),,ATL,CHA,ATL,1610612737,2025,1642.0,1651.0,1646.5,1629027|1630168|1630700|1631243|1642258,1628970|1629610|1630585|1631109|1641733,2024-25,375,0.25
127445,08:29,"MISS Young 29' 3PT Jump Shot
Smith Jr. REBOUND (Off:0 Def:3)
",0,0,1,0,2025-03-12,0022400945,0,0,CHA,3,0,11,08:38,Off Corner 3 Miss,0,MISS Young 29' 3PT Jump Shot,,ATL,CHA,ATL,1610612737,2025,1642.0,1651.0,1646.5,1629027|1630168|1630700|1631243|1642258,1628970|1629610|1630585|1631109|1641733,2024-25,380,0.7346938775510204
127444,08:11,"Young 5' Driving Layup (13 PTS)
",1,1,0,0,2025-03-12,0022400945,0,0,CHA,3,0,11,08:22,Off Dead Ball,0,Young 5' Driving Layup (13 PTS),,ATL,CHA,ATL,1610612737,2025,1658.0,1669.0,1663.5,1629027|1630168|1630700|1631243|1642258,1628970|1630182|1630585|1631109|1641733,2024-25,387,0.4
127443,07:34,"MISS Daniels 6' Driving Floating Jump Shot
Okongwu REBOUND (Off:4 Def:2)
MISS Okongwu 3' Tip Layup Shot: Williams BLOCK (2 BLK)
Garrett REBOUND (Off:0 Def:1)
",2,0,0,0,2025-03-12,0022400945,0,1,CHA,3,0,11,07:45,Off Short Mid-Range Make,0,Garrett REBOUND (Off:0 Def:1),,ATL,CHA,ATL,1610612737,2025,1695.0,1706.0,1700.5,1629027|1630168|1630700|1631243|1642258,1628970|1630182|1630585|1631109|1641733,2024-25,386,0.33962264150943394
127442,07:34,"MISS Daniels 6' Driving Floating Jump Shot
Okongwu REBOUND (Off:4 Def:2)
MISS Okongwu 3' Tip Layup Shot: Williams BLOCK (2 BLK)
Garrett REBOUND (Off:0 Def:1)
",2,0,0,0,2025-03-12,0022400945,0,1,CHA,3,0,11,07:45,Off Short Mid-Range Make,0,MISS Okongwu 3' Tip Layup Shot: Williams BLOCK (2 BLK),,ATL,CHA,ATL,1610612737,2025,1695.0,1706.0,1700.5,1629027|1630168|1630700|1631243|1642258,1628970|1630182|1630585|1631109|1641733,2024-25,468,0.651685393258427
127441,07:34,"MISS Daniels 6' Driving Floating Jump Shot
Okongwu REBOUND (Off:4 Def:2)
MISS Okongwu 3' Tip Layup Shot: Williams BLOCK (2 BLK)
Garrett REBOUND (Off:0 Def:1)
",2,0,0,0,2025-03-12,0022400945,0,1,CHA,3,0,11,07:45,Off Short Mid-Range Make,0,Okongwu REBOUND (Off:4 Def:2),,ATL,CHA,ATL,1610612737,2025,1695.0,1706.0,1700.5,1629027|1630168|1630700|1631243|1642258,1628970|1630182|1630585|1631109|1641733,2024-25,386,0.22641509433962265
127440,07:34,"MISS Daniels 6' Driving Floating Jump Shot
Okongwu REBOUND (Off:4 Def:2)
MISS Okongwu 3' Tip Layup Shot: Williams BLOCK (2 BLK)
Garrett REBOUND (Off:0 Def:1)
",2,0,0,0,2025-03-12,0022400945,0,1,CHA,3,0,11,07:45,Off Short Mid-Range Make,0,MISS Daniels 6' Driving Floating Jump Shot,,ATL,CHA,ATL,1610612737,2025,1695.0,1706.0,1700.5,1629027|1630168|1630700|1631243|1642258,1628970|1630182|1630585|1631109|1641733,2024-25,390,0.20253164556962025
127439,07:08,"Smith Jr. S.FOUL (P2.T2) (T.Washington)
Young Free Throw 1 of 2 (14 PTS)
Young Free Throw 2 of 2 (15 PTS)
",0,0,0,0,2025-03-12,0022400945,0,0,CHA,3,1,11,07:15,Off Short Mid-Range Miss,0,Young Free Throw 2 of 2 (15 PTS),,ATL,CHA,ATL,1610612737,2025,1725.0,1732.0,1728.5,1629027|1630168|1630700|1631243|1642258,1628970|1630182|1630585|1631109|1641733,2024-25,404,0.3225806451612903
127450,09:49,"MISS Okongwu 3' Alley Oop Layup: Jeffries BLOCK (1 BLK)
HAWKS Rebound
MISS Young 19' Pullup Jump Shot: Jeffries BLOCK (2 BLK)
Young REBOUND (Off:2 Def:3)
MISS Young 7' Driving Floating Jump Shot
Okongwu REBOUND (Off:3 Def:1)
Gueye 25' 3PT Jump Shot (6 PTS) (Okongwu 1 AST)
",3,0,1,1,2025-03-12,0022400945,0,3,CHA,3,0,9,10:12,Off Arc 3 Miss,0,MISS Okongwu 3' Alley Oop Layup: Jeffries BLOCK (1 BLK),,ATL,CHA,ATL,1610612737,2025,1548.0,1571.0,1559.5,1629027|1630168|1630700|1631243|1642258,1628970|1629610|1630585|1631109|1641733,2024-25,516,0.7083333333333334
127438,07:08,"Smith Jr. S.FOUL (P2.T2) (T.Washington)
Young Free Throw 1 of 2 (14 PTS)
Young Free Throw 2 of 2 (15 PTS)
",0,0,0,0,2025-03-12,0022400945,0,0,CHA,3,1,11,07:15,Off Short Mid-Range Miss,0,Young Free Throw 1 of 2 (14 PTS),,ATL,CHA,ATL,1610612737,2025,1725.0,1732.0,1728.5,1629027|1630168|1630700|1631243|1642258,1628970|1630182|1630585|1631109|1641733,2024-25,399,0.49230769230769234
127453,09:49,"MISS Okongwu 3' Alley Oop Layup: Jeffries BLOCK (1 BLK)
HAWKS Rebound
MISS Young 19' Pullup Jump Shot: Jeffries BLOCK (2 BLK)
Young REBOUND (Off:2 Def:3)
MISS Young 7' Driving Floating Jump Shot
Okongwu REBOUND (Off:3 Def:1)
Gueye 25' 3PT Jump Shot (6 PTS) (Okongwu 1 AST)
",3,0,1,1,2025-03-12,0022400945,0,3,CHA,3,0,9,10:12,Off Arc 3 Miss,0,Young REBOUND (Off:2 Def:3),,ATL,CHA,ATL,1610612737,2025,1548.0,1571.0,1559.5,1629027|1630168|1630700|1631243|1642258,1628970|1629610|1630585|1631109|1641733,2024-25,620,0.9473684210526315
127436,06:42,"MISS Okongwu 27' 3PT Jump Shot
Hornets Rebound
",0,0,1,0,2025-03-12,0022400945,0,0,CHA,3,0,13,06:55,Off Long Mid-Range Miss,0,Hornets Rebound,,ATL,CHA,ATL,1610612737,2025,1745.0,1758.0,1751.5,1629027|1630168|1630700|1631243|1642258,1630163|1630182|1630585|1631109|1631111,2024-25,440,0.17647058823529413
127434,06:13,"Young 18' Pullup Jump Shot (17 PTS)
",1,1,0,0,2025-03-12,0022400945,0,0,CHA,3,0,11,06:23,Off At Rim Make,0,Young 18' Pullup Jump Shot (17 PTS),,ATL,CHA,ATL,1610612737,2025,1777.0,1787.0,1782.0,1627777|1629027|1630168|1630700|1642258,1630163|1630182|1630585|1631109|1631111,2024-25,414,0.18666666666666668
127433,05:51,"Young 16' Pullup Jump Shot (19 PTS)
",1,1,0,0,2025-03-12,0022400945,0,0,CHA,3,0,11,05:58,Off Short Mid-Range Make,0,Young 16' Pullup Jump Shot (19 PTS),,ATL,CHA,ATL,1610612737,2025,1802.0,1809.0,1805.5,1627777|1629027|1630168|1630700|1642258,1630163|1630182|1630585|1631109|1631111,2024-25,416,0.23529411764705882
127432,05:12,"Williams Transition Take Foul (P1.T3) (Z.Zarba)
Young Free Throw 1 of 1 (20 PTS)
MISS LeVert 26' 3PT Pullup Jump Shot
Curry REBOUND (Off:0 Def:1)
",0,0,1,0,2025-03-12,0022400945,1,0,CHA,3,0,13,05:38,Off Steal,0,Curry REBOUND (Off:0 Def:1),,ATL,CHA,ATL,1610612737,2025,1822.0,1848.0,1835.0,1627747|1627777|1629611|1630700|1631230,203552|203994|1630163|1630182|1631111,2024-25,413,0.3018867924528302
127431,05:12,"Williams Transition Take Foul (P1.T3) (Z.Zarba)
Young Free Throw 1 of 1 (20 PTS)
MISS LeVert 26' 3PT Pullup Jump Shot
Curry REBOUND (Off:0 Def:1)
",0,0,1,0,2025-03-12,0022400945,1,0,CHA,3,0,13,05:38,Off Steal,0,MISS LeVert 26' 3PT Pullup Jump Shot,,ATL,CHA,ATL,1610612737,2025,1822.0,1848.0,1835.0,1627747|1627777|1629611|1630700|1631230,203552|203994|1630163|1630182|1631111,2024-25,414,0.2631578947368421
127430,05:12,"Williams Transition Take Foul (P1.T3) (Z.Zarba)
Young Free Throw 1 of 1 (20 PTS)
MISS LeVert 26' 3PT Pullup Jump Shot
Curry REBOUND (Off:0 Def:1)
",0,0,1,0,2025-03-12,0022400945,1,0,CHA,3,0,13,05:38,Off Steal,0,Young Free Throw 1 of 1 (20 PTS),,ATL,CHA,ATL,1610612737,2025,1822.0,1848.0,1835.0,1627747|1627777|1629611|1630700|1631230,203552|203994|1630163|1630182|1631111,2024-25,395,0.1111111111111111
127429,05:12,"Williams Transition Take Foul (P1.T3) (Z.Zarba)
Young Free Throw 1 of 1 (20 PTS)
MISS LeVert 26' 3PT Pullup Jump Shot
Curry REBOUND (Off:0 Def:1)
",0,0,1,0,2025-03-12,0022400945,1,0,CHA,3,0,13,05:38,Off Steal,0,Williams Transition Take Foul (P1.T3) (Z.Zarba),,ATL,CHA,ATL,1610612737,2025,1822.0,1848.0,1835.0,1627747|1627777|1629611|1630700|1631230,203552|203994|1630163|1630182|1631111,2024-25,404,0.2597402597402597
127428,04:49,"MISS Daniels 12' Driving Floating Jump Shot
Daniels REBOUND (Off:2 Def:3)
MISS Barlow 4' Layup
Nurkic REBOUND (Off:1 Def:3)
",2,0,0,0,2025-03-12,0022400945,0,1,CHA,3,0,11,05:05,Off Arc 3 Make,0,Nurkic REBOUND (Off:1 Def:3),,ATL,CHA,ATL,1610612737,2025,1855.0,1871.0,1863.0,1627747|1627777|1629611|1630700|1631230,203552|203994|1630163|1630182|1631111,2024-25,437,0.7540983606557377
127427,04:49,"MISS Daniels 12' Driving Floating Jump Shot
Daniels REBOUND (Off:2 Def:3)
MISS Barlow 4' Layup
Nurkic REBOUND (Off:1 Def:3)
",2,0,0,0,2025-03-12,0022400945,0,1,CHA,3,0,11,05:05,Off Arc 3 Make,0,MISS Barlow 4' Layup,,ATL,CHA,ATL,1610612737,2025,1855.0,1871.0,1863.0,1627747|1627777|1629611|1630700|1631230,203552|203994|1630163|1630182|1631111,2024-25,438,0.19230769230769232
127426,04:49,"MISS Daniels 12' Driving Floating Jump Shot
Daniels REBOUND (Off:2 Def:3)
MISS Barlow 4' Layup
Nurkic REBOUND (Off:1 Def:3)
",2,0,0,0,2025-03-12,0022400945,0,1,CHA,3,0,11,05:05,Off Arc 3 Make,0,Daniels REBOUND (Off:2 Def:3),,ATL,CHA,ATL,1610612737,2025,1855.0,1871.0,1863.0,1627747|1627777|1629611|1630700|1631230,203552|203994|1630163|1630182|1631111,2024-25,437,0.7096774193548387
127437,07:08,"Smith Jr. S.FOUL (P2.T2) (T.Washington)
Young Free Throw 1 of 2 (14 PTS)
Young Free Throw 2 of 2 (15 PTS)
",0,0,0,0,2025-03-12,0022400945,0,0,CHA,3,1,11,07:15,Off Short Mid-Range Miss,0,Smith Jr. S.FOUL (P2.T2) (T.Washington),,ATL,CHA,ATL,1610612737,2025,1725.0,1732.0,1728.5,1629027|1630168|1630700|1631243|1642258,1628970|1630182|1630585|1631109|1641733,2024-25,396,0.4090909090909091
127424,04:31,"Moore Jr. P.FOUL (P1.T4) (T.Washington)
Mann 9' Driving Floating Jump Shot (7 PTS) (Barlow 2 AST)
",1,1,0,0,2025-03-12,0022400945,0,0,CHA,3,0,11,04:43,Off Steal,0,Mann 9' Driving Floating Jump Shot (7 PTS) (Barlow 2 AST),,ATL,CHA,ATL,1610612737,2025,1877.0,1889.0,1883.0,1627747|1627777|1629611|1630700|1631230,203552|203994|1630163|1630182|1631111,2024-25,444,0.15555555555555556
127435,06:42,"MISS Okongwu 27' 3PT Jump Shot
Hornets Rebound
",0,0,1,0,2025-03-12,0022400945,0,0,CHA,3,0,13,06:55,Off Long Mid-Range Miss,0,MISS Okongwu 27' 3PT Jump Shot,,ATL,CHA,ATL,1610612737,2025,1745.0,1758.0,1751.5,1629027|1630168|1630700|1631243|1642258,1630163|1630182|1630585|1631109|1631111,2024-25,407,0.27692307692307694
127425,04:49,"MISS Daniels 12' Driving Floating Jump Shot
Daniels REBOUND (Off:2 Def:3)
MISS Barlow 4' Layup
Nurkic REBOUND (Off:1 Def:3)
",2,0,0,0,2025-03-12,0022400945,0,1,CHA,3,0,11,05:05,Off Arc 3 Make,0,MISS Daniels 12' Driving Floating Jump Shot,,ATL,CHA,ATL,1610612737,2025,1855.0,1871.0,1863.0,1627747|1627777|1629611|1630700|1631230,203552|203994|1630163|1630182|1631111,2024-25,436,0.42105263157894735
127367,05:29,"MISS Risacher 24' 3PT Jump Shot
Smith Jr. REBOUND (Off:0 Def:2)
",0,0,1,0,2025-03-12,0022400945,0,0,CHA,2,0,3,05:43,Off Steal,0,MISS Risacher 24' 3PT Jump Shot,,ATL,CHA,ATL,1610612737,2025,1097.0,1111.0,1104.0,1627747|1630168|1630249|1630700|1642258,1628970|1629610|1630585|1631109|1641733,2024-25,246,0.20833333333333334
127314,03:00,"Mann 3' Cutting Layup Shot (2 PTS) (Niang 1 AST)
",1,1,0,0,2025-03-12,0022400945,0,0,CHA,1,0,-2,03:14,Off Corner 3 Miss,0,Mann 3' Cutting Layup Shot (2 PTS) (Niang 1 AST),,ATL,CHA,ATL,1610612737,2025,526.0,540.0,533.0,1627747|1627777|1629027|1629611|1631230,203994|1628970|1629610|1630585|1641733,2024-25,117,0.08571428571428572
127421,03:26,"MISS Barlow 3PT Jump Shot
Moore Jr. REBOUND (Off:0 Def:1)
",0,0,1,0,2025-03-12,0022400945,0,0,CHA,3,0,12,03:50,Off Arc 3 Make,0,Moore Jr. REBOUND (Off:0 Def:1),,ATL,CHA,ATL,1610612737,2025,1930.0,1954.0,1942.0,1627747|1627777|1629611|1630700|1631230,203552|203994|1630163|1630182|1631111,2024-25,444,0.75
127420,03:26,"MISS Barlow 3PT Jump Shot
Moore Jr. REBOUND (Off:0 Def:1)
",0,0,1,0,2025-03-12,0022400945,0,0,CHA,3,0,12,03:50,Off Arc 3 Make,0,MISS Barlow 3PT Jump Shot,,ATL,CHA,ATL,1610612737,2025,1930.0,1954.0,1942.0,1627747|1627777|1629611|1630700|1631230,203552|203994|1630163|1630182|1631111,2024-25,493,0.6976744186046512
127419,03:11,"Ball P.FOUL (P1.PN) (Z.Zarba)
Mann Free Throw 1 of 2 (10 PTS)
MISS Mann Free Throw 2 of 2
Moore Jr. REBOUND (Off:0 Def:2)
",0,0,0,0,2025-03-12,0022400945,1,0,CHA,3,0,12,03:16,Off Arc 3 Miss,0,Moore Jr. REBOUND (Off:0 Def:2),,ATL,CHA,ATL,1610612737,2025,1964.0,1969.0,1966.5,1627747|1627777|1629611|1630700|1631230,203552|203994|1630163|1630182|1631111,2024-25,453,0.7419354838709677
127418,03:11,"Ball P.FOUL (P1.PN) (Z.Zarba)
Mann Free Throw 1 of 2 (10 PTS)
MISS Mann Free Throw 2 of 2
Moore Jr. REBOUND (Off:0 Def:2)
",0,0,0,0,2025-03-12,0022400945,1,0,CHA,3,0,12,03:16,Off Arc 3 Miss,0,MISS Mann Free Throw 2 of 2,,ATL,CHA,ATL,1610612737,2025,1964.0,1969.0,1966.5,1627747|1627777|1629611|1630700|1631230,203552|203994|1630163|1630182|1631111,2024-25,461,0.3611111111111111
127312,02:14,"Young Bad Pass Turnover (P2.T4): Moore Jr. STEAL (1 STL)
",0,0,0,0,2025-03-12,0022400945,0,0,CHA,1,0,2,02:20,Off At Rim Miss,1,Young Bad Pass Turnover (P2.T4): Moore Jr. STEAL (1 STL),,ATL,CHA,ATL,1610612737,2025,580.0,586.0,583.0,1627747|1627777|1629027|1629611|1631230,203552|203994|1630163|1631111|1641733,2024-25,134,0.2597402597402597
127416,03:11,"Ball P.FOUL (P1.PN) (Z.Zarba)
Mann Free Throw 1 of 2 (10 PTS)
MISS Mann Free Throw 2 of 2
Moore Jr. REBOUND (Off:0 Def:2)
",0,0,0,0,2025-03-12,0022400945,1,0,CHA,3,0,12,03:16,Off Arc 3 Miss,0,Ball P.FOUL (P1.PN) (Z.Zarba),,ATL,CHA,ATL,1610612737,2025,1964.0,1969.0,1966.5,1627747|1627777|1629611|1630700|1631230,203552|203994|1630163|1630182|1631111,2024-25,451,0.3728813559322034
127415,02:51,"Ball P.FOUL (P2.PN) (Z.Zarba)
Young Free Throw 1 of 2 (21 PTS)
Young Free Throw 2 of 2 (22 PTS)
",0,0,0,0,2025-03-12,0022400945,1,0,CHA,3,0,10,03:00,Off Arc 3 Make,0,Young Free Throw 2 of 2 (22 PTS),,ATL,CHA,ATL,1610612737,2025,1980.0,1989.0,1984.5,1627747|1627777|1629027|1629611|1631230,203552|203994|1629610|1630163|1631111,2024-25,471,0.32
127414,02:51,"Ball P.FOUL (P2.PN) (Z.Zarba)
Young Free Throw 1 of 2 (21 PTS)
Young Free Throw 2 of 2 (22 PTS)
",0,0,0,0,2025-03-12,0022400945,1,0,CHA,3,0,10,03:00,Off Arc 3 Make,0,Young Free Throw 1 of 2 (21 PTS),,ATL,CHA,ATL,1610612737,2025,1980.0,1989.0,1984.5,1627747|1627777|1629027|1629611|1631230,203552|203994|1629610|1630163|1631111,2024-25,470,0.23076923076923078
127413,02:51,"Ball P.FOUL (P2.PN) (Z.Zarba)
Young Free Throw 1 of 2 (21 PTS)
Young Free Throw 2 of 2 (22 PTS)
",0,0,0,0,2025-03-12,0022400945,1,0,CHA,3,0,10,03:00,Off Arc 3 Make,0,Ball P.FOUL (P2.PN) (Z.Zarba),,ATL,CHA,ATL,1610612737,2025,1980.0,1989.0,1984.5,1627747|1627777|1629027|1629611|1631230,203552|203994|1629610|1630163|1631111,2024-25,493,0.2127659574468085
127412,02:23,"LeVert Lost Ball Turnover (P1.T10): Curry STEAL (1 STL)
",0,0,0,0,2025-03-12,0022400945,0,0,CHA,3,0,9,02:31,Off Corner 3 Make,1,LeVert Lost Ball Turnover (P1.T10): Curry STEAL (1 STL),,ATL,CHA,ATL,1610612737,2025,2009.0,2017.0,2013.0,1627747|1627777|1629027|1629611|1631230,203552|203994|1629610|1630163|1631111,2024-25,474,0.10810810810810811
127411,02:14,"LeVert 3PT Jump Shot (9 PTS) (Young 9 AST)
",0,0,1,1,2025-03-12,0022400945,0,0,CHA,3,0,9,02:20,Off Steal,0,LeVert 3PT Jump Shot (9 PTS) (Young 9 AST),,ATL,CHA,ATL,1610612737,2025,2020.0,2026.0,2023.0,1627747|1627777|1629027|1629611|1631230,203552|203994|1629610|1630163|1631111,2024-25,478,0.23684210526315788
127397,11:47,"MISS Young 14' Driving Floating Jump Shot
Williams REBOUND (Off:0 Def:3)
",1,0,0,0,2025-03-12,0022400945,0,0,CHA,2,0,1,12:00,Off Dead Ball,0,Williams REBOUND (Off:0 Def:3),,ATL,CHA,ATL,1610612737,2025,720.0,733.0,726.5,1629027|1629611|1630249|1631230|1642258,203552|1630163|1630182|1631109|1631111,2024-25,194,0.27692307692307694
127370,06:19,"MISS Okongwu 4' Cutting Layup Shot: Williams BLOCK (1 BLK)
Okongwu REBOUND (Off:1 Def:1)
MISS Okongwu 3' Putback Layup
Okongwu REBOUND (Off:2 Def:1)
MISS Okongwu 3' Putback Layup
Bridges REBOUND (Off:0 Def:6)
",3,0,0,0,2025-03-12,0022400945,0,2,CHA,2,0,0,06:35,Off Dead Ball,0,MISS Okongwu 4' Cutting Layup Shot: Williams BLOCK (1 BLK),,ATL,CHA,ATL,1610612737,2025,1045.0,1061.0,1053.0,1627747|1630168|1630249|1630700|1642258,1628970|1629610|1630585|1631109|1641733,2024-25,248,0.23684210526315788
127408,01:50,"Nurkic S.FOUL (P1.PN) (C.Washington)
Young Free Throw 1 of 2 (23 PTS)
Young Free Throw 2 of 2 (24 PTS)
",0,0,0,0,2025-03-12,0022400945,0,0,CHA,3,1,12,01:55,Off At Rim Miss,0,Nurkic S.FOUL (P1.PN) (C.Washington),,ATL,CHA,ATL,1610612737,2025,2045.0,2050.0,2047.5,1627747|1627777|1629027|1629611|1631230,203552|203994|1629610|1630163|1631111,2024-25,474,0.32727272727272727
127407,01:23,"MISS Young 27' 3PT Pullup Jump Shot
Nurkic REBOUND (Off:1 Def:4)
",0,0,1,0,2025-03-12,0022400945,0,0,CHA,3,0,11,01:36,Off Corner 3 Make,0,Nurkic REBOUND (Off:1 Def:4),,ATL,CHA,ATL,1610612737,2025,2064.0,2077.0,2070.5,1627747|1627777|1629027|1629611|1631230,203994|1628970|1629610|1630163|1631111,2024-25,487,0.19607843137254902
127406,01:23,"MISS Young 27' 3PT Pullup Jump Shot
Nurkic REBOUND (Off:1 Def:4)
",0,0,1,0,2025-03-12,0022400945,0,0,CHA,3,0,11,01:36,Off Corner 3 Make,0,MISS Young 27' 3PT Pullup Jump Shot,,ATL,CHA,ATL,1610612737,2025,2064.0,2077.0,2070.5,1627747|1627777|1629027|1629611|1631230,203994|1628970|1629610|1630163|1631111,2024-25,490,0.2711864406779661
127405,01:02,"Jeffries S.FOUL (P3.PN) (Z.Zarba)
Young Free Throw 1 of 2 (25 PTS)
Young Free Throw 2 of 2 (26 PTS)
",0,0,0,0,2025-03-12,0022400945,0,0,CHA,3,1,9,01:11,Off At Rim Make,0,Young Free Throw 2 of 2 (26 PTS),,ATL,CHA,ATL,1610612737,2025,2089.0,2098.0,2093.5,1627747|1627777|1629027|1629611|1631230,203994|1628970|1629610|1630163|1631111,2024-25,500,0.22641509433962265
127404,01:02,"Jeffries S.FOUL (P3.PN) (Z.Zarba)
Young Free Throw 1 of 2 (25 PTS)
Young Free Throw 2 of 2 (26 PTS)
",0,0,0,0,2025-03-12,0022400945,0,0,CHA,3,1,9,01:11,Off At Rim Make,0,Young Free Throw 1 of 2 (25 PTS),,ATL,CHA,ATL,1610612737,2025,2089.0,2098.0,2093.5,1627747|1627777|1629027|1629611|1631230,203994|1628970|1629610|1630163|1631111,2024-25,497,0.13953488372093023
127403,01:02,"Jeffries S.FOUL (P3.PN) (Z.Zarba)
Young Free Throw 1 of 2 (25 PTS)
Young Free Throw 2 of 2 (26 PTS)
",0,0,0,0,2025-03-12,0022400945,0,0,CHA,3,1,9,01:11,Off At Rim Make,0,Jeffries S.FOUL (P3.PN) (Z.Zarba),,ATL,CHA,ATL,1610612737,2025,2089.0,2098.0,2093.5,1627747|1627777|1629027|1629611|1631230,203994|1628970|1629610|1630163|1631111,2024-25,487,0.21428571428571427
127402,00:44,"Niang 27' 3PT Jump Shot (7 PTS) (Young 10 AST)
",0,0,1,1,2025-03-12,0022400945,0,0,CHA,3,0,11,00:53,Off Dead Ball,0,Niang 27' 3PT Jump Shot (7 PTS) (Young 10 AST),,ATL,CHA,ATL,1610612737,2025,2107.0,2116.0,2111.5,1627747|1627777|1629027|1629611|1631230,1628970|1629610|1630163|1631111|1631217,2024-25,502,0.21875
127401,00:04,"MISS Niang 3PT Jump Shot: Bridges BLOCK (1 BLK)
HAWKS Rebound
MISS Barlow 15' Turnaround Fadeaway Shot
Bridges REBOUND (Off:0 Def:9)
",1,0,1,0,2025-03-12,0022400945,0,1,CHA,3,0,11,00:28,Off Arc 3 Make,0,Bridges REBOUND (Off:0 Def:9),,ATL,CHA,ATL,1610612737,2025,2132.0,2156.0,2144.0,1627747|1627777|1629027|1629611|1631230,1628970|1629610|1630163|1631111|1631217,2024-25,534,0.34615384615384615
127400,00:04,"MISS Niang 3PT Jump Shot: Bridges BLOCK (1 BLK)
HAWKS Rebound
MISS Barlow 15' Turnaround Fadeaway Shot
Bridges REBOUND (Off:0 Def:9)
",1,0,1,0,2025-03-12,0022400945,0,1,CHA,3,0,11,00:28,Off Arc 3 Make,0,MISS Barlow 15' Turnaround Fadeaway Shot,,ATL,CHA,ATL,1610612737,2025,2132.0,2156.0,2144.0,1627747|1627777|1629027|1629611|1631230,1628970|1629610|1630163|1631111|1631217,2024-25,510,0.4050632911392405
127399,00:04,"MISS Niang 3PT Jump Shot: Bridges BLOCK (1 BLK)
HAWKS Rebound
MISS Barlow 15' Turnaround Fadeaway Shot
Bridges REBOUND (Off:0 Def:9)
",1,0,1,0,2025-03-12,0022400945,0,1,CHA,3,0,11,00:28,Off Arc 3 Make,0,HAWKS Rebound,,ATL,CHA,ATL,1610612737,2025,2132.0,2156.0,2144.0,1627747|1627777|1629027|1629611|1631230,1628970|1629610|1630163|1631111|1631217,2024-25,508,0.4
127398,00:04,"MISS Niang 3PT Jump Shot: Bridges BLOCK (1 BLK)
HAWKS Rebound
MISS Barlow 15' Turnaround Fadeaway Shot
Bridges REBOUND (Off:0 Def:9)
",1,0,1,0,2025-03-12,0022400945,0,1,CHA,3,0,11,00:28,Off Arc 3 Make,0,MISS Niang 3PT Jump Shot: Bridges BLOCK (1 BLK),,ATL,CHA,ATL,1610612737,2025,2132.0,2156.0,2144.0,1627747|1627777|1629027|1629611|1631230,1628970|1629610|1630163|1631111|1631217,2024-25,506,0.23076923076923078
127410,01:50,"Nurkic S.FOUL (P1.PN) (C.Washington)
Young Free Throw 1 of 2 (23 PTS)
Young Free Throw 2 of 2 (24 PTS)
",0,0,0,0,2025-03-12,0022400945,0,0,CHA,3,1,12,01:55,Off At Rim Miss,0,Young Free Throw 2 of 2 (24 PTS),,ATL,CHA,ATL,1610612737,2025,2045.0,2050.0,2047.5,1627747|1627777|1629027|1629611|1631230,203552|203994|1629610|1630163|1631111,2024-25,487,0.36363636363636365
127409,01:50,"Nurkic S.FOUL (P1.PN) (C.Washington)
Young Free Throw 1 of 2 (23 PTS)
Young Free Throw 2 of 2 (24 PTS)
",0,0,0,0,2025-03-12,0022400945,0,0,CHA,3,1,12,01:55,Off At Rim Miss,0,Young Free Throw 1 of 2 (23 PTS),,ATL,CHA,ATL,1610612737,2025,2045.0,2050.0,2047.5,1627747|1627777|1629027|1629611|1631230,203552|203994|1629610|1630163|1631111,2024-25,484,0.9552238805970149
127396,11:47,"MISS Young 14' Driving Floating Jump Shot
Williams REBOUND (Off:0 Def:3)
",1,0,0,0,2025-03-12,0022400945,0,0,CHA,2,0,1,12:00,Off Dead Ball,0,MISS Young 14' Driving Floating Jump Shot,,ATL,CHA,ATL,1610612737,2025,720.0,733.0,726.5,1629027|1629611|1630249|1631230|1642258,203552|1630163|1630182|1631109|1631111,2024-25,176,0.875
127394,10:53,"Barlow 6' Floating Jump Shot (4 PTS) (Young 5 AST)
",1,1,0,0,2025-03-12,0022400945,0,0,CHA,2,0,1,11:02,Off Long Mid-Range Miss,0,Barlow 6' Floating Jump Shot (4 PTS) (Young 5 AST),,ATL,CHA,ATL,1610612737,2025,778.0,787.0,782.5,1629027|1629611|1630249|1631230|1642258,203552|1630163|1630182|1631109|1631111,2024-25,182,0.275
127423,04:31,"Moore Jr. P.FOUL (P1.T4) (T.Washington)
Mann 9' Driving Floating Jump Shot (7 PTS) (Barlow 2 AST)
",1,1,0,0,2025-03-12,0022400945,0,0,CHA,3,0,11,04:43,Off Steal,0,Moore Jr. P.FOUL (P1.T4) (T.Washington),,ATL,CHA,ATL,1610612737,2025,1877.0,1889.0,1883.0,1627747|1627777|1629611|1630700|1631230,203552|203994|1630163|1630182|1631111,2024-25,443,0.38202247191011235
127417,03:11,"Ball P.FOUL (P1.PN) (Z.Zarba)
Mann Free Throw 1 of 2 (10 PTS)
MISS Mann Free Throw 2 of 2
Moore Jr. REBOUND (Off:0 Def:2)
",0,0,0,0,2025-03-12,0022400945,1,0,CHA,3,0,12,03:16,Off Arc 3 Miss,0,Mann Free Throw 1 of 2 (10 PTS),,ATL,CHA,ATL,1610612737,2025,1964.0,1969.0,1966.5,1627747|1627777|1629611|1630700|1631230,203552|203994|1630163|1630182|1631111,2024-25,456,0.18867924528301888
127393,10:27,"Mann 3PT Jump Shot (5 PTS) (Young 6 AST)
",0,0,1,1,2025-03-12,0022400945,0,0,CHA,2,0,3,10:37,Off At Rim Miss,0,Mann 3PT Jump Shot (5 PTS) (Young 6 AST),,ATL,CHA,ATL,1610612737,2025,803.0,813.0,808.0,1629027|1629611|1630249|1631230|1642258,203552|1630163|1630182|1631109|1631111,2024-25,186,0.06779661016949153
127392,09:49,"MISS Young 30' 3PT Pullup Jump Shot
Williams REBOUND (Off:0 Def:4)
",0,0,1,0,2025-03-12,0022400945,0,0,CHA,2,0,6,10:05,Off Dead Ball,0,Williams REBOUND (Off:0 Def:4),,ATL,CHA,ATL,1610612737,2025,835.0,851.0,843.0,1629027|1629611|1630249|1631230|1642258,203552|1630163|1630182|1631109|1631111,2024-25,181,0.25925925925925924
127391,09:49,"MISS Young 30' 3PT Pullup Jump Shot
Williams REBOUND (Off:0 Def:4)
",0,0,1,0,2025-03-12,0022400945,0,0,CHA,2,0,6,10:05,Off Dead Ball,0,MISS Young 30' 3PT Pullup Jump Shot,,ATL,CHA,ATL,1610612737,2025,835.0,851.0,843.0,1629027|1629611|1630249|1631230|1642258,203552|1630163|1630182|1631109|1631111,2024-25,190,0.3058823529411765
127390,09:23,"MISS Risacher 3PT Running Pull-Up Jump Shot
Hornets Rebound
",0,0,1,0,2025-03-12,0022400945,0,0,CHA,2,0,6,09:29,Off Short Mid-Range Miss,0,Hornets Rebound,,ATL,CHA,ATL,1610612737,2025,871.0,877.0,874.0,1629027|1629611|1630249|1631230|1642258,203552|1628970|1630163|1630182|1631109,2024-25,197,0.2564102564102564
127389,09:23,"MISS Risacher 3PT Running Pull-Up Jump Shot
Hornets Rebound
",0,0,1,0,2025-03-12,0022400945,0,0,CHA,2,0,6,09:29,Off Short Mid-Range Miss,0,MISS Risacher 3PT Running Pull-Up Jump Shot,,ATL,CHA,ATL,1610612737,2025,871.0,877.0,874.0,1629027|1629611|1630249|1631230|1642258,203552|1628970|1630163|1630182|1631109,2024-25,198,0.2727272727272727
127388,08:59,"Young Bad Pass Turnover (P4.T7): Ball STEAL (1 STL)
",0,0,0,0,2025-03-12,0022400945,0,0,CHA,2,0,4,09:12,Off Short Mid-Range Make,1,Young Bad Pass Turnover (P4.T7): Ball STEAL (1 STL),,ATL,CHA,ATL,1610612737,2025,888.0,901.0,894.5,1629027|1629611|1630249|1631230|1642258,203552|1628970|1630163|1630182|1631109,2024-25,205,0.6666666666666666
127386,08:37,"MISS Risacher 9' Driving Layup
Williams REBOUND (Off:0 Def:5)
",1,0,0,0,2025-03-12,0022400945,0,0,CHA,2,0,2,08:54,Off FT Make,0,MISS Risacher 9' Driving Layup,,ATL,CHA,ATL,1610612737,2025,906.0,923.0,914.5,1629611|1630168|1630249|1630700|1642258,203552|1628970|1630163|1630182|1631109,2024-25,215,0.2972972972972973
127385,08:25,"MISS Mann 2' Running Reverse Layup: Ball BLOCK (1 BLK)
Bridges REBOUND (Off:0 Def:4)
",1,0,0,0,2025-03-12,0022400945,0,0,CHA,2,0,2,08:30,Off Arc 3 Miss,0,Bridges REBOUND (Off:0 Def:4),,ATL,CHA,ATL,1610612737,2025,930.0,935.0,932.5,1629611|1630168|1630249|1630700|1642258,203552|1628970|1630163|1630182|1631109,2024-25,218,0.225
127384,08:25,"MISS Mann 2' Running Reverse Layup: Ball BLOCK (1 BLK)
Bridges REBOUND (Off:0 Def:4)
",1,0,0,0,2025-03-12,0022400945,0,0,CHA,2,0,2,08:30,Off Arc 3 Miss,0,MISS Mann 2' Running Reverse Layup: Ball BLOCK (1 BLK),,ATL,CHA,ATL,1610612737,2025,930.0,935.0,932.5,1629611|1630168|1630249|1630700|1642258,203552|1628970|1630163|1630182|1631109,2024-25,219,0.2631578947368421
127395,11:19,"Krejci Out of Bounds - Bad Pass Turnover Turnover (P1.T6)
",0,0,0,0,2025-03-12,0022400945,0,0,CHA,2,0,1,11:38,Off Dead Ball,1,Krejci Out of Bounds - Bad Pass Turnover Turnover (P1.T6),,ATL,CHA,ATL,1610612737,2025,742.0,761.0,751.5,1629027|1629611|1630249|1631230|1642258,203552|1630163|1630182|1631109|1631111,2024-25,172,0.10810810810810811
127383,08:01,"Krejci 24' 3PT Jump Shot (3 PTS) (Mann 1 AST)
",0,0,1,1,2025-03-12,0022400945,0,0,CHA,2,0,2,08:10,Off Short Mid-Range Miss,0,Krejci 24' 3PT Jump Shot (3 PTS) (Mann 1 AST),,ATL,CHA,ATL,1610612737,2025,950.0,959.0,954.5,1629611|1630168|1630249|1630700|1642258,203552|1628970|1630163|1630182|1631109,2024-25,224,0.07142857142857142
127381,07:34,"MISS Okongwu 5' Hook Shot
Bridges REBOUND (Off:0 Def:5)
",1,0,0,0,2025-03-12,0022400945,0,0,CHA,2,0,5,07:44,Off Dead Ball,0,MISS Okongwu 5' Hook Shot,,ATL,CHA,ATL,1610612737,2025,976.0,986.0,981.0,1629611|1630168|1630249|1630700|1642258,1628970|1629610|1630182|1630585|1631109,2024-25,233,0.24390243902439024
127380,07:14,"MISS Mann 25' 3PT Step Back Jump Shot
Williams REBOUND (Off:0 Def:6)
",0,0,1,0,2025-03-12,0022400945,0,0,CHA,2,0,3,07:26,Off Short Mid-Range Make,0,Williams REBOUND (Off:0 Def:6),,ATL,CHA,ATL,1610612737,2025,994.0,1006.0,1000.0,1629611|1630168|1630249|1630700|1642258,1628970|1629610|1630182|1630585|1631109,2024-25,215,0.32432432432432434
127379,07:14,"MISS Mann 25' 3PT Step Back Jump Shot
Williams REBOUND (Off:0 Def:6)
",0,0,1,0,2025-03-12,0022400945,0,0,CHA,2,0,3,07:26,Off Short Mid-Range Make,0,MISS Mann 25' 3PT Step Back Jump Shot,,ATL,CHA,ATL,1610612737,2025,994.0,1006.0,1000.0,1629611|1630168|1630249|1630700|1642258,1628970|1629610|1630182|1630585|1631109,2024-25,237,0.7761194029850746
127378,06:46,"MISS Daniels 9' Driving Floating Jump Shot
Daniels REBOUND (Off:1 Def:1)
MISS Daniels 4' Tip Layup Shot
Williams REBOUND (Off:0 Def:7)
",2,0,0,0,2025-03-12,0022400945,0,1,CHA,2,0,0,07:00,Off Arc 3 Make,0,Williams REBOUND (Off:0 Def:7),,ATL,CHA,ATL,1610612737,2025,1020.0,1034.0,1027.0,1629611|1630168|1630249|1630700|1642258,1628970|1629610|1630182|1630585|1631109,2024-25,295,0.7419354838709677
127377,06:46,"MISS Daniels 9' Driving Floating Jump Shot
Daniels REBOUND (Off:1 Def:1)
MISS Daniels 4' Tip Layup Shot
Williams REBOUND (Off:0 Def:7)
",2,0,0,0,2025-03-12,0022400945,0,1,CHA,2,0,0,07:00,Off Arc 3 Make,0,MISS Daniels 4' Tip Layup Shot,,ATL,CHA,ATL,1610612737,2025,1020.0,1034.0,1027.0,1629611|1630168|1630249|1630700|1642258,1628970|1629610|1630182|1630585|1631109,2024-25,241,0.8
127376,06:46,"MISS Daniels 9' Driving Floating Jump Shot
Daniels REBOUND (Off:1 Def:1)
MISS Daniels 4' Tip Layup Shot
Williams REBOUND (Off:0 Def:7)
",2,0,0,0,2025-03-12,0022400945,0,1,CHA,2,0,0,07:00,Off Arc 3 Make,0,Daniels REBOUND (Off:1 Def:1),,ATL,CHA,ATL,1610612737,2025,1020.0,1034.0,1027.0,1629611|1630168|1630249|1630700|1642258,1628970|1629610|1630182|1630585|1631109,2024-25,295,0.9508196721311475
127375,06:46,"MISS Daniels 9' Driving Floating Jump Shot
Daniels REBOUND (Off:1 Def:1)
MISS Daniels 4' Tip Layup Shot
Williams REBOUND (Off:0 Def:7)
",2,0,0,0,2025-03-12,0022400945,0,1,CHA,2,0,0,07:00,Off Arc 3 Make,0,MISS Daniels 9' Driving Floating Jump Shot,,ATL,CHA,ATL,1610612737,2025,1020.0,1034.0,1027.0,1629611|1630168|1630249|1630700|1642258,1628970|1629610|1630182|1630585|1631109,2024-25,294,0.8780487804878049
127374,06:19,"MISS Okongwu 4' Cutting Layup Shot: Williams BLOCK (1 BLK)
Okongwu REBOUND (Off:1 Def:1)
MISS Okongwu 3' Putback Layup
Okongwu REBOUND (Off:2 Def:1)
MISS Okongwu 3' Putback Layup
Bridges REBOUND (Off:0 Def:6)
",3,0,0,0,2025-03-12,0022400945,0,2,CHA,2,0,0,06:35,Off Dead Ball,0,Bridges REBOUND (Off:0 Def:6),,ATL,CHA,ATL,1610612737,2025,1045.0,1061.0,1053.0,1627747|1630168|1630249|1630700|1642258,1628970|1629610|1630585|1631109|1641733,2024-25,249,0.7213114754098361
127373,06:19,"MISS Okongwu 4' Cutting Layup Shot: Williams BLOCK (1 BLK)
Okongwu REBOUND (Off:1 Def:1)
MISS Okongwu 3' Putback Layup
Okongwu REBOUND (Off:2 Def:1)
MISS Okongwu 3' Putback Layup
Bridges REBOUND (Off:0 Def:6)
",3,0,0,0,2025-03-12,0022400945,0,2,CHA,2,0,0,06:35,Off Dead Ball,0,Okongwu REBOUND (Off:2 Def:1),,ATL,CHA,ATL,1610612737,2025,1045.0,1061.0,1053.0,1627747|1630168|1630249|1630700|1642258,1628970|1629610|1630585|1631109|1641733,2024-25,249,0.8852459016393442
127372,06:19,"MISS Okongwu 4' Cutting Layup Shot: Williams BLOCK (1 BLK)
Okongwu REBOUND (Off:1 Def:1)
MISS Okongwu 3' Putback Layup
Okongwu REBOUND (Off:2 Def:1)
MISS Okongwu 3' Putback Layup
Bridges REBOUND (Off:0 Def:6)
",3,0,0,0,2025-03-12,0022400945,0,2,CHA,2,0,0,06:35,Off Dead Ball,0,MISS Okongwu 3' Putback Layup,,ATL,CHA,ATL,1610612737,2025,1045.0,1061.0,1053.0,1627747|1630168|1630249|1630700|1642258,1628970|1629610|1630585|1631109|1641733,2024-25,250,0.3225806451612903
127371,06:19,"MISS Okongwu 4' Cutting Layup Shot: Williams BLOCK (1 BLK)
Okongwu REBOUND (Off:1 Def:1)
MISS Okongwu 3' Putback Layup
Okongwu REBOUND (Off:2 Def:1)
MISS Okongwu 3' Putback Layup
Bridges REBOUND (Off:0 Def:6)
",3,0,0,0,2025-03-12,0022400945,0,2,CHA,2,0,0,06:35,Off Dead Ball,0,Okongwu REBOUND (Off:1 Def:1),,ATL,CHA,ATL,1610612737,2025,1045.0,1061.0,1053.0,1627747|1630168|1630249|1630700|1642258,1628970|1629610|1630585|1631109|1641733,2024-25,249,0.8852459016393442
127382,07:34,"MISS Okongwu 5' Hook Shot
Bridges REBOUND (Off:0 Def:5)
",1,0,0,0,2025-03-12,0022400945,0,0,CHA,2,0,5,07:44,Off Dead Ball,0,Bridges REBOUND (Off:0 Def:5),,ATL,CHA,ATL,1610612737,2025,976.0,986.0,981.0,1629611|1630168|1630249|1630700|1642258,1628970|1629610|1630182|1630585|1631109,2024-25,212,0.2978723404255319
127369,05:52,"Krejci 27' 3PT Jump Shot (6 PTS) (Daniels 2 AST)
",0,0,1,1,2025-03-12,0022400945,0,0,CHA,2,0,0,06:05,Off Short Mid-Range Miss,0,Krejci 27' 3PT Jump Shot (6 PTS) (Daniels 2 AST),,ATL,CHA,ATL,1610612737,2025,1075.0,1088.0,1081.5,1627747|1630168|1630249|1630700|1642258,1628970|1629610|1630585|1631109|1641733,2024-25,256,0.18461538461538463
127387,08:37,"MISS Risacher 9' Driving Layup
Williams REBOUND (Off:0 Def:5)
",1,0,0,0,2025-03-12,0022400945,0,0,CHA,2,0,2,08:54,Off FT Make,0,Williams REBOUND (Off:0 Def:5),,ATL,CHA,ATL,1610612737,2025,906.0,923.0,914.5,1629611|1630168|1630249|1630700|1642258,203552|1628970|1630163|1630182|1631109,2024-25,227,0.21739130434782608
127346,11:25,"MISS Risacher 28' 3PT Jump Shot
Young REBOUND (Off:1 Def:0)
Young 14' Driving Floating Jump Shot (2 PTS)
",1,1,1,0,2025-03-12,0022400945,0,1,CHA,1,0,-2,11:43,Off Short Mid-Range Make,0,MISS Risacher 28' 3PT Jump Shot,,ATL,CHA,ATL,1610612737,2025,17.0,35.0,26.0,1629027|1630168|1630700|1631243|1642258,1628970|1629610|1630163|1630182|1631109,2024-25,8,0.32727272727272727
127366,04:57,"MISS Daniels 28' 3PT Jump Shot
Bridges REBOUND (Off:0 Def:7)
",0,0,1,0,2025-03-12,0022400945,0,0,CHA,2,0,3,05:08,Off Short Mid-Range Miss,0,Bridges REBOUND (Off:0 Def:7),,ATL,CHA,ATL,1610612737,2025,1132.0,1143.0,1137.5,1627747|1630168|1630249|1630700|1642258,1628970|1629610|1630585|1631109|1641733,2024-25,244,0.08163265306122448
127365,04:57,"MISS Daniels 28' 3PT Jump Shot
Bridges REBOUND (Off:0 Def:7)
",0,0,1,0,2025-03-12,0022400945,0,0,CHA,2,0,3,05:08,Off Short Mid-Range Miss,0,MISS Daniels 28' 3PT Jump Shot,,ATL,CHA,ATL,1610612737,2025,1132.0,1143.0,1137.5,1627747|1630168|1630249|1630700|1642258,1628970|1629610|1630585|1631109|1641733,2024-25,264,0.21176470588235294
127364,04:32,"Risacher 5' Running Dunk (5 PTS)
",1,1,0,0,2025-03-12,0022400945,0,0,CHA,2,0,3,04:37,Off Long Mid-Range Miss,0,Risacher 5' Running Dunk (5 PTS),,ATL,CHA,ATL,1610612737,2025,1163.0,1168.0,1165.5,1627747|1630168|1630249|1630700|1642258,1628970|1629610|1630585|1631109|1641733,2024-25,268,0.25
127363,03:52,"Daniels 9' Driving Floating Jump Shot (6 PTS)
",1,1,0,0,2025-03-12,0022400945,0,0,CHA,2,0,5,04:10,Off Dead Ball,0,Daniels 9' Driving Floating Jump Shot (6 PTS),,ATL,CHA,ATL,1610612737,2025,1190.0,1208.0,1199.0,1627747|1627777|1630168|1630249|1630700,1628970|1629610|1630585|1631109|1641733,2024-25,272,0.967741935483871
127362,03:21,"Niang 7' Driving Hook Shot (4 PTS) (LeVert 1 AST)
",1,1,0,0,2025-03-12,0022400945,0,0,CHA,2,0,5,03:39,Off Timeout,0,Niang 7' Driving Hook Shot (4 PTS) (LeVert 1 AST),,ATL,CHA,ATL,1610612737,2025,1221.0,1239.0,1230.0,1627747|1627777|1629027|1630168|1630700,1628970|1629610|1630585|1631217|1641733,2024-25,281,0.5
127361,02:44,"MISS Niang 26' 3PT Jump Shot
Diabaté REBOUND (Off:0 Def:1)
",0,0,1,0,2025-03-12,0022400945,0,0,CHA,2,0,4,03:01,Off Arc 3 Make,0,Diabaté REBOUND (Off:0 Def:1),,ATL,CHA,ATL,1610612737,2025,1259.0,1276.0,1267.5,1627747|1627777|1629027|1630168|1630700,1628970|1629610|1630585|1631217|1641733,2024-25,278,0.7213114754098361
127360,02:44,"MISS Niang 26' 3PT Jump Shot
Diabaté REBOUND (Off:0 Def:1)
",0,0,1,0,2025-03-12,0022400945,0,0,CHA,2,0,4,03:01,Off Arc 3 Make,0,MISS Niang 26' 3PT Jump Shot,,ATL,CHA,ATL,1610612737,2025,1259.0,1276.0,1267.5,1627747|1627777|1629027|1630168|1630700,1628970|1629610|1630585|1631217|1641733,2024-25,285,0.3157894736842105
127359,01:56,"Diabaté P.FOUL (P1.T1) (Z.Zarba)
MISS LeVert 28' 3PT Jump Shot
Bridges REBOUND (Off:0 Def:8)
",0,0,1,0,2025-03-12,0022400945,0,0,CHA,2,0,4,02:18,Off Timeout,0,Bridges REBOUND (Off:0 Def:8),,ATL,CHA,ATL,1610612737,2025,1302.0,1324.0,1313.0,1627747|1627777|1629027|1630168|1630700,1628970|1629610|1630163|1630182|1631217,2024-25,284,0.6885245901639344
127368,05:29,"MISS Risacher 24' 3PT Jump Shot
Smith Jr. REBOUND (Off:0 Def:2)
",0,0,1,0,2025-03-12,0022400945,0,0,CHA,2,0,3,05:43,Off Steal,0,Smith Jr. REBOUND (Off:0 Def:2),,ATL,CHA,ATL,1610612737,2025,1097.0,1111.0,1104.0,1627747|1630168|1630249|1630700|1642258,1628970|1629610|1630585|1631109|1641733,2024-25,239,0.23880597014925373
127357,01:56,"Diabaté P.FOUL (P1.T1) (Z.Zarba)
MISS LeVert 28' 3PT Jump Shot
Bridges REBOUND (Off:0 Def:8)
",0,0,1,0,2025-03-12,0022400945,0,0,CHA,2,0,4,02:18,Off Timeout,0,Diabaté P.FOUL (P1.T1) (Z.Zarba),,ATL,CHA,ATL,1610612737,2025,1302.0,1324.0,1313.0,1627747|1627777|1629027|1630168|1630700,1628970|1629610|1630163|1630182|1631217,2024-25,284,0.21875
127356,01:30,"Green S.FOUL (P2.T2) (Z.Zarba)
Young Free Throw 1 of 3 (7 PTS)
Young Free Throw 2 of 3 (8 PTS)
Young Free Throw 3 of 3 (9 PTS)
",0,0,0,0,2025-03-12,0022400945,0,0,CHA,2,1,3,01:48,Off FT Miss,0,Young Free Throw 3 of 3 (9 PTS),,ATL,CHA,ATL,1610612737,2025,1332.0,1350.0,1341.0,1627747|1627777|1629027|1630168|1630700,1628970|1629610|1630163|1630182|1631217,2024-25,312,0.46153846153846156
127342,10:14,"MISS Okongwu 27' 3PT Jump Shot
Bridges REBOUND (Off:0 Def:1)
",0,0,1,0,2025-03-12,0022400945,0,0,CHA,1,0,0,10:28,Off Corner 3 Make,0,Bridges REBOUND (Off:0 Def:1),,ATL,CHA,ATL,1610612737,2025,92.0,106.0,99.0,1629027|1630168|1630700|1631243|1642258,1628970|1629610|1630163|1630182|1631109,2024-25,24,0.819672131147541
127341,10:14,"MISS Okongwu 27' 3PT Jump Shot
Bridges REBOUND (Off:0 Def:1)
",0,0,1,0,2025-03-12,0022400945,0,0,CHA,1,0,0,10:28,Off Corner 3 Make,0,MISS Okongwu 27' 3PT Jump Shot,,ATL,CHA,ATL,1610612737,2025,92.0,106.0,99.0,1629027|1630168|1630700|1631243|1642258,1628970|1629610|1630163|1630182|1631109,2024-25,21,0.1935483870967742
127353,01:30,"Green S.FOUL (P2.T2) (Z.Zarba)
Young Free Throw 1 of 3 (7 PTS)
Young Free Throw 2 of 3 (8 PTS)
Young Free Throw 3 of 3 (9 PTS)
",0,0,0,0,2025-03-12,0022400945,0,0,CHA,2,1,3,01:48,Off FT Miss,0,Green S.FOUL (P2.T2) (Z.Zarba),,ATL,CHA,ATL,1610612737,2025,1332.0,1350.0,1341.0,1627747|1627777|1629027|1630168|1630700,1628970|1629610|1630163|1630182|1631217,2024-25,309,0.34375
127352,00:52,"MISS Daniels 9' Driving Layup
Niang REBOUND (Off:1 Def:2)
Niang Traveling Turnover (P1.T8)
",1,0,0,0,2025-03-12,0022400945,0,1,CHA,2,0,4,01:11,Off Short Mid-Range Make,1,Niang Traveling Turnover (P1.T8),,ATL,CHA,ATL,1610612737,2025,1369.0,1388.0,1378.5,1627747|1627777|1629027|1630168|1630700,1628970|1629610|1630163|1630182|1631217,2024-25,317,0.25396825396825395
127351,00:52,"MISS Daniels 9' Driving Layup
Niang REBOUND (Off:1 Def:2)
Niang Traveling Turnover (P1.T8)
",1,0,0,0,2025-03-12,0022400945,0,1,CHA,2,0,4,01:11,Off Short Mid-Range Make,1,Niang REBOUND (Off:1 Def:2),,ATL,CHA,ATL,1610612737,2025,1369.0,1388.0,1378.5,1627747|1627777|1629027|1630168|1630700,1628970|1629610|1630163|1630182|1631217,2024-25,316,0.20833333333333334
127350,00:52,"MISS Daniels 9' Driving Layup
Niang REBOUND (Off:1 Def:2)
Niang Traveling Turnover (P1.T8)
",1,0,0,0,2025-03-12,0022400945,0,1,CHA,2,0,4,01:11,Off Short Mid-Range Make,1,MISS Daniels 9' Driving Layup,,ATL,CHA,ATL,1610612737,2025,1369.0,1388.0,1378.5,1627747|1627777|1629027|1630168|1630700,1628970|1629610|1630163|1630182|1631217,2024-25,315,0.2545454545454545
127349,00:10,"Okongwu 3' Cutting Layup Shot (5 PTS) (Niang 3 AST)
",1,1,0,0,2025-03-12,0022400945,0,0,CHA,2,0,1,00:28,Off Corner 3 Make,0,Okongwu 3' Cutting Layup Shot (5 PTS) (Niang 3 AST),,ATL,CHA,ATL,1610612737,2025,1412.0,1430.0,1421.0,1627747|1627777|1629027|1630168|1630700,1628970|1629610|1630163|1630182|1631217,2024-25,322,0.2777777777777778
127348,11:25,"MISS Risacher 28' 3PT Jump Shot
Young REBOUND (Off:1 Def:0)
Young 14' Driving Floating Jump Shot (2 PTS)
",1,1,1,0,2025-03-12,0022400945,0,1,CHA,1,0,-2,11:43,Off Short Mid-Range Make,0,Young 14' Driving Floating Jump Shot (2 PTS),,ATL,CHA,ATL,1610612737,2025,17.0,35.0,26.0,1629027|1630168|1630700|1631243|1642258,1628970|1629610|1630163|1630182|1631109,2024-25,10,0.967032967032967
127347,11:25,"MISS Risacher 28' 3PT Jump Shot
Young REBOUND (Off:1 Def:0)
Young 14' Driving Floating Jump Shot (2 PTS)
",1,1,1,0,2025-03-12,0022400945,0,1,CHA,1,0,-2,11:43,Off Short Mid-Range Make,0,Young REBOUND (Off:1 Def:0),,ATL,CHA,ATL,1610612737,2025,17.0,35.0,26.0,1629027|1630168|1630700|1631243|1642258,1628970|1629610|1630163|1630182|1631109,2024-25,9,0.9473684210526315
127345,10:51,"Okongwu 3PT Jump Shot (3 PTS) (Young 1 AST)
",0,0,1,1,2025-03-12,0022400945,0,0,CHA,1,0,0,11:07,Off Short Mid-Range Miss,0,Okongwu 3PT Jump Shot (3 PTS) (Young 1 AST),,ATL,CHA,ATL,1610612737,2025,53.0,69.0,61.0,1629027|1630168|1630700|1631243|1642258,1628970|1629610|1630163|1630182|1631109,2024-25,13,0.07894736842105263
127344,10:36,"MISS Young 14' Driving Floating Jump Shot
Williams REBOUND (Off:0 Def:1)
",1,0,0,0,2025-03-12,0022400945,0,0,CHA,1,0,3,10:41,Off Steal,0,Williams REBOUND (Off:0 Def:1),,ATL,CHA,ATL,1610612737,2025,79.0,84.0,81.5,1629027|1630168|1630700|1631243|1642258,1628970|1629610|1630163|1630182|1631109,2024-25,18,0.2857142857142857
127343,10:36,"MISS Young 14' Driving Floating Jump Shot
Williams REBOUND (Off:0 Def:1)
",1,0,0,0,2025-03-12,0022400945,0,0,CHA,1,0,3,10:41,Off Steal,0,MISS Young 14' Driving Floating Jump Shot,,ATL,CHA,ATL,1610612737,2025,79.0,84.0,81.5,1629027|1630168|1630700|1631243|1642258,1628970|1629610|1630163|1630182|1631109,2024-25,17,0.32558139534883723
127354,01:30,"Green S.FOUL (P2.T2) (Z.Zarba)
Young Free Throw 1 of 3 (7 PTS)
Young Free Throw 2 of 3 (8 PTS)
Young Free Throw 3 of 3 (9 PTS)
",0,0,0,0,2025-03-12,0022400945,0,0,CHA,2,1,3,01:48,Off FT Miss,0,Young Free Throw 1 of 3 (7 PTS),,ATL,CHA,ATL,1610612737,2025,1332.0,1350.0,1341.0,1627747|1627777|1629027|1630168|1630700,1628970|1629610|1630163|1630182|1631217,2024-25,309,0.8615384615384616
127355,01:30,"Green S.FOUL (P2.T2) (Z.Zarba)
Young Free Throw 1 of 3 (7 PTS)
Young Free Throw 2 of 3 (8 PTS)
Young Free Throw 3 of 3 (9 PTS)
",0,0,0,0,2025-03-12,0022400945,0,0,CHA,2,1,3,01:48,Off FT Miss,0,Young Free Throw 2 of 3 (8 PTS),,ATL,CHA,ATL,1610612737,2025,1332.0,1350.0,1341.0,1627747|1627777|1629027|1630168|1630700,1628970|1629610|1630163|1630182|1631217,2024-25,311,0.2903225806451613
127340,09:54,"MISS Young 10' Driving Floating Jump Shot
Williams REBOUND (Off:0 Def:2)
",1,0,0,0,2025-03-12,0022400945,0,0,CHA,1,0,-2,10:06,Off FT Make,0,Williams REBOUND (Off:0 Def:2),,ATL,CHA,ATL,1610612737,2025,114.0,126.0,120.0,1629027|1630168|1630700|1631243|1642258,1628970|1629610|1630163|1630182|1631109,2024-25,27,0.2727272727272727
127358,01:56,"Diabaté P.FOUL (P1.T1) (Z.Zarba)
MISS LeVert 28' 3PT Jump Shot
Bridges REBOUND (Off:0 Def:8)
",0,0,1,0,2025-03-12,0022400945,0,0,CHA,2,0,4,02:18,Off Timeout,0,MISS LeVert 28' 3PT Jump Shot,,ATL,CHA,ATL,1610612737,2025,1302.0,1324.0,1313.0,1627747|1627777|1629027|1630168|1630700,1628970|1629610|1630163|1630182|1631217,2024-25,300,0.13333333333333333
127326,05:22,"LeVert 25' 3PT Pullup Jump Shot (3 PTS)
Green S.FOUL (P1.T1) (C.Washington)
LeVert Free Throw 1 of 1 (4 PTS)
",0,0,1,1,2025-03-12,0022400945,0,0,CHA,1,1,-5,05:34,Off Dead Ball,0,Green S.FOUL (P1.T1) (C.Washington),,ATL,CHA,ATL,1610612737,2025,386.0,398.0,392.0,1627747|1627777|1629611|1630700|1631230,203994|1628970|1629610|1630182|1630585,2024-25,81,0.2692307692307692
127338,09:38,"Risacher Step Out of Bounds Turnover (P1.T1)
",0,0,0,0,2025-03-12,0022400945,0,0,CHA,1,0,-2,09:43,Off Steal,1,Risacher Step Out of Bounds Turnover (P1.T1),,ATL,CHA,ATL,1610612737,2025,137.0,142.0,139.5,1629027|1630168|1630700|1631243|1642258,1628970|1629610|1630163|1630182|1631109,2024-25,31,0.12631578947368421
127337,09:02,"Young Bad Pass Turnover (P1.T2): Williams STEAL (1 STL)
",0,0,0,0,2025-03-12,0022400945,0,0,CHA,1,0,-4,09:15,Off Short Mid-Range Make,1,Young Bad Pass Turnover (P1.T2): Williams STEAL (1 STL),,ATL,CHA,ATL,1610612737,2025,165.0,178.0,171.5,1629027|1630168|1630700|1631243|1642258,1628970|1629610|1630163|1630182|1631109,2024-25,34,0.2764227642276423
127336,08:53,"Daniels 8' Driving Floating Jump Shot (2 PTS) (Young 2 AST)
",1,1,0,0,2025-03-12,0022400945,0,0,CHA,1,0,-4,09:00,Off Block,0,Daniels 8' Driving Floating Jump Shot (2 PTS) (Young 2 AST),,ATL,CHA,ATL,1610612737,2025,180.0,187.0,183.5,1629027|1630168|1630700|1631243|1642258,1628970|1629610|1630163|1630182|1631109,2024-25,39,0.24761904761904763
127422,04:00,"Mann 3' Running Layup (9 PTS)
",1,1,0,0,2025-03-12,0022400945,0,0,CHA,3,0,13,04:07,Off Arc 3 Miss,0,Mann 3' Running Layup (9 PTS),,ATL,CHA,ATL,1610612737,2025,1913.0,1920.0,1916.5,1627747|1627777|1629611|1630700|1631230,203552|203994|1630163|1630182|1631111,2024-25,448,0.4057971014492754
127334,07:48,"MISS Young 28' 3PT Pullup Jump Shot
Green REBOUND (Off:1 Def:1)
",0,0,1,0,2025-03-12,0022400945,0,0,CHA,1,0,-4,08:00,Off At Rim Make,0,Green REBOUND (Off:1 Def:1),,ATL,CHA,ATL,1610612737,2025,240.0,252.0,246.0,1629027|1630168|1630700|1631243|1642258,1628970|1629610|1630163|1630182|1631109,2024-25,52,0.11538461538461539
127333,07:48,"MISS Young 28' 3PT Pullup Jump Shot
Green REBOUND (Off:1 Def:1)
",0,0,1,0,2025-03-12,0022400945,0,0,CHA,1,0,-4,08:00,Off At Rim Make,0,MISS Young 28' 3PT Pullup Jump Shot,,ATL,CHA,ATL,1610612737,2025,240.0,252.0,246.0,1629027|1630168|1630700|1631243|1642258,1628970|1629610|1630163|1630182|1631109,2024-25,53,0.24615384615384617
127332,07:14,"Daniels 11' Driving Floating Jump Shot (4 PTS) (Gueye 1 AST)
",1,1,0,0,2025-03-12,0022400945,0,0,CHA,1,0,-6,07:37,Off Timeout,0,Daniels 11' Driving Floating Jump Shot (4 PTS) (Gueye 1 AST),,ATL,CHA,ATL,1610612737,2025,263.0,286.0,274.5,1629027|1630168|1630700|1631243|1642258,1628970|1629610|1630163|1630182|1631109,2024-25,60,0.7454545454545455
127331,06:36,"Daniels Bad Pass Turnover (P1.T3): Bridges STEAL (1 STL)
",0,0,0,0,2025-03-12,0022400945,0,0,CHA,1,0,-6,06:55,Off Short Mid-Range Make,1,Daniels Bad Pass Turnover (P1.T3): Bridges STEAL (1 STL),,ATL,CHA,ATL,1610612737,2025,305.0,324.0,314.5,1629027|1630168|1630700|1631243|1642258,1628970|1629610|1630163|1630182|1631109,2024-25,60,0.2641509433962264
127330,06:17,"Risacher 3PT Jump Shot (3 PTS) (Daniels 1 AST)
",0,0,1,1,2025-03-12,0022400945,0,0,CHA,1,0,-6,06:28,Off Short Mid-Range Miss,0,Risacher 3PT Jump Shot (3 PTS) (Daniels 1 AST),,ATL,CHA,ATL,1610612737,2025,332.0,343.0,337.5,1629027|1630168|1630700|1631243|1642258,1628970|1629610|1630163|1630182|1631109,2024-25,73,0.09523809523809523
127329,05:52,"MISS Daniels 9' Driving Floating Jump Shot
Nurkic REBOUND (Off:0 Def:1)
",1,0,0,0,2025-03-12,0022400945,0,0,CHA,1,0,-5,06:07,Off Short Mid-Range Make,0,Nurkic REBOUND (Off:0 Def:1),,ATL,CHA,ATL,1610612737,2025,353.0,368.0,360.5,1627747|1627777|1630168|1630700|1642258,203994|1628970|1629610|1630182|1630585,2024-25,80,0.2222222222222222
127328,05:52,"MISS Daniels 9' Driving Floating Jump Shot
Nurkic REBOUND (Off:0 Def:1)
",1,0,0,0,2025-03-12,0022400945,0,0,CHA,1,0,-5,06:07,Off Short Mid-Range Make,0,MISS Daniels 9' Driving Floating Jump Shot,,ATL,CHA,ATL,1610612737,2025,353.0,368.0,360.5,1627747|1627777|1630168|1630700|1642258,203994|1628970|1629610|1630182|1630585,2024-25,76,0.1388888888888889
127339,09:54,"MISS Young 10' Driving Floating Jump Shot
Williams REBOUND (Off:0 Def:2)
",1,0,0,0,2025-03-12,0022400945,0,0,CHA,1,0,-2,10:06,Off FT Make,0,MISS Young 10' Driving Floating Jump Shot,,ATL,CHA,ATL,1610612737,2025,114.0,126.0,120.0,1629027|1630168|1630700|1631243|1642258,1628970|1629610|1630163|1630182|1631109,2024-25,27,0.2597402597402597
127335,08:22,"Gueye 11' Driving Floating Jump Shot (2 PTS) (Young 3 AST)
",1,1,0,0,2025-03-12,0022400945,0,0,CHA,1,0,-4,08:36,Off At Rim Make,0,Gueye 11' Driving Floating Jump Shot (2 PTS) (Young 3 AST),,ATL,CHA,ATL,1610612737,2025,204.0,218.0,211.0,1629027|1630168|1630700|1631243|1642258,1628970|1629610|1630163|1630182|1631109,2024-25,49,0.2391304347826087
127325,05:22,"LeVert 25' 3PT Pullup Jump Shot (3 PTS)
Green S.FOUL (P1.T1) (C.Washington)
LeVert Free Throw 1 of 1 (4 PTS)
",0,0,1,1,2025-03-12,0022400945,0,0,CHA,1,1,-5,05:34,Off Dead Ball,0,LeVert 25' 3PT Pullup Jump Shot (3 PTS),,ATL,CHA,ATL,1610612737,2025,386.0,398.0,392.0,1627747|1627777|1629611|1630700|1631230,203994|1628970|1629610|1630182|1630585,2024-25,83,0.21428571428571427
127327,05:22,"LeVert 25' 3PT Pullup Jump Shot (3 PTS)
Green S.FOUL (P1.T1) (C.Washington)
LeVert Free Throw 1 of 1 (4 PTS)
",0,0,1,1,2025-03-12,0022400945,0,0,CHA,1,1,-5,05:34,Off Dead Ball,0,LeVert Free Throw 1 of 1 (4 PTS),,ATL,CHA,ATL,1610612737,2025,386.0,398.0,392.0,1627747|1627777|1629611|1630700|1631230,203994|1628970|1629610|1630182|1630585,2024-25,86,0.9552238805970149
127315,03:28,"MISS Mann 3PT Jump Shot
Bridges REBOUND (Off:0 Def:3)
",0,0,1,0,2025-03-12,0022400945,0,0,CHA,1,0,-2,03:53,Off Arc 3 Make,0,MISS Mann 3PT Jump Shot,,ATL,CHA,ATL,1610612737,2025,487.0,512.0,499.5,1627747|1627777|1629611|1630700|1631230,203994|1628970|1629610|1630585|1641733,2024-25,107,0.38596491228070173
127316,03:28,"MISS Mann 3PT Jump Shot
Bridges REBOUND (Off:0 Def:3)
",0,0,1,0,2025-03-12,0022400945,0,0,CHA,1,0,-2,03:53,Off Arc 3 Make,0,Bridges REBOUND (Off:0 Def:3),,ATL,CHA,ATL,1610612737,2025,487.0,512.0,499.5,1627747|1627777|1629611|1630700|1631230,203994|1628970|1629610|1630585|1641733,2024-25,114,0.6666666666666666
127318,04:06,"MISS LeVert 26' 3PT Running Pull-Up Jump Shot
Bridges REBOUND (Off:0 Def:2)
",0,0,1,0,2025-03-12,0022400945,0,0,CHA,1,0,1,04:12,Off Steal,0,Bridges REBOUND (Off:0 Def:2),,ATL,CHA,ATL,1610612737,2025,468.0,474.0,471.0,1627747|1627777|1629611|1630700|1631230,203994|1628970|1629610|1630585|1641733,2024-25,106,0.7333333333333333
127319,04:23,"Jeffries P.FOUL (P1.T2) (T.Washington)
Garrett S.FOUL (P1.T3) (Z.Zarba)
Niang Free Throw 1 of 2 (1 PTS)
Niang Free Throw 2 of 2 (2 PTS)
",0,0,0,0,2025-03-12,0022400945,0,0,CHA,1,1,-1,04:46,Off Block,0,Jeffries P.FOUL (P1.T2) (T.Washington),,ATL,CHA,ATL,1610612737,2025,434.0,457.0,445.5,1627747|1627777|1629611|1630700|1631230,203994|1628970|1629610|1630585|1641733,2024-25,92,0.2222222222222222
127317,04:06,"MISS LeVert 26' 3PT Running Pull-Up Jump Shot
Bridges REBOUND (Off:0 Def:2)
",0,0,1,0,2025-03-12,0022400945,0,0,CHA,1,0,1,04:12,Off Steal,0,MISS LeVert 26' 3PT Running Pull-Up Jump Shot,,ATL,CHA,ATL,1610612737,2025,468.0,474.0,471.0,1627747|1627777|1629611|1630700|1631230,203994|1628970|1629610|1630585|1641733,2024-25,105,0.5
127321,04:23,"Jeffries P.FOUL (P1.T2) (T.Washington)
Garrett S.FOUL (P1.T3) (Z.Zarba)
Niang Free Throw 1 of 2 (1 PTS)
Niang Free Throw 2 of 2 (2 PTS)
",0,0,0,0,2025-03-12,0022400945,0,0,CHA,1,1,-1,04:46,Off Block,0,Niang Free Throw 1 of 2 (1 PTS),,ATL,CHA,ATL,1610612737,2025,434.0,457.0,445.5,1627747|1627777|1629611|1630700|1631230,203994|1628970|1629610|1630585|1641733,2024-25,101,0.40625
127322,04:23,"Jeffries P.FOUL (P1.T2) (T.Washington)
Garrett S.FOUL (P1.T3) (Z.Zarba)
Niang Free Throw 1 of 2 (1 PTS)
Niang Free Throw 2 of 2 (2 PTS)
",0,0,0,0,2025-03-12,0022400945,0,0,CHA,1,1,-1,04:46,Off Block,0,Niang Free Throw 2 of 2 (2 PTS),,ATL,CHA,ATL,1610612737,2025,434.0,457.0,445.5,1627747|1627777|1629611|1630700|1631230,203994|1628970|1629610|1630585|1641733,2024-25,102,0.19607843137254902
127323,05:00,"MISS Daniels 15' Driving Floating Jump Shot
Smith Jr. REBOUND (Off:0 Def:1)
",1,0,0,0,2025-03-12,0022400945,0,0,CHA,1,0,-1,05:09,Off Dead Ball,0,MISS Daniels 15' Driving Floating Jump Shot,,ATL,CHA,ATL,1610612737,2025,411.0,420.0,415.5,1627747|1627777|1629611|1630700|1631230,203994|1628970|1629610|1630585|1641733,2024-25,90,0.10666666666666667
127324,05:00,"MISS Daniels 15' Driving Floating Jump Shot
Smith Jr. REBOUND (Off:0 Def:1)
",1,0,0,0,2025-03-12,0022400945,0,0,CHA,1,0,-1,05:09,Off Dead Ball,0,Smith Jr. REBOUND (Off:0 Def:1),,ATL,CHA,ATL,1610612737,2025,411.0,420.0,415.5,1627747|1627777|1629611|1630700|1631230,203994|1628970|1629610|1630585|1641733,2024-25,88,0.7868852459016393
127320,04:23,"Jeffries P.FOUL (P1.T2) (T.Washington)
Garrett S.FOUL (P1.T3) (Z.Zarba)
Niang Free Throw 1 of 2 (1 PTS)
Niang Free Throw 2 of 2 (2 PTS)
",0,0,0,0,2025-03-12,0022400945,0,0,CHA,1,1,-1,04:46,Off Block,0,Garrett S.FOUL (P1.T3) (Z.Zarba),,ATL,CHA,ATL,1610612737,2025,434.0,457.0,445.5,1627747|1627777|1629611|1630700|1631230,203994|1628970|1629610|1630585|1641733,2024-25,119,0.3076923076923077
127579,00:58,"Jones Jr. S.FOUL (P1.T4) (S.Foster)
Okongwu Free Throw 1 of 2 (7 PTS)
Okongwu Free Throw 2 of 2 (8 PTS)
",0,0,0,0,2025-03-14,0022400960,0,0,LAC,2,1,9,01:01,Off Steal,0,Okongwu Free Throw 1 of 2 (7 PTS),,ATL,LAC,ATL,1610612737,2025,1379.0,1382.0,1380.5,1627747|1629027|1630168|1630700|1642258,201587|201935|203992|1627826|1627884,2024-25,297,0.18181818181818182
127578,00:58,"Jones Jr. S.FOUL (P1.T4) (S.Foster)
Okongwu Free Throw 1 of 2 (7 PTS)
Okongwu Free Throw 2 of 2 (8 PTS)
",0,0,0,0,2025-03-14,0022400960,0,0,LAC,2,1,9,01:01,Off Steal,0,Jones Jr. S.FOUL (P1.T4) (S.Foster),,ATL,LAC,ATL,1610612737,2025,1379.0,1382.0,1380.5,1627747|1629027|1630168|1630700|1642258,201587|201935|203992|1627826|1627884,2024-25,330,0.34375
127540,04:21,"Dunn S.FOUL (P2.T3) (T.Ricks)
LeVert Free Throw 1 of 2 (1 PTS)
LeVert Free Throw 2 of 2 (2 PTS)
",0,0,0,0,2025-03-14,0022400960,0,0,LAC,1,1,0,04:41,Off At Rim Make,0,LeVert Free Throw 2 of 2 (2 PTS),,ATL,LAC,ATL,1610612737,2025,439.0,459.0,449.0,1627747|1627777|1629611|1630700|1631230,201587|201935|202695|1627739|1627826,2024-25,108,0.29508196721311475
127560,08:22,"Young Bad Pass Turnover (P2.T2): Dunn STEAL (1 STL)
",0,0,0,0,2025-03-14,0022400960,0,0,LAC,1,0,-1,08:35,Off Arc 3 Make,1,Young Bad Pass Turnover (P2.T2): Dunn STEAL (1 STL),,ATL,LAC,ATL,1610612737,2025,205.0,218.0,211.5,1629027|1630168|1630700|1631243|1642258,201587|201935|202695|1627739|1627826,2024-25,42,0.3037974683544304
127533,01:56,"MISS LeVert 14' Running Pull-Up Jump Shot
Bogdanović REBOUND (Off:0 Def:1)
",1,0,0,0,2025-03-14,0022400960,0,0,LAC,1,0,5,02:04,Off Short Mid-Range Miss,0,Bogdanović REBOUND (Off:0 Def:1),,ATL,LAC,ATL,1610612737,2025,596.0,604.0,600.0,1627747|1627777|1629027|1629611|1631230,201935|203992|1627732|1627884|1629599,2024-25,134,0.22641509433962265
127559,08:09,"MISS Young 25' 3PT Running Pull-Up Jump Shot
Clippers Rebound
",0,0,1,0,2025-03-14,0022400960,0,0,LAC,1,0,-1,08:11,Off Arc 3 Miss,0,Clippers Rebound,,ATL,LAC,ATL,1610612737,2025,229.0,231.0,230.0,1629027|1630168|1630700|1631243|1642258,201587|201935|202695|1627739|1627826,2024-25,42,0.18181818181818182
127557,07:43,"Young 1' Running Layup (6 PTS)
",1,1,0,0,2025-03-14,0022400960,0,0,LAC,1,0,-1,07:43,Off Block,0,Young 1' Running Layup (6 PTS),,ATL,LAC,ATL,1610612737,2025,257.0,257.0,257.0,1629027|1630168|1630700|1631243|1642258,201587|201935|202695|1627739|1627826,2024-25,49,0.53125
127538,04:21,"Dunn S.FOUL (P2.T3) (T.Ricks)
LeVert Free Throw 1 of 2 (1 PTS)
LeVert Free Throw 2 of 2 (2 PTS)
",0,0,0,0,2025-03-14,0022400960,0,0,LAC,1,1,0,04:41,Off At Rim Make,0,Dunn S.FOUL (P2.T3) (T.Ricks),,ATL,LAC,ATL,1610612737,2025,439.0,459.0,449.0,1627747|1627777|1629611|1630700|1631230,201587|201935|202695|1627739|1627826,2024-25,104,0.3181818181818182
127539,04:21,"Dunn S.FOUL (P2.T3) (T.Ricks)
LeVert Free Throw 1 of 2 (1 PTS)
LeVert Free Throw 2 of 2 (2 PTS)
",0,0,0,0,2025-03-14,0022400960,0,0,LAC,1,1,0,04:41,Off At Rim Make,0,LeVert Free Throw 1 of 2 (1 PTS),,ATL,LAC,ATL,1610612737,2025,439.0,459.0,449.0,1627747|1627777|1629611|1630700|1631230,201587|201935|202695|1627739|1627826,2024-25,99,0.125
127541,04:43,"MISS Niang 24' 3PT Jump Shot
Daniels REBOUND (Off:2 Def:2)
MISS Daniels 5' Putback Layup: Harden BLOCK (1 BLK)
HAWKS Rebound
MISS LeVert 3PT Step Back Jump Shot
Dunn REBOUND (Off:0 Def:1)
",1,0,2,0,2025-03-14,0022400960,0,2,LAC,1,0,2,05:07,Off Short Mid-Range Make,0,MISS Niang 24' 3PT Jump Shot,,ATL,LAC,ATL,1610612737,2025,413.0,437.0,425.0,1627747|1627777|1630700|1631230|1642258,201587|201935|202695|1627739|1627826,2024-25,85,0.16
127547,05:24,"Zubac P.FOUL (P1.T2) (A.Nagy)
Niang Out of Bounds - Bad Pass Turnover Turnover (P1.T3)
",0,0,0,0,2025-03-14,0022400960,0,0,LAC,1,0,4,05:43,Off Long Mid-Range Miss,1,Zubac P.FOUL (P1.T2) (A.Nagy),,ATL,LAC,ATL,1610612737,2025,377.0,396.0,386.5,1627747|1627777|1630700|1631230|1642258,201587|201935|202695|1627739|1627826,2024-25,80,0.43478260869565216
127543,04:43,"MISS Niang 24' 3PT Jump Shot
Daniels REBOUND (Off:2 Def:2)
MISS Daniels 5' Putback Layup: Harden BLOCK (1 BLK)
HAWKS Rebound
MISS LeVert 3PT Step Back Jump Shot
Dunn REBOUND (Off:0 Def:1)
",1,0,2,0,2025-03-14,0022400960,0,2,LAC,1,0,2,05:07,Off Short Mid-Range Make,0,MISS Daniels 5' Putback Layup: Harden BLOCK (1 BLK),,ATL,LAC,ATL,1610612737,2025,413.0,437.0,425.0,1627747|1627777|1630700|1631230|1642258,201587|201935|202695|1627739|1627826,2024-25,87,0.3132530120481928
127544,04:43,"MISS Niang 24' 3PT Jump Shot
Daniels REBOUND (Off:2 Def:2)
MISS Daniels 5' Putback Layup: Harden BLOCK (1 BLK)
HAWKS Rebound
MISS LeVert 3PT Step Back Jump Shot
Dunn REBOUND (Off:0 Def:1)
",1,0,2,0,2025-03-14,0022400960,0,2,LAC,1,0,2,05:07,Off Short Mid-Range Make,0,HAWKS Rebound,,ATL,LAC,ATL,1610612737,2025,413.0,437.0,425.0,1627747|1627777|1630700|1631230|1642258,201587|201935|202695|1627739|1627826,2024-25,89,0.13793103448275862
127545,04:43,"MISS Niang 24' 3PT Jump Shot
Daniels REBOUND (Off:2 Def:2)
MISS Daniels 5' Putback Layup: Harden BLOCK (1 BLK)
HAWKS Rebound
MISS LeVert 3PT Step Back Jump Shot
Dunn REBOUND (Off:0 Def:1)
",1,0,2,0,2025-03-14,0022400960,0,2,LAC,1,0,2,05:07,Off Short Mid-Range Make,0,MISS LeVert 3PT Step Back Jump Shot,,ATL,LAC,ATL,1610612737,2025,413.0,437.0,425.0,1627747|1627777|1630700|1631230|1642258,201587|201935|202695|1627739|1627826,2024-25,93,0.14545454545454545
127546,04:43,"MISS Niang 24' 3PT Jump Shot
Daniels REBOUND (Off:2 Def:2)
MISS Daniels 5' Putback Layup: Harden BLOCK (1 BLK)
HAWKS Rebound
MISS LeVert 3PT Step Back Jump Shot
Dunn REBOUND (Off:0 Def:1)
",1,0,2,0,2025-03-14,0022400960,0,2,LAC,1,0,2,05:07,Off Short Mid-Range Make,0,Dunn REBOUND (Off:0 Def:1),,ATL,LAC,ATL,1610612737,2025,413.0,437.0,425.0,1627747|1627777|1630700|1631230|1642258,201587|201935|202695|1627739|1627826,2024-25,86,0.26229508196721313
127548,05:24,"Zubac P.FOUL (P1.T2) (A.Nagy)
Niang Out of Bounds - Bad Pass Turnover Turnover (P1.T3)
",0,0,0,0,2025-03-14,0022400960,0,0,LAC,1,0,4,05:43,Off Long Mid-Range Miss,1,Niang Out of Bounds - Bad Pass Turnover Turnover (P1.T3),,ATL,LAC,ATL,1610612737,2025,377.0,396.0,386.5,1627747|1627777|1630700|1631230|1642258,201587|201935|202695|1627739|1627826,2024-25,72,0.2564102564102564
127549,06:08,"MISS Young 8' Driving Floating Jump Shot
Okongwu REBOUND (Off:1 Def:1)
Okongwu 1' Turnaround Hook Shot (2 PTS)
",2,1,0,0,2025-03-14,0022400960,0,1,LAC,1,0,3,06:18,Off Arc 3 Miss,0,MISS Young 8' Driving Floating Jump Shot,,ATL,LAC,ATL,1610612737,2025,342.0,352.0,347.0,1629027|1630168|1630700|1631243|1642258,201587|201935|202695|1627739|1627826,2024-25,63,0.23684210526315788
127550,06:08,"MISS Young 8' Driving Floating Jump Shot
Okongwu REBOUND (Off:1 Def:1)
Okongwu 1' Turnaround Hook Shot (2 PTS)
",2,1,0,0,2025-03-14,0022400960,0,1,LAC,1,0,3,06:18,Off Arc 3 Miss,0,Okongwu REBOUND (Off:1 Def:1),,ATL,LAC,ATL,1610612737,2025,342.0,352.0,347.0,1629027|1630168|1630700|1631243|1642258,201587|201935|202695|1627739|1627826,2024-25,64,0.2641509433962264
127551,06:08,"MISS Young 8' Driving Floating Jump Shot
Okongwu REBOUND (Off:1 Def:1)
Okongwu 1' Turnaround Hook Shot (2 PTS)
",2,1,0,0,2025-03-14,0022400960,0,1,LAC,1,0,3,06:18,Off Arc 3 Miss,0,Okongwu 1' Turnaround Hook Shot (2 PTS),,ATL,LAC,ATL,1610612737,2025,342.0,352.0,347.0,1629027|1630168|1630700|1631243|1642258,201587|201935|202695|1627739|1627826,2024-25,67,0.36619718309859156
127552,06:30,"MISS Daniels 7' Driving Floating Jump Shot
Daniels REBOUND (Off:1 Def:1)
MISS Daniels Tip Layup Shot
Zubac REBOUND (Off:0 Def:1)
",2,0,0,0,2025-03-14,0022400960,0,1,LAC,1,0,3,06:42,Off Short Mid-Range Miss,0,MISS Daniels 7' Driving Floating Jump Shot,,ATL,LAC,ATL,1610612737,2025,318.0,330.0,324.0,1629027|1630168|1630700|1631243|1642258,201587|201935|202695|1627739|1627826,2024-25,55,0.20512820512820512
127542,04:43,"MISS Niang 24' 3PT Jump Shot
Daniels REBOUND (Off:2 Def:2)
MISS Daniels 5' Putback Layup: Harden BLOCK (1 BLK)
HAWKS Rebound
MISS LeVert 3PT Step Back Jump Shot
Dunn REBOUND (Off:0 Def:1)
",1,0,2,0,2025-03-14,0022400960,0,2,LAC,1,0,2,05:07,Off Short Mid-Range Make,0,Daniels REBOUND (Off:2 Def:2),,ATL,LAC,ATL,1610612737,2025,413.0,437.0,425.0,1627747|1627777|1630700|1631230|1642258,201587|201935|202695|1627739|1627826,2024-25,86,0.28125
127577,00:17,"MISS Young 17' Driving Floating Jump Shot
Young REBOUND (Off:1 Def:1)
MISS Young 2' Putback Layup: Jones Jr. BLOCK (1 BLK)
Harden REBOUND (Off:0 Def:5)
",2,0,0,0,2025-03-14,0022400960,0,1,LAC,2,0,11,00:46,Off Short Mid-Range Miss,0,Harden REBOUND (Off:0 Def:5),,ATL,LAC,ATL,1610612737,2025,1394.0,1423.0,1408.5,1627747|1629027|1630168|1630700|1642258,201587|201935|203992|1627732|1627884,2024-25,319,0.2608695652173913
127593,04:42,"Daniels Bad Pass Turnover (P2.T8): Leonard STEAL (2 STL)
",0,0,0,0,2025-03-14,0022400960,0,0,LAC,2,0,2,04:54,Off At Rim Make,1,Daniels Bad Pass Turnover (P2.T8): Leonard STEAL (2 STL),,ATL,LAC,ATL,1610612737,2025,1146.0,1158.0,1152.0,1627747|1630168|1630249|1630700|1642258,201587|201935|202695|1627739|1627826,2024-25,245,0.5617977528089888
127625,02:20,"Niang Lost Ball Turnover (P3.T15): Harden STEAL (2 STL)
",0,0,0,0,2025-03-14,0022400960,0,0,LAC,3,0,-10,02:42,Off At Rim Make,1,Niang Lost Ball Turnover (P3.T15): Harden STEAL (2 STL),,ATL,LAC,ATL,1610612737,2025,1998.0,2020.0,2009.0,1627747|1627777|1629027|1629611|1630168,201935|203992|1627732|1627826|1627884,2024-25,431,0.1111111111111111
127692,06:09,"MISS Risacher 3PT Jump Shot
Harden REBOUND (Off:0 Def:7)
",0,0,1,0,2025-03-14,0022400960,0,0,LAC,4,0,-17,06:28,Off At Rim Make,0,MISS Risacher 3PT Jump Shot,,ATL,LAC,ATL,1610612737,2025,2492.0,2511.0,2501.5,1629611|1630168|1630249|1630700|1642258,201935|202695|203992|1627826|1629599,2024-25,574,0.723404255319149
127553,06:30,"MISS Daniels 7' Driving Floating Jump Shot
Daniels REBOUND (Off:1 Def:1)
MISS Daniels Tip Layup Shot
Zubac REBOUND (Off:0 Def:1)
",2,0,0,0,2025-03-14,0022400960,0,1,LAC,1,0,3,06:42,Off Short Mid-Range Miss,0,Daniels REBOUND (Off:1 Def:1),,ATL,LAC,ATL,1610612737,2025,318.0,330.0,324.0,1629027|1630168|1630700|1631243|1642258,201587|201935|202695|1627739|1627826,2024-25,56,0.31746031746031744
127693,06:09,"MISS Risacher 3PT Jump Shot
Harden REBOUND (Off:0 Def:7)
",0,0,1,0,2025-03-14,0022400960,0,0,LAC,4,0,-17,06:28,Off At Rim Make,0,Harden REBOUND (Off:0 Def:7),,ATL,LAC,ATL,1610612737,2025,2492.0,2511.0,2501.5,1629611|1630168|1630249|1630700|1642258,201935|202695|203992|1627826|1629599,2024-25,639,0.7719298245614035
127673,02:13,"MISS Risacher 2' Driving Layup
Risacher REBOUND (Off:2 Def:5)
MISS Risacher Tip Layup Shot
Leonard REBOUND (Off:2 Def:4)
",2,0,0,0,2025-03-14,0022400960,0,1,LAC,4,0,-18,02:33,Off Short Mid-Range Make,0,MISS Risacher 2' Driving Layup,,ATL,LAC,ATL,1610612737,2025,2727.0,2747.0,2737.0,1629027|1629611|1630168|1630700|1642258,201935|202695|1627826|1627884|1629599,2024-25,629,0.16666666666666666
127626,02:49,"MISS LeVert 17' Pullup Jump Shot
Jones Jr. REBOUND (Off:1 Def:1)
",1,0,0,0,2025-03-14,0022400960,0,0,LAC,3,0,-8,03:01,Off At Rim Make,0,MISS LeVert 17' Pullup Jump Shot,,ATL,LAC,ATL,1610612737,2025,1979.0,1991.0,1985.0,1627747|1627777|1629027|1629611|1630168,201935|203992|1627732|1627826|1627884,2024-25,450,0.23076923076923078
127633,03:51,"MISS Daniels 4' Driving Floating Jump Shot
Zubac REBOUND (Off:1 Def:5)
",1,0,0,0,2025-03-14,0022400960,0,0,LAC,3,0,-6,04:06,Off Arc 3 Make,0,Zubac REBOUND (Off:1 Def:5),,ATL,LAC,ATL,1610612737,2025,1914.0,1929.0,1921.5,1627747|1627777|1629611|1630168|1630700,201587|201935|202695|1627826|1627884,2024-25,486,0.7931034482758621
127624,02:05,"MISS Niang 25' 3PT Jump Shot
Clippers Rebound
",0,0,1,0,2025-03-14,0022400960,0,0,LAC,3,0,-13,02:17,Off Arc 3 Make,0,Clippers Rebound,,ATL,LAC,ATL,1610612737,2025,2023.0,2035.0,2029.0,1627747|1627777|1629027|1629611|1630168,201935|203992|1627732|1627826|1627884,2024-25,478,0.24
127561,08:54,"Dunn S.FOUL (P1.T1) (T.Ricks)
Young Free Throw 1 of 2 (3 PTS)
Young Free Throw 2 of 2 (4 PTS)
",0,0,0,0,2025-03-14,0022400960,0,0,LAC,1,1,0,09:02,Off Short Mid-Range Make,0,Dunn S.FOUL (P1.T1) (T.Ricks),,ATL,LAC,ATL,1610612737,2025,178.0,186.0,182.0,1629027|1630168|1630700|1631243|1642258,201587|201935|202695|1627739|1627826,2024-25,38,0.2
127562,08:54,"Dunn S.FOUL (P1.T1) (T.Ricks)
Young Free Throw 1 of 2 (3 PTS)
Young Free Throw 2 of 2 (4 PTS)
",0,0,0,0,2025-03-14,0022400960,0,0,LAC,1,1,0,09:02,Off Short Mid-Range Make,0,Young Free Throw 1 of 2 (3 PTS),,ATL,LAC,ATL,1610612737,2025,178.0,186.0,182.0,1629027|1630168|1630700|1631243|1642258,201587|201935|202695|1627739|1627826,2024-25,36,0.46875
127563,08:54,"Dunn S.FOUL (P1.T1) (T.Ricks)
Young Free Throw 1 of 2 (3 PTS)
Young Free Throw 2 of 2 (4 PTS)
",0,0,0,0,2025-03-14,0022400960,0,0,LAC,1,1,0,09:02,Off Short Mid-Range Make,0,Young Free Throw 2 of 2 (4 PTS),,ATL,LAC,ATL,1610612737,2025,178.0,186.0,182.0,1629027|1630168|1630700|1631243|1642258,201587|201935|202695|1627739|1627826,2024-25,37,0.2909090909090909
127564,09:17,"MISS Gueye 2' Reverse Layup
Gueye REBOUND (Off:1 Def:0)
MISS Gueye Putback Layup
Harden REBOUND (Off:0 Def:2)
",2,0,0,0,2025-03-14,0022400960,0,1,LAC,1,0,2,09:35,Off Steal,0,MISS Gueye 2' Reverse Layup,,ATL,LAC,ATL,1610612737,2025,145.0,163.0,154.0,1629027|1630168|1630700|1631243|1642258,201587|201935|202695|1627739|1627826,2024-25,29,0.3
127565,09:17,"MISS Gueye 2' Reverse Layup
Gueye REBOUND (Off:1 Def:0)
MISS Gueye Putback Layup
Harden REBOUND (Off:0 Def:2)
",2,0,0,0,2025-03-14,0022400960,0,1,LAC,1,0,2,09:35,Off Steal,0,Gueye REBOUND (Off:1 Def:0),,ATL,LAC,ATL,1610612737,2025,145.0,163.0,154.0,1629027|1630168|1630700|1631243|1642258,201587|201935|202695|1627739|1627826,2024-25,30,0.7457627118644068
127566,09:17,"MISS Gueye 2' Reverse Layup
Gueye REBOUND (Off:1 Def:0)
MISS Gueye Putback Layup
Harden REBOUND (Off:0 Def:2)
",2,0,0,0,2025-03-14,0022400960,0,1,LAC,1,0,2,09:35,Off Steal,0,MISS Gueye Putback Layup,,ATL,LAC,ATL,1610612737,2025,145.0,163.0,154.0,1629027|1630168|1630700|1631243|1642258,201587|201935|202695|1627739|1627826,2024-25,31,0.13333333333333333
127567,09:17,"MISS Gueye 2' Reverse Layup
Gueye REBOUND (Off:1 Def:0)
MISS Gueye Putback Layup
Harden REBOUND (Off:0 Def:2)
",2,0,0,0,2025-03-14,0022400960,0,1,LAC,1,0,2,09:35,Off Steal,0,Harden REBOUND (Off:0 Def:2),,ATL,LAC,ATL,1610612737,2025,145.0,163.0,154.0,1629027|1630168|1630700|1631243|1642258,201587|201935|202695|1627739|1627826,2024-25,33,0.7666666666666667
127568,09:53,"Gueye Driving Dunk (5 PTS) (Okongwu 1 AST)
",1,1,0,0,2025-03-14,0022400960,0,0,LAC,1,0,0,10:04,Off Steal,0,Gueye Driving Dunk (5 PTS) (Okongwu 1 AST),,ATL,LAC,ATL,1610612737,2025,116.0,127.0,121.5,1629027|1630168|1630700|1631243|1642258,201587|201935|202695|1627739|1627826,2024-25,25,0.34375
127569,10:18,"Young 1' Running Layup (2 PTS) (Daniels 1 AST)
",1,1,0,0,2025-03-14,0022400960,0,0,LAC,1,0,-2,10:22,Off Steal,0,Young 1' Running Layup (2 PTS) (Daniels 1 AST),,ATL,LAC,ATL,1610612737,2025,98.0,102.0,100.0,1629027|1630168|1630700|1631243|1642258,201587|201935|202695|1627739|1627826,2024-25,20,0.9052631578947369
127570,10:32,"Young Out of Bounds - Bad Pass Turnover Turnover (P1.T1)
",0,0,0,0,2025-03-14,0022400960,0,0,LAC,1,0,-2,10:37,Off Arc 3 Make,1,Young Out of Bounds - Bad Pass Turnover Turnover (P1.T1),,ATL,LAC,ATL,1610612737,2025,83.0,88.0,85.5,1629027|1630168|1630700|1631243|1642258,201587|201935|202695|1627739|1627826,2024-25,17,0.21782178217821782
127571,11:03,"Gueye 26' 3PT Jump Shot (3 PTS) (Young 1 AST)
",0,0,1,1,2025-03-14,0022400960,0,0,LAC,1,0,-2,11:15,Off Dead Ball,0,Gueye 26' 3PT Jump Shot (3 PTS) (Young 1 AST),,ATL,LAC,ATL,1610612737,2025,45.0,57.0,51.0,1629027|1630168|1630700|1631243|1642258,201587|201935|202695|1627739|1627826,2024-25,13,0.15384615384615385
127572,11:15,"MISS Young 26' 3PT Pullup Jump Shot
Harden REBOUND (Off:0 Def:1)
",0,0,1,0,2025-03-14,0022400960,0,0,LAC,1,0,-2,11:37,Off At Rim Make,0,MISS Young 26' 3PT Pullup Jump Shot,,ATL,LAC,ATL,1610612737,2025,23.0,45.0,34.0,1629027|1630168|1630700|1631243|1642258,201587|201935|202695|1627739|1627826,2024-25,10,0.4878048780487805
127573,11:15,"MISS Young 26' 3PT Pullup Jump Shot
Harden REBOUND (Off:0 Def:1)
",0,0,1,0,2025-03-14,0022400960,0,0,LAC,1,0,-2,11:37,Off At Rim Make,0,Harden REBOUND (Off:0 Def:1),,ATL,LAC,ATL,1610612737,2025,23.0,45.0,34.0,1629027|1630168|1630700|1631243|1642258,201587|201935|202695|1627739|1627826,2024-25,11,0.32786885245901637
127574,00:17,"MISS Young 17' Driving Floating Jump Shot
Young REBOUND (Off:1 Def:1)
MISS Young 2' Putback Layup: Jones Jr. BLOCK (1 BLK)
Harden REBOUND (Off:0 Def:5)
",2,0,0,0,2025-03-14,0022400960,0,1,LAC,2,0,11,00:46,Off Short Mid-Range Miss,0,MISS Young 17' Driving Floating Jump Shot,,ATL,LAC,ATL,1610612737,2025,1394.0,1423.0,1408.5,1627747|1629027|1630168|1630700|1642258,201587|201935|203992|1627732|1627884,2024-25,303,0.2465753424657534
127576,00:17,"MISS Young 17' Driving Floating Jump Shot
Young REBOUND (Off:1 Def:1)
MISS Young 2' Putback Layup: Jones Jr. BLOCK (1 BLK)
Harden REBOUND (Off:0 Def:5)
",2,0,0,0,2025-03-14,0022400960,0,1,LAC,2,0,11,00:46,Off Short Mid-Range Miss,0,MISS Young 2' Putback Layup: Jones Jr. BLOCK (1 BLK),,ATL,LAC,ATL,1610612737,2025,1394.0,1423.0,1408.5,1627747|1629027|1630168|1630700|1642258,201587|201935|203992|1627732|1627884,2024-25,305,0.5
127554,06:30,"MISS Daniels 7' Driving Floating Jump Shot
Daniels REBOUND (Off:1 Def:1)
MISS Daniels Tip Layup Shot
Zubac REBOUND (Off:0 Def:1)
",2,0,0,0,2025-03-14,0022400960,0,1,LAC,1,0,3,06:42,Off Short Mid-Range Miss,0,MISS Daniels Tip Layup Shot,,ATL,LAC,ATL,1610612737,2025,318.0,330.0,324.0,1629027|1630168|1630700|1631243|1642258,201587|201935|202695|1627739|1627826,2024-25,57,0.22950819672131148
127610,10:21,"MISS Young 26' 3PT Running Pull-Up Jump Shot
Leonard REBOUND (Off:1 Def:1)
",0,0,1,0,2025-03-14,0022400960,0,0,LAC,2,0,6,10:29,Off Corner 3 Miss,0,MISS Young 26' 3PT Running Pull-Up Jump Shot,,ATL,LAC,ATL,1610612737,2025,811.0,819.0,815.0,1629027|1629611|1630249|1631230|1642258,202695|203992|1627732|1627884|1629599,2024-25,174,0.42857142857142855
127556,06:58,"Risacher 2' Driving Layup (2 PTS)
",1,1,0,0,2025-03-14,0022400960,0,0,LAC,1,0,1,07:24,Off Dead Ball,0,Risacher 2' Driving Layup (2 PTS),,ATL,LAC,ATL,1610612737,2025,276.0,302.0,289.0,1629027|1630168|1630700|1631243|1642258,201587|201935|202695|1627739|1627826,2024-25,52,0.41379310344827586
127583,01:38,"MISS Daniels 3PT Jump Shot
Zubac REBOUND (Off:0 Def:3)
",0,0,1,0,2025-03-14,0022400960,0,0,LAC,2,0,9,01:46,Off Short Mid-Range Miss,0,Zubac REBOUND (Off:0 Def:3),,ATL,LAC,ATL,1610612737,2025,1334.0,1342.0,1338.0,1627747|1629027|1630168|1630700|1642258,201587|201935|203992|1627739|1627826,2024-25,280,0.711864406779661
127584,02:10,"Harden S.FOUL (P1.T3) (S.Foster)
Daniels Free Throw 1 of 2 (3 PTS)
Daniels Free Throw 2 of 2 (4 PTS)
",0,0,0,0,2025-03-14,0022400960,0,0,LAC,2,1,7,02:13,Off Short Mid-Range Miss,0,Harden S.FOUL (P1.T3) (S.Foster),,ATL,LAC,ATL,1610612737,2025,1307.0,1310.0,1308.5,1627747|1629027|1630168|1630700|1642258,201587|201935|202695|1627739|1627826,2024-25,338,0.29411764705882354
127585,02:10,"Harden S.FOUL (P1.T3) (S.Foster)
Daniels Free Throw 1 of 2 (3 PTS)
Daniels Free Throw 2 of 2 (4 PTS)
",0,0,0,0,2025-03-14,0022400960,0,0,LAC,2,1,7,02:13,Off Short Mid-Range Miss,0,Daniels Free Throw 1 of 2 (3 PTS),,ATL,LAC,ATL,1610612737,2025,1307.0,1310.0,1308.5,1627747|1629027|1630168|1630700|1642258,201587|201935|202695|1627739|1627826,2024-25,274,0.16326530612244897
127603,07:17,"MISS Daniels 25' 3PT Jump Shot
Zubac REBOUND (Off:0 Def:2)
",0,0,1,0,2025-03-14,0022400960,0,0,LAC,2,0,3,07:29,Off At Rim Block,0,Zubac REBOUND (Off:0 Def:2),,ATL,LAC,ATL,1610612737,2025,991.0,1003.0,997.0,1629611|1630168|1630249|1630700|1642258,202695|203992|1627826|1627884|1629599,2024-25,208,0.25396825396825395
127587,02:36,"LeVert 25' 3PT Running Pull-Up Jump Shot (10 PTS) (Daniels 4 AST)
",0,0,1,1,2025-03-14,0022400960,0,0,LAC,2,0,4,02:43,Off At Rim Block,0,LeVert 25' 3PT Running Pull-Up Jump Shot (10 PTS) (Daniels 4 AST),,ATL,LAC,ATL,1610612737,2025,1277.0,1284.0,1280.5,1627747|1629027|1630168|1630700|1642258,201587|201935|202695|1627739|1627826,2024-25,265,0.3333333333333333
127588,02:52,"Daniels 3' Driving Floating Jump Shot (2 PTS)
",1,1,0,0,2025-03-14,0022400960,0,0,LAC,2,0,2,03:07,Off Short Mid-Range Make,0,Daniels 3' Driving Floating Jump Shot (2 PTS),,ATL,LAC,ATL,1610612737,2025,1253.0,1268.0,1260.5,1627747|1629027|1630168|1630700|1642258,201587|201935|202695|1627739|1627826,2024-25,261,0.41025641025641024
127589,03:23,"MISS LeVert 25' 3PT Running Jump Shot
Leonard REBOUND (Off:1 Def:3)
",0,0,1,0,2025-03-14,0022400960,0,0,LAC,2,0,4,03:32,Off Steal,0,MISS LeVert 25' 3PT Running Jump Shot,,ATL,LAC,ATL,1610612737,2025,1228.0,1237.0,1232.5,1627747|1629027|1630168|1630700|1642258,201587|201935|202695|1627739|1627826,2024-25,258,0.2711864406779661
127590,03:23,"MISS LeVert 25' 3PT Running Jump Shot
Leonard REBOUND (Off:1 Def:3)
",0,0,1,0,2025-03-14,0022400960,0,0,LAC,2,0,4,03:32,Off Steal,0,Leonard REBOUND (Off:1 Def:3),,ATL,LAC,ATL,1610612737,2025,1228.0,1237.0,1232.5,1627747|1629027|1630168|1630700|1642258,201587|201935|202695|1627739|1627826,2024-25,258,0.43137254901960786
127591,03:42,"Risacher 1' Cutting Layup Shot (13 PTS) (Okongwu 2 AST)
",1,1,0,0,2025-03-14,0022400960,0,0,LAC,2,0,2,03:51,Off Arc 3 Miss,0,Risacher 1' Cutting Layup Shot (13 PTS) (Okongwu 2 AST),,ATL,LAC,ATL,1610612737,2025,1209.0,1218.0,1213.5,1627747|1629027|1630168|1630700|1642258,201587|201935|202695|1627739|1627826,2024-25,254,0.16666666666666666
127602,07:17,"MISS Daniels 25' 3PT Jump Shot
Zubac REBOUND (Off:0 Def:2)
",0,0,1,0,2025-03-14,0022400960,0,0,LAC,2,0,3,07:29,Off At Rim Block,0,MISS Daniels 25' 3PT Jump Shot,,ATL,LAC,ATL,1610612737,2025,991.0,1003.0,997.0,1629611|1630168|1630249|1630700|1642258,202695|203992|1627826|1627884|1629599,2024-25,209,0.19047619047619047
127592,04:15,"Okongwu 1' Driving Layup (4 PTS)
",1,1,0,0,2025-03-14,0022400960,0,0,LAC,2,0,0,04:31,Off Timeout,0,Okongwu 1' Driving Layup (4 PTS),,ATL,LAC,ATL,1610612737,2025,1169.0,1185.0,1177.0,1627747|1629027|1630168|1630700|1642258,201587|201935|202695|1627739|1627826,2024-25,251,0.34375
127594,05:05,"LeVert 25' 3PT Jump Bank Shot (7 PTS) (Daniels 3 AST)
",0,0,1,1,2025-03-14,0022400960,0,0,LAC,2,0,1,05:15,Off Corner 3 Make,0,LeVert 25' 3PT Jump Bank Shot (7 PTS) (Daniels 3 AST),,ATL,LAC,ATL,1610612737,2025,1125.0,1135.0,1130.0,1627747|1630168|1630249|1630700|1642258,201587|201935|202695|1627739|1627826,2024-25,242,0.09375
127595,05:31,"Risacher 20' Jump Shot (11 PTS) (Daniels 2 AST)
",1,1,0,0,2025-03-14,0022400960,0,0,LAC,2,0,2,05:39,Off FT Make,0,Risacher 20' Jump Shot (11 PTS) (Daniels 2 AST),,ATL,LAC,ATL,1610612737,2025,1101.0,1109.0,1105.0,1627747|1630168|1630249|1630700|1642258,201587|201935|202695|1627739|1627826,2024-25,238,0.24096385542168675
127596,05:51,"Zubac S.FOUL (P2.T2) (A.Nagy)
Risacher Free Throw 1 of 2 (8 PTS)
Risacher Free Throw 2 of 2 (9 PTS)
",0,0,0,0,2025-03-14,0022400960,0,0,LAC,2,1,3,06:10,Off Dead Ball,0,Zubac S.FOUL (P2.T2) (A.Nagy),,ATL,LAC,ATL,1610612737,2025,1070.0,1089.0,1079.5,1627747|1630168|1630249|1630700|1642258,201587|201935|202695|1627739|1627826,2024-25,281,0.3611111111111111
127597,05:51,"Zubac S.FOUL (P2.T2) (A.Nagy)
Risacher Free Throw 1 of 2 (8 PTS)
Risacher Free Throw 2 of 2 (9 PTS)
",0,0,0,0,2025-03-14,0022400960,0,0,LAC,2,1,3,06:10,Off Dead Ball,0,Risacher Free Throw 1 of 2 (8 PTS),,ATL,LAC,ATL,1610612737,2025,1070.0,1089.0,1079.5,1627747|1630168|1630249|1630700|1642258,201587|201935|202695|1627739|1627826,2024-25,232,0.07692307692307693
127598,05:51,"Zubac S.FOUL (P2.T2) (A.Nagy)
Risacher Free Throw 1 of 2 (8 PTS)
Risacher Free Throw 2 of 2 (9 PTS)
",0,0,0,0,2025-03-14,0022400960,0,0,LAC,2,1,3,06:10,Off Dead Ball,0,Risacher Free Throw 2 of 2 (9 PTS),,ATL,LAC,ATL,1610612737,2025,1070.0,1089.0,1079.5,1627747|1630168|1630249|1630700|1642258,201587|201935|202695|1627739|1627826,2024-25,233,0.16
127599,06:30,"Leonard P.FOUL (P1.T1) (S.Foster)
MISS Krejci 26' 3PT Jump Shot
Harden REBOUND (Off:0 Def:4)
",0,0,1,0,2025-03-14,0022400960,0,0,LAC,2,0,3,06:55,Off Dead Ball,0,Leonard P.FOUL (P1.T1) (S.Foster),,ATL,LAC,ATL,1610612737,2025,1025.0,1050.0,1037.5,1627747|1630168|1630249|1630700|1642258,201587|201935|202695|1627739|1627826,2024-25,269,0.29850746268656714
127600,06:30,"Leonard P.FOUL (P1.T1) (S.Foster)
MISS Krejci 26' 3PT Jump Shot
Harden REBOUND (Off:0 Def:4)
",0,0,1,0,2025-03-14,0022400960,0,0,LAC,2,0,3,06:55,Off Dead Ball,0,MISS Krejci 26' 3PT Jump Shot,,ATL,LAC,ATL,1610612737,2025,1025.0,1050.0,1037.5,1627747|1630168|1630249|1630700|1642258,201587|201935|202695|1627739|1627826,2024-25,227,0.044444444444444446
127601,06:30,"Leonard P.FOUL (P1.T1) (S.Foster)
MISS Krejci 26' 3PT Jump Shot
Harden REBOUND (Off:0 Def:4)
",0,0,1,0,2025-03-14,0022400960,0,0,LAC,2,0,3,06:55,Off Dead Ball,0,Harden REBOUND (Off:0 Def:4),,ATL,LAC,ATL,1610612737,2025,1025.0,1050.0,1037.5,1627747|1630168|1630249|1630700|1642258,201587|201935|202695|1627739|1627826,2024-25,266,0.7333333333333333
127691,05:40,"MISS Young 8' Driving Floating Jump Shot
Okongwu REBOUND (Off:4 Def:6)
Leonard S.FOUL (P3.PN) (S.Foster)
Okongwu Free Throw 1 of 2 (15 PTS)
Okongwu Free Throw 2 of 2 (16 PTS)
",1,0,0,0,2025-03-14,0022400960,0,1,LAC,4,1,-19,05:50,Off FT Miss,0,Okongwu Free Throw 2 of 2 (16 PTS),,ATL,LAC,ATL,1610612737,2025,2530.0,2540.0,2535.0,1629027|1629611|1630168|1630700|1642258,201935|202695|1627739|1627826|1629599,2024-25,591,0.15384615384615385
127586,02:10,"Harden S.FOUL (P1.T3) (S.Foster)
Daniels Free Throw 1 of 2 (3 PTS)
Daniels Free Throw 2 of 2 (4 PTS)
",0,0,0,0,2025-03-14,0022400960,0,0,LAC,2,1,7,02:13,Off Short Mid-Range Miss,0,Daniels Free Throw 2 of 2 (4 PTS),,ATL,LAC,ATL,1610612737,2025,1307.0,1310.0,1308.5,1627747|1629027|1630168|1630700|1642258,201587|201935|202695|1627739|1627826,2024-25,277,0.7142857142857143
127604,07:50,"Mann 6' Pullup Jump Shot (5 PTS) (Risacher 1 AST)
",1,1,0,0,2025-03-14,0022400960,0,0,LAC,2,0,1,08:07,Off Arc 3 Make,0,Mann 6' Pullup Jump Shot (5 PTS) (Risacher 1 AST),,ATL,LAC,ATL,1610612737,2025,953.0,970.0,961.5,1629611|1630168|1630249|1630700|1642258,202695|203992|1627826|1627884|1629599,2024-25,204,0.08955223880597014
127615,00:21,"Young Bad Pass Turnover (P7.T16): Simmons STEAL (2 STL)
",0,0,0,0,2025-03-14,0022400960,0,0,LAC,3,0,-17,00:29,Off Dead Ball,1,Young Bad Pass Turnover (P7.T16): Simmons STEAL (2 STL),,ATL,LAC,ATL,1610612737,2025,2131.0,2139.0,2135.0,1627747|1629027|1629611|1630249|1631230,201935|203992|1627732|1627884|1629599,2024-25,494,0.6363636363636364
127623,02:05,"MISS Niang 25' 3PT Jump Shot
Clippers Rebound
",0,0,1,0,2025-03-14,0022400960,0,0,LAC,3,0,-13,02:17,Off Arc 3 Make,0,MISS Niang 25' 3PT Jump Shot,,ATL,LAC,ATL,1610612737,2025,2023.0,2035.0,2029.0,1627747|1627777|1629027|1629611|1630168,201935|203992|1627732|1627826|1627884,2024-25,464,0.21739130434782608
127558,08:09,"MISS Young 25' 3PT Running Pull-Up Jump Shot
Clippers Rebound
",0,0,1,0,2025-03-14,0022400960,0,0,LAC,1,0,-1,08:11,Off Arc 3 Miss,0,MISS Young 25' 3PT Running Pull-Up Jump Shot,,ATL,LAC,ATL,1610612737,2025,229.0,231.0,230.0,1629027|1630168|1630700|1631243|1642258,201587|201935|202695|1627739|1627826,2024-25,43,0.5432098765432098
127580,00:58,"Jones Jr. S.FOUL (P1.T4) (S.Foster)
Okongwu Free Throw 1 of 2 (7 PTS)
Okongwu Free Throw 2 of 2 (8 PTS)
",0,0,0,0,2025-03-14,0022400960,0,0,LAC,2,1,9,01:01,Off Steal,0,Okongwu Free Throw 2 of 2 (8 PTS),,ATL,LAC,ATL,1610612737,2025,1379.0,1382.0,1380.5,1627747|1629027|1630168|1630700|1642258,201587|201935|203992|1627826|1627884,2024-25,300,0.25
127575,00:17,"MISS Young 17' Driving Floating Jump Shot
Young REBOUND (Off:1 Def:1)
MISS Young 2' Putback Layup: Jones Jr. BLOCK (1 BLK)
Harden REBOUND (Off:0 Def:5)
",2,0,0,0,2025-03-14,0022400960,0,1,LAC,2,0,11,00:46,Off Short Mid-Range Miss,0,Young REBOUND (Off:1 Def:1),,ATL,LAC,ATL,1610612737,2025,1394.0,1423.0,1408.5,1627747|1629027|1630168|1630700|1642258,201587|201935|203992|1627732|1627884,2024-25,303,0.8135593220338984
127582,01:38,"MISS Daniels 3PT Jump Shot
Zubac REBOUND (Off:0 Def:3)
",0,0,1,0,2025-03-14,0022400960,0,0,LAC,2,0,9,01:46,Off Short Mid-Range Miss,0,MISS Daniels 3PT Jump Shot,,ATL,LAC,ATL,1610612737,2025,1334.0,1342.0,1338.0,1627747|1629027|1630168|1630700|1642258,201587|201935|203992|1627739|1627826,2024-25,281,0.3188405797101449
127606,08:58,"Krejci 3PT Jump Shot (6 PTS) (Young 4 AST)
",0,0,1,1,2025-03-14,0022400960,0,0,LAC,2,0,-1,09:15,Off At Rim Make,0,Krejci 3PT Jump Shot (6 PTS) (Young 4 AST),,ATL,LAC,ATL,1610612737,2025,885.0,902.0,893.5,1629027|1629611|1630168|1630249|1642258,202695|203992|1627732|1627884|1629599,2024-25,190,0.5217391304347826
127607,09:20,"Young Bad Pass Turnover (P4.T7): Simmons STEAL (1 STL)
",0,0,0,0,2025-03-14,0022400960,0,0,LAC,2,0,1,09:33,Off Arc 3 Make,1,Young Bad Pass Turnover (P4.T7): Simmons STEAL (1 STL),,ATL,LAC,ATL,1610612737,2025,867.0,880.0,873.5,1629027|1629611|1630168|1630249|1642258,202695|203992|1627732|1627884|1629599,2024-25,186,0.1643835616438356
127608,09:47,"MISS Mann 3PT Jump Shot
Leonard REBOUND (Off:1 Def:2)
",0,0,1,0,2025-03-14,0022400960,0,0,LAC,2,0,4,10:06,Off Short Mid-Range Make,0,MISS Mann 3PT Jump Shot,,ATL,LAC,ATL,1610612737,2025,834.0,853.0,843.5,1629027|1629611|1630168|1630249|1642258,202695|203992|1627732|1627884|1629599,2024-25,211,0.6666666666666666
127609,09:47,"MISS Mann 3PT Jump Shot
Leonard REBOUND (Off:1 Def:2)
",0,0,1,0,2025-03-14,0022400960,0,0,LAC,2,0,4,10:06,Off Short Mid-Range Make,0,Leonard REBOUND (Off:1 Def:2),,ATL,LAC,ATL,1610612737,2025,834.0,853.0,843.5,1629027|1629611|1630168|1630249|1642258,202695|203992|1627732|1627884|1629599,2024-25,181,0.22641509433962265
127581,01:14,"Okongwu 4' Driving Hook Shot (6 PTS) (Young 5 AST)
",1,1,0,0,2025-03-14,0022400960,0,0,LAC,2,0,7,01:27,Off FT Make,0,Okongwu 4' Driving Hook Shot (6 PTS) (Young 5 AST),,ATL,LAC,ATL,1610612737,2025,1353.0,1366.0,1359.5,1627747|1629027|1630168|1630700|1642258,201587|201935|203992|1627826|1627884,2024-25,291,0.8571428571428571
127611,10:21,"MISS Young 26' 3PT Running Pull-Up Jump Shot
Leonard REBOUND (Off:1 Def:1)
",0,0,1,0,2025-03-14,0022400960,0,0,LAC,2,0,6,10:29,Off Corner 3 Miss,0,Leonard REBOUND (Off:1 Def:1),,ATL,LAC,ATL,1610612737,2025,811.0,819.0,815.0,1629027|1629611|1630249|1631230|1642258,202695|203992|1627732|1627884|1629599,2024-25,173,0.3018867924528302
127612,10:48,"Krejci 26' 3PT Running Jump Shot (3 PTS) (Young 3 AST)
",0,0,1,1,2025-03-14,0022400960,0,0,LAC,2,0,3,10:50,Off At Rim Miss,0,Krejci 26' 3PT Running Jump Shot (3 PTS) (Young 3 AST),,ATL,LAC,ATL,1610612737,2025,790.0,792.0,791.0,1629027|1629611|1630249|1631230|1642258,202695|203992|1627732|1627884|1629599,2024-25,170,0.16091954022988506
127613,11:18,"Risacher 3PT Jump Shot (5 PTS) (Mann 1 AST)
",0,0,1,1,2025-03-14,0022400960,0,0,LAC,2,0,0,11:30,Off At Rim Make,0,Risacher 3PT Jump Shot (5 PTS) (Mann 1 AST),,ATL,LAC,ATL,1610612737,2025,750.0,762.0,756.0,1629027|1629611|1630249|1631230|1642258,202695|203992|1627732|1627884|1629599,2024-25,166,0.26229508196721313
127605,08:26,"Risacher 1' Reverse Layup (7 PTS) (Mann 2 AST)
",1,1,0,0,2025-03-14,0022400960,0,0,LAC,2,0,2,08:31,Off Short Mid-Range Miss,0,Risacher 1' Reverse Layup (7 PTS) (Mann 2 AST),,ATL,LAC,ATL,1610612737,2025,929.0,934.0,931.5,1629027|1629611|1630168|1630249|1642258,202695|203992|1627732|1627884|1629599,2024-25,194,0.2222222222222222
127614,11:35,"Young Bad Pass Turnover (P3.T6): Leonard STEAL (1 STL)
",0,0,0,0,2025-03-14,0022400960,0,0,LAC,2,0,2,12:00,Off Dead Ball,1,Young Bad Pass Turnover (P3.T6): Leonard STEAL (1 STL),,ATL,LAC,ATL,1610612737,2025,720.0,745.0,732.5,1629027|1629611|1630249|1631230|1642258,202695|203992|1627732|1627884|1629599,2024-25,166,0.16666666666666666
127616,00:51,"Barlow 1' Cutting Dunk Shot (6 PTS) (Young 6 AST)
",1,1,0,0,2025-03-14,0022400960,0,0,LAC,3,0,-19,00:58,Off At Rim Make,0,Barlow 1' Cutting Dunk Shot (6 PTS) (Young 6 AST),,ATL,LAC,ATL,1610612737,2025,2102.0,2109.0,2105.5,1627747|1629027|1629611|1630249|1631230,201935|203992|1627732|1627884|1629599,2024-25,491,0.24691358024691357
127617,01:15,"MISS Mann 24' 3PT Jump Shot
Young REBOUND (Off:3 Def:1)
MISS Barlow 3PT Jump Shot
Coffey REBOUND (Off:0 Def:1)
",0,0,2,0,2025-03-14,0022400960,0,1,LAC,3,0,-17,01:39,Off Timeout,0,MISS Mann 24' 3PT Jump Shot,,ATL,LAC,ATL,1610612737,2025,2061.0,2085.0,2073.0,1627747|1629027|1629611|1630249|1631230,201935|203992|1627732|1627884|1629599,2024-25,486,0.1724137931034483
127618,01:15,"MISS Mann 24' 3PT Jump Shot
Young REBOUND (Off:3 Def:1)
MISS Barlow 3PT Jump Shot
Coffey REBOUND (Off:0 Def:1)
",0,0,2,0,2025-03-14,0022400960,0,1,LAC,3,0,-17,01:39,Off Timeout,0,Young REBOUND (Off:3 Def:1),,ATL,LAC,ATL,1610612737,2025,2061.0,2085.0,2073.0,1627747|1629027|1629611|1630249|1631230,201935|203992|1627732|1627884|1629599,2024-25,487,0.2
127619,01:15,"MISS Mann 24' 3PT Jump Shot
Young REBOUND (Off:3 Def:1)
MISS Barlow 3PT Jump Shot
Coffey REBOUND (Off:0 Def:1)
",0,0,2,0,2025-03-14,0022400960,0,1,LAC,3,0,-17,01:39,Off Timeout,0,MISS Barlow 3PT Jump Shot,,ATL,LAC,ATL,1610612737,2025,2061.0,2085.0,2073.0,1627747|1629027|1629611|1630249|1631230,201935|203992|1627732|1627884|1629599,2024-25,486,0.35714285714285715
127620,01:15,"MISS Mann 24' 3PT Jump Shot
Young REBOUND (Off:3 Def:1)
MISS Barlow 3PT Jump Shot
Coffey REBOUND (Off:0 Def:1)
",0,0,2,0,2025-03-14,0022400960,0,1,LAC,3,0,-17,01:39,Off Timeout,0,Coffey REBOUND (Off:0 Def:1),,ATL,LAC,ATL,1610612737,2025,2061.0,2085.0,2073.0,1627747|1629027|1629611|1630249|1631230,201935|203992|1627732|1627884|1629599,2024-25,487,0.11764705882352941
127621,01:47,"MISS Niang 26' 3PT Jump Shot
Simmons REBOUND (Off:0 Def:2)
",0,0,1,0,2025-03-14,0022400960,0,0,LAC,3,0,-15,02:05,Off FT Make,0,MISS Niang 26' 3PT Jump Shot,,ATL,LAC,ATL,1610612737,2025,2035.0,2053.0,2044.0,1627747|1627777|1629027|1629611|1631230,201935|203992|1627732|1627884|1629599,2024-25,474,0.2127659574468085
127622,01:47,"MISS Niang 26' 3PT Jump Shot
Simmons REBOUND (Off:0 Def:2)
",0,0,1,0,2025-03-14,0022400960,0,0,LAC,3,0,-15,02:05,Off FT Make,0,Simmons REBOUND (Off:0 Def:2),,ATL,LAC,ATL,1610612737,2025,2035.0,2053.0,2044.0,1627747|1627777|1629027|1629611|1631230,201935|203992|1627732|1627884|1629599,2024-25,481,0.3111111111111111
127555,06:30,"MISS Daniels 7' Driving Floating Jump Shot
Daniels REBOUND (Off:1 Def:1)
MISS Daniels Tip Layup Shot
Zubac REBOUND (Off:0 Def:1)
",2,0,0,0,2025-03-14,0022400960,0,1,LAC,1,0,3,06:42,Off Short Mid-Range Miss,0,Zubac REBOUND (Off:0 Def:1),,ATL,LAC,ATL,1610612737,2025,318.0,330.0,324.0,1629027|1630168|1630700|1631243|1642258,201587|201935|202695|1627739|1627826,2024-25,54,0.7368421052631579
127690,05:40,"MISS Young 8' Driving Floating Jump Shot
Okongwu REBOUND (Off:4 Def:6)
Leonard S.FOUL (P3.PN) (S.Foster)
Okongwu Free Throw 1 of 2 (15 PTS)
Okongwu Free Throw 2 of 2 (16 PTS)
",1,0,0,0,2025-03-14,0022400960,0,1,LAC,4,1,-19,05:50,Off FT Miss,0,Okongwu Free Throw 1 of 2 (15 PTS),,ATL,LAC,ATL,1610612737,2025,2530.0,2540.0,2535.0,1629027|1629611|1630168|1630700|1642258,201935|202695|1627739|1627826|1629599,2024-25,590,0.9577464788732394
127684,04:57,"Daniels 2' Running Layup (6 PTS) (Mann 4 AST)
",1,1,0,0,2025-03-14,0022400960,0,0,LAC,4,0,-19,05:02,Off Steal,0,Daniels 2' Running Layup (6 PTS) (Mann 4 AST),,ATL,LAC,ATL,1610612737,2025,2578.0,2583.0,2580.5,1629027|1629611|1630168|1630700|1642258,201935|202695|1627739|1627826|1629599,2024-25,598,0.23880597014925373
127688,05:40,"MISS Young 8' Driving Floating Jump Shot
Okongwu REBOUND (Off:4 Def:6)
Leonard S.FOUL (P3.PN) (S.Foster)
Okongwu Free Throw 1 of 2 (15 PTS)
Okongwu Free Throw 2 of 2 (16 PTS)
",1,0,0,0,2025-03-14,0022400960,0,1,LAC,4,1,-19,05:50,Off FT Miss,0,Okongwu REBOUND (Off:4 Def:6),,ATL,LAC,ATL,1610612737,2025,2530.0,2540.0,2535.0,1629027|1629611|1630168|1630700|1642258,201935|202695|1627739|1627826|1629599,2024-25,587,0.25
127663,11:33,"MISS Daniels 3PT Jump Shot: Batum BLOCK (1 BLK)
HAWKS Rebound
MISS Okongwu 25' 3PT Pullup Jump Shot
Batum REBOUND (Off:1 Def:1)
",0,0,2,0,2025-03-14,0022400960,0,1,LAC,3,0,8,12:00,Off Dead Ball,0,HAWKS Rebound,,ATL,LAC,ATL,1610612737,2025,1440.0,1467.0,1453.5,1629027|1630168|1630700|1631243|1642258,201587|201935|202695|1627739|1627826,2024-25,326,0.1935483870967742
127664,11:33,"MISS Daniels 3PT Jump Shot: Batum BLOCK (1 BLK)
HAWKS Rebound
MISS Okongwu 25' 3PT Pullup Jump Shot
Batum REBOUND (Off:1 Def:1)
",0,0,2,0,2025-03-14,0022400960,0,1,LAC,3,0,8,12:00,Off Dead Ball,0,MISS Okongwu 25' 3PT Pullup Jump Shot,,ATL,LAC,ATL,1610612737,2025,1440.0,1467.0,1453.5,1629027|1630168|1630700|1631243|1642258,201587|201935|202695|1627739|1627826,2024-25,328,0.2
127665,11:33,"MISS Daniels 3PT Jump Shot: Batum BLOCK (1 BLK)
HAWKS Rebound
MISS Okongwu 25' 3PT Pullup Jump Shot
Batum REBOUND (Off:1 Def:1)
",0,0,2,0,2025-03-14,0022400960,0,1,LAC,3,0,8,12:00,Off Dead Ball,0,Batum REBOUND (Off:1 Def:1),,ATL,LAC,ATL,1610612737,2025,1440.0,1467.0,1453.5,1629027|1630168|1630700|1631243|1642258,201587|201935|202695|1627739|1627826,2024-25,329,0.711864406779661
127666,00:19,"MISS Barlow 9' Driving Floating Jump Shot
Christie REBOUND (Off:0 Def:1)
",1,0,0,0,2025-03-14,0022400960,0,0,LAC,4,0,-23,00:39,Off At Rim Make,0,MISS Barlow 9' Driving Floating Jump Shot,,ATL,LAC,ATL,1610612737,2025,2841.0,2861.0,2851.0,1629611|1630249|1631230|1631243|1642258,201988|1629234|1629599|1641738|1642353,2024-25,668,0.43137254901960786
127667,00:19,"MISS Barlow 9' Driving Floating Jump Shot
Christie REBOUND (Off:0 Def:1)
",1,0,0,0,2025-03-14,0022400960,0,0,LAC,4,0,-23,00:39,Off At Rim Make,0,Christie REBOUND (Off:0 Def:1),,ATL,LAC,ATL,1610612737,2025,2841.0,2861.0,2851.0,1629611|1630249|1631230|1631243|1642258,201988|1629234|1629599|1641738|1642353,2024-25,653,0.14457831325301204
127668,00:49,"MISS Mann 26' 3PT Step Back Jump Shot
Brown REBOUND (Off:0 Def:1)
",0,0,1,0,2025-03-14,0022400960,0,0,LAC,4,0,-21,01:07,Off At Rim Make,0,MISS Mann 26' 3PT Step Back Jump Shot,,ATL,LAC,ATL,1610612737,2025,2813.0,2831.0,2822.0,1629611|1630249|1631230|1631243|1642258,201988|1629234|1629599|1641738|1642353,2024-25,664,0.2
127669,00:49,"MISS Mann 26' 3PT Step Back Jump Shot
Brown REBOUND (Off:0 Def:1)
",0,0,1,0,2025-03-14,0022400960,0,0,LAC,4,0,-21,01:07,Off At Rim Make,0,Brown REBOUND (Off:0 Def:1),,ATL,LAC,ATL,1610612737,2025,2813.0,2831.0,2822.0,1629611|1630249|1631230|1631243|1642258,201988|1629234|1629599|1641738|1642353,2024-25,671,0.7457627118644068
127670,01:10,"Risacher Lost Ball Turnover (P3.T18): Brown STEAL (1 STL)
",0,0,0,0,2025-03-14,0022400960,0,0,LAC,4,0,-19,01:25,Off At Rim Make,1,Risacher Lost Ball Turnover (P3.T18): Brown STEAL (1 STL),,ATL,LAC,ATL,1610612737,2025,2795.0,2810.0,2802.5,1629611|1630249|1631230|1631243|1642258,201988|1629234|1629599|1641738|1642353,2024-25,660,0.20454545454545456
127662,11:33,"MISS Daniels 3PT Jump Shot: Batum BLOCK (1 BLK)
HAWKS Rebound
MISS Okongwu 25' 3PT Pullup Jump Shot
Batum REBOUND (Off:1 Def:1)
",0,0,2,0,2025-03-14,0022400960,0,1,LAC,3,0,8,12:00,Off Dead Ball,0,MISS Daniels 3PT Jump Shot: Batum BLOCK (1 BLK),,ATL,LAC,ATL,1610612737,2025,1440.0,1467.0,1453.5,1629027|1630168|1630700|1631243|1642258,201587|201935|202695|1627739|1627826,2024-25,324,0.2153846153846154
127661,11:13,"Daniels Lost Ball Turnover (P3.T9): Leonard STEAL (3 STL)
",0,0,0,0,2025-03-14,0022400960,0,0,LAC,3,0,8,11:25,Off Arc 3 Miss,1,Daniels Lost Ball Turnover (P3.T9): Leonard STEAL (3 STL),,ATL,LAC,ATL,1610612737,2025,1475.0,1487.0,1481.0,1629027|1630168|1630700|1631243|1642258,201587|201935|202695|1627739|1627826,2024-25,332,0.41975308641975306
127651,09:27,"MISS Daniels 26' 3PT Jump Shot
Young REBOUND (Off:2 Def:1)
MISS Young 9' Floating Jump Shot
Batum REBOUND (Off:1 Def:2)
",1,0,1,0,2025-03-14,0022400960,0,1,LAC,3,0,2,09:47,Off At Rim Make,0,MISS Daniels 26' 3PT Jump Shot,,ATL,LAC,ATL,1610612737,2025,1573.0,1593.0,1583.0,1629027|1630168|1630700|1631243|1642258,201587|201935|202695|1627739|1627826,2024-25,354,0.3103448275862069
127649,08:59,"Batum P.FOUL (P1.T1) (S.Foster)
Gueye Bad Pass Turnover (P1.T12): Harden STEAL (1 STL)
",0,0,0,0,2025-03-14,0022400960,0,0,LAC,3,0,0,09:17,Off At Rim Make,1,Batum P.FOUL (P1.T1) (S.Foster),,ATL,LAC,ATL,1610612737,2025,1603.0,1621.0,1612.0,1629027|1630168|1630700|1631243|1642258,201587|201935|202695|1627739|1627826,2024-25,341,0.2857142857142857
127628,03:02,"MISS Young 5' Driving Floating Jump Shot
Okongwu REBOUND (Off:3 Def:5)
MISS Okongwu Tip Layup Shot
Harden REBOUND (Off:0 Def:6)
",2,0,0,0,2025-03-14,0022400960,0,1,LAC,3,0,-6,03:16,Off Arc 3 Miss,0,MISS Young 5' Driving Floating Jump Shot,,ATL,LAC,ATL,1610612737,2025,1964.0,1978.0,1971.0,1627747|1627777|1629027|1629611|1630168,201935|203992|1627732|1627826|1627884,2024-25,445,0.3125
127629,03:02,"MISS Young 5' Driving Floating Jump Shot
Okongwu REBOUND (Off:3 Def:5)
MISS Okongwu Tip Layup Shot
Harden REBOUND (Off:0 Def:6)
",2,0,0,0,2025-03-14,0022400960,0,1,LAC,3,0,-6,03:16,Off Arc 3 Miss,0,Okongwu REBOUND (Off:3 Def:5),,ATL,LAC,ATL,1610612737,2025,1964.0,1978.0,1971.0,1627747|1627777|1629027|1629611|1630168,201935|203992|1627732|1627826|1627884,2024-25,446,0.2608695652173913
127630,03:02,"MISS Young 5' Driving Floating Jump Shot
Okongwu REBOUND (Off:3 Def:5)
MISS Okongwu Tip Layup Shot
Harden REBOUND (Off:0 Def:6)
",2,0,0,0,2025-03-14,0022400960,0,1,LAC,3,0,-6,03:16,Off Arc 3 Miss,0,MISS Okongwu Tip Layup Shot,,ATL,LAC,ATL,1610612737,2025,1964.0,1978.0,1971.0,1627747|1627777|1629027|1629611|1630168,201935|203992|1627732|1627826|1627884,2024-25,447,0.21739130434782608
127631,03:02,"MISS Young 5' Driving Floating Jump Shot
Okongwu REBOUND (Off:3 Def:5)
MISS Okongwu Tip Layup Shot
Harden REBOUND (Off:0 Def:6)
",2,0,0,0,2025-03-14,0022400960,0,1,LAC,3,0,-6,03:16,Off Arc 3 Miss,0,Harden REBOUND (Off:0 Def:6),,ATL,LAC,ATL,1610612737,2025,1964.0,1978.0,1971.0,1627747|1627777|1629027|1629611|1630168,201935|203992|1627732|1627826|1627884,2024-25,446,0.17777777777777778
127632,03:51,"MISS Daniels 4' Driving Floating Jump Shot
Zubac REBOUND (Off:1 Def:5)
",1,0,0,0,2025-03-14,0022400960,0,0,LAC,3,0,-6,04:06,Off Arc 3 Make,0,MISS Daniels 4' Driving Floating Jump Shot,,ATL,LAC,ATL,1610612737,2025,1914.0,1929.0,1921.5,1627747|1627777|1629611|1630168|1630700,201587|201935|202695|1627826|1627884,2024-25,429,0.2191780821917808
127634,04:21,"MISS Daniels 10' Driving Floating Jump Shot
HAWKS Rebound
MISS Niang 1' Cutting Layup Shot
Zubac REBOUND (Off:1 Def:4)
",2,0,0,0,2025-03-14,0022400960,0,1,LAC,3,0,-3,04:49,Off Corner 3 Make,0,MISS Daniels 10' Driving Floating Jump Shot,,ATL,LAC,ATL,1610612737,2025,1871.0,1899.0,1885.0,1627747|1627777|1630168|1630700|1642258,201587|201935|202695|1627739|1627826,2024-25,419,0.29508196721311475
127635,04:21,"MISS Daniels 10' Driving Floating Jump Shot
HAWKS Rebound
MISS Niang 1' Cutting Layup Shot
Zubac REBOUND (Off:1 Def:4)
",2,0,0,0,2025-03-14,0022400960,0,1,LAC,3,0,-3,04:49,Off Corner 3 Make,0,HAWKS Rebound,,ATL,LAC,ATL,1610612737,2025,1871.0,1899.0,1885.0,1627747|1627777|1630168|1630700|1642258,201587|201935|202695|1627739|1627826,2024-25,420,0.16666666666666666
127636,04:21,"MISS Daniels 10' Driving Floating Jump Shot
HAWKS Rebound
MISS Niang 1' Cutting Layup Shot
Zubac REBOUND (Off:1 Def:4)
",2,0,0,0,2025-03-14,0022400960,0,1,LAC,3,0,-3,04:49,Off Corner 3 Make,0,MISS Niang 1' Cutting Layup Shot,,ATL,LAC,ATL,1610612737,2025,1871.0,1899.0,1885.0,1627747|1627777|1630168|1630700|1642258,201587|201935|202695|1627739|1627826,2024-25,426,0.5882352941176471
127650,08:59,"Batum P.FOUL (P1.T1) (S.Foster)
Gueye Bad Pass Turnover (P1.T12): Harden STEAL (1 STL)
",0,0,0,0,2025-03-14,0022400960,0,0,LAC,3,0,0,09:17,Off At Rim Make,1,Gueye Bad Pass Turnover (P1.T12): Harden STEAL (1 STL),,ATL,LAC,ATL,1610612737,2025,1603.0,1621.0,1612.0,1629027|1630168|1630700|1631243|1642258,201587|201935|202695|1627739|1627826,2024-25,362,0.14084507042253522
127637,04:21,"MISS Daniels 10' Driving Floating Jump Shot
HAWKS Rebound
MISS Niang 1' Cutting Layup Shot
Zubac REBOUND (Off:1 Def:4)
",2,0,0,0,2025-03-14,0022400960,0,1,LAC,3,0,-3,04:49,Off Corner 3 Make,0,Zubac REBOUND (Off:1 Def:4),,ATL,LAC,ATL,1610612737,2025,1871.0,1899.0,1885.0,1627747|1627777|1630168|1630700|1642258,201587|201935|202695|1627739|1627826,2024-25,408,0.2564102564102564
127660,10:52,"MISS Okongwu 8' Driving Floating Jump Shot
Dunn REBOUND (Off:0 Def:2)
",1,0,0,0,2025-03-14,0022400960,0,0,LAC,3,0,6,11:07,Off Short Mid-Range Make,0,Dunn REBOUND (Off:0 Def:2),,ATL,LAC,ATL,1610612737,2025,1493.0,1508.0,1500.5,1629027|1630168|1630700|1631243|1642258,201587|201935|202695|1627739|1627826,2024-25,387,0.28
127658,10:20,"MISS Young 19' Driving Floating Jump Shot: Dunn BLOCK (1 BLK)
HAWKS Rebound
Young Bad Pass Turnover (P5.T10): Batum STEAL (1 STL)
",1,0,0,0,2025-03-14,0022400960,0,1,LAC,3,0,4,10:44,Off At Rim Make,1,Young Bad Pass Turnover (P5.T10): Batum STEAL (1 STL),,ATL,LAC,ATL,1610612737,2025,1516.0,1540.0,1528.0,1629027|1630168|1630700|1631243|1642258,201587|201935|202695|1627739|1627826,2024-25,341,0.09375
127689,05:40,"MISS Young 8' Driving Floating Jump Shot
Okongwu REBOUND (Off:4 Def:6)
Leonard S.FOUL (P3.PN) (S.Foster)
Okongwu Free Throw 1 of 2 (15 PTS)
Okongwu Free Throw 2 of 2 (16 PTS)
",1,0,0,0,2025-03-14,0022400960,0,1,LAC,4,1,-19,05:50,Off FT Miss,0,Leonard S.FOUL (P3.PN) (S.Foster),,ATL,LAC,ATL,1610612737,2025,2530.0,2540.0,2535.0,1629027|1629611|1630168|1630700|1642258,201935|202695|1627739|1627826|1629599,2024-25,619,0.2682926829268293
127537,03:57,"Mann 3PT Jump Shot (3 PTS) (LeVert 1 AST)
",0,0,1,1,2025-03-14,0022400960,0,0,LAC,1,0,2,04:03,Off Long Mid-Range Miss,0,Mann 3PT Jump Shot (3 PTS) (LeVert 1 AST),,ATL,LAC,ATL,1610612737,2025,477.0,483.0,480.0,1627747|1627777|1629611|1630700|1631230,201935|203992|1627732|1627884|1629599,2024-25,111,0.810126582278481
127524,00:00,,0,0,0,0,2025-03-14,0022400960,0,0,LAC,1,0,2,00:06,Off At Rim Make,0,,,ATL,LAC,ATL,1610612737,2025,714.0,720.0,717.0,1627747|1627777|1629027|1629611|1631230,201935|203992|1627732|1627884|1629599,2024-25,180,0.0
127525,00:26,"MISS Young 22' Step Back Jump Shot
Harden REBOUND (Off:0 Def:3)
",1,0,0,0,2025-03-14,0022400960,0,0,LAC,1,0,4,00:39,Off Corner 3 Make,0,MISS Young 22' Step Back Jump Shot,,ATL,LAC,ATL,1610612737,2025,681.0,694.0,687.5,1627747|1627777|1629027|1629611|1631230,201935|203992|1627732|1627884|1629599,2024-25,152,0.38596491228070173
127526,00:26,"MISS Young 22' Step Back Jump Shot
Harden REBOUND (Off:0 Def:3)
",1,0,0,0,2025-03-14,0022400960,0,0,LAC,1,0,4,00:39,Off Corner 3 Make,0,Harden REBOUND (Off:0 Def:3),,ATL,LAC,ATL,1610612737,2025,681.0,694.0,687.5,1627747|1627777|1629027|1629611|1631230,201935|203992|1627732|1627884|1629599,2024-25,161,0.7931034482758621
127527,00:48,"Barlow 1' Reverse Layup (4 PTS) (Young 2 AST)
Bogdanović S.FOUL (P1.T4) (A.Nagy)
MISS Barlow Free Throw 1 of 1
Simmons REBOUND (Off:0 Def:1)
",1,1,0,0,2025-03-14,0022400960,0,0,LAC,1,1,5,01:00,Off Corner 3 Miss,0,Barlow 1' Reverse Layup (4 PTS) (Young 2 AST),,ATL,LAC,ATL,1610612737,2025,660.0,672.0,666.0,1627747|1627777|1629027|1629611|1631230,201935|203992|1627732|1627884|1629599,2024-25,144,0.47058823529411764
127528,00:48,"Barlow 1' Reverse Layup (4 PTS) (Young 2 AST)
Bogdanović S.FOUL (P1.T4) (A.Nagy)
MISS Barlow Free Throw 1 of 1
Simmons REBOUND (Off:0 Def:1)
",1,1,0,0,2025-03-14,0022400960,0,0,LAC,1,1,5,01:00,Off Corner 3 Miss,0,Bogdanović S.FOUL (P1.T4) (A.Nagy),,ATL,LAC,ATL,1610612737,2025,660.0,672.0,666.0,1627747|1627777|1629027|1629611|1631230,201935|203992|1627732|1627884|1629599,2024-25,132,0.2641509433962264
127529,00:48,"Barlow 1' Reverse Layup (4 PTS) (Young 2 AST)
Bogdanović S.FOUL (P1.T4) (A.Nagy)
MISS Barlow Free Throw 1 of 1
Simmons REBOUND (Off:0 Def:1)
",1,1,0,0,2025-03-14,0022400960,0,0,LAC,1,1,5,01:00,Off Corner 3 Miss,0,MISS Barlow Free Throw 1 of 1,,ATL,LAC,ATL,1610612737,2025,660.0,672.0,666.0,1627747|1627777|1629027|1629611|1631230,201935|203992|1627732|1627884|1629599,2024-25,148,0.2222222222222222
127530,00:48,"Barlow 1' Reverse Layup (4 PTS) (Young 2 AST)
Bogdanović S.FOUL (P1.T4) (A.Nagy)
MISS Barlow Free Throw 1 of 1
Simmons REBOUND (Off:0 Def:1)
",1,1,0,0,2025-03-14,0022400960,0,0,LAC,1,1,5,01:00,Off Corner 3 Miss,0,Simmons REBOUND (Off:0 Def:1),,ATL,LAC,ATL,1610612737,2025,660.0,672.0,666.0,1627747|1627777|1629027|1629611|1631230,201935|203992|1627732|1627884|1629599,2024-25,143,0.7666666666666667
127659,10:52,"MISS Okongwu 8' Driving Floating Jump Shot
Dunn REBOUND (Off:0 Def:2)
",1,0,0,0,2025-03-14,0022400960,0,0,LAC,3,0,6,11:07,Off Short Mid-Range Make,0,MISS Okongwu 8' Driving Floating Jump Shot,,ATL,LAC,ATL,1610612737,2025,1493.0,1508.0,1500.5,1629027|1630168|1630700|1631243|1642258,201587|201935|202695|1627739|1627826,2024-25,335,0.26666666666666666
127531,01:19,"Barlow 1' Cutting Layup Shot (2 PTS) (LeVert 2 AST)
",1,1,0,0,2025-03-14,0022400960,0,0,LAC,1,0,3,01:39,Off Short Mid-Range Make,0,Barlow 1' Cutting Layup Shot (2 PTS) (LeVert 2 AST),,ATL,LAC,ATL,1610612737,2025,621.0,641.0,631.0,1627747|1627777|1629027|1629611|1631230,201935|203992|1627732|1627884|1629599,2024-25,140,0.26373626373626374
127536,03:28,"LeVert Driving Layup (4 PTS) (Niang 1 AST)
",1,1,0,0,2025-03-14,0022400960,0,0,LAC,1,0,5,03:37,Off Corner 3 Miss,0,LeVert Driving Layup (4 PTS) (Niang 1 AST),,ATL,LAC,ATL,1610612737,2025,503.0,512.0,507.5,1627747|1627777|1629611|1630700|1631230,201935|203992|1627732|1627884|1629599,2024-25,115,0.10666666666666667
127535,03:01,"Daniels Bad Pass Turnover (P1.T4): Jones Jr. STEAL (1 STL)
",0,0,0,0,2025-03-14,0022400960,0,0,LAC,1,0,7,03:06,Off Steal,1,Daniels Bad Pass Turnover (P1.T4): Jones Jr. STEAL (1 STL),,ATL,LAC,ATL,1610612737,2025,534.0,539.0,536.5,1627747|1627777|1629611|1630700|1631230,201935|203992|1627732|1627884|1629599,2024-25,120,0.15789473684210525
127534,02:23,"Niang Out of Bounds - Bad Pass Turnover Turnover (P2.T5)
",0,0,0,0,2025-03-14,0022400960,0,0,LAC,1,0,5,02:38,Off At Rim Make,1,Niang Out of Bounds - Bad Pass Turnover Turnover (P2.T5),,ATL,LAC,ATL,1610612737,2025,562.0,577.0,569.5,1627747|1627777|1629027|1629611|1631230,201935|203992|1627732|1627884|1629599,2024-25,121,0.2191780821917808
127642,06:17,"MISS Niang 6' Driving Hook Shot
Batum REBOUND (Off:3 Def:4)
",1,0,0,0,2025-03-14,0022400960,0,0,LAC,3,0,-2,06:36,Off FT Make,0,MISS Niang 6' Driving Hook Shot,,ATL,LAC,ATL,1610612737,2025,1764.0,1783.0,1773.5,1627777|1629027|1630168|1630700|1642258,201587|201935|202695|1627739|1627826,2024-25,400,0.1875
127653,09:27,"MISS Daniels 26' 3PT Jump Shot
Young REBOUND (Off:2 Def:1)
MISS Young 9' Floating Jump Shot
Batum REBOUND (Off:1 Def:2)
",1,0,1,0,2025-03-14,0022400960,0,1,LAC,3,0,2,09:47,Off At Rim Make,0,MISS Young 9' Floating Jump Shot,,ATL,LAC,ATL,1610612737,2025,1573.0,1593.0,1583.0,1629027|1630168|1630700|1631243|1642258,201587|201935|202695|1627739|1627826,2024-25,356,0.2222222222222222
127654,09:27,"MISS Daniels 26' 3PT Jump Shot
Young REBOUND (Off:2 Def:1)
MISS Young 9' Floating Jump Shot
Batum REBOUND (Off:1 Def:2)
",1,0,1,0,2025-03-14,0022400960,0,1,LAC,3,0,2,09:47,Off At Rim Make,0,Batum REBOUND (Off:1 Def:2),,ATL,LAC,ATL,1610612737,2025,1573.0,1593.0,1583.0,1629027|1630168|1630700|1631243|1642258,201587|201935|202695|1627739|1627826,2024-25,335,0.08888888888888889
127655,10:01,"Risacher Out of Bounds Lost Ball Turnover (P1.T11)
",0,0,0,0,2025-03-14,0022400960,0,0,LAC,3,0,4,10:08,Off Timeout,1,Risacher Out of Bounds Lost Ball Turnover (P1.T11),,ATL,LAC,ATL,1610612737,2025,1552.0,1559.0,1555.5,1629027|1630168|1630700|1631243|1642258,201587|201935|202695|1627739|1627826,2024-25,385,0.6428571428571429
127656,10:20,"MISS Young 19' Driving Floating Jump Shot: Dunn BLOCK (1 BLK)
HAWKS Rebound
Young Bad Pass Turnover (P5.T10): Batum STEAL (1 STL)
",1,0,0,0,2025-03-14,0022400960,0,1,LAC,3,0,4,10:44,Off At Rim Make,1,MISS Young 19' Driving Floating Jump Shot: Dunn BLOCK (1 BLK),,ATL,LAC,ATL,1610612737,2025,1516.0,1540.0,1528.0,1629027|1630168|1630700|1631243|1642258,201587|201935|202695|1627739|1627826,2024-25,339,0.2682926829268293
127657,10:20,"MISS Young 19' Driving Floating Jump Shot: Dunn BLOCK (1 BLK)
HAWKS Rebound
Young Bad Pass Turnover (P5.T10): Batum STEAL (1 STL)
",1,0,0,0,2025-03-14,0022400960,0,1,LAC,3,0,4,10:44,Off At Rim Make,1,HAWKS Rebound,,ATL,LAC,ATL,1610612737,2025,1516.0,1540.0,1528.0,1629027|1630168|1630700|1631243|1642258,201587|201935|202695|1627739|1627826,2024-25,341,0.4166666666666667
127532,01:56,"MISS LeVert 14' Running Pull-Up Jump Shot
Bogdanović REBOUND (Off:0 Def:1)
",1,0,0,0,2025-03-14,0022400960,0,0,LAC,1,0,5,02:04,Off Short Mid-Range Miss,0,MISS LeVert 14' Running Pull-Up Jump Shot,,ATL,LAC,ATL,1610612737,2025,596.0,604.0,600.0,1627747|1627777|1629027|1629611|1631230,201935|203992|1627732|1627884|1629599,2024-25,135,0.23728813559322035
127638,05:13,"MISS LeVert 21' Running Pull-Up Jump Shot
Okongwu REBOUND (Off:2 Def:4)
Okongwu 2' Driving Reverse Layup (12 PTS)
",2,1,0,0,2025-03-14,0022400960,0,1,LAC,3,0,-2,05:22,Off Long Mid-Range Miss,0,MISS LeVert 21' Running Pull-Up Jump Shot,,ATL,LAC,ATL,1610612737,2025,1838.0,1847.0,1842.5,1627747|1627777|1630168|1630700|1642258,201587|201935|202695|1627739|1627826,2024-25,414,0.24691358024691357
127652,09:27,"MISS Daniels 26' 3PT Jump Shot
Young REBOUND (Off:2 Def:1)
MISS Young 9' Floating Jump Shot
Batum REBOUND (Off:1 Def:2)
",1,0,1,0,2025-03-14,0022400960,0,1,LAC,3,0,2,09:47,Off At Rim Make,0,Young REBOUND (Off:2 Def:1),,ATL,LAC,ATL,1610612737,2025,1573.0,1593.0,1583.0,1629027|1630168|1630700|1631243|1642258,201587|201935|202695|1627739|1627826,2024-25,335,0.13333333333333333
127640,05:13,"MISS LeVert 21' Running Pull-Up Jump Shot
Okongwu REBOUND (Off:2 Def:4)
Okongwu 2' Driving Reverse Layup (12 PTS)
",2,1,0,0,2025-03-14,0022400960,0,1,LAC,3,0,-2,05:22,Off Long Mid-Range Miss,0,Okongwu 2' Driving Reverse Layup (12 PTS),,ATL,LAC,ATL,1610612737,2025,1838.0,1847.0,1842.5,1627747|1627777|1630168|1630700|1642258,201587|201935|202695|1627739|1627826,2024-25,416,0.32432432432432434
127711,10:06,"Jones Jr. P.FOUL (P2.T2) (S.Foster)
Coffey S.FOUL (P1.T3) (A.Nagy)
MISS Young Free Throw 1 of 2
HAWKS Rebound
Young Free Throw 2 of 2 (11 PTS)
",0,0,0,0,2025-03-14,0022400960,0,0,LAC,4,1,-18,10:19,Off At Rim Make,0,Young Free Throw 2 of 2 (11 PTS),,ATL,LAC,ATL,1610612737,2025,2261.0,2274.0,2267.5,1627747|1629027|1629611|1630249|1631230,202695|203992|1627732|1627884|1629599,2024-25,517,0.1111111111111111
127712,10:36,"LeVert 1' Cutting Dunk Shot (12 PTS) (Young 7 AST)
",1,1,0,0,2025-03-14,0022400960,0,0,LAC,4,0,-18,10:49,Off Short Mid-Range Miss,0,LeVert 1' Cutting Dunk Shot (12 PTS) (Young 7 AST),,ATL,LAC,ATL,1610612737,2025,2231.0,2244.0,2237.5,1627747|1629027|1629611|1630249|1631230,202695|203992|1627732|1627884|1629599,2024-25,515,0.14925373134328357
127713,11:04,"Barlow Cutting Layup Shot (8 PTS) (Krejci 1 AST)
",1,1,0,0,2025-03-14,0022400960,0,0,LAC,4,0,-20,11:11,Off At Rim Make,0,Barlow Cutting Layup Shot (8 PTS) (Krejci 1 AST),,ATL,LAC,ATL,1610612737,2025,2209.0,2216.0,2212.5,1627747|1629027|1629611|1630249|1631230,202695|203992|1627732|1627884|1629599,2024-25,511,0.3058823529411765
127714,11:33,"Leonard L.B.FOUL (P2.T1) (S.Foster)
Young 2' Driving Layup (10 PTS)
",1,1,0,0,2025-03-14,0022400960,0,0,LAC,4,0,-20,11:43,Off Dead Ball,0,Leonard L.B.FOUL (P2.T1) (S.Foster),,ATL,LAC,ATL,1610612737,2025,2177.0,2187.0,2182.0,1627747|1629027|1629611|1630249|1631230,202695|203992|1627732|1627884|1629599,2024-25,522,0.32
127715,11:33,"Leonard L.B.FOUL (P2.T1) (S.Foster)
Young 2' Driving Layup (10 PTS)
",1,1,0,0,2025-03-14,0022400960,0,0,LAC,4,0,-20,11:43,Off Dead Ball,0,Young 2' Driving Layup (10 PTS),,ATL,LAC,ATL,1610612737,2025,2177.0,2187.0,2182.0,1627747|1629027|1629611|1630249|1631230,202695|203992|1627732|1627884|1629599,2024-25,509,0.26229508196721313
127707,10:06,"Jones Jr. P.FOUL (P2.T2) (S.Foster)
Coffey S.FOUL (P1.T3) (A.Nagy)
MISS Young Free Throw 1 of 2
HAWKS Rebound
Young Free Throw 2 of 2 (11 PTS)
",0,0,0,0,2025-03-14,0022400960,0,0,LAC,4,1,-18,10:19,Off At Rim Make,0,Jones Jr. P.FOUL (P2.T2) (S.Foster),,ATL,LAC,ATL,1610612737,2025,2261.0,2274.0,2267.5,1627747|1629027|1629611|1630249|1631230,202695|203992|1627732|1627884|1629599,2024-25,552,0.24
127696,07:42,"Jones Jr. P.FOUL (P3.T4) (S.Foster)
Okongwu 10' Driving Hook Shot (14 PTS) (Daniels 5 AST)
",1,1,0,0,2025-03-14,0022400960,0,0,LAC,4,0,-19,07:56,Off Corner 3 Make,0,Jones Jr. P.FOUL (P3.T4) (S.Foster),,ATL,LAC,ATL,1610612737,2025,2404.0,2418.0,2411.0,1629611|1630168|1630249|1630700|1642258,202695|203992|1627732|1627884|1629599,2024-25,583,0.15384615384615385
127695,07:16,"Risacher 2' Running Layup (15 PTS) (Mann 3 AST)
",1,1,0,0,2025-03-14,0022400960,0,0,LAC,4,0,-17,07:17,Off At Rim Block,0,Risacher 2' Running Layup (15 PTS) (Mann 3 AST),,ATL,LAC,ATL,1610612737,2025,2443.0,2444.0,2443.5,1629611|1630168|1630249|1630700|1642258,202695|203992|1627732|1627884|1629599,2024-25,563,0.1875
127675,02:13,"MISS Risacher 2' Driving Layup
Risacher REBOUND (Off:2 Def:5)
MISS Risacher Tip Layup Shot
Leonard REBOUND (Off:2 Def:4)
",2,0,0,0,2025-03-14,0022400960,0,1,LAC,4,0,-18,02:33,Off Short Mid-Range Make,0,MISS Risacher Tip Layup Shot,,ATL,LAC,ATL,1610612737,2025,2727.0,2747.0,2737.0,1629027|1629611|1630168|1630700|1642258,201935|202695|1627826|1627884|1629599,2024-25,631,0.45454545454545453
127676,02:13,"MISS Risacher 2' Driving Layup
Risacher REBOUND (Off:2 Def:5)
MISS Risacher Tip Layup Shot
Leonard REBOUND (Off:2 Def:4)
",2,0,0,0,2025-03-14,0022400960,0,1,LAC,4,0,-18,02:33,Off Short Mid-Range Make,0,Leonard REBOUND (Off:2 Def:4),,ATL,LAC,ATL,1610612737,2025,2727.0,2747.0,2737.0,1629027|1629611|1630168|1630700|1642258,201935|202695|1627826|1627884|1629599,2024-25,665,0.3157894736842105
127677,02:54,"Young 26' 3PT Pullup Jump Shot (17 PTS)
",0,0,1,1,2025-03-14,0022400960,0,0,LAC,4,0,-19,03:02,Off FT Make,0,Young 26' 3PT Pullup Jump Shot (17 PTS),,ATL,LAC,ATL,1610612737,2025,2698.0,2706.0,2702.0,1629027|1629611|1630168|1630700|1642258,201935|202695|1627826|1627884|1629599,2024-25,626,0.38095238095238093
127678,03:28,"Young 30' 3PT Pullup Jump Shot (14 PTS)
",0,0,1,1,2025-03-14,0022400960,0,0,LAC,4,0,-19,03:34,Off FT Make,0,Young 30' 3PT Pullup Jump Shot (14 PTS),,ATL,LAC,ATL,1610612737,2025,2666.0,2672.0,2669.0,1629027|1629611|1630168|1630700|1642258,201935|202695|1627826|1627884|1629599,2024-25,620,0.3188405797101449
127679,03:36,"MISS Daniels 3' Driving Layup
Harden REBOUND (Off:0 Def:8)
",1,0,0,0,2025-03-14,0022400960,0,0,LAC,4,0,-17,03:52,Off Short Mid-Range Make,0,MISS Daniels 3' Driving Layup,,ATL,LAC,ATL,1610612737,2025,2648.0,2664.0,2656.0,1629027|1629611|1630168|1630700|1642258,201935|202695|1627826|1627884|1629599,2024-25,614,0.3939393939393939
127680,03:36,"MISS Daniels 3' Driving Layup
Harden REBOUND (Off:0 Def:8)
",1,0,0,0,2025-03-14,0022400960,0,0,LAC,4,0,-17,03:52,Off Short Mid-Range Make,0,Harden REBOUND (Off:0 Def:8),,ATL,LAC,ATL,1610612737,2025,2648.0,2664.0,2656.0,1629027|1629611|1630168|1630700|1642258,201935|202695|1627826|1627884|1629599,2024-25,543,0.1568627450980392
127681,04:15,"Harden S.FOUL (P2.PN) (A.Nagy)
Okongwu Free Throw 1 of 2 (17 PTS)
Okongwu Free Throw 2 of 2 (18 PTS)
",0,0,0,0,2025-03-14,0022400960,0,0,LAC,4,1,-17,04:32,Off Long Mid-Range Miss,0,Harden S.FOUL (P2.PN) (A.Nagy),,ATL,LAC,ATL,1610612737,2025,2608.0,2625.0,2616.5,1629027|1629611|1630168|1630700|1642258,201935|202695|1627826|1627884|1629599,2024-25,593,0.30434782608695654
127682,04:15,"Harden S.FOUL (P2.PN) (A.Nagy)
Okongwu Free Throw 1 of 2 (17 PTS)
Okongwu Free Throw 2 of 2 (18 PTS)
",0,0,0,0,2025-03-14,0022400960,0,0,LAC,4,1,-17,04:32,Off Long Mid-Range Miss,0,Okongwu Free Throw 1 of 2 (17 PTS),,ATL,LAC,ATL,1610612737,2025,2608.0,2625.0,2616.5,1629027|1629611|1630168|1630700|1642258,201935|202695|1627826|1627884|1629599,2024-25,609,0.25
127683,04:15,"Harden S.FOUL (P2.PN) (A.Nagy)
Okongwu Free Throw 1 of 2 (17 PTS)
Okongwu Free Throw 2 of 2 (18 PTS)
",0,0,0,0,2025-03-14,0022400960,0,0,LAC,4,1,-17,04:32,Off Long Mid-Range Miss,0,Okongwu Free Throw 2 of 2 (18 PTS),,ATL,LAC,ATL,1610612737,2025,2608.0,2625.0,2616.5,1629027|1629611|1630168|1630700|1642258,201935|202695|1627826|1627884|1629599,2024-25,611,0.782608695652174
127685,05:08,"MISS Okongwu 5' Driving Layup: Harden BLOCK (2 BLK)
Dunn REBOUND (Off:0 Def:3)
",1,0,0,0,2025-03-14,0022400960,0,0,LAC,4,0,-19,05:21,Off At Rim Make,0,MISS Okongwu 5' Driving Layup: Harden BLOCK (2 BLK),,ATL,LAC,ATL,1610612737,2025,2559.0,2572.0,2565.5,1629027|1629611|1630168|1630700|1642258,201935|202695|1627739|1627826|1629599,2024-25,672,0.7333333333333333
127686,05:08,"MISS Okongwu 5' Driving Layup: Harden BLOCK (2 BLK)
Dunn REBOUND (Off:0 Def:3)
",1,0,0,0,2025-03-14,0022400960,0,0,LAC,4,0,-19,05:21,Off At Rim Make,0,Dunn REBOUND (Off:0 Def:3),,ATL,LAC,ATL,1610612737,2025,2559.0,2572.0,2565.5,1629027|1629611|1630168|1630700|1642258,201935|202695|1627739|1627826|1629599,2024-25,637,0.8214285714285714
127639,05:13,"MISS LeVert 21' Running Pull-Up Jump Shot
Okongwu REBOUND (Off:2 Def:4)
Okongwu 2' Driving Reverse Layup (12 PTS)
",2,1,0,0,2025-03-14,0022400960,0,1,LAC,3,0,-2,05:22,Off Long Mid-Range Miss,0,Okongwu REBOUND (Off:2 Def:4),,ATL,LAC,ATL,1610612737,2025,1838.0,1847.0,1842.5,1627747|1627777|1630168|1630700|1642258,201587|201935|202695|1627739|1627826,2024-25,415,0.23076923076923078
127687,05:40,"MISS Young 8' Driving Floating Jump Shot
Okongwu REBOUND (Off:4 Def:6)
Leonard S.FOUL (P3.PN) (S.Foster)
Okongwu Free Throw 1 of 2 (15 PTS)
Okongwu Free Throw 2 of 2 (16 PTS)
",1,0,0,0,2025-03-14,0022400960,0,1,LAC,4,1,-19,05:50,Off FT Miss,0,MISS Young 8' Driving Floating Jump Shot,,ATL,LAC,ATL,1610612737,2025,2530.0,2540.0,2535.0,1629027|1629611|1630168|1630700|1642258,201935|202695|1627739|1627826|1629599,2024-25,586,0.2777777777777778
127710,10:06,"Jones Jr. P.FOUL (P2.T2) (S.Foster)
Coffey S.FOUL (P1.T3) (A.Nagy)
MISS Young Free Throw 1 of 2
HAWKS Rebound
Young Free Throw 2 of 2 (11 PTS)
",0,0,0,0,2025-03-14,0022400960,0,0,LAC,4,1,-18,10:19,Off At Rim Make,0,HAWKS Rebound,,ATL,LAC,ATL,1610612737,2025,2261.0,2274.0,2267.5,1627747|1629027|1629611|1630249|1631230,202695|203992|1627732|1627884|1629599,2024-25,534,0.2777777777777778
127709,10:06,"Jones Jr. P.FOUL (P2.T2) (S.Foster)
Coffey S.FOUL (P1.T3) (A.Nagy)
MISS Young Free Throw 1 of 2
HAWKS Rebound
Young Free Throw 2 of 2 (11 PTS)
",0,0,0,0,2025-03-14,0022400960,0,0,LAC,4,1,-18,10:19,Off At Rim Make,0,MISS Young Free Throw 1 of 2,,ATL,LAC,ATL,1610612737,2025,2261.0,2274.0,2267.5,1627747|1629027|1629611|1630249|1631230,202695|203992|1627732|1627884|1629599,2024-25,525,0.4827586206896552
127694,06:39,"Mann 2' Cutting Layup Shot (7 PTS) (Okongwu 3 AST)
",1,1,0,0,2025-03-14,0022400960,0,0,LAC,4,0,-17,06:56,Off Short Mid-Range Make,0,Mann 2' Cutting Layup Shot (7 PTS) (Okongwu 3 AST),,ATL,LAC,ATL,1610612737,2025,2464.0,2481.0,2472.5,1629611|1630168|1630249|1630700|1642258,201935|202695|203992|1627826|1629599,2024-25,609,0.3181818181818182
127708,10:06,"Jones Jr. P.FOUL (P2.T2) (S.Foster)
Coffey S.FOUL (P1.T3) (A.Nagy)
MISS Young Free Throw 1 of 2
HAWKS Rebound
Young Free Throw 2 of 2 (11 PTS)
",0,0,0,0,2025-03-14,0022400960,0,0,LAC,4,1,-18,10:19,Off At Rim Make,0,Coffey S.FOUL (P1.T3) (A.Nagy),,ATL,LAC,ATL,1610612737,2025,2261.0,2274.0,2267.5,1627747|1629027|1629611|1630249|1631230,202695|203992|1627732|1627884|1629599,2024-25,552,0.17142857142857143
127641,05:51,"Okongwu 8' Driving Floating Jump Shot (10 PTS)
",1,1,0,0,2025-03-14,0022400960,0,0,LAC,3,0,-4,06:06,Off FT Make,0,Okongwu 8' Driving Floating Jump Shot (10 PTS),,ATL,LAC,ATL,1610612737,2025,1794.0,1809.0,1801.5,1627747|1627777|1630168|1630700|1642258,201587|201935|202695|1627739|1627826,2024-25,408,0.5154639175257731
127644,06:51,"MISS Risacher 26' 3PT Jump Shot
Batum REBOUND (Off:3 Def:3)
",0,0,1,0,2025-03-14,0022400960,0,0,LAC,3,0,-1,07:01,Off At Rim Miss,0,MISS Risacher 26' 3PT Jump Shot,,ATL,LAC,ATL,1610612737,2025,1739.0,1749.0,1744.0,1627777|1629027|1630168|1630700|1642258,201587|201935|202695|1627739|1627826,2024-25,393,0.15873015873015872
127645,06:51,"MISS Risacher 26' 3PT Jump Shot
Batum REBOUND (Off:3 Def:3)
",0,0,1,0,2025-03-14,0022400960,0,0,LAC,3,0,-1,07:01,Off At Rim Miss,0,Batum REBOUND (Off:3 Def:3),,ATL,LAC,ATL,1610612737,2025,1739.0,1749.0,1744.0,1627777|1629027|1630168|1630700|1642258,201587|201935|202695|1627739|1627826,2024-25,406,0.2903225806451613
127646,07:27,"Risacher Lost Ball Turnover (P2.T14): Leonard STEAL (5 STL)
",0,0,0,0,2025-03-14,0022400960,0,0,LAC,3,0,-1,07:45,Off Dead Ball,1,Risacher Lost Ball Turnover (P2.T14): Leonard STEAL (5 STL),,ATL,LAC,ATL,1610612737,2025,1695.0,1713.0,1704.0,1627777|1629027|1630168|1630700|1642258,201587|201935|202695|1627739|1627826,2024-25,385,0.5376344086021505
127647,08:03,"Young 10' Driving Floating Jump Shot (8 PTS)
",1,1,0,0,2025-03-14,0022400960,0,0,LAC,3,0,-3,08:14,Off Timeout,0,Young 10' Driving Floating Jump Shot (8 PTS),,ATL,LAC,ATL,1610612737,2025,1666.0,1677.0,1671.5,1627777|1629027|1630168|1630700|1642258,201587|201935|202695|1627739|1627826,2024-25,383,0.2127659574468085
127648,08:18,"Young Bad Pass Turnover (P6.T13): Leonard STEAL (4 STL)
",0,0,0,0,2025-03-14,0022400960,0,0,LAC,3,0,0,08:28,Off Arc 3 Miss,1,Young Bad Pass Turnover (P6.T13): Leonard STEAL (4 STL),,ATL,LAC,ATL,1610612737,2025,1652.0,1662.0,1657.0,1627777|1629027|1630168|1630700|1642258,201587|201935|202695|1627739|1627826,2024-25,381,0.34285714285714286
127671,01:27,"Krejci Bad Pass Turnover (P1.T17): Coffey STEAL (1 STL)
",0,0,0,0,2025-03-14,0022400960,0,0,LAC,4,0,-17,01:37,Off Long Mid-Range Miss,1,Krejci Bad Pass Turnover (P1.T17): Coffey STEAL (1 STL),,ATL,LAC,ATL,1610612737,2025,2783.0,2793.0,2788.0,1629611|1630249|1631230|1631243|1642258,201988|1629234|1629599|1641738|1642353,2024-25,656,0.15151515151515152
127627,02:49,"MISS LeVert 17' Pullup Jump Shot
Jones Jr. REBOUND (Off:1 Def:1)
",1,0,0,0,2025-03-14,0022400960,0,0,LAC,3,0,-8,03:01,Off At Rim Make,0,Jones Jr. REBOUND (Off:1 Def:1),,ATL,LAC,ATL,1610612737,2025,1979.0,1991.0,1985.0,1627747|1627777|1629027|1629611|1630168,201935|203992|1627732|1627826|1627884,2024-25,493,0.2857142857142857
127672,01:54,"Mann 18' Step Back Jump Shot (9 PTS)
",1,1,0,0,2025-03-14,0022400960,0,0,LAC,4,0,-19,02:07,Off FT Miss,0,Mann 18' Step Back Jump Shot (9 PTS),,ATL,LAC,ATL,1610612737,2025,2753.0,2766.0,2759.5,1629611|1630249|1631230|1631243|1642258,202695|1629234|1629599|1641738|1642353,2024-25,650,0.1724137931034483
127674,02:13,"MISS Risacher 2' Driving Layup
Risacher REBOUND (Off:2 Def:5)
MISS Risacher Tip Layup Shot
Leonard REBOUND (Off:2 Def:4)
",2,0,0,0,2025-03-14,0022400960,0,1,LAC,4,0,-18,02:33,Off Short Mid-Range Make,0,Risacher REBOUND (Off:2 Def:5),,ATL,LAC,ATL,1610612737,2025,2727.0,2747.0,2737.0,1629027|1629611|1630168|1630700|1642258,201935|202695|1627826|1627884|1629599,2024-25,630,0.21739130434782608
127643,06:17,"MISS Niang 6' Driving Hook Shot
Batum REBOUND (Off:3 Def:4)
",1,0,0,0,2025-03-14,0022400960,0,0,LAC,3,0,-2,06:36,Off FT Make,0,Batum REBOUND (Off:3 Def:4),,ATL,LAC,ATL,1610612737,2025,1764.0,1783.0,1773.5,1627777|1629027|1630168|1630700|1642258,201587|201935|202695|1627739|1627826,2024-25,444,0.7
127699,08:05,"MISS Barlow 3PT Jump Shot
Bogdanović REBOUND (Off:0 Def:3)
",0,0,1,0,2025-03-14,0022400960,0,0,LAC,4,0,-16,08:20,Off Arc 3 Miss,0,Bogdanović REBOUND (Off:0 Def:3),,ATL,LAC,ATL,1610612737,2025,2380.0,2395.0,2387.5,1629027|1629611|1630249|1631230|1642258,202695|203992|1627732|1627884|1629599,2024-25,604,0.6984126984126984
127700,08:33,"MISS Mann 3PT Running Jump Shot
Risacher REBOUND (Off:1 Def:4)
MISS Krejci 25' 3PT Pullup Jump Shot
Bogdanović REBOUND (Off:0 Def:2)
",0,0,2,0,2025-03-14,0022400960,0,1,LAC,4,0,-16,08:53,Off Arc 3 Miss,0,MISS Mann 3PT Running Jump Shot,,ATL,LAC,ATL,1610612737,2025,2347.0,2367.0,2357.0,1629027|1629611|1630249|1631230|1642258,202695|203992|1627732|1627884|1629599,2024-25,542,0.25396825396825395
127701,08:33,"MISS Mann 3PT Running Jump Shot
Risacher REBOUND (Off:1 Def:4)
MISS Krejci 25' 3PT Pullup Jump Shot
Bogdanović REBOUND (Off:0 Def:2)
",0,0,2,0,2025-03-14,0022400960,0,1,LAC,4,0,-16,08:53,Off Arc 3 Miss,0,Risacher REBOUND (Off:1 Def:4),,ATL,LAC,ATL,1610612737,2025,2347.0,2367.0,2357.0,1629027|1629611|1630249|1631230|1642258,202695|203992|1627732|1627884|1629599,2024-25,543,0.2641509433962264
127702,08:33,"MISS Mann 3PT Running Jump Shot
Risacher REBOUND (Off:1 Def:4)
MISS Krejci 25' 3PT Pullup Jump Shot
Bogdanović REBOUND (Off:0 Def:2)
",0,0,2,0,2025-03-14,0022400960,0,1,LAC,4,0,-16,08:53,Off Arc 3 Miss,0,MISS Krejci 25' 3PT Pullup Jump Shot,,ATL,LAC,ATL,1610612737,2025,2347.0,2367.0,2357.0,1629027|1629611|1630249|1631230|1642258,202695|203992|1627732|1627884|1629599,2024-25,544,0.15384615384615385
127703,08:33,"MISS Mann 3PT Running Jump Shot
Risacher REBOUND (Off:1 Def:4)
MISS Krejci 25' 3PT Pullup Jump Shot
Bogdanović REBOUND (Off:0 Def:2)
",0,0,2,0,2025-03-14,0022400960,0,1,LAC,4,0,-16,08:53,Off Arc 3 Miss,0,Bogdanović REBOUND (Off:0 Def:2),,ATL,LAC,ATL,1610612737,2025,2347.0,2367.0,2357.0,1629027|1629611|1630249|1631230|1642258,202695|203992|1627732|1627884|1629599,2024-25,568,0.26865671641791045
127704,09:23,"MISS Young 26' 3PT Step Back Jump Shot
Barlow REBOUND (Off:1 Def:2)
Barlow 5' Driving Floating Bank Jump Shot (10 PTS) (Krejci 2 AST)
",1,1,1,0,2025-03-14,0022400960,0,1,LAC,4,0,-18,09:51,Off FT Make,0,MISS Young 26' 3PT Step Back Jump Shot,,ATL,LAC,ATL,1610612737,2025,2289.0,2317.0,2303.0,1629027|1629611|1630249|1631230|1642258,202695|203992|1627732|1627884|1629599,2024-25,536,0.30952380952380953
127705,09:23,"MISS Young 26' 3PT Step Back Jump Shot
Barlow REBOUND (Off:1 Def:2)
Barlow 5' Driving Floating Bank Jump Shot (10 PTS) (Krejci 2 AST)
",1,1,1,0,2025-03-14,0022400960,0,1,LAC,4,0,-18,09:51,Off FT Make,0,Barlow REBOUND (Off:1 Def:2),,ATL,LAC,ATL,1610612737,2025,2289.0,2317.0,2303.0,1629027|1629611|1630249|1631230|1642258,202695|203992|1627732|1627884|1629599,2024-25,555,0.22727272727272727
127697,07:42,"Jones Jr. P.FOUL (P3.T4) (S.Foster)
Okongwu 10' Driving Hook Shot (14 PTS) (Daniels 5 AST)
",1,1,0,0,2025-03-14,0022400960,0,0,LAC,4,0,-19,07:56,Off Corner 3 Make,0,Okongwu 10' Driving Hook Shot (14 PTS) (Daniels 5 AST),,ATL,LAC,ATL,1610612737,2025,2404.0,2418.0,2411.0,1629611|1630168|1630249|1630700|1642258,202695|203992|1627732|1627884|1629599,2024-25,558,0.1411764705882353
127698,08:05,"MISS Barlow 3PT Jump Shot
Bogdanović REBOUND (Off:0 Def:3)
",0,0,1,0,2025-03-14,0022400960,0,0,LAC,4,0,-16,08:20,Off Arc 3 Miss,0,MISS Barlow 3PT Jump Shot,,ATL,LAC,ATL,1610612737,2025,2380.0,2395.0,2387.5,1629027|1629611|1630249|1631230|1642258,202695|203992|1627732|1627884|1629599,2024-25,548,0.23255813953488372
127706,09:23,"MISS Young 26' 3PT Step Back Jump Shot
Barlow REBOUND (Off:1 Def:2)
Barlow 5' Driving Floating Bank Jump Shot (10 PTS) (Krejci 2 AST)
",1,1,1,0,2025-03-14,0022400960,0,1,LAC,4,0,-18,09:51,Off FT Make,0,Barlow 5' Driving Floating Bank Jump Shot (10 PTS) (Krejci 2 AST),,ATL,LAC,ATL,1610612737,2025,2289.0,2317.0,2303.0,1629027|1629611|1630249|1631230|1642258,202695|203992|1627732|1627884|1629599,2024-25,538,0.34
127804,08:01,"MISS Okongwu 6' Turnaround Hook Shot
Mann REBOUND (Off:1 Def:0)
Lewis STEAL (1 STL): Mann Lost Ball Turnover (P1.T6)
",1,0,0,0,2025-03-16,0022400978,0,1,BKN,2,0,-9,08:19,Off Corner 3 Miss,1,Lewis STEAL (1 STL): Mann Lost Ball Turnover (P1.T6),,BKN,ATL,ATL,1610612737,2025,941.0,959.0,950.0,1627777|1629027|1629611|1630168|1630249,1630549|1630553|1630592|1641721|1641736,2024-25,252,0.7058823529411765
127805,08:37,"Niang 25' 3PT Running Jump Shot (5 PTS) (Krejci 1 AST)
",0,0,1,1,2025-03-16,0022400978,0,0,BKN,2,0,-12,08:41,Off At Rim Block,0,Niang 25' 3PT Running Jump Shot (5 PTS) (Krejci 1 AST),,BKN,ATL,ATL,1610612737,2025,919.0,923.0,921.0,1627777|1629027|1629611|1630168|1630249,1629661|1630549|1630570|1631213|1641721,2024-25,228,0.08450704225352113
127806,08:54,"Young Out of Bounds Lost Ball Turnover (P2.T5)
",0,0,0,0,2025-03-16,0022400978,0,0,BKN,2,0,-12,09:07,Off Timeout,1,Young Out of Bounds Lost Ball Turnover (P2.T5),,BKN,ATL,ATL,1610612737,2025,893.0,906.0,899.5,1627777|1629027|1629611|1630168|1630249,1629661|1630549|1630570|1631213|1641721,2024-25,205,0.5316455696202531
127810,09:41,"Risacher Offensive Charge Foul (P3) (J.Goble)
Risacher Offensive Foul Turnover (P2.T4)
",0,0,0,0,2025-03-16,0022400978,0,0,BKN,2,0,-8,09:53,Off Long Mid-Range Make,1,Risacher Offensive Foul Turnover (P2.T4),,BKN,ATL,ATL,1610612737,2025,847.0,859.0,853.0,1629027|1629611|1631230|1631243|1642258,1629661|1630549|1630570|1631213|1641721,2024-25,206,0.4367816091954023
127808,09:09,"Sharpe BLOCK (2 BLK): MISS Young 4' Driving Layup
Sharpe REBOUND (Off:0 Def:2)
",1,0,0,0,2025-03-16,0022400978,0,0,BKN,2,0,-10,09:24,Off FT Make,0,Sharpe REBOUND (Off:0 Def:2),,BKN,ATL,ATL,1610612737,2025,876.0,891.0,883.5,1629027|1629611|1630168|1630249|1631243,1629661|1630549|1630570|1631213|1641721,2024-25,197,0.23076923076923078
127809,09:41,"Risacher Offensive Charge Foul (P3) (J.Goble)
Risacher Offensive Foul Turnover (P2.T4)
",0,0,0,0,2025-03-16,0022400978,0,0,BKN,2,0,-8,09:53,Off Long Mid-Range Make,1,Risacher Offensive Charge Foul (P3) (J.Goble),,BKN,ATL,ATL,1610612737,2025,847.0,859.0,853.0,1629027|1629611|1631230|1631243|1642258,1629661|1630549|1630570|1631213|1641721,2024-25,206,0.13043478260869565
127803,08:01,"MISS Okongwu 6' Turnaround Hook Shot
Mann REBOUND (Off:1 Def:0)
Lewis STEAL (1 STL): Mann Lost Ball Turnover (P1.T6)
",1,0,0,0,2025-03-16,0022400978,0,1,BKN,2,0,-9,08:19,Off Corner 3 Miss,1,Mann REBOUND (Off:1 Def:0),,BKN,ATL,ATL,1610612737,2025,941.0,959.0,950.0,1627777|1629027|1629611|1630168|1630249,1630549|1630553|1630592|1641721|1641736,2024-25,223,0.2972972972972973
127811,10:10,"Sharpe BLOCK (1 BLK): MISS Mann 7' Turnaround Jump Shot
Risacher REBOUND (Off:1 Def:1)
Risacher Tip Layup Shot (7 PTS)
",2,1,0,0,2025-03-16,0022400978,0,1,BKN,2,0,-8,10:33,Off FT Make,0,Sharpe BLOCK (1 BLK): MISS Mann 7' Turnaround Jump Shot,,BKN,ATL,ATL,1610612737,2025,807.0,830.0,818.5,1629027|1629611|1631230|1631243|1642258,1629661|1630549|1630570|1631213|1641721,2024-25,199,0.5625
127807,09:09,"Sharpe BLOCK (2 BLK): MISS Young 4' Driving Layup
Sharpe REBOUND (Off:0 Def:2)
",1,0,0,0,2025-03-16,0022400978,0,0,BKN,2,0,-10,09:24,Off FT Make,0,Sharpe BLOCK (2 BLK): MISS Young 4' Driving Layup,,BKN,ATL,ATL,1610612737,2025,876.0,891.0,883.5,1629027|1629611|1630168|1630249|1631243,1629661|1630549|1630570|1631213|1641721,2024-25,215,0.21505376344086022
127802,08:01,"MISS Okongwu 6' Turnaround Hook Shot
Mann REBOUND (Off:1 Def:0)
Lewis STEAL (1 STL): Mann Lost Ball Turnover (P1.T6)
",1,0,0,0,2025-03-16,0022400978,0,1,BKN,2,0,-9,08:19,Off Corner 3 Miss,1,MISS Okongwu 6' Turnaround Hook Shot,,BKN,ATL,ATL,1610612737,2025,941.0,959.0,950.0,1627777|1629027|1629611|1630168|1630249,1630549|1630553|1630592|1641721|1641736,2024-25,243,0.18181818181818182
127797,07:23,"MISS Niang 3PT Jump Shot
Hawks Rebound
Claxton S.FOUL (P1.T1) (M.Kallio)
Mann Free Throw 1 of 2 (8 PTS)
Mann Free Throw 2 of 2 (9 PTS)
",0,0,1,0,2025-03-16,0022400978,0,1,BKN,2,1,-9,07:55,Off Steal,0,MISS Niang 3PT Jump Shot,,BKN,ATL,ATL,1610612737,2025,965.0,997.0,981.0,1627777|1629611|1630168|1630249|1630700,1629651|1630553|1630592|1641721|1641736,2024-25,256,0.6829268292682927
127800,07:23,"MISS Niang 3PT Jump Shot
Hawks Rebound
Claxton S.FOUL (P1.T1) (M.Kallio)
Mann Free Throw 1 of 2 (8 PTS)
Mann Free Throw 2 of 2 (9 PTS)
",0,0,1,0,2025-03-16,0022400978,0,1,BKN,2,1,-9,07:55,Off Steal,0,Mann Free Throw 1 of 2 (8 PTS),,BKN,ATL,ATL,1610612737,2025,965.0,997.0,981.0,1627777|1629611|1630168|1630249|1630700,1629651|1630553|1630592|1641721|1641736,2024-25,217,0.358974358974359
127799,07:23,"MISS Niang 3PT Jump Shot
Hawks Rebound
Claxton S.FOUL (P1.T1) (M.Kallio)
Mann Free Throw 1 of 2 (8 PTS)
Mann Free Throw 2 of 2 (9 PTS)
",0,0,1,0,2025-03-16,0022400978,0,1,BKN,2,1,-9,07:55,Off Steal,0,Claxton S.FOUL (P1.T1) (M.Kallio),,BKN,ATL,ATL,1610612737,2025,965.0,997.0,981.0,1627777|1629611|1630168|1630249|1630700,1629651|1630553|1630592|1641721|1641736,2024-25,216,0.2318840579710145
127798,07:23,"MISS Niang 3PT Jump Shot
Hawks Rebound
Claxton S.FOUL (P1.T1) (M.Kallio)
Mann Free Throw 1 of 2 (8 PTS)
Mann Free Throw 2 of 2 (9 PTS)
",0,0,1,0,2025-03-16,0022400978,0,1,BKN,2,1,-9,07:55,Off Steal,0,Hawks Rebound,,BKN,ATL,ATL,1610612737,2025,965.0,997.0,981.0,1627777|1629611|1630168|1630249|1630700,1629651|1630553|1630592|1641721|1641736,2024-25,258,0.5714285714285714
127768,00:55,"Watford S.FOUL (P2.T4) (G.Petraitis)
MISS Okongwu Free Throw 1 of 2
Hawks Rebound
Okongwu Free Throw 2 of 2 (10 PTS)
",0,0,0,0,2025-03-16,0022400978,0,0,BKN,2,1,4,00:58,Off Steal,0,Watford S.FOUL (P2.T4) (G.Petraitis),,BKN,ATL,ATL,1610612737,2025,1382.0,1385.0,1383.5,1627777|1629027|1630168|1630249|1630700,1629651|1629661|1630570|1630592|1631213,2024-25,330,0.3076923076923077
127769,00:55,"Watford S.FOUL (P2.T4) (G.Petraitis)
MISS Okongwu Free Throw 1 of 2
Hawks Rebound
Okongwu Free Throw 2 of 2 (10 PTS)
",0,0,0,0,2025-03-16,0022400978,0,0,BKN,2,1,4,00:58,Off Steal,0,MISS Okongwu Free Throw 1 of 2,,BKN,ATL,ATL,1610612737,2025,1382.0,1385.0,1383.5,1627777|1629027|1630168|1630249|1630700,1629651|1629661|1630570|1630592|1631213,2024-25,355,0.24489795918367346
127875,00:10,"MISS Young 4' Driving Reverse Layup
Daniels REBOUND (Off:3 Def:3)
K. Johnson BLOCK (1 BLK): MISS Daniels 2' Tip Layup Shot
Hawks Rebound
Martin STEAL (1 STL): Young Bad Pass Turnover (P6.T14)
",2,0,0,0,2025-03-16,0022400978,0,2,BKN,4,0,-8,00:23,Off Timeout,1,Martin STEAL (1 STL): Young Bad Pass Turnover (P6.T14),,BKN,ATL,ATL,1610612737,2025,2857.0,2870.0,2863.5,1627777|1629027|1630168|1630249|1630700,1629651|1629661|1630553|1630570|1631213,2024-25,721,0.6896551724137931
127877,00:31,"Claxton BLOCK (1 BLK): MISS Daniels 26' 3PT Jump Shot
K. Johnson REBOUND (Off:3 Def:5)
",0,0,1,0,2025-03-16,0022400978,0,0,BKN,4,0,-8,00:38,Off Steal,0,K. Johnson REBOUND (Off:3 Def:5),,BKN,ATL,ATL,1610612737,2025,2842.0,2849.0,2845.5,1627777|1629027|1630168|1630249|1630700,1629651|1629661|1630553|1630570|1631213,2024-25,651,0.12
127908,08:56,"Young 3' Driving Reverse Layup (23 PTS)
",1,1,0,0,2025-03-16,0022400978,0,0,BKN,4,0,-3,09:06,Off At Rim Make,0,Young 3' Driving Reverse Layup (23 PTS),,BKN,ATL,ATL,1610612737,2025,2334.0,2344.0,2339.0,1627777|1629027|1629611|1631230|1642258,1629661|1630549|1630592|1631213|1641721,2024-25,575,0.9230769230769231
127907,08:07,"MISS Mann 14' Fadeaway Jumper
Sharpe REBOUND (Off:0 Def:7)
",1,0,0,0,2025-03-16,0022400978,0,0,BKN,4,0,-4,08:27,Off Timeout,0,Sharpe REBOUND (Off:0 Def:7),,BKN,ATL,ATL,1610612737,2025,2373.0,2393.0,2383.0,1629611|1630168|1630700|1631243|1642258,1629661|1630549|1630592|1631213|1641721,2024-25,604,0.7796610169491526
127812,10:10,"Sharpe BLOCK (1 BLK): MISS Mann 7' Turnaround Jump Shot
Risacher REBOUND (Off:1 Def:1)
Risacher Tip Layup Shot (7 PTS)
",2,1,0,0,2025-03-16,0022400978,0,1,BKN,2,0,-8,10:33,Off FT Make,0,Risacher REBOUND (Off:1 Def:1),,BKN,ATL,ATL,1610612737,2025,807.0,830.0,818.5,1629027|1629611|1631230|1631243|1642258,1629661|1630549|1630570|1631213|1641721,2024-25,201,0.3170731707317073
127801,07:23,"MISS Niang 3PT Jump Shot
Hawks Rebound
Claxton S.FOUL (P1.T1) (M.Kallio)
Mann Free Throw 1 of 2 (8 PTS)
Mann Free Throw 2 of 2 (9 PTS)
",0,0,1,0,2025-03-16,0022400978,0,1,BKN,2,1,-9,07:55,Off Steal,0,Mann Free Throw 2 of 2 (9 PTS),,BKN,ATL,ATL,1610612737,2025,965.0,997.0,981.0,1627777|1629611|1630168|1630249|1630700,1629651|1630553|1630592|1641721|1641736,2024-25,217,0.38461538461538464
127813,10:10,"Sharpe BLOCK (1 BLK): MISS Mann 7' Turnaround Jump Shot
Risacher REBOUND (Off:1 Def:1)
Risacher Tip Layup Shot (7 PTS)
",2,1,0,0,2025-03-16,0022400978,0,1,BKN,2,0,-8,10:33,Off FT Make,0,Risacher Tip Layup Shot (7 PTS),,BKN,ATL,ATL,1610612737,2025,807.0,830.0,818.5,1629027|1629611|1631230|1631243|1642258,1629661|1630549|1630570|1631213|1641721,2024-25,202,0.8666666666666667
127782,03:51,"Wilson S.FOUL (P1.T3) (J.Goble)
Young Free Throw 1 of 3 (11 PTS)
Young Free Throw 2 of 3 (12 PTS)
Young Free Throw 3 of 3 (13 PTS)
",0,0,0,0,2025-03-16,0022400978,0,0,BKN,2,1,-7,03:58,Off At Rim Miss,0,Young Free Throw 3 of 3 (13 PTS),,BKN,ATL,ATL,1610612737,2025,1202.0,1209.0,1205.5,1627777|1629027|1630168|1630249|1630700,1629651|1629661|1630553|1630592|1631213,2024-25,312,0.45454545454545453
127815,11:06,"Mann 1' Running Reverse Dunk Shot (7 PTS) (Young 3 AST)
",1,1,0,0,2025-03-16,0022400978,0,0,BKN,2,0,-7,11:10,Off FT Miss,0,Mann 1' Running Reverse Dunk Shot (7 PTS) (Young 3 AST),,BKN,ATL,ATL,1610612737,2025,770.0,774.0,772.0,1629027|1629611|1631230|1631243|1642258,1629661|1630549|1630570|1631213|1641721,2024-25,188,0.08333333333333333
127909,09:32,"Niang 6' Turnaround Hook Shot (12 PTS) (Young 8 AST)
",1,1,0,0,2025-03-16,0022400978,0,0,BKN,4,0,-3,09:49,Off At Rim Make,0,Niang 6' Turnaround Hook Shot (12 PTS) (Young 8 AST),,BKN,ATL,ATL,1610612737,2025,2291.0,2308.0,2299.5,1627777|1629027|1629611|1631230|1642258,1629661|1630549|1630592|1631213|1641721,2024-25,572,0.8627450980392157
127783,04:20,"MISS Krejci 25' 3PT Jump Shot
Niang REBOUND (Off:1 Def:2)
Niang Out of Bounds Lost Ball Turnover (P1.T7)
",0,0,1,0,2025-03-16,0022400978,0,1,BKN,2,0,-7,04:36,Off Dead Ball,1,MISS Krejci 25' 3PT Jump Shot,,BKN,ATL,ATL,1610612737,2025,1164.0,1180.0,1172.0,1627777|1629027|1630168|1630249|1630700,1629651|1629661|1630553|1630592|1641736,2024-25,301,0.23333333333333334
127781,03:51,"Wilson S.FOUL (P1.T3) (J.Goble)
Young Free Throw 1 of 3 (11 PTS)
Young Free Throw 2 of 3 (12 PTS)
Young Free Throw 3 of 3 (13 PTS)
",0,0,0,0,2025-03-16,0022400978,0,0,BKN,2,1,-7,03:58,Off At Rim Miss,0,Young Free Throw 2 of 3 (12 PTS),,BKN,ATL,ATL,1610612737,2025,1202.0,1209.0,1205.5,1627777|1629027|1630168|1630249|1630700,1629651|1629661|1630553|1630592|1631213,2024-25,311,0.31746031746031744
127780,03:51,"Wilson S.FOUL (P1.T3) (J.Goble)
Young Free Throw 1 of 3 (11 PTS)
Young Free Throw 2 of 3 (12 PTS)
Young Free Throw 3 of 3 (13 PTS)
",0,0,0,0,2025-03-16,0022400978,0,0,BKN,2,1,-7,03:58,Off At Rim Miss,0,Young Free Throw 1 of 3 (11 PTS),,BKN,ATL,ATL,1610612737,2025,1202.0,1209.0,1205.5,1627777|1629027|1630168|1630249|1630700,1629651|1629661|1630553|1630592|1631213,2024-25,310,0.273972602739726
127779,03:51,"Wilson S.FOUL (P1.T3) (J.Goble)
Young Free Throw 1 of 3 (11 PTS)
Young Free Throw 2 of 3 (12 PTS)
Young Free Throw 3 of 3 (13 PTS)
",0,0,0,0,2025-03-16,0022400978,0,0,BKN,2,1,-7,03:58,Off At Rim Miss,0,Wilson S.FOUL (P1.T3) (J.Goble),,BKN,ATL,ATL,1610612737,2025,1202.0,1209.0,1205.5,1627777|1629027|1630168|1630249|1630700,1629651|1629661|1630553|1630592|1631213,2024-25,281,0.32432432432432434
127778,03:24,"Krejci 3PT Jump Shot (3 PTS) (Daniels 3 AST)
",0,0,1,1,2025-03-16,0022400978,0,0,BKN,2,0,-6,03:38,Off FT Make,0,Krejci 3PT Jump Shot (3 PTS) (Daniels 3 AST),,BKN,ATL,ATL,1610612737,2025,1222.0,1236.0,1229.0,1627777|1629027|1630168|1630249|1630700,1629651|1629661|1630570|1630592|1631213,2024-25,319,0.7764705882352941
127777,02:58,"Daniels 4' Cutting Layup Shot (3 PTS) (Young 4 AST)
",1,1,0,0,2025-03-16,0022400978,0,0,BKN,2,0,-5,03:13,Off FT Make,0,Daniels 4' Cutting Layup Shot (3 PTS) (Young 4 AST),,BKN,ATL,ATL,1610612737,2025,1247.0,1262.0,1254.5,1627777|1629027|1630168|1630249|1630700,1629651|1629661|1630570|1630592|1631213,2024-25,325,0.23529411764705882
127776,02:39,"Daniels 1' Running Dunk (5 PTS)
",1,1,0,0,2025-03-16,0022400978,0,0,BKN,2,0,-3,02:41,Off Steal,0,Daniels 1' Running Dunk (5 PTS),,BKN,ATL,ATL,1610612737,2025,1279.0,1281.0,1280.0,1627777|1629027|1630168|1630249|1630700,1629651|1629661|1630570|1630592|1631213,2024-25,329,0.4444444444444444
127775,02:16,"Okongwu 4' Turnaround Hook Shot (9 PTS) (Young 5 AST)
",1,1,0,0,2025-03-16,0022400978,0,0,BKN,2,0,-1,02:29,Off Timeout,0,Okongwu 4' Turnaround Hook Shot (9 PTS) (Young 5 AST),,BKN,ATL,ATL,1610612737,2025,1291.0,1304.0,1297.5,1627777|1629027|1630168|1630249|1630700,1629651|1629661|1630570|1630592|1631213,2024-25,338,0.29213483146067415
127774,01:40,"MISS Krejci 26' 3PT Jump Shot
Watford REBOUND (Off:0 Def:1)
",0,0,1,0,2025-03-16,0022400978,0,0,BKN,2,0,1,01:51,Off Steal,0,Watford REBOUND (Off:0 Def:1),,BKN,ATL,ATL,1610612737,2025,1329.0,1340.0,1334.5,1627777|1629027|1630168|1630249|1630700,1629651|1629661|1630570|1630592|1631213,2024-25,280,0.6885245901639344
127773,01:40,"MISS Krejci 26' 3PT Jump Shot
Watford REBOUND (Off:0 Def:1)
",0,0,1,0,2025-03-16,0022400978,0,0,BKN,2,0,1,01:51,Off Steal,0,MISS Krejci 26' 3PT Jump Shot,,BKN,ATL,ATL,1610612737,2025,1329.0,1340.0,1334.5,1627777|1629027|1630168|1630249|1630700,1629651|1629661|1630570|1630592|1631213,2024-25,341,0.15
127772,01:23,"Niang 26' 3PT Running Jump Shot (10 PTS) (Krejci 2 AST)
",0,0,1,1,2025-03-16,0022400978,0,0,BKN,2,0,1,01:26,Off Corner 3 Miss,0,Niang 26' 3PT Running Jump Shot (10 PTS) (Krejci 2 AST),,BKN,ATL,ATL,1610612737,2025,1354.0,1357.0,1355.5,1627777|1629027|1630168|1630249|1630700,1629651|1629661|1630570|1630592|1631213,2024-25,346,0.8113207547169812
127771,00:55,"Watford S.FOUL (P2.T4) (G.Petraitis)
MISS Okongwu Free Throw 1 of 2
Hawks Rebound
Okongwu Free Throw 2 of 2 (10 PTS)
",0,0,0,0,2025-03-16,0022400978,0,0,BKN,2,1,4,00:58,Off Steal,0,Okongwu Free Throw 2 of 2 (10 PTS),,BKN,ATL,ATL,1610612737,2025,1382.0,1385.0,1383.5,1627777|1629027|1630168|1630249|1630700,1629651|1629661|1630570|1630592|1631213,2024-25,357,0.27692307692307694
127794,06:41,"MISS Niang 6' Driving Hook Shot
Okongwu REBOUND (Off:1 Def:4)
MISS Okongwu 4' Putback Layup
Claxton REBOUND (Off:0 Def:1)
",2,0,0,0,2025-03-16,0022400978,0,1,BKN,2,0,-10,07:11,Off Corner 3 Make,0,Okongwu REBOUND (Off:1 Def:4),,BKN,ATL,ATL,1610612737,2025,1009.0,1039.0,1024.0,1627777|1629611|1630168|1630249|1630700,1629651|1630553|1630592|1641721|1641736,2024-25,230,0.1702127659574468
127821,00:00,"MISS Mann 15' Driving Floating Jump Shot
Hawks Rebound
",1,0,0,0,2025-03-16,0022400978,0,0,BKN,3,0,1,00:04,Off Corner 3 Make,0,Hawks Rebound,,BKN,ATL,ATL,1610612737,2025,2156.0,2160.0,2158.0,1627777|1629027|1629611|1630249|1631230,1630549|1630553|1630570|1641721|1641736,2024-25,481,0.3448275862068966
127795,06:41,"MISS Niang 6' Driving Hook Shot
Okongwu REBOUND (Off:1 Def:4)
MISS Okongwu 4' Putback Layup
Claxton REBOUND (Off:0 Def:1)
",2,0,0,0,2025-03-16,0022400978,0,1,BKN,2,0,-10,07:11,Off Corner 3 Make,0,MISS Okongwu 4' Putback Layup,,BKN,ATL,ATL,1610612737,2025,1009.0,1039.0,1024.0,1627777|1629611|1630168|1630249|1630700,1629651|1630553|1630592|1641721|1641736,2024-25,267,0.896551724137931
127796,06:41,"MISS Niang 6' Driving Hook Shot
Okongwu REBOUND (Off:1 Def:4)
MISS Okongwu 4' Putback Layup
Claxton REBOUND (Off:0 Def:1)
",2,0,0,0,2025-03-16,0022400978,0,1,BKN,2,0,-10,07:11,Off Corner 3 Make,0,Claxton REBOUND (Off:0 Def:1),,BKN,ATL,ATL,1610612737,2025,1009.0,1039.0,1024.0,1627777|1629611|1630168|1630249|1630700,1629651|1630553|1630592|1641721|1641736,2024-25,230,0.1702127659574468
127819,11:41,"MISS Risacher 25' 3PT Jump Shot
C. Johnson REBOUND (Off:0 Def:1)
",0,0,1,0,2025-03-16,0022400978,0,0,BKN,2,0,-6,12:00,Off Dead Ball,0,C. Johnson REBOUND (Off:0 Def:1),,BKN,ATL,ATL,1610612737,2025,720.0,739.0,729.5,1629027|1629611|1631230|1631243|1642258,1629661|1630549|1630570|1631213|1641721,2024-25,166,0.16
127818,11:41,"MISS Risacher 25' 3PT Jump Shot
C. Johnson REBOUND (Off:0 Def:1)
",0,0,1,0,2025-03-16,0022400978,0,0,BKN,2,0,-6,12:00,Off Dead Ball,0,MISS Risacher 25' 3PT Jump Shot,,BKN,ATL,ATL,1610612737,2025,720.0,739.0,729.5,1629027|1629611|1631230|1631243|1642258,1629661|1630549|1630570|1631213|1641721,2024-25,177,0.7636363636363637
127817,11:15,"MISS Mann 3PT Running Jump Shot
Martin REBOUND (Off:0 Def:3)
",0,0,1,0,2025-03-16,0022400978,0,0,BKN,2,0,-6,11:25,Off Steal,0,Martin REBOUND (Off:0 Def:3),,BKN,ATL,ATL,1610612737,2025,755.0,765.0,760.0,1629027|1629611|1631230|1631243|1642258,1629661|1630549|1630570|1631213|1641721,2024-25,187,0.08695652173913043
127816,11:15,"MISS Mann 3PT Running Jump Shot
Martin REBOUND (Off:0 Def:3)
",0,0,1,0,2025-03-16,0022400978,0,0,BKN,2,0,-6,11:25,Off Steal,0,MISS Mann 3PT Running Jump Shot,,BKN,ATL,ATL,1610612737,2025,755.0,765.0,760.0,1629027|1629611|1631230|1631243|1642258,1629661|1630549|1630570|1631213|1641721,2024-25,181,0.7272727272727273
127814,10:43,"Young 10' Driving Floating Jump Shot (10 PTS)
",1,1,0,0,2025-03-16,0022400978,0,0,BKN,2,0,-8,10:59,Off FT Make,0,Young 10' Driving Floating Jump Shot (10 PTS),,BKN,ATL,ATL,1610612737,2025,781.0,797.0,789.0,1629027|1629611|1631230|1631243|1642258,1629661|1630549|1630570|1631213|1641721,2024-25,194,0.375
127910,10:14,"Mann 11' Step Back Jump Shot (13 PTS)
",1,1,0,0,2025-03-16,0022400978,0,0,BKN,4,0,-3,10:27,Off At Rim Make,0,Mann 11' Step Back Jump Shot (13 PTS),,BKN,ATL,ATL,1610612737,2025,2253.0,2266.0,2259.5,1627777|1629027|1629611|1631230|1642258,1629661|1630549|1630592|1631213|1641721,2024-25,569,0.961038961038961
127879,01:20,"MISS Niang 26' 3PT Step Back Jump Shot
C. Johnson REBOUND (Off:0 Def:4)
",0,0,1,0,2025-03-16,0022400978,0,0,BKN,4,0,-8,01:42,Off At Rim Make,0,MISS Niang 26' 3PT Step Back Jump Shot,,BKN,ATL,ATL,1610612737,2025,2778.0,2800.0,2789.0,1627777|1629027|1630168|1630249|1630700,1629651|1629661|1630553|1630570|1631213,2024-25,703,0.26506024096385544
127912,10:44,"MISS Niang 26' 3PT Running Jump Shot
Sharpe REBOUND (Off:0 Def:6)
",0,0,1,0,2025-03-16,0022400978,0,0,BKN,4,0,-1,10:51,Off Short Mid-Range Miss,0,Sharpe REBOUND (Off:0 Def:6),,BKN,ATL,ATL,1610612737,2025,2229.0,2236.0,2232.5,1627777|1629027|1629611|1631230|1642258,1629661|1630549|1630592|1631213|1641721,2024-25,514,0.3137254901960784
127888,04:05,"Martin P.FOUL (P3.T2) (J.Goble)
MISS Mann 28' 3PT Jump Shot
Okongwu REBOUND (Off:2 Def:12)
Okongwu Tip Dunk Shot (19 PTS)
",1,1,1,0,2025-03-16,0022400978,0,1,BKN,4,0,-5,04:29,Off Timeout,0,Martin P.FOUL (P3.T2) (J.Goble),,BKN,ATL,ATL,1610612737,2025,2611.0,2635.0,2623.0,1629027|1629611|1630168|1630249|1630700,1629651|1629661|1630553|1630570|1631213,2024-25,598,0.1509433962264151
127887,03:27,"Krejci 3' Driving Finger Roll Layup (8 PTS) (Young 11 AST)
",1,1,0,0,2025-03-16,0022400978,0,0,BKN,4,0,-6,03:42,Off Arc 3 Make,0,Krejci 3' Driving Finger Roll Layup (8 PTS) (Young 11 AST),,BKN,ATL,ATL,1610612737,2025,2658.0,2673.0,2665.5,1629027|1629611|1630168|1630249|1630700,1629651|1629661|1630553|1630570|1631213,2024-25,668,0.8907563025210085
127886,02:59,"Watford STEAL (1 STL): Young Bad Pass Turnover (P5.T13)
",0,0,0,0,2025-03-16,0022400978,0,0,BKN,4,0,-4,03:05,Off Arc 3 Miss,1,Watford STEAL (1 STL): Young Bad Pass Turnover (P5.T13),,BKN,ATL,ATL,1610612737,2025,2695.0,2701.0,2698.0,1629027|1629611|1630168|1630249|1630700,1629651|1629661|1630553|1630570|1631213,2024-25,672,0.14893617021276595
127885,02:29,"Young 6' Driving Floating Jump Shot (28 PTS) (Okongwu 1 AST)
",1,1,0,0,2025-03-16,0022400978,0,0,BKN,4,0,-5,02:51,Off FT Make,0,Young 6' Driving Floating Jump Shot (28 PTS) (Okongwu 1 AST),,BKN,ATL,ATL,1610612737,2025,2709.0,2731.0,2720.0,1627777|1629027|1630168|1630249|1630700,1629651|1629661|1630553|1630570|1631213,2024-25,692,0.9523809523809523
127884,02:03,"MISS Niang 27' 3PT Jump Shot
Daniels REBOUND (Off:2 Def:3)
MISS Daniels Tip Layup Shot
Martin REBOUND (Off:1 Def:5)
",1,0,1,0,2025-03-16,0022400978,0,1,BKN,4,0,-6,02:18,Off Arc 3 Make,0,Martin REBOUND (Off:1 Def:5),,BKN,ATL,ATL,1610612737,2025,2742.0,2757.0,2749.5,1627777|1629027|1630168|1630249|1630700,1629651|1629661|1630553|1630570|1631213,2024-25,649,0.4067796610169492
127883,02:03,"MISS Niang 27' 3PT Jump Shot
Daniels REBOUND (Off:2 Def:3)
MISS Daniels Tip Layup Shot
Martin REBOUND (Off:1 Def:5)
",1,0,1,0,2025-03-16,0022400978,0,1,BKN,4,0,-6,02:18,Off Arc 3 Make,0,MISS Daniels Tip Layup Shot,,BKN,ATL,ATL,1610612737,2025,2742.0,2757.0,2749.5,1627777|1629027|1630168|1630249|1630700,1629651|1629661|1630553|1630570|1631213,2024-25,698,0.8461538461538461
127882,02:03,"MISS Niang 27' 3PT Jump Shot
Daniels REBOUND (Off:2 Def:3)
MISS Daniels Tip Layup Shot
Martin REBOUND (Off:1 Def:5)
",1,0,1,0,2025-03-16,0022400978,0,1,BKN,4,0,-6,02:18,Off Arc 3 Make,0,Daniels REBOUND (Off:2 Def:3),,BKN,ATL,ATL,1610612737,2025,2742.0,2757.0,2749.5,1627777|1629027|1630168|1630249|1630700,1629651|1629661|1630553|1630570|1631213,2024-25,697,0.9508196721311475
127889,04:05,"Martin P.FOUL (P3.T2) (J.Goble)
MISS Mann 28' 3PT Jump Shot
Okongwu REBOUND (Off:2 Def:12)
Okongwu Tip Dunk Shot (19 PTS)
",1,1,1,0,2025-03-16,0022400978,0,1,BKN,4,0,-5,04:29,Off Timeout,0,MISS Mann 28' 3PT Jump Shot,,BKN,ATL,ATL,1610612737,2025,2611.0,2635.0,2623.0,1629027|1629611|1630168|1630249|1630700,1629651|1629661|1630553|1630570|1631213,2024-25,663,0.6808510638297872
127880,01:20,"MISS Niang 26' 3PT Step Back Jump Shot
C. Johnson REBOUND (Off:0 Def:4)
",0,0,1,0,2025-03-16,0022400978,0,0,BKN,4,0,-8,01:42,Off At Rim Make,0,C. Johnson REBOUND (Off:0 Def:4),,BKN,ATL,ATL,1610612737,2025,2778.0,2800.0,2789.0,1627777|1629027|1630168|1630249|1630700,1629651|1629661|1630553|1630570|1631213,2024-25,635,0.2909090909090909
127881,02:03,"MISS Niang 27' 3PT Jump Shot
Daniels REBOUND (Off:2 Def:3)
MISS Daniels Tip Layup Shot
Martin REBOUND (Off:1 Def:5)
",1,0,1,0,2025-03-16,0022400978,0,1,BKN,4,0,-6,02:18,Off Arc 3 Make,0,MISS Niang 27' 3PT Jump Shot,,BKN,ATL,ATL,1610612737,2025,2742.0,2757.0,2749.5,1627777|1629027|1630168|1630249|1630700,1629651|1629661|1630553|1630570|1631213,2024-25,696,0.6938775510204082
127902,07:03,"MISS Young 10' Driving Floating Jump Shot
C. Johnson REBOUND (Off:0 Def:3)
",1,0,0,0,2025-03-16,0022400978,0,0,BKN,4,0,-8,07:21,Off FT Make,0,MISS Young 10' Driving Floating Jump Shot,,BKN,ATL,ATL,1610612737,2025,2439.0,2457.0,2448.0,1629027|1629611|1630168|1630700|1642258,1629651|1629661|1630553|1630592|1641736,2024-25,605,0.2857142857142857
127901,06:47,"Okongwu 3' Cutting Layup Shot (16 PTS) (Young 9 AST)
Claxton S.FOUL (P2.T1) (G.Petraitis)
Okongwu Free Throw 1 of 1 (17 PTS)
",1,1,0,0,2025-03-16,0022400978,0,0,BKN,4,1,-11,06:56,Off Arc 3 Make,0,Okongwu Free Throw 1 of 1 (17 PTS),,BKN,ATL,ATL,1610612737,2025,2464.0,2473.0,2468.5,1629027|1629611|1630168|1630700|1642258,1629651|1629661|1630553|1630592|1641736,2024-25,615,0.704225352112676
127900,06:47,"Okongwu 3' Cutting Layup Shot (16 PTS) (Young 9 AST)
Claxton S.FOUL (P2.T1) (G.Petraitis)
Okongwu Free Throw 1 of 1 (17 PTS)
",1,1,0,0,2025-03-16,0022400978,0,0,BKN,4,1,-11,06:56,Off Arc 3 Make,0,Claxton S.FOUL (P2.T1) (G.Petraitis),,BKN,ATL,ATL,1610612737,2025,2464.0,2473.0,2468.5,1629027|1629611|1630168|1630700|1642258,1629651|1629661|1630553|1630592|1641736,2024-25,558,0.208955223880597
127898,06:12,"Daniels 1' Cutting Layup Shot (14 PTS) (Young 10 AST)
",1,1,0,0,2025-03-16,0022400978,0,0,BKN,4,0,-10,06:22,Off Long Mid-Range Make,0,Daniels 1' Cutting Layup Shot (14 PTS) (Young 10 AST),,BKN,ATL,ATL,1610612737,2025,2498.0,2508.0,2503.0,1629027|1629611|1630168|1630700|1642258,1629651|1630553|1630592|1641721|1641736,2024-25,618,0.41304347826086957
127899,06:47,"Okongwu 3' Cutting Layup Shot (16 PTS) (Young 9 AST)
Claxton S.FOUL (P2.T1) (G.Petraitis)
Okongwu Free Throw 1 of 1 (17 PTS)
",1,1,0,0,2025-03-16,0022400978,0,0,BKN,4,1,-11,06:56,Off Arc 3 Make,0,Okongwu 3' Cutting Layup Shot (16 PTS) (Young 9 AST),,BKN,ATL,ATL,1610612737,2025,2464.0,2473.0,2468.5,1629027|1629611|1630168|1630700|1642258,1629651|1629661|1630553|1630592|1641736,2024-25,609,0.4444444444444444
127896,05:43,"MISS Risacher 26' 3PT Jump Shot
K. Johnson REBOUND (Off:2 Def:3)
",0,0,1,0,2025-03-16,0022400978,0,0,BKN,4,0,-8,05:53,Off Block,0,MISS Risacher 26' 3PT Jump Shot,,BKN,ATL,ATL,1610612737,2025,2527.0,2537.0,2532.0,1629027|1629611|1630168|1630700|1642258,1629651|1630553|1630592|1641721|1641736,2024-25,625,0.26865671641791045
127895,05:28,"Claxton STEAL (2 STL): Okongwu Lost Ball Turnover (P1.T12)
",0,0,0,0,2025-03-16,0022400978,0,0,BKN,4,0,-8,05:39,Off Corner 3 Miss,1,Claxton STEAL (2 STL): Okongwu Lost Ball Turnover (P1.T12),,BKN,ATL,ATL,1610612737,2025,2541.0,2552.0,2546.5,1629027|1629611|1630168|1630700|1642258,1629651|1630553|1630592|1641721|1641736,2024-25,639,0.25287356321839083
127894,05:07,"Young 27' 3PT Step Back Jump Shot (26 PTS)
",0,0,1,1,2025-03-16,0022400978,0,0,BKN,4,0,-8,05:13,Off Long Mid-Range Miss,0,Young 27' 3PT Step Back Jump Shot (26 PTS),,BKN,ATL,ATL,1610612737,2025,2567.0,2573.0,2570.0,1629027|1629611|1630168|1630249|1630700,1629651|1630553|1630592|1641721|1641736,2024-25,638,0.8311688311688312
127878,00:59,"Okongwu 3' Cutting Layup Shot (21 PTS) (Young 12 AST)
",1,1,0,0,2025-03-16,0022400978,0,0,BKN,4,0,-10,01:07,Off At Rim Make,0,Okongwu 3' Cutting Layup Shot (21 PTS) (Young 12 AST),,BKN,ATL,ATL,1610612737,2025,2813.0,2821.0,2817.0,1627777|1629027|1630168|1630249|1630700,1629651|1629661|1630553|1630570|1631213,2024-25,707,0.8653846153846154
127897,05:43,"MISS Risacher 26' 3PT Jump Shot
K. Johnson REBOUND (Off:2 Def:3)
",0,0,1,0,2025-03-16,0022400978,0,0,BKN,4,0,-8,05:53,Off Block,0,K. Johnson REBOUND (Off:2 Def:3),,BKN,ATL,ATL,1610612737,2025,2527.0,2537.0,2532.0,1629027|1629611|1630168|1630700|1642258,1629651|1630553|1630592|1641721|1641736,2024-25,585,0.2909090909090909
127784,04:20,"MISS Krejci 25' 3PT Jump Shot
Niang REBOUND (Off:1 Def:2)
Niang Out of Bounds Lost Ball Turnover (P1.T7)
",0,0,1,0,2025-03-16,0022400978,0,1,BKN,2,0,-7,04:36,Off Dead Ball,1,Niang REBOUND (Off:1 Def:2),,BKN,ATL,ATL,1610612737,2025,1164.0,1180.0,1172.0,1627777|1629027|1630168|1630249|1630700,1629651|1629661|1630553|1630592|1641736,2024-25,302,0.9473684210526315
127890,04:05,"Martin P.FOUL (P3.T2) (J.Goble)
MISS Mann 28' 3PT Jump Shot
Okongwu REBOUND (Off:2 Def:12)
Okongwu Tip Dunk Shot (19 PTS)
",1,1,1,0,2025-03-16,0022400978,0,1,BKN,4,0,-5,04:29,Off Timeout,0,Okongwu REBOUND (Off:2 Def:12),,BKN,ATL,ATL,1610612737,2025,2611.0,2635.0,2623.0,1629027|1629611|1630168|1630249|1630700,1629651|1629661|1630553|1630570|1631213,2024-25,637,0.7666666666666667
127891,04:05,"Martin P.FOUL (P3.T2) (J.Goble)
MISS Mann 28' 3PT Jump Shot
Okongwu REBOUND (Off:2 Def:12)
Okongwu Tip Dunk Shot (19 PTS)
",1,1,1,0,2025-03-16,0022400978,0,1,BKN,4,0,-5,04:29,Off Timeout,0,Okongwu Tip Dunk Shot (19 PTS),,BKN,ATL,ATL,1610612737,2025,2611.0,2635.0,2623.0,1629027|1629611|1630168|1630249|1630700,1629651|1629661|1630553|1630570|1631213,2024-25,609,0.5
127892,04:36,"MISS Mann 3PT Jump Shot
K. Johnson REBOUND (Off:2 Def:4)
",0,0,1,0,2025-03-16,0022400978,0,0,BKN,4,0,-5,04:46,Off Arc 3 Miss,0,MISS Mann 3PT Jump Shot,,BKN,ATL,ATL,1610612737,2025,2594.0,2604.0,2599.0,1629027|1629611|1630168|1630249|1630700,1629651|1629661|1630553|1630570|1641736,2024-25,648,0.6666666666666666
127893,04:36,"MISS Mann 3PT Jump Shot
K. Johnson REBOUND (Off:2 Def:4)
",0,0,1,0,2025-03-16,0022400978,0,0,BKN,4,0,-5,04:46,Off Arc 3 Miss,0,K. Johnson REBOUND (Off:2 Def:4),,BKN,ATL,ATL,1610612737,2025,2594.0,2604.0,2599.0,1629027|1629611|1630168|1630249|1630700,1629651|1629661|1630553|1630570|1641736,2024-25,588,0.16
127913,11:20,"MISS Young 4' Driving Floating Bank Jump Shot
Sharpe REBOUND (Off:0 Def:5)
",1,0,0,0,2025-03-16,0022400978,0,0,BKN,4,0,-1,11:34,Off Short Mid-Range Make,0,MISS Young 4' Driving Floating Bank Jump Shot,,BKN,ATL,ATL,1610612737,2025,2186.0,2200.0,2193.0,1627777|1629027|1629611|1630249|1631230,1629661|1630549|1630570|1631213|1641721,2024-25,552,0.8705882352941177
127914,11:20,"MISS Young 4' Driving Floating Bank Jump Shot
Sharpe REBOUND (Off:0 Def:5)
",1,0,0,0,2025-03-16,0022400978,0,0,BKN,4,0,-1,11:34,Off Short Mid-Range Make,0,Sharpe REBOUND (Off:0 Def:5),,BKN,ATL,ATL,1610612737,2025,2186.0,2200.0,2193.0,1627777|1629027|1629611|1630249|1631230,1629661|1630549|1630570|1631213|1641721,2024-25,505,0.2222222222222222
127766,00:23,"MISS Okongwu 3PT Jump Shot
Martin REBOUND (Off:0 Def:4)
",0,0,1,0,2025-03-16,0022400978,0,0,BKN,2,0,3,00:32,Off At Rim Make,0,MISS Okongwu 3PT Jump Shot,,BKN,ATL,ATL,1610612737,2025,1408.0,1417.0,1412.5,1627777|1629027|1630168|1630249|1630700,1629651|1629661|1630570|1630592|1631213,2024-25,364,0.34782608695652173
127765,00:06,"Young 26' 3PT Running Pull-Up Jump Shot (16 PTS) (Daniels 4 AST)
",0,0,1,1,2025-03-16,0022400978,0,0,BKN,2,0,3,00:10,Off Steal,0,Young 26' 3PT Running Pull-Up Jump Shot (16 PTS) (Daniels 4 AST),,BKN,ATL,ATL,1610612737,2025,1430.0,1434.0,1432.0,1627777|1629027|1630168|1630249|1630700,1629651|1629661|1630570|1630592|1631213,2024-25,368,0.8455284552845529
127906,08:07,"MISS Mann 14' Fadeaway Jumper
Sharpe REBOUND (Off:0 Def:7)
",1,0,0,0,2025-03-16,0022400978,0,0,BKN,4,0,-4,08:27,Off Timeout,0,MISS Mann 14' Fadeaway Jumper,,BKN,ATL,ATL,1610612737,2025,2373.0,2393.0,2383.0,1629611|1630168|1630700|1631243|1642258,1629661|1630549|1630592|1631213|1641721,2024-25,587,0.25
127764,11:41,"K. Johnson S.FOUL (P1.T1) (G.Petraitis)
MISS Daniels Free Throw 1 of 2
Hawks Rebound
MISS Daniels Free Throw 2 of 2
Martin REBOUND (Off:0 Def:1)
",0,0,0,0,2025-03-16,0022400978,0,0,BKN,1,1,0,11:45,Off Steal,0,Martin REBOUND (Off:0 Def:1),,BKN,ATL,ATL,1610612737,2025,15.0,19.0,17.0,1629027|1630168|1630700|1631243|1642258,1629651|1629661|1630553|1630592|1631213,2024-25,8,0.2692307692307692
127762,11:41,"K. Johnson S.FOUL (P1.T1) (G.Petraitis)
MISS Daniels Free Throw 1 of 2
Hawks Rebound
MISS Daniels Free Throw 2 of 2
Martin REBOUND (Off:0 Def:1)
",0,0,0,0,2025-03-16,0022400978,0,0,BKN,1,1,0,11:45,Off Steal,0,Hawks Rebound,,BKN,ATL,ATL,1610612737,2025,15.0,19.0,17.0,1629027|1630168|1630700|1631243|1642258,1629651|1629661|1630553|1630592|1631213,2024-25,12,0.5714285714285714
127761,11:41,"K. Johnson S.FOUL (P1.T1) (G.Petraitis)
MISS Daniels Free Throw 1 of 2
Hawks Rebound
MISS Daniels Free Throw 2 of 2
Martin REBOUND (Off:0 Def:1)
",0,0,0,0,2025-03-16,0022400978,0,0,BKN,1,1,0,11:45,Off Steal,0,MISS Daniels Free Throw 1 of 2,,BKN,ATL,ATL,1610612737,2025,15.0,19.0,17.0,1629027|1630168|1630700|1631243|1642258,1629651|1629661|1630553|1630592|1631213,2024-25,11,0.9523809523809523
127760,11:41,"K. Johnson S.FOUL (P1.T1) (G.Petraitis)
MISS Daniels Free Throw 1 of 2
Hawks Rebound
MISS Daniels Free Throw 2 of 2
Martin REBOUND (Off:0 Def:1)
",0,0,0,0,2025-03-16,0022400978,0,0,BKN,1,1,0,11:45,Off Steal,0,K. Johnson S.FOUL (P1.T1) (G.Petraitis),,BKN,ATL,ATL,1610612737,2025,15.0,19.0,17.0,1629027|1630168|1630700|1631243|1642258,1629651|1629661|1630553|1630592|1631213,2024-25,8,0.38095238095238093
127759,11:11,"Risacher 25' 3PT Jump Shot (3 PTS) (Young 1 AST)
",0,0,1,1,2025-03-16,0022400978,0,0,BKN,1,0,-2,11:29,Off At Rim Make,0,Risacher 25' 3PT Jump Shot (3 PTS) (Young 1 AST),,BKN,ATL,ATL,1610612737,2025,31.0,49.0,40.0,1629027|1630168|1630700|1631243|1642258,1629651|1629661|1630553|1630592|1631213,2024-25,10,0.4421052631578947
127911,10:44,"MISS Niang 26' 3PT Running Jump Shot
Sharpe REBOUND (Off:0 Def:6)
",0,0,1,0,2025-03-16,0022400978,0,0,BKN,4,0,-1,10:51,Off Short Mid-Range Miss,0,MISS Niang 26' 3PT Running Jump Shot,,BKN,ATL,ATL,1610612737,2025,2229.0,2236.0,2232.5,1627777|1629027|1629611|1631230|1642258,1629661|1630549|1630592|1631213|1641721,2024-25,565,0.7384615384615385
127758,10:26,"MISS Young 17' Driving Floating Jump Shot
K. Johnson REBOUND (Off:0 Def:1)
",1,0,0,0,2025-03-16,0022400978,0,0,BKN,1,0,-2,10:53,Off Arc 3 Make,0,K. Johnson REBOUND (Off:0 Def:1),,BKN,ATL,ATL,1610612737,2025,67.0,94.0,80.5,1629027|1630168|1630700|1631243|1642258,1629651|1629661|1630553|1630592|1631213,2024-25,18,0.27956989247311825
127756,10:10,"Young 4' Driving Layup (2 PTS)
",1,1,0,0,2025-03-16,0022400978,0,0,BKN,1,0,-5,10:20,Off Arc 3 Make,0,Young 4' Driving Layup (2 PTS),,BKN,ATL,ATL,1610612737,2025,100.0,110.0,105.0,1629027|1630168|1630700|1631243|1642258,1629651|1629661|1630553|1630592|1631213,2024-25,25,0.46153846153846156
127755,09:45,"Claxton STEAL (1 STL): Young Bad Pass Turnover (P1.T1)
",0,0,0,0,2025-03-16,0022400978,0,0,BKN,1,0,-3,09:49,Off At Rim Block,1,Claxton STEAL (1 STL): Young Bad Pass Turnover (P1.T1),,BKN,ATL,ATL,1610612737,2025,131.0,135.0,133.0,1629027|1630168|1630700|1631243|1642258,1629651|1629661|1630553|1630592|1631213,2024-25,29,0.6896551724137931
127754,09:26,"Young 3' Driving Layup (4 PTS)
",1,1,0,0,2025-03-16,0022400978,0,0,BKN,1,0,-6,09:37,Off Arc 3 Make,0,Young 3' Driving Layup (4 PTS),,BKN,ATL,ATL,1610612737,2025,143.0,154.0,148.5,1629027|1630168|1630700|1631243|1642258,1629651|1629661|1630553|1630592|1631213,2024-25,33,0.22580645161290322
127753,08:56,"Daniels Out of Bounds Lost Ball Turnover (P1.T2)
",0,0,0,0,2025-03-16,0022400978,0,0,BKN,1,0,-7,09:03,Off FT Make,1,Daniels Out of Bounds Lost Ball Turnover (P1.T2),,BKN,ATL,ATL,1610612737,2025,177.0,184.0,180.5,1629027|1630168|1630700|1631243|1642258,1629651|1629661|1630553|1630592|1631213,2024-25,39,0.2553191489361702
127752,08:42,"Risacher 1' Running Layup (5 PTS) (Daniels 1 AST)
",1,1,0,0,2025-03-16,0022400978,0,0,BKN,1,0,-7,08:46,Off Steal,0,Risacher 1' Running Layup (5 PTS) (Daniels 1 AST),,BKN,ATL,ATL,1610612737,2025,194.0,198.0,196.0,1629027|1630168|1630700|1631243|1642258,1629651|1629661|1630553|1630592|1631213,2024-25,42,0.07792207792207792
127763,11:41,"K. Johnson S.FOUL (P1.T1) (G.Petraitis)
MISS Daniels Free Throw 1 of 2
Hawks Rebound
MISS Daniels Free Throw 2 of 2
Martin REBOUND (Off:0 Def:1)
",0,0,0,0,2025-03-16,0022400978,0,0,BKN,1,1,0,11:45,Off Steal,0,MISS Daniels Free Throw 2 of 2,,BKN,ATL,ATL,1610612737,2025,15.0,19.0,17.0,1629027|1630168|1630700|1631243|1642258,1629651|1629661|1630553|1630592|1631213,2024-25,13,0.9523809523809523
127905,07:36,"MISS Gueye 3PT Jump Shot
Wilson REBOUND (Off:2 Def:1)
",0,0,1,0,2025-03-16,0022400978,0,0,BKN,4,0,-6,07:49,Off At Rim Make,0,Wilson REBOUND (Off:2 Def:1),,BKN,ATL,ATL,1610612737,2025,2411.0,2424.0,2417.5,1629611|1630168|1630700|1631243|1642258,1629661|1630549|1630592|1631213|1641721,2024-25,616,0.7666666666666667
127866,11:00,"Martin S.FOUL (P2.T1) (J.Goble)
Okongwu Free Throw 1 of 2 (11 PTS)
Okongwu Free Throw 2 of 2 (12 PTS)
",0,0,0,0,2025-03-16,0022400978,0,0,BKN,3,1,6,11:02,Off Steal,0,Martin S.FOUL (P2.T1) (J.Goble),,BKN,ATL,ATL,1610612737,2025,1498.0,1500.0,1499.0,1629027|1630168|1630700|1631243|1642258,1629651|1629661|1630553|1630592|1631213,2024-25,386,0.4
127903,07:03,"MISS Young 10' Driving Floating Jump Shot
C. Johnson REBOUND (Off:0 Def:3)
",1,0,0,0,2025-03-16,0022400978,0,0,BKN,4,0,-8,07:21,Off FT Make,0,C. Johnson REBOUND (Off:0 Def:3),,BKN,ATL,ATL,1610612737,2025,2439.0,2457.0,2448.0,1629027|1629611|1630168|1630700|1642258,1629651|1629661|1630553|1630592|1641736,2024-25,562,0.3157894736842105
127904,07:36,"MISS Gueye 3PT Jump Shot
Wilson REBOUND (Off:2 Def:1)
",0,0,1,0,2025-03-16,0022400978,0,0,BKN,4,0,-6,07:49,Off At Rim Make,0,MISS Gueye 3PT Jump Shot,,BKN,ATL,ATL,1610612737,2025,2411.0,2424.0,2417.5,1629611|1630168|1630700|1631243|1642258,1629661|1630549|1630592|1631213|1641721,2024-25,591,0.09523809523809523
127757,10:26,"MISS Young 17' Driving Floating Jump Shot
K. Johnson REBOUND (Off:0 Def:1)
",1,0,0,0,2025-03-16,0022400978,0,0,BKN,1,0,-2,10:53,Off Arc 3 Make,0,MISS Young 17' Driving Floating Jump Shot,,BKN,ATL,ATL,1610612737,2025,67.0,94.0,80.5,1629027|1630168|1630700|1631243|1642258,1629651|1629661|1630553|1630592|1631213,2024-25,17,0.32558139534883723
127785,04:20,"MISS Krejci 25' 3PT Jump Shot
Niang REBOUND (Off:1 Def:2)
Niang Out of Bounds Lost Ball Turnover (P1.T7)
",0,0,1,0,2025-03-16,0022400978,0,1,BKN,2,0,-7,04:36,Off Dead Ball,1,Niang Out of Bounds Lost Ball Turnover (P1.T7),,BKN,ATL,ATL,1610612737,2025,1164.0,1180.0,1172.0,1627777|1629027|1630168|1630249|1630700,1629651|1629661|1630553|1630592|1641736,2024-25,331,0.6170212765957447
127876,00:31,"Claxton BLOCK (1 BLK): MISS Daniels 26' 3PT Jump Shot
K. Johnson REBOUND (Off:3 Def:5)
",0,0,1,0,2025-03-16,0022400978,0,0,BKN,4,0,-8,00:38,Off Steal,0,Claxton BLOCK (1 BLK): MISS Daniels 26' 3PT Jump Shot,,BKN,ATL,ATL,1610612737,2025,2842.0,2849.0,2845.5,1627777|1629027|1630168|1630249|1630700,1629651|1629661|1630553|1630570|1631213,2024-25,713,0.5348837209302325
127787,04:58,"K. Johnson P.FOUL (P3.T2) (J.Goble)
Niang 4' Turnaround Hook Shot (7 PTS)
",1,1,0,0,2025-03-16,0022400978,0,0,BKN,2,0,-9,05:18,Off FT Make,0,Niang 4' Turnaround Hook Shot (7 PTS),,BKN,ATL,ATL,1610612737,2025,1122.0,1142.0,1132.0,1627777|1629027|1629611|1630168|1630700,1629651|1629661|1630553|1630592|1641736,2024-25,295,0.34782608695652173
127723,01:39,"Sharpe P.FOUL (P1.PN) (G.Petraitis)
Niang Free Throw 1 of 2 (1 PTS)
Niang Free Throw 2 of 2 (2 PTS)
",0,0,0,0,2025-03-16,0022400978,1,0,BKN,1,0,-4,01:56,Off Dead Ball,0,Niang Free Throw 1 of 2 (1 PTS),,BKN,ATL,ATL,1610612737,2025,604.0,621.0,612.5,1627777|1629027|1629611|1630249|1631230,1630549|1630553|1630570|1641721|1641736,2024-25,141,0.3
127724,01:39,"Sharpe P.FOUL (P1.PN) (G.Petraitis)
Niang Free Throw 1 of 2 (1 PTS)
Niang Free Throw 2 of 2 (2 PTS)
",0,0,0,0,2025-03-16,0022400978,1,0,BKN,1,0,-4,01:56,Off Dead Ball,0,Niang Free Throw 2 of 2 (2 PTS),,BKN,ATL,ATL,1610612737,2025,604.0,621.0,612.5,1627777|1629027|1629611|1630249|1631230,1630549|1630553|1630570|1641721|1641736,2024-25,142,0.3058823529411765
127725,02:06,"MISS Niang 4' Cutting Layup Shot
NETS Rebound
",1,0,0,0,2025-03-16,0022400978,0,0,BKN,1,0,-4,02:17,Off At Rim Make,0,MISS Niang 4' Cutting Layup Shot,,BKN,ATL,ATL,1610612737,2025,583.0,594.0,588.5,1627777|1629027|1629611|1630249|1631230,1629661|1630549|1630570|1641721|1641736,2024-25,133,0.16326530612244897
127726,02:06,"MISS Niang 4' Cutting Layup Shot
NETS Rebound
",1,0,0,0,2025-03-16,0022400978,0,0,BKN,1,0,-4,02:17,Off At Rim Make,0,NETS Rebound,,BKN,ATL,ATL,1610612737,2025,583.0,594.0,588.5,1627777|1629027|1629611|1630249|1631230,1629661|1630549|1630570|1641721|1641736,2024-25,155,0.45454545454545453
127727,02:35,"Mann 6' Driving Floating Jump Shot (4 PTS)
Beekman S.FOUL (P1.T4) (M.Kallio)
Mann Free Throw 1 of 1 (5 PTS)
",1,1,0,0,2025-03-16,0022400978,0,0,BKN,1,1,-5,02:37,Off Short Mid-Range Miss,0,Mann 6' Driving Floating Jump Shot (4 PTS),,BKN,ATL,ATL,1610612737,2025,563.0,565.0,564.0,1627777|1629027|1629611|1630249|1631230,1629661|1630549|1630570|1641721|1641736,2024-25,127,0.23376623376623376
127728,02:35,"Mann 6' Driving Floating Jump Shot (4 PTS)
Beekman S.FOUL (P1.T4) (M.Kallio)
Mann Free Throw 1 of 1 (5 PTS)
",1,1,0,0,2025-03-16,0022400978,0,0,BKN,1,1,-5,02:37,Off Short Mid-Range Miss,0,Beekman S.FOUL (P1.T4) (M.Kallio),,BKN,ATL,ATL,1610612737,2025,563.0,565.0,564.0,1627777|1629027|1629611|1630249|1631230,1629661|1630549|1630570|1641721|1641736,2024-25,130,0.3333333333333333
127729,02:35,"Mann 6' Driving Floating Jump Shot (4 PTS)
Beekman S.FOUL (P1.T4) (M.Kallio)
Mann Free Throw 1 of 1 (5 PTS)
",1,1,0,0,2025-03-16,0022400978,0,0,BKN,1,1,-5,02:37,Off Short Mid-Range Miss,0,Mann Free Throw 1 of 1 (5 PTS),,BKN,ATL,ATL,1610612737,2025,563.0,565.0,564.0,1627777|1629027|1629611|1630249|1631230,1629661|1630549|1630570|1641721|1641736,2024-25,130,0.9523809523809523
127731,02:59,"MISS Krejci 27' 3PT Jump Shot
NETS Rebound
",0,0,1,0,2025-03-16,0022400978,0,0,BKN,1,0,-5,03:15,Off Timeout,0,NETS Rebound,,BKN,ATL,ATL,1610612737,2025,525.0,541.0,533.0,1627777|1629027|1629611|1630249|1631230,1629661|1630549|1630570|1641721|1641736,2024-25,121,0.27586206896551724
127749,07:48,"Martin S.FOUL (P1.T2) (G.Petraitis)
Okongwu Free Throw 1 of 2 (1 PTS)
Okongwu Free Throw 2 of 2 (2 PTS)
",0,0,0,0,2025-03-16,0022400978,0,0,BKN,1,1,-5,07:53,Off Corner 3 Miss,0,Okongwu Free Throw 2 of 2 (2 PTS),,BKN,ATL,ATL,1610612737,2025,247.0,252.0,249.5,1629027|1630168|1630700|1631243|1642258,1629651|1629661|1630553|1630592|1631213,2024-25,56,0.7761194029850746
127750,08:19,"MISS Risacher 27' 3PT Running Jump Shot
NETS Rebound
",0,0,1,0,2025-03-16,0022400978,0,0,BKN,1,0,-5,08:24,Off Steal,0,MISS Risacher 27' 3PT Running Jump Shot,,BKN,ATL,ATL,1610612737,2025,216.0,221.0,218.5,1629027|1630168|1630700|1631243|1642258,1629651|1629661|1630553|1630592|1631213,2024-25,46,0.2535211267605634
127751,08:19,"MISS Risacher 27' 3PT Running Jump Shot
NETS Rebound
",0,0,1,0,2025-03-16,0022400978,0,0,BKN,1,0,-5,08:24,Off Steal,0,NETS Rebound,,BKN,ATL,ATL,1610612737,2025,216.0,221.0,218.5,1629027|1630168|1630700|1631243|1642258,1629651|1629661|1630553|1630592|1631213,2024-25,45,0.4090909090909091
127846,06:31,"MISS Risacher 3PT Jump Shot
Claxton REBOUND (Off:0 Def:3)
",0,0,1,0,2025-03-16,0022400978,0,0,BKN,3,0,7,06:42,Off At Rim Make,0,MISS Risacher 3PT Jump Shot,,BKN,ATL,ATL,1610612737,2025,1758.0,1769.0,1763.5,1629027|1630168|1630700|1631243|1642258,1629651|1629661|1630553|1630592|1631213,2024-25,442,0.23529411764705882
127845,05:42,"Risacher 5' Turnaround Hook Shot (16 PTS)
",1,1,0,0,2025-03-16,0022400978,0,0,BKN,3,0,7,06:04,Off Long Mid-Range Miss,0,Risacher 5' Turnaround Hook Shot (16 PTS),,BKN,ATL,ATL,1610612737,2025,1796.0,1818.0,1807.0,1627777|1630168|1630249|1630700|1642258,1629651|1629661|1630570|1630592|1631213,2024-25,455,0.8571428571428571
127844,05:17,"Okongwu 8' Floating Jump Shot (14 PTS) (Daniels 7 AST)
",1,1,0,0,2025-03-16,0022400978,0,0,BKN,3,0,6,05:29,Off Arc 3 Make,0,Okongwu 8' Floating Jump Shot (14 PTS) (Daniels 7 AST),,BKN,ATL,ATL,1610612737,2025,1831.0,1843.0,1837.0,1627777|1630168|1630249|1630700|1642258,1629651|1629661|1630570|1630592|1631213,2024-25,458,0.36363636363636365
127843,04:53,"Daniels 2' Driving Finger Roll Layup (12 PTS)
",1,1,0,0,2025-03-16,0022400978,0,0,BKN,3,0,6,05:01,Off At Rim Make,0,Daniels 2' Driving Finger Roll Layup (12 PTS),,BKN,ATL,ATL,1610612737,2025,1859.0,1867.0,1863.0,1627777|1630168|1630249|1630700|1642258,1629651|1629661|1630570|1630592|1631213,2024-25,461,0.9333333333333333
127842,04:26,"MISS Daniels 5' Driving Layup
Sharpe REBOUND (Off:0 Def:3)
",1,0,0,0,2025-03-16,0022400978,0,0,BKN,3,0,6,04:44,Off FT Make,0,Sharpe REBOUND (Off:0 Def:3),,BKN,ATL,ATL,1610612737,2025,1876.0,1894.0,1885.0,1627777|1629611|1630249|1630700|1631230,1629661|1630549|1630570|1631213|1641721,2024-25,408,0.20253164556962025
127841,04:26,"MISS Daniels 5' Driving Layup
Sharpe REBOUND (Off:0 Def:3)
",1,0,0,0,2025-03-16,0022400978,0,0,BKN,3,0,6,04:44,Off FT Make,0,MISS Daniels 5' Driving Layup,,BKN,ATL,ATL,1610612737,2025,1876.0,1894.0,1885.0,1627777|1629611|1630249|1630700|1631230,1629661|1630549|1630570|1631213|1641721,2024-25,419,0.2978723404255319
127840,04:03,"Daniels T.FOUL (P0.T3) (J.Goble)
C. Johnson Free Throw Technical (18 PTS)
MISS Niang 26' 3PT Jump Shot
Lewis REBOUND (Off:0 Def:1)
",0,0,1,0,2025-03-16,0022400978,0,0,BKN,3,0,6,04:21,Off Steal,0,Lewis REBOUND (Off:0 Def:1),,BKN,ATL,ATL,1610612737,2025,1899.0,1917.0,1908.0,1627777|1629611|1630249|1630700|1631230,1630549|1630553|1630570|1641721|1641736,2024-25,441,0.2465753424657534
127839,04:03,"Daniels T.FOUL (P0.T3) (J.Goble)
C. Johnson Free Throw Technical (18 PTS)
MISS Niang 26' 3PT Jump Shot
Lewis REBOUND (Off:0 Def:1)
",0,0,1,0,2025-03-16,0022400978,0,0,BKN,3,0,6,04:21,Off Steal,0,MISS Niang 26' 3PT Jump Shot,,BKN,ATL,ATL,1610612737,2025,1899.0,1917.0,1908.0,1627777|1629611|1630249|1630700|1631230,1630549|1630553|1630570|1641721|1641736,2024-25,483,0.13953488372093023
127786,04:58,"K. Johnson P.FOUL (P3.T2) (J.Goble)
Niang 4' Turnaround Hook Shot (7 PTS)
",1,1,0,0,2025-03-16,0022400978,0,0,BKN,2,0,-9,05:18,Off FT Make,0,K. Johnson P.FOUL (P3.T2) (J.Goble),,BKN,ATL,ATL,1610612737,2025,1122.0,1142.0,1132.0,1627777|1629027|1629611|1630168|1630700,1629651|1629661|1630553|1630592|1641736,2024-25,257,0.24561403508771928
127838,04:03,"Daniels T.FOUL (P0.T3) (J.Goble)
C. Johnson Free Throw Technical (18 PTS)
MISS Niang 26' 3PT Jump Shot
Lewis REBOUND (Off:0 Def:1)
",0,0,1,0,2025-03-16,0022400978,0,0,BKN,3,0,6,04:21,Off Steal,0,C. Johnson Free Throw Technical (18 PTS),,BKN,ATL,ATL,1610612737,2025,1899.0,1917.0,1908.0,1627777|1629611|1630249|1630700|1631230,1630549|1630553|1630570|1641721|1641736,2024-25,427,0.38202247191011235
127722,01:39,"Sharpe P.FOUL (P1.PN) (G.Petraitis)
Niang Free Throw 1 of 2 (1 PTS)
Niang Free Throw 2 of 2 (2 PTS)
",0,0,0,0,2025-03-16,0022400978,1,0,BKN,1,0,-4,01:56,Off Dead Ball,0,Sharpe P.FOUL (P1.PN) (G.Petraitis),,BKN,ATL,ATL,1610612737,2025,604.0,621.0,612.5,1627777|1629027|1629611|1630249|1631230,1630549|1630553|1630570|1641721|1641736,2024-25,137,0.11538461538461539
127837,04:03,"Daniels T.FOUL (P0.T3) (J.Goble)
C. Johnson Free Throw Technical (18 PTS)
MISS Niang 26' 3PT Jump Shot
Lewis REBOUND (Off:0 Def:1)
",0,0,1,0,2025-03-16,0022400978,0,0,BKN,3,0,6,04:21,Off Steal,0,Daniels T.FOUL (P0.T3) (J.Goble),,BKN,ATL,ATL,1610612737,2025,1899.0,1917.0,1908.0,1627777|1629611|1630249|1630700|1631230,1630549|1630553|1630570|1641721|1641736,2024-25,479,0.4367816091954023
127721,00:56,"K. Johnson P.FOUL (P2.PN) (G.Petraitis)
MISS Young Free Throw 1 of 2
Hawks Rebound
Young Free Throw 2 of 2 (8 PTS)
",0,0,0,0,2025-03-16,0022400978,1,0,BKN,1,0,-5,01:07,Off Arc 3 Make,0,Young Free Throw 2 of 2 (8 PTS),,BKN,ATL,ATL,1610612737,2025,653.0,664.0,658.5,1627777|1629027|1629611|1630249|1631230,1630549|1630553|1630570|1641721|1641736,2024-25,157,0.25806451612903225
127719,00:56,"K. Johnson P.FOUL (P2.PN) (G.Petraitis)
MISS Young Free Throw 1 of 2
Hawks Rebound
Young Free Throw 2 of 2 (8 PTS)
",0,0,0,0,2025-03-16,0022400978,1,0,BKN,1,0,-5,01:07,Off Arc 3 Make,0,MISS Young Free Throw 1 of 2,,BKN,ATL,ATL,1610612737,2025,653.0,664.0,658.5,1627777|1629027|1629611|1630249|1631230,1630549|1630553|1630570|1641721|1641736,2024-25,155,0.3333333333333333
127734,03:38,"Watford S.FOUL (P1.T3) (J.Goble)
MISS Daniels Free Throw 1 of 2
Hawks Rebound
Daniels Free Throw 2 of 2 (1 PTS)
",0,0,0,0,2025-03-16,0022400978,0,0,BKN,1,1,-6,03:53,Off Short Mid-Range Make,0,Hawks Rebound,,BKN,ATL,ATL,1610612737,2025,487.0,502.0,494.5,1627777|1629611|1630249|1630700|1631230,1630549|1630570|1630592|1631213|1641721,2024-25,106,0.36363636363636365
127735,03:38,"Watford S.FOUL (P1.T3) (J.Goble)
MISS Daniels Free Throw 1 of 2
Hawks Rebound
Daniels Free Throw 2 of 2 (1 PTS)
",0,0,0,0,2025-03-16,0022400978,0,0,BKN,1,1,-6,03:53,Off Short Mid-Range Make,0,Daniels Free Throw 2 of 2 (1 PTS),,BKN,ATL,ATL,1610612737,2025,487.0,502.0,494.5,1627777|1629611|1630249|1630700|1631230,1630549|1630570|1630592|1631213|1641721,2024-25,112,0.1643835616438356
127736,04:10,"Mann 5' Driving Floating Bank Jump Shot (2 PTS)
",1,1,0,0,2025-03-16,0022400978,0,0,BKN,1,0,-6,04:19,Off Arc 3 Make,0,Mann 5' Driving Floating Bank Jump Shot (2 PTS),,BKN,ATL,ATL,1610612737,2025,461.0,470.0,465.5,1627777|1629611|1630249|1630700|1631230,1630549|1630570|1630592|1631213|1641721,2024-25,101,0.45
127737,04:38,"Risacher Out of Bounds Lost Ball Turnover (P1.T3)
",0,0,0,0,2025-03-16,0022400978,0,0,BKN,1,0,-3,04:45,Off At Rim Make,1,Risacher Out of Bounds Lost Ball Turnover (P1.T3),,BKN,ATL,ATL,1610612737,2025,435.0,442.0,438.5,1630168|1630249|1630700|1631243|1642258,1629651|1629661|1630570|1630592|1631213,2024-25,107,0.3373493975903614
127739,04:56,"MISS Daniels 11' Floating Jump Shot
Martin REBOUND (Off:0 Def:2)
",1,0,0,0,2025-03-16,0022400978,0,0,BKN,1,0,-1,05:06,Off Arc 3 Miss,0,Martin REBOUND (Off:0 Def:2),,BKN,ATL,ATL,1610612737,2025,414.0,424.0,419.0,1630168|1630249|1630700|1631243|1642258,1629651|1629661|1630570|1630592|1631213,2024-25,84,0.16666666666666666
127740,05:28,"Okongwu 8' Turnaround Hook Shot (4 PTS) (Daniels 2 AST)
",1,1,0,0,2025-03-16,0022400978,0,0,BKN,1,0,-3,05:40,Off Short Mid-Range Make,0,Okongwu 8' Turnaround Hook Shot (4 PTS) (Daniels 2 AST),,BKN,ATL,ATL,1610612737,2025,380.0,392.0,386.0,1630168|1630249|1630700|1631243|1642258,1629651|1629661|1630570|1630592|1631213,2024-25,81,0.19444444444444445
127744,06:41,"MISS Risacher 3PT Jump Shot
Gueye REBOUND (Off:1 Def:0)
Young 3PT Jump Shot (7 PTS) (Gueye 1 AST)
",0,0,2,1,2025-03-16,0022400978,0,1,BKN,1,0,-4,07:00,Off Corner 3 Make,0,Gueye REBOUND (Off:1 Def:0),,BKN,ATL,ATL,1610612737,2025,300.0,319.0,309.5,1629027|1630168|1630700|1631243|1642258,1629651|1629661|1630570|1630592|1631213,2024-25,76,0.9122807017543859
127742,06:04,"MISS Gueye 26' 3PT Jump Shot
NETS Rebound
",0,0,1,0,2025-03-16,0022400978,0,0,BKN,1,0,-1,06:15,Off Dead Ball,0,NETS Rebound,,BKN,ATL,ATL,1610612737,2025,345.0,356.0,350.5,1630168|1630249|1630700|1631243|1642258,1629651|1629661|1630570|1630592|1631213,2024-25,69,0.2
127743,06:41,"MISS Risacher 3PT Jump Shot
Gueye REBOUND (Off:1 Def:0)
Young 3PT Jump Shot (7 PTS) (Gueye 1 AST)
",0,0,2,1,2025-03-16,0022400978,0,1,BKN,1,0,-4,07:00,Off Corner 3 Make,0,MISS Risacher 3PT Jump Shot,,BKN,ATL,ATL,1610612737,2025,300.0,319.0,309.5,1629027|1630168|1630700|1631243|1642258,1629651|1629661|1630570|1630592|1631213,2024-25,67,0.3050847457627119
127745,06:41,"MISS Risacher 3PT Jump Shot
Gueye REBOUND (Off:1 Def:0)
Young 3PT Jump Shot (7 PTS) (Gueye 1 AST)
",0,0,2,1,2025-03-16,0022400978,0,1,BKN,1,0,-4,07:00,Off Corner 3 Make,0,Young 3PT Jump Shot (7 PTS) (Gueye 1 AST),,BKN,ATL,ATL,1610612737,2025,300.0,319.0,309.5,1629027|1630168|1630700|1631243|1642258,1629651|1629661|1630570|1630592|1631213,2024-25,69,0.810126582278481
127746,07:13,"Gueye 1' Cutting Dunk Shot (2 PTS) (Young 2 AST)
",1,1,0,0,2025-03-16,0022400978,0,0,BKN,1,0,-3,07:23,Off Block,0,Gueye 1' Cutting Dunk Shot (2 PTS) (Young 2 AST),,BKN,ATL,ATL,1610612737,2025,277.0,287.0,282.0,1629027|1630168|1630700|1631243|1642258,1629651|1629661|1630553|1630592|1631213,2024-25,59,0.17142857142857143
127747,07:48,"Martin S.FOUL (P1.T2) (G.Petraitis)
Okongwu Free Throw 1 of 2 (1 PTS)
Okongwu Free Throw 2 of 2 (2 PTS)
",0,0,0,0,2025-03-16,0022400978,0,0,BKN,1,1,-5,07:53,Off Corner 3 Miss,0,Martin S.FOUL (P1.T2) (G.Petraitis),,BKN,ATL,ATL,1610612737,2025,247.0,252.0,249.5,1629027|1630168|1630700|1631243|1642258,1629651|1629661|1630553|1630592|1631213,2024-25,51,0.3
127733,03:38,"Watford S.FOUL (P1.T3) (J.Goble)
MISS Daniels Free Throw 1 of 2
Hawks Rebound
Daniels Free Throw 2 of 2 (1 PTS)
",0,0,0,0,2025-03-16,0022400978,0,0,BKN,1,1,-6,03:53,Off Short Mid-Range Make,0,MISS Daniels Free Throw 1 of 2,,BKN,ATL,ATL,1610612737,2025,487.0,502.0,494.5,1627777|1629611|1630249|1630700|1631230,1630549|1630570|1630592|1631213|1641721,2024-25,105,0.24615384615384617
127741,06:04,"MISS Gueye 26' 3PT Jump Shot
NETS Rebound
",0,0,1,0,2025-03-16,0022400978,0,0,BKN,1,0,-1,06:15,Off Dead Ball,0,MISS Gueye 26' 3PT Jump Shot,,BKN,ATL,ATL,1610612737,2025,345.0,356.0,350.5,1630168|1630249|1630700|1631243|1642258,1629651|1629661|1630570|1630592|1631213,2024-25,76,0.3448275862068966
127732,03:38,"Watford S.FOUL (P1.T3) (J.Goble)
MISS Daniels Free Throw 1 of 2
Hawks Rebound
Daniels Free Throw 2 of 2 (1 PTS)
",0,0,0,0,2025-03-16,0022400978,0,0,BKN,1,1,-6,03:53,Off Short Mid-Range Make,0,Watford S.FOUL (P1.T3) (J.Goble),,BKN,ATL,ATL,1610612737,2025,487.0,502.0,494.5,1627777|1629611|1630249|1630700|1631230,1630549|1630570|1630592|1631213|1641721,2024-25,127,0.26865671641791045
127770,00:55,"Watford S.FOUL (P2.T4) (G.Petraitis)
MISS Okongwu Free Throw 1 of 2
Hawks Rebound
Okongwu Free Throw 2 of 2 (10 PTS)
",0,0,0,0,2025-03-16,0022400978,0,0,BKN,2,1,4,00:58,Off Steal,0,Hawks Rebound,,BKN,ATL,ATL,1610612737,2025,1382.0,1385.0,1383.5,1627777|1629027|1630168|1630249|1630700,1629651|1629661|1630570|1630592|1631213,2024-25,356,0.5714285714285714
127730,02:59,"MISS Krejci 27' 3PT Jump Shot
NETS Rebound
",0,0,1,0,2025-03-16,0022400978,0,0,BKN,1,0,-5,03:15,Off Timeout,0,MISS Krejci 27' 3PT Jump Shot,,BKN,ATL,ATL,1610612737,2025,525.0,541.0,533.0,1627777|1629027|1629611|1630249|1631230,1629661|1630549|1630570|1641721|1641736,2024-25,123,0.4166666666666667
127748,07:48,"Martin S.FOUL (P1.T2) (G.Petraitis)
Okongwu Free Throw 1 of 2 (1 PTS)
Okongwu Free Throw 2 of 2 (2 PTS)
",0,0,0,0,2025-03-16,0022400978,0,0,BKN,1,1,-5,07:53,Off Corner 3 Miss,0,Okongwu Free Throw 1 of 2 (1 PTS),,BKN,ATL,ATL,1610612737,2025,247.0,252.0,249.5,1629027|1630168|1630700|1631243|1642258,1629651|1629661|1630553|1630592|1631213,2024-25,55,0.9565217391304348
127716,00:21,"MISS Mann 7' Turnaround Fadeaway Shot
Sharpe REBOUND (Off:0 Def:1)
",1,0,0,0,2025-03-16,0022400978,0,0,BKN,1,0,-6,00:38,Off At Rim Make,0,MISS Mann 7' Turnaround Fadeaway Shot,,BKN,ATL,ATL,1610612737,2025,682.0,699.0,690.5,1627777|1629027|1629611|1630249|1631230,1630549|1630553|1630570|1641721|1641736,2024-25,160,0.961038961038961
127717,00:21,"MISS Mann 7' Turnaround Fadeaway Shot
Sharpe REBOUND (Off:0 Def:1)
",1,0,0,0,2025-03-16,0022400978,0,0,BKN,1,0,-6,00:38,Off At Rim Make,0,Sharpe REBOUND (Off:0 Def:1),,BKN,ATL,ATL,1610612737,2025,682.0,699.0,690.5,1627777|1629027|1629611|1630249|1631230,1630549|1630553|1630570|1641721|1641736,2024-25,154,0.3283582089552239
127718,00:56,"K. Johnson P.FOUL (P2.PN) (G.Petraitis)
MISS Young Free Throw 1 of 2
Hawks Rebound
Young Free Throw 2 of 2 (8 PTS)
",0,0,0,0,2025-03-16,0022400978,1,0,BKN,1,0,-5,01:07,Off Arc 3 Make,0,K. Johnson P.FOUL (P2.PN) (G.Petraitis),,BKN,ATL,ATL,1610612737,2025,653.0,664.0,658.5,1627777|1629027|1629611|1630249|1631230,1630549|1630553|1630570|1641721|1641736,2024-25,174,0.43037974683544306
127720,00:56,"K. Johnson P.FOUL (P2.PN) (G.Petraitis)
MISS Young Free Throw 1 of 2
Hawks Rebound
Young Free Throw 2 of 2 (8 PTS)
",0,0,0,0,2025-03-16,0022400978,1,0,BKN,1,0,-5,01:07,Off Arc 3 Make,0,Hawks Rebound,,BKN,ATL,ATL,1610612737,2025,653.0,664.0,658.5,1627777|1629027|1629611|1630249|1631230,1630549|1630553|1630570|1641721|1641736,2024-25,156,0.2222222222222222
127836,03:25,"Krejci 26' 3PT Jump Shot (6 PTS) (Barlow 1 AST)
",0,0,1,1,2025-03-16,0022400978,0,0,BKN,3,0,5,03:32,Off Arc 3 Miss,0,Krejci 26' 3PT Jump Shot (6 PTS) (Barlow 1 AST),,BKN,ATL,ATL,1610612737,2025,1948.0,1955.0,1951.5,1627777|1629611|1630249|1630700|1631230,1630549|1630553|1630570|1641721|1641736,2024-25,489,0.34782608695652173
127738,04:56,"MISS Daniels 11' Floating Jump Shot
Martin REBOUND (Off:0 Def:2)
",1,0,0,0,2025-03-16,0022400978,0,0,BKN,1,0,-1,05:06,Off Arc 3 Miss,0,MISS Daniels 11' Floating Jump Shot,,BKN,ATL,ATL,1610612737,2025,414.0,424.0,419.0,1630168|1630249|1630700|1631243|1642258,1629651|1629661|1630570|1630592|1631213,2024-25,85,0.3157894736842105
127834,02:13,"Watford BLOCK (1 BLK): MISS Barlow 4' Alley Oop Layup
Niang REBOUND (Off:2 Def:2)
MISS Niang 11' Driving Floating Jump Shot
Hawks Rebound
MISS Young 26' 3PT Step Back Jump Shot
Sharpe REBOUND (Off:0 Def:4)
",2,0,1,0,2025-03-16,0022400978,0,2,BKN,3,0,5,02:40,Off Corner 3 Make,0,Sharpe REBOUND (Off:0 Def:4),,BKN,ATL,ATL,1610612737,2025,2000.0,2027.0,2013.5,1627777|1629027|1629611|1630249|1631230,1630549|1630553|1630570|1641721|1641736,2024-25,434,0.23529411764705882
127861,09:13,"MISS Young 21' Step Back Jump Shot
Hawks Rebound
C. Johnson L.B.FOUL (P2.T2) (G.Petraitis)
C. Johnson T.FOUL (P2.T2) (G.Petraitis)
Young Free Throw Technical (17 PTS)
MISS Risacher 26' 3PT Pullup Jump Shot
NETS Rebound
",1,0,1,0,2025-03-16,0022400978,0,1,BKN,3,0,9,09:40,Off Corner 3 Miss,0,NETS Rebound,,BKN,ATL,ATL,1610612737,2025,1580.0,1607.0,1593.5,1629027|1630168|1630700|1631243|1642258,1629651|1629661|1630553|1630592|1631213,2024-25,406,0.2127659574468085
127860,09:13,"MISS Young 21' Step Back Jump Shot
Hawks Rebound
C. Johnson L.B.FOUL (P2.T2) (G.Petraitis)
C. Johnson T.FOUL (P2.T2) (G.Petraitis)
Young Free Throw Technical (17 PTS)
MISS Risacher 26' 3PT Pullup Jump Shot
NETS Rebound
",1,0,1,0,2025-03-16,0022400978,0,1,BKN,3,0,9,09:40,Off Corner 3 Miss,0,MISS Risacher 26' 3PT Pullup Jump Shot,,BKN,ATL,ATL,1610612737,2025,1580.0,1607.0,1593.5,1629027|1630168|1630700|1631243|1642258,1629651|1629661|1630553|1630592|1631213,2024-25,412,0.782608695652174
127859,09:13,"MISS Young 21' Step Back Jump Shot
Hawks Rebound
C. Johnson L.B.FOUL (P2.T2) (G.Petraitis)
C. Johnson T.FOUL (P2.T2) (G.Petraitis)
Young Free Throw Technical (17 PTS)
MISS Risacher 26' 3PT Pullup Jump Shot
NETS Rebound
",1,0,1,0,2025-03-16,0022400978,0,1,BKN,3,0,9,09:40,Off Corner 3 Miss,0,Young Free Throw Technical (17 PTS),,BKN,ATL,ATL,1610612737,2025,1580.0,1607.0,1593.5,1629027|1630168|1630700|1631243|1642258,1629651|1629661|1630553|1630592|1631213,2024-25,410,0.65
127858,09:13,"MISS Young 21' Step Back Jump Shot
Hawks Rebound
C. Johnson L.B.FOUL (P2.T2) (G.Petraitis)
C. Johnson T.FOUL (P2.T2) (G.Petraitis)
Young Free Throw Technical (17 PTS)
MISS Risacher 26' 3PT Pullup Jump Shot
NETS Rebound
",1,0,1,0,2025-03-16,0022400978,0,1,BKN,3,0,9,09:40,Off Corner 3 Miss,0,C. Johnson T.FOUL (P2.T2) (G.Petraitis),,BKN,ATL,ATL,1610612737,2025,1580.0,1607.0,1593.5,1629027|1630168|1630700|1631243|1642258,1629651|1629661|1630553|1630592|1631213,2024-25,377,0.25
127857,09:13,"MISS Young 21' Step Back Jump Shot
Hawks Rebound
C. Johnson L.B.FOUL (P2.T2) (G.Petraitis)
C. Johnson T.FOUL (P2.T2) (G.Petraitis)
Young Free Throw Technical (17 PTS)
MISS Risacher 26' 3PT Pullup Jump Shot
NETS Rebound
",1,0,1,0,2025-03-16,0022400978,0,1,BKN,3,0,9,09:40,Off Corner 3 Miss,0,C. Johnson L.B.FOUL (P2.T2) (G.Petraitis),,BKN,ATL,ATL,1610612737,2025,1580.0,1607.0,1593.5,1629027|1630168|1630700|1631243|1642258,1629651|1629661|1630553|1630592|1631213,2024-25,377,0.2702702702702703
127856,09:13,"MISS Young 21' Step Back Jump Shot
Hawks Rebound
C. Johnson L.B.FOUL (P2.T2) (G.Petraitis)
C. Johnson T.FOUL (P2.T2) (G.Petraitis)
Young Free Throw Technical (17 PTS)
MISS Risacher 26' 3PT Pullup Jump Shot
NETS Rebound
",1,0,1,0,2025-03-16,0022400978,0,1,BKN,3,0,9,09:40,Off Corner 3 Miss,0,Hawks Rebound,,BKN,ATL,ATL,1610612737,2025,1580.0,1607.0,1593.5,1629027|1630168|1630700|1631243|1642258,1629651|1629661|1630553|1630592|1631213,2024-25,406,0.16666666666666666
127855,09:13,"MISS Young 21' Step Back Jump Shot
Hawks Rebound
C. Johnson L.B.FOUL (P2.T2) (G.Petraitis)
C. Johnson T.FOUL (P2.T2) (G.Petraitis)
Young Free Throw Technical (17 PTS)
MISS Risacher 26' 3PT Pullup Jump Shot
NETS Rebound
",1,0,1,0,2025-03-16,0022400978,0,1,BKN,3,0,9,09:40,Off Corner 3 Miss,0,MISS Young 21' Step Back Jump Shot,,BKN,ATL,ATL,1610612737,2025,1580.0,1607.0,1593.5,1629027|1630168|1630700|1631243|1642258,1629651|1629661|1630553|1630592|1631213,2024-25,405,0.8484848484848485
127854,08:48,"Daniels Traveling Turnover (P3.T9)
",0,0,0,0,2025-03-16,0022400978,0,0,BKN,3,0,8,08:54,Off Short Mid-Range Make,1,Daniels Traveling Turnover (P3.T9),,BKN,ATL,ATL,1610612737,2025,1626.0,1632.0,1629.0,1629027|1630168|1630700|1631243|1642258,1629651|1629661|1630553|1630592|1631213,2024-25,417,0.8857142857142857
127853,08:12,"Daniels 26' 3PT Jump Shot (8 PTS) (Young 7 AST)
",0,0,1,1,2025-03-16,0022400978,0,0,BKN,3,0,6,08:23,Off At Rim Make,0,Daniels 26' 3PT Jump Shot (8 PTS) (Young 7 AST),,BKN,ATL,ATL,1610612737,2025,1657.0,1668.0,1662.5,1629027|1630168|1630700|1631243|1642258,1629651|1629661|1630553|1630592|1631213,2024-25,421,0.8131868131868132
127852,07:21,"MISS Gueye 24' 3PT Jump Shot
K. Johnson REBOUND (Off:1 Def:2)
",0,0,1,0,2025-03-16,0022400978,0,0,BKN,3,0,9,07:33,Off At Rim Miss,0,K. Johnson REBOUND (Off:1 Def:2),,BKN,ATL,ATL,1610612737,2025,1707.0,1719.0,1713.0,1629027|1630168|1630700|1631243|1642258,1629651|1629661|1630553|1630592|1631213,2024-25,364,0.48
127851,07:21,"MISS Gueye 24' 3PT Jump Shot
K. Johnson REBOUND (Off:1 Def:2)
",0,0,1,0,2025-03-16,0022400978,0,0,BKN,3,0,9,07:33,Off At Rim Miss,0,MISS Gueye 24' 3PT Jump Shot,,BKN,ATL,ATL,1610612737,2025,1707.0,1719.0,1713.0,1629027|1630168|1630700|1631243|1642258,1629651|1629661|1630553|1630592|1631213,2024-25,431,0.6222222222222222
127849,07:05,"MISS Young 5' Driving Floating Bank Jump Shot
Daniels REBOUND (Off:1 Def:1)
Daniels 1' Putback Layup (10 PTS)
",2,1,0,0,2025-03-16,0022400978,0,1,BKN,3,0,7,07:17,Off At Rim Make,0,Daniels REBOUND (Off:1 Def:1),,BKN,ATL,ATL,1610612737,2025,1723.0,1735.0,1729.0,1629027|1630168|1630700|1631243|1642258,1629651|1629661|1630553|1630592|1631213,2024-25,435,0.9508196721311475
127874,00:10,"MISS Young 4' Driving Reverse Layup
Daniels REBOUND (Off:3 Def:3)
K. Johnson BLOCK (1 BLK): MISS Daniels 2' Tip Layup Shot
Hawks Rebound
Martin STEAL (1 STL): Young Bad Pass Turnover (P6.T14)
",2,0,0,0,2025-03-16,0022400978,0,2,BKN,4,0,-8,00:23,Off Timeout,1,Hawks Rebound,,BKN,ATL,ATL,1610612737,2025,2857.0,2870.0,2863.5,1627777|1629027|1630168|1630249|1630700,1629651|1629661|1630553|1630570|1631213,2024-25,727,0.12903225806451613
127822,00:27,"Lewis P.FOUL (P1.PN) (G.Petraitis)
Young Free Throw 1 of 2 (20 PTS)
Young Free Throw 2 of 2 (21 PTS)
",0,0,0,0,2025-03-16,0022400978,1,0,BKN,3,0,2,00:32,Off Short Mid-Range Make,0,Lewis P.FOUL (P1.PN) (G.Petraitis),,BKN,ATL,ATL,1610612737,2025,2128.0,2133.0,2130.5,1627777|1629027|1629611|1630249|1631230,1630549|1630553|1630570|1641721|1641736,2024-25,525,0.1875
127820,00:00,"MISS Mann 15' Driving Floating Jump Shot
Hawks Rebound
",1,0,0,0,2025-03-16,0022400978,0,0,BKN,3,0,1,00:04,Off Corner 3 Make,0,MISS Mann 15' Driving Floating Jump Shot,,BKN,ATL,ATL,1610612737,2025,2156.0,2160.0,2158.0,1627777|1629027|1629611|1630249|1631230,1630549|1630553|1630570|1641721|1641736,2024-25,542,0.16666666666666666
127793,06:41,"MISS Niang 6' Driving Hook Shot
Okongwu REBOUND (Off:1 Def:4)
MISS Okongwu 4' Putback Layup
Claxton REBOUND (Off:0 Def:1)
",2,0,0,0,2025-03-16,0022400978,0,1,BKN,2,0,-10,07:11,Off Corner 3 Make,0,MISS Niang 6' Driving Hook Shot,,BKN,ATL,ATL,1610612737,2025,1009.0,1039.0,1024.0,1627777|1629611|1630168|1630249|1630700,1629651|1630553|1630592|1641721|1641736,2024-25,265,0.32558139534883723
127792,06:23,"MISS Niang 27' 3PT Jump Shot
Claxton REBOUND (Off:0 Def:2)
",0,0,1,0,2025-03-16,0022400978,0,0,BKN,2,0,-10,06:37,Off FT Miss,0,Claxton REBOUND (Off:0 Def:2),,BKN,ATL,ATL,1610612737,2025,1043.0,1057.0,1050.0,1627777|1629027|1629611|1630168|1630700,1629651|1630553|1630592|1641721|1641736,2024-25,249,0.7540983606557377
127791,06:23,"MISS Niang 27' 3PT Jump Shot
Claxton REBOUND (Off:0 Def:2)
",0,0,1,0,2025-03-16,0022400978,0,0,BKN,2,0,-10,06:37,Off FT Miss,0,MISS Niang 27' 3PT Jump Shot,,BKN,ATL,ATL,1610612737,2025,1043.0,1057.0,1050.0,1627777|1629027|1629611|1630168|1630700,1629651|1630553|1630592|1641721|1641736,2024-25,277,0.27692307692307694
127789,05:27,"MISS Niang 3PT Jump Shot
Beekman REBOUND (Off:0 Def:1)
",0,0,1,0,2025-03-16,0022400978,0,0,BKN,2,0,-7,05:36,Off Short Mid-Range Miss,0,Beekman REBOUND (Off:0 Def:1),,BKN,ATL,ATL,1610612737,2025,1104.0,1113.0,1108.5,1627777|1629027|1629611|1630168|1630700,1629651|1630553|1630592|1641721|1641736,2024-25,283,0.7213114754098361
127788,05:27,"MISS Niang 3PT Jump Shot
Beekman REBOUND (Off:0 Def:1)
",0,0,1,0,2025-03-16,0022400978,0,0,BKN,2,0,-7,05:36,Off Short Mid-Range Miss,0,MISS Niang 3PT Jump Shot,,BKN,ATL,ATL,1610612737,2025,1104.0,1113.0,1108.5,1627777|1629027|1629611|1630168|1630700,1629651|1630553|1630592|1641721|1641736,2024-25,285,0.3333333333333333
127835,02:52,"K. Johnson STEAL (1 STL): Young Bad Pass Turnover (P3.T10)
",0,0,0,0,2025-03-16,0022400978,0,0,BKN,3,0,8,02:57,Off Timeout,1,K. Johnson STEAL (1 STL): Young Bad Pass Turnover (P3.T10),,BKN,ATL,ATL,1610612737,2025,1983.0,1988.0,1985.5,1627777|1629027|1629611|1630249|1631230,1630549|1630553|1630570|1641721|1641736,2024-25,505,0.6666666666666666
127862,10:01,"Risacher 2' Running Layup (14 PTS) (Young 6 AST)
",1,1,0,0,2025-03-16,0022400978,0,0,BKN,3,0,7,10:06,Off Short Mid-Range Miss,0,Risacher 2' Running Layup (14 PTS) (Young 6 AST),,BKN,ATL,ATL,1610612737,2025,1554.0,1559.0,1556.5,1629027|1630168|1630700|1631243|1642258,1629651|1629661|1630553|1630592|1631213,2024-25,401,0.9090909090909091
127863,10:15,"MISS Okongwu 4' Cutting Layup Shot
C. Johnson REBOUND (Off:0 Def:2)
",1,0,0,0,2025-03-16,0022400978,0,0,BKN,3,0,7,10:31,Off Arc 3 Make,0,MISS Okongwu 4' Cutting Layup Shot,,BKN,ATL,ATL,1610612737,2025,1529.0,1545.0,1537.0,1629027|1630168|1630700|1631243|1642258,1629651|1629661|1630553|1630592|1631213,2024-25,397,0.8253968253968254
127790,05:59,"Okongwu 25' 3PT Jump Shot (7 PTS) (Mann 1 AST)
",0,0,1,1,2025-03-16,0022400978,0,0,BKN,2,0,-10,06:08,Off Arc 3 Miss,0,Okongwu 25' 3PT Jump Shot (7 PTS) (Mann 1 AST),,BKN,ATL,ATL,1610612737,2025,1072.0,1081.0,1076.5,1627777|1629027|1629611|1630168|1630700,1629651|1630553|1630592|1641721|1641736,2024-25,281,0.8314606741573034
127865,10:43,"Risacher 1' Running Alley Oop Dunk Shot (12 PTS) (Daniels 6 AST)
",1,1,0,0,2025-03-16,0022400978,0,0,BKN,3,0,8,10:45,Off Short Mid-Range Miss,0,Risacher 1' Running Alley Oop Dunk Shot (12 PTS) (Daniels 6 AST),,BKN,ATL,ATL,1610612737,2025,1515.0,1517.0,1516.0,1629027|1630168|1630700|1631243|1642258,1629651|1629661|1630553|1630592|1631213,2024-25,394,0.873015873015873
127864,10:15,"MISS Okongwu 4' Cutting Layup Shot
C. Johnson REBOUND (Off:0 Def:2)
",1,0,0,0,2025-03-16,0022400978,0,0,BKN,3,0,7,10:31,Off Arc 3 Make,0,C. Johnson REBOUND (Off:0 Def:2),,BKN,ATL,ATL,1610612737,2025,1529.0,1545.0,1537.0,1629027|1630168|1630700|1631243|1642258,1629651|1629661|1630553|1630592|1631213,2024-25,344,0.2641509433962264
127832,02:13,"Watford BLOCK (1 BLK): MISS Barlow 4' Alley Oop Layup
Niang REBOUND (Off:2 Def:2)
MISS Niang 11' Driving Floating Jump Shot
Hawks Rebound
MISS Young 26' 3PT Step Back Jump Shot
Sharpe REBOUND (Off:0 Def:4)
",2,0,1,0,2025-03-16,0022400978,0,2,BKN,3,0,5,02:40,Off Corner 3 Make,0,Hawks Rebound,,BKN,ATL,ATL,1610612737,2025,2000.0,2027.0,2013.5,1627777|1629027|1629611|1630249|1631230,1630549|1630553|1630570|1641721|1641736,2024-25,511,0.24
127830,02:13,"Watford BLOCK (1 BLK): MISS Barlow 4' Alley Oop Layup
Niang REBOUND (Off:2 Def:2)
MISS Niang 11' Driving Floating Jump Shot
Hawks Rebound
MISS Young 26' 3PT Step Back Jump Shot
Sharpe REBOUND (Off:0 Def:4)
",2,0,1,0,2025-03-16,0022400978,0,2,BKN,3,0,5,02:40,Off Corner 3 Make,0,Niang REBOUND (Off:2 Def:2),,BKN,ATL,ATL,1610612737,2025,2000.0,2027.0,2013.5,1627777|1629027|1629611|1630249|1631230,1630549|1630553|1630570|1641721|1641736,2024-25,509,0.9473684210526315
127829,02:13,"Watford BLOCK (1 BLK): MISS Barlow 4' Alley Oop Layup
Niang REBOUND (Off:2 Def:2)
MISS Niang 11' Driving Floating Jump Shot
Hawks Rebound
MISS Young 26' 3PT Step Back Jump Shot
Sharpe REBOUND (Off:0 Def:4)
",2,0,1,0,2025-03-16,0022400978,0,2,BKN,3,0,5,02:40,Off Corner 3 Make,0,Watford BLOCK (1 BLK): MISS Barlow 4' Alley Oop Layup,,BKN,ATL,ATL,1610612737,2025,2000.0,2027.0,2013.5,1627777|1629027|1629611|1630249|1631230,1630549|1630553|1630570|1641721|1641736,2024-25,506,0.2619047619047619
127828,01:26,"Sharpe P.FOUL (P2.T3) (J.Goble)
Young 8' Driving Floating Jump Shot (19 PTS) (Barlow 2 AST)
",1,1,0,0,2025-03-16,0022400978,0,0,BKN,3,0,2,01:45,Off Corner 3 Make,0,Young 8' Driving Floating Jump Shot (19 PTS) (Barlow 2 AST),,BKN,ATL,ATL,1610612737,2025,2055.0,2074.0,2064.5,1627777|1629027|1629611|1630249|1631230,1630549|1630553|1630570|1641721|1641736,2024-25,522,0.9354838709677419
127827,01:26,"Sharpe P.FOUL (P2.T3) (J.Goble)
Young 8' Driving Floating Jump Shot (19 PTS) (Barlow 2 AST)
",1,1,0,0,2025-03-16,0022400978,0,0,BKN,3,0,2,01:45,Off Corner 3 Make,0,Sharpe P.FOUL (P2.T3) (J.Goble),,BKN,ATL,ATL,1610612737,2025,2055.0,2074.0,2064.5,1627777|1629027|1629611|1630249|1631230,1630549|1630553|1630570|1641721|1641736,2024-25,476,0.26865671641791045
127826,01:03,"Lewis STEAL (2 STL): Young Bad Pass Turnover (P4.T11)
",0,0,0,0,2025-03-16,0022400978,0,0,BKN,3,0,4,01:07,Off At Rim Block,1,Lewis STEAL (2 STL): Young Bad Pass Turnover (P4.T11),,BKN,ATL,ATL,1610612737,2025,2093.0,2097.0,2095.0,1627777|1629027|1629611|1630249|1631230,1630549|1630553|1630570|1641721|1641736,2024-25,528,0.38961038961038963
127825,00:50,"Mann 2' Driving Finger Roll Layup (11 PTS) (Niang 1 AST)
",1,1,0,0,2025-03-16,0022400978,0,0,BKN,3,0,2,01:01,Off At Rim Make,0,Mann 2' Driving Finger Roll Layup (11 PTS) (Niang 1 AST),,BKN,ATL,ATL,1610612737,2025,2099.0,2110.0,2104.5,1627777|1629027|1629611|1630249|1631230,1630549|1630553|1630570|1641721|1641736,2024-25,532,0.9217391304347826
127824,00:27,"Lewis P.FOUL (P1.PN) (G.Petraitis)
Young Free Throw 1 of 2 (20 PTS)
Young Free Throw 2 of 2 (21 PTS)
",0,0,0,0,2025-03-16,0022400978,1,0,BKN,3,0,2,00:32,Off Short Mid-Range Make,0,Young Free Throw 2 of 2 (21 PTS),,BKN,ATL,ATL,1610612737,2025,2128.0,2133.0,2130.5,1627777|1629027|1629611|1630249|1631230,1630549|1630553|1630570|1641721|1641736,2024-25,539,0.9552238805970149
127847,06:31,"MISS Risacher 3PT Jump Shot
Claxton REBOUND (Off:0 Def:3)
",0,0,1,0,2025-03-16,0022400978,0,0,BKN,3,0,7,06:42,Off At Rim Make,0,Claxton REBOUND (Off:0 Def:3),,BKN,ATL,ATL,1610612737,2025,1758.0,1769.0,1763.5,1629027|1630168|1630700|1631243|1642258,1629651|1629661|1630553|1630592|1631213,2024-25,405,0.22950819672131148
127831,02:13,"Watford BLOCK (1 BLK): MISS Barlow 4' Alley Oop Layup
Niang REBOUND (Off:2 Def:2)
MISS Niang 11' Driving Floating Jump Shot
Hawks Rebound
MISS Young 26' 3PT Step Back Jump Shot
Sharpe REBOUND (Off:0 Def:4)
",2,0,1,0,2025-03-16,0022400978,0,2,BKN,3,0,5,02:40,Off Corner 3 Make,0,MISS Niang 11' Driving Floating Jump Shot,,BKN,ATL,ATL,1610612737,2025,2000.0,2027.0,2013.5,1627777|1629027|1629611|1630249|1631230,1630549|1630553|1630570|1641721|1641736,2024-25,510,0.9
127848,07:05,"MISS Young 5' Driving Floating Bank Jump Shot
Daniels REBOUND (Off:1 Def:1)
Daniels 1' Putback Layup (10 PTS)
",2,1,0,0,2025-03-16,0022400978,0,1,BKN,3,0,7,07:17,Off At Rim Make,0,MISS Young 5' Driving Floating Bank Jump Shot,,BKN,ATL,ATL,1610612737,2025,1723.0,1735.0,1729.0,1629027|1630168|1630700|1631243|1642258,1629651|1629661|1630553|1630592|1631213,2024-25,434,0.8705882352941177
127767,00:23,"MISS Okongwu 3PT Jump Shot
Martin REBOUND (Off:0 Def:4)
",0,0,1,0,2025-03-16,0022400978,0,0,BKN,2,0,3,00:32,Off At Rim Make,0,Martin REBOUND (Off:0 Def:4),,BKN,ATL,ATL,1610612737,2025,1408.0,1417.0,1412.5,1627777|1629027|1630168|1630249|1630700,1629651|1629661|1630570|1630592|1631213,2024-25,343,0.7796610169491526
127823,00:27,"Lewis P.FOUL (P1.PN) (G.Petraitis)
Young Free Throw 1 of 2 (20 PTS)
Young Free Throw 2 of 2 (21 PTS)
",0,0,0,0,2025-03-16,0022400978,1,0,BKN,3,0,2,00:32,Off Short Mid-Range Make,0,Young Free Throw 1 of 2 (20 PTS),,BKN,ATL,ATL,1610612737,2025,2128.0,2133.0,2130.5,1627777|1629027|1629611|1630249|1631230,1630549|1630553|1630570|1641721|1641736,2024-25,538,0.9552238805970149
127867,11:00,"Martin S.FOUL (P2.T1) (J.Goble)
Okongwu Free Throw 1 of 2 (11 PTS)
Okongwu Free Throw 2 of 2 (12 PTS)
",0,0,0,0,2025-03-16,0022400978,0,0,BKN,3,1,6,11:02,Off Steal,0,Okongwu Free Throw 1 of 2 (11 PTS),,BKN,ATL,ATL,1610612737,2025,1498.0,1500.0,1499.0,1629027|1630168|1630700|1631243|1642258,1629651|1629661|1630553|1630592|1631213,2024-25,390,0.9577464788732394
127868,11:00,"Martin S.FOUL (P2.T1) (J.Goble)
Okongwu Free Throw 1 of 2 (11 PTS)
Okongwu Free Throw 2 of 2 (12 PTS)
",0,0,0,0,2025-03-16,0022400978,0,0,BKN,3,1,6,11:02,Off Steal,0,Okongwu Free Throw 2 of 2 (12 PTS),,BKN,ATL,ATL,1610612737,2025,1498.0,1500.0,1499.0,1629027|1630168|1630700|1631243|1642258,1629651|1629661|1630553|1630592|1631213,2024-25,391,0.9577464788732394
127869,11:15,"Risacher 25' 3PT Jump Shot (10 PTS) (Daniels 5 AST)
",0,0,1,1,2025-03-16,0022400978,0,0,BKN,3,0,3,11:31,Off Arc 3 Make,0,Risacher 25' 3PT Jump Shot (10 PTS) (Daniels 5 AST),,BKN,ATL,ATL,1610612737,2025,1469.0,1485.0,1477.0,1629027|1630168|1630700|1631243|1642258,1629651|1629661|1630553|1630592|1631213,2024-25,384,0.8282828282828283
127833,02:13,"Watford BLOCK (1 BLK): MISS Barlow 4' Alley Oop Layup
Niang REBOUND (Off:2 Def:2)
MISS Niang 11' Driving Floating Jump Shot
Hawks Rebound
MISS Young 26' 3PT Step Back Jump Shot
Sharpe REBOUND (Off:0 Def:4)
",2,0,1,0,2025-03-16,0022400978,0,2,BKN,3,0,5,02:40,Off Corner 3 Make,0,MISS Young 26' 3PT Step Back Jump Shot,,BKN,ATL,ATL,1610612737,2025,2000.0,2027.0,2013.5,1627777|1629027|1629611|1630249|1631230,1630549|1630553|1630570|1641721|1641736,2024-25,507,0.45454545454545453
127871,00:10,"MISS Young 4' Driving Reverse Layup
Daniels REBOUND (Off:3 Def:3)
K. Johnson BLOCK (1 BLK): MISS Daniels 2' Tip Layup Shot
Hawks Rebound
Martin STEAL (1 STL): Young Bad Pass Turnover (P6.T14)
",2,0,0,0,2025-03-16,0022400978,0,2,BKN,4,0,-8,00:23,Off Timeout,1,MISS Young 4' Driving Reverse Layup,,BKN,ATL,ATL,1610612737,2025,2857.0,2870.0,2863.5,1627777|1629027|1630168|1630249|1630700,1629651|1629661|1630553|1630570|1631213,2024-25,718,0.9142857142857143
127872,00:10,"MISS Young 4' Driving Reverse Layup
Daniels REBOUND (Off:3 Def:3)
K. Johnson BLOCK (1 BLK): MISS Daniels 2' Tip Layup Shot
Hawks Rebound
Martin STEAL (1 STL): Young Bad Pass Turnover (P6.T14)
",2,0,0,0,2025-03-16,0022400978,0,2,BKN,4,0,-8,00:23,Off Timeout,1,Daniels REBOUND (Off:3 Def:3),,BKN,ATL,ATL,1610612737,2025,2857.0,2870.0,2863.5,1627777|1629027|1630168|1630249|1630700,1629651|1629661|1630553|1630570|1631213,2024-25,719,0.28125
127873,00:10,"MISS Young 4' Driving Reverse Layup
Daniels REBOUND (Off:3 Def:3)
K. Johnson BLOCK (1 BLK): MISS Daniels 2' Tip Layup Shot
Hawks Rebound
Martin STEAL (1 STL): Young Bad Pass Turnover (P6.T14)
",2,0,0,0,2025-03-16,0022400978,0,2,BKN,4,0,-8,00:23,Off Timeout,1,K. Johnson BLOCK (1 BLK): MISS Daniels 2' Tip Layup Shot,,BKN,ATL,ATL,1610612737,2025,2857.0,2870.0,2863.5,1627777|1629027|1630168|1630249|1630700,1629651|1629661|1630553|1630570|1631213,2024-25,725,0.1791044776119403
127870,11:45,"Daniels Out of Bounds Lost Ball Turnover (P2.T8)
",0,0,0,0,2025-03-16,0022400978,0,0,BKN,3,0,6,12:00,Off Dead Ball,1,Daniels Out of Bounds Lost Ball Turnover (P2.T8),,BKN,ATL,ATL,1610612737,2025,1440.0,1455.0,1447.5,1629027|1630168|1630700|1631243|1642258,1629651|1629661|1630553|1630592|1631213,2024-25,356,0.2857142857142857
127850,07:05,"MISS Young 5' Driving Floating Bank Jump Shot
Daniels REBOUND (Off:1 Def:1)
Daniels 1' Putback Layup (10 PTS)
",2,1,0,0,2025-03-16,0022400978,0,1,BKN,3,0,7,07:17,Off At Rim Make,0,Daniels 1' Putback Layup (10 PTS),,BKN,ATL,ATL,1610612737,2025,1723.0,1735.0,1729.0,1629027|1630168|1630700|1631243|1642258,1629651|1629661|1630553|1630592|1631213,2024-25,436,0.9090909090909091
127984,05:19,"MISS Krejci 26' 3PT Jump Shot
M. Williams REBOUND (Off:1 Def:3)
",0,0,1,0,2025-03-18,0022400993,0,0,CHA,2,0,7,05:32,Off Arc 3 Make,0,MISS Krejci 26' 3PT Jump Shot,,CHA,ATL,ATL,1610612737,2025,1108.0,1121.0,1114.5,1627777|1629611|1630168|1630249|1630700,203552|1629610|1631109|1641733|1641878,2024-25,255,0.3076923076923077
128082,08:18,"Young 25' 3PT Step Back Jump Shot (29 PTS)
",0,0,1,1,2025-03-18,0022400993,0,0,CHA,4,0,28,08:27,Off At Rim Make,0,Young 25' 3PT Step Back Jump Shot (29 PTS),,CHA,ATL,ATL,1610612737,2025,2373.0,2382.0,2377.5,1627777|1629027|1629611|1629726|1630168,203552|203994|1630585|1631111|1631217,2024-25,530,0.2828282828282828
128034,05:38,"Risacher 3PT Jump Shot (17 PTS) (Daniels 6 AST)
",0,0,1,1,2025-03-18,0022400993,0,0,CHA,3,0,26,05:50,Off Steal,0,Risacher 3PT Jump Shot (17 PTS) (Daniels 6 AST),,CHA,ATL,ATL,1610612737,2025,1810.0,1822.0,1816.0,1627777|1630249|1630700|1631230|1642258,1629610|1630585|1631109|1641733|1641878,2024-25,420,0.34146341463414637
128078,07:16,"Mathews 3PT Running Jump Shot (3 PTS) (Young 8 AST)
",0,0,1,1,2025-03-18,0022400993,0,0,CHA,4,0,31,07:19,Off At Rim Block,0,Mathews 3PT Running Jump Shot (3 PTS) (Young 8 AST),,CHA,ATL,ATL,1610612737,2025,2441.0,2444.0,2442.5,1627777|1629027|1629611|1629726|1630168,203552|203994|1629610|1630585|1631111,2024-25,548,0.2898550724637681
128032,04:44,"MISS Risacher 3PT Jump Shot
Moore Jr. REBOUND (Off:0 Def:2)
",0,0,1,0,2025-03-18,0022400993,0,0,CHA,3,0,31,05:02,Off Dead Ball,0,Moore Jr. REBOUND (Off:0 Def:2),,CHA,ATL,ATL,1610612737,2025,1858.0,1876.0,1867.0,1627777|1630249|1630700|1631230|1642258,203994|1630585|1631111|1641733|1641878,2024-25,426,0.29850746268656714
127998,07:34,"MISS Gueye 3PT Jump Shot
Mann REBOUND (Off:1 Def:0)
Daniels 3' Layup (10 PTS) (Mann 1 AST)
",1,1,1,0,2025-03-18,0022400993,0,1,CHA,2,0,8,07:52,Off Short Mid-Range Make,0,Daniels 3' Layup (10 PTS) (Mann 1 AST),,CHA,ATL,ATL,1610612737,2025,968.0,986.0,977.0,1629611|1630168|1630249|1630700|1631243,1630182|1631109|1631217|1641733|1641878,2024-25,226,0.3142857142857143
127997,07:34,"MISS Gueye 3PT Jump Shot
Mann REBOUND (Off:1 Def:0)
Daniels 3' Layup (10 PTS) (Mann 1 AST)
",1,1,1,0,2025-03-18,0022400993,0,1,CHA,2,0,8,07:52,Off Short Mid-Range Make,0,Mann REBOUND (Off:1 Def:0),,CHA,ATL,ATL,1610612737,2025,968.0,986.0,977.0,1629611|1630168|1630249|1630700|1631243,1630182|1631109|1631217|1641733|1641878,2024-25,225,0.9454545454545454
127996,07:34,"MISS Gueye 3PT Jump Shot
Mann REBOUND (Off:1 Def:0)
Daniels 3' Layup (10 PTS) (Mann 1 AST)
",1,1,1,0,2025-03-18,0022400993,0,1,CHA,2,0,8,07:52,Off Short Mid-Range Make,0,MISS Gueye 3PT Jump Shot,,CHA,ATL,ATL,1610612737,2025,968.0,986.0,977.0,1629611|1630168|1630249|1630700|1631243,1630182|1631109|1631217|1641733|1641878,2024-25,224,0.17142857142857143
127995,06:53,"MISS Mann 25' 3PT Pullup Jump Shot
Gueye REBOUND (Off:1 Def:1)
Smith Jr. S.FOUL (P1.T3) (M.Boland)
Gueye Free Throw 1 of 2 (4 PTS)
MISS Gueye Free Throw 2 of 2
Diabaté REBOUND (Off:0 Def:1)
",0,0,1,0,2025-03-18,0022400993,0,1,CHA,2,1,8,07:18,Off At Rim Make,0,Diabaté REBOUND (Off:0 Def:1),,CHA,ATL,ATL,1610612737,2025,1002.0,1027.0,1014.5,1629611|1630168|1630249|1630700|1631243,1630182|1631109|1631217|1641733|1641878,2024-25,230,0.2127659574468085
127994,06:53,"MISS Mann 25' 3PT Pullup Jump Shot
Gueye REBOUND (Off:1 Def:1)
Smith Jr. S.FOUL (P1.T3) (M.Boland)
Gueye Free Throw 1 of 2 (4 PTS)
MISS Gueye Free Throw 2 of 2
Diabaté REBOUND (Off:0 Def:1)
",0,0,1,0,2025-03-18,0022400993,0,1,CHA,2,1,8,07:18,Off At Rim Make,0,MISS Gueye Free Throw 2 of 2,,CHA,ATL,ATL,1610612737,2025,1002.0,1027.0,1014.5,1629611|1630168|1630249|1630700|1631243,1630182|1631109|1631217|1641733|1641878,2024-25,259,0.31746031746031744
127992,06:53,"MISS Mann 25' 3PT Pullup Jump Shot
Gueye REBOUND (Off:1 Def:1)
Smith Jr. S.FOUL (P1.T3) (M.Boland)
Gueye Free Throw 1 of 2 (4 PTS)
MISS Gueye Free Throw 2 of 2
Diabaté REBOUND (Off:0 Def:1)
",0,0,1,0,2025-03-18,0022400993,0,1,CHA,2,1,8,07:18,Off At Rim Make,0,Smith Jr. S.FOUL (P1.T3) (M.Boland),,CHA,ATL,ATL,1610612737,2025,1002.0,1027.0,1014.5,1629611|1630168|1630249|1630700|1631243,1630182|1631109|1631217|1641733|1641878,2024-25,269,0.34782608695652173
127991,06:53,"MISS Mann 25' 3PT Pullup Jump Shot
Gueye REBOUND (Off:1 Def:1)
Smith Jr. S.FOUL (P1.T3) (M.Boland)
Gueye Free Throw 1 of 2 (4 PTS)
MISS Gueye Free Throw 2 of 2
Diabaté REBOUND (Off:0 Def:1)
",0,0,1,0,2025-03-18,0022400993,0,1,CHA,2,1,8,07:18,Off At Rim Make,0,Gueye REBOUND (Off:1 Def:1),,CHA,ATL,ATL,1610612737,2025,1002.0,1027.0,1014.5,1629611|1630168|1630249|1630700|1631243,1630182|1631109|1631217|1641733|1641878,2024-25,230,0.17777777777777778
127990,06:53,"MISS Mann 25' 3PT Pullup Jump Shot
Gueye REBOUND (Off:1 Def:1)
Smith Jr. S.FOUL (P1.T3) (M.Boland)
Gueye Free Throw 1 of 2 (4 PTS)
MISS Gueye Free Throw 2 of 2
Diabaté REBOUND (Off:0 Def:1)
",0,0,1,0,2025-03-18,0022400993,0,1,CHA,2,1,8,07:18,Off At Rim Make,0,MISS Mann 25' 3PT Pullup Jump Shot,,CHA,ATL,ATL,1610612737,2025,1002.0,1027.0,1014.5,1629611|1630168|1630249|1630700|1631243,1630182|1631109|1631217|1641733|1641878,2024-25,229,0.18867924528301888
127988,06:26,"Diabaté BLOCK (1 BLK): MISS Mann 3' Running Layup
Baugh REBOUND (Off:0 Def:4)
",1,0,0,0,2025-03-18,0022400993,0,0,CHA,2,0,9,06:34,Off Steal,0,Diabaté BLOCK (1 BLK): MISS Mann 3' Running Layup,,CHA,ATL,ATL,1610612737,2025,1046.0,1054.0,1050.0,1629611|1630168|1630249|1630700|1631243,1630182|1631109|1631217|1641733|1641878,2024-25,238,0.5411764705882353
127987,05:52,"Baugh P.FOUL (P2.T4) (T.Ford)
Okongwu 24' 3PT Jump Shot (13 PTS) (Daniels 2 AST)
",0,0,1,1,2025-03-18,0022400993,0,0,CHA,2,0,7,06:16,Off At Rim Make,0,Okongwu 24' 3PT Jump Shot (13 PTS) (Daniels 2 AST),,CHA,ATL,ATL,1610612737,2025,1064.0,1088.0,1076.0,1627777|1629611|1630168|1630249|1630700,203552|1629610|1631109|1641733|1641878,2024-25,281,0.6881720430107527
127986,05:52,"Baugh P.FOUL (P2.T4) (T.Ford)
Okongwu 24' 3PT Jump Shot (13 PTS) (Daniels 2 AST)
",0,0,1,1,2025-03-18,0022400993,0,0,CHA,2,0,7,06:16,Off At Rim Make,0,Baugh P.FOUL (P2.T4) (T.Ford),,CHA,ATL,ATL,1610612737,2025,1064.0,1088.0,1076.0,1627777|1629611|1630168|1630249|1630700,203552|1629610|1631109|1641733|1641878,2024-25,242,0.25
127985,05:19,"MISS Krejci 26' 3PT Jump Shot
M. Williams REBOUND (Off:1 Def:3)
",0,0,1,0,2025-03-18,0022400993,0,0,CHA,2,0,7,05:32,Off Arc 3 Make,0,M. Williams REBOUND (Off:1 Def:3),,CHA,ATL,ATL,1610612737,2025,1108.0,1121.0,1114.5,1627777|1629611|1630168|1630249|1630700,203552|1629610|1631109|1641733|1641878,2024-25,300,0.78125
128068,04:52,"MISS Mathews 27' 3PT Jump Shot
Okongwu REBOUND (Off:2 Def:8)
MISS Risacher 20' Jump Shot
Diabaté REBOUND (Off:0 Def:2)
",1,0,1,0,2025-03-18,0022400993,0,1,CHA,4,0,32,05:10,Off At Rim Miss,0,Okongwu REBOUND (Off:2 Def:8),,CHA,ATL,ATL,1610612737,2025,2570.0,2588.0,2579.0,1627777|1629726|1630168|1630249|1642258,1629610|1630585|1631217|1641733|1641878,2024-25,586,0.6885245901639344
127967,01:00,"Daniels 1' Driving Layup (15 PTS)
",1,1,0,0,2025-03-18,0022400993,0,0,CHA,2,0,9,01:18,Off FT Miss,0,Daniels 1' Driving Layup (15 PTS),,CHA,ATL,ATL,1610612737,2025,1362.0,1380.0,1371.0,1627777|1629027|1630168|1630249|1630700,1629610|1630182|1630585|1631111|1631217,2024-25,313,0.3218390804597701
127993,06:53,"MISS Mann 25' 3PT Pullup Jump Shot
Gueye REBOUND (Off:1 Def:1)
Smith Jr. S.FOUL (P1.T3) (M.Boland)
Gueye Free Throw 1 of 2 (4 PTS)
MISS Gueye Free Throw 2 of 2
Diabaté REBOUND (Off:0 Def:1)
",0,0,1,0,2025-03-18,0022400993,0,1,CHA,2,1,8,07:18,Off At Rim Make,0,Gueye Free Throw 1 of 2 (4 PTS),,CHA,ATL,ATL,1610612737,2025,1002.0,1027.0,1014.5,1629611|1630168|1630249|1630700|1631243,1630182|1631109|1631217|1641733|1641878,2024-25,263,0.8
127989,06:26,"Diabaté BLOCK (1 BLK): MISS Mann 3' Running Layup
Baugh REBOUND (Off:0 Def:4)
",1,0,0,0,2025-03-18,0022400993,0,0,CHA,2,0,9,06:34,Off Steal,0,Baugh REBOUND (Off:0 Def:4),,CHA,ATL,ATL,1610612737,2025,1046.0,1054.0,1050.0,1629611|1630168|1630249|1630700|1631243,1630182|1631109|1631217|1641733|1641878,2024-25,249,0.7796610169491526
128080,07:29,"Garrett S.FOUL (P2.T2) (R.Mott)
Young Free Throw 1 of 2 (30 PTS)
Young Free Throw 2 of 2 (31 PTS)
",0,0,0,0,2025-03-18,0022400993,0,0,CHA,4,1,29,07:39,Off At Rim Make,0,Young Free Throw 1 of 2 (30 PTS),,CHA,ATL,ATL,1610612737,2025,2421.0,2431.0,2426.0,1627777|1629027|1629611|1629726|1630168,203552|203994|1629610|1630585|1631111,2024-25,544,0.20833333333333334
128070,04:52,"MISS Mathews 27' 3PT Jump Shot
Okongwu REBOUND (Off:2 Def:8)
MISS Risacher 20' Jump Shot
Diabaté REBOUND (Off:0 Def:2)
",1,0,1,0,2025-03-18,0022400993,0,1,CHA,4,0,32,05:10,Off At Rim Miss,0,Diabaté REBOUND (Off:0 Def:2),,CHA,ATL,ATL,1610612737,2025,2570.0,2588.0,2579.0,1627777|1629726|1630168|1630249|1642258,1629610|1630585|1631217|1641733|1641878,2024-25,660,0.7333333333333333
128090,10:28,"MISS Barlow 16' Jump Shot
Hawks Rebound
Nurkic L.B.FOUL (P1.T1) (T.Ford)
Young 8' Driving Floating Jump Shot (24 PTS) (Barlow 1 AST)
",2,1,0,0,2025-03-18,0022400993,0,1,CHA,4,0,27,10:51,Off At Rim Make,0,Hawks Rebound,,CHA,ATL,ATL,1610612737,2025,2229.0,2252.0,2240.5,1627777|1629027|1629611|1630249|1631230,203552|203994|1630585|1631111|1631217,2024-25,500,0.29411764705882354
127983,04:50,"Niang 25' 3PT Jump Shot (3 PTS) (Young 2 AST)
",0,0,1,1,2025-03-18,0022400993,0,0,CHA,2,0,5,05:01,Off Long Mid-Range Make,0,Niang 25' 3PT Jump Shot (3 PTS) (Young 2 AST),,CHA,ATL,ATL,1610612737,2025,1139.0,1150.0,1144.5,1627777|1629027|1630168|1630249|1630700,203552|1629610|1631109|1641733|1641878,2024-25,262,0.3283582089552239
128089,10:28,"MISS Barlow 16' Jump Shot
Hawks Rebound
Nurkic L.B.FOUL (P1.T1) (T.Ford)
Young 8' Driving Floating Jump Shot (24 PTS) (Barlow 1 AST)
",2,1,0,0,2025-03-18,0022400993,0,1,CHA,4,0,27,10:51,Off At Rim Make,0,MISS Barlow 16' Jump Shot,,CHA,ATL,ATL,1610612737,2025,2229.0,2252.0,2240.5,1627777|1629027|1629611|1630249|1631230,203552|203994|1630585|1631111|1631217,2024-25,499,0.37037037037037035
128088,10:00,"MISS Niang 26' 3PT Jump Shot
Moore Jr. REBOUND (Off:0 Def:4)
",0,0,1,0,2025-03-18,0022400993,0,0,CHA,4,0,29,10:11,Off Dead Ball,0,Moore Jr. REBOUND (Off:0 Def:4),,CHA,ATL,ATL,1610612737,2025,2269.0,2280.0,2274.5,1627777|1629027|1629611|1630249|1631230,203552|203994|1630585|1631111|1631217,2024-25,475,0.23529411764705882
128087,10:00,"MISS Niang 26' 3PT Jump Shot
Moore Jr. REBOUND (Off:0 Def:4)
",0,0,1,0,2025-03-18,0022400993,0,0,CHA,4,0,29,10:11,Off Dead Ball,0,MISS Niang 26' 3PT Jump Shot,,CHA,ATL,ATL,1610612737,2025,2269.0,2280.0,2274.5,1627777|1629027|1629611|1630249|1631230,203552|203994|1630585|1631111|1631217,2024-25,506,0.1694915254237288
128086,09:33,"Mann 3' Driving Layup (12 PTS) (Young 7 AST)
",1,1,0,0,2025-03-18,0022400993,0,0,CHA,4,0,26,09:58,Off FT Make,0,Mann 3' Driving Layup (12 PTS) (Young 7 AST),,CHA,ATL,ATL,1610612737,2025,2282.0,2307.0,2294.5,1627777|1629027|1629611|1629726|1631230,203552|203994|1630585|1631111|1631217,2024-25,547,0.16129032258064516
128085,09:16,"Nurkic BLOCK (1 BLK): MISS Barlow 4' Running Layup
HORNETS Rebound
",1,0,0,0,2025-03-18,0022400993,0,0,CHA,4,0,28,09:18,Off Block,0,HORNETS Rebound,,CHA,ATL,ATL,1610612737,2025,2322.0,2324.0,2323.0,1627777|1629027|1629611|1629726|1631230,203552|203994|1630585|1631111|1631217,2024-25,598,0.5405405405405406
128084,09:16,"Nurkic BLOCK (1 BLK): MISS Barlow 4' Running Layup
HORNETS Rebound
",1,0,0,0,2025-03-18,0022400993,0,0,CHA,4,0,28,09:18,Off Block,0,Nurkic BLOCK (1 BLK): MISS Barlow 4' Running Layup,,CHA,ATL,ATL,1610612737,2025,2322.0,2324.0,2323.0,1627777|1629027|1629611|1629726|1631230,203552|203994|1630585|1631111|1631217,2024-25,519,0.2777777777777778
128066,04:24,"Barlow 6' Driving Hook Shot (10 PTS)
",1,1,0,0,2025-03-18,0022400993,0,0,CHA,4,0,32,04:37,Off Arc 3 Miss,0,Barlow 6' Driving Hook Shot (10 PTS),,CHA,ATL,ATL,1610612737,2025,2603.0,2616.0,2609.5,1629726|1630249|1631230|1631243|1642258,1629610|1630585|1631217|1641733|1641878,2024-25,600,0.1702127659574468
128083,08:50,"Young 4' Driving Layup (26 PTS)
",1,1,0,0,2025-03-18,0022400993,0,0,CHA,4,0,28,08:57,Off Arc 3 Miss,0,Young 4' Driving Layup (26 PTS),,CHA,ATL,ATL,1610612737,2025,2343.0,2350.0,2346.5,1627777|1629027|1629611|1629726|1630168,203552|203994|1630585|1631111|1631217,2024-25,526,0.4375
128081,07:29,"Garrett S.FOUL (P2.T2) (R.Mott)
Young Free Throw 1 of 2 (30 PTS)
Young Free Throw 2 of 2 (31 PTS)
",0,0,0,0,2025-03-18,0022400993,0,0,CHA,4,1,29,07:39,Off At Rim Make,0,Young Free Throw 2 of 2 (31 PTS),,CHA,ATL,ATL,1610612737,2025,2421.0,2431.0,2426.0,1627777|1629027|1629611|1629726|1630168,203552|203994|1629610|1630585|1631111,2024-25,545,0.24
128079,07:29,"Garrett S.FOUL (P2.T2) (R.Mott)
Young Free Throw 1 of 2 (30 PTS)
Young Free Throw 2 of 2 (31 PTS)
",0,0,0,0,2025-03-18,0022400993,0,0,CHA,4,1,29,07:39,Off At Rim Make,0,Garrett S.FOUL (P2.T2) (R.Mott),,CHA,ATL,ATL,1610612737,2025,2421.0,2431.0,2426.0,1627777|1629027|1629611|1629726|1630168,203552|203994|1629610|1630585|1631111,2024-25,549,0.22535211267605634
128077,06:24,"Jeffries P.FOUL (P3.T3) (R.Mott)
MISS Okongwu 26' 3PT Jump Shot
Smith Jr. REBOUND (Off:2 Def:3)
",0,0,1,0,2025-03-18,0022400993,0,0,CHA,4,0,32,06:49,Off Short Mid-Range Make,0,Smith Jr. REBOUND (Off:2 Def:3),,CHA,ATL,ATL,1610612737,2025,2471.0,2496.0,2483.5,1627777|1629027|1629726|1630168|1642258,1629610|1630585|1631217|1641733|1641878,2024-25,632,0.65625
128076,06:24,"Jeffries P.FOUL (P3.T3) (R.Mott)
MISS Okongwu 26' 3PT Jump Shot
Smith Jr. REBOUND (Off:2 Def:3)
",0,0,1,0,2025-03-18,0022400993,0,0,CHA,4,0,32,06:49,Off Short Mid-Range Make,0,MISS Okongwu 26' 3PT Jump Shot,,CHA,ATL,ATL,1610612737,2025,2471.0,2496.0,2483.5,1627777|1629027|1629726|1630168|1642258,1629610|1630585|1631217|1641733|1641878,2024-25,596,0.1702127659574468
128075,06:24,"Jeffries P.FOUL (P3.T3) (R.Mott)
MISS Okongwu 26' 3PT Jump Shot
Smith Jr. REBOUND (Off:2 Def:3)
",0,0,1,0,2025-03-18,0022400993,0,0,CHA,4,0,32,06:49,Off Short Mid-Range Make,0,Jeffries P.FOUL (P3.T3) (R.Mott),,CHA,ATL,ATL,1610612737,2025,2471.0,2496.0,2483.5,1627777|1629027|1629726|1630168|1642258,1629610|1630585|1631217|1641733|1641878,2024-25,565,0.16393442622950818
128074,06:11,"Okongwu Traveling Turnover (P1.T9)
",0,0,0,0,2025-03-18,0022400993,0,0,CHA,4,0,32,06:18,Off Steal,1,Okongwu Traveling Turnover (P1.T9),,CHA,ATL,ATL,1610612737,2025,2502.0,2509.0,2505.5,1627777|1629027|1629726|1630168|1642258,1629610|1630585|1631217|1641733|1641878,2024-25,570,0.45454545454545453
128073,05:43,"Garrett STEAL (3 STL): Risacher Lost Ball Turnover (P1.T10)
",0,0,0,0,2025-03-18,0022400993,0,0,CHA,4,0,32,05:51,Off Short Mid-Range Miss,1,Garrett STEAL (3 STL): Risacher Lost Ball Turnover (P1.T10),,CHA,ATL,ATL,1610612737,2025,2529.0,2537.0,2533.0,1627777|1629726|1630168|1630249|1642258,1629610|1630585|1631217|1641733|1641878,2024-25,576,0.3925233644859813
128072,05:17,"MISS Risacher 31' 3PT Jump Shot
Garrett REBOUND (Off:0 Def:3)
",0,0,1,0,2025-03-18,0022400993,0,0,CHA,4,0,32,05:35,Off Block,0,Garrett REBOUND (Off:0 Def:3),,CHA,ATL,ATL,1610612737,2025,2545.0,2563.0,2554.0,1627777|1629726|1630168|1630249|1642258,1629610|1630585|1631217|1641733|1641878,2024-25,645,0.3283582089552239
128071,05:17,"MISS Risacher 31' 3PT Jump Shot
Garrett REBOUND (Off:0 Def:3)
",0,0,1,0,2025-03-18,0022400993,0,0,CHA,4,0,32,05:35,Off Block,0,MISS Risacher 31' 3PT Jump Shot,,CHA,ATL,ATL,1610612737,2025,2545.0,2563.0,2554.0,1627777|1629726|1630168|1630249|1642258,1629610|1630585|1631217|1641733|1641878,2024-25,652,0.16326530612244897
128069,04:52,"MISS Mathews 27' 3PT Jump Shot
Okongwu REBOUND (Off:2 Def:8)
MISS Risacher 20' Jump Shot
Diabaté REBOUND (Off:0 Def:2)
",1,0,1,0,2025-03-18,0022400993,0,1,CHA,4,0,32,05:10,Off At Rim Miss,0,MISS Risacher 20' Jump Shot,,CHA,ATL,ATL,1610612737,2025,2570.0,2588.0,2579.0,1627777|1629726|1630168|1630249|1642258,1629610|1630585|1631217|1641733|1641878,2024-25,587,0.03225806451612903
127982,04:19,"Young 26' 3PT Step Back Jump Shot (11 PTS)
",0,0,1,1,2025-03-18,0022400993,0,0,CHA,2,0,6,04:28,Off At Rim Make,0,Young 26' 3PT Step Back Jump Shot (11 PTS),,CHA,ATL,ATL,1610612737,2025,1172.0,1181.0,1176.5,1627777|1629027|1630168|1630249|1630700,203552|1629610|1631109|1641733|1641878,2024-25,266,0.21621621621621623
128023,02:50,"MISS Daniels 26' 3PT Jump Shot
Smith Jr. REBOUND (Off:2 Def:2)
",0,0,1,0,2025-03-18,0022400993,0,0,CHA,3,0,32,03:09,Off Arc 3 Make,0,MISS Daniels 26' 3PT Jump Shot,,CHA,ATL,ATL,1610612737,2025,1971.0,1990.0,1980.5,1627777|1629611|1630249|1630700|1631230,203994|1630585|1631111|1641733|1641878,2024-25,453,0.13114754098360656
127980,03:48,"MISS Daniels 4' Driving Layup
Jeffries REBOUND (Off:1 Def:2)
",1,0,0,0,2025-03-18,0022400993,0,0,CHA,2,0,7,04:03,Off At Rim Make,0,MISS Daniels 4' Driving Layup,,CHA,ATL,ATL,1610612737,2025,1197.0,1212.0,1204.5,1627777|1629027|1630168|1630249|1630700,203552|1629610|1631109|1641733|1641878,2024-25,269,0.2222222222222222
128020,01:55,"Garrett BLOCK (1 BLK): MISS Mann 3' Driving Layup
Garrett REBOUND (Off:0 Def:2)
",1,0,0,0,2025-03-18,0022400993,0,0,CHA,3,0,30,02:21,Off Timeout,0,Garrett BLOCK (1 BLK): MISS Mann 3' Driving Layup,,CHA,ATL,ATL,1610612737,2025,2019.0,2045.0,2032.0,1627777|1629027|1629611|1630249|1631230,203994|1630585|1631111|1631217|1641733,2024-25,466,0.24691358024691357
128019,01:29,"Niang 3PT Jump Shot (6 PTS) (Mann 2 AST)
",0,0,1,1,2025-03-18,0022400993,0,0,CHA,3,0,28,01:43,Off Short Mid-Range Make,0,Niang 3PT Jump Shot (6 PTS) (Mann 2 AST),,CHA,ATL,ATL,1610612737,2025,2057.0,2071.0,2064.0,1627777|1629027|1629611|1630249|1631230,203994|1630585|1631111|1631217|1641733,2024-25,471,0.20689655172413793
128018,01:01,"MISS Barlow 7' Floating Jump Shot
Nurkic REBOUND (Off:0 Def:1)
",1,0,0,0,2025-03-18,0022400993,0,0,CHA,3,0,29,01:17,Off Short Mid-Range Make,0,Nurkic REBOUND (Off:0 Def:1),,CHA,ATL,ATL,1610612737,2025,2083.0,2099.0,2091.0,1627777|1629027|1629611|1630249|1631230,203994|1630585|1631111|1631217|1641733,2024-25,525,0.7586206896551724
128017,01:01,"MISS Barlow 7' Floating Jump Shot
Nurkic REBOUND (Off:0 Def:1)
",1,0,0,0,2025-03-18,0022400993,0,0,CHA,3,0,29,01:17,Off Short Mid-Range Make,0,MISS Barlow 7' Floating Jump Shot,,CHA,ATL,ATL,1610612737,2025,2083.0,2099.0,2091.0,1627777|1629027|1629611|1630249|1631230,203994|1630585|1631111|1631217|1641733,2024-25,474,0.34615384615384615
128026,03:59,"MISS Niang 10' Driving Floating Jump Shot
Barlow REBOUND (Off:2 Def:3)
MISS Barlow Tip Layup Shot
Barlow REBOUND (Off:3 Def:3)
Barlow Tip Layup Shot (6 PTS)
",3,1,0,0,2025-03-18,0022400993,0,2,CHA,3,0,31,04:17,Off Short Mid-Range Miss,0,MISS Niang 10' Driving Floating Jump Shot,,CHA,ATL,ATL,1610612737,2025,1903.0,1921.0,1912.0,1627777|1629611|1630249|1630700|1631230,203994|1630585|1631111|1641733|1641878,2024-25,442,0.21951219512195122
128015,00:00,"MISS Young 19' Pullup Jump Shot
Hawks Rebound
Diabaté L.B.FOUL (P2.T1) (T.Ford)
Young T.FOUL (P3.T3) (M.Boland)
Smith Jr. Free Throw Technical (7 PTS)
",1,0,0,0,2025-03-18,0022400993,0,1,CHA,3,0,27,00:14,Off Short Mid-Range Make,0,Smith Jr. Free Throw Technical (7 PTS),,CHA,ATL,ATL,1610612737,2025,2146.0,2160.0,2153.0,1627777|1629027|1629611|1630249|1631230,203994|1630585|1631111|1631217|1641733,2024-25,535,0.46875
128004,09:39,"Young 3' Running Layup (7 PTS)
Green S.FOUL (P2.T2) (T.Ford)
Young Free Throw 1 of 1 (8 PTS)
",1,1,0,0,2025-03-18,0022400993,0,0,CHA,2,1,6,09:41,Off Corner 3 Miss,0,Green S.FOUL (P2.T2) (T.Ford),,CHA,ATL,ATL,1610612737,2025,859.0,861.0,860.0,1629027|1629611|1630168|1631243|1642258,203994|1630182|1630585|1631111|1631217,2024-25,206,0.18421052631578946
128016,00:36,"Young 32' 3PT Pullup Jump Shot (22 PTS)
",0,0,1,1,2025-03-18,0022400993,0,0,CHA,3,0,26,00:47,Off Arc 3 Make,0,Young 32' 3PT Pullup Jump Shot (22 PTS),,CHA,ATL,ATL,1610612737,2025,2113.0,2124.0,2118.5,1627777|1629027|1629611|1630249|1631230,203994|1630585|1631111|1631217|1641733,2024-25,478,0.2191780821917808
128003,09:39,"Young 3' Running Layup (7 PTS)
Green S.FOUL (P2.T2) (T.Ford)
Young Free Throw 1 of 1 (8 PTS)
",1,1,0,0,2025-03-18,0022400993,0,0,CHA,2,1,6,09:41,Off Corner 3 Miss,0,Young 3' Running Layup (7 PTS),,CHA,ATL,ATL,1610612737,2025,859.0,861.0,860.0,1629027|1629611|1630168|1631243|1642258,203994|1630182|1630585|1631111|1631217,2024-25,193,0.3018867924528302
128006,10:05,"Mann 24' 3PT Step Back Jump Shot (7 PTS)
",0,0,1,1,2025-03-18,0022400993,0,0,CHA,2,0,3,10:28,Off FT Make,0,Mann 24' 3PT Step Back Jump Shot (7 PTS),,CHA,ATL,ATL,1610612737,2025,812.0,835.0,823.5,1629027|1629611|1630168|1631243|1642258,203994|1630182|1630585|1631111|1631217,2024-25,190,0.26666666666666666
128005,09:39,"Young 3' Running Layup (7 PTS)
Green S.FOUL (P2.T2) (T.Ford)
Young Free Throw 1 of 1 (8 PTS)
",1,1,0,0,2025-03-18,0022400993,0,0,CHA,2,1,6,09:41,Off Corner 3 Miss,0,Young Free Throw 1 of 1 (8 PTS),,CHA,ATL,ATL,1610612737,2025,859.0,861.0,860.0,1629027|1629611|1630168|1631243|1642258,203994|1630182|1630585|1631111|1631217,2024-25,202,0.43333333333333335
128008,10:48,"Garrett P.FOUL (P1.T1) (M.Boland)
Barlow 11' Jump Shot (4 PTS) (Risacher 1 AST)
",1,1,0,0,2025-03-18,0022400993,0,0,CHA,2,0,2,11:16,Off FT Make,0,Barlow 11' Jump Shot (4 PTS) (Risacher 1 AST),,CHA,ATL,ATL,1610612737,2025,764.0,792.0,778.0,1629027|1629611|1631230|1631243|1642258,203994|1630182|1630585|1631111|1631217,2024-25,181,0.14492753623188406
128007,10:48,"Garrett P.FOUL (P1.T1) (M.Boland)
Barlow 11' Jump Shot (4 PTS) (Risacher 1 AST)
",1,1,0,0,2025-03-18,0022400993,0,0,CHA,2,0,2,11:16,Off FT Make,0,Garrett P.FOUL (P1.T1) (M.Boland),,CHA,ATL,ATL,1610612737,2025,764.0,792.0,778.0,1629027|1629611|1631230|1631243|1642258,203994|1630182|1630585|1631111|1631217,2024-25,191,0.08
128010,11:33,"Garrett STEAL (1 STL): Young Lost Ball Turnover (P1.T3)
",0,0,0,0,2025-03-18,0022400993,0,0,CHA,2,0,5,11:43,Off At Rim Make,1,Garrett STEAL (1 STL): Young Lost Ball Turnover (P1.T3),,CHA,ATL,ATL,1610612737,2025,737.0,747.0,742.0,1629027|1629611|1631230|1631243|1642258,203994|1630182|1630585|1631111|1631217,2024-25,169,0.6966292134831461
128011,00:00,"MISS Young 19' Pullup Jump Shot
Hawks Rebound
Diabaté L.B.FOUL (P2.T1) (T.Ford)
Young T.FOUL (P3.T3) (M.Boland)
Smith Jr. Free Throw Technical (7 PTS)
",1,0,0,0,2025-03-18,0022400993,0,1,CHA,3,0,27,00:14,Off Short Mid-Range Make,0,MISS Young 19' Pullup Jump Shot,,CHA,ATL,ATL,1610612737,2025,2146.0,2160.0,2153.0,1627777|1629027|1629611|1630249|1631230,203994|1630585|1631111|1631217|1641733,2024-25,480,0.13559322033898305
128012,00:00,"MISS Young 19' Pullup Jump Shot
Hawks Rebound
Diabaté L.B.FOUL (P2.T1) (T.Ford)
Young T.FOUL (P3.T3) (M.Boland)
Smith Jr. Free Throw Technical (7 PTS)
",1,0,0,0,2025-03-18,0022400993,0,1,CHA,3,0,27,00:14,Off Short Mid-Range Make,0,Hawks Rebound,,CHA,ATL,ATL,1610612737,2025,2146.0,2160.0,2153.0,1627777|1629027|1629611|1630249|1631230,203994|1630585|1631111|1631217|1641733,2024-25,508,0.4
128014,00:00,"MISS Young 19' Pullup Jump Shot
Hawks Rebound
Diabaté L.B.FOUL (P2.T1) (T.Ford)
Young T.FOUL (P3.T3) (M.Boland)
Smith Jr. Free Throw Technical (7 PTS)
",1,0,0,0,2025-03-18,0022400993,0,1,CHA,3,0,27,00:14,Off Short Mid-Range Make,0,Young T.FOUL (P3.T3) (M.Boland),,CHA,ATL,ATL,1610612737,2025,2146.0,2160.0,2153.0,1627777|1629027|1629611|1630249|1631230,203994|1630585|1631111|1631217|1641733,2024-25,501,0.20833333333333334
128009,11:19,"Garrett STEAL (2 STL): Young Lost Ball Turnover (P2.T4)
",0,0,0,0,2025-03-18,0022400993,0,0,CHA,2,0,3,11:28,Off At Rim Make,1,Garrett STEAL (2 STL): Young Lost Ball Turnover (P2.T4),,CHA,ATL,ATL,1610612737,2025,752.0,761.0,756.5,1629027|1629611|1631230|1631243|1642258,203994|1630182|1630585|1631111|1631217,2024-25,172,0.05555555555555555
128091,10:28,"MISS Barlow 16' Jump Shot
Hawks Rebound
Nurkic L.B.FOUL (P1.T1) (T.Ford)
Young 8' Driving Floating Jump Shot (24 PTS) (Barlow 1 AST)
",2,1,0,0,2025-03-18,0022400993,0,1,CHA,4,0,27,10:51,Off At Rim Make,0,Nurkic L.B.FOUL (P1.T1) (T.Ford),,CHA,ATL,ATL,1610612737,2025,2229.0,2252.0,2240.5,1627777|1629027|1629611|1630249|1631230,203552|203994|1630585|1631111|1631217,2024-25,515,0.08163265306122448
128021,01:55,"Garrett BLOCK (1 BLK): MISS Mann 3' Driving Layup
Garrett REBOUND (Off:0 Def:2)
",1,0,0,0,2025-03-18,0022400993,0,0,CHA,3,0,30,02:21,Off Timeout,0,Garrett REBOUND (Off:0 Def:2),,CHA,ATL,ATL,1610612737,2025,2019.0,2045.0,2032.0,1627777|1629027|1629611|1630249|1631230,203994|1630585|1631111|1631217|1641733,2024-25,479,0.16666666666666666
127981,03:48,"MISS Daniels 4' Driving Layup
Jeffries REBOUND (Off:1 Def:2)
",1,0,0,0,2025-03-18,0022400993,0,0,CHA,2,0,7,04:03,Off At Rim Make,0,Jeffries REBOUND (Off:1 Def:2),,CHA,ATL,ATL,1610612737,2025,1197.0,1212.0,1204.5,1627777|1629027|1630168|1630249|1630700,203552|1629610|1631109|1641733|1641878,2024-25,307,0.6774193548387096
128022,02:25,"Moore Jr. STEAL (1 STL): Daniels Lost Ball Turnover (P3.T8)
",0,0,0,0,2025-03-18,0022400993,0,0,CHA,3,0,32,02:38,Off Corner 3 Miss,1,Moore Jr. STEAL (1 STL): Daniels Lost Ball Turnover (P3.T8),,CHA,ATL,ATL,1610612737,2025,2002.0,2015.0,2008.5,1627777|1629611|1630249|1630700|1631230,203994|1630585|1631111|1641733|1641878,2024-25,457,0.28205128205128205
128025,03:29,"Barlow 7' Jump Shot (8 PTS) (Daniels 7 AST)
",1,1,0,0,2025-03-18,0022400993,0,0,CHA,3,0,33,03:44,Off Corner 3 Miss,0,Barlow 7' Jump Shot (8 PTS) (Daniels 7 AST),,CHA,ATL,ATL,1610612737,2025,1936.0,1951.0,1943.5,1627777|1629611|1630249|1630700|1631230,203994|1630585|1631111|1641733|1641878,2024-25,449,0.1
127979,03:26,"Krejci 3PT Jump Shot (3 PTS) (Okongwu 3 AST)
",0,0,1,1,2025-03-18,0022400993,0,0,CHA,2,0,4,03:42,Off Corner 3 Make,0,Krejci 3PT Jump Shot (3 PTS) (Okongwu 3 AST),,CHA,ATL,ATL,1610612737,2025,1218.0,1234.0,1226.0,1627777|1629027|1630168|1630249|1630700,203552|1629610|1631109|1641733|1641878,2024-25,273,0.12903225806451613
127978,02:59,"M. Williams STEAL (2 STL): Young Bad Pass Turnover (P3.T6)
",0,0,0,0,2025-03-18,0022400993,0,0,CHA,2,0,5,03:13,Off Short Mid-Range Make,1,M. Williams STEAL (2 STL): Young Bad Pass Turnover (P3.T6),,CHA,ATL,ATL,1610612737,2025,1247.0,1261.0,1254.0,1627777|1629027|1630168|1630249|1630700,203552|1629610|1631109|1641733|1641878,2024-25,276,0.23157894736842105
127977,02:47,"Daniels 3' Running Layup (12 PTS) (Young 3 AST)
",1,1,0,0,2025-03-18,0022400993,0,0,CHA,2,0,5,02:52,Off Steal,0,Daniels 3' Running Layup (12 PTS) (Young 3 AST),,CHA,ATL,ATL,1610612737,2025,1268.0,1273.0,1270.5,1627777|1629027|1630168|1630249|1630700,203552|1629610|1631109|1641733|1641878,2024-25,280,0.22784810126582278
127976,02:17,"Young 3' Driving Layup (13 PTS)
",1,1,0,0,2025-03-18,0022400993,0,0,CHA,2,0,7,02:25,Off Arc 3 Miss,0,Young 3' Driving Layup (13 PTS),,CHA,ATL,ATL,1610612737,2025,1295.0,1303.0,1299.0,1627777|1629027|1630168|1630249|1630700,203552|1629610|1631109|1641733|1641878,2024-25,285,0.4050632911392405
127975,01:49,"MISS Young 31' 3PT Running Pull-Up Jump Shot
Daniels REBOUND (Off:2 Def:2)
Jeffries P.FOUL (P2.PN) (T.Ford)
MISS Daniels Free Throw 1 of 2
Hawks Rebound
Daniels Free Throw 2 of 2 (13 PTS)
",0,0,1,0,2025-03-18,0022400993,1,1,CHA,2,0,9,01:54,Off Short Mid-Range Miss,0,Daniels Free Throw 2 of 2 (13 PTS),,CHA,ATL,ATL,1610612737,2025,1326.0,1331.0,1328.5,1627777|1629027|1630168|1630249|1630700,203552|1629610|1631109|1641733|1641878,2024-25,298,0.9577464788732394
127974,01:49,"MISS Young 31' 3PT Running Pull-Up Jump Shot
Daniels REBOUND (Off:2 Def:2)
Jeffries P.FOUL (P2.PN) (T.Ford)
MISS Daniels Free Throw 1 of 2
Hawks Rebound
Daniels Free Throw 2 of 2 (13 PTS)
",0,0,1,0,2025-03-18,0022400993,1,1,CHA,2,0,9,01:54,Off Short Mid-Range Miss,0,Hawks Rebound,,CHA,ATL,ATL,1610612737,2025,1326.0,1331.0,1328.5,1627777|1629027|1630168|1630249|1630700,203552|1629610|1631109|1641733|1641878,2024-25,293,0.5714285714285714
127973,01:49,"MISS Young 31' 3PT Running Pull-Up Jump Shot
Daniels REBOUND (Off:2 Def:2)
Jeffries P.FOUL (P2.PN) (T.Ford)
MISS Daniels Free Throw 1 of 2
Hawks Rebound
Daniels Free Throw 2 of 2 (13 PTS)
",0,0,1,0,2025-03-18,0022400993,1,1,CHA,2,0,9,01:54,Off Short Mid-Range Miss,0,MISS Daniels Free Throw 1 of 2,,CHA,ATL,ATL,1610612737,2025,1326.0,1331.0,1328.5,1627777|1629027|1630168|1630249|1630700,203552|1629610|1631109|1641733|1641878,2024-25,292,0.8387096774193549
128033,05:16,"Risacher 2' Driving Layup (19 PTS)
",1,1,0,0,2025-03-18,0022400993,0,0,CHA,3,0,29,05:24,Off Short Mid-Range Miss,0,Risacher 2' Driving Layup (19 PTS),,CHA,ATL,ATL,1610612737,2025,1836.0,1844.0,1840.0,1627777|1630249|1630700|1631230|1642258,1629610|1630585|1631109|1641733|1641878,2024-25,424,0.5142857142857142
127972,01:49,"MISS Young 31' 3PT Running Pull-Up Jump Shot
Daniels REBOUND (Off:2 Def:2)
Jeffries P.FOUL (P2.PN) (T.Ford)
MISS Daniels Free Throw 1 of 2
Hawks Rebound
Daniels Free Throw 2 of 2 (13 PTS)
",0,0,1,0,2025-03-18,0022400993,1,1,CHA,2,0,9,01:54,Off Short Mid-Range Miss,0,Jeffries P.FOUL (P2.PN) (T.Ford),,CHA,ATL,ATL,1610612737,2025,1326.0,1331.0,1328.5,1627777|1629027|1630168|1630249|1630700,203552|1629610|1631109|1641733|1641878,2024-25,302,0.12903225806451613
127999,08:11,"Gueye 3PT Jump Shot (3 PTS) (Okongwu 2 AST)
",0,0,1,1,2025-03-18,0022400993,0,0,CHA,2,0,7,08:17,Off Long Mid-Range Miss,0,Gueye 3PT Jump Shot (3 PTS) (Okongwu 2 AST),,CHA,ATL,ATL,1610612737,2025,943.0,949.0,946.0,1629611|1630168|1630249|1630700|1631243,1630182|1631109|1631217|1641733|1641878,2024-25,220,0.8192771084337349
128000,08:33,"M. Williams STEAL (1 STL): Daniels Lost Ball Turnover (P2.T5)
",0,0,0,0,2025-03-18,0022400993,0,0,CHA,2,0,7,08:55,Off Timeout,1,M. Williams STEAL (1 STL): Daniels Lost Ball Turnover (P2.T5),,CHA,ATL,ATL,1610612737,2025,905.0,927.0,916.0,1629611|1630168|1630249|1630700|1631243,1630182|1631109|1631217|1641733|1641878,2024-25,216,0.6804123711340206
127970,01:49,"MISS Young 31' 3PT Running Pull-Up Jump Shot
Daniels REBOUND (Off:2 Def:2)
Jeffries P.FOUL (P2.PN) (T.Ford)
MISS Daniels Free Throw 1 of 2
Hawks Rebound
Daniels Free Throw 2 of 2 (13 PTS)
",0,0,1,0,2025-03-18,0022400993,1,1,CHA,2,0,9,01:54,Off Short Mid-Range Miss,0,MISS Young 31' 3PT Running Pull-Up Jump Shot,,CHA,ATL,ATL,1610612737,2025,1326.0,1331.0,1328.5,1627777|1629027|1630168|1630249|1630700,203552|1629610|1631109|1641733|1641878,2024-25,288,0.1794871794871795
128002,08:57,"MISS Okongwu 26' 3PT Jump Shot
Baugh REBOUND (Off:0 Def:3)
",0,0,1,0,2025-03-18,0022400993,0,0,CHA,2,0,9,09:10,Off Steal,0,Baugh REBOUND (Off:0 Def:3),,CHA,ATL,ATL,1610612737,2025,890.0,903.0,896.5,1629027|1629611|1630168|1630700|1631243,203994|1630182|1631217|1641733|1641878,2024-25,193,0.28
128030,03:59,"MISS Niang 10' Driving Floating Jump Shot
Barlow REBOUND (Off:2 Def:3)
MISS Barlow Tip Layup Shot
Barlow REBOUND (Off:3 Def:3)
Barlow Tip Layup Shot (6 PTS)
",3,1,0,0,2025-03-18,0022400993,0,2,CHA,3,0,31,04:17,Off Short Mid-Range Miss,0,Barlow Tip Layup Shot (6 PTS),,CHA,ATL,ATL,1610612737,2025,1903.0,1921.0,1912.0,1627777|1629611|1630249|1630700|1631230,203994|1630585|1631111|1641733|1641878,2024-25,446,0.30434782608695654
128031,04:44,"MISS Risacher 3PT Jump Shot
Moore Jr. REBOUND (Off:0 Def:2)
",0,0,1,0,2025-03-18,0022400993,0,0,CHA,3,0,31,05:02,Off Dead Ball,0,MISS Risacher 3PT Jump Shot,,CHA,ATL,ATL,1610612737,2025,1858.0,1876.0,1867.0,1627777|1630249|1630700|1631230|1642258,203994|1630585|1631111|1641733|1641878,2024-25,432,0.4
128001,08:57,"MISS Okongwu 26' 3PT Jump Shot
Baugh REBOUND (Off:0 Def:3)
",0,0,1,0,2025-03-18,0022400993,0,0,CHA,2,0,9,09:10,Off Steal,0,MISS Okongwu 26' 3PT Jump Shot,,CHA,ATL,ATL,1610612737,2025,890.0,903.0,896.5,1629027|1629611|1630168|1630700|1631243,203994|1630182|1631217|1641733|1641878,2024-25,207,0.12
128029,03:59,"MISS Niang 10' Driving Floating Jump Shot
Barlow REBOUND (Off:2 Def:3)
MISS Barlow Tip Layup Shot
Barlow REBOUND (Off:3 Def:3)
Barlow Tip Layup Shot (6 PTS)
",3,1,0,0,2025-03-18,0022400993,0,2,CHA,3,0,31,04:17,Off Short Mid-Range Miss,0,Barlow REBOUND (Off:3 Def:3),,CHA,ATL,ATL,1610612737,2025,1903.0,1921.0,1912.0,1627777|1629611|1630249|1630700|1631230,203994|1630585|1631111|1641733|1641878,2024-25,447,0.2553191489361702
128028,03:59,"MISS Niang 10' Driving Floating Jump Shot
Barlow REBOUND (Off:2 Def:3)
MISS Barlow Tip Layup Shot
Barlow REBOUND (Off:3 Def:3)
Barlow Tip Layup Shot (6 PTS)
",3,1,0,0,2025-03-18,0022400993,0,2,CHA,3,0,31,04:17,Off Short Mid-Range Miss,0,MISS Barlow Tip Layup Shot,,CHA,ATL,ATL,1610612737,2025,1903.0,1921.0,1912.0,1627777|1629611|1630249|1630700|1631230,203994|1630585|1631111|1641733|1641878,2024-25,444,0.23728813559322035
128027,03:59,"MISS Niang 10' Driving Floating Jump Shot
Barlow REBOUND (Off:2 Def:3)
MISS Barlow Tip Layup Shot
Barlow REBOUND (Off:3 Def:3)
Barlow Tip Layup Shot (6 PTS)
",3,1,0,0,2025-03-18,0022400993,0,2,CHA,3,0,31,04:17,Off Short Mid-Range Miss,0,Barlow REBOUND (Off:2 Def:3),,CHA,ATL,ATL,1610612737,2025,1903.0,1921.0,1912.0,1627777|1629611|1630249|1630700|1631230,203994|1630585|1631111|1641733|1641878,2024-25,443,0.20512820512820512
128024,02:50,"MISS Daniels 26' 3PT Jump Shot
Smith Jr. REBOUND (Off:2 Def:2)
",0,0,1,0,2025-03-18,0022400993,0,0,CHA,3,0,32,03:09,Off Arc 3 Make,0,Smith Jr. REBOUND (Off:2 Def:2),,CHA,ATL,ATL,1610612737,2025,1971.0,1990.0,1980.5,1627777|1629611|1630249|1630700|1631230,203994|1630585|1631111|1641733|1641878,2024-25,456,0.37735849056603776
128092,10:28,"MISS Barlow 16' Jump Shot
Hawks Rebound
Nurkic L.B.FOUL (P1.T1) (T.Ford)
Young 8' Driving Floating Jump Shot (24 PTS) (Barlow 1 AST)
",2,1,0,0,2025-03-18,0022400993,0,1,CHA,4,0,27,10:51,Off At Rim Make,0,Young 8' Driving Floating Jump Shot (24 PTS) (Barlow 1 AST),,CHA,ATL,ATL,1610612737,2025,2229.0,2252.0,2240.5,1627777|1629027|1629611|1630249|1631230,203552|203994|1630585|1631111|1631217,2024-25,503,0.18181818181818182
128013,00:00,"MISS Young 19' Pullup Jump Shot
Hawks Rebound
Diabaté L.B.FOUL (P2.T1) (T.Ford)
Young T.FOUL (P3.T3) (M.Boland)
Smith Jr. Free Throw Technical (7 PTS)
",1,0,0,0,2025-03-18,0022400993,0,1,CHA,3,0,27,00:14,Off Short Mid-Range Make,0,Diabaté L.B.FOUL (P2.T1) (T.Ford),,CHA,ATL,ATL,1610612737,2025,2146.0,2160.0,2153.0,1627777|1629027|1629611|1630249|1631230,203994|1630585|1631111|1631217|1641733,2024-25,535,0.3728813559322034
128094,11:31,"MISS Young 13' Fadeaway Jumper
Moore Jr. REBOUND (Off:0 Def:3)
",1,0,0,0,2025-03-18,0022400993,0,0,CHA,4,0,26,12:00,Off Dead Ball,0,MISS Young 13' Fadeaway Jumper,,CHA,ATL,ATL,1610612737,2025,2160.0,2189.0,2174.5,1627777|1629027|1629611|1630249|1631230,203552|203994|1630585|1631111|1631217,2024-25,491,0.3548387096774194
127919,01:40,"MISS Barlow 27' 3PT Jump Shot
Moore Jr. REBOUND (Off:0 Def:1)
",0,0,1,0,2025-03-18,0022400993,0,0,CHA,1,0,3,01:52,Off Arc 3 Miss,0,Moore Jr. REBOUND (Off:0 Def:1),,CHA,ATL,ATL,1610612737,2025,608.0,620.0,614.0,1627777|1629027|1629611|1630249|1631230,203994|1629610|1630585|1631111|1641733,2024-25,139,0.8064516129032258
127920,02:16,"Barlow 3' Driving Layup (2 PTS)
",1,1,0,0,2025-03-18,0022400993,0,0,CHA,1,0,1,02:29,Off FT Make,0,Barlow 3' Driving Layup (2 PTS),,CHA,ATL,ATL,1610612737,2025,571.0,584.0,577.5,1627777|1629027|1629611|1630249|1631230,203994|1629610|1630585|1631111|1641733,2024-25,137,0.25
127921,02:37,"MISS Young 6' Driving Floating Jump Shot
Garrett REBOUND (Off:0 Def:1)
",1,0,0,0,2025-03-18,0022400993,0,0,CHA,1,0,4,02:46,Off Corner 3 Miss,0,MISS Young 6' Driving Floating Jump Shot,,CHA,ATL,ATL,1610612737,2025,554.0,563.0,558.5,1627777|1629027|1629611|1630249|1631230,203994|1629610|1630585|1631111|1641733,2024-25,127,0.21333333333333335
127922,02:37,"MISS Young 6' Driving Floating Jump Shot
Garrett REBOUND (Off:0 Def:1)
",1,0,0,0,2025-03-18,0022400993,0,0,CHA,1,0,4,02:46,Off Corner 3 Miss,0,Garrett REBOUND (Off:0 Def:1),,CHA,ATL,ATL,1610612737,2025,554.0,563.0,558.5,1627777|1629027|1629611|1630249|1631230,203994|1629610|1630585|1631111|1641733,2024-25,127,0.28125
127923,03:04,"MISS Young 30' 3PT Pullup Jump Shot
Barlow REBOUND (Off:1 Def:0)
MISS Krejci 26' 3PT Jump Shot
Smith Jr. REBOUND (Off:0 Def:1)
",0,0,2,0,2025-03-18,0022400993,0,1,CHA,1,0,4,03:43,Off Timeout,0,MISS Young 30' 3PT Pullup Jump Shot,,CHA,ATL,ATL,1610612737,2025,497.0,536.0,516.5,1627777|1629027|1629611|1630249|1631230,203994|1629610|1630585|1631111|1641733,2024-25,121,0.11538461538461539
127924,03:04,"MISS Young 30' 3PT Pullup Jump Shot
Barlow REBOUND (Off:1 Def:0)
MISS Krejci 26' 3PT Jump Shot
Smith Jr. REBOUND (Off:0 Def:1)
",0,0,2,0,2025-03-18,0022400993,0,1,CHA,1,0,4,03:43,Off Timeout,0,Barlow REBOUND (Off:1 Def:0),,CHA,ATL,ATL,1610612737,2025,497.0,536.0,516.5,1627777|1629027|1629611|1630249|1631230,203994|1629610|1630585|1631111|1641733,2024-25,113,0.19230769230769232
127925,03:04,"MISS Young 30' 3PT Pullup Jump Shot
Barlow REBOUND (Off:1 Def:0)
MISS Krejci 26' 3PT Jump Shot
Smith Jr. REBOUND (Off:0 Def:1)
",0,0,2,0,2025-03-18,0022400993,0,1,CHA,1,0,4,03:43,Off Timeout,0,MISS Krejci 26' 3PT Jump Shot,,CHA,ATL,ATL,1610612737,2025,497.0,536.0,516.5,1627777|1629027|1629611|1630249|1631230,203994|1629610|1630585|1631111|1641733,2024-25,113,0.5283018867924528
127926,03:04,"MISS Young 30' 3PT Pullup Jump Shot
Barlow REBOUND (Off:1 Def:0)
MISS Krejci 26' 3PT Jump Shot
Smith Jr. REBOUND (Off:0 Def:1)
",0,0,2,0,2025-03-18,0022400993,0,1,CHA,1,0,4,03:43,Off Timeout,0,Smith Jr. REBOUND (Off:0 Def:1),,CHA,ATL,ATL,1610612737,2025,497.0,536.0,516.5,1627777|1629027|1629611|1630249|1631230,203994|1629610|1630585|1631111|1641733,2024-25,113,0.32727272727272727
127927,03:57,"Daniels 6' Driving Layup (8 PTS)
",1,1,0,0,2025-03-18,0022400993,0,0,CHA,1,0,5,04:15,Off Corner 3 Make,0,Daniels 6' Driving Layup (8 PTS),,CHA,ATL,ATL,1610612737,2025,465.0,483.0,474.0,1627777|1629611|1630249|1630700|1631230,1629610|1630585|1631109|1641733|1641878,2024-25,108,0.22950819672131148
127928,04:40,"Mann 8' Pullup Jump Shot (2 PTS)
",1,1,0,0,2025-03-18,0022400993,0,0,CHA,1,0,6,04:57,Off At Rim Make,0,Mann 8' Pullup Jump Shot (2 PTS),,CHA,ATL,ATL,1610612737,2025,423.0,440.0,431.5,1627777|1629611|1630249|1630700|1631230,1629610|1630585|1631109|1641733|1641878,2024-25,105,0.9253731343283582
127929,05:03,"Green P.FOUL (P1.T3) (R.Mott)
Baugh STEAL (1 STL): Daniels Lost Ball Turnover (P1.T1)
",0,0,0,0,2025-03-18,0022400993,0,0,CHA,1,0,8,05:09,Off Long Mid-Range Miss,1,Green P.FOUL (P1.T3) (R.Mott),,CHA,ATL,ATL,1610612737,2025,411.0,417.0,414.0,1627777|1629611|1630249|1630700|1631230,1629610|1630585|1631109|1641733|1641878,2024-25,84,0.16326530612244897
127931,05:49,"M. Williams BLOCK (2 BLK): MISS Risacher 4' Layup
Risacher REBOUND (Off:1 Def:1)
MISS Okongwu 8' Hook Shot
Baugh REBOUND (Off:0 Def:2)
",2,0,0,0,2025-03-18,0022400993,0,1,CHA,1,0,8,06:18,Off Dead Ball,0,M. Williams BLOCK (2 BLK): MISS Risacher 4' Layup,,CHA,ATL,ATL,1610612737,2025,342.0,371.0,356.5,1630168|1630249|1630700|1631243|1642258,203552|1629610|1630182|1631109|1641878,2024-25,70,0.15151515151515152
127932,05:49,"M. Williams BLOCK (2 BLK): MISS Risacher 4' Layup
Risacher REBOUND (Off:1 Def:1)
MISS Okongwu 8' Hook Shot
Baugh REBOUND (Off:0 Def:2)
",2,0,0,0,2025-03-18,0022400993,0,1,CHA,1,0,8,06:18,Off Dead Ball,0,Risacher REBOUND (Off:1 Def:1),,CHA,ATL,ATL,1610612737,2025,342.0,371.0,356.5,1630168|1630249|1630700|1631243|1642258,203552|1629610|1630182|1631109|1641878,2024-25,80,0.2127659574468085
127947,08:51,"M. Williams BLOCK (1 BLK): MISS Young 4' Driving Layup
Okongwu REBOUND (Off:1 Def:1)
Okongwu 2' Putback Layup (7 PTS)
",2,1,0,0,2025-03-18,0022400993,0,1,CHA,1,0,5,09:05,Off At Rim Make,0,Okongwu REBOUND (Off:1 Def:1),,CHA,ATL,ATL,1610612737,2025,175.0,189.0,182.0,1629027|1630168|1630700|1631243|1642258,203552|1629610|1630182|1631109|1641878,2024-25,45,0.9508196721311475
127946,08:51,"M. Williams BLOCK (1 BLK): MISS Young 4' Driving Layup
Okongwu REBOUND (Off:1 Def:1)
Okongwu 2' Putback Layup (7 PTS)
",2,1,0,0,2025-03-18,0022400993,0,1,CHA,1,0,5,09:05,Off At Rim Make,0,M. Williams BLOCK (1 BLK): MISS Young 4' Driving Layup,,CHA,ATL,ATL,1610612737,2025,175.0,189.0,182.0,1629027|1630168|1630700|1631243|1642258,203552|1629610|1630182|1631109|1641878,2024-25,43,0.5274725274725275
127945,08:34,"Young 26' 3PT Step Back Jump Shot (3 PTS)
",0,0,1,1,2025-03-18,0022400993,0,0,CHA,1,0,7,08:42,Off Corner 3 Miss,0,Young 26' 3PT Step Back Jump Shot (3 PTS),,CHA,ATL,ATL,1610612737,2025,198.0,206.0,202.0,1629027|1630168|1630700|1631243|1642258,203552|1629610|1630182|1631109|1641878,2024-25,49,0.8
127943,07:34,"Jeffries BLOCK (1 BLK): MISS Gueye 8' Driving Floating Jump Shot
M. Williams REBOUND (Off:0 Def:2)
",1,0,0,0,2025-03-18,0022400993,0,0,CHA,1,0,11,07:50,Off Long Mid-Range Make,0,M. Williams REBOUND (Off:0 Def:2),,CHA,ATL,ATL,1610612737,2025,250.0,266.0,258.0,1629027|1630168|1630700|1631243|1642258,203552|1629610|1630182|1631109|1641878,2024-25,48,0.7575757575757576
127942,07:34,"Jeffries BLOCK (1 BLK): MISS Gueye 8' Driving Floating Jump Shot
M. Williams REBOUND (Off:0 Def:2)
",1,0,0,0,2025-03-18,0022400993,0,0,CHA,1,0,11,07:50,Off Long Mid-Range Make,0,Jeffries BLOCK (1 BLK): MISS Gueye 8' Driving Floating Jump Shot,,CHA,ATL,ATL,1610612737,2025,250.0,266.0,258.0,1629027|1630168|1630700|1631243|1642258,203552|1629610|1630182|1631109|1641878,2024-25,55,0.2
127941,07:05,"Jeffries BLOCK (2 BLK): MISS Risacher 1' Driving Layup
Jeffries REBOUND (Off:0 Def:1)
",1,0,0,0,2025-03-18,0022400993,0,0,CHA,1,0,9,07:26,Off Short Mid-Range Make,0,Jeffries REBOUND (Off:0 Def:1),,CHA,ATL,ATL,1610612737,2025,274.0,295.0,284.5,1629027|1630168|1630700|1631243|1642258,203552|1629610|1630182|1631109|1641878,2024-25,66,0.6774193548387096
127918,01:40,"MISS Barlow 27' 3PT Jump Shot
Moore Jr. REBOUND (Off:0 Def:1)
",0,0,1,0,2025-03-18,0022400993,0,0,CHA,1,0,3,01:52,Off Arc 3 Miss,0,MISS Barlow 27' 3PT Jump Shot,,CHA,ATL,ATL,1610612737,2025,608.0,620.0,614.0,1627777|1629027|1629611|1630249|1631230,203994|1629610|1630585|1631111|1641733,2024-25,140,0.4057971014492754
127949,09:22,"Okongwu 25' 3PT Jump Shot (5 PTS) (Daniels 1 AST)
",0,0,1,1,2025-03-18,0022400993,0,0,CHA,1,0,4,09:31,Off FT Make,0,Okongwu 25' 3PT Jump Shot (5 PTS) (Daniels 1 AST),,CHA,ATL,ATL,1610612737,2025,149.0,158.0,153.5,1629027|1630168|1630700|1631243|1642258,203552|1629610|1630182|1631109|1641878,2024-25,39,0.8421052631578947
127917,01:37,"Young 22' Pullup Jump Shot (5 PTS)
",1,1,0,0,2025-03-18,0022400993,0,0,CHA,1,0,3,01:40,Off Steal,0,Young 22' Pullup Jump Shot (5 PTS),,CHA,ATL,ATL,1610612737,2025,620.0,623.0,621.5,1627777|1629027|1629611|1630249|1631230,203994|1629610|1630585|1631111|1641733,2024-25,142,0.3181818181818182
127915,00:32,"Hawks Turnover: Shot Clock (T#2)
",0,0,0,0,2025-03-18,0022400993,0,0,CHA,1,0,7,00:56,Off Dead Ball,1,Hawks Turnover: Shot Clock (T#2),,CHA,ATL,ATL,1610612737,2025,664.0,688.0,676.0,1627777|1629027|1629611|1630249|1631230,203994|1630585|1631111|1631217|1641733,2024-25,159,0.42424242424242425
128093,11:12,"Mann 3PT Jump Shot (10 PTS) (Krejci 1 AST)
",0,0,1,1,2025-03-18,0022400993,0,0,CHA,4,0,26,11:17,Off At Rim Miss,0,Mann 3PT Jump Shot (10 PTS) (Krejci 1 AST),,CHA,ATL,ATL,1610612737,2025,2203.0,2208.0,2205.5,1627777|1629027|1629611|1630249|1631230,203552|203994|1630585|1631111|1631217,2024-25,495,0.4
127957,10:35,"Daniels 3' Running Layup (4 PTS)
Baugh S.FOUL (P1.T1) (R.Mott)
MISS Daniels Free Throw 1 of 1
Baugh REBOUND (Off:0 Def:1)
",1,1,0,0,2025-03-18,0022400993,0,0,CHA,1,1,2,10:47,Off Steal,0,Baugh REBOUND (Off:0 Def:1),,CHA,ATL,ATL,1610612737,2025,73.0,85.0,79.0,1629027|1630168|1630700|1631243|1642258,203552|1629610|1630182|1631109|1641878,2024-25,18,0.22727272727272727
127953,10:20,"Jeffries S.FOUL (P1.T2) (M.Boland)
Okongwu Free Throw 1 of 2 (1 PTS)
Okongwu Free Throw 2 of 2 (2 PTS)
",0,0,0,0,2025-03-18,0022400993,0,0,CHA,1,1,1,10:29,Off Corner 3 Make,0,Okongwu Free Throw 2 of 2 (2 PTS),,CHA,ATL,ATL,1610612737,2025,91.0,100.0,95.5,1629027|1630168|1630700|1631243|1642258,203552|1629610|1630182|1631109|1641878,2024-25,28,0.9565217391304348
127954,10:35,"Daniels 3' Running Layup (4 PTS)
Baugh S.FOUL (P1.T1) (R.Mott)
MISS Daniels Free Throw 1 of 1
Baugh REBOUND (Off:0 Def:1)
",1,1,0,0,2025-03-18,0022400993,0,0,CHA,1,1,2,10:47,Off Steal,0,Daniels 3' Running Layup (4 PTS),,CHA,ATL,ATL,1610612737,2025,73.0,85.0,79.0,1629027|1630168|1630700|1631243|1642258,203552|1629610|1630182|1631109|1641878,2024-25,16,0.2962962962962963
127955,10:35,"Daniels 3' Running Layup (4 PTS)
Baugh S.FOUL (P1.T1) (R.Mott)
MISS Daniels Free Throw 1 of 1
Baugh REBOUND (Off:0 Def:1)
",1,1,0,0,2025-03-18,0022400993,0,0,CHA,1,1,2,10:47,Off Steal,0,Baugh S.FOUL (P1.T1) (R.Mott),,CHA,ATL,ATL,1610612737,2025,73.0,85.0,79.0,1629027|1630168|1630700|1631243|1642258,203552|1629610|1630182|1631109|1641878,2024-25,15,0.23333333333333334
127956,10:35,"Daniels 3' Running Layup (4 PTS)
Baugh S.FOUL (P1.T1) (R.Mott)
MISS Daniels Free Throw 1 of 1
Baugh REBOUND (Off:0 Def:1)
",1,1,0,0,2025-03-18,0022400993,0,0,CHA,1,1,2,10:47,Off Steal,0,MISS Daniels Free Throw 1 of 1,,CHA,ATL,ATL,1610612737,2025,73.0,85.0,79.0,1629027|1630168|1630700|1631243|1642258,203552|1629610|1630182|1631109|1641878,2024-25,19,0.9523809523809523
127958,11:01,"MISS Gueye 25' 3PT Jump Shot
M. Williams REBOUND (Off:0 Def:1)
",0,0,1,0,2025-03-18,0022400993,0,0,CHA,1,0,2,11:24,Off Steal,0,MISS Gueye 25' 3PT Jump Shot,,CHA,ATL,ATL,1610612737,2025,36.0,59.0,47.5,1629027|1630168|1630700|1631243|1642258,203552|1629610|1630182|1631109|1641878,2024-25,11,0.29508196721311475
127964,00:32,"Diabaté BLOCK (2 BLK): MISS Young 26' 3PT Jump Shot
Krejci REBOUND (Off:1 Def:1)
Young 3' Driving Layup (15 PTS)
Diabaté S.FOUL (P1.PN) (R.Mott)
Young Free Throw 1 of 1 (16 PTS)
",1,1,1,0,2025-03-18,0022400993,0,1,CHA,2,1,11,00:48,Off Steal,0,Young 3' Driving Layup (15 PTS),,CHA,ATL,ATL,1610612737,2025,1392.0,1408.0,1400.0,1627777|1629027|1630168|1630249|1630700,1629610|1630182|1630585|1631111|1631217,2024-25,320,0.49230769230769234
127960,11:39,"Daniels 10' Driving Floating Jump Shot (2 PTS) (Okongwu 1 AST)
",1,1,0,0,2025-03-18,0022400993,0,0,CHA,1,0,0,12:00,Off Dead Ball,0,Daniels 10' Driving Floating Jump Shot (2 PTS) (Okongwu 1 AST),,CHA,ATL,ATL,1610612737,2025,0.0,21.0,10.5,1629027|1630168|1630700|1631243|1642258,203552|1629610|1630182|1631109|1641878,2024-25,7,0.23214285714285715
127961,00:00,"Okongwu 2' Reverse Layup (15 PTS) (Daniels 3 AST)
",1,1,0,0,2025-03-18,0022400993,0,0,CHA,2,0,11,00:15,Off Corner 3 Make,0,Okongwu 2' Reverse Layup (15 PTS) (Daniels 3 AST),,CHA,ATL,ATL,1610612737,2025,1425.0,1440.0,1432.5,1629027|1629611|1630168|1630249|1630700,1629610|1630182|1630585|1631111|1631217,2024-25,328,0.04878048780487805
127962,00:32,"Diabaté BLOCK (2 BLK): MISS Young 26' 3PT Jump Shot
Krejci REBOUND (Off:1 Def:1)
Young 3' Driving Layup (15 PTS)
Diabaté S.FOUL (P1.PN) (R.Mott)
Young Free Throw 1 of 1 (16 PTS)
",1,1,1,0,2025-03-18,0022400993,0,1,CHA,2,1,11,00:48,Off Steal,0,Diabaté BLOCK (2 BLK): MISS Young 26' 3PT Jump Shot,,CHA,ATL,ATL,1610612737,2025,1392.0,1408.0,1400.0,1627777|1629027|1630168|1630249|1630700,1629610|1630182|1630585|1631111|1631217,2024-25,317,0.17073170731707318
127963,00:32,"Diabaté BLOCK (2 BLK): MISS Young 26' 3PT Jump Shot
Krejci REBOUND (Off:1 Def:1)
Young 3' Driving Layup (15 PTS)
Diabaté S.FOUL (P1.PN) (R.Mott)
Young Free Throw 1 of 1 (16 PTS)
",1,1,1,0,2025-03-18,0022400993,0,1,CHA,2,1,11,00:48,Off Steal,0,Krejci REBOUND (Off:1 Def:1),,CHA,ATL,ATL,1610612737,2025,1392.0,1408.0,1400.0,1627777|1629027|1630168|1630249|1630700,1629610|1630182|1630585|1631111|1631217,2024-25,319,0.3188405797101449
127965,00:32,"Diabaté BLOCK (2 BLK): MISS Young 26' 3PT Jump Shot
Krejci REBOUND (Off:1 Def:1)
Young 3' Driving Layup (15 PTS)
Diabaté S.FOUL (P1.PN) (R.Mott)
Young Free Throw 1 of 1 (16 PTS)
",1,1,1,0,2025-03-18,0022400993,0,1,CHA,2,1,11,00:48,Off Steal,0,Diabaté S.FOUL (P1.PN) (R.Mott),,CHA,ATL,ATL,1610612737,2025,1392.0,1408.0,1400.0,1627777|1629027|1630168|1630249|1630700,1629610|1630182|1630585|1631111|1631217,2024-25,308,0.18867924528301888
127966,00:32,"Diabaté BLOCK (2 BLK): MISS Young 26' 3PT Jump Shot
Krejci REBOUND (Off:1 Def:1)
Young 3' Driving Layup (15 PTS)
Diabaté S.FOUL (P1.PN) (R.Mott)
Young Free Throw 1 of 1 (16 PTS)
",1,1,1,0,2025-03-18,0022400993,0,1,CHA,2,1,11,00:48,Off Steal,0,Young Free Throw 1 of 1 (16 PTS),,CHA,ATL,ATL,1610612737,2025,1392.0,1408.0,1400.0,1627777|1629027|1630168|1630249|1630700,1629610|1630182|1630585|1631111|1631217,2024-25,325,0.8484848484848485
127951,10:20,"Jeffries S.FOUL (P1.T2) (M.Boland)
Okongwu Free Throw 1 of 2 (1 PTS)
Okongwu Free Throw 2 of 2 (2 PTS)
",0,0,0,0,2025-03-18,0022400993,0,0,CHA,1,1,1,10:29,Off Corner 3 Make,0,Jeffries S.FOUL (P1.T2) (M.Boland),,CHA,ATL,ATL,1610612737,2025,91.0,100.0,95.5,1629027|1630168|1630700|1631243|1642258,203552|1629610|1630182|1631109|1641878,2024-25,19,0.23880597014925373
127959,11:01,"MISS Gueye 25' 3PT Jump Shot
M. Williams REBOUND (Off:0 Def:1)
",0,0,1,0,2025-03-18,0022400993,0,0,CHA,1,0,2,11:24,Off Steal,0,M. Williams REBOUND (Off:0 Def:1),,CHA,ATL,ATL,1610612737,2025,36.0,59.0,47.5,1629027|1630168|1630700|1631243|1642258,203552|1629610|1630182|1631109|1641878,2024-25,12,0.4
127950,09:51,"Risacher 3PT Running Jump Shot (3 PTS) (Gueye 1 AST)
",0,0,1,1,2025-03-18,0022400993,0,0,CHA,1,0,3,09:56,Off Short Mid-Range Miss,0,Risacher 3PT Running Jump Shot (3 PTS) (Gueye 1 AST),,CHA,ATL,ATL,1610612737,2025,124.0,129.0,126.5,1629027|1630168|1630700|1631243|1642258,203552|1629610|1630182|1631109|1641878,2024-25,31,0.46601941747572817
127944,08:12,"Okongwu 26' 3PT Jump Shot (10 PTS) (Young 1 AST)
",0,0,1,1,2025-03-18,0022400993,0,0,CHA,1,0,10,08:23,Off Dead Ball,0,Okongwu 26' 3PT Jump Shot (10 PTS) (Young 1 AST),,CHA,ATL,ATL,1610612737,2025,217.0,228.0,222.5,1629027|1630168|1630700|1631243|1642258,203552|1629610|1630182|1631109|1641878,2024-25,51,0.8172043010752689
127948,08:51,"M. Williams BLOCK (1 BLK): MISS Young 4' Driving Layup
Okongwu REBOUND (Off:1 Def:1)
Okongwu 2' Putback Layup (7 PTS)
",2,1,0,0,2025-03-18,0022400993,0,1,CHA,1,0,5,09:05,Off At Rim Make,0,Okongwu 2' Putback Layup (7 PTS),,CHA,ATL,ATL,1610612737,2025,175.0,189.0,182.0,1629027|1630168|1630700|1631243|1642258,203552|1629610|1630182|1631109|1641878,2024-25,46,0.90625
127916,01:10,"Mann 3' Driving Layup (4 PTS)
",1,1,0,0,2025-03-18,0022400993,0,0,CHA,1,0,5,01:19,Off Arc 3 Miss,0,Mann 3' Driving Layup (4 PTS),,CHA,ATL,ATL,1610612737,2025,641.0,650.0,645.5,1627777|1629027|1629611|1630249|1631230,203994|1629610|1630585|1631111|1641733,2024-25,145,0.2692307692307692
127940,07:05,"Jeffries BLOCK (2 BLK): MISS Risacher 1' Driving Layup
Jeffries REBOUND (Off:0 Def:1)
",1,0,0,0,2025-03-18,0022400993,0,0,CHA,1,0,9,07:26,Off Short Mid-Range Make,0,Jeffries BLOCK (2 BLK): MISS Risacher 1' Driving Layup,,CHA,ATL,ATL,1610612737,2025,274.0,295.0,284.5,1629027|1630168|1630700|1631243|1642258,203552|1629610|1630182|1631109|1641878,2024-25,112,0.574468085106383
127952,10:20,"Jeffries S.FOUL (P1.T2) (M.Boland)
Okongwu Free Throw 1 of 2 (1 PTS)
Okongwu Free Throw 2 of 2 (2 PTS)
",0,0,0,0,2025-03-18,0022400993,0,0,CHA,1,1,1,10:29,Off Corner 3 Make,0,Okongwu Free Throw 1 of 2 (1 PTS),,CHA,ATL,ATL,1610612737,2025,91.0,100.0,95.5,1629027|1630168|1630700|1631243|1642258,203552|1629610|1630182|1631109|1641878,2024-25,27,0.9565217391304348
127937,06:54,"MISS Risacher 26' 3PT Running Jump Shot
Daniels REBOUND (Off:1 Def:0)
Daniels Putback Layup (6 PTS)
",1,1,1,0,2025-03-18,0022400993,0,1,CHA,1,0,9,07:01,Off Steal,0,MISS Risacher 26' 3PT Running Jump Shot,,CHA,ATL,ATL,1610612737,2025,299.0,306.0,302.5,1629027|1630168|1630700|1631243|1642258,203552|1629610|1630182|1631109|1641878,2024-25,65,0.22535211267605634
128048,10:35,"Risacher 26' 3PT Jump Shot (9 PTS) (Daniels 4 AST)
",0,0,1,1,2025-03-18,0022400993,0,0,CHA,3,0,14,10:53,Off Short Mid-Range Miss,0,Risacher 26' 3PT Jump Shot (9 PTS) (Daniels 4 AST),,CHA,ATL,ATL,1610612737,2025,1507.0,1525.0,1516.0,1629027|1630168|1630700|1631243|1642258,203552|1629610|1630182|1631109|1641878,2024-25,350,0.8247422680412371
128047,10:07,"Risacher 26' 3PT Jump Shot (12 PTS) (Daniels 5 AST)
",0,0,1,1,2025-03-18,0022400993,0,0,CHA,3,0,17,10:18,Off Block,0,Risacher 26' 3PT Jump Shot (12 PTS) (Daniels 5 AST),,CHA,ATL,ATL,1610612737,2025,1542.0,1553.0,1547.5,1629027|1630168|1630700|1631243|1642258,203552|1629610|1630182|1631109|1641878,2024-25,354,0.27848101265822783
128046,09:39,"Young Bad Pass Turnover (P4.T7)
",0,0,0,0,2025-03-18,0022400993,0,0,CHA,3,0,18,09:55,Off FT Make,1,Young Bad Pass Turnover (P4.T7),,CHA,ATL,ATL,1610612737,2025,1565.0,1581.0,1573.0,1629027|1630168|1630700|1631243|1642258,203552|1629610|1630182|1631109|1641878,2024-25,399,0.875
128045,09:06,"MISS Okongwu 26' 3PT Jump Shot
Baugh REBOUND (Off:0 Def:5)
",0,0,1,0,2025-03-18,0022400993,0,0,CHA,3,0,16,09:21,Off Short Mid-Range Make,0,Baugh REBOUND (Off:0 Def:5),,CHA,ATL,ATL,1610612737,2025,1599.0,1614.0,1606.5,1629027|1630168|1630700|1631243|1642258,203552|1629610|1630182|1631109|1641878,2024-25,409,0.7241379310344828
128044,09:06,"MISS Okongwu 26' 3PT Jump Shot
Baugh REBOUND (Off:0 Def:5)
",0,0,1,0,2025-03-18,0022400993,0,0,CHA,3,0,16,09:21,Off Short Mid-Range Make,0,MISS Okongwu 26' 3PT Jump Shot,,CHA,ATL,ATL,1610612737,2025,1599.0,1614.0,1606.5,1629027|1630168|1630700|1631243|1642258,203552|1629610|1630182|1631109|1641878,2024-25,368,0.38202247191011235
128043,08:54,"Daniels 3PT Jump Shot (18 PTS) (Risacher 2 AST)
",0,0,1,1,2025-03-18,0022400993,0,0,CHA,3,0,16,09:01,Off Steal,0,Daniels 3PT Jump Shot (18 PTS) (Risacher 2 AST),,CHA,ATL,ATL,1610612737,2025,1619.0,1626.0,1622.5,1629027|1630168|1630700|1631243|1642258,203552|1629610|1630182|1631109|1641878,2024-25,372,0.3291139240506329
128042,08:24,"Young 29' 3PT Pullup Jump Shot (19 PTS)
",0,0,1,1,2025-03-18,0022400993,0,0,CHA,3,0,19,08:31,Off Short Mid-Range Miss,0,Young 29' 3PT Pullup Jump Shot (19 PTS),,CHA,ATL,ATL,1610612737,2025,1649.0,1656.0,1652.5,1629027|1630168|1630700|1631243|1642258,203552|1629610|1630182|1631109|1641878,2024-25,376,0.17543859649122806
128040,07:56,"MISS Young 27' 3PT Pullup Jump Shot
M. Williams REBOUND (Off:1 Def:4)
",0,0,1,0,2025-03-18,0022400993,0,0,CHA,3,0,22,08:07,Off Arc 3 Miss,0,MISS Young 27' 3PT Pullup Jump Shot,,CHA,ATL,ATL,1610612737,2025,1673.0,1684.0,1678.5,1629027|1630168|1630700|1631243|1642258,203552|1629610|1630182|1631109|1641878,2024-25,379,0.1111111111111111
128039,07:36,"Risacher 20' Running Jump Shot (14 PTS) (Young 5 AST)
",1,1,0,0,2025-03-18,0022400993,0,0,CHA,3,0,22,07:41,Off Short Mid-Range Miss,0,Risacher 20' Running Jump Shot (14 PTS) (Young 5 AST),,CHA,ATL,ATL,1610612737,2025,1699.0,1704.0,1701.5,1629027|1630168|1630700|1631243|1642258,203552|1629610|1630182|1631109|1641878,2024-25,388,0.21176470588235294
128038,07:04,"MISS Gueye 3PT Jump Shot
Green REBOUND (Off:0 Def:2)
",0,0,1,0,2025-03-18,0022400993,0,0,CHA,3,0,24,07:16,Off Long Mid-Range Miss,0,Green REBOUND (Off:0 Def:2),,CHA,ATL,ATL,1610612737,2025,1724.0,1736.0,1730.0,1629027|1630168|1630700|1631243|1642258,203552|1629610|1630182|1631109|1641878,2024-25,373,0.3137254901960784
128037,07:04,"MISS Gueye 3PT Jump Shot
Green REBOUND (Off:0 Def:2)
",0,0,1,0,2025-03-18,0022400993,0,0,CHA,3,0,24,07:16,Off Long Mid-Range Miss,0,MISS Gueye 3PT Jump Shot,,CHA,ATL,ATL,1610612737,2025,1724.0,1736.0,1730.0,1629027|1630168|1630700|1631243|1642258,203552|1629610|1630182|1631109|1641878,2024-25,392,0.21621621621621623
128036,06:53,"Daniels 3' Running Layup (20 PTS) (Young 6 AST)
",1,1,0,0,2025-03-18,0022400993,0,0,CHA,3,0,24,06:59,Off Steal,0,Daniels 3' Running Layup (20 PTS) (Young 6 AST),,CHA,ATL,ATL,1610612737,2025,1741.0,1747.0,1744.0,1629027|1630168|1630700|1631243|1642258,203552|1629610|1630182|1631109|1641878,2024-25,396,0.7916666666666666
128049,11:18,"Risacher 26' 3PT Jump Shot (6 PTS) (Young 4 AST)
",0,0,1,1,2025-03-18,0022400993,0,0,CHA,3,0,11,11:36,Off Short Mid-Range Make,0,Risacher 26' 3PT Jump Shot (6 PTS) (Young 4 AST),,CHA,ATL,ATL,1610612737,2025,1464.0,1482.0,1473.0,1629027|1630168|1630700|1631243|1642258,203552|1629610|1630182|1631109|1641878,2024-25,346,0.5454545454545454
128035,06:17,"Daniels 7' Driving Hook Shot (22 PTS)
",1,1,0,0,2025-03-18,0022400993,0,0,CHA,3,0,24,06:32,Off At Rim Make,0,Daniels 7' Driving Hook Shot (22 PTS),,CHA,ATL,ATL,1610612737,2025,1768.0,1783.0,1775.5,1630249|1630700|1631230|1631243|1642258,1629610|1630585|1631109|1641733|1641878,2024-25,410,0.36585365853658536
128065,03:58,"Jeffries S.FOUL (P4.T4) (T.Ford)
Risacher Free Throw 1 of 2 (20 PTS)
Risacher Free Throw 2 of 2 (21 PTS)
",0,0,0,0,2025-03-18,0022400993,0,0,CHA,4,1,34,04:04,Off Corner 3 Miss,0,Risacher Free Throw 2 of 2 (21 PTS),,CHA,ATL,ATL,1610612737,2025,2636.0,2642.0,2639.0,1629726|1630249|1631230|1631243|1642258,1629610|1630585|1631217|1641733|1641878,2024-25,612,0.37142857142857144
128067,04:52,"MISS Mathews 27' 3PT Jump Shot
Okongwu REBOUND (Off:2 Def:8)
MISS Risacher 20' Jump Shot
Diabaté REBOUND (Off:0 Def:2)
",1,0,1,0,2025-03-18,0022400993,0,1,CHA,4,0,32,05:10,Off At Rim Miss,0,MISS Mathews 27' 3PT Jump Shot,,CHA,ATL,ATL,1610612737,2025,2570.0,2588.0,2579.0,1627777|1629726|1630168|1630249|1642258,1629610|1630585|1631217|1641733|1641878,2024-25,585,0.49056603773584906
128095,11:31,"MISS Young 13' Fadeaway Jumper
Moore Jr. REBOUND (Off:0 Def:3)
",1,0,0,0,2025-03-18,0022400993,0,0,CHA,4,0,26,12:00,Off Dead Ball,0,Moore Jr. REBOUND (Off:0 Def:3),,CHA,ATL,ATL,1610612737,2025,2160.0,2189.0,2174.5,1627777|1629027|1629611|1630249|1631230,203552|203994|1630585|1631111|1631217,2024-25,521,0.7096774193548387
127969,01:21,"MISS Okongwu 7' Driving Floating Jump Shot
HORNETS Rebound
",1,0,0,0,2025-03-18,0022400993,0,0,CHA,2,0,10,01:29,Off At Rim Miss,0,HORNETS Rebound,,CHA,ATL,ATL,1610612737,2025,1351.0,1359.0,1355.0,1627777|1629027|1630168|1630249|1630700,203552|1629610|1630182|1630585|1631109,2024-25,344,0.2777777777777778
127938,06:54,"MISS Risacher 26' 3PT Running Jump Shot
Daniels REBOUND (Off:1 Def:0)
Daniels Putback Layup (6 PTS)
",1,1,1,0,2025-03-18,0022400993,0,1,CHA,1,0,9,07:01,Off Steal,0,Daniels REBOUND (Off:1 Def:0),,CHA,ATL,ATL,1610612737,2025,299.0,306.0,302.5,1629027|1630168|1630700|1631243|1642258,203552|1629610|1630182|1631109|1641878,2024-25,66,0.6885245901639344
128050,00:00,,0,0,0,0,2025-03-18,0022400993,0,0,CHA,4,0,32,00:17,Off Short Mid-Range Miss,0,,,CHA,ATL,ATL,1610612737,2025,2863.0,2880.0,2871.5,1629726|1630249|1631230|1631243|1642258,203552|1629610|1631111|1641733|1641878,2024-25,684,0.0
128064,03:58,"Jeffries S.FOUL (P4.T4) (T.Ford)
Risacher Free Throw 1 of 2 (20 PTS)
Risacher Free Throw 2 of 2 (21 PTS)
",0,0,0,0,2025-03-18,0022400993,0,0,CHA,4,1,34,04:04,Off Corner 3 Miss,0,Risacher Free Throw 1 of 2 (20 PTS),,CHA,ATL,ATL,1610612737,2025,2636.0,2642.0,2639.0,1629726|1630249|1631230|1631243|1642258,1629610|1630585|1631217|1641733|1641878,2024-25,611,0.7142857142857143
128041,07:56,"MISS Young 27' 3PT Pullup Jump Shot
M. Williams REBOUND (Off:1 Def:4)
",0,0,1,0,2025-03-18,0022400993,0,0,CHA,3,0,22,08:07,Off Arc 3 Miss,0,M. Williams REBOUND (Off:1 Def:4),,CHA,ATL,ATL,1610612737,2025,1673.0,1684.0,1678.5,1629027|1630168|1630700|1631243|1642258,203552|1629610|1630182|1631109|1641878,2024-25,374,0.20408163265306123
128052,00:40,"Curry S.FOUL (P1.PN) (T.Ford)
Krejci Free Throw 1 of 2 (4 PTS)
Krejci Free Throw 2 of 2 (5 PTS)
",0,0,0,0,2025-03-18,0022400993,0,0,CHA,4,1,30,00:47,Off Corner 3 Make,0,Krejci Free Throw 1 of 2 (4 PTS),,CHA,ATL,ATL,1610612737,2025,2833.0,2840.0,2836.5,1629726|1630249|1631230|1631243|1642258,203552|1629610|1631111|1641733|1641878,2024-25,648,0.2916666666666667
128051,00:40,"Curry S.FOUL (P1.PN) (T.Ford)
Krejci Free Throw 1 of 2 (4 PTS)
Krejci Free Throw 2 of 2 (5 PTS)
",0,0,0,0,2025-03-18,0022400993,0,0,CHA,4,1,30,00:47,Off Corner 3 Make,0,Curry S.FOUL (P1.PN) (T.Ford),,CHA,ATL,ATL,1610612737,2025,2833.0,2840.0,2836.5,1629726|1630249|1631230|1631243|1642258,203552|1629610|1631111|1641733|1641878,2024-25,689,0.4166666666666667
127935,06:21,"MISS Gueye 26' 3PT Jump Shot
Green REBOUND (Off:0 Def:1)
",0,0,1,0,2025-03-18,0022400993,0,0,CHA,1,0,8,06:43,Off FT Make,0,MISS Gueye 26' 3PT Jump Shot,,CHA,ATL,ATL,1610612737,2025,317.0,339.0,328.0,1630168|1630249|1630700|1631243|1642258,203552|1629610|1630182|1631109|1641878,2024-25,75,0.3829787234042553
127934,05:49,"M. Williams BLOCK (2 BLK): MISS Risacher 4' Layup
Risacher REBOUND (Off:1 Def:1)
MISS Okongwu 8' Hook Shot
Baugh REBOUND (Off:0 Def:2)
",2,0,0,0,2025-03-18,0022400993,0,1,CHA,1,0,8,06:18,Off Dead Ball,0,Baugh REBOUND (Off:0 Def:2),,CHA,ATL,ATL,1610612737,2025,342.0,371.0,356.5,1630168|1630249|1630700|1631243|1642258,203552|1629610|1630182|1631109|1641878,2024-25,80,0.2727272727272727
127933,05:49,"M. Williams BLOCK (2 BLK): MISS Risacher 4' Layup
Risacher REBOUND (Off:1 Def:1)
MISS Okongwu 8' Hook Shot
Baugh REBOUND (Off:0 Def:2)
",2,0,0,0,2025-03-18,0022400993,0,1,CHA,1,0,8,06:18,Off Dead Ball,0,MISS Okongwu 8' Hook Shot,,CHA,ATL,ATL,1610612737,2025,342.0,371.0,356.5,1630168|1630249|1630700|1631243|1642258,203552|1629610|1630182|1631109|1641878,2024-25,87,0.6666666666666666
127939,06:54,"MISS Risacher 26' 3PT Running Jump Shot
Daniels REBOUND (Off:1 Def:0)
Daniels Putback Layup (6 PTS)
",1,1,1,0,2025-03-18,0022400993,0,1,CHA,1,0,9,07:01,Off Steal,0,Daniels Putback Layup (6 PTS),,CHA,ATL,ATL,1610612737,2025,299.0,306.0,302.5,1629027|1630168|1630700|1631243|1642258,203552|1629610|1630182|1631109|1641878,2024-25,67,0.9508196721311475
127930,05:03,"Green P.FOUL (P1.T3) (R.Mott)
Baugh STEAL (1 STL): Daniels Lost Ball Turnover (P1.T1)
",0,0,0,0,2025-03-18,0022400993,0,0,CHA,1,0,8,05:09,Off Long Mid-Range Miss,1,Baugh STEAL (1 STL): Daniels Lost Ball Turnover (P1.T1),,CHA,ATL,ATL,1610612737,2025,411.0,417.0,414.0,1627777|1629611|1630249|1630700|1631230,1629610|1630585|1631109|1641733|1641878,2024-25,101,0.38636363636363635
127968,01:21,"MISS Okongwu 7' Driving Floating Jump Shot
HORNETS Rebound
",1,0,0,0,2025-03-18,0022400993,0,0,CHA,2,0,10,01:29,Off At Rim Miss,0,MISS Okongwu 7' Driving Floating Jump Shot,,CHA,ATL,ATL,1610612737,2025,1351.0,1359.0,1355.0,1627777|1629027|1630168|1630249|1630700,203552|1629610|1630182|1630585|1631109,2024-25,302,0.16666666666666666
128063,03:58,"Jeffries S.FOUL (P4.T4) (T.Ford)
Risacher Free Throw 1 of 2 (20 PTS)
Risacher Free Throw 2 of 2 (21 PTS)
",0,0,0,0,2025-03-18,0022400993,0,0,CHA,4,1,34,04:04,Off Corner 3 Miss,0,Jeffries S.FOUL (P4.T4) (T.Ford),,CHA,ATL,ATL,1610612737,2025,2636.0,2642.0,2639.0,1629726|1630249|1631230|1631243|1642258,1629610|1630585|1631217|1641733|1641878,2024-25,662,0.32786885245901637
128062,03:22,"MISS Krejci 30' 3PT Jump Shot
Baugh REBOUND (Off:1 Def:6)
",0,0,1,0,2025-03-18,0022400993,0,0,CHA,4,0,34,03:38,Off At Rim Make,0,Baugh REBOUND (Off:1 Def:6),,CHA,ATL,ATL,1610612737,2025,2662.0,2678.0,2670.0,1629726|1630249|1631230|1631243|1642258,203552|1629610|1631111|1641733|1641878,2024-25,646,0.29411764705882354
127971,01:49,"MISS Young 31' 3PT Running Pull-Up Jump Shot
Daniels REBOUND (Off:2 Def:2)
Jeffries P.FOUL (P2.PN) (T.Ford)
MISS Daniels Free Throw 1 of 2
Hawks Rebound
Daniels Free Throw 2 of 2 (13 PTS)
",0,0,1,0,2025-03-18,0022400993,1,1,CHA,2,0,9,01:54,Off Short Mid-Range Miss,0,Daniels REBOUND (Off:2 Def:2),,CHA,ATL,ATL,1610612737,2025,1326.0,1331.0,1328.5,1627777|1629027|1630168|1630249|1630700,203552|1629610|1631109|1641733|1641878,2024-25,289,0.26666666666666666
128060,03:05,"Barlow Out of Bounds - Bad Pass Turnover Turnover (P1.T11)
",0,0,0,0,2025-03-18,0022400993,0,0,CHA,4,0,34,03:15,Off At Rim Block,1,Barlow Out of Bounds - Bad Pass Turnover Turnover (P1.T11),,CHA,ATL,ATL,1610612737,2025,2685.0,2695.0,2690.0,1629726|1630249|1631230|1631243|1642258,203552|1629610|1631111|1641733|1641878,2024-25,545,0.15789473684210525
128053,00:40,"Curry S.FOUL (P1.PN) (T.Ford)
Krejci Free Throw 1 of 2 (4 PTS)
Krejci Free Throw 2 of 2 (5 PTS)
",0,0,0,0,2025-03-18,0022400993,0,0,CHA,4,1,30,00:47,Off Corner 3 Make,0,Krejci Free Throw 2 of 2 (5 PTS),,CHA,ATL,ATL,1610612737,2025,2833.0,2840.0,2836.5,1629726|1630249|1631230|1631243|1642258,203552|1629610|1631111|1641733|1641878,2024-25,649,0.2857142857142857
128061,03:22,"MISS Krejci 30' 3PT Jump Shot
Baugh REBOUND (Off:1 Def:6)
",0,0,1,0,2025-03-18,0022400993,0,0,CHA,4,0,34,03:38,Off At Rim Make,0,MISS Krejci 30' 3PT Jump Shot,,CHA,ATL,ATL,1610612737,2025,2662.0,2678.0,2670.0,1629726|1630249|1631230|1631243|1642258,203552|1629610|1631111|1641733|1641878,2024-25,620,0.1694915254237288
128055,01:25,"MISS Risacher 26' 3PT Running Jump Shot
Baugh REBOUND (Off:1 Def:8)
",0,0,1,0,2025-03-18,0022400993,0,0,CHA,4,0,33,01:31,Off Corner 3 Miss,0,MISS Risacher 26' 3PT Running Jump Shot,,CHA,ATL,ATL,1610612737,2025,2789.0,2795.0,2792.0,1629726|1630249|1631230|1631243|1642258,203552|1629610|1631111|1641733|1641878,2024-25,636,0.40860215053763443
128056,01:25,"MISS Risacher 26' 3PT Running Jump Shot
Baugh REBOUND (Off:1 Def:8)
",0,0,1,0,2025-03-18,0022400993,0,0,CHA,4,0,33,01:31,Off Corner 3 Miss,0,Baugh REBOUND (Off:1 Def:8),,CHA,ATL,ATL,1610612737,2025,2789.0,2795.0,2792.0,1629726|1630249|1631230|1631243|1642258,203552|1629610|1631111|1641733|1641878,2024-25,635,0.32
128054,01:02,"Barlow 2' Alley Oop Dunk (12 PTS) (Mathews 1 AST)
",1,1,0,0,2025-03-18,0022400993,0,0,CHA,4,0,31,01:14,Off FT Make,0,Barlow 2' Alley Oop Dunk (12 PTS) (Mathews 1 AST),,CHA,ATL,ATL,1610612737,2025,2806.0,2818.0,2812.0,1629726|1630249|1631230|1631243|1642258,203552|1629610|1631111|1641733|1641878,2024-25,642,0.42857142857142855
128058,01:41,"MISS Risacher 2' Driving Layup
Baugh REBOUND (Off:1 Def:7)
",1,0,0,0,2025-03-18,0022400993,0,0,CHA,4,0,33,02:00,Off FT Make,0,Baugh REBOUND (Off:1 Def:7),,CHA,ATL,ATL,1610612737,2025,2760.0,2779.0,2769.5,1629726|1630249|1631230|1631243|1642258,203552|1629610|1631111|1641733|1641878,2024-25,661,0.3076923076923077
128059,02:23,"Mathews 3PT Jump Shot (6 PTS) (Krejci 2 AST)
",0,0,1,1,2025-03-18,0022400993,0,0,CHA,4,0,31,02:40,Off Corner 3 Make,0,Mathews 3PT Jump Shot (6 PTS) (Krejci 2 AST),,CHA,ATL,ATL,1610612737,2025,2720.0,2737.0,2728.5,1629726|1630249|1631230|1631243|1642258,203552|1629610|1631111|1641733|1641878,2024-25,623,0.18823529411764706
127936,06:21,"MISS Gueye 26' 3PT Jump Shot
Green REBOUND (Off:0 Def:1)
",0,0,1,0,2025-03-18,0022400993,0,0,CHA,1,0,8,06:43,Off FT Make,0,Green REBOUND (Off:0 Def:1),,CHA,ATL,ATL,1610612737,2025,317.0,339.0,328.0,1630168|1630249|1630700|1631243|1642258,203552|1629610|1630182|1631109|1641878,2024-25,56,0.36065573770491804
128057,01:41,"MISS Risacher 2' Driving Layup
Baugh REBOUND (Off:1 Def:7)
",1,0,0,0,2025-03-18,0022400993,0,0,CHA,4,0,33,02:00,Off FT Make,0,MISS Risacher 2' Driving Layup,,CHA,ATL,ATL,1610612737,2025,2760.0,2779.0,2769.5,1629726|1630249|1631230|1631243|1642258,203552|1629610|1631111|1641733|1641878,2024-25,632,0.19047619047619047
128269,10:16,"Post S.FOUL (P2.T1) (R.Hussey)
Young Free Throw 1 of 2 (20 PTS)
Young Free Throw 2 of 2 (21 PTS)
",0,0,0,0,2025-03-22,0022401025,0,0,GSW,4,1,15,10:23,Off Arc 3 Miss,0,Post S.FOUL (P2.T1) (R.Hussey),,ATL,GSW,ATL,1610612737,2025,2257.0,2264.0,2260.5,1627777|1629027|1629611|1630249|1631230,202710|203110|1630541|1641764|1642366,2024-25,612,0.3076923076923077
128275,11:09,"MISS Young 27' 3PT Pullup Jump Shot
Podziemski REBOUND (Off:1 Def:7)
",0,0,1,0,2025-03-22,0022401025,0,0,GSW,4,0,17,11:21,Off Short Mid-Range Miss,0,Podziemski REBOUND (Off:1 Def:7),,ATL,GSW,ATL,1610612737,2025,2199.0,2211.0,2205.0,1627777|1629027|1629611|1630249|1631230,202710|203110|1630541|1641764|1642366,2024-25,494,0.27692307692307694
128274,11:09,"MISS Young 27' 3PT Pullup Jump Shot
Podziemski REBOUND (Off:1 Def:7)
",0,0,1,0,2025-03-22,0022401025,0,0,GSW,4,0,17,11:21,Off Short Mid-Range Miss,0,MISS Young 27' 3PT Pullup Jump Shot,,ATL,GSW,ATL,1610612737,2025,2199.0,2211.0,2205.0,1627777|1629027|1629611|1630249|1631230,202710|203110|1630541|1641764|1642366,2024-25,506,0.21212121212121213
128273,10:42,"MISS Mann 26' 3PT Jump Shot
Moody REBOUND (Off:1 Def:2)
",0,0,1,0,2025-03-22,0022401025,0,0,GSW,4,0,15,11:05,Off At Rim Make,0,Moody REBOUND (Off:1 Def:2),,ATL,GSW,ATL,1610612737,2025,2215.0,2238.0,2226.5,1627777|1629027|1629611|1630249|1631230,202710|203110|1630541|1641764|1642366,2024-25,564,0.7368421052631579
128272,10:42,"MISS Mann 26' 3PT Jump Shot
Moody REBOUND (Off:1 Def:2)
",0,0,1,0,2025-03-22,0022401025,0,0,GSW,4,0,15,11:05,Off At Rim Make,0,MISS Mann 26' 3PT Jump Shot,,ATL,GSW,ATL,1610612737,2025,2215.0,2238.0,2226.5,1627777|1629027|1629611|1630249|1631230,202710|203110|1630541|1641764|1642366,2024-25,510,0.48484848484848486
128271,10:16,"Post S.FOUL (P2.T1) (R.Hussey)
Young Free Throw 1 of 2 (20 PTS)
Young Free Throw 2 of 2 (21 PTS)
",0,0,0,0,2025-03-22,0022401025,0,0,GSW,4,1,15,10:23,Off Arc 3 Miss,0,Young Free Throw 2 of 2 (21 PTS),,ATL,GSW,ATL,1610612737,2025,2257.0,2264.0,2260.5,1627777|1629027|1629611|1630249|1631230,202710|203110|1630541|1641764|1642366,2024-25,517,0.1111111111111111
128270,10:16,"Post S.FOUL (P2.T1) (R.Hussey)
Young Free Throw 1 of 2 (20 PTS)
Young Free Throw 2 of 2 (21 PTS)
",0,0,0,0,2025-03-22,0022401025,0,0,GSW,4,1,15,10:23,Off Arc 3 Miss,0,Young Free Throw 1 of 2 (20 PTS),,ATL,GSW,ATL,1610612737,2025,2257.0,2264.0,2260.5,1627777|1629027|1629611|1630249|1631230,202710|203110|1630541|1641764|1642366,2024-25,516,0.1643835616438356
128268,09:42,"Niang 26' 3PT Jump Shot (17 PTS) (Krejci 4 AST)
",0,0,1,1,2025-03-22,0022401025,0,0,GSW,4,0,17,09:51,Off At Rim Miss,0,Niang 26' 3PT Jump Shot (17 PTS) (Krejci 4 AST),,ATL,GSW,ATL,1610612737,2025,2289.0,2298.0,2293.5,1627777|1629027|1629611|1630249|1631230,202710|203110|1630541|1641764|1642366,2024-25,520,0.06153846153846154
128256,06:20,"Young Bad Pass Turnover (P3.T11): Butler III STEAL (1 STL)
",0,0,0,0,2025-03-22,0022401025,0,0,GSW,4,0,16,06:38,Off Timeout,1,Young Bad Pass Turnover (P3.T11): Butler III STEAL (1 STL),,ATL,GSW,ATL,1610612737,2025,2482.0,2500.0,2491.0,1627747|1629027|1630168|1630700|1642258,202710|203110|1627780|1630541|1641764,2024-25,626,0.43902439024390244
128266,08:32,"Green S.FOUL (P2.T2) (R.Hussey)
Krejci Free Throw 1 of 2 (3 PTS)
MISS Krejci Free Throw 2 of 2
Moody REBOUND (Off:1 Def:3)
",0,0,0,0,2025-03-22,0022401025,0,0,GSW,4,1,21,08:46,Off FT Miss,0,Moody REBOUND (Off:1 Def:3),,ATL,GSW,ATL,1610612737,2025,2354.0,2368.0,2361.0,1627777|1629611|1630168|1630249|1630700,202710|203110|1630541|1641764|1642366,2024-25,568,0.25806451612903225
128265,08:32,"Green S.FOUL (P2.T2) (R.Hussey)
Krejci Free Throw 1 of 2 (3 PTS)
MISS Krejci Free Throw 2 of 2
Moody REBOUND (Off:1 Def:3)
",0,0,0,0,2025-03-22,0022401025,0,0,GSW,4,1,21,08:46,Off FT Miss,0,MISS Krejci Free Throw 2 of 2,,ATL,GSW,ATL,1610612737,2025,2354.0,2368.0,2361.0,1627777|1629611|1630168|1630249|1630700,202710|203110|1630541|1641764|1642366,2024-25,539,0.59375
128264,08:32,"Green S.FOUL (P2.T2) (R.Hussey)
Krejci Free Throw 1 of 2 (3 PTS)
MISS Krejci Free Throw 2 of 2
Moody REBOUND (Off:1 Def:3)
",0,0,0,0,2025-03-22,0022401025,0,0,GSW,4,1,21,08:46,Off FT Miss,0,Krejci Free Throw 1 of 2 (3 PTS),,ATL,GSW,ATL,1610612737,2025,2354.0,2368.0,2361.0,1627777|1629611|1630168|1630249|1630700,202710|203110|1630541|1641764|1642366,2024-25,538,0.746268656716418
128263,08:32,"Green S.FOUL (P2.T2) (R.Hussey)
Krejci Free Throw 1 of 2 (3 PTS)
MISS Krejci Free Throw 2 of 2
Moody REBOUND (Off:1 Def:3)
",0,0,0,0,2025-03-22,0022401025,0,0,GSW,4,1,21,08:46,Off FT Miss,0,Green S.FOUL (P2.T2) (R.Hussey),,ATL,GSW,ATL,1610612737,2025,2354.0,2368.0,2361.0,1627777|1629611|1630168|1630249|1630700,202710|203110|1630541|1641764|1642366,2024-25,568,0.30303030303030304
128261,07:35,"Niang 24' 3PT Step Back Jump Shot (23 PTS) (Krejci 6 AST)
",0,0,1,1,2025-03-22,0022401025,0,0,GSW,4,0,18,07:58,Off At Rim Make,0,Niang 24' 3PT Step Back Jump Shot (23 PTS) (Krejci 6 AST),,ATL,GSW,ATL,1610612737,2025,2402.0,2425.0,2413.5,1627777|1629611|1630168|1630249|1630700,202710|203110|1630541|1641764|1642366,2024-25,549,0.26804123711340205
128260,06:55,"Mann Bad Pass Turnover (P2.T9): Green STEAL (2 STL)
",0,0,0,0,2025-03-22,0022401025,0,0,GSW,4,0,19,07:08,Off At Rim Make,1,Mann Bad Pass Turnover (P2.T9): Green STEAL (2 STL),,ATL,GSW,ATL,1610612737,2025,2452.0,2465.0,2458.5,1627777|1629611|1630168|1630249|1630700,202710|203110|1630541|1641764|1642366,2024-25,602,0.136986301369863
128259,06:43,"MISS Niang 26' 3PT Running Jump Shot
Daniels REBOUND (Off:2 Def:8)
Niang Bad Pass Turnover (P2.T10): Green STEAL (3 STL)
",0,0,1,0,2025-03-22,0022401025,0,1,GSW,4,0,19,06:52,Off Steal,1,Niang Bad Pass Turnover (P2.T10): Green STEAL (3 STL),,ATL,GSW,ATL,1610612737,2025,2468.0,2477.0,2472.5,1627777|1629611|1630168|1630249|1630700,202710|203110|1630541|1641764|1642366,2024-25,561,0.1568627450980392
128258,06:43,"MISS Niang 26' 3PT Running Jump Shot
Daniels REBOUND (Off:2 Def:8)
Niang Bad Pass Turnover (P2.T10): Green STEAL (3 STL)
",0,0,1,0,2025-03-22,0022401025,0,1,GSW,4,0,19,06:52,Off Steal,1,Daniels REBOUND (Off:2 Def:8),,ATL,GSW,ATL,1610612737,2025,2468.0,2477.0,2472.5,1627777|1629611|1630168|1630249|1630700,202710|203110|1630541|1641764|1642366,2024-25,560,0.16666666666666666
128276,11:42,"Young Bad Pass Turnover (P2.T7): Green STEAL (1 STL)
",0,0,0,0,2025-03-22,0022401025,0,0,GSW,4,0,17,12:00,Off Dead Ball,1,Young Bad Pass Turnover (P2.T7): Green STEAL (1 STL),,ATL,GSW,ATL,1610612737,2025,2160.0,2178.0,2169.0,1627777|1629027|1629611|1630249|1631230,202710|203110|1630541|1641764|1642366,2024-25,502,0.17142857142857143
128267,09:01,"Niang 3PT Jump Shot (20 PTS) (Krejci 5 AST)
",0,0,1,1,2025-03-22,0022401025,0,0,GSW,4,0,18,09:30,Off At Rim Make,0,Niang 3PT Jump Shot (20 PTS) (Krejci 5 AST),,ATL,GSW,ATL,1610612737,2025,2310.0,2339.0,2324.5,1627777|1629027|1629611|1630249|1631230,202710|203110|1630541|1641764|1642366,2024-25,599,0.4943820224719101
128186,02:21,"MISS Niang 26' 3PT Jump Shot
Barlow REBOUND (Off:2 Def:1)
Niang 26' 3PT Jump Shot (14 PTS) (LeVert 4 AST)
",0,0,2,1,2025-03-22,0022401025,0,1,GSW,3,0,16,02:42,Off FT Make,0,MISS Niang 26' 3PT Jump Shot,,ATL,GSW,ATL,1610612737,2025,1998.0,2019.0,2008.5,1627747|1627777|1629027|1629611|1631230,202710|1627741|1627780|1630228|1631218,2024-25,463,0.17391304347826086
128251,04:46,"MISS Okongwu 10' Driving Floating Jump Shot
Okongwu REBOUND (Off:3 Def:7)
Okongwu Step Out of Bounds Turnover (P1.T13)
",1,0,0,0,2025-03-22,0022401025,0,1,GSW,4,0,12,05:06,Off FT Miss,1,MISS Okongwu 10' Driving Floating Jump Shot,,ATL,GSW,ATL,1610612737,2025,2574.0,2594.0,2584.0,1627747|1629027|1630168|1630700|1642258,202710|203110|1627780|1630541|1641764,2024-25,587,0.2564102564102564
128255,05:20,"Green P.FOUL (P3.T3) (J.Van Duyne)
HAWKS Turnover: Shot Clock (T#12)
",0,0,0,0,2025-03-22,0022401025,0,0,GSW,4,0,13,05:59,Off Arc 3 Make,1,HAWKS Turnover: Shot Clock (T#12),,ATL,GSW,ATL,1610612737,2025,2521.0,2560.0,2540.5,1627747|1629027|1630168|1630700|1642258,202710|203110|1627780|1630541|1641764,2024-25,579,0.21818181818181817
128233,00:49,"Green P.FOUL (P5.PN) (T.Brothers)
MISS Risacher Free Throw 1 of 2
HAWKS Rebound
Risacher Free Throw 2 of 2 (14 PTS)
",0,0,0,0,2025-03-22,0022401025,1,0,GSW,4,0,8,00:59,Off At Rim Make,0,Green P.FOUL (P5.PN) (T.Brothers),,ATL,GSW,ATL,1610612737,2025,2821.0,2831.0,2826.0,1627747|1629027|1630168|1630700|1642258,202710|203110|1627780|1630541|1641764,2024-25,561,0.3170731707317073
128250,04:23,"LeVert Offensive Charge Foul (P4) (R.Hussey)
LeVert Offensive Foul Turnover (P1.T14)
",0,0,0,0,2025-03-22,0022401025,0,0,GSW,4,0,12,04:27,Off Arc 3 Miss,1,LeVert Offensive Foul Turnover (P1.T14),,ATL,GSW,ATL,1610612737,2025,2613.0,2617.0,2615.0,1627747|1629027|1630168|1630700|1642258,202710|203110|1627780|1630541|1641764,2024-25,595,0.1935483870967742
128249,04:23,"LeVert Offensive Charge Foul (P4) (R.Hussey)
LeVert Offensive Foul Turnover (P1.T14)
",0,0,0,0,2025-03-22,0022401025,0,0,GSW,4,0,12,04:27,Off Arc 3 Miss,1,LeVert Offensive Charge Foul (P4) (R.Hussey),,ATL,GSW,ATL,1610612737,2025,2613.0,2617.0,2615.0,1627747|1629027|1630168|1630700|1642258,202710|203110|1627780|1630541|1641764,2024-25,593,0.1
128248,04:03,"LeVert 2' Driving Layup (12 PTS)
Green S.FOUL (P4.T4) (T.Brothers)
MISS LeVert Free Throw 1 of 1
Butler III REBOUND (Off:0 Def:4)
",1,1,0,0,2025-03-22,0022401025,0,0,GSW,4,1,10,04:15,Off FT Make,0,Butler III REBOUND (Off:0 Def:4),,ATL,GSW,ATL,1610612737,2025,2625.0,2637.0,2631.0,1627747|1629027|1630168|1630700|1642258,202710|203110|1627780|1630541|1641764,2024-25,603,0.2916666666666667
128247,04:03,"LeVert 2' Driving Layup (12 PTS)
Green S.FOUL (P4.T4) (T.Brothers)
MISS LeVert Free Throw 1 of 1
Butler III REBOUND (Off:0 Def:4)
",1,1,0,0,2025-03-22,0022401025,0,0,GSW,4,1,10,04:15,Off FT Make,0,MISS LeVert Free Throw 1 of 1,,ATL,GSW,ATL,1610612737,2025,2625.0,2637.0,2631.0,1627747|1629027|1630168|1630700|1642258,202710|203110|1627780|1630541|1641764,2024-25,605,0.20930232558139536
128246,04:03,"LeVert 2' Driving Layup (12 PTS)
Green S.FOUL (P4.T4) (T.Brothers)
MISS LeVert Free Throw 1 of 1
Butler III REBOUND (Off:0 Def:4)
",1,1,0,0,2025-03-22,0022401025,0,0,GSW,4,1,10,04:15,Off FT Make,0,Green S.FOUL (P4.T4) (T.Brothers),,ATL,GSW,ATL,1610612737,2025,2625.0,2637.0,2631.0,1627747|1629027|1630168|1630700|1642258,202710|203110|1627780|1630541|1641764,2024-25,598,0.14545454545454545
128245,04:03,"LeVert 2' Driving Layup (12 PTS)
Green S.FOUL (P4.T4) (T.Brothers)
MISS LeVert Free Throw 1 of 1
Butler III REBOUND (Off:0 Def:4)
",1,1,0,0,2025-03-22,0022401025,0,0,GSW,4,1,10,04:15,Off FT Make,0,LeVert 2' Driving Layup (12 PTS),,ATL,GSW,ATL,1610612737,2025,2625.0,2637.0,2631.0,1627747|1629027|1630168|1630700|1642258,202710|203110|1627780|1630541|1641764,2024-25,602,0.18518518518518517
128244,03:43,"Young Bad Pass Turnover (P4.T15): Podziemski STEAL (1 STL)
",0,0,0,0,2025-03-22,0022401025,0,0,GSW,4,0,10,03:48,Off At Rim Make,1,Young Bad Pass Turnover (P4.T15): Podziemski STEAL (1 STL),,ATL,GSW,ATL,1610612737,2025,2652.0,2657.0,2654.5,1627747|1629027|1630168|1630700|1642258,202710|203110|1627780|1630541|1641764,2024-25,672,0.14432989690721648
128243,03:34,"Risacher 25' 3PT Jump Shot (13 PTS) (LeVert 5 AST)
",0,0,1,1,2025-03-22,0022401025,0,0,GSW,4,0,10,03:40,Off Steal,0,Risacher 25' 3PT Jump Shot (13 PTS) (LeVert 5 AST),,ATL,GSW,ATL,1610612737,2025,2660.0,2666.0,2663.0,1627747|1629027|1630168|1630700|1642258,202710|203110|1627780|1630541|1641764,2024-25,613,0.3
128242,02:48,"MISS Okongwu 12' Turnaround Hook Shot
Green REBOUND (Off:0 Def:6)
",1,0,0,0,2025-03-22,0022401025,0,0,GSW,4,0,11,03:16,Off At Rim Make,0,Green REBOUND (Off:0 Def:6),,ATL,GSW,ATL,1610612737,2025,2684.0,2712.0,2698.0,1627747|1629027|1630168|1630700|1642258,202710|203110|1627780|1630541|1641764,2024-25,671,0.711864406779661
128241,02:48,"MISS Okongwu 12' Turnaround Hook Shot
Green REBOUND (Off:0 Def:6)
",1,0,0,0,2025-03-22,0022401025,0,0,GSW,4,0,11,03:16,Off At Rim Make,0,MISS Okongwu 12' Turnaround Hook Shot,,ATL,GSW,ATL,1610612737,2025,2684.0,2712.0,2698.0,1627747|1629027|1630168|1630700|1642258,202710|203110|1627780|1630541|1641764,2024-25,617,0.4810126582278481
128240,02:19,"Young 12' Driving Floating Jump Shot (23 PTS) (LeVert 6 AST)
",1,1,0,0,2025-03-22,0022401025,0,0,GSW,4,0,8,02:43,Off Corner 3 Make,0,Young 12' Driving Floating Jump Shot (23 PTS) (LeVert 6 AST),,ATL,GSW,ATL,1610612737,2025,2717.0,2741.0,2729.0,1627747|1629027|1630168|1630700|1642258,202710|203110|1627780|1630541|1641764,2024-25,692,0.7936507936507936
128239,01:40,"LeVert 12' Pullup Jump Shot (14 PTS) (Young 9 AST)
",1,1,0,0,2025-03-22,0022401025,0,0,GSW,4,0,8,02:05,Off Timeout,0,LeVert 12' Pullup Jump Shot (14 PTS) (Young 9 AST),,ATL,GSW,ATL,1610612737,2025,2755.0,2780.0,2767.5,1627747|1629027|1630168|1630700|1642258,202710|203110|1627780|1630541|1641764,2024-25,626,0.35135135135135137
128238,01:17,"Okongwu Bad Pass Turnover (P2.T16): Moody STEAL (2 STL)
",0,0,0,0,2025-03-22,0022401025,0,0,GSW,4,0,10,01:20,Off Arc 3 Miss,1,Okongwu Bad Pass Turnover (P2.T16): Moody STEAL (2 STL),,ATL,GSW,ATL,1610612737,2025,2800.0,2803.0,2801.5,1627747|1629027|1630168|1630700|1642258,202710|203110|1627780|1630541|1641764,2024-25,630,0.08450704225352113
128237,01:08,"Okongwu 2' Alley Oop Dunk (22 PTS) (Young 10 AST)
",1,1,0,0,2025-03-22,0022401025,0,0,GSW,4,0,8,01:16,Off FT Make,0,Okongwu 2' Alley Oop Dunk (22 PTS) (Young 10 AST),,ATL,GSW,ATL,1610612737,2025,2804.0,2812.0,2808.0,1627747|1629027|1630168|1630700|1642258,202710|203110|1627780|1630541|1641764,2024-25,636,0.3883495145631068
128236,00:49,"Green P.FOUL (P5.PN) (T.Brothers)
MISS Risacher Free Throw 1 of 2
HAWKS Rebound
Risacher Free Throw 2 of 2 (14 PTS)
",0,0,0,0,2025-03-22,0022401025,1,0,GSW,4,0,8,00:59,Off At Rim Make,0,Risacher Free Throw 2 of 2 (14 PTS),,ATL,GSW,ATL,1610612737,2025,2821.0,2831.0,2826.0,1627747|1629027|1630168|1630700|1642258,202710|203110|1627780|1630541|1641764,2024-25,644,0.23333333333333334
128235,00:49,"Green P.FOUL (P5.PN) (T.Brothers)
MISS Risacher Free Throw 1 of 2
HAWKS Rebound
Risacher Free Throw 2 of 2 (14 PTS)
",0,0,0,0,2025-03-22,0022401025,1,0,GSW,4,0,8,00:59,Off At Rim Make,0,HAWKS Rebound,,ATL,GSW,ATL,1610612737,2025,2821.0,2831.0,2826.0,1627747|1629027|1630168|1630700|1642258,202710|203110|1627780|1630541|1641764,2024-25,643,0.1935483870967742
128254,05:20,"Green P.FOUL (P3.T3) (J.Van Duyne)
HAWKS Turnover: Shot Clock (T#12)
",0,0,0,0,2025-03-22,0022401025,0,0,GSW,4,0,13,05:59,Off Arc 3 Make,1,Green P.FOUL (P3.T3) (J.Van Duyne),,ATL,GSW,ATL,1610612737,2025,2521.0,2560.0,2540.5,1627747|1629027|1630168|1630700|1642258,202710|203110|1627780|1630541|1641764,2024-25,519,0.17857142857142858
128234,00:49,"Green P.FOUL (P5.PN) (T.Brothers)
MISS Risacher Free Throw 1 of 2
HAWKS Rebound
Risacher Free Throw 2 of 2 (14 PTS)
",0,0,0,0,2025-03-22,0022401025,1,0,GSW,4,0,8,00:59,Off At Rim Make,0,MISS Risacher Free Throw 1 of 2,,ATL,GSW,ATL,1610612737,2025,2821.0,2831.0,2826.0,1627747|1629027|1630168|1630700|1642258,202710|203110|1627780|1630541|1641764,2024-25,642,0.6060606060606061
128257,06:43,"MISS Niang 26' 3PT Running Jump Shot
Daniels REBOUND (Off:2 Def:8)
Niang Bad Pass Turnover (P2.T10): Green STEAL (3 STL)
",0,0,1,0,2025-03-22,0022401025,0,1,GSW,4,0,19,06:52,Off Steal,1,MISS Niang 26' 3PT Running Jump Shot,,ATL,GSW,ATL,1610612737,2025,2468.0,2477.0,2472.5,1627777|1629611|1630168|1630249|1630700,202710|203110|1630541|1641764|1642366,2024-25,559,0.26506024096385544
128262,08:02,"Krejci Bad Pass Turnover (P1.T8): Moody STEAL (1 STL)
",0,0,0,0,2025-03-22,0022401025,0,0,GSW,4,0,20,08:19,Off FT Make,1,Krejci Bad Pass Turnover (P1.T8): Moody STEAL (1 STL),,ATL,GSW,ATL,1610612737,2025,2381.0,2398.0,2389.5,1627777|1629611|1630168|1630249|1630700,202710|203110|1630541|1641764|1642366,2024-25,545,0.14084507042253522
128208,06:43,"Moody S.FOUL (P2.T2) (J.Van Duyne)
Young Free Throw 1 of 2 (16 PTS)
Young Free Throw 2 of 2 (17 PTS)
",0,0,0,0,2025-03-22,0022401025,0,0,GSW,3,1,8,06:57,Off Timeout,0,Moody S.FOUL (P2.T2) (J.Van Duyne),,ATL,GSW,ATL,1610612737,2025,1743.0,1757.0,1750.0,1627777|1629027|1630168|1630700|1642258,203110|1630228|1630541|1641764|1642366,2024-25,440,0.22641509433962265
128206,05:54,"Daniels Backcourt Turnover (P2.T5)
",0,0,0,0,2025-03-22,0022401025,0,0,GSW,3,0,10,05:55,Off Corner 3 Miss,1,Daniels Backcourt Turnover (P2.T5),,ATL,GSW,ATL,1610612737,2025,1805.0,1806.0,1805.5,1627747|1627777|1630168|1630700|1642258,203110|1630228|1630541|1641764|1642366,2024-25,398,0.5633802816901409
128228,11:00,"MISS Risacher 3PT Jump Shot
Green REBOUND (Off:0 Def:4)
",0,0,1,0,2025-03-22,0022401025,0,0,GSW,3,0,9,11:11,Off Arc 3 Miss,0,Green REBOUND (Off:0 Def:4),,ATL,GSW,ATL,1610612737,2025,1489.0,1500.0,1494.5,1629027|1630168|1630700|1631243|1642258,202710|203110|1630541|1641764|1642366,2024-25,364,0.22857142857142856
128227,11:00,"MISS Risacher 3PT Jump Shot
Green REBOUND (Off:0 Def:4)
",0,0,1,0,2025-03-22,0022401025,0,0,GSW,3,0,9,11:11,Off Arc 3 Miss,0,MISS Risacher 3PT Jump Shot,,ATL,GSW,ATL,1610612737,2025,1489.0,1500.0,1494.5,1629027|1630168|1630700|1631243|1642258,202710|203110|1630541|1641764|1642366,2024-25,326,0.2894736842105263
128226,10:41,"Young 1' Driving Reverse Layup (14 PTS)
",1,1,0,0,2025-03-22,0022401025,0,0,GSW,3,0,6,10:56,Off Arc 3 Make,0,Young 1' Driving Reverse Layup (14 PTS),,ATL,GSW,ATL,1610612737,2025,1504.0,1519.0,1511.5,1629027|1630168|1630700|1631243|1642258,202710|203110|1630541|1641764|1642366,2024-25,329,0.22535211267605634
128224,09:33,"Daniels 24' 3PT Jump Shot (12 PTS) (Young 7 AST)
",0,0,1,1,2025-03-22,0022401025,0,0,GSW,3,0,8,09:39,Off Arc 3 Miss,0,Daniels 24' 3PT Jump Shot (12 PTS) (Young 7 AST),,ATL,GSW,ATL,1610612737,2025,1581.0,1587.0,1584.0,1629027|1630168|1630700|1631243|1642258,202710|203110|1630541|1641764|1642366,2024-25,336,0.35
128223,09:08,"Risacher 1' Running Dunk (10 PTS) (Young 8 AST)
",1,1,0,0,2025-03-22,0022401025,0,0,GSW,3,0,11,09:12,Off Steal,0,Risacher 1' Running Dunk (10 PTS) (Young 8 AST),,ATL,GSW,ATL,1610612737,2025,1608.0,1612.0,1610.0,1629027|1630168|1630700|1631243|1642258,202710|203110|1630541|1641764|1642366,2024-25,342,0.28169014084507044
128222,08:38,"MISS Risacher 4' Driving Layup: Moody BLOCK (1 BLK)
Green REBOUND (Off:0 Def:5)
",1,0,0,0,2025-03-22,0022401025,0,0,GSW,3,0,13,08:54,Off Arc 3 Miss,0,Green REBOUND (Off:0 Def:5),,ATL,GSW,ATL,1610612737,2025,1626.0,1642.0,1634.0,1629027|1630168|1630700|1631243|1642258,202710|203110|1630541|1641764|1642366,2024-25,388,0.711864406779661
128221,08:38,"MISS Risacher 4' Driving Layup: Moody BLOCK (1 BLK)
Green REBOUND (Off:0 Def:5)
",1,0,0,0,2025-03-22,0022401025,0,0,GSW,3,0,13,08:54,Off Arc 3 Miss,0,MISS Risacher 4' Driving Layup: Moody BLOCK (1 BLK),,ATL,GSW,ATL,1610612737,2025,1626.0,1642.0,1634.0,1629027|1630168|1630700|1631243|1642258,202710|203110|1630541|1641764|1642366,2024-25,346,0.2549019607843137
128225,10:01,"HAWKS Turnover: Shot Clock (T#4)
",0,0,0,0,2025-03-22,0022401025,0,0,GSW,3,0,8,10:25,Off At Rim Miss,1,HAWKS Turnover: Shot Clock (T#4),,ATL,GSW,ATL,1610612737,2025,1535.0,1559.0,1547.0,1629027|1630168|1630700|1631243|1642258,202710|203110|1630541|1641764|1642366,2024-25,385,0.42424242424242425
128219,08:13,"Moody S.FOUL (P1.T1) (R.Hussey)
Young Free Throw 1 of 2 (15 PTS)
MISS Young Free Throw 2 of 2
Post REBOUND (Off:0 Def:4)
",0,0,0,0,2025-03-22,0022401025,0,0,GSW,3,1,13,08:26,Off Dead Ball,0,MISS Young Free Throw 2 of 2,,ATL,GSW,ATL,1610612737,2025,1654.0,1667.0,1660.5,1629027|1630168|1630700|1631243|1642258,202710|203110|1630541|1641764|1642366,2024-25,357,0.2711864406779661
128218,08:13,"Moody S.FOUL (P1.T1) (R.Hussey)
Young Free Throw 1 of 2 (15 PTS)
MISS Young Free Throw 2 of 2
Post REBOUND (Off:0 Def:4)
",0,0,0,0,2025-03-22,0022401025,0,0,GSW,3,1,13,08:26,Off Dead Ball,0,Young Free Throw 1 of 2 (15 PTS),,ATL,GSW,ATL,1610612737,2025,1654.0,1667.0,1660.5,1629027|1630168|1630700|1631243|1642258,202710|203110|1630541|1641764|1642366,2024-25,356,0.1111111111111111
128217,08:13,"Moody S.FOUL (P1.T1) (R.Hussey)
Young Free Throw 1 of 2 (15 PTS)
MISS Young Free Throw 2 of 2
Post REBOUND (Off:0 Def:4)
",0,0,0,0,2025-03-22,0022401025,0,0,GSW,3,1,13,08:26,Off Dead Ball,0,Moody S.FOUL (P1.T1) (R.Hussey),,ATL,GSW,ATL,1610612737,2025,1654.0,1667.0,1660.5,1629027|1630168|1630700|1631243|1642258,202710|203110|1630541|1641764|1642366,2024-25,382,0.2909090909090909
128216,07:25,"MISS Gueye 3PT Jump Shot
Okongwu REBOUND (Off:2 Def:6)
MISS Okongwu 4' Driving Hook Shot
Butler III REBOUND (Off:0 Def:2)
",1,0,1,0,2025-03-22,0022401025,0,1,GSW,3,0,11,07:46,Off Arc 3 Make,0,Butler III REBOUND (Off:0 Def:2),,ATL,GSW,ATL,1610612737,2025,1694.0,1715.0,1704.5,1629027|1630168|1630700|1631243|1642258,202710|203110|1630541|1641764|1642366,2024-25,432,0.7384615384615385
128211,07:01,"MISS Gueye 1' Cutting Layup Shot: Green BLOCK (1 BLK)
Podziemski REBOUND (Off:1 Def:6)
",1,0,0,0,2025-03-22,0022401025,0,0,GSW,3,0,11,07:17,Off Dead Ball,0,MISS Gueye 1' Cutting Layup Shot: Green BLOCK (1 BLK),,ATL,GSW,ATL,1610612737,2025,1723.0,1739.0,1731.0,1629027|1630168|1630700|1631243|1642258,202710|203110|1630541|1641764|1642366,2024-25,371,0.44155844155844154
128215,07:25,"MISS Gueye 3PT Jump Shot
Okongwu REBOUND (Off:2 Def:6)
MISS Okongwu 4' Driving Hook Shot
Butler III REBOUND (Off:0 Def:2)
",1,0,1,0,2025-03-22,0022401025,0,1,GSW,3,0,11,07:46,Off Arc 3 Make,0,MISS Okongwu 4' Driving Hook Shot,,ATL,GSW,ATL,1610612737,2025,1694.0,1715.0,1704.5,1629027|1630168|1630700|1631243|1642258,202710|203110|1630541|1641764|1642366,2024-25,365,0.20408163265306123
128214,07:25,"MISS Gueye 3PT Jump Shot
Okongwu REBOUND (Off:2 Def:6)
MISS Okongwu 4' Driving Hook Shot
Butler III REBOUND (Off:0 Def:2)
",1,0,1,0,2025-03-22,0022401025,0,1,GSW,3,0,11,07:46,Off Arc 3 Make,0,Okongwu REBOUND (Off:2 Def:6),,ATL,GSW,ATL,1610612737,2025,1694.0,1715.0,1704.5,1629027|1630168|1630700|1631243|1642258,202710|203110|1630541|1641764|1642366,2024-25,391,0.48484848484848486
128212,07:01,"MISS Gueye 1' Cutting Layup Shot: Green BLOCK (1 BLK)
Podziemski REBOUND (Off:1 Def:6)
",1,0,0,0,2025-03-22,0022401025,0,0,GSW,3,0,11,07:17,Off Dead Ball,0,Podziemski REBOUND (Off:1 Def:6),,ATL,GSW,ATL,1610612737,2025,1723.0,1739.0,1731.0,1629027|1630168|1630700|1631243|1642258,202710|203110|1630541|1641764|1642366,2024-25,435,0.78125
128220,08:13,"Moody S.FOUL (P1.T1) (R.Hussey)
Young Free Throw 1 of 2 (15 PTS)
MISS Young Free Throw 2 of 2
Post REBOUND (Off:0 Def:4)
",0,0,0,0,2025-03-22,0022401025,0,0,GSW,3,1,13,08:26,Off Dead Ball,0,Post REBOUND (Off:0 Def:4),,ATL,GSW,ATL,1610612737,2025,1654.0,1667.0,1660.5,1629027|1630168|1630700|1631243|1642258,202710|203110|1630541|1641764|1642366,2024-25,395,0.4166666666666667
128253,04:46,"MISS Okongwu 10' Driving Floating Jump Shot
Okongwu REBOUND (Off:3 Def:7)
Okongwu Step Out of Bounds Turnover (P1.T13)
",1,0,0,0,2025-03-22,0022401025,0,1,GSW,4,0,12,05:06,Off FT Miss,1,Okongwu Step Out of Bounds Turnover (P1.T13),,ATL,GSW,ATL,1610612737,2025,2574.0,2594.0,2584.0,1627747|1629027|1630168|1630700|1642258,202710|203110|1627780|1630541|1641764,2024-25,590,0.4691358024691358
128213,07:25,"MISS Gueye 3PT Jump Shot
Okongwu REBOUND (Off:2 Def:6)
MISS Okongwu 4' Driving Hook Shot
Butler III REBOUND (Off:0 Def:2)
",1,0,1,0,2025-03-22,0022401025,0,1,GSW,3,0,11,07:46,Off Arc 3 Make,0,MISS Gueye 3PT Jump Shot,,ATL,GSW,ATL,1610612737,2025,1694.0,1715.0,1704.5,1629027|1630168|1630700|1631243|1642258,202710|203110|1630541|1641764|1642366,2024-25,363,0.10909090909090909
128209,06:43,"Moody S.FOUL (P2.T2) (J.Van Duyne)
Young Free Throw 1 of 2 (16 PTS)
Young Free Throw 2 of 2 (17 PTS)
",0,0,0,0,2025-03-22,0022401025,0,0,GSW,3,1,8,06:57,Off Timeout,0,Young Free Throw 1 of 2 (16 PTS),,ATL,GSW,ATL,1610612737,2025,1743.0,1757.0,1750.0,1627777|1629027|1630168|1630700|1642258,203110|1630228|1630541|1641764|1642366,2024-25,383,0.3170731707317073
128229,11:18,"MISS Daniels 25' 3PT Jump Shot
Podziemski REBOUND (Off:1 Def:5)
",0,0,1,0,2025-03-22,0022401025,0,0,GSW,3,0,9,11:44,Off Arc 3 Make,0,MISS Daniels 25' 3PT Jump Shot,,ATL,GSW,ATL,1610612737,2025,1456.0,1482.0,1469.0,1629027|1630168|1630700|1631243|1642258,202710|203110|1630541|1641764|1642366,2024-25,322,0.27450980392156865
128230,11:18,"MISS Daniels 25' 3PT Jump Shot
Podziemski REBOUND (Off:1 Def:5)
",0,0,1,0,2025-03-22,0022401025,0,0,GSW,3,0,9,11:44,Off Arc 3 Make,0,Podziemski REBOUND (Off:1 Def:5),,ATL,GSW,ATL,1610612737,2025,1456.0,1482.0,1469.0,1629027|1630168|1630700|1631243|1642258,202710|203110|1630541|1641764|1642366,2024-25,343,0.6984126984126984
128210,06:43,"Moody S.FOUL (P2.T2) (J.Van Duyne)
Young Free Throw 1 of 2 (16 PTS)
Young Free Throw 2 of 2 (17 PTS)
",0,0,0,0,2025-03-22,0022401025,0,0,GSW,3,1,8,06:57,Off Timeout,0,Young Free Throw 2 of 2 (17 PTS),,ATL,GSW,ATL,1610612737,2025,1743.0,1757.0,1750.0,1627777|1629027|1630168|1630700|1642258,203110|1630228|1630541|1641764|1642366,2024-25,384,0.4
128205,05:26,"Niang 26' 3PT Jump Shot (11 PTS) (Daniels 6 AST)
",0,0,1,1,2025-03-22,0022401025,0,0,GSW,3,0,10,05:35,Off Dead Ball,0,Niang 26' 3PT Jump Shot (11 PTS) (Daniels 6 AST),,ATL,GSW,ATL,1610612737,2025,1825.0,1834.0,1829.5,1627747|1627777|1630168|1630700|1642258,203110|1630228|1630541|1630611|1641764,2024-25,404,0.15384615384615385
128204,05:12,"Niang Offensive Charge Foul (P1) (T.Brothers)
Niang Offensive Foul Turnover (P1.T6)
",0,0,0,0,2025-03-22,0022401025,0,0,GSW,3,0,13,05:14,Off At Rim Miss,1,Niang Offensive Foul Turnover (P1.T6),,ATL,GSW,ATL,1610612737,2025,1846.0,1848.0,1847.0,1627747|1627777|1630168|1630700|1642258,203110|1630228|1630541|1630611|1641764,2024-25,410,0.2682926829268293
128203,05:12,"Niang Offensive Charge Foul (P1) (T.Brothers)
Niang Offensive Foul Turnover (P1.T6)
",0,0,0,0,2025-03-22,0022401025,0,0,GSW,3,0,13,05:14,Off At Rim Miss,1,Niang Offensive Charge Foul (P1) (T.Brothers),,ATL,GSW,ATL,1610612737,2025,1846.0,1848.0,1847.0,1627747|1627777|1630168|1630700|1642258,203110|1630228|1630541|1630611|1641764,2024-25,410,0.26666666666666666
128202,04:40,"Okongwu 10' Turnaround Hook Shot (20 PTS)
",1,1,0,0,2025-03-22,0022401025,0,0,GSW,3,0,13,04:51,Off Dead Ball,0,Okongwu 10' Turnaround Hook Shot (20 PTS),,ATL,GSW,ATL,1610612737,2025,1869.0,1880.0,1874.5,1627747|1627777|1629611|1630168|1630700,203110|1627741|1630228|1630611|1641764,2024-25,416,0.2972972972972973
128201,04:14,"Hield S.FOUL (P1.T3) (J.Van Duyne)
MISS LeVert Free Throw 1 of 2
HAWKS Rebound
LeVert Free Throw 2 of 2 (7 PTS)
",0,0,0,0,2025-03-22,0022401025,0,0,GSW,3,1,15,04:27,Off At Rim Block,0,LeVert Free Throw 2 of 2 (7 PTS),,ATL,GSW,ATL,1610612737,2025,1893.0,1906.0,1899.5,1627747|1627777|1629611|1630168|1630700,1627741|1630228|1630611|1631218|1641764,2024-25,427,0.345679012345679
128200,04:14,"Hield S.FOUL (P1.T3) (J.Van Duyne)
MISS LeVert Free Throw 1 of 2
HAWKS Rebound
LeVert Free Throw 2 of 2 (7 PTS)
",0,0,0,0,2025-03-22,0022401025,0,0,GSW,3,1,15,04:27,Off At Rim Block,0,HAWKS Rebound,,ATL,GSW,ATL,1610612737,2025,1893.0,1906.0,1899.5,1627747|1627777|1629611|1630168|1630700,1627741|1630228|1630611|1631218|1641764,2024-25,426,0.20408163265306123
128199,04:14,"Hield S.FOUL (P1.T3) (J.Van Duyne)
MISS LeVert Free Throw 1 of 2
HAWKS Rebound
LeVert Free Throw 2 of 2 (7 PTS)
",0,0,0,0,2025-03-22,0022401025,0,0,GSW,3,1,15,04:27,Off At Rim Block,0,MISS LeVert Free Throw 1 of 2,,ATL,GSW,ATL,1610612737,2025,1893.0,1906.0,1899.5,1627747|1627777|1629611|1630168|1630700,1627741|1630228|1630611|1631218|1641764,2024-25,425,0.3333333333333333
128198,04:14,"Hield S.FOUL (P1.T3) (J.Van Duyne)
MISS LeVert Free Throw 1 of 2
HAWKS Rebound
LeVert Free Throw 2 of 2 (7 PTS)
",0,0,0,0,2025-03-22,0022401025,0,0,GSW,3,1,15,04:27,Off At Rim Block,0,Hield S.FOUL (P1.T3) (J.Van Duyne),,ATL,GSW,ATL,1610612737,2025,1893.0,1906.0,1899.5,1627747|1627777|1629611|1630168|1630700,1627741|1630228|1630611|1631218|1641764,2024-25,478,0.38235294117647056
128197,03:51,"Barlow 2' Reverse Layup (4 PTS) (Niang 2 AST)
Santos S.FOUL (P1.T4) (J.Van Duyne)
MISS Barlow Free Throw 1 of 1
Kuminga REBOUND (Off:0 Def:2)
",1,1,0,0,2025-03-22,0022401025,0,0,GSW,3,1,15,04:04,Off FT Make,0,Kuminga REBOUND (Off:0 Def:2),,ATL,GSW,ATL,1610612737,2025,1916.0,1929.0,1922.5,1627747|1627777|1629027|1629611|1631230,1627741|1627780|1630228|1630611|1631218,2024-25,445,0.2641509433962264
128231,00:00,,0,0,0,0,2025-03-22,0022401025,0,0,GSW,4,0,9,00:19,Off At Rim Make,0,,,ATL,GSW,ATL,1610612737,2025,2861.0,2880.0,2870.5,1627747|1629027|1630168|1630700|1642258,202710|203110|1627741|1630541|1642366,2024-25,737,0.0
128195,03:51,"Barlow 2' Reverse Layup (4 PTS) (Niang 2 AST)
Santos S.FOUL (P1.T4) (J.Van Duyne)
MISS Barlow Free Throw 1 of 1
Kuminga REBOUND (Off:0 Def:2)
",1,1,0,0,2025-03-22,0022401025,0,0,GSW,3,1,15,04:04,Off FT Make,0,Santos S.FOUL (P1.T4) (J.Van Duyne),,ATL,GSW,ATL,1610612737,2025,1916.0,1929.0,1922.5,1627747|1627777|1629027|1629611|1631230,1627741|1627780|1630228|1630611|1631218,2024-25,441,0.345679012345679
128193,03:21,"MISS Young 2' Driving Reverse Layup
Payton II REBOUND (Off:0 Def:4)
",1,0,0,0,2025-03-22,0022401025,0,0,GSW,3,0,17,03:35,Off Short Mid-Range Miss,0,Payton II REBOUND (Off:0 Def:4),,ATL,GSW,ATL,1610612737,2025,1945.0,1959.0,1952.0,1627747|1627777|1629027|1629611|1631230,202710|1627741|1627780|1630228|1631218,2024-25,421,0.21333333333333335
128192,03:21,"MISS Young 2' Driving Reverse Layup
Payton II REBOUND (Off:0 Def:4)
",1,0,0,0,2025-03-22,0022401025,0,0,GSW,3,0,17,03:35,Off Short Mid-Range Miss,0,MISS Young 2' Driving Reverse Layup,,ATL,GSW,ATL,1610612737,2025,1945.0,1959.0,1952.0,1627747|1627777|1629027|1629611|1631230,202710|1627741|1627780|1630228|1631218,2024-25,449,0.2692307692307692
128191,02:54,"MISS LeVert 13' Fadeaway Jumper
Mann REBOUND (Off:1 Def:1)
Young 5' Driving Floating Bank Jump Shot (19 PTS)
",2,1,0,0,2025-03-22,0022401025,0,1,GSW,3,0,15,03:14,Off FT Make,0,Young 5' Driving Floating Bank Jump Shot (19 PTS),,ATL,GSW,ATL,1610612737,2025,1966.0,1986.0,1976.0,1627747|1627777|1629027|1629611|1631230,202710|1627741|1627780|1630228|1631218,2024-25,457,0.23529411764705882
128190,02:54,"MISS LeVert 13' Fadeaway Jumper
Mann REBOUND (Off:1 Def:1)
Young 5' Driving Floating Bank Jump Shot (19 PTS)
",2,1,0,0,2025-03-22,0022401025,0,1,GSW,3,0,15,03:14,Off FT Make,0,Mann REBOUND (Off:1 Def:1),,ATL,GSW,ATL,1610612737,2025,1966.0,1986.0,1976.0,1627747|1627777|1629027|1629611|1631230,202710|1627741|1627780|1630228|1631218,2024-25,456,0.4166666666666667
128189,02:54,"MISS LeVert 13' Fadeaway Jumper
Mann REBOUND (Off:1 Def:1)
Young 5' Driving Floating Bank Jump Shot (19 PTS)
",2,1,0,0,2025-03-22,0022401025,0,1,GSW,3,0,15,03:14,Off FT Make,0,MISS LeVert 13' Fadeaway Jumper,,ATL,GSW,ATL,1610612737,2025,1966.0,1986.0,1976.0,1627747|1627777|1629027|1629611|1631230,202710|1627741|1627780|1630228|1631218,2024-25,455,0.26865671641791045
128232,00:25,"Young 6' Driving Finger Roll Layup (25 PTS)
",1,1,0,0,2025-03-22,0022401025,0,0,GSW,4,0,9,00:43,Off At Rim Miss,0,Young 6' Driving Finger Roll Layup (25 PTS),,ATL,GSW,ATL,1610612737,2025,2837.0,2855.0,2846.0,1627747|1629027|1630168|1630700|1642258,202710|203110|1627741|1630541|1642366,2024-25,652,0.13114754098360656
128188,02:21,"MISS Niang 26' 3PT Jump Shot
Barlow REBOUND (Off:2 Def:1)
Niang 26' 3PT Jump Shot (14 PTS) (LeVert 4 AST)
",0,0,2,1,2025-03-22,0022401025,0,1,GSW,3,0,16,02:42,Off FT Make,0,Niang 26' 3PT Jump Shot (14 PTS) (LeVert 4 AST),,ATL,GSW,ATL,1610612737,2025,1998.0,2019.0,2008.5,1627747|1627777|1629027|1629611|1631230,202710|1627741|1627780|1630228|1631218,2024-25,465,0.34146341463414637
128207,06:07,"Niang 25' 3PT Jump Shot (8 PTS) (Okongwu 6 AST)
",0,0,1,1,2025-03-22,0022401025,0,0,GSW,3,0,7,06:24,Off FT Make,0,Niang 25' 3PT Jump Shot (8 PTS) (Okongwu 6 AST),,ATL,GSW,ATL,1610612737,2025,1776.0,1793.0,1784.5,1627747|1627777|1630168|1630700|1642258,203110|1630228|1630541|1641764|1642366,2024-25,394,0.44036697247706424
128196,03:51,"Barlow 2' Reverse Layup (4 PTS) (Niang 2 AST)
Santos S.FOUL (P1.T4) (J.Van Duyne)
MISS Barlow Free Throw 1 of 1
Kuminga REBOUND (Off:0 Def:2)
",1,1,0,0,2025-03-22,0022401025,0,0,GSW,3,1,15,04:04,Off FT Make,0,MISS Barlow Free Throw 1 of 1,,ATL,GSW,ATL,1610612737,2025,1916.0,1929.0,1922.5,1627747|1627777|1629027|1629611|1631230,1627741|1627780|1630228|1630611|1631218,2024-25,444,0.2903225806451613
128194,03:51,"Barlow 2' Reverse Layup (4 PTS) (Niang 2 AST)
Santos S.FOUL (P1.T4) (J.Van Duyne)
MISS Barlow Free Throw 1 of 1
Kuminga REBOUND (Off:0 Def:2)
",1,1,0,0,2025-03-22,0022401025,0,0,GSW,3,1,15,04:04,Off FT Make,0,Barlow 2' Reverse Layup (4 PTS) (Niang 2 AST),,ATL,GSW,ATL,1610612737,2025,1916.0,1929.0,1922.5,1627747|1627777|1629027|1629611|1631230,1627741|1627780|1630228|1630611|1631218,2024-25,439,0.23529411764705882
128187,02:21,"MISS Niang 26' 3PT Jump Shot
Barlow REBOUND (Off:2 Def:1)
Niang 26' 3PT Jump Shot (14 PTS) (LeVert 4 AST)
",0,0,2,1,2025-03-22,0022401025,0,1,GSW,3,0,16,02:42,Off FT Make,0,Barlow REBOUND (Off:2 Def:1),,ATL,GSW,ATL,1610612737,2025,1998.0,2019.0,2008.5,1627747|1627777|1629027|1629611|1631230,202710|1627741|1627780|1630228|1631218,2024-25,506,0.9152542372881356
128252,04:46,"MISS Okongwu 10' Driving Floating Jump Shot
Okongwu REBOUND (Off:3 Def:7)
Okongwu Step Out of Bounds Turnover (P1.T13)
",1,0,0,0,2025-03-22,0022401025,0,1,GSW,4,0,12,05:06,Off FT Miss,1,Okongwu REBOUND (Off:3 Def:7),,ATL,GSW,ATL,1610612737,2025,2574.0,2594.0,2584.0,1627747|1629027|1630168|1630700|1642258,202710|203110|1627780|1630541|1641764,2024-25,586,0.6885245901639344
128110,04:27,"Green L.B.FOUL (P1.T3) (T.Brothers)
Mann OFF.Foul (P1) (T.Brothers)
Mann Offensive Foul Turnover (P1.T1)
",0,0,0,0,2025-03-22,0022401025,0,0,GSW,1,0,12,04:44,Off Dead Ball,1,Green L.B.FOUL (P1.T3) (T.Brothers),,ATL,GSW,ATL,1610612737,2025,436.0,453.0,444.5,1627747|1627777|1629611|1630700|1631230,1626172|1627741|1630228|1630611|1641764,2024-25,119,0.36363636363636365
128182,00:47,"MISS LeVert 26' 3PT Jump Shot
Barlow REBOUND (Off:3 Def:1)
LeVert 24' 3PT Pullup Jump Shot (10 PTS) (Barlow 1 AST)
",0,0,2,1,2025-03-22,0022401025,0,1,GSW,3,0,14,01:18,Off At Rim Make,0,Barlow REBOUND (Off:3 Def:1),,ATL,GSW,ATL,1610612737,2025,2082.0,2113.0,2097.5,1627747|1627777|1629027|1629611|1631230,202710|1627741|1627780|1630228|1631218,2024-25,452,0.22727272727272727
128181,00:47,"MISS LeVert 26' 3PT Jump Shot
Barlow REBOUND (Off:3 Def:1)
LeVert 24' 3PT Pullup Jump Shot (10 PTS) (Barlow 1 AST)
",0,0,2,1,2025-03-22,0022401025,0,1,GSW,3,0,14,01:18,Off At Rim Make,0,MISS LeVert 26' 3PT Jump Shot,,ATL,GSW,ATL,1610612737,2025,2082.0,2113.0,2097.5,1627747|1627777|1629027|1629611|1631230,202710|1627741|1627780|1630228|1631218,2024-25,481,0.2222222222222222
128180,00:01,"MISS Young 26' 3PT Step Back Jump Shot
Jackson-Davis REBOUND (Off:2 Def:1)
",0,0,1,0,2025-03-22,0022401025,0,0,GSW,3,0,17,00:22,Off Dead Ball,0,Jackson-Davis REBOUND (Off:2 Def:1),,ATL,GSW,ATL,1610612737,2025,2138.0,2159.0,2148.5,1627747|1627777|1629027|1629611|1631230,202710|1627741|1627780|1630228|1631218,2024-25,534,0.2413793103448276
128179,00:01,"MISS Young 26' 3PT Step Back Jump Shot
Jackson-Davis REBOUND (Off:2 Def:1)
",0,0,1,0,2025-03-22,0022401025,0,0,GSW,3,0,17,00:22,Off Dead Ball,0,MISS Young 26' 3PT Step Back Jump Shot,,ATL,GSW,ATL,1610612737,2025,2138.0,2159.0,2148.5,1627747|1627777|1629027|1629611|1631230,202710|1627741|1627780|1630228|1631218,2024-25,488,0.2571428571428571
128178,11:30,"Young Out of Bounds Lost Ball Turnover (P1.T2)
",0,0,0,0,2025-03-22,0022401025,0,0,GSW,2,0,15,11:42,Off At Rim Make,1,Young Out of Bounds Lost Ball Turnover (P1.T2),,ATL,GSW,ATL,1610612737,2025,738.0,750.0,744.0,1627777|1629027|1629611|1630249|1631230,202710|203110|1627780|1630541|1642366,2024-25,169,0.725
128177,10:56,"MISS Young 25' 3PT Pullup Jump Shot
Payton II REBOUND (Off:0 Def:3)
",0,0,1,0,2025-03-22,0022401025,0,0,GSW,2,0,13,11:16,Off FT Make,0,Payton II REBOUND (Off:0 Def:3),,ATL,GSW,ATL,1610612737,2025,764.0,784.0,774.0,1629027|1629611|1630249|1631230|1631243,202710|203110|1627780|1630541|1642366,2024-25,187,0.24489795918367346
128176,10:56,"MISS Young 25' 3PT Pullup Jump Shot
Payton II REBOUND (Off:0 Def:3)
",0,0,1,0,2025-03-22,0022401025,0,0,GSW,2,0,13,11:16,Off FT Make,0,MISS Young 25' 3PT Pullup Jump Shot,,ATL,GSW,ATL,1610612737,2025,764.0,784.0,774.0,1629027|1629611|1630249|1631230|1631243,202710|203110|1627780|1630541|1642366,2024-25,179,0.24096385542168675
128142,00:55,"MISS Young 6' Driving Layup
Okongwu REBOUND (Off:1 Def:4)
Young 3' Driving Floating Jump Shot (12 PTS) (Okongwu 5 AST)
",2,1,0,0,2025-03-22,0022401025,0,1,GSW,2,0,11,01:15,Off FT Make,0,Okongwu REBOUND (Off:1 Def:4),,ATL,GSW,ATL,1610612737,2025,1365.0,1385.0,1375.0,1627747|1629027|1630168|1630700|1642258,202710|203110|1630228|1630541|1641764,2024-25,299,0.16326530612244897
128174,10:07,"Okongwu 7' Turnaround Hook Shot (7 PTS)
",1,1,0,0,2025-03-22,0022401025,0,0,GSW,2,0,14,10:18,Off FT Make,0,Okongwu 7' Turnaround Hook Shot (7 PTS),,ATL,GSW,ATL,1610612737,2025,822.0,833.0,827.5,1629027|1629611|1630168|1630249|1631243,202710|203110|1627780|1630541|1642366,2024-25,191,0.07142857142857142
128173,09:37,"Okongwu 25' 3PT Jump Shot (10 PTS) (Krejci 2 AST)
",0,0,1,1,2025-03-22,0022401025,0,0,GSW,2,0,16,09:45,Off Short Mid-Range Miss,0,Okongwu 25' 3PT Jump Shot (10 PTS) (Krejci 2 AST),,ATL,GSW,ATL,1610612737,2025,855.0,863.0,859.0,1629027|1629611|1630168|1630249|1631243,202710|203110|1627780|1630541|1642366,2024-25,194,0.23809523809523808
128172,08:41,"MISS Daniels 25' 3PT Jump Shot
Post REBOUND (Off:0 Def:2)
",0,0,1,0,2025-03-22,0022401025,0,0,GSW,2,0,17,09:13,Off At Rim Make,0,Post REBOUND (Off:0 Def:2),,ATL,GSW,ATL,1610612737,2025,887.0,919.0,903.0,1629027|1629611|1630168|1630249|1631243,202710|203110|1627780|1630541|1642366,2024-25,203,0.3181818181818182
128171,08:41,"MISS Daniels 25' 3PT Jump Shot
Post REBOUND (Off:0 Def:2)
",0,0,1,0,2025-03-22,0022401025,0,0,GSW,2,0,17,09:13,Off At Rim Make,0,MISS Daniels 25' 3PT Jump Shot,,ATL,GSW,ATL,1610612737,2025,887.0,919.0,903.0,1629027|1629611|1630168|1630249|1631243,202710|203110|1627780|1630541|1642366,2024-25,207,0.16
128170,08:14,"Krejci 12' Driving Floating Jump Shot (2 PTS) (Okongwu 3 AST)
",1,1,0,0,2025-03-22,0022401025,0,0,GSW,2,0,14,08:26,Off Arc 3 Make,0,Krejci 12' Driving Floating Jump Shot (2 PTS) (Okongwu 3 AST),,ATL,GSW,ATL,1610612737,2025,934.0,946.0,940.0,1627777|1630168|1630249|1630700|1642258,202710|203110|1627780|1630541|1642366,2024-25,209,0.22608695652173913
128169,07:39,"Payton II S.FOUL (P1.T1) (R.Hussey)
Niang Free Throw 1 of 2 (3 PTS)
MISS Niang Free Throw 2 of 2
Green REBOUND (Off:0 Def:2)
",0,0,0,0,2025-03-22,0022401025,0,0,GSW,2,1,16,07:54,Off Arc 3 Miss,0,Green REBOUND (Off:0 Def:2),,ATL,GSW,ATL,1610612737,2025,966.0,981.0,973.5,1627777|1630168|1630249|1630700|1642258,202710|203110|1627780|1630541|1642366,2024-25,213,0.2894736842105263
128168,07:39,"Payton II S.FOUL (P1.T1) (R.Hussey)
Niang Free Throw 1 of 2 (3 PTS)
MISS Niang Free Throw 2 of 2
Green REBOUND (Off:0 Def:2)
",0,0,0,0,2025-03-22,0022401025,0,0,GSW,2,1,16,07:54,Off Arc 3 Miss,0,MISS Niang Free Throw 2 of 2,,ATL,GSW,ATL,1610612737,2025,966.0,981.0,973.5,1627777|1630168|1630249|1630700|1642258,202710|203110|1627780|1630541|1642366,2024-25,222,0.3181818181818182
128167,07:39,"Payton II S.FOUL (P1.T1) (R.Hussey)
Niang Free Throw 1 of 2 (3 PTS)
MISS Niang Free Throw 2 of 2
Green REBOUND (Off:0 Def:2)
",0,0,0,0,2025-03-22,0022401025,0,0,GSW,2,1,16,07:54,Off Arc 3 Miss,0,Niang Free Throw 1 of 2 (3 PTS),,ATL,GSW,ATL,1610612737,2025,966.0,981.0,973.5,1627777|1630168|1630249|1630700|1642258,202710|203110|1627780|1630541|1642366,2024-25,217,0.379746835443038
128166,07:39,"Payton II S.FOUL (P1.T1) (R.Hussey)
Niang Free Throw 1 of 2 (3 PTS)
MISS Niang Free Throw 2 of 2
Green REBOUND (Off:0 Def:2)
",0,0,0,0,2025-03-22,0022401025,0,0,GSW,2,1,16,07:54,Off Arc 3 Miss,0,Payton II S.FOUL (P1.T1) (R.Hussey),,ATL,GSW,ATL,1610612737,2025,966.0,981.0,973.5,1627777|1630168|1630249|1630700|1642258,202710|203110|1627780|1630541|1642366,2024-25,204,0.11320754716981132
128165,07:19,"MISS Niang 3PT Jump Shot
Green REBOUND (Off:0 Def:3)
",0,0,1,0,2025-03-22,0022401025,0,0,GSW,2,0,15,07:33,Off At Rim Make,0,Green REBOUND (Off:0 Def:3),,ATL,GSW,ATL,1610612737,2025,987.0,1001.0,994.0,1627777|1630168|1630249|1630700|1642258,203110|1630228|1630541|1641764|1642366,2024-25,208,0.31746031746031744
128163,06:58,"Okongwu 5' Driving Hook Shot (12 PTS) (Daniels 4 AST)
",1,1,0,0,2025-03-22,0022401025,0,0,GSW,2,0,12,07:15,Off Timeout,0,Okongwu 5' Driving Hook Shot (12 PTS) (Daniels 4 AST),,ATL,GSW,ATL,1610612737,2025,1005.0,1022.0,1013.5,1627777|1630168|1630249|1630700|1642258,203110|1627741|1630228|1630541|1641764,2024-25,235,0.6407766990291263
128183,00:47,"MISS LeVert 26' 3PT Jump Shot
Barlow REBOUND (Off:3 Def:1)
LeVert 24' 3PT Pullup Jump Shot (10 PTS) (Barlow 1 AST)
",0,0,2,1,2025-03-22,0022401025,0,1,GSW,3,0,14,01:18,Off At Rim Make,0,LeVert 24' 3PT Pullup Jump Shot (10 PTS) (Barlow 1 AST),,ATL,GSW,ATL,1610612737,2025,2082.0,2113.0,2097.5,1627747|1627777|1629027|1629611|1631230,202710|1627741|1627780|1630228|1631218,2024-25,453,0.3023255813953488
128141,00:55,"MISS Young 6' Driving Layup
Okongwu REBOUND (Off:1 Def:4)
Young 3' Driving Floating Jump Shot (12 PTS) (Okongwu 5 AST)
",2,1,0,0,2025-03-22,0022401025,0,1,GSW,2,0,11,01:15,Off FT Make,0,MISS Young 6' Driving Layup,,ATL,GSW,ATL,1610612737,2025,1365.0,1385.0,1375.0,1627747|1629027|1630168|1630700|1642258,202710|203110|1630228|1630541|1641764,2024-25,302,0.2807017543859649
128175,10:31,"Mann 3PT Running Jump Shot (5 PTS) (Krejci 1 AST)
",0,0,1,1,2025-03-22,0022401025,0,0,GSW,2,0,13,10:36,Off Corner 3 Miss,0,Mann 3PT Running Jump Shot (5 PTS) (Krejci 1 AST),,ATL,GSW,ATL,1610612737,2025,804.0,809.0,806.5,1629027|1629611|1630249|1631230|1631243,202710|203110|1627780|1630541|1642366,2024-25,183,0.16901408450704225
128153,03:08,"MISS Risacher 1' Running Layup
Daniels REBOUND (Off:1 Def:6)
Daniels Tip Dunk Shot (9 PTS)
",2,1,0,0,2025-03-22,0022401025,0,1,GSW,2,0,15,03:16,Off Steal,0,Daniels Tip Dunk Shot (9 PTS),,ATL,GSW,ATL,1610612737,2025,1244.0,1252.0,1248.0,1627747|1629027|1630168|1630700|1642258,202710|1627741|1630228|1641764|1642366,2024-25,276,0.42424242424242425
128185,01:35,"MISS Young 3' Driving Layup: Jackson-Davis BLOCK (1 BLK)
Butler III REBOUND (Off:0 Def:3)
",1,0,0,0,2025-03-22,0022401025,0,0,GSW,3,0,16,02:00,Off Arc 3 Make,0,Butler III REBOUND (Off:0 Def:3),,ATL,GSW,ATL,1610612737,2025,2040.0,2065.0,2052.5,1627747|1627777|1629027|1629611|1631230,202710|1627741|1627780|1630228|1631218,2024-25,481,0.2916666666666667
128159,05:31,"MISS Krejci 25' 3PT Jump Shot
Podziemski REBOUND (Off:1 Def:2)
",0,0,1,0,2025-03-22,0022401025,0,0,GSW,2,0,14,05:45,Off Corner 3 Miss,0,MISS Krejci 25' 3PT Jump Shot,,ATL,GSW,ATL,1610612737,2025,1095.0,1109.0,1102.0,1627777|1630168|1630249|1630700|1642258,203110|1627741|1630228|1630541|1641764,2024-25,246,0.21739130434782608
128158,05:09,"Niang 1' Driving Layup (5 PTS) (Okongwu 4 AST)
",1,1,0,0,2025-03-22,0022401025,0,0,GSW,2,0,11,05:24,Off Corner 3 Make,0,Niang 1' Driving Layup (5 PTS) (Okongwu 4 AST),,ATL,GSW,ATL,1610612737,2025,1116.0,1131.0,1123.5,1627777|1630168|1630249|1630700|1642258,203110|1627741|1630228|1630541|1641764,2024-25,250,0.25316455696202533
128157,04:50,"MISS Risacher 25' 3PT Jump Shot
Moody REBOUND (Off:0 Def:1)
",0,0,1,0,2025-03-22,0022401025,0,0,GSW,2,0,13,04:56,Off Corner 3 Miss,0,Moody REBOUND (Off:0 Def:1),,ATL,GSW,ATL,1610612737,2025,1144.0,1150.0,1147.0,1627777|1630168|1630249|1630700|1642258,203110|1627741|1630228|1630541|1641764,2024-25,268,0.7796610169491526
128156,04:50,"MISS Risacher 25' 3PT Jump Shot
Moody REBOUND (Off:0 Def:1)
",0,0,1,0,2025-03-22,0022401025,0,0,GSW,2,0,13,04:56,Off Corner 3 Miss,0,MISS Risacher 25' 3PT Jump Shot,,ATL,GSW,ATL,1610612737,2025,1144.0,1150.0,1147.0,1627777|1630168|1630249|1630700|1642258,203110|1627741|1630228|1630541|1641764,2024-25,254,0.16666666666666666
128160,05:31,"MISS Krejci 25' 3PT Jump Shot
Podziemski REBOUND (Off:1 Def:2)
",0,0,1,0,2025-03-22,0022401025,0,0,GSW,2,0,14,05:45,Off Corner 3 Miss,0,Podziemski REBOUND (Off:1 Def:2),,ATL,GSW,ATL,1610612737,2025,1095.0,1109.0,1102.0,1627777|1630168|1630249|1630700|1642258,203110|1627741|1630228|1630541|1641764,2024-25,239,0.20588235294117646
128155,04:18,"Young 7' Driving Finger Roll Layup (10 PTS)
",1,1,0,0,2025-03-22,0022401025,0,0,GSW,2,0,13,04:25,Off Long Mid-Range Miss,0,Young 7' Driving Finger Roll Layup (10 PTS),,ATL,GSW,ATL,1610612737,2025,1175.0,1182.0,1178.5,1627747|1629027|1630168|1630700|1642258,202710|1627741|1630228|1641764|1642366,2024-25,268,0.24
128154,03:37,"LeVert 16' Pullup Jump Shot (6 PTS) (Young 5 AST)
",1,1,0,0,2025-03-22,0022401025,0,0,GSW,2,0,13,03:54,Off Short Mid-Range Make,0,LeVert 16' Pullup Jump Shot (6 PTS) (Young 5 AST),,ATL,GSW,ATL,1610612737,2025,1206.0,1223.0,1214.5,1627747|1629027|1630168|1630700|1642258,202710|1627741|1630228|1641764|1642366,2024-25,270,0.057971014492753624
128148,02:30,"Okongwu 1' Running Layup (16 PTS) (Daniels 5 AST)
",1,1,0,0,2025-03-22,0022401025,0,0,GSW,2,0,17,02:35,Off At Rim Miss,0,Okongwu 1' Running Layup (16 PTS) (Daniels 5 AST),,ATL,GSW,ATL,1610612737,2025,1285.0,1290.0,1287.5,1627747|1629027|1630168|1630700|1642258,202710|1627741|1630228|1641764|1642366,2024-25,283,0.37037037037037035
128152,03:08,"MISS Risacher 1' Running Layup
Daniels REBOUND (Off:1 Def:6)
Daniels Tip Dunk Shot (9 PTS)
",2,1,0,0,2025-03-22,0022401025,0,1,GSW,2,0,15,03:16,Off Steal,0,Daniels REBOUND (Off:1 Def:6),,ATL,GSW,ATL,1610612737,2025,1244.0,1252.0,1248.0,1627747|1629027|1630168|1630700|1642258,202710|1627741|1630228|1641764|1642366,2024-25,275,0.24242424242424243
128151,03:08,"MISS Risacher 1' Running Layup
Daniels REBOUND (Off:1 Def:6)
Daniels Tip Dunk Shot (9 PTS)
",2,1,0,0,2025-03-22,0022401025,0,1,GSW,2,0,15,03:16,Off Steal,0,MISS Risacher 1' Running Layup,,ATL,GSW,ATL,1610612737,2025,1244.0,1252.0,1248.0,1627747|1629027|1630168|1630700|1642258,202710|1627741|1630228|1641764|1642366,2024-25,274,0.2608695652173913
128150,02:43,"MISS Daniels 1' Reverse Layup
Hield REBOUND (Off:0 Def:1)
",1,0,0,0,2025-03-22,0022401025,0,0,GSW,2,0,17,02:54,Off Arc 3 Miss,0,Hield REBOUND (Off:0 Def:1),,ATL,GSW,ATL,1610612737,2025,1266.0,1277.0,1271.5,1627747|1629027|1630168|1630700|1642258,202710|1627741|1630228|1641764|1642366,2024-25,278,0.7796610169491526
128149,02:43,"MISS Daniels 1' Reverse Layup
Hield REBOUND (Off:0 Def:1)
",1,0,0,0,2025-03-22,0022401025,0,0,GSW,2,0,17,02:54,Off Arc 3 Miss,0,MISS Daniels 1' Reverse Layup,,ATL,GSW,ATL,1610612737,2025,1266.0,1277.0,1271.5,1627747|1629027|1630168|1630700|1642258,202710|1627741|1630228|1641764|1642366,2024-25,279,0.2857142857142857
128147,01:57,"MISS Okongwu 13' Driving Floating Jump Shot: Post BLOCK (1 BLK)
Post REBOUND (Off:0 Def:3)
",1,0,0,0,2025-03-22,0022401025,0,0,GSW,2,0,16,02:17,Off Corner 3 Make,0,Post REBOUND (Off:0 Def:3),,ATL,GSW,ATL,1610612737,2025,1303.0,1323.0,1313.0,1627747|1629027|1630168|1630700|1642258,202710|1627741|1630228|1641764|1642366,2024-25,284,0.7241379310344828
128146,01:57,"MISS Okongwu 13' Driving Floating Jump Shot: Post BLOCK (1 BLK)
Post REBOUND (Off:0 Def:3)
",1,0,0,0,2025-03-22,0022401025,0,0,GSW,2,0,16,02:17,Off Corner 3 Make,0,MISS Okongwu 13' Driving Floating Jump Shot: Post BLOCK (1 BLK),,ATL,GSW,ATL,1610612737,2025,1303.0,1323.0,1313.0,1627747|1629027|1630168|1630700|1642258,202710|1627741|1630228|1641764|1642366,2024-25,287,0.3103448275862069
128145,01:23,"MISS Okongwu 24' 3PT Jump Shot
Podziemski REBOUND (Off:1 Def:3)
",0,0,1,0,2025-03-22,0022401025,0,0,GSW,2,0,13,01:52,Off Corner 3 Make,0,Podziemski REBOUND (Off:1 Def:3),,ATL,GSW,ATL,1610612737,2025,1328.0,1357.0,1342.5,1627747|1629027|1630168|1630700|1642258,202710|1627741|1630228|1641764|1642366,2024-25,301,0.2857142857142857
128144,01:23,"MISS Okongwu 24' 3PT Jump Shot
Podziemski REBOUND (Off:1 Def:3)
",0,0,1,0,2025-03-22,0022401025,0,0,GSW,2,0,13,01:52,Off Corner 3 Make,0,MISS Okongwu 24' 3PT Jump Shot,,ATL,GSW,ATL,1610612737,2025,1328.0,1357.0,1342.5,1627747|1629027|1630168|1630700|1642258,202710|1627741|1630228|1641764|1642366,2024-25,292,0.2903225806451613
128161,06:04,"Daniels Bad Pass Turnover (P1.T3): Hield STEAL (1 STL)
",0,0,0,0,2025-03-22,0022401025,0,0,GSW,2,0,14,06:07,Off At Rim Miss,1,Daniels Bad Pass Turnover (P1.T3): Hield STEAL (1 STL),,ATL,GSW,ATL,1610612737,2025,1073.0,1076.0,1074.5,1627777|1630168|1630249|1630700|1642258,203110|1627741|1630228|1630541|1641764,2024-25,242,0.18461538461538463
128143,00:55,"MISS Young 6' Driving Layup
Okongwu REBOUND (Off:1 Def:4)
Young 3' Driving Floating Jump Shot (12 PTS) (Okongwu 5 AST)
",2,1,0,0,2025-03-22,0022401025,0,1,GSW,2,0,11,01:15,Off FT Make,0,Young 3' Driving Floating Jump Shot (12 PTS) (Okongwu 5 AST),,ATL,GSW,ATL,1610612737,2025,1365.0,1385.0,1375.0,1627747|1629027|1630168|1630700|1642258,202710|203110|1630228|1630541|1641764,2024-25,304,0.1782178217821782
128162,06:21,"Okongwu 1' Driving Layup (14 PTS) (Krejci 3 AST)
",1,1,0,0,2025-03-22,0022401025,0,0,GSW,2,0,12,06:34,Off Long Mid-Range Make,0,Okongwu 1' Driving Layup (14 PTS) (Krejci 3 AST),,ATL,GSW,ATL,1610612737,2025,1046.0,1059.0,1052.5,1627777|1630168|1630249|1630700|1642258,203110|1627741|1630228|1630541|1641764,2024-25,238,0.35714285714285715
128126,09:37,"Young 21' Driving Floating Jump Shot (2 PTS)
Podziemski S.FOUL (P1.T2) (R.Hussey)
Young Free Throw 1 of 1 (3 PTS)
",1,1,0,0,2025-03-22,0022401025,0,0,GSW,1,1,0,09:43,Off Arc 3 Make,0,Young 21' Driving Floating Jump Shot (2 PTS),,ATL,GSW,ATL,1610612737,2025,137.0,143.0,140.0,1629027|1630168|1630700|1631243|1642258,202710|203110|1630541|1641764|1642366,2024-25,28,0.375
128164,07:19,"MISS Niang 3PT Jump Shot
Green REBOUND (Off:0 Def:3)
",0,0,1,0,2025-03-22,0022401025,0,0,GSW,2,0,15,07:33,Off At Rim Make,0,MISS Niang 3PT Jump Shot,,ATL,GSW,ATL,1610612737,2025,987.0,1001.0,994.0,1627777|1630168|1630249|1630700|1642258,203110|1630228|1630541|1641764|1642366,2024-25,226,0.21428571428571427
128114,05:34,"Risacher Driving Layup (8 PTS) (Okongwu 2 AST)
",1,1,0,0,2025-03-22,0022401025,0,0,GSW,1,0,8,05:47,Off Arc 3 Miss,0,Risacher Driving Layup (8 PTS) (Okongwu 2 AST),,ATL,GSW,ATL,1610612737,2025,373.0,386.0,379.5,1627747|1630168|1630700|1631243|1642258,203110|1630228|1630541|1641764|1642366,2024-25,74,0.3
128137,11:33,"MISS Gueye 3PT Jump Shot
Podziemski REBOUND (Off:0 Def:1)
",0,0,1,0,2025-03-22,0022401025,0,0,GSW,1,0,0,12:00,Off Dead Ball,0,Podziemski REBOUND (Off:0 Def:1),,ATL,GSW,ATL,1610612737,2025,0.0,27.0,13.5,1629027|1630168|1630700|1631243|1642258,202710|203110|1630541|1641764|1642366,2024-25,8,0.35714285714285715
128136,11:33,"MISS Gueye 3PT Jump Shot
Podziemski REBOUND (Off:0 Def:1)
",0,0,1,0,2025-03-22,0022401025,0,0,GSW,1,0,0,12:00,Off Dead Ball,0,MISS Gueye 3PT Jump Shot,,ATL,GSW,ATL,1610612737,2025,0.0,27.0,13.5,1629027|1630168|1630700|1631243|1642258,202710|203110|1630541|1641764|1642366,2024-25,7,0.24324324324324326
128135,11:17,"Daniels 24' 3PT Jump Shot (3 PTS) (Okongwu 1 AST)
",0,0,1,1,2025-03-22,0022401025,0,0,GSW,1,0,-3,11:28,Off Arc 3 Make,0,Daniels 24' 3PT Jump Shot (3 PTS) (Okongwu 1 AST),,ATL,GSW,ATL,1610612737,2025,32.0,43.0,37.5,1629027|1630168|1630700|1631243|1642258,202710|203110|1630541|1641764|1642366,2024-25,11,0.3902439024390244
128134,10:43,"Risacher 1' Running Layup (2 PTS) (Young 1 AST)
Post S.FOUL (P1.T1) (R.Hussey)
Risacher Free Throw 1 of 1 (3 PTS)
",1,1,0,0,2025-03-22,0022401025,0,0,GSW,1,1,0,10:47,Off Arc 3 Miss,0,Risacher Free Throw 1 of 1 (3 PTS),,ATL,GSW,ATL,1610612737,2025,73.0,77.0,75.0,1629027|1630168|1630700|1631243|1642258,202710|203110|1630541|1641764|1642366,2024-25,19,0.6567164179104478
128133,10:43,"Risacher 1' Running Layup (2 PTS) (Young 1 AST)
Post S.FOUL (P1.T1) (R.Hussey)
Risacher Free Throw 1 of 1 (3 PTS)
",1,1,0,0,2025-03-22,0022401025,0,0,GSW,1,1,0,10:47,Off Arc 3 Miss,0,Post S.FOUL (P1.T1) (R.Hussey),,ATL,GSW,ATL,1610612737,2025,73.0,77.0,75.0,1629027|1630168|1630700|1631243|1642258,202710|203110|1630541|1641764|1642366,2024-25,18,0.37362637362637363
128132,10:43,"Risacher 1' Running Layup (2 PTS) (Young 1 AST)
Post S.FOUL (P1.T1) (R.Hussey)
Risacher Free Throw 1 of 1 (3 PTS)
",1,1,0,0,2025-03-22,0022401025,0,0,GSW,1,1,0,10:47,Off Arc 3 Miss,0,Risacher 1' Running Layup (2 PTS) (Young 1 AST),,ATL,GSW,ATL,1610612737,2025,73.0,77.0,75.0,1629027|1630168|1630700|1631243|1642258,202710|203110|1630541|1641764|1642366,2024-25,15,0.2564102564102564
128131,10:03,"MISS Okongwu 11' Driving Floating Jump Shot
Gueye REBOUND (Off:1 Def:0)
Gueye 1' Driving Dunk (2 PTS) (Daniels 1 AST)
",2,1,0,0,2025-03-22,0022401025,0,1,GSW,1,0,1,10:33,Off Short Mid-Range Make,0,Gueye 1' Driving Dunk (2 PTS) (Daniels 1 AST),,ATL,GSW,ATL,1610612737,2025,87.0,117.0,102.0,1629027|1630168|1630700|1631243|1642258,202710|203110|1630541|1641764|1642366,2024-25,20,0.6595744680851063
128129,10:03,"MISS Okongwu 11' Driving Floating Jump Shot
Gueye REBOUND (Off:1 Def:0)
Gueye 1' Driving Dunk (2 PTS) (Daniels 1 AST)
",2,1,0,0,2025-03-22,0022401025,0,1,GSW,1,0,1,10:33,Off Short Mid-Range Make,0,MISS Okongwu 11' Driving Floating Jump Shot,,ATL,GSW,ATL,1610612737,2025,87.0,117.0,102.0,1629027|1630168|1630700|1631243|1642258,202710|203110|1630541|1641764|1642366,2024-25,22,0.6590909090909091
128128,09:37,"Young 21' Driving Floating Jump Shot (2 PTS)
Podziemski S.FOUL (P1.T2) (R.Hussey)
Young Free Throw 1 of 1 (3 PTS)
",1,1,0,0,2025-03-22,0022401025,0,0,GSW,1,1,0,09:43,Off Arc 3 Make,0,Young Free Throw 1 of 1 (3 PTS),,ATL,GSW,ATL,1610612737,2025,137.0,143.0,140.0,1629027|1630168|1630700|1631243|1642258,202710|203110|1630541|1641764|1642366,2024-25,31,0.2682926829268293
128127,09:37,"Young 21' Driving Floating Jump Shot (2 PTS)
Podziemski S.FOUL (P1.T2) (R.Hussey)
Young Free Throw 1 of 1 (3 PTS)
",1,1,0,0,2025-03-22,0022401025,0,0,GSW,1,1,0,09:43,Off Arc 3 Make,0,Podziemski S.FOUL (P1.T2) (R.Hussey),,ATL,GSW,ATL,1610612737,2025,137.0,143.0,140.0,1629027|1630168|1630700|1631243|1642258,202710|203110|1630541|1641764|1642366,2024-25,31,0.3448275862068966
128125,09:14,"Risacher 25' 3PT Running Jump Shot (6 PTS) (Young 2 AST)
",0,0,1,1,2025-03-22,0022401025,0,0,GSW,1,0,3,09:19,Off Arc 3 Miss,0,Risacher 25' 3PT Running Jump Shot (6 PTS) (Young 2 AST),,ATL,GSW,ATL,1610612737,2025,161.0,166.0,163.5,1629027|1630168|1630700|1631243|1642258,202710|203110|1630541|1641764|1642366,2024-25,34,0.532258064516129
128124,08:29,"Okongwu 24' 3PT Jump Shot (3 PTS) (Young 3 AST)
",0,0,1,1,2025-03-22,0022401025,0,0,GSW,1,0,4,08:42,Off At Rim Make,0,Okongwu 24' 3PT Jump Shot (3 PTS) (Young 3 AST),,ATL,GSW,ATL,1610612737,2025,198.0,211.0,204.5,1629027|1630168|1630700|1631243|1642258,202710|203110|1630541|1641764|1642366,2024-25,40,0.32098765432098764
128123,08:08,"Young 8' Driving Floating Jump Shot (5 PTS) (Daniels 2 AST)
",1,1,0,0,2025-03-22,0022401025,0,0,GSW,1,0,5,08:18,Off At Rim Make,0,Young 8' Driving Floating Jump Shot (5 PTS) (Daniels 2 AST),,ATL,GSW,ATL,1610612737,2025,222.0,232.0,227.0,1629027|1630168|1630700|1631243|1642258,202710|203110|1630541|1641764|1642366,2024-25,44,0.9354838709677419
128122,07:49,"MISS Gueye 2' Layup
Post REBOUND (Off:0 Def:1)
",1,0,0,0,2025-03-22,0022401025,0,0,GSW,1,0,5,08:00,Off FT Make,0,Post REBOUND (Off:0 Def:1),,ATL,GSW,ATL,1610612737,2025,240.0,251.0,245.5,1629027|1630168|1630700|1631243|1642258,202710|203110|1630541|1641764|1642366,2024-25,52,0.11764705882352941
128121,07:49,"MISS Gueye 2' Layup
Post REBOUND (Off:0 Def:1)
",1,0,0,0,2025-03-22,0022401025,0,0,GSW,1,0,5,08:00,Off FT Make,0,MISS Gueye 2' Layup,,ATL,GSW,ATL,1610612737,2025,240.0,251.0,245.5,1629027|1630168|1630700|1631243|1642258,202710|203110|1630541|1641764|1642366,2024-25,50,0.8421052631578947
128120,07:16,"MISS Daniels 25' 3PT Jump Shot
Butler III REBOUND (Off:0 Def:1)
",0,0,1,0,2025-03-22,0022401025,0,0,GSW,1,0,3,07:30,Off Short Mid-Range Make,0,Butler III REBOUND (Off:0 Def:1),,ATL,GSW,ATL,1610612737,2025,270.0,284.0,277.0,1629027|1630168|1630700|1631243|1642258,202710|203110|1630541|1641764|1642366,2024-25,46,0.25
128119,07:16,"MISS Daniels 25' 3PT Jump Shot
Butler III REBOUND (Off:0 Def:1)
",0,0,1,0,2025-03-22,0022401025,0,0,GSW,1,0,3,07:30,Off Short Mid-Range Make,0,MISS Daniels 25' 3PT Jump Shot,,ATL,GSW,ATL,1610612737,2025,270.0,284.0,277.0,1629027|1630168|1630700|1631243|1642258,202710|203110|1630541|1641764|1642366,2024-25,53,0.16666666666666666
128139,00:02,"MISS LeVert 28' 3PT Pullup Jump Shot
Podziemski REBOUND (Off:1 Def:4)
",0,0,1,0,2025-03-22,0022401025,0,0,GSW,2,0,12,00:26,Off Arc 3 Miss,0,Podziemski REBOUND (Off:1 Def:4),,ATL,GSW,ATL,1610612737,2025,1414.0,1438.0,1426.0,1627747|1629027|1630168|1630700|1642258,202710|203110|1630228|1630541|1641764,2024-25,320,0.24242424242424243
128117,06:33,"Daniels 1' Running Layup (5 PTS)
",1,1,0,0,2025-03-22,0022401025,0,0,GSW,1,0,6,06:37,Off Steal,0,Daniels 1' Running Layup (5 PTS),,ATL,GSW,ATL,1610612737,2025,323.0,327.0,325.0,1629027|1630168|1630700|1631243|1642258,203110|1630228|1630541|1641764|1642366,2024-25,63,0.5294117647058824
128138,00:02,"MISS LeVert 28' 3PT Pullup Jump Shot
Podziemski REBOUND (Off:1 Def:4)
",0,0,1,0,2025-03-22,0022401025,0,0,GSW,2,0,12,00:26,Off Arc 3 Miss,0,MISS LeVert 28' 3PT Pullup Jump Shot,,ATL,GSW,ATL,1610612737,2025,1414.0,1438.0,1426.0,1627747|1629027|1630168|1630700|1642258,202710|203110|1630228|1630541|1641764,2024-25,312,0.2
128118,06:56,"Young 25' 3PT Pullup Jump Shot (8 PTS)
",0,0,1,1,2025-03-22,0022401025,0,0,GSW,1,0,3,07:07,Off Dead Ball,0,Young 25' 3PT Pullup Jump Shot (8 PTS),,ATL,GSW,ATL,1610612737,2025,293.0,304.0,298.5,1629027|1630168|1630700|1631243|1642258,203110|1630228|1630541|1641764|1642366,2024-25,60,0.4772727272727273
128130,10:03,"MISS Okongwu 11' Driving Floating Jump Shot
Gueye REBOUND (Off:1 Def:0)
Gueye 1' Driving Dunk (2 PTS) (Daniels 1 AST)
",2,1,0,0,2025-03-22,0022401025,0,1,GSW,1,0,1,10:33,Off Short Mid-Range Make,0,Gueye REBOUND (Off:1 Def:0),,ATL,GSW,ATL,1610612737,2025,87.0,117.0,102.0,1629027|1630168|1630700|1631243|1642258,202710|203110|1630541|1641764|1642366,2024-25,23,0.7368421052631579
128112,04:27,"Green L.B.FOUL (P1.T3) (T.Brothers)
Mann OFF.Foul (P1) (T.Brothers)
Mann Offensive Foul Turnover (P1.T1)
",0,0,0,0,2025-03-22,0022401025,0,0,GSW,1,0,12,04:44,Off Dead Ball,1,Mann Offensive Foul Turnover (P1.T1),,ATL,GSW,ATL,1610612737,2025,436.0,453.0,444.5,1627747|1627777|1629611|1630700|1631230,1626172|1627741|1630228|1630611|1641764,2024-25,104,0.18947368421052632
128113,05:11,"Okongwu 7' Driving Hook Shot (5 PTS) (LeVert 1 AST)
",1,1,0,0,2025-03-22,0022401025,0,0,GSW,1,0,10,05:21,Off At Rim Block,0,Okongwu 7' Driving Hook Shot (5 PTS) (LeVert 1 AST),,ATL,GSW,ATL,1610612737,2025,399.0,409.0,404.0,1627747|1630168|1630700|1631243|1642258,203110|1630228|1630541|1641764|1642366,2024-25,79,0.2
128116,06:00,"MISS Risacher 25' 3PT Running Jump Shot
Green REBOUND (Off:0 Def:1)
",0,0,1,0,2025-03-22,0022401025,0,0,GSW,1,0,8,06:09,Off Arc 3 Miss,0,Green REBOUND (Off:0 Def:1),,ATL,GSW,ATL,1610612737,2025,351.0,360.0,355.5,1627747|1630168|1630700|1631243|1642258,203110|1630228|1630541|1641764|1642366,2024-25,69,0.3076923076923077
128111,04:27,"Green L.B.FOUL (P1.T3) (T.Brothers)
Mann OFF.Foul (P1) (T.Brothers)
Mann Offensive Foul Turnover (P1.T1)
",0,0,0,0,2025-03-22,0022401025,0,0,GSW,1,0,12,04:44,Off Dead Ball,1,Mann OFF.Foul (P1) (T.Brothers),,ATL,GSW,ATL,1610612737,2025,436.0,453.0,444.5,1627747|1627777|1629611|1630700|1631230,1626172|1627741|1630228|1630611|1641764,2024-25,102,0.3137254901960784
128109,04:03,"Niang 16' Pullup Jump Shot (2 PTS) (LeVert 2 AST)
",1,1,0,0,2025-03-22,0022401025,0,0,GSW,1,0,12,04:12,Off Arc 3 Miss,0,Niang 16' Pullup Jump Shot (2 PTS) (LeVert 2 AST),,ATL,GSW,ATL,1610612737,2025,468.0,477.0,472.5,1627747|1627777|1629611|1630700|1631230,1626172|1627741|1630228|1630611|1641764,2024-25,107,0.24096385542168675
128108,03:44,"Daniels 8' Driving Floating Jump Shot (7 PTS)
",1,1,0,0,2025-03-22,0022401025,0,0,GSW,1,0,12,03:51,Off At Rim Make,0,Daniels 8' Driving Floating Jump Shot (7 PTS),,ATL,GSW,ATL,1610612737,2025,489.0,496.0,492.5,1627747|1627777|1629611|1630700|1631230,1626172|1627741|1630228|1630611|1641764,2024-25,110,0.15789473684210525
128107,03:14,"Barlow 13' Jump Shot (2 PTS) (LeVert 3 AST)
",1,1,0,0,2025-03-22,0022401025,0,0,GSW,1,0,14,03:23,Off Long Mid-Range Miss,0,Barlow 13' Jump Shot (2 PTS) (LeVert 3 AST),,ATL,GSW,ATL,1610612737,2025,517.0,526.0,521.5,1627747|1627777|1629611|1630700|1631230,1626172|1627741|1630228|1630611|1641764,2024-25,114,0.2077922077922078
128105,02:10,"Mann 1' Running Layup (2 PTS) (Young 4 AST)
",1,1,0,0,2025-03-22,0022401025,0,0,GSW,1,0,18,02:15,Off Long Mid-Range Miss,0,Mann 1' Running Layup (2 PTS) (Young 4 AST),,ATL,GSW,ATL,1610612737,2025,585.0,590.0,587.5,1627747|1627777|1629027|1629611|1631230,202710|1626172|1627741|1627780|1630228,2024-25,131,0.14814814814814814
128104,01:38,"MISS LeVert 24' 3PT Jump Shot
Payton II REBOUND (Off:0 Def:1)
",0,0,1,0,2025-03-22,0022401025,0,0,GSW,1,0,17,01:56,Off Corner 3 Make,0,Payton II REBOUND (Off:0 Def:1),,ATL,GSW,ATL,1610612737,2025,604.0,622.0,613.0,1627747|1627777|1629027|1629611|1631230,202710|1626172|1627741|1627780|1630228,2024-25,124,0.7301587301587301
128103,01:38,"MISS LeVert 24' 3PT Jump Shot
Payton II REBOUND (Off:0 Def:1)
",0,0,1,0,2025-03-22,0022401025,0,0,GSW,1,0,17,01:56,Off Corner 3 Make,0,MISS LeVert 24' 3PT Jump Shot,,ATL,GSW,ATL,1610612737,2025,604.0,622.0,613.0,1627747|1627777|1629027|1629611|1631230,202710|1626172|1627741|1627780|1630228,2024-25,135,0.1702127659574468
128102,00:45,"MISS Barlow 2' Driving Layup
Barlow REBOUND (Off:1 Def:1)
MISS Barlow Tip Layup Shot
Payton II REBOUND (Off:0 Def:2)
",2,0,0,0,2025-03-22,0022401025,0,1,GSW,1,0,17,01:13,Off Dead Ball,0,Payton II REBOUND (Off:0 Def:2),,ATL,GSW,ATL,1610612737,2025,647.0,675.0,661.0,1627747|1627777|1629027|1629611|1631230,202710|1626172|1627741|1627780|1630228,2024-25,143,0.7419354838709677
128106,02:37,"LeVert 10' Driving Floating Bank Jump Shot (2 PTS) (Daniels 3 AST)
",1,1,0,0,2025-03-22,0022401025,0,0,GSW,1,0,16,02:44,Off At Rim Miss,0,LeVert 10' Driving Floating Bank Jump Shot (2 PTS) (Daniels 3 AST),,ATL,GSW,ATL,1610612737,2025,556.0,563.0,559.5,1627747|1627777|1629611|1630700|1631230,1626172|1627741|1630228|1630611|1641764,2024-25,120,0.19047619047619047
128115,06:00,"MISS Risacher 25' 3PT Running Jump Shot
Green REBOUND (Off:0 Def:1)
",0,0,1,0,2025-03-22,0022401025,0,0,GSW,1,0,8,06:09,Off Arc 3 Miss,0,MISS Risacher 25' 3PT Running Jump Shot,,ATL,GSW,ATL,1610612737,2025,351.0,360.0,355.5,1627747|1630168|1630700|1631243|1642258,203110|1630228|1630541|1641764|1642366,2024-25,70,0.21428571428571427
128100,00:45,"MISS Barlow 2' Driving Layup
Barlow REBOUND (Off:1 Def:1)
MISS Barlow Tip Layup Shot
Payton II REBOUND (Off:0 Def:2)
",2,0,0,0,2025-03-22,0022401025,0,1,GSW,1,0,17,01:13,Off Dead Ball,0,Barlow REBOUND (Off:1 Def:1),,ATL,GSW,ATL,1610612737,2025,647.0,675.0,661.0,1627747|1627777|1629027|1629611|1631230,202710|1626172|1627741|1627780|1630228,2024-25,143,0.9152542372881356
128099,00:45,"MISS Barlow 2' Driving Layup
Barlow REBOUND (Off:1 Def:1)
MISS Barlow Tip Layup Shot
Payton II REBOUND (Off:0 Def:2)
",2,0,0,0,2025-03-22,0022401025,0,1,GSW,1,0,17,01:13,Off Dead Ball,0,MISS Barlow 2' Driving Layup,,ATL,GSW,ATL,1610612737,2025,647.0,675.0,661.0,1627747|1627777|1629027|1629611|1631230,202710|1626172|1627741|1627780|1630228,2024-25,147,0.2
128098,00:24,"MISS LeVert 25' 3PT Jump Shot
Kuminga REBOUND (Off:0 Def:1)
",0,0,1,0,2025-03-22,0022401025,0,0,GSW,1,0,17,00:30,Off At Rim Miss,0,Kuminga REBOUND (Off:0 Def:1),,ATL,GSW,ATL,1610612737,2025,690.0,696.0,693.0,1627747|1627777|1629027|1629611|1631230,202710|1626172|1627741|1627780|1630228,2024-25,154,0.3235294117647059
128097,00:24,"MISS LeVert 25' 3PT Jump Shot
Kuminga REBOUND (Off:0 Def:1)
",0,0,1,0,2025-03-22,0022401025,0,0,GSW,1,0,17,00:30,Off At Rim Miss,0,MISS LeVert 25' 3PT Jump Shot,,ATL,GSW,ATL,1610612737,2025,690.0,696.0,693.0,1627747|1627777|1629027|1629611|1631230,202710|1626172|1627741|1627780|1630228,2024-25,155,0.16393442622950818
128096,00:00,"LeVert 11' Fadeaway Jumper (4 PTS) (Niang 1 AST)
",1,1,0,0,2025-03-22,0022401025,0,0,GSW,1,0,15,00:17,Off At Rim Make,0,LeVert 11' Fadeaway Jumper (4 PTS) (Niang 1 AST),,ATL,GSW,ATL,1610612737,2025,703.0,720.0,711.5,1627747|1627777|1629027|1629611|1631230,202710|1626172|1627741|1627780|1630228,2024-25,158,0.2857142857142857
128184,01:35,"MISS Young 3' Driving Layup: Jackson-Davis BLOCK (1 BLK)
Butler III REBOUND (Off:0 Def:3)
",1,0,0,0,2025-03-22,0022401025,0,0,GSW,3,0,16,02:00,Off Arc 3 Make,0,MISS Young 3' Driving Layup: Jackson-Davis BLOCK (1 BLK),,ATL,GSW,ATL,1610612737,2025,2040.0,2065.0,2052.5,1627747|1627777|1629027|1629611|1631230,202710|1627741|1627780|1630228|1631218,2024-25,471,0.21621621621621623
128101,00:45,"MISS Barlow 2' Driving Layup
Barlow REBOUND (Off:1 Def:1)
MISS Barlow Tip Layup Shot
Payton II REBOUND (Off:0 Def:2)
",2,0,0,0,2025-03-22,0022401025,0,1,GSW,1,0,17,01:13,Off Dead Ball,0,MISS Barlow Tip Layup Shot,,ATL,GSW,ATL,1610612737,2025,647.0,675.0,661.0,1627747|1627777|1629027|1629611|1631230,202710|1626172|1627741|1627780|1630228,2024-25,149,0.3116883116883117
128140,00:36,"Okongwu 1' Layup (18 PTS) (Young 6 AST)
",1,1,0,0,2025-03-22,0022401025,0,0,GSW,2,0,10,00:44,Off Arc 3 Make,0,Okongwu 1' Layup (18 PTS) (Young 6 AST),,ATL,GSW,ATL,1610612737,2025,1396.0,1404.0,1400.0,1627747|1629027|1630168|1630700|1642258,202710|203110|1630228|1630541|1641764,2024-25,308,0.19672131147540983
128443,08:17,"Council IV P.FOUL (P6.T3) (M.Myers)
Council IV T.FOUL (P6.T3) (M.Myers)
MISS LeVert Free Throw Technical
HAWKS Rebound
Okongwu 1' Driving Layup (13 PTS)
",1,1,0,0,2025-03-23,0022401031,0,0,PHI,4,0,18,08:39,Off Short Mid-Range Miss,0,Council IV P.FOUL (P6.T3) (M.Myers),,ATL,PHI,ATL,1610612737,2025,2361.0,2383.0,2372.0,1627747|1629611|1630168|1630249|1630700,1629643|1629656|1630215|1642024|1642348,2024-25,601,0.38095238095238093
128442,07:42,"MISS LeVert 1' Running Layup
Reese REBOUND (Off:1 Def:2)
",1,0,0,0,2025-03-23,0022401031,0,0,PHI,4,0,20,07:48,Off Corner 3 Miss,0,Reese REBOUND (Off:1 Def:2),,ATL,PHI,ATL,1610612737,2025,2412.0,2418.0,2415.0,1627747|1629611|1630168|1630249|1630700,1629643|1629656|1630215|1642024|1642348,2024-25,583,0.22727272727272727
128441,07:42,"MISS LeVert 1' Running Layup
Reese REBOUND (Off:1 Def:2)
",1,0,0,0,2025-03-23,0022401031,0,0,PHI,4,0,20,07:48,Off Corner 3 Miss,0,MISS LeVert 1' Running Layup,,ATL,PHI,ATL,1610612737,2025,2412.0,2418.0,2415.0,1627747|1629611|1630168|1630249|1630700,1629643|1629656|1630215|1642024|1642348,2024-25,584,0.32
128440,07:26,"Okongwu Bad Pass Turnover (P3.T15): Butler STEAL (2 STL)
",0,0,0,0,2025-03-23,0022401031,0,0,PHI,4,0,18,07:36,Off At Rim Make,1,Okongwu Bad Pass Turnover (P3.T15): Butler STEAL (2 STL),,ATL,PHI,ATL,1610612737,2025,2424.0,2434.0,2429.0,1627747|1629611|1630168|1630249|1630700,1629643|1629656|1630215|1642024|1642348,2024-25,587,0.3956043956043956
128322,00:26,"Council IV P.FOUL (P1.T4) (J.Van Duyne)
MISS Young 21' Step Back Jump Shot
Grimes REBOUND (Off:0 Def:2)
",1,0,0,0,2025-03-23,0022401031,0,0,PHI,2,0,10,00:47,Off Short Mid-Range Make,0,MISS Young 21' Step Back Jump Shot,,ATL,PHI,ATL,1610612737,2025,1393.0,1414.0,1403.5,1627747|1629027|1630168|1630700|1642258,1629643|1629656|1630288|1641741|1642024,2024-25,305,0.8484848484848485
128405,10:32,"Young Bad Pass Turnover (P4.T11)
",0,0,0,0,2025-03-23,0022401031,0,0,PHI,3,0,13,10:50,Off At Rim Make,1,Young Bad Pass Turnover (P4.T11),,ATL,PHI,ATL,1610612737,2025,1510.0,1528.0,1519.0,1629027|1630168|1630700|1631243|1642258,1627824|1629643|1629656|1630288|1642348,2024-25,341,0.13953488372093023
128400,08:38,"Risacher 1' Running Alley Oop Dunk Shot (11 PTS) (Young 8 AST)
",1,1,0,0,2025-03-23,0022401031,0,0,PHI,3,0,11,08:42,Off Steal,0,Risacher 1' Running Alley Oop Dunk Shot (11 PTS) (Young 8 AST),,ATL,PHI,ATL,1610612737,2025,1638.0,1642.0,1640.0,1629027|1630168|1630700|1631243|1642258,1627824|1629643|1629656|1630288|1642348,2024-25,362,0.1518987341772152
128444,08:17,"Council IV P.FOUL (P6.T3) (M.Myers)
Council IV T.FOUL (P6.T3) (M.Myers)
MISS LeVert Free Throw Technical
HAWKS Rebound
Okongwu 1' Driving Layup (13 PTS)
",1,1,0,0,2025-03-23,0022401031,0,0,PHI,4,0,18,08:39,Off Short Mid-Range Miss,0,Council IV T.FOUL (P6.T3) (M.Myers),,ATL,PHI,ATL,1610612737,2025,2361.0,2383.0,2372.0,1627747|1629611|1630168|1630249|1630700,1629643|1629656|1630215|1642024|1642348,2024-25,601,0.38095238095238093
128402,09:24,"Okongwu Bad Pass Turnover (P2.T12): Dowtin Jr. STEAL (2 STL)
",0,0,0,0,2025-03-23,0022401031,0,0,PHI,3,0,10,09:45,Off Corner 3 Make,1,Okongwu Bad Pass Turnover (P2.T12): Dowtin Jr. STEAL (2 STL),,ATL,PHI,ATL,1610612737,2025,1575.0,1596.0,1585.5,1629027|1630168|1630700|1631243|1642258,1627824|1629643|1629656|1630288|1642348,2024-25,399,0.5376344086021505
128445,08:17,"Council IV P.FOUL (P6.T3) (M.Myers)
Council IV T.FOUL (P6.T3) (M.Myers)
MISS LeVert Free Throw Technical
HAWKS Rebound
Okongwu 1' Driving Layup (13 PTS)
",1,1,0,0,2025-03-23,0022401031,0,0,PHI,4,0,18,08:39,Off Short Mid-Range Miss,0,MISS LeVert Free Throw Technical,,ATL,PHI,ATL,1610612737,2025,2361.0,2383.0,2372.0,1627747|1629611|1630168|1630249|1630700,1629643|1629656|1630215|1642024|1642348,2024-25,572,0.21951219512195122
128428,04:55,"Grimes S.FOUL (P1.T4) (J.Goble)
MISS Okongwu Free Throw 1 of 2
HAWKS Rebound
Okongwu Free Throw 2 of 2 (14 PTS)
",0,0,0,0,2025-03-23,0022401031,0,0,PHI,4,1,13,05:16,Off At Rim Make,0,Grimes S.FOUL (P1.T4) (J.Goble),,ATL,PHI,ATL,1610612737,2025,2564.0,2585.0,2574.5,1627747|1627777|1629027|1630168|1630700,1627824|1629643|1629656|1630288|1642348,2024-25,582,0.35294117647058826
128447,08:17,"Council IV P.FOUL (P6.T3) (M.Myers)
Council IV T.FOUL (P6.T3) (M.Myers)
MISS LeVert Free Throw Technical
HAWKS Rebound
Okongwu 1' Driving Layup (13 PTS)
",1,1,0,0,2025-03-23,0022401031,0,0,PHI,4,0,18,08:39,Off Short Mid-Range Miss,0,Okongwu 1' Driving Layup (13 PTS),,ATL,PHI,ATL,1610612737,2025,2361.0,2383.0,2372.0,1627747|1629611|1630168|1630249|1630700,1629643|1629656|1630215|1642024|1642348,2024-25,576,0.4691358024691358
128448,08:55,"MISS Young 35' 3PT Pullup Jump Shot
Okeke REBOUND (Off:4 Def:3)
",0,0,1,0,2025-03-23,0022401031,0,0,PHI,4,0,18,09:18,Off Corner 3 Make,0,MISS Young 35' 3PT Pullup Jump Shot,,ATL,PHI,ATL,1610612737,2025,2322.0,2345.0,2333.5,1627777|1629027|1629611|1630168|1630249,1629643|1630215|1641741|1642024|1642348,2024-25,557,0.33766233766233766
128449,08:55,"MISS Young 35' 3PT Pullup Jump Shot
Okeke REBOUND (Off:4 Def:3)
",0,0,1,0,2025-03-23,0022401031,0,0,PHI,4,0,18,09:18,Off Corner 3 Make,0,Okeke REBOUND (Off:4 Def:3),,ATL,PHI,ATL,1610612737,2025,2322.0,2345.0,2333.5,1627777|1629027|1629611|1630168|1630249,1629643|1630215|1641741|1642024|1642348,2024-25,558,0.7586206896551724
128450,09:30,"Butler P.FOUL (P2.T2) (J.Goble)
Young T.FOUL (P1.T2) (J.Goble)
MISS Council IV Free Throw Technical
HAWKS Rebound
Okongwu 6' Turnaround Bank Hook Shot (11 PTS) (Young 11 AST)
",1,1,0,0,2025-03-23,0022401031,0,0,PHI,4,0,19,09:48,Off FT Make,0,Butler P.FOUL (P2.T2) (J.Goble),,ATL,PHI,ATL,1610612737,2025,2292.0,2310.0,2301.0,1627777|1629027|1629611|1630168|1630249,1629643|1630215|1641741|1642024|1642348,2024-25,554,0.16
128451,09:30,"Butler P.FOUL (P2.T2) (J.Goble)
Young T.FOUL (P1.T2) (J.Goble)
MISS Council IV Free Throw Technical
HAWKS Rebound
Okongwu 6' Turnaround Bank Hook Shot (11 PTS) (Young 11 AST)
",1,1,0,0,2025-03-23,0022401031,0,0,PHI,4,0,19,09:48,Off FT Make,0,Young T.FOUL (P1.T2) (J.Goble),,ATL,PHI,ATL,1610612737,2025,2292.0,2310.0,2301.0,1627777|1629027|1629611|1630168|1630249,1629643|1630215|1641741|1642024|1642348,2024-25,550,0.5161290322580645
128452,09:30,"Butler P.FOUL (P2.T2) (J.Goble)
Young T.FOUL (P1.T2) (J.Goble)
MISS Council IV Free Throw Technical
HAWKS Rebound
Okongwu 6' Turnaround Bank Hook Shot (11 PTS) (Young 11 AST)
",1,1,0,0,2025-03-23,0022401031,0,0,PHI,4,0,19,09:48,Off FT Make,0,MISS Council IV Free Throw Technical,,ATL,PHI,ATL,1610612737,2025,2292.0,2310.0,2301.0,1627777|1629027|1629611|1630168|1630249,1629643|1630215|1641741|1642024|1642348,2024-25,566,0.23880597014925373
128453,09:30,"Butler P.FOUL (P2.T2) (J.Goble)
Young T.FOUL (P1.T2) (J.Goble)
MISS Council IV Free Throw Technical
HAWKS Rebound
Okongwu 6' Turnaround Bank Hook Shot (11 PTS) (Young 11 AST)
",1,1,0,0,2025-03-23,0022401031,0,0,PHI,4,0,19,09:48,Off FT Make,0,HAWKS Rebound,,ATL,PHI,ATL,1610612737,2025,2292.0,2310.0,2301.0,1627777|1629027|1629611|1630168|1630249,1629643|1630215|1641741|1642024|1642348,2024-25,552,0.22641509433962265
128439,07:01,"Daniels Bad Pass Turnover (P3.T16): Dowtin Jr. STEAL (3 STL)
",0,0,0,0,2025-03-23,0022401031,0,0,PHI,4,0,15,07:23,Off FT Make,1,Daniels Bad Pass Turnover (P3.T16): Dowtin Jr. STEAL (3 STL),,ATL,PHI,ATL,1610612737,2025,2437.0,2459.0,2448.0,1627747|1630249|1630700|1631230|1642258,1627824|1629656|1630288|1642024|1642348,2024-25,602,0.12195121951219512
128309,07:52,"Young Out of Bounds - Bad Pass Turnover Turnover (P1.T3)
",0,0,0,0,2025-03-23,0022401031,0,0,PHI,1,0,0,08:04,Off At Rim Make,1,Young Out of Bounds - Bad Pass Turnover Turnover (P1.T3),,ATL,PHI,ATL,1610612737,2025,236.0,248.0,242.0,1629027|1630168|1630700|1631243|1642258,1627824|1629643|1629656|1630288|1642348,2024-25,42,0.35714285714285715
128446,08:17,"Council IV P.FOUL (P6.T3) (M.Myers)
Council IV T.FOUL (P6.T3) (M.Myers)
MISS LeVert Free Throw Technical
HAWKS Rebound
Okongwu 1' Driving Layup (13 PTS)
",1,1,0,0,2025-03-23,0022401031,0,0,PHI,4,0,18,08:39,Off Short Mid-Range Miss,0,HAWKS Rebound,,ATL,PHI,ATL,1610612737,2025,2361.0,2383.0,2372.0,1627747|1629611|1630168|1630249|1630700,1629643|1629656|1630215|1642024|1642348,2024-25,573,0.14285714285714285
128310,08:23,"Young 26' 3PT Pullup Jump Shot (4 PTS)
",0,0,1,1,2025-03-23,0022401031,0,0,PHI,1,0,-1,08:31,Off At Rim Make,0,Young 26' 3PT Pullup Jump Shot (4 PTS),,ATL,PHI,ATL,1610612737,2025,209.0,217.0,213.0,1629027|1630168|1630700|1631243|1642258,1627824|1629643|1629656|1630288|1642348,2024-25,39,0.42857142857142855
128331,02:27,"Young Out of Bounds - Bad Pass Turnover Turnover (P3.T9)
",0,0,0,0,2025-03-23,0022401031,0,0,PHI,2,0,18,02:32,Off At Rim Miss,1,Young Out of Bounds - Bad Pass Turnover Turnover (P3.T9),,ATL,PHI,ATL,1610612737,2025,1288.0,1293.0,1290.5,1627747|1629027|1630168|1630700|1642258,1627824|1629643|1629656|1630288|1642348,2024-25,281,0.26262626262626265
128312,08:40,"MISS Risacher 24' 3PT Jump Shot
Yabusele REBOUND (Off:0 Def:1)
",0,0,1,0,2025-03-23,0022401031,0,0,PHI,1,0,1,08:59,Off Arc 3 Make,0,Yabusele REBOUND (Off:0 Def:1),,ATL,PHI,ATL,1610612737,2025,181.0,200.0,190.5,1629027|1630168|1630700|1631243|1642258,1627824|1629643|1629656|1630288|1642348,2024-25,41,0.7419354838709677
128454,09:30,"Butler P.FOUL (P2.T2) (J.Goble)
Young T.FOUL (P1.T2) (J.Goble)
MISS Council IV Free Throw Technical
HAWKS Rebound
Okongwu 6' Turnaround Bank Hook Shot (11 PTS) (Young 11 AST)
",1,1,0,0,2025-03-23,0022401031,0,0,PHI,4,0,19,09:48,Off FT Make,0,Okongwu 6' Turnaround Bank Hook Shot (11 PTS) (Young 11 AST),,ATL,PHI,ATL,1610612737,2025,2292.0,2310.0,2301.0,1627777|1629027|1629611|1630168|1630249,1629643|1630215|1641741|1642024|1642348,2024-25,553,0.4791666666666667
128332,02:53,"Risacher 2' Running Dunk (6 PTS) (Young 4 AST)
",1,1,0,0,2025-03-23,0022401031,0,0,PHI,2,0,16,02:56,Off At Rim Miss,0,Risacher 2' Running Dunk (6 PTS) (Young 4 AST),,ATL,PHI,ATL,1610612737,2025,1264.0,1267.0,1265.5,1627747|1629027|1630168|1630700|1642258,1627824|1629643|1629656|1630288|1642348,2024-25,275,0.4578313253012048
128330,01:55,"MISS LeVert 2' Driving Layup: Dowtin Jr. BLOCK (1 BLK)
HAWKS Rebound
Risacher Traveling Turnover (P2.T10)
",1,0,0,0,2025-03-23,0022401031,0,1,PHI,2,0,15,02:13,Off Corner 3 Make,1,Risacher Traveling Turnover (P2.T10),,ATL,PHI,ATL,1610612737,2025,1307.0,1325.0,1316.0,1627747|1629027|1630168|1630700|1642258,1627824|1629643|1629656|1630288|1641741,2024-25,292,0.35294117647058826
128329,01:55,"MISS LeVert 2' Driving Layup: Dowtin Jr. BLOCK (1 BLK)
HAWKS Rebound
Risacher Traveling Turnover (P2.T10)
",1,0,0,0,2025-03-23,0022401031,0,1,PHI,2,0,15,02:13,Off Corner 3 Make,1,HAWKS Rebound,,ATL,PHI,ATL,1610612737,2025,1307.0,1325.0,1316.0,1627747|1629027|1630168|1630700|1642258,1627824|1629643|1629656|1630288|1641741,2024-25,318,0.5714285714285714
128328,01:55,"MISS LeVert 2' Driving Layup: Dowtin Jr. BLOCK (1 BLK)
HAWKS Rebound
Risacher Traveling Turnover (P2.T10)
",1,0,0,0,2025-03-23,0022401031,0,1,PHI,2,0,15,02:13,Off Corner 3 Make,1,MISS LeVert 2' Driving Layup: Dowtin Jr. BLOCK (1 BLK),,ATL,PHI,ATL,1610612737,2025,1307.0,1325.0,1316.0,1627747|1629027|1630168|1630700|1642258,1627824|1629643|1629656|1630288|1641741,2024-25,286,0.6956521739130435
128327,01:16,"MISS LeVert 3PT Jump Shot: Dowtin Jr. BLOCK (2 BLK)
Dowtin Jr. REBOUND (Off:0 Def:2)
",0,0,1,0,2025-03-23,0022401031,0,0,PHI,2,0,12,01:46,Off Arc 3 Make,0,Dowtin Jr. REBOUND (Off:0 Def:2),,ATL,PHI,ATL,1610612737,2025,1334.0,1364.0,1349.0,1627747|1629027|1630168|1630700|1642258,1629643|1629656|1630288|1641741|1642024,2024-25,301,0.2857142857142857
128326,01:16,"MISS LeVert 3PT Jump Shot: Dowtin Jr. BLOCK (2 BLK)
Dowtin Jr. REBOUND (Off:0 Def:2)
",0,0,1,0,2025-03-23,0022401031,0,0,PHI,2,0,12,01:46,Off Arc 3 Make,0,MISS LeVert 3PT Jump Shot: Dowtin Jr. BLOCK (2 BLK),,ATL,PHI,ATL,1610612737,2025,1334.0,1364.0,1349.0,1627747|1629027|1630168|1630700|1642258,1629643|1629656|1630288|1641741|1642024,2024-25,283,0.1927710843373494
128325,01:01,"MISS Daniels 3PT Running Jump Shot
Reese REBOUND (Off:0 Def:1)
",0,0,1,0,2025-03-23,0022401031,0,0,PHI,2,0,12,01:08,Off At Rim Miss,0,Reese REBOUND (Off:0 Def:1),,ATL,PHI,ATL,1610612737,2025,1372.0,1379.0,1375.5,1627747|1629027|1630168|1630700|1642258,1629643|1629656|1630288|1641741|1642024,2024-25,299,0.2127659574468085
128324,01:01,"MISS Daniels 3PT Running Jump Shot
Reese REBOUND (Off:0 Def:1)
",0,0,1,0,2025-03-23,0022401031,0,0,PHI,2,0,12,01:08,Off At Rim Miss,0,MISS Daniels 3PT Running Jump Shot,,ATL,PHI,ATL,1610612737,2025,1372.0,1379.0,1375.5,1627747|1629027|1630168|1630700|1642258,1629643|1629656|1630288|1641741|1642024,2024-25,300,0.09230769230769231
128311,08:40,"MISS Risacher 24' 3PT Jump Shot
Yabusele REBOUND (Off:0 Def:1)
",0,0,1,0,2025-03-23,0022401031,0,0,PHI,1,0,1,08:59,Off Arc 3 Make,0,MISS Risacher 24' 3PT Jump Shot,,ATL,PHI,ATL,1610612737,2025,181.0,200.0,190.5,1629027|1630168|1630700|1631243|1642258,1627824|1629643|1629656|1630288|1642348,2024-25,36,0.3125
128338,05:08,"LeVert 26' 3PT Running Jump Shot (3 PTS) (Daniels 1 AST)
",0,0,1,1,2025-03-23,0022401031,0,0,PHI,2,0,13,05:11,Off At Rim Miss,0,LeVert 26' 3PT Running Jump Shot (3 PTS) (Daniels 1 AST),,ATL,PHI,ATL,1610612737,2025,1129.0,1132.0,1130.5,1627747|1630168|1630249|1630700|1642258,1627824|1629052|1629643|1630215|1642348,2024-25,247,0.8518518518518519
128321,00:26,"Council IV P.FOUL (P1.T4) (J.Van Duyne)
MISS Young 21' Step Back Jump Shot
Grimes REBOUND (Off:0 Def:2)
",1,0,0,0,2025-03-23,0022401031,0,0,PHI,2,0,10,00:47,Off Short Mid-Range Make,0,Council IV P.FOUL (P1.T4) (J.Van Duyne),,ATL,PHI,ATL,1610612737,2025,1393.0,1414.0,1403.5,1627747|1629027|1630168|1630700|1642258,1629643|1629656|1630288|1641741|1642024,2024-25,324,0.2807017543859649
128320,00:03,"Daniels 1' Driving Layup (6 PTS) (Young 5 AST)
",1,1,0,0,2025-03-23,0022401031,0,0,PHI,2,0,10,00:10,Off Dead Ball,0,Daniels 1' Driving Layup (6 PTS) (Young 5 AST),,ATL,PHI,ATL,1610612737,2025,1430.0,1437.0,1433.5,1627747|1629027|1630168|1630700|1642258,1629643|1629656|1630288|1641741|1642024,2024-25,310,0.4827586206896552
128319,11:37,"Risacher 1' Cutting Layup Shot (2 PTS) (Young 1 AST)
",1,1,0,0,2025-03-23,0022401031,0,0,PHI,1,0,0,12:00,Off Dead Ball,0,Risacher 1' Cutting Layup Shot (2 PTS) (Young 1 AST),,ATL,PHI,ATL,1610612737,2025,0.0,23.0,11.5,1629027|1630168|1630700|1631243|1642258,1627824|1629643|1629656|1630288|1642348,2024-25,7,0.4117647058823529
128318,11:10,"MISS Gueye 26' 3PT Running Jump Shot
Dowtin Jr. REBOUND (Off:0 Def:1)
",0,0,1,0,2025-03-23,0022401031,0,0,PHI,1,0,2,11:17,Off Steal,0,Dowtin Jr. REBOUND (Off:0 Def:1),,ATL,PHI,ATL,1610612737,2025,43.0,50.0,46.5,1629027|1630168|1630700|1631243|1642258,1627824|1629643|1629656|1630288|1642348,2024-25,12,0.37037037037037035
128317,11:10,"MISS Gueye 26' 3PT Running Jump Shot
Dowtin Jr. REBOUND (Off:0 Def:1)
",0,0,1,0,2025-03-23,0022401031,0,0,PHI,1,0,2,11:17,Off Steal,0,MISS Gueye 26' 3PT Running Jump Shot,,ATL,PHI,ATL,1610612737,2025,43.0,50.0,46.5,1629027|1630168|1630700|1631243|1642258,1627824|1629643|1629656|1630288|1642348,2024-25,11,0.2608695652173913
128316,10:42,"Daniels 9' Floating Jump Shot (2 PTS) (Young 2 AST)
",1,1,0,0,2025-03-23,0022401031,0,0,PHI,1,0,2,10:52,Off Steal,0,Daniels 9' Floating Jump Shot (2 PTS) (Young 2 AST),,ATL,PHI,ATL,1610612737,2025,68.0,78.0,73.0,1629027|1630168|1630700|1631243|1642258,1627824|1629643|1629656|1630288|1642348,2024-25,15,0.24390243902439024
128315,10:07,"Daniels 2' Driving Layup (4 PTS) (Gueye 1 AST)
",1,1,0,0,2025-03-23,0022401031,0,0,PHI,1,0,3,10:18,Off At Rim Make,0,Daniels 2' Driving Layup (4 PTS) (Gueye 1 AST),,ATL,PHI,ATL,1610612737,2025,102.0,113.0,107.5,1629027|1630168|1630700|1631243|1642258,1627824|1629643|1629656|1630288|1642348,2024-25,22,0.5934065934065934
128314,09:29,"Risacher 3 Second Violation Turnover (P1.T1)
",0,0,0,0,2025-03-23,0022401031,0,0,PHI,1,0,5,09:48,Off Arc 3 Miss,1,Risacher 3 Second Violation Turnover (P1.T1),,ATL,PHI,ATL,1610612737,2025,132.0,151.0,141.5,1629027|1630168|1630700|1631243|1642258,1627824|1629643|1629656|1630288|1642348,2024-25,26,0.32098765432098764
128313,09:11,"Daniels Traveling Turnover (P1.T2)
",0,0,0,0,2025-03-23,0022401031,0,0,PHI,1,0,4,09:19,Off Dead Ball,1,Daniels Traveling Turnover (P1.T2),,ATL,PHI,ATL,1610612737,2025,161.0,169.0,165.0,1629027|1630168|1630700|1631243|1642258,1627824|1629643|1629656|1630288|1642348,2024-25,33,0.30303030303030304
128323,00:26,"Council IV P.FOUL (P1.T4) (J.Van Duyne)
MISS Young 21' Step Back Jump Shot
Grimes REBOUND (Off:0 Def:2)
",1,0,0,0,2025-03-23,0022401031,0,0,PHI,2,0,10,00:47,Off Short Mid-Range Make,0,Grimes REBOUND (Off:0 Def:2),,ATL,PHI,ATL,1610612737,2025,1393.0,1414.0,1403.5,1627747|1629027|1630168|1630700|1642258,1629643|1629656|1630288|1641741|1642024,2024-25,319,0.2028985507246377
128456,09:53,"MISS Mann 1' Running Layup
Okeke REBOUND (Off:4 Def:2)
",1,0,0,0,2025-03-23,0022401031,0,0,PHI,4,0,22,09:57,Off At Rim Miss,0,Okeke REBOUND (Off:4 Def:2),,ATL,PHI,ATL,1610612737,2025,2283.0,2287.0,2285.0,1627777|1629027|1629611|1630249|1631230,1629643|1630215|1641741|1642024|1642348,2024-25,538,0.25806451612903225
128425,04:15,"Edwards P.FOUL (P2.PN) (J.Goble)
Young Free Throw 1 of 2 (20 PTS)
Young Free Throw 2 of 2 (21 PTS)
",0,0,0,0,2025-03-23,0022401031,1,0,PHI,4,0,11,04:27,Off Corner 3 Make,0,Edwards P.FOUL (P2.PN) (J.Goble),,ATL,PHI,ATL,1610612737,2025,2613.0,2625.0,2619.0,1627747|1627777|1629027|1630168|1630700,1627824|1629643|1629656|1630288|1642348,2024-25,595,0.09302325581395349
128458,10:06,"MISS Mann 11' Pullup Jump Shot
Barlow REBOUND (Off:5 Def:4)
MISS Niang 25' 3PT Jump Shot
Council IV REBOUND (Off:0 Def:3)
",1,0,1,0,2025-03-23,0022401031,0,1,PHI,4,0,22,10:29,Off FT Make,0,Barlow REBOUND (Off:5 Def:4),,ATL,PHI,ATL,1610612737,2025,2251.0,2274.0,2262.5,1627777|1629027|1629611|1630249|1631230,1629643|1630215|1641741|1642024|1642348,2024-25,534,0.5098039215686274
128416,01:45,"Young 12' Driving Floating Jump Shot (25 PTS) (Okongwu 2 AST)
Yabusele S.FOUL (P2.PN) (J.Van Duyne)
Young Free Throw 1 of 1 (26 PTS)
",1,1,0,0,2025-03-23,0022401031,0,0,PHI,4,1,16,02:04,Off FT Make,0,Yabusele S.FOUL (P2.PN) (J.Van Duyne),,ATL,PHI,ATL,1610612737,2025,2756.0,2775.0,2765.5,1627747|1629027|1630168|1630700|1642258,1627824|1629643|1630215|1630288|1642024,2024-25,627,0.2028985507246377
128417,01:45,"Young 12' Driving Floating Jump Shot (25 PTS) (Okongwu 2 AST)
Yabusele S.FOUL (P2.PN) (J.Van Duyne)
Young Free Throw 1 of 1 (26 PTS)
",1,1,0,0,2025-03-23,0022401031,0,0,PHI,4,1,16,02:04,Off FT Make,0,Young Free Throw 1 of 1 (26 PTS),,ATL,PHI,ATL,1610612737,2025,2756.0,2775.0,2765.5,1627747|1629027|1630168|1630700|1642258,1627824|1629643|1630215|1630288|1642024,2024-25,685,0.125
128418,02:13,"MISS Young 6' Driving Floating Jump Shot
Edwards REBOUND (Off:2 Def:1)
",1,0,0,0,2025-03-23,0022401031,0,0,PHI,4,0,17,02:27,Off At Rim Miss,0,MISS Young 6' Driving Floating Jump Shot,,ATL,PHI,ATL,1610612737,2025,2733.0,2747.0,2740.0,1627747|1627777|1629027|1630168|1630700,1627824|1629643|1629656|1630288|1642348,2024-25,673,0.2857142857142857
128419,02:13,"MISS Young 6' Driving Floating Jump Shot
Edwards REBOUND (Off:2 Def:1)
",1,0,0,0,2025-03-23,0022401031,0,0,PHI,4,0,17,02:27,Off At Rim Miss,0,Edwards REBOUND (Off:2 Def:1),,ATL,PHI,ATL,1610612737,2025,2733.0,2747.0,2740.0,1627747|1627777|1629027|1630168|1630700,1627824|1629643|1629656|1630288|1642348,2024-25,630,0.2222222222222222
128420,02:44,"Niang 6' Driving Floating Jump Shot (20 PTS) (LeVert 7 AST)
",1,1,0,0,2025-03-23,0022401031,0,0,PHI,4,0,15,02:58,Off Arc 3 Miss,0,Niang 6' Driving Floating Jump Shot (20 PTS) (LeVert 7 AST),,ATL,PHI,ATL,1610612737,2025,2702.0,2716.0,2709.0,1627747|1627777|1629027|1630168|1630700,1627824|1629643|1629656|1630288|1642348,2024-25,662,0.29545454545454547
128413,00:54,"MISS Daniels 6' Driving Floating Bank Jump Shot
Okeke REBOUND (Off:4 Def:4)
",1,0,0,0,2025-03-23,0022401031,0,0,PHI,4,0,15,01:14,Off FT Make,0,Okeke REBOUND (Off:4 Def:4),,ATL,PHI,ATL,1610612737,2025,2806.0,2826.0,2816.0,1630249|1630700|1631230|1631243|1642258,1629643|1630215|1630288|1642024|1642348,2024-25,712,0.7457627118644068
128422,03:13,"Dowtin Jr. P.FOUL (P1.PN) (J.Goble)
Young Free Throw 1 of 2 (22 PTS)
Young Free Throw 2 of 2 (23 PTS)
",0,0,0,0,2025-03-23,0022401031,1,0,PHI,4,0,13,03:15,Off Dead Ball,0,Young Free Throw 1 of 2 (22 PTS),,ATL,PHI,ATL,1610612737,2025,2685.0,2687.0,2686.0,1627747|1627777|1629027|1630168|1630700,1627824|1629643|1629656|1630288|1642348,2024-25,658,0.9552238805970149
128434,05:50,"MISS Risacher 24' 3PT Jump Shot
Yabusele REBOUND (Off:3 Def:3)
",0,0,1,0,2025-03-23,0022401031,0,0,PHI,4,0,13,06:05,Off At Rim Make,0,Yabusele REBOUND (Off:3 Def:3),,ATL,PHI,ATL,1610612737,2025,2515.0,2530.0,2522.5,1627747|1630249|1630700|1631230|1642258,1627824|1629643|1629656|1630288|1642348,2024-25,624,0.3076923076923077
128421,03:13,"Dowtin Jr. P.FOUL (P1.PN) (J.Goble)
Young Free Throw 1 of 2 (22 PTS)
Young Free Throw 2 of 2 (23 PTS)
",0,0,0,0,2025-03-23,0022401031,1,0,PHI,4,0,13,03:15,Off Dead Ball,0,Dowtin Jr. P.FOUL (P1.PN) (J.Goble),,ATL,PHI,ATL,1610612737,2025,2685.0,2687.0,2686.0,1627747|1627777|1629027|1630168|1630700,1627824|1629643|1629656|1630288|1642348,2024-25,618,0.2972972972972973
128415,01:45,"Young 12' Driving Floating Jump Shot (25 PTS) (Okongwu 2 AST)
Yabusele S.FOUL (P2.PN) (J.Van Duyne)
Young Free Throw 1 of 1 (26 PTS)
",1,1,0,0,2025-03-23,0022401031,0,0,PHI,4,1,16,02:04,Off FT Make,0,Young 12' Driving Floating Jump Shot (25 PTS) (Okongwu 2 AST),,ATL,PHI,ATL,1610612737,2025,2756.0,2775.0,2765.5,1627747|1629027|1630168|1630700|1642258,1627824|1629643|1630215|1630288|1642024,2024-25,677,0.3333333333333333
128435,06:23,"MISS Risacher 25' 3PT Jump Shot
76ers Rebound
",0,0,1,0,2025-03-23,0022401031,0,0,PHI,4,0,15,06:39,Off Timeout,0,MISS Risacher 25' 3PT Jump Shot,,ATL,PHI,ATL,1610612737,2025,2481.0,2497.0,2489.0,1627747|1630249|1630700|1631230|1642258,1627824|1629643|1629656|1630288|1642348,2024-25,613,0.4918032786885246
128432,05:34,"Niang 25' 3PT Jump Shot (18 PTS) (Young 12 AST)
",0,0,1,1,2025-03-23,0022401031,0,0,PHI,4,0,12,05:47,Off FT Make,0,Niang 25' 3PT Jump Shot (18 PTS) (Young 12 AST),,ATL,PHI,ATL,1610612737,2025,2533.0,2546.0,2539.5,1627747|1627777|1629027|1630168|1630700,1627824|1629643|1629656|1630288|1642348,2024-25,630,0.25396825396825395
128430,04:55,"Grimes S.FOUL (P1.T4) (J.Goble)
MISS Okongwu Free Throw 1 of 2
HAWKS Rebound
Okongwu Free Throw 2 of 2 (14 PTS)
",0,0,0,0,2025-03-23,0022401031,0,0,PHI,4,1,13,05:16,Off At Rim Make,0,HAWKS Rebound,,ATL,PHI,ATL,1610612737,2025,2564.0,2585.0,2574.5,1627747|1627777|1629027|1630168|1630700,1627824|1629643|1629656|1630288|1642348,2024-25,586,0.4444444444444444
128429,04:55,"Grimes S.FOUL (P1.T4) (J.Goble)
MISS Okongwu Free Throw 1 of 2
HAWKS Rebound
Okongwu Free Throw 2 of 2 (14 PTS)
",0,0,0,0,2025-03-23,0022401031,0,0,PHI,4,1,13,05:16,Off At Rim Make,0,MISS Okongwu Free Throw 1 of 2,,ATL,PHI,ATL,1610612737,2025,2564.0,2585.0,2574.5,1627747|1627777|1629027|1630168|1630700,1627824|1629643|1629656|1630288|1642348,2024-25,635,0.3018867924528302
128431,04:55,"Grimes S.FOUL (P1.T4) (J.Goble)
MISS Okongwu Free Throw 1 of 2
HAWKS Rebound
Okongwu Free Throw 2 of 2 (14 PTS)
",0,0,0,0,2025-03-23,0022401031,0,0,PHI,4,1,13,05:16,Off At Rim Make,0,Okongwu Free Throw 2 of 2 (14 PTS),,ATL,PHI,ATL,1610612737,2025,2564.0,2585.0,2574.5,1627747|1627777|1629027|1630168|1630700,1627824|1629643|1629656|1630288|1642348,2024-25,637,0.34375
128427,04:15,"Edwards P.FOUL (P2.PN) (J.Goble)
Young Free Throw 1 of 2 (20 PTS)
Young Free Throw 2 of 2 (21 PTS)
",0,0,0,0,2025-03-23,0022401031,1,0,PHI,4,0,11,04:27,Off Corner 3 Make,0,Young Free Throw 2 of 2 (21 PTS),,ATL,PHI,ATL,1610612737,2025,2613.0,2625.0,2619.0,1627747|1627777|1629027|1630168|1630700,1627824|1629643|1629656|1630288|1642348,2024-25,649,0.25396825396825395
128426,04:15,"Edwards P.FOUL (P2.PN) (J.Goble)
Young Free Throw 1 of 2 (20 PTS)
Young Free Throw 2 of 2 (21 PTS)
",0,0,0,0,2025-03-23,0022401031,1,0,PHI,4,0,11,04:27,Off Corner 3 Make,0,Young Free Throw 1 of 2 (20 PTS),,ATL,PHI,ATL,1610612737,2025,2613.0,2625.0,2619.0,1627747|1627777|1629027|1630168|1630700,1627824|1629643|1629656|1630288|1642348,2024-25,647,0.5625
128424,03:27,"Daniels 3' Driving Finger Roll Layup (8 PTS)
",1,1,0,0,2025-03-23,0022401031,0,0,PHI,4,0,11,03:52,Off Short Mid-Range Make,0,Daniels 3' Driving Finger Roll Layup (8 PTS),,ATL,PHI,ATL,1610612737,2025,2648.0,2673.0,2660.5,1627747|1627777|1629027|1630168|1630700,1627824|1629643|1629656|1630288|1642348,2024-25,653,0.30927835051546393
128423,03:13,"Dowtin Jr. P.FOUL (P1.PN) (J.Goble)
Young Free Throw 1 of 2 (22 PTS)
Young Free Throw 2 of 2 (23 PTS)
",0,0,0,0,2025-03-23,0022401031,1,0,PHI,4,0,13,03:15,Off Dead Ball,0,Young Free Throw 2 of 2 (23 PTS),,ATL,PHI,ATL,1610612737,2025,2685.0,2687.0,2686.0,1627747|1627777|1629027|1630168|1630700,1627824|1629643|1629656|1630288|1642348,2024-25,659,0.9552238805970149
128333,03:14,"LeVert 11' Pullup Jump Shot (7 PTS)
",1,1,0,0,2025-03-23,0022401031,0,0,PHI,2,0,14,03:30,Off FT Make,0,LeVert 11' Pullup Jump Shot (7 PTS),,ATL,PHI,ATL,1610612737,2025,1230.0,1246.0,1238.0,1627747|1629027|1630168|1630700|1642258,1627824|1629643|1629656|1630288|1642348,2024-25,272,0.5301204819277109
128433,05:50,"MISS Risacher 24' 3PT Jump Shot
Yabusele REBOUND (Off:3 Def:3)
",0,0,1,0,2025-03-23,0022401031,0,0,PHI,4,0,13,06:05,Off At Rim Make,0,MISS Risacher 24' 3PT Jump Shot,,ATL,PHI,ATL,1610612737,2025,2515.0,2530.0,2522.5,1627747|1630249|1630700|1631230|1642258,1627824|1629643|1629656|1630288|1642348,2024-25,617,0.3013698630136986
128414,01:22,"Young 7' Driving Floating Jump Shot (28 PTS)
",1,1,0,0,2025-03-23,0022401031,0,0,PHI,4,0,16,01:32,Off Arc 3 Make,0,Young 7' Driving Floating Jump Shot (28 PTS),,ATL,PHI,ATL,1610612737,2025,2788.0,2798.0,2793.0,1627747|1629027|1630168|1630700|1642258,1629643|1630215|1630288|1642024|1642348,2024-25,688,0.45569620253164556
128412,00:54,"MISS Daniels 6' Driving Floating Bank Jump Shot
Okeke REBOUND (Off:4 Def:4)
",1,0,0,0,2025-03-23,0022401031,0,0,PHI,4,0,15,01:14,Off FT Make,0,MISS Daniels 6' Driving Floating Bank Jump Shot,,ATL,PHI,ATL,1610612737,2025,2806.0,2826.0,2816.0,1630249|1630700|1631230|1631243|1642258,1629643|1630215|1630288|1642024|1642348,2024-25,700,0.1951219512195122
128411,00:22,"HAWKS Turnover: Shot Clock (T#17)
",0,0,0,0,2025-03-23,0022401031,0,0,PHI,4,0,15,00:46,Off Dead Ball,1,HAWKS Turnover: Shot Clock (T#17),,ATL,PHI,ATL,1610612737,2025,2834.0,2858.0,2846.0,1630249|1630700|1631230|1631243|1642258,1629643|1630215|1630288|1642024|1642348,2024-25,713,0.3333333333333333
128459,10:06,"MISS Mann 11' Pullup Jump Shot
Barlow REBOUND (Off:5 Def:4)
MISS Niang 25' 3PT Jump Shot
Council IV REBOUND (Off:0 Def:3)
",1,0,1,0,2025-03-23,0022401031,0,1,PHI,4,0,22,10:29,Off FT Make,0,MISS Niang 25' 3PT Jump Shot,,ATL,PHI,ATL,1610612737,2025,2251.0,2274.0,2262.5,1627777|1629027|1629611|1630249|1631230,1629643|1630215|1641741|1642024|1642348,2024-25,533,0.1728395061728395
128460,10:06,"MISS Mann 11' Pullup Jump Shot
Barlow REBOUND (Off:5 Def:4)
MISS Niang 25' 3PT Jump Shot
Council IV REBOUND (Off:0 Def:3)
",1,0,1,0,2025-03-23,0022401031,0,1,PHI,4,0,22,10:29,Off FT Make,0,Council IV REBOUND (Off:0 Def:3),,ATL,PHI,ATL,1610612737,2025,2251.0,2274.0,2262.5,1627777|1629027|1629611|1630249|1631230,1629643|1630215|1641741|1642024|1642348,2024-25,475,0.3188405797101449
128461,10:33,"Young Bad Pass Turnover (P5.T14): Butler STEAL (1 STL)
",0,0,0,0,2025-03-23,0022401031,0,0,PHI,4,0,25,10:46,Off At Rim Make,1,Young Bad Pass Turnover (P5.T14): Butler STEAL (1 STL),,ATL,PHI,ATL,1610612737,2025,2234.0,2247.0,2240.5,1627777|1629027|1629611|1630249|1631230,1629643|1630215|1641741|1642024|1642348,2024-25,526,0.6436781609195402
128462,11:08,"Young 27' 3PT Pullup Jump Shot (19 PTS)
",0,0,1,1,2025-03-23,0022401031,0,0,PHI,4,0,24,11:13,Off Short Mid-Range Miss,0,Young 27' 3PT Pullup Jump Shot (19 PTS),,ATL,PHI,ATL,1610612737,2025,2207.0,2212.0,2209.5,1627777|1629027|1629611|1630249|1631230,1629643|1630215|1641741|1642024|1642348,2024-25,522,0.5576923076923077
128463,11:21,"MISS Niang 25' 3PT Jump Shot
Council IV REBOUND (Off:0 Def:2)
",0,0,1,0,2025-03-23,0022401031,0,0,PHI,4,0,24,11:34,Off Long Mid-Range Make,0,MISS Niang 25' 3PT Jump Shot,,ATL,PHI,ATL,1610612737,2025,2186.0,2199.0,2192.5,1627777|1629027|1629611|1630249|1631230,1629643|1630215|1641741|1642024|1642348,2024-25,518,0.16
128464,11:21,"MISS Niang 25' 3PT Jump Shot
Council IV REBOUND (Off:0 Def:2)
",0,0,1,0,2025-03-23,0022401031,0,0,PHI,4,0,24,11:34,Off Long Mid-Range Make,0,Council IV REBOUND (Off:0 Def:2),,ATL,PHI,ATL,1610612737,2025,2186.0,2199.0,2192.5,1627777|1629027|1629611|1630249|1631230,1629643|1630215|1641741|1642024|1642348,2024-25,505,0.26865671641791045
128403,09:54,"MISS Daniels 26' 3PT Jump Shot
Grimes REBOUND (Off:0 Def:4)
",0,0,1,0,2025-03-23,0022401031,0,0,PHI,3,0,13,10:06,Off At Rim Miss,0,MISS Daniels 26' 3PT Jump Shot,,ATL,PHI,ATL,1610612737,2025,1554.0,1566.0,1560.0,1629027|1630168|1630700|1631243|1642258,1627824|1629643|1629656|1630288|1642348,2024-25,348,0.4489795918367347
128465,11:45,"Barlow 1' Reverse Layup (12 PTS) (Krejci 3 AST)
Council IV S.FOUL (P5.T1) (J.Goble)
Barlow Free Throw 1 of 1 (13 PTS)
",1,1,0,0,2025-03-23,0022401031,0,0,PHI,4,1,23,12:00,Off Dead Ball,0,Barlow 1' Reverse Layup (12 PTS) (Krejci 3 AST),,ATL,PHI,ATL,1610612737,2025,2160.0,2175.0,2167.5,1627777|1629027|1629611|1630249|1631230,1629643|1630215|1641741|1642024|1642348,2024-25,511,0.35714285714285715
128466,11:45,"Barlow 1' Reverse Layup (12 PTS) (Krejci 3 AST)
Council IV S.FOUL (P5.T1) (J.Goble)
Barlow Free Throw 1 of 1 (13 PTS)
",1,1,0,0,2025-03-23,0022401031,0,0,PHI,4,1,23,12:00,Off Dead Ball,0,Council IV S.FOUL (P5.T1) (J.Goble),,ATL,PHI,ATL,1610612737,2025,2160.0,2175.0,2167.5,1627777|1629027|1629611|1630249|1631230,1629643|1630215|1641741|1642024|1642348,2024-25,501,0.23076923076923078
128467,11:45,"Barlow 1' Reverse Layup (12 PTS) (Krejci 3 AST)
Council IV S.FOUL (P5.T1) (J.Goble)
Barlow Free Throw 1 of 1 (13 PTS)
",1,1,0,0,2025-03-23,0022401031,0,0,PHI,4,1,23,12:00,Off Dead Ball,0,Barlow Free Throw 1 of 1 (13 PTS),,ATL,PHI,ATL,1610612737,2025,2160.0,2175.0,2167.5,1627777|1629027|1629611|1630249|1631230,1629643|1630215|1641741|1642024|1642348,2024-25,515,0.16
128401,08:54,"Risacher 3PT Jump Shot (9 PTS) (Okongwu 1 AST)
",0,0,1,1,2025-03-23,0022401031,0,0,PHI,3,0,8,09:06,Off At Rim Make,0,Risacher 3PT Jump Shot (9 PTS) (Okongwu 1 AST),,ATL,PHI,ATL,1610612737,2025,1614.0,1626.0,1620.0,1629027|1630168|1630700|1631243|1642258,1627824|1629643|1629656|1630288|1642348,2024-25,358,0.16216216216216217
128455,09:53,"MISS Mann 1' Running Layup
Okeke REBOUND (Off:4 Def:2)
",1,0,0,0,2025-03-23,0022401031,0,0,PHI,4,0,22,09:57,Off At Rim Miss,0,MISS Mann 1' Running Layup,,ATL,PHI,ATL,1610612737,2025,2283.0,2287.0,2285.0,1627777|1629027|1629611|1630249|1631230,1629643|1630215|1641741|1642024|1642348,2024-25,539,0.19672131147540983
128438,06:45,"MISS Risacher 1' Running Alley Oop Layup Shot
Grimes REBOUND (Off:0 Def:5)
",1,0,0,0,2025-03-23,0022401031,0,0,PHI,4,0,15,06:50,Off Arc 3 Miss,0,Grimes REBOUND (Off:0 Def:5),,ATL,PHI,ATL,1610612737,2025,2470.0,2475.0,2472.5,1627747|1630249|1630700|1631230|1642258,1627824|1629656|1630288|1642024|1642348,2024-25,560,0.1702127659574468
128404,09:54,"MISS Daniels 26' 3PT Jump Shot
Grimes REBOUND (Off:0 Def:4)
",0,0,1,0,2025-03-23,0022401031,0,0,PHI,3,0,13,10:06,Off At Rim Miss,0,Grimes REBOUND (Off:0 Def:4),,ATL,PHI,ATL,1610612737,2025,1554.0,1566.0,1560.0,1629027|1630168|1630700|1631243|1642258,1627824|1629643|1629656|1630288|1642348,2024-25,620,0.7241379310344828
128436,06:23,"MISS Risacher 25' 3PT Jump Shot
76ers Rebound
",0,0,1,0,2025-03-23,0022401031,0,0,PHI,4,0,15,06:39,Off Timeout,0,76ers Rebound,,ATL,PHI,ATL,1610612737,2025,2481.0,2497.0,2489.0,1627747|1630249|1630700|1631230|1642258,1627824|1629643|1629656|1630288|1642348,2024-25,633,0.27906976744186046
128406,10:52,"MISS Daniels 1' Running Dunk
Grimes REBOUND (Off:0 Def:3)
",1,0,0,0,2025-03-23,0022401031,0,0,PHI,3,0,15,10:59,Off Steal,0,MISS Daniels 1' Running Dunk,,ATL,PHI,ATL,1610612737,2025,1501.0,1508.0,1504.5,1629027|1630168|1630700|1631243|1642258,1627824|1629643|1629656|1630288|1642348,2024-25,338,0.40625
128437,06:45,"MISS Risacher 1' Running Alley Oop Layup Shot
Grimes REBOUND (Off:0 Def:5)
",1,0,0,0,2025-03-23,0022401031,0,0,PHI,4,0,15,06:50,Off Arc 3 Miss,0,MISS Risacher 1' Running Alley Oop Layup Shot,,ATL,PHI,ATL,1610612737,2025,2470.0,2475.0,2472.5,1627747|1630249|1630700|1631230|1642258,1627824|1629656|1630288|1642024|1642348,2024-25,606,0.25
128407,10:52,"MISS Daniels 1' Running Dunk
Grimes REBOUND (Off:0 Def:3)
",1,0,0,0,2025-03-23,0022401031,0,0,PHI,3,0,15,10:59,Off Steal,0,Grimes REBOUND (Off:0 Def:3),,ATL,PHI,ATL,1610612737,2025,1501.0,1508.0,1504.5,1629027|1630168|1630700|1631243|1642258,1627824|1629643|1629656|1630288|1642348,2024-25,387,0.23076923076923078
128408,11:12,"Gueye 1' Running Alley Oop Dunk Shot (4 PTS) (Young 7 AST)
",1,1,0,0,2025-03-23,0022401031,0,0,PHI,3,0,13,11:17,Off Steal,0,Gueye 1' Running Alley Oop Dunk Shot (4 PTS) (Young 7 AST),,ATL,PHI,ATL,1610612737,2025,1483.0,1488.0,1485.5,1629027|1630168|1630700|1631243|1642258,1627824|1629643|1629656|1630288|1642348,2024-25,334,0.2962962962962963
128409,11:29,"Okongwu 1' Dunk (9 PTS) (Young 6 AST)
",1,1,0,0,2025-03-23,0022401031,0,0,PHI,3,0,11,11:38,Off FT Miss,0,Okongwu 1' Dunk (9 PTS) (Young 6 AST),,ATL,PHI,ATL,1610612737,2025,1462.0,1471.0,1466.5,1629027|1630168|1630700|1631243|1642258,1627824|1629643|1629656|1630288|1642348,2024-25,330,0.30303030303030304
128410,00:00,,0,0,0,0,2025-03-23,0022401031,0,0,PHI,4,0,13,00:15,Off Long Mid-Range Make,0,,,ATL,PHI,ATL,1610612737,2025,2865.0,2880.0,2872.5,1630249|1630700|1631230|1631243|1642258,1629643|1630215|1630288|1642024|1642348,2024-25,684,0.0
128457,10:06,"MISS Mann 11' Pullup Jump Shot
Barlow REBOUND (Off:5 Def:4)
MISS Niang 25' 3PT Jump Shot
Council IV REBOUND (Off:0 Def:3)
",1,0,1,0,2025-03-23,0022401031,0,1,PHI,4,0,22,10:29,Off FT Make,0,MISS Mann 11' Pullup Jump Shot,,ATL,PHI,ATL,1610612737,2025,2251.0,2274.0,2262.5,1627777|1629027|1629611|1630249|1631230,1629643|1630215|1641741|1642024|1642348,2024-25,533,0.1686746987951807
128334,03:43,"Okongwu 26' 3PT Jump Shot (7 PTS) (LeVert 5 AST)
",0,0,1,1,2025-03-23,0022401031,0,0,PHI,2,0,13,03:55,Off At Rim Make,0,Okongwu 26' 3PT Jump Shot (7 PTS) (LeVert 5 AST),,ATL,PHI,ATL,1610612737,2025,1205.0,1217.0,1211.0,1627747|1630168|1630249|1630700|1642258,1627824|1629643|1629656|1630215|1642348,2024-25,262,0.3142857142857143
128381,04:20,"MISS Daniels 5' Driving Layup
Brissett REBOUND (Off:0 Def:3)
",1,0,0,0,2025-03-23,0022401031,0,0,PHI,3,0,18,04:45,Off Arc 3 Make,0,MISS Daniels 5' Driving Layup,,ATL,PHI,ATL,1610612737,2025,1875.0,1900.0,1887.5,1627747|1627777|1630700|1631230|1642258,1627824|1629052|1629656|1641741|1642348,2024-25,474,0.2916666666666667
128336,04:09,"MISS Daniels 27' 3PT Pullup Jump Shot
LeVert REBOUND (Off:1 Def:0)
LeVert 8' Fadeaway Jumper (5 PTS) (Krejci 2 AST)
",1,1,1,0,2025-03-23,0022401031,0,1,PHI,2,0,13,04:49,Off FT Make,0,LeVert REBOUND (Off:1 Def:0),,ATL,PHI,ATL,1610612737,2025,1151.0,1191.0,1171.0,1627747|1630168|1630249|1630700|1642258,1627824|1629643|1629656|1630215|1642348,2024-25,258,0.44
128342,06:15,"MISS LeVert 2' Driving Layup
Yabusele REBOUND (Off:1 Def:2)
",1,0,0,0,2025-03-23,0022401031,0,0,PHI,2,0,11,06:31,Off At Rim Make,0,Yabusele REBOUND (Off:1 Def:2),,ATL,PHI,ATL,1610612737,2025,1049.0,1065.0,1057.0,1627747|1630168|1630249|1630700|1642258,1627824|1629052|1629643|1630215|1642348,2024-25,249,0.6774193548387096
128368,02:11,"Young 28' 3PT Pullup Jump Shot (11 PTS)
",0,0,1,1,2025-03-23,0022401031,0,0,PHI,3,0,17,02:20,Off FT Make,0,Young 28' 3PT Pullup Jump Shot (11 PTS),,ATL,PHI,ATL,1610612737,2025,2020.0,2029.0,2024.5,1627747|1627777|1629027|1629611|1631230,1629052|1629656|1630215|1641741|1642024,2024-25,472,0.2696629213483146
128341,06:15,"MISS LeVert 2' Driving Layup
Yabusele REBOUND (Off:1 Def:2)
",1,0,0,0,2025-03-23,0022401031,0,0,PHI,2,0,11,06:31,Off At Rim Make,0,MISS LeVert 2' Driving Layup,,ATL,PHI,ATL,1610612737,2025,1049.0,1065.0,1057.0,1627747|1630168|1630249|1630700|1642258,1627824|1629052|1629643|1630215|1642348,2024-25,233,0.22727272727272727
128354,09:31,"Butler P.FOUL (P1.T1) (J.Goble)
Young Traveling Turnover (P2.T7)
",0,0,0,0,2025-03-23,0022401031,0,0,PHI,2,0,10,09:47,Off FT Make,1,Butler P.FOUL (P1.T1) (J.Goble),,ATL,PHI,ATL,1610612737,2025,853.0,869.0,861.0,1627777|1629027|1629611|1630249|1631230,1629052|1630215|1641741|1642024|1642348,2024-25,192,0.1702127659574468
128369,02:32,"Council IV S.FOUL (P4.T4) (J.Van Duyne)
MISS Young Free Throw 1 of 2
HAWKS Rebound
Young Free Throw 2 of 2 (8 PTS)
",0,0,0,0,2025-03-23,0022401031,0,0,PHI,3,1,18,02:42,Off At Rim Make,0,Council IV S.FOUL (P4.T4) (J.Van Duyne),,ATL,PHI,ATL,1610612737,2025,1998.0,2008.0,2003.0,1627747|1627777|1629027|1629611|1631230,1629052|1629656|1630215|1641741|1642024,2024-25,469,0.12
128391,07:27,"MISS Risacher Running Dunk: Edwards BLOCK (2 BLK)
HAWKS Rebound
Edwards L.B.FOUL (P1.T1) (M.Myers)
Risacher 2' Floating Jump Shot (16 PTS) (Gueye 2 AST)
Yabusele S.FOUL (P1.T2) (J.Van Duyne)
Risacher Free Throw 1 of 1 (17 PTS)
",2,1,0,0,2025-03-23,0022401031,0,1,PHI,3,1,16,07:43,Off Steal,0,Edwards L.B.FOUL (P1.T1) (M.Myers),,ATL,PHI,ATL,1610612737,2025,1697.0,1713.0,1705.0,1629027|1630168|1630700|1631243|1642258,1627824|1629643|1629656|1630288|1642348,2024-25,388,0.24242424242424243
128371,02:32,"Council IV S.FOUL (P4.T4) (J.Van Duyne)
MISS Young Free Throw 1 of 2
HAWKS Rebound
Young Free Throw 2 of 2 (8 PTS)
",0,0,0,0,2025-03-23,0022401031,0,0,PHI,3,1,18,02:42,Off At Rim Make,0,HAWKS Rebound,,ATL,PHI,ATL,1610612737,2025,1998.0,2008.0,2003.0,1627747|1627777|1629027|1629611|1631230,1629052|1629656|1630215|1641741|1642024,2024-25,466,0.26666666666666666
128340,05:33,"Okeke P.FOUL (P1.T3) (J.Goble)
Krejci 1' Driving Dunk (5 PTS) (LeVert 4 AST)
",1,1,0,0,2025-03-23,0022401031,0,0,PHI,2,0,11,05:45,Off Short Mid-Range Miss,0,Krejci 1' Driving Dunk (5 PTS) (LeVert 4 AST),,ATL,PHI,ATL,1610612737,2025,1095.0,1107.0,1101.0,1627747|1630168|1630249|1630700|1642258,1627824|1629052|1629643|1630215|1642348,2024-25,243,0.125
128399,08:01,"MISS Daniels 7' Floating Jump Shot
Okongwu REBOUND (Off:1 Def:6)
MISS Okongwu Tip Layup Shot
HAWKS Rebound
Risacher 25' 3PT Jump Shot (14 PTS) (Young 9 AST)
",2,0,1,1,2025-03-23,0022401031,0,2,PHI,3,0,13,08:22,Off Timeout,0,Risacher 25' 3PT Jump Shot (14 PTS) (Young 9 AST),,ATL,PHI,ATL,1610612737,2025,1658.0,1679.0,1668.5,1629027|1630168|1630700|1631243|1642258,1627824|1629643|1629656|1630288|1642348,2024-25,421,0.6666666666666666
128343,06:47,"Okongwu OFF.Foul (P2) (J.Van Duyne)
Okongwu Offensive Foul Turnover (P1.T8)
",0,0,0,0,2025-03-23,0022401031,0,0,PHI,2,0,13,07:11,Off Timeout,1,Okongwu OFF.Foul (P2) (J.Van Duyne),,ATL,PHI,ATL,1610612737,2025,1009.0,1033.0,1021.0,1627747|1630168|1630249|1630700|1642258,1627824|1629052|1629643|1630215|1642348,2024-25,235,0.49411764705882355
128398,08:01,"MISS Daniels 7' Floating Jump Shot
Okongwu REBOUND (Off:1 Def:6)
MISS Okongwu Tip Layup Shot
HAWKS Rebound
Risacher 25' 3PT Jump Shot (14 PTS) (Young 9 AST)
",2,0,1,1,2025-03-23,0022401031,0,2,PHI,3,0,13,08:22,Off Timeout,0,HAWKS Rebound,,ATL,PHI,ATL,1610612737,2025,1658.0,1679.0,1668.5,1629027|1630168|1630700|1631243|1642258,1627824|1629643|1629656|1630288|1642348,2024-25,428,0.5714285714285714
128396,08:01,"MISS Daniels 7' Floating Jump Shot
Okongwu REBOUND (Off:1 Def:6)
MISS Okongwu Tip Layup Shot
HAWKS Rebound
Risacher 25' 3PT Jump Shot (14 PTS) (Young 9 AST)
",2,0,1,1,2025-03-23,0022401031,0,2,PHI,3,0,13,08:22,Off Timeout,0,Okongwu REBOUND (Off:1 Def:6),,ATL,PHI,ATL,1610612737,2025,1658.0,1679.0,1668.5,1629027|1630168|1630700|1631243|1642258,1627824|1629643|1629656|1630288|1642348,2024-25,378,0.2222222222222222
128395,08:01,"MISS Daniels 7' Floating Jump Shot
Okongwu REBOUND (Off:1 Def:6)
MISS Okongwu Tip Layup Shot
HAWKS Rebound
Risacher 25' 3PT Jump Shot (14 PTS) (Young 9 AST)
",2,0,1,1,2025-03-23,0022401031,0,2,PHI,3,0,13,08:22,Off Timeout,0,MISS Daniels 7' Floating Jump Shot,,ATL,PHI,ATL,1610612737,2025,1658.0,1679.0,1668.5,1629027|1630168|1630700|1631243|1642258,1627824|1629643|1629656|1630288|1642348,2024-25,373,0.4482758620689655
128394,07:27,"MISS Risacher Running Dunk: Edwards BLOCK (2 BLK)
HAWKS Rebound
Edwards L.B.FOUL (P1.T1) (M.Myers)
Risacher 2' Floating Jump Shot (16 PTS) (Gueye 2 AST)
Yabusele S.FOUL (P1.T2) (J.Van Duyne)
Risacher Free Throw 1 of 1 (17 PTS)
",2,1,0,0,2025-03-23,0022401031,0,1,PHI,3,1,16,07:43,Off Steal,0,Risacher Free Throw 1 of 1 (17 PTS),,ATL,PHI,ATL,1610612737,2025,1697.0,1713.0,1705.0,1629027|1630168|1630700|1631243|1642258,1627824|1629643|1629656|1630288|1642348,2024-25,391,0.6666666666666666
128393,07:27,"MISS Risacher Running Dunk: Edwards BLOCK (2 BLK)
HAWKS Rebound
Edwards L.B.FOUL (P1.T1) (M.Myers)
Risacher 2' Floating Jump Shot (16 PTS) (Gueye 2 AST)
Yabusele S.FOUL (P1.T2) (J.Van Duyne)
Risacher Free Throw 1 of 1 (17 PTS)
",2,1,0,0,2025-03-23,0022401031,0,1,PHI,3,1,16,07:43,Off Steal,0,Yabusele S.FOUL (P1.T2) (J.Van Duyne),,ATL,PHI,ATL,1610612737,2025,1697.0,1713.0,1705.0,1629027|1630168|1630700|1631243|1642258,1627824|1629643|1629656|1630288|1642348,2024-25,388,0.2898550724637681
128392,07:27,"MISS Risacher Running Dunk: Edwards BLOCK (2 BLK)
HAWKS Rebound
Edwards L.B.FOUL (P1.T1) (M.Myers)
Risacher 2' Floating Jump Shot (16 PTS) (Gueye 2 AST)
Yabusele S.FOUL (P1.T2) (J.Van Duyne)
Risacher Free Throw 1 of 1 (17 PTS)
",2,1,0,0,2025-03-23,0022401031,0,1,PHI,3,1,16,07:43,Off Steal,0,Risacher 2' Floating Jump Shot (16 PTS) (Gueye 2 AST),,ATL,PHI,ATL,1610612737,2025,1697.0,1713.0,1705.0,1629027|1630168|1630700|1631243|1642258,1627824|1629643|1629656|1630288|1642348,2024-25,388,0.25882352941176473
128390,07:27,"MISS Risacher Running Dunk: Edwards BLOCK (2 BLK)
HAWKS Rebound
Edwards L.B.FOUL (P1.T1) (M.Myers)
Risacher 2' Floating Jump Shot (16 PTS) (Gueye 2 AST)
Yabusele S.FOUL (P1.T2) (J.Van Duyne)
Risacher Free Throw 1 of 1 (17 PTS)
",2,1,0,0,2025-03-23,0022401031,0,1,PHI,3,1,16,07:43,Off Steal,0,HAWKS Rebound,,ATL,PHI,ATL,1610612737,2025,1697.0,1713.0,1705.0,1629027|1630168|1630700|1631243|1642258,1627824|1629643|1629656|1630288|1642348,2024-25,383,0.19047619047619047
128389,07:27,"MISS Risacher Running Dunk: Edwards BLOCK (2 BLK)
HAWKS Rebound
Edwards L.B.FOUL (P1.T1) (M.Myers)
Risacher 2' Floating Jump Shot (16 PTS) (Gueye 2 AST)
Yabusele S.FOUL (P1.T2) (J.Van Duyne)
Risacher Free Throw 1 of 1 (17 PTS)
",2,1,0,0,2025-03-23,0022401031,0,1,PHI,3,1,16,07:43,Off Steal,0,MISS Risacher Running Dunk: Edwards BLOCK (2 BLK),,ATL,PHI,ATL,1610612737,2025,1697.0,1713.0,1705.0,1629027|1630168|1630700|1631243|1642258,1627824|1629643|1629656|1630288|1642348,2024-25,381,0.3434343434343434
128388,06:53,"MISS Risacher 3PT Jump Shot
Okeke REBOUND (Off:3 Def:1)
",0,0,1,0,2025-03-23,0022401031,0,0,PHI,3,0,19,07:03,Off Steal,0,Okeke REBOUND (Off:3 Def:1),,ATL,PHI,ATL,1610612737,2025,1737.0,1747.0,1742.0,1627747|1630168|1630700|1631243|1642258,1627824|1629643|1629656|1630288|1642348,2024-25,392,0.18181818181818182
128387,06:53,"MISS Risacher 3PT Jump Shot
Okeke REBOUND (Off:3 Def:1)
",0,0,1,0,2025-03-23,0022401031,0,0,PHI,3,0,19,07:03,Off Steal,0,MISS Risacher 3PT Jump Shot,,ATL,PHI,ATL,1610612737,2025,1737.0,1747.0,1742.0,1627747|1630168|1630700|1631243|1642258,1627824|1629643|1629656|1630288|1642348,2024-25,400,0.16666666666666666
128397,08:01,"MISS Daniels 7' Floating Jump Shot
Okongwu REBOUND (Off:1 Def:6)
MISS Okongwu Tip Layup Shot
HAWKS Rebound
Risacher 25' 3PT Jump Shot (14 PTS) (Young 9 AST)
",2,0,1,1,2025-03-23,0022401031,0,2,PHI,3,0,13,08:22,Off Timeout,0,MISS Okongwu Tip Layup Shot,,ATL,PHI,ATL,1610612737,2025,1658.0,1679.0,1668.5,1629027|1630168|1630700|1631243|1642258,1627824|1629643|1629656|1630288|1642348,2024-25,375,0.22727272727272727
128370,02:32,"Council IV S.FOUL (P4.T4) (J.Van Duyne)
MISS Young Free Throw 1 of 2
HAWKS Rebound
Young Free Throw 2 of 2 (8 PTS)
",0,0,0,0,2025-03-23,0022401031,0,0,PHI,3,1,18,02:42,Off At Rim Make,0,MISS Young Free Throw 1 of 2,,ATL,PHI,ATL,1610612737,2025,1998.0,2008.0,2003.0,1627747|1627777|1629027|1629611|1631230,1629052|1629656|1630215|1641741|1642024,2024-25,465,0.25396825396825395
128345,07:40,"Niang 3PT Jump Shot (12 PTS) (Krejci 1 AST)
",0,0,1,1,2025-03-23,0022401031,0,0,PHI,2,0,13,08:03,Off FT Make,0,Niang 3PT Jump Shot (12 PTS) (Krejci 1 AST),,ATL,PHI,ATL,1610612737,2025,957.0,980.0,968.5,1627777|1629611|1630249|1630700|1631230,1627824|1629052|1629643|1630215|1642348,2024-25,204,0.13114754098360656
128348,08:21,"MISS Young 33' 3PT Pullup Jump Shot
Barlow REBOUND (Off:2 Def:3)
Krejci 26' 3PT Jump Shot (3 PTS) (Barlow 2 AST)
",0,0,2,1,2025-03-23,0022401031,0,1,PHI,2,0,11,08:34,Off Short Mid-Range Make,0,Krejci 26' 3PT Jump Shot (3 PTS) (Barlow 2 AST),,ATL,PHI,ATL,1610612737,2025,926.0,939.0,932.5,1627777|1629027|1629611|1630249|1631230,1629052|1630215|1641741|1642024|1642348,2024-25,203,0.27692307692307694
128335,04:09,"MISS Daniels 27' 3PT Pullup Jump Shot
LeVert REBOUND (Off:1 Def:0)
LeVert 8' Fadeaway Jumper (5 PTS) (Krejci 2 AST)
",1,1,1,0,2025-03-23,0022401031,0,1,PHI,2,0,13,04:49,Off FT Make,0,MISS Daniels 27' 3PT Pullup Jump Shot,,ATL,PHI,ATL,1610612737,2025,1151.0,1191.0,1171.0,1627747|1630168|1630249|1630700|1642258,1627824|1629643|1629656|1630215|1642348,2024-25,257,0.13559322033898305
128357,09:51,"MISS Niang 26' 3PT Jump Shot
Brissett REBOUND (Off:0 Def:2)
",0,0,1,0,2025-03-23,0022401031,0,0,PHI,2,0,12,10:01,Off Short Mid-Range Miss,0,Brissett REBOUND (Off:0 Def:2),,ATL,PHI,ATL,1610612737,2025,839.0,849.0,844.0,1627777|1629027|1629611|1630249|1631230,1629052|1630215|1641741|1642024|1642348,2024-25,181,0.3333333333333333
128358,10:16,"Niang Bad Pass Turnover (P2.T6): Reese STEAL (1 STL)
",0,0,0,0,2025-03-23,0022401031,0,0,PHI,2,0,12,10:25,Off FT Make,1,Niang Bad Pass Turnover (P2.T6): Reese STEAL (1 STL),,ATL,PHI,ATL,1610612737,2025,815.0,824.0,819.5,1627777|1629027|1629611|1630249|1631230,1629052|1630215|1641741|1642024|1642348,2024-25,178,0.14084507042253522
128359,10:38,"Barlow 1' Dunk (2 PTS) (Young 3 AST)
",1,1,0,0,2025-03-23,0022401031,0,0,PHI,2,0,11,10:45,Off Long Mid-Range Make,0,Barlow 1' Dunk (2 PTS) (Young 3 AST),,ATL,PHI,ATL,1610612737,2025,795.0,802.0,798.5,1627777|1629027|1629611|1630249|1631230,1629052|1630215|1641741|1642024|1642348,2024-25,171,0.10909090909090909
128360,11:00,"Niang Bad Pass Turnover (P1.T5): Council IV STEAL (1 STL)
",0,0,0,0,2025-03-23,0022401031,0,0,PHI,2,0,13,11:01,Off Arc 3 Miss,1,Niang Bad Pass Turnover (P1.T5): Council IV STEAL (1 STL),,ATL,PHI,ATL,1610612737,2025,779.0,780.0,779.5,1627777|1629027|1629611|1630249|1631230,1629052|1630215|1641741|1642024|1642348,2024-25,162,0.3218390804597701
128363,00:00,"MISS Young 21' Pullup Jump Shot
Barlow REBOUND (Off:4 Def:3)
",1,0,0,0,2025-03-23,0022401031,0,1,PHI,3,0,23,00:11,Off Long Mid-Range Make,0,Barlow REBOUND (Off:4 Def:3),,ATL,PHI,ATL,1610612737,2025,2149.0,2160.0,2154.5,1627747|1627777|1629027|1629611|1631230,1629052|1629643|1630215|1641741|1642024,2024-25,502,0.17391304347826086
128362,00:00,"MISS Young 21' Pullup Jump Shot
Barlow REBOUND (Off:4 Def:3)
",1,0,0,0,2025-03-23,0022401031,0,1,PHI,3,0,23,00:11,Off Long Mid-Range Make,0,MISS Young 21' Pullup Jump Shot,,ATL,PHI,ATL,1610612737,2025,2149.0,2160.0,2154.5,1627747|1627777|1629027|1629611|1631230,1629052|1629643|1630215|1641741|1642024,2024-25,501,0.16666666666666666
128364,00:31,"Young 5' Driving Floating Jump Shot (16 PTS)
",1,1,0,0,2025-03-23,0022401031,0,0,PHI,3,0,23,00:36,Off FT Make,0,Young 5' Driving Floating Jump Shot (16 PTS),,ATL,PHI,ATL,1610612737,2025,2124.0,2129.0,2126.5,1627747|1627777|1629027|1629611|1631230,1629052|1629643|1630215|1641741|1642024,2024-25,499,0.42
128365,00:46,"Barlow 3PT Jump Shot (10 PTS) (LeVert 6 AST)
",0,0,1,1,2025-03-23,0022401031,0,0,PHI,3,0,22,01:06,Off FT Make,0,Barlow 3PT Jump Shot (10 PTS) (LeVert 6 AST),,ATL,PHI,ATL,1610612737,2025,2094.0,2114.0,2104.0,1627747|1627777|1629027|1629611|1631230,1629052|1629656|1630215|1641741|1642024,2024-25,491,0.18421052631578946
128347,08:21,"MISS Young 33' 3PT Pullup Jump Shot
Barlow REBOUND (Off:2 Def:3)
Krejci 26' 3PT Jump Shot (3 PTS) (Barlow 2 AST)
",0,0,2,1,2025-03-23,0022401031,0,1,PHI,2,0,11,08:34,Off Short Mid-Range Make,0,Barlow REBOUND (Off:2 Def:3),,ATL,PHI,ATL,1610612737,2025,926.0,939.0,932.5,1627777|1629027|1629611|1630249|1631230,1629052|1630215|1641741|1642024|1642348,2024-25,202,0.2807017543859649
128367,01:47,"Young 25' 3PT Running Pull-Up Jump Shot (14 PTS) (Niang 2 AST)
",0,0,1,1,2025-03-23,0022401031,0,0,PHI,3,0,20,01:52,Off Steal,0,Young 25' 3PT Running Pull-Up Jump Shot (14 PTS) (Niang 2 AST),,ATL,PHI,ATL,1610612737,2025,2048.0,2053.0,2050.5,1627747|1627777|1629027|1629611|1631230,1629052|1629656|1630215|1641741|1642024,2024-25,475,0.26262626262626265
128366,01:18,"Niang 25' 3PT Jump Shot (15 PTS) (Young 10 AST)
",0,0,1,1,2025-03-23,0022401031,0,0,PHI,3,0,21,01:33,Off FT Make,0,Niang 25' 3PT Jump Shot (15 PTS) (Young 10 AST),,ATL,PHI,ATL,1610612737,2025,2067.0,2082.0,2074.5,1627747|1627777|1629027|1629611|1631230,1629052|1629656|1630215|1641741|1642024,2024-25,482,0.09090909090909091
128361,11:21,"Mann 1' Layup (7 PTS) (Barlow 1 AST)
",1,1,0,0,2025-03-23,0022401031,0,0,PHI,2,0,11,11:33,Off Arc 3 Miss,0,Mann 1' Layup (7 PTS) (Barlow 1 AST),,ATL,PHI,ATL,1610612737,2025,747.0,759.0,753.0,1627777|1629027|1629611|1630249|1631230,1629052|1630215|1641741|1642024|1642348,2024-25,159,0.22857142857142856
128355,09:31,"Butler P.FOUL (P1.T1) (J.Goble)
Young Traveling Turnover (P2.T7)
",0,0,0,0,2025-03-23,0022401031,0,0,PHI,2,0,10,09:47,Off FT Make,1,Young Traveling Turnover (P2.T7),,ATL,PHI,ATL,1610612737,2025,853.0,869.0,861.0,1627777|1629027|1629611|1630249|1631230,1629052|1630215|1641741|1642024|1642348,2024-25,190,0.36585365853658536
128346,08:21,"MISS Young 33' 3PT Pullup Jump Shot
Barlow REBOUND (Off:2 Def:3)
Krejci 26' 3PT Jump Shot (3 PTS) (Barlow 2 AST)
",0,0,2,1,2025-03-23,0022401031,0,1,PHI,2,0,11,08:34,Off Short Mid-Range Make,0,MISS Young 33' 3PT Pullup Jump Shot,,ATL,PHI,ATL,1610612737,2025,926.0,939.0,932.5,1627777|1629027|1629611|1630249|1631230,1629052|1630215|1641741|1642024|1642348,2024-25,201,0.1839080459770115
128353,08:53,"MISS Krejci 3PT Running Jump Shot
Barlow REBOUND (Off:1 Def:3)
Barlow 2' Putback Layup (4 PTS)
Reese S.FOUL (P2.T2) (M.Myers)
Barlow Free Throw 1 of 1 (5 PTS)
",1,1,1,0,2025-03-23,0022401031,0,1,PHI,2,1,10,09:00,Off At Rim Miss,0,Barlow Free Throw 1 of 1 (5 PTS),,ATL,PHI,ATL,1610612737,2025,900.0,907.0,903.5,1627777|1629027|1629611|1630249|1631230,1629052|1630215|1641741|1642024|1642348,2024-25,199,0.136986301369863
128352,08:53,"MISS Krejci 3PT Running Jump Shot
Barlow REBOUND (Off:1 Def:3)
Barlow 2' Putback Layup (4 PTS)
Reese S.FOUL (P2.T2) (M.Myers)
Barlow Free Throw 1 of 1 (5 PTS)
",1,1,1,0,2025-03-23,0022401031,0,1,PHI,2,1,10,09:00,Off At Rim Miss,0,Reese S.FOUL (P2.T2) (M.Myers),,ATL,PHI,ATL,1610612737,2025,900.0,907.0,903.5,1627777|1629027|1629611|1630249|1631230,1629052|1630215|1641741|1642024|1642348,2024-25,228,0.3829787234042553
128351,08:53,"MISS Krejci 3PT Running Jump Shot
Barlow REBOUND (Off:1 Def:3)
Barlow 2' Putback Layup (4 PTS)
Reese S.FOUL (P2.T2) (M.Myers)
Barlow Free Throw 1 of 1 (5 PTS)
",1,1,1,0,2025-03-23,0022401031,0,1,PHI,2,1,10,09:00,Off At Rim Miss,0,Barlow 2' Putback Layup (4 PTS),,ATL,PHI,ATL,1610612737,2025,900.0,907.0,903.5,1627777|1629027|1629611|1630249|1631230,1629052|1630215|1641741|1642024|1642348,2024-25,196,0.9032258064516129
128350,08:53,"MISS Krejci 3PT Running Jump Shot
Barlow REBOUND (Off:1 Def:3)
Barlow 2' Putback Layup (4 PTS)
Reese S.FOUL (P2.T2) (M.Myers)
Barlow Free Throw 1 of 1 (5 PTS)
",1,1,1,0,2025-03-23,0022401031,0,1,PHI,2,1,10,09:00,Off At Rim Miss,0,Barlow REBOUND (Off:1 Def:3),,ATL,PHI,ATL,1610612737,2025,900.0,907.0,903.5,1627777|1629027|1629611|1630249|1631230,1629052|1630215|1641741|1642024|1642348,2024-25,195,0.4827586206896552
128349,08:53,"MISS Krejci 3PT Running Jump Shot
Barlow REBOUND (Off:1 Def:3)
Barlow 2' Putback Layup (4 PTS)
Reese S.FOUL (P2.T2) (M.Myers)
Barlow Free Throw 1 of 1 (5 PTS)
",1,1,1,0,2025-03-23,0022401031,0,1,PHI,2,1,10,09:00,Off At Rim Miss,0,MISS Krejci 3PT Running Jump Shot,,ATL,PHI,ATL,1610612737,2025,900.0,907.0,903.5,1627777|1629027|1629611|1630249|1631230,1629052|1630215|1641741|1642024|1642348,2024-25,194,0.4411764705882353
128356,09:51,"MISS Niang 26' 3PT Jump Shot
Brissett REBOUND (Off:0 Def:2)
",0,0,1,0,2025-03-23,0022401031,0,0,PHI,2,0,12,10:01,Off Short Mid-Range Miss,0,MISS Niang 26' 3PT Jump Shot,,ATL,PHI,ATL,1610612737,2025,839.0,849.0,844.0,1627777|1629027|1629611|1630249|1631230,1629052|1630215|1641741|1642024|1642348,2024-25,182,0.4482758620689655
128386,06:19,"Risacher 4' Driving Layup (19 PTS)
",1,1,0,0,2025-03-23,0022401031,0,0,PHI,3,0,19,06:36,Off Arc 3 Miss,0,Risacher 4' Driving Layup (19 PTS),,ATL,PHI,ATL,1610612737,2025,1764.0,1781.0,1772.5,1627747|1630168|1630700|1631243|1642258,1627824|1629643|1629656|1630288|1642348,2024-25,406,0.34782608695652173
128344,06:47,"Okongwu OFF.Foul (P2) (J.Van Duyne)
Okongwu Offensive Foul Turnover (P1.T8)
",0,0,0,0,2025-03-23,0022401031,0,0,PHI,2,0,13,07:11,Off Timeout,1,Okongwu Offensive Foul Turnover (P1.T8),,ATL,PHI,ATL,1610612737,2025,1009.0,1033.0,1021.0,1627747|1630168|1630249|1630700|1642258,1627824|1629052|1629643|1630215|1642348,2024-25,230,0.14035087719298245
128383,04:50,"LeVert Bad Pass Turnover (P1.T13): Grimes STEAL (1 STL)
",0,0,0,0,2025-03-23,0022401031,0,0,PHI,3,0,21,04:53,Off Arc 3 Miss,1,LeVert Bad Pass Turnover (P1.T13): Grimes STEAL (1 STL),,ATL,PHI,ATL,1610612737,2025,1867.0,1870.0,1868.5,1627747|1627777|1630700|1631230|1642258,1627824|1629052|1629656|1641741|1642348,2024-25,427,0.25
128293,03:06,"Reese S.FOUL (P1.T1) (J.Goble)
Young Free Throw 1 of 2 (5 PTS)
Young Free Throw 2 of 2 (6 PTS)
",0,0,0,0,2025-03-23,0022401031,0,0,PHI,1,1,6,03:24,Off Short Mid-Range Make,0,Reese S.FOUL (P1.T1) (J.Goble),,ATL,PHI,ATL,1610612737,2025,516.0,534.0,525.0,1627747|1627777|1629027|1629611|1631230,1629656|1630215|1641741|1642024|1642348,2024-25,114,0.25
128292,02:36,"MISS LeVert 26' 3PT Jump Shot
Grimes REBOUND (Off:0 Def:1)
",0,0,1,0,2025-03-23,0022401031,0,0,PHI,1,0,6,02:53,Off At Rim Make,0,Grimes REBOUND (Off:0 Def:1),,ATL,PHI,ATL,1610612737,2025,547.0,564.0,555.5,1627747|1627777|1629027|1629611|1631230,1629656|1630215|1641741|1642024|1642348,2024-25,127,0.31746031746031744
128291,02:36,"MISS LeVert 26' 3PT Jump Shot
Grimes REBOUND (Off:0 Def:1)
",0,0,1,0,2025-03-23,0022401031,0,0,PHI,1,0,6,02:53,Off At Rim Make,0,MISS LeVert 26' 3PT Jump Shot,,ATL,PHI,ATL,1610612737,2025,547.0,564.0,555.5,1627747|1627777|1629027|1629611|1631230,1629656|1630215|1641741|1642024|1642348,2024-25,113,0.5283018867924528
128290,02:18,"Mann 3PT Jump Shot (3 PTS) (LeVert 3 AST)
",0,0,1,1,2025-03-23,0022401031,0,0,PHI,1,0,4,02:32,Off FT Make,0,Mann 3PT Jump Shot (3 PTS) (LeVert 3 AST),,ATL,PHI,ATL,1610612737,2025,568.0,582.0,575.0,1627747|1627777|1629027|1629611|1631230,1629052|1629656|1630215|1641741|1642024,2024-25,121,0.06896551724137931
128289,01:30,"76ers T.Foul (Def. 3 Sec Reese ) (M.Myers)
Young Free Throw Technical (7 PTS)
MISS LeVert 2' Driving Layup
Council IV REBOUND (Off:0 Def:1)
",1,0,0,0,2025-03-23,0022401031,0,0,PHI,1,0,7,01:52,Off Short Mid-Range Miss,0,Council IV REBOUND (Off:0 Def:1),,ATL,PHI,ATL,1610612737,2025,608.0,630.0,619.0,1627747|1627777|1629027|1629611|1631230,1629052|1629656|1630215|1641741|1642024,2024-25,139,0.7301587301587301
128288,01:30,"76ers T.Foul (Def. 3 Sec Reese ) (M.Myers)
Young Free Throw Technical (7 PTS)
MISS LeVert 2' Driving Layup
Council IV REBOUND (Off:0 Def:1)
",1,0,0,0,2025-03-23,0022401031,0,0,PHI,1,0,7,01:52,Off Short Mid-Range Miss,0,MISS LeVert 2' Driving Layup,,ATL,PHI,ATL,1610612737,2025,608.0,630.0,619.0,1627747|1627777|1629027|1629611|1631230,1629052|1629656|1630215|1641741|1642024,2024-25,127,0.25396825396825395
128287,01:30,"76ers T.Foul (Def. 3 Sec Reese ) (M.Myers)
Young Free Throw Technical (7 PTS)
MISS LeVert 2' Driving Layup
Council IV REBOUND (Off:0 Def:1)
",1,0,0,0,2025-03-23,0022401031,0,0,PHI,1,0,7,01:52,Off Short Mid-Range Miss,0,Young Free Throw Technical (7 PTS),,ATL,PHI,ATL,1610612737,2025,608.0,630.0,619.0,1627747|1627777|1629027|1629611|1631230,1629052|1629656|1630215|1641741|1642024,2024-25,126,0.2
128286,01:30,"76ers T.Foul (Def. 3 Sec Reese ) (M.Myers)
Young Free Throw Technical (7 PTS)
MISS LeVert 2' Driving Layup
Council IV REBOUND (Off:0 Def:1)
",1,0,0,0,2025-03-23,0022401031,0,0,PHI,1,0,7,01:52,Off Short Mid-Range Miss,0,76ers T.Foul (Def. 3 Sec Reese ) (M.Myers),,ATL,PHI,ATL,1610612737,2025,608.0,630.0,619.0,1627747|1627777|1629027|1629611|1631230,1629052|1629656|1630215|1641741|1642024,2024-25,158,0.3125
128284,00:31,"MISS Mann 4' Running Layup
Niang REBOUND (Off:1 Def:1)
MISS Mann 25' 3PT Jump Shot
Brissett REBOUND (Off:0 Def:1)
",1,0,1,0,2025-03-23,0022401031,0,1,PHI,1,0,8,00:53,Off Steal,0,Brissett REBOUND (Off:0 Def:1),,ATL,PHI,ATL,1610612737,2025,667.0,689.0,678.0,1627747|1627777|1629027|1629611|1631230,1629052|1629656|1630215|1641741|1642024,2024-25,134,0.23529411764705882
128283,00:31,"MISS Mann 4' Running Layup
Niang REBOUND (Off:1 Def:1)
MISS Mann 25' 3PT Jump Shot
Brissett REBOUND (Off:0 Def:1)
",1,0,1,0,2025-03-23,0022401031,0,1,PHI,1,0,8,00:53,Off Steal,0,MISS Mann 25' 3PT Jump Shot,,ATL,PHI,ATL,1610612737,2025,667.0,689.0,678.0,1627747|1627777|1629027|1629611|1631230,1629052|1629656|1630215|1641741|1642024,2024-25,136,0.3111111111111111
128282,00:31,"MISS Mann 4' Running Layup
Niang REBOUND (Off:1 Def:1)
MISS Mann 25' 3PT Jump Shot
Brissett REBOUND (Off:0 Def:1)
",1,0,1,0,2025-03-23,0022401031,0,1,PHI,1,0,8,00:53,Off Steal,0,Niang REBOUND (Off:1 Def:1),,ATL,PHI,ATL,1610612737,2025,667.0,689.0,678.0,1627747|1627777|1629027|1629611|1631230,1629052|1629656|1630215|1641741|1642024,2024-25,134,0.20833333333333334
128281,00:31,"MISS Mann 4' Running Layup
Niang REBOUND (Off:1 Def:1)
MISS Mann 25' 3PT Jump Shot
Brissett REBOUND (Off:0 Def:1)
",1,0,1,0,2025-03-23,0022401031,0,1,PHI,1,0,8,00:53,Off Steal,0,MISS Mann 4' Running Layup,,ATL,PHI,ATL,1610612737,2025,667.0,689.0,678.0,1627747|1627777|1629027|1629611|1631230,1629052|1629656|1630215|1641741|1642024,2024-25,133,0.32558139534883723
128280,00:03,"Brissett S.FOUL (P1.T2) (M.Myers)
Niang Free Throw 1 of 3 (7 PTS)
Niang Free Throw 2 of 3 (8 PTS)
Niang Free Throw 3 of 3 (9 PTS)
",0,0,0,0,2025-03-23,0022401031,0,0,PHI,1,1,8,00:24,Off At Rim Miss,0,Niang Free Throw 3 of 3 (9 PTS),,ATL,PHI,ATL,1610612737,2025,696.0,717.0,706.5,1627747|1627777|1629027|1629611|1631230,1629052|1629656|1630215|1641741|1642024,2024-25,144,0.37037037037037035
128279,00:03,"Brissett S.FOUL (P1.T2) (M.Myers)
Niang Free Throw 1 of 3 (7 PTS)
Niang Free Throw 2 of 3 (8 PTS)
Niang Free Throw 3 of 3 (9 PTS)
",0,0,0,0,2025-03-23,0022401031,0,0,PHI,1,1,8,00:24,Off At Rim Miss,0,Niang Free Throw 2 of 3 (8 PTS),,ATL,PHI,ATL,1610612737,2025,696.0,717.0,706.5,1627747|1627777|1629027|1629611|1631230,1629052|1629656|1630215|1641741|1642024,2024-25,143,0.3225806451612903
128278,00:03,"Brissett S.FOUL (P1.T2) (M.Myers)
Niang Free Throw 1 of 3 (7 PTS)
Niang Free Throw 2 of 3 (8 PTS)
Niang Free Throw 3 of 3 (9 PTS)
",0,0,0,0,2025-03-23,0022401031,0,0,PHI,1,1,8,00:24,Off At Rim Miss,0,Niang Free Throw 1 of 3 (7 PTS),,ATL,PHI,ATL,1610612737,2025,696.0,717.0,706.5,1627747|1627777|1629027|1629611|1631230,1629052|1629656|1630215|1641741|1642024,2024-25,142,0.32941176470588235
128277,00:03,"Brissett S.FOUL (P1.T2) (M.Myers)
Niang Free Throw 1 of 3 (7 PTS)
Niang Free Throw 2 of 3 (8 PTS)
Niang Free Throw 3 of 3 (9 PTS)
",0,0,0,0,2025-03-23,0022401031,0,0,PHI,1,1,8,00:24,Off At Rim Miss,0,Brissett S.FOUL (P1.T2) (M.Myers),,ATL,PHI,ATL,1610612737,2025,696.0,717.0,706.5,1627747|1627777|1629027|1629611|1631230,1629052|1629656|1630215|1641741|1642024,2024-25,150,0.37333333333333335
128305,06:46,"MISS Daniels 8' Driving Floating Jump Shot
Gueye REBOUND (Off:1 Def:0)
Gueye Tip Layup Shot (2 PTS)
",2,1,0,0,2025-03-23,0022401031,0,1,PHI,1,0,0,07:06,Off Steal,0,Gueye REBOUND (Off:1 Def:0),,ATL,PHI,ATL,1610612737,2025,294.0,314.0,304.0,1629027|1630168|1630700|1631243|1642258,1627824|1629643|1629656|1630288|1642348,2024-25,66,0.7457627118644068
128306,06:46,"MISS Daniels 8' Driving Floating Jump Shot
Gueye REBOUND (Off:1 Def:0)
Gueye Tip Layup Shot (2 PTS)
",2,1,0,0,2025-03-23,0022401031,0,1,PHI,1,0,0,07:06,Off Steal,0,Gueye Tip Layup Shot (2 PTS),,ATL,PHI,ATL,1610612737,2025,294.0,314.0,304.0,1629027|1630168|1630700|1631243|1642258,1627824|1629643|1629656|1630288|1642348,2024-25,55,0.5
128307,07:19,"MISS Gueye 3' Running Layup: Edwards BLOCK (1 BLK)
76ers Rebound
",1,0,0,0,2025-03-23,0022401031,0,0,PHI,1,0,0,07:24,Off Arc 3 Miss,0,MISS Gueye 3' Running Layup: Edwards BLOCK (1 BLK),,ATL,PHI,ATL,1610612737,2025,276.0,281.0,278.5,1629027|1630168|1630700|1631243|1642258,1627824|1629643|1629656|1630288|1642348,2024-25,47,0.2716049382716049
128384,05:07,"Risacher 3PT Jump Shot (22 PTS) (Daniels 2 AST)
",0,0,1,1,2025-03-23,0022401031,0,0,PHI,3,0,18,05:19,Off Arc 3 Make,0,Risacher 3PT Jump Shot (22 PTS) (Daniels 2 AST),,ATL,PHI,ATL,1610612737,2025,1841.0,1853.0,1847.0,1627747|1627777|1630700|1631230|1642258,1627824|1629052|1629656|1641741|1642348,2024-25,423,0.27722772277227725
128308,07:19,"MISS Gueye 3' Running Layup: Edwards BLOCK (1 BLK)
76ers Rebound
",1,0,0,0,2025-03-23,0022401031,0,0,PHI,1,0,0,07:24,Off Arc 3 Miss,0,76ers Rebound,,ATL,PHI,ATL,1610612737,2025,276.0,281.0,278.5,1629027|1630168|1630700|1631243|1642258,1627824|1629643|1629656|1630288|1642348,2024-25,58,0.35555555555555557
128295,03:06,"Reese S.FOUL (P1.T1) (J.Goble)
Young Free Throw 1 of 2 (5 PTS)
Young Free Throw 2 of 2 (6 PTS)
",0,0,0,0,2025-03-23,0022401031,0,0,PHI,1,1,6,03:24,Off Short Mid-Range Make,0,Young Free Throw 2 of 2 (6 PTS),,ATL,PHI,ATL,1610612737,2025,516.0,534.0,525.0,1627747|1627777|1629027|1629611|1631230,1629656|1630215|1641741|1642024|1642348,2024-25,110,0.25806451612903225
128296,03:50,"Risacher 6' Turnaround Hook Shot (4 PTS)
",1,1,0,0,2025-03-23,0022401031,0,0,PHI,1,0,6,03:56,Off Long Mid-Range Miss,0,Risacher 6' Turnaround Hook Shot (4 PTS),,ATL,PHI,ATL,1610612737,2025,484.0,490.0,487.0,1627747|1627777|1630168|1630700|1642258,1627824|1629643|1629656|1630288|1642348,2024-25,92,0.10714285714285714
128285,01:01,"Mann 13' Turnaround Jump Shot (5 PTS)
",1,1,0,0,2025-03-23,0022401031,0,0,PHI,1,0,6,01:26,Off At Rim Make,0,Mann 13' Turnaround Jump Shot (5 PTS),,ATL,PHI,ATL,1610612737,2025,634.0,659.0,646.5,1627747|1627777|1629027|1629611|1631230,1629052|1629656|1630215|1641741|1642024,2024-25,130,0.5714285714285714
128297,04:10,"Niang 25' 3PT Jump Shot (6 PTS) (LeVert 2 AST)
",0,0,1,1,2025-03-23,0022401031,0,0,PHI,1,0,3,04:24,Off At Rim Make,0,Niang 25' 3PT Jump Shot (6 PTS) (LeVert 2 AST),,ATL,PHI,ATL,1610612737,2025,456.0,470.0,463.0,1627747|1627777|1630168|1630700|1642258,1627824|1629643|1629656|1630288|1642348,2024-25,88,0.13157894736842105
128382,04:20,"MISS Daniels 5' Driving Layup
Brissett REBOUND (Off:0 Def:3)
",1,0,0,0,2025-03-23,0022401031,0,0,PHI,3,0,18,04:45,Off Arc 3 Make,0,Brissett REBOUND (Off:0 Def:3),,ATL,PHI,ATL,1610612737,2025,1875.0,1900.0,1887.5,1627747|1627777|1630700|1631230|1642258,1627824|1629052|1629656|1641741|1642348,2024-25,422,0.39473684210526316
128379,03:28,"MISS Mann 25' 3PT Pullup Jump Shot
Barlow REBOUND (Off:3 Def:3)
Council IV S.FOUL (P3.T3) (J.Goble)
Barlow Free Throw 1 of 2 (6 PTS)
Barlow Free Throw 2 of 2 (7 PTS)
",0,0,1,0,2025-03-23,0022401031,0,1,PHI,3,1,18,03:38,Off Arc 3 Miss,0,Barlow Free Throw 2 of 2 (7 PTS),,ATL,PHI,ATL,1610612737,2025,1942.0,1952.0,1947.0,1627747|1627777|1629611|1630700|1631230,1629052|1629656|1641741|1642024|1642348,2024-25,454,0.11267605633802817
128378,03:28,"MISS Mann 25' 3PT Pullup Jump Shot
Barlow REBOUND (Off:3 Def:3)
Council IV S.FOUL (P3.T3) (J.Goble)
Barlow Free Throw 1 of 2 (6 PTS)
Barlow Free Throw 2 of 2 (7 PTS)
",0,0,1,0,2025-03-23,0022401031,0,1,PHI,3,1,18,03:38,Off Arc 3 Miss,0,Barlow Free Throw 1 of 2 (6 PTS),,ATL,PHI,ATL,1610612737,2025,1942.0,1952.0,1947.0,1627747|1627777|1629611|1630700|1631230,1629052|1629656|1641741|1642024|1642348,2024-25,449,0.16326530612244897
128377,03:28,"MISS Mann 25' 3PT Pullup Jump Shot
Barlow REBOUND (Off:3 Def:3)
Council IV S.FOUL (P3.T3) (J.Goble)
Barlow Free Throw 1 of 2 (6 PTS)
Barlow Free Throw 2 of 2 (7 PTS)
",0,0,1,0,2025-03-23,0022401031,0,1,PHI,3,1,18,03:38,Off Arc 3 Miss,0,Council IV S.FOUL (P3.T3) (J.Goble),,ATL,PHI,ATL,1610612737,2025,1942.0,1952.0,1947.0,1627747|1627777|1629611|1630700|1631230,1629052|1629656|1641741|1642024|1642348,2024-25,495,0.3409090909090909
128376,03:28,"MISS Mann 25' 3PT Pullup Jump Shot
Barlow REBOUND (Off:3 Def:3)
Council IV S.FOUL (P3.T3) (J.Goble)
Barlow Free Throw 1 of 2 (6 PTS)
Barlow Free Throw 2 of 2 (7 PTS)
",0,0,1,0,2025-03-23,0022401031,0,1,PHI,3,1,18,03:38,Off Arc 3 Miss,0,Barlow REBOUND (Off:3 Def:3),,ATL,PHI,ATL,1610612737,2025,1942.0,1952.0,1947.0,1627747|1627777|1629611|1630700|1631230,1629052|1629656|1641741|1642024|1642348,2024-25,446,0.26666666666666666
128375,03:28,"MISS Mann 25' 3PT Pullup Jump Shot
Barlow REBOUND (Off:3 Def:3)
Council IV S.FOUL (P3.T3) (J.Goble)
Barlow Free Throw 1 of 2 (6 PTS)
Barlow Free Throw 2 of 2 (7 PTS)
",0,0,1,0,2025-03-23,0022401031,0,1,PHI,3,1,18,03:38,Off Arc 3 Miss,0,MISS Mann 25' 3PT Pullup Jump Shot,,ATL,PHI,ATL,1610612737,2025,1942.0,1952.0,1947.0,1627747|1627777|1629611|1630700|1631230,1629052|1629656|1641741|1642024|1642348,2024-25,445,0.4827586206896552
128374,02:50,"MISS LeVert 24' 3PT Jump Shot
Brissett REBOUND (Off:0 Def:4)
",0,0,1,0,2025-03-23,0022401031,0,0,PHI,3,0,20,03:08,Off Dead Ball,0,Brissett REBOUND (Off:0 Def:4),,ATL,PHI,ATL,1610612737,2025,1972.0,1990.0,1981.0,1627747|1627777|1629027|1629611|1631230,1629052|1629656|1630215|1641741|1642024,2024-25,493,0.20833333333333334
128373,02:50,"MISS LeVert 24' 3PT Jump Shot
Brissett REBOUND (Off:0 Def:4)
",0,0,1,0,2025-03-23,0022401031,0,0,PHI,3,0,20,03:08,Off Dead Ball,0,MISS LeVert 24' 3PT Jump Shot,,ATL,PHI,ATL,1610612737,2025,1972.0,1990.0,1981.0,1627747|1627777|1629027|1629611|1631230,1629052|1629656|1630215|1641741|1642024,2024-25,455,0.3076923076923077
128372,02:32,"Council IV S.FOUL (P4.T4) (J.Van Duyne)
MISS Young Free Throw 1 of 2
HAWKS Rebound
Young Free Throw 2 of 2 (8 PTS)
",0,0,0,0,2025-03-23,0022401031,0,0,PHI,3,1,18,02:42,Off At Rim Make,0,Young Free Throw 2 of 2 (8 PTS),,ATL,PHI,ATL,1610612737,2025,1998.0,2008.0,2003.0,1627747|1627777|1629027|1629611|1631230,1629052|1629656|1630215|1641741|1642024,2024-25,467,0.37037037037037035
128385,05:52,"Gueye Cutting Dunk Shot (6 PTS) (Risacher 2 AST)
",1,1,0,0,2025-03-23,0022401031,0,0,PHI,3,0,19,06:06,Off At Rim Make,0,Gueye Cutting Dunk Shot (6 PTS) (Risacher 2 AST),,ATL,PHI,ATL,1610612737,2025,1794.0,1808.0,1801.0,1627747|1630168|1630700|1631243|1642258,1627824|1629643|1629656|1630288|1642348,2024-25,408,0.5050505050505051
128380,03:58,"Mann 10' Jump Shot (9 PTS) (Daniels 3 AST)
",1,1,0,0,2025-03-23,0022401031,0,0,PHI,3,0,16,04:19,Off FT Make,0,Mann 10' Jump Shot (9 PTS) (Daniels 3 AST),,ATL,PHI,ATL,1610612737,2025,1901.0,1922.0,1911.5,1627747|1627777|1629611|1630700|1631230,1629052|1629656|1641741|1642024|1642348,2024-25,441,0.5454545454545454
128294,03:06,"Reese S.FOUL (P1.T1) (J.Goble)
Young Free Throw 1 of 2 (5 PTS)
Young Free Throw 2 of 2 (6 PTS)
",0,0,0,0,2025-03-23,0022401031,0,0,PHI,1,1,6,03:24,Off Short Mid-Range Make,0,Young Free Throw 1 of 2 (5 PTS),,ATL,PHI,ATL,1610612737,2025,516.0,534.0,525.0,1627747|1627777|1629027|1629611|1631230,1629656|1630215|1641741|1642024|1642348,2024-25,109,0.3333333333333333
128337,04:09,"MISS Daniels 27' 3PT Pullup Jump Shot
LeVert REBOUND (Off:1 Def:0)
LeVert 8' Fadeaway Jumper (5 PTS) (Krejci 2 AST)
",1,1,1,0,2025-03-23,0022401031,0,1,PHI,2,0,13,04:49,Off FT Make,0,LeVert 8' Fadeaway Jumper (5 PTS) (Krejci 2 AST),,ATL,PHI,ATL,1610612737,2025,1151.0,1191.0,1171.0,1627747|1630168|1630249|1630700|1642258,1627824|1629643|1629656|1630215|1642348,2024-25,259,0.3373493975903614
128304,06:46,"MISS Daniels 8' Driving Floating Jump Shot
Gueye REBOUND (Off:1 Def:0)
Gueye Tip Layup Shot (2 PTS)
",2,1,0,0,2025-03-23,0022401031,0,1,PHI,1,0,0,07:06,Off Steal,0,MISS Daniels 8' Driving Floating Jump Shot,,ATL,PHI,ATL,1610612737,2025,294.0,314.0,304.0,1629027|1630168|1630700|1631243|1642258,1627824|1629643|1629656|1630288|1642348,2024-25,53,0.1388888888888889
128303,06:09,"Okongwu 1' Reverse Layup (2 PTS) (LeVert 1 AST)
",1,1,0,0,2025-03-23,0022401031,0,0,PHI,1,0,1,06:24,Off FT Miss,0,Okongwu 1' Reverse Layup (2 PTS) (LeVert 1 AST),,ATL,PHI,ATL,1610612737,2025,336.0,351.0,343.5,1627747|1627777|1630168|1630700|1642258,1627824|1629643|1629656|1630288|1642348,2024-25,66,0.4050632911392405
128302,05:38,"MISS LeVert 26' 3PT Pullup Jump Shot
Risacher REBOUND (Off:1 Def:0)
Daniels Bad Pass Turnover (P2.T4): Dowtin Jr. STEAL (1 STL)
",0,0,1,0,2025-03-23,0022401031,0,1,PHI,1,0,0,05:56,Off Arc 3 Make,1,Daniels Bad Pass Turnover (P2.T4): Dowtin Jr. STEAL (1 STL),,ATL,PHI,ATL,1610612737,2025,364.0,382.0,373.0,1627747|1627777|1630168|1630700|1642258,1627824|1629643|1629656|1630288|1642348,2024-25,72,0.12345679012345678
128301,05:38,"MISS LeVert 26' 3PT Pullup Jump Shot
Risacher REBOUND (Off:1 Def:0)
Daniels Bad Pass Turnover (P2.T4): Dowtin Jr. STEAL (1 STL)
",0,0,1,0,2025-03-23,0022401031,0,1,PHI,1,0,0,05:56,Off Arc 3 Make,1,Risacher REBOUND (Off:1 Def:0),,ATL,PHI,ATL,1610612737,2025,364.0,382.0,373.0,1627747|1627777|1630168|1630700|1642258,1627824|1629643|1629656|1630288|1642348,2024-25,71,0.18181818181818182
128300,05:38,"MISS LeVert 26' 3PT Pullup Jump Shot
Risacher REBOUND (Off:1 Def:0)
Daniels Bad Pass Turnover (P2.T4): Dowtin Jr. STEAL (1 STL)
",0,0,1,0,2025-03-23,0022401031,0,1,PHI,1,0,0,05:56,Off Arc 3 Make,1,MISS LeVert 26' 3PT Pullup Jump Shot,,ATL,PHI,ATL,1610612737,2025,364.0,382.0,373.0,1627747|1627777|1630168|1630700|1642258,1627824|1629643|1629656|1630288|1642348,2024-25,70,0.3018867924528302
128299,05:24,"Okongwu 2' Running Layup (4 PTS) (Niang 1 AST)
",1,1,0,0,2025-03-23,0022401031,0,0,PHI,1,0,0,05:31,Off At Rim Miss,0,Okongwu 2' Running Layup (4 PTS) (Niang 1 AST),,ATL,PHI,ATL,1610612737,2025,389.0,396.0,392.5,1627747|1627777|1630168|1630700|1642258,1627824|1629643|1629656|1630288|1642348,2024-25,76,0.2894736842105263
128339,05:33,"Okeke P.FOUL (P1.T3) (J.Goble)
Krejci 1' Driving Dunk (5 PTS) (LeVert 4 AST)
",1,1,0,0,2025-03-23,0022401031,0,0,PHI,2,0,11,05:45,Off Short Mid-Range Miss,0,Okeke P.FOUL (P1.T3) (J.Goble),,ATL,PHI,ATL,1610612737,2025,1095.0,1107.0,1101.0,1627747|1630168|1630249|1630700|1642258,1627824|1629052|1629643|1630215|1642348,2024-25,235,0.325
128298,04:57,"Niang 26' 3PT Running Jump Shot (3 PTS) (Risacher 1 AST)
",0,0,1,1,2025-03-23,0022401031,0,0,PHI,1,0,2,05:02,Off Steal,0,Niang 26' 3PT Running Jump Shot (3 PTS) (Risacher 1 AST),,ATL,PHI,ATL,1610612737,2025,418.0,423.0,420.5,1627747|1627777|1630168|1630700|1642258,1627824|1629643|1629656|1630288|1642348,2024-25,80,0.0547945205479452
128511,09:18,"MISS Young 2' Running Finger Roll Layup
Ja. Green REBOUND (Off:0 Def:4)
",1,0,0,0,2025-03-25,0022401049,0,0,HOU,1,0,-5,09:25,Off Steal,0,MISS Young 2' Running Finger Roll Layup,,,,ATL,1610612737,2025,155.0,162.0,158.5,1629027|1630168|1630700|1631243|1642258,1627832|1628415|1630224|1630578|1631106,2024-25,32,0.9230769230769231
128510,08:59,"Brooks STEAL (1 STL): Young Bad Pass Turnover (P1.T1)
",0,0,0,0,2025-03-25,0022401049,0,0,HOU,1,0,-5,09:13,Off Arc 3 Miss,1,Brooks STEAL (1 STL): Young Bad Pass Turnover (P1.T1),,,,ATL,1610612737,2025,167.0,181.0,174.0,1629027|1630168|1630700|1631243|1642258,1627832|1628415|1630224|1630578|1631106,2024-25,34,0.21487603305785125
128508,08:18,"Brooks STEAL (2 STL): Gueye Lost Ball Turnover (P1.T2)
",0,0,0,0,2025-03-25,0022401049,0,0,HOU,1,0,-5,08:27,Off Long Mid-Range Miss,1,Brooks STEAL (2 STL): Gueye Lost Ball Turnover (P1.T2),,,,ATL,1610612737,2025,213.0,222.0,217.5,1629027|1630168|1630700|1631243|1642258,1627832|1628415|1630224|1630578|1631106,2024-25,46,0.27906976744186046
128523,11:14,"Eason P.FOUL (P1.T1) (R.Mott)
MISS Gueye 25' 3PT Jump Bank Shot
Okongwu REBOUND (Off:1 Def:0)
Okongwu 6' Hook Shot (2 PTS)
",1,1,1,0,2025-03-25,0022401049,0,1,HOU,1,0,0,11:44,Off Arc 3 Miss,0,Eason P.FOUL (P1.T1) (R.Mott),,,,ATL,1610612737,2025,16.0,46.0,31.0,1629027|1630168|1630700|1631243|1642258,1627832|1628415|1630224|1630578|1631106,2024-25,9,0.23728813559322035
128506,08:04,"MISS Gueye 5' Layup
Okongwu REBOUND (Off:2 Def:0)
MISS Okongwu Tip Layup Shot
Gueye REBOUND (Off:1 Def:2)
Brooks S.FOUL (P1.T2) (I.Hwang)
Gueye Free Throw 1 of 2 (1 PTS)
Gueye Free Throw 2 of 2 (2 PTS)
",1,0,0,0,2025-03-25,0022401049,0,2,HOU,1,1,-5,08:15,Off Steal,0,Gueye Free Throw 1 of 2 (1 PTS),,,,ATL,1610612737,2025,225.0,236.0,230.5,1629027|1630168|1630700|1631243|1642258,1627832|1628415|1630224|1630578|1631106,2024-25,56,0.9538461538461539
128522,10:44,"MISS Gueye 3PT Jump Shot
Young REBOUND (Off:1 Def:0)
MISS Daniels 27' 3PT Jump Shot
Ja. Green REBOUND (Off:0 Def:1)
",0,0,2,0,2025-03-25,0022401049,0,1,HOU,1,0,-1,11:04,Off Arc 3 Make,0,Ja. Green REBOUND (Off:0 Def:1),,,,ATL,1610612737,2025,56.0,76.0,66.0,1629027|1630168|1630700|1631243|1642258,1627832|1628415|1630224|1630578|1631106,2024-25,15,0.8064516129032258
128618,10:53,"Niang Out of Bounds - Bad Pass Turnover Turnover (P2.T10)
",0,0,0,0,2025-03-25,0022401049,0,0,HOU,3,0,-17,11:00,Off Dead Ball,1,Niang Out of Bounds - Bad Pass Turnover Turnover (P2.T10),,,,ATL,1610612737,2025,1500.0,1507.0,1503.5,1627777|1629027|1630168|1630700|1642258,1627832|1628415|1630224|1630578|1631106,2024-25,375,0.13513513513513514
128524,11:14,"Eason P.FOUL (P1.T1) (R.Mott)
MISS Gueye 25' 3PT Jump Bank Shot
Okongwu REBOUND (Off:1 Def:0)
Okongwu 6' Hook Shot (2 PTS)
",1,1,1,0,2025-03-25,0022401049,0,1,HOU,1,0,0,11:44,Off Arc 3 Miss,0,MISS Gueye 25' 3PT Jump Bank Shot,,,,ATL,1610612737,2025,16.0,46.0,31.0,1629027|1630168|1630700|1631243|1642258,1627832|1628415|1630224|1630578|1631106,2024-25,11,0.2727272727272727
128507,08:04,"MISS Gueye 5' Layup
Okongwu REBOUND (Off:2 Def:0)
MISS Okongwu Tip Layup Shot
Gueye REBOUND (Off:1 Def:2)
Brooks S.FOUL (P1.T2) (I.Hwang)
Gueye Free Throw 1 of 2 (1 PTS)
Gueye Free Throw 2 of 2 (2 PTS)
",1,0,0,0,2025-03-25,0022401049,0,2,HOU,1,1,-5,08:15,Off Steal,0,Gueye Free Throw 2 of 2 (2 PTS),,,,ATL,1610612737,2025,225.0,236.0,230.5,1629027|1630168|1630700|1631243|1642258,1627832|1628415|1630224|1630578|1631106,2024-25,57,0.9538461538461539
128543,05:28,"Niang 3' Running Layup (6 PTS) (Daniels 3 AST)
",1,1,0,0,2025-03-25,0022401049,0,0,HOU,2,0,-20,05:32,Off Arc 3 Miss,0,Niang 3' Running Layup (6 PTS) (Daniels 3 AST),,,,ATL,1610612737,2025,1108.0,1112.0,1110.0,1627747|1627777|1629027|1630168|1630700,1628415|1630224|1630578|1631095|1631106,2024-25,284,0.2564102564102564
128517,10:20,"MISS Young 2' Driving Finger Roll Layup
Ja. Green REBOUND (Off:0 Def:2)
",1,0,0,0,2025-03-25,0022401049,0,0,HOU,1,0,-3,10:33,Off Short Mid-Range Make,0,MISS Young 2' Driving Finger Roll Layup,,,,ATL,1610612737,2025,87.0,100.0,93.5,1629027|1630168|1630700|1631243|1642258,1627832|1628415|1630224|1630578|1631106,2024-25,21,0.28169014084507044
128515,10:07,"MISS Risacher 29' 3PT Jump Shot
Eason REBOUND (Off:0 Def:1)
",0,0,1,0,2025-03-25,0022401049,0,0,HOU,1,0,-3,10:16,Off Short Mid-Range Miss,0,MISS Risacher 29' 3PT Jump Shot,,,,ATL,1610612737,2025,104.0,113.0,108.5,1629027|1630168|1630700|1631243|1642258,1627832|1628415|1630224|1630578|1631106,2024-25,25,0.18867924528301888
128516,10:07,"MISS Risacher 29' 3PT Jump Shot
Eason REBOUND (Off:0 Def:1)
",0,0,1,0,2025-03-25,0022401049,0,0,HOU,1,0,-3,10:16,Off Short Mid-Range Miss,0,Eason REBOUND (Off:0 Def:1),,,,ATL,1610612737,2025,104.0,113.0,108.5,1629027|1630168|1630700|1631243|1642258,1627832|1628415|1630224|1630578|1631106,2024-25,23,0.8421052631578947
128518,10:20,"MISS Young 2' Driving Finger Roll Layup
Ja. Green REBOUND (Off:0 Def:2)
",1,0,0,0,2025-03-25,0022401049,0,0,HOU,1,0,-3,10:33,Off Short Mid-Range Make,0,Ja. Green REBOUND (Off:0 Def:2),,,,ATL,1610612737,2025,87.0,100.0,93.5,1629027|1630168|1630700|1631243|1642258,1627832|1628415|1630224|1630578|1631106,2024-25,21,0.7619047619047619
128519,10:44,"MISS Gueye 3PT Jump Shot
Young REBOUND (Off:1 Def:0)
MISS Daniels 27' 3PT Jump Shot
Ja. Green REBOUND (Off:0 Def:1)
",0,0,2,0,2025-03-25,0022401049,0,1,HOU,1,0,-1,11:04,Off Arc 3 Make,0,MISS Gueye 3PT Jump Shot,,,,ATL,1610612737,2025,56.0,76.0,66.0,1629027|1630168|1630700|1631243|1642258,1627832|1628415|1630224|1630578|1631106,2024-25,16,0.21739130434782608
128520,10:44,"MISS Gueye 3PT Jump Shot
Young REBOUND (Off:1 Def:0)
MISS Daniels 27' 3PT Jump Shot
Ja. Green REBOUND (Off:0 Def:1)
",0,0,2,0,2025-03-25,0022401049,0,1,HOU,1,0,-1,11:04,Off Arc 3 Make,0,Young REBOUND (Off:1 Def:0),,,,ATL,1610612737,2025,56.0,76.0,66.0,1629027|1630168|1630700|1631243|1642258,1627832|1628415|1630224|1630578|1631106,2024-25,17,0.25
128521,10:44,"MISS Gueye 3PT Jump Shot
Young REBOUND (Off:1 Def:0)
MISS Daniels 27' 3PT Jump Shot
Ja. Green REBOUND (Off:0 Def:1)
",0,0,2,0,2025-03-25,0022401049,0,1,HOU,1,0,-1,11:04,Off Arc 3 Make,0,MISS Daniels 27' 3PT Jump Shot,,,,ATL,1610612737,2025,56.0,76.0,66.0,1629027|1630168|1630700|1631243|1642258,1627832|1628415|1630224|1630578|1631106,2024-25,18,0.17582417582417584
128514,09:30,"MISS Young 30' 3PT Step Back Jump Shot
Ja. Green REBOUND (Off:0 Def:3)
",0,0,1,0,2025-03-25,0022401049,0,0,HOU,1,0,-5,09:45,Off At Rim Make,0,Ja. Green REBOUND (Off:0 Def:3),,,,ATL,1610612737,2025,135.0,150.0,142.5,1629027|1630168|1630700|1631243|1642258,1627832|1628415|1630224|1630578|1631106,2024-25,33,0.7619047619047619
128619,11:17,"Niang 25' 3PT Jump Shot (9 PTS) (Young 6 AST)
",0,0,1,1,2025-03-25,0022401049,0,0,HOU,3,0,-20,11:28,Off Arc 3 Make,0,Niang 25' 3PT Jump Shot (9 PTS) (Young 6 AST),,,,ATL,1610612737,2025,1472.0,1483.0,1477.5,1627777|1629027|1630168|1630700|1642258,1627832|1628415|1630224|1630578|1631106,2024-25,372,0.23376623376623376
128512,09:18,"MISS Young 2' Running Finger Roll Layup
Ja. Green REBOUND (Off:0 Def:4)
",1,0,0,0,2025-03-25,0022401049,0,0,HOU,1,0,-5,09:25,Off Steal,0,Ja. Green REBOUND (Off:0 Def:4),,,,ATL,1610612737,2025,155.0,162.0,158.5,1629027|1630168|1630700|1631243|1642258,1627832|1628415|1630224|1630578|1631106,2024-25,33,0.7619047619047619
128525,11:14,"Eason P.FOUL (P1.T1) (R.Mott)
MISS Gueye 25' 3PT Jump Bank Shot
Okongwu REBOUND (Off:1 Def:0)
Okongwu 6' Hook Shot (2 PTS)
",1,1,1,0,2025-03-25,0022401049,0,1,HOU,1,0,0,11:44,Off Arc 3 Miss,0,Okongwu REBOUND (Off:1 Def:0),,,,ATL,1610612737,2025,16.0,46.0,31.0,1629027|1630168|1630700|1631243|1642258,1627832|1628415|1630224|1630578|1631106,2024-25,9,0.847457627118644
128513,09:30,"MISS Young 30' 3PT Step Back Jump Shot
Ja. Green REBOUND (Off:0 Def:3)
",0,0,1,0,2025-03-25,0022401049,0,0,HOU,1,0,-5,09:45,Off At Rim Make,0,MISS Young 30' 3PT Step Back Jump Shot,,,,ATL,1610612737,2025,135.0,150.0,142.5,1629027|1630168|1630700|1631243|1642258,1627832|1628415|1630224|1630578|1631106,2024-25,28,0.24324324324324326
128541,04:38,"Okongwu 2' Layup (6 PTS) (Young 4 AST)
",1,1,0,0,2025-03-25,0022401049,0,0,HOU,2,0,-17,04:47,Off Short Mid-Range Make,0,Okongwu 2' Layup (6 PTS) (Young 4 AST),,,,ATL,1610612737,2025,1153.0,1162.0,1157.5,1627747|1627777|1629027|1630168|1630700,203500|1628415|1630224|1631095|1631106,2024-25,294,0.2564102564102564
128478,02:41,"MISS LeVert 2' Driving Layup
Daniels REBOUND (Off:1 Def:2)
MISS LeVert 3PT Jump Shot
Hawks Rebound
VanVleet L.B.FOUL (P1.T4) (I.Hwang)
MISS Niang 27' 3PT Jump Shot
LeVert REBOUND (Off:1 Def:0)
MISS Mann 3PT Jump Shot
Smith Jr. REBOUND (Off:0 Def:1)
",1,0,3,0,2025-03-25,0022401049,0,3,HOU,1,0,0,03:20,Off Long Mid-Range Make,0,MISS LeVert 3PT Jump Shot,,,,ATL,1610612737,2025,520.0,559.0,539.5,1627747|1627777|1629611|1630700|1631230,203500|1627832|1628415|1630224|1631095,2024-25,125,0.09090909090909091
128539,03:28,"Young 25' 3PT Pullup Jump Shot (8 PTS)
",0,0,1,1,2025-03-25,0022401049,0,0,HOU,2,0,-18,03:37,Off Arc 3 Make,0,Young 25' 3PT Pullup Jump Shot (8 PTS),,,,ATL,1610612737,2025,1223.0,1232.0,1227.5,1627747|1627777|1629027|1630168|1630700,203500|1628415|1630224|1631095|1631106,2024-25,304,0.17721518987341772
128621,11:41,"MISS Young 31' 3PT Step Back Jump Shot
Eason REBOUND (Off:4 Def:7)
",0,0,1,0,2025-03-25,0022401049,0,0,HOU,3,0,-17,12:00,Off Dead Ball,0,Eason REBOUND (Off:4 Def:7),,,,ATL,1610612737,2025,1440.0,1459.0,1449.5,1627777|1629027|1630168|1630700|1642258,1627832|1628415|1630224|1630578|1631106,2024-25,329,0.7457627118644068
128477,02:41,"MISS LeVert 2' Driving Layup
Daniels REBOUND (Off:1 Def:2)
MISS LeVert 3PT Jump Shot
Hawks Rebound
VanVleet L.B.FOUL (P1.T4) (I.Hwang)
MISS Niang 27' 3PT Jump Shot
LeVert REBOUND (Off:1 Def:0)
MISS Mann 3PT Jump Shot
Smith Jr. REBOUND (Off:0 Def:1)
",1,0,3,0,2025-03-25,0022401049,0,3,HOU,1,0,0,03:20,Off Long Mid-Range Make,0,Daniels REBOUND (Off:1 Def:2),,,,ATL,1610612737,2025,520.0,559.0,539.5,1627747|1627777|1629611|1630700|1631230,203500|1627832|1628415|1630224|1631095,2024-25,124,0.9508196721311475
128479,02:41,"MISS LeVert 2' Driving Layup
Daniels REBOUND (Off:1 Def:2)
MISS LeVert 3PT Jump Shot
Hawks Rebound
VanVleet L.B.FOUL (P1.T4) (I.Hwang)
MISS Niang 27' 3PT Jump Shot
LeVert REBOUND (Off:1 Def:0)
MISS Mann 3PT Jump Shot
Smith Jr. REBOUND (Off:0 Def:1)
",1,0,3,0,2025-03-25,0022401049,0,3,HOU,1,0,0,03:20,Off Long Mid-Range Make,0,Hawks Rebound,,,,ATL,1610612737,2025,520.0,559.0,539.5,1627747|1627777|1629611|1630700|1631230,203500|1627832|1628415|1630224|1631095,2024-25,121,0.13333333333333333
128480,02:41,"MISS LeVert 2' Driving Layup
Daniels REBOUND (Off:1 Def:2)
MISS LeVert 3PT Jump Shot
Hawks Rebound
VanVleet L.B.FOUL (P1.T4) (I.Hwang)
MISS Niang 27' 3PT Jump Shot
LeVert REBOUND (Off:1 Def:0)
MISS Mann 3PT Jump Shot
Smith Jr. REBOUND (Off:0 Def:1)
",1,0,3,0,2025-03-25,0022401049,0,3,HOU,1,0,0,03:20,Off Long Mid-Range Make,0,VanVleet L.B.FOUL (P1.T4) (I.Hwang),,,,ATL,1610612737,2025,520.0,559.0,539.5,1627747|1627777|1629611|1630700|1631230,203500|1627832|1628415|1630224|1631095,2024-25,117,0.24561403508771928
128481,02:41,"MISS LeVert 2' Driving Layup
Daniels REBOUND (Off:1 Def:2)
MISS LeVert 3PT Jump Shot
Hawks Rebound
VanVleet L.B.FOUL (P1.T4) (I.Hwang)
MISS Niang 27' 3PT Jump Shot
LeVert REBOUND (Off:1 Def:0)
MISS Mann 3PT Jump Shot
Smith Jr. REBOUND (Off:0 Def:1)
",1,0,3,0,2025-03-25,0022401049,0,3,HOU,1,0,0,03:20,Off Long Mid-Range Make,0,MISS Niang 27' 3PT Jump Shot,,,,ATL,1610612737,2025,520.0,559.0,539.5,1627747|1627777|1629611|1630700|1631230,203500|1627832|1628415|1630224|1631095,2024-25,122,0.13559322033898305
128482,02:41,"MISS LeVert 2' Driving Layup
Daniels REBOUND (Off:1 Def:2)
MISS LeVert 3PT Jump Shot
Hawks Rebound
VanVleet L.B.FOUL (P1.T4) (I.Hwang)
MISS Niang 27' 3PT Jump Shot
LeVert REBOUND (Off:1 Def:0)
MISS Mann 3PT Jump Shot
Smith Jr. REBOUND (Off:0 Def:1)
",1,0,3,0,2025-03-25,0022401049,0,3,HOU,1,0,0,03:20,Off Long Mid-Range Make,0,LeVert REBOUND (Off:1 Def:0),,,,ATL,1610612737,2025,520.0,559.0,539.5,1627747|1627777|1629611|1630700|1631230,203500|1627832|1628415|1630224|1631095,2024-25,117,0.44
128484,02:41,"MISS LeVert 2' Driving Layup
Daniels REBOUND (Off:1 Def:2)
MISS LeVert 3PT Jump Shot
Hawks Rebound
VanVleet L.B.FOUL (P1.T4) (I.Hwang)
MISS Niang 27' 3PT Jump Shot
LeVert REBOUND (Off:1 Def:0)
MISS Mann 3PT Jump Shot
Smith Jr. REBOUND (Off:0 Def:1)
",1,0,3,0,2025-03-25,0022401049,0,3,HOU,1,0,0,03:20,Off Long Mid-Range Make,0,Smith Jr. REBOUND (Off:0 Def:1),,,,ATL,1610612737,2025,520.0,559.0,539.5,1627747|1627777|1629611|1630700|1631230,203500|1627832|1628415|1630224|1631095,2024-25,117,0.37735849056603776
128503,08:04,"MISS Gueye 5' Layup
Okongwu REBOUND (Off:2 Def:0)
MISS Okongwu Tip Layup Shot
Gueye REBOUND (Off:1 Def:2)
Brooks S.FOUL (P1.T2) (I.Hwang)
Gueye Free Throw 1 of 2 (1 PTS)
Gueye Free Throw 2 of 2 (2 PTS)
",1,0,0,0,2025-03-25,0022401049,0,2,HOU,1,1,-5,08:15,Off Steal,0,MISS Okongwu Tip Layup Shot,,,,ATL,1610612737,2025,225.0,236.0,230.5,1629027|1630168|1630700|1631243|1642258,1627832|1628415|1630224|1630578|1631106,2024-25,52,0.8461538461538461
128504,08:04,"MISS Gueye 5' Layup
Okongwu REBOUND (Off:2 Def:0)
MISS Okongwu Tip Layup Shot
Gueye REBOUND (Off:1 Def:2)
Brooks S.FOUL (P1.T2) (I.Hwang)
Gueye Free Throw 1 of 2 (1 PTS)
Gueye Free Throw 2 of 2 (2 PTS)
",1,0,0,0,2025-03-25,0022401049,0,2,HOU,1,1,-5,08:15,Off Steal,0,Gueye REBOUND (Off:1 Def:2),,,,ATL,1610612737,2025,225.0,236.0,230.5,1629027|1630168|1630700|1631243|1642258,1627832|1628415|1630224|1630578|1631106,2024-25,53,0.9473684210526315
128505,08:04,"MISS Gueye 5' Layup
Okongwu REBOUND (Off:2 Def:0)
MISS Okongwu Tip Layup Shot
Gueye REBOUND (Off:1 Def:2)
Brooks S.FOUL (P1.T2) (I.Hwang)
Gueye Free Throw 1 of 2 (1 PTS)
Gueye Free Throw 2 of 2 (2 PTS)
",1,0,0,0,2025-03-25,0022401049,0,2,HOU,1,1,-5,08:15,Off Steal,0,Brooks S.FOUL (P1.T2) (I.Hwang),,,,ATL,1610612737,2025,225.0,236.0,230.5,1629027|1630168|1630700|1631243|1642258,1627832|1628415|1630224|1630578|1631106,2024-25,51,0.39473684210526316
128540,03:56,"Young 2' Driving Layup (5 PTS) (Daniels 4 AST)
",1,1,0,0,2025-03-25,0022401049,0,0,HOU,2,0,-17,04:07,Off At Rim Make,0,Young 2' Driving Layup (5 PTS) (Daniels 4 AST),,,,ATL,1610612737,2025,1193.0,1204.0,1198.5,1627747|1627777|1629027|1630168|1630700,203500|1628415|1630224|1631095|1631106,2024-25,300,0.18181818181818182
128526,11:14,"Eason P.FOUL (P1.T1) (R.Mott)
MISS Gueye 25' 3PT Jump Bank Shot
Okongwu REBOUND (Off:1 Def:0)
Okongwu 6' Hook Shot (2 PTS)
",1,1,1,0,2025-03-25,0022401049,0,1,HOU,1,0,0,11:44,Off Arc 3 Miss,0,Okongwu 6' Hook Shot (2 PTS),,,,ATL,1610612737,2025,16.0,46.0,31.0,1629027|1630168|1630700|1631243|1642258,1627832|1628415|1630224|1630578|1631106,2024-25,13,0.16393442622950818
128528,00:12,"Ja. Green P.FOUL (P1.PN) (R.Mott)
Young Free Throw 1 of 2 (12 PTS)
Young Free Throw 2 of 2 (13 PTS)
",0,0,0,0,2025-03-25,0022401049,1,0,HOU,2,0,-19,00:28,Off Dead Ball,0,Young Free Throw 1 of 2 (12 PTS),,,,ATL,1610612737,2025,1412.0,1428.0,1420.0,1627747|1627777|1629027|1630168|1630700,203500|1627832|1630224|1630578|1631106,2024-25,346,0.2891566265060241
128530,00:42,"MISS Niang 25' 3PT Jump Shot
Eason REBOUND (Off:4 Def:6)
",0,0,1,0,2025-03-25,0022401049,0,0,HOU,2,0,-19,01:06,Off Short Mid-Range Make,0,MISS Niang 25' 3PT Jump Shot,,,,ATL,1610612737,2025,1374.0,1398.0,1386.0,1627747|1627777|1629027|1630168|1630700,203500|1627832|1630224|1630578|1631106,2024-25,339,0.6938775510204082
128531,00:42,"MISS Niang 25' 3PT Jump Shot
Eason REBOUND (Off:4 Def:6)
",0,0,1,0,2025-03-25,0022401049,0,0,HOU,2,0,-19,01:06,Off Short Mid-Range Make,0,Eason REBOUND (Off:4 Def:6),,,,ATL,1610612737,2025,1374.0,1398.0,1386.0,1627747|1627777|1629027|1630168|1630700,203500|1627832|1630224|1630578|1631106,2024-25,316,0.3333333333333333
128532,01:20,"VanVleet P.FOUL (P2.T2) (R.Mott)
MISS LeVert 3PT Jump Shot
Ja. Green REBOUND (Off:0 Def:8)
",0,0,1,0,2025-03-25,0022401049,0,0,HOU,2,0,-17,01:36,Off Short Mid-Range Make,0,VanVleet P.FOUL (P2.T2) (R.Mott),,,,ATL,1610612737,2025,1344.0,1360.0,1352.0,1627747|1627777|1629027|1630168|1630700,203500|1627832|1630224|1630578|1631106,2024-25,283,0.25
128533,01:20,"VanVleet P.FOUL (P2.T2) (R.Mott)
MISS LeVert 3PT Jump Shot
Ja. Green REBOUND (Off:0 Def:8)
",0,0,1,0,2025-03-25,0022401049,0,0,HOU,2,0,-17,01:36,Off Short Mid-Range Make,0,MISS LeVert 3PT Jump Shot,,,,ATL,1610612737,2025,1344.0,1360.0,1352.0,1627747|1627777|1629027|1630168|1630700,203500|1627832|1630224|1630578|1631106,2024-25,335,0.6976744186046512
128534,01:20,"VanVleet P.FOUL (P2.T2) (R.Mott)
MISS LeVert 3PT Jump Shot
Ja. Green REBOUND (Off:0 Def:8)
",0,0,1,0,2025-03-25,0022401049,0,0,HOU,2,0,-17,01:36,Off Short Mid-Range Make,0,Ja. Green REBOUND (Off:0 Def:8),,,,ATL,1610612737,2025,1344.0,1360.0,1352.0,1627747|1627777|1629027|1630168|1630700,203500|1627832|1630224|1630578|1631106,2024-25,344,0.2692307692307692
128535,01:55,"Okongwu 3' Cutting Layup Shot (8 PTS) (Young 5 AST)
",1,1,0,0,2025-03-25,0022401049,0,0,HOU,2,0,-17,02:11,Off Arc 3 Make,0,Okongwu 3' Cutting Layup Shot (8 PTS) (Young 5 AST),,,,ATL,1610612737,2025,1309.0,1325.0,1317.0,1627747|1627777|1629027|1630168|1630700,203500|1627832|1628415|1630224|1631106,2024-25,326,0.86
128536,02:26,"MISS LeVert 12' Pullup Jump Shot
Eason REBOUND (Off:4 Def:5)
",1,0,0,0,2025-03-25,0022401049,0,0,HOU,2,0,-14,02:44,Off Short Mid-Range Make,0,MISS LeVert 12' Pullup Jump Shot,,,,ATL,1610612737,2025,1276.0,1294.0,1285.0,1627747|1627777|1629027|1630168|1630700,203500|1627832|1628415|1630224|1631106,2024-25,320,0.30303030303030304
128537,02:26,"MISS LeVert 12' Pullup Jump Shot
Eason REBOUND (Off:4 Def:5)
",1,0,0,0,2025-03-25,0022401049,0,0,HOU,2,0,-14,02:44,Off Short Mid-Range Make,0,Eason REBOUND (Off:4 Def:5),,,,ATL,1610612737,2025,1276.0,1294.0,1285.0,1627747|1627777|1629027|1630168|1630700,203500|1627832|1628415|1630224|1631106,2024-25,282,0.7457627118644068
128538,03:04,"Young 27' 3PT Jump Shot (11 PTS) (Daniels 5 AST)
",0,0,1,1,2025-03-25,0022401049,0,0,HOU,2,0,-15,03:13,Off Timeout,0,Young 27' 3PT Jump Shot (11 PTS) (Daniels 5 AST),,,,ATL,1610612737,2025,1247.0,1256.0,1251.5,1627747|1627777|1629027|1630168|1630700,203500|1627832|1628415|1630224|1631106,2024-25,317,0.17721518987341772
128527,00:12,"Ja. Green P.FOUL (P1.PN) (R.Mott)
Young Free Throw 1 of 2 (12 PTS)
Young Free Throw 2 of 2 (13 PTS)
",0,0,0,0,2025-03-25,0022401049,1,0,HOU,2,0,-19,00:28,Off Dead Ball,0,Ja. Green P.FOUL (P1.PN) (R.Mott),,,,ATL,1610612737,2025,1412.0,1428.0,1420.0,1627747|1627777|1629027|1630168|1630700,203500|1627832|1630224|1630578|1631106,2024-25,304,0.3783783783783784
128650,06:56,"MISS Daniels 12' Driving Floating Jump Shot
Okongwu REBOUND (Off:5 Def:9)
Smith Jr. STEAL (2 STL): Okongwu Lost Ball Turnover (P1.T14)
",1,0,0,0,2025-03-25,0022401049,0,1,HOU,4,0,-6,07:02,Off Short Mid-Range Make,1,Smith Jr. STEAL (2 STL): Okongwu Lost Ball Turnover (P1.T14),,,,ATL,1610612737,2025,2458.0,2464.0,2461.0,1629611|1630168|1630249|1630700|1642258,203500|1627832|1630224|1630578|1631095,2024-25,625,0.6875
128639,05:24,"MISS Young 26' 3PT Pullup Jump Shot
Hawks Rebound
MISS Risacher 24' 3PT Jump Shot
Smith Jr. REBOUND (Off:1 Def:4)
",0,0,2,0,2025-03-25,0022401049,0,1,HOU,4,0,-8,05:50,Off Arc 3 Make,0,MISS Young 26' 3PT Pullup Jump Shot,,,,ATL,1610612737,2025,2530.0,2556.0,2543.0,1629027|1629611|1630168|1630700|1642258,203500|1627832|1630224|1630578|1631095,2024-25,649,0.24242424242424243
128652,07:41,"Adams S.FOUL (P1.T3) (J.Tiven)
Daniels Free Throw 1 of 2 (12 PTS)
Daniels Free Throw 2 of 2 (13 PTS)
",0,0,0,0,2025-03-25,0022401049,0,0,HOU,4,1,-8,07:53,Off Dead Ball,0,Adams S.FOUL (P1.T3) (J.Tiven),,,,ATL,1610612737,2025,2407.0,2419.0,2413.0,1629611|1630168|1630249|1630700|1642258,203500|1627832|1630224|1630578|1631095,2024-25,583,0.3829787234042553
128624,00:10,"MISS Niang 3PT Jump Shot
ROCKETS Rebound
",0,0,1,0,2025-03-25,0022401049,0,0,HOU,4,0,-5,00:14,Off Timeout,0,MISS Niang 3PT Jump Shot,,,,ATL,1610612737,2025,2866.0,2870.0,2868.0,1627777|1629027|1629611|1630168|1630700,1627832|1628415|1630224|1631095|1631106,2024-25,706,0.6829268292682927
128625,00:10,"MISS Niang 3PT Jump Shot
ROCKETS Rebound
",0,0,1,0,2025-03-25,0022401049,0,0,HOU,4,0,-5,00:14,Off Timeout,0,ROCKETS Rebound,,,,ATL,1610612737,2025,2866.0,2870.0,2868.0,1627777|1629027|1629611|1630168|1630700,1627832|1628415|1630224|1631095|1631106,2024-25,727,0.24242424242424243
128627,00:44,"Daniels 27' 3PT Jump Shot (19 PTS) (Young 12 AST)
",0,0,1,1,2025-03-25,0022401049,0,0,HOU,4,0,-9,00:53,Off Arc 3 Make,0,Daniels 27' 3PT Jump Shot (19 PTS) (Young 12 AST),,,,ATL,1610612737,2025,2827.0,2836.0,2831.5,1627777|1629027|1629611|1630168|1630700,203500|1627832|1630224|1630578|1631095,2024-25,689,0.34782608695652173
128628,01:15,"Daniels 26' 3PT Jump Shot (16 PTS) (Young 11 AST)
",0,0,1,1,2025-03-25,0022401049,0,0,HOU,4,0,-9,01:28,Off Timeout,0,Daniels 26' 3PT Jump Shot (16 PTS) (Young 11 AST),,,,ATL,1610612737,2025,2792.0,2805.0,2798.5,1627777|1629027|1629611|1630168|1630700,203500|1627832|1630224|1630578|1631095,2024-25,685,0.09230769230769231
128629,01:51,"Young 12' Driving Floating Jump Shot (19 PTS) (Okongwu 3 AST)
",1,1,0,0,2025-03-25,0022401049,0,0,HOU,4,0,-11,02:02,Off Short Mid-Range Miss,0,Young 12' Driving Floating Jump Shot (19 PTS) (Okongwu 3 AST),,,,ATL,1610612737,2025,2758.0,2769.0,2763.5,1627777|1629027|1629611|1630168|1630700,203500|1627832|1630224|1630578|1631095,2024-25,677,0.3125
128630,02:16,"MISS Young 14' Driving Floating Jump Shot
Sengun REBOUND (Off:2 Def:7)
",1,0,0,0,2025-03-25,0022401049,0,0,HOU,4,0,-11,02:27,Off Short Mid-Range Make,0,MISS Young 14' Driving Floating Jump Shot,,,,ATL,1610612737,2025,2733.0,2744.0,2738.5,1627777|1629027|1629611|1630168|1630700,203500|1627832|1630224|1630578|1631095,2024-25,673,0.30985915492957744
128631,02:16,"MISS Young 14' Driving Floating Jump Shot
Sengun REBOUND (Off:2 Def:7)
",1,0,0,0,2025-03-25,0022401049,0,0,HOU,4,0,-11,02:27,Off Short Mid-Range Make,0,Sengun REBOUND (Off:2 Def:7),,,,ATL,1610612737,2025,2733.0,2744.0,2738.5,1627777|1629027|1629611|1630168|1630700,203500|1627832|1630224|1630578|1631095,2024-25,658,0.2857142857142857
128632,02:43,"Mann 1' Running Finger Roll Layup (16 PTS)
",1,1,0,0,2025-03-25,0022401049,0,0,HOU,4,0,-11,02:47,Off Steal,0,Mann 1' Running Finger Roll Layup (16 PTS),,,,ATL,1610612737,2025,2713.0,2717.0,2715.0,1627777|1629027|1629611|1630168|1630700,203500|1627832|1630224|1630578|1631095,2024-25,670,0.42857142857142855
128633,03:06,"Mann 1' Driving Reverse Layup (14 PTS)
",1,1,0,0,2025-03-25,0022401049,0,0,HOU,4,0,-13,03:34,Off Short Mid-Range Make,0,Mann 1' Driving Reverse Layup (14 PTS),,,,ATL,1610612737,2025,2666.0,2694.0,2680.0,1629027|1629611|1630168|1630700|1642258,203500|1627832|1630224|1630578|1631095,2024-25,667,0.34285714285714286
128626,00:22,"Niang 25' 3PT Jump Shot (12 PTS) (Daniels 10 AST)
",0,0,1,1,2025-03-25,0022401049,0,0,HOU,4,0,-6,00:37,Off Steal,0,Niang 25' 3PT Jump Shot (12 PTS) (Daniels 10 AST),,,,ATL,1610612737,2025,2843.0,2858.0,2850.5,1627777|1629027|1629611|1630168|1630700,203500|1627832|1630224|1630578|1631095,2024-25,693,0.08955223880597014
128623,00:01,"MISS Mann 23' Pullup Jump Shot
Eason REBOUND (Off:5 Def:9)
",1,0,0,0,2025-03-25,0022401049,0,0,HOU,4,0,-7,00:08,Off FT Make,0,Eason REBOUND (Off:5 Def:9),,,,ATL,1610612737,2025,2872.0,2879.0,2875.5,1627777|1629027|1629611|1630168|1630700,1627832|1628415|1630224|1631095|1631106,2024-25,737,0.7796610169491526
128635,04:04,"MISS Mann 25' 3PT Step Back Jump Shot
Risacher REBOUND (Off:1 Def:3)
Risacher Tip Dunk Shot (18 PTS)
",0,0,1,0,2025-03-25,0022401049,0,1,HOU,4,0,-13,04:25,Off Long Mid-Range Make,0,Risacher REBOUND (Off:1 Def:3),,,,ATL,1610612737,2025,2615.0,2636.0,2625.5,1629027|1629611|1630168|1630700|1642258,203500|1627832|1630224|1630578|1631095,2024-25,661,0.2222222222222222
128645,06:06,"Risacher 1' Cutting Layup Shot (15 PTS) (Okongwu 2 AST)
Adams S.FOUL (P2.T4) (J.Tiven)
Risacher Free Throw 1 of 1 (16 PTS)
",1,1,0,0,2025-03-25,0022401049,0,0,HOU,4,1,-8,06:13,Off FT Miss,0,Risacher Free Throw 1 of 1 (16 PTS),,,,ATL,1610612737,2025,2507.0,2514.0,2510.5,1629027|1629611|1630168|1630700|1642258,203500|1627832|1630224|1630578|1631095,2024-25,645,0.958904109589041
128643,06:06,"Risacher 1' Cutting Layup Shot (15 PTS) (Okongwu 2 AST)
Adams S.FOUL (P2.T4) (J.Tiven)
Risacher Free Throw 1 of 1 (16 PTS)
",1,1,0,0,2025-03-25,0022401049,0,0,HOU,4,1,-8,06:13,Off FT Miss,0,Risacher 1' Cutting Layup Shot (15 PTS) (Okongwu 2 AST),,,,ATL,1610612737,2025,2507.0,2514.0,2510.5,1629027|1629611|1630168|1630700|1642258,203500|1627832|1630224|1630578|1631095,2024-25,641,0.8703703703703703
128644,06:06,"Risacher 1' Cutting Layup Shot (15 PTS) (Okongwu 2 AST)
Adams S.FOUL (P2.T4) (J.Tiven)
Risacher Free Throw 1 of 1 (16 PTS)
",1,1,0,0,2025-03-25,0022401049,0,0,HOU,4,1,-8,06:13,Off FT Miss,0,Adams S.FOUL (P2.T4) (J.Tiven),,,,ATL,1610612737,2025,2507.0,2514.0,2510.5,1629027|1629611|1630168|1630700|1642258,203500|1627832|1630224|1630578|1631095,2024-25,618,0.3188405797101449
128641,05:24,"MISS Young 26' 3PT Pullup Jump Shot
Hawks Rebound
MISS Risacher 24' 3PT Jump Shot
Smith Jr. REBOUND (Off:1 Def:4)
",0,0,2,0,2025-03-25,0022401049,0,1,HOU,4,0,-8,05:50,Off Arc 3 Make,0,MISS Risacher 24' 3PT Jump Shot,,,,ATL,1610612737,2025,2530.0,2556.0,2543.0,1629027|1629611|1630168|1630700|1642258,203500|1627832|1630224|1630578|1631095,2024-25,625,0.26865671641791045
128642,05:24,"MISS Young 26' 3PT Pullup Jump Shot
Hawks Rebound
MISS Risacher 24' 3PT Jump Shot
Smith Jr. REBOUND (Off:1 Def:4)
",0,0,2,0,2025-03-25,0022401049,0,1,HOU,4,0,-8,05:50,Off Arc 3 Make,0,Smith Jr. REBOUND (Off:1 Def:4),,,,ATL,1610612737,2025,2530.0,2556.0,2543.0,1629027|1629611|1630168|1630700|1642258,203500|1627832|1630224|1630578|1631095,2024-25,615,0.3235294117647059
128476,02:41,"MISS LeVert 2' Driving Layup
Daniels REBOUND (Off:1 Def:2)
MISS LeVert 3PT Jump Shot
Hawks Rebound
VanVleet L.B.FOUL (P1.T4) (I.Hwang)
MISS Niang 27' 3PT Jump Shot
LeVert REBOUND (Off:1 Def:0)
MISS Mann 3PT Jump Shot
Smith Jr. REBOUND (Off:0 Def:1)
",1,0,3,0,2025-03-25,0022401049,0,3,HOU,1,0,0,03:20,Off Long Mid-Range Make,0,MISS LeVert 2' Driving Layup,,,,ATL,1610612737,2025,520.0,559.0,539.5,1627747|1627777|1629611|1630700|1631230,203500|1627832|1628415|1630224|1631095,2024-25,123,0.2978723404255319
128638,04:48,"MISS Risacher 23' Jump Shot
Adams REBOUND (Off:3 Def:3)
",1,0,0,0,2025-03-25,0022401049,0,0,HOU,4,0,-11,05:01,Off Timeout,0,Adams REBOUND (Off:3 Def:3),,,,ATL,1610612737,2025,2579.0,2592.0,2585.5,1629027|1629611|1630168|1630700|1642258,203500|1627832|1630224|1630578|1631095,2024-25,586,0.8135593220338984
128637,04:48,"MISS Risacher 23' Jump Shot
Adams REBOUND (Off:3 Def:3)
",1,0,0,0,2025-03-25,0022401049,0,0,HOU,4,0,-11,05:01,Off Timeout,0,MISS Risacher 23' Jump Shot,,,,ATL,1610612737,2025,2579.0,2592.0,2585.5,1629027|1629611|1630168|1630700|1642258,203500|1627832|1630224|1630578|1631095,2024-25,587,0.03225806451612903
128636,04:04,"MISS Mann 25' 3PT Step Back Jump Shot
Risacher REBOUND (Off:1 Def:3)
Risacher Tip Dunk Shot (18 PTS)
",0,0,1,0,2025-03-25,0022401049,0,1,HOU,4,0,-13,04:25,Off Long Mid-Range Make,0,Risacher Tip Dunk Shot (18 PTS),,,,ATL,1610612737,2025,2615.0,2636.0,2625.5,1629027|1629611|1630168|1630700|1642258,203500|1627832|1630224|1630578|1631095,2024-25,662,0.8666666666666667
128640,05:24,"MISS Young 26' 3PT Pullup Jump Shot
Hawks Rebound
MISS Risacher 24' 3PT Jump Shot
Smith Jr. REBOUND (Off:1 Def:4)
",0,0,2,0,2025-03-25,0022401049,0,1,HOU,4,0,-8,05:50,Off Arc 3 Make,0,Hawks Rebound,,,,ATL,1610612737,2025,2530.0,2556.0,2543.0,1629027|1629611|1630168|1630700|1642258,203500|1627832|1630224|1630578|1631095,2024-25,645,0.1568627450980392
128634,04:04,"MISS Mann 25' 3PT Step Back Jump Shot
Risacher REBOUND (Off:1 Def:3)
Risacher Tip Dunk Shot (18 PTS)
",0,0,1,0,2025-03-25,0022401049,0,1,HOU,4,0,-13,04:25,Off Long Mid-Range Make,0,MISS Mann 25' 3PT Step Back Jump Shot,,,,ATL,1610612737,2025,2615.0,2636.0,2625.5,1629027|1629611|1630168|1630700|1642258,203500|1627832|1630224|1630578|1631095,2024-25,660,0.17647058823529413
128647,06:29,"MISS Risacher 2' Running Layup
Adams REBOUND (Off:3 Def:2)
",1,0,0,0,2025-03-25,0022401049,0,0,HOU,4,0,-6,06:36,Off Arc 3 Miss,0,Adams REBOUND (Off:3 Def:2),,,,ATL,1610612737,2025,2484.0,2491.0,2487.5,1629027|1629611|1630168|1630700|1642258,203500|1627832|1630224|1630578|1631095,2024-25,609,0.2153846153846154
128622,00:01,"MISS Mann 23' Pullup Jump Shot
Eason REBOUND (Off:5 Def:9)
",1,0,0,0,2025-03-25,0022401049,0,0,HOU,4,0,-7,00:08,Off FT Make,0,MISS Mann 23' Pullup Jump Shot,,,,ATL,1610612737,2025,2872.0,2879.0,2875.5,1627777|1629027|1629611|1630168|1630700,1627832|1628415|1630224|1631095|1631106,2024-25,713,0.4444444444444444
128646,06:29,"MISS Risacher 2' Running Layup
Adams REBOUND (Off:3 Def:2)
",1,0,0,0,2025-03-25,0022401049,0,0,HOU,4,0,-6,06:36,Off Arc 3 Miss,0,MISS Risacher 2' Running Layup,,,,ATL,1610612737,2025,2484.0,2491.0,2487.5,1629027|1629611|1630168|1630700|1642258,203500|1627832|1630224|1630578|1631095,2024-25,633,0.9
128653,07:41,"Adams S.FOUL (P1.T3) (J.Tiven)
Daniels Free Throw 1 of 2 (12 PTS)
Daniels Free Throw 2 of 2 (13 PTS)
",0,0,0,0,2025-03-25,0022401049,0,0,HOU,4,1,-8,07:53,Off Dead Ball,0,Daniels Free Throw 1 of 2 (12 PTS),,,,ATL,1610612737,2025,2407.0,2419.0,2413.0,1629611|1630168|1630249|1630700|1642258,203500|1627832|1630224|1630578|1631095,2024-25,614,0.9577464788732394
128654,07:41,"Adams S.FOUL (P1.T3) (J.Tiven)
Daniels Free Throw 1 of 2 (12 PTS)
Daniels Free Throw 2 of 2 (13 PTS)
",0,0,0,0,2025-03-25,0022401049,0,0,HOU,4,1,-8,07:53,Off Dead Ball,0,Daniels Free Throw 2 of 2 (13 PTS),,,,ATL,1610612737,2025,2407.0,2419.0,2413.0,1629611|1630168|1630249|1630700|1642258,203500|1627832|1630224|1630578|1631095,2024-25,615,0.9577464788732394
128655,08:13,"Mann 25' 3PT Running Pull-Up Jump Shot (10 PTS) (Krejci 1 AST)
",0,0,1,1,2025-03-25,0022401049,0,0,HOU,4,0,-11,08:17,Off Arc 3 Miss,0,Mann 25' 3PT Running Pull-Up Jump Shot (10 PTS) (Krejci 1 AST),,,,ATL,1610612737,2025,2383.0,2387.0,2385.0,1629611|1630168|1630249|1630700|1642258,1627832|1630224|1630578|1631095|1631106,2024-25,605,0.8235294117647058
128656,08:33,"MISS Daniels 26' 3PT Jump Shot
Sengun REBOUND (Off:2 Def:6)
",0,0,1,0,2025-03-25,0022401049,0,0,HOU,4,0,-11,08:41,Off Dead Ball,0,MISS Daniels 26' 3PT Jump Shot,,,,ATL,1610612737,2025,2359.0,2367.0,2363.0,1629611|1630168|1630249|1630700|1642258,1627832|1630224|1630578|1631095|1631106,2024-25,599,0.39473684210526316
128657,08:33,"MISS Daniels 26' 3PT Jump Shot
Sengun REBOUND (Off:2 Def:6)
",0,0,1,0,2025-03-25,0022401049,0,0,HOU,4,0,-11,08:41,Off Dead Ball,0,Sengun REBOUND (Off:2 Def:6),,,,ATL,1610612737,2025,2359.0,2367.0,2363.0,1629611|1630168|1630249|1630700|1642258,1627832|1630224|1630578|1631095|1631106,2024-25,568,0.25396825396825395
128658,09:03,"MISS Okongwu 25' 3PT Jump Shot
Daniels REBOUND (Off:4 Def:3)
VanVleet P.FOUL (P3.T2) (J.Tiven)
Risacher 6' Cutting Layup Shot (13 PTS) (Daniels 9 AST)
",1,1,1,0,2025-03-25,0022401049,0,1,HOU,4,0,-11,09:22,Off Dead Ball,0,MISS Okongwu 25' 3PT Jump Shot,,,,ATL,1610612737,2025,2318.0,2337.0,2327.5,1629611|1630168|1630249|1630700|1642258,1627832|1630224|1630578|1631095|1631106,2024-25,585,0.7547169811320755
128659,09:03,"MISS Okongwu 25' 3PT Jump Shot
Daniels REBOUND (Off:4 Def:3)
VanVleet P.FOUL (P3.T2) (J.Tiven)
Risacher 6' Cutting Layup Shot (13 PTS) (Daniels 9 AST)
",1,1,1,0,2025-03-25,0022401049,0,1,HOU,4,0,-11,09:22,Off Dead Ball,0,Daniels REBOUND (Off:4 Def:3),,,,ATL,1610612737,2025,2318.0,2337.0,2327.5,1629611|1630168|1630249|1630700|1642258,1627832|1630224|1630578|1631095|1631106,2024-25,586,0.9508196721311475
128660,09:03,"MISS Okongwu 25' 3PT Jump Shot
Daniels REBOUND (Off:4 Def:3)
VanVleet P.FOUL (P3.T2) (J.Tiven)
Risacher 6' Cutting Layup Shot (13 PTS) (Daniels 9 AST)
",1,1,1,0,2025-03-25,0022401049,0,1,HOU,4,0,-11,09:22,Off Dead Ball,0,VanVleet P.FOUL (P3.T2) (J.Tiven),,,,ATL,1610612737,2025,2318.0,2337.0,2327.5,1629611|1630168|1630249|1630700|1642258,1627832|1630224|1630578|1631095|1631106,2024-25,586,0.3076923076923077
128661,09:03,"MISS Okongwu 25' 3PT Jump Shot
Daniels REBOUND (Off:4 Def:3)
VanVleet P.FOUL (P3.T2) (J.Tiven)
Risacher 6' Cutting Layup Shot (13 PTS) (Daniels 9 AST)
",1,1,1,0,2025-03-25,0022401049,0,1,HOU,4,0,-11,09:22,Off Dead Ball,0,Risacher 6' Cutting Layup Shot (13 PTS) (Daniels 9 AST),,,,ATL,1610612737,2025,2318.0,2337.0,2327.5,1629611|1630168|1630249|1630700|1642258,1627832|1630224|1630578|1631095|1631106,2024-25,589,0.9009009009009009
128662,09:46,"Okongwu 25' 3PT Jump Shot (14 PTS) (Risacher 1 AST)
",0,0,1,1,2025-03-25,0022401049,0,0,HOU,4,0,-14,09:58,Off Dead Ball,0,Okongwu 25' 3PT Jump Shot (14 PTS) (Risacher 1 AST),,,,ATL,1610612737,2025,2282.0,2294.0,2288.0,1629611|1630168|1630249|1630700|1642258,1628415|1628988|1630578|1631095|1631106,2024-25,576,0.8484848484848485
128663,10:23,"Risacher 2' Running Layup (11 PTS) (Daniels 8 AST)
",1,1,0,0,2025-03-25,0022401049,0,0,HOU,4,0,-16,10:29,Off Arc 3 Miss,0,Risacher 2' Running Layup (11 PTS) (Daniels 8 AST),,,,ATL,1610612737,2025,2251.0,2257.0,2254.0,1629611|1630168|1630249|1630700|1642258,1628415|1628988|1630578|1631095|1631106,2024-25,571,0.4842105263157895
128664,10:37,"MISS Mann 6' Running Layup
Daniels REBOUND (Off:3 Def:3)
Sengun STEAL (1 STL): Daniels Bad Pass Turnover (P2.T13)
",1,0,0,0,2025-03-25,0022401049,0,1,HOU,4,0,-16,10:46,Off Steal,1,MISS Mann 6' Running Layup,,,,ATL,1610612737,2025,2234.0,2243.0,2238.5,1629611|1630168|1630249|1630700|1642258,1628415|1628988|1630578|1631095|1631106,2024-25,565,0.6909090909090909
128665,10:37,"MISS Mann 6' Running Layup
Daniels REBOUND (Off:3 Def:3)
Sengun STEAL (1 STL): Daniels Bad Pass Turnover (P2.T13)
",1,0,0,0,2025-03-25,0022401049,0,1,HOU,4,0,-16,10:46,Off Steal,1,Daniels REBOUND (Off:3 Def:3),,,,ATL,1610612737,2025,2234.0,2243.0,2238.5,1629611|1630168|1630249|1630700|1642258,1628415|1628988|1630578|1631095|1631106,2024-25,566,0.4
128667,11:13,"Mann 25' 3PT Pullup Jump Shot (7 PTS) (Daniels 7 AST)
",0,0,1,1,2025-03-25,0022401049,0,0,HOU,4,0,-19,11:19,Off At Rim Make,0,Mann 25' 3PT Pullup Jump Shot (7 PTS) (Daniels 7 AST),,,,ATL,1610612737,2025,2201.0,2207.0,2204.0,1629611|1630168|1630249|1630700|1642258,1628415|1628988|1630578|1631095|1631106,2024-25,561,0.8431372549019608
128668,11:34,"Holiday S.FOUL (P1.T1) (J.Tiven)
Krejci Free Throw 1 of 3 (4 PTS)
Krejci Free Throw 2 of 3 (5 PTS)
MISS Krejci Free Throw 3 of 3
Eason REBOUND (Off:5 Def:8)
",0,0,0,0,2025-03-25,0022401049,0,0,HOU,4,1,-20,11:41,Off Arc 3 Miss,0,Holiday S.FOUL (P1.T1) (J.Tiven),,,,ATL,1610612737,2025,2179.0,2186.0,2182.5,1629611|1630168|1630249|1630700|1642258,1628415|1628988|1630578|1631095|1631106,2024-25,522,0.24742268041237114
128669,11:34,"Holiday S.FOUL (P1.T1) (J.Tiven)
Krejci Free Throw 1 of 3 (4 PTS)
Krejci Free Throw 2 of 3 (5 PTS)
MISS Krejci Free Throw 3 of 3
Eason REBOUND (Off:5 Def:8)
",0,0,0,0,2025-03-25,0022401049,0,0,HOU,4,1,-20,11:41,Off Arc 3 Miss,0,Krejci Free Throw 1 of 3 (4 PTS),,,,ATL,1610612737,2025,2179.0,2186.0,2182.5,1629611|1630168|1630249|1630700|1642258,1628415|1628988|1630578|1631095|1631106,2024-25,554,0.23529411764705882
128670,11:34,"Holiday S.FOUL (P1.T1) (J.Tiven)
Krejci Free Throw 1 of 3 (4 PTS)
Krejci Free Throw 2 of 3 (5 PTS)
MISS Krejci Free Throw 3 of 3
Eason REBOUND (Off:5 Def:8)
",0,0,0,0,2025-03-25,0022401049,0,0,HOU,4,1,-20,11:41,Off Arc 3 Miss,0,Krejci Free Throw 2 of 3 (5 PTS),,,,ATL,1610612737,2025,2179.0,2186.0,2182.5,1629611|1630168|1630249|1630700|1642258,1628415|1628988|1630578|1631095|1631106,2024-25,555,0.16666666666666666
128671,11:34,"Holiday S.FOUL (P1.T1) (J.Tiven)
Krejci Free Throw 1 of 3 (4 PTS)
Krejci Free Throw 2 of 3 (5 PTS)
MISS Krejci Free Throw 3 of 3
Eason REBOUND (Off:5 Def:8)
",0,0,0,0,2025-03-25,0022401049,0,0,HOU,4,1,-20,11:41,Off Arc 3 Miss,0,MISS Krejci Free Throw 3 of 3,,,,ATL,1610612737,2025,2179.0,2186.0,2182.5,1629611|1630168|1630249|1630700|1642258,1628415|1628988|1630578|1631095|1631106,2024-25,556,0.5538461538461539
128672,11:34,"Holiday S.FOUL (P1.T1) (J.Tiven)
Krejci Free Throw 1 of 3 (4 PTS)
Krejci Free Throw 2 of 3 (5 PTS)
MISS Krejci Free Throw 3 of 3
Eason REBOUND (Off:5 Def:8)
",0,0,0,0,2025-03-25,0022401049,0,0,HOU,4,1,-20,11:41,Off Arc 3 Miss,0,Eason REBOUND (Off:5 Def:8),,,,ATL,1610612737,2025,2179.0,2186.0,2182.5,1629611|1630168|1630249|1630700|1642258,1628415|1628988|1630578|1631095|1631106,2024-25,551,0.7457627118644068
128620,11:41,"MISS Young 31' 3PT Step Back Jump Shot
Eason REBOUND (Off:4 Def:7)
",0,0,1,0,2025-03-25,0022401049,0,0,HOU,3,0,-17,12:00,Off Dead Ball,0,MISS Young 31' 3PT Step Back Jump Shot,,,,ATL,1610612737,2025,1440.0,1459.0,1449.5,1627777|1629027|1630168|1630700|1642258,1627832|1628415|1630224|1630578|1631106,2024-25,368,0.30927835051546393
128649,06:56,"MISS Daniels 12' Driving Floating Jump Shot
Okongwu REBOUND (Off:5 Def:9)
Smith Jr. STEAL (2 STL): Okongwu Lost Ball Turnover (P1.T14)
",1,0,0,0,2025-03-25,0022401049,0,1,HOU,4,0,-6,07:02,Off Short Mid-Range Make,1,Okongwu REBOUND (Off:5 Def:9),,,,ATL,1610612737,2025,2458.0,2464.0,2461.0,1629611|1630168|1630249|1630700|1642258,203500|1627832|1630224|1630578|1631095,2024-25,640,0.9508196721311475
128648,06:56,"MISS Daniels 12' Driving Floating Jump Shot
Okongwu REBOUND (Off:5 Def:9)
Smith Jr. STEAL (2 STL): Okongwu Lost Ball Turnover (P1.T14)
",1,0,0,0,2025-03-25,0022401049,0,1,HOU,4,0,-6,07:02,Off Short Mid-Range Make,1,MISS Daniels 12' Driving Floating Jump Shot,,,,ATL,1610612737,2025,2458.0,2464.0,2461.0,1629611|1630168|1630249|1630700|1642258,203500|1627832|1630224|1630578|1631095,2024-25,623,0.9047619047619048
128666,10:37,"MISS Mann 6' Running Layup
Daniels REBOUND (Off:3 Def:3)
Sengun STEAL (1 STL): Daniels Bad Pass Turnover (P2.T13)
",1,0,0,0,2025-03-25,0022401049,0,1,HOU,4,0,-16,10:46,Off Steal,1,Sengun STEAL (1 STL): Daniels Bad Pass Turnover (P2.T13),,,,ATL,1610612737,2025,2234.0,2243.0,2238.5,1629611|1630168|1630249|1630700|1642258,1628415|1628988|1630578|1631095|1631106,2024-25,567,0.6813186813186813
128651,07:20,"Mann 9' Turnaround Fadeaway (12 PTS)
",1,1,0,0,2025-03-25,0022401049,0,0,HOU,4,0,-6,07:28,Off At Rim Block,0,Mann 9' Turnaround Fadeaway (12 PTS),,,,ATL,1610612737,2025,2432.0,2440.0,2436.0,1629611|1630168|1630249|1630700|1642258,203500|1627832|1630224|1630578|1631095,2024-25,619,0.8235294117647058
128475,02:10,"Mann 3' Cutting Layup Shot (2 PTS) (Niang 1 AST)
",1,1,0,0,2025-03-25,0022401049,0,0,HOU,1,0,-2,02:24,Off Short Mid-Range Make,0,Mann 3' Cutting Layup Shot (2 PTS) (Niang 1 AST),,,,ATL,1610612737,2025,576.0,590.0,583.0,1627747|1627777|1629027|1629611|1631230,203500|1628988|1630224|1630578|1631095,2024-25,142,0.4117647058823529
128509,08:41,"Risacher 4' Cutting Layup Shot (2 PTS) (Gueye 1 AST)
",1,1,0,0,2025-03-25,0022401049,0,0,HOU,1,0,-7,08:56,Off FT Make,0,Risacher 4' Cutting Layup Shot (2 PTS) (Gueye 1 AST),,,,ATL,1610612737,2025,184.0,199.0,191.5,1629027|1630168|1630700|1631243|1642258,1627832|1628415|1630224|1630578|1631106,2024-25,42,0.35
128473,01:07,"Mann Out of Bounds - Bad Pass Turnover Turnover (P1.T4)
",0,0,0,0,2025-03-25,0022401049,0,0,HOU,1,0,-1,01:13,Off Dead Ball,1,Mann Out of Bounds - Bad Pass Turnover Turnover (P1.T4),,,,ATL,1610612737,2025,647.0,653.0,650.0,1627747|1627777|1629027|1629611|1631230,203500|1628988|1630224|1630578|1631095,2024-25,163,0.5148514851485149
128554,07:44,"MISS Risacher 3PT Jump Shot
Smith Jr. REBOUND (Off:0 Def:2)
",0,0,1,0,2025-03-25,0022401049,0,0,HOU,2,0,-17,07:58,Off Arc 3 Miss,0,Smith Jr. REBOUND (Off:0 Def:2),,,,ATL,1610612737,2025,962.0,976.0,969.0,1627777|1629027|1630168|1630249|1642258,1627832|1628988|1630578|1631095|1631106,2024-25,213,0.3
128555,08:08,"Young Out of Bounds - Bad Pass Turnover Turnover (P4.T9)
",0,0,0,0,2025-03-25,0022401049,0,0,HOU,2,0,-17,08:11,Off At Rim Miss,1,Young Out of Bounds - Bad Pass Turnover Turnover (P4.T9),,,,ATL,1610612737,2025,949.0,952.0,950.5,1627777|1629027|1630168|1630249|1642258,1627832|1628988|1630578|1631095|1631106,2024-25,245,0.6067415730337079
128556,08:20,"MISS Risacher 26' 3PT Jump Shot
Eason REBOUND (Off:1 Def:3)
",0,0,1,0,2025-03-25,0022401049,0,0,HOU,2,0,-17,08:33,Off Arc 3 Make,0,MISS Risacher 26' 3PT Jump Shot,,,,ATL,1610612737,2025,927.0,940.0,933.5,1627777|1629027|1630168|1630249|1642258,1627832|1628988|1630578|1631095|1631106,2024-25,236,0.7272727272727273
128557,08:20,"MISS Risacher 26' 3PT Jump Shot
Eason REBOUND (Off:1 Def:3)
",0,0,1,0,2025-03-25,0022401049,0,0,HOU,2,0,-17,08:33,Off Arc 3 Make,0,Eason REBOUND (Off:1 Def:3),,,,ATL,1610612737,2025,927.0,940.0,933.5,1627777|1629027|1630168|1630249|1642258,1627832|1628988|1630578|1631095|1631106,2024-25,202,0.2857142857142857
128558,08:44,"MISS Niang 26' 3PT Jump Shot
Eason REBOUND (Off:1 Def:2)
",0,0,1,0,2025-03-25,0022401049,0,0,HOU,2,0,-14,08:56,Off Timeout,0,MISS Niang 26' 3PT Jump Shot,,,,ATL,1610612737,2025,904.0,916.0,910.0,1627777|1629027|1630168|1630249|1642258,1627832|1628988|1630578|1631095|1631106,2024-25,232,0.21739130434782608
128559,08:44,"MISS Niang 26' 3PT Jump Shot
Eason REBOUND (Off:1 Def:2)
",0,0,1,0,2025-03-25,0022401049,0,0,HOU,2,0,-14,08:56,Off Timeout,0,Eason REBOUND (Off:1 Def:2),,,,ATL,1610612737,2025,904.0,916.0,910.0,1627777|1629027|1630168|1630249|1642258,1627832|1628988|1630578|1631095|1631106,2024-25,195,0.38596491228070173
128560,09:05,"MISS Krejci 27' 3PT Jump Shot
VanVleet REBOUND (Off:1 Def:2)
",0,0,1,0,2025-03-25,0022401049,0,0,HOU,2,0,-12,09:25,Off Dead Ball,0,MISS Krejci 27' 3PT Jump Shot,,,,ATL,1610612737,2025,875.0,895.0,885.0,1629027|1629611|1630168|1630249|1631243,203500|1627832|1628988|1630578|1631095,2024-25,219,0.6666666666666666
128562,09:27,"Holiday BLOCK (1 BLK): MISS Okongwu 7' Turnaround Hook Shot
Sengun REBOUND (Off:2 Def:2)
",1,0,0,0,2025-03-25,0022401049,0,0,HOU,2,0,-12,09:44,Off Long Mid-Range Make,0,Holiday BLOCK (1 BLK): MISS Okongwu 7' Turnaround Hook Shot,,,,ATL,1610612737,2025,856.0,873.0,864.5,1629027|1629611|1630168|1630249|1631243,203500|1627832|1628988|1630578|1631095,2024-25,215,0.6213592233009708
128580,02:54,"LeVert 24' 3PT Jump Shot (5 PTS) (Mathews 1 AST)
",0,0,1,1,2025-03-25,0022401049,0,0,HOU,3,0,-25,03:10,Off Short Mid-Range Make,0,LeVert 24' 3PT Jump Shot (5 PTS) (Mathews 1 AST),,,,ATL,1610612737,2025,1970.0,1986.0,1978.0,1627747|1629027|1629611|1629726|1631230,203500|1627832|1628415|1630224|1631095,2024-25,502,0.18181818181818182
128595,05:46,"MISS Okongwu 9' Driving Floating Jump Shot
Sengun REBOUND (Off:2 Def:4)
",1,0,0,0,2025-03-25,0022401049,0,0,HOU,3,0,-19,06:03,Off Long Mid-Range Make,0,Sengun REBOUND (Off:2 Def:4),,,,ATL,1610612737,2025,1797.0,1814.0,1805.5,1629027|1629726|1630168|1630700|1642258,1627832|1628415|1630224|1630578|1631106,2024-25,397,0.24561403508771928
128553,07:44,"MISS Risacher 3PT Jump Shot
Smith Jr. REBOUND (Off:0 Def:2)
",0,0,1,0,2025-03-25,0022401049,0,0,HOU,2,0,-17,07:58,Off Arc 3 Miss,0,MISS Risacher 3PT Jump Shot,,,,ATL,1610612737,2025,962.0,976.0,969.0,1627777|1629027|1630168|1630249|1642258,1627832|1628988|1630578|1631095|1631106,2024-25,243,0.34782608695652173
128582,03:36,"MISS Barlow 3PT Jump Shot
Ja. Green REBOUND (Off:0 Def:11)
",0,0,1,0,2025-03-25,0022401049,0,0,HOU,3,0,-23,03:49,Off FT Make,0,MISS Barlow 3PT Jump Shot,,,,ATL,1610612737,2025,1931.0,1944.0,1937.5,1627747|1629027|1629611|1629726|1631230,203500|1627832|1628415|1630224|1631095,2024-25,493,0.6976744186046512
128604,08:18,"MISS Daniels 26' 3PT Jump Shot
Hawks Rebound
Brooks L.B.FOUL (P2.T1) (J.Tiven)
Ja. Green STEAL (2 STL): Risacher Bad Pass Turnover (P1.T12)
",0,0,1,0,2025-03-25,0022401049,0,1,HOU,3,0,-20,08:45,Off Timeout,1,MISS Daniels 26' 3PT Jump Shot,,,,ATL,1610612737,2025,1635.0,1662.0,1648.5,1627777|1629027|1630168|1630700|1642258,1627832|1628415|1630224|1630578|1631106,2024-25,415,0.2641509433962264
128605,08:18,"MISS Daniels 26' 3PT Jump Shot
Hawks Rebound
Brooks L.B.FOUL (P2.T1) (J.Tiven)
Ja. Green STEAL (2 STL): Risacher Bad Pass Turnover (P1.T12)
",0,0,1,0,2025-03-25,0022401049,0,1,HOU,3,0,-20,08:45,Off Timeout,1,Hawks Rebound,,,,ATL,1610612737,2025,1635.0,1662.0,1648.5,1627777|1629027|1630168|1630700|1642258,1627832|1628415|1630224|1630578|1631106,2024-25,416,0.391304347826087
128606,08:18,"MISS Daniels 26' 3PT Jump Shot
Hawks Rebound
Brooks L.B.FOUL (P2.T1) (J.Tiven)
Ja. Green STEAL (2 STL): Risacher Bad Pass Turnover (P1.T12)
",0,0,1,0,2025-03-25,0022401049,0,1,HOU,3,0,-20,08:45,Off Timeout,1,Brooks L.B.FOUL (P2.T1) (J.Tiven),,,,ATL,1610612737,2025,1635.0,1662.0,1648.5,1627777|1629027|1630168|1630700|1642258,1627832|1628415|1630224|1630578|1631106,2024-25,418,0.36
128607,08:18,"MISS Daniels 26' 3PT Jump Shot
Hawks Rebound
Brooks L.B.FOUL (P2.T1) (J.Tiven)
Ja. Green STEAL (2 STL): Risacher Bad Pass Turnover (P1.T12)
",0,0,1,0,2025-03-25,0022401049,0,1,HOU,3,0,-20,08:45,Off Timeout,1,Ja. Green STEAL (2 STL): Risacher Bad Pass Turnover (P1.T12),,,,ATL,1610612737,2025,1635.0,1662.0,1648.5,1627777|1629027|1630168|1630700|1642258,1627832|1628415|1630224|1630578|1631106,2024-25,375,0.07792207792207792
128608,09:01,"MISS Young 6' Driving Floating Jump Shot
ROCKETS Rebound
",1,0,0,0,2025-03-25,0022401049,0,0,HOU,3,0,-17,09:08,Off Short Mid-Range Miss,0,MISS Young 6' Driving Floating Jump Shot,,,,ATL,1610612737,2025,1612.0,1619.0,1615.5,1627777|1629027|1630168|1630700|1642258,1627832|1628415|1630224|1630578|1631106,2024-25,406,0.3466666666666667
128609,09:01,"MISS Young 6' Driving Floating Jump Shot
ROCKETS Rebound
",1,0,0,0,2025-03-25,0022401049,0,0,HOU,3,0,-17,09:08,Off Short Mid-Range Miss,0,ROCKETS Rebound,,,,ATL,1610612737,2025,1612.0,1619.0,1615.5,1627777|1629027|1630168|1630700|1642258,1627832|1628415|1630224|1630578|1631106,2024-25,412,0.21739130434782608
128610,09:37,"MISS Daniels 8' Driving Finger Roll Layup
Daniels REBOUND (Off:2 Def:2)
MISS Daniels Tip Layup Shot
Hawks Rebound
Daniels 1' Cutting Layup Shot (4 PTS) (Young 7 AST)
",2,1,0,0,2025-03-25,0022401049,0,2,HOU,3,0,-19,10:06,Off Dead Ball,0,MISS Daniels 8' Driving Finger Roll Layup,,,,ATL,1610612737,2025,1554.0,1583.0,1568.5,1627777|1629027|1630168|1630700|1642258,1627832|1628415|1630224|1630578|1631106,2024-25,389,0.45
128611,09:37,"MISS Daniels 8' Driving Finger Roll Layup
Daniels REBOUND (Off:2 Def:2)
MISS Daniels Tip Layup Shot
Hawks Rebound
Daniels 1' Cutting Layup Shot (4 PTS) (Young 7 AST)
",2,1,0,0,2025-03-25,0022401049,0,2,HOU,3,0,-19,10:06,Off Dead Ball,0,Daniels REBOUND (Off:2 Def:2),,,,ATL,1610612737,2025,1554.0,1583.0,1568.5,1627777|1629027|1630168|1630700|1642258,1627832|1628415|1630224|1630578|1631106,2024-25,390,0.2727272727272727
128612,09:37,"MISS Daniels 8' Driving Finger Roll Layup
Daniels REBOUND (Off:2 Def:2)
MISS Daniels Tip Layup Shot
Hawks Rebound
Daniels 1' Cutting Layup Shot (4 PTS) (Young 7 AST)
",2,1,0,0,2025-03-25,0022401049,0,2,HOU,3,0,-19,10:06,Off Dead Ball,0,MISS Daniels Tip Layup Shot,,,,ATL,1610612737,2025,1554.0,1583.0,1568.5,1627777|1629027|1630168|1630700|1642258,1627832|1628415|1630224|1630578|1631106,2024-25,391,0.21875
128613,09:37,"MISS Daniels 8' Driving Finger Roll Layup
Daniels REBOUND (Off:2 Def:2)
MISS Daniels Tip Layup Shot
Hawks Rebound
Daniels 1' Cutting Layup Shot (4 PTS) (Young 7 AST)
",2,1,0,0,2025-03-25,0022401049,0,2,HOU,3,0,-19,10:06,Off Dead Ball,0,Hawks Rebound,,,,ATL,1610612737,2025,1554.0,1583.0,1568.5,1627777|1629027|1630168|1630700|1642258,1627832|1628415|1630224|1630578|1631106,2024-25,395,0.5714285714285714
128603,08:06,"Daniels 2' Reverse Layup (6 PTS) (Young 8 AST)
",1,1,0,0,2025-03-25,0022401049,0,0,HOU,3,0,-22,08:15,Off At Rim Make,0,Daniels 2' Reverse Layup (6 PTS) (Young 8 AST),,,,ATL,1610612737,2025,1665.0,1674.0,1669.5,1629027|1629726|1630168|1630700|1642258,1627832|1628415|1630224|1630578|1631106,2024-25,427,0.9052631578947369
128614,09:37,"MISS Daniels 8' Driving Finger Roll Layup
Daniels REBOUND (Off:2 Def:2)
MISS Daniels Tip Layup Shot
Hawks Rebound
Daniels 1' Cutting Layup Shot (4 PTS) (Young 7 AST)
",2,1,0,0,2025-03-25,0022401049,0,2,HOU,3,0,-19,10:06,Off Dead Ball,0,Daniels 1' Cutting Layup Shot (4 PTS) (Young 7 AST),,,,ATL,1610612737,2025,1554.0,1583.0,1568.5,1627777|1629027|1630168|1630700|1642258,1627832|1628415|1630224|1630578|1631106,2024-25,396,0.86
128552,07:08,"Smith Jr. S.FOUL (P1.T1) (J.Tiven)
MISS Niang Free Throw 1 of 2
Hawks Rebound
Niang Free Throw 2 of 2 (4 PTS)
",0,0,0,0,2025-03-25,0022401049,0,0,HOU,2,1,-19,07:26,Off Timeout,0,Niang Free Throw 2 of 2 (4 PTS),,,,ATL,1610612737,2025,994.0,1012.0,1003.0,1627747|1627777|1629027|1630168|1642258,1628415|1630224|1630578|1631095|1631106,2024-25,263,0.9538461538461539
128550,07:08,"Smith Jr. S.FOUL (P1.T1) (J.Tiven)
MISS Niang Free Throw 1 of 2
Hawks Rebound
Niang Free Throw 2 of 2 (4 PTS)
",0,0,0,0,2025-03-25,0022401049,0,0,HOU,2,1,-19,07:26,Off Timeout,0,MISS Niang Free Throw 1 of 2,,,,ATL,1610612737,2025,994.0,1012.0,1003.0,1627747|1627777|1629027|1630168|1642258,1628415|1630224|1630578|1631095|1631106,2024-25,259,0.2857142857142857
128474,01:31,"Niang 25' 3PT Jump Shot (3 PTS) (Young 3 AST)
",0,0,1,1,2025-03-25,0022401049,0,0,HOU,1,0,-2,01:42,Off At Rim Make,0,Niang 25' 3PT Jump Shot (3 PTS) (Young 3 AST),,,,ATL,1610612737,2025,618.0,629.0,623.5,1627747|1627777|1629027|1629611|1631230,203500|1628988|1630224|1630578|1631095,2024-25,150,0.8275862068965517
128565,09:54,"MISS Mann 3PT Jump Shot
Sengun REBOUND (Off:2 Def:1)
",0,0,1,0,2025-03-25,0022401049,0,0,HOU,2,0,-10,10:09,Off Arc 3 Miss,0,Sengun REBOUND (Off:2 Def:1),,,,ATL,1610612737,2025,831.0,846.0,838.5,1629027|1629611|1630168|1630249|1631243,203500|1627832|1628988|1630578|1631095,2024-25,181,0.3076923076923077
128569,00:10,"MISS Young 1' Driving Finger Roll Layup
Barlow REBOUND (Off:3 Def:0)
Barlow Tip Dunk Shot (2 PTS)
",1,0,0,0,2025-03-25,0022401049,0,1,HOU,3,0,-22,00:29,Off FT Make,0,MISS Young 1' Driving Finger Roll Layup,,,,ATL,1610612737,2025,2131.0,2150.0,2140.5,1627747|1629027|1629611|1630249|1631230,1627832|1628415|1630224|1631095|1631106,2024-25,533,0.2826086956521739
128566,10:38,"Young Out of Bounds - Bad Pass Turnover Turnover (P3.T8)
",0,0,0,0,2025-03-25,0022401049,0,0,HOU,2,0,-10,10:55,Off FT Make,1,Young Out of Bounds - Bad Pass Turnover Turnover (P3.T8),,,,ATL,1610612737,2025,785.0,802.0,793.5,1629027|1629611|1630168|1630249|1631243,203500|1627832|1628988|1630578|1631095,2024-25,206,0.5242718446601942
128567,11:11,"Krejci 25' 3PT Jump Shot (3 PTS) (Mann 1 AST)
",0,0,1,1,2025-03-25,0022401049,0,0,HOU,2,0,-10,11:28,Off Arc 3 Make,0,Krejci 25' 3PT Jump Shot (3 PTS) (Mann 1 AST),,,,ATL,1610612737,2025,752.0,769.0,760.5,1629027|1629611|1630249|1631230|1631243,203500|1627832|1628988|1630578|1631095,2024-25,166,0.15873015873015872
128568,11:50,"Krejci Traveling Turnover (P1.T7)
",0,0,0,0,2025-03-25,0022401049,0,0,HOU,2,0,-7,12:00,Off Dead Ball,1,Krejci Traveling Turnover (P1.T7),,,,ATL,1610612737,2025,720.0,730.0,725.0,1629027|1629611|1630249|1631230|1631243,203500|1627832|1628988|1630578|1631095,2024-25,194,0.8235294117647058
128570,00:10,"MISS Young 1' Driving Finger Roll Layup
Barlow REBOUND (Off:3 Def:0)
Barlow Tip Dunk Shot (2 PTS)
",1,0,0,0,2025-03-25,0022401049,0,1,HOU,3,0,-22,00:29,Off FT Make,0,Barlow REBOUND (Off:3 Def:0),,,,ATL,1610612737,2025,2131.0,2150.0,2140.5,1627747|1629027|1629611|1630249|1631230,1627832|1628415|1630224|1631095|1631106,2024-25,534,0.5490196078431373
128576,02:25,"MISS LeVert 9' Turnaround Fadeaway Shot
Barlow REBOUND (Off:2 Def:0)
MISS Barlow 1' Putback Layup
VanVleet REBOUND (Off:1 Def:3)
",2,0,0,0,2025-03-25,0022401049,0,1,HOU,3,0,-24,02:39,Off Long Mid-Range Make,0,MISS LeVert 9' Turnaround Fadeaway Shot,,,,ATL,1610612737,2025,2001.0,2015.0,2008.0,1627747|1629027|1629611|1629726|1631230,203500|1627832|1628415|1630224|1631095,2024-25,505,0.24324324324324326
128572,00:45,"Young 12' Driving Floating Jump Shot (17 PTS)
",1,1,0,0,2025-03-25,0022401049,0,0,HOU,3,0,-22,00:54,Off Dead Ball,0,Young 12' Driving Floating Jump Shot (17 PTS),,,,ATL,1610612737,2025,2106.0,2115.0,2110.5,1627747|1629027|1629611|1630249|1631230,203500|1627832|1630224|1630578|1631095,2024-25,524,0.946236559139785
128573,01:18,"MISS LeVert 26' 3PT Jump Shot
Sengun REBOUND (Off:2 Def:5)
",0,0,1,0,2025-03-25,0022401049,0,0,HOU,3,0,-22,01:29,Off Dead Ball,0,MISS LeVert 26' 3PT Jump Shot,,,,ATL,1610612737,2025,2071.0,2082.0,2076.5,1627747|1629027|1629611|1630249|1631230,203500|1627832|1630224|1630578|1631095,2024-25,519,0.47058823529411764
128551,07:08,"Smith Jr. S.FOUL (P1.T1) (J.Tiven)
MISS Niang Free Throw 1 of 2
Hawks Rebound
Niang Free Throw 2 of 2 (4 PTS)
",0,0,0,0,2025-03-25,0022401049,0,0,HOU,2,1,-19,07:26,Off Timeout,0,Hawks Rebound,,,,ATL,1610612737,2025,994.0,1012.0,1003.0,1627747|1627777|1629027|1630168|1642258,1628415|1630224|1630578|1631095|1631106,2024-25,215,0.24561403508771928
128575,01:48,"Young 4' Layup (15 PTS)
",1,1,0,0,2025-03-25,0022401049,0,0,HOU,3,0,-24,02:03,Off Dead Ball,0,Young 4' Layup (15 PTS),,,,ATL,1610612737,2025,2037.0,2052.0,2044.5,1627747|1629027|1629611|1630249|1631230,203500|1627832|1630224|1630578|1631095,2024-25,514,0.8695652173913043
128578,02:25,"MISS LeVert 9' Turnaround Fadeaway Shot
Barlow REBOUND (Off:2 Def:0)
MISS Barlow 1' Putback Layup
VanVleet REBOUND (Off:1 Def:3)
",2,0,0,0,2025-03-25,0022401049,0,1,HOU,3,0,-24,02:39,Off Long Mid-Range Make,0,MISS Barlow 1' Putback Layup,,,,ATL,1610612737,2025,2001.0,2015.0,2008.0,1627747|1629027|1629611|1629726|1631230,203500|1627832|1628415|1630224|1631095,2024-25,507,0.8928571428571429
128564,09:54,"MISS Mann 3PT Jump Shot
Sengun REBOUND (Off:2 Def:1)
",0,0,1,0,2025-03-25,0022401049,0,0,HOU,2,0,-10,10:09,Off Arc 3 Miss,0,MISS Mann 3PT Jump Shot,,,,ATL,1610612737,2025,831.0,846.0,838.5,1629027|1629611|1630168|1630249|1631243,203500|1627832|1628988|1630578|1631095,2024-25,211,0.6666666666666666
128571,00:10,"MISS Young 1' Driving Finger Roll Layup
Barlow REBOUND (Off:3 Def:0)
Barlow Tip Dunk Shot (2 PTS)
",1,0,0,0,2025-03-25,0022401049,0,1,HOU,3,0,-22,00:29,Off FT Make,0,Barlow Tip Dunk Shot (2 PTS),,,,ATL,1610612737,2025,2131.0,2150.0,2140.5,1627747|1629027|1629611|1630249|1631230,1627832|1628415|1630224|1631095|1631106,2024-25,535,0.8518518518518519
128563,09:27,"Holiday BLOCK (1 BLK): MISS Okongwu 7' Turnaround Hook Shot
Sengun REBOUND (Off:2 Def:2)
",1,0,0,0,2025-03-25,0022401049,0,0,HOU,2,0,-12,09:44,Off Long Mid-Range Make,0,Sengun REBOUND (Off:2 Def:2),,,,ATL,1610612737,2025,856.0,873.0,864.5,1629027|1629611|1630168|1630249|1631243,203500|1627832|1628988|1630578|1631095,2024-25,192,0.2727272727272727
128549,07:08,"Smith Jr. S.FOUL (P1.T1) (J.Tiven)
MISS Niang Free Throw 1 of 2
Hawks Rebound
Niang Free Throw 2 of 2 (4 PTS)
",0,0,0,0,2025-03-25,0022401049,0,0,HOU,2,1,-19,07:26,Off Timeout,0,Smith Jr. S.FOUL (P1.T1) (J.Tiven),,,,ATL,1610612737,2025,994.0,1012.0,1003.0,1627747|1627777|1629027|1630168|1642258,1628415|1630224|1630578|1631095|1631106,2024-25,214,0.417910447761194
128561,09:05,"MISS Krejci 27' 3PT Jump Shot
VanVleet REBOUND (Off:1 Def:2)
",0,0,1,0,2025-03-25,0022401049,0,0,HOU,2,0,-12,09:25,Off Dead Ball,0,VanVleet REBOUND (Off:1 Def:2),,,,ATL,1610612737,2025,875.0,895.0,885.0,1629027|1629611|1630168|1630249|1631243,203500|1627832|1628988|1630578|1631095,2024-25,197,0.2222222222222222
128546,06:12,"MISS LeVert 25' 3PT Jump Shot
Eason REBOUND (Off:3 Def:4)
",0,0,1,0,2025-03-25,0022401049,0,0,HOU,2,0,-20,06:22,Off Block,0,MISS LeVert 25' 3PT Jump Shot,,,,ATL,1610612737,2025,1058.0,1068.0,1063.0,1627747|1627777|1629027|1630168|1630700,1628415|1630224|1630578|1631095|1631106,2024-25,274,0.2222222222222222
128547,06:12,"MISS LeVert 25' 3PT Jump Shot
Eason REBOUND (Off:3 Def:4)
",0,0,1,0,2025-03-25,0022401049,0,0,HOU,2,0,-20,06:22,Off Block,0,Eason REBOUND (Off:3 Def:4),,,,ATL,1610612737,2025,1058.0,1068.0,1063.0,1627747|1627777|1629027|1630168|1630700,1628415|1630224|1630578|1631095|1631106,2024-25,251,0.7457627118644068
128548,06:42,"Daniels 12' Driving Floating Jump Shot (2 PTS) (Niang 2 AST)
",1,1,0,0,2025-03-25,0022401049,0,0,HOU,2,0,-20,06:55,Off FT Make,0,Daniels 12' Driving Floating Jump Shot (2 PTS) (Niang 2 AST),,,,ATL,1610612737,2025,1025.0,1038.0,1031.5,1627747|1627777|1629027|1630168|1630700,1628415|1630224|1630578|1631095|1631106,2024-25,269,0.3404255319148936
128579,02:25,"MISS LeVert 9' Turnaround Fadeaway Shot
Barlow REBOUND (Off:2 Def:0)
MISS Barlow 1' Putback Layup
VanVleet REBOUND (Off:1 Def:3)
",2,0,0,0,2025-03-25,0022401049,0,1,HOU,3,0,-24,02:39,Off Long Mid-Range Make,0,VanVleet REBOUND (Off:1 Def:3),,,,ATL,1610612737,2025,2001.0,2015.0,2008.0,1627747|1629027|1629611|1629726|1631230,203500|1627832|1628415|1630224|1631095,2024-25,506,0.7213114754098361
128577,02:25,"MISS LeVert 9' Turnaround Fadeaway Shot
Barlow REBOUND (Off:2 Def:0)
MISS Barlow 1' Putback Layup
VanVleet REBOUND (Off:1 Def:3)
",2,0,0,0,2025-03-25,0022401049,0,1,HOU,3,0,-24,02:39,Off Long Mid-Range Make,0,Barlow REBOUND (Off:2 Def:0),,,,ATL,1610612737,2025,2001.0,2015.0,2008.0,1627747|1629027|1629611|1629726|1631230,203500|1627832|1628415|1630224|1631095,2024-25,506,0.9491525423728814
128615,10:08,"Eason STEAL (1 STL): Young Lost Ball Turnover (P5.T11)
",0,0,0,0,2025-03-25,0022401049,0,0,HOU,3,0,-19,10:19,Off FT Make,1,Eason STEAL (1 STL): Young Lost Ball Turnover (P5.T11),,,,ATL,1610612737,2025,1541.0,1552.0,1546.5,1627777|1629027|1630168|1630700|1642258,1627832|1628415|1630224|1630578|1631106,2024-25,385,0.7045454545454546
128574,01:18,"MISS LeVert 26' 3PT Jump Shot
Sengun REBOUND (Off:2 Def:5)
",0,0,1,0,2025-03-25,0022401049,0,0,HOU,3,0,-22,01:29,Off Dead Ball,0,Sengun REBOUND (Off:2 Def:5),,,,ATL,1610612737,2025,2071.0,2082.0,2076.5,1627747|1629027|1629611|1630249|1631230,203500|1627832|1630224|1630578|1631095,2024-25,487,0.1568627450980392
128617,10:29,"Sengun BLOCK (1 BLK): MISS Young 3' Driving Reverse Layup
Ja. Green REBOUND (Off:0 Def:9)
",1,0,0,0,2025-03-25,0022401049,0,0,HOU,3,0,-17,10:39,Off Short Mid-Range Miss,0,Ja. Green REBOUND (Off:0 Def:9),,,,ATL,1610612737,2025,1521.0,1531.0,1526.0,1627777|1629027|1630168|1630700|1642258,1627832|1628415|1630224|1630578|1631106,2024-25,377,0.78125
128489,04:37,"MISS Daniels 9' Turnaround Hook Shot
Mann REBOUND (Off:1 Def:0)
MISS Okongwu 26' 3PT Jump Shot
VanVleet REBOUND (Off:0 Def:1)
",1,0,1,0,2025-03-25,0022401049,0,1,HOU,1,0,5,04:54,Off Short Mid-Range Make,0,Mann REBOUND (Off:1 Def:0),,,,ATL,1610612737,2025,426.0,443.0,434.5,1627747|1627777|1629611|1630168|1630700,203500|1627832|1628415|1630224|1631095,2024-25,108,0.9454545454545454
128490,04:37,"MISS Daniels 9' Turnaround Hook Shot
Mann REBOUND (Off:1 Def:0)
MISS Okongwu 26' 3PT Jump Shot
VanVleet REBOUND (Off:0 Def:1)
",1,0,1,0,2025-03-25,0022401049,0,1,HOU,1,0,5,04:54,Off Short Mid-Range Make,0,MISS Okongwu 26' 3PT Jump Shot,,,,ATL,1610612737,2025,426.0,443.0,434.5,1627747|1627777|1629611|1630168|1630700,203500|1627832|1628415|1630224|1631095,2024-25,109,0.7169811320754716
128491,04:37,"MISS Daniels 9' Turnaround Hook Shot
Mann REBOUND (Off:1 Def:0)
MISS Okongwu 26' 3PT Jump Shot
VanVleet REBOUND (Off:0 Def:1)
",1,0,1,0,2025-03-25,0022401049,0,1,HOU,1,0,5,04:54,Off Short Mid-Range Make,0,VanVleet REBOUND (Off:0 Def:1),,,,ATL,1610612737,2025,426.0,443.0,434.5,1627747|1627777|1629611|1630168|1630700,203500|1627832|1628415|1630224|1631095,2024-25,94,0.6774193548387096
128492,05:29,"Okongwu 2' Running Dunk (4 PTS) (Daniels 2 AST)
",1,1,0,0,2025-03-25,0022401049,0,0,HOU,1,0,5,05:35,Off Arc 3 Miss,0,Okongwu 2' Running Dunk (4 PTS) (Daniels 2 AST),,,,ATL,1610612737,2025,385.0,391.0,388.0,1627747|1627777|1630168|1630700|1642258,1627832|1628415|1630224|1630578|1631095,2024-25,95,0.24615384615384617
128493,05:50,"Risacher 1' Running Reverse Layup (8 PTS) (Daniels 1 AST)
",1,1,0,0,2025-03-25,0022401049,0,0,HOU,1,0,3,05:57,Off Arc 3 Miss,0,Risacher 1' Running Reverse Layup (8 PTS) (Daniels 1 AST),,,,ATL,1610612737,2025,363.0,370.0,366.5,1627747|1627777|1630168|1630700|1642258,1627832|1628415|1630224|1630578|1631095,2024-25,91,0.9230769230769231
128494,06:06,"MISS Okongwu 10' Driving Hook Shot
Ja. Green REBOUND (Off:0 Def:5)
",1,0,0,0,2025-03-25,0022401049,0,0,HOU,1,0,3,06:22,Off Dead Ball,0,MISS Okongwu 10' Driving Hook Shot,,,,ATL,1610612737,2025,338.0,354.0,346.0,1627747|1627777|1630168|1630700|1642258,1627832|1628415|1630224|1630578|1631095,2024-25,87,0.8787878787878788
128495,06:06,"MISS Okongwu 10' Driving Hook Shot
Ja. Green REBOUND (Off:0 Def:5)
",1,0,0,0,2025-03-25,0022401049,0,0,HOU,1,0,3,06:22,Off Dead Ball,0,Ja. Green REBOUND (Off:0 Def:5),,,,ATL,1610612737,2025,338.0,354.0,346.0,1627747|1627777|1630168|1630700|1642258,1627832|1628415|1630224|1630578|1631095,2024-25,62,0.4528301886792453
128496,06:40,"Risacher 20' Jump Shot (6 PTS) (Young 2 AST)
",1,1,0,0,2025-03-25,0022401049,0,0,HOU,1,0,1,06:49,Off Short Mid-Range Miss,0,Risacher 20' Jump Shot (6 PTS) (Young 2 AST),,,,ATL,1610612737,2025,311.0,320.0,315.5,1629027|1630168|1630700|1631243|1642258,1627832|1628415|1630224|1630578|1631095,2024-25,77,0.9361702127659575
128497,07:04,"Eason S.FOUL (P2.T3) (J.Tiven)
Gueye Free Throw 1 of 2 (3 PTS)
Gueye Free Throw 2 of 2 (4 PTS)
",0,0,0,0,2025-03-25,0022401049,0,0,HOU,1,1,-1,07:11,Off Block,0,Eason S.FOUL (P2.T3) (J.Tiven),,,,ATL,1610612737,2025,289.0,296.0,292.5,1629027|1630168|1630700|1631243|1642258,1627832|1628415|1630224|1630578|1631106,2024-25,52,0.21818181818181817
128498,07:04,"Eason S.FOUL (P2.T3) (J.Tiven)
Gueye Free Throw 1 of 2 (3 PTS)
Gueye Free Throw 2 of 2 (4 PTS)
",0,0,0,0,2025-03-25,0022401049,0,0,HOU,1,1,-1,07:11,Off Block,0,Gueye Free Throw 1 of 2 (3 PTS),,,,ATL,1610612737,2025,289.0,296.0,292.5,1629027|1630168|1630700|1631243|1642258,1627832|1628415|1630224|1630578|1631106,2024-25,71,0.17857142857142858
128488,04:37,"MISS Daniels 9' Turnaround Hook Shot
Mann REBOUND (Off:1 Def:0)
MISS Okongwu 26' 3PT Jump Shot
VanVleet REBOUND (Off:0 Def:1)
",1,0,1,0,2025-03-25,0022401049,0,1,HOU,1,0,5,04:54,Off Short Mid-Range Make,0,MISS Daniels 9' Turnaround Hook Shot,,,,ATL,1610612737,2025,426.0,443.0,434.5,1627747|1627777|1629611|1630168|1630700,203500|1627832|1628415|1630224|1631095,2024-25,107,0.8571428571428571
128499,07:04,"Eason S.FOUL (P2.T3) (J.Tiven)
Gueye Free Throw 1 of 2 (3 PTS)
Gueye Free Throw 2 of 2 (4 PTS)
",0,0,0,0,2025-03-25,0022401049,0,0,HOU,1,1,-1,07:11,Off Block,0,Gueye Free Throw 2 of 2 (4 PTS),,,,ATL,1610612737,2025,289.0,296.0,292.5,1629027|1630168|1630700|1631243|1642258,1627832|1628415|1630224|1630578|1631106,2024-25,74,0.9538461538461539
128501,08:04,"MISS Gueye 5' Layup
Okongwu REBOUND (Off:2 Def:0)
MISS Okongwu Tip Layup Shot
Gueye REBOUND (Off:1 Def:2)
Brooks S.FOUL (P1.T2) (I.Hwang)
Gueye Free Throw 1 of 2 (1 PTS)
Gueye Free Throw 2 of 2 (2 PTS)
",1,0,0,0,2025-03-25,0022401049,0,2,HOU,1,1,-5,08:15,Off Steal,0,MISS Gueye 5' Layup,,,,ATL,1610612737,2025,225.0,236.0,230.5,1629027|1630168|1630700|1631243|1642258,1627832|1628415|1630224|1630578|1631106,2024-25,50,0.8421052631578947
128486,03:52,"MISS Okongwu 9' Turnaround Hook Shot
Ja. Green REBOUND (Off:0 Def:6)
",1,0,0,0,2025-03-25,0022401049,0,0,HOU,1,0,2,04:14,Off Arc 3 Make,0,MISS Okongwu 9' Turnaround Hook Shot,,,,ATL,1610612737,2025,466.0,488.0,477.0,1627747|1627777|1629611|1630168|1630700,203500|1627832|1628415|1630224|1631095,2024-25,115,0.34782608695652173
128502,08:04,"MISS Gueye 5' Layup
Okongwu REBOUND (Off:2 Def:0)
MISS Okongwu Tip Layup Shot
Gueye REBOUND (Off:1 Def:2)
Brooks S.FOUL (P1.T2) (I.Hwang)
Gueye Free Throw 1 of 2 (1 PTS)
Gueye Free Throw 2 of 2 (2 PTS)
",1,0,0,0,2025-03-25,0022401049,0,2,HOU,1,1,-5,08:15,Off Steal,0,Okongwu REBOUND (Off:2 Def:0),,,,ATL,1610612737,2025,225.0,236.0,230.5,1629027|1630168|1630700|1631243|1642258,1627832|1628415|1630224|1630578|1631106,2024-25,51,0.3783783783783784
128485,03:39,"Daniels Out of Bounds - Bad Pass Turnover Turnover (P1.T3)
",0,0,0,0,2025-03-25,0022401049,0,0,HOU,1,0,2,03:43,Off Steal,1,Daniels Out of Bounds - Bad Pass Turnover Turnover (P1.T3),,,,ATL,1610612737,2025,497.0,501.0,499.0,1627747|1627777|1629611|1630168|1630700,203500|1627832|1628415|1630224|1631095,2024-25,127,0.6236559139784946
128468,00:03,"Smith Jr. STEAL (1 STL): Niang Lost Ball Turnover (P1.T6)
",0,0,0,0,2025-03-25,0022401049,0,0,HOU,1,0,-7,00:21,Off FT Make,1,Smith Jr. STEAL (1 STL): Niang Lost Ball Turnover (P1.T6),,,,ATL,1610612737,2025,699.0,717.0,708.0,1627747|1627777|1629027|1629611|1631230,1627832|1628415|1628988|1630224|1631095,2024-25,180,0.6813186813186813
128469,00:24,"Ja. Green STEAL (1 STL): Young Bad Pass Turnover (P2.T5)
",0,0,0,0,2025-03-25,0022401049,0,0,HOU,1,0,-4,00:32,Off Short Mid-Range Make,1,Ja. Green STEAL (1 STL): Young Bad Pass Turnover (P2.T5),,,,ATL,1610612737,2025,688.0,696.0,692.0,1627747|1627777|1629027|1629611|1631230,203500|1628988|1630224|1630578|1631095,2024-25,170,0.2696629213483146
128470,00:38,"MISS Barlow 24' 3PT Jump Shot
Mann REBOUND (Off:2 Def:0)
Mann Tip Layup Shot (4 PTS)
",0,0,1,0,2025-03-25,0022401049,0,1,HOU,1,0,-4,00:57,Off Arc 3 Make,0,MISS Barlow 24' 3PT Jump Shot,,,,ATL,1610612737,2025,663.0,682.0,672.5,1627747|1627777|1629027|1629611|1631230,203500|1628988|1630224|1630578|1631095,2024-25,149,0.3
128471,00:38,"MISS Barlow 24' 3PT Jump Shot
Mann REBOUND (Off:2 Def:0)
Mann Tip Layup Shot (4 PTS)
",0,0,1,0,2025-03-25,0022401049,0,1,HOU,1,0,-4,00:57,Off Arc 3 Make,0,Mann REBOUND (Off:2 Def:0),,,,ATL,1610612737,2025,663.0,682.0,672.5,1627747|1627777|1629027|1629611|1631230,203500|1628988|1630224|1630578|1631095,2024-25,134,0.1702127659574468
128616,10:29,"Sengun BLOCK (1 BLK): MISS Young 3' Driving Reverse Layup
Ja. Green REBOUND (Off:0 Def:9)
",1,0,0,0,2025-03-25,0022401049,0,0,HOU,3,0,-17,10:39,Off Short Mid-Range Miss,0,Sengun BLOCK (1 BLK): MISS Young 3' Driving Reverse Layup,,,,ATL,1610612737,2025,1521.0,1531.0,1526.0,1627777|1629027|1630168|1630700|1642258,1627832|1628415|1630224|1630578|1631106,2024-25,378,0.2191780821917808
128472,00:38,"MISS Barlow 24' 3PT Jump Shot
Mann REBOUND (Off:2 Def:0)
Mann Tip Layup Shot (4 PTS)
",0,0,1,0,2025-03-25,0022401049,0,1,HOU,1,0,-4,00:57,Off Arc 3 Make,0,Mann Tip Layup Shot (4 PTS),,,,ATL,1610612737,2025,663.0,682.0,672.5,1627747|1627777|1629027|1629611|1631230,203500|1628988|1630224|1630578|1631095,2024-25,168,0.8461538461538461
128500,07:34,"Risacher 4' Driving Dunk (4 PTS) (Young 1 AST)
",1,1,0,0,2025-03-25,0022401049,0,0,HOU,1,0,-3,07:48,Off Dead Ball,0,Risacher 4' Driving Dunk (4 PTS) (Young 1 AST),,,,ATL,1610612737,2025,252.0,266.0,259.0,1629027|1630168|1630700|1631243|1642258,1627832|1628415|1630224|1630578|1631106,2024-25,61,0.9052631578947369
128487,03:52,"MISS Okongwu 9' Turnaround Hook Shot
Ja. Green REBOUND (Off:0 Def:6)
",1,0,0,0,2025-03-25,0022401049,0,0,HOU,1,0,2,04:14,Off Arc 3 Make,0,Ja. Green REBOUND (Off:0 Def:6),,,,ATL,1610612737,2025,466.0,488.0,477.0,1627747|1627777|1629611|1630168|1630700,203500|1627832|1628415|1630224|1631095,2024-25,110,0.7741935483870968
128483,02:41,"MISS LeVert 2' Driving Layup
Daniels REBOUND (Off:1 Def:2)
MISS LeVert 3PT Jump Shot
Hawks Rebound
VanVleet L.B.FOUL (P1.T4) (I.Hwang)
MISS Niang 27' 3PT Jump Shot
LeVert REBOUND (Off:1 Def:0)
MISS Mann 3PT Jump Shot
Smith Jr. REBOUND (Off:0 Def:1)
",1,0,3,0,2025-03-25,0022401049,0,3,HOU,1,0,0,03:20,Off Long Mid-Range Make,0,MISS Mann 3PT Jump Shot,,,,ATL,1610612737,2025,520.0,559.0,539.5,1627747|1627777|1629611|1630700|1631230,203500|1627832|1628415|1630224|1631095,2024-25,120,0.2926829268292683
128529,00:12,"Ja. Green P.FOUL (P1.PN) (R.Mott)
Young Free Throw 1 of 2 (12 PTS)
Young Free Throw 2 of 2 (13 PTS)
",0,0,0,0,2025-03-25,0022401049,1,0,HOU,2,0,-19,00:28,Off Dead Ball,0,Young Free Throw 2 of 2 (13 PTS),,,,ATL,1610612737,2025,1412.0,1428.0,1420.0,1627747|1627777|1629027|1630168|1630700,203500|1627832|1630224|1630578|1631106,2024-25,353,0.9552238805970149
128601,07:26,"MISS Risacher 26' 3PT Jump Shot
Sengun REBOUND (Off:2 Def:3)
",0,0,1,0,2025-03-25,0022401049,0,0,HOU,3,0,-20,07:36,Off Short Mid-Range Miss,0,MISS Risacher 26' 3PT Jump Shot,,,,ATL,1610612737,2025,1704.0,1714.0,1709.0,1629027|1629726|1630168|1630700|1642258,1627832|1628415|1630224|1630578|1631106,2024-25,433,0.7272727272727273
128542,05:06,"Young 29' 3PT Pullup Jump Shot (3 PTS)
",0,0,1,1,2025-03-25,0022401049,0,0,HOU,2,0,-18,05:14,Off Steal,0,Young 29' 3PT Pullup Jump Shot (3 PTS),,,,ATL,1610612737,2025,1126.0,1134.0,1130.0,1627747|1627777|1629027|1630168|1630700,1628415|1630224|1630578|1631095|1631106,2024-25,289,0.782608695652174
128602,07:26,"MISS Risacher 26' 3PT Jump Shot
Sengun REBOUND (Off:2 Def:3)
",0,0,1,0,2025-03-25,0022401049,0,0,HOU,3,0,-20,07:36,Off Short Mid-Range Miss,0,Sengun REBOUND (Off:2 Def:3),,,,ATL,1610612737,2025,1704.0,1714.0,1709.0,1629027|1629726|1630168|1630700|1642258,1627832|1628415|1630224|1630578|1631106,2024-25,364,0.22535211267605634
128600,06:47,"MISS Mathews 26' 3PT Jump Shot
Okongwu REBOUND (Off:3 Def:8)
Daniels 30' 3PT Jump Shot (9 PTS) (Okongwu 1 AST)
",0,0,2,1,2025-03-25,0022401049,0,1,HOU,3,0,-20,07:08,Off Arc 3 Miss,0,Daniels 30' 3PT Jump Shot (9 PTS) (Okongwu 1 AST),,,,ATL,1610612737,2025,1732.0,1753.0,1742.5,1629027|1629726|1630168|1630700|1642258,1627832|1628415|1630224|1630578|1631106,2024-25,441,0.8
128599,06:47,"MISS Mathews 26' 3PT Jump Shot
Okongwu REBOUND (Off:3 Def:8)
Daniels 30' 3PT Jump Shot (9 PTS) (Okongwu 1 AST)
",0,0,2,1,2025-03-25,0022401049,0,1,HOU,3,0,-20,07:08,Off Arc 3 Miss,0,Okongwu REBOUND (Off:3 Def:8),,,,ATL,1610612737,2025,1732.0,1753.0,1742.5,1629027|1629726|1630168|1630700|1642258,1627832|1628415|1630224|1630578|1631106,2024-25,440,0.125
128584,03:51,"MISS Young 26' 3PT Pullup Jump Shot
Barlow REBOUND (Off:1 Def:0)
MISS Mathews 25' 3PT Jump Shot
Adams REBOUND (Off:3 Def:1)
",0,0,2,0,2025-03-25,0022401049,0,1,HOU,3,0,-21,04:10,Off FT Make,0,MISS Young 26' 3PT Pullup Jump Shot,,,,ATL,1610612737,2025,1910.0,1929.0,1919.5,1627747|1629027|1629611|1629726|1631230,203500|1627832|1628415|1630224|1631095,2024-25,485,0.7301587301587301
128585,03:51,"MISS Young 26' 3PT Pullup Jump Shot
Barlow REBOUND (Off:1 Def:0)
MISS Mathews 25' 3PT Jump Shot
Adams REBOUND (Off:3 Def:1)
",0,0,2,0,2025-03-25,0022401049,0,1,HOU,3,0,-21,04:10,Off FT Make,0,Barlow REBOUND (Off:1 Def:0),,,,ATL,1610612737,2025,1910.0,1929.0,1919.5,1627747|1629027|1629611|1629726|1631230,203500|1627832|1628415|1630224|1631095,2024-25,486,0.9491525423728814
128586,03:51,"MISS Young 26' 3PT Pullup Jump Shot
Barlow REBOUND (Off:1 Def:0)
MISS Mathews 25' 3PT Jump Shot
Adams REBOUND (Off:3 Def:1)
",0,0,2,0,2025-03-25,0022401049,0,1,HOU,3,0,-21,04:10,Off FT Make,0,MISS Mathews 25' 3PT Jump Shot,,,,ATL,1610612737,2025,1910.0,1929.0,1919.5,1627747|1629027|1629611|1629726|1631230,203500|1627832|1628415|1630224|1631095,2024-25,487,0.7547169811320755
128587,03:51,"MISS Young 26' 3PT Pullup Jump Shot
Barlow REBOUND (Off:1 Def:0)
MISS Mathews 25' 3PT Jump Shot
Adams REBOUND (Off:3 Def:1)
",0,0,2,0,2025-03-25,0022401049,0,1,HOU,3,0,-21,04:10,Off FT Make,0,Adams REBOUND (Off:3 Def:1),,,,ATL,1610612737,2025,1910.0,1929.0,1919.5,1627747|1629027|1629611|1629726|1631230,203500|1627832|1628415|1630224|1631095,2024-25,445,0.27450980392156865
128588,04:39,"Daniels 10' Driving Floating Jump Shot (11 PTS) (Young 9 AST)
",1,1,0,0,2025-03-25,0022401049,0,0,HOU,3,0,-21,04:52,Off FT Make,0,Daniels 10' Driving Floating Jump Shot (11 PTS) (Young 9 AST),,,,ATL,1610612737,2025,1868.0,1881.0,1874.5,1627747|1629027|1629726|1630700|1631230,203500|1627832|1628415|1630224|1631095,2024-25,477,0.953125
128589,04:52,"MISS Mathews 27' 3PT Jump Shot
Okongwu REBOUND (Off:4 Def:8)
MISS Okongwu 3' Cutting Layup Shot
Smith Jr. REBOUND (Off:0 Def:3)
",1,0,1,0,2025-03-25,0022401049,0,1,HOU,3,0,-19,05:18,Off FT Make,0,MISS Mathews 27' 3PT Jump Shot,,,,ATL,1610612737,2025,1842.0,1868.0,1855.0,1627747|1629027|1629726|1630168|1630700,203500|1627832|1628415|1630224|1631095,2024-25,467,0.7169811320754716
128583,03:36,"MISS Barlow 3PT Jump Shot
Ja. Green REBOUND (Off:0 Def:11)
",0,0,1,0,2025-03-25,0022401049,0,0,HOU,3,0,-23,03:49,Off FT Make,0,Ja. Green REBOUND (Off:0 Def:11),,,,ATL,1610612737,2025,1931.0,1944.0,1937.5,1627747|1629027|1629611|1629726|1631230,203500|1627832|1628415|1630224|1631095,2024-25,448,0.19444444444444445
128598,06:47,"MISS Mathews 26' 3PT Jump Shot
Okongwu REBOUND (Off:3 Def:8)
Daniels 30' 3PT Jump Shot (9 PTS) (Okongwu 1 AST)
",0,0,2,1,2025-03-25,0022401049,0,1,HOU,3,0,-20,07:08,Off Arc 3 Miss,0,MISS Mathews 26' 3PT Jump Shot,,,,ATL,1610612737,2025,1732.0,1753.0,1742.5,1629027|1629726|1630168|1630700|1642258,1627832|1628415|1630224|1630578|1631106,2024-25,439,0.7547169811320755
128581,03:22,"LeVert 12' Pullup Jump Shot (2 PTS) (Young 10 AST)
",1,1,0,0,2025-03-25,0022401049,0,0,HOU,3,0,-25,03:31,Off FT Make,0,LeVert 12' Pullup Jump Shot (2 PTS) (Young 10 AST),,,,ATL,1610612737,2025,1949.0,1958.0,1953.5,1627747|1629027|1629611|1629726|1631230,203500|1627832|1628415|1630224|1631095,2024-25,499,0.9433962264150944
128597,06:13,"MISS Risacher 26' 3PT Jump Shot
Ja. Green REBOUND (Off:0 Def:10)
",0,0,1,0,2025-03-25,0022401049,0,0,HOU,3,0,-17,06:21,Off Short Mid-Range Miss,0,Ja. Green REBOUND (Off:0 Def:10),,,,ATL,1610612737,2025,1779.0,1787.0,1783.0,1629027|1629726|1630168|1630700|1642258,1627832|1628415|1630224|1630578|1631106,2024-25,444,0.7692307692307693
128545,05:44,"MISS Niang 2' Running Layup
Ja. Green REBOUND (Off:0 Def:7)
",1,0,0,0,2025-03-25,0022401049,0,0,HOU,2,0,-20,05:53,Off Steal,0,Ja. Green REBOUND (Off:0 Def:7),,,,ATL,1610612737,2025,1087.0,1096.0,1091.5,1627747|1627777|1629027|1630168|1630700,1628415|1630224|1630578|1631095|1631106,2024-25,245,0.3125
128544,05:44,"MISS Niang 2' Running Layup
Ja. Green REBOUND (Off:0 Def:7)
",1,0,0,0,2025-03-25,0022401049,0,0,HOU,2,0,-20,05:53,Off Steal,0,MISS Niang 2' Running Layup,,,,ATL,1610612737,2025,1087.0,1096.0,1091.5,1627747|1627777|1629027|1630168|1630700,1628415|1630224|1630578|1631095|1631106,2024-25,280,0.2711864406779661
128596,06:13,"MISS Risacher 26' 3PT Jump Shot
Ja. Green REBOUND (Off:0 Def:10)
",0,0,1,0,2025-03-25,0022401049,0,0,HOU,3,0,-17,06:21,Off Short Mid-Range Miss,0,MISS Risacher 26' 3PT Jump Shot,,,,ATL,1610612737,2025,1779.0,1787.0,1783.0,1629027|1629726|1630168|1630700|1642258,1627832|1628415|1630224|1630578|1631106,2024-25,445,0.7272727272727273
128593,05:29,"Okongwu 3PT Jump Shot (11 PTS) (Daniels 6 AST)
",0,0,1,1,2025-03-25,0022401049,0,0,HOU,3,0,-21,05:42,Off FT Make,0,Okongwu 3PT Jump Shot (11 PTS) (Daniels 6 AST),,,,ATL,1610612737,2025,1818.0,1831.0,1824.5,1627747|1629027|1629726|1630168|1630700,203500|1627832|1628415|1630224|1631106,2024-25,458,0.37681159420289856
128592,04:52,"MISS Mathews 27' 3PT Jump Shot
Okongwu REBOUND (Off:4 Def:8)
MISS Okongwu 3' Cutting Layup Shot
Smith Jr. REBOUND (Off:0 Def:3)
",1,0,1,0,2025-03-25,0022401049,0,1,HOU,3,0,-19,05:18,Off FT Make,0,Smith Jr. REBOUND (Off:0 Def:3),,,,ATL,1610612737,2025,1842.0,1868.0,1855.0,1627747|1629027|1629726|1630168|1630700,203500|1627832|1628415|1630224|1631095,2024-25,468,0.21212121212121213
128590,04:52,"MISS Mathews 27' 3PT Jump Shot
Okongwu REBOUND (Off:4 Def:8)
MISS Okongwu 3' Cutting Layup Shot
Smith Jr. REBOUND (Off:0 Def:3)
",1,0,1,0,2025-03-25,0022401049,0,1,HOU,3,0,-19,05:18,Off FT Make,0,Okongwu REBOUND (Off:4 Def:8),,,,ATL,1610612737,2025,1842.0,1868.0,1855.0,1627747|1629027|1629726|1630168|1630700,203500|1627832|1628415|1630224|1631095,2024-25,468,0.3125
128594,05:46,"MISS Okongwu 9' Driving Floating Jump Shot
Sengun REBOUND (Off:2 Def:4)
",1,0,0,0,2025-03-25,0022401049,0,0,HOU,3,0,-19,06:03,Off Long Mid-Range Make,0,MISS Okongwu 9' Driving Floating Jump Shot,,,,ATL,1610612737,2025,1797.0,1814.0,1805.5,1629027|1629726|1630168|1630700|1642258,1627832|1628415|1630224|1630578|1631106,2024-25,448,0.9024390243902439
128591,04:52,"MISS Mathews 27' 3PT Jump Shot
Okongwu REBOUND (Off:4 Def:8)
MISS Okongwu 3' Cutting Layup Shot
Smith Jr. REBOUND (Off:0 Def:3)
",1,0,1,0,2025-03-25,0022401049,0,1,HOU,3,0,-19,05:18,Off FT Make,0,MISS Okongwu 3' Cutting Layup Shot,,,,ATL,1610612737,2025,1842.0,1868.0,1855.0,1627747|1629027|1629726|1630168|1630700,203500|1627832|1628415|1630224|1631095,2024-25,469,0.17777777777777778
128675,00:29,"MISS Niang 27' 3PT Jump Shot
Adebayo REBOUND (Off:0 Def:4)
",0,0,1,0,2025-03-27,0022401062,0,0,MIA,1,0,12,00:50,Off Dead Ball,0,MISS Niang 27' 3PT Jump Shot,,MIA,ATL,ATL,1610612737,2025,670.0,691.0,680.5,1627747|1627777|1629027|1629611|1631230,203937|203952|1628389|1629312|1630558,2024-25,149,0.17721518987341772
128681,02:03,"MISS LeVert 5' Driving Layup
Adebayo REBOUND (Off:0 Def:2)
",1,0,0,0,2025-03-27,0022401062,0,0,MIA,1,0,10,02:17,Off Short Mid-Range Make,0,MISS LeVert 5' Driving Layup,,MIA,ATL,ATL,1610612737,2025,583.0,597.0,590.0,1627747|1627777|1629027|1629611|1631230,1628389|1629312|1629639|1630558|1641796,2024-25,128,0.34782608695652173
128676,00:29,"MISS Niang 27' 3PT Jump Shot
Adebayo REBOUND (Off:0 Def:4)
",0,0,1,0,2025-03-27,0022401062,0,0,MIA,1,0,12,00:50,Off Dead Ball,0,Adebayo REBOUND (Off:0 Def:4),,MIA,ATL,ATL,1610612737,2025,670.0,691.0,680.5,1627747|1627777|1629027|1629611|1631230,203937|203952|1628389|1629312|1630558,2024-25,167,0.27692307692307694
128677,01:00,"MISS Young 28' 3PT Pullup Jump Shot
Adebayo REBOUND (Off:0 Def:3)
",0,0,1,0,2025-03-27,0022401062,0,0,MIA,1,0,12,01:21,Off Steal,0,MISS Young 28' 3PT Pullup Jump Shot,,MIA,ATL,ATL,1610612737,2025,639.0,660.0,649.5,1627747|1627777|1629027|1629611|1631230,203937|203952|1628389|1629312|1630558,2024-25,146,0.24324324324324326
128678,01:00,"MISS Young 28' 3PT Pullup Jump Shot
Adebayo REBOUND (Off:0 Def:3)
",0,0,1,0,2025-03-27,0022401062,0,0,MIA,1,0,12,01:21,Off Steal,0,Adebayo REBOUND (Off:0 Def:3),,MIA,ATL,ATL,1610612737,2025,639.0,660.0,649.5,1627747|1627777|1629027|1629611|1631230,203937|203952|1628389|1629312|1630558,2024-25,144,0.38461538461538464
128679,01:45,"Highsmith P.FOUL (P1.T3) (B.Schwab)
Young 17' Pullup Jump Shot (10 PTS)
",1,1,0,0,2025-03-27,0022401062,0,0,MIA,1,0,10,01:57,Off Timeout,0,Highsmith P.FOUL (P1.T3) (B.Schwab),,MIA,ATL,ATL,1610612737,2025,603.0,615.0,609.0,1627747|1627777|1629027|1629611|1631230,1628389|1629312|1629639|1630558|1641796,2024-25,137,0.15384615384615385
128680,01:45,"Highsmith P.FOUL (P1.T3) (B.Schwab)
Young 17' Pullup Jump Shot (10 PTS)
",1,1,0,0,2025-03-27,0022401062,0,0,MIA,1,0,10,01:57,Off Timeout,0,Young 17' Pullup Jump Shot (10 PTS),,MIA,ATL,ATL,1610612737,2025,603.0,615.0,609.0,1627747|1627777|1629027|1629611|1631230,1628389|1629312|1629639|1630558|1641796,2024-25,135,0.22641509433962265
128710,09:51,"MISS Young 2' Running Finger Roll Layup
Burks REBOUND (Off:0 Def:1)
",1,0,0,0,2025-03-27,0022401062,0,0,MIA,1,0,4,09:58,Off Arc 3 Miss,0,MISS Young 2' Running Finger Roll Layup,,MIA,ATL,ATL,1610612737,2025,122.0,129.0,125.5,1629027|1630168|1630249|1630700|1642258,202692|203952|1628389|1629639|1642276,2024-25,28,0.29333333333333333
128683,02:38,"Young 12' Driving Floating Jump Shot (8 PTS)
",1,1,0,0,2025-03-27,0022401062,0,0,MIA,1,0,10,02:47,Off Corner 3 Make,0,Young 12' Driving Floating Jump Shot (8 PTS),,MIA,ATL,ATL,1610612737,2025,553.0,562.0,557.5,1627747|1627777|1629027|1629611|1631230,1628389|1629312|1629639|1630558|1641796,2024-25,126,0.16666666666666666
128684,03:00,"Mitchell S.FOUL (P1.T2) (T.Maddox)
MISS LeVert Free Throw 1 of 2
Hawks Rebound
LeVert Free Throw 2 of 2 (1 PTS)
",0,0,0,0,2025-03-27,0022401062,0,0,MIA,1,1,12,03:00,Off Arc 3 Miss,0,Mitchell S.FOUL (P1.T2) (T.Maddox),,MIA,ATL,ATL,1610612737,2025,540.0,540.0,540.0,1627747|1627777|1629027|1629611|1631230,1628389|1629312|1629639|1630558|1641796,2024-25,122,0.2153846153846154
128685,03:00,"Mitchell S.FOUL (P1.T2) (T.Maddox)
MISS LeVert Free Throw 1 of 2
Hawks Rebound
LeVert Free Throw 2 of 2 (1 PTS)
",0,0,0,0,2025-03-27,0022401062,0,0,MIA,1,1,12,03:00,Off Arc 3 Miss,0,MISS LeVert Free Throw 1 of 2,,MIA,ATL,ATL,1610612737,2025,540.0,540.0,540.0,1627747|1627777|1629027|1629611|1631230,1628389|1629312|1629639|1630558|1641796,2024-25,120,0.1702127659574468
128686,03:00,"Mitchell S.FOUL (P1.T2) (T.Maddox)
MISS LeVert Free Throw 1 of 2
Hawks Rebound
LeVert Free Throw 2 of 2 (1 PTS)
",0,0,0,0,2025-03-27,0022401062,0,0,MIA,1,1,12,03:00,Off Arc 3 Miss,0,Hawks Rebound,,MIA,ATL,ATL,1610612737,2025,540.0,540.0,540.0,1627747|1627777|1629027|1629611|1631230,1628389|1629312|1629639|1630558|1641796,2024-25,121,0.13333333333333333
128687,03:00,"Mitchell S.FOUL (P1.T2) (T.Maddox)
MISS LeVert Free Throw 1 of 2
Hawks Rebound
LeVert Free Throw 2 of 2 (1 PTS)
",0,0,0,0,2025-03-27,0022401062,0,0,MIA,1,1,12,03:00,Off Arc 3 Miss,0,LeVert Free Throw 2 of 2 (1 PTS),,MIA,ATL,ATL,1610612737,2025,540.0,540.0,540.0,1627747|1627777|1629027|1629611|1631230,1628389|1629312|1629639|1630558|1641796,2024-25,124,0.3125
128688,03:25,"Barlow 3' Alley Oop Layup (2 PTS) (Young 4 AST)
",1,1,0,0,2025-03-27,0022401062,0,0,MIA,1,0,10,03:34,Off Dead Ball,0,Barlow 3' Alley Oop Layup (2 PTS) (Young 4 AST),,MIA,ATL,ATL,1610612737,2025,506.0,515.0,510.5,1627747|1627777|1629027|1629611|1631230,1629312|1629639|1630558|1641796|1642276,2024-25,114,0.1728395061728395
128674,00:00,"MISS LeVert 25' 3PT Jump Shot
Hawks Rebound
",0,0,1,0,2025-03-27,0022401062,0,0,MIA,1,0,10,00:10,Off Short Mid-Range Make,0,Hawks Rebound,,MIA,ATL,ATL,1610612737,2025,710.0,720.0,715.0,1627747|1627777|1629027|1629611|1631230,203937|203952|1628389|1629312|1630558,2024-25,163,0.2711864406779661
128689,03:39,"MISS Daniels 27' 3PT Jump Shot
Ware REBOUND (Off:3 Def:3)
",0,0,1,0,2025-03-27,0022401062,0,0,MIA,1,0,10,03:49,Off Short Mid-Range Miss,0,MISS Daniels 27' 3PT Jump Shot,,MIA,ATL,ATL,1610612737,2025,491.0,501.0,496.0,1627747|1627777|1629611|1630168|1630700,1629312|1629639|1630558|1641796|1642276,2024-25,107,0.59375
128682,02:03,"MISS LeVert 5' Driving Layup
Adebayo REBOUND (Off:0 Def:2)
",1,0,0,0,2025-03-27,0022401062,0,0,MIA,1,0,10,02:17,Off Short Mid-Range Make,0,Adebayo REBOUND (Off:0 Def:2),,MIA,ATL,ATL,1610612737,2025,583.0,597.0,590.0,1627747|1627777|1629027|1629611|1631230,1628389|1629312|1629639|1630558|1641796,2024-25,130,0.2903225806451613
128673,00:00,"MISS LeVert 25' 3PT Jump Shot
Hawks Rebound
",0,0,1,0,2025-03-27,0022401062,0,0,MIA,1,0,10,00:10,Off Short Mid-Range Make,0,MISS LeVert 25' 3PT Jump Shot,,MIA,ATL,ATL,1610612737,2025,710.0,720.0,715.0,1627747|1627777|1629027|1629611|1631230,203937|203952|1628389|1629312|1630558,2024-25,153,0.13333333333333333
128704,07:22,"Young 26' 3PT Pullup Jump Shot (6 PTS)
",0,0,1,1,2025-03-27,0022401062,0,0,MIA,1,0,11,07:30,Off Short Mid-Range Make,0,Young 26' 3PT Pullup Jump Shot (6 PTS),,MIA,ATL,ATL,1610612737,2025,270.0,278.0,274.0,1629027|1630168|1630249|1630700|1642258,202692|203952|1628389|1629639|1642276,2024-25,50,0.17543859649122806
128691,04:02,"Larsson STEAL (1 STL): Okongwu Bad Pass Turnover (P1.T3)
",0,0,0,0,2025-03-27,0022401062,0,0,MIA,1,0,10,04:12,Off At Rim Make,1,Larsson STEAL (1 STL): Okongwu Bad Pass Turnover (P1.T3),,MIA,ATL,ATL,1610612737,2025,468.0,478.0,473.0,1627747|1627777|1629611|1630168|1630700,1629312|1629639|1630558|1641796|1642276,2024-25,103,0.38636363636363635
128695,05:02,"MISS Okongwu 2' Reverse Layup
Wiggins REBOUND (Off:0 Def:1)
",1,0,0,0,2025-03-27,0022401062,0,0,MIA,1,0,12,05:13,Off Short Mid-Range Miss,0,Wiggins REBOUND (Off:0 Def:1),,MIA,ATL,ATL,1610612737,2025,407.0,418.0,412.5,1627747|1630168|1630249|1630700|1642258,203952|1629312|1629639|1630558|1642276,2024-25,88,0.7796610169491526
128753,09:39,"Mann 25' 3PT Running Jump Shot (5 PTS) (Krejci 1 AST)
",0,0,1,1,2025-03-27,0022401062,0,0,MIA,2,0,3,09:43,Off At Rim Miss,0,Mann 25' 3PT Running Jump Shot (5 PTS) (Krejci 1 AST),,MIA,ATL,ATL,1610612737,2025,857.0,861.0,859.0,1629027|1629611|1630249|1631230|1642258,203937|203952|1628389|1629312|1630558,2024-25,180,0.39080459770114945
128696,05:25,"MISS Krejci 24' 3PT Running Pull-Up Jump Shot
Ware REBOUND (Off:3 Def:2)
",0,0,1,0,2025-03-27,0022401062,0,0,MIA,1,0,12,05:34,Off Long Mid-Range Miss,0,MISS Krejci 24' 3PT Running Pull-Up Jump Shot,,MIA,ATL,ATL,1610612737,2025,386.0,395.0,390.5,1627747|1630168|1630249|1630700|1642258,203952|1629312|1629639|1630558|1642276,2024-25,79,0.32432432432432434
128697,05:25,"MISS Krejci 24' 3PT Running Pull-Up Jump Shot
Ware REBOUND (Off:3 Def:2)
",0,0,1,0,2025-03-27,0022401062,0,0,MIA,1,0,12,05:34,Off Long Mid-Range Miss,0,Ware REBOUND (Off:3 Def:2),,MIA,ATL,ATL,1610612737,2025,386.0,395.0,390.5,1627747|1630168|1630249|1630700|1642258,203952|1629312|1629639|1630558|1642276,2024-25,75,0.2222222222222222
128698,06:02,"Krejci 25' 3PT Jump Shot (6 PTS) (LeVert 1 AST)
",0,0,1,1,2025-03-27,0022401062,0,0,MIA,1,0,9,06:11,Off Long Mid-Range Make,0,Krejci 25' 3PT Jump Shot (6 PTS) (LeVert 1 AST),,MIA,ATL,ATL,1610612737,2025,349.0,358.0,353.5,1627747|1630168|1630249|1630700|1642258,203952|1629312|1629639|1630558|1642276,2024-25,73,0.125
128699,06:33,"Ware S.FOUL (P1.T1) (B.Schwab)
Okongwu Free Throw 1 of 2 (3 PTS)
Okongwu Free Throw 2 of 2 (4 PTS)
",0,0,0,0,2025-03-27,0022401062,0,0,MIA,1,1,9,06:43,Off Corner 3 Make,0,Ware S.FOUL (P1.T1) (B.Schwab),,MIA,ATL,ATL,1610612737,2025,317.0,327.0,322.0,1629027|1630168|1630249|1630700|1642258,202692|203952|1628389|1629639|1642276,2024-25,62,0.23076923076923078
128700,06:33,"Ware S.FOUL (P1.T1) (B.Schwab)
Okongwu Free Throw 1 of 2 (3 PTS)
Okongwu Free Throw 2 of 2 (4 PTS)
",0,0,0,0,2025-03-27,0022401062,0,0,MIA,1,1,9,06:43,Off Corner 3 Make,0,Okongwu Free Throw 1 of 2 (3 PTS),,MIA,ATL,ATL,1610612737,2025,317.0,327.0,322.0,1629027|1630168|1630249|1630700|1642258,202692|203952|1628389|1629639|1642276,2024-25,64,0.2807017543859649
128693,04:40,"Daniels 3' Driving Layup (4 PTS) (LeVert 2 AST)
",1,1,0,0,2025-03-27,0022401062,0,0,MIA,1,0,10,04:57,Off FT Make,0,Daniels 3' Driving Layup (4 PTS) (LeVert 2 AST),,MIA,ATL,ATL,1610612737,2025,423.0,440.0,431.5,1627747|1627777|1629611|1630168|1630700,1629312|1629639|1630558|1641796|1642276,2024-25,95,0.12307692307692308
128701,06:33,"Ware S.FOUL (P1.T1) (B.Schwab)
Okongwu Free Throw 1 of 2 (3 PTS)
Okongwu Free Throw 2 of 2 (4 PTS)
",0,0,0,0,2025-03-27,0022401062,0,0,MIA,1,1,9,06:43,Off Corner 3 Make,0,Okongwu Free Throw 2 of 2 (4 PTS),,MIA,ATL,ATL,1610612737,2025,317.0,327.0,322.0,1629027|1630168|1630249|1630700|1642258,202692|203952|1628389|1629639|1642276,2024-25,71,0.20689655172413793
128703,06:54,"MISS Young 15' Driving Floating Jump Shot
Adebayo REBOUND (Off:0 Def:1)
",1,0,0,0,2025-03-27,0022401062,0,0,MIA,1,0,12,07:09,Off FT Make,0,Adebayo REBOUND (Off:0 Def:1),,MIA,ATL,ATL,1610612737,2025,291.0,306.0,298.5,1629027|1630168|1630249|1630700|1642258,202692|203952|1628389|1629639|1642276,2024-25,65,0.7213114754098361
128705,07:55,"Young 26' 3PT Running Pull-Up Jump Shot (3 PTS)
",0,0,1,1,2025-03-27,0022401062,0,0,MIA,1,0,10,08:00,Off Arc 3 Miss,0,Young 26' 3PT Running Pull-Up Jump Shot (3 PTS),,MIA,ATL,ATL,1610612737,2025,240.0,245.0,242.5,1629027|1630168|1630249|1630700|1642258,202692|203952|1628389|1629639|1642276,2024-25,48,0.175
128706,08:21,"Krejci 27' 3PT Running Jump Shot (3 PTS) (Risacher 1 AST)
",0,0,1,1,2025-03-27,0022401062,0,0,MIA,1,0,7,08:28,Off Steal,0,Krejci 27' 3PT Running Jump Shot (3 PTS) (Risacher 1 AST),,MIA,ATL,ATL,1610612737,2025,212.0,219.0,215.5,1629027|1630168|1630249|1630700|1642258,202692|203952|1628389|1629639|1642276,2024-25,43,0.3191489361702128
128707,08:47,"Risacher 25' 3PT Jump Shot (5 PTS) (Young 3 AST)
",0,0,1,1,2025-03-27,0022401062,0,0,MIA,1,0,4,09:05,Off Block,0,Risacher 25' 3PT Jump Shot (5 PTS) (Young 3 AST),,MIA,ATL,ATL,1610612737,2025,175.0,193.0,184.0,1629027|1630168|1630249|1630700|1642258,202692|203952|1628389|1629639|1642276,2024-25,30,0.2
128708,09:20,"MISS Okongwu 26' 3PT Jump Shot
Ware REBOUND (Off:2 Def:1)
",0,0,1,0,2025-03-27,0022401062,0,0,MIA,1,0,4,09:37,Off Arc 3 Miss,0,MISS Okongwu 26' 3PT Jump Shot,,MIA,ATL,ATL,1610612737,2025,143.0,160.0,151.5,1629027|1630168|1630249|1630700|1642258,202692|203952|1628389|1629639|1642276,2024-25,34,0.3469387755102041
128709,09:20,"MISS Okongwu 26' 3PT Jump Shot
Ware REBOUND (Off:2 Def:1)
",0,0,1,0,2025-03-27,0022401062,0,0,MIA,1,0,4,09:37,Off Arc 3 Miss,0,Ware REBOUND (Off:2 Def:1),,MIA,ATL,ATL,1610612737,2025,143.0,160.0,151.5,1629027|1630168|1630249|1630700|1642258,202692|203952|1628389|1629639|1642276,2024-25,33,0.7241379310344828
128702,06:54,"MISS Young 15' Driving Floating Jump Shot
Adebayo REBOUND (Off:0 Def:1)
",1,0,0,0,2025-03-27,0022401062,0,0,MIA,1,0,12,07:09,Off FT Make,0,MISS Young 15' Driving Floating Jump Shot,,MIA,ATL,ATL,1610612737,2025,291.0,306.0,298.5,1629027|1630168|1630249|1630700|1642258,202692|203952|1628389|1629639|1642276,2024-25,58,0.2191780821917808
128692,04:22,"Herro STEAL (1 STL): Daniels Bad Pass Turnover (P1.T2)
",0,0,0,0,2025-03-27,0022401062,0,0,MIA,1,0,12,04:30,Off Arc 3 Miss,1,Herro STEAL (1 STL): Daniels Bad Pass Turnover (P1.T2),,MIA,ATL,ATL,1610612737,2025,450.0,458.0,454.0,1627747|1627777|1629611|1630168|1630700,1629312|1629639|1630558|1641796|1642276,2024-25,99,0.14285714285714285
128690,03:39,"MISS Daniels 27' 3PT Jump Shot
Ware REBOUND (Off:3 Def:3)
",0,0,1,0,2025-03-27,0022401062,0,0,MIA,1,0,10,03:49,Off Short Mid-Range Miss,0,Ware REBOUND (Off:3 Def:3),,MIA,ATL,ATL,1610612737,2025,491.0,501.0,496.0,1627747|1627777|1629611|1630168|1630700,1629312|1629639|1630558|1641796|1642276,2024-25,106,0.7368421052631579
128711,09:51,"MISS Young 2' Running Finger Roll Layup
Burks REBOUND (Off:0 Def:1)
",1,0,0,0,2025-03-27,0022401062,0,0,MIA,1,0,4,09:58,Off Arc 3 Miss,0,Burks REBOUND (Off:0 Def:1),,MIA,ATL,ATL,1610612737,2025,122.0,129.0,125.5,1629027|1630168|1630249|1630700|1642258,202692|203952|1628389|1629639|1642276,2024-25,30,0.7796610169491526
128716,00:00,"MISS Young 43' 3PT Pullup Jump Shot
Hawks Rebound
",0,0,1,0,2025-03-27,0022401062,0,0,MIA,2,0,-5,00:05,Off At Rim Make,0,MISS Young 43' 3PT Pullup Jump Shot,,MIA,ATL,ATL,1610612737,2025,1435.0,1440.0,1437.5,1627747|1629027|1630168|1630700|1642258,203952|1628389|1629312|1629639|1630558,2024-25,309,0.3188405797101449
128736,04:07,"MISS Krejci 13' Driving Floating Jump Shot
Ware REBOUND (Off:3 Def:4)
",1,0,0,0,2025-03-27,0022401062,0,0,MIA,2,0,5,04:24,Off Corner 3 Make,0,Ware REBOUND (Off:3 Def:4),,MIA,ATL,ATL,1610612737,2025,1176.0,1193.0,1184.5,1627747|1630168|1630249|1630700|1642258,203937|1629639|1630558|1641796|1642276,2024-25,302,0.75
128717,00:00,"MISS Young 43' 3PT Pullup Jump Shot
Hawks Rebound
",0,0,1,0,2025-03-27,0022401062,0,0,MIA,2,0,-5,00:05,Off At Rim Make,0,Hawks Rebound,,MIA,ATL,ATL,1610612737,2025,1435.0,1440.0,1437.5,1627747|1629027|1630168|1630700|1642258,203952|1628389|1629312|1629639|1630558,2024-25,310,0.2222222222222222
128718,00:07,"MISS Okongwu 26' 3PT Jump Shot
Daniels REBOUND (Off:1 Def:3)
MISS Daniels 1' Tip Layup Shot
Daniels REBOUND (Off:2 Def:3)
Herro STEAL (2 STL): Young Lost Ball Turnover (P1.T7)
",1,0,1,0,2025-03-27,0022401062,0,2,MIA,2,0,-3,00:34,Off Short Mid-Range Miss,1,MISS Okongwu 26' 3PT Jump Shot,,MIA,ATL,ATL,1610612737,2025,1406.0,1433.0,1419.5,1627747|1629027|1630168|1630700|1642258,203952|1628389|1629312|1629639|1630558,2024-25,304,0.2535211267605634
128719,00:07,"MISS Okongwu 26' 3PT Jump Shot
Daniels REBOUND (Off:1 Def:3)
MISS Daniels 1' Tip Layup Shot
Daniels REBOUND (Off:2 Def:3)
Herro STEAL (2 STL): Young Lost Ball Turnover (P1.T7)
",1,0,1,0,2025-03-27,0022401062,0,2,MIA,2,0,-3,00:34,Off Short Mid-Range Miss,1,Daniels REBOUND (Off:1 Def:3),,MIA,ATL,ATL,1610612737,2025,1406.0,1433.0,1419.5,1627747|1629027|1630168|1630700|1642258,203952|1628389|1629312|1629639|1630558,2024-25,320,0.25396825396825395
128720,00:07,"MISS Okongwu 26' 3PT Jump Shot
Daniels REBOUND (Off:1 Def:3)
MISS Daniels 1' Tip Layup Shot
Daniels REBOUND (Off:2 Def:3)
Herro STEAL (2 STL): Young Lost Ball Turnover (P1.T7)
",1,0,1,0,2025-03-27,0022401062,0,2,MIA,2,0,-3,00:34,Off Short Mid-Range Miss,1,MISS Daniels 1' Tip Layup Shot,,MIA,ATL,ATL,1610612737,2025,1406.0,1433.0,1419.5,1627747|1629027|1630168|1630700|1642258,203952|1628389|1629312|1629639|1630558,2024-25,319,0.3380281690140845
128721,00:07,"MISS Okongwu 26' 3PT Jump Shot
Daniels REBOUND (Off:1 Def:3)
MISS Daniels 1' Tip Layup Shot
Daniels REBOUND (Off:2 Def:3)
Herro STEAL (2 STL): Young Lost Ball Turnover (P1.T7)
",1,0,1,0,2025-03-27,0022401062,0,2,MIA,2,0,-3,00:34,Off Short Mid-Range Miss,1,Daniels REBOUND (Off:2 Def:3),,MIA,ATL,ATL,1610612737,2025,1406.0,1433.0,1419.5,1627747|1629027|1630168|1630700|1642258,203952|1628389|1629312|1629639|1630558,2024-25,320,0.25396825396825395
128722,00:07,"MISS Okongwu 26' 3PT Jump Shot
Daniels REBOUND (Off:1 Def:3)
MISS Daniels 1' Tip Layup Shot
Daniels REBOUND (Off:2 Def:3)
Herro STEAL (2 STL): Young Lost Ball Turnover (P1.T7)
",1,0,1,0,2025-03-27,0022401062,0,2,MIA,2,0,-3,00:34,Off Short Mid-Range Miss,1,Herro STEAL (2 STL): Young Lost Ball Turnover (P1.T7),,MIA,ATL,ATL,1610612737,2025,1406.0,1433.0,1419.5,1627747|1629027|1630168|1630700|1642258,203952|1628389|1629312|1629639|1630558,2024-25,306,0.23529411764705882
128723,00:57,"MISS Young 26' 3PT Pullup Jump Shot
Adebayo REBOUND (Off:0 Def:7)
",0,0,1,0,2025-03-27,0022401062,0,0,MIA,2,0,-3,01:11,Off FT Make,0,MISS Young 26' 3PT Pullup Jump Shot,,MIA,ATL,ATL,1610612737,2025,1369.0,1383.0,1376.0,1627747|1629027|1630168|1630700|1642258,203952|1628389|1629312|1629639|1630558,2024-25,300,0.18181818181818182
128724,00:57,"MISS Young 26' 3PT Pullup Jump Shot
Adebayo REBOUND (Off:0 Def:7)
",0,0,1,0,2025-03-27,0022401062,0,0,MIA,2,0,-3,01:11,Off FT Make,0,Adebayo REBOUND (Off:0 Def:7),,MIA,ATL,ATL,1610612737,2025,1369.0,1383.0,1376.0,1627747|1629027|1630168|1630700|1642258,203952|1628389|1629312|1629639|1630558,2024-25,363,0.7666666666666667
128725,01:16,"MISS Okongwu 3PT Jump Shot
Herro REBOUND (Off:1 Def:1)
",0,0,1,0,2025-03-27,0022401062,0,0,MIA,2,0,-2,01:40,Off At Rim Make,0,MISS Okongwu 3PT Jump Shot,,MIA,ATL,ATL,1610612737,2025,1340.0,1364.0,1352.0,1627747|1629027|1630168|1630700|1642258,203952|1628389|1629312|1629639|1630558,2024-25,292,0.27586206896551724
128726,01:16,"MISS Okongwu 3PT Jump Shot
Herro REBOUND (Off:1 Def:1)
",0,0,1,0,2025-03-27,0022401062,0,0,MIA,2,0,-2,01:40,Off At Rim Make,0,Herro REBOUND (Off:1 Def:1),,MIA,ATL,ATL,1610612737,2025,1340.0,1364.0,1352.0,1627747|1629027|1630168|1630700|1642258,203952|1628389|1629312|1629639|1630558,2024-25,344,0.25
128727,01:58,"Adebayo STEAL (1 STL): LeVert Lost Ball Turnover (P1.T6)
",0,0,0,0,2025-03-27,0022401062,0,0,MIA,2,0,0,02:04,Off Short Mid-Range Miss,1,Adebayo STEAL (1 STL): LeVert Lost Ball Turnover (P1.T6),,MIA,ATL,ATL,1610612737,2025,1316.0,1322.0,1319.0,1627747|1629027|1630168|1630700|1642258,203952|1628389|1629312|1629639|1630558,2024-25,285,0.28846153846153844
128729,02:13,"MISS Risacher 3PT Jump Shot
Mitchell REBOUND (Off:0 Def:1)
",0,0,1,0,2025-03-27,0022401062,0,0,MIA,2,0,0,02:26,Off At Rim Make,0,Mitchell REBOUND (Off:0 Def:1),,MIA,ATL,ATL,1610612737,2025,1294.0,1307.0,1300.5,1627747|1629027|1630168|1630700|1642258,203952|1628389|1629312|1629639|1630558,2024-25,347,0.7540983606557377
128730,02:37,"Risacher Traveling Turnover (P2.T5)
",0,0,0,0,2025-03-27,0022401062,0,0,MIA,2,0,2,02:50,Off Corner 3 Make,1,Risacher Traveling Turnover (P2.T5),,MIA,ATL,ATL,1610612737,2025,1270.0,1283.0,1276.5,1627747|1629027|1630168|1630700|1642258,1629312|1629639|1630558|1641796|1642276,2024-25,275,0.5555555555555556
128731,03:03,"MISS Daniels 7' Driving Layup
Ware REBOUND (Off:3 Def:5)
",1,0,0,0,2025-03-27,0022401062,0,0,MIA,2,0,5,03:16,Off Short Mid-Range Make,0,MISS Daniels 7' Driving Layup,,MIA,ATL,ATL,1610612737,2025,1244.0,1257.0,1250.5,1627747|1629027|1630168|1630700|1642258,1629312|1629639|1630558|1641796|1642276,2024-25,271,0.2077922077922078
128712,10:28,"Daniels 4' Driving Floating Jump Shot (2 PTS)
",1,1,0,0,2025-03-27,0022401062,0,0,MIA,1,0,2,10:31,Off Corner 3 Miss,0,Daniels 4' Driving Floating Jump Shot (2 PTS),,MIA,ATL,ATL,1610612737,2025,89.0,92.0,90.5,1629027|1630168|1630249|1630700|1642258,202692|203952|1628389|1629639|1642276,2024-25,22,0.9333333333333333
128834,10:32,"Barlow 1' Alley Oop Dunk (4 PTS) (Young 8 AST)
",1,1,0,0,2025-03-27,0022401062,0,0,MIA,4,0,-11,10:44,Off At Rim Make,0,Barlow 1' Alley Oop Dunk (4 PTS) (Young 8 AST),,MIA,ATL,ATL,1610612737,2025,2236.0,2248.0,2242.0,1629027|1629611|1630249|1631230|1642258,203937|1628389|1629312|1629639|1630558,2024-25,472,0.3333333333333333
128694,05:02,"MISS Okongwu 2' Reverse Layup
Wiggins REBOUND (Off:0 Def:1)
",1,0,0,0,2025-03-27,0022401062,0,0,MIA,1,0,12,05:13,Off Short Mid-Range Miss,0,MISS Okongwu 2' Reverse Layup,,MIA,ATL,ATL,1610612737,2025,407.0,418.0,412.5,1627747|1630168|1630249|1630700|1642258,203952|1629312|1629639|1630558|1642276,2024-25,83,0.30434782608695654
128715,11:46,"Risacher Out of Bounds - Bad Pass Turnover Turnover (P1.T1)
",0,0,0,0,2025-03-27,0022401062,0,0,MIA,1,0,0,12:00,Off Dead Ball,1,Risacher Out of Bounds - Bad Pass Turnover Turnover (P1.T1),,MIA,ATL,ATL,1610612737,2025,0.0,14.0,7.0,1629027|1630168|1630249|1630700|1642258,202692|203952|1628389|1629639|1642276,2024-25,7,0.5504587155963303
128713,10:48,"Okongwu 1' Cutting Finger Roll Layup Shot (2 PTS) (Young 2 AST)
",1,1,0,0,2025-03-27,0022401062,0,0,MIA,1,0,0,10:57,Off Dead Ball,0,Okongwu 1' Cutting Finger Roll Layup Shot (2 PTS) (Young 2 AST),,MIA,ATL,ATL,1610612737,2025,63.0,72.0,67.5,1629027|1630168|1630249|1630700|1642258,202692|203952|1628389|1629639|1642276,2024-25,18,0.8870967741935484
128714,11:18,"Risacher 1' Cutting Dunk Shot (2 PTS) (Young 1 AST)
",1,1,0,0,2025-03-27,0022401062,0,0,MIA,1,0,-2,11:28,Off Long Mid-Range Make,0,Risacher 1' Cutting Dunk Shot (2 PTS) (Young 1 AST),,MIA,ATL,ATL,1610612737,2025,32.0,42.0,37.0,1629027|1630168|1630249|1630700|1642258,202692|203952|1628389|1629639|1642276,2024-25,10,0.4489795918367347
128733,03:31,"LeVert 2' Layup (3 PTS) (Young 6 AST)
",1,1,0,0,2025-03-27,0022401062,0,0,MIA,2,0,5,03:37,Off Steal,0,LeVert 2' Layup (3 PTS) (Young 6 AST),,MIA,ATL,ATL,1610612737,2025,1223.0,1229.0,1226.0,1627747|1629027|1630168|1630700|1642258,1629312|1629639|1630558|1641796|1642276,2024-25,268,0.2028985507246377
128737,04:46,"Niang 2' Cutting Layup Shot (2 PTS) (Krejci 4 AST)
",1,1,0,0,2025-03-27,0022401062,0,0,MIA,2,0,6,05:01,Off Block,0,Niang 2' Cutting Layup Shot (2 PTS) (Krejci 4 AST),,MIA,ATL,ATL,1610612737,2025,1139.0,1154.0,1146.5,1627747|1627777|1630168|1630249|1630700,203937|1629639|1630558|1641796|1642276,2024-25,245,0.3132530120481928
128738,05:23,"Daniels 25' 3PT Jump Shot (7 PTS) (Krejci 3 AST)
",0,0,1,1,2025-03-27,0022401062,0,0,MIA,2,0,3,05:36,Off Corner 3 Miss,0,Daniels 25' 3PT Jump Shot (7 PTS) (Krejci 3 AST),,MIA,ATL,ATL,1610612737,2025,1104.0,1117.0,1110.5,1627747|1627777|1630168|1630249|1630700,203937|1629639|1630558|1641796|1642276,2024-25,240,0.2736842105263158
128739,05:59,"MISS LeVert 25' 3PT Pullup Jump Shot
Hawks Rebound
Krejci 25' 3PT Jump Shot (11 PTS) (LeVert 3 AST)
",0,0,2,1,2025-03-27,0022401062,0,1,MIA,2,0,0,06:23,Off At Rim Make,0,MISS LeVert 25' 3PT Pullup Jump Shot,,MIA,ATL,ATL,1610612737,2025,1057.0,1081.0,1069.0,1627747|1627777|1630168|1630249|1630700,203937|203952|1628389|1629312|1630558,2024-25,227,0.038461538461538464
128740,05:59,"MISS LeVert 25' 3PT Pullup Jump Shot
Hawks Rebound
Krejci 25' 3PT Jump Shot (11 PTS) (LeVert 3 AST)
",0,0,2,1,2025-03-27,0022401062,0,1,MIA,2,0,0,06:23,Off At Rim Make,0,Hawks Rebound,,MIA,ATL,ATL,1610612737,2025,1057.0,1081.0,1069.0,1627747|1627777|1630168|1630249|1630700,203937|203952|1628389|1629312|1630558,2024-25,228,0.26666666666666666
128741,05:59,"MISS LeVert 25' 3PT Pullup Jump Shot
Hawks Rebound
Krejci 25' 3PT Jump Shot (11 PTS) (LeVert 3 AST)
",0,0,2,1,2025-03-27,0022401062,0,1,MIA,2,0,0,06:23,Off At Rim Make,0,Krejci 25' 3PT Jump Shot (11 PTS) (LeVert 3 AST),,MIA,ATL,ATL,1610612737,2025,1057.0,1081.0,1069.0,1627747|1627777|1630168|1630249|1630700,203937|203952|1628389|1629312|1630558,2024-25,236,0.2777777777777778
128742,06:43,"Okongwu 1' Driving Dunk (6 PTS) (Krejci 2 AST)
",1,1,0,0,2025-03-27,0022401062,0,0,MIA,2,0,0,07:03,Off Timeout,0,Okongwu 1' Driving Dunk (6 PTS) (Krejci 2 AST),,MIA,ATL,ATL,1610612737,2025,1017.0,1037.0,1027.0,1627747|1627777|1630168|1630249|1630700,203937|203952|1628389|1629312|1630558,2024-25,223,0.2765957446808511
128735,04:07,"MISS Krejci 13' Driving Floating Jump Shot
Ware REBOUND (Off:3 Def:4)
",1,0,0,0,2025-03-27,0022401062,0,0,MIA,2,0,5,04:24,Off Corner 3 Make,0,MISS Krejci 13' Driving Floating Jump Shot,,MIA,ATL,ATL,1610612737,2025,1176.0,1193.0,1184.5,1627747|1630168|1630249|1630700|1642258,203937|1629639|1630558|1641796|1642276,2024-25,252,0.26666666666666666
128743,07:14,"MISS Okongwu 11' Driving Layup
Okongwu REBOUND (Off:1 Def:3)
MISS Okongwu 2' Putback Layup
Adebayo REBOUND (Off:0 Def:6)
",2,0,0,0,2025-03-27,0022401062,0,1,MIA,2,0,3,07:37,Off Short Mid-Range Miss,0,MISS Okongwu 11' Driving Layup,,MIA,ATL,ATL,1610612737,2025,983.0,1006.0,994.5,1627777|1629611|1630168|1630249|1630700,203937|203952|1628389|1629312|1630558,2024-25,214,0.9523809523809523
128745,07:14,"MISS Okongwu 11' Driving Layup
Okongwu REBOUND (Off:1 Def:3)
MISS Okongwu 2' Putback Layup
Adebayo REBOUND (Off:0 Def:6)
",2,0,0,0,2025-03-27,0022401062,0,1,MIA,2,0,3,07:37,Off Short Mid-Range Miss,0,MISS Okongwu 2' Putback Layup,,MIA,ATL,ATL,1610612737,2025,983.0,1006.0,994.5,1627777|1629611|1630168|1630249|1630700,203937|203952|1628389|1629312|1630558,2024-25,216,0.27692307692307694
128746,07:14,"MISS Okongwu 11' Driving Layup
Okongwu REBOUND (Off:1 Def:3)
MISS Okongwu 2' Putback Layup
Adebayo REBOUND (Off:0 Def:6)
",2,0,0,0,2025-03-27,0022401062,0,1,MIA,2,0,3,07:37,Off Short Mid-Range Miss,0,Adebayo REBOUND (Off:0 Def:6),,MIA,ATL,ATL,1610612737,2025,983.0,1006.0,994.5,1627777|1629611|1630168|1630249|1630700,203937|203952|1628389|1629312|1630558,2024-25,208,0.27692307692307694
128747,08:03,"MISS Mann 3PT Jump Shot
HEAT Rebound
",0,0,1,0,2025-03-27,0022401062,0,0,MIA,2,0,4,08:29,Off FT Make,0,MISS Mann 3PT Jump Shot,,MIA,ATL,ATL,1610612737,2025,931.0,957.0,944.0,1627777|1629611|1630168|1630249|1630700,203937|203952|1628389|1629312|1630558,2024-25,213,0.25
128748,08:03,"MISS Mann 3PT Jump Shot
HEAT Rebound
",0,0,1,0,2025-03-27,0022401062,0,0,MIA,2,0,4,08:29,Off FT Make,0,HEAT Rebound,,MIA,ATL,ATL,1610612737,2025,931.0,957.0,944.0,1627777|1629611|1630168|1630249|1630700,203937|203952|1628389|1629312|1630558,2024-25,219,0.17647058823529413
128749,08:43,"Wiggins S.FOUL (P1.T1) (B.Schwab)
Young Free Throw 1 of 2 (11 PTS)
Young Free Throw 2 of 2 (12 PTS)
",0,0,0,0,2025-03-27,0022401062,0,0,MIA,2,1,4,08:56,Off Arc 3 Make,0,Wiggins S.FOUL (P1.T1) (B.Schwab),,MIA,ATL,ATL,1610612737,2025,904.0,917.0,910.5,1629027|1629611|1630168|1630249|1642258,203937|203952|1628389|1629312|1630558,2024-25,207,0.37735849056603776
128750,08:43,"Wiggins S.FOUL (P1.T1) (B.Schwab)
Young Free Throw 1 of 2 (11 PTS)
Young Free Throw 2 of 2 (12 PTS)
",0,0,0,0,2025-03-27,0022401062,0,0,MIA,2,1,4,08:56,Off Arc 3 Make,0,Young Free Throw 1 of 2 (11 PTS),,MIA,ATL,ATL,1610612737,2025,904.0,917.0,910.5,1629027|1629611|1630168|1630249|1642258,203937|203952|1628389|1629312|1630558,2024-25,195,0.3870967741935484
128751,08:43,"Wiggins S.FOUL (P1.T1) (B.Schwab)
Young Free Throw 1 of 2 (11 PTS)
Young Free Throw 2 of 2 (12 PTS)
",0,0,0,0,2025-03-27,0022401062,0,0,MIA,2,1,4,08:56,Off Arc 3 Make,0,Young Free Throw 2 of 2 (12 PTS),,MIA,ATL,ATL,1610612737,2025,904.0,917.0,910.5,1629027|1629611|1630168|1630249|1642258,203937|203952|1628389|1629312|1630558,2024-25,198,0.32727272727272727
128744,07:14,"MISS Okongwu 11' Driving Layup
Okongwu REBOUND (Off:1 Def:3)
MISS Okongwu 2' Putback Layup
Adebayo REBOUND (Off:0 Def:6)
",2,0,0,0,2025-03-27,0022401062,0,1,MIA,2,0,3,07:37,Off Short Mid-Range Miss,0,Okongwu REBOUND (Off:1 Def:3),,MIA,ATL,ATL,1610612737,2025,983.0,1006.0,994.5,1627777|1629611|1630168|1630249|1630700,203937|203952|1628389|1629312|1630558,2024-25,215,0.4657534246575342
128734,03:47,"Daniels 1' Reverse Layup (9 PTS) (Risacher 2 AST)
",1,1,0,0,2025-03-27,0022401062,0,0,MIA,2,0,3,04:01,Off At Rim Make,0,Daniels 1' Reverse Layup (9 PTS) (Risacher 2 AST),,MIA,ATL,ATL,1610612737,2025,1199.0,1213.0,1206.0,1627747|1630168|1630249|1630700|1642258,203937|1629639|1630558|1641796|1642276,2024-25,256,0.15151515151515152
128732,03:03,"MISS Daniels 7' Driving Layup
Ware REBOUND (Off:3 Def:5)
",1,0,0,0,2025-03-27,0022401062,0,0,MIA,2,0,5,03:16,Off Short Mid-Range Make,0,Ware REBOUND (Off:3 Def:5),,MIA,ATL,ATL,1610612737,2025,1244.0,1257.0,1250.5,1627747|1629027|1630168|1630700|1642258,1629312|1629639|1630558|1641796|1642276,2024-25,275,0.31746031746031744
128752,09:10,"Krejci 4' Cutting Finger Roll Layup Shot (8 PTS) (Young 5 AST)
",1,1,0,0,2025-03-27,0022401062,0,0,MIA,2,0,5,09:23,Off FT Make,0,Krejci 4' Cutting Finger Roll Layup Shot (8 PTS) (Young 5 AST),,MIA,ATL,ATL,1610612737,2025,877.0,890.0,883.5,1629027|1629611|1630168|1630249|1642258,203937|203952|1628389|1629312|1630558,2024-25,189,0.175
128767,02:37,"Adebayo STEAL (2 STL): Niang Lost Ball Turnover (P1.T9)
",0,0,0,0,2025-03-27,0022401062,0,0,MIA,3,0,-13,02:42,Off Short Mid-Range Miss,1,Adebayo STEAL (2 STL): Niang Lost Ball Turnover (P1.T9),,MIA,ATL,ATL,1610612737,2025,1998.0,2003.0,2000.5,1627747|1627777|1629611|1630700|1631230,202692|203952|1628389|1629312|1630558,2024-25,431,0.1111111111111111
128754,09:52,"Highsmith STEAL (1 STL): Krejci Bad Pass Turnover (P1.T4)
",0,0,0,0,2025-03-27,0022401062,0,0,MIA,2,0,3,10:05,Off Corner 3 Make,1,Highsmith STEAL (1 STL): Krejci Bad Pass Turnover (P1.T4),,MIA,ATL,ATL,1610612737,2025,835.0,848.0,841.5,1629027|1629611|1630249|1631230|1642258,203937|203952|1628389|1629312|1630558,2024-25,176,0.25
128756,10:09,"MISS Young 10' Driving Floating Jump Shot
Anderson REBOUND (Off:0 Def:1)
",1,0,0,0,2025-03-27,0022401062,0,0,MIA,2,0,6,10:30,Off Dead Ball,0,Anderson REBOUND (Off:0 Def:1),,MIA,ATL,ATL,1610612737,2025,810.0,831.0,820.5,1629027|1629611|1630249|1631230|1642258,203937|203952|1628389|1629312|1630558,2024-25,173,0.37037037037037035
128757,10:35,"MISS Barlow 15' Jump Shot
Adebayo REBOUND (Off:0 Def:5)
",1,0,0,0,2025-03-27,0022401062,0,0,MIA,2,0,6,10:57,Off Arc 3 Make,0,MISS Barlow 15' Jump Shot,,MIA,ATL,ATL,1610612737,2025,783.0,805.0,794.0,1629027|1629611|1630249|1631230|1642258,203937|203952|1628389|1629312|1630558,2024-25,169,0.3389830508474576
128758,10:35,"MISS Barlow 15' Jump Shot
Adebayo REBOUND (Off:0 Def:5)
",1,0,0,0,2025-03-27,0022401062,0,0,MIA,2,0,6,10:57,Off Arc 3 Make,0,Adebayo REBOUND (Off:0 Def:5),,MIA,ATL,ATL,1610612737,2025,783.0,805.0,794.0,1629027|1629611|1630249|1631230|1642258,203937|203952|1628389|1629312|1630558,2024-25,200,0.7213114754098361
128759,11:10,"Mann 18' Pullup Jump Shot (2 PTS)
",1,1,0,0,2025-03-27,0022401062,0,0,MIA,2,0,7,11:34,Off Short Mid-Range Make,0,Mann 18' Pullup Jump Shot (2 PTS),,MIA,ATL,ATL,1610612737,2025,746.0,770.0,758.0,1629027|1629611|1630249|1631230|1642258,203937|203952|1628389|1629312|1630558,2024-25,166,0.19607843137254902
128760,00:02,"Hawks Turnover: Shot Clock (T#11)
",0,0,0,0,2025-03-27,0022401062,0,0,MIA,3,0,-13,00:26,Off Arc 3 Make,1,Hawks Turnover: Shot Clock (T#11),,MIA,ATL,ATL,1610612737,2025,2134.0,2158.0,2146.0,1627747|1627777|1629027|1629611|1631230,203937|1628389|1629312|1629639|1630558,2024-25,506,0.21875
128761,00:33,"MISS LeVert 5' Driving Finger Roll Layup
Anderson REBOUND (Off:0 Def:2)
",1,0,0,0,2025-03-27,0022401062,0,0,MIA,3,0,-10,00:46,Off At Rim Make,0,MISS LeVert 5' Driving Finger Roll Layup,,MIA,ATL,ATL,1610612737,2025,2114.0,2127.0,2120.5,1627747|1627777|1629027|1629611|1631230,203937|1628389|1629312|1629639|1630558,2024-25,455,0.23684210526315788
128763,01:01,"Young 12' Driving Floating Jump Shot (17 PTS)
",1,1,0,0,2025-03-27,0022401062,0,0,MIA,3,0,-10,01:07,Off Long Mid-Range Miss,0,Young 12' Driving Floating Jump Shot (17 PTS),,MIA,ATL,ATL,1610612737,2025,2093.0,2099.0,2096.0,1627747|1627777|1629027|1629611|1631230,203937|1628389|1629312|1629639|1630558,2024-25,453,0.21052631578947367
128792,08:56,"Young Out of Bounds - Bad Pass Turnover Turnover (P2.T8)
",0,0,0,0,2025-03-27,0022401062,0,0,MIA,3,0,-14,09:07,Off Long Mid-Range Make,1,Young Out of Bounds - Bad Pass Turnover Turnover (P2.T8),,MIA,ATL,ATL,1610612737,2025,1613.0,1624.0,1618.5,1629027|1630168|1630249|1630700|1642258,202692|203952|1628389|1629639|1642276,2024-25,383,0.2641509433962264
128764,01:37,"Niang 24' 3PT Step Back Bank Jump Shot (5 PTS) (Young 7 AST)
",0,0,1,1,2025-03-27,0022401062,0,0,MIA,3,0,-13,01:46,Off Short Mid-Range Make,0,Niang 24' 3PT Step Back Bank Jump Shot (5 PTS) (Young 7 AST),,MIA,ATL,ATL,1610612737,2025,2054.0,2063.0,2058.5,1627747|1627777|1629027|1629611|1631230,203937|1628389|1629312|1629639|1630558,2024-25,449,0.12987012987012986
128766,02:24,"Adebayo STEAL (3 STL): Daniels Lost Ball Turnover (P2.T10)
",0,0,0,0,2025-03-27,0022401062,0,0,MIA,3,0,-13,02:27,Off Arc 3 Miss,1,Adebayo STEAL (3 STL): Daniels Lost Ball Turnover (P2.T10),,MIA,ATL,ATL,1610612737,2025,2013.0,2016.0,2014.5,1627747|1627777|1629611|1630700|1631230,202692|203952|1628389|1629312|1630558,2024-25,457,0.23376623376623376
128768,03:07,"MISS LeVert 24' 3PT Jump Shot
Barlow REBOUND (Off:1 Def:0)
MISS Daniels 25' 3PT Jump Shot
HEAT Rebound
",0,0,2,0,2025-03-27,0022401062,0,1,MIA,3,0,-13,03:31,Off Long Mid-Range Miss,0,MISS LeVert 24' 3PT Jump Shot,,MIA,ATL,ATL,1610612737,2025,1949.0,1973.0,1961.0,1627747|1627777|1629611|1630700|1631230,202692|203952|1629312|1630558|1642276,2024-25,422,0.24
128769,03:07,"MISS LeVert 24' 3PT Jump Shot
Barlow REBOUND (Off:1 Def:0)
MISS Daniels 25' 3PT Jump Shot
HEAT Rebound
",0,0,2,0,2025-03-27,0022401062,0,1,MIA,3,0,-13,03:31,Off Long Mid-Range Miss,0,Barlow REBOUND (Off:1 Def:0),,MIA,ATL,ATL,1610612737,2025,1949.0,1973.0,1961.0,1627747|1627777|1629611|1630700|1631230,202692|203952|1629312|1630558|1642276,2024-25,423,0.14634146341463414
128770,03:07,"MISS LeVert 24' 3PT Jump Shot
Barlow REBOUND (Off:1 Def:0)
MISS Daniels 25' 3PT Jump Shot
HEAT Rebound
",0,0,2,0,2025-03-27,0022401062,0,1,MIA,3,0,-13,03:31,Off Long Mid-Range Miss,0,MISS Daniels 25' 3PT Jump Shot,,MIA,ATL,ATL,1610612737,2025,1949.0,1973.0,1961.0,1627747|1627777|1629611|1630700|1631230,202692|203952|1629312|1630558|1642276,2024-25,424,0.30303030303030304
128771,03:07,"MISS LeVert 24' 3PT Jump Shot
Barlow REBOUND (Off:1 Def:0)
MISS Daniels 25' 3PT Jump Shot
HEAT Rebound
",0,0,2,0,2025-03-27,0022401062,0,1,MIA,3,0,-13,03:31,Off Long Mid-Range Miss,0,HEAT Rebound,,MIA,ATL,ATL,1610612737,2025,1949.0,1973.0,1961.0,1627747|1627777|1629611|1630700|1631230,202692|203952|1629312|1630558|1642276,2024-25,452,0.35714285714285715
128772,03:52,"LeVert 25' 3PT Pullup Jump Shot (12 PTS)
",0,0,1,1,2025-03-27,0022401062,0,0,MIA,3,0,-16,04:04,Off Corner 3 Make,0,LeVert 25' 3PT Pullup Jump Shot (12 PTS),,MIA,ATL,ATL,1610612737,2025,1916.0,1928.0,1922.0,1627747|1627777|1629611|1630700|1631230,202692|203952|1629312|1630558|1642276,2024-25,419,0.06896551724137931
128774,04:37,"MISS LeVert 3PT Running Jump Shot
LeVert REBOUND (Off:1 Def:2)
MISS Niang 5' Driving Floating Bank Jump Shot
Okongwu REBOUND (Off:2 Def:6)
Okongwu Tip Layup Shot (10 PTS)
",2,1,1,0,2025-03-27,0022401062,0,2,MIA,3,0,-17,04:55,Off Short Mid-Range Miss,0,MISS LeVert 3PT Running Jump Shot,,MIA,ATL,ATL,1610612737,2025,1865.0,1883.0,1874.0,1627747|1627777|1629611|1630168|1630700,202692|203952|1629312|1630558|1642276,2024-25,405,0.5230769230769231
128765,02:05,"LeVert 1' Running Finger Roll Layup (14 PTS) (Mann 1 AST)
",1,1,0,0,2025-03-27,0022401062,0,0,MIA,3,0,-13,02:09,Off Steal,0,LeVert 1' Running Finger Roll Layup (14 PTS) (Mann 1 AST),,MIA,ATL,ATL,1610612737,2025,2031.0,2035.0,2033.0,1627747|1627777|1629611|1630700|1631230,202692|203952|1628389|1629312|1630558,2024-25,439,0.15
128773,04:19,"Mann 20' Running Jump Shot (7 PTS) (Daniels 2 AST)
",1,1,0,0,2025-03-27,0022401062,0,0,MIA,3,0,-15,04:24,Off At Rim Miss,0,Mann 20' Running Jump Shot (7 PTS) (Daniels 2 AST),,MIA,ATL,ATL,1610612737,2025,1896.0,1901.0,1898.5,1627747|1627777|1629611|1630700|1631230,202692|203952|1629312|1630558|1642276,2024-25,415,0.1917808219178082
128762,00:33,"MISS LeVert 5' Driving Finger Roll Layup
Anderson REBOUND (Off:0 Def:2)
",1,0,0,0,2025-03-27,0022401062,0,0,MIA,3,0,-10,00:46,Off At Rim Make,0,Anderson REBOUND (Off:0 Def:2),,MIA,ATL,ATL,1610612737,2025,2114.0,2127.0,2120.5,1627747|1627777|1629027|1629611|1631230,203937|1628389|1629312|1629639|1630558,2024-25,542,0.8064516129032258
128775,04:37,"MISS LeVert 3PT Running Jump Shot
LeVert REBOUND (Off:1 Def:2)
MISS Niang 5' Driving Floating Bank Jump Shot
Okongwu REBOUND (Off:2 Def:6)
Okongwu Tip Layup Shot (10 PTS)
",2,1,1,0,2025-03-27,0022401062,0,2,MIA,3,0,-17,04:55,Off Short Mid-Range Miss,0,LeVert REBOUND (Off:1 Def:2),,MIA,ATL,ATL,1610612737,2025,1865.0,1883.0,1874.0,1627747|1627777|1629611|1630168|1630700,202692|203952|1629312|1630558|1642276,2024-25,406,0.31746031746031744
128836,11:35,"Mann 27' 3PT Pullup Jump Shot (10 PTS) (Risacher 3 AST)
",0,0,1,1,2025-03-27,0022401062,0,0,MIA,4,0,-13,12:00,Off Dead Ball,0,Mann 27' 3PT Pullup Jump Shot (10 PTS) (Risacher 3 AST),,MIA,ATL,ATL,1610612737,2025,2160.0,2185.0,2172.5,1629027|1629611|1630249|1631230|1642258,203937|1628389|1629312|1629639|1630558,2024-25,466,0.3218390804597701
128778,04:37,"MISS LeVert 3PT Running Jump Shot
LeVert REBOUND (Off:1 Def:2)
MISS Niang 5' Driving Floating Bank Jump Shot
Okongwu REBOUND (Off:2 Def:6)
Okongwu Tip Layup Shot (10 PTS)
",2,1,1,0,2025-03-27,0022401062,0,2,MIA,3,0,-17,04:55,Off Short Mid-Range Miss,0,Okongwu Tip Layup Shot (10 PTS),,MIA,ATL,ATL,1610612737,2025,1865.0,1883.0,1874.0,1627747|1627777|1629611|1630168|1630700,202692|203952|1629312|1630558|1642276,2024-25,409,0.2903225806451613
128777,04:37,"MISS LeVert 3PT Running Jump Shot
LeVert REBOUND (Off:1 Def:2)
MISS Niang 5' Driving Floating Bank Jump Shot
Okongwu REBOUND (Off:2 Def:6)
Okongwu Tip Layup Shot (10 PTS)
",2,1,1,0,2025-03-27,0022401062,0,2,MIA,3,0,-17,04:55,Off Short Mid-Range Miss,0,Okongwu REBOUND (Off:2 Def:6),,MIA,ATL,ATL,1610612737,2025,1865.0,1883.0,1874.0,1627747|1627777|1629611|1630168|1630700,202692|203952|1629312|1630558|1642276,2024-25,408,0.425
128779,05:18,"Burks S.FOUL (P2.T3) (T.Maddox)
LeVert Free Throw 1 of 2 (8 PTS)
LeVert Free Throw 2 of 2 (9 PTS)
",0,0,0,0,2025-03-27,0022401062,0,0,MIA,3,1,-19,05:31,Off Short Mid-Range Make,0,Burks S.FOUL (P2.T3) (T.Maddox),,MIA,ATL,ATL,1610612737,2025,1829.0,1842.0,1835.5,1627747|1630168|1630249|1630700|1642258,202692|203952|1629312|1629639|1642276,2024-25,417,0.208955223880597
128780,05:18,"Burks S.FOUL (P2.T3) (T.Maddox)
LeVert Free Throw 1 of 2 (8 PTS)
LeVert Free Throw 2 of 2 (9 PTS)
",0,0,0,0,2025-03-27,0022401062,0,0,MIA,3,1,-19,05:31,Off Short Mid-Range Make,0,LeVert Free Throw 1 of 2 (8 PTS),,MIA,ATL,ATL,1610612737,2025,1829.0,1842.0,1835.5,1627747|1630168|1630249|1630700|1642258,202692|203952|1629312|1629639|1642276,2024-25,395,0.18518518518518517
128781,05:18,"Burks S.FOUL (P2.T3) (T.Maddox)
LeVert Free Throw 1 of 2 (8 PTS)
LeVert Free Throw 2 of 2 (9 PTS)
",0,0,0,0,2025-03-27,0022401062,0,0,MIA,3,1,-19,05:31,Off Short Mid-Range Make,0,LeVert Free Throw 2 of 2 (9 PTS),,MIA,ATL,ATL,1610612737,2025,1829.0,1842.0,1835.5,1627747|1630168|1630249|1630700|1642258,202692|203952|1629312|1629639|1642276,2024-25,402,0.16326530612244897
128782,05:47,"LeVert 1' Driving Finger Roll Layup (7 PTS)
",1,1,0,0,2025-03-27,0022401062,0,0,MIA,3,0,-19,05:54,Off Corner 3 Miss,0,LeVert 1' Driving Finger Roll Layup (7 PTS),,MIA,ATL,ATL,1610612737,2025,1806.0,1813.0,1809.5,1627747|1630168|1630249|1630700|1642258,202692|203952|1629312|1629639|1642276,2024-25,390,0.35
128783,06:17,"LeVert 11' Driving Floating Jump Shot (5 PTS)
",1,1,0,0,2025-03-27,0022401062,0,0,MIA,3,0,-21,06:26,Off FT Make,0,LeVert 11' Driving Floating Jump Shot (5 PTS),,MIA,ATL,ATL,1610612737,2025,1774.0,1783.0,1778.5,1627747|1630168|1630249|1630700|1642258,202692|203952|1629312|1629639|1642276,2024-25,387,0.34782608695652173
128787,07:31,"MISS Young 18' Step Back Jump Shot
Adebayo REBOUND (Off:0 Def:10)
",1,0,0,0,2025-03-27,0022401062,0,0,MIA,3,0,-21,07:47,Off Arc 3 Make,0,Adebayo REBOUND (Off:0 Def:10),,MIA,ATL,ATL,1610612737,2025,1693.0,1709.0,1701.0,1629027|1630168|1630249|1630700|1642258,202692|203952|1628389|1629639|1642276,2024-25,432,0.7301587301587301
128785,06:44,"Burks P.FOUL (P1.T2) (M.Kogut)
Okongwu Driving Dunk (8 PTS) (Daniels 1 AST)
",1,1,0,0,2025-03-27,0022401062,0,0,MIA,3,0,-21,07:07,Off Short Mid-Range Miss,0,Okongwu Driving Dunk (8 PTS) (Daniels 1 AST),,MIA,ATL,ATL,1610612737,2025,1733.0,1756.0,1744.5,1629027|1630168|1630249|1630700|1642258,202692|203952|1628389|1629639|1642276,2024-25,376,0.12903225806451613
128786,07:31,"MISS Young 18' Step Back Jump Shot
Adebayo REBOUND (Off:0 Def:10)
",1,0,0,0,2025-03-27,0022401062,0,0,MIA,3,0,-21,07:47,Off Arc 3 Make,0,MISS Young 18' Step Back Jump Shot,,MIA,ATL,ATL,1610612737,2025,1693.0,1709.0,1701.0,1629027|1630168|1630249|1630700|1642258,202692|203952|1628389|1629639|1642276,2024-25,370,0.22580645161290322
128788,08:03,"MISS Krejci 25' 3PT Jump Shot
Adebayo REBOUND (Off:0 Def:9)
",0,0,1,0,2025-03-27,0022401062,0,0,MIA,3,0,-18,08:14,Off At Rim Make,0,MISS Krejci 25' 3PT Jump Shot,,MIA,ATL,ATL,1610612737,2025,1666.0,1677.0,1671.5,1629027|1630168|1630249|1630700|1642258,202692|203952|1628389|1629639|1642276,2024-25,366,0.13333333333333333
128789,08:03,"MISS Krejci 25' 3PT Jump Shot
Adebayo REBOUND (Off:0 Def:9)
",0,0,1,0,2025-03-27,0022401062,0,0,MIA,3,0,-18,08:14,Off At Rim Make,0,Adebayo REBOUND (Off:0 Def:9),,MIA,ATL,ATL,1610612737,2025,1666.0,1677.0,1671.5,1629027|1630168|1630249|1630700|1642258,202692|203952|1628389|1629639|1642276,2024-25,378,0.13333333333333333
128790,08:26,"Ware BLOCK (1 BLK): MISS Daniels 6' Driving Layup
Adebayo REBOUND (Off:0 Def:8)
",1,0,0,0,2025-03-27,0022401062,0,0,MIA,3,0,-16,08:41,Off Timeout,0,Ware BLOCK (1 BLK): MISS Daniels 6' Driving Layup,,MIA,ATL,ATL,1610612737,2025,1639.0,1654.0,1646.5,1629027|1630168|1630249|1630700|1642258,202692|203952|1628389|1629639|1642276,2024-25,360,0.32653061224489793
128776,04:37,"MISS LeVert 3PT Running Jump Shot
LeVert REBOUND (Off:1 Def:2)
MISS Niang 5' Driving Floating Bank Jump Shot
Okongwu REBOUND (Off:2 Def:6)
Okongwu Tip Layup Shot (10 PTS)
",2,1,1,0,2025-03-27,0022401062,0,2,MIA,3,0,-17,04:55,Off Short Mid-Range Miss,0,MISS Niang 5' Driving Floating Bank Jump Shot,,MIA,ATL,ATL,1610612737,2025,1865.0,1883.0,1874.0,1627747|1627777|1629611|1630168|1630700,202692|203952|1629312|1630558|1642276,2024-25,407,0.2
128791,08:26,"Ware BLOCK (1 BLK): MISS Daniels 6' Driving Layup
Adebayo REBOUND (Off:0 Def:8)
",1,0,0,0,2025-03-27,0022401062,0,0,MIA,3,0,-16,08:41,Off Timeout,0,Adebayo REBOUND (Off:0 Def:8),,MIA,ATL,ATL,1610612737,2025,1639.0,1654.0,1646.5,1629027|1630168|1630249|1630700|1642258,202692|203952|1628389|1629639|1642276,2024-25,375,0.21739130434782608
128784,06:44,"Burks P.FOUL (P1.T2) (M.Kogut)
Okongwu Driving Dunk (8 PTS) (Daniels 1 AST)
",1,1,0,0,2025-03-27,0022401062,0,0,MIA,3,0,-21,07:07,Off Short Mid-Range Miss,0,Burks P.FOUL (P1.T2) (M.Kogut),,MIA,ATL,ATL,1610612737,2025,1733.0,1756.0,1744.5,1629027|1630168|1630249|1630700|1642258,202692|203952|1628389|1629639|1642276,2024-25,377,0.2222222222222222
128793,09:31,"MISS Young 31' 3PT Pullup Jump Shot
Ware REBOUND (Off:3 Def:8)
",0,0,1,0,2025-03-27,0022401062,0,0,MIA,3,0,-12,09:42,Off Corner 3 Make,0,MISS Young 31' 3PT Pullup Jump Shot,,MIA,ATL,ATL,1610612737,2025,1578.0,1589.0,1583.5,1629027|1630168|1630249|1630700|1642258,202692|203952|1628389|1629639|1642276,2024-25,348,0.4074074074074074
128819,05:16,"Mitchell P.FOUL (P3.T3) (M.Kogut)
MISS Young 24' 3PT Step Back Jump Shot
Wiggins REBOUND (Off:1 Def:3)
",0,0,1,0,2025-03-27,0022401062,0,0,MIA,4,0,-11,05:39,Off FT Make,0,Mitchell P.FOUL (P3.T3) (M.Kogut),,MIA,ATL,ATL,1610612737,2025,2541.0,2564.0,2552.5,1627747|1629027|1629611|1630168|1630700,203952|1628389|1629312|1629639|1630558,2024-25,653,0.4186046511627907
128795,10:02,"Young 25' 3PT Jump Shot (15 PTS)
",0,0,1,1,2025-03-27,0022401062,0,0,MIA,3,0,-12,10:20,Off FT Miss,0,Young 25' 3PT Jump Shot (15 PTS),,MIA,ATL,ATL,1610612737,2025,1540.0,1558.0,1549.0,1629027|1630168|1630249|1630700|1642258,202692|203952|1628389|1629639|1642276,2024-25,345,0.7586206896551724
128817,04:37,"Young 30' 3PT Running Pull-Up Jump Shot (26 PTS)
",0,0,1,1,2025-03-27,0022401062,0,0,MIA,4,0,-13,04:42,Off Steal,0,Young 30' 3PT Running Pull-Up Jump Shot (26 PTS),,MIA,ATL,ATL,1610612737,2025,2598.0,2603.0,2600.5,1627747|1629027|1629611|1630168|1630700,203952|1628389|1629312|1629639|1630558,2024-25,534,0.22535211267605634
128797,10:29,"MISS Daniels 26' 3PT Jump Shot
Ware REBOUND (Off:3 Def:7)
",0,0,1,0,2025-03-27,0022401062,0,0,MIA,3,0,-11,10:41,Off Corner 3 Make,0,Ware REBOUND (Off:3 Def:7),,MIA,ATL,ATL,1610612737,2025,1519.0,1531.0,1525.0,1629027|1630168|1630249|1630700|1642258,202692|203952|1628389|1629639|1642276,2024-25,377,0.7457627118644068
128798,10:56,"MISS Risacher 2' Running Finger Roll Layup
Wiggins REBOUND (Off:1 Def:2)
",1,0,0,0,2025-03-27,0022401062,0,0,MIA,3,0,-8,11:07,Off Steal,0,MISS Risacher 2' Running Finger Roll Layup,,MIA,ATL,ATL,1610612737,2025,1493.0,1504.0,1498.5,1629027|1630168|1630249|1630700|1642258,202692|203952|1628389|1629639|1642276,2024-25,334,0.1956521739130435
128799,10:56,"MISS Risacher 2' Running Finger Roll Layup
Wiggins REBOUND (Off:1 Def:2)
",1,0,0,0,2025-03-27,0022401062,0,0,MIA,3,0,-8,11:07,Off Steal,0,Wiggins REBOUND (Off:1 Def:2),,MIA,ATL,ATL,1610612737,2025,1493.0,1504.0,1498.5,1629027|1630168|1630249|1630700|1642258,202692|203952|1628389|1629639|1642276,2024-25,364,0.3055555555555556
128800,11:14,"Herro S.FOUL (P1.T1) (T.Maddox)
MISS Risacher Free Throw 1 of 2
Hawks Rebound
MISS Risacher Free Throw 2 of 2
Herro REBOUND (Off:1 Def:2)
",0,0,0,0,2025-03-27,0022401062,0,0,MIA,3,1,-8,11:24,Off Arc 3 Make,0,Herro S.FOUL (P1.T1) (T.Maddox),,MIA,ATL,ATL,1610612737,2025,1476.0,1486.0,1481.0,1629027|1630168|1630249|1630700|1642258,202692|203952|1628389|1629639|1642276,2024-25,346,0.2682926829268293
128801,11:14,"Herro S.FOUL (P1.T1) (T.Maddox)
MISS Risacher Free Throw 1 of 2
Hawks Rebound
MISS Risacher Free Throw 2 of 2
Herro REBOUND (Off:1 Def:2)
",0,0,0,0,2025-03-27,0022401062,0,0,MIA,3,1,-8,11:24,Off Arc 3 Make,0,MISS Risacher Free Throw 1 of 2,,MIA,ATL,ATL,1610612737,2025,1476.0,1486.0,1481.0,1629027|1630168|1630249|1630700|1642258,202692|203952|1628389|1629639|1642276,2024-25,328,0.4375
128802,11:14,"Herro S.FOUL (P1.T1) (T.Maddox)
MISS Risacher Free Throw 1 of 2
Hawks Rebound
MISS Risacher Free Throw 2 of 2
Herro REBOUND (Off:1 Def:2)
",0,0,0,0,2025-03-27,0022401062,0,0,MIA,3,1,-8,11:24,Off Arc 3 Make,0,Hawks Rebound,,MIA,ATL,ATL,1610612737,2025,1476.0,1486.0,1481.0,1629027|1630168|1630249|1630700|1642258,202692|203952|1628389|1629639|1642276,2024-25,329,0.4444444444444444
128803,11:14,"Herro S.FOUL (P1.T1) (T.Maddox)
MISS Risacher Free Throw 1 of 2
Hawks Rebound
MISS Risacher Free Throw 2 of 2
Herro REBOUND (Off:1 Def:2)
",0,0,0,0,2025-03-27,0022401062,0,0,MIA,3,1,-8,11:24,Off Arc 3 Make,0,MISS Risacher Free Throw 2 of 2,,MIA,ATL,ATL,1610612737,2025,1476.0,1486.0,1481.0,1629027|1630168|1630249|1630700|1642258,202692|203952|1628389|1629639|1642276,2024-25,330,0.26666666666666666
128804,11:14,"Herro S.FOUL (P1.T1) (T.Maddox)
MISS Risacher Free Throw 1 of 2
Hawks Rebound
MISS Risacher Free Throw 2 of 2
Herro REBOUND (Off:1 Def:2)
",0,0,0,0,2025-03-27,0022401062,0,0,MIA,3,1,-8,11:24,Off Arc 3 Make,0,Herro REBOUND (Off:1 Def:2),,MIA,ATL,ATL,1610612737,2025,1476.0,1486.0,1481.0,1629027|1630168|1630249|1630700|1642258,202692|203952|1628389|1629639|1642276,2024-25,331,0.32
128805,11:34,"MISS Risacher 24' 3PT Running Jump Shot
Ware REBOUND (Off:3 Def:6)
",0,0,1,0,2025-03-27,0022401062,0,0,MIA,3,0,-5,11:44,Off Steal,0,MISS Risacher 24' 3PT Running Jump Shot,,MIA,ATL,ATL,1610612737,2025,1456.0,1466.0,1461.0,1629027|1630168|1630249|1630700|1642258,202692|203952|1628389|1629639|1642276,2024-25,323,0.21428571428571427
128806,11:34,"MISS Risacher 24' 3PT Running Jump Shot
Ware REBOUND (Off:3 Def:6)
",0,0,1,0,2025-03-27,0022401062,0,0,MIA,3,0,-5,11:44,Off Steal,0,Ware REBOUND (Off:3 Def:6),,MIA,ATL,ATL,1610612737,2025,1456.0,1466.0,1461.0,1629027|1630168|1630249|1630700|1642258,202692|203952|1628389|1629639|1642276,2024-25,329,0.7931034482758621
128807,00:00,,0,0,0,0,2025-03-27,0022401062,0,0,MIA,4,0,-10,00:05,Off Dead Ball,0,,,MIA,ATL,ATL,1610612737,2025,2875.0,2880.0,2877.5,1627747|1629027|1629611|1630168|1630700,203952|1628389|1629312|1629639|1630558,2024-25,713,0.0
128808,00:27,"MISS Young 14' Driving Floating Bank Jump Shot
Highsmith REBOUND (Off:0 Def:2)
",1,0,0,0,2025-03-27,0022401062,0,0,MIA,4,0,-10,00:36,Off Timeout,0,MISS Young 14' Driving Floating Bank Jump Shot,,MIA,ATL,ATL,1610612737,2025,2844.0,2853.0,2848.5,1627747|1629027|1629611|1630168|1630700,203952|1628389|1629312|1629639|1630558,2024-25,569,0.4883720930232558
128809,00:27,"MISS Young 14' Driving Floating Bank Jump Shot
Highsmith REBOUND (Off:0 Def:2)
",1,0,0,0,2025-03-27,0022401062,0,0,MIA,4,0,-10,00:36,Off Timeout,0,Highsmith REBOUND (Off:0 Def:2),,MIA,ATL,ATL,1610612737,2025,2844.0,2853.0,2848.5,1627747|1629027|1629611|1630168|1630700,203952|1628389|1629312|1629639|1630558,2024-25,651,0.2857142857142857
128810,01:00,"LeVert 24' 3PT Jump Shot (17 PTS) (Young 12 AST)
",0,0,1,1,2025-03-27,0022401062,0,0,MIA,4,0,-10,01:13,Off Long Mid-Range Make,0,LeVert 24' 3PT Jump Shot (17 PTS) (Young 12 AST),,MIA,ATL,ATL,1610612737,2025,2807.0,2820.0,2813.5,1627747|1629027|1629611|1630168|1630700,203952|1628389|1629312|1629639|1630558,2024-25,559,0.3368421052631579
128811,01:32,"Young Out of Bounds Lost Ball Turnover (P5.T16)
",0,0,0,0,2025-03-27,0022401062,0,0,MIA,4,0,-8,01:38,Off Steal,1,Young Out of Bounds Lost Ball Turnover (P5.T16),,MIA,ATL,ATL,1610612737,2025,2782.0,2788.0,2785.0,1627747|1629027|1629611|1630168|1630700,203952|1628389|1629312|1629639|1630558,2024-25,556,0.3373493975903614
128812,02:00,"MISS Young 29' 3PT Jump Shot
Wiggins REBOUND (Off:1 Def:4)
",0,0,1,0,2025-03-27,0022401062,0,0,MIA,4,0,-8,02:18,Off Arc 3 Make,0,MISS Young 29' 3PT Jump Shot,,MIA,ATL,ATL,1610612737,2025,2742.0,2760.0,2751.0,1627747|1629027|1629611|1630168|1630700,203952|1628389|1629312|1629639|1630558,2024-25,551,0.3333333333333333
128814,02:45,"Young 29' 3PT Running Pull-Up Jump Shot (29 PTS)
",0,0,1,1,2025-03-27,0022401062,0,0,MIA,4,0,-8,02:49,Off Steal,0,Young 29' 3PT Running Pull-Up Jump Shot (29 PTS),,MIA,ATL,ATL,1610612737,2025,2711.0,2715.0,2713.0,1627747|1629027|1629611|1630168|1630700,203952|1628389|1629312|1629639|1630558,2024-25,549,0.4318181818181818
128796,10:29,"MISS Daniels 26' 3PT Jump Shot
Ware REBOUND (Off:3 Def:7)
",0,0,1,0,2025-03-27,0022401062,0,0,MIA,3,0,-11,10:41,Off Corner 3 Make,0,MISS Daniels 26' 3PT Jump Shot,,MIA,ATL,ATL,1610612737,2025,1519.0,1531.0,1525.0,1629027|1630168|1630249|1630700|1642258,202692|203952|1628389|1629639|1642276,2024-25,338,0.42424242424242425
128728,02:13,"MISS Risacher 3PT Jump Shot
Mitchell REBOUND (Off:0 Def:1)
",0,0,1,0,2025-03-27,0022401062,0,0,MIA,2,0,0,02:26,Off At Rim Make,0,MISS Risacher 3PT Jump Shot,,MIA,ATL,ATL,1610612737,2025,1294.0,1307.0,1300.5,1627747|1629027|1630168|1630700|1642258,203952|1628389|1629312|1629639|1630558,2024-25,281,0.2857142857142857
128813,02:00,"MISS Young 29' 3PT Jump Shot
Wiggins REBOUND (Off:1 Def:4)
",0,0,1,0,2025-03-27,0022401062,0,0,MIA,4,0,-8,02:18,Off Arc 3 Make,0,Wiggins REBOUND (Off:1 Def:4),,MIA,ATL,ATL,1610612737,2025,2742.0,2760.0,2751.0,1627747|1629027|1629611|1630168|1630700,203952|1628389|1629312|1629639|1630558,2024-25,649,0.4
128794,09:31,"MISS Young 31' 3PT Pullup Jump Shot
Ware REBOUND (Off:3 Def:8)
",0,0,1,0,2025-03-27,0022401062,0,0,MIA,3,0,-12,09:42,Off Corner 3 Make,0,Ware REBOUND (Off:3 Def:8),,MIA,ATL,ATL,1610612737,2025,1578.0,1589.0,1583.5,1629027|1630168|1630249|1630700|1642258,202692|203952|1628389|1629639|1642276,2024-25,335,0.13636363636363635
128818,05:06,"Young Out of Bounds Lost Ball Turnover (P4.T14)
",0,0,0,0,2025-03-27,0022401062,0,0,MIA,4,0,-13,05:13,Off At Rim Make,1,Young Out of Bounds Lost Ball Turnover (P4.T14),,MIA,ATL,ATL,1610612737,2025,2567.0,2574.0,2570.5,1627747|1629027|1629611|1630168|1630700,203952|1628389|1629312|1629639|1630558,2024-25,531,0.27906976744186046
128755,10:09,"MISS Young 10' Driving Floating Jump Shot
Anderson REBOUND (Off:0 Def:1)
",1,0,0,0,2025-03-27,0022401062,0,0,MIA,2,0,6,10:30,Off Dead Ball,0,MISS Young 10' Driving Floating Jump Shot,,MIA,ATL,ATL,1610612737,2025,810.0,831.0,820.5,1629027|1629611|1630249|1631230|1642258,203937|203952|1628389|1629312|1630558,2024-25,172,0.2413793103448276
128820,05:16,"Mitchell P.FOUL (P3.T3) (M.Kogut)
MISS Young 24' 3PT Step Back Jump Shot
Wiggins REBOUND (Off:1 Def:3)
",0,0,1,0,2025-03-27,0022401062,0,0,MIA,4,0,-11,05:39,Off FT Make,0,MISS Young 24' 3PT Step Back Jump Shot,,MIA,ATL,ATL,1610612737,2025,2541.0,2564.0,2552.5,1627747|1629027|1629611|1630168|1630700,203952|1628389|1629312|1629639|1630558,2024-25,527,0.3287671232876712
128821,05:16,"Mitchell P.FOUL (P3.T3) (M.Kogut)
MISS Young 24' 3PT Step Back Jump Shot
Wiggins REBOUND (Off:1 Def:3)
",0,0,1,0,2025-03-27,0022401062,0,0,MIA,4,0,-11,05:39,Off FT Make,0,Wiggins REBOUND (Off:1 Def:3),,MIA,ATL,ATL,1610612737,2025,2541.0,2564.0,2552.5,1627747|1629027|1629611|1630168|1630700,203952|1628389|1629312|1629639|1630558,2024-25,580,0.2
128822,06:01,"Okongwu 3PT Jump Shot (15 PTS) (Young 10 AST)
",0,0,1,1,2025-03-27,0022401062,0,0,MIA,4,0,-12,06:11,Off Short Mid-Range Miss,0,Okongwu 3PT Jump Shot (15 PTS) (Young 10 AST),,MIA,ATL,ATL,1610612737,2025,2509.0,2519.0,2514.0,1627747|1629027|1629611|1630168|1630700,203937|1628389|1629312|1629639|1630558,2024-25,517,0.14925373134328357
128823,06:34,"Okongwu 1' Alley Oop Layup (12 PTS) (Young 9 AST)
",1,1,0,0,2025-03-27,0022401062,0,0,MIA,4,0,-14,06:45,Off Short Mid-Range Make,0,Okongwu 1' Alley Oop Layup (12 PTS) (Young 9 AST),,MIA,ATL,ATL,1610612737,2025,2475.0,2486.0,2480.5,1627747|1629027|1629611|1630168|1630700,203937|1628389|1629312|1629639|1630558,2024-25,513,0.275
128824,07:12,"Mann 7' Fadeaway Jumper (12 PTS) (Daniels 3 AST)
",1,1,0,0,2025-03-27,0022401062,0,0,MIA,4,0,-14,07:24,Off Long Mid-Range Miss,0,Mann 7' Fadeaway Jumper (12 PTS) (Daniels 3 AST),,MIA,ATL,ATL,1610612737,2025,2436.0,2448.0,2442.0,1627747|1629027|1629611|1630168|1630700,203937|1628389|1629312|1629639|1630558,2024-25,509,0.23076923076923078
128825,07:49,"MISS Mann 3PT Jump Shot
Highsmith REBOUND (Off:0 Def:1)
",0,0,1,0,2025-03-27,0022401062,0,0,MIA,4,0,-14,08:11,Off Timeout,0,MISS Mann 3PT Jump Shot,,MIA,ATL,ATL,1610612737,2025,2389.0,2411.0,2400.0,1627747|1629027|1629611|1630168|1630700,203937|1628389|1629312|1629639|1630558,2024-25,505,0.2413793103448276
128826,07:49,"MISS Mann 3PT Jump Shot
Highsmith REBOUND (Off:0 Def:1)
",0,0,1,0,2025-03-27,0022401062,0,0,MIA,4,0,-14,08:11,Off Timeout,0,Highsmith REBOUND (Off:0 Def:1),,MIA,ATL,ATL,1610612737,2025,2389.0,2411.0,2400.0,1627747|1629027|1629611|1630168|1630700,203937|1628389|1629312|1629639|1630558,2024-25,582,0.23529411764705882
128827,08:27,"Highsmith STEAL (2 STL): Young Bad Pass Turnover (P3.T13)
",0,0,0,0,2025-03-27,0022401062,0,0,MIA,4,0,-11,08:39,Off Short Mid-Range Make,1,Highsmith STEAL (2 STL): Young Bad Pass Turnover (P3.T13),,MIA,ATL,ATL,1610612737,2025,2361.0,2373.0,2367.0,1629027|1629611|1630168|1630249|1642258,203937|1628389|1629312|1629639|1630558,2024-25,497,0.20588235294117646
128828,09:01,"Young 7' Driving Finger Roll Layup (22 PTS)
Mitchell S.FOUL (P2.T2) (B.Schwab)
Young Free Throw 1 of 1 (23 PTS)
",1,1,0,0,2025-03-27,0022401062,0,0,MIA,4,1,-12,09:12,Off Timeout,0,Young 7' Driving Finger Roll Layup (22 PTS),,MIA,ATL,ATL,1610612737,2025,2328.0,2339.0,2333.5,1629027|1629611|1630168|1630249|1642258,203937|1628389|1629312|1629639|1630558,2024-25,492,0.5316455696202531
128829,09:01,"Young 7' Driving Finger Roll Layup (22 PTS)
Mitchell S.FOUL (P2.T2) (B.Schwab)
Young Free Throw 1 of 1 (23 PTS)
",1,1,0,0,2025-03-27,0022401062,0,0,MIA,4,1,-12,09:12,Off Timeout,0,Mitchell S.FOUL (P2.T2) (B.Schwab),,MIA,ATL,ATL,1610612737,2025,2328.0,2339.0,2333.5,1629027|1629611|1630168|1630249|1642258,203937|1628389|1629312|1629639|1630558,2024-25,562,0.13559322033898305
128830,09:01,"Young 7' Driving Finger Roll Layup (22 PTS)
Mitchell S.FOUL (P2.T2) (B.Schwab)
Young Free Throw 1 of 1 (23 PTS)
",1,1,0,0,2025-03-27,0022401062,0,0,MIA,4,1,-12,09:12,Off Timeout,0,Young Free Throw 1 of 1 (23 PTS),,MIA,ATL,ATL,1610612737,2025,2328.0,2339.0,2333.5,1629027|1629611|1630168|1630249|1642258,203937|1628389|1629312|1629639|1630558,2024-25,495,0.3058823529411765
128831,09:16,"Mitchell STEAL (1 STL): Krejci Lost Ball Turnover (P2.T12)
",0,0,0,0,2025-03-27,0022401062,0,0,MIA,4,0,-9,09:36,Off FT Make,1,Mitchell STEAL (1 STL): Krejci Lost Ball Turnover (P2.T12),,MIA,ATL,ATL,1610612737,2025,2304.0,2324.0,2314.0,1629027|1629611|1630249|1631230|1642258,203937|1628389|1629312|1629639|1630558,2024-25,485,0.16279069767441862
128832,09:51,"Anderson P.FOUL (P1.T1) (T.Maddox)
Krejci 3PT Jump Shot (14 PTS) (Risacher 4 AST)
",0,0,1,1,2025-03-27,0022401062,0,0,MIA,4,0,-9,10:10,Off At Rim Miss,0,Anderson P.FOUL (P1.T1) (T.Maddox),,MIA,ATL,ATL,1610612737,2025,2270.0,2289.0,2279.5,1629027|1629611|1630249|1631230|1642258,203937|1628389|1629312|1629639|1630558,2024-25,509,0.1875
128833,09:51,"Anderson P.FOUL (P1.T1) (T.Maddox)
Krejci 3PT Jump Shot (14 PTS) (Risacher 4 AST)
",0,0,1,1,2025-03-27,0022401062,0,0,MIA,4,0,-9,10:10,Off At Rim Miss,0,Krejci 3PT Jump Shot (14 PTS) (Risacher 4 AST),,MIA,ATL,ATL,1610612737,2025,2270.0,2289.0,2279.5,1629027|1629611|1630249|1631230|1642258,203937|1628389|1629312|1629639|1630558,2024-25,478,0.325
128816,03:55,"Mann 1' Running Dunk (14 PTS) (Young 11 AST)
",1,1,0,0,2025-03-27,0022401062,0,0,MIA,4,0,-10,03:57,Off Arc 3 Miss,0,Mann 1' Running Dunk (14 PTS) (Young 11 AST),,MIA,ATL,ATL,1610612737,2025,2643.0,2645.0,2644.0,1627747|1629027|1629611|1630168|1630700,203952|1628389|1629312|1629639|1630558,2024-25,540,0.9010989010989011
128815,03:12,"Wiggins STEAL (1 STL): Okongwu Bad Pass Turnover (P2.T15)
",0,0,0,0,2025-03-27,0022401062,0,0,MIA,4,0,-8,03:36,Off Arc 3 Miss,1,Wiggins STEAL (1 STL): Okongwu Bad Pass Turnover (P2.T15),,MIA,ATL,ATL,1610612737,2025,2664.0,2688.0,2676.0,1627747|1629027|1629611|1630168|1630700,203952|1628389|1629312|1629639|1630558,2024-25,545,0.26666666666666666
128835,11:03,"Young 27' 3PT Pullup Jump Shot (20 PTS)
",0,0,1,1,2025-03-27,0022401062,0,0,MIA,4,0,-12,11:11,Off At Rim Make,0,Young 27' 3PT Pullup Jump Shot (20 PTS),,MIA,ATL,ATL,1610612737,2025,2209.0,2217.0,2213.0,1629027|1629611|1630249|1631230|1642258,203937|1628389|1629312|1629639|1630558,2024-25,470,0.2033898305084746
