index,ENDTIME,EVENTS,FG2A,FG2M,FG3A,FG3M,GAMEDATE,GAMEID,NONSHOOTINGFOULSTHATRESULTEDINFTS,OFFENSIVEREBOUNDS,OPPONENT,PERIOD,SHOOTINGFOULSDRAWN,STARTSCOREDIFFERENTIAL,STARTTIME,STARTTYPE,TURNOVERS,DESCRIPTION,URL,HTM,VTM,team,TEAM_ID,Year,start_seconds,end_seconds,mid_seconds,players_on,opp_players_on,season,actionNumber,FREE_THROW_POINTS,ENDSCOREDIFFERENTIAL,match_confidence
305261,11:24,"MISS Edwards 18' Step Back Jump Shot
McDaniels REBOUND (Off:1 Def:0)
MISS Reid 26' 3PT Jump Shot
Reid REBOUND (Off:1 Def:0)
MISS Reid 25' 3PT Jump Shot
Gobert REBOUND (Off:1 Def:0)
MISS Gobert 1' Putback Layup
Reid REBOUND (Off:2 Def:0)
McDaniels 3PT Jump Shot (3 PTS) (Reid 1 AST)
",2,0,3,1,2025-02-05,0022400723,0,4,CHI,1,0,0,12:00,Off Dead Ball,0,Reid REBOUND (Off:2 Def:0),,MIN,CHI,MIN,1610612750,2025,0.0,36.0,18.0,201144|203497|1629675|1630162|1630183,202696|1629632|1630245|1630581|1641824,2024-25,15.0,0,3,0.208955223880597
305257,10:15,"Reid 27' 3PT Jump Shot (3 PTS) (Edwards 1 AST)
",0,0,1,1,2025-02-05,0022400723,0,0,CHI,1,0,3,10:28,Off Short Mid-Range Miss,0,Reid 27' 3PT Jump Shot (3 PTS) (Edwards 1 AST),,MIN,CHI,MIN,1610612750,2025,92.0,105.0,98.5,201144|203497|1629675|1630162|1630183,202696|1629632|1630245|1630581|1641824,2024-25,24.0,0,6,0.20253164556962025
305256,09:39,"Conley 25' 3PT Jump Shot (3 PTS) (McDaniels 1 AST)
",0,0,1,1,2025-02-05,0022400723,0,0,CHI,1,0,4,09:59,Off Short Mid-Range Make,0,Conley 25' 3PT Jump Shot (3 PTS) (McDaniels 1 AST),,MIN,CHI,MIN,1610612750,2025,121.0,141.0,131.0,201144|203497|1629675|1630162|1630183,202696|1629632|1630245|1630581|1641824,2024-25,28.0,0,7,0.25
305255,09:26,"Reid 1' Running Dunk (5 PTS) (McDaniels 2 AST)
",1,1,0,0,2025-02-05,0022400723,0,0,CHI,1,0,7,09:30,Off Steal,0,Reid 1' Running Dunk (5 PTS) (McDaniels 2 AST),,MIN,CHI,MIN,1610612750,2025,150.0,154.0,152.0,201144|203497|1629675|1630162|1630183,202696|1629632|1630245|1630581|1641824,2024-25,32.0,0,9,0.32098765432098764
305254,08:50,"Edwards 25' 3PT Jump Shot (3 PTS) (Conley 1 AST)
",0,0,1,1,2025-02-05,0022400723,0,0,CHI,1,0,9,08:58,Off Dead Ball,0,Edwards 25' 3PT Jump Shot (3 PTS) (Conley 1 AST),,MIN,CHI,MIN,1610612750,2025,182.0,190.0,186.0,201144|203497|1629675|1630162|1630183,202696|1629632|1630172|1630581|1641824,2024-25,37.0,0,12,0.22784810126582278
305253,08:31,"MISS Edwards 26' 3PT Running Pull-Up Jump Shot
Buzelis REBOUND (Off:0 Def:1)
",0,0,1,0,2025-02-05,0022400723,0,0,CHI,1,0,12,08:36,Off At Rim Miss,0,Buzelis REBOUND (Off:0 Def:1),,MIN,CHI,MIN,1610612750,2025,204.0,209.0,206.5,201144|203497|1629675|1630162|1630183,202696|1629632|1630172|1630581|1641824,2024-25,42.0,0,12,0.3013698630136986
305249,08:05,"Buzelis S.FOUL (P1.T1) (J.Goble)
Edwards Free Throw 1 of 2 (4 PTS)
Edwards Free Throw 2 of 2 (5 PTS)
",0,0,0,0,2025-02-05,0022400723,0,0,CHI,1,1,10,08:24,Off FT Make,0,Buzelis S.FOUL (P1.T1) (J.Goble),,MIN,CHI,MIN,1610612750,2025,216.0,235.0,225.5,201144|203497|1629675|1630162|1630183,202696|1629632|1630172|1630581|1641824,2024-25,40.0,0,10,0.18421052631578946
305248,07:33,"Edwards 26' 3PT Pullup Jump Shot (8 PTS)
",0,0,1,1,2025-02-05,0022400723,0,0,CHI,1,0,12,07:44,Off Arc 3 Miss,0,Edwards 26' 3PT Pullup Jump Shot (8 PTS),,MIN,CHI,MIN,1610612750,2025,256.0,267.0,261.5,201144|203497|1629675|1630162|1630183,202696|1629632|1630172|1630581|1641824,2024-25,59.0,0,15,0.08333333333333333
305247,06:55,"Reid 3PT Jump Shot (8 PTS) (Edwards 2 AST)
",0,0,1,1,2025-02-05,0022400723,0,0,CHI,1,0,15,07:11,Off Block,0,Reid 3PT Jump Shot (8 PTS) (Edwards 2 AST),,MIN,CHI,MIN,1610612750,2025,289.0,305.0,297.0,201144|203497|1629675|1630162|1630183,202696|1629632|1630172|1630581|1641824,2024-25,62.0,0,18,0.21052631578947367
305241,06:18,"MISS Edwards 3PT Jump Shot
Gobert REBOUND (Off:2 Def:0)
Vucevic S.FOUL (P1.T2) (Z.Zarba)
MISS Gobert Free Throw 1 of 2
TIMBERWOLVES Rebound
MISS Gobert Free Throw 2 of 2
Vucevic REBOUND (Off:0 Def:2)
",0,0,1,0,2025-02-05,0022400723,0,1,CHI,1,1,16,06:39,Off Short Mid-Range Make,0,MISS Gobert Free Throw 1 of 2,,MIN,CHI,MIN,1610612750,2025,321.0,342.0,331.5,201144|203497|1629675|1630162|1630183,202696|1628975|1630172|1630245|1641763,2024-25,80.0,0,16,0.9508196721311475
305239,05:56,"Conley 25' 3PT Pullup Jump Shot (6 PTS)
",0,0,1,1,2025-02-05,0022400723,0,0,CHI,1,0,16,06:05,Off Steal,0,Conley 25' 3PT Pullup Jump Shot (6 PTS),,MIN,CHI,MIN,1610612750,2025,355.0,364.0,359.5,201144|203497|1629675|1630162|1630183,202696|1628975|1630172|1630245|1641763,2024-25,86.0,0,19,0.8169014084507042
305238,05:14,"McDaniels 13' Fadeaway Jumper (5 PTS) (Conley 2 AST)
",1,1,0,0,2025-02-05,0022400723,0,0,CHI,1,0,19,05:36,Off Arc 3 Miss,0,McDaniels 13' Fadeaway Jumper (5 PTS) (Conley 2 AST),,MIN,CHI,MIN,1610612750,2025,384.0,406.0,395.0,201144|203497|1629675|1630162|1630183,202696|1628975|1629632|1630245|1641763,2024-25,92.0,0,21,0.3883495145631068
305237,04:42,"MISS Conley 27' 3PT Pullup Jump Shot
Vucevic REBOUND (Off:0 Def:3)
",0,0,1,0,2025-02-05,0022400723,0,0,CHI,1,0,19,04:57,Off Short Mid-Range Make,0,Vucevic REBOUND (Off:0 Def:3),,MIN,CHI,MIN,1610612750,2025,423.0,438.0,430.5,201144|203497|1629675|1630162|1630183,202696|1628975|1629632|1630245|1641763,2024-25,96.0,0,19,0.10344827586206896
305235,04:07,"Gobert Lost Ball Turnover (P1.T1): Carter STEAL (1 STL)
",0,0,0,0,2025-02-05,0022400723,0,0,CHI,1,0,16,04:28,Off Arc 3 Make,1,Gobert Lost Ball Turnover (P1.T1): Carter STEAL (1 STL),,MIN,CHI,MIN,1610612750,2025,452.0,473.0,462.5,201144|203497|1629675|1630162|1630183,202696|1628975|1629632|1630245|1641763,2024-25,100.0,0,16,0.20833333333333334
305233,03:44,"MISS Conley 2' Driving Finger Roll Layup
Bulls Rebound
",1,0,0,0,2025-02-05,0022400723,0,0,CHI,1,0,14,03:58,Off Long Mid-Range Make,0,MISS Conley 2' Driving Finger Roll Layup,,MIN,CHI,MIN,1610612750,2025,482.0,496.0,489.0,201144|203497|1629675|1630162|1630183,202696|1628975|1629632|1630245|1641763,2024-25,119.0,0,14,0.925
305228,03:05,"MISS McDaniels 10' Fadeaway Jumper
TIMBERWOLVES Rebound
Smith S.FOUL (P1.T3) (J.Goble)
Edwards Free Throw 1 of 2 (9 PTS)
Edwards Free Throw 2 of 2 (10 PTS)
",1,0,0,0,2025-02-05,0022400723,0,1,CHI,1,1,11,03:29,Off Timeout,0,TIMBERWOLVES Rebound,,MIN,CHI,MIN,1610612750,2025,511.0,535.0,523.0,203497|1629638|1630162|1630183|1641740,202696|1628975|1629632|1630245|1641763,2024-25,115.0,0,11,0.21875
305227,02:29,"Edwards 16' Turnaround Fadeaway (12 PTS)
",1,1,0,0,2025-02-05,0022400723,0,0,CHI,1,0,11,02:52,Off At Rim Make,0,Edwards 16' Turnaround Fadeaway (12 PTS),,MIN,CHI,MIN,1610612750,2025,548.0,571.0,559.5,1629638|1630162|1630568|1641740|1642265,1628975|1629632|1630188|1630245|1641763,2024-25,134.0,0,13,0.6813186813186813
305226,01:53,"Dillingham 3PT Jump Shot (3 PTS) (Alexander-Walker 1 AST)
",0,0,1,1,2025-02-05,0022400723,0,0,CHI,1,0,10,02:14,Off Arc 3 Make,0,Dillingham 3PT Jump Shot (3 PTS) (Alexander-Walker 1 AST),,MIN,CHI,MIN,1610612750,2025,586.0,607.0,596.5,1629638|1630162|1630568|1641740|1642265,1628975|1629632|1630188|1630245|1641763,2024-25,139.0,0,13,0.2191780821917808
305225,01:22,"Edwards 1' Driving Layup (14 PTS)
",1,1,0,0,2025-02-05,0022400723,0,0,CHI,1,0,10,01:34,Off Arc 3 Make,0,Edwards 1' Driving Layup (14 PTS),,MIN,CHI,MIN,1610612750,2025,626.0,638.0,632.0,1629638|1630162|1630568|1641740|1642265,1628975|1629632|1630188|1630245|1641763,2024-25,142.0,0,12,0.7027027027027027
305223,00:46,"MISS Garza 10' Turnaround Hook Shot
Smith REBOUND (Off:0 Def:1)
",1,0,0,0,2025-02-05,0022400723,0,0,CHI,1,0,10,01:04,Off FT Make,0,Smith REBOUND (Off:0 Def:1),,MIN,CHI,MIN,1610612750,2025,656.0,674.0,665.0,1629638|1630162|1630568|1641740|1642265,1628975|1629632|1630188|1630245|1641763,2024-25,166.0,0,10,0.2545454545454545
305221,00:27,"MISS Alexander-Walker 25' 3PT Pullup Jump Shot
Smith REBOUND (Off:0 Def:2)
",0,0,1,0,2025-02-05,0022400723,0,0,CHI,1,0,8,00:37,Off At Rim Make,0,Smith REBOUND (Off:0 Def:2),,MIN,CHI,MIN,1610612750,2025,683.0,693.0,688.0,1629638|1630162|1630568|1641740|1642265,1628975|1629632|1630188|1630245|1641763,2024-25,151.0,0,8,0.18604651162790697
305220,00:04,"Alexander-Walker 26' 3PT Jump Shot (3 PTS) (Edwards 3 AST)
",0,0,1,1,2025-02-05,0022400723,0,0,CHI,1,0,6,00:11,Off At Rim Make,0,Alexander-Walker 26' 3PT Jump Shot (3 PTS) (Edwards 3 AST),,MIN,CHI,MIN,1610612750,2025,709.0,716.0,712.5,1629638|1630162|1630568|1641740|1642265,1628975|1629632|1630188|1630245|1641763,2024-25,154.0,0,9,0.8495575221238938
305323,10:57,"MISS Dillingham 5' Driving Hook Shot
Bulls Rebound
",1,0,0,0,2025-02-05,0022400723,0,0,CHI,2,0,9,11:09,Off At Rim Make,0,MISS Dillingham 5' Driving Hook Shot,,MIN,CHI,MIN,1610612750,2025,771.0,783.0,777.0,1629638|1629675|1630568|1641740|1642265,1628975|1630188|1630245|1630581|1641824,2024-25,170.0,0,9,0.3793103448275862
305320,10:25,"MISS Reid 6' Driving Floating Jump Shot
Williams REBOUND (Off:0 Def:1)
",1,0,0,0,2025-02-05,0022400723,0,0,CHI,2,0,6,10:44,Off Arc 3 Make,0,MISS Reid 6' Driving Floating Jump Shot,,MIN,CHI,MIN,1610612750,2025,796.0,815.0,805.5,1629638|1629675|1630568|1641740|1642265,1630172|1630188|1630245|1630581|1641824,2024-25,177.0,0,6,0.2702702702702703
305318,10:06,"MISS Garza 26' 3PT Jump Shot
Giddey REBOUND (Off:1 Def:1)
",0,0,1,0,2025-02-05,0022400723,0,0,CHI,2,0,4,10:22,Off At Rim Make,0,MISS Garza 26' 3PT Jump Shot,,MIN,CHI,MIN,1610612750,2025,818.0,834.0,826.0,1629638|1629675|1630568|1641740|1642265,1630172|1630188|1630245|1630581|1641824,2024-25,181.0,0,4,0.2857142857142857
305317,09:45,"Garza Cutting Dunk Shot (4 PTS) (Alexander-Walker 2 AST)
",1,1,0,0,2025-02-05,0022400723,0,0,CHI,2,0,1,10:01,Off Corner 3 Make,0,Garza Cutting Dunk Shot (4 PTS) (Alexander-Walker 2 AST),,MIN,CHI,MIN,1610612750,2025,839.0,855.0,847.0,1629638|1629675|1630568|1641740|1642265,1630172|1630188|1630245|1630581|1641824,2024-25,185.0,0,3,0.3132530120481928
305316,09:14,"Reid 26' 3PT Step Back Jump Shot (11 PTS)
",0,0,1,1,2025-02-05,0022400723,0,0,CHI,2,0,3,09:19,Off Arc 3 Miss,0,Reid 26' 3PT Step Back Jump Shot (11 PTS),,MIN,CHI,MIN,1610612750,2025,881.0,886.0,883.5,1629638|1629675|1630568|1641740|1642265,1630172|1630188|1630245|1630581|1641824,2024-25,190.0,0,6,0.34285714285714286
305313,08:44,"MISS Alexander-Walker 2' Driving Layup
Garza REBOUND (Off:1 Def:0)
Garza Lost Ball Turnover (P1.T2): Williams STEAL (1 STL)
",1,0,0,0,2025-02-05,0022400723,0,1,CHI,2,0,6,08:53,Off Arc 3 Miss,1,Garza REBOUND (Off:1 Def:0),,MIN,CHI,MIN,1610612750,2025,907.0,916.0,911.5,1629638|1629675|1630568|1641740|1642265,1630172|1630188|1630245|1630581|1641824,2024-25,194.0,0,6,0.3448275862068966
305308,08:14,"MISS Reid 28' 3PT Jump Shot
Dillingham REBOUND (Off:1 Def:0)
MISS Dillingham 3' Driving Finger Roll Layup
Gobert REBOUND (Off:3 Def:1)
Gobert 1' Putback Layup (2 PTS)
",2,1,1,0,2025-02-05,0022400723,0,2,CHI,2,0,4,08:37,Off FT Miss,0,MISS Reid 28' 3PT Jump Shot,,MIN,CHI,MIN,1610612750,2025,923.0,946.0,934.5,203497|1629638|1629675|1630183|1642265,202696|1628975|1630172|1630581|1641824,2024-25,216.0,0,6,0.36666666666666664
305306,07:08,"MISS Alexander-Walker 26' 3PT Pullup Jump Shot
Buzelis REBOUND (Off:0 Def:2)
",0,0,1,0,2025-02-05,0022400723,0,0,CHI,2,0,6,07:27,Off FT Miss,0,MISS Alexander-Walker 26' 3PT Pullup Jump Shot,,MIN,CHI,MIN,1610612750,2025,993.0,1012.0,1002.5,203497|1629638|1629675|1630183|1642265,202696|1628975|1630172|1630581|1641824,2024-25,223.0,0,6,0.136986301369863
305303,06:40,"MISS Conley 24' 3PT Jump Shot
Buzelis REBOUND (Off:0 Def:3)
",0,0,1,0,2025-02-05,0022400723,0,0,CHI,2,0,4,07:02,Off Timeout,0,MISS Conley 24' 3PT Jump Shot,,MIN,CHI,MIN,1610612750,2025,1018.0,1040.0,1029.0,201144|203497|1629638|1630162|1630183,202696|1628975|1630172|1630581|1641824,2024-25,231.0,0,4,0.2553191489361702
305302,06:19,"Alexander-Walker Bad Pass Turnover (P1.T3): Buzelis STEAL (1 STL)
",0,0,0,0,2025-02-05,0022400723,0,0,CHI,2,0,2,06:32,Off At Rim Make,1,Alexander-Walker Bad Pass Turnover (P1.T3): Buzelis STEAL (1 STL),,MIN,CHI,MIN,1610612750,2025,1048.0,1061.0,1054.5,201144|203497|1629638|1630162|1630183,202696|1628975|1630172|1630581|1641824,2024-25,234.0,0,2,0.23636363636363636
305301,06:03,"Edwards Bad Pass Turnover (P1.T4): Vucevic STEAL (1 STL)
",0,0,0,0,2025-02-05,0022400723,0,0,CHI,2,0,2,06:10,Off Arc 3 Miss,1,Edwards Bad Pass Turnover (P1.T4): Vucevic STEAL (1 STL),,MIN,CHI,MIN,1610612750,2025,1070.0,1077.0,1073.5,201144|203497|1629675|1630162|1630183,202696|1628975|1630172|1630581|1641824,2024-25,241.0,0,2,0.22988505747126436
305297,05:11,"MISS McDaniels 3' Driving Layup: Buzelis BLOCK (1 BLK)
TIMBERWOLVES Rebound
MISS Reid 11' Fadeaway Jumper
Carter REBOUND (Off:0 Def:1)
",2,0,0,0,2025-02-05,0022400723,0,1,CHI,2,0,-1,05:43,Off Corner 3 Make,0,MISS McDaniels 3' Driving Layup: Buzelis BLOCK (1 BLK),,MIN,CHI,MIN,1610612750,2025,1097.0,1129.0,1113.0,201144|203497|1629675|1630162|1630183,202696|1628975|1630172|1630581|1641824,2024-25,247.0,0,-1,0.30303030303030304
305296,04:50,"MISS Edwards 26' 3PT Pullup Jump Shot
Carter REBOUND (Off:0 Def:2)
",0,0,1,0,2025-02-05,0022400723,0,0,CHI,2,0,-1,05:01,Off Short Mid-Range Miss,0,Carter REBOUND (Off:0 Def:2),,MIN,CHI,MIN,1610612750,2025,1139.0,1150.0,1144.5,201144|203497|1629675|1630162|1630183,202696|1628975|1629632|1630172|1641824,2024-25,256.0,0,-1,0.273972602739726
305293,04:22,"MISS Conley 8' Driving Floating Jump Shot
Vucevic REBOUND (Off:0 Def:4)
",1,0,0,0,2025-02-05,0022400723,0,0,CHI,2,0,-3,04:37,Off FT Make,0,Vucevic REBOUND (Off:0 Def:4),,MIN,CHI,MIN,1610612750,2025,1163.0,1178.0,1170.5,201144|203497|1629675|1630162|1630183,202696|1629632|1630172|1630245|1630581,2024-25,267.0,0,-3,0.21052631578947367
305290,04:03,"Dosunmu S.FOUL (P1.T1) (E.Scott)
Edwards Free Throw 1 of 2 (15 PTS)
Edwards Free Throw 2 of 2 (16 PTS)
",0,0,0,0,2025-02-05,0022400723,0,0,CHI,2,1,-5,04:13,Off At Rim Make,0,Edwards Free Throw 2 of 2 (16 PTS),,MIN,CHI,MIN,1610612750,2025,1187.0,1197.0,1192.0,201144|203497|1629675|1630162|1630183,202696|1629632|1630172|1630245|1630581,2024-25,349.0,16,11,0.3434343434343434
305288,03:35,"MISS Reid 26' 3PT Jump Shot
Vucevic REBOUND (Off:0 Def:5)
",0,0,1,0,2025-02-05,0022400723,0,0,CHI,2,0,-3,03:53,Off Dead Ball,0,Vucevic REBOUND (Off:0 Def:5),,MIN,CHI,MIN,1610612750,2025,1207.0,1225.0,1216.0,201144|203497|1629675|1630162|1630183,202696|1629632|1630172|1630245|1630581,2024-25,277.0,0,-3,0.2608695652173913
305283,03:08,"MISS Edwards 25' 3PT Running Pull-Up Jump Shot
TIMBERWOLVES Rebound
Williams L.B.FOUL (P1.T2) (Z.Zarba)
MISS Reid 4' Driving Layup
Vucevic REBOUND (Off:0 Def:6)
",1,0,1,0,2025-02-05,0022400723,0,1,CHI,2,0,-3,03:29,Off Steal,0,MISS Edwards 25' 3PT Running Pull-Up Jump Shot,,MIN,CHI,MIN,1610612750,2025,1231.0,1252.0,1241.5,201144|203497|1629675|1630162|1630183,202696|1629632|1630245|1630581|1641824,2024-25,284.0,0,-3,0.27722772277227725
305279,02:29,"MISS Edwards 20' Jump Shot
TIMBERWOLVES Rebound
Giddey L.B.FOUL (P1.T3) (Z.Zarba)
Reid Out of Bounds - Bad Pass Turnover Turnover (P1.T5)
",1,0,0,0,2025-02-05,0022400723,0,1,CHI,2,0,-5,02:51,Off Timeout,1,TIMBERWOLVES Rebound,,MIN,CHI,MIN,1610612750,2025,1269.0,1291.0,1280.0,201144|203497|1629675|1630162|1630183,202696|1629632|1630245|1630581|1641824,2024-25,296.0,0,-5,0.23255813953488372
305277,01:51,"MISS Edwards 7' Turnaround Jump Shot
Gobert REBOUND (Off:4 Def:2)
Gobert Tip Layup Shot (4 PTS)
",2,1,0,0,2025-02-05,0022400723,0,1,CHI,2,0,-5,02:01,Off Arc 3 Miss,0,MISS Edwards 7' Turnaround Jump Shot,,MIN,CHI,MIN,1610612750,2025,1319.0,1329.0,1324.0,201144|203497|1629675|1630162|1630183,202696|1629632|1630245|1630581|1641824,2024-25,306.0,0,-3,0.3142857142857143
305275,01:04,"MISS McDaniels 2' Driving Layup
McDaniels REBOUND (Off:2 Def:1)
McDaniels Tip Layup Shot (7 PTS)
",2,1,0,0,2025-02-05,0022400723,0,1,CHI,2,0,-3,01:20,Off Long Mid-Range Miss,0,McDaniels Tip Layup Shot (7 PTS),,MIN,CHI,MIN,1610612750,2025,1360.0,1376.0,1368.0,201144|203497|1629675|1630162|1630183,202696|1629632|1630245|1630581|1641824,2024-25,313.0,0,-1,0.5517241379310345
305270,00:32,"White S.FOUL (P1.T4) (Z.Zarba)
Gobert Free Throw 1 of 2 (5 PTS)
Gobert Free Throw 2 of 2 (6 PTS)
",0,0,0,0,2025-02-05,0022400723,0,0,CHI,2,1,-3,00:52,Off FT Make,0,White S.FOUL (P1.T4) (Z.Zarba),,MIN,CHI,MIN,1610612750,2025,1388.0,1408.0,1398.0,201144|203497|1629675|1630162|1630183,202696|1629632|1630245|1630581|1641824,2024-25,320.0,0,-3,0.36666666666666664
305269,00:05,"Edwards 26' 3PT Pullup Jump Shot (19 PTS) (Conley 3 AST)
",0,0,1,1,2025-02-05,0022400723,0,0,CHI,2,0,-1,00:22,Off At Rim Block,0,Edwards 26' 3PT Pullup Jump Shot (19 PTS) (Conley 3 AST),,MIN,CHI,MIN,1610612750,2025,1418.0,1435.0,1426.5,201144|203497|1629675|1630162|1630183,202696|1629632|1630245|1630581|1641824,2024-25,325.0,0,2,0.3111111111111111
305376,11:20,"MISS Gobert 1' Driving Layup: Buzelis BLOCK (2 BLK)
Vucevic REBOUND (Off:0 Def:7)
",1,0,0,0,2025-02-05,0022400723,0,0,CHI,3,0,2,11:42,Off Corner 3 Miss,0,MISS Gobert 1' Driving Layup: Buzelis BLOCK (2 BLK),,MIN,CHI,MIN,1610612750,2025,1458.0,1480.0,1469.0,201144|203497|1629675|1630162|1630183,202696|1629632|1630245|1630581|1641824,2024-25,333.0,0,2,0.23255813953488372
305375,10:53,"Edwards 25' 3PT Step Back Jump Shot (22 PTS)
",0,0,1,1,2025-02-05,0022400723,0,0,CHI,3,0,2,11:00,Off Long Mid-Range Miss,0,Edwards 25' 3PT Step Back Jump Shot (22 PTS),,MIN,CHI,MIN,1610612750,2025,1500.0,1507.0,1503.5,201144|203497|1629675|1630162|1630183,202696|1629632|1630245|1630581|1641824,2024-25,337.0,0,5,0.15151515151515152
305374,10:30,"Reid 2' Cutting Dunk Shot (13 PTS) (Conley 4 AST)
",1,1,0,0,2025-02-05,0022400723,0,0,CHI,3,0,5,10:42,Off Dead Ball,0,Reid 2' Cutting Dunk Shot (13 PTS) (Conley 4 AST),,MIN,CHI,MIN,1610612750,2025,1518.0,1530.0,1524.0,201144|203497|1629675|1630162|1630183,202696|1629632|1630245|1630581|1641824,2024-25,341.0,0,7,0.16666666666666666
305373,09:55,"Edwards Bad Pass Turnover (P2.T6): Dosunmu STEAL (1 STL)
",0,0,0,0,2025-02-05,0022400723,0,0,CHI,3,0,5,10:11,Off Short Mid-Range Make,1,Edwards Bad Pass Turnover (P2.T6): Dosunmu STEAL (1 STL),,MIN,CHI,MIN,1610612750,2025,1549.0,1565.0,1557.0,201144|203497|1629675|1630162|1630183,202696|1629632|1630245|1630581|1641824,2024-25,347.0,0,5,0.27586206896551724
305368,09:20,"Edwards T.FOUL (P2.T0) (E.Scott)
White Free Throw Technical (14 PTS)
MISS Conley 27' 3PT Pullup Jump Shot
Gobert REBOUND (Off:5 Def:2)
Edwards 1' Driving Reverse Layup (24 PTS) (Gobert 1 AST)
",1,1,1,0,2025-02-05,0022400723,0,1,CHI,3,0,5,09:50,Off At Rim Miss,0,MISS Conley 27' 3PT Pullup Jump Shot,,MIN,CHI,MIN,1610612750,2025,1570.0,1600.0,1585.0,201144|203497|1629675|1630162|1630183,202696|1629632|1630245|1630581|1641824,2024-25,380.0,0,7,0.3669724770642202
305367,08:55,"White P.FOUL (P3.T1) (Z.Zarba)
MISS Reid 5' Driving Layup
Vucevic REBOUND (Off:0 Def:8)
",1,0,0,0,2025-02-05,0022400723,0,0,CHI,3,0,3,09:14,Off Arc 3 Make,0,White P.FOUL (P3.T1) (Z.Zarba),,MIN,CHI,MIN,1610612750,2025,1606.0,1625.0,1615.5,201144|203497|1629675|1630162|1630183,202696|1629632|1630245|1630581|1641824,2024-25,485.0,0,3,0.22950819672131148
305362,08:36,"MISS Conley 3' Driving Layup: Buzelis BLOCK (3 BLK)
Conley REBOUND (Off:1 Def:3)
McDaniels 3PT Jump Shot (10 PTS) (Conley 5 AST)
",1,0,1,1,2025-02-05,0022400723,0,1,CHI,3,0,3,08:44,Off Corner 3 Miss,0,Conley REBOUND (Off:1 Def:3),,MIN,CHI,MIN,1610612750,2025,1636.0,1644.0,1640.0,201144|203497|1629675|1630162|1630183,202696|1629632|1630245|1630581|1641824,2024-25,366.0,0,6,0.375
305360,07:57,"MISS Conley 26' 3PT Pullup Jump Shot
Vucevic REBOUND (Off:0 Def:9)
",0,0,1,0,2025-02-05,0022400723,0,0,CHI,3,0,4,08:20,Off Short Mid-Range Make,0,MISS Conley 26' 3PT Pullup Jump Shot,,MIN,CHI,MIN,1610612750,2025,1660.0,1683.0,1671.5,201144|203497|1629675|1630162|1630183,202696|1629632|1630245|1630581|1641824,2024-25,369.0,0,4,0.17391304347826086
305359,07:28,"McDaniels 14' Pullup Jump Shot (12 PTS) (Conley 6 AST)
",1,1,0,0,2025-02-05,0022400723,0,0,CHI,3,0,1,07:45,Off Arc 3 Make,0,McDaniels 14' Pullup Jump Shot (12 PTS) (Conley 6 AST),,MIN,CHI,MIN,1610612750,2025,1695.0,1712.0,1703.5,201144|203497|1629675|1630162|1630183,202696|1629632|1630245|1630581|1641824,2024-25,373.0,0,3,0.44
305357,06:56,"Dosunmu P.FOUL (P2.T2) (E.Scott)
McDaniels Lost Ball Turnover (P1.T7): Dosunmu STEAL (2 STL)
",0,0,0,0,2025-02-05,0022400723,0,0,CHI,3,0,3,07:14,Off Steal,1,McDaniels Lost Ball Turnover (P1.T7): Dosunmu STEAL (2 STL),,MIN,CHI,MIN,1610612750,2025,1726.0,1744.0,1735.0,203497|1629675|1630162|1630183|1642265,202696|1629632|1630172|1630245|1630581,2024-25,383.0,0,3,0.28
305354,06:29,"MISS Dillingham 13' Driving Floating Jump Shot
Dillingham REBOUND (Off:2 Def:0)
Edwards 25' 3PT Pullup Jump Shot (27 PTS)
",1,0,1,1,2025-02-05,0022400723,0,1,CHI,3,0,1,06:52,Off At Rim Make,0,Dillingham REBOUND (Off:2 Def:0),,MIN,CHI,MIN,1610612750,2025,1748.0,1771.0,1759.5,203497|1629675|1630162|1630183|1642265,202696|1629632|1630172|1630245|1630581,2024-25,437.0,0,4,0.20408163265306123
305352,05:56,"MISS Edwards 26' 3PT Pullup Jump Shot
Williams REBOUND (Off:0 Def:2)
",0,0,1,0,2025-02-05,0022400723,0,0,CHI,3,0,1,06:14,Off Corner 3 Make,0,MISS Edwards 26' 3PT Pullup Jump Shot,,MIN,CHI,MIN,1610612750,2025,1786.0,1804.0,1795.0,203497|1629675|1630162|1630183|1642265,202696|1629632|1630172|1630245|1630581,2024-25,392.0,0,1,0.43243243243243246
305350,05:30,"MISS Dillingham 2' Driving Layup
Vucevic REBOUND (Off:0 Def:10)
",1,0,0,0,2025-02-05,0022400723,0,0,CHI,3,0,1,05:44,Off Arc 3 Miss,0,Vucevic REBOUND (Off:0 Def:10),,MIN,CHI,MIN,1610612750,2025,1816.0,1830.0,1823.0,203497|1629675|1630162|1630183|1642265,202696|1629632|1630172|1630245|1630581,2024-25,395.0,0,1,0.14634146341463414
305349,04:58,"Edwards 2' Driving Reverse Layup (29 PTS)
",1,1,0,0,2025-02-05,0022400723,0,0,CHI,3,0,0,05:10,Off Arc 3 Miss,0,Edwards 2' Driving Reverse Layup (29 PTS),,MIN,CHI,MIN,1610612750,2025,1850.0,1862.0,1856.0,203497|1629638|1630162|1630183|1642265,202696|1628975|1629632|1630172|1630245,2024-25,411.0,0,2,0.3561643835616438
305348,04:26,"Carter P.FOUL (P1.T3) (Z.Zarba)
MISS Alexander-Walker 3PT Jump Shot
Phillips REBOUND (Off:1 Def:1)
",0,0,1,0,2025-02-05,0022400723,0,0,CHI,3,0,0,04:50,Off At Rim Make,0,Carter P.FOUL (P1.T3) (Z.Zarba),,MIN,CHI,MIN,1610612750,2025,1870.0,1894.0,1882.0,203497|1629638|1630162|1630183|1642265,202696|1628975|1629632|1630172|1630245,2024-25,439.0,0,0,0.3541666666666667
305345,03:51,"Edwards 26' 3PT Jump Shot (32 PTS) (Alexander-Walker 3 AST)
",0,0,1,1,2025-02-05,0022400723,0,0,CHI,3,0,-3,04:08,Off Timeout,0,Edwards 26' 3PT Jump Shot (32 PTS) (Alexander-Walker 3 AST),,MIN,CHI,MIN,1610612750,2025,1912.0,1929.0,1920.5,203497|1629638|1630162|1641740|1642265,202696|1628975|1630172|1630581|1641763,2024-25,431.0,0,0,0.23529411764705882
305338,03:27,"MISS Edwards 25' 3PT Running Pull-Up Jump Shot
Gobert REBOUND (Off:6 Def:3)
MISS Gobert 7' Turnaround Hook Shot
Edwards REBOUND (Off:1 Def:4)
Edwards 2' Putback Layup (34 PTS)
Vucevic S.FOUL (P2.T4) (E.Scott)
Edwards Free Throw 1 of 1 (35 PTS)
",2,1,1,0,2025-02-05,0022400723,0,2,CHI,3,1,0,03:33,Off At Rim Block,0,Edwards Free Throw 1 of 1 (35 PTS),,MIN,CHI,MIN,1610612750,2025,1947.0,1953.0,1950.0,203497|1629638|1630162|1641740|1642265,202696|1628975|1630172|1630581|1641763,2024-25,443.0,35,37,0.3404255319148936
305337,02:47,"Edwards 4' Driving Bank Hook Shot (37 PTS) (Reid 3 AST)
",1,1,0,0,2025-02-05,0022400723,0,0,CHI,3,0,1,03:12,Off Timeout,0,Edwards 4' Driving Bank Hook Shot (37 PTS) (Reid 3 AST),,MIN,CHI,MIN,1610612750,2025,1968.0,1993.0,1980.5,1629638|1629675|1630162|1641740|1642265,1628975|1630172|1630188|1630581|1641763,2024-25,452.0,0,3,0.42735042735042733
305333,02:16,"MISS Edwards 27' 3PT Jump Shot
Edwards REBOUND (Off:2 Def:4)
MISS Dillingham 26' 3PT Jump Shot
Giddey REBOUND (Off:2 Def:2)
",0,0,2,0,2025-02-05,0022400723,0,1,CHI,3,0,3,02:36,Off Steal,0,Giddey REBOUND (Off:2 Def:2),,MIN,CHI,MIN,1610612750,2025,2004.0,2024.0,2014.0,1629638|1629675|1630162|1641740|1642265,1628975|1630172|1630188|1630581|1641763,2024-25,457.0,0,3,0.41379310344827586
305331,01:53,"MISS Edwards 25' 3PT Running Pull-Up Jump Shot
Smith REBOUND (Off:0 Def:3)
",0,0,1,0,2025-02-05,0022400723,0,0,CHI,3,0,3,02:00,Off Block,0,MISS Edwards 25' 3PT Running Pull-Up Jump Shot,,MIN,CHI,MIN,1610612750,2025,2040.0,2047.0,2043.5,1629638|1629675|1630162|1641740|1642265,1628975|1630172|1630188|1630581|1641763,2024-25,465.0,0,3,0.19753086419753085
305330,01:29,"Clark 3PT Jump Shot (3 PTS) (Reid 4 AST)
",0,0,1,1,2025-02-05,0022400723,0,0,CHI,3,0,1,01:45,Off Long Mid-Range Make,0,Clark 3PT Jump Shot (3 PTS) (Reid 4 AST),,MIN,CHI,MIN,1610612750,2025,2055.0,2071.0,2063.0,1629638|1629675|1630162|1641740|1642265,1628975|1630172|1630188|1630581|1641763,2024-25,469.0,0,4,0.1568627450980392
305329,01:03,"Reid 2' Layup (15 PTS) (Dillingham 2 AST)
",1,1,0,0,2025-02-05,0022400723,0,0,CHI,3,0,4,01:18,Off At Rim Miss,0,Reid 2' Layup (15 PTS) (Dillingham 2 AST),,MIN,CHI,MIN,1610612750,2025,2082.0,2097.0,2089.5,1629638|1629675|1630162|1641740|1642265,1628975|1630172|1630188|1630581|1641763,2024-25,473.0,0,6,0.2857142857142857
305326,00:32,"Giddey S.FOUL (P2.PN) (E.Scott)
Edwards Free Throw 1 of 2 (38 PTS)
Edwards Free Throw 2 of 2 (39 PTS)
",0,0,0,0,2025-02-05,0022400723,0,0,CHI,3,1,4,00:52,Off Short Mid-Range Make,0,Edwards Free Throw 1 of 2 (38 PTS),,MIN,CHI,MIN,1610612750,2025,2108.0,2128.0,2118.0,1629638|1629675|1630162|1641740|1642265,1628975|1630172|1630188|1630581|1641763,2024-25,499.0,38,42,0.275
305435,11:05,"MISS Reid 9' Turnaround Jump Shot: Williams BLOCK (1 BLK)
Smith REBOUND (Off:0 Def:4)
",1,0,0,0,2025-02-05,0022400723,0,0,CHI,4,0,6,11:13,Off Block,0,Smith REBOUND (Off:0 Def:4),,MIN,CHI,MIN,1610612750,2025,2207.0,2215.0,2211.0,201144|1629638|1629675|1630183|1641740,1629632|1630172|1630188|1630245|1641763,2024-25,503.0,0,6,0.32142857142857145
305433,10:25,"MISS Reid 26' 3PT Jump Shot
Williams REBOUND (Off:0 Def:3)
",0,0,1,0,2025-02-05,0022400723,0,0,CHI,4,0,4,10:42,Off At Rim Make,0,Williams REBOUND (Off:0 Def:3),,MIN,CHI,MIN,1610612750,2025,2238.0,2255.0,2246.5,201144|1629638|1629675|1630183|1641740,1629632|1630172|1630188|1630245|1641763,2024-25,510.0,0,4,0.6885245901639344
305431,10:03,"Alexander-Walker 25' 3PT Jump Shot (9 PTS) (Conley 8 AST)
",0,0,1,1,2025-02-05,0022400723,0,0,CHI,4,0,4,10:18,Off FT Miss,0,Alexander-Walker 25' 3PT Jump Shot (9 PTS) (Conley 8 AST),,MIN,CHI,MIN,1610612750,2025,2262.0,2277.0,2269.5,201144|1629638|1629675|1630183|1641740,1629632|1630172|1630188|1630245|1641763,2024-25,519.0,0,7,0.3333333333333333
305430,09:42,"Clark Bad Pass Turnover (P1.T9): Williams STEAL (2 STL)
",0,0,0,0,2025-02-05,0022400723,0,0,CHI,4,0,7,09:46,Off At Rim Miss,1,Clark Bad Pass Turnover (P1.T9): Williams STEAL (2 STL),,MIN,CHI,MIN,1610612750,2025,2294.0,2298.0,2296.0,201144|1629638|1629675|1630183|1641740,1629632|1630172|1630188|1630245|1641763,2024-25,523.0,0,7,0.21686746987951808
305429,09:19,"Phillips S.FOUL (P1.T2) (E.Scott)
Reid Free Throw 1 of 2 (18 PTS)
Reid Free Throw 2 of 2 (19 PTS)
",0,0,0,0,2025-02-05,0022400723,0,0,CHI,4,1,7,09:31,Off Arc 3 Miss,0,Phillips S.FOUL (P1.T2) (E.Scott),,MIN,CHI,MIN,1610612750,2025,2309.0,2321.0,2315.0,201144|1629638|1629675|1630183|1641740,1629632|1630172|1630188|1630245|1641763,2024-25,526.0,0,7,0.26865671641791045
305426,08:37,"MISS Alexander-Walker 25' 3PT Jump Shot
Smith REBOUND (Off:0 Def:5)
",0,0,1,0,2025-02-05,0022400723,0,0,CHI,4,0,9,08:54,Off Arc 3 Miss,0,Smith REBOUND (Off:0 Def:5),,MIN,CHI,MIN,1610612750,2025,2346.0,2363.0,2354.5,201144|1629638|1629675|1630183|1641740,1628975|1629632|1630188|1630245|1641824,2024-25,536.0,0,9,0.7241379310344828
305424,08:07,"Clark 1' Driving Layup (5 PTS) (Reid 5 AST)
",1,1,0,0,2025-02-05,0022400723,0,0,CHI,4,0,6,08:31,Off FT Make,0,Clark 1' Driving Layup (5 PTS) (Reid 5 AST),,MIN,CHI,MIN,1610612750,2025,2369.0,2393.0,2381.0,201144|1629638|1629675|1630183|1641740,1628975|1629632|1630188|1630245|1641824,2024-25,544.0,0,8,0.2857142857142857
305423,07:18,"MISS McDaniels 3PT Jump Shot
Conley REBOUND (Off:2 Def:3)
Reid 26' 3PT Jump Shot (22 PTS) (Conley 9 AST)
",0,0,2,1,2025-02-05,0022400723,0,1,CHI,4,0,6,07:44,Off At Rim Make,0,Reid 26' 3PT Jump Shot (22 PTS) (Conley 9 AST),,MIN,CHI,MIN,1610612750,2025,2416.0,2442.0,2429.0,201144|1629638|1629675|1630183|1641740,1628975|1629632|1630188|1630245|1641824,2024-25,550.0,0,9,0.19444444444444445
305420,06:49,"Buzelis S.FOUL (P2.T3) (E.Scott)
Conley Free Throw 1 of 2 (7 PTS)
Conley Free Throw 2 of 2 (8 PTS)
",0,0,0,0,2025-02-05,0022400723,0,0,CHI,4,1,7,07:02,Off At Rim Make,0,Conley Free Throw 1 of 2 (7 PTS),,MIN,CHI,MIN,1610612750,2025,2458.0,2471.0,2464.5,201144|1629638|1629675|1630183|1641740,1628975|1629632|1630188|1630245|1641824,2024-25,569.0,7,14,0.20689655172413793
305417,06:29,"Edwards 1' Driving Layup (41 PTS)
Buzelis S.FOUL (P3.T4) (J.Goble)
Edwards Free Throw 1 of 1 (42 PTS)
",1,1,0,0,2025-02-05,0022400723,0,0,CHI,4,1,9,06:34,Off At Rim Miss,0,Edwards 1' Driving Layup (41 PTS),,MIN,CHI,MIN,1610612750,2025,2486.0,2491.0,2488.5,201144|203497|1629638|1630162|1630183,202696|1628975|1630172|1630581|1641824,2024-25,570.0,0,11,0.16
305414,06:00,"Vucevic P.FOUL (P3.PN) (E.Scott)
Edwards Free Throw 1 of 2 (43 PTS)
Edwards Free Throw 2 of 2 (44 PTS)
",0,0,0,0,2025-02-05,0022400723,1,0,CHI,4,0,12,06:08,Off Corner 3 Miss,0,Vucevic P.FOUL (P3.PN) (E.Scott),,MIN,CHI,MIN,1610612750,2025,2512.0,2520.0,2516.0,203497|1629638|1630162|1630183|1641740,202696|1628975|1630172|1630581|1641824,2024-25,577.0,0,12,0.1111111111111111
305409,05:22,"MISS McDaniels 15' Pullup Jump Shot
McDaniels REBOUND (Off:3 Def:4)
MISS Alexander-Walker 25' 3PT Jump Shot
Gobert REBOUND (Off:7 Def:5)
Gobert 1' Putback Dunk (8 PTS)
",2,1,1,0,2025-02-05,0022400723,0,2,CHI,4,0,14,05:43,Off Steal,0,McDaniels REBOUND (Off:3 Def:4),,MIN,CHI,MIN,1610612750,2025,2537.0,2558.0,2547.5,203497|1629638|1630162|1630183|1641740,202696|1629632|1630172|1630245|1630581,2024-25,572.0,0,16,0.3157894736842105
305404,04:36,"Dosunmu P.FOUL (P3.PN) (E.Scott)
Edwards Free Throw 1 of 2 (45 PTS)
Edwards Free Throw 2 of 2 (46 PTS)
",0,0,0,0,2025-02-05,0022400723,1,0,CHI,4,0,13,04:53,Off Arc 3 Make,0,Edwards Free Throw 2 of 2 (46 PTS),,MIN,CHI,MIN,1610612750,2025,2587.0,2604.0,2595.5,203497|1629638|1630162|1630183|1641740,202696|1629632|1630245|1630581|1641824,2024-25,618.0,0,13,0.9577464788732394
305401,03:51,"MISS Edwards 1' Driving Reverse Layup
Gobert REBOUND (Off:8 Def:5)
Gobert 1' Putback Dunk (10 PTS)
",2,1,0,0,2025-02-05,0022400723,0,1,CHI,4,0,15,04:10,Off Corner 3 Miss,0,Gobert 1' Putback Dunk (10 PTS),,MIN,CHI,MIN,1610612750,2025,2630.0,2649.0,2639.5,203497|1629638|1630162|1630183|1641740,202696|1629632|1630245|1630581|1641824,2024-25,623.0,0,17,0.9032258064516129
305398,03:24,"Vucevic P.FOUL (P4.PN) (J.Goble)
Edwards Free Throw 1 of 2 (47 PTS)
Edwards Free Throw 2 of 2 (48 PTS)
",0,0,0,0,2025-02-05,0022400723,1,0,CHI,4,0,15,03:43,Off Long Mid-Range Make,0,Vucevic P.FOUL (P4.PN) (J.Goble),,MIN,CHI,MIN,1610612750,2025,2657.0,2676.0,2666.5,203497|1629638|1630162|1630183|1641740,202696|1629632|1630245|1630581|1641824,2024-25,597.0,0,15,0.2222222222222222
305397,03:06,"MISS Edwards 2' Driving Floating Bank Jump Shot
Buzelis REBOUND (Off:0 Def:4)
",1,0,0,0,2025-02-05,0022400723,0,0,CHI,4,0,17,03:12,Off At Rim Block,0,Buzelis REBOUND (Off:0 Def:4),,MIN,CHI,MIN,1610612750,2025,2688.0,2694.0,2691.0,203497|1629638|1630162|1630183|1641740,202696|1629632|1630245|1630581|1641824,2024-25,636.0,0,17,0.2077922077922078
305394,02:21,"MISS Edwards 3' Driving Layup
Gobert REBOUND (Off:9 Def:6)
Vucevic S.FOUL (P5.PN) (E.Scott)
MISS Gobert Free Throw 1 of 2
TIMBERWOLVES Rebound
MISS Gobert Free Throw 2 of 2
Edwards REBOUND (Off:3 Def:6)
Giddey P.FOUL (P3.PN) (Z.Zarba)
MISS Edwards Free Throw 1 of 2
TIMBERWOLVES Rebound
Edwards Free Throw 2 of 2 (49 PTS)
",1,0,0,0,2025-02-05,0022400723,1,2,CHI,4,1,15,02:48,Off Short Mid-Range Make,0,MISS Edwards 3' Driving Layup,,MIN,CHI,MIN,1610612750,2025,2712.0,2739.0,2725.5,203497|1629638|1630162|1630183|1641740,202696|1629632|1630245|1630581|1641824,2024-25,639.0,0,15,0.896551724137931
305384,01:50,"MISS Edwards 2' Driving Layup
Clark REBOUND (Off:1 Def:0)
Alexander-Walker 3PT Jump Shot (12 PTS) (Reid 6 AST)
",1,0,1,1,2025-02-05,0022400723,0,1,CHI,4,0,16,02:08,Off Arc 3 Miss,0,Alexander-Walker 3PT Jump Shot (12 PTS) (Reid 6 AST),,MIN,CHI,MIN,1610612750,2025,2752.0,2770.0,2761.0,1629638|1629675|1630162|1630183|1641740,1628975|1630172|1630245|1641763|1641824,2024-25,664.0,0,19,0.8514851485148515
305382,01:23,"Edwards Traveling Turnover (P4.T10)
",0,0,0,0,2025-02-05,0022400723,0,0,CHI,4,0,19,01:36,Off Arc 3 Miss,1,Edwards Traveling Turnover (P4.T10),,MIN,CHI,MIN,1610612750,2025,2784.0,2797.0,2790.5,1629638|1629675|1630162|1630183|1641740,1628975|1630172|1630245|1641763|1641824,2024-25,668.0,0,19,0.8732394366197183
305381,01:01,"Edwards Lost Ball Turnover (P5.T11): Buzelis STEAL (2 STL)
",0,0,0,0,2025-02-05,0022400723,0,0,CHI,4,0,17,01:15,Off FT Make,1,Edwards Lost Ball Turnover (P5.T11): Buzelis STEAL (2 STL),,MIN,CHI,MIN,1610612750,2025,2805.0,2819.0,2812.0,1629638|1629675|1630162|1630183|1641740,1628975|1630172|1630245|1641763|1641824,2024-25,675.0,0,17,0.6595744680851063
305379,00:42,"MISS Shannon Jr. 6' Driving Layup: Phillips BLOCK (1 BLK)
Phillips REBOUND (Off:2 Def:2)
",1,0,0,0,2025-02-05,0022400723,0,0,CHI,4,0,17,00:57,Off FT Miss,0,Phillips REBOUND (Off:2 Def:2),,MIN,CHI,MIN,1610612750,2025,2823.0,2838.0,2830.5,1630545|1630568|1631159|1631169|1642265,1628975|1630172|1630245|1641763|1641824,2024-25,692.0,0,17,0.6885245901639344
305378,00:24,"Miller 1' Layup (2 PTS) (Dillingham 3 AST)
",1,1,0,0,2025-02-05,0022400723,0,0,CHI,4,0,17,00:31,Off Arc 3 Miss,0,Miller 1' Layup (2 PTS) (Dillingham 3 AST),,MIN,CHI,MIN,1610612750,2025,2849.0,2856.0,2852.5,1630545|1630568|1631159|1631169|1642265,1628975|1630172|1630245|1641763|1641824,2024-25,698.0,0,19,0.3333333333333333
260485,11:42,"MISS Gordon 3' Alley Oop Layup
Williamson REBOUND (Off:0 Def:1)
",1,0,0,0,2025-02-05,0022400726,0,0,NOP,1,0,0,12:00,Off Dead Ball,0,Williamson REBOUND (Off:0 Def:1),,DEN,NOP,DEN,1610612743,2025,0.0,18.0,9.0,203932|203999|1627750|1629008|1631128,203468|1629627|1630530|1631255|1642274,2024-25,8.0,0,0,0.7619047619047619
260483,11:16,"MISS Braun 26' 3PT Jump Shot
Missi REBOUND (Off:0 Def:1)
",0,0,1,0,2025-02-05,0022400726,0,0,NOP,1,0,0,11:30,Off Arc 3 Miss,0,Missi REBOUND (Off:0 Def:1),,DEN,NOP,DEN,1610612743,2025,30.0,44.0,37.0,203932|203999|1627750|1629008|1631128,203468|1629627|1630530|1631255|1642274,2024-25,12.0,0,0,0.7719298245614035
260481,10:47,"Murray 6' Driving Finger Roll Layup (2 PTS)
",1,1,0,0,2025-02-05,0022400726,0,0,NOP,1,0,-2,11:08,Off Short Mid-Range Make,0,Murray 6' Driving Finger Roll Layup (2 PTS),,DEN,NOP,DEN,1610612743,2025,52.0,73.0,62.5,203932|203999|1627750|1629008|1631128,203468|1629627|1630530|1631255|1642274,2024-25,16.0,0,0,0.34408602150537637
260480,10:02,"Porter Jr. 27' 3PT Jump Shot (3 PTS) (Jokic 1 AST)
",0,0,1,1,2025-02-05,0022400726,0,0,NOP,1,0,-2,10:25,Off Short Mid-Range Make,0,Porter Jr. 27' 3PT Jump Shot (3 PTS) (Jokic 1 AST),,DEN,NOP,DEN,1610612743,2025,95.0,118.0,106.5,203932|203999|1627750|1629008|1631128,203468|1629627|1630530|1631255|1642274,2024-25,19.0,0,1,0.2
260479,09:25,"MISS Gordon 6' Driving Layup
Porter Jr. REBOUND (Off:1 Def:0)
Porter Jr. 4' Tip Dunk Shot (5 PTS)
",2,1,0,0,2025-02-05,0022400726,0,1,NOP,1,0,-1,09:44,Off At Rim Make,0,Porter Jr. 4' Tip Dunk Shot (5 PTS),,DEN,NOP,DEN,1610612743,2025,136.0,155.0,145.5,203932|203999|1627750|1629008|1631128,203468|1629627|1630530|1631255|1642274,2024-25,26.0,0,1,0.25
260473,08:54,"MISS Porter Jr. 26' 3PT Jump Shot
Jokic REBOUND (Off:1 Def:0)
MISS Gordon 3PT Jump Shot
Matkovic REBOUND (Off:0 Def:1)
",0,0,2,0,2025-02-05,0022400726,0,1,NOP,1,0,1,09:12,Off Short Mid-Range Miss,0,MISS Gordon 3PT Jump Shot,,DEN,NOP,DEN,1610612743,2025,168.0,186.0,177.0,203932|203999|1627750|1629008|1631128,203468|1629627|1630530|1631255|1642274,2024-25,31.0,0,1,0.32098765432098764
260472,08:24,"Porter Jr. 26' 3PT Jump Shot (8 PTS) (Murray 1 AST)
",0,0,1,1,2025-02-05,0022400726,0,0,NOP,1,0,-1,08:38,Off Short Mid-Range Make,0,Porter Jr. 26' 3PT Jump Shot (8 PTS) (Murray 1 AST),,DEN,NOP,DEN,1610612743,2025,202.0,216.0,209.0,203932|203999|1627750|1629008|1631128,203468|1629627|1630530|1631255|1642274,2024-25,37.0,0,2,0.19753086419753085
260471,07:52,"MISS Jokic 26' 3PT Jump Shot
Williamson REBOUND (Off:0 Def:2)
",0,0,1,0,2025-02-05,0022400726,0,0,NOP,1,0,0,08:08,Off At Rim Make,0,Williamson REBOUND (Off:0 Def:2),,DEN,NOP,DEN,1610612743,2025,232.0,248.0,240.0,203932|203999|1627750|1629008|1631128,203468|1629627|1630530|1631255|1642274,2024-25,41.0,0,0,0.18181818181818182
260469,07:39,"Murphy III S.FOUL (P1.T1) (J.Goldenberg)
Braun Free Throw 1 of 2 (1 PTS)
Braun Free Throw 2 of 2 (2 PTS)
",0,0,0,0,2025-02-05,0022400726,0,0,NOP,1,1,0,07:43,Off Short Mid-Range Miss,0,Braun Free Throw 1 of 2 (1 PTS),,DEN,NOP,DEN,1610612743,2025,257.0,261.0,259.0,203932|203999|1627750|1629008|1631128,203468|1629627|1630530|1631255|1642274,2024-25,47.0,1,1,0.26229508196721313
260466,07:14,"MISS Jokic 7' Cutting Finger Roll Layup Shot: Matkovic BLOCK (1 BLK)
Matkovic REBOUND (Off:0 Def:2)
",1,0,0,0,2025-02-05,0022400726,0,0,NOP,1,0,2,07:28,Off Corner 3 Miss,0,MISS Jokic 7' Cutting Finger Roll Layup Shot: Matkovic BLOCK (1 BLK),,DEN,NOP,DEN,1610612743,2025,272.0,286.0,279.0,203932|203999|1627750|1629008|1631128,203468|1630530|1631255|1641722|1642274,2024-25,53.0,0,2,0.3177570093457944
260464,06:47,"MISS Braun 24' 3PT Jump Shot
Porter Jr. REBOUND (Off:2 Def:0)
Matkovic S.FOUL (P1.T2) (J.Goldenberg)
Porter Jr. Free Throw 1 of 2 (9 PTS)
Porter Jr. Free Throw 2 of 2 (10 PTS)
",0,0,1,0,2025-02-05,0022400726,0,1,NOP,1,1,0,07:10,Off Short Mid-Range Make,0,Porter Jr. Free Throw 1 of 2 (9 PTS),,DEN,NOP,DEN,1610612743,2025,290.0,313.0,301.5,203932|203999|1627750|1629008|1631128,203468|1630530|1631255|1641722|1642274,2024-25,43.0,9,9,0.29850746268656714
260459,06:02,"MISS Gordon 26' 3PT Jump Shot
Murphy III REBOUND (Off:0 Def:1)
",0,0,1,0,2025-02-05,0022400726,0,0,NOP,1,0,0,06:27,Off Short Mid-Range Make,0,Murphy III REBOUND (Off:0 Def:1),,DEN,NOP,DEN,1610612743,2025,333.0,358.0,345.5,203932|203999|1627750|1629008|1631128,203468|1629750|1630530|1641722|1642274,2024-25,69.0,0,0,0.30985915492957744
260457,05:44,"Jokic 6' Turnaround Hook Shot (2 PTS) (Porter Jr. 1 AST)
",1,1,0,0,2025-02-05,0022400726,0,0,NOP,1,0,0,05:53,Off Short Mid-Range Miss,0,Jokic 6' Turnaround Hook Shot (2 PTS) (Porter Jr. 1 AST),,DEN,NOP,DEN,1610612743,2025,367.0,376.0,371.5,203932|203999|1627750|1629008|1631128,203468|1629750|1630530|1641722|1642274,2024-25,73.0,0,2,0.3488372093023256
260456,05:17,"Braun 3' Cutting Layup Shot (4 PTS) (Porter Jr. 2 AST)
",1,1,0,0,2025-02-05,0022400726,0,0,NOP,1,0,0,05:34,Off Short Mid-Range Make,0,Braun 3' Cutting Layup Shot (4 PTS) (Porter Jr. 2 AST),,DEN,NOP,DEN,1610612743,2025,386.0,403.0,394.5,203932|203999|1627750|1629008|1631128,203468|1629750|1630530|1641722|1642274,2024-25,77.0,0,2,0.47619047619047616
260455,04:45,"Porter Jr. 30' 3PT Pullup Jump Shot (13 PTS)
",0,0,1,1,2025-02-05,0022400726,0,0,NOP,1,0,0,04:53,Off At Rim Make,0,Porter Jr. 30' 3PT Pullup Jump Shot (13 PTS),,DEN,NOP,DEN,1610612743,2025,427.0,435.0,431.0,203932|203999|1627750|1629008|1631128,203468|1629750|1630530|1641722|1642274,2024-25,84.0,0,3,0.25
260454,04:21,"Porter Jr. Bad Pass Turnover (P1.T1): Hawkins STEAL (1 STL)
",0,0,0,0,2025-02-05,0022400726,0,0,NOP,1,0,3,04:23,Off Block,1,Porter Jr. Bad Pass Turnover (P1.T1): Hawkins STEAL (1 STL),,DEN,NOP,DEN,1610612743,2025,457.0,459.0,458.0,203999|1627750|1629008|1630192|1631124,203468|1629750|1630530|1641722|1642274,2024-25,93.0,0,3,0.7010309278350515
260453,03:48,"MISS Jokic 4' Cutting Finger Roll Layup Shot
Jokic REBOUND (Off:2 Def:2)
Jokic 3' Tip Layup Shot (4 PTS)
",2,1,0,0,2025-02-05,0022400726,0,1,NOP,1,0,0,04:14,Off Arc 3 Make,0,MISS Jokic 4' Cutting Finger Roll Layup Shot,,DEN,NOP,DEN,1610612743,2025,466.0,492.0,479.0,203999|1627750|1629008|1630192|1631124,203468|1629750|1630530|1641722|1642274,2024-25,99.0,0,2,0.3076923076923077
260450,03:15,"MISS Nnaji 3PT Jump Shot
Matkovic REBOUND (Off:0 Def:3)
",0,0,1,0,2025-02-05,0022400726,0,0,NOP,1,0,0,03:30,Off FT Make,0,Matkovic REBOUND (Off:0 Def:3),,DEN,NOP,DEN,1610612743,2025,510.0,525.0,517.5,203999|1627750|1629008|1630192|1631124,203468|1629750|1631255|1641722|1641810,2024-25,109.0,0,0,0.16
260447,02:48,"MISS Jokic 23' Running Jump Shot
Hawkins REBOUND (Off:0 Def:1)
",1,0,0,0,2025-02-05,0022400726,0,0,NOP,1,0,0,02:56,Off Arc 3 Miss,0,Hawkins REBOUND (Off:0 Def:1),,DEN,NOP,DEN,1610612743,2025,544.0,552.0,548.0,203999|1629008|1629618|1630192|1631124,203468|1629750|1631255|1641722|1641810,2024-25,118.0,0,0,0.8135593220338984
260446,02:29,"Jokic 26' 3PT Jump Shot (7 PTS) (Strawther 1 AST)
",0,0,1,1,2025-02-05,0022400726,0,0,NOP,1,0,-3,02:42,Off Timeout,0,Jokic 26' 3PT Jump Shot (7 PTS) (Strawther 1 AST),,DEN,NOP,DEN,1610612743,2025,558.0,571.0,564.5,203999|1629618|1630192|1631124|1631128,203468|1629750|1631255|1641722|1641810,2024-25,127.0,0,0,0.2716049382716049
260445,01:57,"MISS Strawther 8' Driving Finger Roll Layup: Matkovic BLOCK (2 BLK)
Nnaji REBOUND (Off:1 Def:1)
Strawther 3PT Jump Shot (3 PTS) (Jokic 2 AST)
",1,0,1,1,2025-02-05,0022400726,0,1,NOP,1,0,0,02:16,Off Steal,0,Nnaji REBOUND (Off:1 Def:1),,DEN,NOP,DEN,1610612743,2025,584.0,603.0,593.5,203999|1629618|1630192|1631124|1631128,203468|1629750|1631255|1641722|1641810,2024-25,140.0,0,3,0.16393442622950818
260442,01:30,"Jokic 25' 3PT Running Jump Shot (10 PTS) (Braun 1 AST)
",0,0,1,1,2025-02-05,0022400726,0,0,NOP,1,0,3,01:36,Off Long Mid-Range Miss,0,Jokic 25' 3PT Running Jump Shot (10 PTS) (Braun 1 AST),,DEN,NOP,DEN,1610612743,2025,624.0,630.0,627.0,203999|1629618|1630192|1631124|1631128,203468|1629750|1631255|1641722|1641810,2024-25,141.0,0,6,0.2619047619047619
260441,00:38,"Jokic 6' Turnaround Jump Shot (12 PTS)
",1,1,0,0,2025-02-05,0022400726,0,0,NOP,1,0,3,01:00,Off Arc 3 Make,0,Jokic 6' Turnaround Jump Shot (12 PTS),,DEN,NOP,DEN,1610612743,2025,660.0,682.0,671.0,203999|1629618|1630192|1631124|1631128,1629627|1629750|1631255|1641722|1641810,2024-25,150.0,0,5,0.21875
260440,00:13,"Pickett 20' Step Back Jump Shot (2 PTS) (Jokic 3 AST)
",1,1,0,0,2025-02-05,0022400726,0,0,NOP,1,0,3,00:30,Off FT Miss,0,Pickett 20' Step Back Jump Shot (2 PTS) (Jokic 3 AST),,DEN,NOP,DEN,1610612743,2025,690.0,707.0,698.5,203999|1629618|1630192|1631124|1631128,1629627|1629750|1631255|1641722|1641810,2024-25,156.0,0,5,0.26666666666666666
260439,00:02,"Jokic Out of Bounds - Bad Pass Turnover Turnover (P1.T2)
",0,0,0,0,2025-02-05,0022400726,0,0,NOP,1,0,3,00:02,Off FT Make,1,Jokic Out of Bounds - Bad Pass Turnover Turnover (P1.T2),,DEN,NOP,DEN,1610612743,2025,718.0,718.0,718.0,203932|203999|1629618|1631124|1631128,1629627|1629750|1630530|1631255|1641722,2024-25,166.0,0,3,0.5048543689320388
260529,11:28,"Murray 9' Driving Finger Roll Layup (4 PTS) (Jordan 1 AST)
",1,1,0,0,2025-02-05,0022400726,0,0,NOP,2,0,-2,11:46,Off Short Mid-Range Make,0,Murray 9' Driving Finger Roll Layup (4 PTS) (Jordan 1 AST),,DEN,NOP,DEN,1610612743,2025,734.0,752.0,743.0,201599|203932|1627750|1629008|1631124,1629627|1630526|1631255|1631288|1641810,2024-25,193.0,0,0,0.9508196721311475
260528,10:50,"Porter Jr. 3' Cutting Dunk Shot (15 PTS) (Jordan 2 AST)
",1,1,0,0,2025-02-05,0022400726,0,0,NOP,2,0,-2,11:14,Off Short Mid-Range Make,0,Porter Jr. 3' Cutting Dunk Shot (15 PTS) (Jordan 2 AST),,DEN,NOP,DEN,1610612743,2025,766.0,790.0,778.0,201599|203932|1627750|1629008|1631124,1629627|1630526|1631255|1631288|1641810,2024-25,199.0,0,0,0.23157894736842105
260527,10:12,"MISS Strawther 27' 3PT Jump Shot
Williamson REBOUND (Off:2 Def:3)
",0,0,1,0,2025-02-05,0022400726,0,0,NOP,2,0,0,10:28,Off Corner 3 Miss,0,MISS Strawther 27' 3PT Jump Shot,,DEN,NOP,DEN,1610612743,2025,812.0,828.0,820.0,201599|203932|1627750|1629008|1631124,1629627|1630526|1631255|1631288|1641810,2024-25,203.0,0,0,0.7719298245614035
260525,09:38,"Porter Jr. 21' Pullup Jump Shot (17 PTS)
",1,1,0,0,2025-02-05,0022400726,0,0,NOP,2,0,-2,09:56,Off Short Mid-Range Make,0,Porter Jr. 21' Pullup Jump Shot (17 PTS),,DEN,NOP,DEN,1610612743,2025,844.0,862.0,853.0,201599|203932|1627750|1629008|1631124,1629627|1630526|1631255|1631288|1641810,2024-25,209.0,0,0,0.0784313725490196
260524,08:54,"MISS Murray 27' 3PT Jump Shot
Matkovic REBOUND (Off:0 Def:4)
",0,0,1,0,2025-02-05,0022400726,0,0,NOP,2,0,-2,09:12,Off At Rim Make,0,MISS Murray 27' 3PT Jump Shot,,DEN,NOP,DEN,1610612743,2025,888.0,906.0,897.0,201599|203932|1627750|1629008|1631124,1629627|1630526|1631255|1631288|1641810,2024-25,212.0,0,-2,0.1568627450980392
260522,08:36,"MISS Gordon 3' Driving Layup
Robinson-Earl REBOUND (Off:0 Def:1)
",1,0,0,0,2025-02-05,0022400726,0,0,NOP,2,0,-2,08:44,Off Short Mid-Range Miss,0,Robinson-Earl REBOUND (Off:0 Def:1),,DEN,NOP,DEN,1610612743,2025,916.0,924.0,920.0,201599|203932|1627750|1629008|1631124,1629627|1630526|1631255|1631288|1641810,2024-25,215.0,0,-2,0.7272727272727273
260520,08:18,"Strawther 3PT Jump Shot (6 PTS) (Gordon 1 AST)
",0,0,1,1,2025-02-05,0022400726,0,0,NOP,2,0,-2,08:28,Off Short Mid-Range Miss,0,Strawther 3PT Jump Shot (6 PTS) (Gordon 1 AST),,DEN,NOP,DEN,1610612743,2025,932.0,942.0,937.0,201599|203932|1627750|1629008|1631124,1629627|1630526|1631255|1631288|1641810,2024-25,221.0,0,1,0.3333333333333333
260518,07:38,"MISS Murray 28' 3PT Pullup Jump Shot
Matkovic REBOUND (Off:0 Def:5)
",0,0,1,0,2025-02-05,0022400726,0,0,NOP,2,0,-2,07:54,Off Corner 3 Make,0,Matkovic REBOUND (Off:0 Def:5),,DEN,NOP,DEN,1610612743,2025,966.0,982.0,974.0,201599|203932|1627750|1629008|1631124,1629627|1630526|1631255|1631288|1641810,2024-25,216.0,0,-2,0.2857142857142857
260515,07:03,"MISS Porter Jr. 25' 3PT Jump Shot
Porter Jr. REBOUND (Off:3 Def:1)
Jordan 7' Cutting Dunk Shot (2 PTS) (Porter Jr. 3 AST)
",1,1,1,0,2025-02-05,0022400726,0,1,NOP,2,0,-4,07:25,Off FT Make,0,Jordan 7' Cutting Dunk Shot (2 PTS) (Porter Jr. 3 AST),,DEN,NOP,DEN,1610612743,2025,995.0,1017.0,1006.0,201599|203932|1627750|1629008|1631124,1629750|1630526|1630530|1631288|1642274,2024-25,239.0,0,-2,0.3238095238095238
260513,06:33,"MISS Strawther 28' 3PT Jump Shot
Murphy III REBOUND (Off:1 Def:2)
",0,0,1,0,2025-02-05,0022400726,0,0,NOP,2,0,-2,06:47,Off Short Mid-Range Miss,0,MISS Strawther 28' 3PT Jump Shot,,DEN,NOP,DEN,1610612743,2025,1033.0,1047.0,1040.0,201599|203932|1627750|1629008|1631124,1629750|1630526|1630530|1631288|1642274,2024-25,243.0,0,-2,0.3188405797101449
260512,06:20,"Porter Jr. 7' Running Finger Roll Layup (19 PTS) (Gordon 2 AST)
",1,1,0,0,2025-02-05,0022400726,0,0,NOP,2,0,-2,06:24,Off Short Mid-Range Miss,0,Porter Jr. 7' Running Finger Roll Layup (19 PTS) (Gordon 2 AST),,DEN,NOP,DEN,1610612743,2025,1056.0,1060.0,1058.0,201599|203932|1627750|1629008|1631124,1629750|1630526|1630530|1631288|1642274,2024-25,247.0,0,0,0.2823529411764706
260511,05:40,"MISS Jokic 27' 3PT Jump Shot
Braun REBOUND (Off:1 Def:2)
Jokic 9' Cutting Layup Shot (14 PTS) (Braun 2 AST)
",1,1,1,0,2025-02-05,0022400726,0,1,NOP,2,0,-3,06:06,Off Arc 3 Make,0,Braun REBOUND (Off:1 Def:2),,DEN,NOP,DEN,1610612743,2025,1074.0,1100.0,1087.0,203999|1627750|1631124|1631128|1641816,203468|1629750|1630530|1631288|1642274,2024-25,275.0,0,-1,0.4827586206896552
260508,05:21,"Braun 9' Running Finger Roll Layup (6 PTS)
",1,1,0,0,2025-02-05,0022400726,0,0,NOP,2,0,-1,05:25,Off Steal,0,Braun 9' Running Finger Roll Layup (6 PTS),,DEN,NOP,DEN,1610612743,2025,1115.0,1119.0,1117.0,203999|1627750|1631124|1631128|1641816,203468|1629750|1630530|1631288|1642274,2024-25,266.0,0,1,0.1509433962264151
260507,04:46,"MISS Strawther 27' 3PT Jump Shot
Pelicans Rebound
",0,0,1,0,2025-02-05,0022400726,0,0,NOP,2,0,1,05:05,Off Short Mid-Range Miss,0,MISS Strawther 27' 3PT Jump Shot,,DEN,NOP,DEN,1610612743,2025,1135.0,1154.0,1144.5,203999|1627750|1631124|1631128|1641816,203468|1629750|1630530|1631288|1642274,2024-25,269.0,0,1,0.2222222222222222
260505,04:17,"Missi S.FOUL (P1.T1) (J.Sterling)
Jokic Free Throw 1 of 3 (15 PTS)
Jokic Free Throw 2 of 3 (16 PTS)
Jokic Free Throw 3 of 3 (17 PTS)
",0,0,0,0,2025-02-05,0022400726,0,0,NOP,2,1,-2,04:37,Off Arc 3 Make,0,Jokic Free Throw 3 of 3 (17 PTS),,DEN,NOP,DEN,1610612743,2025,1163.0,1183.0,1173.0,203999|1629618|1631124|1631128|1641816,203468|1629750|1630530|1631288|1642274,2024-25,312.0,17,15,0.3466666666666667
260501,03:51,"Braun Lost Ball Turnover (P1.T3): McCollum STEAL (1 STL)
",0,0,0,0,2025-02-05,0022400726,0,0,NOP,2,0,-1,04:02,Off Short Mid-Range Make,1,Braun Lost Ball Turnover (P1.T3): McCollum STEAL (1 STL),,DEN,NOP,DEN,1610612743,2025,1198.0,1209.0,1203.5,203999|1629008|1629618|1631128|1641816,203468|1629750|1630530|1631255|1642274,2024-25,288.0,0,-1,0.21153846153846154
260500,03:21,"MISS Jokic 27' 3PT Jump Shot
Murphy III REBOUND (Off:1 Def:3)
",0,0,1,0,2025-02-05,0022400726,0,0,NOP,2,0,-4,03:42,Off Timeout,0,MISS Jokic 27' 3PT Jump Shot,,DEN,NOP,DEN,1610612743,2025,1218.0,1239.0,1228.5,203932|203999|1627750|1629008|1631128,203468|1629627|1630530|1631255|1642274,2024-25,305.0,0,-4,0.5714285714285714
260498,03:07,"Braun 3' Running Layup (8 PTS)
",1,1,0,0,2025-02-05,0022400726,0,0,NOP,2,0,-4,03:13,Off Short Mid-Range Miss,0,Braun 3' Running Layup (8 PTS),,DEN,NOP,DEN,1610612743,2025,1247.0,1253.0,1250.0,203932|203999|1627750|1629008|1631128,203468|1629627|1630530|1631255|1642274,2024-25,309.0,0,-2,0.5454545454545454
260497,02:23,"MISS Jokic 26' 3PT Jump Shot
Porter Jr. REBOUND (Off:4 Def:1)
Porter Jr. 4' Tip Layup Shot (21 PTS)
",1,1,1,0,2025-02-05,0022400726,0,1,NOP,2,0,-2,02:45,Off Corner 3 Miss,0,Porter Jr. 4' Tip Layup Shot (21 PTS),,DEN,NOP,DEN,1610612743,2025,1275.0,1297.0,1286.0,203932|203999|1627750|1629008|1631128,203468|1629627|1630530|1631255|1642274,2024-25,315.0,0,0,0.4166666666666667
260494,02:00,"Braun 3' Running Dunk (10 PTS) (Jokic 4 AST)
",1,1,0,0,2025-02-05,0022400726,0,0,NOP,2,0,0,02:06,Off Long Mid-Range Miss,0,Braun 3' Running Dunk (10 PTS) (Jokic 4 AST),,DEN,NOP,DEN,1610612743,2025,1314.0,1320.0,1317.0,203932|203999|1627750|1629008|1631128,203468|1629627|1630530|1631255|1642274,2024-25,320.0,0,2,0.3076923076923077
260493,01:29,"MISS Jokic 26' 3PT Step Back Jump Shot
Williamson REBOUND (Off:2 Def:4)
",0,0,1,0,2025-02-05,0022400726,0,0,NOP,2,0,0,01:40,Off Short Mid-Range Make,0,MISS Jokic 26' 3PT Step Back Jump Shot,,DEN,NOP,DEN,1610612743,2025,1340.0,1351.0,1345.5,203932|203999|1627750|1629008|1631128,203468|1629627|1630530|1631255|1642274,2024-25,324.0,0,0,0.19444444444444445
260491,01:15,"Jokic 5' Hook Shot (19 PTS) (Gordon 3 AST)
",1,1,0,0,2025-02-05,0022400726,0,0,NOP,2,0,0,01:23,Off Short Mid-Range Miss,0,Jokic 5' Hook Shot (19 PTS) (Gordon 3 AST),,DEN,NOP,DEN,1610612743,2025,1357.0,1365.0,1361.0,203932|203999|1627750|1629008|1631128,203468|1629627|1630530|1631255|1642274,2024-25,328.0,0,2,0.2898550724637681
260490,00:51,"MISS Porter Jr. 7' Running Layup
Matkovic REBOUND (Off:0 Def:6)
",1,0,0,0,2025-02-05,0022400726,0,0,NOP,2,0,2,00:56,Off Steal,0,Matkovic REBOUND (Off:0 Def:6),,DEN,NOP,DEN,1610612743,2025,1384.0,1389.0,1386.5,203932|203999|1627750|1629008|1631128,203468|1629627|1630530|1631255|1642274,2024-25,332.0,0,2,0.9
260488,00:35,"Jokic 12' Floating Jump Shot (21 PTS) (Murray 2 AST)
",1,1,0,0,2025-02-05,0022400726,0,0,NOP,2,0,-1,00:45,Off FT Make,0,Jokic 12' Floating Jump Shot (21 PTS) (Murray 2 AST),,DEN,NOP,DEN,1610612743,2025,1395.0,1405.0,1400.0,203932|203999|1627750|1629008|1631128,203468|1629627|1630530|1631255|1642274,2024-25,339.0,0,1,0.9090909090909091
260568,11:22,"MISS Jokic 26' 3PT Jump Shot
Gordon REBOUND (Off:1 Def:3)
Murray Bad Pass Turnover (P1.T4): Williamson STEAL (1 STL)
",0,0,1,0,2025-02-05,0022400726,0,1,NOP,3,0,-2,11:43,Off Long Mid-Range Make,1,Murray Bad Pass Turnover (P1.T4): Williamson STEAL (1 STL),,DEN,NOP,DEN,1610612743,2025,1457.0,1478.0,1467.5,203932|203999|1627750|1629008|1631128,203468|1629627|1630530|1631255|1642274,2024-25,365.0,0,-2,0.6521739130434783
260566,11:08,"Matkovic S.FOUL (P2.T1) (J.Goldenberg)
Braun Free Throw 1 of 2 (11 PTS)
Braun Free Throw 2 of 2 (12 PTS)
",0,0,0,0,2025-02-05,0022400726,0,0,NOP,3,1,-4,11:16,Off At Rim Make,0,Matkovic S.FOUL (P2.T1) (J.Goldenberg),,DEN,NOP,DEN,1610612743,2025,1484.0,1492.0,1488.0,203932|203999|1627750|1629008|1631128,203468|1629627|1630530|1631255|1642274,2024-25,371.0,0,-4,0.2222222222222222
260563,10:43,"Braun 4' Running Layup (14 PTS) (Gordon 4 AST)
",1,1,0,0,2025-02-05,0022400726,0,0,NOP,3,0,-2,10:48,Off Steal,0,Braun 4' Running Layup (14 PTS) (Gordon 4 AST),,DEN,NOP,DEN,1610612743,2025,1512.0,1517.0,1514.5,203932|203999|1627750|1629008|1631128,203468|1629627|1630530|1631255|1642274,2024-25,378.0,0,0,0.2222222222222222
260562,10:30,"Porter Jr. 4' Running Alley Oop Layup Shot (23 PTS) (Gordon 5 AST)
",1,1,0,0,2025-02-05,0022400726,0,0,NOP,3,0,0,10:35,Off Steal,0,Porter Jr. 4' Running Alley Oop Layup Shot (23 PTS) (Gordon 5 AST),,DEN,NOP,DEN,1610612743,2025,1525.0,1530.0,1527.5,203932|203999|1627750|1629008|1631128,203468|1629627|1630530|1631255|1642274,2024-25,382.0,0,2,0.5245901639344263
260561,09:53,"Matkovic P.FOUL (P3.T2) (M.Davis)
Jokic 2' Reverse Layup (23 PTS) (Gordon 6 AST)
",1,1,0,0,2025-02-05,0022400726,0,0,NOP,3,0,2,10:11,Off Steal,0,Jokic 2' Reverse Layup (23 PTS) (Gordon 6 AST),,DEN,NOP,DEN,1610612743,2025,1549.0,1567.0,1558.0,203932|203999|1627750|1629008|1631128,203468|1629627|1630530|1631255|1642274,2024-25,388.0,0,4,0.4742268041237113
260559,09:36,"Braun 3PT Running Jump Shot (17 PTS) (Porter Jr. 4 AST)
",0,0,1,1,2025-02-05,0022400726,0,0,NOP,3,0,4,09:43,Off Short Mid-Range Miss,0,Braun 3PT Running Jump Shot (17 PTS) (Porter Jr. 4 AST),,DEN,NOP,DEN,1610612743,2025,1577.0,1584.0,1580.5,203932|203999|1627750|1629008|1631128,203468|1629627|1630530|1631255|1642274,2024-25,392.0,0,7,0.3111111111111111
260558,08:53,"Braun 4' Finger Roll Layup (19 PTS)
",1,1,0,0,2025-02-05,0022400726,0,0,NOP,3,0,7,09:09,Off Arc 3 Miss,0,Braun 4' Finger Roll Layup (19 PTS),,DEN,NOP,DEN,1610612743,2025,1611.0,1627.0,1619.0,203932|203999|1627750|1629008|1631128,203468|1629627|1630530|1631255|1642274,2024-25,399.0,0,9,0.3142857142857143
260557,08:23,"MISS Braun 6' Cutting Layup Shot: Murphy III BLOCK (1 BLK)
Matkovic REBOUND (Off:1 Def:7)
",1,0,0,0,2025-02-05,0022400726,0,0,NOP,3,0,9,08:35,Off Corner 3 Miss,0,MISS Braun 6' Cutting Layup Shot: Murphy III BLOCK (1 BLK),,DEN,NOP,DEN,1610612743,2025,1645.0,1657.0,1651.0,203932|203999|1627750|1629008|1631128,203468|1629627|1630530|1631255|1642274,2024-25,402.0,0,9,0.6938775510204082
260555,08:01,"Porter Jr. 2' Cutting Dunk Shot (25 PTS) (Gordon 7 AST)
",1,1,0,0,2025-02-05,0022400726,0,0,NOP,3,0,6,08:16,Off Corner 3 Make,0,Porter Jr. 2' Cutting Dunk Shot (25 PTS) (Gordon 7 AST),,DEN,NOP,DEN,1610612743,2025,1664.0,1679.0,1671.5,203932|203999|1627750|1629008|1631128,203468|1629627|1630530|1631255|1642274,2024-25,407.0,0,8,0.4
260554,07:30,"Porter Jr. Bad Pass Turnover (P2.T5): Matkovic STEAL (1 STL)
",0,0,0,0,2025-02-05,0022400726,0,0,NOP,3,0,6,07:41,Off Short Mid-Range Make,1,Porter Jr. Bad Pass Turnover (P2.T5): Matkovic STEAL (1 STL),,DEN,NOP,DEN,1610612743,2025,1699.0,1710.0,1704.5,203932|203999|1627750|1629008|1631128,203468|1629627|1630530|1631255|1642274,2024-25,410.0,0,6,0.23255813953488372
260553,07:10,"Murray 10' Driving Finger Roll Layup (8 PTS) (Jokic 6 AST)
",1,1,0,0,2025-02-05,0022400726,0,0,NOP,3,0,6,07:22,Off Dead Ball,0,Murray 10' Driving Finger Roll Layup (8 PTS) (Jokic 6 AST),,DEN,NOP,DEN,1610612743,2025,1718.0,1730.0,1724.0,203932|203999|1627750|1629008|1631128,203468|1630530|1631255|1641722|1642274,2024-25,415.0,0,8,0.9344262295081968
260552,06:56,"Porter Jr. 27' 3PT Running Pull-Up Jump Shot (28 PTS) (Jokic 7 AST)
",0,0,1,1,2025-02-05,0022400726,0,0,NOP,3,0,8,07:02,Off Block,0,Porter Jr. 27' 3PT Running Pull-Up Jump Shot (28 PTS) (Jokic 7 AST),,DEN,NOP,DEN,1610612743,2025,1738.0,1744.0,1741.0,203932|203999|1627750|1629008|1631128,203468|1630530|1631255|1641722|1642274,2024-25,420.0,0,11,0.8527131782945736
260551,06:30,"Porter Jr. 3' Cutting Layup Shot (30 PTS) (Jokic 8 AST)
",1,1,0,0,2025-02-05,0022400726,0,0,NOP,3,0,8,06:41,Off Corner 3 Make,0,Porter Jr. 3' Cutting Layup Shot (30 PTS) (Jokic 8 AST),,DEN,NOP,DEN,1610612743,2025,1759.0,1770.0,1764.5,203932|203999|1627750|1629008|1631128,203468|1629750|1630530|1641722|1642274,2024-25,429.0,0,10,0.8518518518518519
260550,06:03,"Porter Jr. 26' 3PT Jump Shot (33 PTS) (Murray 3 AST)
",0,0,1,1,2025-02-05,0022400726,0,0,NOP,3,0,10,06:12,Off Short Mid-Range Miss,0,Porter Jr. 26' 3PT Jump Shot (33 PTS) (Murray 3 AST),,DEN,NOP,DEN,1610612743,2025,1788.0,1797.0,1792.5,203932|203999|1627750|1629008|1631128,203468|1629750|1630530|1641722|1642274,2024-25,433.0,0,13,0.2191780821917808
260549,05:37,"Gordon 3PT Jump Shot (3 PTS) (Murray 4 AST)
",0,0,1,1,2025-02-05,0022400726,0,0,NOP,3,0,13,05:46,Off Short Mid-Range Miss,0,Gordon 3PT Jump Shot (3 PTS) (Murray 4 AST),,DEN,NOP,DEN,1610612743,2025,1814.0,1823.0,1818.5,203932|203999|1627750|1629008|1631128,203468|1629750|1630530|1641722|1642274,2024-25,438.0,0,16,0.8192771084337349
260548,05:02,"Braun 4' Cutting Dunk Shot (21 PTS) (Gordon 8 AST)
",1,1,0,0,2025-02-05,0022400726,0,0,NOP,3,0,14,05:18,Off Short Mid-Range Make,0,Braun 4' Cutting Dunk Shot (21 PTS) (Gordon 8 AST),,DEN,NOP,DEN,1610612743,2025,1842.0,1858.0,1850.0,203932|203999|1627750|1629008|1631128,203468|1629750|1630530|1641722|1642274,2024-25,442.0,0,16,0.19047619047619047
260547,04:14,"MISS Porter Jr. 17' Turnaround Jump Shot
Green REBOUND (Off:0 Def:1)
",1,0,0,0,2025-02-05,0022400726,0,0,NOP,3,0,14,04:38,Off FT Make,0,Green REBOUND (Off:0 Def:1),,DEN,NOP,DEN,1610612743,2025,1882.0,1906.0,1894.0,203999|1627750|1629008|1631124|1631128,203468|1629750|1630530|1641722|1642274,2024-25,450.0,0,14,0.3050847457627119
260545,04:05,"Jokic 4' Running Layup (25 PTS) (Murray 5 AST)
",1,1,0,0,2025-02-05,0022400726,0,0,NOP,3,0,14,04:10,Off Steal,0,Jokic 4' Running Layup (25 PTS) (Murray 5 AST),,DEN,NOP,DEN,1610612743,2025,1910.0,1915.0,1912.5,203999|1627750|1629008|1631124|1631128,203468|1629750|1630530|1641722|1642274,2024-25,454.0,0,16,0.10526315789473684
260543,03:34,"MISS Strawther 11' Driving Floating Jump Shot
Green REBOUND (Off:0 Def:2)
",1,0,0,0,2025-02-05,0022400726,0,0,NOP,3,0,16,03:44,Off Corner 3 Miss,0,MISS Strawther 11' Driving Floating Jump Shot,,DEN,NOP,DEN,1610612743,2025,1936.0,1946.0,1941.0,203999|1627750|1629008|1631124|1641816,1629750|1630530|1641722|1641810|1642274,2024-25,462.0,0,16,0.11627906976744186
260542,02:58,"NUGGETS Turnover: Shot Clock (T#6)
",0,0,0,0,2025-02-05,0022400726,0,0,NOP,3,0,13,03:25,Off Timeout,1,NUGGETS Turnover: Shot Clock (T#6),,DEN,NOP,DEN,1610612743,2025,1955.0,1982.0,1968.5,203999|1627750|1629008|1631128|1641816,1629750|1630530|1631255|1641722|1641810,2024-25,477.0,0,13,0.35714285714285715
260541,02:26,"Pickett 3' Cutting Layup Shot (4 PTS) (Jokic 9 AST)
",1,1,0,0,2025-02-05,0022400726,0,0,NOP,3,0,11,02:36,Off Short Mid-Range Make,0,Pickett 3' Cutting Layup Shot (4 PTS) (Jokic 9 AST),,DEN,NOP,DEN,1610612743,2025,2004.0,2014.0,2009.0,203999|1629008|1629618|1631128|1641816,1629750|1630530|1631255|1641722|1641810,2024-25,481.0,0,13,0.84
260540,02:08,"Jokic 6' Driving Floating Jump Shot (27 PTS)
",1,1,0,0,2025-02-05,0022400726,0,0,NOP,3,0,11,02:16,Off FT Make,0,Jokic 6' Driving Floating Jump Shot (27 PTS),,DEN,NOP,DEN,1610612743,2025,2024.0,2032.0,2028.0,203999|1629008|1629618|1630192|1631124,1629750|1630530|1631255|1641722|1641810,2024-25,491.0,0,13,0.36893203883495146
260539,01:34,"MISS Porter Jr. 26' 3PT Running Pull-Up Jump Shot
Nnaji REBOUND (Off:2 Def:2)
Nnaji 4' Tip Layup Shot (2 PTS)
",1,1,1,0,2025-02-05,0022400726,0,1,NOP,3,0,13,01:40,Off Long Mid-Range Miss,0,Nnaji 4' Tip Layup Shot (2 PTS),,DEN,NOP,DEN,1610612743,2025,2060.0,2066.0,2063.0,203999|1629008|1629618|1630192|1631124,1629750|1630530|1631255|1641722|1641810,2024-25,496.0,0,15,0.8070175438596491
260536,01:02,"MISS Jokic 10' Turnaround Fadeaway Shot
Green REBOUND (Off:0 Def:3)
",1,0,0,0,2025-02-05,0022400726,0,0,NOP,3,0,15,01:18,Off Arc 3 Miss,0,MISS Jokic 10' Turnaround Fadeaway Shot,,DEN,NOP,DEN,1610612743,2025,2082.0,2098.0,2090.0,203999|1629008|1629618|1630192|1631124,1629750|1630530|1631255|1641722|1641810,2024-25,499.0,0,15,0.25
260534,00:43,"Strawther 4' Running Reverse Layup (8 PTS) (Jokic 10 AST)
",1,1,0,0,2025-02-05,0022400726,0,0,NOP,3,0,15,00:50,Off Corner 3 Miss,0,Strawther 4' Running Reverse Layup (8 PTS) (Jokic 10 AST),,DEN,NOP,DEN,1610612743,2025,2110.0,2117.0,2113.5,203999|1629008|1629618|1630192|1631124,1629750|1630530|1631255|1641722|1641810,2024-25,503.0,0,17,0.2708333333333333
260533,00:28,"Jokic 26' 3PT Pullup Jump Shot (30 PTS)
",0,0,1,1,2025-02-05,0022400726,0,0,NOP,3,0,15,00:33,Off Short Mid-Range Make,0,Jokic 26' 3PT Pullup Jump Shot (30 PTS),,DEN,NOP,DEN,1610612743,2025,2127.0,2132.0,2129.5,203999|1629008|1629618|1630192|1631124,1629750|1630530|1631255|1641722|1641810,2024-25,506.0,0,18,0.14285714285714285
260532,00:01,"MISS Jokic 8' Driving Floating Jump Shot
Porter Jr. REBOUND (Off:5 Def:5)
Porter Jr. 3' Putback Layup (35 PTS)
",2,1,0,0,2025-02-05,0022400726,0,1,NOP,3,0,16,00:09,Off Short Mid-Range Make,0,Porter Jr. REBOUND (Off:5 Def:5),,DEN,NOP,DEN,1610612743,2025,2151.0,2159.0,2155.0,203999|1629008|1629618|1630192|1631124,1629750|1630530|1631255|1641722|1641810,2024-25,511.0,0,18,0.5294117647058824
260614,11:47,"Strawther OFF.Foul (P3) (J.Sterling)
Strawther Offensive Foul Turnover (P1.T7)
",0,0,0,0,2025-02-05,0022400726,0,0,NOP,4,0,18,12:00,Off Dead Ball,1,Strawther Offensive Foul Turnover (P1.T7),,DEN,NOP,DEN,1610612743,2025,2160.0,2173.0,2166.5,201599|203932|1627750|1631124|1641816,1629627|1630526|1631288|1641722|1642274,2024-25,534.0,0,18,0.9047619047619048
260613,11:10,"Gordon 5' Driving Finger Roll Layup (5 PTS) (Murray 6 AST)
",1,1,0,0,2025-02-05,0022400726,0,0,NOP,4,0,16,11:36,Off Short Mid-Range Make,0,Gordon 5' Driving Finger Roll Layup (5 PTS) (Murray 6 AST),,DEN,NOP,DEN,1610612743,2025,2184.0,2210.0,2197.0,201599|203932|1627750|1631124|1641816,1629627|1630526|1631288|1641722|1642274,2024-25,536.0,0,18,0.9243697478991597
260612,10:40,"MISS Strawther 26' 3PT Pullup Jump Shot
Hawkins REBOUND (Off:0 Def:2)
",0,0,1,0,2025-02-05,0022400726,0,0,NOP,4,0,16,10:58,Off FT Make,0,Hawkins REBOUND (Off:0 Def:2),,DEN,NOP,DEN,1610612743,2025,2222.0,2240.0,2231.0,201599|203932|1627750|1631124|1641816,1629627|1630526|1631288|1641722|1642274,2024-25,545.0,0,16,0.26666666666666666
260608,09:36,"Murray 14' Step Back Jump Shot (10 PTS) (Gordon 9 AST)
",1,1,0,0,2025-02-05,0022400726,0,0,NOP,4,0,14,10:05,Off Short Mid-Range Make,0,Murray 14' Step Back Jump Shot (10 PTS) (Gordon 9 AST),,DEN,NOP,DEN,1610612743,2025,2275.0,2304.0,2289.5,201599|203932|1627750|1631124|1641816,1629627|1630526|1631288|1641722|1642274,2024-25,551.0,0,16,0.36363636363636365
260607,09:13,"Missi S.FOUL (P2.T1) (M.Davis)
Gordon Free Throw 1 of 2 (6 PTS)
Gordon Free Throw 2 of 2 (7 PTS)
",0,0,0,0,2025-02-05,0022400726,0,0,NOP,4,1,16,09:21,Off Short Mid-Range Miss,0,Missi S.FOUL (P2.T1) (M.Davis),,DEN,NOP,DEN,1610612743,2025,2319.0,2327.0,2323.0,201599|203932|1627750|1631124|1641816,1629627|1630526|1631288|1641722|1642274,2024-25,554.0,0,16,0.19672131147540983
260604,08:45,"MISS Gordon 26' 3PT Pullup Jump Shot
Hawkins REBOUND (Off:0 Def:3)
",0,0,1,0,2025-02-05,0022400726,0,0,NOP,4,0,18,08:59,Off Arc 3 Miss,0,Hawkins REBOUND (Off:0 Def:3),,DEN,NOP,DEN,1610612743,2025,2341.0,2355.0,2348.0,201599|203932|1627750|1631124|1641816,1629627|1630526|1631288|1641722|1642274,2024-25,560.0,0,18,0.208955223880597
260602,08:15,"Tyson 25' 3PT Jump Shot (3 PTS) (Gordon 10 AST)
",0,0,1,1,2025-02-05,0022400726,0,0,NOP,4,0,16,08:38,Off At Rim Make,0,Tyson 25' 3PT Jump Shot (3 PTS) (Gordon 10 AST),,DEN,NOP,DEN,1610612743,2025,2362.0,2385.0,2373.5,201599|203932|1627750|1631124|1641816,1629627|1630526|1631288|1641722|1642274,2024-25,566.0,0,19,0.25316455696202533
260600,07:43,"MISS Gordon 8' Fadeaway Jumper
Cain REBOUND (Off:1 Def:1)
",1,0,0,0,2025-02-05,0022400726,0,0,NOP,4,0,17,08:00,Off Short Mid-Range Make,0,MISS Gordon 8' Fadeaway Jumper,,DEN,NOP,DEN,1610612743,2025,2400.0,2417.0,2408.5,201599|203932|1627750|1631124|1641816,1629627|1630526|1631288|1641722|1642274,2024-25,569.0,0,17,0.37142857142857144
260599,07:20,"Jokic 26' 3PT Jump Shot (33 PTS) (Gordon 11 AST)
",0,0,1,1,2025-02-05,0022400726,0,0,NOP,4,0,15,07:33,Off Timeout,0,Jokic 26' 3PT Jump Shot (33 PTS) (Gordon 11 AST),,DEN,NOP,DEN,1610612743,2025,2427.0,2440.0,2433.5,203932|203999|1629008|1629618|1631124,1629627|1630526|1630530|1631288|1642274,2024-25,582.0,0,18,0.44
260597,06:56,"MISS Pickett 3PT Running Jump Shot
Robinson-Earl REBOUND (Off:0 Def:2)
",0,0,1,0,2025-02-05,0022400726,0,0,NOP,4,0,18,07:04,Off Steal,0,Robinson-Earl REBOUND (Off:0 Def:2),,DEN,NOP,DEN,1610612743,2025,2456.0,2464.0,2460.0,203932|203999|1629008|1629618|1631124,1629627|1630526|1630530|1631288|1642274,2024-25,585.0,0,18,0.6666666666666666
260596,06:31,"Strawther 8' Driving Finger Roll Layup (10 PTS) (Gordon 12 AST)
",1,1,0,0,2025-02-05,0022400726,0,0,NOP,4,0,18,06:44,Off Dead Ball,0,Strawther 8' Driving Finger Roll Layup (10 PTS) (Gordon 12 AST),,DEN,NOP,DEN,1610612743,2025,2476.0,2489.0,2482.5,203932|203999|1629008|1629618|1631124,1629627|1630526|1630530|1631288|1642274,2024-25,592.0,0,20,0.27522935779816515
260595,06:07,"Jokic 2' Driving Hook Shot (35 PTS)
",1,1,0,0,2025-02-05,0022400726,0,0,NOP,4,0,18,06:18,Off Short Mid-Range Make,0,Jokic 2' Driving Hook Shot (35 PTS),,DEN,NOP,DEN,1610612743,2025,2502.0,2513.0,2507.5,203932|203999|1629008|1629618|1631124,1629627|1630526|1630530|1631288|1642274,2024-25,596.0,0,20,0.35294117647058826
260594,05:39,"Porter Jr. Lost Ball Turnover (P3.T8): Williamson STEAL (2 STL)
",0,0,0,0,2025-02-05,0022400726,0,0,NOP,4,0,18,05:52,Off FT Make,1,Porter Jr. Lost Ball Turnover (P3.T8): Williamson STEAL (2 STL),,DEN,NOP,DEN,1610612743,2025,2528.0,2541.0,2534.5,203932|203999|1629008|1629618|1631124,203468|1629627|1630530|1631255|1641722,2024-25,607.0,0,18,0.2782608695652174
260593,05:04,"MISS Jokic 26' 3PT Jump Shot
Murphy III REBOUND (Off:1 Def:4)
",0,0,1,0,2025-02-05,0022400726,0,0,NOP,4,0,15,05:25,Off Short Mid-Range Make,0,Murphy III REBOUND (Off:1 Def:4),,DEN,NOP,DEN,1610612743,2025,2555.0,2576.0,2565.5,203999|1629008|1629618|1631124|1631128,203468|1630530|1631255|1631288|1641722,2024-25,617.0,0,15,0.2028985507246377
260591,04:49,"Porter Jr. 4' Running Dunk (37 PTS) (Braun 3 AST)
",1,1,0,0,2025-02-05,0022400726,0,0,NOP,4,0,15,04:53,Off Steal,0,Porter Jr. 4' Running Dunk (37 PTS) (Braun 3 AST),,DEN,NOP,DEN,1610612743,2025,2587.0,2591.0,2589.0,203999|1629008|1629618|1631124|1631128,203468|1630530|1631255|1631288|1641722,2024-25,621.0,0,17,0.1839080459770115
260590,04:05,"Jokic 25' 3PT Jump Shot (38 PTS)
",0,0,1,1,2025-02-05,0022400726,0,0,NOP,4,0,17,04:26,Off Dead Ball,0,Jokic 25' 3PT Jump Shot (38 PTS),,DEN,NOP,DEN,1610612743,2025,2614.0,2635.0,2624.5,203999|1627750|1629008|1631124|1631128,203468|1630530|1631255|1631288|1641722,2024-25,630.0,0,20,0.29850746268656714
260585,03:20,"MISS Porter Jr. 24' Fadeaway Jumper
Braun REBOUND (Off:2 Def:6)
MISS Braun 13' Fadeaway Jumper
Porter Jr. REBOUND (Off:6 Def:5)
Porter Jr. 3' Tip Layup Shot (39 PTS)
",3,1,0,0,2025-02-05,0022400726,0,2,NOP,4,0,17,03:49,Off FT Make,0,MISS Porter Jr. 24' Fadeaway Jumper,,DEN,NOP,DEN,1610612743,2025,2651.0,2680.0,2665.5,203999|1627750|1629008|1630192|1631128,203468|1629627|1630530|1631255|1641722,2024-25,643.0,0,19,0.5373134328358209
260584,02:57,"Murphy III S.FOUL (P3.T2) (J.Goldenberg)
Braun Free Throw 1 of 2 (22 PTS)
Braun Free Throw 2 of 2 (23 PTS)
",0,0,0,0,2025-02-05,0022400726,0,0,NOP,4,1,19,03:02,Off Short Mid-Range Miss,0,Braun Free Throw 1 of 2 (22 PTS),,DEN,NOP,DEN,1610612743,2025,2698.0,2703.0,2700.5,203999|1627750|1629008|1630192|1631128,203468|1629627|1630530|1631255|1641722,2024-25,653.0,22,41,0.21176470588235294
260581,02:32,"MISS Porter Jr. 26' 3PT Step Back Jump Shot
Missi REBOUND (Off:3 Def:3)
",0,0,1,0,2025-02-05,0022400726,0,0,NOP,4,0,21,02:44,Off FT Miss,0,MISS Porter Jr. 26' 3PT Step Back Jump Shot,,DEN,NOP,DEN,1610612743,2025,2716.0,2728.0,2722.0,203999|1627750|1629008|1630192|1631128,1629627|1631232|1641722|1641810|1642274,2024-25,663.0,0,21,0.2597402597402597
260579,01:54,"Missi Personal Take Foul (P3.T3) (J.Sterling)
Nnaji 4' Driving Reverse Layup (4 PTS) (Pickett 1 AST)
",1,1,0,0,2025-02-05,0022400726,0,0,NOP,4,0,21,02:20,Off Arc 3 Miss,0,Nnaji 4' Driving Reverse Layup (4 PTS) (Pickett 1 AST),,DEN,NOP,DEN,1610612743,2025,2740.0,2766.0,2753.0,1629618|1630192|1641725|1641790|1642461,1630526|1631232|1641722|1641810|1642274,2024-25,679.0,0,23,0.2077922077922078
260577,01:30,"Jones 26' 3PT Running Jump Shot (3 PTS) (Pickett 2 AST)
",0,0,1,1,2025-02-05,0022400726,0,0,NOP,4,0,23,01:36,Off At Rim Miss,0,Jones 26' 3PT Running Jump Shot (3 PTS) (Pickett 2 AST),,DEN,NOP,DEN,1610612743,2025,2784.0,2790.0,2787.0,1629618|1630192|1641725|1641790|1642461,1630526|1631232|1641722|1641810|1642274,2024-25,683.0,0,26,0.4444444444444444
260575,01:12,"Brooks Jr. S.FOUL (P1.T4) (M.Davis)
MISS Tyson Free Throw 1 of 2
NUGGETS Rebound
Tyson Free Throw 2 of 2 (4 PTS)
",0,0,0,0,2025-02-05,0022400726,0,0,NOP,4,1,26,01:16,Off Long Mid-Range Miss,0,Tyson Free Throw 2 of 2 (4 PTS),,DEN,NOP,DEN,1610612743,2025,2804.0,2808.0,2806.0,1629618|1641725|1641790|1641816|1642461,1630526|1631232|1631288|1641722|1641810,2024-25,694.0,4,30,0.21212121212121213
260572,00:45,"MISS Jones 24' 3PT Jump Shot
Robinson-Earl REBOUND (Off:0 Def:3)
",0,0,1,0,2025-02-05,0022400726,0,0,NOP,4,0,27,00:59,Off Arc 3 Miss,0,Robinson-Earl REBOUND (Off:0 Def:3),,DEN,NOP,DEN,1610612743,2025,2821.0,2835.0,2828.0,1629618|1641725|1641790|1641816|1642461,1630526|1631232|1631288|1641722|1641810,2024-25,698.0,0,27,0.14492753623188406
260570,00:10,"NUGGETS Turnover: Shot Clock (T#9)
",0,0,0,0,2025-02-05,0022400726,0,0,NOP,4,0,25,00:34,Off Timeout,1,NUGGETS Turnover: Shot Clock (T#9),,DEN,NOP,DEN,1610612743,2025,2846.0,2870.0,2858.0,1629618|1641725|1641790|1641816|1642461,1630526|1631232|1631255|1631288|1641810,2024-25,708.0,0,25,0.3333333333333333
263376,11:42,"MISS Murray 13' Driving Floating Jump Shot
Randle REBOUND (Off:0 Def:1)
",1,0,0,0,2025-03-12,0022400952,0,0,MIN,1,0,0,12:00,Off Dead Ball,0,Randle REBOUND (Off:0 Def:1),,DEN,MIN,DEN,1610612743,2025,0.0,18.0,9.0,201566|203999|1627750|1629008|1631128,201144|203497|203944|1630162|1630183,2024-25,8.0,0,0,0.847457627118644
308453,11:33,"Conley 8' Driving Floating Jump Shot (2 PTS)
",1,1,0,0,2025-03-12,0022400952,0,0,DEN,1,0,0,11:42,Off Short Mid-Range Miss,0,Conley 8' Driving Floating Jump Shot (2 PTS),,DEN,MIN,MIN,1610612750,2025,18.0,27.0,22.5,201144|203497|203944|1630162|1630183,201566|203999|1627750|1629008|1631128,2024-25,9.0,0,2,0.20253164556962025
263374,11:08,"Gobert S.FOUL (P1.T1) (J.Butler)
MISS Jokić Free Throw 1 of 2
NUGGETS Rebound
MISS Jokić Free Throw 2 of 2
Randle REBOUND (Off:0 Def:2)
",0,0,0,0,2025-03-12,0022400952,0,0,MIN,1,1,-2,11:33,Off Short Mid-Range Make,0,Randle REBOUND (Off:0 Def:2),,DEN,MIN,DEN,1610612743,2025,27.0,52.0,39.5,201566|203999|1627750|1629008|1631128,201144|203497|203944|1630162|1630183,2024-25,15.0,0,-2,0.16
308452,10:56,"MISS McDaniels 17' Pullup Jump Shot
Murray REBOUND (Off:0 Def:1)
",1,0,0,0,2025-03-12,0022400952,0,0,DEN,1,0,2,11:08,Off FT Miss,0,Murray REBOUND (Off:0 Def:1),,DEN,MIN,MIN,1610612750,2025,52.0,64.0,58.0,201144|203497|203944|1630162|1630183,201566|203999|1627750|1629008|1631128,2024-25,15.0,0,2,0.2608695652173913
263369,10:46,"Westbrook Bad Pass Turnover (P1.T1): Randle STEAL (1 STL)
",0,0,0,0,2025-03-12,0022400952,0,0,MIN,1,0,-2,10:56,Off Long Mid-Range Miss,1,Westbrook Bad Pass Turnover (P1.T1): Randle STEAL (1 STL),,DEN,MIN,DEN,1610612743,2025,64.0,74.0,69.0,201566|203999|1627750|1629008|1631128,201144|203497|203944|1630162|1630183,2024-25,18.0,0,-2,0.7021276595744681
308450,10:42,"Westbrook STEAL (1 STL): Randle Bad Pass Turnover (P1.T1)
",0,0,0,0,2025-03-12,0022400952,0,0,DEN,1,0,2,10:46,Off Steal,1,Westbrook STEAL (1 STL): Randle Bad Pass Turnover (P1.T1),,DEN,MIN,MIN,1610612750,2025,74.0,78.0,76.0,201144|203497|203944|1630162|1630183,201566|203999|1627750|1629008|1631128,2024-25,20.0,0,2,0.09302325581395349
263368,10:39,"Westbrook Bad Pass Turnover (P2.T2): Conley STEAL (1 STL)
",0,0,0,0,2025-03-12,0022400952,0,0,MIN,1,0,-2,10:42,Off Steal,1,Westbrook Bad Pass Turnover (P2.T2): Conley STEAL (1 STL),,DEN,MIN,DEN,1610612743,2025,78.0,81.0,79.5,201566|203999|1627750|1629008|1631128,201144|203497|203944|1630162|1630183,2024-25,22.0,0,-2,0.6808510638297872
308449,10:29,"Porter Jr. P.FOUL (P1.T1) (M.Ervin)
Randle 28' 3PT Jump Shot (3 PTS) (Conley 1 AST)
",0,0,1,1,2025-03-12,0022400952,0,0,DEN,1,0,2,10:39,Off Steal,0,Randle 28' 3PT Jump Shot (3 PTS) (Conley 1 AST),,DEN,MIN,MIN,1610612750,2025,81.0,91.0,86.0,201144|203497|203944|1630162|1630183,201566|203999|1627750|1629008|1631128,2024-25,26.0,0,5,0.8131868131868132
263367,10:06,"MISS Braun 1' Driving Dunk
McDaniels REBOUND (Off:0 Def:1)
",1,0,0,0,2025-03-12,0022400952,0,0,MIN,1,0,-5,10:29,Off Arc 3 Make,0,McDaniels REBOUND (Off:0 Def:1),,DEN,MIN,DEN,1610612743,2025,91.0,114.0,102.5,201566|203999|1627750|1629008|1631128,201144|203497|203944|1630162|1630183,2024-25,28.0,0,-5,0.3157894736842105
308447,10:03,"McDaniels 3' Running Layup (2 PTS) (Conley 2 AST)
",1,1,0,0,2025-03-12,0022400952,0,0,DEN,1,0,5,10:06,Off At Rim Miss,0,McDaniels 3' Running Layup (2 PTS) (Conley 2 AST),,DEN,MIN,MIN,1610612750,2025,114.0,117.0,115.5,201144|203497|203944|1630162|1630183,201566|203999|1627750|1629008|1631128,2024-25,30.0,0,7,0.9108910891089109
263364,09:46,"MISS Westbrook 3PT Jump Shot
Gobert REBOUND (Off:0 Def:1)
",0,0,1,0,2025-03-12,0022400952,0,0,MIN,1,0,-7,10:03,Off At Rim Make,0,MISS Westbrook 3PT Jump Shot,,DEN,MIN,DEN,1610612743,2025,117.0,134.0,125.5,201566|203999|1627750|1629008|1631128,201144|203497|203944|1630162|1630183,2024-25,32.0,0,-7,0.7346938775510204
308446,09:40,"MISS Edwards 2' Running Layup
Braun REBOUND (Off:0 Def:1)
",1,0,0,0,2025-03-12,0022400952,0,0,DEN,1,0,7,09:46,Off Corner 3 Miss,0,Braun REBOUND (Off:0 Def:1),,DEN,MIN,MIN,1610612750,2025,134.0,140.0,137.0,201144|203497|203944|1630162|1630183,201566|203999|1627750|1629008|1631128,2024-25,33.0,0,7,0.8275862068965517
308444,09:14,"MISS McDaniels 20' Step Back Jump Shot
Murray REBOUND (Off:0 Def:2)
",1,0,0,0,2025-03-12,0022400952,0,0,DEN,1,0,7,09:25,Off Corner 3 Miss,0,Murray REBOUND (Off:0 Def:2),,DEN,MIN,MIN,1610612750,2025,155.0,166.0,160.5,201144|203497|203944|1630162|1630183,201566|203999|1627750|1629008|1631128,2024-25,37.0,0,7,0.8135593220338984
263361,09:09,"Westbrook 2' Running Layup (2 PTS) (Murray 1 AST)
",1,1,0,0,2025-03-12,0022400952,0,0,MIN,1,0,-7,09:14,Off Long Mid-Range Miss,0,Westbrook 2' Running Layup (2 PTS) (Murray 1 AST),,DEN,MIN,DEN,1610612743,2025,166.0,171.0,168.5,201566|203999|1627750|1629008|1631128,201144|203497|203944|1630162|1630183,2024-25,40.0,0,-5,0.9108910891089109
308441,08:48,"MISS Edwards 13' Pullup Jump Shot
Gobert REBOUND (Off:1 Def:2)
Jokić S.FOUL (P1.T2) (C.Blair)
Gobert Free Throw 1 of 2 (1 PTS)
Gobert Free Throw 2 of 2 (2 PTS)
",1,0,0,0,2025-03-12,0022400952,0,1,DEN,1,1,5,09:09,Off At Rim Make,0,Gobert Free Throw 1 of 2 (1 PTS),,DEN,MIN,MIN,1610612750,2025,171.0,192.0,181.5,201144|203497|203944|1630162|1630183,201566|203999|1627750|1629008|1631128,2024-25,46.0,1,6,0.30303030303030304
263360,08:31,"MISS Porter Jr. 3' Driving Layup
Randle REBOUND (Off:0 Def:3)
",1,0,0,0,2025-03-12,0022400952,0,0,MIN,1,0,-7,08:48,Off FT Make,0,Randle REBOUND (Off:0 Def:3),,DEN,MIN,DEN,1610612743,2025,192.0,209.0,200.5,201566|203999|1627750|1629008|1631128,201144|203497|203944|1630162|1630183,2024-25,38.0,0,-7,0.27848101265822783
308437,08:27,"McDaniels 1' Running Alley Oop Dunk Shot (4 PTS) (Edwards 1 AST)
",1,1,0,0,2025-03-12,0022400952,0,0,DEN,1,0,7,08:31,Off At Rim Miss,0,McDaniels 1' Running Alley Oop Dunk Shot (4 PTS) (Edwards 1 AST),,DEN,MIN,MIN,1610612750,2025,209.0,213.0,211.0,201144|203497|203944|1630162|1630183,201566|203999|1627750|1629008|1631128,2024-25,50.0,0,9,0.21052631578947367
263358,08:13,"Randle S.FOUL (P1.T2) (C.Blair)
Westbrook Free Throw 1 of 2 (3 PTS)
Westbrook Free Throw 2 of 2 (4 PTS)
",0,0,0,0,2025-03-12,0022400952,0,0,MIN,1,1,-9,08:27,Off Timeout,0,Westbrook Free Throw 2 of 2 (4 PTS),,DEN,MIN,DEN,1610612743,2025,213.0,227.0,220.0,201566|203999|1627750|1629008|1631128,201144|203497|203944|1630162|1630183,2024-25,44.0,4,-5,0.2988505747126437
308435,07:55,"Murray S.FOUL (P1.T3) (M.Ervin)
MISS Randle Free Throw 1 of 2
Timberwolves Rebound
Randle Free Throw 2 of 2 (4 PTS)
",0,0,0,0,2025-03-12,0022400952,0,0,DEN,1,1,7,08:13,Off FT Make,0,Timberwolves Rebound,,DEN,MIN,MIN,1610612750,2025,227.0,245.0,236.0,201144|203497|203944|1630162|1630183,201566|203999|1627750|1629008|1631128,2024-25,60.0,0,7,0.5714285714285714
263355,07:38,"MISS Westbrook 17' Jump Bank Shot
Gobert REBOUND (Off:1 Def:3)
",1,0,0,0,2025-03-12,0022400952,0,0,MIN,1,0,-8,07:55,Off FT Make,0,Gobert REBOUND (Off:1 Def:3),,DEN,MIN,DEN,1610612743,2025,245.0,262.0,253.5,201566|203999|1627750|1629008|1631128,201144|203497|203944|1630162|1630183,2024-25,52.0,0,-8,0.2564102564102564
308432,07:26,"Edwards 8' Turnaround Fadeaway (2 PTS)
",1,1,0,0,2025-03-12,0022400952,0,0,DEN,1,0,8,07:38,Off Long Mid-Range Miss,0,Edwards 8' Turnaround Fadeaway (2 PTS),,DEN,MIN,MIN,1610612750,2025,262.0,274.0,268.0,201144|203497|203944|1630162|1630183,201566|203999|1627750|1629008|1631128,2024-25,64.0,0,10,0.8539325842696629
263353,07:15,"Porter Jr. Cutting Layup Shot (2 PTS) (Jokić 1 AST)
McDaniels S.FOUL (P1.T3) (M.Ervin)
Porter Jr. Free Throw 1 of 1 (3 PTS)
",1,1,0,0,2025-03-12,0022400952,0,0,MIN,1,1,-10,07:26,Off Short Mid-Range Make,0,Porter Jr. Free Throw 1 of 1 (3 PTS),,DEN,MIN,DEN,1610612743,2025,274.0,285.0,279.5,201566|203999|1627750|1629008|1631128,201144|203497|203944|1630162|1630183,2024-25,57.0,3,-5,0.2247191011235955
308430,06:55,"MISS Edwards 26' 3PT Step Back Jump Shot
Jokić REBOUND (Off:0 Def:1)
",0,0,1,0,2025-03-12,0022400952,0,0,DEN,1,0,7,07:15,Off FT Make,0,MISS Edwards 26' 3PT Step Back Jump Shot,,DEN,MIN,MIN,1610612750,2025,285.0,305.0,295.0,201144|203497|203944|1630162|1630183,201566|203999|1627750|1629008|1631128,2024-25,70.0,0,7,0.7671232876712328
263350,06:33,"MISS Jokić 5' Driving Finger Roll Layup
Jokić REBOUND (Off:1 Def:1)
Jokić Tip Layup Shot (2 PTS)
",2,1,0,0,2025-03-12,0022400952,0,1,MIN,1,0,-7,06:55,Off Arc 3 Miss,0,Jokić Tip Layup Shot (2 PTS),,DEN,MIN,DEN,1610612743,2025,305.0,327.0,316.0,201566|203999|1627750|1629008|1631128,201144|203497|203944|1630162|1630183,2024-25,74.0,0,-5,0.20689655172413793
308428,06:20,"MISS Edwards 24' 3PT Jump Shot
Porter Jr. REBOUND (Off:0 Def:1)
",0,0,1,0,2025-03-12,0022400952,0,0,DEN,1,0,5,06:33,Off At Rim Make,0,MISS Edwards 24' 3PT Jump Shot,,DEN,MIN,MIN,1610612750,2025,327.0,340.0,333.5,201144|203497|203944|1630162|1630183,201566|203999|1627750|1629008|1631128,2024-25,75.0,0,5,0.6530612244897959
263347,05:56,"MISS Jokić 25' 3PT Jump Shot
Porter Jr. REBOUND (Off:1 Def:1)
McDaniels S.FOUL (P2.T4) (J.Butler)
MISS Porter Jr. Free Throw 1 of 2
NUGGETS Rebound
Porter Jr. Free Throw 2 of 2 (4 PTS)
",0,0,1,0,2025-03-12,0022400952,0,1,MIN,1,1,-5,06:20,Off Corner 3 Miss,0,Porter Jr. Free Throw 2 of 2 (4 PTS),,DEN,MIN,DEN,1610612743,2025,340.0,364.0,352.0,201566|203999|1627750|1629008|1631128,203497|1628978|1629675|1630162|1630183,2024-25,69.0,4,-1,0.88
308426,05:39,"MISS Edwards 28' 3PT Jump Shot
Porter Jr. REBOUND (Off:1 Def:2)
",0,0,1,0,2025-03-12,0022400952,0,0,DEN,1,0,4,05:56,Off FT Make,0,MISS Edwards 28' 3PT Jump Shot,,DEN,MIN,MIN,1610612750,2025,364.0,381.0,372.5,203497|1628978|1629638|1629675|1630162,201566|203999|1627750|1629008|1631128,2024-25,91.0,0,4,0.35443037974683544
263341,05:33,"Porter Jr. Bad Pass Turnover (P1.T3): Edwards STEAL (1 STL)
",0,0,0,0,2025-03-12,0022400952,0,0,MIN,1,0,-4,05:39,Off Arc 3 Miss,1,Porter Jr. Bad Pass Turnover (P1.T3): Edwards STEAL (1 STL),,DEN,MIN,DEN,1610612743,2025,381.0,387.0,384.0,201566|203999|1627750|1629008|1631128,203497|1628978|1629638|1629675|1630162,2024-25,93.0,0,-4,0.7010309278350515
308425,05:31,"Edwards 1' Running Dunk (4 PTS) (Reid 1 AST)
",1,1,0,0,2025-03-12,0022400952,0,0,DEN,1,0,4,05:33,Off Steal,0,Edwards 1' Running Dunk (4 PTS) (Reid 1 AST),,DEN,MIN,MIN,1610612750,2025,387.0,389.0,388.0,203497|1628978|1629638|1629675|1630162,201566|203999|1627750|1629008|1631128,2024-25,95.0,0,6,0.9010989010989011
263340,05:21,"MISS Braun 3PT Jump Shot
Timberwolves Rebound
",0,0,1,0,2025-03-12,0022400952,0,0,MIN,1,0,-6,05:31,Off At Rim Make,0,Timberwolves Rebound,,DEN,MIN,DEN,1610612743,2025,389.0,399.0,394.0,201566|203999|1627750|1629008|1631128,203497|1628978|1629638|1629675|1630162,2024-25,80.0,0,-6,0.18181818181818182
308424,05:09,"Edwards 3' Driving Layup (6 PTS) (Reid 2 AST)
",1,1,0,0,2025-03-12,0022400952,0,0,DEN,1,0,6,05:21,Off Dead Ball,0,Edwards 3' Driving Layup (6 PTS) (Reid 2 AST),,DEN,MIN,MIN,1610612750,2025,399.0,411.0,405.0,203497|1628978|1629638|1629675|1630162,201566|203999|1627750|1629008|1631128,2024-25,100.0,0,8,0.23255813953488372
263338,04:59,"Jokić 25' 3PT Pullup Jump Shot (5 PTS)
",0,0,1,1,2025-03-12,0022400952,0,0,MIN,1,0,-8,05:09,Off At Rim Make,0,Jokić 25' 3PT Pullup Jump Shot (5 PTS),,DEN,MIN,DEN,1610612743,2025,411.0,421.0,416.0,201566|203999|1627750|1629008|1631128,203497|1628978|1629638|1629675|1630162,2024-25,102.0,0,-5,0.8115942028985508
308423,04:48,"Gobert 1' Cutting Layup Shot (4 PTS) (DiVincenzo 1 AST)
",1,1,0,0,2025-03-12,0022400952,0,0,DEN,1,0,5,04:59,Off Arc 3 Make,0,Gobert 1' Cutting Layup Shot (4 PTS) (DiVincenzo 1 AST),,DEN,MIN,MIN,1610612750,2025,421.0,432.0,426.5,203497|1628978|1629638|1629675|1630162,201566|203999|1627750|1629008|1631128,2024-25,103.0,0,7,0.14814814814814814
263337,04:41,"Jokić Bad Pass Turnover (P1.T4): Reid STEAL (1 STL)
",0,0,0,0,2025-03-12,0022400952,0,0,MIN,1,0,-7,04:48,Off At Rim Make,1,Jokić Bad Pass Turnover (P1.T4): Reid STEAL (1 STL),,DEN,MIN,DEN,1610612743,2025,432.0,439.0,435.5,201566|203999|1627750|1629008|1631128,203497|1628978|1629638|1629675|1630162,2024-25,105.0,0,-7,0.6904761904761905
308422,04:35,"DiVincenzo 28' 3PT Running Pull-Up Jump Shot (3 PTS)
",0,0,1,1,2025-03-12,0022400952,0,0,DEN,1,0,7,04:41,Off Steal,0,DiVincenzo 28' 3PT Running Pull-Up Jump Shot (3 PTS),,DEN,MIN,MIN,1610612750,2025,439.0,445.0,442.0,203497|1628978|1629638|1629675|1630162,201566|203999|1627750|1629008|1631128,2024-25,107.0,0,10,0.2641509433962264
263336,04:17,"Pickett 24' 3PT Jump Shot (3 PTS) (Jokić 2 AST)
",0,0,1,1,2025-03-12,0022400952,0,0,MIN,1,0,-10,04:35,Off Timeout,0,Pickett 24' 3PT Jump Shot (3 PTS) (Jokić 2 AST),,DEN,MIN,DEN,1610612743,2025,445.0,463.0,454.0,203999|1627750|1629618|1630192|1631128,203497|1628978|1629638|1629675|1630162,2024-25,113.0,0,-7,0.7816091954022989
308421,03:57,"MISS DiVincenzo 3PT Jump Shot
Braun REBOUND (Off:0 Def:2)
",0,0,1,0,2025-03-12,0022400952,0,0,DEN,1,0,7,04:17,Off Corner 3 Make,0,Braun REBOUND (Off:0 Def:2),,DEN,MIN,MIN,1610612750,2025,463.0,483.0,473.0,203497|1628978|1629638|1629675|1630162,203999|1627750|1629618|1630192|1631128,2024-25,117.0,0,7,0.25
263335,03:49,"MISS Pickett 25' 3PT Running Jump Shot
Alexander-Walker REBOUND (Off:0 Def:1)
",0,0,1,0,2025-03-12,0022400952,0,0,MIN,1,0,-7,03:57,Off Corner 3 Miss,0,Alexander-Walker REBOUND (Off:0 Def:1),,DEN,MIN,DEN,1610612743,2025,483.0,491.0,487.0,203999|1627750|1629618|1630192|1631128,203497|1628978|1629638|1629675|1630162,2024-25,116.0,0,-7,0.6764705882352942
308419,03:36,"MISS DiVincenzo 12' Driving Floating Jump Shot
DiVincenzo REBOUND (Off:1 Def:0)
MISS DiVincenzo Tip Layup Shot
Jokić REBOUND (Off:1 Def:2)
",2,0,0,0,2025-03-12,0022400952,0,1,DEN,1,0,7,03:49,Off Arc 3 Miss,0,Jokić REBOUND (Off:1 Def:2),,DEN,MIN,MIN,1610612750,2025,491.0,504.0,497.5,203497|1628978|1629638|1629675|1630162,203999|1627750|1629618|1630192|1631128,2024-25,120.0,0,7,0.7096774193548387
263333,03:33,"Jokić 1' Running Dunk (7 PTS)
",1,1,0,0,2025-03-12,0022400952,0,0,MIN,1,0,-7,03:36,Off At Rim Miss,0,Jokić 1' Running Dunk (7 PTS),,DEN,MIN,DEN,1610612743,2025,504.0,507.0,505.5,203999|1627750|1629618|1630192|1631128,203497|1628978|1629638|1629675|1630162,2024-25,123.0,0,-5,0.896551724137931
308415,03:15,"Alexander-Walker 25' 3PT Jump Shot (3 PTS) (DiVincenzo 2 AST)
",0,0,1,1,2025-03-12,0022400952,0,0,DEN,1,0,5,03:33,Off At Rim Make,0,Alexander-Walker 25' 3PT Jump Shot (3 PTS) (DiVincenzo 2 AST),,DEN,MIN,MIN,1610612750,2025,507.0,525.0,516.0,203497|1628978|1629638|1629675|1630162,203999|1627750|1629618|1630192|1631128,2024-25,124.0,0,8,0.8571428571428571
263332,02:50,"MISS Murray 25' 3PT Pullup Jump Shot
Pickett REBOUND (Off:1 Def:0)
MISS Jokić 25' 3PT Jump Shot
Timberwolves Rebound
",0,0,2,0,2025-03-12,0022400952,0,1,MIN,1,0,-8,03:15,Off Corner 3 Make,0,Timberwolves Rebound,,DEN,MIN,DEN,1610612743,2025,525.0,550.0,537.5,203999|1627750|1629618|1630192|1631128,203497|1628978|1629638|1629675|1630162,2024-25,127.0,0,-8,0.34615384615384615
308413,02:32,"MISS Edwards 26' 3PT Pullup Jump Shot
Murray REBOUND (Off:0 Def:3)
",0,0,1,0,2025-03-12,0022400952,0,0,DEN,1,0,8,02:50,Off Dead Ball,0,MISS Edwards 26' 3PT Pullup Jump Shot,,DEN,MIN,MIN,1610612750,2025,550.0,568.0,559.0,203944|1628978|1629638|1629675|1630162,203999|1627750|1629618|1630192|1631128,2024-25,134.0,0,8,0.3409090909090909
263328,02:29,"Jokić 1' Running Dunk (9 PTS) (Murray 2 AST)
",1,1,0,0,2025-03-12,0022400952,0,0,MIN,1,0,-8,02:32,Off Arc 3 Miss,0,Jokić 1' Running Dunk (9 PTS) (Murray 2 AST),,DEN,MIN,DEN,1610612743,2025,568.0,571.0,569.5,203999|1627750|1629618|1630192|1631128,203944|1628978|1629638|1629675|1630162,2024-25,136.0,0,-6,0.9010989010989011
308412,02:23,"Murray STEAL (1 STL): Reid Lost Ball Turnover (P1.T2)
",0,0,0,0,2025-03-12,0022400952,0,0,DEN,1,0,6,02:29,Off At Rim Make,1,Murray STEAL (1 STL): Reid Lost Ball Turnover (P1.T2),,DEN,MIN,MIN,1610612750,2025,571.0,577.0,574.0,203944|1628978|1629638|1629675|1630162,203999|1627750|1629618|1630192|1631128,2024-25,138.0,0,6,0.3157894736842105
263326,02:08,"MISS Murray 5' Running Pull-Up Jump Shot
Nnaji REBOUND (Off:1 Def:0)
MISS Pickett 12' Pullup Jump Shot
Jokić REBOUND (Off:2 Def:2)
Jokić 2' Putback Layup (11 PTS)
",3,1,0,0,2025-03-12,0022400952,0,2,MIN,1,0,-6,02:23,Off Steal,0,Jokić REBOUND (Off:2 Def:2),,DEN,MIN,DEN,1610612743,2025,577.0,592.0,584.5,203999|1627750|1629618|1630192|1631128,203944|1628978|1629638|1629675|1630162,2024-25,144.0,0,-4,0.41379310344827586
308411,01:51,"Randle 12' Turnaround Fadeaway (6 PTS) (DiVincenzo 3 AST)
",1,1,0,0,2025-03-12,0022400952,0,0,DEN,1,0,4,02:08,Off Timeout,0,Randle 12' Turnaround Fadeaway (6 PTS) (DiVincenzo 3 AST),,DEN,MIN,MIN,1610612750,2025,592.0,609.0,600.5,203944|1628978|1629638|1629675|1641740,203999|1629008|1629618|1630192|1631212,2024-25,152.0,0,6,0.34408602150537637
263322,01:38,"Jokić OFF.Foul (P2) (C.Blair)
Jokić Offensive Foul Turnover (P2.T5)
",0,0,0,0,2025-03-12,0022400952,0,0,MIN,1,0,-6,01:51,Off Short Mid-Range Make,1,Jokić Offensive Foul Turnover (P2.T5),,DEN,MIN,DEN,1610612743,2025,609.0,622.0,615.5,203999|1629008|1629618|1630192|1631212,203944|1628978|1629638|1629675|1641740,2024-25,156.0,0,-6,0.2711864406779661
308410,01:30,"DiVincenzo 25' 3PT Jump Shot (6 PTS) (Alexander-Walker 1 AST)
",0,0,1,1,2025-03-12,0022400952,0,0,DEN,1,0,6,01:38,Off Timeout,0,DiVincenzo 25' 3PT Jump Shot (6 PTS) (Alexander-Walker 1 AST),,DEN,MIN,MIN,1610612750,2025,622.0,630.0,626.0,203944|1628978|1629638|1629675|1641740,203999|1629008|1629618|1630192|1631212,2024-25,159.0,0,9,0.8739495798319328
263320,01:13,"Jokić 6' Driving Hook Shot (13 PTS) (Pickett 1 AST)
",1,1,0,0,2025-03-12,0022400952,0,0,MIN,1,0,-9,01:30,Off Arc 3 Make,0,Jokić 6' Driving Hook Shot (13 PTS) (Pickett 1 AST),,DEN,MIN,DEN,1610612743,2025,630.0,647.0,638.5,203999|1629008|1629618|1630192|1631212,203944|1628978|1629638|1629675|1641740,2024-25,161.0,0,-7,0.8932038834951457
308409,01:04,"Randle 27' 3PT Jump Shot (9 PTS) (Alexander-Walker 2 AST)
",0,0,1,1,2025-03-12,0022400952,0,0,DEN,1,0,7,01:13,Off Short Mid-Range Make,0,Randle 27' 3PT Jump Shot (9 PTS) (Alexander-Walker 2 AST),,DEN,MIN,MIN,1610612750,2025,647.0,656.0,651.5,203944|1628978|1629638|1629675|1641740,203999|1629008|1629618|1630192|1631212,2024-25,163.0,0,10,0.8468468468468469
263318,00:49,"MISS Jokić 26' 3PT Jump Shot
Timberwolves Rebound
",0,0,1,0,2025-03-12,0022400952,0,0,MIN,1,0,-10,01:04,Off Arc 3 Make,0,MISS Jokić 26' 3PT Jump Shot,,DEN,MIN,DEN,1610612743,2025,656.0,671.0,663.5,203999|1629008|1629618|1630192|1631212,203944|1628978|1629638|1629675|1641740,2024-25,165.0,0,-10,0.3448275862068966
308407,00:38,"MISS Clark 24' 3PT Jump Shot
Nnaji REBOUND (Off:1 Def:1)
",0,0,1,0,2025-03-12,0022400952,0,0,DEN,1,0,10,00:49,Off Dead Ball,0,MISS Clark 24' 3PT Jump Shot,,DEN,MIN,MIN,1610612750,2025,671.0,682.0,676.5,203944|1628978|1629638|1629675|1641740,203999|1629008|1629618|1630192|1631212,2024-25,168.0,0,10,0.7346938775510204
263317,00:26,"Jokić 4' Driving Layup (15 PTS) (Porter Jr. 1 AST)
",1,1,0,0,2025-03-12,0022400952,0,0,MIN,1,0,-10,00:38,Off Corner 3 Miss,0,Jokić 4' Driving Layup (15 PTS) (Porter Jr. 1 AST),,DEN,MIN,DEN,1610612743,2025,682.0,694.0,688.0,203999|1629008|1629618|1630192|1631212,203944|1628978|1629638|1629675|1641740,2024-25,170.0,0,-8,0.24390243902439024
308405,00:03,"MISS Randle 24' 3PT Jump Shot
Porter Jr. REBOUND (Off:1 Def:3)
",0,0,1,0,2025-03-12,0022400952,0,0,DEN,1,0,8,00:26,Off Short Mid-Range Make,0,MISS Randle 24' 3PT Jump Shot,,DEN,MIN,MIN,1610612750,2025,694.0,717.0,705.5,203944|1628978|1629638|1629675|1641740,203999|1629008|1629618|1630192|1631212,2024-25,172.0,0,8,0.22857142857142856
263316,00:00,"MISS Porter Jr. 31' 3PT Floating Jump Shot
NUGGETS Rebound
",0,0,1,0,2025-03-12,0022400952,0,0,MIN,1,0,-8,00:03,Off Corner 3 Miss,0,NUGGETS Rebound,,DEN,MIN,DEN,1610612743,2025,717.0,720.0,718.5,203999|1629008|1629618|1630192|1631212,203944|1628978|1629638|1629675|1641740,2024-25,175.0,0,-8,0.4
308505,11:45,"Nnaji S.FOUL (P1.T1) (M.Ervin)
MISS Randle Free Throw 1 of 2
Timberwolves Rebound
Randle Free Throw 2 of 2 (10 PTS)
",0,0,0,0,2025-03-12,0022400952,0,0,DEN,2,1,8,12:00,Off Dead Ball,0,Randle Free Throw 2 of 2 (10 PTS),,DEN,MIN,MIN,1610612750,2025,720.0,735.0,727.5,201144|203944|1628978|1629638|1629675,201566|1627750|1629008|1630192|1631212,2024-25,161.0,10,18,0.4
263421,11:25,"MISS Porter Jr. 26' 3PT Pullup Jump Shot
Nnaji REBOUND (Off:2 Def:1)
Nnaji Bad Pass Turnover (P1.T6): Randle STEAL (2 STL)
",0,0,1,0,2025-03-12,0022400952,0,1,MIN,2,0,-9,11:45,Off FT Make,1,Nnaji Bad Pass Turnover (P1.T6): Randle STEAL (2 STL),,DEN,MIN,DEN,1610612743,2025,735.0,755.0,745.0,201566|1627750|1629008|1630192|1631212,201144|203944|1628978|1629638|1629675,2024-25,191.0,0,-9,0.6511627906976745
308501,11:24,"Watson S.FOUL (P1.T2) (C.Blair)
Randle Free Throw 1 of 2 (11 PTS)
Randle Free Throw 2 of 2 (12 PTS)
",0,0,0,0,2025-03-12,0022400952,0,0,DEN,2,1,9,11:25,Off Steal,0,Randle Free Throw 2 of 2 (12 PTS),,DEN,MIN,MIN,1610612750,2025,755.0,756.0,755.5,201144|203944|1628978|1629638|1629675,201566|1627750|1629008|1630192|1631212,2024-25,195.0,12,21,0.18181818181818182
263418,11:17,"Watson OFF.Foul (P2) (J.Butler)
Watson Offensive Foul Turnover (P1.T7)
",0,0,0,0,2025-03-12,0022400952,0,0,MIN,2,0,-11,11:24,Off FT Make,1,Watson Offensive Foul Turnover (P1.T7),,DEN,MIN,DEN,1610612743,2025,756.0,763.0,759.5,201566|1627750|1629008|1630192|1631212,201144|203944|1628978|1629638|1629675,2024-25,199.0,0,-11,0.8974358974358975
308498,11:03,"MISS DiVincenzo 27' 3PT Jump Shot
Watson REBOUND (Off:0 Def:1)
",0,0,1,0,2025-03-12,0022400952,0,0,DEN,2,0,11,11:17,Off Dead Ball,0,Watson REBOUND (Off:0 Def:1),,DEN,MIN,MIN,1610612750,2025,763.0,777.0,770.0,201144|203944|1628978|1629638|1629675,201566|1627750|1629008|1630192|1631212,2024-25,155.0,0,11,0.10256410256410256
263416,10:52,"MISS Murray 6' Driving Floating Jump Shot
Reid REBOUND (Off:0 Def:1)
",1,0,0,0,2025-03-12,0022400952,0,0,MIN,2,0,-11,11:03,Off Arc 3 Miss,0,Reid REBOUND (Off:0 Def:1),,DEN,MIN,DEN,1610612743,2025,777.0,788.0,782.5,201566|1627750|1629008|1630192|1631212,201144|203944|1628978|1629638|1629675,2024-25,201.0,0,-11,0.7719298245614035
308496,10:41,"MISS Reid 4' Driving Layup
Randle REBOUND (Off:1 Def:3)
Randle Offensive Goaltending Turnover (P2.T3)
",1,0,0,0,2025-03-12,0022400952,0,1,DEN,2,0,11,10:52,Off Short Mid-Range Miss,1,Randle Offensive Goaltending Turnover (P2.T3),,DEN,MIN,MIN,1610612750,2025,788.0,799.0,793.5,201144|203944|1628978|1629638|1629675,201566|1627750|1629008|1630192|1631212,2024-25,211.0,0,11,0.9130434782608695
263414,10:28,"Westbrook 14' Pullup Jump Shot (6 PTS) (Murray 3 AST)
",1,1,0,0,2025-03-12,0022400952,0,0,MIN,2,0,-11,10:41,Off Dead Ball,0,Westbrook 14' Pullup Jump Shot (6 PTS) (Murray 3 AST),,DEN,MIN,DEN,1610612743,2025,799.0,812.0,805.5,201566|1627750|1629008|1630192|1631212,201144|203944|1629638|1629675|1630183,2024-25,214.0,0,-9,0.2727272727272727
308493,10:13,"Westbrook STEAL (2 STL): Reid Lost Ball Turnover (P2.T4)
",0,0,0,0,2025-03-12,0022400952,0,0,DEN,2,0,9,10:28,Off Long Mid-Range Make,1,Westbrook STEAL (2 STL): Reid Lost Ball Turnover (P2.T4),,DEN,MIN,MIN,1610612750,2025,812.0,827.0,819.5,201144|203944|1629638|1629675|1630183,201566|1627750|1629008|1630192|1631212,2024-25,216.0,0,9,0.651685393258427
263412,10:06,"MISS Porter Jr. 2' Running Layup
McDaniels REBOUND (Off:0 Def:2)
",1,0,0,0,2025-03-12,0022400952,0,0,MIN,2,0,-9,10:13,Off Steal,0,MISS Porter Jr. 2' Running Layup,,DEN,MIN,DEN,1610612743,2025,827.0,834.0,830.5,201566|1627750|1629008|1630192|1631212,201144|203944|1629638|1629675|1630183,2024-25,218.0,0,-9,0.38095238095238093
308491,09:53,"MISS Alexander-Walker 3' Driving Layup
McDaniels REBOUND (Off:1 Def:2)
McDaniels Tip Layup Shot (6 PTS)
",2,1,0,0,2025-03-12,0022400952,0,1,DEN,2,0,9,10:06,Off At Rim Miss,0,McDaniels REBOUND (Off:1 Def:2),,DEN,MIN,MIN,1610612750,2025,834.0,847.0,840.5,201144|203944|1629638|1629675|1630183,201566|1627750|1629008|1630192|1631212,2024-25,222.0,0,11,0.4918032786885246
308485,09:15,"Nnaji BLOCK (1 BLK): MISS Conley 2' Running Layup
Timberwolves Rebound
Michael Malone Foul:T.FOUL (M.Ervin)
Conley Free Throw Technical (3 PTS)
MISS McDaniels 3PT Jump Shot
Porter Jr. REBOUND (Off:1 Def:4)
",1,0,1,0,2025-03-12,0022400952,0,1,DEN,2,0,11,09:38,Off At Rim Miss,0,Timberwolves Rebound,,DEN,MIN,MIN,1610612750,2025,862.0,885.0,873.5,201144|1629638|1629675|1630183|1641740,201566|1627750|1629008|1630192|1631212,2024-25,227.0,0,11,0.5714285714285714
263409,08:59,"Timberwolves T.Foul (Def. 3 Sec McDaniels ) (M.Ervin)
Murray Free Throw Technical (1 PTS)
Westbrook Out of Bounds - Bad Pass Turnover Turnover (P3.T8)
",0,0,0,0,2025-03-12,0022400952,0,0,MIN,2,0,-12,09:15,Off Corner 3 Miss,1,Westbrook Out of Bounds - Bad Pass Turnover Turnover (P3.T8),,DEN,MIN,DEN,1610612743,2025,885.0,901.0,893.0,201566|1627750|1629008|1630192|1631212,201144|1629638|1629675|1630183|1641740,2024-25,205.0,0,-12,0.1978021978021978
308483,08:41,"MISS Reid 28' 3PT Jump Shot
Conley REBOUND (Off:1 Def:0)
Edwards 26' 3PT Jump Shot (9 PTS) (Conley 3 AST)
",0,0,2,1,2025-03-12,0022400952,0,1,DEN,2,0,11,08:59,Off Dead Ball,0,Edwards 26' 3PT Jump Shot (9 PTS) (Conley 3 AST),,DEN,MIN,MIN,1610612750,2025,901.0,919.0,910.0,201144|1629675|1630162|1630183|1641740,201566|1627750|1629008|1630192|1631212,2024-25,242.0,0,14,0.8172043010752689
263406,08:25,"Westbrook 2' Driving Layup (8 PTS)
",1,1,0,0,2025-03-12,0022400952,0,0,MIN,2,0,-14,08:41,Off Arc 3 Make,0,Westbrook 2' Driving Layup (8 PTS),,DEN,MIN,DEN,1610612743,2025,919.0,935.0,927.0,201566|1627750|1629008|1630192|1631212,201144|1629675|1630162|1630183|1641740,2024-25,244.0,0,-12,0.9117647058823529
308479,08:05,"Nnaji BLOCK (2 BLK): MISS Edwards 12' Turnaround Jump Shot
Westbrook REBOUND (Off:0 Def:1)
",1,0,0,0,2025-03-12,0022400952,0,0,DEN,2,0,12,08:25,Off At Rim Make,0,Nnaji BLOCK (2 BLK): MISS Edwards 12' Turnaround Jump Shot,,DEN,MIN,MIN,1610612750,2025,935.0,955.0,945.0,201144|1629675|1630162|1630183|1641740,201566|1627750|1629008|1630192|1631212,2024-25,246.0,0,12,0.10810810810810811
263405,07:52,"MISS Nnaji 4' Layup: McDaniels BLOCK (1 BLK)
Westbrook REBOUND (Off:1 Def:1)
Westbrook 1' Driving Layup (10 PTS)
",2,1,0,0,2025-03-12,0022400952,0,1,MIN,2,0,-12,08:05,Off Block,0,Westbrook 1' Driving Layup (10 PTS),,DEN,MIN,DEN,1610612743,2025,955.0,968.0,961.5,201566|1627750|1629008|1630192|1631212,201144|1629675|1630162|1630183|1641740,2024-25,251.0,0,-10,0.9142857142857143
308478,07:23,"MISS Edwards 26' 3PT Pullup Jump Shot
Porter Jr. REBOUND (Off:1 Def:5)
",0,0,1,0,2025-03-12,0022400952,0,0,DEN,2,0,10,07:52,Off At Rim Make,0,Porter Jr. REBOUND (Off:1 Def:5),,DEN,MIN,MIN,1610612750,2025,968.0,997.0,982.5,201144|1629675|1630162|1630183|1641740,201566|1627750|1629008|1630192|1631212,2024-25,209.0,0,10,0.2909090909090909
263402,07:06,"Braun 17' Pullup Jump Shot (2 PTS) (Jokić 3 AST)
",1,1,0,0,2025-03-12,0022400952,0,0,MIN,2,0,-10,07:23,Off Arc 3 Miss,0,Braun 17' Pullup Jump Shot (2 PTS) (Jokić 3 AST),,DEN,MIN,DEN,1610612743,2025,997.0,1014.0,1005.5,201566|203999|1629618|1631128|1631212,201144|203497|1629675|1630162|1630183,2024-25,264.0,0,-8,0.17721518987341772
308476,06:51,"MISS Gobert 3' Cutting Finger Roll Layup Shot
Jokić REBOUND (Off:2 Def:3)
",1,0,0,0,2025-03-12,0022400952,0,0,DEN,2,0,8,07:06,Off Long Mid-Range Make,0,Jokić REBOUND (Off:2 Def:3),,DEN,MIN,MIN,1610612750,2025,1014.0,1029.0,1021.5,201144|203497|1629675|1630162|1630183,201566|203999|1629618|1631128|1631212,2024-25,266.0,0,8,0.1791044776119403
263401,06:46,"Reid S.FOUL (P1.T1) (C.Blair)
MISS Braun Free Throw 1 of 2
NUGGETS Rebound
MISS Braun Free Throw 2 of 2
Gobert REBOUND (Off:1 Def:4)
",0,0,0,0,2025-03-12,0022400952,0,0,MIN,2,1,-8,06:51,Off Timeout,0,Gobert REBOUND (Off:1 Def:4),,DEN,MIN,DEN,1610612743,2025,1029.0,1034.0,1031.5,201566|203999|1629618|1631128|1631212,201144|203497|1629675|1630162|1630183,2024-25,275.0,0,-8,0.9
308474,06:28,"Watson BLOCK (1 BLK): MISS Randle 18' Pullup Jump Shot
Watson REBOUND (Off:0 Def:2)
",1,0,0,0,2025-03-12,0022400952,0,0,DEN,2,0,8,06:46,Off FT Miss,0,Watson REBOUND (Off:0 Def:2),,DEN,MIN,MIN,1610612750,2025,1034.0,1052.0,1043.0,201144|203497|203944|1630162|1630183,201566|203999|1629618|1631128|1631212,2024-25,276.0,0,8,0.711864406779661
263396,06:21,"Jokić 5' Hook Shot (17 PTS) (Watson 1 AST)
",1,1,0,0,2025-03-12,0022400952,0,0,MIN,2,0,-8,06:28,Off Block,0,Jokić 5' Hook Shot (17 PTS) (Watson 1 AST),,DEN,MIN,DEN,1610612743,2025,1052.0,1059.0,1055.5,201566|203999|1629618|1631128|1631212,201144|203497|203944|1630162|1630183,2024-25,280.0,0,-6,0.8292682926829268
308472,06:11,"Conley Out of Bounds Lost Ball Turnover (P1.T5)
",0,0,0,0,2025-03-12,0022400952,0,0,DEN,2,0,6,06:21,Off Short Mid-Range Make,1,Conley Out of Bounds Lost Ball Turnover (P1.T5),,DEN,MIN,MIN,1610612750,2025,1059.0,1069.0,1064.0,201144|203497|203944|1630162|1630183,201566|203999|1629618|1631128|1631212,2024-25,282.0,0,6,0.23376623376623376
263395,05:51,"Jokić 8' Turnaround Fadeaway (19 PTS) (Westbrook 1 AST)
",1,1,0,0,2025-03-12,0022400952,0,0,MIN,2,0,-6,06:11,Off Dead Ball,0,Jokić 8' Turnaround Fadeaway (19 PTS) (Westbrook 1 AST),,DEN,MIN,DEN,1610612743,2025,1069.0,1089.0,1079.0,201566|203999|1629618|1631128|1631212,203497|203944|1628978|1630162|1630183,2024-25,285.0,0,-4,0.873015873015873
308471,05:39,"Edwards 27' 3PT Pullup Jump Shot (12 PTS) (Gobert 1 AST)
",0,0,1,1,2025-03-12,0022400952,0,0,DEN,2,0,4,05:51,Off Short Mid-Range Make,0,Edwards 27' 3PT Pullup Jump Shot (12 PTS) (Gobert 1 AST),,DEN,MIN,MIN,1610612750,2025,1089.0,1101.0,1095.0,203497|203944|1628978|1630162|1630183,201566|203999|1629618|1631128|1631212,2024-25,287.0,0,7,0.8333333333333334
263394,05:27,"Westbrook 4' Driving Finger Roll Layup (12 PTS)
",1,1,0,0,2025-03-12,0022400952,0,0,MIN,2,0,-7,05:39,Off Arc 3 Make,0,Westbrook 4' Driving Finger Roll Layup (12 PTS),,DEN,MIN,DEN,1610612743,2025,1101.0,1113.0,1107.0,201566|203999|1629618|1631128|1631212,203497|203944|1628978|1630162|1630183,2024-25,289.0,0,-5,0.9361702127659575
308470,05:06,"DiVincenzo 6' Driving Floating Bank Jump Shot (8 PTS)
",1,1,0,0,2025-03-12,0022400952,0,0,DEN,2,0,5,05:27,Off At Rim Make,0,DiVincenzo 6' Driving Floating Bank Jump Shot (8 PTS),,DEN,MIN,MIN,1610612750,2025,1113.0,1134.0,1123.5,203497|203944|1628978|1630162|1630183,201566|203999|1629618|1631128|1631212,2024-25,290.0,0,7,0.056338028169014086
263393,04:39,"MISS Watson 14' Jump Shot
Edwards REBOUND (Off:0 Def:1)
",1,0,0,0,2025-03-12,0022400952,0,0,MIN,2,0,-7,05:06,Off Short Mid-Range Make,0,Edwards REBOUND (Off:0 Def:1),,DEN,MIN,DEN,1610612743,2025,1134.0,1161.0,1147.5,201566|203999|1629618|1631128|1631212,203497|203944|1628978|1630162|1630183,2024-25,291.0,0,-7,0.17543859649122806
308469,04:25,"Randle 12' Fadeaway Jumper (14 PTS) (DiVincenzo 4 AST)
",1,1,0,0,2025-03-12,0022400952,0,0,DEN,2,0,7,04:39,Off Long Mid-Range Miss,0,Randle 12' Fadeaway Jumper (14 PTS) (DiVincenzo 4 AST),,DEN,MIN,MIN,1610612750,2025,1161.0,1175.0,1168.0,203497|203944|1628978|1630162|1630183,201566|203999|1629618|1631128|1631212,2024-25,293.0,0,9,0.8717948717948718
263391,04:02,"MISS Jokić 6' Turnaround Hook Shot: Gobert BLOCK (1 BLK)
Edwards REBOUND (Off:0 Def:2)
",1,0,0,0,2025-03-12,0022400952,0,0,MIN,2,0,-9,04:25,Off Short Mid-Range Make,0,Edwards REBOUND (Off:0 Def:2),,DEN,MIN,DEN,1610612743,2025,1175.0,1198.0,1186.5,201566|203999|1629618|1631128|1631212,203497|203944|1628978|1630162|1630183,2024-25,295.0,0,-9,0.28169014084507044
308468,03:47,"Edwards Out of Bounds - Bad Pass Turnover Turnover (P1.T6)
",0,0,0,0,2025-03-12,0022400952,0,0,DEN,2,0,9,04:02,Off Block,1,Edwards Out of Bounds - Bad Pass Turnover Turnover (P1.T6),,DEN,MIN,MIN,1610612750,2025,1198.0,1213.0,1205.5,203497|203944|1628978|1630162|1630183,201566|203999|1629618|1631128|1631212,2024-25,298.0,0,9,0.5420560747663551
308467,03:26,"McDaniels 3' Running Layup (8 PTS) (Gobert 2 AST)
",1,1,0,0,2025-03-12,0022400952,0,0,DEN,2,0,9,03:31,Off Corner 3 Miss,0,McDaniels 3' Running Layup (8 PTS) (Gobert 2 AST),,DEN,MIN,MIN,1610612750,2025,1229.0,1234.0,1231.5,203497|203944|1628978|1630162|1630183,203999|1627750|1629008|1629618|1631128,2024-25,307.0,0,11,0.5742574257425742
263385,02:58,"MISS Braun 26' 3PT Step Back Jump Shot
McDaniels REBOUND (Off:1 Def:3)
",0,0,1,0,2025-03-12,0022400952,0,0,MIN,2,0,-11,03:26,Off At Rim Make,0,MISS Braun 26' 3PT Step Back Jump Shot,,DEN,MIN,DEN,1610612743,2025,1234.0,1262.0,1248.0,203999|1627750|1629008|1629618|1631128,203497|203944|1628978|1630162|1630183,2024-25,308.0,0,-11,0.17582417582417584
308466,02:45,"Pickett S.FOUL (P1.T3) (C.Blair)
Edwards Free Throw 1 of 2 (13 PTS)
Edwards Free Throw 2 of 2 (14 PTS)
",0,0,0,0,2025-03-12,0022400952,0,0,DEN,2,1,11,02:58,Off Arc 3 Miss,0,Edwards Free Throw 2 of 2 (14 PTS),,DEN,MIN,MIN,1610612750,2025,1262.0,1275.0,1268.5,203497|203944|1628978|1630162|1630183,203999|1627750|1629008|1629618|1631128,2024-25,317.0,14,25,0.3384615384615385
263384,02:28,"MISS Murray 26' 3PT Jump Shot
Gobert REBOUND (Off:1 Def:6)
",0,0,1,0,2025-03-12,0022400952,0,0,MIN,2,0,-13,02:45,Off Timeout,0,Gobert REBOUND (Off:1 Def:6),,DEN,MIN,DEN,1610612743,2025,1275.0,1292.0,1283.5,201566|203999|1627750|1629008|1631128,203497|203944|1628978|1630162|1630183,2024-25,319.0,0,-13,0.08
308463,02:16,"MISS DiVincenzo 29' 3PT Jump Shot
Braun REBOUND (Off:0 Def:3)
",0,0,1,0,2025-03-12,0022400952,0,0,DEN,2,0,13,02:28,Off Arc 3 Miss,0,Braun REBOUND (Off:0 Def:3),,DEN,MIN,MIN,1610612750,2025,1292.0,1304.0,1298.0,203497|203944|1628978|1630162|1630183,201566|203999|1627750|1629008|1631128,2024-25,320.0,0,13,0.38596491228070173
263382,02:13,"Jokić Bad Pass Turnover (P3.T9): McDaniels STEAL (1 STL)
",0,0,0,0,2025-03-12,0022400952,0,0,MIN,2,0,-13,02:16,Off Arc 3 Miss,1,Jokić Bad Pass Turnover (P3.T9): McDaniels STEAL (1 STL),,DEN,MIN,DEN,1610612743,2025,1304.0,1307.0,1305.5,201566|203999|1627750|1629008|1631128,203497|203944|1628978|1630162|1630183,2024-25,323.0,0,-13,0.6292134831460674
308461,02:02,"Jokić STEAL (1 STL): Randle Bad Pass Turnover (P3.T7)
",0,0,0,0,2025-03-12,0022400952,0,0,DEN,2,0,13,02:13,Off Steal,1,Jokić STEAL (1 STL): Randle Bad Pass Turnover (P3.T7),,DEN,MIN,MIN,1610612750,2025,1307.0,1318.0,1312.5,203497|203944|1628978|1630162|1630183,201566|203999|1627750|1629008|1631128,2024-25,325.0,0,13,0.7126436781609196
263381,01:57,"Westbrook 24' 3PT Running Pull-Up Jump Shot (15 PTS) (Porter Jr. 2 AST)
",0,0,1,1,2025-03-12,0022400952,0,0,MIN,2,0,-13,02:02,Off Steal,0,Westbrook 24' 3PT Running Pull-Up Jump Shot (15 PTS) (Porter Jr. 2 AST),,DEN,MIN,DEN,1610612743,2025,1318.0,1323.0,1320.5,201566|203999|1627750|1629008|1631128,203497|203944|1628978|1630162|1630183,2024-25,327.0,0,-10,0.2376237623762376
308460,01:31,"Gobert 2' Cutting Layup Shot (6 PTS) (Edwards 2 AST)
",1,1,0,0,2025-03-12,0022400952,0,0,DEN,2,0,10,01:57,Off Corner 3 Make,0,Gobert 2' Cutting Layup Shot (6 PTS) (Edwards 2 AST),,DEN,MIN,MIN,1610612750,2025,1323.0,1349.0,1336.0,203497|203944|1628978|1630162|1630183,201566|203999|1627750|1629008|1631128,2024-25,329.0,0,12,0.8627450980392157
263380,01:16,"Jokić 6' Floating Jump Shot (21 PTS) (Murray 4 AST)
",1,1,0,0,2025-03-12,0022400952,0,0,MIN,2,0,-12,01:31,Off At Rim Make,0,Jokić 6' Floating Jump Shot (21 PTS) (Murray 4 AST),,DEN,MIN,DEN,1610612743,2025,1349.0,1364.0,1356.5,201566|203999|1627750|1629008|1631128,203497|203944|1628978|1630162|1630183,2024-25,331.0,0,-10,0.9444444444444444
308456,00:57,"Braun S.FOUL (P1.T4) (J.Butler)
MISS Gobert Free Throw 1 of 2
Timberwolves Rebound
Gobert Free Throw 2 of 2 (7 PTS)
",0,0,0,0,2025-03-12,0022400952,0,0,DEN,2,1,10,01:16,Off Short Mid-Range Make,0,Braun S.FOUL (P1.T4) (J.Butler),,DEN,MIN,MIN,1610612750,2025,1364.0,1383.0,1373.5,203497|203944|1628978|1630162|1630183,201566|203999|1627750|1629008|1631128,2024-25,295.0,0,10,0.36666666666666664
263379,00:44,"Westbrook 2' Driving Finger Roll Layup (17 PTS) (Murray 5 AST)
",1,1,0,0,2025-03-12,0022400952,0,0,MIN,2,0,-11,00:57,Off FT Make,0,Westbrook 2' Driving Finger Roll Layup (17 PTS) (Murray 5 AST),,DEN,MIN,DEN,1610612743,2025,1383.0,1396.0,1389.5,201566|203999|1627750|1629008|1631128,203497|203944|1628978|1630162|1630183,2024-25,338.0,0,-9,0.22916666666666666
308455,00:20,"MISS McDaniels 8' Pullup Jump Shot
Jokić REBOUND (Off:2 Def:4)
",1,0,0,0,2025-03-12,0022400952,0,0,DEN,2,0,9,00:44,Off At Rim Make,0,Jokić REBOUND (Off:2 Def:4),,DEN,MIN,MIN,1610612750,2025,1396.0,1420.0,1408.0,203497|203944|1628978|1630162|1630183,201566|203999|1627750|1629008|1631128,2024-25,410.0,0,9,0.2857142857142857
263378,00:00,"MISS Murray 3' Driving Finger Roll Layup
NUGGETS Rebound
",1,0,0,0,2025-03-12,0022400952,0,0,MIN,2,0,-9,00:20,Off Short Mid-Range Miss,0,NUGGETS Rebound,,DEN,MIN,DEN,1610612743,2025,1420.0,1440.0,1430.0,201566|203999|1627750|1629008|1631128,203497|203944|1628978|1630162|1630183,2024-25,344.0,0,-9,0.5405405405405406
308548,11:45,"Conley 3PT Jump Shot (6 PTS) (Randle 1 AST)
",0,0,1,1,2025-03-12,0022400952,0,0,DEN,3,0,9,12:00,Off Dead Ball,0,Conley 3PT Jump Shot (6 PTS) (Randle 1 AST),,DEN,MIN,MIN,1610612750,2025,1440.0,1455.0,1447.5,201144|203497|203944|1630162|1630183,201566|203999|1627750|1629008|1631128,2024-25,349.0,0,12,0.4074074074074074
263464,11:23,"Porter Jr. 11' Driving Floating Jump Shot (6 PTS) (Jokić 4 AST)
",1,1,0,0,2025-03-12,0022400952,0,0,MIN,3,0,-12,11:45,Off Corner 3 Make,0,Porter Jr. 11' Driving Floating Jump Shot (6 PTS) (Jokić 4 AST),,DEN,MIN,DEN,1610612743,2025,1455.0,1477.0,1466.0,201566|203999|1627750|1629008|1631128,201144|203497|203944|1630162|1630183,2024-25,351.0,0,-10,0.2268041237113402
308546,10:54,"Westbrook P.FOUL (P1.T1) (M.Ervin)
Edwards Out of Bounds Lost Ball Turnover (P2.T8)
",0,0,0,0,2025-03-12,0022400952,0,0,DEN,3,0,10,11:23,Off Short Mid-Range Make,1,Westbrook P.FOUL (P1.T1) (M.Ervin),,DEN,MIN,MIN,1610612750,2025,1477.0,1506.0,1491.5,201144|203497|203944|1630162|1630183,201566|203999|1627750|1629008|1631128,2024-25,355.0,0,10,0.29411764705882354
263463,10:47,"Jokić 3' Driving Layup (23 PTS)
Gobert S.FOUL (P2.T1) (J.Butler)
Jokić Free Throw 1 of 1 (24 PTS)
",1,1,0,0,2025-03-12,0022400952,0,0,MIN,3,1,-10,10:54,Off Dead Ball,0,Jokić Free Throw 1 of 1 (24 PTS),,DEN,MIN,DEN,1610612743,2025,1506.0,1513.0,1509.5,201566|203999|1627750|1629008|1631128,201144|203497|203944|1630162|1630183,2024-25,359.0,24,16,0.3283582089552239
308545,10:22,"MISS McDaniels 25' 3PT Jump Shot
Westbrook REBOUND (Off:1 Def:2)
",0,0,1,0,2025-03-12,0022400952,0,0,DEN,3,0,7,10:47,Off FT Make,0,Westbrook REBOUND (Off:1 Def:2),,DEN,MIN,MIN,1610612750,2025,1513.0,1538.0,1525.5,201144|203497|203944|1630162|1630183,201566|203999|1627750|1629008|1631128,2024-25,454.0,0,7,0.7096774193548387
263460,10:19,"Braun 1' Running Alley Oop Dunk Shot (4 PTS) (Murray 6 AST)
",1,1,0,0,2025-03-12,0022400952,0,0,MIN,3,0,-7,10:22,Off Arc 3 Miss,0,Braun 1' Running Alley Oop Dunk Shot (4 PTS) (Murray 6 AST),,DEN,MIN,DEN,1610612743,2025,1538.0,1541.0,1539.5,201566|203999|1627750|1629008|1631128,201144|203497|203944|1630162|1630183,2024-25,362.0,0,-5,0.21951219512195122
308543,10:05,"Randle 4' Driving Floating Bank Jump Shot (16 PTS) (Conley 4 AST)
",1,1,0,0,2025-03-12,0022400952,0,0,DEN,3,0,5,10:19,Off Timeout,0,Randle 4' Driving Floating Bank Jump Shot (16 PTS) (Conley 4 AST),,DEN,MIN,MIN,1610612750,2025,1541.0,1555.0,1548.0,201144|203497|203944|1630162|1630183,201566|203999|1627750|1629008|1631128,2024-25,365.0,0,7,0.5641025641025641
263459,09:44,"MISS Jokić 9' Turnaround Fadeaway Shot
Porter Jr. REBOUND (Off:2 Def:5)
Porter Jr. Tip Layup Shot (8 PTS)
",2,1,0,0,2025-03-12,0022400952,0,1,MIN,3,0,-7,10:05,Off Short Mid-Range Make,0,Porter Jr. Tip Layup Shot (8 PTS),,DEN,MIN,DEN,1610612743,2025,1555.0,1576.0,1565.5,201566|203999|1627750|1629008|1631128,201144|203497|203944|1630162|1630183,2024-25,369.0,0,-5,0.14545454545454545
308542,09:30,"Edwards 26' 3PT Pullup Jump Shot (17 PTS) (Randle 2 AST)
",0,0,1,1,2025-03-12,0022400952,0,0,DEN,3,0,5,09:44,Off At Rim Make,0,Edwards 26' 3PT Pullup Jump Shot (17 PTS) (Randle 2 AST),,DEN,MIN,MIN,1610612750,2025,1576.0,1590.0,1583.0,201144|203497|203944|1630162|1630183,201566|203999|1627750|1629008|1631128,2024-25,370.0,0,8,0.18556701030927836
263456,09:06,"Murray 6' Driving Floating Bank Jump Shot (3 PTS)
",1,1,0,0,2025-03-12,0022400952,0,0,MIN,3,0,-8,09:30,Off Arc 3 Make,0,Murray 6' Driving Floating Bank Jump Shot (3 PTS),,DEN,MIN,DEN,1610612743,2025,1590.0,1614.0,1602.0,201566|203999|1627750|1629008|1631128,201144|203497|203944|1630162|1630183,2024-25,372.0,0,-6,0.2653061224489796
308541,08:37,"MISS Gobert 3' Cutting Layup Shot
Timberwolves Rebound
Braun L.B.FOUL (P2.T2) (M.Ervin)
McDaniels 24' 3PT Jump Shot (11 PTS) (Edwards 3 AST)
",1,0,1,1,2025-03-12,0022400952,0,1,DEN,3,0,6,09:06,Off Short Mid-Range Make,0,McDaniels 24' 3PT Jump Shot (11 PTS) (Edwards 3 AST),,DEN,MIN,MIN,1610612750,2025,1614.0,1643.0,1628.5,201144|203497|203944|1630162|1630183,201566|203999|1627750|1629008|1631128,2024-25,377.0,0,9,0.3238095238095238
263455,08:24,"Murray 7' Driving Floating Bank Jump Shot (5 PTS)
",1,1,0,0,2025-03-12,0022400952,0,0,MIN,3,0,-9,08:37,Off Corner 3 Make,0,Murray 7' Driving Floating Bank Jump Shot (5 PTS),,DEN,MIN,DEN,1610612743,2025,1643.0,1656.0,1649.5,201566|203999|1627750|1629008|1631128,201144|203497|203944|1630162|1630183,2024-25,379.0,0,-7,0.34210526315789475
308537,07:54,"McDaniels 3PT Jump Shot (14 PTS) (Edwards 4 AST)
",0,0,1,1,2025-03-12,0022400952,0,0,DEN,3,0,7,08:24,Off Short Mid-Range Make,0,McDaniels 3PT Jump Shot (14 PTS) (Edwards 4 AST),,DEN,MIN,MIN,1610612750,2025,1656.0,1686.0,1671.0,201144|203497|203944|1630162|1630183,201566|203999|1627750|1629008|1631128,2024-25,380.0,0,10,0.5454545454545454
263454,07:33,"Edwards P.FOUL (P2.T2) (C.Blair)
MISS Murray 24' 3PT Fadeaway Jumper
Edwards REBOUND (Off:0 Def:3)
",0,0,1,0,2025-03-12,0022400952,0,0,MIN,3,0,-10,07:54,Off Corner 3 Make,0,Edwards REBOUND (Off:0 Def:3),,DEN,MIN,DEN,1610612743,2025,1686.0,1707.0,1696.5,201566|203999|1627750|1629008|1631128,201144|203497|203944|1630162|1630183,2024-25,400.0,0,-10,0.14814814814814814
308536,07:22,"Conley 6' Driving Hook Shot (8 PTS)
",1,1,0,0,2025-03-12,0022400952,0,0,DEN,3,0,10,07:33,Off Corner 3 Miss,0,Conley 6' Driving Hook Shot (8 PTS),,DEN,MIN,MIN,1610612750,2025,1707.0,1718.0,1712.5,201144|203497|1629675|1630162|1630183,201566|203999|1627750|1629008|1631128,2024-25,388.0,0,12,0.3582089552238806
263451,07:12,"Jokić 26' 3PT Pullup Jump Shot (27 PTS)
",0,0,1,1,2025-03-12,0022400952,0,0,MIN,3,0,-12,07:22,Off Short Mid-Range Make,0,Jokić 26' 3PT Pullup Jump Shot (27 PTS),,DEN,MIN,DEN,1610612743,2025,1718.0,1728.0,1723.0,201566|203999|1627750|1629008|1631128,201144|203497|1629675|1630162|1630183,2024-25,389.0,0,-9,0.2898550724637681
308535,06:58,"MISS Conley 25' 3PT Pullup Jump Shot
Gobert REBOUND (Off:2 Def:6)
Gobert 1' Putback Layup (9 PTS)
",1,1,1,0,2025-03-12,0022400952,0,1,DEN,3,0,9,07:12,Off Arc 3 Make,0,Gobert 1' Putback Layup (9 PTS),,DEN,MIN,MIN,1610612750,2025,1728.0,1742.0,1735.0,201144|203497|1629675|1630162|1630183,201566|203999|1627750|1629008|1631128,2024-25,392.0,0,11,0.20588235294117646
263450,06:35,"MISS Jokić 25' 3PT Jump Shot
Edwards REBOUND (Off:0 Def:4)
",0,0,1,0,2025-03-12,0022400952,0,0,MIN,3,0,-11,06:58,Off At Rim Make,0,Edwards REBOUND (Off:0 Def:4),,DEN,MIN,DEN,1610612743,2025,1742.0,1765.0,1753.5,201566|203999|1627750|1629008|1631128,203497|1629638|1629675|1630162|1630183,2024-25,425.0,0,-11,0.7666666666666667
308531,06:12,"MISS Edwards 27' 3PT Pullup Jump Shot
Alexander-Walker REBOUND (Off:1 Def:1)
Reid 24' 3PT Jump Shot (3 PTS) (Alexander-Walker 3 AST)
",0,0,2,1,2025-03-12,0022400952,0,1,DEN,3,0,11,06:35,Off Arc 3 Miss,0,Alexander-Walker REBOUND (Off:1 Def:1),,DEN,MIN,MIN,1610612750,2025,1765.0,1788.0,1776.5,203497|1629638|1629675|1630162|1630183,201566|203999|1627750|1629008|1631128,2024-25,400.0,0,14,0.35135135135135137
263448,05:57,"Murray 3' Driving Layup (7 PTS)
",1,1,0,0,2025-03-12,0022400952,0,0,MIN,3,0,-14,06:12,Off Arc 3 Make,0,Murray 3' Driving Layup (7 PTS),,DEN,MIN,DEN,1610612743,2025,1788.0,1803.0,1795.5,201566|203999|1627750|1629008|1631128,203497|1629638|1629675|1630162|1630183,2024-25,402.0,0,-12,0.4788732394366197
308529,05:31,"Edwards Out of Bounds - Bad Pass Turnover Turnover (P3.T9)
",0,0,0,0,2025-03-12,0022400952,0,0,DEN,3,0,12,05:57,Off At Rim Make,1,Edwards Out of Bounds - Bad Pass Turnover Turnover (P3.T9),,DEN,MIN,MIN,1610612750,2025,1803.0,1829.0,1816.0,203497|1629638|1629675|1630162|1630183,201566|203999|1627750|1629008|1631128,2024-25,403.0,0,12,0.2247191011235955
263447,05:08,"MISS Jokić 9' Pullup Jump Shot
Porter Jr. REBOUND (Off:3 Def:5)
MISS Porter Jr. Tip Layup Shot
McDaniels REBOUND (Off:1 Def:4)
",2,0,0,0,2025-03-12,0022400952,0,1,MIN,3,0,-12,05:31,Off Dead Ball,0,McDaniels REBOUND (Off:1 Def:4),,DEN,MIN,DEN,1610612743,2025,1829.0,1852.0,1840.5,201566|203999|1627750|1629008|1631128,203497|1629638|1629675|1630162|1630183,2024-25,405.0,0,-12,0.24324324324324326
308528,04:55,"MISS Edwards 10' Turnaround Fadeaway Bank Jump Shot
Porter Jr. REBOUND (Off:3 Def:6)
",1,0,0,0,2025-03-12,0022400952,0,0,DEN,3,0,12,05:08,Off At Rim Miss,0,Porter Jr. REBOUND (Off:3 Def:6),,DEN,MIN,MIN,1610612750,2025,1852.0,1865.0,1858.5,203497|1629638|1629675|1630162|1630183,201566|203999|1627750|1629008|1631128,2024-25,407.0,0,12,0.7301587301587301
263443,04:44,"MISS Westbrook 25' 3PT Jump Shot
Reid REBOUND (Off:0 Def:3)
",0,0,1,0,2025-03-12,0022400952,0,0,MIN,3,0,-12,04:55,Off Short Mid-Range Miss,0,Reid REBOUND (Off:0 Def:3),,DEN,MIN,DEN,1610612743,2025,1865.0,1876.0,1870.5,201566|203999|1627750|1629008|1631128,203497|1629638|1629675|1630162|1630183,2024-25,409.0,0,-12,0.7017543859649122
308525,04:17,"MISS Edwards 6' Driving Floating Bank Jump Shot
Gobert REBOUND (Off:3 Def:6)
Westbrook P.FOUL (P2.T3) (C.Blair)
DiVincenzo 1' Driving Finger Roll Layup (10 PTS) (Alexander-Walker 4 AST)
",2,1,0,0,2025-03-12,0022400952,0,1,DEN,3,0,12,04:44,Off Arc 3 Miss,0,Westbrook P.FOUL (P2.T3) (C.Blair),,DEN,MIN,MIN,1610612750,2025,1876.0,1903.0,1889.5,203497|1629638|1629675|1630162|1630183,201566|203999|1627750|1629008|1631128,2024-25,440.0,0,14,0.2807017543859649
263440,04:06,"MISS Murray 4' Driving Layup
Murray REBOUND (Off:1 Def:3)
Reid S.FOUL (P2.T3) (C.Blair)
Murray Free Throw 1 of 2 (8 PTS)
Murray Free Throw 2 of 2 (9 PTS)
",1,0,0,0,2025-03-12,0022400952,0,1,MIN,3,1,-14,04:17,Off At Rim Make,0,Murray Free Throw 1 of 2 (8 PTS),,DEN,MIN,DEN,1610612743,2025,1903.0,1914.0,1908.5,203999|1627750|1629008|1629618|1630192,203497|1628978|1629638|1629675|1630162,2024-25,398.0,8,-6,0.36363636363636365
308522,03:46,"Edwards 1' Driving Layup (19 PTS)
",1,1,0,0,2025-03-12,0022400952,0,0,DEN,3,0,12,04:06,Off FT Make,0,Edwards 1' Driving Layup (19 PTS),,DEN,MIN,MIN,1610612750,2025,1914.0,1934.0,1924.0,203497|1628978|1629638|1629675|1630162,203999|1627750|1629618|1630192|1631212,2024-25,442.0,0,14,0.38235294117647056
263436,03:25,"Murray 28' 3PT Pullup Jump Shot (12 PTS)
",0,0,1,1,2025-03-12,0022400952,0,0,MIN,3,0,-14,03:46,Off At Rim Make,0,Murray 28' 3PT Pullup Jump Shot (12 PTS),,DEN,MIN,DEN,1610612743,2025,1934.0,1955.0,1944.5,203999|1627750|1629618|1630192|1631212,203497|1628978|1629638|1629675|1630162,2024-25,433.0,0,-11,0.22950819672131148
308518,02:56,"MISS DiVincenzo 26' 3PT Jump Shot
Timberwolves Rebound
Murray L.B.FOUL (P2.T4) (C.Blair)
Edwards 26' 3PT Pullup Jump Shot (22 PTS) (Gobert 3 AST)
",0,0,2,1,2025-03-12,0022400952,0,1,DEN,3,0,11,03:25,Off Arc 3 Make,0,MISS DiVincenzo 26' 3PT Jump Shot,,DEN,MIN,MIN,1610612750,2025,1955.0,1984.0,1969.5,203497|1628978|1629638|1629675|1630162,203999|1627750|1629618|1630192|1631212,2024-25,439.0,0,14,0.16326530612244897
263434,02:36,"Gobert S.FOUL (P3.T4) (C.Blair)
Jokić Free Throw 1 of 2 (28 PTS)
Jokić Free Throw 2 of 2 (29 PTS)
",0,0,0,0,2025-03-12,0022400952,0,0,MIN,3,1,-14,02:56,Off Arc 3 Make,0,Jokić Free Throw 1 of 2 (28 PTS),,DEN,MIN,DEN,1610612743,2025,1984.0,2004.0,1994.0,203999|1627750|1629618|1630192|1631212,203497|1628978|1629638|1629675|1630162,2024-25,448.0,28,14,0.23255813953488372
308517,02:19,"Pickett STEAL (1 STL): Randle Bad Pass Turnover (P4.T10)
",0,0,0,0,2025-03-12,0022400952,0,0,DEN,3,0,12,02:36,Off Timeout,1,Pickett STEAL (1 STL): Randle Bad Pass Turnover (P4.T10),,DEN,MIN,MIN,1610612750,2025,2004.0,2021.0,2012.5,203944|1628978|1629638|1629675|1630162,203999|1627750|1629618|1631128|1631212,2024-25,450.0,0,12,0.13636363636363635
263432,01:57,"MISS Murray 8' Driving Floating Bank Jump Shot
Jokić REBOUND (Off:3 Def:4)
MISS Jokić Tip Layup Shot
Alexander-Walker REBOUND (Off:1 Def:2)
",2,0,0,0,2025-03-12,0022400952,0,1,MIN,3,0,-12,02:19,Off Steal,0,Alexander-Walker REBOUND (Off:1 Def:2),,DEN,MIN,DEN,1610612743,2025,2021.0,2043.0,2032.0,203999|1627750|1629618|1631128|1631212,203944|1628978|1629638|1629675|1630162,2024-25,453.0,0,-12,0.3076923076923077
308515,01:46,"MISS Randle 26' 3PT Jump Shot
Watson REBOUND (Off:0 Def:3)
",0,0,1,0,2025-03-12,0022400952,0,0,DEN,3,0,12,01:57,Off At Rim Miss,0,MISS Randle 26' 3PT Jump Shot,,DEN,MIN,MIN,1610612750,2025,2043.0,2054.0,2048.5,203944|1628978|1629638|1629675|1630162,203999|1627750|1629618|1631128|1631212,2024-25,456.0,0,12,0.24561403508771928
263428,01:35,"MISS Watson 24' 3PT Jump Shot
DiVincenzo REBOUND (Off:1 Def:1)
",0,0,1,0,2025-03-12,0022400952,0,0,MIN,3,0,-12,01:46,Off Arc 3 Miss,0,DiVincenzo REBOUND (Off:1 Def:1),,DEN,MIN,DEN,1610612743,2025,2054.0,2065.0,2059.5,203999|1627750|1629618|1631128|1631212,203944|1628978|1629638|1629675|1630162,2024-25,457.0,0,-12,0.32558139534883723
308514,01:13,"Edwards Driving Layup (24 PTS)
Watson S.FOUL (P3.PN) (C.Blair)
MISS Edwards Free Throw 1 of 1
Timberwolves Rebound
Randle 1' Driving Floating Bank Jump Shot (18 PTS) (Edwards 5 AST)
",2,2,0,0,2025-03-12,0022400952,0,1,DEN,3,1,12,01:35,Off Corner 3 Miss,0,Randle 1' Driving Floating Bank Jump Shot (18 PTS) (Edwards 5 AST),,DEN,MIN,MIN,1610612750,2025,2065.0,2087.0,2076.0,203944|1628978|1629638|1629675|1630162,203999|1627750|1629618|1631128|1631212,2024-25,466.0,0,16,0.3711340206185567
263425,01:00,"MISS Braun 21' Jump Shot
Reid REBOUND (Off:0 Def:4)
",1,0,0,0,2025-03-12,0022400952,0,0,MIN,3,0,-16,01:13,Off At Rim Make,0,MISS Braun 21' Jump Shot,,DEN,MIN,DEN,1610612743,2025,2087.0,2100.0,2093.5,203999|1627750|1629618|1631128|1631212,203944|1628978|1629638|1629675|1630162,2024-25,468.0,0,-16,0.41509433962264153
308509,00:38,"MISS Edwards 28' 3PT Jump Shot
Murray REBOUND (Off:1 Def:4)
",0,0,1,0,2025-03-12,0022400952,0,0,DEN,3,0,16,01:00,Off Long Mid-Range Miss,0,Murray REBOUND (Off:1 Def:4),,DEN,MIN,MIN,1610612750,2025,2100.0,2122.0,2111.0,203944|1628978|1629638|1629675|1630162,203999|1627750|1629618|1631128|1631212,2024-25,469.0,0,16,0.2564102564102564
263424,00:25,"Reid S.FOUL (P3.PN) (C.Blair)
Jokić Free Throw 1 of 2 (30 PTS)
Jokić Free Throw 2 of 2 (31 PTS)
",0,0,0,0,2025-03-12,0022400952,0,0,MIN,3,1,-16,00:38,Off Arc 3 Miss,0,Jokić Free Throw 2 of 2 (31 PTS),,DEN,MIN,DEN,1610612743,2025,2122.0,2135.0,2128.5,203999|1627750|1629618|1631128|1631212,203944|1628978|1629638|1629675|1630162,2024-25,474.0,31,15,0.2807017543859649
308506,00:01,"MISS Alexander-Walker 13' Pullup Jump Shot
Pickett REBOUND (Off:1 Def:1)
",1,0,0,0,2025-03-12,0022400952,0,0,DEN,3,0,14,00:25,Off FT Make,0,MISS Alexander-Walker 13' Pullup Jump Shot,,DEN,MIN,MIN,1610612750,2025,2135.0,2159.0,2147.0,203944|1628978|1629638|1629675|1630162,201566|203999|1629618|1631128|1631212,2024-25,478.0,0,14,0.2988505747126437
263510,11:38,"MISS Watson 24' 3PT Jump Shot
DiVincenzo REBOUND (Off:1 Def:2)
",0,0,1,0,2025-03-12,0022400952,0,0,MIN,4,0,-14,12:00,Off Dead Ball,0,MISS Watson 24' 3PT Jump Shot,,DEN,MIN,DEN,1610612743,2025,2160.0,2182.0,2171.0,201566|203999|1629008|1629618|1631212,201144|203944|1628978|1629675|1630183,2024-25,490.0,0,-14,0.2857142857142857
308592,11:17,"Randle 13' Turnaround Fadeaway (20 PTS)
",1,1,0,0,2025-03-12,0022400952,0,0,DEN,4,0,14,11:38,Off Corner 3 Miss,0,Randle 13' Turnaround Fadeaway (20 PTS),,DEN,MIN,MIN,1610612750,2025,2182.0,2203.0,2192.5,201144|203944|1628978|1629675|1630183,201566|203999|1629008|1629618|1631212,2024-25,492.0,0,16,0.3582089552238806
263507,10:51,"Randle P.FOUL (P2.T1) (J.Butler)
MISS Porter Jr. 26' 3PT Step Back Jump Shot
DiVincenzo REBOUND (Off:1 Def:3)
",0,0,1,0,2025-03-12,0022400952,0,0,MIN,4,0,-16,11:17,Off Short Mid-Range Make,0,Randle P.FOUL (P2.T1) (J.Butler),,DEN,MIN,DEN,1610612743,2025,2203.0,2229.0,2216.0,201566|203999|1629008|1629618|1631212,201144|203944|1628978|1629675|1630183,2024-25,496.0,0,-16,0.20689655172413793
308591,10:42,"Randle 1' Driving Floating Bank Jump Shot (22 PTS)
",1,1,0,0,2025-03-12,0022400952,0,0,DEN,4,0,16,10:51,Off Arc 3 Miss,0,Randle 1' Driving Floating Bank Jump Shot (22 PTS),,DEN,MIN,MIN,1610612750,2025,2229.0,2238.0,2233.5,201144|203944|1628978|1629675|1630183,201566|203999|1629008|1629618|1631212,2024-25,498.0,0,18,0.20253164556962025
263506,10:33,"MISS Watson 2' Layup: DiVincenzo BLOCK (1 BLK)
Timberwolves Rebound
",1,0,0,0,2025-03-12,0022400952,0,0,MIN,4,0,-18,10:42,Off At Rim Make,0,Timberwolves Rebound,,DEN,MIN,DEN,1610612743,2025,2238.0,2247.0,2242.5,201566|203999|1629008|1629618|1631212,201144|203944|1628978|1629675|1630183,2024-25,506.0,0,-18,0.2702702702702703
308589,10:11,"MISS McDaniels 9' Fadeaway Jumper
Timberwolves Rebound
Westbrook STEAL (3 STL): Conley Bad Pass Turnover (P2.T11)
",1,0,0,0,2025-03-12,0022400952,0,1,DEN,4,0,18,10:33,Off Timeout,1,Timberwolves Rebound,,DEN,MIN,MIN,1610612750,2025,2247.0,2269.0,2258.0,201144|203944|1628978|1629675|1630183,201566|203999|1627750|1629008|1631128,2024-25,505.0,0,18,0.2564102564102564
263502,10:07,"Reid S.FOUL (P4.T2) (C.Blair)
Porter Jr. Free Throw 1 of 2 (9 PTS)
Porter Jr. Free Throw 2 of 2 (10 PTS)
",0,0,0,0,2025-03-12,0022400952,0,0,MIN,4,1,-18,10:11,Off Steal,0,Reid S.FOUL (P4.T2) (C.Blair),,DEN,MIN,DEN,1610612743,2025,2269.0,2273.0,2271.0,201566|203999|1627750|1629008|1631128,201144|203944|1628978|1629675|1630183,2024-25,514.0,0,-18,0.2903225806451613
308587,09:34,"MISS Reid 28' 3PT Jump Shot
McDaniels REBOUND (Off:2 Def:4)
Reid 1' Driving Layup (5 PTS) (Randle 3 AST)
",1,1,1,0,2025-03-12,0022400952,0,1,DEN,4,0,16,10:07,Off FT Make,0,Reid 1' Driving Layup (5 PTS) (Randle 3 AST),,DEN,MIN,MIN,1610612750,2025,2273.0,2306.0,2289.5,201144|203944|1628978|1629675|1630183,201566|203999|1627750|1629008|1631128,2024-25,521.0,0,18,0.5849056603773585
263501,09:21,"MISS Braun 2' Driving Layup: DiVincenzo BLOCK (2 BLK)
Reid REBOUND (Off:0 Def:5)
",1,0,0,0,2025-03-12,0022400952,0,0,MIN,4,0,-18,09:34,Off At Rim Make,0,Reid REBOUND (Off:0 Def:5),,DEN,MIN,DEN,1610612743,2025,2306.0,2319.0,2312.5,201566|203999|1627750|1629008|1631128,201144|203944|1628978|1629675|1630183,2024-25,523.0,0,-18,0.75
308584,09:19,"Randle 26' 3PT Running Jump Shot (25 PTS) (Conley 5 AST)
",0,0,1,1,2025-03-12,0022400952,0,0,DEN,4,0,18,09:21,Off At Rim Block,0,Randle 26' 3PT Running Jump Shot (25 PTS) (Conley 5 AST),,DEN,MIN,MIN,1610612750,2025,2319.0,2321.0,2320.0,201144|203944|1628978|1629675|1630183,201566|203999|1627750|1629008|1631128,2024-25,526.0,0,21,0.24444444444444444
263498,08:57,"Jokić 2' Finger Roll Layup (33 PTS) (Murray 7 AST)
Randle S.FOUL (P3.T3) (M.Ervin)
Jokić Free Throw 1 of 1 (34 PTS)
",1,1,0,0,2025-03-12,0022400952,0,0,MIN,4,1,-21,09:19,Off Arc 3 Make,0,Randle S.FOUL (P3.T3) (M.Ervin),,DEN,MIN,DEN,1610612743,2025,2321.0,2343.0,2332.0,201566|203999|1627750|1629008|1631128,201144|203944|1628978|1629675|1630183,2024-25,528.0,0,-19,0.28125
308583,08:36,"MISS Gobert 1' Alley Oop Dunk
Westbrook REBOUND (Off:1 Def:3)
",1,0,0,0,2025-03-12,0022400952,0,0,DEN,4,0,18,08:57,Off FT Make,0,Westbrook REBOUND (Off:1 Def:3),,DEN,MIN,MIN,1610612750,2025,2343.0,2364.0,2353.5,201144|203497|1628978|1629675|1630183,201566|203999|1627750|1629008|1631128,2024-25,520.0,0,18,0.2962962962962963
263496,08:35,"Westbrook Bad Pass Turnover (P4.T10): Conley STEAL (2 STL)
",0,0,0,0,2025-03-12,0022400952,0,0,MIN,4,0,-18,08:36,Off At Rim Miss,1,Westbrook Bad Pass Turnover (P4.T10): Conley STEAL (2 STL),,DEN,MIN,DEN,1610612743,2025,2364.0,2365.0,2364.5,201566|203999|1627750|1629008|1631128,201144|203497|1628978|1629675|1630183,2024-25,537.0,0,-18,0.1797752808988764
308581,08:30,"Reid 24' 3PT Running Jump Shot (8 PTS) (DiVincenzo 5 AST)
",0,0,1,1,2025-03-12,0022400952,0,0,DEN,4,0,18,08:35,Off Steal,0,Reid 24' 3PT Running Jump Shot (8 PTS) (DiVincenzo 5 AST),,DEN,MIN,MIN,1610612750,2025,2365.0,2370.0,2367.5,201144|203497|1628978|1629675|1630183,201566|203999|1627750|1629008|1631128,2024-25,539.0,0,21,0.42592592592592593
263495,08:14,"Westbrook 2' Driving Finger Roll Layup (19 PTS)
",1,1,0,0,2025-03-12,0022400952,0,0,MIN,4,0,-21,08:30,Off Timeout,0,Westbrook 2' Driving Finger Roll Layup (19 PTS),,DEN,MIN,DEN,1610612743,2025,2370.0,2386.0,2378.0,201566|203999|1627750|1629008|1631128,203497|1628978|1629675|1630162|1630183,2024-25,544.0,0,-19,0.20512820512820512
308580,07:53,"McDaniels 4' Driving Floating Jump Shot (16 PTS) (DiVincenzo 6 AST)
",1,1,0,0,2025-03-12,0022400952,0,0,DEN,4,0,19,08:14,Off At Rim Make,0,McDaniels 4' Driving Floating Jump Shot (16 PTS) (DiVincenzo 6 AST),,DEN,MIN,MIN,1610612750,2025,2386.0,2407.0,2396.5,203497|1628978|1629675|1630162|1630183,201566|203999|1627750|1629008|1631128,2024-25,545.0,0,21,0.35294117647058826
263492,07:32,"DiVincenzo P.FOUL (P1.T4) (M.Ervin)
MISS Porter Jr. 3' Cutting Finger Roll Layup Shot
DiVincenzo REBOUND (Off:1 Def:4)
",1,0,0,0,2025-03-12,0022400952,0,0,MIN,4,0,-21,07:53,Off At Rim Make,0,DiVincenzo P.FOUL (P1.T4) (M.Ervin),,DEN,MIN,DEN,1610612743,2025,2407.0,2428.0,2417.5,201566|203999|1627750|1629008|1631128,203497|1628978|1629675|1630162|1630183,2024-25,565.0,0,-21,0.15555555555555556
308579,07:27,"Reid Step Out of Bounds Turnover (P3.T12)
",0,0,0,0,2025-03-12,0022400952,0,0,DEN,4,0,21,07:32,Off At Rim Miss,1,Reid Step Out of Bounds Turnover (P3.T12),,DEN,MIN,MIN,1610612750,2025,2428.0,2433.0,2430.5,203497|1628978|1629675|1630162|1630183,201566|203999|1627750|1629008|1631128,2024-25,551.0,0,21,0.273972602739726
263490,07:16,"MISS Jokić 1' Driving Layup
McDaniels REBOUND (Off:2 Def:5)
",1,0,0,0,2025-03-12,0022400952,0,0,MIN,4,0,-21,07:27,Off Dead Ball,0,MISS Jokić 1' Driving Layup,,DEN,MIN,DEN,1610612743,2025,2433.0,2444.0,2438.5,201566|203999|1627750|1629008|1631128,203497|1628978|1629675|1630162|1630183,2024-25,552.0,0,-21,0.23728813559322035
308578,07:02,"Gobert 1' Cutting Dunk Shot (11 PTS) (Edwards 6 AST)
",1,1,0,0,2025-03-12,0022400952,0,0,DEN,4,0,21,07:16,Off At Rim Miss,0,Gobert 1' Cutting Dunk Shot (11 PTS) (Edwards 6 AST),,DEN,MIN,MIN,1610612750,2025,2444.0,2458.0,2451.0,203497|1628978|1629675|1630162|1630183,201566|203999|1627750|1629008|1631128,2024-25,556.0,0,23,0.49019607843137253
263489,06:40,"MISS Braun 5' Hook Shot: Reid BLOCK (1 BLK)
DiVincenzo REBOUND (Off:1 Def:5)
",1,0,0,0,2025-03-12,0022400952,0,0,MIN,4,0,-23,07:02,Off At Rim Make,0,DiVincenzo REBOUND (Off:1 Def:5),,DEN,MIN,DEN,1610612743,2025,2458.0,2480.0,2469.0,201566|203999|1627750|1629008|1631128,203497|1628978|1629675|1630162|1630183,2024-25,558.0,0,-23,0.3333333333333333
308577,06:21,"MISS Gobert 3' Alley Oop Layup
Jokić REBOUND (Off:3 Def:5)
",1,0,0,0,2025-03-12,0022400952,0,0,DEN,4,0,23,06:40,Off Block,0,Jokić REBOUND (Off:3 Def:5),,DEN,MIN,MIN,1610612750,2025,2480.0,2499.0,2489.5,203497|1628978|1629675|1630162|1630183,201566|203999|1627750|1629008|1631128,2024-25,560.0,0,23,0.20408163265306123
263487,06:16,"Braun 1' Running Layup (6 PTS) (Murray 8 AST)
",1,1,0,0,2025-03-12,0022400952,0,0,MIN,4,0,-23,06:21,Off At Rim Miss,0,Braun 1' Running Layup (6 PTS) (Murray 8 AST),,DEN,MIN,DEN,1610612743,2025,2499.0,2504.0,2501.5,201566|203999|1627750|1629008|1631128,203497|1628978|1629675|1630162|1630183,2024-25,564.0,0,-21,0.18666666666666668
308573,05:44,"MISS Reid 25' 3PT Jump Shot
McDaniels REBOUND (Off:3 Def:5)
Edwards 3PT Jump Shot (27 PTS) (McDaniels 1 AST)
",0,0,2,1,2025-03-12,0022400952,0,1,DEN,4,0,21,06:16,Off At Rim Make,0,MISS Reid 25' 3PT Jump Shot,,DEN,MIN,MIN,1610612750,2025,2504.0,2536.0,2520.0,203497|1628978|1629675|1630162|1630183,201566|203999|1627750|1629008|1631128,2024-25,568.0,0,24,0.4782608695652174
263486,05:23,"MISS Murray 26' 3PT Pullup Jump Shot
Braun REBOUND (Off:1 Def:3)
MISS Braun 5' Driving Floating Jump Shot
Gobert REBOUND (Off:3 Def:7)
",1,0,1,0,2025-03-12,0022400952,0,1,MIN,4,0,-24,05:44,Off Corner 3 Make,0,Gobert REBOUND (Off:3 Def:7),,DEN,MIN,DEN,1610612743,2025,2536.0,2557.0,2546.5,201566|203999|1627750|1629008|1631128,203497|1628978|1629675|1630162|1630183,2024-25,571.0,0,-24,0.28
308572,05:05,"Jokić S.FOUL (P3.T1) (J.Butler)
Edwards Free Throw 1 of 2 (28 PTS)
Edwards Free Throw 2 of 2 (29 PTS)
",0,0,0,0,2025-03-12,0022400952,0,0,DEN,4,1,24,05:23,Off Short Mid-Range Miss,0,Edwards Free Throw 2 of 2 (29 PTS),,DEN,MIN,MIN,1610612750,2025,2557.0,2575.0,2566.0,203497|1628978|1629675|1630162|1630183,201566|203999|1627750|1629008|1631128,2024-25,576.0,29,53,0.3235294117647059
263482,04:48,"Tyson 1' Cutting Dunk Shot (2 PTS) (Alexander 1 AST)
",1,1,0,0,2025-03-12,0022400952,0,0,MIN,4,0,-26,05:05,Off FT Make,0,Tyson 1' Cutting Dunk Shot (2 PTS) (Alexander 1 AST),,DEN,MIN,DEN,1610612743,2025,2575.0,2592.0,2583.5,1628427|1629618|1641725|1641816|1642461,203497|1629675|1630162|1630183|1641740,2024-25,590.0,0,-24,0.4444444444444444
308569,04:28,"MISS Minott 24' 3PT Jump Shot
Jones REBOUND (Off:0 Def:1)
",0,0,1,0,2025-03-12,0022400952,0,0,DEN,4,0,24,04:48,Off Timeout,0,Jones REBOUND (Off:0 Def:1),,DEN,MIN,MIN,1610612750,2025,2592.0,2612.0,2602.0,1630545|1630568|1631169|1641740|1642265,1628427|1629618|1641725|1641816|1642461,2024-25,592.0,0,24,0.24
263481,04:10,"Tyson 24' 3PT Jump Shot (5 PTS) (Jones 1 AST)
",0,0,1,1,2025-03-12,0022400952,0,0,MIN,4,0,-24,04:28,Off Corner 3 Miss,0,Tyson 24' 3PT Jump Shot (5 PTS) (Jones 1 AST),,DEN,MIN,DEN,1610612743,2025,2612.0,2630.0,2621.0,1628427|1629618|1641725|1641816|1642461,1630545|1630568|1631169|1641740|1642265,2024-25,603.0,0,-21,0.21333333333333335
308567,03:55,"MISS Garza 6' Floating Jump Shot
Cancar REBOUND (Off:0 Def:1)
",1,0,0,0,2025-03-12,0022400952,0,0,DEN,4,0,21,04:10,Off Corner 3 Make,0,Cancar REBOUND (Off:0 Def:1),,DEN,MIN,MIN,1610612750,2025,2630.0,2645.0,2637.5,1630545|1630568|1631169|1641740|1642265,1628427|1629618|1641725|1641816|1642461,2024-25,605.0,0,21,0.2028985507246377
263480,03:39,"Tyson 25' 3PT Jump Shot (8 PTS) (Pickett 2 AST)
",0,0,1,1,2025-03-12,0022400952,0,0,MIN,4,0,-21,03:55,Off Short Mid-Range Miss,0,Tyson 25' 3PT Jump Shot (8 PTS) (Pickett 2 AST),,DEN,MIN,DEN,1610612743,2025,2645.0,2661.0,2653.0,1628427|1629618|1641725|1641816|1642461,1630545|1630568|1631169|1641740|1642265,2024-25,607.0,0,-18,0.3838383838383838
308564,03:11,"MISS Clark 24' 3PT Jump Shot
Minott REBOUND (Off:1 Def:0)
Pickett STEAL (2 STL): Minott Bad Pass Turnover (P1.T13)
",0,0,1,0,2025-03-12,0022400952,0,1,DEN,4,0,18,03:39,Off Arc 3 Make,1,Minott REBOUND (Off:1 Def:0),,DEN,MIN,MIN,1610612750,2025,2661.0,2689.0,2675.0,1630545|1630568|1631169|1641740|1642265,1628427|1629618|1641725|1641816|1642461,2024-25,610.0,0,18,0.23076923076923078
263479,03:07,"Shannon Jr. S.FOUL (P1.PN) (J.Butler)
MISS Alexander Free Throw 1 of 2
NUGGETS Rebound
Alexander Free Throw 2 of 2 (1 PTS)
",0,0,0,0,2025-03-12,0022400952,0,0,MIN,4,1,-18,03:11,Off Steal,0,Alexander Free Throw 2 of 2 (1 PTS),,DEN,MIN,DEN,1610612743,2025,2689.0,2693.0,2691.0,1628427|1629618|1641725|1641816|1642461,1630545|1630568|1631169|1641740|1642265,2024-25,615.0,1,-17,0.15384615384615385
308561,02:48,"Hall P.FOUL (P1.T2) (M.Ervin)
MISS Dillingham 8' Turnaround Fadeaway Shot
Garza REBOUND (Off:1 Def:0)
Garza 1' Putback Layup (2 PTS)
",2,1,0,0,2025-03-12,0022400952,0,1,DEN,4,0,17,03:07,Off FT Make,0,Garza REBOUND (Off:1 Def:0),,DEN,MIN,MIN,1610612750,2025,2693.0,2712.0,2702.5,1630545|1630568|1631169|1641740|1642265,1628427|1641725|1641790|1641816|1642461,2024-25,599.0,0,19,0.20833333333333334
263475,02:32,"MISS Alexander 11' Fadeaway Jumper
Dillingham REBOUND (Off:0 Def:1)
",1,0,0,0,2025-03-12,0022400952,0,0,MIN,4,0,-19,02:48,Off At Rim Make,0,Dillingham REBOUND (Off:0 Def:1),,DEN,MIN,DEN,1610612743,2025,2712.0,2728.0,2720.0,1628427|1641725|1641790|1641816|1642461,1630545|1630568|1631169|1641740|1642265,2024-25,625.0,0,-19,0.26666666666666666
308558,02:26,"Jones STEAL (1 STL): Dillingham Bad Pass Turnover (P1.T14)
",0,0,0,0,2025-03-12,0022400952,0,0,DEN,4,0,19,02:32,Off Short Mid-Range Miss,1,Jones STEAL (1 STL): Dillingham Bad Pass Turnover (P1.T14),,DEN,MIN,MIN,1610612750,2025,2728.0,2734.0,2731.0,1630545|1630568|1631169|1641740|1642265,1628427|1641725|1641790|1641816|1642461,2024-25,627.0,0,19,0.3838383838383838
263473,02:12,"MISS Jones 6' Driving Floating Jump Shot
Garza REBOUND (Off:1 Def:1)
",1,0,0,0,2025-03-12,0022400952,0,0,MIN,4,0,-19,02:26,Off Steal,0,Garza REBOUND (Off:1 Def:1),,DEN,MIN,DEN,1610612743,2025,2734.0,2748.0,2741.0,1628427|1641725|1641790|1641816|1642461,1630545|1630568|1631169|1641740|1642265,2024-25,628.0,0,-19,0.125
308557,01:56,"Tyson STEAL (1 STL): Dillingham Lost Ball Turnover (P2.T15)
",0,0,0,0,2025-03-12,0022400952,0,0,DEN,4,0,19,02:12,Off Short Mid-Range Miss,1,Tyson STEAL (1 STL): Dillingham Lost Ball Turnover (P2.T15),,DEN,MIN,MIN,1610612750,2025,2748.0,2764.0,2756.0,1630545|1630568|1631169|1641740|1642265,1628427|1641725|1641790|1641816|1642461,2024-25,631.0,0,19,0.14285714285714285
263471,01:37,"MISS Tyson 24' 3PT Jump Shot
Minott REBOUND (Off:1 Def:1)
",0,0,1,0,2025-03-12,0022400952,0,0,MIN,4,0,-19,01:56,Off Steal,0,Minott REBOUND (Off:1 Def:1),,DEN,MIN,DEN,1610612743,2025,2764.0,2783.0,2773.5,1628427|1641725|1641790|1641816|1642461,1630545|1630568|1631169|1641740|1642265,2024-25,632.0,0,-19,0.21739130434782608
308553,01:14,"Jones BLOCK (1 BLK): MISS Minott 10' Driving Floating Jump Shot
Timberwolves Rebound
MISS Garza 27' 3PT Jump Shot
Cancar REBOUND (Off:0 Def:2)
",1,0,1,0,2025-03-12,0022400952,0,1,DEN,4,0,19,01:37,Off Corner 3 Miss,0,Jones BLOCK (1 BLK): MISS Minott 10' Driving Floating Jump Shot,,DEN,MIN,MIN,1610612750,2025,2783.0,2806.0,2794.5,1630545|1630568|1631169|1641740|1642265,1628427|1641725|1641790|1641816|1642461,2024-25,636.0,0,19,0.5225225225225225
263469,01:03,"MISS Alexander 16' Pullup Jump Shot
Dillingham REBOUND (Off:0 Def:2)
",1,0,0,0,2025-03-12,0022400952,0,0,MIN,4,0,-19,01:14,Off Arc 3 Miss,0,Dillingham REBOUND (Off:0 Def:2),,DEN,MIN,DEN,1610612743,2025,2806.0,2817.0,2811.5,1628427|1641725|1641790|1641816|1642461,1630545|1630568|1631169|1641740|1642265,2024-25,641.0,0,-19,0.14814814814814814
308551,00:45,"MISS Garza 7' Driving Floating Jump Shot
Hall REBOUND (Off:0 Def:1)
",1,0,0,0,2025-03-12,0022400952,0,0,DEN,4,0,19,01:03,Off Long Mid-Range Miss,0,MISS Garza 7' Driving Floating Jump Shot,,DEN,MIN,MIN,1610612750,2025,2817.0,2835.0,2826.0,1630545|1630568|1631169|1641740|1642265,1628427|1641725|1641790|1641816|1642461,2024-25,644.0,0,19,0.2033898305084746
263467,00:33,"Hall 8' Driving Hook Shot (2 PTS)
",1,1,0,0,2025-03-12,0022400952,0,0,MIN,4,0,-19,00:45,Off Short Mid-Range Miss,0,Hall 8' Driving Hook Shot (2 PTS),,DEN,MIN,DEN,1610612743,2025,2835.0,2847.0,2841.0,1628427|1641725|1641790|1641816|1642461,1630545|1630568|1631169|1641740|1642265,2024-25,646.0,0,-17,0.19672131147540983
308550,00:15,"Garza 27' 3PT Jump Shot (5 PTS) (Shannon Jr. 1 AST)
",0,0,1,1,2025-03-12,0022400952,0,0,DEN,4,0,17,00:33,Off Short Mid-Range Make,0,Garza 27' 3PT Jump Shot (5 PTS) (Shannon Jr. 1 AST),,DEN,MIN,MIN,1610612750,2025,2847.0,2865.0,2856.0,1630545|1630568|1631169|1641740|1642265,1628427|1641725|1641790|1641816|1642461,2024-25,647.0,0,20,0.1891891891891892
263466,00:05,"MISS Tyson 26' 3PT Jump Shot
Minott REBOUND (Off:1 Def:2)
",0,0,1,0,2025-03-12,0022400952,0,0,MIN,4,0,-20,00:15,Off Arc 3 Make,0,Minott REBOUND (Off:1 Def:2),,DEN,MIN,DEN,1610612743,2025,2865.0,2875.0,2870.0,1628427|1641725|1641790|1641816|1642461,1630545|1630568|1631169|1641740|1642265,2024-25,649.0,0,-20,0.25806451612903225
308549,00:00,,0,0,0,0,2025-03-12,0022400952,0,0,DEN,4,0,20,00:05,Off Arc 3 Miss,0,,,DEN,MIN,MIN,1610612750,2025,2875.0,2880.0,2877.5,1630545|1630568|1631169|1641740|1642265,1628427|1641725|1641790|1641816|1642461,2024-25,650.0,0,20,0.0
308633,11:23,"Carter Jr. S.FOUL (P1.T1) (E.Malloy)
MISS Edwards Free Throw 1 of 2
TIMBERWOLVES Rebound
Edwards Free Throw 2 of 2 (1 PTS)
",0,0,0,0,2025-03-14,0022400963,0,0,ORL,1,1,0,11:31,Off Long Mid-Range Miss,0,Carter Jr. S.FOUL (P1.T1) (E.Malloy),,MIN,ORL,MIN,1610612750,2025,29.0,37.0,33.0,201144|203497|203944|1630162|1630183,202709|1628976|1630532|1631094|1641783,2024-25,14.0,0,0,0.2153846153846154
308631,10:55,"MISS Edwards 25' 3PT Step Back Jump Shot
Joseph REBOUND (Off:0 Def:1)
",0,0,1,0,2025-03-14,0022400963,0,0,ORL,1,0,1,11:08,Off Arc 3 Miss,0,MISS Edwards 25' 3PT Step Back Jump Shot,,MIN,ORL,MIN,1610612750,2025,52.0,65.0,58.5,201144|203497|203944|1630162|1630183,202709|1628976|1630532|1631094|1641783,2024-25,18.0,0,1,0.7945205479452054
308630,10:31,"MISS McDaniels 13' Turnaround Fadeaway Shot
Magic Rebound
",1,0,0,0,2025-03-14,0022400963,0,0,ORL,1,0,1,10:44,Off Steal,0,Magic Rebound,,MIN,ORL,MIN,1610612750,2025,76.0,89.0,82.5,201144|203497|203944|1630162|1630183,202709|1628976|1630532|1631094|1641783,2024-25,21.0,0,1,0.2564102564102564
308626,10:09,"Randle 7' Driving Floating Jump Shot (2 PTS)
Carter Jr. S.FOUL (P2.T2) (D.Richardson)
Randle Free Throw 1 of 1 (3 PTS)
",1,1,0,0,2025-03-14,0022400963,0,0,ORL,1,1,1,10:13,Off Short Mid-Range Miss,0,Randle 7' Driving Floating Jump Shot (2 PTS),,MIN,ORL,MIN,1610612750,2025,107.0,111.0,109.0,201144|203497|203944|1630162|1630183,202709|1628976|1630532|1631094|1641783,2024-25,27.0,0,3,0.967032967032967
308625,09:45,"Randle 8' Turnaround Fadeaway (5 PTS)
",1,1,0,0,2025-03-14,0022400963,0,0,ORL,1,0,4,09:53,Off Long Mid-Range Miss,0,Randle 8' Turnaround Fadeaway (5 PTS),,MIN,ORL,MIN,1610612750,2025,127.0,135.0,131.0,201144|203497|203944|1630162|1630183,202709|1629048|1630532|1631094|1641783,2024-25,35.0,0,6,0.8505747126436781
308624,09:19,"Conley 25' 3PT Jump Shot (3 PTS) (Randle 1 AST)
",0,0,1,1,2025-03-14,0022400963,0,0,ORL,1,0,4,09:32,Off FT Make,0,Conley 25' 3PT Jump Shot (3 PTS) (Randle 1 AST),,MIN,ORL,MIN,1610612750,2025,148.0,161.0,154.5,201144|203497|203944|1630162|1630183,202709|1629048|1630532|1631094|1641783,2024-25,41.0,0,7,0.8351648351648352
308622,08:40,"MISS Randle 3PT Jump Shot
Bitadze REBOUND (Off:0 Def:1)
",0,0,1,0,2025-03-14,0022400963,0,0,ORL,1,0,5,08:54,Off Short Mid-Range Make,0,MISS Randle 3PT Jump Shot,,MIN,ORL,MIN,1610612750,2025,186.0,200.0,193.0,201144|203497|203944|1630162|1630183,202709|1629048|1630532|1631094|1641783,2024-25,44.0,0,5,0.21739130434782608
308620,08:03,"MISS McDaniels 24' 3PT Jump Shot
da Silva REBOUND (Off:0 Def:1)
",0,0,1,0,2025-03-14,0022400963,0,0,ORL,1,0,3,08:29,Off Short Mid-Range Make,0,MISS McDaniels 24' 3PT Jump Shot,,MIN,ORL,MIN,1610612750,2025,211.0,237.0,224.0,201144|203497|203944|1630162|1630183,202709|1629048|1630532|1631094|1641783,2024-25,33.0,0,3,0.2222222222222222
308619,07:28,"Randle Bad Pass Turnover (P1.T1): Wagner STEAL (1 STL)
",0,0,0,0,2025-03-14,0022400963,0,0,ORL,1,0,0,07:52,Off FT Make,1,Randle Bad Pass Turnover (P1.T1): Wagner STEAL (1 STL),,MIN,ORL,MIN,1610612750,2025,248.0,272.0,260.0,201144|203497|203944|1630162|1630183,202709|1629048|1630532|1631094|1641783,2024-25,55.0,0,0,0.18181818181818182
308618,07:06,"MISS Randle 6' Hook Shot: Bitadze BLOCK (1 BLK)
Joseph REBOUND (Off:0 Def:2)
",1,0,0,0,2025-03-14,0022400963,0,0,ORL,1,0,0,07:23,Off Timeout,0,Joseph REBOUND (Off:0 Def:2),,MIN,ORL,MIN,1610612750,2025,277.0,294.0,285.5,201144|203497|203944|1630162|1630183,202709|1629048|1630532|1631094|1641783,2024-25,61.0,0,0,0.7796610169491526
308614,06:37,"Bitadze S.FOUL (P1.T3) (E.Malloy)
Edwards Free Throw 1 of 2 (2 PTS)
Edwards Free Throw 2 of 2 (3 PTS)
",0,0,0,0,2025-03-14,0022400963,0,0,ORL,1,1,0,06:44,Off Short Mid-Range Miss,0,Bitadze S.FOUL (P1.T3) (E.Malloy),,MIN,ORL,MIN,1610612750,2025,316.0,323.0,319.5,201144|203497|203944|1630162|1630183,202709|203914|1629048|1631094|1641783,2024-25,71.0,0,0,0.3125
308613,06:03,"Gobert 1' Alley Oop Dunk (2 PTS) (Edwards 1 AST)
",1,1,0,0,2025-03-14,0022400963,0,0,ORL,1,0,-1,06:22,Off Arc 3 Make,0,Gobert 1' Alley Oop Dunk (2 PTS) (Edwards 1 AST),,MIN,ORL,MIN,1610612750,2025,338.0,357.0,347.5,201144|203497|203944|1630162|1630183,202709|203914|1629048|1631094|1641783,2024-25,77.0,0,1,0.3037974683544304
308610,05:38,"Bitadze S.FOUL (P2.T4) (E.Malloy)
Edwards Free Throw 1 of 2 (4 PTS)
Edwards Free Throw 2 of 2 (5 PTS)
",0,0,0,0,2025-03-14,0022400963,0,0,ORL,1,1,1,05:49,Off Long Mid-Range Miss,0,Bitadze S.FOUL (P2.T4) (E.Malloy),,MIN,ORL,MIN,1610612750,2025,371.0,382.0,376.5,201144|203497|203944|1630162|1630183,202709|203914|1629048|1631094|1641783,2024-25,92.0,0,1,0.38095238095238093
308609,05:17,"McDaniels Lost Ball Turnover (P1.T2): Bitadze STEAL (1 STL)
",0,0,0,0,2025-03-14,0022400963,0,0,ORL,1,0,3,05:19,Off Arc 3 Miss,1,McDaniels Lost Ball Turnover (P1.T2): Bitadze STEAL (1 STL),,MIN,ORL,MIN,1610612750,2025,401.0,403.0,402.0,203497|1628978|1629675|1630162|1630183,203914|1629048|1631094|1641710|1641783,2024-25,93.0,0,3,0.7010309278350515
308608,05:00,"Reid Lost Ball Turnover (P1.T3): Isaac STEAL (1 STL)
",0,0,0,0,2025-03-14,0022400963,0,0,ORL,1,0,1,05:14,Off FT Make,1,Reid Lost Ball Turnover (P1.T3): Isaac STEAL (1 STL),,MIN,ORL,MIN,1610612750,2025,406.0,420.0,413.0,203497|1628978|1629638|1629675|1630162,203914|1628371|1631094|1641710|1641783,2024-25,103.0,0,1,0.20512820512820512
308607,04:41,"Alexander-Walker 3PT Jump Shot (3 PTS) (DiVincenzo 1 AST)
",0,0,1,1,2025-03-14,0022400963,0,0,ORL,1,0,-2,04:52,Off Arc 3 Make,0,Alexander-Walker 3PT Jump Shot (3 PTS) (DiVincenzo 1 AST),,MIN,ORL,MIN,1610612750,2025,428.0,439.0,433.5,203497|1628978|1629638|1629675|1630162,203914|1628371|1631094|1641710|1641783,2024-25,107.0,0,1,0.8648648648648649
308605,03:59,"MISS DiVincenzo 3' Driving Finger Roll Layup
Black REBOUND (Off:0 Def:1)
",1,0,0,0,2025-03-14,0022400963,0,0,ORL,1,0,-1,04:17,Off FT Make,0,MISS DiVincenzo 3' Driving Finger Roll Layup,,MIN,ORL,MIN,1610612750,2025,463.0,481.0,472.0,203497|1628978|1629638|1629675|1630162,203914|1628371|1631094|1641710|1641724,2024-25,115.0,0,-1,0.9318181818181818
308604,03:38,"Edwards 3' Driving Layup (7 PTS)
",1,1,0,0,2025-03-14,0022400963,0,0,ORL,1,0,-3,03:50,Off Short Mid-Range Make,0,Edwards 3' Driving Layup (7 PTS),,MIN,ORL,MIN,1610612750,2025,490.0,502.0,496.0,203497|1628978|1629638|1629675|1630162,203914|1628371|1631094|1641710|1641724,2024-25,118.0,0,-1,0.273972602739726
308603,03:06,"Reid 3PT Jump Shot (3 PTS) (Edwards 2 AST)
",0,0,1,1,2025-03-14,0022400963,0,0,ORL,1,0,-1,03:16,Off Arc 3 Miss,0,Reid 3PT Jump Shot (3 PTS) (Edwards 2 AST),,MIN,ORL,MIN,1610612750,2025,524.0,534.0,529.0,203497|1628978|1629638|1629675|1630162,203914|1628371|1631094|1641710|1641724,2024-25,124.0,0,2,0.5
308600,02:21,"Randle 2' Cutting Layup Shot (7 PTS) (Reid 1 AST)
Wagner S.FOUL (P1.PN) (C.Washington)
Randle Free Throw 1 of 1 (8 PTS)
",1,1,0,0,2025-03-14,0022400963,0,0,ORL,1,1,0,02:40,Off At Rim Make,0,Randle 2' Cutting Layup Shot (7 PTS) (Reid 1 AST),,MIN,ORL,MIN,1610612750,2025,560.0,579.0,569.5,203944|1628978|1629638|1629675|1630162,1628371|1630532|1631216|1641710|1641724,2024-25,135.0,0,2,0.8541666666666666
308599,01:50,"Alexander-Walker 3' Driving Layup (5 PTS)
",1,1,0,0,2025-03-14,0022400963,0,0,ORL,1,0,0,02:01,Off Arc 3 Make,0,Alexander-Walker 3' Driving Layup (5 PTS),,MIN,ORL,MIN,1610612750,2025,599.0,610.0,604.5,203944|1628978|1629638|1629675|1630162,1628371|1630532|1631216|1641710|1641724,2024-25,142.0,0,2,0.926829268292683
308598,01:21,"DiVincenzo 3PT Jump Shot (3 PTS) (Randle 2 AST)
",0,0,1,1,2025-03-14,0022400963,0,0,ORL,1,0,0,01:32,Off FT Make,0,DiVincenzo 3PT Jump Shot (3 PTS) (Randle 2 AST),,MIN,ORL,MIN,1610612750,2025,628.0,639.0,633.5,203944|1628978|1629638|1629675|1641740,1628371|1630532|1631216|1641710|1641724,2024-25,153.0,0,3,0.8351648351648352
308597,00:46,"Randle 2' Cutting Layup Shot (10 PTS) (Clark 1 AST)
",1,1,0,0,2025-03-14,0022400963,0,0,ORL,1,0,3,00:56,Off At Rim Miss,0,Randle 2' Cutting Layup Shot (10 PTS) (Clark 1 AST),,MIN,ORL,MIN,1610612750,2025,664.0,674.0,669.0,203944|1628978|1629638|1629675|1641740,1628371|1630532|1631216|1641710|1641724,2024-25,159.0,0,5,0.5137614678899083
308596,00:21,"MISS Reid 2' Driving Dunk
Howard REBOUND (Off:0 Def:1)
",1,0,0,0,2025-03-14,0022400963,0,0,ORL,1,0,5,00:33,Off Steal,0,Howard REBOUND (Off:0 Def:1),,MIN,ORL,MIN,1610612750,2025,687.0,699.0,693.0,203944|1628978|1629638|1629675|1641740,1628371|1630532|1631216|1641710|1641724,2024-25,157.0,0,5,0.7096774193548387
308594,00:00,"MISS Randle 24' 3PT Step Back Jump Shot
TIMBERWOLVES Rebound
",0,0,1,0,2025-03-14,0022400963,0,0,ORL,1,0,3,00:13,Off At Rim Make,0,TIMBERWOLVES Rebound,,MIN,ORL,MIN,1610612750,2025,707.0,720.0,713.5,203944|1628978|1629638|1629675|1641740,1628371|1630532|1631216|1641710|1641724,2024-25,169.0,0,3,0.18867924528301888
308680,11:50,"Alexander-Walker Bad Pass Turnover (P1.T4): Houstan STEAL (1 STL)
",0,0,0,0,2025-03-14,0022400963,0,0,ORL,2,0,3,12:00,Off Dead Ball,1,Alexander-Walker Bad Pass Turnover (P1.T4): Houstan STEAL (1 STL),,MIN,ORL,MIN,1610612750,2025,720.0,730.0,725.0,203944|1628978|1629638|1629675|1641740,203914|1628976|1630532|1631216|1641710,2024-25,176.0,0,3,0.2391304347826087
308679,11:40,"Randle 3PT Jump Shot (13 PTS) (DiVincenzo 2 AST)
",0,0,1,1,2025-03-14,0022400963,0,0,ORL,2,0,1,11:47,Off FT Make,0,Randle 3PT Jump Shot (13 PTS) (DiVincenzo 2 AST),,MIN,ORL,MIN,1610612750,2025,733.0,740.0,736.5,203944|1628978|1629638|1629675|1641740,203914|1628976|1630532|1631216|1641710,2024-25,182.0,0,4,0.08571428571428572
308678,11:07,"Alexander-Walker 2' Driving Layup (7 PTS)
",1,1,0,0,2025-03-14,0022400963,0,0,ORL,2,0,4,11:16,Off Steal,0,Alexander-Walker 2' Driving Layup (7 PTS),,MIN,ORL,MIN,1610612750,2025,764.0,773.0,768.5,203944|1628978|1629638|1629675|1641740,203914|1628976|1630532|1631216|1641710,2024-25,186.0,0,6,0.5882352941176471
308676,10:35,"MISS Alexander-Walker 4' Driving Layup
Wagner REBOUND (Off:0 Def:1)
",1,0,0,0,2025-03-14,0022400963,0,0,ORL,2,0,6,10:51,Off Short Mid-Range Miss,0,MISS Alexander-Walker 4' Driving Layup,,MIN,ORL,MIN,1610612750,2025,789.0,805.0,797.0,203944|1628978|1629638|1629675|1641740,203914|1628976|1630532|1631216|1641710,2024-25,190.0,0,6,0.23880597014925373
308675,09:56,"DiVincenzo Bad Pass Turnover (P1.T5): Houstan STEAL (2 STL)
",0,0,0,0,2025-03-14,0022400963,0,0,ORL,2,0,3,10:19,Off Corner 3 Make,1,DiVincenzo Bad Pass Turnover (P1.T5): Houstan STEAL (2 STL),,MIN,ORL,MIN,1610612750,2025,821.0,844.0,832.5,203944|1628978|1629638|1629675|1641740,203914|1628976|1630532|1631216|1641710,2024-25,194.0,0,3,0.24444444444444444
308673,09:17,"MISS Reid 26' 3PT Pullup Jump Shot
Wagner REBOUND (Off:0 Def:2)
",0,0,1,0,2025-03-14,0022400963,0,0,ORL,2,0,3,09:31,Off Arc 3 Miss,0,MISS Reid 26' 3PT Pullup Jump Shot,,MIN,ORL,MIN,1610612750,2025,869.0,883.0,876.0,201144|203497|1629638|1629675|1641740,202709|203914|1628976|1630532|1631094,2024-25,208.0,0,3,0.7540983606557377
308672,09:08,"Clark 3' Running Layup (2 PTS) (Reid 2 AST)
",1,1,0,0,2025-03-14,0022400963,0,0,ORL,2,0,3,09:12,Off Steal,0,Clark 3' Running Layup (2 PTS) (Reid 2 AST),,MIN,ORL,MIN,1610612750,2025,888.0,892.0,890.0,201144|203497|1629638|1629675|1641740,202709|203914|1628976|1630532|1631094,2024-25,212.0,0,5,0.898876404494382
308671,08:33,"Conley 3PT Jump Shot (6 PTS) (Alexander-Walker 1 AST)
",0,0,1,1,2025-03-14,0022400963,0,0,ORL,2,0,3,08:47,Off Short Mid-Range Make,0,Conley 3PT Jump Shot (6 PTS) (Alexander-Walker 1 AST),,MIN,ORL,MIN,1610612750,2025,913.0,927.0,920.0,201144|203497|1629638|1629675|1641740,202709|203914|1628976|1630532|1631094,2024-25,216.0,0,6,0.27906976744186046
308670,08:10,"Edwards 12' Driving Floating Bank Jump Shot (9 PTS) (Conley 1 AST)
",1,1,0,0,2025-03-14,0022400963,0,0,ORL,2,0,4,08:24,Off FT Miss,0,Edwards 12' Driving Floating Bank Jump Shot (9 PTS) (Conley 1 AST),,MIN,ORL,MIN,1610612750,2025,936.0,950.0,943.0,201144|203497|1629675|1630162|1630183,202709|1628976|1630532|1631094|1641783,2024-25,229.0,0,6,0.9420289855072463
308669,07:28,"MISS Conley 4' Driving Layup
Banchero REBOUND (Off:0 Def:1)
",1,0,0,0,2025-03-14,0022400963,0,0,ORL,2,0,3,07:48,Off Corner 3 Make,0,Banchero REBOUND (Off:0 Def:1),,MIN,ORL,MIN,1610612750,2025,972.0,992.0,982.0,201144|203497|1629675|1630162|1630183,202709|1628976|1630532|1631094|1641783,2024-25,206.0,0,3,0.7540983606557377
308667,07:17,"Gobert 1' Running Dunk (4 PTS) (McDaniels 1 AST)
",1,1,0,0,2025-03-14,0022400963,0,0,ORL,2,0,3,07:22,Off Short Mid-Range Miss,0,Gobert 1' Running Dunk (4 PTS) (McDaniels 1 AST),,MIN,ORL,MIN,1610612750,2025,998.0,1003.0,1000.5,201144|203497|1629675|1630162|1630183,202709|1628976|1630532|1631094|1641783,2024-25,237.0,0,5,0.9090909090909091
308666,06:31,"MISS DiVincenzo 6' Driving Floating Jump Shot
Carter Jr. REBOUND (Off:0 Def:1)
",1,0,0,0,2025-03-14,0022400963,0,0,ORL,2,0,5,06:55,Off Arc 3 Miss,0,Carter Jr. REBOUND (Off:0 Def:1),,MIN,ORL,MIN,1610612750,2025,1025.0,1049.0,1037.0,201144|203497|1628978|1630162|1630183,202709|1628976|1630532|1631094|1641783,2024-25,244.0,0,5,0.7619047619047619
308663,06:17,"Joseph S.FOUL (P1.T1) (E.Malloy)
Gobert Free Throw 1 of 2 (5 PTS)
Gobert Free Throw 2 of 2 (6 PTS)
",0,0,0,0,2025-03-14,0022400963,0,0,ORL,2,1,5,06:20,Off Short Mid-Range Miss,0,Gobert Free Throw 1 of 2 (5 PTS),,MIN,ORL,MIN,1610612750,2025,1060.0,1063.0,1061.5,201144|203497|1628978|1630162|1630183,202709|1628976|1630532|1631094|1641783,2024-25,223.0,5,10,0.2033898305084746
308660,05:41,"MISS DiVincenzo 25' 3PT Jump Shot
da Silva REBOUND (Off:0 Def:2)
",0,0,1,0,2025-03-14,0022400963,0,0,ORL,2,0,4,06:04,Off Corner 3 Make,0,MISS DiVincenzo 25' 3PT Jump Shot,,MIN,ORL,MIN,1610612750,2025,1076.0,1099.0,1087.5,201144|203497|1628978|1630162|1630183,202709|1628976|1631094|1631216|1641783,2024-25,257.0,0,4,0.43636363636363634
308659,05:11,"Edwards 24' 3PT Step Back Jump Shot (12 PTS)
",0,0,1,1,2025-03-14,0022400963,0,0,ORL,2,0,1,05:30,Off Corner 3 Make,0,Edwards 24' 3PT Step Back Jump Shot (12 PTS),,MIN,ORL,MIN,1610612750,2025,1110.0,1129.0,1119.5,201144|203497|1628978|1630162|1630183,202709|1628976|1631094|1631216|1641783,2024-25,261.0,0,4,0.8395061728395061
308654,04:36,"Houstan S.FOUL (P1.T2) (E.Malloy)
MISS Gobert Free Throw 1 of 2
TIMBERWOLVES Rebound
MISS Gobert Free Throw 2 of 2
Banchero REBOUND (Off:0 Def:2)
",0,0,0,0,2025-03-14,0022400963,0,0,ORL,2,1,4,04:53,Off Arc 3 Miss,0,Houstan S.FOUL (P1.T2) (E.Malloy),,MIN,ORL,MIN,1610612750,2025,1147.0,1164.0,1155.5,201144|203497|1628978|1630162|1630183,202709|1628976|1631094|1631216|1641783,2024-25,259.0,0,4,0.16
308653,04:00,"Edwards 24' 3PT Pullup Jump Shot (15 PTS) (Randle 3 AST)
",0,0,1,1,2025-03-14,0022400963,0,0,ORL,2,0,4,04:12,Off Arc 3 Miss,0,Edwards 24' 3PT Pullup Jump Shot (15 PTS) (Randle 3 AST),,MIN,ORL,MIN,1610612750,2025,1188.0,1200.0,1194.0,203497|203944|1628978|1630162|1630183,202709|1628976|1631094|1631216|1641783,2024-25,274.0,0,7,0.22988505747126436
308649,03:08,"MISS Randle 10' Jump Shot
TIMBERWOLVES Rebound
MISS Edwards 19' Step Back Jump Shot
Banchero REBOUND (Off:0 Def:3)
",2,0,0,0,2025-03-14,0022400963,0,1,ORL,2,0,4,03:44,Off Timeout,0,MISS Randle 10' Jump Shot,,MIN,ORL,MIN,1610612750,2025,1216.0,1252.0,1234.0,203497|203944|1628978|1630162|1630183,1628976|1630532|1631094|1631216|1641710,2024-25,283.0,0,4,0.23255813953488372
308647,02:27,"MISS Alexander-Walker 25' 3PT Pullup Jump Shot
Banchero REBOUND (Off:0 Def:4)
",0,0,1,0,2025-03-14,0022400963,0,0,ORL,2,0,2,02:41,Off Long Mid-Range Make,0,MISS Alexander-Walker 25' 3PT Pullup Jump Shot,,MIN,ORL,MIN,1610612750,2025,1279.0,1293.0,1286.0,203944|1628978|1629638|1629675|1630162,1628976|1630532|1631094|1631216|1641710,2024-25,295.0,0,2,0.18666666666666668
308646,02:10,"Randle 3' Cutting Layup Shot (15 PTS) (DiVincenzo 3 AST)
",1,1,0,0,2025-03-14,0022400963,0,0,ORL,2,0,0,02:21,Off At Rim Make,0,Randle 3' Cutting Layup Shot (15 PTS) (DiVincenzo 3 AST),,MIN,ORL,MIN,1610612750,2025,1299.0,1310.0,1304.5,203944|1628978|1629638|1629675|1630162,1628976|1630532|1631094|1631216|1641710,2024-25,299.0,0,2,0.38095238095238093
308644,01:38,"Carter Jr. S.FOUL (P3.T3) (C.Washington)
Randle Free Throw 1 of 2 (16 PTS)
Randle Free Throw 2 of 2 (17 PTS)
",0,0,0,0,2025-03-14,0022400963,0,0,ORL,2,1,2,01:51,Off At Rim Miss,0,Randle Free Throw 1 of 2 (16 PTS),,MIN,ORL,MIN,1610612750,2025,1329.0,1342.0,1335.5,203944|1628978|1629638|1629675|1630162,1628976|1630532|1631094|1631216|1641710,2024-25,325.0,16,18,0.47761194029850745
308642,01:13,"DiVincenzo 3PT Jump Shot (6 PTS) (Randle 4 AST)
",0,0,1,1,2025-03-14,0022400963,0,0,ORL,2,0,4,01:20,Off Short Mid-Range Miss,0,DiVincenzo 3PT Jump Shot (6 PTS) (Randle 4 AST),,MIN,ORL,MIN,1610612750,2025,1360.0,1367.0,1363.5,203944|1628978|1629638|1629675|1630162,1628976|1630532|1631094|1631216|1641710,2024-25,312.0,0,7,0.1724137931034483
308641,00:39,"MISS Edwards 3PT Step Back Jump Shot
Randle REBOUND (Off:1 Def:3)
TIMBERWOLVES Turnover: Shot Clock (T#6)
",0,0,1,0,2025-03-14,0022400963,0,1,ORL,2,0,7,01:02,Off At Rim Block,1,TIMBERWOLVES Turnover: Shot Clock (T#6),,MIN,ORL,MIN,1610612750,2025,1378.0,1401.0,1389.5,203944|1628978|1629638|1629675|1630162,1628976|1630532|1631094|1631216|1641710,2024-25,319.0,0,7,0.2571428571428571
308637,00:00,"MISS DiVincenzo 26' 3PT Jump Shot
TIMBERWOLVES Rebound
",0,0,1,0,2025-03-14,0022400963,0,0,ORL,2,0,4,00:15,Off Arc 3 Make,0,MISS DiVincenzo 26' 3PT Jump Shot,,MIN,ORL,MIN,1610612750,2025,1425.0,1440.0,1432.5,203497|1628978|1629638|1629675|1630162,1629048|1630532|1631094|1631216|1641710,2024-25,328.0,0,4,0.2962962962962963
308730,11:45,"McDaniels 11' Driving Floating Jump Shot (2 PTS) (Randle 5 AST)
",1,1,0,0,2025-03-14,0022400963,0,0,ORL,3,0,4,12:00,Off Dead Ball,0,McDaniels 11' Driving Floating Jump Shot (2 PTS) (Randle 5 AST),,MIN,ORL,MIN,1610612750,2025,1440.0,1455.0,1447.5,201144|203497|203944|1630162|1630183,202709|1628976|1630532|1631094|1641783,2024-25,345.0,0,6,0.5
308727,11:03,"MISS Edwards 4' Driving Layup
Gobert REBOUND (Off:1 Def:4)
Joseph P.FOUL (P2.T1) (C.Washington)
MISS Conley 25' 3PT Pullup Jump Shot
Banchero REBOUND (Off:1 Def:5)
",1,0,1,0,2025-03-14,0022400963,0,1,ORL,3,0,4,11:29,Off Long Mid-Range Make,0,Joseph P.FOUL (P2.T1) (C.Washington),,MIN,ORL,MIN,1610612750,2025,1471.0,1497.0,1484.0,201144|203497|203944|1630162|1630183,202709|1628976|1630532|1631094|1641783,2024-25,443.0,0,4,0.3541666666666667
308723,10:45,"Randle OFF.Foul (P2) (D.Richardson)
Randle Offensive Foul Turnover (P2.T7)
",0,0,0,0,2025-03-14,0022400963,0,0,ORL,3,0,4,10:52,Off Short Mid-Range Miss,1,Randle OFF.Foul (P2) (D.Richardson),,MIN,ORL,MIN,1610612750,2025,1508.0,1515.0,1511.5,201144|203497|203944|1630162|1630183,202709|1628976|1630532|1631094|1641783,2024-25,356.0,0,4,0.5454545454545454
308722,10:16,"Randle OFF.Foul (P3) (E.Malloy)
Randle Offensive Foul Turnover (P3.T8)
",0,0,0,0,2025-03-14,0022400963,0,0,ORL,3,0,2,10:33,Off Short Mid-Range Make,1,Randle Offensive Foul Turnover (P3.T8),,MIN,ORL,MIN,1610612750,2025,1527.0,1544.0,1535.5,201144|203497|203944|1630162|1630183,202709|1628976|1630532|1631094|1641783,2024-25,363.0,0,2,0.8974358974358975
308720,09:29,"MISS Edwards 6' Driving Floating Jump Shot
da Silva REBOUND (Off:0 Def:3)
",1,0,0,0,2025-03-14,0022400963,0,0,ORL,3,0,2,09:48,Off Arc 3 Miss,0,da Silva REBOUND (Off:0 Def:3),,MIN,ORL,MIN,1610612750,2025,1572.0,1591.0,1581.5,201144|203497|203944|1630162|1630183,202709|1628976|1630532|1631094|1641783,2024-25,361.0,0,2,0.3225806451612903
308718,08:58,"MISS Randle 12' Step Back Jump Shot
Banchero REBOUND (Off:1 Def:6)
",1,0,0,0,2025-03-14,0022400963,0,0,ORL,3,0,0,09:21,Off FT Make,0,Banchero REBOUND (Off:1 Def:6),,MIN,ORL,MIN,1610612750,2025,1599.0,1622.0,1610.5,201144|203497|203944|1630162|1630183,202709|1628976|1630532|1631094|1641783,2024-25,365.0,0,0,0.1951219512195122
308716,08:47,"Edwards Lost Ball Turnover (P1.T9): Joseph STEAL (1 STL)
",0,0,0,0,2025-03-14,0022400963,0,0,ORL,3,0,0,08:51,Off Steal,1,Edwards Lost Ball Turnover (P1.T9): Joseph STEAL (1 STL),,MIN,ORL,MIN,1610612750,2025,1629.0,1633.0,1631.0,201144|203497|203944|1630162|1630183,202709|1628976|1630532|1631094|1641783,2024-25,377.0,0,0,0.4036697247706422
308715,08:24,"Reid 3PT Jump Shot (6 PTS) (Conley 2 AST)
",0,0,1,1,2025-03-14,0022400963,0,0,ORL,3,0,-2,08:42,Off Timeout,0,Reid 3PT Jump Shot (6 PTS) (Conley 2 AST),,MIN,ORL,MIN,1610612750,2025,1638.0,1656.0,1647.0,201144|203497|1629675|1630162|1630183,202709|1628976|1630532|1631094|1641783,2024-25,384.0,0,1,0.23076923076923078
308713,07:24,"MISS Reid 7' Driving Floating Jump Shot
Banchero REBOUND (Off:1 Def:7)
",1,0,0,0,2025-03-14,0022400963,0,0,ORL,3,0,-1,07:41,Off Short Mid-Range Make,0,MISS Reid 7' Driving Floating Jump Shot,,MIN,ORL,MIN,1610612750,2025,1699.0,1716.0,1707.5,201144|203497|1629675|1630162|1630183,202709|1628976|1630532|1631094|1641783,2024-25,392.0,0,-1,0.8947368421052632
308709,07:07,"Joseph S.FOUL (P3.T2) (D.Richardson)
MISS McDaniels Free Throw 1 of 2
TIMBERWOLVES Rebound
McDaniels Free Throw 2 of 2 (3 PTS)
",0,0,0,0,2025-03-14,0022400963,0,0,ORL,3,1,-3,07:18,Off FT Make,0,Joseph S.FOUL (P3.T2) (D.Richardson),,MIN,ORL,MIN,1610612750,2025,1722.0,1733.0,1727.5,201144|203497|1629675|1630162|1630183,202709|1628976|1630532|1631094|1641783,2024-25,381.0,0,-3,0.1702127659574468
308708,06:37,"Conley 25' 3PT Step Back Jump Shot (9 PTS) (Edwards 3 AST)
",0,0,1,1,2025-03-14,0022400963,0,0,ORL,3,0,-2,06:47,Off Arc 3 Miss,0,Conley 25' 3PT Step Back Jump Shot (9 PTS) (Edwards 3 AST),,MIN,ORL,MIN,1610612750,2025,1753.0,1763.0,1758.0,201144|203497|1629675|1630162|1630183,202709|1628976|1630532|1631094|1641783,2024-25,408.0,0,1,0.11627906976744186
308705,06:11,"MISS Gobert 6' Cutting Dunk Shot: Joseph BLOCK (1 BLK)
Gobert REBOUND (Off:2 Def:5)
Gobert 2' Putback Dunk (8 PTS)
",2,1,0,0,2025-03-14,0022400963,0,1,ORL,3,0,1,06:30,Off Dead Ball,0,MISS Gobert 6' Cutting Dunk Shot: Joseph BLOCK (1 BLK),,MIN,ORL,MIN,1610612750,2025,1770.0,1789.0,1779.5,203497|1628978|1629675|1630162|1630183,202709|203914|1628976|1631094|1641783,2024-25,420.0,0,3,0.3023255813953488
308704,05:43,"Gobert Out of Bounds - Bad Pass Turnover Turnover (P1.T10)
",0,0,0,0,2025-03-14,0022400963,0,0,ORL,3,0,3,05:49,Off Arc 3 Miss,1,Gobert Out of Bounds - Bad Pass Turnover Turnover (P1.T10),,MIN,ORL,MIN,1610612750,2025,1811.0,1817.0,1814.0,203497|1628978|1629675|1630162|1630183,202709|203914|1628976|1631094|1641783,2024-25,423.0,0,3,0.5283018867924528
308703,05:11,"Edwards 3' Driving Layup (17 PTS)
",1,1,0,0,2025-03-14,0022400963,0,0,ORL,3,0,3,05:22,Off Short Mid-Range Miss,0,Edwards 3' Driving Layup (17 PTS),,MIN,ORL,MIN,1610612750,2025,1838.0,1849.0,1843.5,203497|1628978|1629675|1630162|1630183,202709|203914|1628976|1631094|1641710,2024-25,428.0,0,5,0.9090909090909091
308701,04:32,"MISS Alexander-Walker 26' 3PT Jump Shot
Magic Rebound
",0,0,1,0,2025-03-14,0022400963,0,0,ORL,3,0,3,04:57,Off At Rim Make,0,MISS Alexander-Walker 26' 3PT Jump Shot,,MIN,ORL,MIN,1610612750,2025,1863.0,1888.0,1875.5,203944|1628978|1629638|1629675|1630162,203914|1628976|1631094|1631216|1641710,2024-25,438.0,0,3,0.7887323943661971
308698,03:39,"Alexander-Walker Out of Bounds - Bad Pass Turnover Turnover (P2.T11)
",0,0,0,0,2025-03-14,0022400963,0,0,ORL,3,0,0,03:52,Off Arc 3 Make,1,Alexander-Walker Out of Bounds - Bad Pass Turnover Turnover (P2.T11),,MIN,ORL,MIN,1610612750,2025,1928.0,1941.0,1934.5,203944|1628978|1629638|1629675|1630162,203914|1628976|1631094|1631216|1641710,2024-25,447.0,0,0,0.6031746031746031
308696,03:02,"MISS Reid 3PT Jump Shot
Black REBOUND (Off:2 Def:2)
",0,0,1,0,2025-03-14,0022400963,0,0,ORL,3,0,-2,03:25,Off At Rim Make,0,MISS Reid 3PT Jump Shot,,MIN,ORL,MIN,1610612750,2025,1955.0,1978.0,1966.5,203944|1628978|1629638|1629675|1630162,203914|1628976|1631094|1631216|1641710,2024-25,449.0,0,-2,0.6666666666666666
308695,02:28,"Alexander-Walker Bad Pass Turnover (P3.T12): Houstan STEAL (3 STL)
",0,0,0,0,2025-03-14,0022400963,0,0,ORL,3,0,-5,02:48,Off Arc 3 Make,1,Alexander-Walker Bad Pass Turnover (P3.T12): Houstan STEAL (3 STL),,MIN,ORL,MIN,1610612750,2025,1992.0,2012.0,2002.0,203944|1628978|1629638|1629675|1630162,203914|1628976|1631094|1631216|1641710,2024-25,452.0,0,-5,0.46875
308694,01:43,"Black L.B.FOUL (P1.T3) (E.Malloy)
Isaac P.FOUL (P1.T4) (D.Richardson)
MISS Alexander-Walker 8' Driving Layup: Harris BLOCK (1 BLK)
Harris REBOUND (Off:0 Def:1)
",1,0,0,0,2025-03-14,0022400963,0,0,ORL,3,0,-5,02:05,Off Dead Ball,0,Harris REBOUND (Off:0 Def:1),,MIN,ORL,MIN,1610612750,2025,2035.0,2057.0,2046.0,203944|1628978|1629638|1629675|1630162,203914|1628371|1630532|1631216|1641710,2024-25,459.0,0,-5,0.26666666666666666
308688,01:17,"MISS Reid 29' 3PT Jump Shot
TIMBERWOLVES Rebound
Harris L.B.FOUL (P1.PN) (C.Washington)
MISS Alexander-Walker Free Throw 1 of 2
TIMBERWOLVES Rebound
Alexander-Walker Free Throw 2 of 2 (8 PTS)
",0,0,1,0,2025-03-14,0022400963,1,1,ORL,3,0,-8,01:33,Off Arc 3 Make,0,Harris L.B.FOUL (P1.PN) (C.Washington),,MIN,ORL,MIN,1610612750,2025,2067.0,2083.0,2075.0,203944|1628978|1629638|1629675|1630162,203914|1628371|1630532|1631216|1641710,2024-25,467.0,0,-8,0.2777777777777778
308684,00:54,"MISS DiVincenzo 3PT Jump Shot
Magic Rebound
",0,0,1,0,2025-03-14,0022400963,0,0,ORL,3,0,-9,01:07,Off At Rim Make,0,MISS DiVincenzo 3PT Jump Shot,,MIN,ORL,MIN,1610612750,2025,2093.0,2106.0,2099.5,203944|1628978|1629638|1630162|1630183,203914|1628371|1630532|1631216|1641710,2024-25,482.0,0,-9,0.1016949152542373
308683,00:26,"Edwards 3' Driving Layup (19 PTS)
",1,1,0,0,2025-03-14,0022400963,0,0,ORL,3,0,-9,00:31,Off Short Mid-Range Miss,0,Edwards 3' Driving Layup (19 PTS),,MIN,ORL,MIN,1610612750,2025,2129.0,2134.0,2131.5,203497|1628978|1629638|1630162|1630183,203914|1628371|1630532|1631216|1641710,2024-25,489.0,0,-7,0.4943820224719101
308681,00:00,"MISS Edwards 48' 3PT Pullup Jump Shot
TIMBERWOLVES Rebound
",0,0,1,0,2025-03-14,0022400963,0,0,ORL,3,0,-9,00:03,Off At Rim Make,0,MISS Edwards 48' 3PT Pullup Jump Shot,,MIN,ORL,MIN,1610612750,2025,2157.0,2160.0,2158.5,203497|1628978|1629638|1630162|1630183,203914|1628371|1630532|1631216|1641710,2024-25,491.0,0,-9,0.23853211009174313
308783,11:33,"Gobert 1' Cutting Dunk Shot (10 PTS) (DiVincenzo 4 AST)
",1,1,0,0,2025-03-14,0022400963,0,0,ORL,4,0,-11,11:48,Off At Rim Make,0,Gobert 1' Cutting Dunk Shot (10 PTS) (DiVincenzo 4 AST),,MIN,ORL,MIN,1610612750,2025,2172.0,2187.0,2179.5,201144|203497|1628978|1629675|1630183,1628371|1630532|1631216|1641710|1641783,2024-25,503.0,0,-9,0.2619047619047619
308782,10:56,"DiVincenzo 10' Driving Floating Bank Jump Shot (8 PTS)
",1,1,0,0,2025-03-14,0022400963,0,0,ORL,4,0,-9,11:05,Off Arc 3 Miss,0,DiVincenzo 10' Driving Floating Bank Jump Shot (8 PTS),,MIN,ORL,MIN,1610612750,2025,2215.0,2224.0,2219.5,201144|203497|1628978|1629675|1630183,1628371|1630532|1631216|1641710|1641783,2024-25,509.0,0,-7,0.18666666666666668
308781,10:37,"Reid Bad Pass Turnover (P2.T13): Isaac STEAL (2 STL)
",0,0,0,0,2025-03-14,0022400963,0,0,ORL,4,0,-7,10:42,Off Block,1,Reid Bad Pass Turnover (P2.T13): Isaac STEAL (2 STL),,MIN,ORL,MIN,1610612750,2025,2238.0,2243.0,2240.5,201144|203497|1628978|1629675|1630183,1628371|1630532|1631216|1641710|1641783,2024-25,514.0,0,-7,0.3392857142857143
308780,10:23,"DiVincenzo 2' Running Reverse Layup (10 PTS) (Gobert 1 AST)
",1,1,0,0,2025-03-14,0022400963,0,0,ORL,4,0,-8,10:27,Off Steal,0,DiVincenzo 2' Running Reverse Layup (10 PTS) (Gobert 1 AST),,MIN,ORL,MIN,1610612750,2025,2253.0,2257.0,2255.0,201144|203497|1628978|1629675|1630183,1628371|1630532|1631216|1641710|1641783,2024-25,521.0,0,-6,0.9256198347107438
308777,09:55,"MISS Conley 25' 3PT Pullup Jump Shot
Gobert REBOUND (Off:3 Def:6)
Gobert Tip Dunk Shot (12 PTS)
",1,1,1,0,2025-03-14,0022400963,0,1,ORL,4,0,-6,10:11,Off Dead Ball,0,MISS Conley 25' 3PT Pullup Jump Shot,,MIN,ORL,MIN,1610612750,2025,2269.0,2285.0,2277.0,201144|203497|1628978|1629675|1630183,1628371|1630532|1631216|1641710|1641783,2024-25,533.0,0,-4,0.07272727272727272
308776,09:12,"McDaniels 27' 3PT Jump Shot (6 PTS) (Conley 3 AST)
",0,0,1,1,2025-03-14,0022400963,0,0,ORL,4,0,-4,09:35,Off Long Mid-Range Miss,0,McDaniels 27' 3PT Jump Shot (6 PTS) (Conley 3 AST),,MIN,ORL,MIN,1610612750,2025,2305.0,2328.0,2316.5,201144|203497|1628978|1629675|1630183,1628976|1630532|1631216|1641710|1641783,2024-25,534.0,0,-1,0.12987012987012986
308775,08:50,"McDaniels Discontinue Dribble Turnover (P2.T14)
",0,0,0,0,2025-03-14,0022400963,0,0,ORL,4,0,-1,08:53,Off At Rim Miss,1,McDaniels Discontinue Dribble Turnover (P2.T14),,MIN,ORL,MIN,1610612750,2025,2347.0,2350.0,2348.5,201144|203497|1628978|1629675|1630183,1628976|1630532|1631216|1641710|1641783,2024-25,538.0,0,-1,0.2978723404255319
308774,08:23,"Reid 3' Driving Layup (8 PTS) (DiVincenzo 5 AST)
",1,1,0,0,2025-03-14,0022400963,0,0,ORL,4,0,-1,08:34,Off Arc 3 Miss,0,Reid 3' Driving Layup (8 PTS) (DiVincenzo 5 AST),,MIN,ORL,MIN,1610612750,2025,2366.0,2377.0,2371.5,201144|203497|1628978|1629675|1630183,202709|1628976|1630532|1631094|1631216,2024-25,545.0,0,1,0.358974358974359
308773,07:53,"DiVincenzo 2' Running Reverse Layup (12 PTS) (McDaniels 2 AST)
",1,1,0,0,2025-03-14,0022400963,0,0,ORL,4,0,1,07:55,Off Steal,0,DiVincenzo 2' Running Reverse Layup (12 PTS) (McDaniels 2 AST),,MIN,ORL,MIN,1610612750,2025,2405.0,2407.0,2406.0,203497|1628978|1629675|1630162|1630183,202709|1628976|1630532|1631094|1631216,2024-25,556.0,0,3,0.625
308772,07:09,"Joseph P.FOUL (P4.T1) (D.Richardson)
DiVincenzo 4' Driving Floating Jump Shot (14 PTS) (Reid 3 AST)
",1,1,0,0,2025-03-14,0022400963,0,0,ORL,4,0,3,07:34,Off Timeout,0,DiVincenzo 4' Driving Floating Jump Shot (14 PTS) (Reid 3 AST),,MIN,ORL,MIN,1610612750,2025,2426.0,2451.0,2438.5,203497|1628978|1629675|1630162|1630183,202709|203914|1628976|1631094|1631216,2024-25,571.0,0,5,0.20833333333333334
308770,06:30,"Edwards Bad Pass Turnover (P2.T15): Houstan STEAL (4 STL)
",0,0,0,0,2025-03-14,0022400963,0,0,ORL,4,0,3,06:47,Off Long Mid-Range Make,1,Edwards Bad Pass Turnover (P2.T15): Houstan STEAL (4 STL),,MIN,ORL,MIN,1610612750,2025,2473.0,2490.0,2481.5,203497|1628978|1629675|1630162|1630183,202709|203914|1628976|1631094|1631216,2024-25,573.0,0,3,0.2077922077922078
308765,05:54,"Carter Jr. S.FOUL (P4.T2) (C.Washington)
MISS Reid Free Throw 1 of 2
TIMBERWOLVES Rebound
MISS Reid Free Throw 2 of 2
Houstan REBOUND (Off:0 Def:1)
",0,0,0,0,2025-03-14,0022400963,0,0,ORL,4,1,1,06:16,Off Long Mid-Range Make,0,Carter Jr. S.FOUL (P4.T2) (C.Washington),,MIN,ORL,MIN,1610612750,2025,2504.0,2526.0,2515.0,203497|1628978|1629675|1630162|1630183,202709|203914|1628976|1631094|1631216,2024-25,582.0,0,1,0.45161290322580644
308764,05:06,"MISS Reid 3PT Jump Shot
Gobert REBOUND (Off:4 Def:7)
MISS Gobert 5' Putback Layup: Carter Jr. BLOCK (1 BLK)
TIMBERWOLVES Rebound
MISS Randle 7' Fadeaway Jumper
Banchero REBOUND (Off:1 Def:9)
",2,0,1,0,2025-03-14,0022400963,0,2,ORL,4,0,1,05:29,Off Short Mid-Range Miss,0,Banchero REBOUND (Off:1 Def:9),,MIN,ORL,MIN,1610612750,2025,2551.0,2574.0,2562.5,203497|203944|1628978|1630162|1630183,202709|203914|1628976|1631094|1631216,2024-25,587.0,0,1,0.24096385542168675
308757,04:48,"MISS Edwards 30' 3PT Pullup Jump Shot
Joseph REBOUND (Off:0 Def:3)
",0,0,1,0,2025-03-14,0022400963,0,0,ORL,4,0,1,04:59,Off Short Mid-Range Miss,0,MISS Edwards 30' 3PT Pullup Jump Shot,,MIN,ORL,MIN,1610612750,2025,2581.0,2592.0,2586.5,203497|203944|1628978|1630162|1630183,202709|203914|1628976|1631094|1631216,2024-25,638.0,0,1,0.9
308756,04:15,"McDaniels 24' 3PT Jump Shot (9 PTS) (Edwards 4 AST)
",0,0,1,1,2025-03-14,0022400963,0,0,ORL,4,0,1,04:31,Off Timeout,0,McDaniels 24' 3PT Jump Shot (9 PTS) (Edwards 4 AST),,MIN,ORL,MIN,1610612750,2025,2609.0,2625.0,2617.0,201144|203497|203944|1630162|1630183,202709|203914|1628976|1630532|1631094,2024-25,607.0,0,4,0.0547945205479452
308754,03:36,"MISS Edwards 10' Driving Layup: Harris BLOCK (2 BLK)
Wagner REBOUND (Off:1 Def:3)
",1,0,0,0,2025-03-14,0022400963,0,0,ORL,4,0,2,03:54,Off Short Mid-Range Make,0,MISS Edwards 10' Driving Layup: Harris BLOCK (2 BLK),,MIN,ORL,MIN,1610612750,2025,2646.0,2664.0,2655.0,201144|203497|203944|1630162|1630183,202709|203914|1628976|1630532|1631094,2024-25,656.0,0,2,0.7789473684210526
308753,03:09,"Edwards 25' 3PT Step Back Jump Shot (22 PTS)
",0,0,1,1,2025-03-14,0022400963,0,0,ORL,4,0,0,03:32,Off At Rim Make,0,Edwards 25' 3PT Step Back Jump Shot (22 PTS),,MIN,ORL,MIN,1610612750,2025,2668.0,2691.0,2679.5,201144|203497|203944|1630162|1630183,202709|203914|1628976|1630532|1631094,2024-25,614.0,0,3,0.29333333333333333
308752,02:34,"Edwards 5' Driving Layup (24 PTS)
",1,1,0,0,2025-03-14,0022400963,0,0,ORL,4,0,3,02:48,Off Arc 3 Miss,0,Edwards 5' Driving Layup (24 PTS),,MIN,ORL,MIN,1610612750,2025,2712.0,2726.0,2719.0,201144|203497|203944|1630162|1630183,202709|203914|1628976|1630532|1631094,2024-25,617.0,0,5,0.16393442622950818
308750,02:13,"MISS Edwards 27' 3PT Running Pull-Up Jump Shot
Randle REBOUND (Off:2 Def:5)
Randle Tip Dunk Shot (19 PTS)
",1,1,1,0,2025-03-14,0022400963,0,1,ORL,4,0,5,02:19,Off Short Mid-Range Miss,0,Randle REBOUND (Off:2 Def:5),,MIN,ORL,MIN,1610612750,2025,2741.0,2747.0,2744.0,201144|203497|203944|1630162|1630183,202709|203914|1628976|1630532|1631094,2024-25,622.0,0,7,0.7796610169491526
308748,01:52,"McDaniels 2' Running Dunk (11 PTS)
",1,1,0,0,2025-03-14,0022400963,0,0,ORL,4,0,7,01:54,Off Steal,0,McDaniels 2' Running Dunk (11 PTS),,MIN,ORL,MIN,1610612750,2025,2766.0,2768.0,2767.0,201144|203497|203944|1630162|1630183,202709|203914|1630532|1631094|1631216,2024-25,628.0,0,9,0.33707865168539325
308747,01:18,"Edwards Out of Bounds Lost Ball Turnover (P3.T16)
",0,0,0,0,2025-03-14,0022400963,0,0,ORL,4,0,7,01:37,Off At Rim Make,1,Edwards Out of Bounds Lost Ball Turnover (P3.T16),,MIN,ORL,MIN,1610612750,2025,2783.0,2802.0,2792.5,201144|203497|203944|1630162|1630183,202709|203914|1630532|1631094|1631216,2024-25,630.0,0,7,0.3037974683544304
308745,00:56,"Harris P.FOUL (P2.T3) (C.Washington)
Edwards 3' Driving Layup (26 PTS)
",1,1,0,0,2025-03-14,0022400963,0,0,ORL,4,0,6,01:10,Off FT Make,0,Harris P.FOUL (P2.T3) (C.Washington),,MIN,ORL,MIN,1610612750,2025,2810.0,2824.0,2817.0,201144|203944|1629638|1630162|1630183,202709|203914|1630532|1631094|1631216,2024-25,640.0,0,8,0.2962962962962963
308742,00:50,"Harris Personal Take Foul (P3.PN) (D.Richardson)
Alexander-Walker Free Throw 1 of 2 (9 PTS)
Alexander-Walker Free Throw 2 of 2 (10 PTS)
",0,0,0,0,2025-03-14,0022400963,1,0,ORL,4,0,8,00:50,Off At Rim Block,0,Harris Personal Take Foul (P3.PN) (D.Richardson),,MIN,ORL,MIN,1610612750,2025,2830.0,2830.0,2830.0,203944|1628978|1629638|1630162|1630183,202709|203914|1630532|1631094|1631216,2024-25,643.0,0,8,0.3132530120481928
308741,00:36,"Alexander-Walker 1' Driving Dunk (12 PTS) (Edwards 5 AST)
",1,1,0,0,2025-03-14,0022400963,0,0,ORL,4,0,7,00:44,Off FT Make,0,Alexander-Walker 1' Driving Dunk (12 PTS) (Edwards 5 AST),,MIN,ORL,MIN,1610612750,2025,2836.0,2844.0,2840.0,203944|1628978|1629638|1630162|1630183,202709|203914|1630532|1631094|1631216,2024-25,654.0,0,9,0.6166666666666667
308740,00:30,"Banchero Personal Take Foul (P1.PN) (E.Malloy)
Randle Free Throw 1 of 2 (20 PTS)
Randle Free Throw 2 of 2 (21 PTS)
",0,0,0,0,2025-03-14,0022400963,1,0,ORL,4,0,7,00:31,Off At Rim Make,0,Randle Free Throw 2 of 2 (21 PTS),,MIN,ORL,MIN,1610612750,2025,2849.0,2850.0,2849.5,203944|1628978|1629638|1630162|1630183,202709|1628976|1630532|1631094|1631216,2024-25,662.0,0,7,0.0967741935483871
308735,00:20,"Carter Jr. Personal Take Foul (P5.PN) (D.Richardson)
Edwards Free Throw 1 of 2 (27 PTS)
Edwards Free Throw 2 of 2 (28 PTS)
",0,0,0,0,2025-03-14,0022400963,1,0,ORL,4,0,7,00:25,Off At Rim Make,0,Carter Jr. Personal Take Foul (P5.PN) (D.Richardson),,MIN,ORL,MIN,1610612750,2025,2855.0,2860.0,2857.5,203944|1628978|1629638|1630162|1630183,202709|1628976|1630532|1631094|1631216,2024-25,671.0,0,7,0.4807692307692308
308733,00:12,"Banchero Personal Take Foul (P2.PN) (D.Richardson)
MISS Randle Free Throw 1 of 2
TIMBERWOLVES Rebound
Randle Free Throw 2 of 2 (22 PTS)
",0,0,0,0,2025-03-14,0022400963,1,0,ORL,4,0,6,00:14,Off FT Make,0,TIMBERWOLVES Rebound,,MIN,ORL,MIN,1610612750,2025,2866.0,2868.0,2867.0,203944|1628978|1629638|1630162|1630183,202709|1628976|1630532|1631094|1631216,2024-25,679.0,0,6,0.26666666666666666
263565,11:31,"Murray 3' Driving Finger Roll Layup (2 PTS) (Braun 1 AST)
",1,1,0,0,2025-03-14,0022400965,0,0,LAL,1,0,0,11:37,Off Short Mid-Range Miss,0,Murray 3' Driving Finger Roll Layup (2 PTS) (Braun 1 AST),,DEN,LAL,DEN,1610612743,2025,23.0,29.0,26.0,203932|203999|1627750|1629008|1631128,203458|1629020|1630559|1630692|1642261,2024-25,9.0,0,2,0.25287356321839083
263564,11:03,"MISS Murray 27' 3PT Jump Shot
Reaves REBOUND (Off:0 Def:1)
",0,0,1,0,2025-03-14,0022400965,0,0,LAL,1,0,-1,11:22,Off Arc 3 Make,0,Reaves REBOUND (Off:0 Def:1),,DEN,LAL,DEN,1610612743,2025,38.0,57.0,47.5,203932|203999|1627750|1629008|1631128,203458|1629020|1630559|1630692|1642261,2024-25,12.0,0,-1,0.8275862068965517
263562,10:34,"Murray Lost Ball Turnover (P1.T1): Reaves STEAL (1 STL)
",0,0,0,0,2025-03-14,0022400965,0,0,LAL,1,0,-1,10:39,Off At Rim Miss,1,Murray Lost Ball Turnover (P1.T1): Reaves STEAL (1 STL),,DEN,LAL,DEN,1610612743,2025,81.0,86.0,83.5,203932|203999|1627750|1629008|1631128,203458|1629020|1630559|1630692|1642261,2024-25,20.0,0,-1,0.23255813953488372
263561,10:07,"MISS Jokić 25' 3PT Jump Shot
Len REBOUND (Off:2 Def:1)
",0,0,1,0,2025-03-14,0022400965,0,0,LAL,1,0,-1,10:29,Off Dead Ball,0,Len REBOUND (Off:2 Def:1),,DEN,LAL,DEN,1610612743,2025,91.0,113.0,102.0,203932|203999|1627750|1629008|1631128,203458|1629020|1630559|1630692|1642261,2024-25,24.0,0,-1,0.2711864406779661
263559,09:39,"MISS Porter Jr. 8' Driving Floating Jump Shot
Reaves REBOUND (Off:0 Def:2)
",1,0,0,0,2025-03-14,0022400965,0,0,LAL,1,0,-3,09:59,Off At Rim Make,0,Reaves REBOUND (Off:0 Def:2),,DEN,LAL,DEN,1610612743,2025,121.0,141.0,131.0,203932|203999|1627750|1629008|1631128,203458|1629020|1630559|1630692|1642261,2024-25,27.0,0,-3,0.7619047619047619
263557,09:12,"Gordon 24' 3PT Jump Shot (3 PTS) (Braun 2 AST)
",0,0,1,1,2025-03-14,0022400965,0,0,LAL,1,0,-6,09:28,Off Corner 3 Make,0,Gordon 24' 3PT Jump Shot (3 PTS) (Braun 2 AST),,DEN,LAL,DEN,1610612743,2025,152.0,168.0,160.0,203932|203999|1627750|1629008|1631128,203458|1629020|1630559|1630692|1642261,2024-25,33.0,0,-3,0.15584415584415584
263556,08:34,"MISS Gordon 25' 3PT Jump Shot
Vanderbilt REBOUND (Off:0 Def:1)
",0,0,1,0,2025-03-14,0022400965,0,0,LAL,1,0,-3,08:50,Off Corner 3 Miss,0,Vanderbilt REBOUND (Off:0 Def:1),,DEN,LAL,DEN,1610612743,2025,190.0,206.0,198.0,203932|203999|1627750|1629008|1631128,203458|1629020|1630559|1630692|1642261,2024-25,38.0,0,-3,0.2891566265060241
263554,08:07,"Gordon 2' Cutting Dunk Shot (5 PTS) (Murray 1 AST)
",1,1,0,0,2025-03-14,0022400965,0,0,LAL,1,0,-5,08:22,Off Timeout,0,Gordon 2' Cutting Dunk Shot (5 PTS) (Murray 1 AST),,DEN,LAL,DEN,1610612743,2025,218.0,233.0,225.5,203932|203999|1627750|1629008|1631128,203458|1629020|1630559|1630692|1642261,2024-25,45.0,0,-3,0.16470588235294117
263553,07:34,"Jokić Hook Bank Shot (2 PTS) (Murray 2 AST)
",1,1,0,0,2025-03-14,0022400965,0,0,LAL,1,0,-5,07:52,Off At Rim Make,0,Jokić Hook Bank Shot (2 PTS) (Murray 2 AST),,DEN,LAL,DEN,1610612743,2025,248.0,266.0,257.0,203932|203999|1627750|1629008|1631128,203458|1629020|1630559|1630692|1642261,2024-25,49.0,0,-3,0.5137614678899083
263552,07:16,"Len Transition Take Foul (P1.T1) (S.Mitchell)
Murray Free Throw 1 of 1 (3 PTS)
Koloko S.FOUL (P1.T2) (B.Taylor)
MISS Gordon Free Throw 1 of 2
NUGGETS Rebound
Gordon Free Throw 2 of 2 (6 PTS)
",0,0,0,0,2025-03-14,0022400965,1,0,LAL,1,1,-3,07:24,Off Steal,0,Gordon Free Throw 2 of 2 (6 PTS),,DEN,LAL,DEN,1610612743,2025,276.0,284.0,280.0,203932|203999|1627750|1629008|1631128,1629020|1630559|1630692|1631132|1642261,2024-25,57.0,6,3,0.32941176470588235
263546,06:42,"Jokić Out of Bounds - Bad Pass Turnover Turnover (P1.T2)
",0,0,0,0,2025-03-14,0022400965,0,0,LAL,1,0,-3,06:58,Off Long Mid-Range Make,1,Jokić Out of Bounds - Bad Pass Turnover Turnover (P1.T2),,DEN,LAL,DEN,1610612743,2025,302.0,318.0,310.0,203932|203999|1627750|1629008|1631128,1629020|1630559|1630692|1631132|1642261,2024-25,68.0,0,-3,0.5242718446601942
263545,06:11,"MISS Murray 24' 3PT Step Back Jump Shot
Jokić REBOUND (Off:1 Def:1)
Jokić Putback Layup (4 PTS)
",1,1,1,0,2025-03-14,0022400965,0,1,LAL,1,0,-6,06:25,Off Arc 3 Make,0,Jokić Putback Layup (4 PTS),,DEN,LAL,DEN,1610612743,2025,335.0,349.0,342.0,203932|203999|1627750|1629008|1631128,1629020|1630559|1630692|1631132|1642261,2024-25,74.0,0,-4,0.21052631578947367
263541,05:49,"Koloko S.FOUL (P2.T3) (S.Mitchell)
Gordon Free Throw 1 of 2 (7 PTS)
Gordon Free Throw 2 of 2 (8 PTS)
",0,0,0,0,2025-03-14,0022400965,0,0,LAL,1,1,-6,05:57,Off At Rim Make,0,Gordon Free Throw 1 of 2 (7 PTS),,DEN,LAL,DEN,1610612743,2025,363.0,371.0,367.0,203932|203999|1627750|1629008|1631128,1629020|1630559|1630692|1631132|1642261,2024-25,72.0,7,1,0.2535211267605634
263539,05:25,"MISS Jokić 3' Turnaround Hook Shot
Koloko REBOUND (Off:0 Def:1)
",1,0,0,0,2025-03-14,0022400965,0,0,LAL,1,0,-4,05:33,Off Corner 3 Miss,0,Koloko REBOUND (Off:0 Def:1),,DEN,LAL,DEN,1610612743,2025,387.0,395.0,391.0,201566|203932|203999|1627750|1631128,202693|1629003|1630559|1631132|1642261,2024-25,88.0,0,-4,0.7796610169491526
263537,04:53,"Braun 24' 3PT Jump Shot (3 PTS) (Jokić 1 AST)
",0,0,1,1,2025-03-14,0022400965,0,0,LAL,1,0,-6,05:07,Off At Rim Make,0,Braun 24' 3PT Jump Shot (3 PTS) (Jokić 1 AST),,DEN,LAL,DEN,1610612743,2025,413.0,427.0,420.0,201566|203932|203999|1627750|1631128,202693|1629003|1630559|1631132|1642261,2024-25,95.0,0,-3,0.7710843373493976
263536,04:30,"Westbrook 1' Running Alley Oop Dunk Shot (2 PTS) (Braun 3 AST)
",1,1,0,0,2025-03-14,0022400965,0,0,LAL,1,0,-3,04:34,Off Steal,0,Westbrook 1' Running Alley Oop Dunk Shot (2 PTS) (Braun 3 AST),,DEN,LAL,DEN,1610612743,2025,446.0,450.0,448.0,201566|203932|203999|1627750|1631128,202693|1629003|1630559|1631132|1642261,2024-25,99.0,0,-1,0.8688524590163934
263535,03:49,"MISS Murray 25' 3PT Jump Shot
NUGGETS Rebound
MISS Jokić 6' Driving Floating Jump Shot
Morris REBOUND (Off:0 Def:1)
",1,0,1,0,2025-03-14,0022400965,0,1,LAL,1,0,-3,04:13,Off At Rim Make,0,Morris REBOUND (Off:0 Def:1),,DEN,LAL,DEN,1610612743,2025,467.0,491.0,479.0,201566|203999|1627750|1630192|1631128,202693|1629003|1630559|1631132|1642261,2024-25,107.0,0,-3,0.13043478260869565
263531,03:29,"Braun 1' Layup (5 PTS) (Westbrook 1 AST)
",1,1,0,0,2025-03-14,0022400965,0,0,LAL,1,0,-5,03:41,Off At Rim Make,0,Braun 1' Layup (5 PTS) (Westbrook 1 AST),,DEN,LAL,DEN,1610612743,2025,499.0,511.0,505.0,201566|203999|1627750|1630192|1631128,202693|1629003|1630559|1631132|1642355,2024-25,115.0,0,-3,0.891566265060241
263530,03:00,"MISS Jokić 25' 3PT Pullup Jump Shot
Reaves REBOUND (Off:0 Def:3)
",0,0,1,0,2025-03-14,0022400965,0,0,LAL,1,0,-5,03:12,Off At Rim Make,0,Reaves REBOUND (Off:0 Def:3),,DEN,LAL,DEN,1610612743,2025,528.0,540.0,534.0,201566|203999|1627750|1630192|1631128,202693|1629003|1630559|1631132|1642355,2024-25,119.0,0,-5,0.25
263528,02:47,"MISS Murray 6' Driving Floating Jump Shot
Milton REBOUND (Off:0 Def:1)
",1,0,0,0,2025-03-14,0022400965,0,0,LAL,1,0,-5,02:53,Off At Rim Miss,0,Milton REBOUND (Off:0 Def:1),,DEN,LAL,DEN,1610612743,2025,547.0,553.0,550.0,201566|203999|1627750|1630192|1631128,202693|1629003|1630559|1631132|1642355,2024-25,122.0,0,-5,0.7241379310344828
263526,02:29,"Jokić 17' Jump Shot (6 PTS)
",1,1,0,0,2025-03-14,0022400965,0,0,LAL,1,0,-7,02:40,Off Timeout,0,Jokić 17' Jump Shot (6 PTS),,DEN,LAL,DEN,1610612743,2025,560.0,571.0,565.5,201566|203999|1629618|1630192|1631212,202693|1629003|1630559|1631132|1642355,2024-25,132.0,0,-5,0.9473684210526315
263525,01:57,"Jokić 8' Turnaround Fadeaway (8 PTS)
Morris S.FOUL (P1.T4) (J.Goldenberg)
MISS Jokić Free Throw 1 of 1
Reaves REBOUND (Off:0 Def:4)
",1,1,0,0,2025-03-14,0022400965,0,0,LAL,1,1,-7,02:09,Off FT Make,0,Reaves REBOUND (Off:0 Def:4),,DEN,LAL,DEN,1610612743,2025,591.0,603.0,597.0,201566|203999|1629618|1630192|1631212,202693|203458|1629003|1630559|1642355,2024-25,148.0,0,-5,0.3389830508474576
263521,01:25,"Westbrook 25' 3PT Pullup Jump Shot (5 PTS)
",0,0,1,1,2025-03-14,0022400965,0,0,LAL,1,0,-8,01:39,Off Corner 3 Make,0,Westbrook 25' 3PT Pullup Jump Shot (5 PTS),,DEN,LAL,DEN,1610612743,2025,621.0,635.0,628.0,201566|203999|1629618|1630192|1631212,202693|203458|1629003|1630559|1642355,2024-25,154.0,0,-5,0.19444444444444445
263520,01:03,"MISS Jokić 3PT Jump Shot
Reaves REBOUND (Off:0 Def:5)
",0,0,1,0,2025-03-14,0022400965,0,0,LAL,1,0,-8,01:16,Off Corner 3 Make,0,Reaves REBOUND (Off:0 Def:5),,DEN,LAL,DEN,1610612743,2025,644.0,657.0,650.5,201566|203999|1629618|1630192|1631212,202693|203458|1629003|1630559|1642355,2024-25,157.0,0,-8,0.20512820512820512
263518,00:43,"Westbrook 11' Pullup Jump Shot (7 PTS)
",1,1,0,0,2025-03-14,0022400965,0,0,LAL,1,0,-11,00:50,Off Arc 3 Make,0,Westbrook 11' Pullup Jump Shot (7 PTS),,DEN,LAL,DEN,1610612743,2025,670.0,677.0,673.5,201566|203999|1629618|1630192|1631212,202693|203458|1629003|1630559|1642355,2024-25,160.0,0,-9,0.2191780821917808
263516,00:25,"Len L.B.FOUL (P2.PN) (J.Goldenberg)
Watson Free Throw 1 of 2 (1 PTS)
MISS Watson Free Throw 2 of 2
Morris REBOUND (Off:0 Def:2)
",0,0,0,0,2025-03-14,0022400965,1,0,LAL,1,0,-9,00:27,Off Dead Ball,0,MISS Watson Free Throw 2 of 2,,DEN,LAL,DEN,1610612743,2025,693.0,695.0,694.0,201566|203932|1630192|1631128|1631212,202693|203458|1629003|1630559|1642355,2024-25,170.0,0,-9,0.9508196721311475
263513,00:00,"MISS Westbrook 14' Driving Floating Bank Jump Shot
NUGGETS Rebound
",1,0,0,0,2025-03-14,0022400965,0,0,LAL,1,0,-8,00:03,Off Dead Ball,0,NUGGETS Rebound,,DEN,LAL,DEN,1610612743,2025,717.0,720.0,718.5,201566|203932|1630192|1631128|1631212,202693|203458|1629003|1630559|1642355,2024-25,175.0,0,-8,0.4
263620,11:33,"MISS Watson 8' Driving Floating Jump Shot
NUGGETS Rebound
MISS Westbrook 13' Fadeaway Jumper
Morris REBOUND (Off:0 Def:3)
",2,0,0,0,2025-03-14,0022400965,0,1,LAL,2,0,-8,12:00,Off Dead Ball,0,NUGGETS Rebound,,DEN,LAL,DEN,1610612743,2025,720.0,747.0,733.5,201566|1627750|1629008|1630192|1631212,202693|203458|1629003|1629629|1642355,2024-25,190.0,0,-8,0.5405405405405406
263616,11:02,"Len S.FOUL (P3.T1) (S.Mitchell)
Porter Jr. Free Throw 1 of 2 (1 PTS)
Porter Jr. Free Throw 2 of 2 (2 PTS)
",0,0,0,0,2025-03-14,0022400965,0,0,LAL,2,1,-8,11:09,Off Arc 3 Miss,0,Len S.FOUL (P3.T1) (S.Mitchell),,DEN,LAL,DEN,1610612743,2025,771.0,778.0,774.5,201566|1627750|1629008|1630192|1631212,202693|203458|1629003|1629629|1642355,2024-25,195.0,0,-8,0.2727272727272727
263615,10:34,"Murray 25' 3PT Running Pull-Up Jump Shot (6 PTS)
",0,0,1,1,2025-03-14,0022400965,0,0,LAL,2,0,-6,10:38,Off Arc 3 Miss,0,Murray 25' 3PT Running Pull-Up Jump Shot (6 PTS),,DEN,LAL,DEN,1610612743,2025,802.0,806.0,804.0,201566|1627750|1629008|1630192|1631212,202693|1629003|1629629|1631132|1642355,2024-25,206.0,0,-3,0.4
263609,09:16,"Koloko S.FOUL (P3.T2) (B.Taylor)
Murray Free Throw 1 of 2 (7 PTS)
Murray Free Throw 2 of 2 (8 PTS)
",0,0,0,0,2025-03-14,0022400965,0,0,LAL,2,1,-4,09:30,Off Short Mid-Range Make,0,Murray Free Throw 2 of 2 (8 PTS),,DEN,LAL,DEN,1610612743,2025,870.0,884.0,877.0,201566|1627750|1629008|1630192|1631212,202693|1629003|1629629|1631132|1642355,2024-25,218.0,8,4,0.21428571428571427
263606,08:47,"Nnaji 1' Cutting Dunk Shot (2 PTS) (Westbrook 2 AST)
",1,1,0,0,2025-03-14,0022400965,0,0,LAL,2,0,-2,08:56,Off Short Mid-Range Miss,0,Nnaji 1' Cutting Dunk Shot (2 PTS) (Westbrook 2 AST),,DEN,LAL,DEN,1610612743,2025,904.0,913.0,908.5,201566|1627750|1629008|1630192|1631212,1629003|1629020|1629629|1630692|1642261,2024-25,228.0,0,0,0.8627450980392157
263605,08:02,"Westbrook Bad Pass Turnover (P1.T3): Vanderbilt STEAL (1 STL)
",0,0,0,0,2025-03-14,0022400965,0,0,LAL,2,0,0,08:08,Off Dead Ball,1,Westbrook Bad Pass Turnover (P1.T3): Vanderbilt STEAL (1 STL),,DEN,LAL,DEN,1610612743,2025,952.0,958.0,955.0,201566|1627750|1629008|1630192|1631212,1629003|1629020|1629629|1630692|1642261,2024-25,235.0,0,0,0.2696629213483146
263604,07:23,"MISS Murray 19' Step Back Jump Shot
Knecht REBOUND (Off:0 Def:1)
",1,0,0,0,2025-03-14,0022400965,0,0,LAL,2,0,0,07:37,Off Dead Ball,0,Knecht REBOUND (Off:0 Def:1),,DEN,LAL,DEN,1610612743,2025,983.0,997.0,990.0,201566|1627750|1629008|1630192|1631212,1629020|1629629|1630559|1630692|1642261,2024-25,244.0,0,0,0.25806451612903225
263602,07:06,"MISS Westbrook 3' Driving Finger Roll Layup
Vanderbilt REBOUND (Off:0 Def:2)
",1,0,0,0,2025-03-14,0022400965,0,0,LAL,2,0,-2,07:12,Off FT Make,0,Vanderbilt REBOUND (Off:0 Def:2),,DEN,LAL,DEN,1610612743,2025,1008.0,1014.0,1011.0,201566|203932|203999|1629008|1631128,1629020|1629629|1630559|1630692|1642261,2024-25,256.0,0,-2,0.21333333333333335
263600,06:54,"Braun 1' Cutting Layup Shot (7 PTS) (Westbrook 3 AST)
",1,1,0,0,2025-03-14,0022400965,0,0,LAL,2,0,-2,07:06,Off Dead Ball,0,Braun 1' Cutting Layup Shot (7 PTS) (Westbrook 3 AST),,DEN,LAL,DEN,1610612743,2025,1014.0,1026.0,1020.0,201566|203932|203999|1629008|1631128,1629020|1629629|1630559|1630692|1642261,2024-25,260.0,0,0,0.8653846153846154
263599,06:15,"Vanderbilt P.FOUL (P1.T3) (J.Goldenberg)
Jokić 1' Cutting Dunk Shot (10 PTS) (Westbrook 4 AST)
",1,1,0,0,2025-03-14,0022400965,0,0,LAL,2,0,-3,06:34,Off Timeout,0,Jokić 1' Cutting Dunk Shot (10 PTS) (Westbrook 4 AST),,DEN,LAL,DEN,1610612743,2025,1046.0,1065.0,1055.5,201566|203932|203999|1629008|1631128,1629020|1629629|1630559|1630692|1642261,2024-25,268.0,0,-1,0.8653846153846154
263597,05:43,"Porter Jr. 1' Running Alley Oop Dunk Shot (4 PTS) (Jokić 2 AST)
",1,1,0,0,2025-03-14,0022400965,0,0,LAL,2,0,-1,05:52,Off At Rim Miss,0,Porter Jr. 1' Running Alley Oop Dunk Shot (4 PTS) (Jokić 2 AST),,DEN,LAL,DEN,1610612743,2025,1088.0,1097.0,1092.5,201566|203932|203999|1629008|1631128,1629020|1629629|1630559|1630692|1642261,2024-25,276.0,0,1,0.24742268041237114
263596,05:16,"Goodwin S.FOUL (P1.T4) (J.Goldenberg)
Jokić Free Throw 1 of 3 (11 PTS)
Jokić Free Throw 2 of 3 (12 PTS)
Jokić Free Throw 3 of 3 (13 PTS)
",0,0,0,0,2025-03-14,0022400965,0,0,LAL,2,1,1,05:28,Off Steal,0,Jokić Free Throw 3 of 3 (13 PTS),,DEN,LAL,DEN,1610612743,2025,1112.0,1124.0,1118.0,201566|203932|203999|1629008|1631128,1629020|1629629|1630559|1630692|1642261,2024-25,304.0,13,14,0.35714285714285715
263592,04:40,"Braun Driving Layup (9 PTS) (Gordon 1 AST)
",1,1,0,0,2025-03-14,0022400965,0,0,LAL,2,0,2,04:57,Off Short Mid-Range Make,0,Braun Driving Layup (9 PTS) (Gordon 1 AST),,DEN,LAL,DEN,1610612743,2025,1143.0,1160.0,1151.5,201566|203932|203999|1629008|1631128,202693|1629020|1630559|1630692|1642261,2024-25,288.0,0,4,0.9333333333333333
263591,04:23,"Westbrook 1' Running Finger Roll Layup (12 PTS) (Jokić 3 AST)
",1,1,0,0,2025-03-14,0022400965,0,0,LAL,2,0,3,04:28,Off FT Miss,0,Westbrook 1' Running Finger Roll Layup (12 PTS) (Jokić 3 AST),,DEN,LAL,DEN,1610612743,2025,1172.0,1177.0,1174.5,201566|203932|203999|1627750|1631128,202693|1629020|1630559|1630692|1642261,2024-25,297.0,0,5,0.22916666666666666
263590,03:51,"Jokić Lost Ball Turnover (P2.T4): Vanderbilt STEAL (2 STL)
",0,0,0,0,2025-03-14,0022400965,0,0,LAL,2,0,5,03:59,Off At Rim Miss,1,Jokić Lost Ball Turnover (P2.T4): Vanderbilt STEAL (2 STL),,DEN,LAL,DEN,1610612743,2025,1201.0,1209.0,1205.0,201566|203932|203999|1627750|1631128,202693|1629020|1630559|1630692|1642261,2024-25,301.0,0,5,0.25
263588,03:32,"Vanderbilt S.FOUL (P2.PN) (J.Goldenberg)
Jokić Free Throw 1 of 2 (14 PTS)
Jokić Free Throw 2 of 2 (15 PTS)
",0,0,0,0,2025-03-14,0022400965,0,0,LAL,2,1,3,03:47,Off At Rim Make,0,Jokić Free Throw 1 of 2 (14 PTS),,DEN,LAL,DEN,1610612743,2025,1213.0,1228.0,1220.5,201566|203932|203999|1627750|1631128,202693|1629020|1630559|1630692|1642261,2024-25,307.0,14,17,0.3548387096774194
263584,03:11,"Knecht S.FOUL (P1.PN) (S.Mitchell)
Gordon Free Throw 1 of 2 (9 PTS)
Gordon Free Throw 2 of 2 (10 PTS)
",0,0,0,0,2025-03-14,0022400965,0,0,LAL,2,1,5,03:13,Off At Rim Miss,0,Knecht S.FOUL (P1.PN) (S.Mitchell),,DEN,LAL,DEN,1610612743,2025,1247.0,1249.0,1248.0,201566|203932|203999|1627750|1631128,202693|1629003|1630559|1630692|1642261,2024-25,312.0,0,5,0.3116883116883117
263580,02:16,"Westbrook 24' 3PT Jump Shot (15 PTS) (Braun 4 AST)
",0,0,1,1,2025-03-14,0022400965,0,0,LAL,2,0,7,02:23,Off At Rim Miss,0,Westbrook 24' 3PT Jump Shot (15 PTS) (Braun 4 AST),,DEN,LAL,DEN,1610612743,2025,1297.0,1304.0,1300.5,201566|203932|203999|1627750|1631128,202693|1629003|1630559|1630692|1642261,2024-25,328.0,0,10,0.15584415584415584
263579,01:50,"Braun 2' Cutting Finger Roll Layup Shot (11 PTS) (Westbrook 5 AST)
",1,1,0,0,2025-03-14,0022400965,0,0,LAL,2,0,7,01:57,Off Corner 3 Make,0,Braun 2' Cutting Finger Roll Layup Shot (11 PTS) (Westbrook 5 AST),,DEN,LAL,DEN,1610612743,2025,1323.0,1330.0,1326.5,201566|203932|203999|1627750|1631128,202693|1629003|1630559|1630692|1642261,2024-25,333.0,0,9,0.3300970873786408
263577,01:16,"Morris P.FOUL (P2.PN) (S.Mitchell)
Jokić Free Throw 1 of 2 (16 PTS)
MISS Jokić Free Throw 2 of 2
Lakers Rebound
",0,0,0,0,2025-03-14,0022400965,1,0,LAL,2,0,6,01:29,Off FT Make,0,MISS Jokić Free Throw 2 of 2,,DEN,LAL,DEN,1610612743,2025,1351.0,1364.0,1357.5,201566|203932|203999|1627750|1631128,202693|1629003|1630559|1630692|1642261,2024-25,292.0,0,6,0.29545454545454547
263574,00:40,"MISS Westbrook 2' Driving Layup: Goodwin BLOCK (1 BLK)
NUGGETS Rebound
Knecht P.FOUL (P2.PN) (B.Taylor)
Jokić Free Throw 1 of 2 (17 PTS)
Jokić Free Throw 2 of 2 (18 PTS)
",1,0,0,0,2025-03-14,0022400965,1,1,LAL,2,0,5,00:52,Off At Rim Make,0,Jokić Free Throw 2 of 2 (18 PTS),,DEN,LAL,DEN,1610612743,2025,1388.0,1400.0,1394.0,201566|203932|203999|1627750|1631128,202693|1629003|1630559|1630692|1642261,2024-25,355.0,0,5,0.2619047619047619
263569,00:29,"MISS Jokić 6' Turnaround Jump Shot
Lakers Rebound
",1,0,0,0,2025-03-14,0022400965,0,0,LAL,2,0,4,00:35,Off Arc 3 Make,0,Lakers Rebound,,DEN,LAL,DEN,1610612743,2025,1405.0,1411.0,1408.0,201566|203932|203999|1627750|1631128,202693|1629003|1630559|1630692|1642261,2024-25,358.0,0,4,0.4444444444444444
263566,00:00,"MISS Jokić 35' 3PT Jump Shot
NUGGETS Rebound
",0,0,1,0,2025-03-14,0022400965,0,0,LAL,2,0,4,00:10,Off Dead Ball,0,MISS Jokić 35' 3PT Jump Shot,,DEN,LAL,DEN,1610612743,2025,1430.0,1440.0,1435.0,201566|203932|203999|1627750|1631128,202693|1629003|1630559|1630692|1642261,2024-25,368.0,0,4,0.6938775510204082
263669,11:42,"MISS Porter Jr. 24' 3PT Jump Shot
Braun REBOUND (Off:1 Def:3)
Braun 1' Putback Layup (13 PTS)
",1,1,1,0,2025-03-14,0022400965,0,1,LAL,3,0,4,12:00,Off Dead Ball,0,Braun REBOUND (Off:1 Def:3),,DEN,LAL,DEN,1610612743,2025,1440.0,1458.0,1449.0,203932|203999|1627750|1629008|1631128,203458|1629020|1630559|1630692|1642261,2024-25,381.0,0,6,0.4482758620689655
263667,11:16,"Porter Jr. Bad Pass Turnover (P1.T5): Reaves STEAL (2 STL)
",0,0,0,0,2025-03-14,0022400965,0,0,LAL,3,0,6,11:24,Off Arc 3 Miss,1,Porter Jr. Bad Pass Turnover (P1.T5): Reaves STEAL (2 STL),,DEN,LAL,DEN,1610612743,2025,1476.0,1484.0,1480.0,203932|203999|1627750|1629008|1631128,203458|1629020|1630559|1630692|1642261,2024-25,384.0,0,6,0.6875
263666,11:05,"Gordon 25' 3PT Running Jump Shot (15 PTS) (Jokić 4 AST)
",0,0,1,1,2025-03-14,0022400965,0,0,LAL,3,0,6,11:10,Off At Rim Miss,0,Gordon 25' 3PT Running Jump Shot (15 PTS) (Jokić 4 AST),,DEN,LAL,DEN,1610612743,2025,1490.0,1495.0,1492.5,203932|203999|1627750|1629008|1631128,203458|1629020|1630559|1630692|1642261,2024-25,388.0,0,9,0.8301886792452831
263665,10:29,"Braun 27' 3PT Pullup Jump Shot (16 PTS)
",0,0,1,1,2025-03-14,0022400965,0,0,LAL,3,0,7,10:52,Off At Rim Make,0,Braun 27' 3PT Pullup Jump Shot (16 PTS),,DEN,LAL,DEN,1610612743,2025,1508.0,1531.0,1519.5,203932|203999|1627750|1629008|1631128,203458|1629020|1630559|1630692|1642261,2024-25,391.0,0,10,0.8169014084507042
263664,09:49,"Porter Jr. 1' Cutting Finger Roll Layup Shot (6 PTS) (Gordon 2 AST)
",1,1,0,0,2025-03-14,0022400965,0,0,LAL,3,0,8,10:02,Off At Rim Make,0,Porter Jr. 1' Cutting Finger Roll Layup Shot (6 PTS) (Gordon 2 AST),,DEN,LAL,DEN,1610612743,2025,1558.0,1571.0,1564.5,203932|203999|1627750|1629008|1631128,203458|1629020|1630559|1630692|1642261,2024-25,396.0,0,10,0.8939393939393939
263663,09:21,"Murray 1' Driving Finger Roll Layup (10 PTS) (Porter Jr. 1 AST)
",1,1,0,0,2025-03-14,0022400965,0,0,LAL,3,0,10,09:28,Off Corner 3 Miss,0,Murray 1' Driving Finger Roll Layup (10 PTS) (Porter Jr. 1 AST),,DEN,LAL,DEN,1610612743,2025,1592.0,1599.0,1595.5,203932|203999|1627750|1629008|1631128,203458|1629020|1630559|1630692|1642261,2024-25,400.0,0,12,0.34782608695652173
263662,08:39,"Reaves P.FOUL (P2.T1) (S.Mitchell)
MISS Jokić 19' Step Back Jump Shot
Vanderbilt REBOUND (Off:2 Def:3)
",1,0,0,0,2025-03-14,0022400965,0,0,LAL,3,0,12,09:04,Off Arc 3 Miss,0,Vanderbilt REBOUND (Off:2 Def:3),,DEN,LAL,DEN,1610612743,2025,1616.0,1641.0,1628.5,203932|203999|1627750|1629008|1631128,203458|1629020|1630559|1630692|1642261,2024-25,404.0,0,12,0.2909090909090909
263659,08:03,"Murray 2' Driving Layup (12 PTS) (Porter Jr. 2 AST)
",1,1,0,0,2025-03-14,0022400965,0,0,LAL,3,0,10,08:26,Off At Rim Make,0,Murray 2' Driving Layup (12 PTS) (Porter Jr. 2 AST),,DEN,LAL,DEN,1610612743,2025,1654.0,1677.0,1665.5,203932|203999|1627750|1629008|1631128,203458|1629020|1630559|1630692|1642261,2024-25,412.0,0,12,0.5523809523809524
263658,07:47,"Murray 27' 3PT Pullup Jump Shot (15 PTS) (Gordon 3 AST)
",0,0,1,1,2025-03-14,0022400965,0,0,LAL,3,0,10,07:56,Off At Rim Make,0,Murray 27' 3PT Pullup Jump Shot (15 PTS) (Gordon 3 AST),,DEN,LAL,DEN,1610612743,2025,1684.0,1693.0,1688.5,203932|203999|1627750|1629008|1631128,203458|1629020|1630559|1630692|1642261,2024-25,416.0,0,13,0.8301886792452831
263657,06:55,"MISS Braun 26' 3PT Jump Shot
Gordon REBOUND (Off:1 Def:5)
MISS Gordon Tip Layup Shot
Reaves REBOUND (Off:0 Def:6)
",1,0,1,0,2025-03-14,0022400965,0,1,LAL,3,0,11,07:19,Off Short Mid-Range Make,0,Reaves REBOUND (Off:0 Def:6),,DEN,LAL,DEN,1610612743,2025,1721.0,1745.0,1733.0,203932|203999|1627750|1629008|1631128,202693|1629003|1629020|1630559|1642261,2024-25,425.0,0,11,0.711864406779661
263653,06:15,"Porter Jr. 29' 3PT Jump Shot (9 PTS) (Murray 4 AST)
",0,0,1,1,2025-03-14,0022400965,0,0,LAL,3,0,8,06:29,Off Arc 3 Make,0,Porter Jr. 29' 3PT Jump Shot (9 PTS) (Murray 4 AST),,DEN,LAL,DEN,1610612743,2025,1771.0,1785.0,1778.0,203932|203999|1627750|1629008|1631128,202693|1629003|1629020|1630559|1642261,2024-25,432.0,0,11,0.8282828282828283
263652,05:51,"Jokić Running Finger Roll Layup (20 PTS) (Braun 5 AST)
",1,1,0,0,2025-03-14,0022400965,0,0,LAL,3,0,11,05:54,Off Arc 3 Miss,0,Jokić Running Finger Roll Layup (20 PTS) (Braun 5 AST),,DEN,LAL,DEN,1610612743,2025,1806.0,1809.0,1807.5,203932|203999|1627750|1629008|1631128,202693|1629003|1629020|1630559|1642261,2024-25,436.0,0,13,0.9473684210526315
263651,05:21,"Braun Bad Pass Turnover (P1.T6): Vanderbilt STEAL (3 STL)
",0,0,0,0,2025-03-14,0022400965,0,0,LAL,3,0,11,05:31,Off Short Mid-Range Make,1,Braun Bad Pass Turnover (P1.T6): Vanderbilt STEAL (3 STL),,DEN,LAL,DEN,1610612743,2025,1829.0,1839.0,1834.0,203932|203999|1627750|1629008|1631128,202693|1629003|1629020|1630559|1642261,2024-25,440.0,0,11,0.6222222222222222
263647,05:08,"Vanderbilt S.FOUL (P3.T2) (J.Goldenberg)
MISS Jokić Free Throw 1 of 2
NUGGETS Rebound
MISS Jokić Free Throw 2 of 2
Milton REBOUND (Off:0 Def:2)
",0,0,0,0,2025-03-14,0022400965,0,0,LAL,3,1,8,05:18,Off FT Make,0,MISS Jokić Free Throw 1 of 2,,DEN,LAL,DEN,1610612743,2025,1842.0,1852.0,1847.0,201566|203932|203999|1627750|1631128,202693|1629003|1629020|1630559|1642261,2024-25,451.0,0,8,0.9491525423728814
263644,04:43,"Knecht S.FOUL (P3.T3) (J.Goldenberg)
Jokić Free Throw 1 of 2 (21 PTS)
Jokić Free Throw 2 of 2 (22 PTS)
",0,0,0,0,2025-03-14,0022400965,0,0,LAL,3,1,7,04:57,Off Timeout,0,Jokić Free Throw 1 of 2 (21 PTS),,DEN,LAL,DEN,1610612743,2025,1863.0,1877.0,1870.0,201566|203932|203999|1627750|1631128,202693|1629003|1629020|1630559|1642261,2024-25,465.0,21,28,0.2903225806451613
263642,04:19,"Knecht L.B.FOUL (P4.T4) (J.Goldenberg)
MISS Murray 24' 3PT Jump Shot
Lakers Rebound
",0,0,1,0,2025-03-14,0022400965,0,0,LAL,3,0,9,04:28,Off Dead Ball,0,Lakers Rebound,,DEN,LAL,DEN,1610612743,2025,1892.0,1901.0,1896.5,201566|203932|203999|1627750|1631128,202693|1629003|1630559|1631132|1642355,2024-25,468.0,0,9,0.23255813953488372
263639,03:44,"Murray 26' 3PT Jump Shot (18 PTS) (Westbrook 6 AST)
",0,0,1,1,2025-03-14,0022400965,0,0,LAL,3,0,9,03:55,Off Long Mid-Range Miss,0,Murray 26' 3PT Jump Shot (18 PTS) (Westbrook 6 AST),,DEN,LAL,DEN,1610612743,2025,1925.0,1936.0,1930.5,201566|203932|203999|1627750|1631128,202693|1629003|1630559|1631132|1642355,2024-25,480.0,0,12,0.1643835616438356
263638,03:16,"MISS Gordon 25' 3PT Pullup Jump Shot
Reaves REBOUND (Off:0 Def:7)
",0,0,1,0,2025-03-14,0022400965,0,0,LAL,3,0,10,03:30,Off At Rim Make,0,Reaves REBOUND (Off:0 Def:7),,DEN,LAL,DEN,1610612743,2025,1950.0,1964.0,1957.0,201566|203932|203999|1627750|1631128,202693|1629003|1630559|1631132|1642355,2024-25,402.0,0,10,0.17647058823529413
263636,02:45,"MISS Westbrook 25' 3PT Jump Shot
Milton REBOUND (Off:0 Def:3)
",0,0,1,0,2025-03-14,0022400965,0,0,LAL,3,0,8,03:02,Off FT Make,0,Milton REBOUND (Off:0 Def:3),,DEN,LAL,DEN,1610612743,2025,1978.0,1995.0,1986.5,201566|203999|1630192|1631128|1631212,202693|1629003|1630559|1631132|1642355,2024-25,495.0,0,8,0.26666666666666666
263634,02:23,"Westbrook Bad Pass Turnover (P2.T7): James STEAL (1 STL)
",0,0,0,0,2025-03-14,0022400965,0,0,LAL,3,0,6,02:38,Off Long Mid-Range Make,1,Westbrook Bad Pass Turnover (P2.T7): James STEAL (1 STL),,DEN,LAL,DEN,1610612743,2025,2002.0,2017.0,2009.5,201566|203999|1630192|1631128|1631212,202693|1629003|1630559|1631132|1642355,2024-25,498.0,0,6,0.6881720430107527
263633,02:09,"Braun 3' Running Layup (18 PTS) (Watson 1 AST)
",1,1,0,0,2025-03-14,0022400965,0,0,LAL,3,0,6,02:14,Off Arc 3 Miss,0,Braun 3' Running Layup (18 PTS) (Watson 1 AST),,DEN,LAL,DEN,1610612743,2025,2026.0,2031.0,2028.5,201566|203999|1630192|1631128|1631212,202693|1629003|1630559|1631132|1642355,2024-25,502.0,0,8,0.1388888888888889
263632,01:30,"Westbrook Lost Ball Turnover (P3.T8): Milton STEAL (1 STL)
",0,0,0,0,2025-03-14,0022400965,0,0,LAL,3,0,5,01:46,Off Corner 3 Make,1,Westbrook Lost Ball Turnover (P3.T8): Milton STEAL (1 STL),,DEN,LAL,DEN,1610612743,2025,2054.0,2070.0,2062.0,201566|203999|1629008|1630192|1631212,1629003|1630559|1630692|1631132|1642355,2024-25,512.0,0,5,0.7291666666666666
263631,01:03,"MISS Westbrook 26' 3PT Jump Shot
Goodwin REBOUND (Off:3 Def:1)
",0,0,1,0,2025-03-14,0022400965,0,0,LAL,3,0,3,01:26,Off At Rim Make,0,Goodwin REBOUND (Off:3 Def:1),,DEN,LAL,DEN,1610612743,2025,2074.0,2097.0,2085.5,201566|203999|1629008|1630192|1631212,1629003|1630559|1630692|1631132|1642355,2024-25,479.0,0,3,0.7457627118644068
263629,00:27,"MISS Porter Jr. 24' 3PT Running Jump Shot
Nnaji REBOUND (Off:3 Def:0)
MISS Nnaji Tip Layup Shot
Nnaji REBOUND (Off:4 Def:0)
Nnaji Tip Layup Shot (4 PTS)
",2,1,1,0,2025-03-14,0022400965,0,2,LAL,3,0,3,00:35,Off At Rim Miss,0,Nnaji Tip Layup Shot (4 PTS),,DEN,LAL,DEN,1610612743,2025,2125.0,2133.0,2129.0,201566|203999|1629008|1630192|1631212,1629003|1630559|1630692|1631132|1642355,2024-25,453.0,0,5,0.32727272727272727
263623,00:00,"MISS Porter Jr. 52' 3PT Pullup Jump Shot
NUGGETS Rebound
",0,0,1,0,2025-03-14,0022400965,0,0,LAL,3,0,3,00:03,Off Long Mid-Range Make,0,MISS Porter Jr. 52' 3PT Pullup Jump Shot,,DEN,LAL,DEN,1610612743,2025,2157.0,2160.0,2158.5,201566|203999|1629008|1630192|1631212,1629003|1630559|1630692|1631132|1642355,2024-25,528.0,0,3,0.7671232876712328
263721,11:11,"Milton P.FOUL (P1.T1) (B.Taylor)
MISS Porter Jr. 24' Pullup Jump Shot
Koloko REBOUND (Off:1 Def:2)
",1,0,0,0,2025-03-14,0022400965,0,0,LAL,4,0,3,11:35,Off Long Mid-Range Miss,0,Koloko REBOUND (Off:1 Def:2),,DEN,LAL,DEN,1610612743,2025,2185.0,2209.0,2197.0,201566|1627750|1629008|1630192|1631212,1629003|1630692|1631132|1642261|1642355,2024-25,510.0,0,3,0.6666666666666666
263718,10:36,"MISS Watson 3' Running Dunk: Koloko BLOCK (1 BLK)
Westbrook REBOUND (Off:1 Def:2)
Westbrook Bad Pass Turnover (P4.T9): Goodwin STEAL (1 STL)
",1,0,0,0,2025-03-14,0022400965,0,1,LAL,4,0,3,10:47,Off At Rim Block,1,Westbrook Bad Pass Turnover (P4.T9): Goodwin STEAL (1 STL),,DEN,LAL,DEN,1610612743,2025,2233.0,2244.0,2238.5,201566|1627750|1629008|1630192|1631212,1629003|1630692|1631132|1642261|1642355,2024-25,548.0,0,3,0.6736842105263158
263714,10:13,"MISS Westbrook 16' Pullup Jump Shot
Goodwin REBOUND (Off:3 Def:2)
",1,0,0,0,2025-03-14,0022400965,0,0,LAL,4,0,1,10:31,Off At Rim Make,0,MISS Westbrook 16' Pullup Jump Shot,,DEN,LAL,DEN,1610612743,2025,2249.0,2267.0,2258.0,201566|1627750|1629008|1630192|1631212,1629003|1630692|1631132|1642261|1642355,2024-25,551.0,0,1,0.13186813186813187
263713,09:53,"MISS Murray 2' Driving Reverse Layup
Koloko REBOUND (Off:1 Def:3)
",1,0,0,0,2025-03-14,0022400965,0,0,LAL,4,0,1,10:07,Off Steal,0,Koloko REBOUND (Off:1 Def:3),,DEN,LAL,DEN,1610612743,2025,2273.0,2287.0,2280.0,201566|1627750|1629008|1630192|1631212,1629003|1630692|1631132|1642261|1642355,2024-25,556.0,0,1,0.19607843137254902
263710,09:13,"MISS Porter Jr. 3' Driving Layup
Nnaji REBOUND (Off:5 Def:0)
MISS Nnaji Tip Layup Shot
Koloko REBOUND (Off:2 Def:4)
",2,0,0,0,2025-03-14,0022400965,0,1,LAL,4,0,-1,09:40,Off Timeout,0,MISS Nnaji Tip Layup Shot,,DEN,LAL,DEN,1610612743,2025,2300.0,2327.0,2313.5,201566|1627750|1629008|1630192|1631212,1629003|1630692|1631132|1642261|1642355,2024-25,567.0,0,-1,0.8333333333333334
263707,08:28,"MISS Watson 3PT Jump Shot
Milton REBOUND (Off:1 Def:4)
",0,0,1,0,2025-03-14,0022400965,0,0,LAL,4,0,-3,08:52,Off At Rim Make,0,Milton REBOUND (Off:1 Def:4),,DEN,LAL,DEN,1610612743,2025,2348.0,2372.0,2360.0,201566|1627750|1629008|1630192|1631212,1629003|1630692|1631132|1642261|1642355,2024-25,552.0,0,-3,0.7666666666666667
263705,08:11,"Watson 2' Cutting Dunk Shot (3 PTS) (Westbrook 7 AST)
",1,1,0,0,2025-03-14,0022400965,0,0,LAL,4,0,-3,08:19,Off Corner 3 Miss,0,Watson 2' Cutting Dunk Shot (3 PTS) (Westbrook 7 AST),,DEN,LAL,DEN,1610612743,2025,2381.0,2389.0,2385.0,201566|1627750|1629008|1630192|1631212,1629003|1630692|1631132|1642261|1642355,2024-25,581.0,0,-1,0.8653846153846154
263704,07:35,"MISS Westbrook 25' 3PT Running Pull-Up Jump Shot
Koloko REBOUND (Off:2 Def:5)
",0,0,1,0,2025-03-14,0022400965,0,0,LAL,4,0,-1,07:44,Off Arc 3 Miss,0,Koloko REBOUND (Off:2 Def:5),,DEN,LAL,DEN,1610612743,2025,2416.0,2425.0,2420.5,201566|1627750|1629008|1630192|1631212,1629003|1630692|1631132|1642261|1642355,2024-25,584.0,0,-1,0.11764705882352941
263702,07:24,"Koloko S.FOUL (P4.T2) (S.Mitchell)
Watson Free Throw 1 of 2 (4 PTS)
MISS Watson Free Throw 2 of 2
Goodwin REBOUND (Off:3 Def:3)
",0,0,0,0,2025-03-14,0022400965,0,0,LAL,4,1,-1,07:30,Off At Rim Miss,0,Goodwin REBOUND (Off:3 Def:3),,DEN,LAL,DEN,1610612743,2025,2430.0,2436.0,2433.0,201566|1627750|1629008|1630192|1631212,1629003|1630692|1631132|1642261|1642355,2024-25,589.0,0,-1,0.6984126984126984
263698,07:02,"MISS Watson 4' Running Layup
Reaves REBOUND (Off:0 Def:8)
",1,0,0,0,2025-03-14,0022400965,0,0,LAL,4,0,0,07:09,Off Steal,0,Reaves REBOUND (Off:0 Def:8),,DEN,LAL,DEN,1610612743,2025,2451.0,2458.0,2454.5,203932|203999|1627750|1631128|1631212,1629020|1630559|1630692|1631132|1642261,2024-25,607.0,0,0,0.175
263695,06:30,"Jokić OFF.Foul (P3) (B.Taylor)
Jokić Offensive Foul Turnover (P3.T10)
",0,0,0,0,2025-03-14,0022400965,0,0,LAL,4,0,-3,06:40,Off Arc 3 Make,1,Jokić OFF.Foul (P3) (B.Taylor),,DEN,LAL,DEN,1610612743,2025,2480.0,2490.0,2485.0,203932|203999|1627750|1631128|1631212,1629020|1630559|1630692|1631132|1642261,2024-25,617.0,0,-3,0.208955223880597
263694,05:52,"Vanderbilt S.FOUL (P4.T3) (B.Taylor)
Braun Free Throw 1 of 2 (19 PTS)
Braun Free Throw 2 of 2 (20 PTS)
",0,0,0,0,2025-03-14,0022400965,0,0,LAL,4,1,-6,06:02,Off Arc 3 Make,0,Braun Free Throw 2 of 2 (20 PTS),,DEN,LAL,DEN,1610612743,2025,2518.0,2528.0,2523.0,203932|203999|1627750|1629008|1631128,202693|1629020|1630559|1630692|1642261,2024-25,600.0,20,14,0.25925925925925924
263691,05:11,"Jokić 9' Driving Floating Jump Shot (24 PTS) (Murray 5 AST)
",1,1,0,0,2025-03-14,0022400965,0,0,LAL,4,0,-6,05:35,Off Short Mid-Range Make,0,Jokić 9' Driving Floating Jump Shot (24 PTS) (Murray 5 AST),,DEN,LAL,DEN,1610612743,2025,2545.0,2569.0,2557.0,203932|203999|1627750|1629008|1631128,202693|1629020|1630559|1630692|1642261,2024-25,633.0,0,-4,0.5691056910569106
263690,04:47,"Porter Jr. 1' Running Dunk (11 PTS) (Braun 6 AST)
",1,1,0,0,2025-03-14,0022400965,0,0,LAL,4,0,-4,04:50,Off Short Mid-Range Miss,0,Porter Jr. 1' Running Dunk (11 PTS) (Braun 6 AST),,DEN,LAL,DEN,1610612743,2025,2590.0,2593.0,2591.5,203932|203999|1627750|1629008|1631128,202693|1629020|1630559|1630692|1642261,2024-25,637.0,0,-2,0.25
263689,04:25,"Porter Jr. 2' Running Layup (13 PTS) (Jokić 5 AST)
",1,1,0,0,2025-03-14,0022400965,0,0,LAL,4,0,-2,04:29,Off Corner 3 Miss,0,Porter Jr. 2' Running Layup (13 PTS) (Jokić 5 AST),,DEN,LAL,DEN,1610612743,2025,2611.0,2615.0,2613.0,203932|203999|1627750|1629008|1631128,202693|1629020|1630559|1630692|1642261,2024-25,641.0,0,0,0.25
263688,03:56,"Murray 13' Driving Floating Bank Jump Shot (20 PTS)
",1,1,0,0,2025-03-14,0022400965,0,0,LAL,4,0,-1,04:06,Off FT Make,0,Murray 13' Driving Floating Bank Jump Shot (20 PTS),,DEN,LAL,DEN,1610612743,2025,2634.0,2644.0,2639.0,203932|203999|1627750|1629008|1631128,202693|1629020|1630559|1630692|1642261,2024-25,649.0,0,1,0.2823529411764706
263685,03:22,"Reaves P.FOUL (P3.T4) (B.Taylor)
Knecht S.FOUL (P5.PN) (J.Goldenberg)
MISS Jokić Free Throw 1 of 2
NUGGETS Rebound
Jokić Free Throw 2 of 2 (25 PTS)
",0,0,0,0,2025-03-14,0022400965,0,0,LAL,4,1,1,03:36,Off Block,0,MISS Jokić Free Throw 1 of 2,,DEN,LAL,DEN,1610612743,2025,2664.0,2678.0,2671.0,203932|203999|1627750|1629008|1631128,202693|1629020|1630559|1630692|1642261,2024-25,657.0,0,1,0.9491525423728814
263682,02:57,"Murray 26' 3PT Pullup Jump Shot (23 PTS)
",0,0,1,1,2025-03-14,0022400965,0,0,LAL,4,0,0,03:04,Off FT Make,0,Murray 26' 3PT Pullup Jump Shot (23 PTS),,DEN,LAL,DEN,1610612743,2025,2696.0,2703.0,2699.5,203932|203999|1627750|1629008|1631128,202693|1629020|1630559|1630692|1642261,2024-25,664.0,0,3,0.7945205479452054
263681,02:31,"Braun Running Dunk (22 PTS)
",1,1,0,0,2025-03-14,0022400965,0,0,LAL,4,0,3,02:33,Off Steal,0,Braun Running Dunk (22 PTS),,DEN,LAL,DEN,1610612743,2025,2727.0,2729.0,2728.0,203932|203999|1627750|1629008|1631128,202693|1629020|1630559|1630692|1642261,2024-25,667.0,0,5,0.3103448275862069
263680,01:49,"Goodwin S.FOUL (P2.PN) (B.Taylor)
Gordon Free Throw 1 of 2 (16 PTS)
Gordon Free Throw 2 of 2 (17 PTS)
",0,0,0,0,2025-03-14,0022400965,0,0,LAL,4,1,2,02:14,Off Corner 3 Make,0,Gordon Free Throw 2 of 2 (17 PTS),,DEN,LAL,DEN,1610612743,2025,2746.0,2771.0,2758.5,203932|203999|1627750|1629008|1631128,1629003|1630559|1630692|1631132|1642261,2024-25,632.0,17,19,0.1568627450980392
263677,01:12,"Jokić Lost Ball Turnover (P4.T11): Reaves STEAL (3 STL)
",0,0,0,0,2025-03-14,0022400965,0,0,LAL,4,0,1,01:36,Off Corner 3 Make,1,Jokić Lost Ball Turnover (P4.T11): Reaves STEAL (3 STL),,DEN,LAL,DEN,1610612743,2025,2784.0,2808.0,2796.0,203932|203999|1627750|1629008|1631128,1629003|1630559|1630692|1631132|1642261,2024-25,683.0,0,1,0.18181818181818182
263676,00:55,"Murray Bad Pass Turnover (P2.T12): Reaves STEAL (4 STL)
",0,0,0,0,2025-03-14,0022400965,0,0,LAL,4,0,-1,01:04,Off At Rim Make,1,Murray Bad Pass Turnover (P2.T12): Reaves STEAL (4 STL),,DEN,LAL,DEN,1610612743,2025,2816.0,2825.0,2820.5,203932|203999|1627750|1629008|1631128,1629003|1630559|1630692|1631132|1642261,2024-25,686.0,0,-1,0.16666666666666666
263675,00:48,"Jokić 1' Driving Layup (27 PTS) (Gordon 4 AST)
Koloko S.FOUL (P5.PN) (S.Mitchell)
Jokić Free Throw 1 of 1 (28 PTS)
",1,1,0,0,2025-03-14,0022400965,0,0,LAL,4,1,-3,00:52,Off Timeout,0,Jokić Free Throw 1 of 1 (28 PTS),,DEN,LAL,DEN,1610612743,2025,2828.0,2832.0,2830.0,203932|203999|1627750|1629008|1631128,1629003|1630559|1630692|1631132|1642261,2024-25,699.0,28,27,0.20408163265306123
263672,00:06,"Murray 24' 3PT Pullup Jump Shot (26 PTS)
",0,0,1,1,2025-03-14,0022400965,0,0,LAL,4,0,0,00:26,Off Long Mid-Range Miss,0,Murray 24' 3PT Pullup Jump Shot (26 PTS),,DEN,LAL,DEN,1610612743,2025,2854.0,2874.0,2864.0,203932|203999|1627750|1629008|1631128,1629003|1630559|1630692|1631132|1642261,2024-25,698.0,0,3,0.2972972972972973
263671,00:02,"Westbrook 2' Running Dunk (17 PTS)
",1,1,0,0,2025-03-14,0022400965,0,0,LAL,4,0,3,00:04,Off Steal,0,Westbrook 2' Running Dunk (17 PTS),,DEN,LAL,DEN,1610612743,2025,2876.0,2878.0,2877.0,201566|203932|203999|1629008|1631128,1629003|1630559|1630692|1631132|1642261,2024-25,704.0,0,5,0.9117647058823529
263761,11:27,"MISS Westbrook 6' Driving Layup
Sarr REBOUND (Off:0 Def:1)
",1,0,0,0,2025-03-15,0022400975,0,0,WAS,1,0,0,11:35,Off Corner 3 Miss,0,Sarr REBOUND (Off:0 Def:1),,DEN,WAS,DEN,1610612743,2025,25.0,33.0,29.0,201566|203999|1627750|1629008|1631128,203114|1629673|1630551|1642259|1642273,2024-25,12.0,0,0,0.8214285714285714
263759,10:55,"Porter Jr. 28' 3PT Jump Shot (3 PTS) (Murray 1 AST)
",0,0,1,1,2025-03-15,0022400975,0,0,WAS,1,0,-2,11:18,Off At Rim Make,0,Porter Jr. 28' 3PT Jump Shot (3 PTS) (Murray 1 AST),,DEN,WAS,DEN,1610612743,2025,42.0,65.0,53.5,201566|203999|1627750|1629008|1631128,203114|1629673|1630551|1642259|1642273,2024-25,13.0,0,1,0.1095890410958904
263758,10:35,"Jokić 3' Driving Reverse Layup (2 PTS) (Murray 2 AST)
",1,1,0,0,2025-03-15,0022400975,0,0,WAS,1,0,1,10:43,Off At Rim Block,0,Jokić 3' Driving Reverse Layup (2 PTS) (Murray 2 AST),,DEN,WAS,DEN,1610612743,2025,77.0,85.0,81.0,201566|203999|1627750|1629008|1631128,203114|1629673|1630551|1642259|1642273,2024-25,18.0,0,3,0.3111111111111111
263757,09:59,"Jokić 21' Pullup Jump Shot (4 PTS) (Murray 3 AST)
",1,1,0,0,2025-03-15,0022400975,0,0,WAS,1,0,0,10:15,Off Arc 3 Make,0,Jokić 21' Pullup Jump Shot (4 PTS) (Murray 3 AST),,DEN,WAS,DEN,1610612743,2025,105.0,121.0,113.0,201566|203999|1627750|1629008|1631128,203114|1629673|1630551|1642259|1642273,2024-25,22.0,0,2,0.27906976744186046
263755,09:38,"MISS Jokić 27' 3PT Jump Shot
Champagnie REBOUND (Off:0 Def:1)
",0,0,1,0,2025-03-15,0022400975,0,0,WAS,1,0,0,09:50,Off FT Make,0,MISS Jokić 27' 3PT Jump Shot,,DEN,WAS,DEN,1610612743,2025,130.0,142.0,136.0,201566|203999|1627750|1629008|1631128,203114|1629673|1630551|1642259|1642273,2024-25,30.0,0,0,0.8
263753,09:25,"MISS Westbrook 26' 3PT Running Jump Shot
Champagnie REBOUND (Off:0 Def:2)
",0,0,1,0,2025-03-15,0022400975,0,0,WAS,1,0,0,09:32,Off Arc 3 Miss,0,MISS Westbrook 26' 3PT Running Jump Shot,,DEN,WAS,DEN,1610612743,2025,148.0,155.0,151.5,201566|203999|1627750|1629008|1631128,203114|1629673|1630551|1642259|1642273,2024-25,34.0,0,0,0.7671232876712328
263752,09:08,"Westbrook 2' Running Layup (2 PTS) (Jokić 1 AST)
",1,1,0,0,2025-03-15,0022400975,0,0,WAS,1,0,0,09:13,Off Arc 3 Miss,0,Westbrook 2' Running Layup (2 PTS) (Jokić 1 AST),,DEN,WAS,DEN,1610612743,2025,167.0,172.0,169.5,201566|203999|1627750|1629008|1631128,203114|1629673|1630551|1642259|1642273,2024-25,38.0,0,2,0.9090909090909091
263751,08:54,"Braun 4' Driving Layup (2 PTS) (Murray 4 AST)
",1,1,0,0,2025-03-15,0022400975,0,0,WAS,1,0,2,09:01,Off Steal,0,Braun 4' Driving Layup (2 PTS) (Murray 4 AST),,DEN,WAS,DEN,1610612743,2025,179.0,186.0,182.5,201566|203999|1627750|1629008|1631128,203114|1629673|1630551|1642259|1642273,2024-25,42.0,0,4,0.9032258064516129
263750,08:23,"Porter Jr. 3' Cutting Layup Shot (5 PTS) (Jokić 2 AST)
",1,1,0,0,2025-03-15,0022400975,0,0,WAS,1,0,2,08:38,Off At Rim Make,0,Porter Jr. 3' Cutting Layup Shot (5 PTS) (Jokić 2 AST),,DEN,WAS,DEN,1610612743,2025,202.0,217.0,209.5,201566|203999|1627750|1629008|1631128,203114|1629673|1630551|1642259|1642273,2024-25,46.0,0,4,0.8679245283018868
263749,07:59,"George S.FOUL (P1.T1) (M.Kogut)
Porter Jr. Free Throw 1 of 2 (6 PTS)
Porter Jr. Free Throw 2 of 2 (7 PTS)
",0,0,0,0,2025-03-15,0022400975,0,0,WAS,1,1,1,08:13,Off Arc 3 Make,0,Porter Jr. Free Throw 2 of 2 (7 PTS),,DEN,WAS,DEN,1610612743,2025,227.0,241.0,234.0,201566|203999|1627750|1629008|1631128,203114|1629673|1630551|1642259|1642273,2024-25,55.0,7,8,0.7027027027027027
263746,07:35,"MISS Jokić 27' 3PT Jump Shot
Wizards Rebound
",0,0,1,0,2025-03-15,0022400975,0,0,WAS,1,0,1,07:51,Off At Rim Make,0,Wizards Rebound,,DEN,WAS,DEN,1610612743,2025,249.0,265.0,257.0,201566|203999|1627750|1629008|1631128,203114|1629673|1630551|1642259|1642273,2024-25,47.0,0,1,0.4
263744,07:10,"Braun Bad Pass Turnover (P1.T1): Champagnie STEAL (1 STL)
",0,0,0,0,2025-03-15,0022400975,0,0,WAS,1,0,1,07:20,Off Arc 3 Miss,1,Braun Bad Pass Turnover (P1.T1): Champagnie STEAL (1 STL),,DEN,WAS,DEN,1610612743,2025,280.0,290.0,285.0,201566|203999|1627750|1629008|1631128,203114|1629673|1630551|1642259|1642273,2024-25,62.0,0,1,0.20454545454545456
263743,07:02,"Westbrook 26' 3PT Running Jump Shot (5 PTS) (Braun 1 AST)
",0,0,1,1,2025-03-15,0022400975,0,0,WAS,1,0,1,07:05,Off Steal,0,Westbrook 26' 3PT Running Jump Shot (5 PTS) (Braun 1 AST),,DEN,WAS,DEN,1610612743,2025,295.0,298.0,296.5,201566|203999|1627750|1629008|1631128,203114|1629673|1630551|1642259|1642273,2024-25,66.0,0,4,0.8545454545454545
263742,06:32,"Jokić 11' Hook Shot (6 PTS) (Braun 2 AST)
",1,1,0,0,2025-03-15,0022400975,0,0,WAS,1,0,3,06:54,Off FT Miss,0,Jokić 11' Hook Shot (6 PTS) (Braun 2 AST),,DEN,WAS,DEN,1610612743,2025,306.0,328.0,317.0,201566|203999|1627750|1629008|1631128,203114|1629673|1630551|1642259|1642273,2024-25,75.0,0,5,0.8433734939759037
263741,06:04,"Braun 27' 3PT Jump Shot (5 PTS) (Westbrook 1 AST)
",0,0,1,1,2025-03-15,0022400975,0,0,WAS,1,0,3,06:19,Off At Rim Make,0,Braun 27' 3PT Jump Shot (5 PTS) (Westbrook 1 AST),,DEN,WAS,DEN,1610612743,2025,341.0,356.0,348.5,201566|203999|1627750|1629008|1631128,203114|1629673|1630551|1642259|1642273,2024-25,80.0,0,6,0.8210526315789474
263740,05:32,"Jokić 3' Cutting Layup Shot (8 PTS) (Westbrook 2 AST)
",1,1,0,0,2025-03-15,0022400975,0,0,WAS,1,0,4,05:43,Off Short Mid-Range Make,0,Jokić 3' Cutting Layup Shot (8 PTS) (Westbrook 2 AST),,DEN,WAS,DEN,1610612743,2025,377.0,388.0,382.5,201566|203999|1627750|1629008|1631128,203114|1629673|1630551|1642259|1642273,2024-25,85.0,0,6,0.8653846153846154
263738,04:53,"MISS Porter Jr. 22' Step Back Jump Shot
Murray REBOUND (Off:1 Def:1)
Murray 2' Putback Layup (2 PTS)
",2,1,0,0,2025-03-15,0022400975,0,1,WAS,1,0,4,05:14,Off At Rim Make,0,Murray REBOUND (Off:1 Def:1),,DEN,WAS,DEN,1610612743,2025,406.0,427.0,416.5,201566|203999|1627750|1629008|1631128,203114|1629673|1630551|1642259|1642273,2024-25,91.0,0,6,0.38596491228070173
263736,04:21,"Westbrook 26' 3PT Jump Shot (8 PTS) (Porter Jr. 1 AST)
",0,0,1,1,2025-03-15,0022400975,0,0,WAS,1,0,3,04:40,Off Arc 3 Make,0,Westbrook 26' 3PT Jump Shot (8 PTS) (Porter Jr. 1 AST),,DEN,WAS,DEN,1610612743,2025,440.0,459.0,449.5,201566|203999|1627750|1629008|1631128,203114|1629673|1630551|1642259|1642273,2024-25,94.0,0,6,0.8380952380952381
263735,03:46,"Jokić 26' 3PT Jump Shot (11 PTS) (Pickett 1 AST)
",0,0,1,1,2025-03-15,0022400975,0,0,WAS,1,0,4,03:59,Off At Rim Make,0,Jokić 26' 3PT Jump Shot (11 PTS) (Pickett 1 AST),,DEN,WAS,DEN,1610612743,2025,481.0,494.0,487.5,203999|1627750|1629618|1630192|1631128,1626158|1629673|1630557|1642267|1642273,2024-25,109.0,0,7,0.8387096774193549
263734,03:26,"Jokić 9' Driving Floating Jump Shot (13 PTS) (Pickett 2 AST)
",1,1,0,0,2025-03-15,0022400975,0,0,WAS,1,0,7,03:35,Off Steal,0,Jokić 9' Driving Floating Jump Shot (13 PTS) (Pickett 2 AST),,DEN,WAS,DEN,1610612743,2025,505.0,514.0,509.5,203999|1627750|1629618|1630192|1631128,1626158|1629673|1630557|1642267|1642273,2024-25,113.0,0,9,0.44
263732,03:01,"MISS Murray 29' 3PT Jump Shot
Carrington REBOUND (Off:0 Def:1)
",0,0,1,0,2025-03-15,0022400975,0,0,WAS,1,0,9,03:11,Off Steal,0,MISS Murray 29' 3PT Jump Shot,,DEN,WAS,DEN,1610612743,2025,529.0,539.0,534.0,203999|1627750|1629618|1630192|1631128,1626158|1629673|1630557|1642267|1642273,2024-25,117.0,0,9,0.4
263731,02:38,"Jokić 11' Floating Jump Shot (15 PTS) (Murray 5 AST)
",1,1,0,0,2025-03-15,0022400975,0,0,WAS,1,0,9,02:45,Off Arc 3 Miss,0,Jokić 11' Floating Jump Shot (15 PTS) (Murray 5 AST),,DEN,WAS,DEN,1610612743,2025,555.0,562.0,558.5,203999|1627750|1629618|1630192|1631128,1626158|1629673|1630557|1642267|1642273,2024-25,121.0,0,11,0.1643835616438356
263730,01:59,"MISS Nnaji 26' 3PT Running Jump Shot
Braun REBOUND (Off:1 Def:1)
Braun Putback Layup (7 PTS)
",1,1,1,0,2025-03-15,0022400975,0,1,WAS,1,0,11,02:09,Off At Rim Miss,0,Braun Putback Layup (7 PTS),,DEN,WAS,DEN,1610612743,2025,591.0,601.0,596.0,203999|1627750|1629618|1630192|1631128,1626158|1629673|1630557|1642267|1642273,2024-25,127.0,0,13,0.23728813559322035
263727,01:25,"Jokić 10' Turnaround Jump Shot (17 PTS) (Watson 1 AST)
",1,1,0,0,2025-03-15,0022400975,0,0,WAS,1,0,11,01:41,Off At Rim Make,0,Jokić 10' Turnaround Jump Shot (17 PTS) (Watson 1 AST),,DEN,WAS,DEN,1610612743,2025,619.0,635.0,627.0,203999|1629008|1629618|1630192|1631212,1626158|1630551|1630557|1642267|1642358,2024-25,140.0,0,13,0.36363636363636365
263726,00:54,"MISS Jokić 26' 3PT Jump Shot
Champagnie REBOUND (Off:0 Def:3)
",0,0,1,0,2025-03-15,0022400975,0,0,WAS,1,0,13,01:07,Off Corner 3 Miss,0,Champagnie REBOUND (Off:0 Def:3),,DEN,WAS,DEN,1610612743,2025,653.0,666.0,659.5,203999|1629008|1629618|1630192|1631212,1626158|1630551|1630557|1642267|1642358,2024-25,129.0,0,13,0.7096774193548387
263724,00:17,"Jokić 4' Driving Finger Roll Layup (19 PTS) (Pickett 3 AST)
Carrington S.FOUL (P1.T2) (M.Kogut)
Jokić Free Throw 1 of 1 (20 PTS)
",1,1,0,0,2025-03-15,0022400975,0,0,WAS,1,1,13,00:35,Off Corner 3 Miss,0,Jokić Free Throw 1 of 1 (20 PTS),,DEN,WAS,DEN,1610612743,2025,685.0,703.0,694.0,203999|1629008|1629618|1630192|1631212,1626158|1630551|1630557|1642267|1642358,2024-25,152.0,20,35,0.13513513513513514
263817,11:45,"MISS Pickett 16' Pullup Jump Shot
Holmes REBOUND (Off:0 Def:1)
",1,0,0,0,2025-03-15,0022400975,0,0,WAS,2,0,14,12:00,Off Dead Ball,0,MISS Pickett 16' Pullup Jump Shot,,DEN,WAS,DEN,1610612743,2025,720.0,735.0,727.5,1627750|1629008|1629618|1630192|1631212,1626158|1630551|1630557|1642267|1642358,2024-25,166.0,0,14,0.175
263816,11:15,"Pickett Bad Pass Turnover (P1.T2): Johnson STEAL (1 STL)
",0,0,0,0,2025-03-15,0022400975,0,0,WAS,2,0,12,11:30,Off FT Make,1,Pickett Bad Pass Turnover (P1.T2): Johnson STEAL (1 STL),,DEN,WAS,DEN,1610612743,2025,750.0,765.0,757.5,1627750|1629008|1629618|1630192|1631212,1626158|1630551|1630557|1642267|1642358,2024-25,174.0,0,12,0.21951219512195122
263814,10:58,"Holmes L.B.FOUL (P1.T1) (J.Tiven)
Murray 5' Driving Layup (4 PTS) (Nnaji 1 AST)
",1,1,0,0,2025-03-15,0022400975,0,0,WAS,2,0,12,11:11,Off Dead Ball,0,Holmes L.B.FOUL (P1.T1) (J.Tiven),,DEN,WAS,DEN,1610612743,2025,769.0,782.0,775.5,1627750|1629008|1629618|1630192|1631212,1626158|1630551|1630557|1642267|1642358,2024-25,180.0,0,14,0.2545454545454545
263813,10:24,"Murray Bad Pass Turnover (P1.T3): Holmes STEAL (1 STL)
",0,0,0,0,2025-03-15,0022400975,0,0,WAS,2,0,12,10:39,Off Short Mid-Range Make,1,Murray Bad Pass Turnover (P1.T3): Holmes STEAL (1 STL),,DEN,WAS,DEN,1610612743,2025,801.0,816.0,808.5,1627750|1629008|1629618|1630192|1631212,1626158|1630551|1630557|1642267|1642358,2024-25,184.0,0,12,0.5681818181818182
263811,09:57,"MISS Porter Jr. 27' 3PT Jump Shot
Wizards Rebound
",0,0,1,0,2025-03-15,0022400975,0,0,WAS,2,0,10,10:21,Off At Rim Make,0,MISS Porter Jr. 27' 3PT Jump Shot,,DEN,WAS,DEN,1610612743,2025,819.0,843.0,831.0,1627750|1629008|1629618|1630192|1631212,1626158|1630551|1630557|1642267|1642358,2024-25,187.0,0,10,0.24
263807,09:34,"Nnaji 3' Running Layup (2 PTS) (Watson 2 AST)
Johnson S.FOUL (P1.T2) (J.Ralls)
MISS Nnaji Free Throw 1 of 1
Champagnie REBOUND (Off:0 Def:4)
",1,1,0,0,2025-03-15,0022400975,0,0,WAS,2,1,10,09:42,Off Arc 3 Miss,0,Nnaji 3' Running Layup (2 PTS) (Watson 2 AST),,DEN,WAS,DEN,1610612743,2025,858.0,866.0,862.0,1627750|1629008|1629618|1630192|1631212,1630551|1630557|1642259|1642267|1642358,2024-25,192.0,0,12,0.2
263805,09:14,"Nnaji OFF.Foul (P1) (M.Kogut)
Nnaji Offensive Foul Turnover (P1.T4)
",0,0,0,0,2025-03-15,0022400975,0,0,WAS,2,0,10,09:22,Off At Rim Make,1,Nnaji OFF.Foul (P1) (M.Kogut),,DEN,WAS,DEN,1610612743,2025,878.0,886.0,882.0,1627750|1629008|1629618|1630192|1631212,1630551|1630557|1642259|1642267|1642358,2024-25,202.0,0,10,0.15625
263803,08:47,"MISS Watson 3' Driving Layup
Champagnie REBOUND (Off:0 Def:5)
",1,0,0,0,2025-03-15,0022400975,0,0,WAS,2,0,10,08:54,Off Arc 3 Miss,0,MISS Watson 3' Driving Layup,,DEN,WAS,DEN,1610612743,2025,906.0,913.0,909.5,1627750|1629008|1629618|1630192|1631212,1630551|1630557|1642259|1642267|1642358,2024-25,207.0,0,10,0.5806451612903226
263800,08:18,"MISS Porter Jr. 5' Driving Layup
NUGGETS Rebound
Porter Jr. 3' Layup (9 PTS) (Westbrook 3 AST)
",2,1,0,0,2025-03-15,0022400975,0,1,WAS,2,0,7,08:34,Off Timeout,0,MISS Porter Jr. 5' Driving Layup,,DEN,WAS,DEN,1610612743,2025,926.0,942.0,934.0,201566|1629008|1630192|1631128|1631212,1630551|1630557|1642259|1642267|1642358,2024-25,222.0,0,9,0.4857142857142857
263799,07:49,"Nnaji 2' Running Dunk (4 PTS) (Westbrook 4 AST)
",1,1,0,0,2025-03-15,0022400975,0,0,WAS,2,0,9,07:56,Off Steal,0,Nnaji 2' Running Dunk (4 PTS) (Westbrook 4 AST),,DEN,WAS,DEN,1610612743,2025,964.0,971.0,967.5,201566|1629008|1630192|1631128|1631212,1630551|1630557|1642259|1642267|1642358,2024-25,235.0,0,11,0.26666666666666666
263798,07:26,"Westbrook Bad Pass Turnover (P1.T5): Sarr STEAL (1 STL)
",0,0,0,0,2025-03-15,0022400975,0,0,WAS,2,0,11,07:31,Off Short Mid-Range Miss,1,Westbrook Bad Pass Turnover (P1.T5): Sarr STEAL (1 STL),,DEN,WAS,DEN,1610612743,2025,989.0,994.0,991.5,201566|1629008|1630192|1631128|1631212,1630551|1630557|1642259|1642267|1642358,2024-25,243.0,0,11,0.717391304347826
263797,07:00,"MISS Porter Jr. 3' Driving Dunk
Carrington REBOUND (Off:0 Def:2)
",1,0,0,0,2025-03-15,0022400975,0,0,WAS,2,0,9,07:21,Off FT Make,0,Carrington REBOUND (Off:0 Def:2),,DEN,WAS,DEN,1610612743,2025,999.0,1020.0,1009.5,201566|203999|1629008|1631128|1631212,1630551|1630557|1642259|1642267|1642358,2024-25,249.0,0,9,0.09836065573770492
263792,06:32,"MISS Jokić 17' Jump Shot
Porter Jr. REBOUND (Off:1 Def:4)
MISS Porter Jr. 4' Putback Layup
Champagnie REBOUND (Off:0 Def:6)
",2,0,0,0,2025-03-15,0022400975,0,1,WAS,2,0,7,06:58,Off At Rim Make,0,MISS Jokić 17' Jump Shot,,DEN,WAS,DEN,1610612743,2025,1022.0,1048.0,1035.0,201566|203999|1629008|1631128|1631212,1630551|1630557|1642259|1642267|1642358,2024-25,253.0,0,7,0.9411764705882353
263791,06:14,"Porter Jr. 26' 3PT Jump Shot (12 PTS) (Jokić 3 AST)
",0,0,1,1,2025-03-15,0022400975,0,0,WAS,2,0,4,06:28,Off Arc 3 Make,0,Porter Jr. 26' 3PT Jump Shot (12 PTS) (Jokić 3 AST),,DEN,WAS,DEN,1610612743,2025,1052.0,1066.0,1059.0,201566|203999|1629008|1631128|1631212,1630551|1630557|1642259|1642267|1642358,2024-25,259.0,0,7,0.08955223880597014
263788,05:49,"Jokić 3' Cutting Layup Shot (22 PTS) (Westbrook 5 AST)
Sarr S.FOUL (P1.T3) (M.Kogut)
Jokić Free Throw 1 of 1 (23 PTS)
",1,1,0,0,2025-03-15,0022400975,0,0,WAS,2,1,4,05:59,Off Arc 3 Make,0,Jokić 3' Cutting Layup Shot (22 PTS) (Westbrook 5 AST),,DEN,WAS,DEN,1610612743,2025,1081.0,1091.0,1086.0,201566|203999|1629008|1631128|1631212,1630551|1630557|1642259|1642267|1642358,2024-25,263.0,0,6,0.20224719101123595
263787,05:24,"Jokić Bad Pass Turnover (P1.T6): Middleton STEAL (1 STL)
",0,0,0,0,2025-03-15,0022400975,0,0,WAS,2,0,7,05:26,Off Long Mid-Range Miss,1,Jokić Bad Pass Turnover (P1.T6): Middleton STEAL (1 STL),,DEN,WAS,DEN,1610612743,2025,1114.0,1116.0,1115.0,201566|203999|1628427|1631128|1631212,203114|1629673|1642259|1642267|1642273,2024-25,277.0,0,7,0.3333333333333333
263785,05:03,"MISS Jokić 27' 3PT Jump Shot
George REBOUND (Off:1 Def:1)
",0,0,1,0,2025-03-15,0022400975,0,0,WAS,2,0,5,05:18,Off At Rim Make,0,MISS Jokić 27' 3PT Jump Shot,,DEN,WAS,DEN,1610612743,2025,1122.0,1137.0,1129.5,201566|203999|1628427|1631128|1631212,203114|1629673|1642259|1642267|1642273,2024-25,283.0,0,5,0.6938775510204082
263783,04:50,"Cancar Offensive Charge Foul (P1) (J.Ralls)
Cancar Offensive Foul Turnover (P1.T7)
",0,0,0,0,2025-03-15,0022400975,0,0,WAS,2,0,5,04:52,Off Arc 3 Miss,1,Cancar Offensive Charge Foul (P1) (J.Ralls),,DEN,WAS,DEN,1610612743,2025,1148.0,1150.0,1149.0,201566|203999|1628427|1631128|1631212,203114|1629673|1642259|1642267|1642273,2024-25,287.0,0,5,0.5679012345679012
263781,04:23,"MISS Westbrook 11' Fadeaway Jumper
George REBOUND (Off:1 Def:2)
",1,0,0,0,2025-03-15,0022400975,0,0,WAS,2,0,5,04:31,Off Corner 3 Miss,0,MISS Westbrook 11' Fadeaway Jumper,,DEN,WAS,DEN,1610612743,2025,1169.0,1177.0,1173.0,201566|203999|1627750|1628427|1631128,203114|1629673|1642259|1642267|1642273,2024-25,294.0,0,5,0.1568627450980392
263779,04:02,"MISS Cancar 25' 3PT Jump Shot
Middleton REBOUND (Off:0 Def:1)
",0,0,1,0,2025-03-15,0022400975,0,0,WAS,2,0,5,04:12,Off Corner 3 Miss,0,MISS Cancar 25' 3PT Jump Shot,,DEN,WAS,DEN,1610612743,2025,1188.0,1198.0,1193.0,201566|203999|1627750|1628427|1631128,203114|1629673|1642259|1642267|1642273,2024-25,299.0,0,5,0.6666666666666666
263778,03:36,"Sarr P.FOUL (P2.T4) (J.Tiven)
MISS Murray 26' 3PT Pullup Jump Shot
Murray REBOUND (Off:2 Def:2)
Murray 9' Driving Floating Jump Shot (6 PTS)
",1,1,1,0,2025-03-15,0022400975,0,1,WAS,2,0,5,03:55,Off Short Mid-Range Miss,0,Murray 9' Driving Floating Jump Shot (6 PTS),,DEN,WAS,DEN,1610612743,2025,1205.0,1224.0,1214.5,201566|203999|1627750|1628427|1631128,203114|1629673|1630557|1642259|1642273,2024-25,309.0,0,7,0.945054945054945
263774,03:06,"Westbrook 25' 3PT Running Jump Shot (11 PTS) (Braun 3 AST)
",0,0,1,1,2025-03-15,0022400975,0,0,WAS,2,0,7,03:10,Off Steal,0,Westbrook 25' 3PT Running Jump Shot (11 PTS) (Braun 3 AST),,DEN,WAS,DEN,1610612743,2025,1250.0,1254.0,1252.0,201566|203999|1627750|1629008|1631128,203114|1629673|1630557|1642259|1642273,2024-25,317.0,0,10,0.24719101123595505
263772,02:38,"MISS Jokić 8' Driving Floating Jump Shot
Kispert REBOUND (Off:0 Def:1)
",1,0,0,0,2025-03-15,0022400975,0,0,WAS,2,0,10,02:50,Off Timeout,0,MISS Jokić 8' Driving Floating Jump Shot,,DEN,WAS,DEN,1610612743,2025,1270.0,1282.0,1276.0,201566|203999|1627750|1629008|1631128,203114|1629673|1630557|1642259|1642273,2024-25,321.0,0,10,0.18181818181818182
263771,02:12,"Jokić 23' Jump Shot (25 PTS) (Westbrook 6 AST)
",1,1,0,0,2025-03-15,0022400975,0,0,WAS,2,0,7,02:26,Off FT Make,0,Jokić 23' Jump Shot (25 PTS) (Westbrook 6 AST),,DEN,WAS,DEN,1610612743,2025,1294.0,1308.0,1301.0,201566|203999|1627750|1629008|1631128,203114|1629673|1630557|1642259|1642273,2024-25,329.0,0,9,0.18421052631578946
263770,01:48,"Braun 4' Cutting Layup Shot (9 PTS) (Westbrook 7 AST)
",1,1,0,0,2025-03-15,0022400975,0,0,WAS,2,0,7,01:54,Off At Rim Make,0,Braun 4' Cutting Layup Shot (9 PTS) (Westbrook 7 AST),,DEN,WAS,DEN,1610612743,2025,1326.0,1332.0,1329.0,201566|203999|1627750|1629008|1631128,203114|1629673|1630557|1642259|1642273,2024-25,333.0,0,9,0.37777777777777777
263769,01:23,"Murray OFF.Foul (P1) (J.Ralls)
Murray Offensive Foul Turnover (P2.T8)
",0,0,0,0,2025-03-15,0022400975,0,0,WAS,2,0,7,01:29,Off At Rim Make,1,Murray Offensive Foul Turnover (P2.T8),,DEN,WAS,DEN,1610612743,2025,1351.0,1357.0,1354.0,201566|203999|1627750|1629008|1631128,203114|1629673|1630557|1642259|1642273,2024-25,340.0,0,7,0.8974358974358975
263765,00:56,"Middleton S.FOUL (P1.PN) (J.Tiven)
Jokić Free Throw 1 of 2 (26 PTS)
Jokić Free Throw 2 of 2 (27 PTS)
",0,0,0,0,2025-03-15,0022400975,0,0,WAS,2,1,7,01:01,Off Short Mid-Range Miss,0,Middleton S.FOUL (P1.PN) (J.Tiven),,DEN,WAS,DEN,1610612743,2025,1379.0,1384.0,1381.5,201566|203999|1627750|1629008|1631128,203114|1629673|1630557|1642259|1642273,2024-25,324.0,0,7,0.2647058823529412
263764,00:30,"Murray 27' 3PT Step Back Jump Shot (9 PTS)
",0,0,1,1,2025-03-15,0022400975,0,0,WAS,2,0,6,00:36,Off Arc 3 Make,0,Murray 27' 3PT Step Back Jump Shot (9 PTS),,DEN,WAS,DEN,1610612743,2025,1404.0,1410.0,1407.0,201566|203999|1627750|1629008|1631128,203114|1629673|1630557|1642259|1642273,2024-25,350.0,0,9,0.2898550724637681
263762,00:00,"MISS Murray 27' 3PT Pullup Jump Shot
NUGGETS Rebound
",0,0,1,0,2025-03-15,0022400975,0,0,WAS,2,0,9,00:04,Off Arc 3 Miss,0,MISS Murray 27' 3PT Pullup Jump Shot,,DEN,WAS,DEN,1610612743,2025,1436.0,1440.0,1438.0,201566|203999|1627750|1629008|1631128,203114|1629673|1630557|1642259|1642273,2024-25,353.0,0,9,0.7692307692307693
263882,11:48,"Murray Offensive Charge Foul (P2) (M.Kogut)
Murray Offensive Foul Turnover (P3.T9)
",0,0,0,0,2025-03-15,0022400975,0,0,WAS,3,0,9,12:00,Off Dead Ball,1,Murray Offensive Charge Foul (P2) (M.Kogut),,DEN,WAS,DEN,1610612743,2025,1440.0,1452.0,1446.0,201566|203999|1627750|1629008|1631128,203114|1629673|1630551|1642259|1642273,2024-25,361.0,0,9,0.16666666666666666
263879,11:14,"Sarr P.FOUL (P3.T1) (J.Ralls)
MISS Murray 25' 3PT Jump Shot
Middleton REBOUND (Off:1 Def:2)
",0,0,1,0,2025-03-15,0022400975,0,0,WAS,3,0,9,11:32,Off Corner 3 Miss,0,Sarr P.FOUL (P3.T1) (J.Ralls),,DEN,WAS,DEN,1610612743,2025,1468.0,1486.0,1477.0,201566|203999|1627750|1629008|1631128,203114|1629673|1630551|1642259|1642273,2024-25,363.0,0,9,0.3125
263877,10:52,"MISS Jokić 5' Floating Jump Shot
Jokić REBOUND (Off:1 Def:6)
Jokić Putback Layup (29 PTS)
",2,1,0,0,2025-03-15,0022400975,0,1,WAS,3,0,9,11:12,Off Timeout,0,Jokić REBOUND (Off:1 Def:6),,DEN,WAS,DEN,1610612743,2025,1488.0,1508.0,1498.0,201566|203999|1627750|1629008|1631128,203114|1629673|1630551|1642259|1642273,2024-25,381.0,0,11,0.3103448275862069
263874,10:27,"MISS Porter Jr. 25' 3PT Jump Shot
George REBOUND (Off:1 Def:3)
",0,0,1,0,2025-03-15,0022400975,0,0,WAS,3,0,10,10:43,Off FT Make,0,MISS Porter Jr. 25' 3PT Jump Shot,,DEN,WAS,DEN,1610612743,2025,1517.0,1533.0,1525.0,201566|203999|1627750|1629008|1631128,203114|1629673|1630551|1642259|1642273,2024-25,387.0,0,10,0.31746031746031744
263872,10:05,"MISS Westbrook 3PT Jump Shot
Porter Jr. REBOUND (Off:2 Def:5)
Porter Jr. 12' Pullup Jump Shot (14 PTS)
",1,1,1,0,2025-03-15,0022400975,0,1,WAS,3,0,7,10:23,Off Arc 3 Make,0,Porter Jr. REBOUND (Off:2 Def:5),,DEN,WAS,DEN,1610612743,2025,1537.0,1555.0,1546.0,201566|203999|1627750|1629008|1631128,203114|1629673|1630551|1642259|1642273,2024-25,393.0,0,9,0.4266666666666667
263867,09:29,"MISS Porter Jr. 5' Driving Layup: Poole BLOCK (1 BLK)
NUGGETS Rebound
MISS Westbrook 2' Driving Layup
Middleton REBOUND (Off:1 Def:3)
",2,0,0,0,2025-03-15,0022400975,0,1,WAS,3,0,6,09:51,Off Timeout,0,MISS Porter Jr. 5' Driving Layup: Poole BLOCK (1 BLK),,DEN,WAS,DEN,1610612743,2025,1569.0,1591.0,1580.0,201566|203999|1627750|1629008|1631128,203114|1629673|1630551|1642259|1642273,2024-25,426.0,0,6,0.9
263864,08:46,"MISS Westbrook 26' 3PT Jump Shot
Jokić REBOUND (Off:3 Def:6)
MISS Jokić Tip Layup Shot
Jokić REBOUND (Off:3 Def:6)
MISS Murray 27' 3PT Jump Shot
George REBOUND (Off:1 Def:4)
",1,0,2,0,2025-03-15,0022400975,0,2,WAS,3,0,4,09:22,Off Long Mid-Range Make,0,MISS Jokić Tip Layup Shot,,DEN,WAS,DEN,1610612743,2025,1598.0,1634.0,1616.0,201566|203999|1627750|1629008|1631128,203114|1629673|1630551|1642259|1642273,2024-25,412.0,0,4,0.379746835443038
263858,08:06,"Poole P.FOUL (P1.T2) (M.Kogut)
Poole Non-Unsportsmanlike Tech Foul - Flopping (P1.T2) (J.Tiven)
Murray Free Throw Technical (10 PTS)
MISS Jokić 36' 3PT Jump Shot
NUGGETS Rebound
NUGGETS Turnover: Shot Clock (T#10)
",0,0,1,0,2025-03-15,0022400975,0,0,WAS,3,0,4,08:43,Off Timeout,1,Murray Free Throw Technical (10 PTS),,DEN,WAS,DEN,1610612743,2025,1637.0,1674.0,1655.5,201566|203999|1627750|1629008|1631128,203114|1629673|1630551|1642259|1642273,2024-25,365.0,0,4,0.5142857142857142
263855,07:36,"Jokić Bad Pass Turnover (P2.T11): George STEAL (1 STL)
",0,0,0,0,2025-03-15,0022400975,0,0,WAS,3,0,3,07:52,Off At Rim Make,1,Jokić Bad Pass Turnover (P2.T11): George STEAL (1 STL),,DEN,WAS,DEN,1610612743,2025,1688.0,1704.0,1696.0,201566|203999|1627750|1629008|1631128,203114|1629673|1630551|1642259|1642273,2024-25,437.0,0,3,0.6436781609195402
263852,06:58,"George P.FOUL (P2.T3) (J.Tiven)
George P.FOUL (P3.T4) (M.Kogut)
MISS Westbrook 26' 3PT Jump Shot
Champagnie REBOUND (Off:0 Def:7)
",0,0,1,0,2025-03-15,0022400975,0,0,WAS,3,0,0,07:31,Off Timeout,0,George P.FOUL (P3.T4) (M.Kogut),,DEN,WAS,DEN,1610612743,2025,1709.0,1742.0,1725.5,201566|203999|1627750|1629008|1631128,203114|1629673|1630551|1642259|1642273,2024-25,386.0,0,0,0.4
263850,06:45,"Murray 3' Running Layup (12 PTS)
",1,1,0,0,2025-03-15,0022400975,0,0,WAS,3,0,0,06:50,Off Steal,0,Murray 3' Running Layup (12 PTS),,DEN,WAS,DEN,1610612743,2025,1750.0,1755.0,1752.5,201566|203999|1627750|1629008|1631128,203114|1629673|1630551|1642259|1642273,2024-25,450.0,0,2,0.90625
263849,06:19,"Jokić 1' Cutting Layup Shot (31 PTS) (Braun 4 AST)
",1,1,0,0,2025-03-15,0022400975,0,0,WAS,3,0,2,06:30,Off Dead Ball,0,Jokić 1' Cutting Layup Shot (31 PTS) (Braun 4 AST),,DEN,WAS,DEN,1610612743,2025,1770.0,1781.0,1775.5,201566|203999|1627750|1629008|1631128,203114|1629673|1630551|1642259|1642273,2024-25,452.0,0,4,0.8571428571428571
263846,05:44,"Jokić 11' Turnaround Fadeaway (33 PTS) (Murray 6 AST)
Middleton S.FOUL (P2.PN) (J.Tiven)
Jokić Free Throw 1 of 1 (34 PTS)
",1,1,0,0,2025-03-15,0022400975,0,0,WAS,3,1,4,06:04,Off Arc 3 Miss,0,Jokić 11' Turnaround Fadeaway (33 PTS) (Murray 6 AST),,DEN,WAS,DEN,1610612743,2025,1796.0,1816.0,1806.0,201566|203999|1627750|1629008|1631128,203114|1629673|1630551|1642259|1642273,2024-25,456.0,0,6,0.8688524590163934
263844,05:18,"MISS Westbrook 4' Driving Hook Shot
Kispert REBOUND (Off:0 Def:2)
",1,0,0,0,2025-03-15,0022400975,0,0,WAS,3,0,7,05:29,Off Dead Ball,0,MISS Westbrook 4' Driving Hook Shot,,DEN,WAS,DEN,1610612743,2025,1831.0,1842.0,1836.5,201566|203999|1627750|1629008|1631128,1629673|1630557|1642259|1642267|1642273,2024-25,466.0,0,7,0.8307692307692308
263840,04:58,"Carrington Personal Take Foul (P2.PN) (J.Ralls)
Porter Jr. Free Throw 1 of 2 (15 PTS)
MISS Porter Jr. Free Throw 2 of 2
Sarr REBOUND (Off:4 Def:2)
",0,0,0,0,2025-03-15,0022400975,1,0,WAS,3,0,7,05:06,Off Short Mid-Range Miss,0,Carrington Personal Take Foul (P2.PN) (J.Ralls),,DEN,WAS,DEN,1610612743,2025,1854.0,1862.0,1858.0,201566|203999|1627750|1629008|1631128,1629673|1630557|1642259|1642267|1642273,2024-25,469.0,0,7,0.2926829268292683
263839,04:37,"Westbrook 2' Layup (13 PTS) (Jokić 4 AST)
",1,1,0,0,2025-03-15,0022400975,0,0,WAS,3,0,6,04:52,Off FT Make,0,Westbrook 2' Layup (13 PTS) (Jokić 4 AST),,DEN,WAS,DEN,1610612743,2025,1868.0,1883.0,1875.5,201566|203999|1627750|1630192|1631128,1629673|1630551|1642259|1642267|1642273,2024-25,483.0,0,8,0.8941176470588236
263838,03:56,"Murray 25' 3PT Step Back Jump Shot (15 PTS) (Jokić 5 AST)
",0,0,1,1,2025-03-15,0022400975,0,0,WAS,3,0,6,04:19,Off At Rim Make,0,Murray 25' 3PT Step Back Jump Shot (15 PTS) (Jokić 5 AST),,DEN,WAS,DEN,1610612743,2025,1901.0,1924.0,1912.5,201566|203999|1627750|1630192|1631128,1629673|1630551|1642259|1642267|1642273,2024-25,488.0,0,9,0.05405405405405406
263837,03:34,"Westbrook Bad Pass Turnover (P2.T12): George STEAL (2 STL)
",0,0,0,0,2025-03-15,0022400975,0,0,WAS,3,0,9,03:40,Off Arc 3 Miss,1,Westbrook Bad Pass Turnover (P2.T12): George STEAL (2 STL),,DEN,WAS,DEN,1610612743,2025,1940.0,1946.0,1943.0,201566|203999|1627750|1630192|1631128,1629673|1630551|1642259|1642267|1642273,2024-25,492.0,0,9,0.6947368421052632
263834,03:12,"MISS Murray 8' Driving Floating Jump Shot
Murray REBOUND (Off:3 Def:2)
Murray 4' Putback Layup (17 PTS)
",2,1,0,0,2025-03-15,0022400975,0,1,WAS,3,0,9,03:28,Off Dead Ball,0,MISS Murray 8' Driving Floating Jump Shot,,DEN,WAS,DEN,1610612743,2025,1952.0,1968.0,1960.0,203999|1627750|1630192|1631128|1631212,1626158|1630551|1642267|1642273|1642358,2024-25,433.0,0,11,0.2903225806451613
263830,02:12,"Wizards T.Foul (Def. 3 Sec George ) (M.Kogut)
Murray Free Throw Technical (18 PTS)
MISS Jokić 2' Driving Layup: Holmes BLOCK (1 BLK)
Champagnie REBOUND (Off:1 Def:8)
",1,0,0,0,2025-03-15,0022400975,0,0,WAS,3,0,9,02:52,Off Long Mid-Range Make,0,Wizards T.Foul (Def. 3 Sec George ) (M.Kogut),,DEN,WAS,DEN,1610612743,2025,1988.0,2028.0,2008.0,203999|1627750|1630192|1631128|1631212,1626158|1630551|1642267|1642273|1642358,2024-25,508.0,0,9,0.26373626373626374
263829,02:03,"Braun Bad Pass Turnover (P2.T13): Johnson STEAL (2 STL)
",0,0,0,0,2025-03-15,0022400975,0,0,WAS,3,0,8,02:10,Off Short Mid-Range Make,1,Braun Bad Pass Turnover (P2.T13): Johnson STEAL (2 STL),,DEN,WAS,DEN,1610612743,2025,2030.0,2037.0,2033.5,203999|1627750|1630192|1631128|1631212,1626158|1630551|1642267|1642273|1642358,2024-25,514.0,0,8,0.6590909090909091
263827,01:47,"Champagnie S.FOUL (P1.PN) (J.Ralls)
Jokić Free Throw 1 of 2 (35 PTS)
Jokić Free Throw 2 of 2 (36 PTS)
",0,0,0,0,2025-03-15,0022400975,0,0,WAS,3,1,6,01:56,Off At Rim Make,0,Jokić Free Throw 1 of 2 (35 PTS),,DEN,WAS,DEN,1610612743,2025,2044.0,2053.0,2048.5,203999|1627750|1630192|1631128|1631212,1626158|1630551|1642267|1642273|1642358,2024-25,519.0,35,41,0.9552238805970149
263825,01:28,"Jokić Out of Bounds Lost Ball Turnover (P3.T14)
",0,0,0,0,2025-03-15,0022400975,0,0,WAS,3,0,8,01:37,Off Steal,1,Jokić Out of Bounds Lost Ball Turnover (P3.T14),,DEN,WAS,DEN,1610612743,2025,2063.0,2072.0,2067.5,203999|1629008|1629618|1630192|1631212,1626158|1630551|1642267|1642273|1642358,2024-25,527.0,0,8,0.6105263157894737
263823,01:12,"Nnaji OFF.Foul (P4) (J.Tiven)
Nnaji Offensive Foul Turnover (P2.T15)
",0,0,0,0,2025-03-15,0022400975,0,0,WAS,3,0,8,01:16,Off Steal,1,Nnaji OFF.Foul (P4) (J.Tiven),,DEN,WAS,DEN,1610612743,2025,2084.0,2088.0,2086.0,203999|1629008|1629618|1630192|1631212,1626158|1630551|1642267|1642273|1642358,2024-25,531.0,0,8,0.576271186440678
263821,00:38,"MISS Jokić 25' 3PT Pullup Jump Shot
Johnson REBOUND (Off:0 Def:1)
",0,0,1,0,2025-03-15,0022400975,0,0,WAS,3,0,5,00:50,Off Arc 3 Make,0,MISS Jokić 25' 3PT Pullup Jump Shot,,DEN,WAS,DEN,1610612743,2025,2110.0,2122.0,2116.0,203999|1629008|1629618|1630192|1631212,1626158|1630551|1642267|1642273|1642358,2024-25,535.0,0,5,0.7301587301587301
263819,00:10,"MISS Porter Jr. 25' 3PT Jump Shot
Carrington REBOUND (Off:0 Def:3)
",0,0,1,0,2025-03-15,0022400975,0,0,WAS,3,0,3,00:30,Off At Rim Make,0,MISS Porter Jr. 25' 3PT Jump Shot,,DEN,WAS,DEN,1610612743,2025,2130.0,2150.0,2140.0,203999|1629008|1629618|1630192|1631212,1626158|1630551|1642267|1642273|1642358,2024-25,539.0,0,3,0.7796610169491526
263921,11:30,"MISS Porter Jr. 6' Turnaround Hook Shot
Holmes REBOUND (Off:1 Def:2)
",1,0,0,0,2025-03-15,0022400975,0,0,WAS,4,0,0,11:41,Off Steal,0,MISS Porter Jr. 6' Turnaround Hook Shot,,DEN,WAS,DEN,1610612743,2025,2179.0,2190.0,2184.5,201566|1627750|1629008|1630192|1631212,1626158|1630551|1642267|1642273|1642358,2024-25,557.0,0,0,0.8493150684931506
263920,10:56,"Westbrook 3PT Jump Shot (16 PTS) (Watson 3 AST)
",0,0,1,1,2025-03-15,0022400975,0,0,WAS,4,0,-3,11:16,Off Arc 3 Make,0,Westbrook 3PT Jump Shot (16 PTS) (Watson 3 AST),,DEN,WAS,DEN,1610612743,2025,2204.0,2224.0,2214.0,201566|1627750|1629008|1630192|1631212,1626158|1630551|1642267|1642273|1642358,2024-25,561.0,0,0,0.32323232323232326
263918,10:28,"MISS Westbrook 3' Running Layup
Champagnie REBOUND (Off:1 Def:9)
",1,0,0,0,2025-03-15,0022400975,0,0,WAS,4,0,0,10:37,Off Arc 3 Miss,0,MISS Westbrook 3' Running Layup,,DEN,WAS,DEN,1610612743,2025,2243.0,2252.0,2247.5,201566|1627750|1629008|1630192|1631212,1626158|1630551|1642267|1642273|1642358,2024-25,565.0,0,0,0.27906976744186046
263917,10:03,"Westbrook 4' Cutting Layup Shot (18 PTS) (Nnaji 2 AST)
",1,1,0,0,2025-03-15,0022400975,0,0,WAS,4,0,-2,10:18,Off Short Mid-Range Make,0,Westbrook 4' Cutting Layup Shot (18 PTS) (Nnaji 2 AST),,DEN,WAS,DEN,1610612743,2025,2262.0,2277.0,2269.5,201566|1627750|1629008|1630192|1631212,1626158|1630551|1642267|1642273|1642358,2024-25,570.0,0,0,0.8679245283018868
263916,09:34,"MISS Nnaji 2' Running Layup
Johnson REBOUND (Off:0 Def:2)
",1,0,0,0,2025-03-15,0022400975,0,0,WAS,4,0,0,09:41,Off Arc 3 Miss,0,Johnson REBOUND (Off:0 Def:2),,DEN,WAS,DEN,1610612743,2025,2299.0,2306.0,2302.5,201566|1627750|1629008|1630192|1631212,1626158|1630551|1642267|1642273|1642358,2024-25,573.0,0,0,0.19230769230769232
263914,09:11,"Watson 2' Cutting Layup Shot (2 PTS) (Westbrook 8 AST)
",1,1,0,0,2025-03-15,0022400975,0,0,WAS,4,0,-2,09:19,Off Timeout,0,Watson 2' Cutting Layup Shot (2 PTS) (Westbrook 8 AST),,DEN,WAS,DEN,1610612743,2025,2321.0,2329.0,2325.0,201566|1627750|1629008|1630192|1631212,1626158|1630551|1642267|1642273|1642358,2024-25,582.0,0,0,0.8679245283018868
263909,08:18,"Wizards T.Foul (Def. 3 Sec Carrington ) (M.Kogut)
Murray Free Throw Technical (19 PTS)
MISS Murray 16' Fadeaway Jumper
NUGGETS Rebound
Porter Jr. 15' Step Back Jump Shot (17 PTS) (Westbrook 9 AST)
",2,1,0,0,2025-03-15,0022400975,0,1,WAS,4,0,-2,08:47,Off FT Make,0,Wizards T.Foul (Def. 3 Sec Carrington ) (M.Kogut),,DEN,WAS,DEN,1610612743,2025,2353.0,2382.0,2367.5,201566|1627750|1629008|1630192|1631212,1626158|1630551|1642267|1642273|1642358,2024-25,586.0,0,0,0.32727272727272727
263908,07:45,"George S.FOUL (P4.T1) (J.Ralls)
Nnaji Free Throw 1 of 2 (5 PTS)
Nnaji Free Throw 2 of 2 (6 PTS)
",0,0,0,0,2025-03-15,0022400975,0,0,WAS,4,1,1,07:51,Off Arc 3 Miss,0,Nnaji Free Throw 2 of 2 (6 PTS),,DEN,WAS,DEN,1610612743,2025,2409.0,2415.0,2412.0,201566|203999|1627750|1630192|1631212,1626158|1630551|1642267|1642273|1642358,2024-25,585.0,6,7,0.24615384615384617
263905,07:05,"Holmes P.FOUL (P2.T2) (J.Ralls)
Westbrook 4' Driving Layup (20 PTS) (Jokić 6 AST)
",1,1,0,0,2025-03-15,0022400975,0,0,WAS,4,0,3,07:24,Off At Rim Block,0,Westbrook 4' Driving Layup (20 PTS) (Jokić 6 AST),,DEN,WAS,DEN,1610612743,2025,2436.0,2455.0,2445.5,201566|203999|1627750|1630192|1631212,1626158|1630551|1642267|1642273|1642358,2024-25,616.0,0,5,0.9108910891089109
263903,06:35,"Murray 26' 3PT Running Pull-Up Jump Shot (22 PTS) (Jokić 7 AST)
",0,0,1,1,2025-03-15,0022400975,0,0,WAS,4,0,5,06:39,Off Arc 3 Miss,0,Murray 26' 3PT Running Pull-Up Jump Shot (22 PTS) (Jokić 7 AST),,DEN,WAS,DEN,1610612743,2025,2481.0,2485.0,2483.0,201566|203999|1627750|1630192|1631212,1626158|1630551|1642267|1642273|1642358,2024-25,622.0,0,8,0.859504132231405
263902,05:51,"MISS Nnaji 24' 3PT Jump Shot
Carrington REBOUND (Off:0 Def:4)
",0,0,1,0,2025-03-15,0022400975,0,0,WAS,4,0,8,06:05,Off Steal,0,Carrington REBOUND (Off:0 Def:4),,DEN,WAS,DEN,1610612743,2025,2515.0,2529.0,2522.0,201566|203999|1627750|1630192|1631212,1626158|1630551|1642267|1642273|1642358,2024-25,568.0,0,8,0.12987012987012986
263899,05:15,"MISS Westbrook 3' Cutting Layup Shot: George BLOCK (1 BLK)
George REBOUND (Off:1 Def:5)
",1,0,0,0,2025-03-15,0022400975,0,0,WAS,4,0,8,05:26,Off Arc 3 Miss,0,MISS Westbrook 3' Cutting Layup Shot: George BLOCK (1 BLK),,DEN,WAS,DEN,1610612743,2025,2554.0,2565.0,2559.5,201566|203999|1630192|1631128|1631212,1629673|1630551|1642259|1642267|1642273,2024-25,638.0,0,8,0.7070707070707071
263897,04:47,"Sarr P.FOUL (P4.T3) (J.Ralls)
Braun Bad Pass Turnover (P3.T16): George STEAL (3 STL)
",0,0,0,0,2025-03-15,0022400975,0,0,WAS,4,0,5,05:10,Off Corner 3 Make,1,Sarr P.FOUL (P4.T3) (J.Ralls),,DEN,WAS,DEN,1610612743,2025,2570.0,2593.0,2581.5,201566|203999|1630192|1631128|1631212,1629673|1630551|1642259|1642267|1642273,2024-25,647.0,0,5,0.2222222222222222
263896,04:28,"Jokić 3' Cutting Layup Shot (38 PTS) (Westbrook 10 AST)
",1,1,0,0,2025-03-15,0022400975,0,0,WAS,4,0,5,04:44,Off Steal,0,Jokić 3' Cutting Layup Shot (38 PTS) (Westbrook 10 AST),,DEN,WAS,DEN,1610612743,2025,2596.0,2612.0,2604.0,201566|203999|1629008|1631128|1631212,1629673|1630551|1642259|1642267|1642273,2024-25,653.0,0,7,0.8703703703703703
263893,03:33,"MISS Watson 3' Layup: Sarr BLOCK (1 BLK)
Watson REBOUND (Off:1 Def:2)
Watson Bad Pass Turnover (P1.T17): Champagnie STEAL (2 STL)
",1,0,0,0,2025-03-15,0022400975,0,1,WAS,4,0,4,04:01,Off Arc 3 Make,1,MISS Watson 3' Layup: Sarr BLOCK (1 BLK),,DEN,WAS,DEN,1610612743,2025,2639.0,2667.0,2653.0,201566|203999|1629008|1631128|1631212,1629673|1630551|1642259|1642267|1642273,2024-25,660.0,0,4,0.3888888888888889
263891,03:00,"MISS Jokić 6' Driving Layup
George REBOUND (Off:1 Def:6)
",1,0,0,0,2025-03-15,0022400975,0,0,WAS,4,0,1,03:21,Off Arc 3 Make,0,MISS Jokić 6' Driving Layup,,DEN,WAS,DEN,1610612743,2025,2679.0,2700.0,2689.5,201566|203999|1629008|1631128|1631212,1629673|1630551|1642259|1642267|1642273,2024-25,666.0,0,1,0.5185185185185185
263890,02:36,"Jokić 7' Floating Jump Shot (40 PTS) (Westbrook 11 AST)
",1,1,0,0,2025-03-15,0022400975,0,0,WAS,4,0,1,02:48,Off Arc 3 Miss,0,Jokić 7' Floating Jump Shot (40 PTS) (Westbrook 11 AST),,DEN,WAS,DEN,1610612743,2025,2712.0,2724.0,2718.0,201566|203999|1629008|1631128|1631212,1629673|1630551|1642259|1642267|1642273,2024-25,670.0,0,3,0.9482758620689655
263889,01:55,"Westbrook Bad Pass Turnover (P3.T18): Poole STEAL (1 STL)
",0,0,0,0,2025-03-15,0022400975,0,0,WAS,4,0,0,02:13,Off Corner 3 Make,1,Westbrook Bad Pass Turnover (P3.T18): Poole STEAL (1 STL),,DEN,WAS,DEN,1610612743,2025,2747.0,2765.0,2756.0,201566|203999|1629008|1631128|1631212,1629673|1630551|1642259|1642267|1642273,2024-25,674.0,0,0,0.6808510638297872
263888,01:31,"Porter Jr. 24' 3PT Jump Shot (20 PTS) (Jokić 8 AST)
",0,0,1,1,2025-03-15,0022400975,0,0,WAS,4,0,-2,01:51,Off Timeout,0,Porter Jr. 24' 3PT Jump Shot (20 PTS) (Jokić 8 AST),,DEN,WAS,DEN,1610612743,2025,2769.0,2789.0,2779.0,201566|203999|1627750|1629008|1631128,1629673|1630551|1642259|1642267|1642273,2024-25,683.0,0,1,0.8
263887,00:50,"MISS Jokić 4' Driving Layup
Champagnie REBOUND (Off:3 Def:10)
",1,0,0,0,2025-03-15,0022400975,0,0,WAS,4,0,1,01:14,Off At Rim Miss,0,Champagnie REBOUND (Off:3 Def:10),,DEN,WAS,DEN,1610612743,2025,2806.0,2830.0,2818.0,201566|203999|1627750|1629008|1631128,1629673|1630551|1642259|1642267|1642273,2024-25,686.0,0,1,0.16
263885,00:30,"Westbrook 3' Cutting Layup Shot (22 PTS) (Murray 7 AST)
",1,1,0,0,2025-03-15,0022400975,0,0,WAS,4,0,-1,00:44,Off Timeout,0,Westbrook 3' Cutting Layup Shot (22 PTS) (Murray 7 AST),,DEN,WAS,DEN,1610612743,2025,2836.0,2850.0,2843.0,201566|203999|1627750|1629008|1631128,1629673|1630551|1642259|1642267|1642273,2024-25,693.0,0,1,0.8703703703703703
263884,00:05,"Murray 15' Step Back Jump Shot (24 PTS) (Jokić 9 AST)
",1,1,0,0,2025-03-15,0022400975,0,0,WAS,4,0,-2,00:10,Off Timeout,0,Murray 15' Step Back Jump Shot (24 PTS) (Jokić 9 AST),,DEN,WAS,DEN,1610612743,2025,2870.0,2875.0,2872.5,201566|203999|1627750|1629008|1631128,1629673|1630551|1642259|1642267|1642273,2024-25,698.0,0,0,0.20689655172413793
308827,11:41,"MISS McDaniels 8' Driving Floating Jump Shot
Kessler REBOUND (Off:0 Def:1)
",1,0,0,0,2025-03-16,0022400981,0,0,UTA,1,0,0,12:00,Off Dead Ball,0,MISS McDaniels 8' Driving Floating Jump Shot,,MIN,UTA,MIN,1610612750,2025,0.0,19.0,9.5,203497|203944|1628978|1630162|1630183,1628374|1629012|1631117|1642262|1642268,2024-25,7.0,0,0,0.4675324675324675
308826,11:19,"Gobert Out of Bounds Lost Ball Turnover (P1.T1)
",0,0,0,0,2025-03-16,0022400981,0,0,UTA,1,0,0,11:22,Off Steal,1,Gobert Out of Bounds Lost Ball Turnover (P1.T1),,MIN,UTA,MIN,1610612750,2025,38.0,41.0,39.5,203497|203944|1628978|1630162|1630183,1628374|1629012|1631117|1642262|1642268,2024-25,11.0,0,0,0.5121951219512195
308825,10:50,"McDaniels 1' Cutting Layup Shot (2 PTS) (DiVincenzo 1 AST)
",1,1,0,0,2025-03-16,0022400981,0,0,UTA,1,0,0,10:58,Off At Rim Miss,0,McDaniels 1' Cutting Layup Shot (2 PTS) (DiVincenzo 1 AST),,MIN,UTA,MIN,1610612750,2025,62.0,70.0,66.0,203497|203944|1628978|1630162|1630183,1628374|1629012|1631117|1642262|1642268,2024-25,14.0,0,2,0.16091954022988506
308824,10:17,"Gobert 2' Cutting Dunk Shot (2 PTS) (DiVincenzo 2 AST)
",1,1,0,0,2025-03-16,0022400981,0,0,UTA,1,0,-1,10:36,Off Arc 3 Make,0,Gobert 2' Cutting Dunk Shot (2 PTS) (DiVincenzo 2 AST),,MIN,UTA,MIN,1610612750,2025,84.0,103.0,93.5,203497|203944|1628978|1630162|1630183,1628374|1629012|1631117|1642262|1642268,2024-25,19.0,0,1,0.2597402597402597
308823,09:50,"Edwards 11' Driving Floating Jump Shot (2 PTS)
",1,1,0,0,2025-03-16,0022400981,0,0,UTA,1,0,1,10:02,Off Dead Ball,0,Edwards 11' Driving Floating Jump Shot (2 PTS),,MIN,UTA,MIN,1610612750,2025,118.0,130.0,124.0,203497|203944|1628978|1630162|1630183,1628374|1629012|1631117|1642262|1642268,2024-25,24.0,0,3,0.3291139240506329
308822,09:28,"Edwards 25' 3PT Step Back Jump Shot (5 PTS) (McDaniels 1 AST)
",0,0,1,1,2025-03-16,0022400981,0,0,UTA,1,0,3,09:37,Off Steal,0,Edwards 25' 3PT Step Back Jump Shot (5 PTS) (McDaniels 1 AST),,MIN,UTA,MIN,1610612750,2025,143.0,152.0,147.5,203497|203944|1628978|1630162|1630183,1628374|1629012|1631117|1642262|1642268,2024-25,27.0,0,6,0.4074074074074074
308821,08:55,"Randle 25' 3PT Jump Shot (3 PTS) (McDaniels 2 AST)
",0,0,1,1,2025-03-16,0022400981,0,0,UTA,1,0,4,09:14,Off Short Mid-Range Make,0,Randle 25' 3PT Jump Shot (3 PTS) (McDaniels 2 AST),,MIN,UTA,MIN,1610612750,2025,166.0,185.0,175.5,203497|203944|1628978|1630162|1630183,1628374|1629012|1631117|1642262|1642268,2024-25,31.0,0,7,0.2962962962962963
308820,08:21,"Edwards 14' Pullup Jump Shot (7 PTS)
",1,1,0,0,2025-03-16,0022400981,0,0,UTA,1,0,7,08:39,Off Dead Ball,0,Edwards 14' Pullup Jump Shot (7 PTS),,MIN,UTA,MIN,1610612750,2025,201.0,219.0,210.0,203497|203944|1628978|1630162|1630183,1628374|1629012|1631117|1642262|1642268,2024-25,34.0,0,9,0.22857142857142856
308818,07:46,"Sexton P.FOUL (P1.T1) (M.Boland)
Edwards 24' 3PT Jump Shot (10 PTS) (DiVincenzo 3 AST)
",0,0,1,1,2025-03-16,0022400981,0,0,UTA,1,0,9,07:57,Off Block,0,Sexton P.FOUL (P1.T1) (M.Boland),,MIN,UTA,MIN,1610612750,2025,243.0,254.0,248.5,203497|203944|1628978|1630162|1630183,1628374|1629012|1631117|1642262|1642268,2024-25,42.0,0,12,0.34210526315789475
308816,07:26,"MISS Randle 9' Running Jump Shot
Kessler REBOUND (Off:1 Def:2)
",1,0,0,0,2025-03-16,0022400981,0,0,UTA,1,0,12,07:32,Off Arc 3 Miss,0,MISS Randle 9' Running Jump Shot,,MIN,UTA,MIN,1610612750,2025,268.0,274.0,271.0,203497|203944|1628978|1630162|1630183,1628374|1629012|1631117|1642262|1642268,2024-25,49.0,0,12,0.4126984126984127
308814,07:08,"MISS Edwards 25' 3PT Jump Shot
Collier REBOUND (Off:1 Def:1)
",0,0,1,0,2025-03-16,0022400981,0,0,UTA,1,0,10,07:24,Off FT Make,0,MISS Edwards 25' 3PT Jump Shot,,MIN,UTA,MIN,1610612750,2025,276.0,292.0,284.0,203497|203944|1628978|1630162|1630183,1628374|1629012|1631117|1642262|1642268,2024-25,55.0,0,10,0.3466666666666667
308813,06:55,"Edwards 1' Running Layup (12 PTS) (DiVincenzo 4 AST)
",1,1,0,0,2025-03-16,0022400981,0,0,UTA,1,0,10,07:00,Off Short Mid-Range Miss,0,Edwards 1' Running Layup (12 PTS) (DiVincenzo 4 AST),,MIN,UTA,MIN,1610612750,2025,300.0,305.0,302.5,203497|203944|1628978|1630162|1630183,1628374|1629012|1631117|1642262|1642268,2024-25,59.0,0,12,0.21428571428571427
308812,06:24,"Sexton S.FOUL (P2.T2) (A.Nagy)
Randle Free Throw 1 of 2 (4 PTS)
Randle Free Throw 2 of 2 (5 PTS)
",0,0,0,0,2025-03-16,0022400981,0,0,UTA,1,1,12,06:34,Off Corner 3 Miss,0,Randle Free Throw 2 of 2 (5 PTS),,MIN,UTA,MIN,1610612750,2025,326.0,336.0,331.0,203497|203944|1628978|1630162|1630183,1628374|1629012|1631117|1642262|1642268,2024-25,65.0,5,17,0.21818181818181817
308809,05:44,"Edwards 25' 3PT Pullup Jump Shot (15 PTS) (DiVincenzo 5 AST)
",0,0,1,1,2025-03-16,0022400981,0,0,UTA,1,0,12,05:59,Off At Rim Make,0,Edwards 25' 3PT Pullup Jump Shot (15 PTS) (DiVincenzo 5 AST),,MIN,UTA,MIN,1610612750,2025,361.0,376.0,368.5,203497|203944|1628978|1630162|1630183,1628374|1630548|1631117|1641729|1642268,2024-25,74.0,0,15,0.3333333333333333
308808,05:18,"Edwards 1' Running Finger Roll Layup (17 PTS) (Randle 1 AST)
",1,1,0,0,2025-03-16,0022400981,0,0,UTA,1,0,15,05:22,Off Steal,0,Edwards 1' Running Finger Roll Layup (17 PTS) (Randle 1 AST),,MIN,UTA,MIN,1610612750,2025,398.0,402.0,400.0,203497|203944|1628978|1630162|1630183,1628374|1630548|1631117|1641729|1642268,2024-25,78.0,0,17,0.22535211267605634
308807,04:54,"DiVincenzo Bad Pass Turnover (P1.T2): Juzang STEAL (1 STL)
",0,0,0,0,2025-03-16,0022400981,0,0,UTA,1,0,17,05:00,Off Corner 3 Miss,1,DiVincenzo Bad Pass Turnover (P1.T2): Juzang STEAL (1 STL),,MIN,UTA,MIN,1610612750,2025,420.0,426.0,423.0,203497|203944|1628978|1630162|1630183,1628374|1630548|1631117|1641729|1642268,2024-25,82.0,0,17,0.21176470588235294
308806,04:24,"MISS Edwards 25' 3PT Pullup Jump Shot
Kessler REBOUND (Off:2 Def:3)
",0,0,1,0,2025-03-16,0022400981,0,0,UTA,1,0,14,04:42,Off Arc 3 Make,0,Kessler REBOUND (Off:2 Def:3),,MIN,UTA,MIN,1610612750,2025,438.0,456.0,447.0,203497|1629638|1629675|1630162|1630183,1628374|1630548|1631117|1641729|1642268,2024-25,93.0,0,14,0.26865671641791045
308804,03:55,"Edwards 1' Driving Dunk (19 PTS) (Reid 1 AST)
",1,1,0,0,2025-03-16,0022400981,0,0,UTA,1,0,14,04:07,Off Corner 3 Miss,0,Edwards 1' Driving Dunk (19 PTS) (Reid 1 AST),,MIN,UTA,MIN,1610612750,2025,473.0,485.0,479.0,203497|1629638|1629675|1630162|1630183,1628374|1630548|1631117|1641729|1642268,2024-25,97.0,0,16,0.9032258064516129
308803,03:29,"Reid 2' Driving Layup (2 PTS) (Alexander-Walker 1 AST)
",1,1,0,0,2025-03-16,0022400981,0,0,UTA,1,0,16,03:38,Off Timeout,0,Reid 2' Driving Layup (2 PTS) (Alexander-Walker 1 AST),,MIN,UTA,MIN,1610612750,2025,502.0,511.0,506.5,203497|1629638|1629675|1630162|1641740,1628374|1629012|1630548|1641729|1642271,2024-25,107.0,0,18,0.4444444444444444
308801,02:59,"MISS Edwards 32' 3PT Running Pull-Up Jump Shot
Sexton REBOUND (Off:0 Def:1)
",0,0,1,0,2025-03-16,0022400981,0,0,UTA,1,0,18,03:11,Off Arc 3 Miss,0,MISS Edwards 32' 3PT Running Pull-Up Jump Shot,,MIN,UTA,MIN,1610612750,2025,529.0,541.0,535.0,203497|1629638|1629675|1630162|1641740,1628374|1629012|1630548|1641729|1642271,2024-25,111.0,0,18,0.12903225806451613
308798,02:33,"Juzang S.FOUL (P1.T3) (T.Ford)
Edwards Free Throw 1 of 2 (20 PTS)
Edwards Free Throw 2 of 2 (21 PTS)
",0,0,0,0,2025-03-16,0022400981,0,0,UTA,1,1,15,02:52,Off Arc 3 Make,0,Juzang S.FOUL (P1.T3) (T.Ford),,MIN,UTA,MIN,1610612750,2025,548.0,567.0,557.5,203497|1629638|1629675|1630162|1641740,1628374|1629012|1630548|1641729|1642271,2024-25,132.0,0,15,0.45714285714285713
308796,02:02,"MISS Edwards 25' 3PT Step Back Jump Shot
Reid REBOUND (Off:1 Def:1)
Reid 2' Driving Layup (4 PTS)
",1,1,1,0,2025-03-16,0022400981,0,1,UTA,1,0,17,02:21,Off Arc 3 Miss,0,Reid REBOUND (Off:1 Def:1),,MIN,UTA,MIN,1610612750,2025,579.0,598.0,588.5,203944|1629638|1629675|1630162|1641740,1628374|1629012|1630548|1641729|1642271,2024-25,125.0,0,19,0.4
308794,01:41,"Reid Bad Pass Turnover (P1.T3): Filipowski STEAL (1 STL)
",0,0,0,0,2025-03-16,0022400981,0,0,UTA,1,0,19,01:44,Off Steal,1,Reid Bad Pass Turnover (P1.T3): Filipowski STEAL (1 STL),,MIN,UTA,MIN,1610612750,2025,616.0,619.0,617.5,203944|1629638|1629675|1630162|1641740,1628374|1629012|1630548|1641729|1642271,2024-25,128.0,0,19,0.2988505747126437
308793,01:02,"Randle Bad Pass Turnover (P1.T4): Filipowski STEAL (2 STL)
",0,0,0,0,2025-03-16,0022400981,0,0,UTA,1,0,17,01:27,Off At Rim Make,1,Randle Bad Pass Turnover (P1.T4): Filipowski STEAL (2 STL),,MIN,UTA,MIN,1610612750,2025,633.0,658.0,645.5,203944|1629638|1629675|1630162|1641740,1628374|1629012|1630548|1641729|1642271,2024-25,135.0,0,17,0.26666666666666666
308791,00:30,"MISS Reid 25' 3PT Jump Shot
Sexton REBOUND (Off:0 Def:2)
",0,0,1,0,2025-03-16,0022400981,0,0,UTA,1,0,17,00:48,Off Arc 3 Miss,0,MISS Reid 25' 3PT Jump Shot,,MIN,UTA,MIN,1610612750,2025,672.0,690.0,681.0,203944|1629638|1629675|1630545|1641740,1629004|1629012|1630548|1641729|1642271,2024-25,145.0,0,17,0.2631578947368421
308790,00:00,"Filipowski S.FOUL (P1.T4) (T.Ford)
MISS Randle Free Throw 1 of 2
TIMBERWOLVES Rebound
MISS Randle Free Throw 2 of 2
Reid REBOUND (Off:2 Def:1)
MISS Reid Tip Layup Shot
Reid REBOUND (Off:3 Def:1)
",1,0,0,0,2025-03-16,0022400981,0,2,UTA,1,1,14,00:08,Off Corner 3 Make,0,Reid REBOUND (Off:3 Def:1),,MIN,UTA,MIN,1610612750,2025,712.0,720.0,716.0,203944|1629638|1629675|1630545|1641740,1629004|1629012|1630548|1641729|1642271,2024-25,156.0,0,14,0.14492753623188406
308892,11:39,"Reid Bad Pass Turnover (P2.T5): Sexton STEAL (1 STL)
",0,0,0,0,2025-03-16,0022400981,0,0,UTA,2,0,14,11:49,Off Dead Ball,1,Reid Bad Pass Turnover (P2.T5): Sexton STEAL (1 STL),,MIN,UTA,MIN,1610612750,2025,731.0,741.0,736.0,203944|1628978|1629638|1629675|1630545,1629004|1629012|1630548|1641729|1642271,2024-25,166.0,0,14,0.25
308890,11:09,"MISS Randle 25' 3PT Jump Shot
Mykhailiuk REBOUND (Off:0 Def:1)
",0,0,1,0,2025-03-16,0022400981,0,0,UTA,2,0,11,11:28,Off Arc 3 Make,0,MISS Randle 25' 3PT Jump Shot,,MIN,UTA,MIN,1610612750,2025,752.0,771.0,761.5,203944|1628978|1629638|1629675|1630545,1629004|1629012|1630548|1641729|1642271,2024-25,170.0,0,11,0.7058823529411765
308887,10:19,"Randle 1' Driving Finger Roll Layup (7 PTS) (DiVincenzo 6 AST)
",1,1,0,0,2025-03-16,0022400981,0,0,UTA,2,0,7,10:35,Off At Rim Make,0,Randle 1' Driving Finger Roll Layup (7 PTS) (DiVincenzo 6 AST),,MIN,UTA,MIN,1610612750,2025,805.0,821.0,813.0,203944|1628978|1629638|1629675|1630545,1629004|1629012|1630548|1641729|1642271,2024-25,178.0,0,9,0.288135593220339
308886,09:37,"MISS DiVincenzo 25' 3PT Jump Shot
Sensabaugh REBOUND (Off:0 Def:1)
",0,0,1,0,2025-03-16,0022400981,0,0,UTA,2,0,6,09:58,Off Arc 3 Make,0,Sensabaugh REBOUND (Off:0 Def:1),,MIN,UTA,MIN,1610612750,2025,842.0,863.0,852.5,203944|1628978|1629638|1629675|1630545,1629004|1629012|1630548|1641729|1642271,2024-25,195.0,0,6,0.4074074074074074
308883,09:15,"MISS DiVincenzo 27' 3PT Jump Shot
Filipowski REBOUND (Off:2 Def:1)
",0,0,1,0,2025-03-16,0022400981,0,0,UTA,2,0,6,09:31,Off Dead Ball,0,MISS DiVincenzo 27' 3PT Jump Shot,,MIN,UTA,MIN,1610612750,2025,869.0,885.0,877.0,203944|1628978|1629638|1629675|1630545,1629004|1629012|1630548|1641729|1642271,2024-25,185.0,0,6,0.5333333333333333
308882,08:50,"Randle 5' Turnaround Jump Shot (9 PTS)
",1,1,0,0,2025-03-16,0022400981,0,0,UTA,2,0,4,09:11,Off Timeout,0,Randle 5' Turnaround Jump Shot (9 PTS),,MIN,UTA,MIN,1610612750,2025,889.0,910.0,899.5,203944|1628978|1629638|1629675|1630183,1629004|1629012|1630548|1641729|1642271,2024-25,192.0,0,6,0.39344262295081966
308881,08:24,"Alexander-Walker 25' 3PT Jump Shot (3 PTS) (DiVincenzo 7 AST)
",0,0,1,1,2025-03-16,0022400981,0,0,UTA,2,0,6,08:31,Off Dead Ball,0,Alexander-Walker 25' 3PT Jump Shot (3 PTS) (DiVincenzo 7 AST),,MIN,UTA,MIN,1610612750,2025,929.0,936.0,932.5,203944|1628978|1629638|1629675|1630183,1629004|1629012|1630548|1641729|1642271,2024-25,196.0,0,9,0.3728813559322034
308878,08:00,"Sensabaugh S.FOUL (P1.T1) (M.Boland)
McDaniels Free Throw 1 of 2 (3 PTS)
McDaniels Free Throw 2 of 2 (4 PTS)
",0,0,0,0,2025-03-16,0022400981,0,0,UTA,2,1,7,08:10,Off Short Mid-Range Make,0,Sensabaugh S.FOUL (P1.T1) (M.Boland),,MIN,UTA,MIN,1610612750,2025,950.0,960.0,955.0,203944|1628978|1629638|1629675|1630183,1629004|1629012|1630548|1641729|1642271,2024-25,229.0,0,7,0.4074074074074074
308875,07:25,"Mykhailiuk P.FOUL (P1.T2) (A.Nagy)
MISS Edwards 25' 3PT Pullup Jump Shot
Kessler REBOUND (Off:2 Def:4)
",0,0,1,0,2025-03-16,0022400981,0,0,UTA,2,0,9,07:38,Off Arc 3 Miss,0,Mykhailiuk P.FOUL (P1.T2) (A.Nagy),,MIN,UTA,MIN,1610612750,2025,982.0,995.0,988.5,203497|1629638|1629675|1630162|1630183,1629004|1630548|1631117|1642268|1642271,2024-25,212.0,0,9,0.325
308872,07:04,"MISS Reid 11' Driving Floating Bank Jump Shot
Gobert REBOUND (Off:1 Def:1)
Gobert 2' Putback Dunk (4 PTS)
",2,1,0,0,2025-03-16,0022400981,0,1,UTA,2,0,9,07:15,Off Arc 3 Miss,0,MISS Reid 11' Driving Floating Bank Jump Shot,,MIN,UTA,MIN,1610612750,2025,1005.0,1016.0,1010.5,203497|1629638|1629675|1630162|1630183,1629004|1630548|1631117|1642268|1642271,2024-25,209.0,0,11,0.17647058823529413
308869,06:35,"MISS Edwards 25' 3PT Pullup Jump Shot
McDaniels REBOUND (Off:1 Def:4)
McDaniels 25' 3PT Jump Shot (7 PTS)
",0,0,2,1,2025-03-16,0022400981,0,1,UTA,2,0,11,06:46,Off Short Mid-Range Miss,0,MISS Edwards 25' 3PT Pullup Jump Shot,,MIN,UTA,MIN,1610612750,2025,1034.0,1045.0,1039.5,203497|1629638|1629675|1630162|1630183,1629004|1630548|1631117|1642268|1642271,2024-25,226.0,0,14,0.39344262295081966
308867,06:11,"Alexander-Walker Offensive Charge Foul (P2) (M.Boland)
Alexander-Walker Offensive Foul Turnover (P1.T6)
",0,0,0,0,2025-03-16,0022400981,0,0,UTA,2,0,14,06:13,Off Steal,1,Alexander-Walker Offensive Charge Foul (P2) (M.Boland),,MIN,UTA,MIN,1610612750,2025,1067.0,1069.0,1068.0,203497|1629638|1629675|1630162|1630183,1629004|1630548|1631117|1642268|1642271,2024-25,233.0,0,14,0.16
308865,05:48,"MISS Alexander-Walker 3PT Pullup Jump Shot
Markkanen REBOUND (Off:0 Def:1)
",0,0,1,0,2025-03-16,0022400981,0,0,UTA,2,0,14,06:03,Off Dead Ball,0,MISS Alexander-Walker 3PT Pullup Jump Shot,,MIN,UTA,MIN,1610612750,2025,1077.0,1092.0,1084.5,203497|1629638|1629675|1630162|1630183,1628374|1629004|1631117|1642262|1642268,2024-25,241.0,0,14,0.1917808219178082
308863,05:29,"Kessler S.FOUL (P1.T3) (A.Nagy)
Alexander-Walker Free Throw 1 of 2 (4 PTS)
Alexander-Walker Free Throw 2 of 2 (5 PTS)
",0,0,0,0,2025-03-16,0022400981,0,0,UTA,2,1,12,05:37,Off At Rim Make,0,Alexander-Walker Free Throw 1 of 2 (4 PTS),,MIN,UTA,MIN,1610612750,2025,1103.0,1111.0,1107.0,203497|1629638|1629675|1630162|1630183,1628374|1629004|1631117|1642262|1642268,2024-25,247.0,4,16,0.9655172413793104
308857,04:41,"MISS Alexander-Walker 25' 3PT Jump Shot
Gobert REBOUND (Off:2 Def:1)
MISS Gobert 2' Putback Dunk
McDaniels REBOUND (Off:2 Def:4)
Alexander-Walker 2' Driving Layup (7 PTS) (Clark 1 AST)
",2,1,1,0,2025-03-16,0022400981,0,2,UTA,2,0,12,05:13,Off Short Mid-Range Make,0,MISS Alexander-Walker 25' 3PT Jump Shot,,MIN,UTA,MIN,1610612750,2025,1127.0,1159.0,1143.0,203497|1629638|1630162|1630183|1641740,1628374|1629004|1631117|1642262|1642268,2024-25,257.0,0,14,0.13114754098360656
308854,04:09,"MISS McDaniels 3' Running Finger Roll Layup
McDaniels REBOUND (Off:3 Def:5)
McDaniels 2' Tip Layup Shot (9 PTS)
",2,1,0,0,2025-03-16,0022400981,0,1,UTA,2,0,14,04:16,Off Corner 3 Miss,0,MISS McDaniels 3' Running Finger Roll Layup,,MIN,UTA,MIN,1610612750,2025,1184.0,1191.0,1187.5,203497|1629638|1630162|1630183|1641740,1628374|1629004|1631117|1642262|1642268,2024-25,263.0,0,16,0.3611111111111111
308851,04:03,"Williams S.FOUL (P1.T4) (M.Boland)
MISS Clark Free Throw 1 of 2
TIMBERWOLVES Rebound
Clark Free Throw 2 of 2 (1 PTS)
",0,0,0,0,2025-03-16,0022400981,0,0,UTA,2,1,16,04:04,Off Steal,0,MISS Clark Free Throw 1 of 2,,MIN,UTA,MIN,1610612750,2025,1196.0,1197.0,1196.5,203497|1629638|1630162|1630183|1641740,1628374|1629004|1631117|1642262|1642268,2024-25,274.0,0,16,0.3050847457627119
308849,03:40,"MISS McDaniels 13' Running Pull-Up Jump Shot
Collier REBOUND (Off:1 Def:2)
",1,0,0,0,2025-03-16,0022400981,0,0,UTA,2,0,17,03:49,Off Steal,0,Collier REBOUND (Off:1 Def:2),,MIN,UTA,MIN,1610612750,2025,1211.0,1220.0,1215.5,203497|1628978|1630162|1630183|1641740,1628374|1629004|1629012|1631117|1642268,2024-25,277.0,0,17,0.11594202898550725
308847,03:15,"McDaniels 2' Driving Dunk (11 PTS) (Edwards 1 AST)
",1,1,0,0,2025-03-16,0022400981,0,0,UTA,2,0,14,03:36,Off Arc 3 Make,0,McDaniels 2' Driving Dunk (11 PTS) (Edwards 1 AST),,MIN,UTA,MIN,1610612750,2025,1224.0,1245.0,1234.5,203497|1628978|1630162|1630183|1641740,1628374|1629004|1629012|1631117|1642268,2024-25,282.0,0,16,0.375
308843,03:06,"Collier L.B.FOUL (P1.PN) (A.Nagy)
MISS Clark Free Throw 1 of 2
TIMBERWOLVES Rebound
Clark Free Throw 2 of 2 (2 PTS)
",0,0,0,0,2025-03-16,0022400981,1,0,UTA,2,0,16,03:06,Off Dead Ball,0,Collier L.B.FOUL (P1.PN) (A.Nagy),,MIN,UTA,MIN,1610612750,2025,1254.0,1254.0,1254.0,203497|1628978|1630162|1630183|1641740,1628374|1629004|1629012|1631117|1642268,2024-25,288.0,0,16,0.3125
308841,02:36,"MISS Edwards 24' 3PT Pullup Jump Shot
Kessler REBOUND (Off:2 Def:5)
",0,0,1,0,2025-03-16,0022400981,0,0,UTA,2,0,15,02:53,Off Short Mid-Range Make,0,MISS Edwards 24' 3PT Pullup Jump Shot,,MIN,UTA,MIN,1610612750,2025,1267.0,1284.0,1275.5,203497|1628978|1630162|1630183|1641740,1628374|1629004|1629012|1631117|1642268,2024-25,292.0,0,15,0.3188405797101449
308839,02:19,"MISS DiVincenzo 26' 3PT Running Jump Shot
Mykhailiuk REBOUND (Off:0 Def:2)
",0,0,1,0,2025-03-16,0022400981,0,0,UTA,2,0,15,02:27,Off At Rim Miss,0,MISS DiVincenzo 26' 3PT Running Jump Shot,,MIN,UTA,MIN,1610612750,2025,1293.0,1301.0,1297.0,203497|1628978|1630162|1630183|1641740,1628374|1629004|1629012|1631117|1642268,2024-25,296.0,0,15,0.1875
308838,01:51,"Edwards 4' Driving Layup (23 PTS)
Sexton S.FOUL (P3.PN) (A.Nagy)
MISS Edwards Free Throw 1 of 1
Kessler REBOUND (Off:2 Def:6)
",1,1,0,0,2025-03-16,0022400981,0,0,UTA,2,1,15,02:07,Off Dead Ball,0,Kessler REBOUND (Off:2 Def:6),,MIN,UTA,MIN,1610612750,2025,1313.0,1329.0,1321.0,203497|1628978|1630162|1630183|1641740,1628374|1629004|1629012|1631117|1642268,2024-25,307.0,0,17,0.24691358024691357
308834,01:21,"Edwards 2' Driving Layup (25 PTS)
",1,1,0,0,2025-03-16,0022400981,0,0,UTA,2,0,15,01:42,Off At Rim Make,0,Edwards 2' Driving Layup (25 PTS),,MIN,UTA,MIN,1610612750,2025,1338.0,1359.0,1348.5,203497|1628978|1630162|1630183|1641740,1628374|1629012|1631117|1641729|1642268,2024-25,311.0,0,17,0.38961038961038963
308833,01:04,"MISS DiVincenzo 26' 3PT Running Pull-Up Jump Shot
Sexton REBOUND (Off:0 Def:3)
",0,0,1,0,2025-03-16,0022400981,0,0,UTA,2,0,17,01:10,Off Short Mid-Range Miss,0,Sexton REBOUND (Off:0 Def:3),,MIN,UTA,MIN,1610612750,2025,1370.0,1376.0,1373.0,203497|1628978|1630162|1630183|1641740,1628374|1629012|1631117|1641729|1642268,2024-25,313.0,0,17,0.2222222222222222
308831,00:45,"Edwards Out of Bounds - Bad Pass Turnover Turnover (P1.T7)
",0,0,0,0,2025-03-16,0022400981,0,0,UTA,2,0,14,01:00,Off Arc 3 Make,1,Edwards Out of Bounds - Bad Pass Turnover Turnover (P1.T7),,MIN,UTA,MIN,1610612750,2025,1380.0,1395.0,1387.5,203497|1628978|1630162|1630183|1641740,1628374|1629012|1631117|1641729|1642268,2024-25,319.0,0,14,0.2696629213483146
308829,00:21,"MISS Edwards 13' Pullup Jump Shot
Sensabaugh REBOUND (Off:0 Def:2)
",1,0,0,0,2025-03-16,0022400981,0,0,UTA,2,0,11,00:35,Off Arc 3 Make,0,MISS Edwards 13' Pullup Jump Shot,,MIN,UTA,MIN,1610612750,2025,1405.0,1419.0,1412.0,203497|1628978|1630162|1630183|1641740,1628374|1629012|1631117|1641729|1642268,2024-25,323.0,0,11,0.25
308949,11:39,"Randle 4' Running Jump Shot (11 PTS)
",1,1,0,0,2025-03-16,0022400981,0,0,UTA,3,0,11,11:45,Off Arc 3 Miss,0,Randle 4' Running Jump Shot (11 PTS),,MIN,UTA,MIN,1610612750,2025,1455.0,1461.0,1458.0,203497|203944|1628978|1630162|1630183,1628374|1629012|1631117|1642262|1642268,2024-25,337.0,0,13,0.10344827586206896
308945,11:13,"Collier S.FOUL (P2.T1) (M.Boland)
Gobert Free Throw 1 of 2 (5 PTS)
MISS Gobert Free Throw 2 of 2
Kessler REBOUND (Off:3 Def:7)
",0,0,0,0,2025-03-16,0022400981,0,0,UTA,3,1,13,11:19,Off Steal,0,Collier S.FOUL (P2.T1) (M.Boland),,MIN,UTA,MIN,1610612750,2025,1481.0,1487.0,1484.0,203497|203944|1628978|1630162|1630183,1628374|1629012|1631117|1642262|1642268,2024-25,341.0,0,13,0.2647058823529412
308944,10:42,"DiVincenzo 27' 3PT Jump Shot (3 PTS) (Randle 2 AST)
",0,0,1,1,2025-03-16,0022400981,0,0,UTA,3,0,11,10:58,Off FT Make,0,DiVincenzo 27' 3PT Jump Shot (3 PTS) (Randle 2 AST),,MIN,UTA,MIN,1610612750,2025,1502.0,1518.0,1510.0,203497|203944|1628978|1630162|1630183,1628374|1629012|1631117|1642262|1642268,2024-25,354.0,0,14,0.8484848484848485
308940,10:14,"MISS Randle 2' Running Layup
Gobert REBOUND (Off:3 Def:2)
MISS Gobert Putback Layup
Collier REBOUND (Off:1 Def:3)
",2,0,0,0,2025-03-16,0022400981,0,1,UTA,3,0,14,10:22,Off At Rim Block,0,MISS Randle 2' Running Layup,,MIN,UTA,MIN,1610612750,2025,1538.0,1546.0,1542.0,203497|203944|1628978|1630162|1630183,1628374|1629012|1631117|1642262|1642268,2024-25,359.0,0,14,0.4067796610169492
308937,09:51,"Edwards 4' Driving Floating Bank Jump Shot (27 PTS)
Williams S.FOUL (P2.T2) (M.Boland)
Edwards Free Throw 1 of 1 (28 PTS)
",1,1,0,0,2025-03-16,0022400981,0,0,UTA,3,1,12,10:04,Off At Rim Make,0,Edwards 4' Driving Floating Bank Jump Shot (27 PTS),,MIN,UTA,MIN,1610612750,2025,1556.0,1569.0,1562.5,203497|203944|1628978|1630162|1630183,1628374|1629012|1631117|1642262|1642268,2024-25,367.0,0,14,0.9411764705882353
308936,09:34,"McDaniels 1' Running Finger Roll Layup (13 PTS)
",1,1,0,0,2025-03-16,0022400981,0,0,UTA,3,0,15,09:38,Off Steal,0,McDaniels 1' Running Finger Roll Layup (13 PTS),,MIN,UTA,MIN,1610612750,2025,1582.0,1586.0,1584.0,203497|203944|1628978|1630162|1630183,1628374|1629012|1631117|1642262|1642268,2024-25,373.0,0,17,0.9032258064516129
308935,09:11,"Edwards 4' Driving Floating Bank Jump Shot (30 PTS)
",1,1,0,0,2025-03-16,0022400981,0,0,UTA,3,0,15,09:26,Off At Rim Make,0,Edwards 4' Driving Floating Bank Jump Shot (30 PTS),,MIN,UTA,MIN,1610612750,2025,1594.0,1609.0,1601.5,203497|203944|1628978|1630162|1630183,1628374|1629012|1631117|1642262|1642268,2024-25,376.0,0,17,0.9411764705882353
308933,08:39,"MISS McDaniels 17' Turnaround Jump Shot
Kessler REBOUND (Off:3 Def:8)
",1,0,0,0,2025-03-16,0022400981,0,0,UTA,3,0,15,08:51,Off At Rim Make,0,MISS McDaniels 17' Turnaround Jump Shot,,MIN,UTA,MIN,1610612750,2025,1629.0,1641.0,1635.0,203497|203944|1628978|1630162|1630183,1628374|1629012|1630548|1631117|1642268,2024-25,384.0,0,15,0.868421052631579
308931,08:09,"MISS Randle 7' Turnaround Bank Hook Shot
Kessler REBOUND (Off:3 Def:9)
",1,0,0,0,2025-03-16,0022400981,0,0,UTA,3,0,13,08:29,Off Timeout,0,MISS Randle 7' Turnaround Bank Hook Shot,,MIN,UTA,MIN,1610612750,2025,1651.0,1671.0,1661.0,203497|203944|1628978|1630162|1630183,1628374|1629012|1630548|1631117|1642268,2024-25,389.0,0,13,0.2903225806451613
308930,07:23,"DiVincenzo 25' 3PT Jump Shot (6 PTS) (Randle 3 AST)
",0,0,1,1,2025-03-16,0022400981,0,0,UTA,3,0,11,07:47,Off Long Mid-Range Make,0,DiVincenzo 25' 3PT Jump Shot (6 PTS) (Randle 3 AST),,MIN,UTA,MIN,1610612750,2025,1693.0,1717.0,1705.0,203497|203944|1628978|1630162|1630183,1628374|1629012|1630548|1631117|1642268,2024-25,392.0,0,14,0.25
308924,06:28,"MISS Randle 6' Driving Floating Bank Jump Shot
Randle REBOUND (Off:1 Def:1)
Kessler P.FOUL (P2.T3) (A.Nagy)
MISS Edwards 15' Pullup Jump Shot
Randle REBOUND (Off:2 Def:1)
McDaniels 24' 3PT Jump Shot (16 PTS) (Randle 4 AST)
",2,0,1,1,2025-03-16,0022400981,0,2,UTA,3,0,12,06:57,Off Timeout,0,MISS Randle 6' Driving Floating Bank Jump Shot,,MIN,UTA,MIN,1610612750,2025,1743.0,1772.0,1757.5,203497|203944|1628978|1630162|1630183,1628374|1630548|1631117|1641729|1642268,2024-25,410.0,0,15,0.2912621359223301
308920,05:58,"Kessler S.FOUL (P3.T4) (A.Nagy)
Edwards Free Throw 1 of 2 (31 PTS)
MISS Edwards Free Throw 2 of 2
Kessler REBOUND (Off:3 Def:10)
",0,0,0,0,2025-03-16,0022400981,0,0,UTA,3,1,15,06:19,Off Arc 3 Miss,0,Kessler S.FOUL (P3.T4) (A.Nagy),,MIN,UTA,MIN,1610612750,2025,1781.0,1802.0,1791.5,203497|203944|1628978|1630162|1630183,1628374|1630548|1631117|1641729|1642268,2024-25,413.0,0,15,0.19047619047619047
308919,05:19,"Gobert 1' Dunk (7 PTS) (Alexander-Walker 2 AST)
",1,1,0,0,2025-03-16,0022400981,0,0,UTA,3,0,14,05:32,Off At Rim Make,0,Gobert 1' Dunk (7 PTS) (Alexander-Walker 2 AST),,MIN,UTA,MIN,1610612750,2025,1828.0,1841.0,1834.5,203497|1629638|1629675|1630162|1630183,1628374|1630548|1631117|1641729|1642268,2024-25,426.0,0,16,0.9072164948453608
308918,04:47,"McDaniels 3' Driving Layup (18 PTS) (Reid 2 AST)
",1,1,0,0,2025-03-16,0022400981,0,0,UTA,3,0,14,05:02,Off FT Make,0,McDaniels 3' Driving Layup (18 PTS) (Reid 2 AST),,MIN,UTA,MIN,1610612750,2025,1858.0,1873.0,1865.5,203497|1629638|1629675|1630162|1630183,1628374|1630548|1631117|1641729|1642268,2024-25,434.0,0,16,0.2978723404255319
308915,04:04,"MISS Alexander-Walker 24' 3PT Pullup Jump Shot
Alexander-Walker REBOUND (Off:1 Def:4)
MISS Reid 25' 3PT Jump Shot
Sensabaugh REBOUND (Off:0 Def:3)
",0,0,2,0,2025-03-16,0022400981,0,1,UTA,3,0,16,04:28,Off Corner 3 Miss,0,Alexander-Walker REBOUND (Off:1 Def:4),,MIN,UTA,MIN,1610612750,2025,1892.0,1916.0,1904.0,203497|1629638|1629675|1630162|1630183,1628374|1630548|1631117|1641729|1642268,2024-25,439.0,0,16,0.5048543689320388
308913,03:52,"Edwards 1' Running Layup (33 PTS) (Reid 3 AST)
",1,1,0,0,2025-03-16,0022400981,0,0,UTA,3,0,16,03:57,Off Steal,0,Edwards 1' Running Layup (33 PTS) (Reid 3 AST),,MIN,UTA,MIN,1610612750,2025,1923.0,1928.0,1925.5,203497|1629638|1629675|1630162|1630183,1628374|1630548|1631117|1641729|1642268,2024-25,444.0,0,18,0.0625
308912,03:22,"McDaniels 5' Driving Layup (20 PTS) (Edwards 2 AST)
",1,1,0,0,2025-03-16,0022400981,0,0,UTA,3,0,18,03:33,Off Dead Ball,0,McDaniels 5' Driving Layup (20 PTS) (Edwards 2 AST),,MIN,UTA,MIN,1610612750,2025,1947.0,1958.0,1952.5,1629638|1629675|1630162|1630183|1630545,1628374|1629012|1630548|1641729|1642271,2024-25,455.0,0,20,0.35443037974683544
308911,02:50,"Filipowski S.FOUL (P3.PN) (A.Nagy)
MISS Reid Free Throw 1 of 2
TIMBERWOLVES Rebound
Reid Free Throw 2 of 2 (5 PTS)
",0,0,0,0,2025-03-16,0022400981,0,0,UTA,3,1,18,03:03,Off Short Mid-Range Make,0,Reid Free Throw 2 of 2 (5 PTS),,MIN,UTA,MIN,1610612750,2025,1977.0,1990.0,1983.5,1629638|1629675|1630162|1630183|1630545,1628374|1629012|1630548|1641729|1642271,2024-25,454.0,5,23,0.26229508196721313
308904,02:18,"MISS Reid 24' 3PT Step Back Jump Shot
Clark REBOUND (Off:1 Def:0)
MISS Reid 25' 3PT Jump Shot
Sensabaugh REBOUND (Off:0 Def:4)
",0,0,2,0,2025-03-16,0022400981,0,1,UTA,3,0,19,02:32,Off FT Miss,0,MISS Reid 24' 3PT Step Back Jump Shot,,MIN,UTA,MIN,1610612750,2025,2008.0,2022.0,2015.0,1629638|1629675|1630162|1630545|1641740,1629004|1629012|1630548|1641729|1642271,2024-25,474.0,0,19,0.2702702702702703
308902,01:59,"MISS Reid 8' Driving Layup
Sensabaugh REBOUND (Off:0 Def:5)
",1,0,0,0,2025-03-16,0022400981,0,0,UTA,3,0,19,02:10,Off At Rim Block,0,MISS Reid 8' Driving Layup,,MIN,UTA,MIN,1610612750,2025,2030.0,2041.0,2035.5,1629638|1629675|1630162|1630545|1641740,1629004|1629012|1630548|1641729|1642271,2024-25,481.0,0,19,0.5333333333333333
308901,01:35,"MISS Edwards 25' 3PT Step Back Jump Shot
Mykhailiuk REBOUND (Off:0 Def:3)
",0,0,1,0,2025-03-16,0022400981,0,0,UTA,3,0,19,01:50,Off Steal,0,Mykhailiuk REBOUND (Off:0 Def:3),,MIN,UTA,MIN,1610612750,2025,2050.0,2065.0,2057.5,1629638|1629675|1630162|1630545|1641740,1629004|1629012|1630548|1641729|1642271,2024-25,484.0,0,19,0.26666666666666666
308899,01:27,"Edwards 25' 3PT Running Pull-Up Jump Shot (36 PTS)
",0,0,1,1,2025-03-16,0022400981,0,0,UTA,3,0,19,01:30,Off Block,0,Edwards 25' 3PT Running Pull-Up Jump Shot (36 PTS),,MIN,UTA,MIN,1610612750,2025,2070.0,2073.0,2071.5,1629638|1629675|1630162|1630545|1641740,1629004|1629012|1630548|1641729|1642271,2024-25,490.0,0,22,0.36585365853658536
308898,01:11,"Edwards 2' Running Dunk (38 PTS) (Shannon Jr. 1 AST)
",1,1,0,0,2025-03-16,0022400981,0,0,UTA,3,0,22,01:14,Off Steal,0,Edwards 2' Running Dunk (38 PTS) (Shannon Jr. 1 AST),,MIN,UTA,MIN,1610612750,2025,2086.0,2089.0,2087.5,1629638|1629675|1630162|1630545|1641740,1629004|1629012|1630548|1641729|1642271,2024-25,493.0,0,24,0.3902439024390244
308897,00:31,"Edwards 25' 3PT Step Back Jump Shot (41 PTS)
",0,0,1,1,2025-03-16,0022400981,0,0,UTA,3,0,22,00:51,Off FT Make,0,Edwards 25' 3PT Step Back Jump Shot (41 PTS),,MIN,UTA,MIN,1610612750,2025,2109.0,2129.0,2119.0,1629638|1629675|1630162|1630545|1641740,1629004|1629012|1630548|1641729|1642271,2024-25,499.0,0,25,0.26666666666666666
308893,00:00,"MISS Edwards 30' 3PT Pullup Jump Shot
Reid REBOUND (Off:4 Def:3)
MISS Reid 24' 3PT Floating Jump Shot
TIMBERWOLVES Rebound
",0,0,2,0,2025-03-16,0022400981,0,1,UTA,3,0,23,00:11,Off At Rim Make,0,MISS Edwards 30' 3PT Pullup Jump Shot,,MIN,UTA,MIN,1610612750,2025,2149.0,2160.0,2154.5,1629638|1629675|1630162|1630545|1641740,1629004|1629012|1630548|1641729|1642271,2024-25,501.0,0,23,0.7761194029850746
308990,11:42,"MISS Shannon Jr. 14' Step Back Jump Shot
Clark REBOUND (Off:2 Def:0)
Shannon Jr. 2' Reverse Layup (2 PTS) (Clark 2 AST)
",2,1,0,0,2025-03-16,0022400981,0,1,UTA,4,0,23,12:00,Off Dead Ball,0,Shannon Jr. 2' Reverse Layup (2 PTS) (Clark 2 AST),,MIN,UTA,MIN,1610612750,2025,2160.0,2178.0,2169.0,1628978|1629638|1629675|1630545|1641740,1629004|1629012|1641729|1642262|1642271,2024-25,513.0,0,25,0.912621359223301
308987,11:05,"DiVincenzo 29' 3PT Pullup Jump Shot (9 PTS) (Clark 3 AST)
",0,0,1,1,2025-03-16,0022400981,0,0,UTA,4,0,25,11:18,Off Arc 3 Miss,0,DiVincenzo 29' 3PT Pullup Jump Shot (9 PTS) (Clark 3 AST),,MIN,UTA,MIN,1610612750,2025,2202.0,2215.0,2208.5,1628978|1629638|1629675|1630545|1641740,1629004|1629012|1641729|1642262|1642271,2024-25,517.0,0,28,0.32432432432432434
308986,10:36,"DiVincenzo 1' Driving Layup (11 PTS) (Alexander-Walker 3 AST)
",1,1,0,0,2025-03-16,0022400981,0,0,UTA,4,0,27,10:47,Off FT Miss,0,DiVincenzo 1' Driving Layup (11 PTS) (Alexander-Walker 3 AST),,MIN,UTA,MIN,1610612750,2025,2233.0,2244.0,2238.5,1628978|1629638|1629675|1630545|1641740,1629004|1629012|1641729|1642262|1642271,2024-25,524.0,0,29,0.20224719101123595
308985,10:04,"MISS DiVincenzo 25' 3PT Pullup Jump Shot
Clark REBOUND (Off:3 Def:0)
Alexander-Walker 2' Driving Layup (9 PTS) (Clark 4 AST)
",1,1,1,0,2025-03-16,0022400981,0,1,UTA,4,0,26,10:20,Off Arc 3 Make,0,Alexander-Walker 2' Driving Layup (9 PTS) (Clark 4 AST),,MIN,UTA,MIN,1610612750,2025,2260.0,2276.0,2268.0,1628978|1629638|1629675|1630545|1641740,1629004|1629012|1641729|1642262|1642271,2024-25,530.0,0,28,0.20689655172413793
308982,09:53,"Clark 2' Driving Layup (4 PTS)
",1,1,0,0,2025-03-16,0022400981,0,0,UTA,4,0,28,09:57,Off Steal,0,Clark 2' Driving Layup (4 PTS),,MIN,UTA,MIN,1610612750,2025,2283.0,2287.0,2285.0,1628978|1629638|1629675|1630545|1641740,1629004|1629012|1641729|1642262|1642271,2024-25,534.0,0,30,0.21052631578947367
308981,09:24,"Reid Lost Ball Turnover (P3.T8)
",0,0,0,0,2025-03-16,0022400981,0,0,UTA,4,0,30,09:36,Off Arc 3 Miss,1,Reid Lost Ball Turnover (P3.T8),,MIN,UTA,MIN,1610612750,2025,2304.0,2316.0,2310.0,1628978|1629638|1629675|1630545|1641740,1629004|1629012|1641729|1642262|1642271,2024-25,537.0,0,30,0.875
308980,09:01,"Mykhailiuk S.FOUL (P2.T1) (A.Nagy)
Clark Free Throw 1 of 2 (5 PTS)
Clark Free Throw 2 of 2 (6 PTS)
",0,0,0,0,2025-03-16,0022400981,0,0,UTA,4,1,28,09:13,Off At Rim Make,0,Clark Free Throw 2 of 2 (6 PTS),,MIN,UTA,MIN,1610612750,2025,2327.0,2339.0,2333.0,1630545|1630568|1631169|1641740|1642265,1629004|1629012|1641729|1642262|1642271,2024-25,536.0,6,34,0.3548387096774194
308977,08:20,"Mykhailiuk S.FOUL (P3.T2) (T.Ford)
Clark Free Throw 1 of 2 (7 PTS)
Clark Free Throw 2 of 2 (8 PTS)
",0,0,0,0,2025-03-16,0022400981,0,0,UTA,4,1,27,08:40,Off Arc 3 Make,0,Clark Free Throw 2 of 2 (8 PTS),,MIN,UTA,MIN,1610612750,2025,2360.0,2380.0,2370.0,1630545|1630568|1631169|1641740|1642265,1629004|1629012|1641729|1642262|1642271,2024-25,557.0,8,35,0.19047619047619047
308974,07:45,"MISS Clark 3PT Jump Shot
Filipowski REBOUND (Off:2 Def:2)
",0,0,1,0,2025-03-16,0022400981,0,0,UTA,4,0,29,07:56,Off Arc 3 Miss,0,Filipowski REBOUND (Off:2 Def:2),,MIN,UTA,MIN,1610612750,2025,2404.0,2415.0,2409.5,1630545|1630568|1631169|1641740|1642265,1629004|1629012|1641729|1642262|1642271,2024-25,563.0,0,29,0.6470588235294118
308972,07:26,"Mykhailiuk P.FOUL (P4.T3) (T.Ford)
Shannon Jr. 1' Driving Layup (4 PTS) (Minott 1 AST)
",1,1,0,0,2025-03-16,0022400981,0,0,UTA,4,0,29,07:43,Off Timeout,0,Shannon Jr. 1' Driving Layup (4 PTS) (Minott 1 AST),,MIN,UTA,MIN,1610612750,2025,2417.0,2434.0,2425.5,1630545|1630568|1631169|1641740|1642265,1629004|1630548|1642262|1642268|1642271,2024-25,574.0,0,31,0.17391304347826086
308970,06:35,"MISS Garza 4' Layup
TIMBERWOLVES Rebound
Garza Traveling Turnover (P1.T9)
",1,0,0,0,2025-03-16,0022400981,0,1,UTA,4,0,31,06:49,Off Corner 3 Miss,1,Garza Traveling Turnover (P1.T9),,MIN,UTA,MIN,1610612750,2025,2471.0,2485.0,2478.0,1630538|1630545|1630568|1631169|1642265,1629004|1630548|1642262|1642268|1642271,2024-25,585.0,0,31,0.3125
308967,05:54,"MISS Garza 5' Driving Hook Shot
Kessler REBOUND (Off:4 Def:11)
",1,0,0,0,2025-03-16,0022400981,0,0,UTA,4,0,28,06:17,Off FT Make,0,Kessler REBOUND (Off:4 Def:11),,MIN,UTA,MIN,1610612750,2025,2503.0,2526.0,2514.5,1630538|1630545|1630568|1631169|1642265,1629004|1630548|1631117|1642262|1642268,2024-25,593.0,0,28,0.21428571428571427
308964,05:18,"MISS Dillingham 25' 3PT Jump Shot
Kessler REBOUND (Off:4 Def:12)
",0,0,1,0,2025-03-16,0022400981,0,0,UTA,4,0,26,05:36,Off Long Mid-Range Make,0,MISS Dillingham 25' 3PT Jump Shot,,MIN,UTA,MIN,1610612750,2025,2544.0,2562.0,2553.0,1630538|1630545|1630568|1631169|1642265,1629004|1630548|1631117|1642262|1642268,2024-25,596.0,0,26,0.3870967741935484
308963,04:56,"MISS Garza 1' Turnaround Hook Shot
Kessler REBOUND (Off:4 Def:13)
",1,0,0,0,2025-03-16,0022400981,0,0,UTA,4,0,26,05:05,Off Arc 3 Miss,0,Kessler REBOUND (Off:4 Def:13),,MIN,UTA,MIN,1610612750,2025,2575.0,2584.0,2579.5,1630538|1630545|1630568|1631169|1642265,1629004|1630548|1631117|1642262|1642268,2024-25,599.0,0,26,0.23529411764705882
308961,04:31,"Garza 25' 3PT Jump Shot (3 PTS) (Hyland 1 AST)
",0,0,1,1,2025-03-16,0022400981,0,0,UTA,4,0,26,04:47,Off Arc 3 Miss,0,Garza 25' 3PT Jump Shot (3 PTS) (Hyland 1 AST),,MIN,UTA,MIN,1610612750,2025,2593.0,2609.0,2601.0,1630538|1630545|1630568|1631169|1642265,1629004|1630548|1631117|1642262|1642268,2024-25,604.0,0,29,0.2222222222222222
308959,03:54,"MISS Garza 24' 3PT Jump Shot
Collier REBOUND (Off:1 Def:4)
",0,0,1,0,2025-03-16,0022400981,0,0,UTA,4,0,27,04:10,Off Short Mid-Range Make,0,MISS Garza 24' 3PT Jump Shot,,MIN,UTA,MIN,1610612750,2025,2630.0,2646.0,2638.0,1630538|1630545|1630568|1631169|1642265,1629004|1630548|1631117|1642262|1642268,2024-25,609.0,0,27,0.7346938775510204
308958,03:38,"Dillingham 12' Driving Floating Jump Shot (2 PTS)
",1,1,0,0,2025-03-16,0022400981,0,0,UTA,4,0,24,03:48,Off FT Make,0,Dillingham 12' Driving Floating Jump Shot (2 PTS),,MIN,UTA,MIN,1610612750,2025,2652.0,2662.0,2657.0,1630538|1630545|1630568|1631169|1642265,1629004|1629012|1630548|1631117|1642268,2024-25,617.0,0,26,0.07792207792207792
308956,03:00,"MISS Dillingham 24' 3PT Jump Shot
Kessler REBOUND (Off:4 Def:14)
",0,0,1,0,2025-03-16,0022400981,0,0,UTA,4,0,23,03:19,Off Arc 3 Make,0,MISS Dillingham 24' 3PT Jump Shot,,MIN,UTA,MIN,1610612750,2025,2681.0,2700.0,2690.5,1630538|1630545|1630568|1631169|1642265,1629004|1629012|1630548|1631117|1642268,2024-25,620.0,0,23,0.18461538461538463
308955,02:31,"Minott 3PT Jump Shot (3 PTS) (Garza 1 AST)
",0,0,1,1,2025-03-16,0022400981,0,0,UTA,4,0,21,02:51,Off Short Mid-Range Make,0,Minott 3PT Jump Shot (3 PTS) (Garza 1 AST),,MIN,UTA,MIN,1610612750,2025,2709.0,2729.0,2719.0,1630538|1630545|1630568|1631169|1642265,1629004|1629012|1630548|1631117|1642268,2024-25,623.0,0,24,0.3835616438356164
308954,02:00,"Minott 2' Running Finger Roll Layup (5 PTS) (Garza 2 AST)
",1,1,0,0,2025-03-16,0022400981,0,0,UTA,4,0,24,02:03,Off Steal,0,Minott 2' Running Finger Roll Layup (5 PTS) (Garza 2 AST),,MIN,UTA,MIN,1610612750,2025,2757.0,2760.0,2758.5,1630538|1630545|1630568|1631169|1642265,1629004|1629012|1630548|1631117|1642268,2024-25,627.0,0,26,0.16326530612244897
308953,01:32,"Hyland 18' Pullup Jump Shot (2 PTS)
",1,1,0,0,2025-03-16,0022400981,0,0,UTA,4,0,26,01:43,Off Short Mid-Range Miss,0,Hyland 18' Pullup Jump Shot (2 PTS),,MIN,UTA,MIN,1610612750,2025,2777.0,2788.0,2782.5,1630538|1630545|1630568|1631169|1642265,1629004|1629012|1630548|1631117|1642268,2024-25,631.0,0,28,0.17391304347826086
308952,01:07,"MISS Hyland 26' 3PT Jump Shot
Sexton REBOUND (Off:0 Def:4)
",0,0,1,0,2025-03-16,0022400981,0,0,UTA,4,0,26,01:22,Off At Rim Make,0,Sexton REBOUND (Off:0 Def:4),,MIN,UTA,MIN,1610612750,2025,2798.0,2813.0,2805.5,1630538|1630545|1630568|1631169|1642265,1629004|1629012|1630548|1631117|1642268,2024-25,635.0,0,26,0.7333333333333333
308950,00:19,"TIMBERWOLVES Turnover: Shot Clock (T#10)
",0,0,0,0,2025-03-16,0022400981,0,0,UTA,4,0,26,00:42,Off Timeout,1,TIMBERWOLVES Turnover: Shot Clock (T#10),,MIN,UTA,MIN,1610612750,2025,2838.0,2861.0,2849.5,1630538|1630545|1630568|1631169|1642265,1629004|1629012|1630548|1631117|1642262,2024-25,645.0,0,26,0.25806451612903225
309043,11:39,"Edwards Bad Pass Turnover (P1.T1): Mathurin STEAL (1 STL)
",0,0,0,0,2025-03-17,0022400986,0,0,IND,1,0,0,12:00,Off Dead Ball,1,Edwards Bad Pass Turnover (P1.T1): Mathurin STEAL (1 STL),,MIN,IND,MIN,1610612750,2025,0.0,21.0,10.5,201144|203497|203944|1630162|1630183,1628418|1629614|1630167|1631097|1641716,2024-25,7.0,0,0,0.3111111111111111
309042,11:11,"Randle Bad Pass Turnover (P1.T2): Walker STEAL (1 STL)
",0,0,0,0,2025-03-17,0022400986,0,0,IND,1,0,0,11:29,Off Short Mid-Range Miss,1,Randle Bad Pass Turnover (P1.T2): Walker STEAL (1 STL),,MIN,IND,MIN,1610612750,2025,31.0,49.0,40.0,201144|203497|203944|1630162|1630183,1628418|1629614|1630167|1631097|1641716,2024-25,12.0,0,0,0.21176470588235294
309038,10:53,"Walker S.FOUL (P1.T1) (S.Corbin)
MISS Gobert Free Throw 1 of 2
TIMBERWOLVES Rebound
Gobert Free Throw 2 of 2 (1 PTS)
",0,0,0,0,2025-03-17,0022400986,0,0,IND,1,1,0,11:06,Off Dead Ball,0,Walker S.FOUL (P1.T1) (S.Corbin),,MIN,IND,MIN,1610612750,2025,54.0,67.0,60.5,201144|203497|203944|1630162|1630183,1628418|1629614|1630167|1631097|1641716,2024-25,11.0,0,0,0.208955223880597
309037,10:29,"McDaniels Cutting Layup Shot (2 PTS) (Conley 1 AST)
",1,1,0,0,2025-03-17,0022400986,0,0,IND,1,0,1,10:34,Off Long Mid-Range Miss,0,McDaniels Cutting Layup Shot (2 PTS) (Conley 1 AST),,MIN,IND,MIN,1610612750,2025,86.0,91.0,88.5,201144|203497|203944|1630162|1630183,1628418|1629614|1630167|1631097|1641716,2024-25,22.0,0,3,0.41237113402061853
309036,09:47,"Mathurin S.FOUL (P1.T2) (S.Corbin)
MISS Randle Free Throw 1 of 2
TIMBERWOLVES Rebound
Randle Free Throw 2 of 2 (1 PTS)
",0,0,0,0,2025-03-17,0022400986,0,0,IND,1,1,3,09:53,Off At Rim Block,0,Randle Free Throw 2 of 2 (1 PTS),,MIN,IND,MIN,1610612750,2025,127.0,133.0,130.0,201144|203497|203944|1630162|1630183,1628418|1629614|1630167|1631097|1641716,2024-25,34.0,1,4,0.36363636363636365
309032,09:20,"MISS McDaniels 5' Driving Floating Bank Jump Shot
Pacers Rebound
",1,0,0,0,2025-03-17,0022400986,0,0,IND,1,0,4,09:27,Off Arc 3 Miss,0,Pacers Rebound,,MIN,IND,MIN,1610612750,2025,153.0,160.0,156.5,201144|203497|203944|1630162|1630183,1628418|1629614|1630167|1631097|1641716,2024-25,39.0,0,4,0.4583333333333333
309029,08:45,"MISS Randle 7' Driving Floating Jump Shot
Toppin REBOUND (Off:0 Def:1)
",1,0,0,0,2025-03-17,0022400986,0,0,IND,1,0,2,09:03,Off Long Mid-Range Make,0,MISS Randle 7' Driving Floating Jump Shot,,MIN,IND,MIN,1610612750,2025,177.0,195.0,186.0,201144|203497|203944|1628978|1630162|1630183,1628418|1629614|1630167|1631097|1641716,2024-25,47.0,0,2,0.875
309027,08:17,"Mathurin P.FOUL (P2.T3) (I.Hwang)
DiVincenzo 3PT Jump Shot (3 PTS) (Edwards 1 AST)
",0,0,1,1,2025-03-17,0022400986,0,0,IND,1,0,2,08:36,Off Short Mid-Range Miss,0,Mathurin P.FOUL (P2.T3) (I.Hwang),,MIN,IND,MIN,1610612750,2025,204.0,223.0,213.5,201144|203497|203944|1628978|1630162|1630183,1628418|1629614|1630167|1631097|1641716|1641767,2024-25,55.0,0,5,0.3076923076923077
309025,07:46,"MISS DiVincenzo 25' 3PT Jump Shot
Pacers Rebound
",0,0,1,0,2025-03-17,0022400986,0,0,IND,1,0,3,08:01,Off Long Mid-Range Make,0,MISS DiVincenzo 25' 3PT Jump Shot,,MIN,IND,MIN,1610612750,2025,239.0,254.0,246.5,201144|203497|203944|1628978|1630162|1630183,1628418|1629614|1630167|1631097|1641716|1641767,2024-25,59.0,0,3,0.3076923076923077
309021,07:17,"Nembhard T.FOUL (P0.T3) (I.Hwang)
Conley Free Throw Technical (1 PTS)
MISS Edwards 25' 3PT Pullup Jump Shot
Sheppard REBOUND (Off:0 Def:1)
",0,0,1,0,2025-03-17,0022400986,0,0,IND,1,0,1,07:34,Off At Rim Make,0,Nembhard T.FOUL (P0.T3) (I.Hwang),,MIN,IND,MIN,1610612750,2025,266.0,283.0,274.5,201144|203497|203944|1628978|1630162|1630183,1628418|1629614|1630167|1631097|1641716|1641767,2024-25,44.0,0,1,0.3333333333333333
309020,06:59,"DiVincenzo Driving Layup (5 PTS)
",1,1,0,0,2025-03-17,0022400986,0,0,IND,1,0,0,07:08,Off At Rim Make,0,DiVincenzo Driving Layup (5 PTS),,MIN,IND,MIN,1610612750,2025,292.0,301.0,296.5,201144|203497|203944|1628978|1630162|1630183,1628418|1629614|1630167|1631097|1641716|1641767,2024-25,73.0,0,2,0.9552238805970149
309019,06:32,"Alexander-Walker Bad Pass Turnover (P1.T3): Bryant STEAL (1 STL)
",0,0,0,0,2025-03-17,0022400986,0,0,IND,1,0,-1,06:48,Off Timeout,1,Alexander-Walker Bad Pass Turnover (P1.T3): Bryant STEAL (1 STL),,MIN,IND,MIN,1610612750,2025,312.0,328.0,320.0,203497|1628978|1629638|1629675|1630162|1630183,1628418|1629614|1630167|1631097|1641716|1641767,2024-25,84.0,0,-1,0.7407407407407407
309018,05:51,"Reid 1' Driving Layup (2 PTS) (DiVincenzo 1 AST)
",1,1,0,0,2025-03-17,0022400986,0,0,IND,1,0,-1,06:02,Off Corner 3 Miss,0,Reid 1' Driving Layup (2 PTS) (DiVincenzo 1 AST),,MIN,IND,MIN,1610612750,2025,358.0,369.0,363.5,203497|1628978|1629638|1629675|1630162|1630183,1628418|1629614|1630167|1631097|1641716|1641767,2024-25,90.0,0,1,0.9090909090909091
309016,05:22,"MISS Edwards 13' Turnaround Jump Shot
Sheppard REBOUND (Off:1 Def:2)
",1,0,0,0,2025-03-17,0022400986,0,0,IND,1,0,0,05:37,Off FT Miss,0,MISS Edwards 13' Turnaround Jump Shot,,MIN,IND,MIN,1610612750,2025,383.0,398.0,390.5,203497|1628978|1629638|1629675|1630162|1630183,1628396|1628418|1629614|1630167|1631097|1631245|1641716|1641767,2024-25,101.0,0,0,0.8888888888888888
309015,05:02,"Reid 6' Turnaround Hook Shot (4 PTS)
",1,1,0,0,2025-03-17,0022400986,0,0,IND,1,0,-1,05:18,Off FT Make,0,Reid 6' Turnaround Hook Shot (4 PTS),,MIN,IND,MIN,1610612750,2025,402.0,418.0,410.0,203497|1628978|1629638|1629675|1630162|1630183,1628396|1628418|1629614|1630167|1631097|1631245|1641716|1641767,2024-25,108.0,0,1,0.835820895522388
309014,04:39,"Edwards 4' Driving Floating Bank Jump Shot (2 PTS)
",1,1,0,0,2025-03-17,0022400986,0,0,IND,1,0,-1,04:52,Off At Rim Make,0,Edwards 4' Driving Floating Bank Jump Shot (2 PTS),,MIN,IND,MIN,1610612750,2025,428.0,441.0,434.5,203497|1628978|1629638|1629675|1630162|1630183,1628396|1628418|1629614|1630167|1631097|1631245|1641716|1641767,2024-25,110.0,0,1,0.94
309013,04:11,"MISS DiVincenzo 26' 3PT Pullup Jump Shot
Nembhard REBOUND (Off:0 Def:1)
",0,0,1,0,2025-03-17,0022400986,0,0,IND,1,0,-1,04:28,Off At Rim Make,0,Nembhard REBOUND (Off:0 Def:1),,MIN,IND,MIN,1610612750,2025,452.0,469.0,460.5,203497|1628978|1629638|1629675|1630162|1630183,1628396|1628418|1629614|1630167|1631097|1631245|1641716|1641767,2024-25,95.0,0,-1,0.2857142857142857
309009,04:02,"Edwards 6' Driving Floating Jump Shot (4 PTS)
Sheppard S.FOUL (P1.T4) (J.Goble)
Edwards Free Throw 1 of 1 (5 PTS)
",1,1,0,0,2025-03-17,0022400986,0,0,IND,1,1,-1,04:06,Off Steal,0,Edwards 6' Driving Floating Jump Shot (4 PTS),,MIN,IND,MIN,1610612750,2025,474.0,478.0,476.0,203497|1628978|1629638|1629675|1630162|1630183,1628396|1628418|1629614|1630167|1631097|1631245|1641716|1641767,2024-25,117.0,0,1,0.9333333333333333
309007,03:30,"MISS Edwards 2' Layup
Pacers Rebound
",1,0,0,0,2025-03-17,0022400986,0,0,IND,1,0,0,03:49,Off At Rim Make,0,MISS Edwards 2' Layup,,MIN,IND,MIN,1610612750,2025,491.0,510.0,500.5,203944|1628978|1629638|1629675|1630162|1630183,204456|1628396|1628418|1629614|1630167|1631097|1631245|1641716|1641716|1641767,2024-25,129.0,0,0,0.8571428571428571
309005,03:01,"Randle 12' Turnaround Fadeaway (3 PTS)
Jackson S.FOUL (P1.PN) (I.Hwang)
MISS Randle Free Throw 1 of 1
Walker REBOUND (Off:1 Def:1)
",1,1,0,0,2025-03-17,0022400986,0,0,IND,1,1,-2,03:19,Off Timeout,0,MISS Randle Free Throw 1 of 1,,MIN,IND,MIN,1610612750,2025,521.0,539.0,530.0,203944|1628978|1629638|1629675|1630162|1630183,204456|1628396|1628418|1629614|1630167|1631097|1631245|1641716|1641716|1641767,2024-25,143.0,0,0,0.9508196721311475
309002,02:43,"Randle Running Layup (5 PTS) (DiVincenzo 2 AST)
",1,1,0,0,2025-03-17,0022400986,0,0,IND,1,0,0,02:47,Off At Rim Miss,0,Randle Running Layup (5 PTS) (DiVincenzo 2 AST),,MIN,IND,MIN,1610612750,2025,553.0,557.0,555.0,203944|1628978|1629638|1629675|1630162|1630183|1641740,204456|1628396|1628418|1629614|1630167|1631097|1631097|1631245|1641716|1641716|1641767,2024-25,147.0,0,2,0.94
309001,02:04,"MISS Reid 27' 3PT Jump Shot
McConnell REBOUND (Off:0 Def:1)
",0,0,1,0,2025-03-17,0022400986,0,0,IND,1,0,-1,02:21,Off Arc 3 Make,0,McConnell REBOUND (Off:0 Def:1),,MIN,IND,MIN,1610612750,2025,579.0,596.0,587.5,203944|1628978|1629638|1629675|1630162|1630183|1641740,204456|1628396|1628418|1629614|1630167|1631097|1631097|1631245|1641716|1641716|1641767,2024-25,151.0,0,-1,0.1276595744680851
308999,01:42,"Randle 3PT Jump Shot (8 PTS) (Alexander-Walker 1 AST)
",0,0,1,1,2025-03-17,0022400986,0,0,IND,1,0,-3,02:00,Off At Rim Make,0,Randle 3PT Jump Shot (8 PTS) (Alexander-Walker 1 AST),,MIN,IND,MIN,1610612750,2025,600.0,618.0,609.0,203944|1628978|1629638|1629675|1630162|1630183|1641740,204456|1628396|1628418|1629614|1630167|1631097|1631097|1631245|1641716|1641716|1641767,2024-25,155.0,0,0,0.8543689320388349
308998,01:01,"MISS Randle 5' Driving Floating Jump Shot
TIMBERWOLVES Rebound
Randle Bad Pass Turnover (P2.T4): Walker STEAL (2 STL)
",1,0,0,0,2025-03-17,0022400986,0,1,IND,1,0,-2,01:33,Off Short Mid-Range Make,1,Randle Bad Pass Turnover (P2.T4): Walker STEAL (2 STL),,MIN,IND,MIN,1610612750,2025,627.0,659.0,643.0,203944|1628978|1629638|1629675|1630162|1630183|1641740,204456|1628396|1628418|1629614|1630167|1631097|1631097|1631245|1641716|1641716|1641767,2024-25,163.0,0,-2,0.42592592592592593
308995,00:47,"Reid 25' 3PT Pullup Jump Shot (7 PTS) (Randle 1 AST)
",0,0,1,1,2025-03-17,0022400986,0,0,IND,1,0,-4,00:56,Off At Rim Make,0,Reid 25' 3PT Pullup Jump Shot (7 PTS) (Randle 1 AST),,MIN,IND,MIN,1610612750,2025,664.0,673.0,668.5,203944|1628978|1629638|1629675|1630162|1630183|1641740,204456|1628396|1628418|1629614|1630167|1631097|1631245|1631245|1641716|1641716|1641767,2024-25,167.0,0,-1,0.84
308992,00:24,"Walker S.FOUL (P2.PN) (J.Goble)
MISS Randle Free Throw 1 of 2
TIMBERWOLVES Rebound
Randle Free Throw 2 of 2 (9 PTS)
",0,0,0,0,2025-03-17,0022400986,0,0,IND,1,1,-1,00:31,Off At Rim Miss,0,MISS Randle Free Throw 1 of 2,,MIN,IND,MIN,1610612750,2025,689.0,696.0,692.5,203944|1628978|1629638|1629675|1630162|1630183|1641740,204456|1628396|1628418|1629614|1630167|1631097|1631245|1631245|1641716|1641716|1641767,2024-25,175.0,0,-1,0.9508196721311475
309098,11:14,"MISS Alexander-Walker 26' 3PT Jump Shot
Bryant REBOUND (Off:1 Def:1)
",0,0,1,0,2025-03-17,0022400986,0,0,IND,2,0,-2,11:42,Off At Rim Make,0,Bryant REBOUND (Off:1 Def:1),,MIN,IND,MIN,1610612750,2025,738.0,766.0,752.0,201144|203497|1628978|1629638|1629675|1630162|1630183|1630183|1641740,204456|1628396|1628418|1628418|1629614|1630167|1630167|1631097|1631097|1631245|1641716|1641767,2024-25,199.0,0,-2,0.13333333333333333
309096,10:46,"Reid 1' Layup (9 PTS) (Alexander-Walker 2 AST)
",1,1,0,0,2025-03-17,0022400986,0,0,IND,2,0,-2,10:52,Off At Rim Miss,0,Reid 1' Layup (9 PTS) (Alexander-Walker 2 AST),,MIN,IND,MIN,1610612750,2025,788.0,794.0,791.0,201144|203497|1628978|1629638|1629675|1630162|1630183|1630183|1641740,204456|1628396|1628418|1628418|1629614|1630167|1630167|1631097|1631097|1631245|1641716|1641767,2024-25,203.0,0,0,0.21951219512195122
309095,10:02,"Reid 25' 3PT Pullup Jump Shot (12 PTS)
",0,0,1,1,2025-03-17,0022400986,0,0,IND,2,0,-3,10:18,Off Arc 3 Make,0,Reid 25' 3PT Pullup Jump Shot (12 PTS),,MIN,IND,MIN,1610612750,2025,822.0,838.0,830.0,201144|203497|1628978|1629638|1629675|1630162|1630183|1630183|1641740,204456|1628396|1628418|1628418|1629614|1630167|1630167|1631097|1631097|1631245|1641716|1641767,2024-25,207.0,0,0,0.5348837209302325
309094,09:40,"Alexander-Walker 10' Pullup Jump Shot (2 PTS)
",1,1,0,0,2025-03-17,0022400986,0,0,IND,2,0,0,09:48,Off Short Mid-Range Miss,0,Alexander-Walker 10' Pullup Jump Shot (2 PTS),,MIN,IND,MIN,1610612750,2025,852.0,860.0,856.0,201144|203497|1628978|1629638|1629675|1630162|1630183|1630183|1641740,204456|1628396|1628418|1628418|1629614|1630167|1630167|1631097|1631097|1631245|1641716|1641767,2024-25,210.0,0,2,0.20618556701030927
309092,09:10,"Reid OFF.Foul (P2) (J.Goble)
Reid Offensive Foul Turnover (P1.T5)
",0,0,0,0,2025-03-17,0022400986,0,0,IND,2,0,2,09:20,Off Arc 3 Miss,1,Reid OFF.Foul (P2) (J.Goble),,MIN,IND,MIN,1610612750,2025,880.0,890.0,885.0,201144|203497|1628978|1629638|1629675|1630162|1630183|1630183|1641740,204456|1628396|1628418|1628418|1629614|1630167|1630167|1631097|1631097|1631245|1641716|1641716|1641767,2024-25,216.0,0,2,0.39344262295081966
309091,08:46,"Reid 4' Turnaround Hook Shot (14 PTS) (McDaniels 1 AST)
",1,1,0,0,2025-03-17,0022400986,0,0,IND,2,0,2,08:54,Off Steal,0,Reid 4' Turnaround Hook Shot (14 PTS) (McDaniels 1 AST),,MIN,IND,MIN,1610612750,2025,906.0,914.0,910.0,201144|203497|1628978|1629638|1629675|1630162|1630183|1630183|1641740,204456|1628396|1628418|1628418|1629614|1630167|1630167|1631097|1631097|1631245|1641716|1641716|1641767,2024-25,221.0,0,4,0.3146067415730337
309089,08:19,"MISS Reid 7' Turnaround Hook Shot
Bryant REBOUND (Off:1 Def:2)
",1,0,0,0,2025-03-17,0022400986,0,0,IND,2,0,1,08:35,Off Corner 3 Make,0,MISS Reid 7' Turnaround Hook Shot,,MIN,IND,MIN,1610612750,2025,925.0,941.0,933.0,201144|203497|1628978|1629638|1629675|1630162|1630183|1630183|1641740,204456|1628396|1628418|1628418|1629614|1630167|1630167|1631097|1631097|1631245|1641716|1641716|1641767,2024-25,225.0,0,1,0.2535211267605634
309086,07:48,"MISS McDaniels 3PT Jump Shot
Gobert REBOUND (Off:1 Def:3)
MISS Gobert Tip Layup Shot
Gobert REBOUND (Off:2 Def:3)
MISS Reid 27' 3PT Jump Shot
Toppin REBOUND (Off:0 Def:2)
",1,0,2,0,2025-03-17,0022400986,0,2,IND,2,0,1,08:12,Off Long Mid-Range Miss,0,Gobert REBOUND (Off:2 Def:3),,MIN,IND,MIN,1610612750,2025,948.0,972.0,960.0,201144|203497|1628978|1629638|1629675|1630162|1630183|1630183|1641740,204456|1628396|1628418|1628418|1629614|1630167|1630167|1631097|1631097|1631245|1641716|1641716|1641767,2024-25,229.0,0,1,0.2
309082,07:20,"McDaniels Out of Bounds - Bad Pass Turnover Turnover (P1.T6)
",0,0,0,0,2025-03-17,0022400986,0,0,IND,2,0,-1,07:39,Off Short Mid-Range Make,1,McDaniels Out of Bounds - Bad Pass Turnover Turnover (P1.T6),,MIN,IND,MIN,1610612750,2025,981.0,1000.0,990.5,201144|203497|1628978|1629638|1629675|1630162|1630183|1630183|1641740,204456|1628396|1628418|1628418|1629614|1630167|1630167|1631097|1631097|1631245|1641716|1641716|1641767,2024-25,236.0,0,-1,0.3829787234042553
309080,06:33,"MISS Randle 5' Hook Shot: Bryant BLOCK (1 BLK)
Mathurin REBOUND (Off:0 Def:1)
",1,0,0,0,2025-03-17,0022400986,0,0,IND,2,0,-3,06:56,Off Short Mid-Range Make,0,MISS Randle 5' Hook Shot: Bryant BLOCK (1 BLK),,MIN,IND,MIN,1610612750,2025,1024.0,1047.0,1035.5,203497|203944|1628978|1628978|1629638|1629675|1630162|1630162|1630183|1630183|1641740,1628396|1628418|1628418|1629614|1630167|1630167|1631097|1631097|1631245|1641716|1641716|1641767,2024-25,231.0,0,-3,0.25
309078,06:04,"MISS DiVincenzo 13' Floating Jump Shot
Bryant REBOUND (Off:1 Def:3)
",1,0,0,0,2025-03-17,0022400986,0,0,IND,2,0,-5,06:28,Off Timeout,0,MISS DiVincenzo 13' Floating Jump Shot,,MIN,IND,MIN,1610612750,2025,1052.0,1076.0,1064.0,203497|203944|1628978|1628978|1629638|1629675|1630162|1630162|1630183|1630183|1641740,1628396|1628418|1628418|1629614|1630167|1630167|1631097|1631097|1631245|1641716|1641716|1641767,2024-25,253.0,0,-5,0.4117647058823529
309076,05:45,"MISS DiVincenzo 1' Driving Reverse Layup: Mathurin BLOCK (1 BLK)
Walker REBOUND (Off:1 Def:2)
",1,0,0,0,2025-03-17,0022400986,0,0,IND,2,0,-7,06:02,Off FT Make,0,MISS DiVincenzo 1' Driving Reverse Layup: Mathurin BLOCK (1 BLK),,MIN,IND,MIN,1610612750,2025,1078.0,1095.0,1086.5,203497|203944|1628978|1628978|1629638|1629675|1630162|1630162|1630183|1630183|1641740,1628396|1628418|1628418|1629614|1630167|1630167|1631097|1631097|1631245|1641716|1641716|1641767,2024-25,259.0,0,-7,0.1728395061728395
309074,05:18,"MISS Edwards 26' 3PT Step Back Jump Shot
McDaniels REBOUND (Off:1 Def:1)
McDaniels Bad Pass Turnover (P2.T7): Toppin STEAL (1 STL)
",0,0,1,0,2025-03-17,0022400986,0,1,IND,2,0,-7,05:34,Off Corner 3 Miss,1,McDaniels REBOUND (Off:1 Def:1),,MIN,IND,MIN,1610612750,2025,1106.0,1122.0,1114.0,203497|203944|1628978|1628978|1629638|1629675|1630162|1630162|1630183|1630183|1641740,1628396|1628418|1628418|1629614|1630167|1630167|1631097|1631097|1631245|1641716|1641716|1641767,2024-25,265.0,0,-7,0.2545454545454545
309072,04:53,"MISS Edwards 2' Driving Layup
Gobert REBOUND (Off:3 Def:3)
Gobert Putback Dunk (3 PTS)
",2,1,0,0,2025-03-17,0022400986,0,1,IND,2,0,-10,05:13,Off Arc 3 Make,0,Gobert Putback Dunk (3 PTS),,MIN,IND,MIN,1610612750,2025,1127.0,1147.0,1137.0,203497|203944|1628978|1628978|1629638|1629675|1630162|1630162|1630183|1630183|1641740,1628396|1628418|1628418|1629614|1630167|1630167|1631097|1631097|1631245|1641716|1641716|1641767,2024-25,272.0,0,-8,0.24
309068,04:23,"MISS Edwards 25' 3PT Step Back Jump Shot
Bradley REBOUND (Off:1 Def:1)
",0,0,1,0,2025-03-17,0022400986,0,0,IND,2,0,-8,04:39,Off Dead Ball,0,MISS Edwards 25' 3PT Step Back Jump Shot,,MIN,IND,MIN,1610612750,2025,1161.0,1177.0,1169.0,203944|1628978|1628978|1629638|1629675|1629675|1630162|1630162|1630183|1630183|1641740,1628396|1628396|1628418|1629614|1630167|1631097|1631097|1631245|1641716|1641716|1641767|1641767,2024-25,282.0,0,-8,0.5714285714285714
309064,03:45,"MISS Reid 26' 3PT Jump Shot
Randle REBOUND (Off:1 Def:1)
MISS McDaniels 25' 3PT Jump Shot
Bradley REBOUND (Off:2 Def:2)
",0,0,2,0,2025-03-17,0022400986,0,1,IND,2,0,-8,04:03,Off Dead Ball,0,MISS Reid 26' 3PT Jump Shot,,MIN,IND,MIN,1610612750,2025,1197.0,1215.0,1206.0,203944|1628978|1628978|1629638|1629675|1629675|1630162|1630162|1630183|1630183|1641740,1628396|1628396|1628418|1629614|1630167|1631097|1631097|1631245|1641716|1641716|1641767|1641767,2024-25,287.0,0,-8,0.4050632911392405
309061,03:21,"Bradley S.FOUL (P1.T1) (I.Hwang)
Edwards Free Throw 1 of 2 (6 PTS)
Edwards Free Throw 2 of 2 (7 PTS)
",0,0,0,0,2025-03-17,0022400986,0,0,IND,2,1,-10,03:29,Off At Rim Make,0,Bradley S.FOUL (P1.T1) (I.Hwang),,MIN,IND,MIN,1610612750,2025,1231.0,1239.0,1235.0,203944|1628978|1628978|1629638|1629675|1629675|1630162|1630162|1630183|1630183|1641740,1628396|1628396|1628418|1629614|1630167|1631097|1631097|1631245|1641716|1641716|1641767|1641767,2024-25,263.0,0,-10,0.29508196721311475
309059,02:49,"MISS Edwards 25' 3PT Pullup Jump Shot
Bradley REBOUND (Off:3 Def:3)
",0,0,1,0,2025-03-17,0022400986,0,0,IND,2,0,-11,03:07,Off Arc 3 Make,0,MISS Edwards 25' 3PT Pullup Jump Shot,,MIN,IND,MIN,1610612750,2025,1253.0,1271.0,1262.0,203944|1628978|1628978|1629638|1629675|1629675|1630162|1630162|1630183|1630183|1641740,1628396|1628396|1628418|1629614|1630167|1631097|1631097|1631245|1641716|1641716|1641767|1641767,2024-25,309.0,0,-11,0.9
309057,02:11,"MISS Edwards 4' Driving Layup: Bradley BLOCK (1 BLK)
Toppin REBOUND (Off:0 Def:3)
",1,0,0,0,2025-03-17,0022400986,0,0,IND,2,0,-13,02:32,Off At Rim Make,0,MISS Edwards 4' Driving Layup: Bradley BLOCK (1 BLK),,MIN,IND,MIN,1610612750,2025,1288.0,1309.0,1298.5,203944|1628978|1628978|1629638|1629675|1629675|1630162|1630162|1630183|1630183|1641740,1628396|1628396|1628418|1629614|1630167|1630167|1631097|1631097|1631245|1641716|1641767|1641767,2024-25,314.0,0,-13,0.7252747252747253
309055,01:36,"Nembhard P.FOUL (P1.T2) (S.Corbin)
MISS Alexander-Walker 3PT Jump Shot
Toppin REBOUND (Off:0 Def:4)
",0,0,1,0,2025-03-17,0022400986,0,0,IND,2,0,-15,02:08,Off Timeout,0,MISS Alexander-Walker 3PT Jump Shot,,MIN,IND,MIN,1610612750,2025,1312.0,1344.0,1328.0,201144|203497|203944|1628978|1629638|1629638|1629675|1630162|1630162|1630183|1641740,1628396|1628396|1628418|1629614|1630167|1630167|1631097|1631097|1631245|1641716|1641767|1641767,2024-25,325.0,0,-15,0.2898550724637681
309052,01:10,"Sheppard P.FOUL (P2.PN) (J.Goble)
MISS Conley Free Throw 1 of 2
TIMBERWOLVES Rebound
Conley Free Throw 2 of 2 (2 PTS)
",0,0,0,0,2025-03-17,0022400986,1,0,IND,2,0,-15,01:14,Off Long Mid-Range Miss,0,TIMBERWOLVES Rebound,,MIN,IND,MIN,1610612750,2025,1366.0,1370.0,1368.0,201144|203497|203944|1628978|1629638|1629638|1629675|1630162|1630162|1630183|1641740,1628396|1628396|1628418|1629614|1630167|1630167|1631097|1631097|1631245|1641716|1641767|1641767,2024-25,332.0,0,-15,0.5714285714285714
309049,00:55,"Edwards Driving Layup (9 PTS) (Conley 2 AST)
",1,1,0,0,2025-03-17,0022400986,0,0,IND,2,0,-14,01:04,Off Dead Ball,0,Edwards Driving Layup (9 PTS) (Conley 2 AST),,MIN,IND,MIN,1610612750,2025,1376.0,1385.0,1380.5,201144|203497|203944|1628978|1629638|1629638|1629675|1630162|1630162|1630183|1641740,1628396|1628396|1628418|1629614|1630167|1630167|1631097|1631097|1631245|1641716|1641716|1641767,2024-25,337.0,0,-12,0.18181818181818182
309046,00:28,"MISS Alexander-Walker 3' Driving Layup: Bradley BLOCK (2 BLK)
Alexander-Walker REBOUND (Off:1 Def:5)
Edwards Step Out of Bounds Turnover (P2.T8)
",1,0,0,0,2025-03-17,0022400986,0,1,IND,2,0,-14,00:36,Off Long Mid-Range Make,1,MISS Alexander-Walker 3' Driving Layup: Bradley BLOCK (2 BLK),,MIN,IND,MIN,1610612750,2025,1404.0,1412.0,1408.0,201144|203497|203944|1628978|1629638|1629638|1629675|1630162|1630162|1630183|1641740,1628396|1628396|1628418|1629614|1630167|1630167|1631097|1631097|1631245|1641716|1641716|1641767,2024-25,340.0,0,-14,0.25806451612903225
309044,00:00,"MISS Alexander-Walker 26' 3PT Jump Shot
TIMBERWOLVES Rebound
",0,0,1,0,2025-03-17,0022400986,0,0,IND,2,0,-14,00:05,Off At Rim Miss,0,MISS Alexander-Walker 26' 3PT Jump Shot,,MIN,IND,MIN,1610612750,2025,1435.0,1440.0,1437.5,201144|203497|203944|1628978|1629638|1629638|1629675|1630162|1630162|1630183|1641740,1628396|1628396|1628418|1629614|1630167|1630167|1631097|1631097|1631245|1641716|1641716|1641767,2024-25,348.0,0,-14,0.55
309142,11:27,"Edwards 25' 3PT Step Back Jump Shot (12 PTS)
",0,0,1,1,2025-03-17,0022400986,0,0,IND,3,0,-14,11:39,Off Arc 3 Miss,0,Edwards 25' 3PT Step Back Jump Shot (12 PTS),,MIN,IND,MIN,1610612750,2025,1461.0,1473.0,1467.0,201144|203497|203944|1628978|1629638|1629675|1630162|1630162|1630183|1630183|1641740,1628396|1628418|1628418|1629614|1630167|1630167|1631097|1631097|1631245|1641716|1641716|1641767,2024-25,360.0,0,-11,0.18666666666666668
309141,10:48,"McDaniels 2' Driving Layup (4 PTS) (Gobert 1 AST)
",1,1,0,0,2025-03-17,0022400986,0,0,IND,3,0,-13,11:10,Off FT Make,0,McDaniels 2' Driving Layup (4 PTS) (Gobert 1 AST),,MIN,IND,MIN,1610612750,2025,1490.0,1512.0,1501.0,201144|203497|203944|1628978|1629638|1629675|1630162|1630162|1630183|1630183|1641740,1628396|1628418|1628418|1629614|1630167|1630167|1631097|1631097|1631245|1641716|1641716|1641767,2024-25,365.0,0,-11,0.9108910891089109
309138,10:17,"McDaniels 1' Running Finger Roll Layup (6 PTS)
",1,1,0,0,2025-03-17,0022400986,0,0,IND,3,0,-11,10:20,Off At Rim Miss,0,McDaniels 1' Running Finger Roll Layup (6 PTS),,MIN,IND,MIN,1610612750,2025,1540.0,1543.0,1541.5,201144|203497|203944|1628978|1629638|1629675|1630162|1630162|1630183|1630183|1641740,1628396|1628418|1628418|1629614|1630167|1630167|1631097|1631097|1631245|1641716|1641716|1641767,2024-25,373.0,0,-9,0.9347826086956522
309137,09:42,"Randle 13' Turnaround Fadeaway (11 PTS) (McDaniels 2 AST)
",1,1,0,0,2025-03-17,0022400986,0,0,IND,3,0,-9,09:56,Off Dead Ball,0,Randle 13' Turnaround Fadeaway (11 PTS) (McDaniels 2 AST),,MIN,IND,MIN,1610612750,2025,1564.0,1578.0,1571.0,201144|203497|203944|1628978|1629638|1629675|1630162|1630162|1630183|1630183|1641740,1628396|1628396|1628418|1629614|1630167|1630167|1631097|1631097|1631245|1641716|1641716|1641767,2024-25,380.0,0,-7,0.8615384615384616
309136,09:10,"MISS McDaniels 3' Driving Finger Roll Layup
Toppin REBOUND (Off:1 Def:5)
",1,0,0,0,2025-03-17,0022400986,0,0,IND,3,0,-9,09:26,Off At Rim Make,0,Toppin REBOUND (Off:1 Def:5),,MIN,IND,MIN,1610612750,2025,1594.0,1610.0,1602.0,201144|203497|203944|1628978|1629638|1629675|1630162|1630162|1630183|1630183|1641740,1628396|1628396|1628418|1629614|1630167|1630167|1631097|1631097|1631245|1641716|1641716|1641767,2024-25,387.0,0,-9,0.16901408450704225
309133,08:41,"MISS Randle 3PT Jump Shot
Nembhard REBOUND (Off:0 Def:2)
",0,0,1,0,2025-03-17,0022400986,0,0,IND,3,0,-9,08:49,Off Block,0,MISS Randle 3PT Jump Shot,,MIN,IND,MIN,1610612750,2025,1631.0,1639.0,1635.0,201144|203497|203944|1628978|1628978|1629638|1629675|1630162|1630162|1630183|1641740,1628396|1628396|1628418|1629614|1630167|1630167|1631097|1631097|1631245|1641716|1641716|1641767,2024-25,398.0,0,-9,0.6976744186046512
309132,08:06,"DiVincenzo 25' 3PT Jump Shot (8 PTS) (Conley 3 AST)
",0,0,1,1,2025-03-17,0022400986,0,0,IND,3,0,-11,08:29,Off At Rim Make,0,DiVincenzo 25' 3PT Jump Shot (8 PTS) (Conley 3 AST),,MIN,IND,MIN,1610612750,2025,1651.0,1674.0,1662.5,201144|203497|203944|1628978|1628978|1629638|1629675|1630162|1630162|1630183|1641740,1628396|1628396|1628418|1629614|1630167|1630167|1631097|1631097|1631245|1641716|1641716|1641767,2024-25,401.0,0,-8,0.8282828282828283
309131,07:35,"DiVincenzo 25' 3PT Jump Shot (11 PTS) (Randle 2 AST)
",0,0,1,1,2025-03-17,0022400986,0,0,IND,3,0,-9,07:50,Off Steal,0,DiVincenzo 25' 3PT Jump Shot (11 PTS) (Randle 2 AST),,MIN,IND,MIN,1610612750,2025,1690.0,1705.0,1697.5,201144|203944|1628978|1628978|1629638|1629675|1629675|1630162|1630162|1630183|1641740,204456|1628396|1628396|1628418|1630167|1630167|1631097|1631097|1631245|1641716|1641716|1641767,2024-25,419.0,0,-6,0.8514851485148515
309130,07:06,"Randle Discontinue Dribble Turnover (P3.T9)
",0,0,0,0,2025-03-17,0022400986,0,0,IND,3,0,-6,07:08,Off Steal,1,Randle Discontinue Dribble Turnover (P3.T9),,MIN,IND,MIN,1610612750,2025,1732.0,1734.0,1733.0,201144|203944|1628978|1628978|1629638|1629675|1629675|1630162|1630162|1630183|1641740,204456|1628396|1628418|1628418|1630167|1630167|1631097|1631097|1631245|1641716|1641716|1641767,2024-25,434.0,0,-6,0.898876404494382
309129,06:40,"DiVincenzo 1' Reverse Layup (13 PTS) (Edwards 2 AST)
",1,1,0,0,2025-03-17,0022400986,0,0,IND,3,0,-6,06:50,Off Arc 3 Miss,0,DiVincenzo 1' Reverse Layup (13 PTS) (Edwards 2 AST),,MIN,IND,MIN,1610612750,2025,1750.0,1760.0,1755.0,201144|203944|1628978|1628978|1629638|1629675|1629675|1630162|1630162|1630183|1641740,204456|1628396|1628418|1628418|1630167|1630167|1631097|1631097|1631245|1641716|1641716|1641767,2024-25,437.0,0,-4,0.2028985507246377
309126,06:24,"Mathurin S.FOUL (P3.T1) (S.Corbin)
Edwards Free Throw 1 of 2 (13 PTS)
Edwards Free Throw 2 of 2 (14 PTS)
",0,0,0,0,2025-03-17,0022400986,0,0,IND,3,1,-4,06:31,Off Steal,0,Mathurin S.FOUL (P3.T1) (S.Corbin),,MIN,IND,MIN,1610612750,2025,1769.0,1776.0,1772.5,201144|203944|1628978|1628978|1629638|1629675|1629675|1630162|1630162|1630183|1641740,204456|1628396|1628418|1628418|1630167|1630167|1631097|1631097|1631245|1641716|1641716|1641767,2024-25,389.0,0,-4,0.17857142857142858
309124,06:00,"MISS DiVincenzo 2' Driving Layup
Pacers Rebound
",1,0,0,0,2025-03-17,0022400986,0,0,IND,3,0,-5,06:10,Off Arc 3 Make,0,MISS DiVincenzo 2' Driving Layup,,MIN,IND,MIN,1610612750,2025,1790.0,1800.0,1795.0,203944|1628978|1628978|1629638|1629638|1629675|1629675|1630162|1630162|1630183|1641740,204456|1628396|1628418|1628418|1630167|1630167|1631097|1631097|1631245|1641716|1641767|1641767,2024-25,450.0,0,-5,0.90625
309123,05:40,"Edwards 1' Running Layup (16 PTS)
",1,1,0,0,2025-03-17,0022400986,0,0,IND,3,0,-5,05:47,Off Short Mid-Range Miss,0,Edwards 1' Running Layup (16 PTS),,MIN,IND,MIN,1610612750,2025,1813.0,1820.0,1816.5,203944|1628978|1628978|1629638|1629638|1629675|1629675|1630162|1630162|1630183|1641740,204456|1628396|1628418|1628418|1630167|1630167|1631097|1631097|1631245|1641716|1641767|1641767,2024-25,456.0,0,-3,0.22950819672131148
309121,05:13,"Sheppard S.FOUL (P3.T2) (S.Corbin)
Edwards Free Throw 1 of 2 (17 PTS)
Edwards Free Throw 2 of 2 (18 PTS)
",0,0,0,0,2025-03-17,0022400986,0,0,IND,3,1,-4,05:25,Off FT Miss,0,Edwards Free Throw 1 of 2 (17 PTS),,MIN,IND,MIN,1610612750,2025,1835.0,1847.0,1841.0,1628978|1628978|1629638|1629638|1629675|1629675|1630162|1630162|1630183|1641740,204456|1628396|1628418|1628418|1630167|1630167|1631097|1631097|1631245|1641716|1641767|1641767,2024-25,426.0,17,13,0.23809523809523808
309118,04:42,"McConnell S.FOUL (P1.T3) (I.Hwang)
Edwards Free Throw 1 of 2 (19 PTS)
Edwards Free Throw 2 of 2 (20 PTS)
",0,0,0,0,2025-03-17,0022400986,0,0,IND,3,1,-5,05:06,Off Arc 3 Make,0,Edwards Free Throw 1 of 2 (19 PTS),,MIN,IND,MIN,1610612750,2025,1854.0,1878.0,1866.0,1628978|1628978|1629638|1629638|1629675|1629675|1630162|1630162|1630183|1641740,204456|1628396|1628418|1628418|1630167|1630167|1631097|1631097|1631245|1641716|1641767|1641767,2024-25,430.0,19,14,0.46153846153846156
309116,04:04,"Edwards 3' Driving Finger Roll Layup (22 PTS)
",1,1,0,0,2025-03-17,0022400986,0,0,IND,3,0,-3,04:21,Off Steal,0,Edwards 3' Driving Finger Roll Layup (22 PTS),,MIN,IND,MIN,1610612750,2025,1899.0,1916.0,1907.5,1628978|1628978|1629638|1629638|1629675|1629675|1630162|1630162|1630183|1641740,204456|1628396|1628418|1628418|1630167|1630167|1631097|1631097|1631245|1641716|1641767|1641767,2024-25,478.0,0,-1,0.9333333333333333
309113,03:57,"MISS Clark 2' Layup
Clark REBOUND (Off:1 Def:0)
Clark Putback Layup (2 PTS)
",2,1,0,0,2025-03-17,0022400986,0,1,IND,3,0,-1,04:00,Off Steal,0,MISS Clark 2' Layup,,MIN,IND,MIN,1610612750,2025,1920.0,1923.0,1921.5,1628978|1628978|1629638|1629638|1629675|1629675|1630162|1630162|1630183|1641740,204456|1628396|1628418|1628418|1630167|1630167|1631097|1631097|1631245|1641716|1641767|1641767,2024-25,482.0,0,1,0.9
309112,03:23,"Edwards 2' Driving Layup (24 PTS)
",1,1,0,0,2025-03-17,0022400986,0,0,IND,3,0,-1,03:40,Off At Rim Make,0,Edwards 2' Driving Layup (24 PTS),,MIN,IND,MIN,1610612750,2025,1940.0,1957.0,1948.5,1628978|1628978|1629638|1629638|1629675|1629675|1630162|1630162|1630183|1641740,204456|1628396|1628418|1628418|1630167|1630167|1631097|1631097|1631245|1641716|1641767|1641767,2024-25,488.0,0,1,0.1791044776119403
309111,03:00,"Alexander-Walker 1' Running Finger Roll Layup (4 PTS) (Edwards 3 AST)
",1,1,0,0,2025-03-17,0022400986,0,0,IND,3,0,1,03:03,Off Arc 3 Miss,0,Alexander-Walker 1' Running Finger Roll Layup (4 PTS) (Edwards 3 AST),,MIN,IND,MIN,1610612750,2025,1977.0,1980.0,1978.5,1628978|1628978|1629638|1629638|1629675|1629675|1630162|1630162|1630183|1641740,204456|1628396|1628418|1628418|1630167|1630167|1631097|1631097|1631245|1641716|1641767|1641767,2024-25,491.0,0,3,0.9361702127659575
309109,02:30,"MISS Reid 4' Turnaround Hook Shot
Bryant REBOUND (Off:1 Def:4)
",1,0,0,0,2025-03-17,0022400986,0,0,IND,3,0,0,02:47,Off Corner 3 Make,0,MISS Reid 4' Turnaround Hook Shot,,MIN,IND,MIN,1610612750,2025,1993.0,2010.0,2001.5,1628978|1628978|1629638|1629638|1629675|1629675|1630162|1630162|1630183|1641740,204456|1628396|1628418|1628418|1630167|1630167|1631097|1631097|1631245|1641716|1641767|1641767,2024-25,495.0,0,0,0.819672131147541
309107,02:00,"MISS Edwards 25' 3PT Running Pull-Up Jump Shot
Toppin REBOUND (Off:1 Def:6)
",0,0,1,0,2025-03-17,0022400986,0,0,IND,3,0,0,02:08,Off Corner 3 Miss,0,MISS Edwards 25' 3PT Running Pull-Up Jump Shot,,MIN,IND,MIN,1610612750,2025,2032.0,2040.0,2036.0,1628978|1628978|1629638|1629638|1629675|1629675|1630162|1630162|1630183|1641740,204456|1628396|1628418|1628418|1630167|1630167|1631097|1631097|1631245|1641716|1641767|1641767,2024-25,499.0,0,0,0.2608695652173913
309106,01:43,"DiVincenzo 30' 3PT Jump Shot (16 PTS) (Edwards 4 AST)
",0,0,1,1,2025-03-17,0022400986,0,0,IND,3,0,-2,01:50,Off Short Mid-Range Make,0,DiVincenzo 30' 3PT Jump Shot (16 PTS) (Edwards 4 AST),,MIN,IND,MIN,1610612750,2025,2050.0,2057.0,2053.5,1628978|1628978|1629638|1629638|1629675|1629675|1630162|1630162|1630183|1641740,204456|1628396|1628418|1628418|1630167|1630167|1631097|1631097|1631245|1641716|1641767|1641767,2024-25,502.0,0,1,0.8155339805825242
309103,01:18,"MISS Clark 2' Driving Layup
Reid REBOUND (Off:1 Def:3)
Reid Tip Dunk Shot (16 PTS)
",2,1,0,0,2025-03-17,0022400986,0,1,IND,3,0,-1,01:35,Off FT Make,0,MISS Clark 2' Driving Layup,,MIN,IND,MIN,1610612750,2025,2065.0,2082.0,2073.5,1628978|1628978|1629638|1629638|1629675|1629675|1630162|1630162|1630183|1641740,204456|1628396|1628418|1628418|1630167|1630167|1631097|1631245|1631245|1641716|1641767|1641767,2024-25,510.0,0,1,0.2413793103448276
309102,01:00,"Alexander-Walker 2' Driving Layup (6 PTS)
",1,1,0,0,2025-03-17,0022400986,0,0,IND,3,0,-2,01:12,Off Arc 3 Make,0,Alexander-Walker 2' Driving Layup (6 PTS),,MIN,IND,MIN,1610612750,2025,2088.0,2100.0,2094.0,1628978|1628978|1629638|1629638|1629675|1629675|1630162|1630162|1630183|1641740,204456|1628396|1628418|1628418|1630167|1630167|1631097|1631245|1631245|1641716|1641767|1641767,2024-25,515.0,0,0,0.21875
309100,00:00,"MISS Conley 7' Driving Layup: Bryant BLOCK (2 BLK)
TIMBERWOLVES Rebound
",1,0,0,0,2025-03-17,0022400986,0,0,IND,3,0,-2,00:13,Off Arc 3 Miss,0,TIMBERWOLVES Rebound,,MIN,IND,MIN,1610612750,2025,2147.0,2160.0,2153.5,201144|203944|1628978|1629638|1629638|1629675|1630162|1630162|1630183|1641740,204456|1628396|1628418|1628418|1630167|1631097|1631245|1631245|1641716|1641716|1641767|1641767,2024-25,531.0,0,-2,0.5714285714285714
309196,11:38,"Alexander-Walker 7' Driving Floating Jump Shot (8 PTS) (McDaniels 3 AST)
",1,1,0,0,2025-03-17,0022400986,0,0,IND,4,0,-2,12:00,Off Dead Ball,0,Alexander-Walker 7' Driving Floating Jump Shot (8 PTS) (McDaniels 3 AST),,MIN,IND,MIN,1610612750,2025,2160.0,2182.0,2171.0,201144|203944|1628978|1629638|1629638|1629675|1629675|1630162|1630183,204456|204456|1628396|1628396|1628418|1630167|1631097|1631245|1631245|1641716|1641716|1641767|1641767|1641767,2024-25,540.0,0,0,0.96
309195,11:13,"McDaniels 1' Cutting Layup Shot (8 PTS) (Alexander-Walker 3 AST)
",1,1,0,0,2025-03-17,0022400986,0,0,IND,4,0,0,11:25,Off Dead Ball,0,McDaniels 1' Cutting Layup Shot (8 PTS) (Alexander-Walker 3 AST),,MIN,IND,MIN,1610612750,2025,2195.0,2207.0,2201.0,201144|203944|1628978|1629638|1629638|1629675|1629675|1630162|1630183,204456|204456|1628396|1628396|1628418|1630167|1631097|1631245|1631245|1641716|1641716|1641767|1641767|1641767,2024-25,543.0,0,2,0.8888888888888888
309194,10:40,"Reid 28' 3PT Running Jump Shot (19 PTS) (Randle 3 AST)
",0,0,1,1,2025-03-17,0022400986,0,0,IND,4,0,2,10:47,Off At Rim Block,0,Reid 28' 3PT Running Jump Shot (19 PTS) (Randle 3 AST),,MIN,IND,MIN,1610612750,2025,2233.0,2240.0,2236.5,201144|203944|1628978|1629638|1629638|1629675|1629675|1630162|1630183,204456|204456|1628396|1628396|1628418|1630167|1631097|1631245|1631245|1641716|1641716|1641767|1641767|1641767,2024-25,552.0,0,5,0.3111111111111111
309193,10:22,"Conley 24' 3PT Running Jump Shot (6 PTS) (McDaniels 4 AST)
",0,0,1,1,2025-03-17,0022400986,0,0,IND,4,0,5,10:26,Off Steal,0,Conley 24' 3PT Running Jump Shot (6 PTS) (McDaniels 4 AST),,MIN,IND,MIN,1610612750,2025,2254.0,2258.0,2256.0,201144|203944|1628978|1629638|1629638|1629675|1629675|1630162|1630183,204456|204456|1628396|1628396|1628418|1630167|1631097|1631245|1631245|1641716|1641716|1641767|1641767|1641767,2024-25,556.0,0,8,0.8148148148148148
309191,09:41,"MISS Reid 6' Driving Finger Roll Layup
Toppin REBOUND (Off:1 Def:7)
",1,0,0,0,2025-03-17,0022400986,0,0,IND,4,0,8,09:59,Off Arc 3 Miss,0,MISS Reid 6' Driving Finger Roll Layup,,MIN,IND,MIN,1610612750,2025,2281.0,2299.0,2290.0,201144|203944|1628978|1629638|1629638|1629675|1629675|1630162|1630183,204456|204456|1628396|1628396|1628418|1630167|1631097|1631245|1641716|1641716|1641767|1641767,2024-25,565.0,0,8,0.2318840579710145
309190,09:12,"Conley Bad Pass Turnover (P1.T11): Bradley STEAL (1 STL)
",0,0,0,0,2025-03-17,0022400986,0,0,IND,4,0,5,09:33,Off Arc 3 Make,1,Conley Bad Pass Turnover (P1.T11): Bradley STEAL (1 STL),,MIN,IND,MIN,1610612750,2025,2307.0,2328.0,2317.5,201144|203944|1628978|1629638|1629638|1629675|1629675|1630162|1630183,204456|204456|1628396|1628396|1628418|1630167|1631097|1631245|1641716|1641716|1641767|1641767,2024-25,571.0,0,5,0.6666666666666666
309188,08:36,"MISS McDaniels 3PT Jump Shot
McDaniels REBOUND (Off:2 Def:3)
McDaniels 6' Fadeaway Jumper (10 PTS)
",1,1,1,0,2025-03-17,0022400986,0,1,IND,4,0,5,09:03,Off Arc 3 Miss,0,McDaniels REBOUND (Off:2 Def:3),,MIN,IND,MIN,1610612750,2025,2337.0,2364.0,2350.5,201144|203944|1628978|1629638|1629638|1629675|1629675|1630162|1630183,204456|204456|1628396|1628396|1628418|1630167|1631097|1631245|1641716|1641716|1641767|1641767,2024-25,577.0,0,7,0.4507042253521127
309186,08:08,"Reid 1' Cutting Dunk Shot (21 PTS) (Conley 4 AST)
",1,1,0,0,2025-03-17,0022400986,0,0,IND,4,0,4,08:26,Off Corner 3 Make,0,Reid 1' Cutting Dunk Shot (21 PTS) (Conley 4 AST),,MIN,IND,MIN,1610612750,2025,2374.0,2392.0,2383.0,201144|203944|1628978|1629638|1629638|1629675|1629675|1630162|1630183,204456|204456|1628396|1628396|1628418|1630167|1631097|1631245|1641716|1641716|1641767|1641767,2024-25,580.0,0,6,0.1686746987951807
309184,07:36,"MISS Edwards 25' 3PT Jump Shot
Bryant REBOUND (Off:1 Def:5)
",0,0,1,0,2025-03-17,0022400986,0,0,IND,4,0,4,07:50,Off FT Make,0,MISS Edwards 25' 3PT Jump Shot,,MIN,IND,MIN,1610612750,2025,2410.0,2424.0,2417.0,203944|1628978|1628978|1629638|1629638|1629675|1630162|1630183,204456|204456|1628396|1628418|1628418|1630167|1631097|1631245|1641716|1641716|1641767|1641767,2024-25,592.0,0,4,0.7169811320754716
309183,07:07,"Edwards Bad Pass Turnover (P3.T12): Jackson STEAL (1 STL)
",0,0,0,0,2025-03-17,0022400986,0,0,IND,4,0,4,07:25,Off Timeout,1,Edwards Bad Pass Turnover (P3.T12): Jackson STEAL (1 STL),,MIN,IND,MIN,1610612750,2025,2435.0,2453.0,2444.0,203944|1628978|1628978|1629638|1629638|1629675|1630162|1630183,204456|1628396|1628418|1628418|1630167|1631097|1631245|1631245|1641716|1641716|1641767|1641767,2024-25,598.0,0,4,0.6521739130434783
309182,06:40,"MISS Randle 1' Driving Layup
Walker REBOUND (Off:1 Def:3)
",1,0,0,0,2025-03-17,0022400986,0,0,IND,4,0,2,07:05,Off At Rim Make,0,Walker REBOUND (Off:1 Def:3),,MIN,IND,MIN,1610612750,2025,2455.0,2480.0,2467.5,203944|1628978|1628978|1629638|1629638|1629675|1630162|1630183,204456|1628396|1628418|1628418|1630167|1631097|1631245|1631245|1641716|1641716|1641767|1641767,2024-25,601.0,0,2,0.21428571428571427
309180,06:20,"MISS DiVincenzo 26' 3PT Running Jump Shot
Toppin REBOUND (Off:1 Def:8)
",0,0,1,0,2025-03-17,0022400986,0,0,IND,4,0,2,06:24,Off At Rim Miss,0,Toppin REBOUND (Off:1 Def:8),,MIN,IND,MIN,1610612750,2025,2496.0,2500.0,2498.0,203944|1628978|1628978|1629638|1629638|1629675|1630162|1630183,204456|1628396|1628418|1628418|1630167|1631097|1631245|1631245|1641716|1641716|1641767|1641767,2024-25,607.0,0,2,0.44
309177,05:56,"MISS Edwards 25' 3PT Pullup Jump Shot
Walker REBOUND (Off:1 Def:4)
",0,0,1,0,2025-03-17,0022400986,0,0,IND,4,0,2,06:12,Off At Rim Block,0,MISS Edwards 25' 3PT Pullup Jump Shot,,MIN,IND,MIN,1610612750,2025,2508.0,2524.0,2516.0,203944|1628978|1628978|1629638|1629638|1629675|1630162|1630183,204456|1628396|1628418|1628418|1630167|1631097|1631245|1631245|1641716|1641716|1641767|1641767,2024-25,612.0,0,2,0.14705882352941177
309171,05:11,"Sheppard P.FOUL (P4.T1) (S.Corbin)
Jackson P.FOUL (P2.T2) (I.Hwang)
MISS McDaniels 3PT Jump Shot
TIMBERWOLVES Rebound
Mathurin S.FOUL (P4.T3) (J.Goble)
MISS Edwards Free Throw 1 of 2
TIMBERWOLVES Rebound
Edwards Free Throw 2 of 2 (25 PTS)
",0,0,1,0,2025-03-17,0022400986,0,1,IND,4,1,0,05:45,Off FT Make,0,Jackson P.FOUL (P2.T2) (I.Hwang),,MIN,IND,MIN,1610612750,2025,2535.0,2569.0,2552.0,201144|203944|1628978|1628978|1629638|1629675|1630162|1630183,204456|1628396|1628418|1628418|1630167|1631097|1631245|1631245|1641716|1641767|1641767|1641767,2024-25,628.0,0,0,0.39080459770114945
309168,04:41,"MISS Edwards 4' Driving Layup
TIMBERWOLVES Rebound
DiVincenzo 24' 3PT Jump Shot (19 PTS) (Randle 4 AST)
",1,0,1,1,2025-03-17,0022400986,0,1,IND,4,0,1,05:01,Off Arc 3 Miss,0,TIMBERWOLVES Rebound,,MIN,IND,MIN,1610612750,2025,2579.0,2599.0,2589.0,201144|203944|1628978|1628978|1629638|1629675|1630162|1630183,204456|1628396|1628418|1628418|1630167|1631097|1631245|1631245|1641716|1641767|1641767|1641767,2024-25,640.0,0,4,0.18461538461538463
309162,03:19,"Edwards 1' Driving Dunk (27 PTS)
Mathurin S.FOUL (P6.PN) (S.Corbin)
Edwards Free Throw 1 of 1 (28 PTS)
",1,1,0,0,2025-03-17,0022400986,0,0,IND,4,1,2,03:33,Off Timeout,0,Edwards Free Throw 1 of 1 (28 PTS),,MIN,IND,MIN,1610612750,2025,2667.0,2681.0,2674.0,201144|203944|1628978|1628978|1629638|1629675|1630162|1630183,204456|1628396|1628418|1630167|1631097|1631245|1641716|1641767|1641767|1641767,2024-25,667.0,28,32,0.20454545454545456
309158,02:43,"MISS Edwards 25' 3PT Step Back Jump Shot
Bradley REBOUND (Off:5 Def:4)
",0,0,1,0,2025-03-17,0022400986,0,0,IND,4,0,2,03:06,Off Arc 3 Make,0,MISS Edwards 25' 3PT Step Back Jump Shot,,MIN,IND,MIN,1610612750,2025,2694.0,2717.0,2705.5,201144|203944|1628978|1628978|1629638|1629675|1630162|1630183,204456|1628396|1628418|1630167|1631245|1631245|1641716|1641767|1641767,2024-25,670.0,0,2,0.7945205479452054
309157,02:30,"Randle OFF.Foul (P2) (J.Goble)
Randle Offensive Foul Turnover (P4.T13)
",0,0,0,0,2025-03-17,0022400986,0,0,IND,4,0,1,02:39,Off FT Make,1,Randle Offensive Foul Turnover (P4.T13),,MIN,IND,MIN,1610612750,2025,2721.0,2730.0,2725.5,201144|203944|1628978|1628978|1629638|1629675|1630162|1630183,204456|1628396|1628418|1630167|1631245|1631245|1641716|1641767|1641767,2024-25,679.0,0,1,0.2127659574468085
309154,01:56,"MISS DiVincenzo 3PT Jump Shot
McConnell REBOUND (Off:1 Def:2)
",0,0,1,0,2025-03-17,0022400986,0,0,IND,4,0,-1,02:16,Off Short Mid-Range Make,0,MISS DiVincenzo 3PT Jump Shot,,MIN,IND,MIN,1610612750,2025,2744.0,2764.0,2754.0,201144|203944|1628978|1628978|1629638|1629675|1630162|1630183,204456|1628396|1628418|1630167|1631245|1631245|1641716|1641767|1641767,2024-25,681.0,0,-1,0.7450980392156863
309151,01:39,"Jackson S.FOUL (P3.PN) (J.Goble)
Randle Free Throw 1 of 2 (14 PTS)
Randle Free Throw 2 of 2 (15 PTS)
",0,0,0,0,2025-03-17,0022400986,0,0,IND,4,1,-1,01:44,Off Steal,0,Jackson S.FOUL (P3.PN) (J.Goble),,MIN,IND,MIN,1610612750,2025,2776.0,2781.0,2778.5,201144|203944|1628978|1628978|1629638|1629675|1630162|1630183,204456|1628396|1628418|1630167|1631245|1631245|1641716|1641767|1641767,2024-25,684.0,0,-1,0.1875
309149,00:59,"MISS DiVincenzo 26' 3PT Jump Shot
McConnell REBOUND (Off:1 Def:3)
",0,0,1,0,2025-03-17,0022400986,0,0,IND,4,0,-1,01:19,Off Short Mid-Range Make,0,MISS DiVincenzo 26' 3PT Jump Shot,,MIN,IND,MIN,1610612750,2025,2801.0,2821.0,2811.0,201144|203944|1628978|1628978|1629638|1629675|1630162|1630183,204456|1628396|1628418|1630167|1631245|1631245|1641716|1641767|1641767,2024-25,690.0,0,-1,0.7796610169491526
309148,00:49,"McDaniels 25' 3PT Jump Shot (13 PTS) (Conley 5 AST)
",0,0,1,1,2025-03-17,0022400986,0,0,IND,4,0,-3,00:57,Off Timeout,0,McDaniels 25' 3PT Jump Shot (13 PTS) (Conley 5 AST),,MIN,IND,MIN,1610612750,2025,2823.0,2831.0,2827.0,201144|203944|1628978|1628978|1629638|1629675|1630162|1630183,204456|1628396|1628418|1630167|1631245|1631245|1641716|1641767|1641767,2024-25,695.0,0,0,0.1927710843373494
309145,00:30,"Walker P.FOUL (P3.PN) (S.Corbin)
Edwards Free Throw 1 of 2 (29 PTS)
Edwards Free Throw 2 of 2 (30 PTS)
",0,0,0,0,2025-03-17,0022400986,1,0,IND,4,0,0,00:37,Off Steal,0,Walker P.FOUL (P3.PN) (S.Corbin),,MIN,IND,MIN,1610612750,2025,2843.0,2850.0,2846.5,201144|203944|1628978|1628978|1629638|1629675|1630162|1630183,204456|1628396|1628418|1630167|1631245|1631245|1641716|1641767|1641767,2024-25,698.0,0,0,0.21428571428571427
309144,00:00,"MISS Edwards 26' 3PT Fadeaway Jumper
TIMBERWOLVES Rebound
",0,0,1,0,2025-03-17,0022400986,0,0,IND,4,0,0,00:04,Off Timeout,0,TIMBERWOLVES Rebound,,MIN,IND,MIN,1610612750,2025,2876.0,2880.0,2878.0,201144|203944|1628978|1628978|1629638|1629675|1630162|1630183,204456|1628418|1630167|1631245|1641716|1641767|1641767,2024-25,648.0,0,0,0.24
309221,04:50,"Reid Out of Bounds - Bad Pass Turnover Turnover (P2.T14)
",0,0,0,0,2025-03-17,0022400986,0,0,IND,5,0,0,05:00,Off Dead Ball,1,Reid Out of Bounds - Bad Pass Turnover Turnover (P2.T14),,MIN,IND,MIN,1610612750,2025,2880.0,2890.0,2885.0,201144|203944|1628978|1629638|1629675|1629675|1630162|1630183,204456|1628418|1630167|1631245|1641716|1641767,2024-25,,0,0,0.0
263971,11:31,"Green S.FOUL (P1.T1) (M.Davis)
Gordon Free Throw 1 of 2 (1 PTS)
Gordon Free Throw 2 of 2 (2 PTS)
",0,0,0,0,2025-03-17,0022400990,0,0,GSW,1,1,0,11:34,Off Corner 3 Miss,0,Gordon Free Throw 1 of 2 (1 PTS),,GSW,DEN,DEN,1610612743,2025,26.0,29.0,27.5,201566|203932|1629008|1631212|1641816,201939|202710|203110|1630541|1642366,2024-25,11.0,1,1,0.9552238805970149
263969,11:05,"Gordon 26' 3PT Running Jump Shot (5 PTS) (Tyson 1 AST)
",0,0,1,1,2025-03-17,0022400990,0,0,GSW,1,0,2,11:07,Off Block,0,Gordon 26' 3PT Running Jump Shot (5 PTS) (Tyson 1 AST),,GSW,DEN,DEN,1610612743,2025,53.0,55.0,54.0,201566|203932|1629008|1631212|1641816,201939|202710|203110|1630541|1642366,2024-25,16.0,0,5,0.8461538461538461
263967,10:25,"MISS Porter Jr. 25' 3PT Jump Shot
Post REBOUND (Off:0 Def:1)
",0,0,1,0,2025-03-17,0022400990,0,0,GSW,1,0,3,10:43,Off Short Mid-Range Make,0,MISS Porter Jr. 25' 3PT Jump Shot,,GSW,DEN,DEN,1610612743,2025,77.0,95.0,86.0,201566|203932|1629008|1631212|1641816,201939|202710|203110|1630541|1642366,2024-25,20.0,0,3,0.1875
263966,09:58,"Gordon 1' Cutting Dunk Shot (7 PTS) (Westbrook 1 AST)
",1,1,0,0,2025-03-17,0022400990,0,0,GSW,1,0,1,10:12,Off At Rim Make,0,Gordon 1' Cutting Dunk Shot (7 PTS) (Westbrook 1 AST),,GSW,DEN,DEN,1610612743,2025,108.0,122.0,115.0,201566|203932|1629008|1631212|1641816,201939|202710|203110|1630541|1642366,2024-25,24.0,0,3,0.25287356321839083
263965,09:37,"Butler III STEAL (1 STL): Gordon Bad Pass Turnover (P1.T1)
",0,0,0,0,2025-03-17,0022400990,0,0,GSW,1,0,3,09:47,Off Arc 3 Miss,1,Butler III STEAL (1 STL): Gordon Bad Pass Turnover (P1.T1),,GSW,DEN,DEN,1610612743,2025,133.0,143.0,138.0,201566|203932|1629008|1631212|1641816,201939|202710|203110|1630541|1642366,2024-25,28.0,0,3,0.19047619047619047
263964,09:18,"Post STEAL (1 STL): Gordon Lost Ball Turnover (P2.T2)
",0,0,0,0,2025-03-17,0022400990,0,0,GSW,1,0,1,09:34,Off At Rim Make,1,Post STEAL (1 STL): Gordon Lost Ball Turnover (P2.T2),,GSW,DEN,DEN,1610612743,2025,146.0,162.0,154.0,201566|203932|1629008|1631212|1641816,201939|202710|203110|1630541|1642366,2024-25,31.0,0,1,0.29357798165137616
263963,09:00,"Westbrook 3' Driving Layup (2 PTS)
",1,1,0,0,2025-03-17,0022400990,0,0,GSW,1,0,1,09:10,Off At Rim Block,0,Westbrook 3' Driving Layup (2 PTS),,GSW,DEN,DEN,1610612743,2025,170.0,180.0,175.0,201566|203932|1629008|1631212|1641816,201939|202710|203110|1630541|1642366,2024-25,36.0,0,3,0.4745762711864407
263962,08:31,"Moody P.FOUL (P1.T2) (M.Davis)
Porter Jr. 17' Step Back Jump Shot (2 PTS) (Westbrook 2 AST)
",1,1,0,0,2025-03-17,0022400990,0,0,GSW,1,0,1,08:54,Off Short Mid-Range Make,0,Porter Jr. 17' Step Back Jump Shot (2 PTS) (Westbrook 2 AST),,GSW,DEN,DEN,1610612743,2025,186.0,209.0,197.5,201566|203932|1629008|1631212|1641816,201939|202710|203110|1630541|1642366,2024-25,41.0,0,3,0.2891566265060241
263958,08:08,"Green BLOCK (1 BLK): MISS Tyson 26' 3PT Running Jump Shot
Nuggets Rebound
Porter Jr. 19' Step Back Jump Shot (4 PTS) (Westbrook 3 AST)
",1,1,1,0,2025-03-17,0022400990,0,1,GSW,1,0,3,08:22,Off Arc 3 Miss,0,Green BLOCK (1 BLK): MISS Tyson 26' 3PT Running Jump Shot,,GSW,DEN,DEN,1610612743,2025,218.0,232.0,225.0,201566|203932|1629008|1631212|1641816,201939|202710|203110|1630541|1642366,2024-25,49.0,0,5,0.2764227642276423
263957,07:43,"Porter Jr. 3' Running Layup (6 PTS) (Tyson 2 AST)
",1,1,0,0,2025-03-17,0022400990,0,0,GSW,1,0,5,07:48,Off Steal,0,Porter Jr. 3' Running Layup (6 PTS) (Tyson 2 AST),,GSW,DEN,DEN,1610612743,2025,252.0,257.0,254.5,201566|203932|1629008|1631212|1641816,201939|202710|203110|1630541|1642366,2024-25,53.0,0,7,0.5
263955,07:09,"Moody BLOCK (1 BLK): MISS Gordon 11' Turnaround Jump Shot
Kuminga REBOUND (Off:0 Def:1)
",1,0,0,0,2025-03-17,0022400990,0,0,GSW,1,0,4,07:34,Off Arc 3 Make,0,Moody BLOCK (1 BLK): MISS Gordon 11' Turnaround Jump Shot,,GSW,DEN,DEN,1610612743,2025,266.0,291.0,278.5,201566|203932|1629008|1631212|1641816,201939|202710|203110|1630228|1630541,2024-25,60.0,0,4,0.20833333333333334
263954,06:23,"Porter Jr. 19' Step Back Jump Shot (8 PTS)
",1,1,0,0,2025-03-17,0022400990,0,0,GSW,1,0,2,06:46,Off At Rim Make,0,Porter Jr. 19' Step Back Jump Shot (8 PTS),,GSW,DEN,DEN,1610612743,2025,314.0,337.0,325.5,201566|203932|1629008|1631212|1641816,201939|203110|1627741|1630228|1630541,2024-25,68.0,0,4,0.2247191011235955
263953,05:59,"Watson 3' Cutting Dunk Shot (2 PTS) (Porter Jr. 1 AST)
",1,1,0,0,2025-03-17,0022400990,0,0,GSW,1,0,4,06:06,Off At Rim Miss,0,Watson 3' Cutting Dunk Shot (2 PTS) (Porter Jr. 1 AST),,GSW,DEN,DEN,1610612743,2025,354.0,361.0,357.5,201566|203932|1629008|1631212|1641816,201939|203110|1627741|1630228|1630541,2024-25,71.0,0,6,0.14285714285714285
263952,05:35,"Tyson 3' Reverse Layup (2 PTS) (Westbrook 4 AST)
",1,1,0,0,2025-03-17,0022400990,0,0,GSW,1,0,4,05:44,Off Short Mid-Range Make,0,Tyson 3' Reverse Layup (2 PTS) (Westbrook 4 AST),,GSW,DEN,DEN,1610612743,2025,376.0,385.0,380.5,201566|203932|1629008|1631212|1641816,201939|203110|1627741|1630228|1630611,2024-25,77.0,0,6,0.9090909090909091
263950,05:11,"MISS Westbrook 19' Pullup Jump Shot
Curry REBOUND (Off:0 Def:1)
",1,0,0,0,2025-03-17,0022400990,0,0,GSW,1,0,6,05:22,Off Dead Ball,0,MISS Westbrook 19' Pullup Jump Shot,,GSW,DEN,DEN,1610612743,2025,398.0,409.0,403.5,201566|203932|1629008|1631212|1641816,201939|203110|1627741|1630228|1630611,2024-25,84.0,0,6,0.19047619047619047
263948,04:53,"MISS Westbrook 5' Driving Layup
Kuminga REBOUND (Off:0 Def:2)
",1,0,0,0,2025-03-17,0022400990,0,0,GSW,1,0,6,05:05,Off Dead Ball,0,MISS Westbrook 5' Driving Layup,,GSW,DEN,DEN,1610612743,2025,415.0,427.0,421.0,201566|203932|1629008|1631212|1641816,201939|203110|1627741|1630228|1630611,2024-25,85.0,0,6,0.36585365853658536
263946,04:34,"MISS Gordon 26' 3PT Pullup Jump Shot
Green REBOUND (Off:0 Def:1)
",0,0,1,0,2025-03-17,0022400990,0,0,GSW,1,0,4,04:51,Off At Rim Make,0,MISS Gordon 26' 3PT Pullup Jump Shot,,GSW,DEN,DEN,1610612743,2025,429.0,446.0,437.5,201566|203932|1629008|1631212|1641816,201939|203110|1627741|1630228|1630611,2024-25,89.0,0,4,0.2553191489361702
263945,04:07,"MISS Porter Jr. 27' 3PT Pullup Jump Shot
Curry REBOUND (Off:0 Def:2)
",0,0,1,0,2025-03-17,0022400990,0,0,GSW,1,0,4,04:17,Off Steal,0,Curry REBOUND (Off:0 Def:2),,GSW,DEN,DEN,1610612743,2025,463.0,473.0,468.0,201566|203932|1629008|1631212|1641816,201939|203110|1627741|1630228|1630611,2024-25,92.0,0,4,0.7419354838709677
263941,03:40,"MISS Tyson 26' 3PT Pullup Jump Shot
Nuggets Rebound
Nuggets Turnover: Shot Clock (T#3)
",0,0,1,0,2025-03-17,0022400990,0,0,GSW,1,0,2,04:04,Off Timeout,1,MISS Tyson 26' 3PT Pullup Jump Shot,,GSW,DEN,DEN,1610612743,2025,476.0,500.0,488.0,1628427|1629008|1629618|1630192|1641816,201939|1626172|1627741|1630228|1630611,2024-25,108.0,0,2,0.17391304347826086
263938,03:13,"MISS Porter Jr. 27' 3PT Running Jump Shot
Cancar REBOUND (Off:1 Def:0)
MISS Porter Jr. 8' Driving Floating Bank Jump Shot
Looney REBOUND (Off:0 Def:1)
",1,0,1,0,2025-03-17,0022400990,0,1,GSW,1,0,2,03:25,Off Long Mid-Range Miss,0,Cancar REBOUND (Off:1 Def:0),,GSW,DEN,DEN,1610612743,2025,515.0,527.0,521.0,1628427|1629008|1629618|1630192|1641816,201939|1626172|1627741|1630228|1630611,2024-25,114.0,0,2,0.8813559322033898
263936,02:50,"Looney BLOCK (1 BLK): MISS Watson 10' Floating Jump Shot
Looney REBOUND (Off:0 Def:2)
",1,0,0,0,2025-03-17,0022400990,0,0,GSW,1,0,0,03:07,Off FT Miss,0,Looney REBOUND (Off:0 Def:2),,GSW,DEN,DEN,1610612743,2025,533.0,550.0,541.5,1628427|1629008|1629618|1630192|1631212,202710|1626172|1627741|1630228|1630611,2024-25,118.0,0,0,0.7586206896551724
263933,02:15,"MISS Pickett 10' Fadeaway Jumper
Butler III REBOUND (Off:0 Def:1)
",1,0,0,0,2025-03-17,0022400990,0,0,GSW,1,0,-1,02:30,Off FT Miss,0,MISS Pickett 10' Fadeaway Jumper,,GSW,DEN,DEN,1610612743,2025,570.0,585.0,577.5,1628427|1629008|1629618|1630192|1631212,202710|1626172|1627741|1630228|1630611,2024-25,135.0,0,-1,0.19047619047619047
263932,01:47,"Santos BLOCK (1 BLK): MISS Porter Jr. 3' Driving Layup
Santos REBOUND (Off:0 Def:1)
",1,0,0,0,2025-03-17,0022400990,0,0,GSW,1,0,-1,01:59,Off FT Miss,0,Santos REBOUND (Off:0 Def:1),,GSW,DEN,DEN,1610612743,2025,601.0,613.0,607.0,1628427|1629008|1629618|1630192|1631212,202710|1626172|1627741|1627780|1630611,2024-25,151.0,0,-1,0.7586206896551724
263930,01:38,"Nnaji 26' 3PT Jump Shot (3 PTS) (Cancar 1 AST)
",0,0,1,1,2025-03-17,0022400990,0,0,GSW,1,0,-1,01:46,Off Steal,0,Nnaji 26' 3PT Jump Shot (3 PTS) (Cancar 1 AST),,GSW,DEN,DEN,1610612743,2025,614.0,622.0,618.0,1628427|1629008|1629618|1630192|1631212,202710|1626172|1627741|1627780|1630611,2024-25,157.0,0,2,0.10526315789473684
263929,01:08,"Payton II STEAL (1 STL): Pickett Bad Pass Turnover (P1.T4)
",0,0,0,0,2025-03-17,0022400990,0,0,GSW,1,0,2,01:13,Off Dead Ball,1,Payton II STEAL (1 STL): Pickett Bad Pass Turnover (P1.T4),,GSW,DEN,DEN,1610612743,2025,647.0,652.0,649.5,1628427|1629008|1629618|1630192|1631212,202710|1626172|1627741|1627780|1630611,2024-25,160.0,0,2,0.6666666666666666
263928,00:44,"Porter Jr. 26' 3PT Jump Shot (11 PTS) (Pickett 1 AST)
",0,0,1,1,2025-03-17,0022400990,0,0,GSW,1,0,2,01:00,Off Corner 3 Miss,0,Porter Jr. 26' 3PT Jump Shot (11 PTS) (Pickett 1 AST),,GSW,DEN,DEN,1610612743,2025,660.0,676.0,668.0,1628427|1629008|1629618|1630192|1631212,202710|1626172|1627741|1627780|1630611,2024-25,164.0,0,5,0.23684210526315788
264020,11:45,"Moody STEAL (1 STL): Cancar Bad Pass Turnover (P1.T5)
",0,0,0,0,2025-03-17,0022400990,0,0,GSW,2,0,7,12:00,Off Dead Ball,1,Moody STEAL (1 STL): Cancar Bad Pass Turnover (P1.T5),,GSW,DEN,DEN,1610612743,2025,720.0,735.0,727.5,201566|1628427|1629618|1630192|1642461,202710|203110|1627780|1630541|1642366,2024-25,198.0,0,7,0.6436781609195402
264019,11:27,"Payton II STEAL (2 STL): Pickett Bad Pass Turnover (P2.T6)
",0,0,0,0,2025-03-17,0022400990,0,0,GSW,2,0,5,11:33,Off At Rim Make,1,Payton II STEAL (2 STL): Pickett Bad Pass Turnover (P2.T6),,GSW,DEN,DEN,1610612743,2025,747.0,753.0,750.0,201566|1628427|1629618|1630192|1642461,202710|203110|1627780|1630541|1642366,2024-25,202.0,0,5,0.6666666666666666
264017,10:58,"MISS Westbrook 28' 3PT Pullup Jump Shot
Payton II REBOUND (Off:0 Def:1)
",0,0,1,0,2025-03-17,0022400990,0,0,GSW,2,0,3,11:23,Off At Rim Make,0,MISS Westbrook 28' 3PT Pullup Jump Shot,,GSW,DEN,DEN,1610612743,2025,757.0,782.0,769.5,201566|1628427|1629618|1630192|1642461,202710|203110|1627780|1630541|1642366,2024-25,206.0,0,3,0.7605633802816901
264016,10:30,"Payton II STEAL (3 STL): Cancar Lost Ball Turnover (P2.T7)
",0,0,0,0,2025-03-17,0022400990,0,0,GSW,2,0,1,10:38,Off Timeout,1,Payton II STEAL (3 STL): Cancar Lost Ball Turnover (P2.T7),,GSW,DEN,DEN,1610612743,2025,802.0,810.0,806.0,201566|203932|1628427|1629008|1642461,202710|203110|1627780|1630541|1642366,2024-25,214.0,0,1,0.6236559139784946
264015,10:22,"Gordon 3' Running Dunk (9 PTS) (Porter Jr. 2 AST)
",1,1,0,0,2025-03-17,0022400990,0,0,GSW,2,0,1,10:25,Off At Rim Miss,0,Gordon 3' Running Dunk (9 PTS) (Porter Jr. 2 AST),,GSW,DEN,DEN,1610612743,2025,815.0,818.0,816.5,201566|203932|1628427|1629008|1642461,202710|203110|1627780|1630541|1642366,2024-25,218.0,0,3,0.9108910891089109
264010,09:46,"Payton II BLOCK (1 BLK): MISS Gordon 4' Running Layup
Westbrook REBOUND (Off:2 Def:0)
Green BLOCK (2 BLK): MISS Westbrook 6' Putback Layup
Westbrook REBOUND (Off:2 Def:0)
Green BLOCK (3 BLK): MISS Gordon 4' Driving Layup
Green REBOUND (Off:0 Def:2)
",3,0,0,0,2025-03-17,0022400990,0,2,GSW,2,0,3,09:59,Off Steal,0,Payton II BLOCK (1 BLK): MISS Gordon 4' Running Layup,,GSW,DEN,DEN,1610612743,2025,841.0,854.0,847.5,201566|203932|1628427|1629008|1642461,202710|203110|1627780|1630541|1642366,2024-25,222.0,0,3,0.5494505494505495
264006,09:20,"Moody P.FOUL (P2.T1) (M.Davis)
MISS Gordon 2' Cutting Layup Shot
Gordon REBOUND (Off:1 Def:1)
Gordon Tip Layup Shot (11 PTS)
",2,1,0,0,2025-03-17,0022400990,0,1,GSW,2,0,3,09:32,Off Arc 3 Miss,0,Moody P.FOUL (P2.T1) (M.Davis),,GSW,DEN,DEN,1610612743,2025,868.0,880.0,874.0,201566|203932|1628427|1629008|1642461,202710|203110|1627780|1630541|1642366,2024-25,235.0,0,5,0.27586206896551724
264004,08:58,"MISS Westbrook 28' 3PT Jump Shot
WARRIORS Rebound
",0,0,1,0,2025-03-17,0022400990,0,0,GSW,2,0,4,09:06,Off FT Miss,0,MISS Westbrook 28' 3PT Jump Shot,,GSW,DEN,DEN,1610612743,2025,894.0,902.0,898.0,201566|203932|1628427|1629008|1642461,202710|203110|1627780|1630541|1642366,2024-25,241.0,0,4,0.7719298245614035
264003,08:35,"Porter Jr. 28' 3PT Running Jump Shot (14 PTS) (Westbrook 5 AST)
",0,0,1,1,2025-03-17,0022400990,0,0,GSW,2,0,4,08:39,Off Long Mid-Range Miss,0,Porter Jr. 28' 3PT Running Jump Shot (14 PTS) (Westbrook 5 AST),,GSW,DEN,DEN,1610612743,2025,921.0,925.0,923.0,201566|203932|1628427|1629008|1642461,202710|203110|1627780|1630541|1642366,2024-25,246.0,0,7,0.8524590163934426
264002,08:07,"Jones 1' Running Layup (2 PTS) (Westbrook 6 AST)
",1,1,0,0,2025-03-17,0022400990,0,0,GSW,2,0,7,08:12,Off Arc 3 Miss,0,Jones 1' Running Layup (2 PTS) (Westbrook 6 AST),,GSW,DEN,DEN,1610612743,2025,948.0,953.0,950.5,201566|203932|1629008|1631212|1642461,201939|203110|1630228|1630541|1642366,2024-25,258.0,0,9,0.9090909090909091
264001,07:43,"Jones 2' Cutting Layup Shot (4 PTS) (Westbrook 7 AST)
",1,1,0,0,2025-03-17,0022400990,0,0,GSW,2,0,9,07:55,Off Arc 3 Miss,0,Jones 2' Cutting Layup Shot (4 PTS) (Westbrook 7 AST),,GSW,DEN,DEN,1610612743,2025,965.0,977.0,971.0,201566|203932|1629008|1631212|1642461,201939|203110|1630228|1630541|1630611,2024-25,265.0,0,11,0.8653846153846154
264000,07:08,"Watson 3' Running Layup (4 PTS) (Gordon 1 AST)
",1,1,0,0,2025-03-17,0022400990,0,0,GSW,2,0,11,07:12,Off Steal,0,Watson 3' Running Layup (4 PTS) (Gordon 1 AST),,GSW,DEN,DEN,1610612743,2025,1008.0,1012.0,1010.0,201566|203932|1629008|1631212|1642461,201939|203110|1630228|1630541|1630611,2024-25,272.0,0,13,0.9052631578947369
263999,06:31,"Watson 4' Reverse Layup (6 PTS) (Westbrook 8 AST)
",1,1,0,0,2025-03-17,0022400990,0,0,GSW,2,0,13,06:37,Off Corner 3 Miss,0,Watson 4' Reverse Layup (6 PTS) (Westbrook 8 AST),,GSW,DEN,DEN,1610612743,2025,1043.0,1049.0,1046.0,201566|203932|1629008|1631212|1642461,201939|203110|1630228|1630541|1630611,2024-25,277.0,0,15,0.9108910891089109
263998,06:10,"Westbrook Out of Bounds - Bad Pass Turnover Turnover (P1.T8)
",0,0,0,0,2025-03-17,0022400990,0,0,GSW,2,0,15,06:12,Off Block,1,Westbrook Out of Bounds - Bad Pass Turnover Turnover (P1.T8),,GSW,DEN,DEN,1610612743,2025,1068.0,1070.0,1069.0,201566|203932|1629008|1631212|1642461,201939|203110|1630228|1630541|1630611,2024-25,282.0,0,15,0.5585585585585585
263995,05:22,"Kuminga P.FOUL (P1.T2) (M.Davis)
Kuminga P.FOUL (P2.T3) (J.Orr)
Gordon 17' Turnaround Fadeaway (13 PTS)
",1,1,0,0,2025-03-17,0022400990,0,0,GSW,2,0,13,05:44,Off Arc 3 Miss,0,Kuminga P.FOUL (P1.T2) (M.Davis),,GSW,DEN,DEN,1610612743,2025,1096.0,1118.0,1107.0,201566|203932|1631212|1641816|1642461,201939|1626172|1627741|1627780|1630228,2024-25,304.0,0,15,0.16666666666666666
263992,04:37,"MISS Jones 3PT Jump Shot
Tyson REBOUND (Off:1 Def:2)
Gordon 4' Cutting Layup Shot (15 PTS) (Westbrook 9 AST)
",1,1,1,0,2025-03-17,0022400990,0,1,GSW,2,0,12,05:02,Off Arc 3 Make,0,MISS Jones 3PT Jump Shot,,GSW,DEN,DEN,1610612743,2025,1138.0,1163.0,1150.5,201566|203932|1631212|1641816|1642461,201939|1626172|1627741|1627780|1630228,2024-25,308.0,0,14,0.18181818181818182
263991,04:23,"Tyson 26' 3PT Jump Shot (5 PTS) (Gordon 2 AST)
",0,0,1,1,2025-03-17,0022400990,0,0,GSW,2,0,12,04:28,Off At Rim Make,0,Tyson 26' 3PT Jump Shot (5 PTS) (Gordon 2 AST),,GSW,DEN,DEN,1610612743,2025,1172.0,1177.0,1174.5,201566|203932|1631212|1641816|1642461,201939|1626172|1627741|1627780|1630228,2024-25,312.0,0,15,0.8089887640449438
263990,03:43,"Curry STEAL (1 STL): Westbrook Bad Pass Turnover (P2.T9)
",0,0,0,0,2025-03-17,0022400990,0,0,GSW,2,0,12,04:04,Off Timeout,1,Curry STEAL (1 STL): Westbrook Bad Pass Turnover (P2.T9),,GSW,DEN,DEN,1610612743,2025,1196.0,1217.0,1206.5,201566|203932|1629008|1631212|1641816,201939|202710|1626172|1627741|1627780,2024-25,321.0,0,12,0.7311827956989247
263986,03:22,"MISS Watson 4' Running Dunk
Tyson REBOUND (Off:2 Def:2)
MISS Tyson Putback Layup
Tyson REBOUND (Off:3 Def:2)
Tyson Putback Layup (7 PTS)
",3,1,0,0,2025-03-17,0022400990,0,2,GSW,2,0,12,03:33,Off Arc 3 Miss,0,Tyson REBOUND (Off:2 Def:2),,GSW,DEN,DEN,1610612743,2025,1227.0,1238.0,1232.5,201566|203932|1629008|1631212|1641816,201939|202710|1626172|1627741|1627780,2024-25,330.0,0,14,0.42105263157894735
263984,02:55,"Westbrook Bad Pass Turnover (P3.T10)
",0,0,0,0,2025-03-17,0022400990,0,0,GSW,2,0,11,03:09,Off Corner 3 Make,1,Westbrook Bad Pass Turnover (P3.T10),,GSW,DEN,DEN,1610612743,2025,1251.0,1265.0,1258.0,201566|203932|1629008|1631212|1641816,201939|202710|1626172|1627741|1627780,2024-25,333.0,0,11,0.8767123287671232
263981,02:29,"Looney S.FOUL (P2.T4) (N.Green)
Gordon Free Throw 1 of 2 (16 PTS)
Gordon Free Throw 2 of 2 (17 PTS)
",0,0,0,0,2025-03-17,0022400990,0,0,GSW,2,1,9,02:42,Off FT Make,0,Looney S.FOUL (P2.T4) (N.Green),,GSW,DEN,DEN,1610612743,2025,1278.0,1291.0,1284.5,201566|203932|1629008|1631212|1641816,201939|202710|1626172|1627741|1627780,2024-25,311.0,0,9,0.35294117647058826
263980,02:05,"Curry STEAL (2 STL): Gordon Bad Pass Turnover (P3.T11)
",0,0,0,0,2025-03-17,0022400990,0,0,GSW,2,0,9,02:10,Off Short Mid-Range Make,1,Curry STEAL (2 STL): Gordon Bad Pass Turnover (P3.T11),,GSW,DEN,DEN,1610612743,2025,1310.0,1315.0,1312.5,201566|203932|1629008|1631212|1642461,201939|202710|1626172|1627741|1627780,2024-25,348.0,0,9,0.7045454545454546
263979,01:49,"Curry STEAL (3 STL): Gordon Bad Pass Turnover (P4.T12)
",0,0,0,0,2025-03-17,0022400990,0,0,GSW,2,0,9,02:05,Off Dead Ball,1,Curry STEAL (3 STL): Gordon Bad Pass Turnover (P4.T12),,GSW,DEN,DEN,1610612743,2025,1315.0,1331.0,1323.0,201566|203932|1629008|1631212|1642461,201939|202710|1626172|1627741|1627780,2024-25,351.0,0,9,0.7045454545454546
263978,01:39,"Jones 3' Running Layup (6 PTS) (Westbrook 10 AST)
",1,1,0,0,2025-03-17,0022400990,0,0,GSW,2,0,9,01:43,Off Steal,0,Jones 3' Running Layup (6 PTS) (Westbrook 10 AST),,GSW,DEN,DEN,1610612743,2025,1337.0,1341.0,1339.0,201566|203932|1629008|1631212|1642461,201939|202710|1626172|1627741|1627780,2024-25,355.0,0,11,0.9108910891089109
263977,01:11,"Looney STEAL (1 STL): Watson Lost Ball Turnover (P1.T13)
",0,0,0,0,2025-03-17,0022400990,0,0,GSW,2,0,11,01:15,Off At Rim Miss,1,Looney STEAL (1 STL): Watson Lost Ball Turnover (P1.T13),,GSW,DEN,DEN,1610612743,2025,1365.0,1369.0,1367.0,201566|203932|1629008|1631212|1642461,201939|202710|1626172|1627741|1627780,2024-25,359.0,0,11,0.6813186813186813
263974,00:42,"Looney S.FOUL (P3.PN) (J.Orr)
Porter Jr. Free Throw 1 of 2 (15 PTS)
Porter Jr. Free Throw 2 of 2 (16 PTS)
",0,0,0,0,2025-03-17,0022400990,0,0,GSW,2,1,9,01:01,Off At Rim Make,0,Looney S.FOUL (P3.PN) (J.Orr),,GSW,DEN,DEN,1610612743,2025,1379.0,1398.0,1388.5,201566|203932|1629008|1631212|1642461,201939|202710|1626172|1627741|1627780,2024-25,338.0,0,9,0.19047619047619047
263973,00:25,"Gordon 27' 3PT Jump Shot (20 PTS) (Westbrook 11 AST)
",0,0,1,1,2025-03-17,0022400990,0,0,GSW,2,0,9,00:33,Off At Rim Make,0,Gordon 27' 3PT Jump Shot (20 PTS) (Westbrook 11 AST),,GSW,DEN,DEN,1610612743,2025,1407.0,1415.0,1411.0,201566|203932|1629008|1631212|1642461,201939|202710|203110|1627741|1627780,2024-25,372.0,0,12,0.8514851485148515
264072,11:37,"MISS Watson 28' 3PT Jump Shot
Butler III REBOUND (Off:0 Def:2)
",0,0,1,0,2025-03-17,0022400990,0,0,GSW,3,0,12,12:00,Off Dead Ball,0,Butler III REBOUND (Off:0 Def:2),,GSW,DEN,DEN,1610612743,2025,1440.0,1463.0,1451.5,201566|203932|1629008|1631212|1641816,201939|202710|203110|1627780|1630541,2024-25,378.0,0,12,0.16326530612244897
264066,10:51,"Green S.FOUL (P2.T1) (M.Davis)
MISS Watson Free Throw 1 of 2
Nuggets Rebound
MISS Watson Free Throw 2 of 2
Green REBOUND (Off:0 Def:3)
",0,0,0,0,2025-03-17,0022400990,0,0,GSW,3,1,10,11:07,Off Short Mid-Range Make,0,Green S.FOUL (P2.T1) (M.Davis),,GSW,DEN,DEN,1610612743,2025,1493.0,1509.0,1501.0,201566|203932|1629008|1631212|1641816,201939|202710|203110|1627780|1630541,2024-25,353.0,0,10,0.23728813559322035
264064,10:18,"MISS Gordon 5' Driving Finger Roll Layup
Butler III REBOUND (Off:0 Def:3)
",1,0,0,0,2025-03-17,0022400990,0,0,GSW,3,0,10,10:33,Off Dead Ball,0,MISS Gordon 5' Driving Finger Roll Layup,,GSW,DEN,DEN,1610612743,2025,1527.0,1542.0,1534.5,201566|203932|1629008|1631212|1641816,201939|202710|203110|1627780|1630541,2024-25,401.0,0,10,0.925
264062,10:10,"Curry S.FOUL (P1.T2) (M.Davis)
Porter Jr. Free Throw 1 of 2 (17 PTS)
Porter Jr. Free Throw 2 of 2 (18 PTS)
",0,0,0,0,2025-03-17,0022400990,0,0,GSW,3,1,10,10:15,Off Steal,0,Porter Jr. Free Throw 1 of 2 (17 PTS),,GSW,DEN,DEN,1610612743,2025,1545.0,1550.0,1547.5,201566|203932|1629008|1631212|1641816,201939|202710|203110|1627780|1630541,2024-25,407.0,17,27,0.961038961038961
264060,09:43,"Gordon 4' Cutting Layup Shot (22 PTS) (Westbrook 12 AST)
",1,1,0,0,2025-03-17,0022400990,0,0,GSW,3,0,12,09:49,Off Block,0,Gordon 4' Cutting Layup Shot (22 PTS) (Westbrook 12 AST),,GSW,DEN,DEN,1610612743,2025,1571.0,1577.0,1574.0,201566|203932|1629008|1631212|1641816,201939|202710|203110|1627780|1630541,2024-25,412.0,0,14,0.8727272727272727
264058,09:02,"MISS Porter Jr. 27' 3PT Jump Shot
Payton II REBOUND (Off:0 Def:2)
",0,0,1,0,2025-03-17,0022400990,0,0,GSW,3,0,12,09:28,Off At Rim Make,0,MISS Porter Jr. 27' 3PT Jump Shot,,GSW,DEN,DEN,1610612743,2025,1592.0,1618.0,1605.0,201566|203932|1629008|1631212|1641816,201939|202710|203110|1627780|1630541,2024-25,417.0,0,12,0.7796610169491526
264057,08:28,"Gordon 5' Driving Layup (24 PTS) (Westbrook 13 AST)
",1,1,0,0,2025-03-17,0022400990,0,0,GSW,3,0,9,08:48,Off Corner 3 Make,0,Gordon 5' Driving Layup (24 PTS) (Westbrook 13 AST),,GSW,DEN,DEN,1610612743,2025,1632.0,1652.0,1642.0,201566|203932|1629008|1631212|1641816,201939|202710|203110|1627780|1630541,2024-25,421.0,0,11,0.9142857142857143
264052,07:50,"Payton II P.FOUL (P1.T3) (J.Orr)
Payton II P.FOUL (P2.T4) (M.Davis)
Butler III S.FOUL (P1.PN) (J.Orr)
Gordon Free Throw 1 of 2 (25 PTS)
Gordon Free Throw 2 of 2 (26 PTS)
",0,0,0,0,2025-03-17,0022400990,0,0,GSW,3,1,11,08:15,Off Dead Ball,0,Payton II P.FOUL (P1.T3) (J.Orr),,GSW,DEN,DEN,1610612743,2025,1665.0,1690.0,1677.5,201566|203932|1629008|1631212|1641816,201939|202710|203110|1627780|1630541,2024-25,426.0,0,11,0.2222222222222222
264051,07:24,"Watson 3PT Jump Shot (9 PTS) (Westbrook 14 AST)
",0,0,1,1,2025-03-17,0022400990,0,0,GSW,3,0,11,07:37,Off At Rim Make,0,Watson 3PT Jump Shot (9 PTS) (Westbrook 14 AST),,GSW,DEN,DEN,1610612743,2025,1703.0,1716.0,1709.5,201566|203932|1629008|1631212|1641816,201939|202710|203110|1627780|1630541,2024-25,439.0,0,14,0.8351648351648352
264049,06:45,"MISS Tyson 27' 3PT Jump Shot
Porter Jr. REBOUND (Off:1 Def:5)
Green BLOCK (4 BLK): MISS Porter Jr. 6' Driving Layup
Curry REBOUND (Off:0 Def:3)
",1,0,1,0,2025-03-17,0022400990,0,1,GSW,3,0,14,07:09,Off Corner 3 Miss,0,Green BLOCK (4 BLK): MISS Porter Jr. 6' Driving Layup,,GSW,DEN,DEN,1610612743,2025,1731.0,1755.0,1743.0,201566|203932|1629008|1631212|1641816,201939|202710|203110|1627780|1630541,2024-25,445.0,0,14,0.6105263157894737
264046,06:30,"Butler III STEAL (2 STL): Gordon Lost Ball Turnover (P5.T14)
",0,0,0,0,2025-03-17,0022400990,0,0,GSW,3,0,14,06:44,Off Steal,1,Butler III STEAL (2 STL): Gordon Lost Ball Turnover (P5.T14),,GSW,DEN,DEN,1610612743,2025,1756.0,1770.0,1763.0,201566|203932|1629008|1631212|1641816,201939|202710|203110|1627780|1630541,2024-25,450.0,0,14,0.1956521739130435
264045,06:05,"Moody STEAL (2 STL): Westbrook Bad Pass Turnover (P4.T15)
",0,0,0,0,2025-03-17,0022400990,0,0,GSW,3,0,12,06:25,Off Timeout,1,Moody STEAL (2 STL): Westbrook Bad Pass Turnover (P4.T15),,GSW,DEN,DEN,1610612743,2025,1775.0,1795.0,1785.0,201566|203932|1629008|1631212|1641816,201939|203110|1627780|1630228|1630541,2024-25,458.0,0,12,0.7021276595744681
264044,05:38,"Gordon 3PT Jump Shot (29 PTS) (Watson 1 AST)
",0,0,1,1,2025-03-17,0022400990,0,0,GSW,3,0,10,05:55,Off At Rim Make,0,Gordon 3PT Jump Shot (29 PTS) (Watson 1 AST),,GSW,DEN,DEN,1610612743,2025,1805.0,1822.0,1813.5,201566|203932|1629008|1631212|1641816,201939|203110|1627780|1630228|1630541,2024-25,462.0,0,13,0.8235294117647058
264039,05:09,"MISS Westbrook 25' 3PT Running Pull-Up Jump Shot
Gordon REBOUND (Off:2 Def:1)
Green BLOCK (5 BLK): MISS Tyson 6' Layup
Tyson REBOUND (Off:4 Def:3)
Tyson 15' Fadeaway Jumper (9 PTS)
",2,1,1,0,2025-03-17,0022400990,0,2,GSW,3,0,13,05:24,Off Short Mid-Range Miss,0,MISS Westbrook 25' 3PT Running Pull-Up Jump Shot,,GSW,DEN,DEN,1610612743,2025,1836.0,1851.0,1843.5,201566|203932|1629008|1631212|1641816,201939|203110|1627780|1630228|1630541,2024-25,437.0,0,15,0.1728395061728395
264038,04:36,"MISS Westbrook 26' 3PT Jump Shot
Green REBOUND (Off:0 Def:4)
",0,0,1,0,2025-03-17,0022400990,0,0,GSW,3,0,13,04:55,Off At Rim Make,0,Green REBOUND (Off:0 Def:4),,GSW,DEN,DEN,1610612743,2025,1865.0,1884.0,1874.5,201566|203932|1629008|1631212|1641816,201939|203110|1627780|1630228|1630541,2024-25,474.0,0,13,0.2692307692307692
264036,04:16,"Gordon Out of Bounds - Bad Pass Turnover Turnover (P6.T16)
",0,0,0,0,2025-03-17,0022400990,0,0,GSW,3,0,11,04:27,Off Long Mid-Range Make,1,Gordon Out of Bounds - Bad Pass Turnover Turnover (P6.T16),,GSW,DEN,DEN,1610612743,2025,1893.0,1904.0,1898.5,201566|203932|1629008|1631212|1641816,201939|203110|1627780|1630228|1630541,2024-25,478.0,0,11,0.5283018867924528
264035,03:58,"Gordon 3PT Running Pull-Up Jump Shot (32 PTS) (Porter Jr. 3 AST)
",0,0,1,1,2025-03-17,0022400990,0,0,GSW,3,0,11,04:02,Off Steal,0,Gordon 3PT Running Pull-Up Jump Shot (32 PTS) (Porter Jr. 3 AST),,GSW,DEN,DEN,1610612743,2025,1918.0,1922.0,1920.0,201566|203932|1628427|1629008|1642461,201939|1626172|1627741|1630228|1630611,2024-25,491.0,0,14,0.8617886178861789
264033,03:34,"MISS Porter Jr. 3' Running Layup
Santos REBOUND (Off:1 Def:2)
",1,0,0,0,2025-03-17,0022400990,0,0,GSW,3,0,14,03:40,Off Steal,0,MISS Porter Jr. 3' Running Layup,,GSW,DEN,DEN,1610612743,2025,1940.0,1946.0,1943.0,201566|203932|1628427|1629008|1642461,201939|1626172|1627741|1630228|1630611,2024-25,495.0,0,14,0.90625
264032,03:07,"Westbrook 3' Driving Layup (4 PTS)
",1,1,0,0,2025-03-17,0022400990,0,0,GSW,3,0,12,03:22,Off At Rim Make,0,Westbrook 3' Driving Layup (4 PTS),,GSW,DEN,DEN,1610612743,2025,1958.0,1973.0,1965.5,201566|203932|1628427|1629008|1642461,201939|1626172|1627741|1630228|1630611,2024-25,500.0,0,14,0.9117647058823529
264030,02:37,"MISS Porter Jr. 27' 3PT Jump Shot
Santos REBOUND (Off:1 Def:3)
",0,0,1,0,2025-03-17,0022400990,0,0,GSW,3,0,12,02:57,Off Short Mid-Range Make,0,MISS Porter Jr. 27' 3PT Jump Shot,,GSW,DEN,DEN,1610612743,2025,1983.0,2003.0,1993.0,201566|203932|1628427|1629008|1642461,201939|1626172|1627741|1630228|1630611,2024-25,502.0,0,12,0.7457627118644068
264029,02:07,"Westbrook 27' 3PT Jump Shot (7 PTS) (Jones 1 AST)
",0,0,1,1,2025-03-17,0022400990,0,0,GSW,3,0,10,02:24,Off Short Mid-Range Make,0,Westbrook 27' 3PT Jump Shot (7 PTS) (Jones 1 AST),,GSW,DEN,DEN,1610612743,2025,2016.0,2033.0,2024.5,201566|203932|1628427|1629008|1642461,201939|1626172|1627741|1630228|1630611,2024-25,505.0,0,13,0.345679012345679
264026,01:24,"Butler III BLOCK (1 BLK): MISS Pickett 10' Pullup Jump Shot
Nuggets Rebound
Nuggets Turnover: Shot Clock (T#17)
",1,0,0,0,2025-03-17,0022400990,0,0,GSW,3,0,11,01:48,Off FT Make,1,Butler III BLOCK (1 BLK): MISS Pickett 10' Pullup Jump Shot,,GSW,DEN,DEN,1610612743,2025,2052.0,2076.0,2064.0,1628427|1629008|1629618|1630192|1642461,202710|1626172|1627741|1630228|1630611,2024-25,518.0,0,11,0.56
264023,00:46,"MISS Porter Jr. 27' 3PT Pullup Jump Shot
Cancar REBOUND (Off:2 Def:4)
MISS Cancar Tip Layup Shot
Looney REBOUND (Off:4 Def:3)
",1,0,1,0,2025-03-17,0022400990,0,1,GSW,3,0,9,01:08,Off Short Mid-Range Make,0,Cancar REBOUND (Off:2 Def:4),,GSW,DEN,DEN,1610612743,2025,2092.0,2114.0,2103.0,1628427|1629008|1629618|1630192|1642461,202710|1626172|1627741|1630228|1630611,2024-25,526.0,0,9,0.4225352112676056
264021,00:18,"Cancar 26' 3PT Jump Shot (3 PTS) (Pickett 2 AST)
",0,0,1,1,2025-03-17,0022400990,0,0,GSW,3,0,9,00:36,Off Arc 3 Miss,0,Cancar 26' 3PT Jump Shot (3 PTS) (Pickett 2 AST),,GSW,DEN,DEN,1610612743,2025,2124.0,2142.0,2133.0,1628427|1629008|1629618|1630192|1642461,202710|1626172|1627741|1630228|1630611,2024-25,531.0,0,12,0.23076923076923078
264125,11:00,"Nnaji 2' Reverse Layup (7 PTS) (Westbrook 15 AST)
",1,1,0,0,2025-03-17,0022400990,0,0,GSW,4,0,12,11:12,Off Dead Ball,0,Nnaji 2' Reverse Layup (7 PTS) (Westbrook 15 AST),,GSW,DEN,DEN,1610612743,2025,2208.0,2220.0,2214.0,201566|1628427|1629618|1630192|1642461,202710|203110|1627780|1630228|1630541,2024-25,561.0,0,14,0.9108910891089109
264124,10:27,"Pickett 25' 3PT Jump Shot (3 PTS) (Cancar 2 AST)
",0,0,1,1,2025-03-17,0022400990,0,0,GSW,4,0,12,10:46,Off Short Mid-Range Make,0,Pickett 25' 3PT Jump Shot (3 PTS) (Cancar 2 AST),,GSW,DEN,DEN,1610612743,2025,2234.0,2253.0,2243.5,201566|1628427|1629618|1630192|1642461,202710|203110|1627780|1630228|1630541,2024-25,568.0,0,15,0.7956989247311828
264122,09:59,"MISS Pickett 28' 3PT Jump Shot
Green REBOUND (Off:0 Def:5)
",0,0,1,0,2025-03-17,0022400990,0,0,GSW,4,0,15,10:16,Off Block,0,MISS Pickett 28' 3PT Jump Shot,,GSW,DEN,DEN,1610612743,2025,2264.0,2281.0,2272.5,201566|1628427|1629618|1630192|1642461,202710|203110|1627780|1630228|1630541,2024-25,573.0,0,15,0.7169811320754716
264121,09:11,"MISS Pickett 26' 3PT Jump Shot
Butler III REBOUND (Off:3 Def:4)
",0,0,1,0,2025-03-17,0022400990,0,0,GSW,4,0,13,09:41,Off Timeout,0,Butler III REBOUND (Off:3 Def:4),,GSW,DEN,DEN,1610612743,2025,2299.0,2329.0,2314.0,201566|1628427|1629618|1630192|1642461,202710|203110|1627780|1630228|1630541,2024-25,562.0,0,13,0.2926829268292683
264119,08:17,"MISS Westbrook 28' 3PT Pullup Jump Shot
Jones REBOUND (Off:1 Def:0)
MISS Pickett 25' 3PT Jump Shot
Westbrook REBOUND (Off:3 Def:7)
MISS Westbrook 4' Driving Layup
Butler III REBOUND (Off:3 Def:5)
",1,0,2,0,2025-03-17,0022400990,0,2,GSW,4,0,10,08:57,Off Corner 3 Make,0,Butler III REBOUND (Off:3 Def:5),,GSW,DEN,DEN,1610612743,2025,2343.0,2383.0,2363.0,201566|1628427|1629618|1630192|1642461,202710|203110|1627780|1630228|1630541,2024-25,585.0,0,10,0.696969696969697
264113,07:53,"Porter Jr. 27' 3PT Jump Shot (21 PTS) (Westbrook 16 AST)
",0,0,1,1,2025-03-17,0022400990,0,0,GSW,4,0,8,08:11,Off FT Make,0,Porter Jr. 27' 3PT Jump Shot (21 PTS) (Westbrook 16 AST),,GSW,DEN,DEN,1610612743,2025,2389.0,2407.0,2398.0,201566|203932|1628427|1629008|1631212,201939|202710|203110|1627741|1630228,2024-25,604.0,0,11,0.8623853211009175
264112,07:25,"Green STEAL (1 STL): Westbrook Bad Pass Turnover (P5.T18)
",0,0,0,0,2025-03-17,0022400990,0,0,GSW,4,0,9,07:37,Off FT Miss,1,Green STEAL (1 STL): Westbrook Bad Pass Turnover (P5.T18),,GSW,DEN,DEN,1610612743,2025,2423.0,2435.0,2429.0,201566|203932|1628427|1629008|1631212,201939|202710|203110|1627741|1630228,2024-25,617.0,0,9,0.723404255319149
264111,07:11,"Kuminga STEAL (1 STL): Westbrook Lost Ball Turnover (P6.T19)
",0,0,0,0,2025-03-17,0022400990,0,0,GSW,4,0,7,07:19,Off Timeout,1,Kuminga STEAL (1 STL): Westbrook Lost Ball Turnover (P6.T19),,GSW,DEN,DEN,1610612743,2025,2441.0,2449.0,2445.0,201566|203932|1628427|1629008|1631212,201939|203110|1627741|1630228|1630611,2024-25,621.0,0,7,0.6938775510204082
264110,07:02,"Westbrook Out of Bounds - Bad Pass Turnover Turnover (P7.T20)
",0,0,0,0,2025-03-17,0022400990,0,0,GSW,4,0,5,07:09,Off FT Make,1,Westbrook Out of Bounds - Bad Pass Turnover Turnover (P7.T20),,GSW,DEN,DEN,1610612743,2025,2451.0,2458.0,2454.5,201566|203932|1628427|1629008|1631212,201939|203110|1627741|1630228|1630611,2024-25,627.0,0,5,0.5535714285714286
264109,06:33,"Gordon 12' Step Back Jump Shot (34 PTS) (Porter Jr. 4 AST)
",1,1,0,0,2025-03-17,0022400990,0,0,GSW,4,0,3,06:48,Off FT Make,0,Gordon 12' Step Back Jump Shot (34 PTS) (Porter Jr. 4 AST),,GSW,DEN,DEN,1610612743,2025,2472.0,2487.0,2479.5,201566|203932|1628427|1629008|1631212,201939|203110|1627741|1630228|1630611,2024-25,633.0,0,5,0.9344262295081968
264108,05:57,"Green L.B.FOUL (P4.T1) (J.Orr)
MISS Gordon 26' 3PT Jump Shot
Kuminga REBOUND (Off:0 Def:3)
",0,0,1,0,2025-03-17,0022400990,0,0,GSW,4,0,5,06:13,Off Dead Ball,0,Kuminga REBOUND (Off:0 Def:3),,GSW,DEN,DEN,1610612743,2025,2507.0,2523.0,2515.0,201566|203932|1628427|1629008|1631212,201939|1626172|1627741|1630228|1630611,2024-25,550.0,0,5,0.2916666666666667
264105,05:29,"Santos L.B.FOUL (P1.T2) (J.Orr)
MISS Westbrook 27' 3PT Jump Shot
Cancar REBOUND (Off:3 Def:4)
Cancar 6' Putback Layup (5 PTS)
",1,1,1,0,2025-03-17,0022400990,0,1,GSW,4,0,5,05:47,Off Dead Ball,0,Cancar 6' Putback Layup (5 PTS),,GSW,DEN,DEN,1610612743,2025,2533.0,2551.0,2542.0,201566|203932|1628427|1629008|1631212,201939|1626172|1627741|1630228|1630611,2024-25,649.0,0,7,0.8923076923076924
264100,04:50,"MISS Gordon 4' Driving Layup
Westbrook REBOUND (Off:4 Def:8)
MISS Westbrook 5' Tip Layup Shot
Gordon REBOUND (Off:3 Def:1)
MISS Gordon Tip Layup Shot
Gordon REBOUND (Off:4 Def:1)
Gordon 3' Reverse Layup (36 PTS)
",4,1,0,0,2025-03-17,0022400990,0,3,GSW,4,0,7,05:17,Off Dead Ball,0,Gordon REBOUND (Off:4 Def:1),,GSW,DEN,DEN,1610612743,2025,2563.0,2590.0,2576.5,201566|203932|1628427|1629008|1631212,201939|202710|1626172|1627741|1630611,2024-25,660.0,0,9,0.4666666666666667
264094,04:10,"Westbrook 26' 3PT Pullup Jump Shot (10 PTS)
",0,0,1,1,2025-03-17,0022400990,0,0,GSW,4,0,7,04:31,Off Timeout,0,Westbrook 26' 3PT Pullup Jump Shot (10 PTS),,GSW,DEN,DEN,1610612743,2025,2609.0,2630.0,2619.5,201566|203932|1628427|1629008|1631212,201939|202710|203110|1627780|1630228,2024-25,677.0,0,10,0.8354430379746836
264093,03:39,"Green STEAL (2 STL): Cancar Bad Pass Turnover (P3.T21)
",0,0,0,0,2025-03-17,0022400990,0,0,GSW,4,0,10,03:47,Off At Rim Block,1,Green STEAL (2 STL): Cancar Bad Pass Turnover (P3.T21),,GSW,DEN,DEN,1610612743,2025,2653.0,2661.0,2657.0,201566|203932|1628427|1629008|1631212,201939|202710|203110|1627780|1630228,2024-25,681.0,0,10,0.6363636363636364
264092,03:12,"Curry S.FOUL (P2.T3) (J.Orr)
MISS Watson Free Throw 1 of 2
Nuggets Rebound
Watson Free Throw 2 of 2 (10 PTS)
",0,0,0,0,2025-03-17,0022400990,0,0,GSW,4,1,7,03:33,Off Arc 3 Make,0,Watson Free Throw 2 of 2 (10 PTS),,GSW,DEN,DEN,1610612743,2025,2667.0,2688.0,2677.5,201566|203932|1628427|1629008|1631212,201939|202710|203110|1627780|1630228,2024-25,640.0,10,17,0.20408163265306123
264085,02:26,"MISS Porter Jr. 24' 3PT Running Jump Shot
Curry REBOUND (Off:0 Def:4)
",0,0,1,0,2025-03-17,0022400990,0,0,GSW,4,0,8,02:35,Off Steal,0,Curry REBOUND (Off:0 Def:4),,GSW,DEN,DEN,1610612743,2025,2725.0,2734.0,2729.5,201566|203932|1628427|1629008|1631212,201939|202710|203110|1627780|1630228,2024-25,698.0,0,8,0.9
264083,01:56,"Green STEAL (3 STL): Gordon Bad Pass Turnover (P7.T22)
",0,0,0,0,2025-03-17,0022400990,0,0,GSW,4,0,6,02:17,Off At Rim Make,1,Green STEAL (3 STL): Gordon Bad Pass Turnover (P7.T22),,GSW,DEN,DEN,1610612743,2025,2743.0,2764.0,2753.5,201566|203932|1628427|1629008|1631212,201939|202710|203110|1627780|1630228,2024-25,703.0,0,6,0.7045454545454546
264080,01:29,"MISS Westbrook 27' 3PT Step Back Jump Shot
Gordon REBOUND (Off:5 Def:1)
Gordon 3' Reverse Layup (38 PTS)
",1,1,1,0,2025-03-17,0022400990,0,1,GSW,4,0,6,01:53,Off Dead Ball,0,MISS Westbrook 27' 3PT Step Back Jump Shot,,GSW,DEN,DEN,1610612743,2025,2767.0,2791.0,2779.0,201566|203932|1628427|1629008|1631212,201939|202710|203110|1627780|1630228,2024-25,708.0,0,8,0.1891891891891892
264077,01:11,"Payton II S.FOUL (P3.PN) (N.Green)
MISS Watson Free Throw 1 of 2
Nuggets Rebound
Watson Free Throw 2 of 2 (11 PTS)
",0,0,0,0,2025-03-17,0022400990,0,0,GSW,4,1,7,01:16,Off FT Miss,0,MISS Watson Free Throw 1 of 2,,GSW,DEN,DEN,1610612743,2025,2804.0,2809.0,2806.5,201566|203932|1628427|1629008|1631212,201939|202710|203110|1627780|1630228,2024-25,716.0,0,7,0.9508196721311475
264075,00:34,"Westbrook 16' Jump Shot (12 PTS) (Gordon 3 AST)
",1,1,0,0,2025-03-17,0022400990,0,0,GSW,4,0,8,00:56,Off Dead Ball,0,Westbrook 16' Jump Shot (12 PTS) (Gordon 3 AST),,GSW,DEN,DEN,1610612743,2025,2824.0,2846.0,2835.0,201566|203932|1628427|1629008|1631212,201939|202710|203110|1630228|1630541,2024-25,725.0,0,10,0.94
264074,00:20,"Watson 2' Running Layup (13 PTS) (Porter Jr. 5 AST)
",1,1,0,0,2025-03-17,0022400990,0,0,GSW,4,0,10,00:26,Off Arc 3 Miss,0,Watson 2' Running Layup (13 PTS) (Porter Jr. 5 AST),,GSW,DEN,DEN,1610612743,2025,2854.0,2860.0,2857.0,201566|203932|1628427|1629008|1631212,201939|202710|203110|1630228|1630541,2024-25,729.0,0,12,0.9142857142857143
264073,00:00,,0,0,0,0,2025-03-17,0022400990,0,0,GSW,4,0,9,00:08,Off Corner 3 Make,0,,,GSW,DEN,DEN,1610612743,2025,2872.0,2880.0,2876.0,201566|203932|1628427|1629008|1631212,201939|202710|203110|1630228|1630541,2024-25,655.0,0,9,0.0
309258,11:37,"MISS Randle 10' Turnaround Fadeaway Shot
Olynyk REBOUND (Off:0 Def:1)
",1,0,0,0,2025-03-19,0022401001,0,0,NOP,1,0,0,12:00,Off Dead Ball,0,MISS Randle 10' Turnaround Fadeaway Shot,,MIN,NOP,MIN,1610612750,2025,0.0,23.0,11.5,201144|203497|203944|1630162|1630183,203468|203482|1629627|1630631|1642274,2024-25,7.0,0,0,0.3013698630136986
309257,10:59,"Conley 10' Driving Floating Jump Shot (2 PTS) (Randle 1 AST)
",1,1,0,0,2025-03-19,0022401001,0,0,NOP,1,0,-2,11:23,Off At Rim Make,0,Conley 10' Driving Floating Jump Shot (2 PTS) (Randle 1 AST),,MIN,NOP,MIN,1610612750,2025,37.0,61.0,49.0,201144|203497|203944|1630162|1630183,203468|203482|1629627|1630631|1642274,2024-25,11.0,0,0,0.18947368421052632
309255,10:23,"MISS Edwards 26' 3PT Pullup Jump Shot
Alvarado REBOUND (Off:0 Def:1)
",0,0,1,0,2025-03-19,0022401001,0,0,NOP,1,0,-2,10:39,Off Short Mid-Range Make,0,MISS Edwards 26' 3PT Pullup Jump Shot,,MIN,NOP,MIN,1610612750,2025,81.0,97.0,89.0,201144|203497|203944|1630162|1630183,203468|203482|1629627|1630631|1642274,2024-25,14.0,0,-2,0.15151515151515152
309254,10:04,"Randle 25' 3PT Jump Shot (3 PTS) (McDaniels 1 AST)
",0,0,1,1,2025-03-19,0022401001,0,0,NOP,1,0,-2,10:18,Off At Rim Miss,0,Randle 25' 3PT Jump Shot (3 PTS) (McDaniels 1 AST),,MIN,NOP,MIN,1610612750,2025,102.0,116.0,109.0,201144|203497|203944|1630162|1630183,203468|203482|1629627|1630631|1642274,2024-25,18.0,0,1,0.24096385542168675
309253,09:20,"Randle 14' Step Back Jump Shot (5 PTS)
",1,1,0,0,2025-03-19,0022401001,0,0,NOP,1,0,1,09:42,Off Dead Ball,0,Randle 14' Step Back Jump Shot (5 PTS),,MIN,NOP,MIN,1610612750,2025,138.0,160.0,149.0,201144|203497|203944|1630162|1630183,203468|203482|1629627|1630631|1642274,2024-25,22.0,0,3,0.35714285714285715
309251,08:16,"MISS Randle 25' 3PT Jump Shot
Missi REBOUND (Off:0 Def:1)
",0,0,1,0,2025-03-19,0022401001,0,0,NOP,1,0,3,08:38,Off Dead Ball,0,MISS Randle 25' 3PT Jump Shot,,MIN,NOP,MIN,1610612750,2025,202.0,224.0,213.0,201144|203497|203944|1630162|1630183,203468|203482|1629627|1630631|1642274,2024-25,33.0,0,3,0.16666666666666666
309250,07:50,"Randle Lost Ball Turnover (P1.T1): Williamson STEAL (1 STL)
",0,0,0,0,2025-03-19,0022401001,0,0,NOP,1,0,1,08:08,Off FT Make,1,Randle Lost Ball Turnover (P1.T1): Williamson STEAL (1 STL),,MIN,NOP,MIN,1610612750,2025,232.0,250.0,241.0,201144|203944|1629675|1630162|1630183,203468|203482|1629627|1630631|1642274,2024-25,41.0,0,1,0.1941747572815534
309248,07:32,"MISS Edwards 25' 3PT Pullup Jump Shot
Williamson REBOUND (Off:0 Def:1)
",0,0,1,0,2025-03-19,0022401001,0,0,NOP,1,0,-1,07:47,Off At Rim Make,0,MISS Edwards 25' 3PT Pullup Jump Shot,,MIN,NOP,MIN,1610612750,2025,253.0,268.0,260.5,201144|203944|1629675|1630162|1630183,203468|203482|1629627|1630631|1642274,2024-25,44.0,0,-1,0.2413793103448276
309246,07:20,"Olynyk S.FOUL (P1.T1) (M.Kallio)
Edwards Free Throw 1 of 2 (1 PTS)
Edwards Free Throw 2 of 2 (2 PTS)
",0,0,0,0,2025-03-19,0022401001,0,0,NOP,1,1,-1,07:24,Off At Rim Miss,0,Edwards Free Throw 1 of 2 (1 PTS),,MIN,NOP,MIN,1610612750,2025,276.0,280.0,278.0,201144|203944|1629675|1630162|1630183,203468|203482|1629627|1630631|1642274,2024-25,50.0,1,0,0.34375
309244,06:58,"Conley 25' 3PT Pullup Jump Shot (5 PTS)
",0,0,1,1,2025-03-19,0022401001,0,0,NOP,1,0,-1,07:07,Off Short Mid-Range Make,0,Conley 25' 3PT Pullup Jump Shot (5 PTS),,MIN,NOP,MIN,1610612750,2025,293.0,302.0,297.5,201144|203944|1629675|1630162|1630183,203468|203482|1629627|1630631|1642274,2024-25,53.0,0,2,0.29473684210526313
309243,06:15,"McDaniels 5' Driving Floating Jump Shot (2 PTS)
",1,1,0,0,2025-03-19,0022401001,0,0,NOP,1,0,2,06:23,Off At Rim Miss,0,McDaniels 5' Driving Floating Jump Shot (2 PTS),,MIN,NOP,MIN,1610612750,2025,337.0,345.0,341.0,201144|203944|1629675|1630162|1630183,203468|203482|1628971|1630631|1642274,2024-25,60.0,0,4,0.17391304347826086
309242,05:46,"Conley 25' 3PT Jump Shot (8 PTS) (Edwards 1 AST)
",0,0,1,1,2025-03-19,0022401001,0,0,NOP,1,0,2,06:05,Off At Rim Make,0,Conley 25' 3PT Jump Shot (8 PTS) (Edwards 1 AST),,MIN,NOP,MIN,1610612750,2025,355.0,374.0,364.5,201144|203944|1629675|1630162|1630183,203468|203482|1628971|1630631|1642274,2024-25,63.0,0,5,0.25316455696202533
309241,05:24,"Edwards 3PT Running Jump Shot (5 PTS) (Reid 1 AST)
",0,0,1,1,2025-03-19,0022401001,0,0,NOP,1,0,5,05:28,Off At Rim Block,0,Edwards 3PT Running Jump Shot (5 PTS) (Reid 1 AST),,MIN,NOP,MIN,1610612750,2025,392.0,396.0,394.0,201144|203944|1629675|1630162|1630183,203468|203482|1628971|1630631|1642274,2024-25,69.0,0,8,0.275
309240,04:42,"Randle 11' Turnaround Jump Shot (7 PTS)
",1,1,0,0,2025-03-19,0022401001,0,0,NOP,1,0,6,04:58,Off At Rim Make,0,Randle 11' Turnaround Jump Shot (7 PTS),,MIN,NOP,MIN,1610612750,2025,422.0,438.0,430.0,201144|203944|1629675|1630162|1630183,203468|203482|1628971|1630631|1642274,2024-25,74.0,0,8,0.4533333333333333
309238,04:08,"MISS Reid 26' 3PT Jump Shot
Alvarado REBOUND (Off:0 Def:2)
",0,0,1,0,2025-03-19,0022401001,0,0,NOP,1,0,6,04:30,Off Long Mid-Range Make,0,MISS Reid 26' 3PT Jump Shot,,MIN,NOP,MIN,1610612750,2025,450.0,472.0,461.0,201144|203944|1629675|1630162|1630183,203468|203482|1628971|1630631|1642274,2024-25,77.0,0,6,0.2413793103448276
309237,03:20,"McCollum P.FOUL (P1.T2) (M.Kallio)
Reid 10' Turnaround Hook Shot (2 PTS)
",1,1,0,0,2025-03-19,0022401001,0,0,NOP,1,0,4,03:51,Off Short Mid-Range Make,0,Reid 10' Turnaround Hook Shot (2 PTS),,MIN,NOP,MIN,1610612750,2025,489.0,520.0,504.5,201144|203944|1629675|1630162|1630183,203468|203482|1628971|1630631|1642274,2024-25,95.0,0,6,0.21428571428571427
309234,02:48,"Robinson-Earl S.FOUL (P1.T3) (T.Maddox)
Edwards Free Throw 1 of 2 (6 PTS)
Edwards Free Throw 2 of 2 (7 PTS)
",0,0,0,0,2025-03-19,0022401001,0,0,NOP,1,1,6,02:55,Off Arc 3 Miss,0,Edwards Free Throw 1 of 2 (6 PTS),,MIN,NOP,MIN,1610612750,2025,545.0,552.0,548.5,1628978|1629638|1629675|1630162|1641740,203468|1628971|1630526|1631255|1641722,2024-25,105.0,6,12,0.3939393939393939
309232,02:28,"Edwards 1' Running Dunk (9 PTS)
",1,1,0,0,2025-03-19,0022401001,0,0,NOP,1,0,8,02:30,Off Corner 3 Miss,0,Edwards 1' Running Dunk (9 PTS),,MIN,NOP,MIN,1610612750,2025,570.0,572.0,571.0,1628978|1629638|1629675|1630162|1641740,1628971|1629627|1630526|1631255|1641722,2024-25,110.0,0,10,0.5432098765432098
309230,01:54,"MISS Edwards 3' Driving Finger Roll Layup: Matković BLOCK (1 BLK)
Robinson-Earl REBOUND (Off:0 Def:1)
",1,0,0,0,2025-03-19,0022401001,0,0,NOP,1,0,10,02:08,Off Short Mid-Range Miss,0,MISS Edwards 3' Driving Finger Roll Layup: Matković BLOCK (1 BLK),,MIN,NOP,MIN,1610612750,2025,592.0,606.0,599.0,1628978|1629638|1629675|1630162|1641740,1628971|1629627|1630526|1631255|1641722,2024-25,113.0,0,10,0.40816326530612246
309228,01:35,"MISS Reid 25' 3PT Jump Shot
Hawkins REBOUND (Off:0 Def:1)
",0,0,1,0,2025-03-19,0022401001,0,0,NOP,1,0,10,01:45,Off Long Mid-Range Miss,0,MISS Reid 25' 3PT Jump Shot,,MIN,NOP,MIN,1610612750,2025,615.0,625.0,620.0,1628978|1629638|1629675|1630162|1641740,1628971|1629627|1630526|1631255|1641722,2024-25,118.0,0,10,0.17647058823529413
309227,01:04,"Reid Discontinue Dribble Turnover (P1.T2)
",0,0,0,0,2025-03-19,0022401001,0,0,NOP,1,0,8,01:19,Off At Rim Make,1,Reid Discontinue Dribble Turnover (P1.T2),,MIN,NOP,MIN,1610612750,2025,641.0,656.0,648.5,1628978|1629638|1629675|1630162|1641740,1628971|1629627|1630526|1631255|1641722,2024-25,122.0,0,8,0.34285714285714286
309225,00:29,"MISS Alexander-Walker 25' 3PT Jump Shot
Hawkins REBOUND (Off:0 Def:2)
",0,0,1,0,2025-03-19,0022401001,0,0,NOP,1,0,6,00:41,Off Short Mid-Range Make,0,MISS Alexander-Walker 25' 3PT Jump Shot,,MIN,NOP,MIN,1610612750,2025,679.0,691.0,685.0,1628978|1629638|1629675|1630545|1641740,1628971|1629627|1630526|1631255|1641722,2024-25,129.0,0,6,0.4
309223,00:05,"Brown S.FOUL (P1.T4) (K.Lane)
Alexander-Walker Free Throw 1 of 2 (1 PTS)
Alexander-Walker Free Throw 2 of 2 (2 PTS)
",0,0,0,0,2025-03-19,0022401001,0,0,NOP,1,1,6,00:26,Off Dead Ball,0,Alexander-Walker Free Throw 1 of 2 (1 PTS),,MIN,NOP,MIN,1610612750,2025,694.0,715.0,704.5,1628978|1629638|1629675|1630545|1641740,1628971|1629627|1630526|1631255|1641722,2024-25,134.0,1,7,0.3655913978494624
309323,11:33,"DiVincenzo 29' 3PT Pullup Jump Shot (3 PTS)
",0,0,1,1,2025-03-19,0022401001,0,0,NOP,2,0,6,11:42,Off Corner 3 Miss,0,DiVincenzo 29' 3PT Pullup Jump Shot (3 PTS),,MIN,NOP,MIN,1610612750,2025,738.0,747.0,742.5,203497|1628978|1629638|1629675|1641740,1629627|1630526|1630631|1631255|1641722,2024-25,146.0,0,9,0.41025641025641024
309322,11:12,"Clark 10' Driving Floating Jump Shot (2 PTS)
",1,1,0,0,2025-03-19,0022401001,0,0,NOP,2,0,9,11:23,Off Steal,0,Clark 10' Driving Floating Jump Shot (2 PTS),,MIN,NOP,MIN,1610612750,2025,757.0,768.0,762.5,203497|1628978|1629638|1629675|1641740,1629627|1630526|1630631|1631255|1641722,2024-25,150.0,0,11,0.23076923076923078
309319,10:58,"MISS DiVincenzo 1' Running Layup
Alexander-Walker REBOUND (Off:1 Def:2)
MISS Alexander-Walker Putback Layup
DiVincenzo REBOUND (Off:1 Def:0)
Hawkins S.FOUL (P1.T1) (T.Maddox)
Alexander-Walker Free Throw 1 of 2 (3 PTS)
Alexander-Walker Free Throw 2 of 2 (4 PTS)
",2,0,0,0,2025-03-19,0022401001,0,2,NOP,2,1,11,11:07,Off Steal,0,Hawkins S.FOUL (P1.T1) (T.Maddox),,MIN,NOP,MIN,1610612750,2025,773.0,782.0,777.5,203497|1628978|1629638|1629675|1641740,1629627|1630526|1630631|1631255|1641722,2024-25,155.0,0,11,0.2891566265060241
309311,10:38,"Matković S.FOUL (P1.T2) (M.Kallio)
MISS Gobert Free Throw 1 of 2
TIMBERWOLVES Rebound
Gobert Free Throw 2 of 2 (1 PTS)
",0,0,0,0,2025-03-19,0022401001,0,0,NOP,2,1,13,10:51,Off Dead Ball,0,Matković S.FOUL (P1.T2) (M.Kallio),,MIN,NOP,MIN,1610612750,2025,789.0,802.0,795.5,203497|1628978|1629638|1629675|1641740,1629627|1630526|1630631|1631255|1641722,2024-25,168.0,0,13,0.10909090909090909
309308,10:27,"Hawkins P.FOUL (P2.T3) (K.Lane)
MISS DiVincenzo 9' Driving Floating Jump Shot
Robinson-Earl REBOUND (Off:0 Def:2)
",1,0,0,0,2025-03-19,0022401001,0,0,NOP,2,0,14,10:36,Off Steal,0,Hawkins P.FOUL (P2.T3) (K.Lane),,MIN,NOP,MIN,1610612750,2025,804.0,813.0,808.5,203497|1628978|1629638|1629675|1641740,1629627|1630526|1630631|1631255|1641722,2024-25,171.0,0,14,0.3018867924528302
309307,10:12,"Alexander-Walker Double Dribble Turnover (P1.T3)
",0,0,0,0,2025-03-19,0022401001,0,0,NOP,2,0,12,10:20,Off At Rim Make,1,Alexander-Walker Double Dribble Turnover (P1.T3),,MIN,NOP,MIN,1610612750,2025,820.0,828.0,824.0,203497|1628978|1629638|1629675|1641740,1629627|1630526|1630631|1631255|1641722,2024-25,178.0,0,12,0.21153846153846154
309305,09:35,"MISS Reid 25' 3PT Jump Shot
Robinson-Earl REBOUND (Off:0 Def:3)
",0,0,1,0,2025-03-19,0022401001,0,0,NOP,2,0,10,09:53,Off At Rim Make,0,MISS Reid 25' 3PT Jump Shot,,MIN,NOP,MIN,1610612750,2025,847.0,865.0,856.0,203497|1628978|1629638|1629675|1641740,1629627|1630526|1630631|1631255|1641722,2024-25,184.0,0,10,0.723404255319149
309304,09:10,"Clark 3PT Jump Shot (5 PTS) (Reid 2 AST)
",0,0,1,1,2025-03-19,0022401001,0,0,NOP,2,0,8,09:27,Off Short Mid-Range Make,0,Clark 3PT Jump Shot (5 PTS) (Reid 2 AST),,MIN,NOP,MIN,1610612750,2025,873.0,890.0,881.5,203497|1628978|1629638|1629675|1641740,1629627|1630526|1630631|1631255|1641722,2024-25,188.0,0,11,0.3939393939393939
309303,08:32,"Randle 12' Pullup Jump Shot (9 PTS)
",1,1,0,0,2025-03-19,0022401001,0,0,NOP,2,0,9,08:46,Off Short Mid-Range Make,0,Randle 12' Pullup Jump Shot (9 PTS),,MIN,NOP,MIN,1610612750,2025,914.0,928.0,921.0,203497|203944|1628978|1629638|1630183,1629627|1630526|1630631|1631255|1641722,2024-25,197.0,0,11,0.958904109589041
309301,08:05,"MISS Randle 25' 3PT Jump Shot
Hawkins REBOUND (Off:0 Def:3)
",0,0,1,0,2025-03-19,0022401001,0,0,NOP,2,0,8,08:20,Off Corner 3 Make,0,MISS Randle 25' 3PT Jump Shot,,MIN,NOP,MIN,1610612750,2025,940.0,955.0,947.5,203497|203944|1628978|1629638|1630183,1629627|1630526|1630631|1631255|1641722,2024-25,193.0,0,8,0.21739130434782608
309299,07:33,"MISS Conley 25' 3PT Jump Shot
Brown REBOUND (Off:1 Def:1)
",0,0,1,0,2025-03-19,0022401001,0,0,NOP,2,0,5,07:49,Off FT Make,0,MISS Conley 25' 3PT Jump Shot,,MIN,NOP,MIN,1610612750,2025,971.0,987.0,979.0,201144|203497|203944|1630162|1630183,1628971|1630526|1630631|1631255|1641722,2024-25,213.0,0,5,0.24489795918367346
309297,06:53,"MISS Edwards 25' 3PT Pullup Jump Shot
McCollum REBOUND (Off:0 Def:1)
",0,0,1,0,2025-03-19,0022401001,0,0,NOP,2,0,2,07:11,Off Arc 3 Make,0,MISS Edwards 25' 3PT Pullup Jump Shot,,MIN,NOP,MIN,1610612750,2025,1009.0,1027.0,1018.0,201144|203497|203944|1630162|1630183,203468|1628971|1630526|1631255|1641722,2024-25,222.0,0,2,0.29850746268656714
309295,06:29,"MISS McDaniels 3' Driving Floating Jump Shot: Hawkins BLOCK (1 BLK)
Brown REBOUND (Off:1 Def:2)
",1,0,0,0,2025-03-19,0022401001,0,0,NOP,2,0,0,06:49,Off Timeout,0,MISS McDaniels 3' Driving Floating Jump Shot: Hawkins BLOCK (1 BLK),,MIN,NOP,MIN,1610612750,2025,1031.0,1051.0,1041.0,201144|203497|203944|1630162|1630183,203468|1628971|1630526|1631255|1641722,2024-25,227.0,0,0,0.11235955056179775
309294,05:59,"Conley 3' Driving Finger Roll Layup (10 PTS)
",1,1,0,0,2025-03-19,0022401001,0,0,NOP,2,0,-3,06:17,Off Arc 3 Make,0,Conley 3' Driving Finger Roll Layup (10 PTS),,MIN,NOP,MIN,1610612750,2025,1063.0,1081.0,1072.0,201144|203497|203944|1630162|1630183,203468|1628971|1630526|1631255|1641722,2024-25,232.0,0,-1,0.38636363636363635
309293,05:24,"Randle 7' Driving Floating Jump Shot (11 PTS)
",1,1,0,0,2025-03-19,0022401001,0,0,NOP,2,0,-1,05:31,Off Short Mid-Range Miss,0,Randle 7' Driving Floating Jump Shot (11 PTS),,MIN,NOP,MIN,1610612750,2025,1109.0,1116.0,1112.5,201144|203497|203944|1630162|1630183,203468|1628971|1630526|1631255|1641722,2024-25,235.0,0,1,0.34
309292,04:52,"Randle Out of Bounds - Bad Pass Turnover Turnover (P2.T4)
",0,0,0,0,2025-03-19,0022401001,0,0,NOP,2,0,-2,05:08,Off Arc 3 Make,1,Randle Out of Bounds - Bad Pass Turnover Turnover (P2.T4),,MIN,NOP,MIN,1610612750,2025,1132.0,1148.0,1140.0,201144|203497|203944|1630162|1630183,203468|1628971|1630526|1631255|1641722,2024-25,238.0,0,-2,0.08
309287,04:26,"MISS Gobert 5' Cutting Layup Shot: Missi BLOCK (1 BLK)
Gobert REBOUND (Off:1 Def:1)
Olynyk S.FOUL (P2.T4) (T.Maddox)
Gobert Free Throw 1 of 2 (2 PTS)
Gobert Free Throw 2 of 2 (3 PTS)
",1,0,0,0,2025-03-19,0022401001,0,1,NOP,2,1,-2,04:42,Off Dead Ball,0,MISS Gobert 5' Cutting Layup Shot: Missi BLOCK (1 BLK),,MIN,NOP,MIN,1610612750,2025,1158.0,1174.0,1166.0,201144|203497|203944|1630162|1630183,203468|203482|1628971|1641722|1642274,2024-25,247.0,0,-2,0.2222222222222222
309283,04:03,"MISS Edwards 4' Driving Layup
Edwards REBOUND (Off:1 Def:3)
MISS Edwards Tip Layup Shot
Missi REBOUND (Off:2 Def:2)
",2,0,0,0,2025-03-19,0022401001,0,1,NOP,2,0,-3,04:18,Off Arc 3 Make,0,MISS Edwards 4' Driving Layup,,MIN,NOP,MIN,1610612750,2025,1182.0,1197.0,1189.5,201144|203497|203944|1628978|1630162,203468|203482|1628971|1641722|1642274,2024-25,258.0,0,-3,0.896551724137931
309282,03:45,"Conley 3PT Step Back Jump Shot (13 PTS) (Gobert 1 AST)
",0,0,1,1,2025-03-19,0022401001,0,0,NOP,2,0,-3,03:54,Off Dead Ball,0,Conley 3PT Step Back Jump Shot (13 PTS) (Gobert 1 AST),,MIN,NOP,MIN,1610612750,2025,1206.0,1215.0,1210.5,201144|203497|203944|1628978|1630162,203468|203482|1628971|1641722|1642274,2024-25,263.0,0,0,0.24096385542168675
309280,03:12,"MISS DiVincenzo 27' 3PT Jump Shot
Missi REBOUND (Off:2 Def:3)
",0,0,1,0,2025-03-19,0022401001,0,0,NOP,2,0,-2,03:31,Off FT Make,0,MISS DiVincenzo 27' 3PT Jump Shot,,MIN,NOP,MIN,1610612750,2025,1229.0,1248.0,1238.5,201144|203497|1628978|1629675|1630162,203468|203482|1628971|1641722|1642274,2024-25,272.0,0,-2,0.19753086419753085
309279,02:58,"Gobert 1' Running Dunk (5 PTS) (Edwards 2 AST)
",1,1,0,0,2025-03-19,0022401001,0,0,NOP,2,0,-2,03:04,Off Steal,0,Gobert 1' Running Dunk (5 PTS) (Edwards 2 AST),,MIN,NOP,MIN,1610612750,2025,1256.0,1262.0,1259.0,201144|203497|1628978|1629675|1630162,203468|203482|1628971|1641722|1642274,2024-25,276.0,0,0,0.33766233766233766
309277,02:17,"MISS DiVincenzo 25' 3PT Step Back Jump Shot
Williamson REBOUND (Off:0 Def:2)
",0,0,1,0,2025-03-19,0022401001,0,0,NOP,2,0,0,02:34,Off At Rim Miss,0,MISS DiVincenzo 25' 3PT Step Back Jump Shot,,MIN,NOP,MIN,1610612750,2025,1286.0,1303.0,1294.5,201144|203497|1628978|1629675|1630162,203468|203482|1628971|1629627|1642274,2024-25,284.0,0,0,0.1836734693877551
309274,01:55,"Williamson P.FOUL (P1.PN) (M.Kallio)
Edwards Free Throw 1 of 2 (10 PTS)
Edwards Free Throw 2 of 2 (11 PTS)
",0,0,0,0,2025-03-19,0022401001,1,0,NOP,2,0,0,02:01,Off Arc 3 Miss,0,Williamson P.FOUL (P1.PN) (M.Kallio),,MIN,NOP,MIN,1610612750,2025,1319.0,1325.0,1322.0,201144|203497|1628978|1629675|1630162,203468|203482|1628971|1629627|1642274,2024-25,291.0,0,0,0.26865671641791045
309268,01:09,"Olynyk S.FOUL (P3.PN) (M.Kallio)
Edwards Free Throw 1 of 2 (12 PTS)
MISS Edwards Free Throw 2 of 2
Reid REBOUND (Off:1 Def:1)
MISS Edwards 2' Driving Layup: Missi BLOCK (2 BLK)
Missi REBOUND (Off:2 Def:4)
",1,0,0,0,2025-03-19,0022401001,0,1,NOP,2,1,-1,01:42,Off Corner 3 Make,0,Olynyk S.FOUL (P3.PN) (M.Kallio),,MIN,NOP,MIN,1610612750,2025,1338.0,1371.0,1354.5,201144|203497|1628978|1629675|1630162,203468|203482|1628971|1629627|1642274,2024-25,302.0,0,-1,0.18867924528301888
309265,00:46,"Brown P.FOUL (P2.PN) (T.Maddox)
Edwards Free Throw 1 of 2 (13 PTS)
Edwards Free Throw 2 of 2 (14 PTS)
",0,0,0,0,2025-03-19,0022401001,1,0,NOP,2,0,-3,01:02,Off Arc 3 Make,0,Brown P.FOUL (P2.PN) (T.Maddox),,MIN,NOP,MIN,1610612750,2025,1378.0,1394.0,1386.0,203497|1628978|1629638|1629675|1630162,203468|203482|1628971|1629627|1642274,2024-25,313.0,0,-3,0.17543859649122806
309263,00:15,"MISS Alexander-Walker 3' Layup: Missi BLOCK (3 BLK)
Brown REBOUND (Off:1 Def:3)
",1,0,0,0,2025-03-19,0022401001,0,0,NOP,2,0,-3,00:33,Off At Rim Make,0,MISS Alexander-Walker 3' Layup: Missi BLOCK (3 BLK),,MIN,NOP,MIN,1610612750,2025,1407.0,1425.0,1416.0,203497|1628978|1629638|1629675|1630162,203468|203482|1628971|1629627|1642274,2024-25,316.0,0,-3,0.45
309260,00:13,"Missi S.FOUL (P1.PN) (K.Lane)
Alexander-Walker Free Throw 1 of 2 (5 PTS)
Alexander-Walker Free Throw 2 of 2 (6 PTS)
",0,0,0,0,2025-03-19,0022401001,0,0,NOP,2,1,-3,00:14,Off Steal,0,Missi S.FOUL (P1.PN) (K.Lane),,MIN,NOP,MIN,1610612750,2025,1426.0,1427.0,1426.5,203944|1628978|1629638|1629675|1630162,203468|203482|1628971|1629627|1642274,2024-25,320.0,0,-3,0.3389830508474576
309369,11:23,"MISS McDaniels 26' 3PT Jump Shot
Alvarado REBOUND (Off:0 Def:3)
",0,0,1,0,2025-03-19,0022401001,0,0,NOP,3,0,-1,11:36,Off Dead Ball,0,MISS McDaniels 26' 3PT Jump Shot,,MIN,NOP,MIN,1610612750,2025,1464.0,1477.0,1470.5,201144|203497|203944|1630162|1630183,203468|203482|1629627|1630631|1642274,2024-25,342.0,0,-1,0.3561643835616438
309368,10:48,"Edwards 24' 3PT Jump Shot (17 PTS) (Randle 2 AST)
",0,0,1,1,2025-03-19,0022401001,0,0,NOP,3,0,-1,11:04,Off Arc 3 Miss,0,Edwards 24' 3PT Jump Shot (17 PTS) (Randle 2 AST),,MIN,NOP,MIN,1610612750,2025,1496.0,1512.0,1504.0,201144|203497|203944|1630162|1630183,203468|203482|1629627|1630631|1642274,2024-25,346.0,0,2,0.056338028169014086
309367,10:10,"Randle 2' Driving Layup (13 PTS) (McDaniels 2 AST)
",1,1,0,0,2025-03-19,0022401001,0,0,NOP,3,0,0,10:35,Off At Rim Make,0,Randle 2' Driving Layup (13 PTS) (McDaniels 2 AST),,MIN,NOP,MIN,1610612750,2025,1525.0,1550.0,1537.5,201144|203497|203944|1630162|1630183,203468|203482|1629627|1630631|1642274,2024-25,351.0,0,2,0.5048543689320388
309366,09:39,"Conley Lost Ball Turnover (P1.T5): Williamson STEAL (2 STL)
",0,0,0,0,2025-03-19,0022401001,0,0,NOP,3,0,2,09:53,Off FT Miss,1,Conley Lost Ball Turnover (P1.T5): Williamson STEAL (2 STL),,MIN,NOP,MIN,1610612750,2025,1567.0,1581.0,1574.0,201144|203497|203944|1630162|1630183,203468|203482|1629627|1630631|1642274,2024-25,359.0,0,2,0.24444444444444444
309365,09:15,"McCollum P.FOUL (P2.T1) (K.Lane)
Edwards Out of Bounds - Bad Pass Turnover Turnover (P1.T6)
",0,0,0,0,2025-03-19,0022401001,0,0,NOP,3,0,0,09:36,Off At Rim Make,1,Edwards Out of Bounds - Bad Pass Turnover Turnover (P1.T6),,MIN,NOP,MIN,1610612750,2025,1584.0,1605.0,1594.5,201144|203497|203944|1630162|1630183,203468|203482|1629627|1630631|1642274,2024-25,364.0,0,0,0.11594202898550725
309363,08:54,"Edwards 24' 3PT Jump Shot (20 PTS) (McDaniels 3 AST)
",0,0,1,1,2025-03-19,0022401001,0,0,NOP,3,0,-2,09:09,Off FT Make,0,Edwards 24' 3PT Jump Shot (20 PTS) (McDaniels 3 AST),,MIN,NOP,MIN,1610612750,2025,1611.0,1626.0,1618.5,201144|203497|203944|1630162|1630183,203468|203482|1629627|1630631|1642274,2024-25,369.0,0,1,0.2962962962962963
309362,08:27,"Gobert 1' Dunk (7 PTS) (Edwards 3 AST)
",1,1,0,0,2025-03-19,0022401001,0,0,NOP,3,0,-2,08:41,Off Arc 3 Make,0,Gobert 1' Dunk (7 PTS) (Edwards 3 AST),,MIN,NOP,MIN,1610612750,2025,1639.0,1653.0,1646.0,201144|203497|203944|1630162|1630183,203468|203482|1629627|1630631|1642274,2024-25,373.0,0,0,0.30952380952380953
309361,08:10,"Randle Out of Bounds - Bad Pass Turnover Turnover (P3.T7)
",0,0,0,0,2025-03-19,0022401001,0,0,NOP,3,0,-2,08:13,Off FT Miss,1,Randle Out of Bounds - Bad Pass Turnover Turnover (P3.T7),,MIN,NOP,MIN,1610612750,2025,1667.0,1670.0,1668.5,201144|203497|203944|1630162|1630183,203468|203482|1629627|1630631|1642274,2024-25,380.0,0,-2,0.3384615384615385
309360,07:46,"Edwards Lost Ball Turnover (P2.T8): Williamson STEAL (3 STL)
",0,0,0,0,2025-03-19,0022401001,0,0,NOP,3,0,-2,08:02,Off Dead Ball,1,Edwards Lost Ball Turnover (P2.T8): Williamson STEAL (3 STL),,MIN,NOP,MIN,1610612750,2025,1678.0,1694.0,1686.0,201144|203497|203944|1630162|1630183,203468|203482|1629627|1630631|1642274,2024-25,382.0,0,-2,0.18
309358,07:32,"Williamson S.FOUL (P2.T2) (K.Lane)
Edwards Free Throw 1 of 3 (21 PTS)
Edwards Free Throw 2 of 3 (22 PTS)
Edwards Free Throw 3 of 3 (23 PTS)
",0,0,0,0,2025-03-19,0022401001,0,0,NOP,3,1,-3,07:42,Off FT Miss,0,Edwards Free Throw 2 of 3 (22 PTS),,MIN,NOP,MIN,1610612750,2025,1698.0,1708.0,1703.0,201144|203497|203944|1628978|1630162,203468|203482|1629627|1630631|1642274,2024-25,384.0,22,19,0.16901408450704225
309355,06:58,"Randle 24' 3PT Jump Shot (16 PTS) (DiVincenzo 1 AST)
",0,0,1,1,2025-03-19,0022401001,0,0,NOP,3,0,-2,07:16,Off Long Mid-Range Make,0,Randle 24' 3PT Jump Shot (16 PTS) (DiVincenzo 1 AST),,MIN,NOP,MIN,1610612750,2025,1724.0,1742.0,1733.0,201144|203497|203944|1628978|1630162,203468|203482|1629627|1630631|1642274,2024-25,399.0,0,1,0.8514851485148515
309354,06:25,"Randle Lost Ball Turnover (P4.T9): Olynyk STEAL (1 STL)
",0,0,0,0,2025-03-19,0022401001,0,0,NOP,3,0,-2,06:46,Off Arc 3 Make,1,Randle Lost Ball Turnover (P4.T9): Olynyk STEAL (1 STL),,MIN,NOP,MIN,1610612750,2025,1754.0,1775.0,1764.5,203944|1628978|1629638|1629675|1630162,203468|203482|1628971|1630631|1642274,2024-25,409.0,0,-2,0.16666666666666666
309353,06:00,"MISS Reid 8' Driving Layup: Olynyk BLOCK (1 BLK)
TIMBERWOLVES Rebound
DiVincenzo 3' Cutting Layup Shot (5 PTS) (Edwards 4 AST)
",2,1,0,0,2025-03-19,0022401001,0,1,NOP,3,0,-5,06:17,Off Corner 3 Make,0,DiVincenzo 3' Cutting Layup Shot (5 PTS) (Edwards 4 AST),,MIN,NOP,MIN,1610612750,2025,1783.0,1800.0,1791.5,203944|1628978|1629638|1629675|1630162,203468|203482|1628971|1630631|1642274,2024-25,419.0,0,-3,0.5904761904761905
309350,05:34,"DiVincenzo Out of Bounds Lost Ball Turnover (P1.T10)
",0,0,0,0,2025-03-19,0022401001,0,0,NOP,3,0,-3,05:38,Off Long Mid-Range Miss,1,DiVincenzo Out of Bounds Lost Ball Turnover (P1.T10),,MIN,NOP,MIN,1610612750,2025,1822.0,1826.0,1824.0,203497|1628978|1629638|1629675|1630162,203468|203482|1628971|1630631|1642274,2024-25,423.0,0,-3,0.54
309349,05:06,"Alexander-Walker 7' Driving Floating Jump Shot (8 PTS) (Reid 3 AST)
McCollum S.FOUL (P3.T3) (M.Kallio)
Alexander-Walker Free Throw 1 of 1 (9 PTS)
",1,1,0,0,2025-03-19,0022401001,0,0,NOP,3,1,-3,05:17,Off Long Mid-Range Miss,0,Alexander-Walker Free Throw 1 of 1 (9 PTS),,MIN,NOP,MIN,1610612750,2025,1843.0,1854.0,1848.5,203497|1628978|1629638|1629675|1630162,203468|203482|1628971|1630631|1631255,2024-25,428.0,9,8,0.3466666666666667
309345,04:31,"MISS Edwards 20' Jump Shot
McCollum REBOUND (Off:0 Def:2)
",1,0,0,0,2025-03-19,0022401001,0,0,NOP,3,0,0,04:51,Off Arc 3 Miss,0,MISS Edwards 20' Jump Shot,,MIN,NOP,MIN,1610612750,2025,1869.0,1889.0,1879.0,203497|1628978|1629638|1629675|1630162,203468|203482|1628971|1631255|1641722,2024-25,437.0,0,0,0.23255813953488372
309344,04:08,"Matković S.FOUL (P2.T4) (T.Maddox)
Gobert Free Throw 1 of 2 (8 PTS)
MISS Gobert Free Throw 2 of 2
Robinson-Earl REBOUND (Off:0 Def:4)
",0,0,0,0,2025-03-19,0022401001,0,0,NOP,3,1,-1,04:24,Off FT Miss,0,Robinson-Earl REBOUND (Off:0 Def:4),,MIN,NOP,MIN,1610612750,2025,1896.0,1912.0,1904.0,203497|1628978|1629638|1629675|1630162,203468|1628971|1630526|1631255|1641722,2024-25,445.0,0,-1,0.7575757575757576
309340,03:17,"MISS Alexander-Walker 24' 3PT Jump Shot
Edwards REBOUND (Off:2 Def:3)
DiVincenzo 25' 3PT Jump Shot (8 PTS) (Randle 3 AST)
",0,0,2,1,2025-03-19,0022401001,0,1,NOP,3,0,-1,03:43,Off FT Miss,0,DiVincenzo 25' 3PT Jump Shot (8 PTS) (Randle 3 AST),,MIN,NOP,MIN,1610612750,2025,1937.0,1963.0,1950.0,203944|1628978|1629638|1629675|1630162,203468|1628971|1630526|1631255|1641722,2024-25,461.0,0,2,0.47619047619047616
309337,02:57,"Randle OFF.Foul (P1) (K.Lane)
Randle Offensive Foul Turnover (P5.T11)
",0,0,0,0,2025-03-19,0022401001,0,0,NOP,3,0,2,03:03,Off Dead Ball,1,Randle Offensive Foul Turnover (P5.T11),,MIN,NOP,MIN,1610612750,2025,1977.0,1983.0,1980.0,203944|1628978|1629638|1629675|1630162,203468|1628971|1630526|1631255|1641722,2024-25,468.0,0,2,0.136986301369863
309335,02:23,"Reid 25' 3PT Jump Shot (5 PTS) (Alexander-Walker 1 AST)
",0,0,1,1,2025-03-19,0022401001,0,0,NOP,3,0,0,02:37,Off Long Mid-Range Make,0,Reid 25' 3PT Jump Shot (5 PTS) (Alexander-Walker 1 AST),,MIN,NOP,MIN,1610612750,2025,2003.0,2017.0,2010.0,203944|1628978|1629638|1629675|1630162,1628971|1629627|1630526|1631255|1641722,2024-25,474.0,0,3,0.2391304347826087
309334,02:03,"Randle Lost Ball Turnover (P6.T12): Hawkins STEAL (1 STL)
",0,0,0,0,2025-03-19,0022401001,0,0,NOP,3,0,1,02:12,Off At Rim Make,1,Randle Lost Ball Turnover (P6.T12): Hawkins STEAL (1 STL),,MIN,NOP,MIN,1610612750,2025,2028.0,2037.0,2032.5,203944|1628978|1629638|1629675|1630162,1628971|1629627|1630526|1631255|1641722,2024-25,477.0,0,1,0.41025641025641024
309332,01:52,"MISS Edwards 25' 3PT Jump Shot
Hawkins REBOUND (Off:0 Def:4)
",0,0,1,0,2025-03-19,0022401001,0,0,NOP,3,0,1,02:00,Off Steal,0,MISS Edwards 25' 3PT Jump Shot,,MIN,NOP,MIN,1610612750,2025,2040.0,2048.0,2044.0,203944|1628978|1629638|1629675|1630162,1628971|1629627|1630526|1631255|1641722,2024-25,481.0,0,1,0.3673469387755102
309331,01:43,"DiVincenzo Out of Bounds - Bad Pass Turnover Turnover (P2.T13)
",0,0,0,0,2025-03-19,0022401001,0,0,NOP,3,0,0,01:45,Off FT Miss,1,DiVincenzo Out of Bounds - Bad Pass Turnover Turnover (P2.T13),,MIN,NOP,MIN,1610612750,2025,2055.0,2057.0,2056.0,203944|1628978|1629638|1629675|1630162,1628971|1629627|1630526|1631255|1641722,2024-25,488.0,0,0,0.2708333333333333
309330,01:09,"MISS Alexander-Walker 3PT Step Back Jump Shot
Brown REBOUND (Off:1 Def:4)
",0,0,1,0,2025-03-19,0022401001,0,0,NOP,3,0,-3,01:27,Off Corner 3 Make,0,Brown REBOUND (Off:1 Def:4),,MIN,NOP,MIN,1610612750,2025,2073.0,2091.0,2082.0,203944|1628978|1629638|1629675|1630162,1628971|1629627|1630526|1631255|1641722,2024-25,472.0,0,-3,0.7586206896551724
309328,00:42,"Robinson-Earl S.FOUL (P2.PN) (K.Lane)
Edwards Free Throw 1 of 2 (24 PTS)
Edwards Free Throw 2 of 2 (25 PTS)
",0,0,0,0,2025-03-19,0022401001,0,0,NOP,3,1,-3,00:50,Off Corner 3 Miss,0,Edwards Free Throw 2 of 2 (25 PTS),,MIN,NOP,MIN,1610612750,2025,2110.0,2118.0,2114.0,203944|1628978|1629638|1629675|1630162,1628971|1629627|1630526|1631255|1641722,2024-25,469.0,25,22,0.17777777777777778
309325,00:09,"MISS DiVincenzo 25' 3PT Jump Shot
Hawkins REBOUND (Off:0 Def:5)
",0,0,1,0,2025-03-19,0022401001,0,0,NOP,3,0,-3,00:30,Off Short Mid-Range Make,0,Hawkins REBOUND (Off:0 Def:5),,MIN,NOP,MIN,1610612750,2025,2130.0,2151.0,2140.5,203944|1628978|1629638|1629675|1630162,1628971|1629627|1630526|1631255|1641722,2024-25,528.0,0,-3,0.7457627118644068
309418,11:36,"Brown P.FOUL (P3.T1) (T.Maddox)
MISS Clark 24' 3PT Jump Shot
Hawkins REBOUND (Off:0 Def:6)
",0,0,1,0,2025-03-19,0022401001,0,0,NOP,4,0,-5,12:00,Off Dead Ball,0,Brown P.FOUL (P3.T1) (T.Maddox),,MIN,NOP,MIN,1610612750,2025,2160.0,2184.0,2172.0,201144|203497|1629638|1629675|1641740,1628971|1629627|1630526|1631255|1641722,2024-25,499.0,0,-5,0.2597402597402597
309417,10:48,"MISS Reid 26' 3PT Jump Shot
Gobert REBOUND (Off:2 Def:5)
Gobert 4' Putback Layup (10 PTS)
",1,1,1,0,2025-03-19,0022401001,0,1,NOP,4,0,-5,11:01,Off Short Mid-Range Miss,0,Gobert 4' Putback Layup (10 PTS),,MIN,NOP,MIN,1610612750,2025,2219.0,2232.0,2225.5,201144|203497|1629638|1629675|1641740,1628971|1629627|1630526|1631255|1641722,2024-25,527.0,0,-3,0.90625
309414,10:04,"Clark 2' Cutting Layup Shot (7 PTS)
",1,1,0,0,2025-03-19,0022401001,0,0,NOP,4,0,-6,10:23,Off Arc 3 Make,0,Clark 2' Cutting Layup Shot (7 PTS),,MIN,NOP,MIN,1610612750,2025,2257.0,2276.0,2266.5,201144|203497|1629638|1629675|1641740,1628971|1629627|1630526|1631255|1641722,2024-25,533.0,0,-4,0.1111111111111111
309410,08:46,"Hawkins P.FOUL (P4.T3) (T.Maddox)
Conley 26' 3PT Step Back Jump Shot (16 PTS)
",0,0,1,1,2025-03-19,0022401001,0,0,NOP,4,0,-4,09:05,Off Short Mid-Range Miss,0,Conley 26' 3PT Step Back Jump Shot (16 PTS),,MIN,NOP,MIN,1610612750,2025,2335.0,2354.0,2344.5,201144|203497|1629638|1629675|1641740,203482|1628971|1630526|1641722|1642274,2024-25,550.0,0,-1,0.37681159420289856
309408,08:22,"Clark 4' Layup (9 PTS) (Conley 1 AST)
",1,1,0,0,2025-03-19,0022401001,0,0,NOP,4,0,-3,08:36,Off Short Mid-Range Make,0,Clark 4' Layup (9 PTS) (Conley 1 AST),,MIN,NOP,MIN,1610612750,2025,2364.0,2378.0,2371.0,201144|203497|1629638|1629675|1641740,203482|1628971|1630526|1641722|1642274,2024-25,553.0,0,-1,0.8831168831168831
309407,07:35,"Reid 25' 3PT Pullup Jump Shot (8 PTS) (Alexander-Walker 2 AST)
",0,0,1,1,2025-03-19,0022401001,0,0,NOP,4,0,-3,07:56,Off Short Mid-Range Make,0,Reid 25' 3PT Pullup Jump Shot (8 PTS) (Alexander-Walker 2 AST),,MIN,NOP,MIN,1610612750,2025,2404.0,2425.0,2414.5,201144|203497|1629638|1629675|1641740,203482|1628971|1630526|1641722|1642274,2024-25,558.0,0,0,0.15
309406,06:58,"MISS Conley 25' 3PT Pullup Jump Shot
Alexander-Walker REBOUND (Off:2 Def:2)
Alexander-Walker Backcourt Turnover (P2.T14)
",0,0,1,0,2025-03-19,0022401001,0,1,NOP,4,0,0,07:18,Off At Rim Block,1,Alexander-Walker Backcourt Turnover (P2.T14),,MIN,NOP,MIN,1610612750,2025,2442.0,2462.0,2452.0,201144|203497|1629638|1629675|1641740,203482|1628971|1630526|1641722|1642274,2024-25,564.0,0,0,0.37333333333333335
309403,06:20,"McDaniels 24' 3PT Jump Shot (5 PTS) (Reid 4 AST)
",0,0,1,1,2025-03-19,0022401001,0,0,NOP,4,0,-2,06:42,Off At Rim Make,0,McDaniels 24' 3PT Jump Shot (5 PTS) (Reid 4 AST),,MIN,NOP,MIN,1610612750,2025,2478.0,2500.0,2489.0,203497|1628978|1629675|1630162|1630183,203468|203482|1630526|1630631|1642274,2024-25,579.0,0,1,0.40540540540540543
309402,05:49,"DiVincenzo 7' Driving Floating Jump Shot (10 PTS) (McDaniels 4 AST)
",1,1,0,0,2025-03-19,0022401001,0,0,NOP,4,0,1,06:07,Off Steal,0,DiVincenzo 7' Driving Floating Jump Shot (10 PTS) (McDaniels 4 AST),,MIN,NOP,MIN,1610612750,2025,2513.0,2531.0,2522.0,203497|1628978|1629675|1630162|1630183,203468|203482|1630526|1630631|1642274,2024-25,583.0,0,3,0.1941747572815534
309401,05:19,"MISS Reid 11' Pullup Jump Shot
Robinson-Earl REBOUND (Off:2 Def:5)
",1,0,0,0,2025-03-19,0022401001,0,0,NOP,4,0,3,05:28,Off Arc 3 Miss,0,Robinson-Earl REBOUND (Off:2 Def:5),,MIN,NOP,MIN,1610612750,2025,2552.0,2561.0,2556.5,203497|1628978|1629675|1630162|1630183,203468|203482|1630526|1630631|1642274,2024-25,585.0,0,3,0.29850746268656714
309397,04:44,"Olynyk S.FOUL (P4.T4) (K.Lane)
MISS DiVincenzo Free Throw 1 of 2
TIMBERWOLVES Rebound
DiVincenzo Free Throw 2 of 2 (11 PTS)
",0,0,0,0,2025-03-19,0022401001,0,0,NOP,4,1,1,05:02,Off Long Mid-Range Make,0,MISS DiVincenzo Free Throw 1 of 2,,MIN,NOP,MIN,1610612750,2025,2578.0,2596.0,2587.0,203497|1628978|1629675|1630162|1630183,203468|203482|1630526|1630631|1642274,2024-25,638.0,0,1,0.9
309394,04:05,"MISS Reid 2' Driving Layup
McCollum REBOUND (Off:0 Def:3)
",1,0,0,0,2025-03-19,0022401001,0,0,NOP,4,0,0,04:26,Off Short Mid-Range Make,0,MISS Reid 2' Driving Layup,,MIN,NOP,MIN,1610612750,2025,2614.0,2635.0,2624.5,203497|1628978|1629675|1630162|1630183,203468|203482|1628971|1630631|1642274,2024-25,600.0,0,0,0.2909090909090909
309393,03:31,"MISS Edwards 3' Driving Layup
Williamson REBOUND (Off:0 Def:3)
",1,0,0,0,2025-03-19,0022401001,0,0,NOP,4,0,-1,03:50,Off FT Miss,0,Williamson REBOUND (Off:0 Def:3),,MIN,NOP,MIN,1610612750,2025,2650.0,2669.0,2659.5,203944|1628978|1629675|1630162|1630183,203468|203482|1628971|1629627|1642274,2024-25,616.0,0,-1,0.6865671641791045
309391,03:08,"Edwards 24' 3PT Jump Shot (28 PTS) (Conley 2 AST)
",0,0,1,1,2025-03-19,0022401001,0,0,NOP,4,0,-3,03:21,Off Timeout,0,Edwards 24' 3PT Jump Shot (28 PTS) (Conley 2 AST),,MIN,NOP,MIN,1610612750,2025,2679.0,2692.0,2685.5,201144|203944|1629675|1630162|1630183,203468|203482|1628971|1629627|1642274,2024-25,625.0,0,0,0.36363636363636365
309390,02:38,"Williamson S.FOUL (P4.PN) (M.Kallio)
Edwards Free Throw 1 of 2 (29 PTS)
MISS Edwards Free Throw 2 of 2
Williamson REBOUND (Off:0 Def:4)
",0,0,0,0,2025-03-19,0022401001,0,0,NOP,4,1,0,02:50,Off At Rim Miss,0,Williamson REBOUND (Off:0 Def:4),,MIN,NOP,MIN,1610612750,2025,2710.0,2722.0,2716.0,201144|203944|1629675|1630162|1630183,203468|203482|1628971|1629627|1642274,2024-25,628.0,0,0,0.2988505747126437
309386,01:47,"MISS Edwards 4' Driving Layup
TIMBERWOLVES Rebound
Brown L.B.FOUL (P4.PN) (K.Lane)
Randle Free Throw 1 of 2 (17 PTS)
MISS Randle Free Throw 2 of 2
Reid REBOUND (Off:2 Def:4)
Williamson S.FOUL (P5.PN) (T.Maddox)
Reid Free Throw 1 of 2 (9 PTS)
MISS Reid Free Throw 2 of 2
McCollum REBOUND (Off:0 Def:4)
",1,0,0,0,2025-03-19,0022401001,1,2,NOP,4,1,-2,02:16,Off Corner 3 Make,0,McCollum REBOUND (Off:0 Def:4),,MIN,NOP,MIN,1610612750,2025,2744.0,2773.0,2758.5,201144|203944|1629675|1630162|1630183,203468|203482|1628971|1629627|1630631,2024-25,639.0,0,-2,0.2033898305084746
309376,01:08,"MISS Edwards 2' Driving Layup
Olynyk REBOUND (Off:2 Def:2)
",1,0,0,0,2025-03-19,0022401001,0,0,NOP,4,0,-2,01:31,Off At Rim Make,0,Olynyk REBOUND (Off:2 Def:2),,MIN,NOP,MIN,1610612750,2025,2789.0,2812.0,2800.5,201144|203944|1629675|1630162|1630183,203468|203482|1628971|1629627|1630631,2024-25,629.0,0,-2,0.711864406779661
309374,00:43,"MISS Reid 3PT Jump Shot
McCollum REBOUND (Off:0 Def:5)
",0,0,1,0,2025-03-19,0022401001,0,0,NOP,4,0,-2,00:55,Off Corner 3 Miss,0,McCollum REBOUND (Off:0 Def:5),,MIN,NOP,MIN,1610612750,2025,2825.0,2837.0,2831.0,201144|203944|1629675|1630162|1630183,203468|203482|1628971|1629627|1630631,2024-25,655.0,0,-2,0.24390243902439024
309371,00:06,"MISS Edwards 26' 3PT Pullup Jump Shot
Williamson REBOUND (Off:0 Def:5)
",0,0,1,0,2025-03-19,0022401001,0,0,NOP,4,0,-4,00:13,Off Timeout,0,MISS Edwards 26' 3PT Pullup Jump Shot,,MIN,NOP,MIN,1610612750,2025,2867.0,2874.0,2870.5,201144|203944|1629675|1630162|1630183,203468|203482|1628971|1629627|1630631,2024-25,663.0,0,-4,0.1791044776119403
264180,11:25,"MISS Porter Jr. 26' 3PT Jump Shot
Doncic REBOUND (Off:0 Def:1)
",0,0,1,0,2025-03-19,0022401006,0,0,LAL,1,0,-2,11:42,Off At Rim Make,0,MISS Porter Jr. 26' 3PT Jump Shot,,LAL,DEN,DEN,1610612743,2025,18.0,35.0,26.5,201566|203932|1629008|1631128|1631212,1627827|1629029|1629637|1630559|1630692,2024-25,9.0,0,-2,0.31746031746031744
264178,10:40,"MISS Westbrook 27' 3PT Pullup Jump Shot
Goodwin REBOUND (Off:0 Def:1)
",0,0,1,0,2025-03-19,0022401006,0,0,LAL,1,0,-6,10:59,Off At Rim Make,0,MISS Westbrook 27' 3PT Pullup Jump Shot,,LAL,DEN,DEN,1610612743,2025,61.0,80.0,70.5,201566|203932|1629008|1631128|1631212,1627827|1629029|1629637|1630559|1630692,2024-25,17.0,0,-6,0.34782608695652173
264176,10:04,"Doncic S.FOUL (P1.T1) (N.Sago)
Gordon Free Throw 1 of 2 (1 PTS)
Gordon Free Throw 2 of 2 (2 PTS)
",0,0,0,0,2025-03-19,0022401006,0,0,LAL,1,1,-9,10:18,Off Arc 3 Make,0,Gordon Free Throw 1 of 2 (1 PTS),,LAL,DEN,DEN,1610612743,2025,102.0,116.0,109.0,201566|203932|1629008|1631128|1631212,1627827|1629029|1629637|1630559|1630692,2024-25,22.0,1,-8,0.34782608695652173
264174,09:34,"Gordon Traveling Turnover (P1.T1)
",0,0,0,0,2025-03-19,0022401006,0,0,LAL,1,0,-9,09:45,Off At Rim Make,1,Gordon Traveling Turnover (P1.T1),,LAL,DEN,DEN,1610612743,2025,135.0,146.0,140.5,201566|203932|1629008|1631128|1631212,1627827|1629029|1629637|1630559|1630692,2024-25,25.0,0,-9,0.4375
264173,09:02,"Westbrook 27' 3PT Jump Shot (3 PTS) (Porter Jr. 1 AST)
",0,0,1,1,2025-03-19,0022401006,0,0,LAL,1,0,-12,09:17,Off Timeout,0,Westbrook 27' 3PT Jump Shot (3 PTS) (Porter Jr. 1 AST),,LAL,DEN,DEN,1610612743,2025,163.0,178.0,170.5,201566|203932|1629008|1631128|1631212,1627827|1629029|1629637|1630559|1630692,2024-25,28.0,0,-9,0.1
264172,08:33,"Watson 2' Running Reverse Layup (2 PTS) (Westbrook 1 AST)
",1,1,0,0,2025-03-19,0022401006,0,0,LAL,1,0,-9,08:38,Off Arc 3 Miss,0,Watson 2' Running Reverse Layup (2 PTS) (Westbrook 1 AST),,LAL,DEN,DEN,1610612743,2025,202.0,207.0,204.5,201566|203932|1629008|1631128|1631212,1627827|1629029|1629637|1630559|1630692,2024-25,32.0,0,-7,0.38461538461538464
264171,08:02,"Braun 3' Cutting Layup Shot (2 PTS) (Westbrook 2 AST)
",1,1,0,0,2025-03-19,0022401006,0,0,LAL,1,0,-9,08:11,Off FT Make,0,Braun 3' Cutting Layup Shot (2 PTS) (Westbrook 2 AST),,LAL,DEN,DEN,1610612743,2025,229.0,238.0,233.5,201566|203932|1629008|1631128|1631212,1627827|1629029|1629637|1630559|1630692,2024-25,38.0,0,-7,0.5961538461538461
264170,07:25,"Gordon 26' 3PT Jump Shot (5 PTS) (Westbrook 3 AST)
",0,0,1,1,2025-03-19,0022401006,0,0,LAL,1,0,-9,07:43,Off At Rim Make,0,Gordon 26' 3PT Jump Shot (5 PTS) (Westbrook 3 AST),,LAL,DEN,DEN,1610612743,2025,257.0,275.0,266.0,201566|203932|1629008|1631128|1631212,1627827|1629029|1629637|1630559|1630692,2024-25,42.0,0,-6,0.4489795918367347
264169,06:53,"Porter Jr. 27' 3PT Running Jump Shot (3 PTS) (Braun 1 AST)
",0,0,1,1,2025-03-19,0022401006,0,0,LAL,1,0,-6,06:57,Off Corner 3 Miss,0,Porter Jr. 27' 3PT Running Jump Shot (3 PTS) (Braun 1 AST),,LAL,DEN,DEN,1610612743,2025,303.0,307.0,305.0,201566|203932|1629008|1631128|1631212,1627827|1629029|1629637|1630559|1630692,2024-25,48.0,0,-3,0.4
264168,06:08,"LAKERS T.Foul (Def. 3 Sec Finney-Smith ) (Z.Zarba)
Porter Jr. Free Throw Technical (4 PTS)
Westbrook Out of Bounds - Bad Pass Turnover Turnover (P1.T2)
",0,0,0,0,2025-03-19,0022401006,0,0,LAL,1,0,-6,06:29,Off Arc 3 Make,1,Westbrook Out of Bounds - Bad Pass Turnover Turnover (P1.T2),,LAL,DEN,DEN,1610612743,2025,331.0,352.0,341.5,201566|203932|1629008|1631128|1631212,1627827|1629029|1629637|1630559|1630692,2024-25,73.0,0,-6,0.26666666666666666
264165,05:33,"MISS Westbrook 2' Driving Layup
Westbrook REBOUND (Off:1 Def:0)
Vincent P.FOUL (P1.T2) (N.Sago)
MISS Porter Jr. 26' 3PT Pullup Jump Shot
Hayes REBOUND (Off:2 Def:1)
",1,0,1,0,2025-03-19,0022401006,0,1,LAL,1,0,-8,05:57,Off Arc 3 Make,0,Hayes REBOUND (Off:2 Def:1),,LAL,DEN,DEN,1610612743,2025,363.0,387.0,375.0,201566|203932|1629008|1631128|1631212,1627827|1629029|1629216|1629637|1630559,2024-25,59.0,0,-8,0.7096774193548387
264160,05:18,"Doncic STEAL (1 STL): Watson Lost Ball Turnover (P1.T3)
",0,0,0,0,2025-03-19,0022401006,0,0,LAL,1,0,-8,05:25,Off Arc 3 Miss,1,Doncic STEAL (1 STL): Watson Lost Ball Turnover (P1.T3),,LAL,DEN,DEN,1610612743,2025,395.0,402.0,398.5,201566|203932|1629008|1631128|1631212,1627827|1629029|1629216|1629637|1630559,2024-25,68.0,0,-8,0.37254901960784315
264157,05:05,"MISS Watson 10' Cutting Layup Shot
Westbrook REBOUND (Off:2 Def:0)
MISS Westbrook Tip Layup Shot
Hayes REBOUND (Off:2 Def:2)
",2,0,0,0,2025-03-19,0022401006,0,1,LAL,1,0,-11,05:15,Off Timeout,0,Westbrook REBOUND (Off:2 Def:0),,LAL,DEN,DEN,1610612743,2025,405.0,415.0,410.0,201566|203932|1631128|1631212|1642461,1627827|1629029|1629216|1629637|1630559,2024-25,76.0,0,-11,0.6666666666666666
264155,04:39,"Finney-Smith STEAL (1 STL): Westbrook Bad Pass Turnover (P2.T4)
",0,0,0,0,2025-03-19,0022401006,0,0,LAL,1,0,-14,04:53,Off FT Make,1,Finney-Smith STEAL (1 STL): Westbrook Bad Pass Turnover (P2.T4),,LAL,DEN,DEN,1610612743,2025,427.0,441.0,434.0,201566|203932|1631128|1631212|1642461,1627827|1629029|1629216|1629637|1630559,2024-25,83.0,0,-14,0.1836734693877551
264151,04:23,"Hayes S.FOUL (P1.T3) (Z.Zarba)
MISS Westbrook Free Throw 1 of 2
Nuggets Rebound
Westbrook Free Throw 2 of 2 (4 PTS)
",0,0,0,0,2025-03-19,0022401006,0,0,LAL,1,1,-17,04:31,Off Arc 3 Make,0,Hayes S.FOUL (P1.T3) (Z.Zarba),,LAL,DEN,DEN,1610612743,2025,449.0,457.0,453.0,201566|203932|1631128|1631212|1642461,1627827|1629029|1629216|1629637|1630559,2024-25,90.0,0,-17,0.2857142857142857
264150,04:02,"Gordon 27' 3PT Pullup Jump Shot (8 PTS)
",0,0,1,1,2025-03-19,0022401006,0,0,LAL,1,0,-19,04:12,Off Corner 3 Make,0,Gordon 27' 3PT Pullup Jump Shot (8 PTS),,LAL,DEN,DEN,1610612743,2025,468.0,478.0,473.0,201566|203932|1628427|1631212|1642461,1627827|1629029|1629216|1629637|1630559,2024-25,96.0,0,-16,0.4
264146,03:36,"Hayes BLOCK (1 BLK): MISS Westbrook 11' Floating Jump Shot
Gordon REBOUND (Off:1 Def:1)
MISS Gordon 4' Tip Layup Shot
Reaves REBOUND (Off:0 Def:1)
",2,0,0,0,2025-03-19,0022401006,0,1,LAL,1,0,-16,03:48,Off Arc 3 Miss,0,Hayes BLOCK (1 BLK): MISS Westbrook 11' Floating Jump Shot,,LAL,DEN,DEN,1610612743,2025,492.0,504.0,498.0,201566|203932|1628427|1631212|1642461,1627827|1629029|1629216|1629637|1630559,2024-25,99.0,0,-16,0.3220338983050847
264145,03:21,"Westbrook 8' Fadeaway Bank Shot (6 PTS)
",1,1,0,0,2025-03-19,0022401006,0,0,LAL,1,0,-16,03:34,Off Dead Ball,0,Westbrook 8' Fadeaway Bank Shot (6 PTS),,LAL,DEN,DEN,1610612743,2025,506.0,519.0,512.5,201566|203932|1628427|1631212|1642461,1627827|1629020|1629029|1629216|1642261,2024-25,107.0,0,-14,0.24561403508771928
264140,02:41,"MISS Westbrook 4' Driving Layup
Nuggets Rebound
MISS Cancar 26' 3PT Jump Shot
Porter Jr. REBOUND (Off:1 Def:0)
Porter Jr. Tip Layup Shot (6 PTS)
",2,1,1,0,2025-03-19,0022401006,0,2,LAL,1,0,-17,03:06,Off Corner 3 Make,0,MISS Westbrook 4' Driving Layup,,LAL,DEN,DEN,1610612743,2025,534.0,559.0,546.5,1628427|1629008|1629618|1630192|1642461,1629020|1629029|1629216|1631132|1642261,2024-25,123.0,0,-15,0.36666666666666664
264138,02:13,"MISS Cancar 4' Cutting Layup Shot
Vanderbilt REBOUND (Off:0 Def:1)
",1,0,0,0,2025-03-19,0022401006,0,0,LAL,1,0,-18,02:31,Off Timeout,0,MISS Cancar 4' Cutting Layup Shot,,LAL,DEN,DEN,1610612743,2025,569.0,587.0,578.0,1628427|1629008|1629618|1630192|1642461,1629020|1629029|1629216|1631132|1642261,2024-25,127.0,0,-18,0.2153846153846154
264136,01:55,"MISS Nnaji 26' 3PT Jump Shot
Doncic REBOUND (Off:0 Def:2)
",0,0,1,0,2025-03-19,0022401006,0,0,LAL,1,0,-18,02:06,Off Short Mid-Range Miss,0,MISS Nnaji 26' 3PT Jump Shot,,LAL,DEN,DEN,1610612743,2025,594.0,605.0,599.5,1628427|1629008|1629618|1630192|1642461,1629020|1629029|1629216|1631132|1642261,2024-25,131.0,0,-18,0.19607843137254902
264133,01:41,"Jones 4' Running Reverse Layup (2 PTS) (Pickett 1 AST)
Koloko S.FOUL (P1.T4) (N.Sago)
Jones Free Throw 1 of 1 (3 PTS)
",1,1,0,0,2025-03-19,0022401006,0,0,LAL,1,1,-18,01:45,Off Steal,0,Jones 4' Running Reverse Layup (2 PTS) (Pickett 1 AST),,LAL,DEN,DEN,1610612743,2025,615.0,619.0,617.0,1628427|1629008|1629618|1630192|1642461,1629020|1629029|1629216|1631132|1642261,2024-25,135.0,0,-16,0.25882352941176473
264131,01:12,"MISS Porter Jr. 20' Step Back Jump Shot
Doncic REBOUND (Off:0 Def:3)
",1,0,0,0,2025-03-19,0022401006,0,0,LAL,1,0,-16,01:28,Off FT Miss,0,MISS Porter Jr. 20' Step Back Jump Shot,,LAL,DEN,DEN,1610612743,2025,632.0,648.0,640.0,1628427|1629008|1629618|1630192|1642461,1629020|1629029|1629216|1631132|1642261,2024-25,147.0,0,-16,0.8421052631578947
264128,00:49,"MISS Porter Jr. 26' 3PT Jump Shot
Pickett REBOUND (Off:1 Def:0)
Pickett 14' Step Back Jump Shot (2 PTS)
",1,1,1,0,2025-03-19,0022401006,0,1,LAL,1,0,-18,01:07,Off Short Mid-Range Make,0,MISS Porter Jr. 26' 3PT Jump Shot,,LAL,DEN,DEN,1610612743,2025,653.0,671.0,662.0,1628427|1629008|1629618|1630192|1642461,1629020|1629029|1629216|1631132|1642261,2024-25,152.0,0,-16,0.56
264126,00:16,"Doncic BLOCK (1 BLK): MISS Nnaji 3' Driving Layup
LAKERS Rebound
",1,0,0,0,2025-03-19,0022401006,0,0,LAL,1,0,-17,00:35,Off FT Make,0,Doncic BLOCK (1 BLK): MISS Nnaji 3' Driving Layup,,LAL,DEN,DEN,1610612743,2025,685.0,704.0,694.5,1628427|1629008|1629618|1630192|1642461,1629020|1629029|1629216|1631132|1642261,2024-25,159.0,0,-17,0.8
264236,11:48,"Vanderbilt STEAL (1 STL): Cancar Bad Pass Turnover (P1.T5)
",0,0,0,0,2025-03-19,0022401006,0,0,LAL,2,0,-17,12:00,Off Dead Ball,1,Vanderbilt STEAL (1 STL): Cancar Bad Pass Turnover (P1.T5),,LAL,DEN,DEN,1610612743,2025,720.0,732.0,726.0,203932|1628427|1629008|1629618|1642461,1627827|1629020|1630559|1630692|1642261,2024-25,184.0,0,-17,0.6086956521739131
264235,11:28,"Goodwin STEAL (1 STL): Gordon Bad Pass Turnover (P2.T6)
",0,0,0,0,2025-03-19,0022401006,0,0,LAL,2,0,-17,11:38,Off Arc 3 Miss,1,Goodwin STEAL (1 STL): Gordon Bad Pass Turnover (P2.T6),,LAL,DEN,DEN,1610612743,2025,742.0,752.0,747.0,203932|1628427|1629008|1629618|1642461,1627827|1629020|1630559|1630692|1642261,2024-25,188.0,0,-17,0.6966292134831461
264231,11:02,"Vanderbilt P.FOUL (P1.T1) (R.Acosta)
MISS Gordon 26' 3PT Jump Shot
Jones REBOUND (Off:1 Def:0)
Goodwin STEAL (2 STL): Jones Bad Pass Turnover (P1.T7)
",0,0,1,0,2025-03-19,0022401006,0,1,LAL,2,0,-19,11:23,Off At Rim Make,1,Vanderbilt P.FOUL (P1.T1) (R.Acosta),,LAL,DEN,DEN,1610612743,2025,757.0,778.0,767.5,203932|1628427|1629008|1629618|1642461,1627827|1629020|1630559|1630692|1642261,2024-25,196.0,0,-19,0.18518518518518517
264230,10:39,"Vanderbilt STEAL (2 STL): Cancar Bad Pass Turnover (P2.T8)
",0,0,0,0,2025-03-19,0022401006,0,0,LAL,2,0,-22,10:57,Off Arc 3 Make,1,Vanderbilt STEAL (2 STL): Cancar Bad Pass Turnover (P2.T8),,LAL,DEN,DEN,1610612743,2025,783.0,801.0,792.0,203932|1628427|1629008|1629618|1642461,1627827|1629020|1630559|1630692|1642261,2024-25,200.0,0,-22,0.6086956521739131
264227,10:24,"Vanderbilt S.FOUL (P2.T2) (N.Sago)
MISS Gordon Free Throw 1 of 2
Nuggets Rebound
Gordon Free Throw 2 of 2 (9 PTS)
",0,0,0,0,2025-03-19,0022401006,0,0,LAL,2,1,-24,10:36,Off Timeout,0,MISS Gordon Free Throw 1 of 2,,LAL,DEN,DEN,1610612743,2025,804.0,816.0,810.0,201566|203932|1629008|1631128|1642461,1627827|1629020|1630559|1630692|1642261,2024-25,211.0,0,-24,0.9508196721311475
264225,09:58,"Gordon 3PT Jump Shot (12 PTS) (Braun 2 AST)
",0,0,1,1,2025-03-19,0022401006,0,0,LAL,2,0,-26,10:11,Off Arc 3 Make,0,Gordon 3PT Jump Shot (12 PTS) (Braun 2 AST),,LAL,DEN,DEN,1610612743,2025,829.0,842.0,835.5,201566|203932|1629008|1631128|1642461,1627827|1629020|1630559|1630692|1642261,2024-25,216.0,0,-23,0.8192771084337349
264224,09:25,"Porter Jr. 9' Reverse Layup (8 PTS)
",1,1,0,0,2025-03-19,0022401006,0,0,LAL,2,0,-25,09:40,Off FT Make,0,Porter Jr. 9' Reverse Layup (8 PTS),,LAL,DEN,DEN,1610612743,2025,860.0,875.0,867.5,201566|203932|1629008|1631128|1642461,1627827|1629020|1630559|1630692|1642261,2024-25,222.0,0,-23,0.3287671232876712
264223,09:02,"Braun 2' Running Layup (4 PTS)
",1,1,0,0,2025-03-19,0022401006,0,0,LAL,2,0,-23,09:05,Off At Rim Block,0,Braun 2' Running Layup (4 PTS),,LAL,DEN,DEN,1610612743,2025,895.0,898.0,896.5,201566|203932|1629008|1631128|1642461,1627827|1629020|1630559|1630692|1642261,2024-25,226.0,0,-21,0.38461538461538464
264222,08:36,"Goodwin STEAL (3 STL): Westbrook Bad Pass Turnover (P3.T9)
",0,0,0,0,2025-03-19,0022401006,0,0,LAL,2,0,-23,08:46,Off At Rim Make,1,Goodwin STEAL (3 STL): Westbrook Bad Pass Turnover (P3.T9),,LAL,DEN,DEN,1610612743,2025,914.0,924.0,919.0,201566|203932|1629008|1631128|1642461,1627827|1629020|1630559|1630692|1642261,2024-25,228.0,0,-23,0.4444444444444444
264221,08:16,"Gordon Traveling Turnover (P3.T10)
",0,0,0,0,2025-03-19,0022401006,0,0,LAL,2,0,-25,08:32,Off At Rim Make,1,Gordon Traveling Turnover (P3.T10),,LAL,DEN,DEN,1610612743,2025,928.0,944.0,936.0,201566|203932|1629008|1631128|1642461,1627827|1629020|1630559|1630692|1642261,2024-25,232.0,0,-25,0.45161290322580644
264220,07:57,"Watson 2' Running Layup (4 PTS) (Braun 3 AST)
",1,1,0,0,2025-03-19,0022401006,0,0,LAL,2,0,-25,08:06,Off Steal,0,Watson 2' Running Layup (4 PTS) (Braun 3 AST),,LAL,DEN,DEN,1610612743,2025,954.0,963.0,958.5,201566|203932|1629008|1631128|1631212,1627827|1629029|1629637|1630559|1630692,2024-25,241.0,0,-23,0.2571428571428571
264219,07:07,"MISS Watson 2' Reverse Layup
Goodwin REBOUND (Off:0 Def:2)
",1,0,0,0,2025-03-19,0022401006,0,0,LAL,2,0,-25,07:31,Off Long Mid-Range Make,0,Goodwin REBOUND (Off:0 Def:2),,LAL,DEN,DEN,1610612743,2025,989.0,1013.0,1001.0,201566|203932|1629008|1631128|1631212,1627827|1629029|1629637|1630559|1630692,2024-25,252.0,0,-25,0.21052631578947367
264217,06:59,"Goodwin STEAL (4 STL): Braun Lost Ball Turnover (P1.T11)
",0,0,0,0,2025-03-19,0022401006,0,0,LAL,2,0,-25,07:04,Off Steal,1,Goodwin STEAL (4 STL): Braun Lost Ball Turnover (P1.T11),,LAL,DEN,DEN,1610612743,2025,1016.0,1021.0,1018.5,201566|203932|1629008|1631128|1631212,1627827|1629029|1629637|1630559|1630692,2024-25,256.0,0,-25,0.30303030303030304
264214,06:29,"MISS Westbrook 4' Driving Layup
Porter Jr. REBOUND (Off:2 Def:0)
Porter Jr. 2' Putback Layup (10 PTS)
",2,1,0,0,2025-03-19,0022401006,0,1,LAL,2,0,-25,06:54,Off At Rim Miss,0,MISS Westbrook 4' Driving Layup,,LAL,DEN,DEN,1610612743,2025,1026.0,1051.0,1038.5,201566|203932|1629008|1631128|1631212,1627827|1629029|1629637|1630559|1630692,2024-25,264.0,0,-23,0.25806451612903225
264213,05:59,"Reaves S.FOUL (P1.T3) (Z.Zarba)
MISS Watson Free Throw 1 of 2
Nuggets Rebound
MISS Watson Free Throw 2 of 2
Knecht REBOUND (Off:0 Def:1)
",0,0,0,0,2025-03-19,0022401006,0,0,LAL,2,1,-25,06:12,Off Long Mid-Range Make,0,Knecht REBOUND (Off:0 Def:1),,LAL,DEN,DEN,1610612743,2025,1068.0,1081.0,1074.5,201566|203932|1629008|1631128|1631212,1627827|1629029|1629637|1630559|1630692,2024-25,269.0,0,-25,0.4
264208,05:26,"MISS Braun 9' Driving Floating Jump Shot
Hayes REBOUND (Off:2 Def:3)
",1,0,0,0,2025-03-19,0022401006,0,0,LAL,2,0,-28,05:46,Off Corner 3 Make,0,Hayes REBOUND (Off:2 Def:3),,LAL,DEN,DEN,1610612743,2025,1094.0,1114.0,1104.0,201566|203932|1631128|1631212|1642461,1629029|1629216|1629637|1630559|1642261,2024-25,280.0,0,-28,0.208955223880597
264206,05:05,"Gordon 14' Turnaround Fadeaway (14 PTS) (Watson 1 AST)
",1,1,0,0,2025-03-19,0022401006,0,0,LAL,2,0,-28,05:20,Off Dead Ball,0,Gordon 14' Turnaround Fadeaway (14 PTS) (Watson 1 AST),,LAL,DEN,DEN,1610612743,2025,1120.0,1135.0,1127.5,201566|203932|1631128|1631212|1642461,1629029|1629216|1629637|1630559|1642261,2024-25,284.0,0,-26,0.8548387096774194
264204,04:39,"MISS Westbrook 26' 3PT Jump Shot
Hayes REBOUND (Off:2 Def:4)
",0,0,1,0,2025-03-19,0022401006,0,0,LAL,2,0,-26,04:47,Off Arc 3 Miss,0,MISS Westbrook 26' 3PT Jump Shot,,LAL,DEN,DEN,1610612743,2025,1153.0,1161.0,1157.0,201566|203932|1631128|1631212|1642461,1629029|1629216|1629637|1630559|1642261,2024-25,288.0,0,-26,0.125
264203,04:22,"Braun 2' Running Layup (6 PTS) (Westbrook 4 AST)
",1,1,0,0,2025-03-19,0022401006,0,0,LAL,2,0,-26,04:26,Off At Rim Miss,0,Braun 2' Running Layup (6 PTS) (Westbrook 4 AST),,LAL,DEN,DEN,1610612743,2025,1174.0,1178.0,1176.0,201566|203932|1631128|1631212|1642461,1629029|1629216|1629637|1630559|1642261,2024-25,292.0,0,-24,0.4074074074074074
264201,04:12,"Westbrook 2' Running Layup (8 PTS)
Goodwin S.FOUL (P1.T4) (R.Acosta)
Westbrook Free Throw 1 of 1 (9 PTS)
",1,1,0,0,2025-03-19,0022401006,0,0,LAL,2,1,-24,04:16,Off Steal,0,Goodwin S.FOUL (P1.T4) (R.Acosta),,LAL,DEN,DEN,1610612743,2025,1184.0,1188.0,1186.0,201566|203932|1631128|1631212|1642461,1629029|1629216|1629637|1630692|1642261,2024-25,307.0,0,-22,0.2857142857142857
264199,03:55,"MISS Jones 26' 3PT Jump Shot
Hayes REBOUND (Off:2 Def:5)
",0,0,1,0,2025-03-19,0022401006,0,0,LAL,2,0,-21,04:07,Off Dead Ball,0,Hayes REBOUND (Off:2 Def:5),,LAL,DEN,DEN,1610612743,2025,1193.0,1205.0,1199.0,201566|203932|1631128|1631212|1642461,1629029|1629216|1629637|1630692|1642261,2024-25,305.0,0,-21,0.16666666666666666
264197,03:28,"Braun Offensive Charge Foul (P1) (N.Sago)
Braun Offensive Foul Turnover (P2.T12)
",0,0,0,0,2025-03-19,0022401006,0,0,LAL,2,0,-21,03:30,Off At Rim Block,1,Braun Offensive Foul Turnover (P2.T12),,LAL,DEN,DEN,1610612743,2025,1230.0,1232.0,1231.0,201566|203932|1631128|1631212|1642461,1629029|1629216|1629637|1630692|1642261,2024-25,313.0,0,-21,0.8831168831168831
264194,03:03,"Doncic S.FOUL (P2.PN) (N.Sago)
MISS Watson Free Throw 1 of 2
Nuggets Rebound
Watson Free Throw 2 of 2 (5 PTS)
",0,0,0,0,2025-03-19,0022401006,0,0,LAL,2,1,-21,03:09,Off Short Mid-Range Miss,0,Nuggets Rebound,,LAL,DEN,DEN,1610612743,2025,1251.0,1257.0,1254.0,201566|203932|1629008|1631128|1631212,1629029|1629216|1629637|1630692|1642261,2024-25,322.0,0,-21,0.5405405405405406
264191,02:42,"Braun 2' Running Alley Oop Dunk Shot (8 PTS) (Westbrook 5 AST)
",1,1,0,0,2025-03-19,0022401006,0,0,LAL,2,0,-20,02:44,Off Corner 3 Miss,0,Braun 2' Running Alley Oop Dunk Shot (8 PTS) (Westbrook 5 AST),,LAL,DEN,DEN,1610612743,2025,1276.0,1278.0,1277.0,201566|203932|1629008|1631128|1631212,1629029|1629216|1629637|1630559|1642261,2024-25,328.0,0,-18,0.15730337078651685
264190,02:07,"Hayes STEAL (1 STL): Watson Bad Pass Turnover (P2.T13)
",0,0,0,0,2025-03-19,0022401006,0,0,LAL,2,0,-18,02:21,Off FT Miss,1,Hayes STEAL (1 STL): Watson Bad Pass Turnover (P2.T13),,LAL,DEN,DEN,1610612743,2025,1299.0,1313.0,1306.0,201566|203932|1629008|1631128|1631212,1629020|1629029|1629216|1629637|1630559,2024-25,338.0,0,-18,0.6818181818181818
264189,01:26,"Gordon 3' Driving Layup (16 PTS)
",1,1,0,0,2025-03-19,0022401006,0,0,LAL,2,0,-18,01:49,Off Dead Ball,0,Gordon 3' Driving Layup (16 PTS),,LAL,DEN,DEN,1610612743,2025,1331.0,1354.0,1342.5,201566|203932|1629008|1631128|1631212,1629020|1629029|1629216|1629637|1630559,2024-25,342.0,0,-16,0.5588235294117647
264188,00:49,"MISS Westbrook 5' Driving Layup
Westbrook REBOUND (Off:3 Def:0)
MISS Gordon 24' 3PT Jump Shot
Watson REBOUND (Off:1 Def:1)
Watson Tip Layup Shot (7 PTS)
",2,1,1,0,2025-03-19,0022401006,0,2,LAL,2,0,-18,01:01,Off At Rim Make,0,Watson Tip Layup Shot (7 PTS),,LAL,DEN,DEN,1610612743,2025,1379.0,1391.0,1385.0,201566|203932|1629008|1631128|1631212,1629020|1629029|1629216|1629637|1630559,2024-25,350.0,0,-16,0.8571428571428571
264183,00:26,"Porter Jr. 2' Cutting Dunk Shot (12 PTS) (Westbrook 6 AST)
",1,1,0,0,2025-03-19,0022401006,0,0,LAL,2,0,-18,00:36,Off FT Make,0,Porter Jr. 2' Cutting Dunk Shot (12 PTS) (Westbrook 6 AST),,LAL,DEN,DEN,1610612743,2025,1404.0,1414.0,1409.0,201566|203932|1629008|1631128|1631212,1629020|1629029|1629216|1629637|1630559,2024-25,355.0,0,-16,0.6
264182,00:04,"Watson 1' Running Dunk (9 PTS)
",1,1,0,0,2025-03-19,0022401006,0,0,LAL,2,0,-16,00:08,Off Steal,0,Watson 1' Running Dunk (9 PTS),,LAL,DEN,DEN,1610612743,2025,1432.0,1436.0,1434.0,201566|203932|1629008|1631128|1631212,1629020|1629029|1629216|1629637|1630559,2024-25,359.0,0,-14,0.46153846153846156
264285,11:25,"Finney-Smith P.FOUL (P1.T1) (R.Acosta)
Reaves STEAL (1 STL): Watson Bad Pass Turnover (P3.T14)
",0,0,0,0,2025-03-19,0022401006,0,0,LAL,3,0,-14,12:00,Off Dead Ball,1,Finney-Smith P.FOUL (P1.T1) (R.Acosta),,LAL,DEN,DEN,1610612743,2025,1440.0,1475.0,1457.5,201566|203932|1629008|1631128|1631212,1627827|1629029|1629637|1630559|1630692,2024-25,371.0,0,-14,0.2222222222222222
264284,11:05,"Gordon 6' Turnaround Fadeaway (18 PTS) (Westbrook 7 AST)
",1,1,0,0,2025-03-19,0022401006,0,0,LAL,3,0,-15,11:20,Off FT Miss,0,Gordon 6' Turnaround Fadeaway (18 PTS) (Westbrook 7 AST),,LAL,DEN,DEN,1610612743,2025,1480.0,1495.0,1487.5,201566|203932|1629008|1631128|1631212,1627827|1629029|1629637|1630559|1630692,2024-25,380.0,0,-13,0.3023255813953488
264283,10:29,"Doncic STEAL (2 STL): Gordon Bad Pass Turnover (P4.T15)
",0,0,0,0,2025-03-19,0022401006,0,0,LAL,3,0,-13,10:41,Off Short Mid-Range Miss,1,Doncic STEAL (2 STL): Gordon Bad Pass Turnover (P4.T15),,LAL,DEN,DEN,1610612743,2025,1519.0,1531.0,1525.0,201566|203932|1629008|1631128|1631212,1627827|1629029|1629637|1630559|1630692,2024-25,384.0,0,-13,0.5806451612903226
264282,10:07,"Gordon 24' 3PT Jump Shot (21 PTS) (Watson 2 AST)
",0,0,1,1,2025-03-19,0022401006,0,0,LAL,3,0,-15,10:23,Off Long Mid-Range Make,0,Gordon 24' 3PT Jump Shot (21 PTS) (Watson 2 AST),,LAL,DEN,DEN,1610612743,2025,1537.0,1553.0,1545.0,201566|203932|1629008|1631128|1631212,1627827|1629029|1629637|1630559|1630692,2024-25,387.0,0,-12,0.28205128205128205
264280,09:28,"MISS Westbrook 26' 3PT Jump Shot
Doncic REBOUND (Off:0 Def:4)
",0,0,1,0,2025-03-19,0022401006,0,0,LAL,3,0,-15,09:49,Off Arc 3 Make,0,MISS Westbrook 26' 3PT Jump Shot,,LAL,DEN,DEN,1610612743,2025,1571.0,1592.0,1581.5,201566|203932|1629008|1631128|1631212,1627827|1629029|1629637|1630559|1630692,2024-25,391.0,0,-15,0.46875
264279,09:12,"Gordon 3PT Jump Shot (24 PTS) (Westbrook 8 AST)
",0,0,1,1,2025-03-19,0022401006,0,0,LAL,3,0,-17,09:22,Off At Rim Make,0,Gordon 3PT Jump Shot (24 PTS) (Westbrook 8 AST),,LAL,DEN,DEN,1610612743,2025,1598.0,1608.0,1603.0,201566|203932|1629008|1631128|1631212,1627827|1629029|1629637|1630559|1630692,2024-25,395.0,0,-14,0.08695652173913043
264278,08:34,"Reaves STEAL (2 STL): Porter Jr. Lost Ball Turnover (P1.T16)
",0,0,0,0,2025-03-19,0022401006,0,0,LAL,3,0,-14,08:40,Off Corner 3 Miss,1,Reaves STEAL (2 STL): Porter Jr. Lost Ball Turnover (P1.T16),,LAL,DEN,DEN,1610612743,2025,1640.0,1646.0,1643.0,201566|203932|1629008|1631128|1631212,1627827|1629029|1629637|1630559|1630692,2024-25,399.0,0,-14,0.37894736842105264
264277,08:14,"Watson 26' 3PT Jump Shot (12 PTS) (Westbrook 9 AST)
",0,0,1,1,2025-03-19,0022401006,0,0,LAL,3,0,-16,08:32,Off At Rim Make,0,Watson 26' 3PT Jump Shot (12 PTS) (Westbrook 9 AST),,LAL,DEN,DEN,1610612743,2025,1648.0,1666.0,1657.0,201566|203932|1629008|1631128|1631212,1627827|1629029|1629637|1630559|1630692,2024-25,402.0,0,-13,0.2857142857142857
264275,07:34,"MISS Watson 3PT Jump Shot
Finney-Smith REBOUND (Off:1 Def:1)
",0,0,1,0,2025-03-19,0022401006,0,0,LAL,3,0,-15,07:56,Off At Rim Make,0,MISS Watson 3PT Jump Shot,,LAL,DEN,DEN,1610612743,2025,1684.0,1706.0,1695.0,201566|203932|1629008|1631128|1631212,1627827|1629029|1629637|1630559|1630692,2024-25,407.0,0,-15,0.15384615384615385
264271,07:20,"Reaves S.FOUL (P2.T2) (Z.Zarba)
MISS Braun Free Throw 1 of 2
Nuggets Rebound
MISS Braun Free Throw 2 of 2
Doncic REBOUND (Off:0 Def:5)
",0,0,0,0,2025-03-19,0022401006,0,0,LAL,3,1,-15,07:26,Off Steal,0,MISS Braun Free Throw 1 of 2,,LAL,DEN,DEN,1610612743,2025,1714.0,1720.0,1717.0,201566|203932|1629008|1631128|1631212,1627827|1629029|1629637|1630559|1630692,2024-25,413.0,0,-15,0.9491525423728814
264266,06:38,"Reaves BLOCK (1 BLK): MISS Westbrook 1' Driving Layup
Nuggets Rebound
MISS Gordon 27' 3PT Step Back Jump Shot
Reaves REBOUND (Off:0 Def:2)
",1,0,1,0,2025-03-19,0022401006,0,1,LAL,3,0,-17,07:08,Off Timeout,0,Reaves BLOCK (1 BLK): MISS Westbrook 1' Driving Layup,,LAL,DEN,DEN,1610612743,2025,1732.0,1762.0,1747.0,201566|203932|1629008|1631128|1631212,1627827|1629029|1629216|1629637|1630559,2024-25,419.0,0,-17,0.21686746987951808
264265,06:20,"Gordon 1' Driving Dunk (26 PTS)
",1,1,0,0,2025-03-19,0022401006,0,0,LAL,3,0,-17,06:26,Off Short Mid-Range Miss,0,Gordon 1' Driving Dunk (26 PTS),,LAL,DEN,DEN,1610612743,2025,1774.0,1780.0,1777.0,201566|203932|1629008|1631128|1631212,1627827|1629029|1629216|1629637|1630559,2024-25,430.0,0,-15,0.3116883116883117
264264,05:32,"Doncic P.FOUL (P3.T3) (R.Acosta)
Westbrook 5' Driving Layup (11 PTS)
",1,1,0,0,2025-03-19,0022401006,0,0,LAL,3,0,-15,05:47,Off Short Mid-Range Miss,0,Westbrook 5' Driving Layup (11 PTS),,LAL,DEN,DEN,1610612743,2025,1813.0,1828.0,1820.5,201566|203932|1631128|1631212|1642461,1627827|1629029|1629216|1629637|1630559,2024-25,437.0,0,-13,0.3235294117647059
264262,05:01,"MISS Gordon 25' 3PT Jump Shot
Reaves REBOUND (Off:0 Def:3)
",0,0,1,0,2025-03-19,0022401006,0,0,LAL,3,0,-16,05:14,Off Arc 3 Make,0,Reaves REBOUND (Off:0 Def:3),,LAL,DEN,DEN,1610612743,2025,1846.0,1859.0,1852.5,201566|203932|1631128|1631212|1642461,1627827|1629029|1629216|1629637|1630559,2024-25,442.0,0,-16,0.7419354838709677
264260,04:38,"MISS Braun 26' 3PT Pullup Jump Shot
Reaves REBOUND (Off:0 Def:4)
",0,0,1,0,2025-03-19,0022401006,0,0,LAL,3,0,-18,04:55,Off Short Mid-Range Make,0,Reaves REBOUND (Off:0 Def:4),,LAL,DEN,DEN,1610612743,2025,1865.0,1882.0,1873.5,201566|203932|1631128|1631212|1642461,1627827|1629029|1629216|1629637|1630559,2024-25,444.0,0,-18,0.6984126984126984
264255,04:14,"Koloko S.FOUL (P2.T4) (Z.Zarba)
MISS Westbrook Free Throw 1 of 2
Nuggets Rebound
Westbrook Free Throw 2 of 2 (12 PTS)
",0,0,0,0,2025-03-19,0022401006,0,0,LAL,3,1,-20,04:31,Off Timeout,0,Koloko S.FOUL (P2.T4) (Z.Zarba),,LAL,DEN,DEN,1610612743,2025,1889.0,1906.0,1897.5,201566|203932|1628427|1631128|1642461,1627827|1629029|1629216|1630559|1631132,2024-25,455.0,0,-20,0.2727272727272727
264253,03:41,"MISS Jones 2' Layup
Doncic REBOUND (Off:0 Def:6)
",1,0,0,0,2025-03-19,0022401006,0,0,LAL,3,0,-21,03:58,Off At Rim Make,0,MISS Jones 2' Layup,,LAL,DEN,DEN,1610612743,2025,1922.0,1939.0,1930.5,201566|203932|1628427|1631128|1642461,1627827|1629029|1629216|1630559|1631132,2024-25,460.0,0,-21,0.8421052631578947
264251,03:23,"MISS Jones 3PT Running Jump Shot
Koloko REBOUND (Off:0 Def:1)
",0,0,1,0,2025-03-19,0022401006,0,0,LAL,3,0,-21,03:37,Off Arc 3 Miss,0,MISS Jones 3PT Running Jump Shot,,LAL,DEN,DEN,1610612743,2025,1943.0,1957.0,1950.0,201566|203932|1628427|1631128|1642461,1627827|1629029|1629216|1630559|1631132,2024-25,464.0,0,-21,0.26865671641791045
264248,03:03,"Koloko S.FOUL (P3.PN) (N.Sago)
Braun Free Throw 1 of 2 (9 PTS)
Braun Free Throw 2 of 2 (10 PTS)
",0,0,0,0,2025-03-19,0022401006,0,0,LAL,3,1,-24,03:11,Off Arc 3 Make,0,Koloko S.FOUL (P3.PN) (N.Sago),,LAL,DEN,DEN,1610612743,2025,1969.0,1977.0,1973.0,201566|203932|1628427|1631128|1642461,1627827|1629029|1629216|1630559|1631132,2024-25,470.0,0,-24,0.26666666666666666
264247,02:27,"MISS Nnaji 20' Jump Shot
Doncic REBOUND (Off:0 Def:7)
",1,0,0,0,2025-03-19,0022401006,0,0,LAL,3,0,-23,02:46,Off FT Make,0,Doncic REBOUND (Off:0 Def:7),,LAL,DEN,DEN,1610612743,2025,1994.0,2013.0,2003.5,1628427|1629008|1629618|1630192|1642461,1629020|1629029|1629216|1631132|1642261,2024-25,487.0,0,-23,0.13043478260869565
264245,02:06,"Vanderbilt STEAL (3 STL): Porter Jr. Bad Pass Turnover (P2.T17)
",0,0,0,0,2025-03-19,0022401006,0,0,LAL,3,0,-23,02:17,Off Arc 3 Miss,1,Vanderbilt STEAL (3 STL): Porter Jr. Bad Pass Turnover (P2.T17),,LAL,DEN,DEN,1610612743,2025,2023.0,2034.0,2028.5,1628427|1629008|1629618|1630192|1642461,1629020|1629029|1629216|1631132|1642261,2024-25,547.0,0,-23,0.6732673267326733
264243,01:47,"MISS Pickett 22' Step Back Jump Shot
Koloko REBOUND (Off:0 Def:2)
",1,0,0,0,2025-03-19,0022401006,0,0,LAL,3,0,-23,02:06,Off Dead Ball,0,MISS Pickett 22' Step Back Jump Shot,,LAL,DEN,DEN,1610612743,2025,2034.0,2053.0,2043.5,1628427|1629008|1629618|1630192|1642461,1629020|1629029|1629216|1631132|1642261,2024-25,495.0,0,-23,0.35294117647058826
264241,01:16,"MISS Porter Jr. 26' 3PT Step Back Jump Shot
Doncic REBOUND (Off:0 Def:8)
",0,0,1,0,2025-03-19,0022401006,0,0,LAL,3,0,-23,01:37,Off Dead Ball,0,MISS Porter Jr. 26' 3PT Step Back Jump Shot,,LAL,DEN,DEN,1610612743,2025,2063.0,2084.0,2073.5,1628427|1629008|1629618|1630192|1642461,1629020|1629029|1629216|1631132|1642261,2024-25,500.0,0,-23,0.18181818181818182
264239,00:55,"MISS Nnaji 3' Layup
Koloko REBOUND (Off:0 Def:3)
",1,0,0,0,2025-03-19,0022401006,0,0,LAL,3,0,-23,01:07,Off Steal,0,MISS Nnaji 3' Layup,,LAL,DEN,DEN,1610612743,2025,2093.0,2105.0,2099.0,1628427|1629008|1629618|1630192|1642461,1629020|1629029|1629216|1631132|1642261,2024-25,504.0,0,-23,0.16
264238,00:19,"Nuggets Turnover: Shot Clock (T#18)
",0,0,0,0,2025-03-19,0022401006,0,0,LAL,3,0,-26,00:44,Off Arc 3 Make,1,Nuggets Turnover: Shot Clock (T#18),,LAL,DEN,DEN,1610612743,2025,2116.0,2141.0,2128.5,1628427|1629008|1629618|1630192|1642461,1629020|1629029|1629216|1631132|1642261,2024-25,508.0,0,-26,0.12345679012345678
264237,00:00,,0,0,0,0,2025-03-19,0022401006,0,0,LAL,3,0,-28,00:03,Off At Rim Make,0,,,LAL,DEN,DEN,1610612743,2025,2157.0,2160.0,2158.5,1628427|1629618|1630192|1641816|1642461,1629020|1629029|1629216|1631132|1642261,2024-25,511.0,0,-28,0.0
264325,11:23,"MISS Cancar 27' 3PT Jump Shot
LAKERS Rebound
",0,0,1,0,2025-03-19,0022401006,0,0,LAL,4,0,-30,11:42,Off Short Mid-Range Make,0,LAKERS Rebound,,LAL,DEN,DEN,1610612743,2025,2178.0,2197.0,2187.5,1628427|1629618|1630192|1641816|1642461,1627827|1629020|1629216|1630559|1642261,2024-25,521.0,0,-30,0.4090909090909091
264323,10:48,"MISS Pickett 25' 3PT Running Jump Shot
Tyson REBOUND (Off:1 Def:0)
MISS Pickett 1' Driving Layup
Nuggets Rebound
Cancar 4' Driving Layup (2 PTS) (Pickett 2 AST)
",2,1,1,0,2025-03-19,0022401006,0,2,LAL,4,0,-30,11:06,Off At Rim Miss,0,Cancar 4' Driving Layup (2 PTS) (Pickett 2 AST),,LAL,DEN,DEN,1610612743,2025,2214.0,2232.0,2223.0,1628427|1629618|1630192|1641816|1642461,1627827|1629020|1629216|1630559|1642261,2024-25,532.0,0,-28,0.2962962962962963
264317,10:12,"MISS Tyson 3PT Jump Shot
Finney-Smith REBOUND (Off:1 Def:2)
",0,0,1,0,2025-03-19,0022401006,0,0,LAL,4,0,-28,10:21,Off Arc 3 Miss,0,MISS Tyson 3PT Jump Shot,,LAL,DEN,DEN,1610612743,2025,2259.0,2268.0,2263.5,1628427|1629618|1630192|1641816|1642461,1627827|1629020|1629216|1630559|1642261,2024-25,536.0,0,-28,0.2823529411764706
264316,09:55,"Jones 2' Cutting Dunk Shot (5 PTS) (Pickett 3 AST)
",1,1,0,0,2025-03-19,0022401006,0,0,LAL,4,0,-28,10:01,Off Arc 3 Miss,0,Jones 2' Cutting Dunk Shot (5 PTS) (Pickett 3 AST),,LAL,DEN,DEN,1610612743,2025,2279.0,2285.0,2282.0,1628427|1629618|1630192|1641816|1642461,1627827|1629020|1629216|1630559|1642261,2024-25,540.0,0,-26,0.2857142857142857
264315,09:21,"Pickett 26' 3PT Step Back Jump Shot (5 PTS)
",0,0,1,1,2025-03-19,0022401006,0,0,LAL,4,0,-26,09:28,Off Arc 3 Miss,0,Pickett 26' 3PT Step Back Jump Shot (5 PTS),,LAL,DEN,DEN,1610612743,2025,2312.0,2319.0,2315.5,1628427|1629618|1630192|1641816|1642461,1627827|1629020|1629216|1630559|1642261,2024-25,544.0,0,-23,0.1891891891891892
264313,08:44,"MISS Nnaji 3PT Jump Shot
Finney-Smith REBOUND (Off:1 Def:3)
",0,0,1,0,2025-03-19,0022401006,0,0,LAL,4,0,-23,09:01,Off Steal,0,MISS Nnaji 3PT Jump Shot,,LAL,DEN,DEN,1610612743,2025,2339.0,2356.0,2347.5,1628427|1629618|1630192|1641816|1642461,1627827|1629020|1629216|1630559|1642261,2024-25,549.0,0,-23,0.6829268292682927
264311,08:26,"MISS Nnaji 1' Driving Reverse Layup
Reaves REBOUND (Off:0 Def:5)
",1,0,0,0,2025-03-19,0022401006,0,0,LAL,4,0,-23,08:35,Off Short Mid-Range Miss,0,MISS Nnaji 1' Driving Reverse Layup,,LAL,DEN,DEN,1610612743,2025,2365.0,2374.0,2369.5,1628427|1629618|1630192|1641816|1642461,1627827|1629020|1629216|1630559|1642261,2024-25,553.0,0,-23,0.9142857142857143
264310,07:40,"MISS Jones 3PT Jump Shot
Jones REBOUND (Off:2 Def:1)
Jones 11' Driving Floating Jump Shot (7 PTS)
",1,1,1,0,2025-03-19,0022401006,0,1,LAL,4,0,-23,08:05,Off Dead Ball,0,Jones 11' Driving Floating Jump Shot (7 PTS),,LAL,DEN,DEN,1610612743,2025,2395.0,2420.0,2407.5,1628427|1629618|1641790|1641816|1642461,1627827|1629020|1630559|1630692|1642261,2024-25,565.0,0,-21,0.16161616161616163
264307,07:00,"Jones 9' Hook Shot (9 PTS) (Pickett 4 AST)
",1,1,0,0,2025-03-19,0022401006,0,0,LAL,4,0,-23,07:12,Off At Rim Make,0,Jones 9' Hook Shot (9 PTS) (Pickett 4 AST),,LAL,DEN,DEN,1610612743,2025,2448.0,2460.0,2454.0,1628427|1629618|1641790|1641816|1642461,1627827|1629020|1630559|1630692|1642261,2024-25,568.0,0,-21,0.3448275862068966
264306,06:07,"Pickett 26' 3PT Jump Shot (8 PTS) (Hall 1 AST)
",0,0,1,1,2025-03-19,0022401006,0,0,LAL,4,0,-23,06:35,Off FT Make,0,Pickett 26' 3PT Jump Shot (8 PTS) (Hall 1 AST),,LAL,DEN,DEN,1610612743,2025,2485.0,2513.0,2499.0,1628427|1629618|1641790|1641816|1642461,1627827|1629003|1630559|1630692|1631132,2024-25,581.0,0,-20,0.4329896907216495
264305,05:37,"Tyson 1' Cutting Layup Shot (2 PTS) (Cancar 1 AST)
",1,1,0,0,2025-03-19,0022401006,0,0,LAL,4,0,-21,05:49,Off FT Make,0,Tyson 1' Cutting Layup Shot (2 PTS) (Cancar 1 AST),,LAL,DEN,DEN,1610612743,2025,2531.0,2543.0,2537.0,1628427|1629618|1641790|1641816|1642461,1629003|1630559|1630692|1631132|1642261,2024-25,590.0,0,-19,0.4339622641509434
264302,05:05,"Knecht S.FOUL (P1.T1) (R.Acosta)
Tyson Free Throw 1 of 2 (3 PTS)
Tyson Free Throw 2 of 2 (4 PTS)
",0,0,0,0,2025-03-19,0022401006,0,0,LAL,4,1,-19,05:11,Off Short Mid-Range Miss,0,Knecht S.FOUL (P1.T1) (R.Acosta),,LAL,DEN,DEN,1610612743,2025,2569.0,2575.0,2572.0,1628427|1629618|1641790|1641816|1642461,1629003|1630559|1630692|1631132|1642261,2024-25,598.0,0,-19,0.30303030303030304
264301,04:28,"Pickett 25' 3PT Pullup Jump Shot (11 PTS) (Tyson 1 AST)
",0,0,1,1,2025-03-19,0022401006,0,0,LAL,4,0,-19,04:44,Off FT Make,0,Pickett 25' 3PT Pullup Jump Shot (11 PTS) (Tyson 1 AST),,LAL,DEN,DEN,1610612743,2025,2596.0,2612.0,2604.0,1628427|1629618|1641790|1641816|1642461,1629003|1630559|1630692|1631132|1642261,2024-25,607.0,0,-16,0.35514018691588783
264299,03:42,"MISS Tyson 27' 3PT Jump Shot
Hall REBOUND (Off:1 Def:0)
Hall 2' Putback Layup (2 PTS)
",1,1,1,0,2025-03-19,0022401006,0,1,LAL,4,0,-16,03:58,Off Dead Ball,0,Hall REBOUND (Off:1 Def:0),,LAL,DEN,DEN,1610612743,2025,2642.0,2658.0,2650.0,1628427|1629618|1641790|1641816|1642461,1629003|1630692|1631132|1642261|1642355,2024-25,616.0,0,-14,0.1794871794871795
264297,03:08,"Tyson Step Out of Bounds Turnover (P1.T19)
",0,0,0,0,2025-03-19,0022401006,0,0,LAL,4,0,-14,03:25,Off Arc 3 Miss,1,Tyson Step Out of Bounds Turnover (P1.T19),,LAL,DEN,DEN,1610612743,2025,2675.0,2692.0,2683.5,1628427|1629618|1641790|1641816|1642461,1629003|1630692|1631132|1642261|1642355,2024-25,619.0,0,-14,0.49382716049382713
264296,02:32,"Tyson 1' Driving Dunk (6 PTS) (Pickett 5 AST)
",1,1,0,0,2025-03-19,0022401006,0,0,LAL,4,0,-16,02:48,Off Timeout,0,Tyson 1' Driving Dunk (6 PTS) (Pickett 5 AST),,LAL,DEN,DEN,1610612743,2025,2712.0,2728.0,2720.0,1628427|1629618|1641790|1641816|1642461,1629003|1630692|1631132|1642261|1642355,2024-25,622.0,0,-14,0.5048543689320388
264294,01:50,"MISS Tyson 24' 3PT Jump Shot
Knecht REBOUND (Off:0 Def:2)
",0,0,1,0,2025-03-19,0022401006,0,0,LAL,4,0,-14,02:05,Off Arc 3 Miss,0,MISS Tyson 24' 3PT Jump Shot,,LAL,DEN,DEN,1610612743,2025,2755.0,2770.0,2762.5,1628427|1629618|1641790|1641816|1642461,1629003|1630692|1631132|1642261|1642355,2024-25,626.0,0,-14,0.2
264293,01:18,"Pickett 26' 3PT Running Pull-Up Jump Shot (14 PTS) (Cancar 2 AST)
",0,0,1,1,2025-03-19,0022401006,0,0,LAL,4,0,-14,01:23,Off Corner 3 Miss,0,Pickett 26' 3PT Running Pull-Up Jump Shot (14 PTS) (Cancar 2 AST),,LAL,DEN,DEN,1610612743,2025,2797.0,2802.0,2799.5,1628427|1629618|1641790|1641816|1642461,1629003|1630692|1631132|1642261|1642355,2024-25,633.0,0,-11,0.46511627906976744
264292,00:40,"Milton P.FOUL (P1.T2) (N.Sago)
Hall 25' 3PT Jump Bank Shot (5 PTS) (Cancar 3 AST)
",0,0,1,1,2025-03-19,0022401006,0,0,LAL,4,0,-11,00:57,Off Timeout,0,Hall 25' 3PT Jump Bank Shot (5 PTS) (Cancar 3 AST),,LAL,DEN,DEN,1610612743,2025,2823.0,2840.0,2831.5,1628427|1629618|1641790|1641816|1642461,1629003|1630692|1631132|1642261|1642355,2024-25,640.0,0,-8,0.18181818181818182
264290,00:11,"MISS Tyson 25' 3PT Jump Shot
LAKERS Rebound
",0,0,1,0,2025-03-19,0022401006,0,0,LAL,4,0,-10,00:21,Off FT Make,0,LAKERS Rebound,,LAL,DEN,DEN,1610612743,2025,2859.0,2869.0,2864.0,1628427|1629618|1641790|1641816|1642461,1629003|1630692|1631132|1642261|1642355,2024-25,651.0,0,-10,0.1
264287,00:01,"MISS Pickett 26' 3PT Step Back Jump Shot
Knecht REBOUND (Off:0 Def:3)
",0,0,1,0,2025-03-19,0022401006,0,0,LAL,4,0,-12,00:11,Off FT Make,0,MISS Pickett 26' 3PT Step Back Jump Shot,,LAL,DEN,DEN,1610612743,2025,2869.0,2879.0,2874.0,1628427|1629618|1641790|1641816|1642461,1629003|1630692|1631132|1642261|1642355,2024-25,655.0,0,-12,0.125
309461,11:44,"MISS Ingles 10' Driving Floating Jump Shot
McCollum REBOUND (Off:0 Def:1)
",1,0,0,0,2025-03-21,0022401016,0,0,NOP,1,0,0,12:00,Off Dead Ball,0,McCollum REBOUND (Off:0 Def:1),,MIN,NOP,MIN,1610612750,2025,0.0,16.0,8.0,203497|203944|204060|1630162|1630183,203468|203482|1628971|1630631|1642274,2024-25,8.0,0,0,0.7540983606557377
309459,11:32,"Edwards Bad Pass Turnover (P1.T1): McCollum STEAL (1 STL)
",0,0,0,0,2025-03-21,0022401016,0,0,NOP,1,0,0,11:34,Off Short Mid-Range Miss,1,Edwards Bad Pass Turnover (P1.T1): McCollum STEAL (1 STL),,MIN,NOP,MIN,1610612750,2025,26.0,28.0,27.0,203497|203944|204060|1630162|1630183,203468|203482|1628971|1630631|1642274,2024-25,11.0,0,0,0.6739130434782609
309457,10:53,"MISS McDaniels 10' Hook Shot
Missi REBOUND (Off:0 Def:1)
",1,0,0,0,2025-03-21,0022401016,0,0,NOP,1,0,-2,11:15,Off Short Mid-Range Make,0,MISS McDaniels 10' Hook Shot,,MIN,NOP,MIN,1610612750,2025,45.0,67.0,56.0,203497|203944|204060|1630162|1630183,203468|203482|1628971|1630631|1642274,2024-25,15.0,0,-2,0.43478260869565216
309454,10:16,"Randle 2' Driving Layup (2 PTS) (Ingles 1 AST)
Olynyk S.FOUL (P1.T1) (J.Capers)
Randle Free Throw 1 of 1 (3 PTS)
",1,1,0,0,2025-03-21,0022401016,0,0,NOP,1,1,-2,10:29,Off Long Mid-Range Miss,0,Randle 2' Driving Layup (2 PTS) (Ingles 1 AST),,MIN,NOP,MIN,1610612750,2025,91.0,104.0,97.5,203497|203944|204060|1630162|1630183,203468|203482|1628971|1630631|1642274,2024-25,21.0,0,0,0.3333333333333333
309453,09:37,"MISS Ingles 25' 3PT Jump Shot
Brown REBOUND (Off:0 Def:1)
",0,0,1,0,2025-03-21,0022401016,0,0,NOP,1,0,-2,09:59,Off Arc 3 Make,0,Brown REBOUND (Off:0 Def:1),,MIN,NOP,MIN,1610612750,2025,121.0,143.0,132.0,203497|203944|204060|1630162|1630183,203468|203482|1628971|1630631|1642274,2024-25,29.0,0,-2,0.7540983606557377
309451,09:11,"Ingles Bad Pass Turnover (P1.T2): Brown STEAL (1 STL)
",0,0,0,0,2025-03-21,0022401016,0,0,NOP,1,0,-4,09:30,Off At Rim Make,1,Ingles Bad Pass Turnover (P1.T2): Brown STEAL (1 STL),,MIN,NOP,MIN,1610612750,2025,150.0,169.0,159.5,203497|203944|204060|1630162|1630183,203468|203482|1628971|1630631|1642274,2024-25,34.0,0,-4,0.25287356321839083
309450,08:58,"McDaniels 7' Driving Floating Jump Shot (2 PTS) (Randle 1 AST)
",1,1,0,0,2025-03-21,0022401016,0,0,NOP,1,0,-4,09:04,Off Corner 3 Miss,0,McDaniels 7' Driving Floating Jump Shot (2 PTS) (Randle 1 AST),,MIN,NOP,MIN,1610612750,2025,176.0,182.0,179.0,203497|203944|204060|1630162|1630183,203468|203482|1628971|1630631|1642274,2024-25,38.0,0,-2,0.3877551020408163
309449,08:43,"Edwards 1' Running Alley Oop Dunk Shot (2 PTS) (Randle 2 AST)
",1,1,0,0,2025-03-21,0022401016,0,0,NOP,1,0,-2,08:48,Off Steal,0,Edwards 1' Running Alley Oop Dunk Shot (2 PTS) (Randle 2 AST),,MIN,NOP,MIN,1610612750,2025,192.0,197.0,194.5,203497|203944|204060|1630162|1630183,203468|203482|1628971|1630631|1642274,2024-25,42.0,0,0,0.3238095238095238
309448,08:14,"McDaniels 26' 3PT Jump Shot (5 PTS) (Edwards 1 AST)
",0,0,1,1,2025-03-21,0022401016,0,0,NOP,1,0,0,08:22,Off Arc 3 Miss,0,McDaniels 26' 3PT Jump Shot (5 PTS) (Edwards 1 AST),,MIN,NOP,MIN,1610612750,2025,218.0,226.0,222.0,203497|203944|204060|1630162|1630183,203468|203482|1628971|1630631|1642274,2024-25,46.0,0,3,0.35294117647058826
309447,07:34,"Randle Out of Bounds - Bad Pass Turnover Turnover (P1.T3)
",0,0,0,0,2025-03-21,0022401016,0,0,NOP,1,0,3,07:53,Off Dead Ball,1,Randle Out of Bounds - Bad Pass Turnover Turnover (P1.T3),,MIN,NOP,MIN,1610612750,2025,247.0,266.0,256.5,203497|203944|204060|1630162|1630183,203468|203482|1628971|1630631|1642274,2024-25,52.0,0,3,0.23008849557522124
309446,07:11,"Randle Lost Ball Turnover (P2.T4): Alvarado STEAL (1 STL)
",0,0,0,0,2025-03-21,0022401016,0,0,NOP,1,0,3,07:26,Off Steal,1,Randle Lost Ball Turnover (P2.T4): Alvarado STEAL (1 STL),,MIN,NOP,MIN,1610612750,2025,274.0,289.0,281.5,203497|203944|204060|1630162|1630183,203468|203482|1628971|1630631|1642274,2024-25,55.0,0,3,0.09803921568627451
309445,06:44,"Randle 27' 3PT Jump Shot (6 PTS) (Gobert 1 AST)
",0,0,1,1,2025-03-21,0022401016,0,0,NOP,1,0,1,07:08,Off At Rim Make,0,Randle 27' 3PT Jump Shot (6 PTS) (Gobert 1 AST),,MIN,NOP,MIN,1610612750,2025,292.0,316.0,304.0,203497|203944|204060|1630162|1630183,203468|203482|1628971|1630631|1642274,2024-25,58.0,0,4,0.17721518987341772
309443,06:12,"MISS Ingles 26' 3PT Pullup Jump Shot
Missi REBOUND (Off:0 Def:2)
",0,0,1,0,2025-03-21,0022401016,0,0,NOP,1,0,4,06:28,Off At Rim Miss,0,MISS Ingles 26' 3PT Pullup Jump Shot,,MIN,NOP,MIN,1610612750,2025,332.0,348.0,340.0,203497|203944|204060|1630162|1630183,203468|203482|1628971|1630631|1642274,2024-25,62.0,0,4,0.2571428571428571
309442,05:55,"MISS Randle 3PT Running Jump Shot
McCollum REBOUND (Off:0 Def:2)
",0,0,1,0,2025-03-21,0022401016,0,0,NOP,1,0,4,05:59,Off At Rim Miss,0,McCollum REBOUND (Off:0 Def:2),,MIN,NOP,MIN,1610612750,2025,361.0,365.0,363.0,203497|203944|204060|1630162|1630183,203468|203482|1628971|1630631|1642274,2024-25,68.0,0,4,0.3466666666666667
309440,05:27,"MISS Reid 7' Turnaround Hook Shot
Olynyk REBOUND (Off:0 Def:1)
",1,0,0,0,2025-03-21,0022401016,0,0,NOP,1,0,1,05:51,Off Timeout,0,Olynyk REBOUND (Off:0 Def:1),,MIN,NOP,MIN,1610612750,2025,369.0,393.0,381.0,203497|1628978|1629675|1630162|1630183,203468|203482|1630526|1630631|1642274,2024-25,80.0,0,1,0.26666666666666666
309437,04:53,"MISS Reid 26' 3PT Jump Shot
Robinson-Earl REBOUND (Off:0 Def:1)
",0,0,1,0,2025-03-21,0022401016,0,0,NOP,1,0,-1,05:17,Off FT Make,0,MISS Reid 26' 3PT Jump Shot,,MIN,NOP,MIN,1610612750,2025,403.0,427.0,415.0,203497|1628978|1629675|1630162|1630183,203468|203482|1630526|1641722|1642274,2024-25,89.0,0,-1,0.2857142857142857
309436,04:22,"MISS DiVincenzo 27' 3PT Pullup Jump Shot
McDaniels REBOUND (Off:1 Def:1)
McDaniels Bad Pass Turnover (P1.T5): Olynyk STEAL (1 STL)
",0,0,1,0,2025-03-21,0022401016,0,1,NOP,1,0,-1,04:43,Off Dead Ball,1,McDaniels Bad Pass Turnover (P1.T5): Olynyk STEAL (1 STL),,MIN,NOP,MIN,1610612750,2025,437.0,458.0,447.5,203497|1628978|1629675|1630162|1630183,203468|203482|1630526|1631255|1641722,2024-25,96.0,0,-1,0.13953488372093023
309433,03:49,"Reid 7' Driving Hook Shot (2 PTS) (DiVincenzo 1 AST)
",1,1,0,0,2025-03-21,0022401016,0,0,NOP,1,0,-1,04:05,Off Arc 3 Miss,0,Reid 7' Driving Hook Shot (2 PTS) (DiVincenzo 1 AST),,MIN,NOP,MIN,1610612750,2025,475.0,491.0,483.0,203497|1628978|1629638|1629675|1630162,203468|203482|1630526|1631255|1641722,2024-25,106.0,0,1,0.273972602739726
309430,03:13,"Robinson-Earl S.FOUL (P1.T2) (G.Petraitis)
Gobert Free Throw 1 of 2 (1 PTS)
Gobert Free Throw 2 of 2 (2 PTS)
",0,0,0,0,2025-03-21,0022401016,0,0,NOP,1,1,-1,03:29,Off Short Mid-Range Make,0,Robinson-Earl S.FOUL (P1.T2) (G.Petraitis),,MIN,NOP,MIN,1610612750,2025,511.0,527.0,519.0,203497|1628978|1629638|1629675|1630162,203468|203482|1630526|1631255|1641722,2024-25,123.0,0,-1,0.2711864406779661
309429,02:45,"Gobert 2' Cutting Dunk Shot (4 PTS) (DiVincenzo 2 AST)
",1,1,0,0,2025-03-21,0022401016,0,0,NOP,1,0,-1,02:57,Off Long Mid-Range Make,0,Gobert 2' Cutting Dunk Shot (4 PTS) (DiVincenzo 2 AST),,MIN,NOP,MIN,1610612750,2025,543.0,555.0,549.0,203497|1628978|1629638|1629675|1630162,203468|1630526|1631232|1631255|1641722,2024-25,116.0,0,1,0.3076923076923077
309428,02:14,"DiVincenzo 3PT Jump Shot (3 PTS) (Alexander-Walker 1 AST)
",0,0,1,1,2025-03-21,0022401016,0,0,NOP,1,0,-1,02:32,Off At Rim Make,0,DiVincenzo 3PT Jump Shot (3 PTS) (Alexander-Walker 1 AST),,MIN,NOP,MIN,1610612750,2025,568.0,586.0,577.0,203497|1628978|1629638|1629675|1630162,203468|1630526|1631232|1631255|1641722,2024-25,120.0,0,2,0.391304347826087
309425,01:40,"Matković P.FOUL (P1.T3) (G.Petraitis)
MISS Reid 27' 3PT Jump Shot
Hawkins REBOUND (Off:0 Def:1)
",0,0,1,0,2025-03-21,0022401016,0,0,NOP,1,0,0,02:03,Off Timeout,0,Matković P.FOUL (P1.T3) (G.Petraitis),,MIN,NOP,MIN,1610612750,2025,597.0,620.0,608.5,203944|1628978|1629638|1629675|1630162,203468|1630526|1631232|1631255|1641722,2024-25,155.0,0,0,0.27586206896551724
309424,01:07,"MISS Alexander-Walker 26' 3PT Jump Shot
Hawkins REBOUND (Off:0 Def:2)
",0,0,1,0,2025-03-21,0022401016,0,0,NOP,1,0,0,01:23,Off Corner 3 Miss,0,Hawkins REBOUND (Off:0 Def:2),,MIN,NOP,MIN,1610612750,2025,637.0,653.0,645.0,203944|1628978|1629638|1629675|1630162,1628971|1630526|1631232|1631255|1641722,2024-25,135.0,0,0,0.2894736842105263
309422,00:41,"Reid 25' 3PT Jump Shot (5 PTS) (Randle 3 AST)
",0,0,1,1,2025-03-21,0022401016,0,0,NOP,1,0,0,00:54,Off Steal,0,Reid 25' 3PT Jump Shot (5 PTS) (Randle 3 AST),,MIN,NOP,MIN,1610612750,2025,666.0,679.0,672.5,203944|1628978|1629638|1629675|1630162,1628971|1630526|1631232|1631255|1641722,2024-25,140.0,0,3,0.3829787234042553
309421,00:08,"Randle 27' 3PT Jump Shot (9 PTS) (Reid 1 AST)
",0,0,1,1,2025-03-21,0022401016,0,0,NOP,1,0,3,00:32,Off Dead Ball,0,Randle 27' 3PT Jump Shot (9 PTS) (Reid 1 AST),,MIN,NOP,MIN,1610612750,2025,688.0,712.0,700.0,203944|1628978|1629638|1629675|1630162,1628971|1630526|1631232|1631255|1641722,2024-25,144.0,0,6,0.2558139534883721
309517,11:10,"Clark Lost Ball Turnover (P1.T6): Matković STEAL (1 STL)
",0,0,0,0,2025-03-21,0022401016,0,0,NOP,2,0,4,11:37,Off Short Mid-Range Make,1,Clark Lost Ball Turnover (P1.T6): Matković STEAL (1 STL),,MIN,NOP,MIN,1610612750,2025,743.0,770.0,756.5,203944|1628978|1629638|1629675|1641740,203482|1630631|1631232|1631255|1641722,2024-25,160.0,0,4,0.14084507042253522
309516,10:44,"Alexander-Walker 2' Cutting Layup Shot (2 PTS) (Reid 2 AST)
",1,1,0,0,2025-03-21,0022401016,0,0,NOP,2,0,2,11:03,Off At Rim Make,0,Alexander-Walker 2' Cutting Layup Shot (2 PTS) (Reid 2 AST),,MIN,NOP,MIN,1610612750,2025,777.0,796.0,786.5,203944|1628978|1629638|1629675|1641740,203482|1630631|1631232|1631255|1641722,2024-25,164.0,0,4,0.09876543209876543
309514,10:04,"MISS DiVincenzo 27' 3PT Jump Shot
Brooks Jr. REBOUND (Off:0 Def:1)
",0,0,1,0,2025-03-21,0022401016,0,0,NOP,2,0,1,10:20,Off Arc 3 Make,0,MISS DiVincenzo 27' 3PT Jump Shot,,MIN,NOP,MIN,1610612750,2025,820.0,836.0,828.0,203944|1628978|1629638|1629675|1641740,203482|1630631|1631232|1631255|1641722,2024-25,167.0,0,1,0.37037037037037035
309512,09:35,"MISS Randle 26' 3PT Jump Shot
Brooks Jr. REBOUND (Off:0 Def:2)
",0,0,1,0,2025-03-21,0022401016,0,0,NOP,2,0,-1,09:47,Off Short Mid-Range Make,0,MISS Randle 26' 3PT Jump Shot,,MIN,NOP,MIN,1610612750,2025,853.0,865.0,859.0,203944|1628978|1629638|1629675|1641740,203482|1630631|1631232|1631255|1641722,2024-25,171.0,0,-1,0.19607843137254902
309511,09:09,"MISS Alexander-Walker 3' Driving Dunk: Brooks Jr. BLOCK (1 BLK)
Olynyk REBOUND (Off:0 Def:2)
",1,0,0,0,2025-03-21,0022401016,0,0,NOP,2,0,-4,09:25,Off Arc 3 Make,0,Olynyk REBOUND (Off:0 Def:2),,MIN,NOP,MIN,1610612750,2025,875.0,891.0,883.0,203944|1628978|1629638|1629675|1641740,203482|1630631|1631232|1631255|1641722,2024-25,188.0,0,-4,0.2222222222222222
309504,08:21,"MISS Randle 7' Driving Floating Jump Shot
DiVincenzo REBOUND (Off:1 Def:0)
MISS Reid 25' 3PT Jump Shot
Randle REBOUND (Off:1 Def:2)
Matković P.FOUL (P2.T1) (J.Capers)
Clark 25' 3PT Jump Shot (3 PTS) (Reid 3 AST)
",1,0,2,1,2025-03-21,0022401016,0,2,NOP,2,0,-4,09:04,Off Arc 3 Miss,0,MISS Randle 7' Driving Floating Jump Shot,,MIN,NOP,MIN,1610612750,2025,896.0,939.0,917.5,203944|1628978|1629638|1629675|1641740,203482|1630631|1631232|1631255|1641722,2024-25,210.0,0,-1,0.25806451612903225
309503,08:03,"Reid 2' Running Finger Roll Layup (7 PTS) (Clark 1 AST)
",1,1,0,0,2025-03-21,0022401016,0,0,NOP,2,0,-1,08:08,Off Steal,0,Reid 2' Running Finger Roll Layup (7 PTS) (Clark 1 AST),,MIN,NOP,MIN,1610612750,2025,952.0,957.0,954.5,201144|203497|1629638|1629675|1641740,203482|1630631|1631232|1631255|1641810,2024-25,195.0,0,1,0.1038961038961039
309502,07:45,"MISS Clark 2' Running Layup: Alvarado BLOCK (1 BLK)
TIMBERWOLVES Rebound
Alexander-Walker 2' Driving Layup (4 PTS) (Conley 1 AST)
",2,1,0,0,2025-03-21,0022401016,0,1,NOP,2,0,1,07:57,Off Steal,0,Alexander-Walker 2' Driving Layup (4 PTS) (Conley 1 AST),,MIN,NOP,MIN,1610612750,2025,963.0,975.0,969.0,201144|203497|1629638|1629675|1641740,203482|1630631|1631232|1641810|1642274,2024-25,206.0,0,3,0.16091954022988506
309499,06:52,"Reid 27' 3PT Jump Shot (10 PTS) (Alexander-Walker 2 AST)
",0,0,1,1,2025-03-21,0022401016,0,0,NOP,2,0,3,07:12,Off Dead Ball,0,Reid 27' 3PT Jump Shot (10 PTS) (Alexander-Walker 2 AST),,MIN,NOP,MIN,1610612750,2025,1008.0,1028.0,1018.0,201144|203497|1629638|1629675|1641740,203468|1628971|1630526|1641810|1642274,2024-25,219.0,0,6,0.24444444444444444
309498,06:18,"Gobert 3' Dunk (6 PTS) (Reid 4 AST)
",1,1,0,0,2025-03-21,0022401016,0,0,NOP,2,0,6,06:30,Off Corner 3 Miss,0,Gobert 3' Dunk (6 PTS) (Reid 4 AST),,MIN,NOP,MIN,1610612750,2025,1050.0,1062.0,1056.0,201144|203497|1629638|1629675|1641740,203468|1628971|1630526|1641810|1642274,2024-25,223.0,0,8,0.25806451612903225
309497,05:51,"Alexander-Walker Lost Ball Turnover (P1.T7): McCollum STEAL (2 STL)
",0,0,0,0,2025-03-21,0022401016,0,0,NOP,2,0,8,06:00,Off Arc 3 Miss,1,Alexander-Walker Lost Ball Turnover (P1.T7): McCollum STEAL (2 STL),,MIN,NOP,MIN,1610612750,2025,1080.0,1089.0,1084.5,201144|203497|1629638|1629675|1641740,203468|1628971|1630526|1641810|1642274,2024-25,227.0,0,8,0.11235955056179775
309493,05:16,"MISS Alexander-Walker 7' Driving Floating Jump Shot
TIMBERWOLVES Rebound
Brown L.B.FOUL (P1.T2) (J.Capers)
Gobert Lost Ball Turnover (P1.T8): Robinson-Earl STEAL (1 STL)
",1,0,0,0,2025-03-21,0022401016,0,1,NOP,2,0,6,05:49,Off At Rim Make,1,MISS Alexander-Walker 7' Driving Floating Jump Shot,,MIN,NOP,MIN,1610612750,2025,1091.0,1124.0,1107.5,201144|203497|1629638|1629675|1641740,203468|1628971|1630526|1641810|1642274,2024-25,231.0,0,6,0.17391304347826086
309492,05:03,"Edwards Bad Pass Turnover (P2.T9): McCollum STEAL (3 STL)
",0,0,0,0,2025-03-21,0022401016,0,0,NOP,2,0,6,05:05,Off Arc 3 Miss,1,Edwards Bad Pass Turnover (P2.T9): McCollum STEAL (3 STL),,MIN,NOP,MIN,1610612750,2025,1135.0,1137.0,1136.0,203497|1629675|1630162|1630183|1641740,203468|1628971|1630526|1641722|1642274,2024-25,245.0,0,6,0.16
309491,04:50,"MISS Edwards 25' 3PT Jump Shot
Hawkins REBOUND (Off:0 Def:3)
",0,0,1,0,2025-03-21,0022401016,0,0,NOP,2,0,6,05:00,Off Dead Ball,0,Hawkins REBOUND (Off:0 Def:3),,MIN,NOP,MIN,1610612750,2025,1140.0,1150.0,1145.0,203497|203944|1630162|1630183|1641740,203468|1628971|1630526|1641722|1642274,2024-25,251.0,0,6,0.3
309489,04:31,"Edwards 4' Driving Layup (4 PTS)
",1,1,0,0,2025-03-21,0022401016,0,0,NOP,2,0,6,04:39,Off Arc 3 Miss,0,Edwards 4' Driving Layup (4 PTS),,MIN,NOP,MIN,1610612750,2025,1161.0,1169.0,1165.0,203497|203944|1630162|1630183|1641740,203468|1628971|1630526|1641722|1642274,2024-25,255.0,0,8,0.45454545454545453
309487,03:57,"MISS Edwards 26' 3PT Jump Shot
Edwards REBOUND (Off:1 Def:1)
McDaniels 1' Cutting Layup Shot (7 PTS) (Gobert 2 AST)
",1,1,1,0,2025-03-21,0022401016,0,1,NOP,2,0,6,04:22,Off Long Mid-Range Make,0,Edwards REBOUND (Off:1 Def:1),,MIN,NOP,MIN,1610612750,2025,1178.0,1203.0,1190.5,203497|203944|1630162|1630183|1641740,203468|1628971|1630526|1641722|1642274,2024-25,297.0,0,8,0.17543859649122806
309485,03:19,"Edwards 30' 3PT Pullup Jump Shot (7 PTS) (DiVincenzo 3 AST)
",0,0,1,1,2025-03-21,0022401016,0,0,NOP,2,0,5,03:45,Off Corner 3 Make,0,Edwards 30' 3PT Pullup Jump Shot (7 PTS) (DiVincenzo 3 AST),,MIN,NOP,MIN,1610612750,2025,1215.0,1241.0,1228.0,203497|203944|1628978|1630162|1630183,203468|1628971|1630526|1641722|1642274,2024-25,266.0,0,8,0.20202020202020202
309484,02:44,"MISS DiVincenzo 28' 3PT Jump Shot
Gobert REBOUND (Off:1 Def:5)
Missi S.FOUL (P2.T3) (E.Scott)
Gobert Free Throw 1 of 2 (7 PTS)
Gobert Free Throw 2 of 2 (8 PTS)
",0,0,1,0,2025-03-21,0022401016,0,1,NOP,2,1,6,03:02,Off Short Mid-Range Make,0,Gobert Free Throw 2 of 2 (8 PTS),,MIN,NOP,MIN,1610612750,2025,1258.0,1276.0,1267.0,203497|203944|1628978|1630162|1630183,203468|1628971|1630526|1641722|1642274,2024-25,317.0,8,14,0.4444444444444444
309478,02:23,"Randle 3' Layup (11 PTS)
Olynyk S.FOUL (P2.T4) (J.Capers)
Randle Free Throw 1 of 1 (12 PTS)
",1,1,0,0,2025-03-21,0022401016,0,0,NOP,2,1,8,02:31,Off Steal,0,Olynyk S.FOUL (P2.T4) (J.Capers),,MIN,NOP,MIN,1610612750,2025,1289.0,1297.0,1293.0,203497|203944|1628978|1630162|1630183,203468|203482|1628971|1641722|1642274,2024-25,279.0,0,10,0.2127659574468085
309475,01:58,"MISS Randle 26' 3PT Pullup Jump Shot
Hawkins REBOUND (Off:0 Def:4)
",0,0,1,0,2025-03-21,0022401016,0,0,NOP,2,0,9,02:15,Off Short Mid-Range Make,0,MISS Randle 26' 3PT Pullup Jump Shot,,MIN,NOP,MIN,1610612750,2025,1305.0,1322.0,1313.5,203497|203944|1628978|1630162|1630183,203468|203482|1628971|1641722|1642274,2024-25,286.0,0,9,0.17543859649122806
309474,01:29,"DiVincenzo 27' 3PT Jump Shot (6 PTS) (Edwards 2 AST)
",0,0,1,1,2025-03-21,0022401016,0,0,NOP,2,0,9,01:42,Off Arc 3 Miss,0,DiVincenzo 27' 3PT Jump Shot (6 PTS) (Edwards 2 AST),,MIN,NOP,MIN,1610612750,2025,1338.0,1351.0,1344.5,203497|203944|1628978|1630162|1630183,203468|203482|1628971|1641722|1642274,2024-25,291.0,0,12,0.12048192771084337
309469,00:52,"MISS DiVincenzo 26' 3PT Pullup Jump Shot
Gobert REBOUND (Off:2 Def:7)
Brown S.FOUL (P2.PN) (E.Scott)
Gobert Free Throw 1 of 2 (9 PTS)
Gobert Free Throw 2 of 2 (10 PTS)
",0,0,1,0,2025-03-21,0022401016,0,1,NOP,2,1,12,01:08,Off Arc 3 Miss,0,MISS DiVincenzo 26' 3PT Pullup Jump Shot,,MIN,NOP,MIN,1610612750,2025,1372.0,1388.0,1380.0,203497|203944|1628978|1630162|1630183,203468|203482|1628971|1641722|1642274,2024-25,295.0,0,12,0.2028985507246377
309462,00:07,"Brown T.FOUL (P2.PN) (G.Petraitis)
DiVincenzo Free Throw Technical (7 PTS)
MISS DiVincenzo 28' 3PT Jump Shot
Edwards REBOUND (Off:2 Def:1)
MISS Edwards 4' Driving Layup
Randle REBOUND (Off:2 Def:2)
Randle Tip Layup Shot (14 PTS)
",2,1,1,0,2025-03-21,0022401016,0,2,NOP,2,0,11,00:34,Off Arc 3 Make,0,Brown T.FOUL (P2.PN) (G.Petraitis),,MIN,NOP,MIN,1610612750,2025,1406.0,1433.0,1419.5,203497|203944|1628978|1630162|1630183,203468|203482|1628971|1641722|1642274,2024-25,313.0,0,13,0.16666666666666666
309567,11:36,"MISS Edwards 25' 3PT Running Jump Shot
Alvarado REBOUND (Off:0 Def:1)
",0,0,1,0,2025-03-21,0022401016,0,0,NOP,3,0,14,11:42,Off Steal,0,Alvarado REBOUND (Off:0 Def:1),,MIN,NOP,MIN,1610612750,2025,1458.0,1464.0,1461.0,201144|203497|203944|1630162|1630183,203468|203482|1628971|1630631|1642274,2024-25,359.0,0,14,0.7540983606557377
309565,11:13,"Conley Bad Pass Turnover (P1.T10): McCollum STEAL (4 STL)
",0,0,0,0,2025-03-21,0022401016,0,0,NOP,3,0,14,11:23,Off Timeout,1,Conley Bad Pass Turnover (P1.T10): McCollum STEAL (4 STL),,MIN,NOP,MIN,1610612750,2025,1477.0,1487.0,1482.0,201144|203497|203944|1630162|1630183,203468|203482|1628971|1630631|1642274,2024-25,333.0,0,14,0.17391304347826086
309564,10:59,"Edwards 2' Running Layup (9 PTS) (Conley 2 AST)
",1,1,0,0,2025-03-21,0022401016,0,0,NOP,3,0,14,11:04,Off Steal,0,Edwards 2' Running Layup (9 PTS) (Conley 2 AST),,MIN,NOP,MIN,1610612750,2025,1496.0,1501.0,1498.5,201144|203497|203944|1630162|1630183,203468|203482|1628971|1630631|1642274,2024-25,337.0,0,16,0.2028985507246377
309563,10:19,"McDaniels 15' Pullup Jump Shot (9 PTS)
",1,1,0,0,2025-03-21,0022401016,0,0,NOP,3,0,13,10:33,Off Arc 3 Make,0,McDaniels 15' Pullup Jump Shot (9 PTS),,MIN,NOP,MIN,1610612750,2025,1527.0,1541.0,1534.0,201144|203497|203944|1630162|1630183,203468|203482|1628971|1630631|1642274,2024-25,341.0,0,15,0.1643835616438356
309562,09:52,"McDaniels 18' Pullup Jump Shot (11 PTS) (Conley 3 AST)
",1,1,0,0,2025-03-21,0022401016,0,0,NOP,3,0,13,10:04,Off FT Make,0,McDaniels 18' Pullup Jump Shot (11 PTS) (Conley 3 AST),,MIN,NOP,MIN,1610612750,2025,1556.0,1568.0,1562.0,201144|203497|203944|1630162|1630183,203468|203482|1628971|1630631|1642274,2024-25,346.0,0,15,0.07894736842105263
309561,09:30,"Edwards 25' 3PT Jump Shot (12 PTS) (Randle 4 AST)
",0,0,1,1,2025-03-21,0022401016,0,0,NOP,3,0,15,09:39,Off Steal,0,Edwards 25' 3PT Jump Shot (12 PTS) (Randle 4 AST),,MIN,NOP,MIN,1610612750,2025,1581.0,1590.0,1585.5,201144|203497|203944|1630162|1630183,203468|203482|1628971|1630631|1642274,2024-25,351.0,0,18,0.2549019607843137
309560,09:02,"MISS Gobert 2' Driving Dunk: Missi BLOCK (1 BLK)
Brown REBOUND (Off:0 Def:2)
",1,0,0,0,2025-03-21,0022401016,0,0,NOP,3,0,15,09:18,Off FT Make,0,Brown REBOUND (Off:0 Def:2),,MIN,NOP,MIN,1610612750,2025,1602.0,1618.0,1610.0,201144|203497|203944|1630162|1630183,203468|203482|1628971|1630631|1642274,2024-25,358.0,0,15,0.3582089552238806
309558,08:42,"McDaniels 3PT Jump Shot (14 PTS) (Edwards 3 AST)
",0,0,1,1,2025-03-21,0022401016,0,0,NOP,3,0,15,08:53,Off Arc 3 Miss,0,McDaniels 3PT Jump Shot (14 PTS) (Edwards 3 AST),,MIN,NOP,MIN,1610612750,2025,1627.0,1638.0,1632.5,201144|203497|203944|1630162|1630183,203468|203482|1628971|1630631|1642274,2024-25,362.0,0,18,0.30927835051546393
309557,08:22,"McCollum P.FOUL (P1.T1) (J.Capers)
MISS Conley 24' 3PT Pullup Jump Shot
Missi REBOUND (Off:2 Def:3)
",0,0,1,0,2025-03-21,0022401016,0,0,NOP,3,0,18,08:35,Off Dead Ball,0,Missi REBOUND (Off:2 Def:3),,MIN,NOP,MIN,1610612750,2025,1645.0,1658.0,1651.5,201144|203497|203944|1628978|1630183,203468|203482|1628971|1630631|1642274,2024-25,370.0,0,18,0.5882352941176471
309554,07:45,"Brown S.FOUL (P3.T2) (E.Scott)
Randle Free Throw 1 of 2 (15 PTS)
Randle Free Throw 2 of 2 (16 PTS)
",0,0,0,0,2025-03-21,0022401016,0,0,NOP,3,1,18,08:02,Off Corner 3 Miss,0,Randle Free Throw 2 of 2 (16 PTS),,MIN,NOP,MIN,1610612750,2025,1678.0,1695.0,1686.5,201144|203497|203944|1628978|1630183,203468|203482|1628971|1630631|1642274,2024-25,378.0,16,34,0.2222222222222222
309551,07:15,"Gobert 2' Alley Oop Dunk (12 PTS) (Conley 4 AST)
",1,1,0,0,2025-03-21,0022401016,0,0,NOP,3,0,19,07:29,Off FT Miss,0,Gobert 2' Alley Oop Dunk (12 PTS) (Conley 4 AST),,MIN,NOP,MIN,1610612750,2025,1711.0,1725.0,1718.0,201144|203497|1628978|1629675|1630183,203468|203482|1628971|1630631|1642274,2024-25,387.0,0,21,0.17582417582417584
309550,06:44,"MISS McDaniels 8' Driving Floating Jump Shot
Missi REBOUND (Off:2 Def:4)
",1,0,0,0,2025-03-21,0022401016,0,0,NOP,3,0,19,07:04,Off At Rim Make,0,Missi REBOUND (Off:2 Def:4),,MIN,NOP,MIN,1610612750,2025,1736.0,1756.0,1746.0,201144|203497|1628978|1629675|1630183,203468|203482|1628971|1630631|1642274,2024-25,392.0,0,19,0.375
309548,05:59,"McDaniels 1' Cutting Dunk Shot (16 PTS) (Conley 5 AST)
",1,1,0,0,2025-03-21,0022401016,0,0,NOP,3,0,19,06:18,Off Short Mid-Range Miss,0,McDaniels 1' Cutting Dunk Shot (16 PTS) (Conley 5 AST),,MIN,NOP,MIN,1610612750,2025,1782.0,1801.0,1791.5,201144|203497|1629638|1629675|1630183,203468|203482|1630526|1630631|1642274,2024-25,402.0,0,21,0.3333333333333333
309547,05:33,"McCollum Transition Take Foul (P2.T3) (J.Capers)
McDaniels Free Throw 1 of 1 (17 PTS)
MISS McDaniels 5' Driving Floating Jump Shot
Brooks Jr. REBOUND (Off:0 Def:3)
",1,0,0,0,2025-03-21,0022401016,1,0,NOP,3,0,21,05:52,Off Steal,0,Brooks Jr. REBOUND (Off:0 Def:3),,MIN,NOP,MIN,1610612750,2025,1808.0,1827.0,1817.5,201144|203497|1629638|1629675|1630183,203468|1630526|1631232|1641722|1642274,2024-25,405.0,0,21,0.2413793103448276
309543,05:13,"Reid 24' 3PT Jump Shot (13 PTS) (Conley 6 AST)
",0,0,1,1,2025-03-21,0022401016,0,0,NOP,3,0,19,05:26,Off Corner 3 Make,0,Reid 24' 3PT Jump Shot (13 PTS) (Conley 6 AST),,MIN,NOP,MIN,1610612750,2025,1834.0,1847.0,1840.5,201144|203497|1629638|1629675|1630183,203468|1630526|1631232|1641722|1642274,2024-25,417.0,0,22,0.27906976744186046
309542,04:43,"MISS Reid 27' 3PT Jump Shot
Missi REBOUND (Off:2 Def:5)
",0,0,1,0,2025-03-21,0022401016,0,0,NOP,3,0,22,04:58,Off Arc 3 Miss,0,Missi REBOUND (Off:2 Def:5),,MIN,NOP,MIN,1610612750,2025,1862.0,1877.0,1869.5,201144|203497|1629638|1629675|1630183,203468|1630526|1631232|1641722|1642274,2024-25,420.0,0,22,0.2711864406779661
309539,04:15,"MISS Edwards 26' 3PT Jump Shot
Pelicans Rebound
",0,0,1,0,2025-03-21,0022401016,0,0,NOP,3,0,22,04:39,Off Dead Ball,0,MISS Edwards 26' 3PT Jump Shot,,MIN,NOP,MIN,1610612750,2025,1881.0,1905.0,1893.0,203944|1628978|1629638|1629675|1630162,203468|1630526|1631232|1631255|1641722,2024-25,432.0,0,22,0.7169811320754716
309538,03:49,"Edwards Bad Pass Turnover (P3.T11): Robinson-Earl STEAL (2 STL)
",0,0,0,0,2025-03-21,0022401016,0,0,NOP,3,0,22,03:59,Off Dead Ball,1,Edwards Bad Pass Turnover (P3.T11): Robinson-Earl STEAL (2 STL),,MIN,NOP,MIN,1610612750,2025,1921.0,1931.0,1926.0,203944|1628978|1629638|1629675|1630162,203468|1630526|1631232|1631255|1641722,2024-25,436.0,0,22,0.3157894736842105
309537,03:08,"Robinson-Earl P.FOUL (P2.T4) (G.Petraitis)
McCollum T.FOUL (P2.T4) (E.Scott)
DiVincenzo Free Throw Technical (8 PTS)
MISS Edwards 14' Pullup Jump Shot
Randle REBOUND (Off:3 Def:2)
Edwards 25' 3PT Jump Shot (15 PTS) (Randle 5 AST)
",1,0,1,1,2025-03-21,0022401016,0,1,NOP,3,0,22,03:36,Off Steal,0,Edwards 25' 3PT Jump Shot (15 PTS) (Randle 5 AST),,MIN,NOP,MIN,1610612750,2025,1944.0,1972.0,1958.0,203944|1628978|1629638|1629675|1630162,203468|1630526|1631232|1631255|1641722,2024-25,448.0,0,25,0.24324324324324326
309530,02:35,"MISS DiVincenzo 29' 3PT Pullup Jump Shot
Hawkins REBOUND (Off:0 Def:5)
",0,0,1,0,2025-03-21,0022401016,0,0,NOP,3,0,24,02:49,Off Short Mid-Range Make,0,MISS DiVincenzo 29' 3PT Pullup Jump Shot,,MIN,NOP,MIN,1610612750,2025,1991.0,2005.0,1998.0,203944|1628978|1629638|1629675|1630162,203468|1630526|1631232|1631255|1641722,2024-25,452.0,0,24,0.17647058823529413
309527,01:56,"MISS Reid 28' 3PT Jump Shot
TIMBERWOLVES Rebound
Randle 2' Driving Layup (18 PTS) (Edwards 4 AST)
",1,1,1,0,2025-03-21,0022401016,0,1,NOP,3,0,22,02:33,Off FT Make,0,MISS Reid 28' 3PT Jump Shot,,MIN,NOP,MIN,1610612750,2025,2007.0,2044.0,2025.5,203944|1628978|1629638|1629675|1630162,203468|1630526|1631232|1631255|1641722,2024-25,454.0,0,24,0.20689655172413793
309526,01:27,"DiVincenzo 3PT Jump Shot (11 PTS) (Edwards 5 AST)
",0,0,1,1,2025-03-21,0022401016,0,0,NOP,3,0,23,01:45,Off FT Make,0,DiVincenzo 3PT Jump Shot (11 PTS) (Edwards 5 AST),,MIN,NOP,MIN,1610612750,2025,2055.0,2073.0,2064.0,203944|1628978|1629638|1629675|1630162,1628971|1630526|1631232|1631255|1641722,2024-25,471.0,0,26,0.21333333333333335
309523,00:59,"MISS Reid 1' Driving Finger Roll Layup
Randle REBOUND (Off:4 Def:2)
Randle 4' Putback Layup (20 PTS)
",2,1,0,0,2025-03-21,0022401016,0,1,NOP,3,0,24,01:12,Off FT Make,0,MISS Reid 1' Driving Finger Roll Layup,,MIN,NOP,MIN,1610612750,2025,2088.0,2101.0,2094.5,203944|1628978|1629638|1629675|1630162,1628971|1630526|1631232|1631255|1641722,2024-25,480.0,0,26,0.24561403508771928
309522,00:31,"Hawkins S.FOUL (P1.PN) (E.Scott)
Edwards Free Throw 1 of 2 (16 PTS)
Edwards Free Throw 2 of 2 (17 PTS)
",0,0,0,0,2025-03-21,0022401016,0,0,NOP,3,1,23,00:44,Off Arc 3 Make,0,Edwards Free Throw 2 of 2 (17 PTS),,MIN,NOP,MIN,1610612750,2025,2116.0,2129.0,2122.5,203944|1628978|1629638|1629675|1630162,1628971|1630526|1631232|1631255|1641722,2024-25,485.0,17,40,0.3076923076923077
309519,00:00,"MISS Edwards 14' Step Back Jump Shot
TIMBERWOLVES Rebound
",1,0,0,0,2025-03-21,0022401016,0,0,NOP,3,0,25,00:10,Off Arc 3 Miss,0,TIMBERWOLVES Rebound,,MIN,NOP,MIN,1610612750,2025,2150.0,2160.0,2155.0,1628978|1629638|1629675|1630162|1641740,1628971|1630526|1631232|1631255|1641722,2024-25,492.0,0,25,0.16666666666666666
309602,11:42,"Clark 24' 3PT Jump Shot (6 PTS) (Reid 5 AST)
",0,0,1,1,2025-03-21,0022401016,0,0,NOP,4,0,25,12:00,Off Dead Ball,0,Clark 24' 3PT Jump Shot (6 PTS) (Reid 5 AST),,MIN,NOP,MIN,1610612750,2025,2160.0,2178.0,2169.0,203497|1628978|1629638|1629675|1641740,203901|1630526|1631232|1641722|1642274,2024-25,502.0,0,28,0.574468085106383
309601,11:21,"Clark 2' Running Dunk (8 PTS) (Reid 6 AST)
",1,1,0,0,2025-03-21,0022401016,0,0,NOP,4,0,28,11:24,Off Steal,0,Clark 2' Running Dunk (8 PTS) (Reid 6 AST),,MIN,NOP,MIN,1610612750,2025,2196.0,2199.0,2197.5,203497|1628978|1629638|1629675|1641740,203901|1630526|1631232|1641722|1642274,2024-25,506.0,0,30,0.3235294117647059
309600,10:59,"Brooks Jr. S.FOUL (P1.T1) (G.Petraitis)
MISS Gobert Free Throw 1 of 2
TIMBERWOLVES Rebound
Gobert Free Throw 2 of 2 (13 PTS)
",0,0,0,0,2025-03-21,0022401016,0,0,NOP,4,1,30,11:05,Off Short Mid-Range Miss,0,Gobert Free Throw 2 of 2 (13 PTS),,MIN,NOP,MIN,1610612750,2025,2215.0,2221.0,2218.0,203497|1628978|1629638|1629675|1641740,203901|1630526|1631232|1641722|1642274,2024-25,512.0,13,43,0.4827586206896552
309596,10:22,"Alexander-Walker 25' 3PT Jump Shot (7 PTS) (Gobert 3 AST)
",0,0,1,1,2025-03-21,0022401016,0,0,NOP,4,0,28,10:38,Off Arc 3 Make,0,Alexander-Walker 25' 3PT Jump Shot (7 PTS) (Gobert 3 AST),,MIN,NOP,MIN,1610612750,2025,2242.0,2258.0,2250.0,203497|1628978|1629638|1629675|1641740,203901|1630526|1631232|1641722|1642274,2024-25,516.0,0,31,0.5233644859813084
309595,09:51,"DiVincenzo 1' Driving Layup (13 PTS)
",1,1,0,0,2025-03-21,0022401016,0,0,NOP,4,0,29,10:05,Off Short Mid-Range Make,0,DiVincenzo 1' Driving Layup (13 PTS),,MIN,NOP,MIN,1610612750,2025,2275.0,2289.0,2282.0,203497|1628978|1629638|1629675|1641740,203901|1630526|1631232|1641722|1642274,2024-25,519.0,0,31,0.5797101449275363
309594,09:20,"Reid 1' Running Layup (15 PTS) (Alexander-Walker 3 AST)
",1,1,0,0,2025-03-21,0022401016,0,0,NOP,4,0,31,09:24,Off At Rim Block,0,Reid 1' Running Layup (15 PTS) (Alexander-Walker 3 AST),,MIN,NOP,MIN,1610612750,2025,2316.0,2320.0,2318.0,203497|1628978|1629638|1629675|1641740,203901|1630526|1631232|1641722|1642274,2024-25,522.0,0,33,0.19444444444444445
309593,08:42,"MISS Shannon Jr. 24' 3PT Pullup Jump Shot
Missi REBOUND (Off:3 Def:6)
",0,0,1,0,2025-03-21,0022401016,0,0,NOP,4,0,33,09:04,Off FT Make,0,Missi REBOUND (Off:3 Def:6),,MIN,NOP,MIN,1610612750,2025,2336.0,2358.0,2347.0,203497|1629638|1629675|1630545|1641740,203901|1630526|1641722|1641810|1642274,2024-25,544.0,0,33,0.29508196721311475
309591,08:10,"Gobert 1' Dunk (15 PTS) (Shannon Jr. 1 AST)
",1,1,0,0,2025-03-21,0022401016,0,0,NOP,4,0,31,08:29,Off Short Mid-Range Make,0,Gobert 1' Dunk (15 PTS) (Shannon Jr. 1 AST),,MIN,NOP,MIN,1610612750,2025,2371.0,2390.0,2380.5,203497|1629638|1629675|1630545|1641740,203901|1630526|1641722|1641810|1642274,2024-25,548.0,0,33,0.898876404494382
309590,07:34,"MISS Minott 25' 3PT Jump Shot
Missi REBOUND (Off:3 Def:7)
",0,0,1,0,2025-03-21,0022401016,0,0,NOP,4,0,33,07:49,Off FT Miss,0,Missi REBOUND (Off:3 Def:7),,MIN,NOP,MIN,1610612750,2025,2411.0,2426.0,2418.5,1629638|1630545|1630568|1631169|1641740,203901|1630526|1641722|1641810|1642274,2024-25,559.0,0,33,0.5882352941176471
309588,06:49,"Clark 25' 3PT Jump Shot (11 PTS) (Minott 1 AST)
",0,0,1,1,2025-03-21,0022401016,0,0,NOP,4,0,33,07:10,Off Dead Ball,0,Clark 25' 3PT Jump Shot (11 PTS) (Minott 1 AST),,MIN,NOP,MIN,1610612750,2025,2450.0,2471.0,2460.5,1629638|1630545|1630568|1631169|1641740,203901|1630526|1641722|1641810|1642274,2024-25,564.0,0,36,0.20512820512820512
309587,06:13,"Garza 1' Dunk (2 PTS) (Dillingham 1 AST)
",1,1,0,0,2025-03-21,0022401016,0,0,NOP,4,0,36,06:30,Off Timeout,0,Garza 1' Dunk (2 PTS) (Dillingham 1 AST),,MIN,NOP,MIN,1610612750,2025,2490.0,2507.0,2498.5,1630538|1630545|1630568|1631169|1642265,203901|1630526|1631255|1641722|1641810,2024-25,576.0,0,38,0.16216216216216217
309586,05:41,"Garza 1' Layup (4 PTS) (Dillingham 2 AST)
",1,1,0,0,2025-03-21,0022401016,0,0,NOP,4,0,37,06:00,Off FT Make,0,Garza 1' Layup (4 PTS) (Dillingham 2 AST),,MIN,NOP,MIN,1610612750,2025,2520.0,2539.0,2529.5,1630538|1630545|1630568|1631169|1642265,203901|1630526|1631255|1641722|1641810,2024-25,584.0,0,39,0.18666666666666668
309585,05:05,"Dillingham Bad Pass Turnover (P1.T12): Reeves STEAL (1 STL)
",0,0,0,0,2025-03-21,0022401016,0,0,NOP,4,0,37,05:17,Off At Rim Make,1,Dillingham Bad Pass Turnover (P1.T12): Reeves STEAL (1 STL),,MIN,NOP,MIN,1610612750,2025,2563.0,2575.0,2569.0,1630538|1630545|1630568|1631169|1642265,203901|1630526|1631232|1631255|1641810,2024-25,591.0,0,37,0.2608695652173913
309582,04:48,"Matković S.FOUL (P3.T2) (J.Capers)
Minott Free Throw 1 of 2 (1 PTS)
Minott Free Throw 2 of 2 (2 PTS)
",0,0,0,0,2025-03-21,0022401016,0,0,NOP,4,1,35,05:01,Off At Rim Make,0,Matković S.FOUL (P3.T2) (J.Capers),,MIN,NOP,MIN,1610612750,2025,2579.0,2592.0,2585.5,1630538|1630545|1630568|1631169|1642265,203901|1630526|1631232|1631255|1641810,2024-25,596.0,0,35,0.25396825396825395
309581,04:24,"MISS Shannon Jr. 1' Running Layup: Matković BLOCK (1 BLK)
Brooks Jr. REBOUND (Off:0 Def:4)
",1,0,0,0,2025-03-21,0022401016,0,0,NOP,4,0,37,04:32,Off Steal,0,Brooks Jr. REBOUND (Off:0 Def:4),,MIN,NOP,MIN,1610612750,2025,2608.0,2616.0,2612.0,1630538|1630545|1630568|1631169|1642265,203901|1630526|1631232|1631255|1641810,2024-25,601.0,0,37,0.3333333333333333
309579,04:12,"Dillingham 6' Pullup Jump Shot (2 PTS)
",1,1,0,0,2025-03-21,0022401016,0,0,NOP,4,0,35,04:21,Off Short Mid-Range Make,0,Dillingham 6' Pullup Jump Shot (2 PTS),,MIN,NOP,MIN,1610612750,2025,2619.0,2628.0,2623.5,1630538|1630545|1630568|1631169|1642265,203901|1630526|1631232|1631255|1641810,2024-25,605.0,0,37,0.9620253164556962
309578,03:46,"Hyland Out of Bounds - Bad Pass Turnover Turnover (P1.T13)
",0,0,0,0,2025-03-21,0022401016,0,0,NOP,4,0,37,03:55,Off Dead Ball,1,Hyland Out of Bounds - Bad Pass Turnover Turnover (P1.T13),,MIN,NOP,MIN,1610612750,2025,2645.0,2654.0,2649.5,1630538|1630545|1630568|1631169|1642265,203901|1630526|1631232|1631255|1641810,2024-25,610.0,0,37,0.1951219512195122
309577,02:55,"Garza 5' Floating Jump Shot (6 PTS) (Hyland 1 AST)
",1,1,0,0,2025-03-21,0022401016,0,0,NOP,4,0,34,03:14,Off Arc 3 Make,0,Garza 5' Floating Jump Shot (6 PTS) (Hyland 1 AST),,MIN,NOP,MIN,1610612750,2025,2686.0,2705.0,2695.5,1630538|1630545|1630568|1631169|1642265,203901|1630526|1631232|1631255|1641810,2024-25,623.0,0,36,0.24691358024691357
309574,02:12,"Payton P.FOUL (P1.T3) (E.Scott)
MISS Dillingham 20' Pullup Jump Shot
Robinson-Earl REBOUND (Off:2 Def:2)
",1,0,0,0,2025-03-21,0022401016,0,0,NOP,4,0,36,02:45,Off Dead Ball,0,Payton P.FOUL (P1.T3) (E.Scott),,MIN,NOP,MIN,1610612750,2025,2715.0,2748.0,2731.5,1630538|1630545|1630568|1631169|1642265,203901|1630526|1631232|1631255|1641810,2024-25,631.0,0,36,0.23809523809523808
309573,01:44,"Hyland 27' 3PT Step Back Jump Shot (3 PTS)
",0,0,1,1,2025-03-21,0022401016,0,0,NOP,4,0,35,01:55,Off FT Make,0,Hyland 27' 3PT Step Back Jump Shot (3 PTS),,MIN,NOP,MIN,1610612750,2025,2765.0,2776.0,2770.5,1630538|1630545|1630568|1631169|1642265,203901|1630526|1631232|1631255|1641810,2024-25,640.0,0,38,0.2988505747126437
309571,01:12,"MISS Dillingham 27' 3PT Jump Shot
Brooks Jr. REBOUND (Off:0 Def:5)
",0,0,1,0,2025-03-21,0022401016,0,0,NOP,4,0,38,01:32,Off Dead Ball,0,MISS Dillingham 27' 3PT Jump Shot,,MIN,NOP,MIN,1610612750,2025,2788.0,2808.0,2798.0,1630538|1630545|1630568|1631169|1642265,203901|1630526|1631232|1631255|1641810,2024-25,644.0,0,38,0.07692307692307693
309570,01:06,"Dillingham 2' Running Dunk (4 PTS) (Shannon Jr. 2 AST)
",1,1,0,0,2025-03-21,0022401016,0,0,NOP,4,0,38,01:09,Off Steal,0,Dillingham 2' Running Dunk (4 PTS) (Shannon Jr. 2 AST),,MIN,NOP,MIN,1610612750,2025,2811.0,2814.0,2812.5,1630538|1630545|1630568|1631169|1642265,203901|1630526|1631232|1631255|1641810,2024-25,648.0,0,40,0.30952380952380953
309569,00:41,"Garza 25' 3PT Jump Shot (9 PTS) (Hyland 2 AST)
",0,0,1,1,2025-03-21,0022401016,0,0,NOP,4,0,40,00:54,Off Dead Ball,0,Garza 25' 3PT Jump Shot (9 PTS) (Hyland 2 AST),,MIN,NOP,MIN,1610612750,2025,2826.0,2839.0,2832.5,1630538|1630545|1630568|1631169|1642265,203901|1630526|1631232|1631255|1641810,2024-25,653.0,0,43,0.10126582278481013
309568,00:04,"TIMBERWOLVES Turnover: Shot Clock (T#14)
",0,0,0,0,2025-03-21,0022401016,0,0,NOP,4,0,41,00:28,Off Short Mid-Range Make,1,TIMBERWOLVES Turnover: Shot Clock (T#14),,MIN,NOP,MIN,1610612750,2025,2852.0,2876.0,2864.0,1630538|1630545|1630568|1631169|1642265,203901|1630526|1631232|1631255|1641810,2024-25,657.0,0,41,0.4411764705882353
264364,11:41,"Gordon 20' Pullup Jump Shot (2 PTS)
",1,1,0,0,2025-03-21,0022401022,0,0,POR,1,0,0,12:00,Off Dead Ball,0,Gordon 20' Pullup Jump Shot (2 PTS),,POR,DEN,DEN,1610612743,2025,0.0,19.0,9.5,201566|203932|1627750|1629008|1631128,1630166|1630703|1631101|1631200|1641739,2024-25,7.0,0,2,0.29333333333333333
264362,11:02,"Sharpe P.FOUL (P1.T1) (A.Nagy)
Henderson S.FOUL (P1.T2) (J.Williams)
Gordon Free Throw 1 of 2 (3 PTS)
Gordon Free Throw 2 of 2 (4 PTS)
",0,0,0,0,2025-03-21,0022401022,0,0,POR,1,1,2,11:17,Off Steal,0,Gordon Free Throw 1 of 2 (3 PTS),,POR,DEN,DEN,1610612743,2025,43.0,58.0,50.5,201566|203932|1627750|1629008|1631128,1630166|1630703|1631101|1631200|1641739,2024-25,16.0,3,5,0.36585365853658536
264359,10:36,"Westbrook 2' Driving Finger Roll Layup (2 PTS)
",1,1,0,0,2025-03-21,0022401022,0,0,POR,1,0,1,10:49,Off Arc 3 Make,0,Westbrook 2' Driving Finger Roll Layup (2 PTS),,POR,DEN,DEN,1610612743,2025,71.0,84.0,77.5,201566|203932|1627750|1629008|1631128,1630166|1630703|1631101|1631200|1641739,2024-25,19.0,0,3,0.21052631578947367
264358,10:05,"Braun 5' Cutting Layup Shot (2 PTS) (Westbrook 1 AST)
",1,1,0,0,2025-03-21,0022401022,0,0,POR,1,0,3,10:21,Off Dead Ball,0,Braun 5' Cutting Layup Shot (2 PTS) (Westbrook 1 AST),,POR,DEN,DEN,1610612743,2025,99.0,115.0,107.0,201566|203932|1627750|1629008|1631128,1630166|1630703|1631101|1631200|1641739,2024-25,21.0,0,5,0.43037974683544306
264354,09:30,"Avdija S.FOUL (P1.T3) (N.Buchert)
Gordon Free Throw 1 of 2 (5 PTS)
MISS Gordon Free Throw 2 of 2
Sharpe REBOUND (Off:0 Def:1)
",0,0,0,0,2025-03-21,0022401022,0,0,POR,1,1,2,09:56,Off Arc 3 Make,0,Avdija S.FOUL (P1.T3) (N.Buchert),,POR,DEN,DEN,1610612743,2025,124.0,150.0,137.0,201566|203932|1627750|1629008|1631128,1630166|1630703|1631101|1631200|1641739,2024-25,26.0,0,2,0.18518518518518517
264351,09:08,"Camara S.FOUL (P1.T4) (A.Nagy)
Gordon Free Throw 1 of 2 (6 PTS)
Gordon Free Throw 2 of 2 (7 PTS)
",0,0,0,0,2025-03-21,0022401022,0,0,POR,1,1,3,09:20,Off Short Mid-Range Miss,0,Camara S.FOUL (P1.T4) (A.Nagy),,POR,DEN,DEN,1610612743,2025,160.0,172.0,166.0,201566|203932|1627750|1629008|1631128,1630166|1630703|1631101|1631200|1641739,2024-25,33.0,0,3,0.32786885245901637
264350,08:46,"Westbrook 2' Running Layup (4 PTS) (Porter Jr. 1 AST)
",1,1,0,0,2025-03-21,0022401022,0,0,POR,1,0,5,08:50,Off Arc 3 Miss,0,Westbrook 2' Running Layup (4 PTS) (Porter Jr. 1 AST),,POR,DEN,DEN,1610612743,2025,190.0,194.0,192.0,201566|203932|1627750|1629008|1631128,1630166|1630703|1631101|1631200|1641739,2024-25,38.0,0,7,0.7884615384615384
264349,08:12,"Braun 3' Cutting Layup Shot (4 PTS) (Westbrook 2 AST)
",1,1,0,0,2025-03-21,0022401022,0,0,POR,1,0,7,08:26,Off At Rim Miss,0,Braun 3' Cutting Layup Shot (4 PTS) (Westbrook 2 AST),,POR,DEN,DEN,1610612743,2025,214.0,228.0,221.0,201566|203932|1627750|1629008|1631128,1630166|1630703|1631101|1631200|1641739,2024-25,46.0,0,9,0.6476190476190476
264348,07:39,"Murray 18' Jump Shot (2 PTS)
",1,1,0,0,2025-03-21,0022401022,0,0,POR,1,0,6,08:02,Off Arc 3 Make,0,Murray 18' Jump Shot (2 PTS),,POR,DEN,DEN,1610612743,2025,238.0,261.0,249.5,201566|203932|1627750|1629008|1631128,1630166|1630703|1631101|1641739|1641871,2024-25,52.0,0,8,0.15384615384615385
264345,07:22,"Henderson P.FOUL (P2.PN) (N.Buchert)
Porter Jr. Free Throw 1 of 2 (1 PTS)
Porter Jr. Free Throw 2 of 2 (2 PTS)
",0,0,0,0,2025-03-21,0022401022,1,0,POR,1,0,8,07:22,Off Corner 3 Miss,0,Henderson P.FOUL (P2.PN) (N.Buchert),,POR,DEN,DEN,1610612743,2025,278.0,278.0,278.0,201566|203932|1627750|1629008|1631128,1630166|1630703|1631101|1641739|1641871,2024-25,56.0,0,8,0.35555555555555557
264343,06:25,"Porter Jr. Offensive Charge Foul (P1) (J.Williams)
Porter Jr. Offensive Foul Turnover (P1.T1)
",0,0,0,0,2025-03-21,0022401022,0,0,POR,1,0,7,06:52,Off Corner 3 Make,1,Porter Jr. Offensive Charge Foul (P1) (J.Williams),,POR,DEN,DEN,1610612743,2025,308.0,335.0,321.5,201566|203932|1627750|1629008|1631128,1630166|1630703|1631101|1641739|1641871,2024-25,66.0,0,7,0.3300970873786408
264341,05:52,"MISS Porter Jr. 24' 3PT Step Back Jump Shot
Reath REBOUND (Off:0 Def:1)
",0,0,1,0,2025-03-21,0022401022,0,0,POR,1,0,4,06:05,Off At Rim Make,0,MISS Porter Jr. 24' 3PT Step Back Jump Shot,,POR,DEN,DEN,1610612743,2025,355.0,368.0,361.5,201566|203932|1627750|1629008|1631128,1630166|1630703|1631101|1641739|1641871,2024-25,78.0,0,4,0.7466666666666667
264340,05:20,"Camara STEAL (1 STL): Murray Lost Ball Turnover (P1.T2)
",0,0,0,0,2025-03-21,0022401022,0,0,POR,1,0,0,05:39,Off Timeout,1,Camara STEAL (1 STL): Murray Lost Ball Turnover (P1.T2),,POR,DEN,DEN,1610612743,2025,381.0,400.0,390.5,201566|203932|1627750|1631128|1631212,1630166|1630625|1631101|1641739|1641871,2024-25,93.0,0,0,0.4946236559139785
264339,05:01,"Gordon 15' Turnaround Fadeaway (9 PTS)
",1,1,0,0,2025-03-21,0022401022,0,0,POR,1,0,0,05:20,Off Dead Ball,0,Gordon 15' Turnaround Fadeaway (9 PTS),,POR,DEN,DEN,1610612743,2025,400.0,419.0,409.5,201566|203932|1627750|1631128|1631212,1630166|1630625|1631101|1641739|1641871,2024-25,97.0,0,2,0.18181818181818182
264338,04:17,"Murray 15' Driving Floating Jump Shot (4 PTS)
",1,1,0,0,2025-03-21,0022401022,0,0,POR,1,0,0,04:37,Off Short Mid-Range Make,0,Murray 15' Driving Floating Jump Shot (4 PTS),,POR,DEN,DEN,1610612743,2025,443.0,463.0,453.0,201566|203932|1627750|1631128|1631212,1630166|1630625|1631101|1641739|1641871,2024-25,101.0,0,2,0.967741935483871
264337,04:02,"Sharpe STEAL (1 STL): Murray Bad Pass Turnover (P2.T3)
",0,0,0,0,2025-03-21,0022401022,0,0,POR,1,0,0,04:07,Off At Rim Make,1,Sharpe STEAL (1 STL): Murray Bad Pass Turnover (P2.T3),,POR,DEN,DEN,1610612743,2025,473.0,478.0,475.5,201566|203932|1627750|1631128|1631212,1630166|1630625|1631101|1641739|1641871,2024-25,104.0,0,0,0.6818181818181818
264336,03:51,"Avdija STEAL (1 STL): Westbrook Bad Pass Turnover (P1.T4)
",0,0,0,0,2025-03-21,0022401022,0,0,POR,1,0,0,03:56,Off Arc 3 Miss,1,Avdija STEAL (1 STL): Westbrook Bad Pass Turnover (P1.T4),,POR,DEN,DEN,1610612743,2025,484.0,489.0,486.5,201566|203932|1627750|1631128|1631212,1630166|1630625|1631101|1641739|1641871,2024-25,108.0,0,0,0.17647058823529413
264334,03:21,"Reath S.FOUL (P1.PN) (N.Buchert)
Westbrook Free Throw 1 of 2 (5 PTS)
Westbrook Free Throw 2 of 2 (6 PTS)
",0,0,0,0,2025-03-21,0022401022,0,0,POR,1,1,0,03:38,Off Steal,0,Westbrook Free Throw 1 of 2 (5 PTS),,POR,DEN,DEN,1610612743,2025,502.0,519.0,510.5,201566|203932|1627750|1631128|1631212,1630166|1630625|1631101|1641739|1641871,2024-25,123.0,5,5,0.375
264331,02:56,"Westbrook OFF.Foul (P1) (A.Nagy)
Westbrook Offensive Foul Turnover (P2.T5)
",0,0,0,0,2025-03-21,0022401022,0,0,POR,1,0,2,03:09,Off Arc 3 Miss,1,Westbrook OFF.Foul (P1) (A.Nagy),,POR,DEN,DEN,1610612743,2025,531.0,544.0,537.5,201566|1627750|1629008|1630192|1631212,1629680|1630625|1631101|1641739|1641871,2024-25,126.0,0,2,0.2222222222222222
264330,02:25,"Murray 13' Pullup Jump Shot (6 PTS)
",1,1,0,0,2025-03-21,0022401022,0,0,POR,1,0,0,02:46,Off FT Make,0,Murray 13' Pullup Jump Shot (6 PTS),,POR,DEN,DEN,1610612743,2025,554.0,575.0,564.5,1627750|1629008|1629618|1630192|1631212,1629680|1630625|1631200|1641739|1641871,2024-25,137.0,0,2,0.9315068493150684
264329,01:55,"Reath STEAL (1 STL): Porter Jr. Bad Pass Turnover (P2.T6)
",0,0,0,0,2025-03-21,0022401022,0,0,POR,1,0,2,01:58,Off Corner 3 Miss,1,Reath STEAL (1 STL): Porter Jr. Bad Pass Turnover (P2.T6),,POR,DEN,DEN,1610612743,2025,602.0,605.0,603.5,1627750|1629008|1629618|1630192|1631212,1629680|1630625|1631200|1641739|1641871,2024-25,141.0,0,2,0.16091954022988506
264328,01:06,"Pickett 26' 3PT Pullup Jump Shot (3 PTS)
",0,0,1,1,2025-03-21,0022401022,0,0,POR,1,0,0,01:23,Off At Rim Make,0,Pickett 26' 3PT Pullup Jump Shot (3 PTS),,POR,DEN,DEN,1610612743,2025,637.0,654.0,645.5,1629008|1629618|1630192|1631212|1642461,1629680|1630625|1631200|1641739|1641871,2024-25,149.0,0,3,0.32432432432432434
264327,00:24,"MISS Porter Jr. 26' 3PT Pullup Jump Shot
Thybulle REBOUND (Off:0 Def:1)
",0,0,1,0,2025-03-21,0022401022,0,0,POR,1,0,0,00:48,Off FT Make,0,Thybulle REBOUND (Off:0 Def:1),,POR,DEN,DEN,1610612743,2025,672.0,696.0,684.0,1629008|1629618|1630192|1631212|1642461,1629680|1630625|1631200|1641739|1641871,2024-25,155.0,0,0,0.6666666666666666
264415,11:37,"MISS Pickett 22' Running Pull-Up Jump Shot
Watson REBOUND (Off:1 Def:2)
Westbrook Out of Bounds Lost Ball Turnover (P3.T7)
",1,0,0,0,2025-03-21,0022401022,0,1,POR,2,0,0,11:54,Off Steal,1,MISS Pickett 22' Running Pull-Up Jump Shot,,POR,DEN,DEN,1610612743,2025,726.0,743.0,734.5,201566|1629008|1629618|1630192|1631212,1629680|1630166|1630625|1630703|1641871,2024-25,169.0,0,0,0.19444444444444445
264414,11:17,"Watson 3PT Running Jump Shot (3 PTS) (Pickett 1 AST)
",0,0,1,1,2025-03-21,0022401022,0,0,POR,2,0,0,11:22,Off Steal,0,Watson 3PT Running Jump Shot (3 PTS) (Pickett 1 AST),,POR,DEN,DEN,1610612743,2025,758.0,763.0,760.5,201566|1629008|1629618|1630192|1631212,1629680|1630166|1630625|1630703|1641871,2024-25,174.0,0,3,0.358974358974359
264413,10:39,"Porter Jr. 14' Jump Shot (4 PTS) (Pickett 2 AST)
",1,1,0,0,2025-03-21,0022401022,0,0,POR,2,0,1,10:56,Off At Rim Make,0,Porter Jr. 14' Jump Shot (4 PTS) (Pickett 2 AST),,POR,DEN,DEN,1610612743,2025,784.0,801.0,792.5,201566|1629008|1629618|1630192|1631212,1629680|1630166|1630625|1630703|1641871,2024-25,180.0,0,3,0.11428571428571428
264412,10:04,"Porter Jr. 26' 3PT Jump Shot (7 PTS) (Pickett 3 AST)
",0,0,1,1,2025-03-21,0022401022,0,0,POR,2,0,1,10:24,Off Short Mid-Range Make,0,Porter Jr. 26' 3PT Jump Shot (7 PTS) (Pickett 3 AST),,POR,DEN,DEN,1610612743,2025,816.0,836.0,826.0,201566|1629008|1629618|1630192|1631212,1629680|1630166|1630625|1630703|1641871,2024-25,183.0,0,4,0.46511627906976744
264410,09:34,"MISS Watson 4' Driving Hook Shot
Avdija REBOUND (Off:1 Def:1)
",1,0,0,0,2025-03-21,0022401022,0,0,POR,2,0,4,09:48,Off Dead Ball,0,MISS Watson 4' Driving Hook Shot,,POR,DEN,DEN,1610612743,2025,852.0,866.0,859.0,201566|1629008|1629618|1630192|1631212,1629680|1630166|1630703|1631200|1641871,2024-25,188.0,0,4,0.24242424242424243
264408,09:00,"MISS Westbrook 2' Driving Layup
Avdija REBOUND (Off:1 Def:2)
",1,0,0,0,2025-03-21,0022401022,0,0,POR,2,0,1,09:26,Off Arc 3 Make,0,MISS Westbrook 2' Driving Layup,,POR,DEN,DEN,1610612743,2025,874.0,900.0,887.0,201566|1629008|1629618|1630192|1631212,1629680|1630166|1630703|1631200|1641871,2024-25,192.0,0,1,0.6363636363636364
264406,08:47,"Westbrook OFF.Foul (P2) (A.Nagy)
Westbrook Offensive Foul Turnover (P4.T8)
",0,0,0,0,2025-03-21,0022401022,0,0,POR,2,0,0,08:58,Off FT Make,1,Westbrook OFF.Foul (P2) (A.Nagy),,POR,DEN,DEN,1610612743,2025,902.0,913.0,907.5,201566|1629008|1629618|1630192|1631212,1629680|1630166|1630703|1631200|1641871,2024-25,199.0,0,0,0.4166666666666667
264405,08:29,"Westbrook 2' Running Layup (8 PTS) (Nnaji 1 AST)
",1,1,0,0,2025-03-21,0022401022,0,0,POR,2,0,0,08:32,Off Steal,0,Westbrook 2' Running Layup (8 PTS) (Nnaji 1 AST),,POR,DEN,DEN,1610612743,2025,928.0,931.0,929.5,201566|1629008|1629618|1630192|1631212,1629680|1630166|1630703|1631200|1641871,2024-25,204.0,0,2,0.1694915254237288
264403,07:44,"Murray P.FOUL (P1.T1) (J.Williams)
Watson 2' Driving Reverse Dunk Shot (5 PTS) (Porter Jr. 2 AST)
",1,1,0,0,2025-03-21,0022401022,0,0,POR,2,0,0,08:19,Off At Rim Make,0,Murray P.FOUL (P1.T1) (J.Williams),,POR,DEN,DEN,1610612743,2025,941.0,976.0,958.5,201566|1629008|1629618|1630192|1631212,1629680|1630166|1630703|1631200|1641871,2024-25,214.0,0,2,0.2028985507246377
264402,07:10,"Westbrook 3' Driving Layup (10 PTS)
",1,1,0,0,2025-03-21,0022401022,0,0,POR,2,0,2,07:30,Off Dead Ball,0,Westbrook 3' Driving Layup (10 PTS),,POR,DEN,DEN,1610612743,2025,990.0,1010.0,1000.0,201566|203932|1627750|1631128|1631212,1630166|1630703|1631101|1631200|1641871,2024-25,223.0,0,4,0.5079365079365079
264399,06:58,"Henderson S.FOUL (P3.T2) (N.Buchert)
Westbrook Free Throw 1 of 2 (11 PTS)
Westbrook Free Throw 2 of 2 (12 PTS)
",0,0,0,0,2025-03-21,0022401022,0,0,POR,2,1,4,07:01,Off Steal,0,Henderson S.FOUL (P3.T2) (N.Buchert),,POR,DEN,DEN,1610612743,2025,1019.0,1022.0,1020.5,201566|203932|1627750|1631128|1631212,1630166|1630703|1631101|1631200|1641871,2024-25,225.0,0,4,0.1891891891891892
264398,06:30,"MISS Murray 14' Driving Floating Jump Shot
Gordon REBOUND (Off:1 Def:0)
Watson 2' Cutting Layup Shot (7 PTS) (Gordon 1 AST)
",2,1,0,0,2025-03-21,0022401022,0,1,POR,2,0,6,06:44,Off Short Mid-Range Miss,0,Watson 2' Cutting Layup Shot (7 PTS) (Gordon 1 AST),,POR,DEN,DEN,1610612743,2025,1036.0,1050.0,1043.0,201566|203932|1627750|1631128|1631212,1630166|1630625|1631101|1631200|1641739,2024-25,239.0,0,8,0.27450980392156865
264393,06:02,"Sharpe S.FOUL (P2.T3) (A.Nagy)
MISS Westbrook Free Throw 1 of 2
Nuggets Rebound
Westbrook Free Throw 2 of 2 (13 PTS)
",0,0,0,0,2025-03-21,0022401022,0,0,POR,2,1,8,06:10,Off Arc 3 Miss,0,MISS Westbrook Free Throw 1 of 2,,POR,DEN,DEN,1610612743,2025,1070.0,1078.0,1074.0,201566|203932|1627750|1631128|1631212,1630166|1630625|1631101|1631200|1641739,2024-25,245.0,0,8,0.5151515151515151
264388,05:14,"MISS Gordon 12' Turnaround Fadeaway Bank Jump Shot
Nuggets Rebound
Banton BLOCK (1 BLK): MISS Pickett 14' Driving Floating Jump Shot
Nuggets Rebound
Nuggets Turnover: Shot Clock (T#9)
",2,0,0,0,2025-03-21,0022401022,0,1,POR,2,0,9,05:45,Off At Rim Miss,1,MISS Gordon 12' Turnaround Fadeaway Bank Jump Shot,,POR,DEN,DEN,1610612743,2025,1095.0,1126.0,1110.5,201566|203932|1627750|1631128|1631212,1630166|1630625|1631101|1631200|1641739,2024-25,250.0,0,9,0.2619047619047619
264387,04:49,"Murray BLOCK (1 BLK): MISS Watson 4' Cutting Dunk Shot
Camara REBOUND (Off:1 Def:1)
",1,0,0,0,2025-03-21,0022401022,0,0,POR,2,0,6,05:02,Off Arc 3 Make,0,Camara REBOUND (Off:1 Def:1),,POR,DEN,DEN,1610612743,2025,1138.0,1151.0,1144.5,203932|1627750|1629618|1631128|1631212,1630166|1630625|1631101|1631200|1641739,2024-25,286.0,0,6,0.711864406779661
264384,04:18,"MISS Murray 4' Driving Layup
Gordon REBOUND (Off:2 Def:1)
Gordon Tip Dunk Shot (11 PTS)
",2,1,0,0,2025-03-21,0022401022,0,1,POR,2,0,4,04:37,Off At Rim Make,0,Gordon REBOUND (Off:2 Def:1),,POR,DEN,DEN,1610612743,2025,1163.0,1182.0,1172.5,203932|1627750|1629618|1631128|1631212,1630166|1630625|1631101|1631200|1641739,2024-25,278.0,0,6,0.35294117647058826
264380,03:39,"MISS Watson 3PT Jump Shot
Nuggets Rebound
Murray 15' Fadeaway Jumper (8 PTS) (Gordon 2 AST)
",1,1,1,0,2025-03-21,0022401022,0,1,POR,2,0,4,04:05,Off At Rim Make,0,MISS Watson 3PT Jump Shot,,POR,DEN,DEN,1610612743,2025,1195.0,1221.0,1208.0,203932|1627750|1629618|1631128|1631212,1630166|1630625|1631101|1631200|1641739,2024-25,279.0,0,6,0.35714285714285715
264377,02:52,"MISS Porter Jr. 25' 3PT Jump Shot
Braun REBOUND (Off:1 Def:0)
Banton STEAL (1 STL): Braun Lost Ball Turnover (P1.T10)
",0,0,1,0,2025-03-21,0022401022,0,1,POR,2,0,3,03:23,Off FT Make,1,MISS Porter Jr. 25' 3PT Jump Shot,,POR,DEN,DEN,1610612743,2025,1237.0,1268.0,1252.5,203932|1627750|1629008|1629618|1631128,1630166|1630625|1631101|1631200|1641739,2024-25,288.0,0,3,0.14814814814814814
264376,02:32,"Braun 1' Cutting Dunk Shot (6 PTS) (Pickett 4 AST)
",1,1,0,0,2025-03-21,0022401022,0,0,POR,2,0,1,02:47,Off Short Mid-Range Make,0,Braun 1' Cutting Dunk Shot (6 PTS) (Pickett 4 AST),,POR,DEN,DEN,1610612743,2025,1273.0,1288.0,1280.5,203932|1627750|1629008|1629618|1631128,1630166|1630625|1631101|1631200|1641739,2024-25,292.0,0,3,0.4
264372,01:53,"Reath FLAGRANT.FOUL.TYPE1 (P2.T4) (J.Williams)
Gordon Free Throw Flagrant 1 of 2 (12 PTS)
Gordon Free Throw Flagrant 2 of 2 (13 PTS)
Westbrook Out of Bounds - Bad Pass Turnover Turnover (P5.T11)
",0,0,0,0,2025-03-21,0022401022,0,0,POR,2,0,3,02:18,Off Timeout,1,Reath FLAGRANT.FOUL.TYPE1 (P2.T4) (J.Williams),,POR,DEN,DEN,1610612743,2025,1302.0,1327.0,1314.5,201566|203932|1627750|1629008|1631128,1629680|1630625|1631101|1641739|1641871,2024-25,295.0,0,3,0.1590909090909091
264371,01:25,"Westbrook 3' Driving Layup (15 PTS)
",1,1,0,0,2025-03-21,0022401022,0,0,POR,2,0,5,01:36,Off Dead Ball,0,Westbrook 3' Driving Layup (15 PTS),,POR,DEN,DEN,1610612743,2025,1344.0,1355.0,1349.5,201566|203932|1627750|1629008|1631128,1629680|1630625|1631101|1641739|1641871,2024-25,314.0,0,7,0.07692307692307693
264369,00:55,"Banton BLOCK (2 BLK): MISS Porter Jr. 5' Driving Layup
Nuggets Rebound
MISS Murray 26' 3PT Jump Shot
Camara REBOUND (Off:1 Def:2)
",1,0,1,0,2025-03-21,0022401022,0,1,POR,2,0,7,01:10,Off Short Mid-Range Miss,0,MISS Murray 26' 3PT Jump Shot,,POR,DEN,DEN,1610612743,2025,1370.0,1385.0,1377.5,201566|203932|1627750|1629008|1631128,1629680|1630166|1631101|1641739|1641871,2024-25,320.0,0,7,0.28
264365,00:00,"MISS Braun 26' 3PT Step Back Jump Shot
Nuggets Rebound
",0,0,1,0,2025-03-21,0022401022,0,0,POR,2,0,5,00:24,Off At Rim Make,0,MISS Braun 26' 3PT Step Back Jump Shot,,POR,DEN,DEN,1610612743,2025,1416.0,1440.0,1428.0,201566|203932|1627750|1631128|1631212,1629680|1630166|1631101|1641739|1641871,2024-25,335.0,0,5,0.7536231884057971
264458,11:37,"Sharpe S.FOUL (P3.T1) (A.Nagy)
Braun Free Throw 1 of 2 (7 PTS)
Braun Free Throw 2 of 2 (8 PTS)
",0,0,0,0,2025-03-21,0022401022,0,0,POR,3,1,3,11:51,Off At Rim Make,0,Sharpe S.FOUL (P3.T1) (A.Nagy),,POR,DEN,DEN,1610612743,2025,1449.0,1463.0,1456.0,201566|203932|1627750|1629008|1631128,1630166|1630703|1631101|1641739|1641871,2024-25,380.0,0,3,0.3
264457,11:08,"Gordon 15' Step Back Jump Shot (15 PTS)
",1,1,0,0,2025-03-21,0022401022,0,0,POR,3,0,3,11:25,Off Long Mid-Range Make,0,Gordon 15' Step Back Jump Shot (15 PTS),,POR,DEN,DEN,1610612743,2025,1475.0,1492.0,1483.5,201566|203932|1627750|1629008|1631128,1630166|1630703|1631101|1641739|1641871,2024-25,350.0,0,5,0.48484848484848486
264456,10:29,"Gordon 3' Cutting Layup Shot (17 PTS) (Braun 1 AST)
",1,1,0,0,2025-03-21,0022401022,0,0,POR,3,0,3,10:52,Off Timeout,0,Gordon 3' Cutting Layup Shot (17 PTS) (Braun 1 AST),,POR,DEN,DEN,1610612743,2025,1508.0,1531.0,1519.5,201566|203932|1627750|1629008|1631128,1630166|1630703|1631101|1641739|1641871,2024-25,355.0,0,5,0.6019417475728155
264453,09:35,"Reath S.FOUL (P3.T2) (N.Buchert)
Porter Jr. Free Throw 1 of 2 (8 PTS)
Porter Jr. Free Throw 2 of 2 (9 PTS)
",0,0,0,0,2025-03-21,0022401022,0,0,POR,3,1,3,10:01,Off At Rim Make,0,Reath S.FOUL (P3.T2) (N.Buchert),,POR,DEN,DEN,1610612743,2025,1559.0,1585.0,1572.0,201566|203932|1627750|1629008|1631128,1630166|1630703|1631101|1641739|1641871,2024-25,388.0,0,3,0.3614457831325301
264452,09:10,"Henderson STEAL (1 STL): Westbrook Lost Ball Turnover (P6.T12)
",0,0,0,0,2025-03-21,0022401022,0,0,POR,3,0,3,09:21,Off At Rim Make,1,Henderson STEAL (1 STL): Westbrook Lost Ball Turnover (P6.T12),,POR,DEN,DEN,1610612743,2025,1599.0,1610.0,1604.5,201566|203932|1627750|1629008|1631128,1630166|1630703|1631101|1641739|1641871,2024-25,369.0,0,3,0.19047619047619047
264451,08:48,"Camara STEAL (2 STL): Murray Bad Pass Turnover (P3.T13)
",0,0,0,0,2025-03-21,0022401022,0,0,POR,3,0,1,09:01,Off At Rim Make,1,Camara STEAL (2 STL): Murray Bad Pass Turnover (P3.T13),,POR,DEN,DEN,1610612743,2025,1619.0,1632.0,1625.5,201566|203932|1627750|1629008|1631128,1630166|1630703|1631101|1641739|1641871,2024-25,375.0,0,1,0.2
264450,08:29,"MISS Murray 26' 3PT Jump Shot
Sharpe REBOUND (Off:2 Def:2)
",0,0,1,0,2025-03-21,0022401022,0,0,POR,3,0,1,08:46,Off Dead Ball,0,Sharpe REBOUND (Off:2 Def:2),,POR,DEN,DEN,1610612743,2025,1634.0,1651.0,1642.5,201566|203932|1627750|1629008|1631128,1630166|1630703|1631101|1641739|1641871,2024-25,379.0,0,1,0.21818181818181817
264448,07:57,"MISS Westbrook 7' Driving Floating Bank Jump Shot
Reath REBOUND (Off:3 Def:2)
",1,0,0,0,2025-03-21,0022401022,0,0,POR,3,0,-2,08:18,Off FT Make,0,Reath REBOUND (Off:3 Def:2),,POR,DEN,DEN,1610612743,2025,1662.0,1683.0,1672.5,201566|203932|1627750|1629008|1631128,1630166|1630703|1631101|1641739|1641871,2024-25,377.0,0,-2,0.7096774193548387
264446,07:28,"Sharpe BLOCK (1 BLK): MISS Westbrook 2' Cutting Layup Shot
Westbrook REBOUND (Off:1 Def:2)
MISS Westbrook 3PT Pullup Jump Shot
Avdija REBOUND (Off:1 Def:3)
",1,0,1,0,2025-03-21,0022401022,0,1,POR,3,0,-5,07:53,Off Timeout,0,Avdija REBOUND (Off:1 Def:3),,POR,DEN,DEN,1610612743,2025,1687.0,1712.0,1699.5,201566|203932|1627750|1631128|1631212,1630166|1630703|1631101|1641739|1641871,2024-25,396.0,0,-5,0.21505376344086022
264442,07:19,"Westbrook OFF.Foul (P3) (J.Williams)
Westbrook Offensive Foul Turnover (P7.T14)
",0,0,0,0,2025-03-21,0022401022,0,0,POR,3,0,-7,07:25,Off FT Make,1,Westbrook Offensive Foul Turnover (P7.T14),,POR,DEN,DEN,1610612743,2025,1715.0,1721.0,1718.0,201566|203932|1627750|1631128|1631212,1630166|1630703|1631101|1641739|1641871,2024-25,405.0,0,-7,0.8941176470588236
264440,06:47,"Avdija STEAL (2 STL): Westbrook Bad Pass Turnover (P8.T15)
",0,0,0,0,2025-03-21,0022401022,0,0,POR,3,0,-9,06:59,Off At Rim Make,1,Avdija STEAL (2 STL): Westbrook Bad Pass Turnover (P8.T15),,POR,DEN,DEN,1610612743,2025,1741.0,1753.0,1747.0,201566|203932|1627750|1631128|1631212,1630166|1630703|1631101|1641739|1641871,2024-25,409.0,0,-9,0.1348314606741573
264439,06:35,"Watson 27' 3PT Running Jump Shot (10 PTS) (Braun 2 AST)
",0,0,1,1,2025-03-21,0022401022,0,0,POR,3,0,-9,06:39,Off Short Mid-Range Miss,0,Watson 27' 3PT Running Jump Shot (10 PTS) (Braun 2 AST),,POR,DEN,DEN,1610612743,2025,1761.0,1765.0,1763.0,201566|203932|1627750|1631128|1631212,1630166|1630703|1631101|1641739|1641871,2024-25,415.0,0,-6,0.453781512605042
264437,06:14,"MISS Westbrook 9' Running Layup
Sharpe REBOUND (Off:2 Def:3)
",1,0,0,0,2025-03-21,0022401022,0,0,POR,3,0,-6,06:21,Off Steal,0,MISS Westbrook 9' Running Layup,,POR,DEN,DEN,1610612743,2025,1779.0,1786.0,1782.5,201566|203932|1627750|1631128|1631212,1630166|1630703|1631101|1641739|1641871,2024-25,419.0,0,-6,0.26229508196721313
264436,06:01,"Gordon Traveling Turnover (P1.T16)
",0,0,0,0,2025-03-21,0022401022,0,0,POR,3,0,-6,06:09,Off Arc 3 Miss,1,Gordon Traveling Turnover (P1.T16),,POR,DEN,DEN,1610612743,2025,1791.0,1799.0,1795.0,201566|203932|1627750|1631128|1631212,1630166|1630703|1631101|1641739|1641871,2024-25,424.0,0,-6,0.3157894736842105
264435,05:30,"Murray 19' Step Back Jump Shot (10 PTS)
",1,1,0,0,2025-03-21,0022401022,0,0,POR,3,0,-6,05:41,Off Arc 3 Miss,0,Murray 19' Step Back Jump Shot (10 PTS),,POR,DEN,DEN,1610612743,2025,1819.0,1830.0,1824.5,203932|1627750|1629618|1631128|1631212,1630166|1630703|1631101|1641739|1641871,2024-25,431.0,0,-4,0.9382716049382716
264434,04:54,"Gordon 24' 3PT Jump Shot (20 PTS) (Murray 1 AST)
",0,0,1,1,2025-03-21,0022401022,0,0,POR,3,0,-6,05:07,Off Short Mid-Range Make,0,Gordon 24' 3PT Jump Shot (20 PTS) (Murray 1 AST),,POR,DEN,DEN,1610612743,2025,1853.0,1866.0,1859.5,203932|1627750|1629618|1631128|1631212,1630166|1630703|1631101|1641739|1641871,2024-25,433.0,0,-3,0.2028985507246377
264433,04:15,"Braun 26' 3PT Jump Shot (11 PTS) (Murray 2 AST)
",0,0,1,1,2025-03-21,0022401022,0,0,POR,3,0,-3,04:28,Off Dead Ball,0,Braun 26' 3PT Jump Shot (11 PTS) (Murray 2 AST),,POR,DEN,DEN,1610612743,2025,1892.0,1905.0,1898.5,203932|1627750|1629618|1631128|1631212,1629680|1630703|1631101|1631200|1641739,2024-25,444.0,0,0,0.1951219512195122
264430,03:37,"Henderson S.FOUL (P4.T3) (A.Nagy)
Gordon Free Throw 1 of 2 (21 PTS)
Gordon Free Throw 2 of 2 (22 PTS)
",0,0,0,0,2025-03-21,0022401022,0,0,POR,3,1,-2,03:56,Off At Rim Make,0,Henderson S.FOUL (P4.T3) (A.Nagy),,POR,DEN,DEN,1610612743,2025,1924.0,1943.0,1933.5,203932|1627750|1629618|1631128|1631212,1629680|1630703|1631101|1631200|1641739,2024-25,426.0,0,-2,0.2545454545454545
264427,03:01,"MISS Gordon 26' 3PT Jump Shot
Braun REBOUND (Off:2 Def:2)
Braun Step Out of Bounds Turnover (P2.T17)
",0,0,1,0,2025-03-21,0022401022,0,1,POR,3,0,0,03:12,Off Corner 3 Miss,1,MISS Gordon 26' 3PT Jump Shot,,POR,DEN,DEN,1610612743,2025,1968.0,1979.0,1973.5,203932|1627750|1629618|1631128|1631212,1629680|1630625|1631101|1631200|1641739,2024-25,457.0,0,0,0.3
264425,02:21,"MISS Watson 5' Cutting Layup Shot
Camara REBOUND (Off:2 Def:3)
",1,0,0,0,2025-03-21,0022401022,0,0,POR,3,0,-3,02:45,Off Arc 3 Make,0,MISS Watson 5' Cutting Layup Shot,,POR,DEN,DEN,1610612743,2025,1995.0,2019.0,2007.0,203932|1627750|1629618|1631128|1631212,1629680|1630625|1631101|1631200|1641739,2024-25,462.0,0,-3,0.2972972972972973
264424,02:10,"Braun 2' Running Dunk (13 PTS) (Gordon 3 AST)
",1,1,0,0,2025-03-21,0022401022,0,0,POR,3,0,-3,02:15,Off Steal,0,Braun 2' Running Dunk (13 PTS) (Gordon 3 AST),,POR,DEN,DEN,1610612743,2025,2025.0,2030.0,2027.5,203932|1627750|1629618|1631128|1631212,1629680|1630625|1631101|1631200|1641739,2024-25,466.0,0,-1,0.24
264423,01:18,"MISS Murray 11' Turnaround Fadeaway Shot
Avdija REBOUND (Off:2 Def:4)
",1,0,0,0,2025-03-21,0022401022,0,0,POR,3,0,-3,01:39,Off At Rim Make,0,Avdija REBOUND (Off:2 Def:4),,POR,DEN,DEN,1610612743,2025,2061.0,2082.0,2071.5,1627750|1629618|1630192|1631128|1631212,1629680|1630166|1630625|1631101|1631200,2024-25,476.0,0,-3,0.26666666666666666
264421,00:47,"MISS Braun 27' 3PT Pullup Jump Shot
Banton REBOUND (Off:0 Def:1)
",0,0,1,0,2025-03-21,0022401022,0,0,POR,3,0,-3,01:10,Off Arc 3 Miss,0,Banton REBOUND (Off:0 Def:1),,POR,DEN,DEN,1610612743,2025,2090.0,2113.0,2101.5,1627750|1629618|1630192|1631128|1631212,1629680|1630166|1630625|1631101|1631200,2024-25,479.0,0,-3,0.7586206896551724
264418,00:11,"MISS Nnaji 24' 3PT Jump Shot
Thybulle REBOUND (Off:0 Def:2)
",0,0,1,0,2025-03-21,0022401022,0,0,POR,3,0,-6,00:32,Off Arc 3 Make,0,MISS Nnaji 24' 3PT Jump Shot,,POR,DEN,DEN,1610612743,2025,2128.0,2149.0,2138.5,1627750|1629618|1630192|1631128|1631212,1629680|1630166|1630625|1631101|1631200,2024-25,483.0,0,-6,0.3333333333333333
264513,11:40,"Banton BLOCK (3 BLK): MISS Watson 5' Driving Hook Shot
Avdija REBOUND (Off:2 Def:5)
",1,0,0,0,2025-03-21,0022401022,0,0,POR,4,0,-6,12:00,Off Dead Ball,0,Avdija REBOUND (Off:2 Def:5),,POR,DEN,DEN,1610612743,2025,2160.0,2180.0,2170.0,201566|1629008|1629618|1630192|1631212,1629680|1630166|1630625|1631101|1641871,2024-25,506.0,0,-6,0.17777777777777778
264511,11:32,"Thybulle P.FOUL (P1.T1) (J.Williams)
Westbrook 5' Driving Layup (17 PTS)
",1,1,0,0,2025-03-21,0022401022,0,0,POR,4,0,-8,11:39,Off FT Make,0,Westbrook 5' Driving Layup (17 PTS),,POR,DEN,DEN,1610612743,2025,2181.0,2188.0,2184.5,201566|1629008|1629618|1630192|1631212,1629680|1630166|1630625|1631101|1641871,2024-25,512.0,0,-6,0.4931506849315068
264508,11:08,"Avdija BLOCK (1 BLK): MISS Westbrook 5' Running Layup
Porter Jr. REBOUND (Off:1 Def:4)
Porter Jr. Putback Layup (11 PTS)
",2,1,0,0,2025-03-21,0022401022,0,1,POR,4,0,-6,11:13,Off At Rim Miss,0,Porter Jr. REBOUND (Off:1 Def:4),,POR,DEN,DEN,1610612743,2025,2207.0,2212.0,2209.5,201566|1629008|1629618|1630192|1631212,1629680|1630166|1630625|1631101|1641871,2024-25,518.0,0,-4,0.2191780821917808
264506,10:44,"Porter Jr. 26' 3PT Jump Shot (14 PTS) (Westbrook 3 AST)
",0,0,1,1,2025-03-21,0022401022,0,0,POR,4,0,-7,11:00,Off Arc 3 Make,0,Porter Jr. 26' 3PT Jump Shot (14 PTS) (Westbrook 3 AST),,POR,DEN,DEN,1610612743,2025,2220.0,2236.0,2228.0,201566|1629008|1629618|1630192|1631212,1629680|1630166|1630625|1631101|1641871,2024-25,521.0,0,-4,0.21176470588235294
264505,10:07,"Thybulle STEAL (1 STL): Porter Jr. Lost Ball Turnover (P3.T18)
",0,0,0,0,2025-03-21,0022401022,0,0,POR,4,0,-7,10:23,Off FT Make,1,Thybulle STEAL (1 STL): Porter Jr. Lost Ball Turnover (P3.T18),,POR,DEN,DEN,1610612743,2025,2257.0,2273.0,2265.0,201566|1629008|1629618|1630192|1631212,1629680|1630166|1630625|1631101|1641871,2024-25,528.0,0,-7,0.37894736842105264
264504,09:56,"Watson 3' Running Dunk (12 PTS) (Porter Jr. 3 AST)
",1,1,0,0,2025-03-21,0022401022,0,0,POR,4,0,-7,10:00,Off Block,0,Watson 3' Running Dunk (12 PTS) (Porter Jr. 3 AST),,POR,DEN,DEN,1610612743,2025,2280.0,2284.0,2282.0,201566|1629008|1629618|1630192|1631212,1629680|1630166|1630625|1631101|1641871,2024-25,533.0,0,-5,0.33707865168539325
264503,09:14,"MISS Westbrook 17' Pullup Jump Shot
Thybulle REBOUND (Off:0 Def:3)
",1,0,0,0,2025-03-21,0022401022,0,0,POR,4,0,-7,09:33,Off At Rim Make,0,Thybulle REBOUND (Off:0 Def:3),,POR,DEN,DEN,1610612743,2025,2307.0,2326.0,2316.5,201566|1629008|1629618|1630192|1631212,1629680|1630166|1630625|1631101|1641871,2024-25,537.0,0,-7,0.7540983606557377
264501,08:49,"Sharpe P.FOUL (P4.T2) (N.Buchert)
Braun 2' Layup (15 PTS) (Westbrook 4 AST)
",1,1,0,0,2025-03-21,0022401022,0,0,POR,4,0,-10,09:11,Off Timeout,0,Braun 2' Layup (15 PTS) (Westbrook 4 AST),,POR,DEN,DEN,1610612743,2025,2329.0,2351.0,2340.0,201566|203932|1627750|1629008|1631128,1630166|1630625|1631101|1641739|1641871,2024-25,554.0,0,-8,0.19444444444444445
264499,08:20,"Porter Jr. 28' 3PT Jump Shot (17 PTS) (Gordon 4 AST)
",0,0,1,1,2025-03-21,0022401022,0,0,POR,4,0,-11,08:35,Off FT Make,0,Porter Jr. 28' 3PT Jump Shot (17 PTS) (Gordon 4 AST),,POR,DEN,DEN,1610612743,2025,2365.0,2380.0,2372.5,201566|203932|1627750|1629008|1631128,1630166|1630625|1631101|1641739|1641871,2024-25,561.0,0,-8,0.46153846153846156
264498,07:54,"MISS Gordon 25' 3PT Jump Shot
Banton REBOUND (Off:0 Def:2)
",0,0,1,0,2025-03-21,0022401022,0,0,POR,4,0,-8,08:08,Off Steal,0,Banton REBOUND (Off:0 Def:2),,POR,DEN,DEN,1610612743,2025,2392.0,2406.0,2399.0,201566|203932|1627750|1629008|1631128,1630166|1630625|1631101|1641739|1641871,2024-25,550.0,0,-8,0.2978723404255319
264494,07:34,"Avdija S.FOUL (P2.T3) (N.Buchert)
MISS Gordon Free Throw 1 of 2
Nuggets Rebound
Gordon Free Throw 2 of 2 (23 PTS)
",0,0,0,0,2025-03-21,0022401022,0,0,POR,4,1,-10,07:41,Off At Rim Make,0,MISS Gordon Free Throw 1 of 2,,POR,DEN,DEN,1610612743,2025,2419.0,2426.0,2422.5,201566|203932|1627750|1629008|1631128,1630166|1630625|1631101|1641739|1641871,2024-25,572.0,0,-10,0.25396825396825395
264492,06:58,"Reath S.FOUL (P4.T4) (J.Williams)
Westbrook Free Throw 1 of 2 (18 PTS)
MISS Westbrook Free Throw 2 of 2
Camara REBOUND (Off:2 Def:4)
",0,0,0,0,2025-03-21,0022401022,0,0,POR,4,1,-10,07:20,Off FT Make,0,Camara REBOUND (Off:2 Def:4),,POR,DEN,DEN,1610612743,2025,2440.0,2462.0,2451.0,201566|203932|1627750|1629008|1631128,1630166|1630625|1631101|1641739|1641871,2024-25,575.0,0,-10,0.20512820512820512
264488,06:24,"Banton STEAL (2 STL): Braun Bad Pass Turnover (P3.T19)
",0,0,0,0,2025-03-21,0022401022,0,0,POR,4,0,-12,06:53,Off Arc 3 Make,1,Banton STEAL (2 STL): Braun Bad Pass Turnover (P3.T19),,POR,DEN,DEN,1610612743,2025,2467.0,2496.0,2481.5,201566|203932|1627750|1629008|1631128,1630166|1630625|1631101|1641739|1641871,2024-25,587.0,0,-12,0.1864406779661017
264487,06:05,"Banton STEAL (3 STL): Westbrook Lost Ball Turnover (P9.T20)
",0,0,0,0,2025-03-21,0022401022,0,0,POR,4,0,-14,06:17,Off FT Make,1,Banton STEAL (3 STL): Westbrook Lost Ball Turnover (P9.T20),,POR,DEN,DEN,1610612743,2025,2503.0,2515.0,2509.0,201566|203932|1627750|1629008|1631128,1630166|1630625|1631101|1641739|1641871,2024-25,593.0,0,-14,0.08791208791208792
264485,05:42,"MISS Porter Jr. 26' 3PT Jump Shot
TRAIL BLAZERS Rebound
",0,0,1,0,2025-03-21,0022401022,0,0,POR,4,0,-16,06:01,Off Timeout,0,MISS Porter Jr. 26' 3PT Jump Shot,,POR,DEN,DEN,1610612743,2025,2519.0,2538.0,2528.5,203932|1627750|1629008|1631128|1631212,1630166|1630625|1631101|1641739|1641871,2024-25,601.0,0,-16,0.4444444444444444
264483,05:12,"MISS Gordon 14' Turnaround Fadeaway Bank Jump Shot
Reath REBOUND (Off:4 Def:3)
",1,0,0,0,2025-03-21,0022401022,0,0,POR,4,0,-18,05:30,Off FT Miss,0,MISS Gordon 14' Turnaround Fadeaway Bank Jump Shot,,POR,DEN,DEN,1610612743,2025,2550.0,2568.0,2559.0,203932|1627750|1629008|1631128|1631212,1630166|1630625|1631101|1641739|1641871,2024-25,610.0,0,-18,0.2619047619047619
264482,04:36,"MISS Watson 27' 3PT Jump Shot
Avdija REBOUND (Off:2 Def:6)
",0,0,1,0,2025-03-21,0022401022,0,0,POR,4,0,-20,04:53,Off Short Mid-Range Make,0,Avdija REBOUND (Off:2 Def:6),,POR,DEN,DEN,1610612743,2025,2587.0,2604.0,2595.5,203932|1627750|1629008|1631128|1631212,1630166|1630625|1631101|1641739|1641871,2024-25,613.0,0,-20,0.7241379310344828
264480,04:01,"Hall 10' Driving Floating Jump Shot (2 PTS) (Cancar 1 AST)
",1,1,0,0,2025-03-21,0022401022,0,0,POR,4,0,-22,04:19,Off FT Make,0,Hall 10' Driving Floating Jump Shot (2 PTS) (Cancar 1 AST),,POR,DEN,DEN,1610612743,2025,2621.0,2639.0,2630.0,1628427|1629618|1641790|1641816|1642461,1630166|1630625|1631101|1641739|1641871,2024-25,629.0,0,-20,0.3893805309734513
264479,03:36,"Pickett 5' Running Layup (5 PTS) (Tyson 1 AST)
",1,1,0,0,2025-03-21,0022401022,0,0,POR,4,0,-20,03:40,Off Steal,0,Pickett 5' Running Layup (5 PTS) (Tyson 1 AST),,POR,DEN,DEN,1610612743,2025,2660.0,2664.0,2662.0,1628427|1629618|1641790|1641816|1642461,1630166|1630625|1631101|1641739|1641871,2024-25,633.0,0,-18,0.36363636363636365
264478,03:05,"Avdija STEAL (3 STL): Jones Bad Pass Turnover (P1.T21)
",0,0,0,0,2025-03-21,0022401022,0,0,POR,4,0,-21,03:21,Off Arc 3 Make,1,Avdija STEAL (3 STL): Jones Bad Pass Turnover (P1.T21),,POR,DEN,DEN,1610612743,2025,2679.0,2695.0,2687.0,1628427|1629618|1641790|1641816|1642461,1630166|1630625|1631101|1641739|1641871,2024-25,638.0,0,-21,0.18947368421052632
264475,02:27,"MISS Pickett 26' 3PT Jump Shot
Tyson REBOUND (Off:1 Def:0)
MISS Hall 28' 3PT Jump Shot
Tyson REBOUND (Off:2 Def:0)
MISS Tyson 3' Fadeaway Jumper
Sharpe REBOUND (Off:2 Def:4)
",1,0,2,0,2025-03-21,0022401022,0,2,POR,4,0,-23,03:02,Off At Rim Make,0,Tyson REBOUND (Off:2 Def:0),,POR,DEN,DEN,1610612743,2025,2698.0,2733.0,2715.5,1628427|1629618|1641790|1641816|1642461,1630166|1630625|1631101|1641739|1641871,2024-25,644.0,0,-23,0.40816326530612246
264469,01:46,"MISS Jones 24' 3PT Jump Shot
Tyson REBOUND (Off:3 Def:0)
Hall 3' Cutting Dunk Shot (4 PTS) (Cancar 2 AST)
",1,1,1,0,2025-03-21,0022401022,0,1,POR,4,0,-23,02:12,Off Dead Ball,0,MISS Jones 24' 3PT Jump Shot,,POR,DEN,DEN,1610612743,2025,2748.0,2774.0,2761.0,1628427|1629618|1641790|1641816|1642461,1630625|1631121|1631200|1631303|1641712,2024-25,676.0,0,-21,0.2608695652173913
264468,01:29,"McGowens L.B.FOUL (P1.PN) (J.Williams)
Jones Free Throw 1 of 2 (1 PTS)
Jones Free Throw 2 of 2 (2 PTS)
",0,0,0,0,2025-03-21,0022401022,1,0,POR,4,0,-21,01:29,Off Dead Ball,0,Jones Free Throw 2 of 2 (2 PTS),,POR,DEN,DEN,1610612743,2025,2791.0,2791.0,2791.0,1628427|1629618|1641790|1641816|1642461,1630625|1631121|1631200|1631303|1641712,2024-25,665.0,0,-21,0.18867924528301888
264465,00:54,"Tyson 27' 3PT Jump Shot (3 PTS) (Pickett 5 AST)
",0,0,1,1,2025-03-21,0022401022,0,0,POR,4,0,-22,01:09,Off Corner 3 Make,0,Tyson 27' 3PT Jump Shot (3 PTS) (Pickett 5 AST),,POR,DEN,DEN,1610612743,2025,2811.0,2826.0,2818.5,1628427|1629618|1641790|1641816|1642461,1630625|1631121|1631200|1631303|1641712,2024-25,669.0,0,-19,0.1951219512195122
264463,00:16,"MISS Pickett 19' Driving Floating Bank Jump Shot
Jones REBOUND (Off:1 Def:0)
MISS Jones 12' Turnaround Jump Shot
Banton REBOUND (Off:0 Def:3)
",2,0,0,0,2025-03-21,0022401022,0,1,POR,4,0,-19,00:48,Off Dead Ball,0,MISS Jones 12' Turnaround Jump Shot,,POR,DEN,DEN,1610612743,2025,2832.0,2864.0,2848.0,1628427|1629618|1641790|1641816|1642461,1630625|1631121|1631200|1631303|1641712,2024-25,675.0,0,-19,0.8529411764705882
264553,11:26,"MISS Braun 4' Driving Finger Roll Layup
Sengun REBOUND (Off:0 Def:1)
",1,0,0,0,2025-03-23,0022401035,0,0,HOU,1,0,0,11:43,Off Arc 3 Miss,0,MISS Braun 4' Driving Finger Roll Layup,,HOU,DEN,DEN,1610612743,2025,17.0,34.0,25.5,201599|203932|1627750|1629008|1631128,1627832|1628415|1630224|1630578|1641708,2024-25,8.0,0,0,0.22857142857142856
264550,10:49,"MISS Murray 9' Driving Floating Jump Shot
Jordan REBOUND (Off:1 Def:1)
Jordan Out of Bounds - Bad Pass Turnover Turnover (P1.T1)
",1,0,0,0,2025-03-23,0022401035,0,1,HOU,1,0,-3,11:13,Off Arc 3 Make,1,MISS Murray 9' Driving Floating Jump Shot,,HOU,DEN,DEN,1610612743,2025,47.0,71.0,59.0,201599|203932|1627750|1629008|1631128,1627832|1628415|1630224|1630578|1641708,2024-25,13.0,0,-3,0.15873015873015872
264548,10:14,"MISS Murray 18' Pullup Jump Shot
Ja. Green REBOUND (Off:0 Def:1)
",1,0,0,0,2025-03-23,0022401035,0,0,HOU,1,0,-5,10:38,Off Long Mid-Range Make,0,MISS Murray 18' Pullup Jump Shot,,HOU,DEN,DEN,1610612743,2025,82.0,106.0,94.0,201599|203932|1627750|1629008|1631128,1627832|1628415|1630224|1630578|1641708,2024-25,18.0,0,-5,0.2898550724637681
264546,09:41,"MISS Gordon 25' 3PT Pullup Jump Shot
VanVleet REBOUND (Off:0 Def:1)
",0,0,1,0,2025-03-23,0022401035,0,0,HOU,1,0,-5,10:02,Off Corner 3 Miss,0,MISS Gordon 25' 3PT Pullup Jump Shot,,HOU,DEN,DEN,1610612743,2025,118.0,139.0,128.5,201599|203932|1627750|1629008|1631128,1627832|1628415|1630224|1630578|1641708,2024-25,22.0,0,-5,0.1643835616438356
264545,09:08,"Murray 2' Layup (2 PTS)
",1,1,0,0,2025-03-23,0022401035,0,0,HOU,1,0,-7,09:33,Off Short Mid-Range Make,0,Murray 2' Layup (2 PTS),,HOU,DEN,DEN,1610612743,2025,147.0,172.0,159.5,201599|203932|1627750|1629008|1631128,1627832|1628415|1630224|1630578|1641708,2024-25,25.0,0,-5,0.7407407407407407
264543,08:24,"Sengun BLOCK (1 BLK): MISS Porter Jr. 7' Floating Jump Shot
VanVleet REBOUND (Off:0 Def:2)
",1,0,0,0,2025-03-23,0022401035,0,0,HOU,1,0,-7,08:44,Off Short Mid-Range Make,0,Sengun BLOCK (1 BLK): MISS Porter Jr. 7' Floating Jump Shot,,HOU,DEN,DEN,1610612743,2025,196.0,216.0,206.0,201599|203932|1627750|1629008|1631128,1627832|1628415|1630224|1630578|1641708,2024-25,48.0,0,-7,0.4835164835164835
264542,08:00,"Jordan 2' Alley Oop Dunk (2 PTS) (Gordon 1 AST)
",1,1,0,0,2025-03-23,0022401035,0,0,HOU,1,0,-9,08:15,Off Timeout,0,Jordan 2' Alley Oop Dunk (2 PTS) (Gordon 1 AST),,HOU,DEN,DEN,1610612743,2025,225.0,240.0,232.5,201599|203932|1627750|1629008|1631128,1627832|1628415|1630224|1630578|1641708,2024-25,32.0,0,-7,0.2647058823529412
264541,07:29,"Murray 11' Driving Finger Roll Layup (4 PTS)
",1,1,0,0,2025-03-23,0022401035,0,0,HOU,1,0,-9,07:44,Off FT Make,0,Murray 11' Driving Finger Roll Layup (4 PTS),,HOU,DEN,DEN,1610612743,2025,256.0,271.0,263.5,201599|203932|1627750|1629008|1631128,1627832|1628415|1630224|1630578|1641708,2024-25,38.0,0,-7,0.35789473684210527
264540,06:55,"Thompson BLOCK (1 BLK): MISS Murray 1' Running Reverse Layup
Gordon REBOUND (Off:1 Def:1)
Porter Jr. 1' Cutting Layup Shot (2 PTS) (Gordon 2 AST)
",2,1,0,0,2025-03-23,0022401035,0,1,HOU,1,0,-7,07:05,Off Arc 3 Miss,0,Porter Jr. 1' Cutting Layup Shot (2 PTS) (Gordon 2 AST),,HOU,DEN,DEN,1610612743,2025,295.0,305.0,300.0,201599|203932|1627750|1629008|1631128,1627832|1628415|1630224|1630578|1641708,2024-25,44.0,0,-5,0.4672897196261682
264535,05:55,"MISS Gordon 2' Cutting Layup Shot
Sengun REBOUND (Off:0 Def:2)
",1,0,0,0,2025-03-23,0022401035,0,0,HOU,1,0,-3,06:06,Off Short Mid-Range Miss,0,MISS Gordon 2' Cutting Layup Shot,,HOU,DEN,DEN,1610612743,2025,354.0,365.0,359.5,201599|203932|1627750|1629008|1631128,1627832|1628415|1630224|1630578|1641708,2024-25,51.0,0,-3,0.19047619047619047
264534,05:43,"Porter Jr. 1' Running Alley Oop Dunk Shot (4 PTS) (Braun 1 AST)
",1,1,0,0,2025-03-23,0022401035,0,0,HOU,1,0,-3,05:48,Off At Rim Miss,0,Porter Jr. 1' Running Alley Oop Dunk Shot (4 PTS) (Braun 1 AST),,HOU,DEN,DEN,1610612743,2025,372.0,377.0,374.5,201599|203932|1627750|1629008|1631128,1627832|1628415|1630224|1630578|1641708,2024-25,55.0,0,-1,0.27722772277227725
264533,05:16,"Gordon 25' 3PT Jump Shot (3 PTS) (Braun 2 AST)
",0,0,1,1,2025-03-23,0022401035,0,0,HOU,1,0,-1,05:28,Off Arc 3 Miss,0,Gordon 25' 3PT Jump Shot (3 PTS) (Braun 2 AST),,HOU,DEN,DEN,1610612743,2025,392.0,404.0,398.0,201599|203932|1627750|1629008|1631128,1627832|1628415|1630224|1630578|1641708,2024-25,59.0,0,2,0.2716049382716049
264532,04:53,"Porter Jr. 1' Cutting Layup Shot (6 PTS) (Murray 1 AST)
",1,1,0,0,2025-03-23,0022401035,0,0,HOU,1,0,2,05:06,Off Arc 3 Miss,0,Porter Jr. 1' Cutting Layup Shot (6 PTS) (Murray 1 AST),,HOU,DEN,DEN,1610612743,2025,414.0,427.0,420.5,201599|203932|1627750|1629008|1631128,1627832|1628415|1630224|1630578|1641708,2024-25,63.0,0,4,0.2619047619047619
264531,04:26,"Westbrook Traveling Turnover (P1.T2)
",0,0,0,0,2025-03-23,0022401035,0,0,HOU,1,0,1,04:41,Off Arc 3 Make,1,Westbrook Traveling Turnover (P1.T2),,HOU,DEN,DEN,1610612743,2025,439.0,454.0,446.5,201566|201599|203932|1627750|1631128,203500|1627832|1628415|1630224|1631106,2024-25,74.0,0,1,0.24242424242424243
264528,03:50,"MISS Westbrook 10' Fadeaway Jumper
Nuggets Rebound
Adams L.B.FOUL (P1.T1) (T.Maddox)
Smith Jr. S.FOUL (P1.T2) (B.Kennedy)
Murray Free Throw 1 of 2 (7 PTS)
Murray Free Throw 2 of 2 (8 PTS)
",1,0,0,0,2025-03-23,0022401035,0,1,HOU,1,1,1,04:06,Off Long Mid-Range Miss,0,Smith Jr. S.FOUL (P1.T2) (B.Kennedy),,HOU,DEN,DEN,1610612743,2025,474.0,490.0,482.0,201566|201599|203932|1627750|1631128,203500|1627832|1628415|1630224|1631106,2024-25,77.0,0,1,0.25287356321839083
264524,03:07,"Murray 12' Turnaround Fadeaway (10 PTS)
",1,1,0,0,2025-03-23,0022401035,0,0,HOU,1,0,1,03:31,Off At Rim Make,0,Murray 12' Turnaround Fadeaway (10 PTS),,HOU,DEN,DEN,1610612743,2025,509.0,533.0,521.0,201566|203932|1627750|1630192|1631128,203500|1627832|1630224|1631095|1631106,2024-25,93.0,0,3,0.44155844155844154
264521,02:51,"VanVleet S.FOUL (P1.T3) (B.Kennedy)
Braun Free Throw 1 of 2 (1 PTS)
Braun Free Throw 2 of 2 (2 PTS)
",0,0,0,0,2025-03-23,0022401035,0,0,HOU,1,1,3,02:52,Off Long Mid-Range Miss,0,VanVleet S.FOUL (P1.T3) (B.Kennedy),,HOU,DEN,DEN,1610612743,2025,548.0,549.0,548.5,201566|203932|1627750|1630192|1631128,203500|1627832|1630224|1631095|1631106,2024-25,95.0,0,3,0.3835616438356164
264520,02:20,"Murray 20' Pullup Jump Shot (12 PTS)
",1,1,0,0,2025-03-23,0022401035,0,0,HOU,1,0,3,02:32,Off At Rim Make,0,Murray 20' Pullup Jump Shot (12 PTS),,HOU,DEN,DEN,1610612743,2025,568.0,580.0,574.0,201566|1627750|1630192|1631128|1631212,203500|1630224|1631095|1631106|1641708,2024-25,105.0,0,5,0.2608695652173913
264519,01:46,"Westbrook Out of Bounds - Bad Pass Turnover Turnover (P2.T3)
",0,0,0,0,2025-03-23,0022401035,0,0,HOU,1,0,5,01:56,Off At Rim Miss,1,Westbrook Out of Bounds - Bad Pass Turnover Turnover (P2.T3),,HOU,DEN,DEN,1610612743,2025,604.0,614.0,609.0,201566|1627750|1630192|1631128|1631212,203500|1630224|1631095|1631106|1641708,2024-25,108.0,0,5,0.14084507042253522
264518,01:17,"Nnaji 12' Jump Shot (2 PTS) (Murray 2 AST)
",1,1,0,0,2025-03-23,0022401035,0,0,HOU,1,0,1,01:34,Off FT Make,0,Nnaji 12' Jump Shot (2 PTS) (Murray 2 AST),,HOU,DEN,DEN,1610612743,2025,626.0,643.0,634.5,201566|1627750|1629008|1630192|1631212,203500|1630578|1631095|1631106|1641708,2024-25,123.0,0,3,0.3380281690140845
264517,00:36,"MISS Murray 20' Pullup Jump Shot
Smith Jr. REBOUND (Off:0 Def:1)
",1,0,0,0,2025-03-23,0022401035,0,0,HOU,1,0,1,00:57,Off At Rim Make,0,Smith Jr. REBOUND (Off:0 Def:1),,HOU,DEN,DEN,1610612743,2025,663.0,684.0,673.5,201566|1627750|1629008|1630192|1631212,203500|1630578|1631095|1631106|1641708,2024-25,152.0,0,1,0.3013698630136986
264515,00:00,"MISS Murray 30' 3PT Pullup Jump Shot
Nuggets Rebound
",0,0,1,0,2025-03-23,0022401035,0,0,HOU,1,0,0,00:20,Off FT Make,0,Nuggets Rebound,,HOU,DEN,DEN,1610612743,2025,700.0,720.0,710.0,201566|1627750|1629008|1630192|1631212,1627832|1628415|1630578|1631106|1641708,2024-25,177.0,0,0,0.5405405405405406
264597,11:38,"MISS Watson 2' Alley Oop Layup
Watson REBOUND (Off:1 Def:1)
MISS Watson Tip Layup Shot
Smith Jr. REBOUND (Off:0 Def:2)
",2,0,0,0,2025-03-23,0022401035,0,1,HOU,2,0,0,12:00,Off Dead Ball,0,MISS Watson 2' Alley Oop Layup,,HOU,DEN,DEN,1610612743,2025,720.0,742.0,731.0,201566|1629008|1629618|1630192|1631212,203500|1627832|1630578|1631095|1641708,2024-25,158.0,0,0,0.16279069767441862
264596,11:02,"Watson 10' Driving Floating Jump Shot (2 PTS) (Westbrook 1 AST)
",1,1,0,0,2025-03-23,0022401035,0,0,HOU,2,0,-2,11:27,Off At Rim Make,0,Watson 10' Driving Floating Jump Shot (2 PTS) (Westbrook 1 AST),,HOU,DEN,DEN,1610612743,2025,753.0,778.0,765.5,201566|201599|1629008|1630192|1631212,203500|1627832|1630578|1631095|1641708,2024-25,167.0,0,0,0.17073170731707318
264592,10:20,"MISS Porter Jr. 14' Driving Floating Jump Shot
Jordan REBOUND (Off:2 Def:5)
MISS Westbrook 26' 3PT Pullup Jump Shot
Sengun REBOUND (Off:0 Def:3)
",1,0,1,0,2025-03-23,0022401035,0,1,HOU,2,0,0,10:39,Off Block,0,MISS Porter Jr. 14' Driving Floating Jump Shot,,HOU,DEN,DEN,1610612743,2025,801.0,820.0,810.5,201566|201599|1629008|1630192|1631212,203500|1627832|1630578|1631095|1641708,2024-25,172.0,0,0,0.2077922077922078
264591,09:58,"Westbrook 26' 3PT Jump Shot (3 PTS) (Jordan 1 AST)
",0,0,1,1,2025-03-23,0022401035,0,0,HOU,2,0,-2,10:12,Off FT Make,0,Westbrook 26' 3PT Jump Shot (3 PTS) (Jordan 1 AST),,HOU,DEN,DEN,1610612743,2025,828.0,842.0,835.0,201566|201599|1629008|1630192|1631212,203500|1627832|1630578|1631095|1641708,2024-25,180.0,0,1,0.16666666666666666
264590,09:23,"Adams BLOCK (1 BLK): MISS Westbrook 5' Driving Finger Roll Layup
Thompson REBOUND (Off:1 Def:1)
",1,0,0,0,2025-03-23,0022401035,0,0,HOU,2,0,-2,09:37,Off Corner 3 Make,0,Thompson REBOUND (Off:1 Def:1),,HOU,DEN,DEN,1610612743,2025,863.0,877.0,870.0,201566|201599|1629008|1630192|1631212,203500|1627832|1630578|1631095|1641708,2024-25,194.0,0,-2,0.19230769230769232
264587,09:05,"MISS Westbrook 3' Driving Layup
Sengun REBOUND (Off:0 Def:4)
",1,0,0,0,2025-03-23,0022401035,0,0,HOU,2,0,-2,09:22,Off FT Miss,0,MISS Westbrook 3' Driving Layup,,HOU,DEN,DEN,1610612743,2025,878.0,895.0,886.5,201566|201599|1629008|1630192|1631212,1627832|1630578|1631095|1631106|1641708,2024-25,195.0,0,-2,0.24242424242424243
264586,08:46,"Westbrook 5' Driving Finger Roll Layup (5 PTS) (Watson 1 AST)
",1,1,0,0,2025-03-23,0022401035,0,0,HOU,2,0,-4,09:01,Off Timeout,0,Westbrook 5' Driving Finger Roll Layup (5 PTS) (Watson 1 AST),,HOU,DEN,DEN,1610612743,2025,899.0,914.0,906.5,201566|201599|1629008|1629618|1631212,1627832|1630578|1631095|1631106|1641708,2024-25,202.0,0,-2,0.22916666666666666
264585,08:29,"Smith Jr. S.FOUL (P2.T1) (B.Kennedy)
Westbrook Free Throw 1 of 2 (6 PTS)
MISS Westbrook Free Throw 2 of 2
Smith Jr. REBOUND (Off:0 Def:3)
",0,0,0,0,2025-03-23,0022401035,0,0,HOU,2,1,-2,08:31,Off Steal,0,Smith Jr. REBOUND (Off:0 Def:3),,HOU,DEN,DEN,1610612743,2025,929.0,931.0,930.0,201566|201599|1629008|1629618|1631212,1627832|1630578|1631095|1631106|1641708,2024-25,220.0,0,-2,0.7741935483870968
264581,07:56,"Westbrook 1' Driving Finger Roll Layup (8 PTS)
",1,1,0,0,2025-03-23,0022401035,0,0,HOU,2,0,-3,08:07,Off At Rim Make,0,Westbrook 1' Driving Finger Roll Layup (8 PTS),,HOU,DEN,DEN,1610612743,2025,953.0,964.0,958.5,201566|201599|1629008|1629618|1631212,1627832|1630578|1631095|1631106|1641708,2024-25,213.0,0,-1,0.2222222222222222
264580,07:04,"Jordan Cutting Dunk Shot (4 PTS) (Porter Jr. 1 AST)
",1,1,0,0,2025-03-23,0022401035,0,0,HOU,2,0,-4,07:29,Off Corner 3 Make,0,Jordan Cutting Dunk Shot (4 PTS) (Porter Jr. 1 AST),,HOU,DEN,DEN,1610612743,2025,991.0,1016.0,1003.5,201566|201599|1629008|1629618|1631212,1627832|1630578|1631095|1631106|1641708,2024-25,216.0,0,-2,0.4835164835164835
264577,06:07,"MISS Murray 9' Driving Layup
Sengun REBOUND (Off:0 Def:5)
",1,0,0,0,2025-03-23,0022401035,0,0,HOU,2,0,-4,06:23,Off Dead Ball,0,MISS Murray 9' Driving Layup,,HOU,DEN,DEN,1610612743,2025,1057.0,1073.0,1065.0,201599|203932|1627750|1631128|1631212,1628415|1630224|1630578|1631095|1631106,2024-25,235.0,0,-4,0.25
264576,05:44,"Gordon 1' Driving Layup (5 PTS)
",1,1,0,0,2025-03-23,0022401035,0,0,HOU,2,0,-4,06:00,Off Arc 3 Miss,0,Gordon 1' Driving Layup (5 PTS),,HOU,DEN,DEN,1610612743,2025,1080.0,1096.0,1088.0,201599|203932|1627750|1631128|1631212,1628415|1630224|1630578|1631095|1631106,2024-25,239.0,0,-2,0.21951219512195122
264575,05:20,"Braun Running Dunk (4 PTS) (Watson 2 AST)
",1,1,0,0,2025-03-23,0022401035,0,0,HOU,2,0,-2,05:23,Off Corner 3 Miss,0,Braun Running Dunk (4 PTS) (Watson 2 AST),,HOU,DEN,DEN,1610612743,2025,1117.0,1120.0,1118.5,201599|203932|1627750|1631128|1631212,1628415|1630224|1630578|1631095|1631106,2024-25,242.0,0,0,0.21052631578947367
264573,04:35,"MISS Jordan 6' Driving Hook Shot
Eason REBOUND (Off:0 Def:1)
",1,0,0,0,2025-03-23,0022401035,0,0,HOU,2,0,-2,05:02,Off At Rim Make,0,MISS Jordan 6' Driving Hook Shot,,HOU,DEN,DEN,1610612743,2025,1138.0,1165.0,1151.5,201599|203932|1627750|1631128|1631212,1628415|1630224|1630578|1631095|1631106,2024-25,246.0,0,-2,0.3956043956043956
264572,04:16,"MISS Murray 10' Fadeaway Jumper
Eason REBOUND (Off:0 Def:2)
",1,0,0,0,2025-03-23,0022401035,0,0,HOU,2,0,-2,04:34,Off Steal,0,Eason REBOUND (Off:0 Def:2),,HOU,DEN,DEN,1610612743,2025,1166.0,1184.0,1175.0,201599|203932|1627750|1631128|1631212,1628415|1630224|1630578|1631095|1631106,2024-25,249.0,0,-2,0.07142857142857142
264570,04:07,"Braun 3' Running Layup (6 PTS) (Murray 3 AST)
",1,1,0,0,2025-03-23,0022401035,0,0,HOU,2,0,-2,04:13,Off Steal,0,Braun 3' Running Layup (6 PTS) (Murray 3 AST),,HOU,DEN,DEN,1610612743,2025,1187.0,1193.0,1190.0,201599|203932|1627750|1631128|1631212,1628415|1630224|1630578|1631095|1631106,2024-25,254.0,0,0,0.175
264569,03:18,"MISS Watson 25' 3PT Jump Shot
Nuggets Rebound
VanVleet L.B.FOUL (P2.T2) (B.Kennedy)
MISS Watson 9' Driving Floating Jump Shot
Brooks REBOUND (Off:0 Def:1)
",1,0,1,0,2025-03-23,0022401035,0,1,HOU,2,0,-2,03:43,Off FT Make,0,Brooks REBOUND (Off:0 Def:1),,HOU,DEN,DEN,1610612743,2025,1217.0,1242.0,1229.5,203932|1627750|1630192|1631128|1631212,203500|1627832|1628415|1630224|1641708,2024-25,270.0,0,-2,0.20512820512820512
264564,02:53,"Braun 25' 3PT Jump Shot (9 PTS) (Gordon 3 AST)
",0,0,1,1,2025-03-23,0022401035,0,0,HOU,2,0,-2,03:03,Off Steal,0,Braun 25' 3PT Jump Shot (9 PTS) (Gordon 3 AST),,HOU,DEN,DEN,1610612743,2025,1257.0,1267.0,1262.0,203932|1627750|1630192|1631128|1631212,203500|1627832|1628415|1630224|1641708,2024-25,278.0,0,1,0.2318840579710145
264563,02:14,"Murray 20' Pullup Jump Shot (14 PTS) (Nnaji 1 AST)
",1,1,0,0,2025-03-23,0022401035,0,0,HOU,2,0,-1,02:28,Off At Rim Make,0,Murray 20' Pullup Jump Shot (14 PTS) (Nnaji 1 AST),,HOU,DEN,DEN,1610612743,2025,1292.0,1306.0,1299.0,203932|1627750|1630192|1631128|1631212,203500|1627832|1628415|1630224|1641708,2024-25,283.0,0,1,0.19718309859154928
264561,01:42,"MISS Nnaji 3PT Jump Shot
Thompson REBOUND (Off:1 Def:2)
",0,0,1,0,2025-03-23,0022401035,0,0,HOU,2,0,-2,01:56,Off Arc 3 Make,0,MISS Nnaji 3PT Jump Shot,,HOU,DEN,DEN,1610612743,2025,1324.0,1338.0,1331.0,203932|1627750|1630192|1631128|1631212,203500|1627832|1628415|1630224|1641708,2024-25,288.0,0,-2,0.2777777777777778
264558,01:08,"Brooks P.FOUL (P1.T3) (T.Maddox)
Adams BLOCK (2 BLK): MISS Murray 8' Finger Roll Layup
Nuggets Rebound
Porter Jr. 16' Jump Shot (8 PTS) (Murray 4 AST)
",2,1,0,0,2025-03-23,0022401035,0,1,HOU,2,0,-2,01:33,Off Arc 3 Miss,0,Adams BLOCK (2 BLK): MISS Murray 8' Finger Roll Layup,,HOU,DEN,DEN,1610612743,2025,1347.0,1372.0,1359.5,201599|203932|1627750|1629008|1631128,203500|1627832|1628415|1630224|1641708,2024-25,302.0,0,0,0.12048192771084337
264556,00:43,"Gordon 2' Cutting Layup Shot (7 PTS) (Jordan 2 AST)
",1,1,0,0,2025-03-23,0022401035,0,0,HOU,2,0,-2,01:00,Off At Rim Make,0,Gordon 2' Cutting Layup Shot (7 PTS) (Jordan 2 AST),,HOU,DEN,DEN,1610612743,2025,1380.0,1397.0,1388.5,201599|203932|1627750|1629008|1631128,203500|1627832|1628415|1630224|1641708,2024-25,305.0,0,0,0.2222222222222222
264555,00:27,"Murray 26' 3PT Pullup Jump Shot (17 PTS)
",0,0,1,1,2025-03-23,0022401035,0,0,HOU,2,0,-3,00:31,Off Arc 3 Make,0,Murray 26' 3PT Pullup Jump Shot (17 PTS),,HOU,DEN,DEN,1610612743,2025,1409.0,1413.0,1411.0,201599|203932|1627750|1629008|1631128,203500|1627832|1628415|1630224|1641708,2024-25,308.0,0,0,0.27956989247311825
264649,11:25,"Thompson BLOCK (2 BLK): MISS Porter Jr. 2' Driving Reverse Layup
Porter Jr. REBOUND (Off:1 Def:1)
MISS Porter Jr. 2' Putback Layup
Jordan REBOUND (Off:3 Def:7)
MISS Jordan Tip Layup Shot
Porter Jr. REBOUND (Off:2 Def:1)
Murray 25' 3PT Step Back Jump Shot (20 PTS)
",3,0,1,1,2025-03-23,0022401035,0,3,HOU,3,0,0,12:00,Off Dead Ball,0,MISS Jordan Tip Layup Shot,,HOU,DEN,DEN,1610612743,2025,1440.0,1475.0,1457.5,201599|203932|1627750|1629008|1631128,1627832|1628415|1630224|1630578|1641708,2024-25,333.0,0,3,0.25396825396825395
264643,10:49,"MISS Porter Jr. 23' Step Back Jump Shot
Sengun REBOUND (Off:0 Def:6)
",1,0,0,0,2025-03-23,0022401035,0,0,HOU,3,0,3,11:04,Off Short Mid-Range Miss,0,MISS Porter Jr. 23' Step Back Jump Shot,,HOU,DEN,DEN,1610612743,2025,1496.0,1511.0,1503.5,201599|203932|1627750|1629008|1631128,1627832|1628415|1630224|1630578|1641708,2024-25,335.0,0,3,0.6285714285714286
264642,10:26,"Jordan 1' Alley Oop Dunk (6 PTS) (Murray 5 AST)
",1,1,0,0,2025-03-23,0022401035,0,0,HOU,3,0,3,10:39,Off Arc 3 Miss,0,Jordan 1' Alley Oop Dunk (6 PTS) (Murray 5 AST),,HOU,DEN,DEN,1610612743,2025,1521.0,1534.0,1527.5,201599|203932|1627750|1629008|1631128,1627832|1628415|1630224|1630578|1641708,2024-25,339.0,0,5,0.5904761904761905
264638,09:42,"MISS Gordon 19' Step Back Jump Shot
Porter Jr. REBOUND (Off:3 Def:2)
MISS Porter Jr. 7' Jump Bank Shot
Sengun REBOUND (Off:0 Def:7)
",2,0,0,0,2025-03-23,0022401035,0,1,HOU,3,0,5,10:11,Off Dead Ball,0,MISS Gordon 19' Step Back Jump Shot,,HOU,DEN,DEN,1610612743,2025,1549.0,1578.0,1563.5,201599|203932|1627750|1629008|1631128,1627832|1628415|1630224|1630578|1641708,2024-25,344.0,0,5,0.17543859649122806
264632,09:09,"Thompson P.FOUL (P1.T1) (T.Maddox)
MISS Murray 25' 3PT Step Back Jump Shot
Murray REBOUND (Off:1 Def:2)
Brooks S.FOUL (P2.T2) (B.Kennedy)
Gordon Free Throw 1 of 2 (8 PTS)
Gordon Free Throw 2 of 2 (9 PTS)
",0,0,1,0,2025-03-23,0022401035,0,1,HOU,3,1,3,09:37,Off At Rim Make,0,Thompson P.FOUL (P1.T1) (T.Maddox),,HOU,DEN,DEN,1610612743,2025,1583.0,1611.0,1597.0,201599|203932|1627750|1629008|1631128,1627832|1628415|1630224|1630578|1641708,2024-25,369.0,0,3,0.25
264629,08:38,"Thompson BLOCK (3 BLK): MISS Murray 3' Driving Finger Roll Layup
Nuggets Rebound
Porter Jr. 25' 3PT Jump Shot (11 PTS) (Gordon 4 AST)
",1,0,1,1,2025-03-23,0022401035,0,1,HOU,3,0,5,08:54,Off Corner 3 Miss,0,Thompson BLOCK (3 BLK): MISS Murray 3' Driving Finger Roll Layup,,HOU,DEN,DEN,1610612743,2025,1626.0,1642.0,1634.0,201599|203932|1627750|1629008|1631128,1627832|1628415|1630224|1630578|1641708,2024-25,364.0,0,8,0.2558139534883721
264627,08:03,"MISS Murray 7' Driving Finger Roll Layup
Porter Jr. REBOUND (Off:4 Def:2)
Porter Jr. 2' Putback Layup (13 PTS)
",2,1,0,0,2025-03-23,0022401035,0,1,HOU,3,0,5,08:22,Off Corner 3 Make,0,Porter Jr. REBOUND (Off:4 Def:2),,HOU,DEN,DEN,1610612743,2025,1658.0,1677.0,1667.5,201599|203932|1627750|1629008|1631128,1627832|1628415|1630224|1630578|1641708,2024-25,370.0,0,7,0.4074074074074074
264625,07:36,"Jordan 1' Cutting Dunk Shot (8 PTS) (Gordon 5 AST)
",1,1,0,0,2025-03-23,0022401035,0,0,HOU,3,0,7,07:49,Off Arc 3 Miss,0,Jordan 1' Cutting Dunk Shot (8 PTS) (Gordon 5 AST),,HOU,DEN,DEN,1610612743,2025,1691.0,1704.0,1697.5,201599|203932|1627750|1629008|1631128,1627832|1628415|1630224|1630578|1641708,2024-25,373.0,0,9,0.35714285714285715
264624,06:55,"Eason STEAL (1 STL): Porter Jr. Lost Ball Turnover (P1.T5)
",0,0,0,0,2025-03-23,0022401035,0,0,HOU,3,0,7,07:17,Off At Rim Make,1,Eason STEAL (1 STL): Porter Jr. Lost Ball Turnover (P1.T5),,HOU,DEN,DEN,1610612743,2025,1723.0,1745.0,1734.0,201599|203932|1627750|1629008|1631128,1627832|1628415|1630578|1631106|1641708,2024-25,380.0,0,7,0.20454545454545456
264623,06:28,"Murray 20' Pullup Jump Shot (22 PTS)
",1,1,0,0,2025-03-23,0022401035,0,0,HOU,3,0,5,06:46,Off Short Mid-Range Make,0,Murray 20' Pullup Jump Shot (22 PTS),,HOU,DEN,DEN,1610612743,2025,1754.0,1772.0,1763.0,201599|203932|1627750|1629008|1631128,1627832|1628415|1630578|1631106|1641708,2024-25,383.0,0,7,0.28169014084507044
264622,05:30,"Murray 1' Cutting Layup Shot (24 PTS) (Gordon 6 AST)
",1,1,0,0,2025-03-23,0022401035,0,0,HOU,3,0,5,05:55,Off At Rim Make,0,Murray 1' Cutting Layup Shot (24 PTS) (Gordon 6 AST),,HOU,DEN,DEN,1610612743,2025,1805.0,1830.0,1817.5,201599|203932|1627750|1629008|1631128,1627832|1628415|1630578|1631106|1641708,2024-25,386.0,0,7,0.18604651162790697
264621,04:53,"Murray 24' 3PT Jump Shot (27 PTS) (Gordon 7 AST)
",0,0,1,1,2025-03-23,0022401035,0,0,HOU,3,0,5,05:12,Off Timeout,0,Murray 24' 3PT Jump Shot (27 PTS) (Gordon 7 AST),,HOU,DEN,DEN,1610612743,2025,1848.0,1867.0,1857.5,201566|201599|203932|1627750|1631128,1627832|1628415|1630578|1631095|1631106,2024-25,395.0,0,8,0.08571428571428572
264620,04:07,"Murray 25' 3PT Fadeaway Jumper (30 PTS) (Jordan 3 AST)
",0,0,1,1,2025-03-23,0022401035,0,0,HOU,3,0,5,04:36,Off Arc 3 Make,0,Murray 25' 3PT Fadeaway Jumper (30 PTS) (Jordan 3 AST),,HOU,DEN,DEN,1610612743,2025,1884.0,1913.0,1898.5,201566|201599|203932|1627750|1631128,1627832|1628415|1630578|1631095|1631106,2024-25,398.0,0,8,0.3181818181818182
264619,03:16,"Murray 19' Fadeaway Jumper (32 PTS)
",1,1,0,0,2025-03-23,0022401035,0,0,HOU,3,0,8,03:38,Off Short Mid-Range Miss,0,Murray 19' Fadeaway Jumper (32 PTS),,HOU,DEN,DEN,1610612743,2025,1942.0,1964.0,1953.0,201566|201599|203932|1627750|1631128,1627832|1628415|1630578|1631095|1631106,2024-25,402.0,0,10,0.26666666666666666
264616,02:39,"Jordan 1' Alley Oop Dunk (10 PTS) (Murray 6 AST)
Eason S.FOUL (P1.T3) (B.Kennedy)
Jordan Free Throw 1 of 1 (11 PTS)
",1,1,0,0,2025-03-23,0022401035,0,0,HOU,3,1,10,02:59,Off Long Mid-Range Miss,0,Jordan 1' Alley Oop Dunk (10 PTS) (Murray 6 AST),,HOU,DEN,DEN,1610612743,2025,1981.0,2001.0,1991.0,201566|201599|203932|1627750|1631128,1627832|1628415|1630578|1631095|1631106,2024-25,405.0,0,12,0.26373626373626374
264615,02:09,"Westbrook 26' 3PT Jump Shot (11 PTS) (Watson 3 AST)
",0,0,1,1,2025-03-23,0022401035,0,0,HOU,3,0,10,02:30,Off FT Make,0,Westbrook 26' 3PT Jump Shot (11 PTS) (Watson 3 AST),,HOU,DEN,DEN,1610612743,2025,2010.0,2031.0,2020.5,201566|1627750|1630192|1631128|1631212,203500|1627832|1630224|1631095|1641708,2024-25,424.0,0,13,0.17204301075268819
264612,01:37,"Watson 1' Running Layup (4 PTS) (Porter Jr. 2 AST)
Thompson S.FOUL (P2.T4) (B.Kennedy)
Watson Free Throw 1 of 1 (5 PTS)
",1,1,0,0,2025-03-23,0022401035,0,0,HOU,3,1,13,01:39,Off Arc 3 Miss,0,Watson 1' Running Layup (4 PTS) (Porter Jr. 2 AST),,HOU,DEN,DEN,1610612743,2025,2061.0,2063.0,2062.0,201566|1627750|1629008|1630192|1631212,203500|1630224|1630578|1631095|1641708,2024-25,435.0,0,15,0.20512820512820512
264610,00:50,"MISS Watson 17' Step Back Jump Shot
Sengun REBOUND (Off:0 Def:8)
",1,0,0,0,2025-03-23,0022401035,0,0,HOU,3,0,16,00:59,Off At Rim Block,0,MISS Watson 17' Step Back Jump Shot,,HOU,DEN,DEN,1610612743,2025,2101.0,2110.0,2105.5,201566|1627750|1629008|1630192|1631212,203500|1630224|1630578|1631095|1641708,2024-25,452.0,0,16,0.24096385542168675
264609,00:41,"Westbrook Running Dunk (13 PTS) (Murray 7 AST)
",1,1,0,0,2025-03-23,0022401035,0,0,HOU,3,0,16,00:42,Off Block,0,Westbrook Running Dunk (13 PTS) (Murray 7 AST),,HOU,DEN,DEN,1610612743,2025,2118.0,2119.0,2118.5,201566|1627750|1629008|1630192|1631212,203500|1630224|1630578|1631095|1641708,2024-25,457.0,0,18,0.17543859649122806
264605,00:08,"Thompson L.B.FOUL (P3.PN) (B.Kennedy)
MISS Nnaji Free Throw 1 of 2
Nuggets Rebound
MISS Nnaji Free Throw 2 of 2
Nuggets Rebound
Sengun L.B.FOUL (P1.PN) (T.Maddox)
MISS Jordan Free Throw 1 of 2
Nuggets Rebound
MISS Jordan Free Throw 2 of 2
Nuggets Rebound
Murray 7' Driving Floating Bank Jump Shot (34 PTS)
",1,1,0,0,2025-03-23,0022401035,2,2,HOU,3,0,17,00:21,Off Timeout,0,Sengun L.B.FOUL (P1.PN) (T.Maddox),,HOU,DEN,DEN,1610612743,2025,2139.0,2152.0,2145.5,201566|201599|203932|1627750|1629008,1627832|1628415|1630224|1631106|1641708,2024-25,519.0,0,19,0.2028985507246377
264705,11:17,"MISS Gordon 3PT Jump Shot
Sengun REBOUND (Off:0 Def:9)
",0,0,1,0,2025-03-23,0022401035,0,0,HOU,4,0,15,11:40,Off FT Make,0,Sengun REBOUND (Off:0 Def:9),,HOU,DEN,DEN,1610612743,2025,2180.0,2203.0,2191.5,201566|201599|203932|1629008|1631212,203500|1627832|1628415|1630224|1630578,2024-25,541.0,0,15,0.31746031746031744
264702,10:48,"MISS Westbrook 4' Driving Layup
Sengun REBOUND (Off:0 Def:10)
",1,0,0,0,2025-03-23,0022401035,0,0,HOU,4,0,15,10:58,Off At Rim Miss,0,MISS Westbrook 4' Driving Layup,,HOU,DEN,DEN,1610612743,2025,2222.0,2232.0,2227.0,201566|201599|203932|1629008|1631212,203500|1627832|1628415|1630224|1630578,2024-25,545.0,0,15,0.2127659574468085
264701,10:04,"Adams S.FOUL (P2.T1) (T.Maddox)
Watson Free Throw 1 of 2 (6 PTS)
MISS Watson Free Throw 2 of 2
Brooks REBOUND (Off:0 Def:2)
",0,0,0,0,2025-03-23,0022401035,0,0,HOU,4,1,12,10:18,Off Arc 3 Make,0,Brooks REBOUND (Off:0 Def:2),,HOU,DEN,DEN,1610612743,2025,2262.0,2276.0,2269.0,201566|201599|203932|1629008|1631212,203500|1627832|1628415|1630224|1630578,2024-25,557.0,0,12,0.3225806451612903
264696,09:26,"Adams BLOCK (3 BLK): MISS Porter Jr. 3' Driving Reverse Layup
Adams REBOUND (Off:8 Def:1)
",1,0,0,0,2025-03-23,0022401035,0,0,HOU,4,0,13,09:49,Off Arc 3 Miss,0,Adams BLOCK (3 BLK): MISS Porter Jr. 3' Driving Reverse Layup,,HOU,DEN,DEN,1610612743,2025,2291.0,2314.0,2302.5,201566|201599|203932|1629008|1631212,203500|1627832|1628415|1630224|1630578,2024-25,562.0,0,13,0.6666666666666666
264695,09:08,"Watson 3PT Jump Shot (9 PTS) (Gordon 8 AST)
",0,0,1,1,2025-03-23,0022401035,0,0,HOU,4,0,11,09:21,Off FT Make,0,Watson 3PT Jump Shot (9 PTS) (Gordon 8 AST),,HOU,DEN,DEN,1610612743,2025,2319.0,2332.0,2325.5,201566|201599|203932|1629008|1631212,203500|1627832|1628415|1630224|1630578,2024-25,569.0,0,14,0.8192771084337349
264694,08:17,"Sengun STEAL (1 STL): Westbrook Bad Pass Turnover (P4.T6)
",0,0,0,0,2025-03-23,0022401035,0,0,HOU,4,0,11,08:52,Off Arc 3 Make,1,Sengun STEAL (1 STL): Westbrook Bad Pass Turnover (P4.T6),,HOU,DEN,DEN,1610612743,2025,2348.0,2383.0,2365.5,201566|201599|203932|1629008|1631212,203500|1627832|1628415|1630224|1630578,2024-25,573.0,0,11,0.175
264693,07:49,"Ja. Green S.FOUL (P1.T2) (T.Maddox)
MISS Westbrook Free Throw 1 of 2
Nuggets Rebound
Westbrook Free Throw 2 of 2 (14 PTS)
",0,0,0,0,2025-03-23,0022401035,0,0,HOU,4,1,8,08:11,Off Timeout,0,Westbrook Free Throw 2 of 2 (14 PTS),,HOU,DEN,DEN,1610612743,2025,2389.0,2411.0,2400.0,201566|201599|203932|1627750|1631212,203500|1627832|1628415|1630224|1630578,2024-25,585.0,14,22,0.4857142857142857
264689,07:21,"Gordon 18' Jump Shot (11 PTS)
",1,1,0,0,2025-03-23,0022401035,0,0,HOU,4,0,7,07:36,Off Timeout,0,Gordon 18' Jump Shot (11 PTS),,HOU,DEN,DEN,1610612743,2025,2424.0,2439.0,2431.5,201566|201599|203932|1627750|1631128,203500|1627832|1628415|1630224|1630578,2024-25,596.0,0,9,0.4791666666666667
264687,06:45,"MISS Braun 11' Driving Floating Jump Shot
Adams REBOUND (Off:8 Def:2)
",1,0,0,0,2025-03-23,0022401035,0,0,HOU,4,0,6,07:07,Off FT Make,0,MISS Braun 11' Driving Floating Jump Shot,,HOU,DEN,DEN,1610612743,2025,2453.0,2475.0,2464.0,201566|201599|203932|1627750|1631128,203500|1627832|1628415|1630224|1630578,2024-25,601.0,0,6,0.2903225806451613
264686,06:09,"MISS Murray 20' Jump Shot
Brooks REBOUND (Off:0 Def:3)
",1,0,0,0,2025-03-23,0022401035,0,0,HOU,4,0,6,06:33,Off Dead Ball,0,Brooks REBOUND (Off:0 Def:3),,HOU,DEN,DEN,1610612743,2025,2487.0,2511.0,2499.0,201566|201599|203932|1627750|1631128,203500|1627832|1628415|1630224|1630578,2024-25,604.0,0,6,0.1728395061728395
264684,05:34,"MISS Westbrook 26' 3PT Jump Shot
Ja. Green REBOUND (Off:0 Def:2)
",0,0,1,0,2025-03-23,0022401035,0,0,HOU,4,0,6,05:54,Off Dead Ball,0,Ja. Green REBOUND (Off:0 Def:2),,HOU,DEN,DEN,1610612743,2025,2526.0,2546.0,2536.0,201566|201599|203932|1627750|1631128,203500|1627832|1628415|1630224|1630578,2024-25,611.0,0,6,0.49056603773584906
264682,05:09,"Murray 13' Driving Floating Jump Shot (36 PTS)
",1,1,0,0,2025-03-23,0022401035,0,0,HOU,4,0,6,05:25,Off At Rim Miss,0,Murray 13' Driving Floating Jump Shot (36 PTS),,HOU,DEN,DEN,1610612743,2025,2555.0,2571.0,2563.0,201566|201599|203932|1627750|1631128,203500|1627832|1628415|1630224|1630578,2024-25,619.0,0,8,0.21176470588235294
264681,04:43,"Westbrook OFF.Foul (P5) (J.Schroeder)
Westbrook Offensive Foul Turnover (P5.T7)
",0,0,0,0,2025-03-23,0022401035,0,0,HOU,4,0,8,05:07,Off Steal,1,Westbrook Offensive Foul Turnover (P5.T7),,HOU,DEN,DEN,1610612743,2025,2573.0,2597.0,2585.0,201566|201599|203932|1627750|1631128,203500|1627832|1628415|1630224|1630578,2024-25,625.0,0,8,0.9047619047619048
264679,04:08,"Porter Jr. 11' Fadeaway Jumper (15 PTS) (Jordan 4 AST)
",1,1,0,0,2025-03-23,0022401035,0,0,HOU,4,0,7,04:26,Off FT Make,0,Porter Jr. 11' Fadeaway Jumper (15 PTS) (Jordan 4 AST),,HOU,DEN,DEN,1610612743,2025,2614.0,2632.0,2623.0,201599|203932|1627750|1629008|1631128,203500|1627832|1628415|1630224|1630578,2024-25,634.0,0,9,0.8888888888888888
264677,03:18,"MISS Porter Jr. 26' 3PT Jump Shot
Sengun REBOUND (Off:2 Def:11)
",0,0,1,0,2025-03-23,0022401035,0,0,HOU,4,0,9,03:37,Off Corner 3 Miss,0,MISS Porter Jr. 26' 3PT Jump Shot,,HOU,DEN,DEN,1610612743,2025,2663.0,2682.0,2672.5,201599|203932|1627750|1629008|1631128,203500|1627832|1628415|1630224|1630578,2024-25,642.0,0,9,0.4411764705882353
264675,02:27,"Ja. Green P.FOUL (P2.T3) (T.Maddox)
MISS Murray 12' Driving Floating Jump Shot
Thompson REBOUND (Off:3 Def:3)
",1,0,0,0,2025-03-23,0022401035,0,0,HOU,4,0,9,03:04,Off Short Mid-Range Miss,0,MISS Murray 12' Driving Floating Jump Shot,,HOU,DEN,DEN,1610612743,2025,2696.0,2733.0,2714.5,201599|203932|1627750|1629008|1631128,1627832|1628415|1630224|1630578|1641708,2024-25,654.0,0,9,0.1875
264673,02:09,"MISS Braun 24' 3PT Jump Shot
ROCKETS Rebound
",0,0,1,0,2025-03-23,0022401035,0,0,HOU,4,0,9,02:26,Off Dead Ball,0,ROCKETS Rebound,,HOU,DEN,DEN,1610612743,2025,2734.0,2751.0,2742.5,201599|203932|1627750|1629008|1631128,1627832|1628415|1630224|1630578|1641708,2024-25,659.0,0,9,0.2777777777777778
264671,01:35,"MISS Porter Jr. 3PT Jump Shot
Nuggets Rebound
Gordon 20' Step Back Jump Shot (13 PTS)
",1,1,1,0,2025-03-23,0022401035,0,1,HOU,4,0,7,01:59,Off Timeout,0,Gordon 20' Step Back Jump Shot (13 PTS),,HOU,DEN,DEN,1610612743,2025,2761.0,2785.0,2773.0,201599|203932|1627750|1629008|1631128,1627832|1628415|1630224|1630578|1641708,2024-25,670.0,0,9,0.44
264668,01:18,"Sengun STEAL (2 STL): Murray Bad Pass Turnover (P1.T8)
",0,0,0,0,2025-03-23,0022401035,0,0,HOU,4,0,7,01:23,Off At Rim Make,1,Sengun STEAL (2 STL): Murray Bad Pass Turnover (P1.T8),,HOU,DEN,DEN,1610612743,2025,2797.0,2802.0,2799.5,201599|203932|1627750|1629008|1631128,1627832|1628415|1630224|1630578|1641708,2024-25,673.0,0,7,0.21686746987951808
264667,01:05,"Braun Out of Bounds - Bad Pass Turnover Turnover (P1.T9)
",0,0,0,0,2025-03-23,0022401035,0,0,HOU,4,0,4,01:16,Off Corner 3 Make,1,Braun Out of Bounds - Bad Pass Turnover Turnover (P1.T9),,HOU,DEN,DEN,1610612743,2025,2804.0,2815.0,2809.5,201599|203932|1627750|1629008|1631128,1627832|1628415|1630224|1630578|1641708,2024-25,677.0,0,4,0.21739130434782608
264666,00:28,"Thompson P.FOUL (P4.T4) (J.Schroeder)
Ja. Green S.FOUL (P3.PN) (T.Maddox)
Murray Free Throw 1 of 2 (37 PTS)
MISS Murray Free Throw 2 of 2
VanVleet REBOUND (Off:0 Def:3)
",0,0,0,0,2025-03-23,0022401035,0,0,HOU,4,1,4,00:53,Off At Rim Miss,0,VanVleet REBOUND (Off:0 Def:3),,HOU,DEN,DEN,1610612743,2025,2827.0,2852.0,2839.5,201566|201599|203932|1627750|1629008,1627832|1628415|1630224|1630578|1641708,2024-25,681.0,0,4,0.3125
264661,00:19,"Ja. Green Personal Take Foul (P4.PN) (T.Maddox)
Braun Free Throw 1 of 2 (10 PTS)
Braun Free Throw 2 of 2 (11 PTS)
",0,0,0,0,2025-03-23,0022401035,1,0,HOU,4,0,3,00:21,Off At Rim Make,0,Braun Free Throw 2 of 2 (11 PTS),,HOU,DEN,DEN,1610612743,2025,2859.0,2861.0,2860.0,201566|201599|203932|1631128|1631212,1627832|1628415|1630224|1630578|1631095,2024-25,709.0,0,3,0.2696629213483146
264656,00:12,"Thompson P.FOUL (P5.PN) (T.Maddox)
Murray Free Throw 1 of 2 (38 PTS)
Murray Free Throw 2 of 2 (39 PTS)
",0,0,0,0,2025-03-23,0022401035,1,0,HOU,4,0,4,00:14,Off FT Make,0,Thompson P.FOUL (P5.PN) (T.Maddox),,HOU,DEN,DEN,1610612743,2025,2866.0,2868.0,2867.0,201599|203932|1627750|1629008|1631128,203500|1627832|1628415|1630578|1641708,2024-25,711.0,0,4,0.4444444444444444
264655,00:07,"Adams P.FOUL (P3.PN) (J.Schroeder)
Porter Jr. Free Throw 1 of 2 (16 PTS)
Porter Jr. Free Throw 2 of 2 (17 PTS)
",0,0,0,0,2025-03-23,0022401035,1,0,HOU,4,0,5,00:09,Off FT Miss,0,Porter Jr. Free Throw 2 of 2 (17 PTS),,HOU,DEN,DEN,1610612743,2025,2871.0,2873.0,2872.0,201599|203932|1627750|1629008|1631128,203500|1627832|1628415|1630224|1630578,2024-25,742.0,0,5,0.5
264652,00:00,,0,0,0,0,2025-03-23,0022401035,0,0,HOU,4,0,5,00:04,Off At Rim Make,0,,,HOU,DEN,DEN,1610612743,2025,2876.0,2880.0,2878.0,203932|1627750|1629008|1631128|1631212,203500|1627832|1628415|1630224|1630578,2024-25,704.0,0,5,0.0
309655,11:35,"MISS Edwards 25' 3PT Pullup Jump Shot
Nesmith REBOUND (Off:0 Def:1)
",0,0,1,0,2025-03-24,0022401037,0,0,IND,1,0,0,12:00,Off Dead Ball,0,Nesmith REBOUND (Off:0 Def:1),,IND,MIN,MIN,1610612750,2025,0.0,25.0,12.5,201144|203497|203944|1630162|1630183,1626167|1627783|1629614|1630169|1630174,2024-25,7.0,0,0,0.3548387096774194
309652,11:07,"MISS Randle 26' 3PT Jump Shot
Nesmith REBOUND (Off:0 Def:2)
",0,0,1,0,2025-03-24,0022401037,0,0,IND,1,0,0,11:20,Off Long Mid-Range Miss,0,MISS Randle 26' 3PT Jump Shot,,IND,MIN,MIN,1610612750,2025,40.0,53.0,46.5,201144|203497|203944|1630162|1630183,1626167|1627783|1629614|1630169|1630174,2024-25,11.0,0,0,0.3125
309651,10:25,"Haliburton BLOCK (1 BLK): MISS McDaniels 6' Driving Layup
Turner REBOUND (Off:0 Def:1)
",1,0,0,0,2025-03-24,0022401037,0,0,IND,1,0,-2,10:40,Off Long Mid-Range Make,0,Turner REBOUND (Off:0 Def:1),,IND,MIN,MIN,1610612750,2025,80.0,95.0,87.5,201144|203497|203944|1630162|1630183,1626167|1627783|1629614|1630169|1630174,2024-25,20.0,0,-2,0.03508771929824561
309649,10:05,"McDaniels 4' Driving Layup (2 PTS) (Edwards 1 AST)
",1,1,0,0,2025-03-24,0022401037,0,0,IND,1,0,-4,10:22,Off FT Make,0,McDaniels 4' Driving Layup (2 PTS) (Edwards 1 AST),,IND,MIN,MIN,1610612750,2025,98.0,115.0,106.5,201144|203497|203944|1630162|1630183,1626167|1627783|1629614|1630169|1630174,2024-25,24.0,0,-2,0.40963855421686746
309648,09:31,"Turner BLOCK (1 BLK): MISS McDaniels 4' Running Layup
Haliburton REBOUND (Off:0 Def:1)
",1,0,0,0,2025-03-24,0022401037,0,0,IND,1,0,-2,09:38,Off Block,0,Haliburton REBOUND (Off:0 Def:1),,IND,MIN,MIN,1610612750,2025,142.0,149.0,145.5,201144|203497|203944|1630162|1630183,1626167|1627783|1629614|1630169|1630174,2024-25,30.0,0,-2,0.23809523809523808
309645,09:11,"MISS Edwards 3PT Jump Shot
Nembhard REBOUND (Off:0 Def:1)
",0,0,1,0,2025-03-24,0022401037,0,0,IND,1,0,-2,09:23,Off Long Mid-Range Miss,0,MISS Edwards 3PT Jump Shot,,IND,MIN,MIN,1610612750,2025,157.0,169.0,163.0,201144|203497|203944|1630162|1630183,1626167|1627783|1629614|1630169|1630174,2024-25,35.0,0,-2,0.39473684210526316
309644,08:52,"Edwards 3' Driving Layup (2 PTS)
",1,1,0,0,2025-03-24,0022401037,0,0,IND,1,0,-2,09:01,Off Arc 3 Miss,0,Edwards 3' Driving Layup (2 PTS),,IND,MIN,MIN,1610612750,2025,179.0,188.0,183.5,201144|203497|203944|1630162|1630183,1626167|1627783|1629614|1630169|1630174,2024-25,41.0,0,0,0.2894736842105263
309642,08:29,"MISS Randle 3' Driving Layup
Turner REBOUND (Off:0 Def:2)
",1,0,0,0,2025-03-24,0022401037,0,0,IND,1,0,0,08:43,Off Corner 3 Miss,0,MISS Randle 3' Driving Layup,,IND,MIN,MIN,1610612750,2025,197.0,211.0,204.0,201144|203497|203944|1630162|1630183,1626167|1627783|1629614|1630169|1630174,2024-25,44.0,0,0,0.16326530612244897
309641,08:14,"Turner STEAL (1 STL): Edwards Bad Pass Turnover (P1.T1)
",0,0,0,0,2025-03-24,0022401037,0,0,IND,1,0,0,08:20,Off Arc 3 Miss,1,Turner STEAL (1 STL): Edwards Bad Pass Turnover (P1.T1),,IND,MIN,MIN,1610612750,2025,220.0,226.0,223.0,201144|203497|203944|1630162|1630183,1626167|1627783|1629614|1630169|1630174,2024-25,48.0,0,0,0.7111111111111111
309639,07:47,"MISS McDaniels 14' Pullup Jump Shot
Haliburton REBOUND (Off:0 Def:2)
",1,0,0,0,2025-03-24,0022401037,0,0,IND,1,0,-3,08:09,Off Corner 3 Make,0,MISS McDaniels 14' Pullup Jump Shot,,IND,MIN,MIN,1610612750,2025,231.0,253.0,242.0,201144|203497|203944|1630162|1630183,1626167|1627783|1629614|1630169|1630174,2024-25,52.0,0,-3,0.13186813186813187
309638,07:24,"Conley 28' 3PT Pullup Jump Shot (3 PTS) (Gobert 1 AST)
",0,0,1,1,2025-03-24,0022401037,0,0,IND,1,0,-5,07:41,Off At Rim Make,0,Conley 28' 3PT Pullup Jump Shot (3 PTS) (Gobert 1 AST),,IND,MIN,MIN,1610612750,2025,259.0,276.0,267.5,201144|203497|203944|1630162|1630183,1626167|1627783|1629614|1630169|1630174,2024-25,55.0,0,-2,0.5252525252525253
309636,06:49,"MISS Randle 26' 3PT Jump Shot
Turner REBOUND (Off:0 Def:3)
",0,0,1,0,2025-03-24,0022401037,0,0,IND,1,0,-4,07:11,Off Short Mid-Range Make,0,MISS Randle 26' 3PT Jump Shot,,IND,MIN,MIN,1610612750,2025,289.0,311.0,300.0,201144|203497|203944|1630162|1630183,1626167|1627783|1629614|1630169|1630174,2024-25,59.0,0,-4,0.4262295081967213
309635,06:30,"Gobert 2' Cutting Finger Roll Layup Shot (2 PTS) (Conley 1 AST)
",1,1,0,0,2025-03-24,0022401037,0,0,IND,1,0,-6,06:44,Off At Rim Make,0,Gobert 2' Cutting Finger Roll Layup Shot (2 PTS) (Conley 1 AST),,IND,MIN,MIN,1610612750,2025,316.0,330.0,323.0,201144|203497|203944|1630162|1630183,1626167|1627783|1629614|1630169|1630174,2024-25,63.0,0,-4,0.3191489361702128
309632,06:06,"Turner BLOCK (2 BLK): MISS Gobert 3' Driving Layup
Timberwolves Rebound
Edwards Traveling Turnover (P2.T2)
",1,0,0,0,2025-03-24,0022401037,0,1,IND,1,0,-4,06:17,Off Timeout,1,Turner BLOCK (2 BLK): MISS Gobert 3' Driving Layup,,IND,MIN,MIN,1610612750,2025,343.0,354.0,348.5,201144|203497|203944|1630162|1630183,1626167|1627783|1629614|1630169|1630174,2024-25,69.0,0,-4,0.25
309630,05:31,"MISS Edwards 26' 3PT Jump Shot
Turner REBOUND (Off:0 Def:4)
",0,0,1,0,2025-03-24,0022401037,0,0,IND,1,0,-6,05:55,Off At Rim Make,0,MISS Edwards 26' 3PT Jump Shot,,IND,MIN,MIN,1610612750,2025,365.0,389.0,377.0,203497|1628978|1629675|1630162|1630183,1626167|1629614|1630167|1630169|1631097,2024-25,83.0,0,-6,0.410958904109589
309629,05:05,"Reid 26' 3PT Pullup Jump Shot (3 PTS) (Gobert 2 AST)
",0,0,1,1,2025-03-24,0022401037,0,0,IND,1,0,-8,05:22,Off Short Mid-Range Make,0,Reid 26' 3PT Pullup Jump Shot (3 PTS) (Gobert 2 AST),,IND,MIN,MIN,1610612750,2025,398.0,415.0,406.5,203497|1628978|1629675|1630162|1630183,1626167|1629614|1630167|1630169|1631097,2024-25,86.0,0,-5,0.5238095238095238
309628,04:30,"Gobert 3' Reverse Dunk (4 PTS) (McDaniels 1 AST)
",1,1,0,0,2025-03-24,0022401037,0,0,IND,1,0,-5,04:43,Off Arc 3 Miss,0,Gobert 3' Reverse Dunk (4 PTS) (McDaniels 1 AST),,IND,MIN,MIN,1610612750,2025,437.0,450.0,443.5,203497|1628978|1629675|1630162|1630183,1626167|1629614|1630167|1630169|1631097,2024-25,90.0,0,-3,0.48484848484848486
309627,03:55,"MISS DiVincenzo 29' 3PT Pullup Jump Shot
Turner REBOUND (Off:0 Def:5)
",0,0,1,0,2025-03-24,0022401037,0,0,IND,1,0,-3,04:06,Off Short Mid-Range Miss,0,Turner REBOUND (Off:0 Def:5),,IND,MIN,MIN,1610612750,2025,474.0,485.0,479.5,203497|1628978|1629675|1630162|1630183,1626167|1629614|1630167|1630169|1631097,2024-25,93.0,0,-3,0.2727272727272727
309622,03:39,"Edwards 3' Driving Floating Jump Shot (4 PTS)
Mathurin S.FOUL (P1.T1) (M.Kogut)
MISS Edwards Free Throw 1 of 1
Bryant REBOUND (Off:0 Def:1)
",1,1,0,0,2025-03-24,0022401037,0,0,IND,1,1,-3,03:44,Off Steal,0,Edwards 3' Driving Floating Jump Shot (4 PTS),,IND,MIN,MIN,1610612750,2025,496.0,501.0,498.5,203497|1628978|1629675|1630162|1630183,1626167|1629614|1630167|1630169|1631097,2024-25,98.0,0,-1,0.208955223880597
309621,03:09,"MISS Edwards 6' Driving Finger Roll Layup
Sheppard REBOUND (Off:0 Def:1)
",1,0,0,0,2025-03-24,0022401037,0,0,IND,1,0,-4,03:29,Off FT Make,0,Sheppard REBOUND (Off:0 Def:1),,IND,MIN,MIN,1610612750,2025,511.0,531.0,521.0,203944|1628978|1629638|1629675|1630162,204456|1627783|1630167|1631097|1641767,2024-25,123.0,0,-4,0.2553191489361702
309618,02:46,"MISS Alexander-Walker 26' 3PT Pullup Jump Shot
Mathurin REBOUND (Off:0 Def:1)
",0,0,1,0,2025-03-24,0022401037,0,0,IND,1,0,-6,02:57,Off Short Mid-Range Make,0,MISS Alexander-Walker 26' 3PT Pullup Jump Shot,,IND,MIN,MIN,1610612750,2025,543.0,554.0,548.5,203944|1628978|1629638|1629675|1630162,204456|1627783|1630167|1631097|1641767,2024-25,127.0,0,-6,0.8235294117647058
309617,02:19,"Randle 8' Turnaround Jump Shot (2 PTS) (DiVincenzo 1 AST)
",1,1,0,0,2025-03-24,0022401037,0,0,IND,1,0,-6,02:31,Off Arc 3 Miss,0,Randle 8' Turnaround Jump Shot (2 PTS) (DiVincenzo 1 AST),,IND,MIN,MIN,1610612750,2025,569.0,581.0,575.0,203944|1628978|1629638|1629675|1630162,204456|1627783|1630167|1631097|1641767,2024-25,131.0,0,-4,0.9333333333333333
309613,01:45,"Siakam S.FOUL (P1.T2) (M.Kogut)
Randle Free Throw 1 of 2 (3 PTS)
MISS Randle Free Throw 2 of 2
Randle REBOUND (Off:1 Def:0)
Alexander-Walker 25' 3PT Jump Shot (3 PTS) (Clark 1 AST)
",0,0,1,1,2025-03-24,0022401037,0,1,IND,1,1,-7,02:05,Off Timeout,0,Randle Free Throw 1 of 2 (3 PTS),,IND,MIN,MIN,1610612750,2025,595.0,615.0,605.0,203944|1628978|1629638|1629675|1630162,204456|1627783|1630167|1631097|1641767,2024-25,151.0,3,-1,0.041666666666666664
309611,01:20,"DiVincenzo Out of Bounds - Bad Pass Turnover Turnover (P1.T3)
",0,0,0,0,2025-03-24,0022401037,0,0,IND,1,0,-3,01:32,Off Dead Ball,1,DiVincenzo Out of Bounds - Bad Pass Turnover Turnover (P1.T3),,IND,MIN,MIN,1610612750,2025,628.0,640.0,634.0,203944|1628978|1629638|1629675|1641740,204456|1627783|1630167|1630174|1641767,2024-25,153.0,0,-3,0.41904761904761906
309610,00:58,"MISS DiVincenzo 9' Driving Floating Jump Shot
Siakam REBOUND (Off:0 Def:1)
",1,0,0,0,2025-03-24,0022401037,0,0,IND,1,0,-3,01:09,Off Short Mid-Range Miss,0,Siakam REBOUND (Off:0 Def:1),,IND,MIN,MIN,1610612750,2025,651.0,662.0,656.5,203944|1628978|1629638|1629675|1641740,204456|1627783|1630167|1630174|1641767,2024-25,158.0,0,-3,0.25
309607,00:39,"MISS Reid 28' 3PT Jump Shot
PACERS Rebound
",0,0,1,0,2025-03-24,0022401037,0,0,IND,1,0,-3,00:54,Off Dead Ball,0,MISS Reid 28' 3PT Jump Shot,,IND,MIN,MIN,1610612750,2025,666.0,681.0,673.5,203944|1628978|1629638|1629675|1641740,204456|1627783|1630167|1630174|1641767,2024-25,159.0,0,-3,0.32941176470588235
309604,00:20,"Nesmith P.FOUL (P1.PN) (B.Nansel)
MISS Reid Free Throw 1 of 2
Timberwolves Rebound
Reid Free Throw 2 of 2 (4 PTS)
",0,0,0,0,2025-03-24,0022401037,1,0,IND,1,0,-3,00:27,Off Arc 3 Miss,0,MISS Reid Free Throw 1 of 2,,IND,MIN,MIN,1610612750,2025,693.0,700.0,696.5,203944|1628978|1629638|1629675|1641740,204456|1627783|1630167|1630174|1641767,2024-25,166.0,0,-3,0.32727272727272727
309703,11:22,"MISS Reid 29' 3PT Jump Shot
Mathurin REBOUND (Off:0 Def:2)
",0,0,1,0,2025-03-24,0022401037,0,0,IND,2,0,-4,11:47,Off Short Mid-Range Make,0,MISS Reid 29' 3PT Jump Shot,,IND,MIN,MIN,1610612750,2025,733.0,758.0,745.5,201144|203497|1628978|1629638|1629675,204456|1627783|1628418|1631097|1641767,2024-25,187.0,0,-4,0.24489795918367346
309702,10:49,"Gobert 1' Alley Oop Layup (6 PTS) (DiVincenzo 2 AST)
",1,1,0,0,2025-03-24,0022401037,0,0,IND,2,0,-4,11:04,Off Short Mid-Range Miss,0,Gobert 1' Alley Oop Layup (6 PTS) (DiVincenzo 2 AST),,IND,MIN,MIN,1610612750,2025,776.0,791.0,783.5,201144|203497|1628978|1629638|1629675,204456|1627783|1628418|1631097|1641767,2024-25,191.0,0,-2,0.897196261682243
309700,10:32,"MISS DiVincenzo 27' 3PT Running Jump Shot
Mathurin REBOUND (Off:0 Def:3)
",0,0,1,0,2025-03-24,0022401037,0,0,IND,2,0,-2,10:39,Off Steal,0,MISS DiVincenzo 27' 3PT Running Jump Shot,,IND,MIN,MIN,1610612750,2025,801.0,808.0,804.5,201144|203497|1628978|1629638|1629675,204456|1627783|1628418|1631097|1641767,2024-25,195.0,0,-2,0.2857142857142857
309699,10:16,"Conley 2' Running Layup (5 PTS)
",1,1,0,0,2025-03-24,0022401037,0,0,IND,2,0,-2,10:20,Off Short Mid-Range Miss,0,Conley 2' Running Layup (5 PTS),,IND,MIN,MIN,1610612750,2025,820.0,824.0,822.0,201144|203497|1628978|1629638|1629675,204456|1627783|1628418|1631097|1641767,2024-25,199.0,0,0,0.2857142857142857
309698,09:22,"MISS Reid 12' Driving Floating Jump Shot
Siakam REBOUND (Off:0 Def:2)
",1,0,0,0,2025-03-24,0022401037,0,0,IND,2,0,-2,09:53,Off Long Mid-Range Make,0,Siakam REBOUND (Off:0 Def:2),,IND,MIN,MIN,1610612750,2025,847.0,878.0,862.5,201144|203497|1629638|1629675|1641740,204456|1627783|1628418|1631097|1641767,2024-25,215.0,0,-2,0.8070175438596491
309695,08:54,"MISS Alexander-Walker 3PT Jump Shot
McConnell REBOUND (Off:0 Def:1)
",0,0,1,0,2025-03-24,0022401037,0,0,IND,2,0,-4,09:13,Off Long Mid-Range Make,0,MISS Alexander-Walker 3PT Jump Shot,,IND,MIN,MIN,1610612750,2025,887.0,906.0,896.5,201144|203497|1629638|1629675|1641740,204456|1627783|1628418|1631097|1641767,2024-25,178.0,0,-4,0.17582417582417584
309694,08:23,"Bryant STEAL (1 STL): Conley Bad Pass Turnover (P1.T4)
",0,0,0,0,2025-03-24,0022401037,0,0,IND,2,0,-4,08:38,Off Arc 3 Miss,1,Bryant STEAL (1 STL): Conley Bad Pass Turnover (P1.T4),,IND,MIN,MIN,1610612750,2025,922.0,937.0,929.5,201144|203497|1629675|1630162|1641740,204456|1627783|1628418|1629614|1631097,2024-25,225.0,0,-4,0.2391304347826087
309693,08:20,"McConnell STEAL (1 STL): Gobert Bad Pass Turnover (P1.T5)
",0,0,0,0,2025-03-24,0022401037,0,0,IND,2,0,-6,08:20,Off FT Make,1,McConnell STEAL (1 STL): Gobert Bad Pass Turnover (P1.T5),,IND,MIN,MIN,1610612750,2025,940.0,940.0,940.0,201144|203497|203944|1630162|1630183,204456|1628418|1629614|1630167|1631097,2024-25,238.0,0,-6,0.18666666666666668
309692,07:59,"MISS Edwards 26' 3PT Jump Shot
McConnell REBOUND (Off:0 Def:2)
",0,0,1,0,2025-03-24,0022401037,0,0,IND,2,0,-6,08:16,Off Dead Ball,0,McConnell REBOUND (Off:0 Def:2),,IND,MIN,MIN,1610612750,2025,944.0,961.0,952.5,201144|203497|203944|1630162|1630183,204456|1628418|1629614|1630167|1631097,2024-25,229.0,0,-6,0.1553398058252427
309690,07:33,"Edwards 2' Cutting Finger Roll Layup Shot (6 PTS) (Randle 1 AST)
",1,1,0,0,2025-03-24,0022401037,0,0,IND,2,0,-8,07:47,Off Short Mid-Range Make,0,Edwards 2' Cutting Finger Roll Layup Shot (6 PTS) (Randle 1 AST),,IND,MIN,MIN,1610612750,2025,973.0,987.0,980.0,201144|203497|203944|1630162|1630183,204456|1628418|1629614|1630167|1631097,2024-25,249.0,0,-6,0.8888888888888888
309689,07:05,"Conley 12' Driving Floating Jump Shot (7 PTS) (Randle 2 AST)
",1,1,0,0,2025-03-24,0022401037,0,0,IND,2,0,-6,07:12,Off Arc 3 Miss,0,Conley 12' Driving Floating Jump Shot (7 PTS) (Randle 2 AST),,IND,MIN,MIN,1610612750,2025,1008.0,1015.0,1011.5,201144|203497|203944|1630162|1630183,204456|1628418|1629614|1630167|1631097,2024-25,253.0,0,-4,0.24444444444444444
309687,06:23,"MISS Conley 27' 3PT Pullup Jump Shot
Gobert REBOUND (Off:1 Def:8)
MISS Gobert Tip Layup Shot
Gobert REBOUND (Off:2 Def:8)
MISS Gobert 3' Putback Layup
Gobert REBOUND (Off:3 Def:8)
Gobert Tip Layup Shot (8 PTS)
",3,1,1,0,2025-03-24,0022401037,0,3,IND,2,0,-7,06:47,Off Corner 3 Make,0,Gobert REBOUND (Off:3 Def:8),,IND,MIN,MIN,1610612750,2025,1033.0,1057.0,1045.0,201144|203497|203944|1630162|1630183,1626167|1629614|1630167|1630169|1631097,2024-25,269.0,0,-5,0.2903225806451613
309681,05:50,"Conley Out of Bounds - Bad Pass Turnover Turnover (P2.T6)
",0,0,0,0,2025-03-24,0022401037,0,0,IND,2,0,-8,06:11,Off Arc 3 Make,1,Conley Out of Bounds - Bad Pass Turnover Turnover (P2.T6),,IND,MIN,MIN,1610612750,2025,1069.0,1090.0,1079.5,201144|203497|203944|1630162|1630183,1626167|1629614|1630167|1630169|1631097,2024-25,272.0,0,-8,0.5333333333333333
309680,05:31,"Edwards 1' Cutting Dunk Shot (8 PTS) (DiVincenzo 3 AST)
",1,1,0,0,2025-03-24,0022401037,0,0,IND,2,0,-8,05:37,Off At Rim Miss,0,Edwards 1' Cutting Dunk Shot (8 PTS) (DiVincenzo 3 AST),,IND,MIN,MIN,1610612750,2025,1103.0,1109.0,1106.0,203497|203944|1628978|1630162|1630183,1626167|1629614|1630167|1630169|1631097,2024-25,277.0,0,-6,0.3157894736842105
309674,04:46,"MISS DiVincenzo 26' 3PT Jump Shot
DiVincenzo REBOUND (Off:1 Def:2)
MISS DiVincenzo 4' Driving Finger Roll Layup
Gobert REBOUND (Off:4 Def:9)
Turner BLOCK (3 BLK): MISS Gobert 1' Putback Dunk
Haliburton REBOUND (Off:0 Def:3)
",2,0,1,0,2025-03-24,0022401037,0,2,IND,2,0,-6,05:13,Off Long Mid-Range Miss,0,MISS DiVincenzo 26' 3PT Jump Shot,,IND,MIN,MIN,1610612750,2025,1127.0,1154.0,1140.5,203497|203944|1628978|1630162|1630183,1626167|1629614|1630167|1630169|1631097,2024-25,281.0,0,-6,0.7457627118644068
309673,04:22,"Edwards 4' Driving Finger Roll Layup (10 PTS)
",1,1,0,0,2025-03-24,0022401037,0,0,IND,2,0,-8,04:40,Off At Rim Make,0,Edwards 4' Driving Finger Roll Layup (10 PTS),,IND,MIN,MIN,1610612750,2025,1160.0,1178.0,1169.0,203497|203944|1628978|1630162|1630183,1626167|1629614|1630167|1630169|1631097,2024-25,289.0,0,-6,0.9333333333333333
309672,03:51,"MISS Randle 4' Driving Layup
Nesmith REBOUND (Off:0 Def:3)
",1,0,0,0,2025-03-24,0022401037,0,0,IND,2,0,-6,04:10,Off Dead Ball,0,Nesmith REBOUND (Off:0 Def:3),,IND,MIN,MIN,1610612750,2025,1190.0,1209.0,1199.5,203944|1628978|1629638|1630162|1630183,1626167|1629614|1630167|1630169|1630174,2024-25,258.0,0,-6,0.2413793103448276
309670,03:30,"Randle T.FOUL (P0.T3) (M.Kogut)
Haliburton Free Throw Technical (9 PTS)
Nembhard STEAL (1 STL): Alexander-Walker Bad Pass Turnover (P1.T7)
",0,0,0,0,2025-03-24,0022401037,0,0,IND,2,0,-8,03:37,Off Timeout,1,Nembhard STEAL (1 STL): Alexander-Walker Bad Pass Turnover (P1.T7),,IND,MIN,MIN,1610612750,2025,1223.0,1230.0,1226.5,203944|1628978|1629638|1630162|1630183,1627783|1629614|1630167|1630169|1630174,2024-25,304.0,0,-8,0.26262626262626265
309667,02:56,"MISS Alexander-Walker 4' Driving Layup
Nesmith REBOUND (Off:0 Def:4)
",1,0,0,0,2025-03-24,0022401037,0,0,IND,2,0,-11,03:19,Off Short Mid-Range Make,0,Nesmith REBOUND (Off:0 Def:4),,IND,MIN,MIN,1610612750,2025,1241.0,1264.0,1252.5,203944|1628978|1629638|1630162|1630183,1627783|1629614|1630167|1630169|1630174,2024-25,268.0,0,-11,0.27848101265822783
309665,02:35,"McDaniels 5' Pullup Jump Shot (4 PTS)
",1,1,0,0,2025-03-24,0022401037,0,0,IND,2,0,-13,02:49,Off Short Mid-Range Make,0,McDaniels 5' Pullup Jump Shot (4 PTS),,IND,MIN,MIN,1610612750,2025,1271.0,1285.0,1278.0,203944|1628978|1629638|1630162|1630183,1627783|1629614|1630167|1630169|1630174,2024-25,324.0,0,-11,0.918918918918919
309664,01:48,"Randle 3' Driving Reverse Layup (5 PTS)
Toppin S.FOUL (P1.T1) (J.Williams)
MISS Randle Free Throw 1 of 1
PACERS Rebound
",1,1,0,0,2025-03-24,0022401037,0,0,IND,2,1,-13,02:13,Off Long Mid-Range Make,0,PACERS Rebound,,IND,MIN,MIN,1610612750,2025,1307.0,1332.0,1319.5,203944|1628978|1629638|1630162|1630183,1627783|1629614|1630167|1630169|1630174,2024-25,287.0,0,-11,0.12121212121212122
309660,01:36,"DiVincenzo 27' 3PT Running Pull-Up Jump Shot (3 PTS)
",0,0,1,1,2025-03-24,0022401037,0,0,IND,2,0,-11,01:39,Off Long Mid-Range Miss,0,DiVincenzo 27' 3PT Running Pull-Up Jump Shot (3 PTS),,IND,MIN,MIN,1610612750,2025,1341.0,1344.0,1342.5,203497|203944|1628978|1630162|1630183,1626167|1627783|1629614|1630169|1630174,2024-25,339.0,0,-8,0.8333333333333334
309659,01:08,"MISS DiVincenzo 25' 3PT Running Pull-Up Jump Shot
Siakam REBOUND (Off:0 Def:3)
",0,0,1,0,2025-03-24,0022401037,0,0,IND,2,0,-8,01:15,Off Long Mid-Range Miss,0,Siakam REBOUND (Off:0 Def:3),,IND,MIN,MIN,1610612750,2025,1365.0,1372.0,1368.5,203497|203944|1628978|1630162|1630183,1626167|1627783|1629614|1630169|1630174,2024-25,342.0,0,-8,0.9
309657,00:35,"Edwards 5' Driving Layup (12 PTS)
",1,1,0,0,2025-03-24,0022401037,0,0,IND,2,0,-10,00:52,Off Short Mid-Range Make,0,Edwards 5' Driving Layup (12 PTS),,IND,MIN,MIN,1610612750,2025,1388.0,1405.0,1396.5,203497|203944|1628978|1630162|1630183,1626167|1627783|1629614|1630169|1630174,2024-25,345.0,0,-8,0.9090909090909091
309656,00:02,"DiVincenzo 4' Running Layup (5 PTS)
",1,1,0,0,2025-03-24,0022401037,0,0,IND,2,0,-8,00:08,Off Arc 3 Miss,0,DiVincenzo 4' Running Layup (5 PTS),,IND,MIN,MIN,1610612750,2025,1432.0,1438.0,1435.0,203497|203944|1628978|1630162|1630183,1626167|1627783|1629614|1630169|1630174,2024-25,349.0,0,-6,0.3
309748,11:29,"Turner STEAL (2 STL): Randle Bad Pass Turnover (P1.T8)
",0,0,0,0,2025-03-24,0022401037,0,0,IND,3,0,-8,11:46,Off Short Mid-Range Make,1,Turner STEAL (2 STL): Randle Bad Pass Turnover (P1.T8),,IND,MIN,MIN,1610612750,2025,1454.0,1471.0,1462.5,201144|203497|203944|1630162|1630183,1626167|1627783|1629614|1630169|1630174,2024-25,355.0,0,-8,0.6818181818181818
309746,11:05,"MISS McDaniels 6' Driving Floating Jump Shot
Turner REBOUND (Off:0 Def:6)
",1,0,0,0,2025-03-24,0022401037,0,0,IND,3,0,-8,11:14,Off Arc 3 Miss,0,MISS McDaniels 6' Driving Floating Jump Shot,,IND,MIN,MIN,1610612750,2025,1486.0,1495.0,1490.5,201144|203497|203944|1630162|1630183,1626167|1627783|1629614|1630169|1630174,2024-25,360.0,0,-8,0.21333333333333335
309744,10:36,"MISS Conley 11' Driving Floating Jump Shot
Turner REBOUND (Off:0 Def:7)
",1,0,0,0,2025-03-24,0022401037,0,0,IND,3,0,-11,10:58,Off Timeout,0,MISS Conley 11' Driving Floating Jump Shot,,IND,MIN,MIN,1610612750,2025,1502.0,1524.0,1513.0,201144|203497|203944|1630162|1630183,1626167|1627783|1629614|1630169|1630174,2024-25,365.0,0,-11,0.425531914893617
309743,10:07,"McDaniels 3' Driving Layup (6 PTS) (Conley 2 AST)
",1,1,0,0,2025-03-24,0022401037,0,0,IND,3,0,-14,10:27,Off Arc 3 Make,0,McDaniels 3' Driving Layup (6 PTS) (Conley 2 AST),,IND,MIN,MIN,1610612750,2025,1533.0,1553.0,1543.0,201144|203497|203944|1630162|1630183,1626167|1627783|1629614|1630169|1630174,2024-25,368.0,0,-12,0.4090909090909091
309740,09:36,"Siakam S.FOUL (P2.T1) (B.Nansel)
Randle Free Throw 1 of 2 (6 PTS)
Randle Free Throw 2 of 2 (7 PTS)
",0,0,0,0,2025-03-24,0022401037,0,0,IND,3,1,-15,09:48,Off Arc 3 Make,0,Siakam S.FOUL (P2.T1) (B.Nansel),,IND,MIN,MIN,1610612750,2025,1572.0,1584.0,1578.0,201144|203497|203944|1630162|1630183,1626167|1627783|1629614|1630169|1630174,2024-25,350.0,0,-15,0.30952380952380953
309737,09:16,"MISS Edwards 24' 3PT Pullup Jump Shot
Gobert REBOUND (Off:5 Def:9)
Gobert 3' Putback Layup (10 PTS)
",1,1,1,0,2025-03-24,0022401037,0,1,IND,3,0,-13,09:25,Off Arc 3 Miss,0,MISS Edwards 24' 3PT Pullup Jump Shot,,IND,MIN,MIN,1610612750,2025,1595.0,1604.0,1599.5,201144|203497|203944|1630162|1630183,1626167|1627783|1629614|1630169|1630174,2024-25,380.0,0,-11,0.2727272727272727
309736,08:43,"Edwards 24' 3PT Step Back Jump Shot (15 PTS)
",0,0,1,1,2025-03-24,0022401037,0,0,IND,3,0,-11,08:57,Off Arc 3 Miss,0,Edwards 24' 3PT Step Back Jump Shot (15 PTS),,IND,MIN,MIN,1610612750,2025,1623.0,1637.0,1630.0,201144|203497|203944|1630162|1630183,1626167|1627783|1629614|1630169|1630174,2024-25,383.0,0,-8,0.25882352941176473
309734,08:06,"MISS Edwards 25' 3PT Pullup Jump Shot
Turner REBOUND (Off:0 Def:8)
",0,0,1,0,2025-03-24,0022401037,0,0,IND,3,0,-10,08:31,Off At Rim Make,0,MISS Edwards 25' 3PT Pullup Jump Shot,,IND,MIN,MIN,1610612750,2025,1649.0,1674.0,1661.5,201144|203497|203944|1630162|1630183,1626167|1627783|1629614|1630169|1630174,2024-25,387.0,0,-10,0.35
309733,07:49,"Randle Out of Bounds - Bad Pass Turnover Turnover (P2.T9)
",0,0,0,0,2025-03-24,0022401037,0,0,IND,3,0,-12,07:57,Off Short Mid-Range Make,1,Randle Out of Bounds - Bad Pass Turnover Turnover (P2.T9),,IND,MIN,MIN,1610612750,2025,1683.0,1691.0,1687.0,201144|203497|203944|1630162|1630183,1626167|1627783|1629614|1630169|1630174,2024-25,391.0,0,-12,0.20512820512820512
309732,07:30,"Haliburton STEAL (1 STL): McDaniels Bad Pass Turnover (P1.T10)
",0,0,0,0,2025-03-24,0022401037,0,0,IND,3,0,-12,07:39,Off Steal,1,Haliburton STEAL (1 STL): McDaniels Bad Pass Turnover (P1.T10),,IND,MIN,MIN,1610612750,2025,1701.0,1710.0,1705.5,201144|203497|203944|1630162|1630183,1626167|1627783|1629614|1630169|1630174,2024-25,394.0,0,-12,0.20202020202020202
309730,06:53,"MISS Edwards 3' Driving Layup
Nembhard REBOUND (Off:0 Def:2)
",1,0,0,0,2025-03-24,0022401037,0,0,IND,3,0,-12,07:08,Off Long Mid-Range Miss,0,MISS Edwards 3' Driving Layup,,IND,MIN,MIN,1610612750,2025,1732.0,1747.0,1739.5,203497|1628978|1629638|1629675|1630162,1626167|1627783|1629614|1630169|1630174,2024-25,409.0,0,-12,0.896551724137931
309729,06:30,"Nembhard STEAL (2 STL): Alexander-Walker Bad Pass Turnover (P2.T11)
",0,0,0,0,2025-03-24,0022401037,0,0,IND,3,0,-15,06:44,Off Timeout,1,Nembhard STEAL (2 STL): Alexander-Walker Bad Pass Turnover (P2.T11),,IND,MIN,MIN,1610612750,2025,1756.0,1770.0,1763.0,203497|1628978|1629638|1629675|1630162,1626167|1627783|1629614|1630169|1630174,2024-25,414.0,0,-15,0.23214285714285715
309728,06:12,"Gobert Out of Bounds - Bad Pass Turnover Turnover (P2.T12)
",0,0,0,0,2025-03-24,0022401037,0,0,IND,3,0,-17,06:27,Off At Rim Make,1,Gobert Out of Bounds - Bad Pass Turnover Turnover (P2.T12),,IND,MIN,MIN,1610612750,2025,1773.0,1788.0,1780.5,203497|1628978|1629638|1629675|1630162,1626167|1627783|1629614|1630169|1630174,2024-25,419.0,0,-17,0.2616822429906542
309726,05:48,"MISS DiVincenzo 30' 3PT Jump Shot
Siakam REBOUND (Off:0 Def:4)
",0,0,1,0,2025-03-24,0022401037,0,0,IND,3,0,-17,06:01,Off Short Mid-Range Miss,0,MISS DiVincenzo 30' 3PT Jump Shot,,IND,MIN,MIN,1610612750,2025,1799.0,1812.0,1805.5,203497|1628978|1629638|1629675|1630162,1626167|1627783|1629614|1630169|1630174,2024-25,422.0,0,-17,0.09375
309723,05:13,"MISS Edwards 28' 3PT Pullup Jump Shot
Alexander-Walker REBOUND (Off:1 Def:0)
Reid 10' Driving Floating Jump Shot (6 PTS) (Alexander-Walker 1 AST)
",1,1,1,0,2025-03-24,0022401037,0,1,IND,3,0,-20,05:37,Off Arc 3 Make,0,MISS Edwards 28' 3PT Pullup Jump Shot,,IND,MIN,MIN,1610612750,2025,1823.0,1847.0,1835.0,203497|1628978|1629638|1629675|1630162,1626167|1627783|1629614|1630169|1630174,2024-25,412.0,0,-18,0.4225352112676056
309722,04:56,"Gobert 2' Running Alley Oop Dunk Shot (12 PTS) (Edwards 2 AST)
",1,1,0,0,2025-03-24,0022401037,0,0,IND,3,0,-18,05:01,Off At Rim Miss,0,Gobert 2' Running Alley Oop Dunk Shot (12 PTS) (Edwards 2 AST),,IND,MIN,MIN,1610612750,2025,1859.0,1864.0,1861.5,203497|1628978|1629638|1629675|1630162,1626167|1627783|1629614|1630169|1630174,2024-25,431.0,0,-16,0.8688524590163934
309721,04:31,"Reid 2' Driving Reverse Layup (8 PTS) (Edwards 3 AST)
",1,1,0,0,2025-03-24,0022401037,0,0,IND,3,0,-16,04:44,Off Dead Ball,0,Reid 2' Driving Reverse Layup (8 PTS) (Edwards 3 AST),,IND,MIN,MIN,1610612750,2025,1876.0,1889.0,1882.5,1628978|1629638|1629675|1630162|1641740,1626167|1629614|1630167|1630169|1631097,2024-25,440.0,0,-14,0.2631578947368421
309720,03:56,"Reid 3' Driving Layup (10 PTS)
",1,1,0,0,2025-03-24,0022401037,0,0,IND,3,0,-16,04:15,Off Long Mid-Range Make,0,Reid 3' Driving Layup (10 PTS),,IND,MIN,MIN,1610612750,2025,1905.0,1924.0,1914.5,1628978|1629638|1629675|1630162|1641740,1626167|1629614|1630167|1630169|1631097,2024-25,442.0,0,-14,0.4307692307692308
309719,03:29,"MISS Reid 7' Turnaround Hook Shot
Haliburton REBOUND (Off:0 Def:4)
",1,0,0,0,2025-03-24,0022401037,0,0,IND,3,0,-14,03:39,Off Arc 3 Miss,0,Haliburton REBOUND (Off:0 Def:4),,IND,MIN,MIN,1610612750,2025,1941.0,1951.0,1946.0,1628978|1629638|1629675|1630162|1641740,1626167|1629614|1630167|1630169|1631097,2024-25,444.0,0,-14,0.24
309715,02:57,"Toppin S.FOUL (P2.T2) (B.Nansel)
Edwards Free Throw 1 of 2 (16 PTS)
Edwards Free Throw 2 of 2 (17 PTS)
",0,0,0,0,2025-03-24,0022401037,0,0,IND,3,1,-17,03:12,Off Corner 3 Make,0,Toppin S.FOUL (P2.T2) (B.Nansel),,IND,MIN,MIN,1610612750,2025,1968.0,1983.0,1975.5,1628978|1629638|1629675|1630162|1641740,1626167|1629614|1630167|1630169|1631097,2024-25,451.0,0,-17,0.4146341463414634
309714,02:30,"DiVincenzo 3' Driving Reverse Layup (7 PTS) (Alexander-Walker 2 AST)
",1,1,0,0,2025-03-24,0022401037,0,0,IND,3,0,-18,02:42,Off Arc 3 Make,0,DiVincenzo 3' Driving Reverse Layup (7 PTS) (Alexander-Walker 2 AST),,IND,MIN,MIN,1610612750,2025,1998.0,2010.0,2004.0,1628978|1629638|1629675|1630162|1641740,204456|1627783|1629614|1630167|1631097,2024-25,462.0,0,-16,0.4426229508196721
309712,01:57,"MISS Edwards 26' 3PT Pullup Jump Shot
McConnell REBOUND (Off:0 Def:3)
",0,0,1,0,2025-03-24,0022401037,0,0,IND,3,0,-19,02:15,Off Corner 3 Make,0,MISS Edwards 26' 3PT Pullup Jump Shot,,IND,MIN,MIN,1610612750,2025,2025.0,2043.0,2034.0,1628978|1629638|1629675|1630162|1641740,204456|1627783|1629614|1630167|1631097,2024-25,465.0,0,-19,0.16666666666666666
309710,01:22,"MISS Edwards 26' 3PT Pullup Jump Shot
McConnell REBOUND (Off:0 Def:4)
",0,0,1,0,2025-03-24,0022401037,0,0,IND,3,0,-19,01:32,Off Long Mid-Range Miss,0,MISS Edwards 26' 3PT Pullup Jump Shot,,IND,MIN,MIN,1610612750,2025,2068.0,2078.0,2073.0,1628978|1629638|1629675|1630162|1641740,204456|1627783|1629614|1630167|1631097,2024-25,471.0,0,-19,0.2222222222222222
309709,00:56,"Mathurin P.FOUL (P3.T3) (J.Williams)
DiVincenzo 4' Driving Floating Jump Shot (9 PTS)
",1,1,0,0,2025-03-24,0022401037,0,0,IND,3,0,-21,01:11,Off FT Make,0,DiVincenzo 4' Driving Floating Jump Shot (9 PTS),,IND,MIN,MIN,1610612750,2025,2089.0,2104.0,2096.5,203944|1628978|1629638|1629675|1641740,204456|1627783|1630167|1631097|1641767,2024-25,486.0,0,-19,0.3684210526315789
309707,00:32,"Randle 2' Cutting Layup Shot (9 PTS) (DiVincenzo 4 AST)
",1,1,0,0,2025-03-24,0022401037,0,0,IND,3,0,-21,00:42,Off Short Mid-Range Make,0,Randle 2' Cutting Layup Shot (9 PTS) (DiVincenzo 4 AST),,IND,MIN,MIN,1610612750,2025,2118.0,2128.0,2123.0,203944|1628978|1629638|1629675|1641740,204456|1627783|1630167|1631097|1641767,2024-25,492.0,0,-19,0.2891566265060241
309705,00:03,"MISS DiVincenzo 24' 3PT Pullup Jump Shot
Mathurin REBOUND (Off:2 Def:4)
",0,0,1,0,2025-03-24,0022401037,0,0,IND,3,0,-22,00:11,Off Arc 3 Make,0,MISS DiVincenzo 24' 3PT Pullup Jump Shot,,IND,MIN,MIN,1610612750,2025,2149.0,2157.0,2153.0,203944|1628978|1629638|1629675|1641740,204456|1627783|1630167|1631097|1641767,2024-25,496.0,0,-22,0.1935483870967742
309782,11:41,"Reid 6' Turnaround Bank Hook Shot (12 PTS)
",1,1,0,0,2025-03-24,0022401037,0,0,IND,4,0,-22,12:00,Off Dead Ball,0,Reid 6' Turnaround Bank Hook Shot (12 PTS),,IND,MIN,MIN,1610612750,2025,2160.0,2179.0,2169.5,201144|203497|1629638|1629675|1641740,204456|1628418|1630167|1631097|1641767,2024-25,507.0,0,-20,0.16901408450704225
309781,11:04,"Mathurin STEAL (1 STL): Reid Bad Pass Turnover (P1.T13)
",0,0,0,0,2025-03-24,0022401037,0,0,IND,4,0,-20,11:15,Off Corner 3 Miss,1,Mathurin STEAL (1 STL): Reid Bad Pass Turnover (P1.T13),,IND,MIN,MIN,1610612750,2025,2205.0,2216.0,2210.5,201144|203497|1629638|1629675|1641740,204456|1628418|1630167|1631097|1641767,2024-25,510.0,0,-20,0.2558139534883721
309780,10:52,"Reid 3' Running Finger Roll Layup (14 PTS) (Conley 3 AST)
",1,1,0,0,2025-03-24,0022401037,0,0,IND,4,0,-20,10:57,Off Arc 3 Miss,0,Reid 3' Running Finger Roll Layup (14 PTS) (Conley 3 AST),,IND,MIN,MIN,1610612750,2025,2223.0,2228.0,2225.5,201144|203497|1629638|1629675|1641740,204456|1628418|1630167|1631097|1641767,2024-25,514.0,0,-18,0.9230769230769231
309778,10:17,"MISS Clark 24' 3PT Running Jump Shot
Sheppard REBOUND (Off:0 Def:2)
",0,0,1,0,2025-03-24,0022401037,0,0,IND,4,0,-18,10:25,Off Short Mid-Range Miss,0,MISS Clark 24' 3PT Running Jump Shot,,IND,MIN,MIN,1610612750,2025,2255.0,2263.0,2259.0,201144|203497|1629638|1629675|1641740,204456|1628418|1630167|1631097|1641767,2024-25,518.0,0,-18,0.20588235294117646
309774,09:36,"Sheppard P.FOUL (P1.T1) (B.Nansel)
MISS Clark 11' Driving Floating Bank Jump Shot
Clark REBOUND (Off:1 Def:1)
Clark Tip Layup Shot (2 PTS)
",2,1,0,0,2025-03-24,0022401037,0,1,IND,4,0,-18,10:03,Off Arc 3 Miss,0,Sheppard P.FOUL (P1.T1) (B.Nansel),,IND,MIN,MIN,1610612750,2025,2277.0,2304.0,2290.5,201144|203497|1629638|1629675|1641740,204456|1628418|1630167|1631097|1641767,2024-25,519.0,0,-16,0.23880597014925373
309773,09:05,"Alexander-Walker 3PT Jump Shot (6 PTS) (Reid 1 AST)
",0,0,1,1,2025-03-24,0022401037,0,0,IND,4,0,-16,09:18,Off Dead Ball,0,Alexander-Walker 3PT Jump Shot (6 PTS) (Reid 1 AST),,IND,MIN,MIN,1610612750,2025,2322.0,2335.0,2328.5,201144|203497|1629638|1629675|1641740,204456|1626167|1630167|1631097|1641767,2024-25,533.0,0,-13,0.2
309771,08:20,"MISS Alexander-Walker 24' 3PT Jump Shot
Toppin REBOUND (Off:0 Def:1)
",0,0,1,0,2025-03-24,0022401037,0,0,IND,4,0,-15,08:42,Off Short Mid-Range Make,0,MISS Alexander-Walker 24' 3PT Jump Shot,,IND,MIN,MIN,1610612750,2025,2358.0,2380.0,2369.0,201144|203497|1629638|1629675|1641740,204456|1626167|1630167|1631097|1641767,2024-25,537.0,0,-15,0.3333333333333333
309770,07:43,"Reid 28' 3PT Jump Shot (17 PTS) (Conley 4 AST)
",0,0,1,1,2025-03-24,0022401037,0,0,IND,4,0,-17,08:01,Off At Rim Make,0,Reid 28' 3PT Jump Shot (17 PTS) (Conley 4 AST),,IND,MIN,MIN,1610612750,2025,2399.0,2417.0,2408.0,201144|203497|1629638|1629675|1641740,204456|1626167|1630167|1631097|1641767,2024-25,542.0,0,-14,0.15
309769,07:04,"Clark 4' Reverse Layup (4 PTS) (Conley 5 AST)
",1,1,0,0,2025-03-24,0022401037,0,0,IND,4,0,-16,07:18,Off At Rim Make,0,Clark 4' Reverse Layup (4 PTS) (Conley 5 AST),,IND,MIN,MIN,1610612750,2025,2442.0,2456.0,2449.0,201144|203497|1629638|1629675|1641740,204456|1626167|1630167|1631097|1641767,2024-25,547.0,0,-14,0.2727272727272727
309766,06:40,"Mathurin P.FOUL (P5.T2) (M.Kogut)
MISS Alexander-Walker 15' Pullup Jump Shot
Turner REBOUND (Off:0 Def:9)
",1,0,0,0,2025-03-24,0022401037,0,0,IND,4,0,-14,06:57,Off Steal,0,Mathurin P.FOUL (P5.T2) (M.Kogut),,IND,MIN,MIN,1610612750,2025,2463.0,2480.0,2471.5,203497|1629638|1629675|1630162|1641740,204456|1626167|1630167|1630169|1630174,2024-25,554.0,0,-14,0.2891566265060241
309765,06:13,"MISS Edwards 26' 3PT Step Back Jump Shot
Nesmith REBOUND (Off:1 Def:5)
",0,0,1,0,2025-03-24,0022401037,0,0,IND,4,0,-16,06:31,Off FT Make,0,Nesmith REBOUND (Off:1 Def:5),,IND,MIN,MIN,1610612750,2025,2489.0,2507.0,2498.0,203497|1629638|1629675|1630162|1641740,1626167|1629614|1630167|1630169|1630174,2024-25,567.0,0,-16,0.3
309763,05:39,"Alexander-Walker Traveling Turnover (P3.T14)
",0,0,0,0,2025-03-24,0022401037,0,0,IND,4,0,-16,05:51,Off Arc 3 Miss,1,Alexander-Walker Traveling Turnover (P3.T14),,IND,MIN,MIN,1610612750,2025,2529.0,2541.0,2535.0,203497|1629638|1629675|1630162|1641740,1626167|1629614|1630167|1630169|1630174,2024-25,572.0,0,-16,0.898876404494382
309762,05:11,"Reid 28' 3PT Jump Shot (20 PTS) (Gobert 3 AST)
",0,0,1,1,2025-03-24,0022401037,0,0,IND,4,0,-18,05:25,Off Short Mid-Range Make,0,Reid 28' 3PT Jump Shot (20 PTS) (Gobert 3 AST),,IND,MIN,MIN,1610612750,2025,2555.0,2569.0,2562.0,203497|1629638|1629675|1630162|1641740,1626167|1627783|1629614|1630169|1630174,2024-25,577.0,0,-15,0.46511627906976744
309761,04:33,"Edwards Out of Bounds Lost Ball Turnover (P3.T15)
",0,0,0,0,2025-03-24,0022401037,0,0,IND,4,0,-17,04:40,Off At Rim Make,1,Edwards Out of Bounds Lost Ball Turnover (P3.T15),,IND,MIN,MIN,1610612750,2025,2600.0,2607.0,2603.5,203497|1629638|1629675|1630162|1641740,1626167|1627783|1629614|1630169|1630174,2024-25,583.0,0,-17,0.23529411764705882
309759,04:07,"MISS Reid 27' 3PT Jump Shot
PACERS Rebound
",0,0,1,0,2025-03-24,0022401037,0,0,IND,4,0,-17,04:21,Off Timeout,0,MISS Reid 27' 3PT Jump Shot,,IND,MIN,MIN,1610612750,2025,2619.0,2633.0,2626.0,203497|1628978|1629675|1630162|1641740,1626167|1627783|1629614|1630169|1630174,2024-25,590.0,0,-17,0.4307692307692308
309758,03:51,"Clark 1' Running Finger Roll Layup (6 PTS)
",1,1,0,0,2025-03-24,0022401037,0,0,IND,4,0,-17,03:55,Off Steal,0,Clark 1' Running Finger Roll Layup (6 PTS),,IND,MIN,MIN,1610612750,2025,2645.0,2649.0,2647.0,203497|1628978|1629675|1630162|1641740,1626167|1627783|1629614|1630169|1630174,2024-25,595.0,0,-15,0.29213483146067415
309756,03:23,"Turner BLOCK (4 BLK): MISS DiVincenzo 9' Driving Layup
Nembhard REBOUND (Off:0 Def:3)
",1,0,0,0,2025-03-24,0022401037,0,0,IND,4,0,-15,03:33,Off Corner 3 Miss,0,Turner BLOCK (4 BLK): MISS DiVincenzo 9' Driving Layup,,IND,MIN,MIN,1610612750,2025,2667.0,2677.0,2672.0,203497|1628978|1629675|1630162|1641740,1626167|1627783|1629614|1630169|1630174,2024-25,598.0,0,-15,0.20224719101123595
309755,03:03,"Gobert 2' Cutting Dunk Shot (14 PTS) (Edwards 4 AST)
",1,1,0,0,2025-03-24,0022401037,0,0,IND,4,0,-17,03:20,Off At Rim Make,0,Gobert 2' Cutting Dunk Shot (14 PTS) (Edwards 4 AST),,IND,MIN,MIN,1610612750,2025,2680.0,2697.0,2688.5,203497|1628978|1629675|1630162|1641740,1626167|1627783|1629614|1630169|1630174,2024-25,603.0,0,-15,0.20689655172413793
309754,02:40,"Gobert 1' Dunk (16 PTS) (Reid 2 AST)
",1,1,0,0,2025-03-24,0022401037,0,0,IND,4,0,-17,02:55,Off At Rim Make,0,Gobert 1' Dunk (16 PTS) (Reid 2 AST),,IND,MIN,MIN,1610612750,2025,2705.0,2720.0,2712.5,203497|1628978|1629675|1630162|1641740,1626167|1627783|1629614|1630169|1630174,2024-25,606.0,0,-15,0.18181818181818182
309753,02:05,"Bryant STEAL (2 STL): Minott Bad Pass Turnover (P1.T16)
",0,0,0,0,2025-03-24,0022401037,0,0,IND,4,0,-17,02:21,Off Long Mid-Range Make,1,Bryant STEAL (2 STL): Minott Bad Pass Turnover (P1.T16),,IND,MIN,MIN,1610612750,2025,2739.0,2755.0,2747.0,1630545|1630568|1631169|1641740|1642265,1627783|1628418|1629614|1630174|1641767,2024-25,624.0,0,-17,0.18823529411764706
309752,01:37,"Minott 1' Driving Dunk (2 PTS)
",1,1,0,0,2025-03-24,0022401037,0,0,IND,4,0,-19,01:50,Off FT Make,0,Minott 1' Driving Dunk (2 PTS),,IND,MIN,MIN,1610612750,2025,2770.0,2783.0,2776.5,1630538|1630545|1630568|1631169|1642265,1628418|1629614|1630174|1641716|1641767,2024-25,636.0,0,-17,0.358974358974359
309751,01:08,"Minott 25' 3PT Jump Shot (5 PTS) (Shannon Jr. 1 AST)
",0,0,1,1,2025-03-24,0022401037,0,0,IND,4,0,-19,01:21,Off Short Mid-Range Make,0,Minott 25' 3PT Jump Shot (5 PTS) (Shannon Jr. 1 AST),,IND,MIN,MIN,1610612750,2025,2799.0,2812.0,2805.5,1630538|1630545|1630568|1631169|1642265,1628418|1631245|1641716|1641767|1642277,2024-25,643.0,0,-16,0.16091954022988506
309750,00:39,"Garza 9' Floating Jump Shot (2 PTS) (Hyland 1 AST)
",1,1,0,0,2025-03-24,0022401037,0,0,IND,4,0,-18,00:52,Off FT Make,0,Garza 9' Floating Jump Shot (2 PTS) (Hyland 1 AST),,IND,MIN,MIN,1610612750,2025,2828.0,2841.0,2834.5,1630538|1630545|1630568|1631169|1642265,1628418|1631245|1641716|1641767|1642277,2024-25,649.0,0,-16,0.3333333333333333
309749,00:08,"Shannon Jr. Out of Bounds - Bad Pass Turnover Turnover (P1.T17)
",0,0,0,0,2025-03-24,0022401037,0,0,IND,4,0,-16,00:15,Off Dead Ball,1,Shannon Jr. Out of Bounds - Bad Pass Turnover Turnover (P1.T17),,IND,MIN,MIN,1610612750,2025,2865.0,2872.0,2868.5,1630538|1630545|1630568|1631169|1642265,1628418|1631245|1641716|1641767|1642277,2024-25,652.0,0,-16,0.29906542056074764
264755,11:45,"Murray 15' Pullup Jump Shot (2 PTS) (Jordan 1 AST)
",1,1,0,0,2025-03-24,0022401042,0,0,CHI,1,0,0,12:00,Off Dead Ball,0,Murray 15' Pullup Jump Shot (2 PTS) (Jordan 1 AST),,DEN,CHI,DEN,1610612743,2025,0.0,15.0,7.5,201599|1627750|1629008|1631128|1631212,202696|1628989|1629632|1630581|1641824,2024-25,7.0,0,2,0.35555555555555557
264751,11:15,"MISS Watson 1' Running Layup: Buzelis BLOCK (1 BLK)
NUGGETS Rebound
MISS Murray 26' 3PT Jump Shot
Vucevic REBOUND (Off:0 Def:1)
",1,0,1,0,2025-03-24,0022401042,0,1,CHI,1,0,2,11:29,Off Steal,0,MISS Watson 1' Running Layup: Buzelis BLOCK (1 BLK),,DEN,CHI,DEN,1610612743,2025,31.0,45.0,38.0,201599|1627750|1629008|1631128|1631212,202696|1628989|1629632|1630581|1641824,2024-25,11.0,0,2,0.27906976744186046
264750,10:40,"Braun 25' 3PT Step Back Jump Shot (3 PTS) (Jordan 2 AST)
",0,0,1,1,2025-03-24,0022401042,0,0,CHI,1,0,0,11:08,Off Short Mid-Range Make,0,Braun 25' 3PT Step Back Jump Shot (3 PTS) (Jordan 2 AST),,DEN,CHI,DEN,1610612743,2025,52.0,80.0,66.0,201599|1627750|1629008|1631128|1631212,202696|1628989|1629632|1630581|1641824,2024-25,18.0,0,3,0.27956989247311825
264749,10:18,"Murray 2' Driving Layup (4 PTS)
",1,1,0,0,2025-03-24,0022401042,0,0,CHI,1,0,2,10:32,Off FT Make,0,Murray 2' Driving Layup (4 PTS),,DEN,CHI,DEN,1610612743,2025,88.0,102.0,95.0,201599|1627750|1629008|1631128|1631212,202696|1628989|1629632|1630581|1641824,2024-25,25.0,0,4,0.9032258064516129
264747,09:34,"MISS Porter Jr. 5' Driving Layup: Buzelis BLOCK (2 BLK)
Buzelis REBOUND (Off:0 Def:1)
",1,0,0,0,2025-03-24,0022401042,0,0,CHI,1,0,1,09:59,Off Arc 3 Make,0,MISS Porter Jr. 5' Driving Layup: Buzelis BLOCK (2 BLK),,DEN,CHI,DEN,1610612743,2025,121.0,146.0,133.5,201599|1627750|1629008|1631128|1631212,202696|1628989|1629632|1630581|1641824,2024-25,28.0,0,1,0.4444444444444444
264746,09:00,"Porter Jr. 1' Cutting Dunk Shot (2 PTS) (Murray 1 AST)
",1,1,0,0,2025-03-24,0022401042,0,0,CHI,1,0,1,09:15,Off Short Mid-Range Miss,0,Porter Jr. 1' Cutting Dunk Shot (2 PTS) (Murray 1 AST),,DEN,CHI,DEN,1610612743,2025,165.0,180.0,172.5,201599|1627750|1629008|1631128|1631212,202696|1628989|1629632|1630581|1641824,2024-25,36.0,0,3,0.20253164556962025
264745,08:34,"Murray 6' Driving Floating Jump Shot (6 PTS)
",1,1,0,0,2025-03-24,0022401042,0,0,CHI,1,0,1,08:51,Off At Rim Make,0,Murray 6' Driving Floating Jump Shot (6 PTS),,DEN,CHI,DEN,1610612743,2025,189.0,206.0,197.5,201599|1627750|1629008|1631128|1631212,202696|1628989|1629632|1630581|1641824,2024-25,42.0,0,3,0.4782608695652174
264744,08:03,"MISS Braun 2' Layup: White BLOCK (1 BLK)
Porter Jr. REBOUND (Off:1 Def:0)
Porter Jr. Putback Layup (4 PTS)
",2,1,0,0,2025-03-24,0022401042,0,1,CHI,1,0,3,08:22,Off Dead Ball,0,Porter Jr. Putback Layup (4 PTS),,DEN,CHI,DEN,1610612743,2025,218.0,237.0,227.5,201599|1627750|1629008|1631128|1631212,202696|1628989|1629632|1630581|1641824,2024-25,47.0,0,5,0.25806451612903225
264741,07:35,"Braun Out of Bounds - Bad Pass Turnover Turnover (P1.T1)
",0,0,0,0,2025-03-24,0022401042,0,0,CHI,1,0,3,07:56,Off Short Mid-Range Make,1,Braun Out of Bounds - Bad Pass Turnover Turnover (P1.T1),,DEN,CHI,DEN,1610612743,2025,244.0,265.0,254.5,201599|1627750|1629008|1631128|1631212,202696|1628989|1629632|1630581|1641824,2024-25,49.0,0,3,0.19672131147540983
264740,07:17,"Vucevic S.FOUL (P1.T1) (B.Barnaky)
Watson Free Throw 1 of 2 (1 PTS)
MISS Watson Free Throw 2 of 2
Giddey REBOUND (Off:1 Def:1)
",0,0,0,0,2025-03-24,0022401042,0,0,CHI,1,1,3,07:23,Off Steal,0,Giddey REBOUND (Off:1 Def:1),,DEN,CHI,DEN,1610612743,2025,277.0,283.0,280.0,201599|1627750|1629008|1631128|1631212,202696|1628989|1630581|1631207|1641824,2024-25,54.0,0,3,0.3137254901960784
264736,06:46,"Watson 4' Cutting Layup Shot (3 PTS) (Jordan 3 AST)
",1,1,0,0,2025-03-24,0022401042,0,0,CHI,1,0,2,07:03,Off Short Mid-Range Make,0,Watson 4' Cutting Layup Shot (3 PTS) (Jordan 3 AST),,DEN,CHI,DEN,1610612743,2025,297.0,314.0,305.5,201599|1627750|1629008|1631128|1631212,202696|1628989|1630581|1631207|1641824,2024-25,63.0,0,4,0.325
264735,06:00,"Murray 13' Driving Floating Jump Shot (8 PTS)
",1,1,0,0,2025-03-24,0022401042,0,0,CHI,1,0,1,06:28,Off Corner 3 Make,0,Murray 13' Driving Floating Jump Shot (8 PTS),,DEN,CHI,DEN,1610612743,2025,332.0,360.0,346.0,201599|1627750|1629008|1631128|1631212,202696|1628989|1630581|1631207|1641824,2024-25,67.0,0,3,0.18181818181818182
264732,05:26,"Braun 1' Running Layup (5 PTS) (Westbrook 1 AST)
",1,1,0,0,2025-03-24,0022401042,0,0,CHI,1,0,3,05:31,Off Steal,0,Braun 1' Running Layup (5 PTS) (Westbrook 1 AST),,DEN,CHI,DEN,1610612743,2025,389.0,394.0,391.5,201566|201599|1627750|1631128|1631212,202696|1628989|1629632|1631207|1641824,2024-25,79.0,0,5,0.1794871794871795
264731,04:55,"Jordan 1' Alley Oop Dunk (2 PTS) (Westbrook 2 AST)
",1,1,0,0,2025-03-24,0022401042,0,0,CHI,1,0,5,05:03,Off Arc 3 Miss,0,Jordan 1' Alley Oop Dunk (2 PTS) (Westbrook 2 AST),,DEN,CHI,DEN,1610612743,2025,417.0,425.0,421.0,201566|201599|1627750|1631128|1631212,202696|1628989|1629632|1631207|1641824,2024-25,83.0,0,7,0.18823529411764706
264730,04:37,"Jordan Bad Pass Turnover (P1.T2): White STEAL (1 STL)
",0,0,0,0,2025-03-24,0022401042,0,0,CHI,1,0,7,04:38,Off Arc 3 Miss,1,Jordan Bad Pass Turnover (P1.T2): White STEAL (1 STL),,DEN,CHI,DEN,1610612743,2025,442.0,443.0,442.5,201566|201599|1627750|1631128|1631212,202696|1628989|1629632|1631207|1641824,2024-25,87.0,0,7,0.13333333333333333
264729,04:10,"Braun Bad Pass Turnover (P2.T3): White STEAL (2 STL)
",0,0,0,0,2025-03-24,0022401042,0,0,CHI,1,0,7,04:27,Off At Rim Miss,1,Braun Bad Pass Turnover (P2.T3): White STEAL (2 STL),,DEN,CHI,DEN,1610612743,2025,453.0,470.0,461.5,201566|201599|1627750|1631128|1631212,202696|1628989|1629632|1631207|1641824,2024-25,91.0,0,7,0.32098765432098764
264724,03:44,"MISS Westbrook 7' Driving Layup
Jordan REBOUND (Off:1 Def:3)
MISS Watson 4' Driving Layup
Watson REBOUND (Off:1 Def:1)
Watson 1' Putback Dunk (5 PTS)
",3,1,0,0,2025-03-24,0022401042,0,2,CHI,1,0,7,04:01,Off Arc 3 Miss,0,MISS Westbrook 7' Driving Layup,,DEN,CHI,DEN,1610612743,2025,479.0,496.0,487.5,201566|201599|1627750|1631128|1631212,202696|1628989|1629632|1631207|1641824,2024-25,101.0,0,9,0.4050632911392405
264723,03:19,"Westbrook 18' Pullup Jump Shot (2 PTS)
",1,1,0,0,2025-03-24,0022401042,0,0,CHI,1,0,7,03:36,Off FT Make,0,Westbrook 18' Pullup Jump Shot (2 PTS),,DEN,CHI,DEN,1610612743,2025,504.0,521.0,512.5,201566|1628427|1629618|1630192|1631128,1628380|1629632|1630172|1631207|1641824,2024-25,116.0,0,9,0.23529411764705882
264722,02:48,"Westbrook Lost Ball Turnover (P1.T4): Buzelis STEAL (1 STL)
",0,0,0,0,2025-03-24,0022401042,0,0,CHI,1,0,9,02:56,Off At Rim Miss,1,Westbrook Lost Ball Turnover (P1.T4): Buzelis STEAL (1 STL),,DEN,CHI,DEN,1610612743,2025,544.0,552.0,548.0,201566|1628427|1629618|1630192|1631128,1628380|1629632|1630172|1631207|1641824,2024-25,123.0,0,9,0.25
264721,02:25,"Westbrook 30' 3PT Jump Shot (5 PTS) (Nnaji 1 AST)
",0,0,1,1,2025-03-24,0022401042,0,0,CHI,1,0,7,02:47,Off At Rim Make,0,Westbrook 30' 3PT Jump Shot (5 PTS) (Nnaji 1 AST),,DEN,CHI,DEN,1610612743,2025,553.0,575.0,564.0,201566|1628427|1629618|1630192|1631128,1628380|1629632|1630172|1631207|1641824,2024-25,128.0,0,10,0.30952380952380953
264720,02:00,"Nnaji 25' 3PT Jump Shot (3 PTS) (Westbrook 3 AST)
",0,0,1,1,2025-03-24,0022401042,0,0,CHI,1,0,10,02:08,Off Corner 3 Miss,0,Nnaji 25' 3PT Jump Shot (3 PTS) (Westbrook 3 AST),,DEN,CHI,DEN,1610612743,2025,592.0,600.0,596.0,201566|1628427|1629618|1630192|1631128,1628380|1629632|1630172|1631207|1641824,2024-25,132.0,0,13,0.5569620253164557
264719,01:27,"MISS Porter Jr. 24' 3PT Jump Shot
Nnaji REBOUND (Off:1 Def:1)
MISS Cancar 26' 3PT Jump Shot
White REBOUND (Off:0 Def:1)
",0,0,2,0,2025-03-24,0022401042,0,1,CHI,1,0,11,01:51,Off Timeout,0,White REBOUND (Off:0 Def:1),,DEN,CHI,DEN,1610612743,2025,609.0,633.0,621.0,201566|1628427|1629008|1629618|1630192,1628380|1629632|1630172|1631207|1641763,2024-25,144.0,0,11,0.27586206896551724
264714,00:48,"MISS Pickett 3PT Jump Shot
Williams REBOUND (Off:0 Def:1)
",0,0,1,0,2025-03-24,0022401042,0,0,CHI,1,0,8,01:07,Off Arc 3 Make,0,MISS Pickett 3PT Jump Shot,,DEN,CHI,DEN,1610612743,2025,653.0,672.0,662.5,201566|1628427|1629008|1629618|1630192,1628380|1629632|1630172|1631207|1641763,2024-25,151.0,0,8,0.17857142857142858
264712,00:31,"Phillips P.FOUL (P1.T2) (J.Conley)
Nnaji 2' Cutting Dunk Shot (5 PTS) (Pickett 1 AST)
",1,1,0,0,2025-03-24,0022401042,0,0,CHI,1,0,5,00:46,Off Arc 3 Make,0,Phillips P.FOUL (P1.T2) (J.Conley),,DEN,CHI,DEN,1610612743,2025,674.0,689.0,681.5,201566|1628427|1629008|1629618|1630192,1628380|1629632|1630172|1631207|1641763,2024-25,157.0,0,7,0.17777777777777778
264707,00:00,"MISS Westbrook 26' 3PT Pullup Jump Shot
Porter Jr. REBOUND (Off:2 Def:0)
White S.FOUL (P1.PN) (P.Fraher)
Porter Jr. Free Throw 1 of 2 (5 PTS)
MISS Porter Jr. Free Throw 2 of 2
Collins REBOUND (Off:1 Def:1)
",0,0,1,0,2025-03-24,0022401042,0,1,CHI,1,1,7,00:18,Off Dead Ball,0,Porter Jr. REBOUND (Off:2 Def:0),,DEN,CHI,DEN,1610612743,2025,702.0,720.0,711.0,201566|1628427|1629008|1629618|1630192,1628380|1629632|1630172|1631207|1641763,2024-25,164.0,0,7,0.36363636363636365
264805,11:18,"MISS Nnaji 4' Layup
NUGGETS Rebound
Porter Jr. 2' Layup (7 PTS) (Westbrook 4 AST)
",2,1,0,0,2025-03-24,0022401042,0,1,CHI,2,0,6,11:45,Off Short Mid-Range Make,0,NUGGETS Rebound,,DEN,CHI,DEN,1610612743,2025,735.0,762.0,748.5,201566|1628427|1629008|1629618|1630192,1629632|1630172|1630188|1631207|1641763,2024-25,190.0,0,8,0.5405405405405406
264802,10:51,"MISS Nnaji 7' Fadeaway Jumper
Phillips REBOUND (Off:0 Def:1)
",1,0,0,0,2025-03-24,0022401042,0,0,CHI,2,0,5,11:09,Off Arc 3 Make,0,MISS Nnaji 7' Fadeaway Jumper,,DEN,CHI,DEN,1610612743,2025,771.0,789.0,780.0,201566|1628427|1629008|1629618|1630192,1629632|1630172|1630188|1631207|1641763,2024-25,183.0,0,5,0.2857142857142857
264800,10:29,"MISS Cancar 25' 3PT Jump Shot
Smith REBOUND (Off:0 Def:1)
",0,0,1,0,2025-03-24,0022401042,0,0,CHI,2,0,2,10:49,Off Arc 3 Make,0,MISS Cancar 25' 3PT Jump Shot,,DEN,CHI,DEN,1610612743,2025,791.0,811.0,801.0,201566|1628427|1629008|1629618|1630192,1629632|1630172|1630188|1631207|1641763,2024-25,186.0,0,2,0.16326530612244897
264795,09:40,"Smith S.FOUL (P1.T1) (P.Fraher)
Westbrook Free Throw 1 of 2 (6 PTS)
Westbrook Free Throw 2 of 2 (7 PTS)
",0,0,0,0,2025-03-24,0022401042,0,0,CHI,2,1,0,09:58,Off Timeout,0,Smith S.FOUL (P1.T1) (P.Fraher),,DEN,CHI,DEN,1610612743,2025,842.0,860.0,851.0,201566|1627750|1628427|1629008|1631212,1630172|1630188|1630581|1631207|1641763,2024-25,199.0,0,0,0.3380281690140845
264794,09:08,"Westbrook 1' Driving Layup (9 PTS)
",1,1,0,0,2025-03-24,0022401042,0,0,CHI,2,0,0,09:21,Off At Rim Make,0,Westbrook 1' Driving Layup (9 PTS),,DEN,CHI,DEN,1610612743,2025,879.0,892.0,885.5,201566|1627750|1628427|1629008|1631212,1630172|1630188|1630581|1631207|1641763,2024-25,207.0,0,2,0.9117647058823529
264793,08:41,"MISS Porter Jr. 27' 3PT Jump Shot
Smith REBOUND (Off:0 Def:2)
",0,0,1,0,2025-03-24,0022401042,0,0,CHI,2,0,-1,08:55,Off Arc 3 Make,0,Smith REBOUND (Off:0 Def:2),,DEN,CHI,DEN,1610612743,2025,905.0,919.0,912.0,201566|1627750|1628427|1629008|1631212,1630172|1630188|1630581|1631207|1641763,2024-25,210.0,0,-1,0.7368421052631579
264791,08:20,"Murray 25' 3PT Jump Shot (11 PTS) (Westbrook 5 AST)
",0,0,1,1,2025-03-24,0022401042,0,0,CHI,2,0,-1,08:28,Off Arc 3 Miss,0,Murray 25' 3PT Jump Shot (11 PTS) (Westbrook 5 AST),,DEN,CHI,DEN,1610612743,2025,932.0,940.0,936.0,201566|1627750|1628427|1629008|1631212,1630172|1630188|1630581|1631207|1641763,2024-25,214.0,0,2,0.18604651162790697
264790,07:56,"Westbrook 17' Running Pull-Up Jump Shot (11 PTS) (Murray 2 AST)
",1,1,0,0,2025-03-24,0022401042,0,0,CHI,2,0,2,07:59,Off Arc 3 Miss,0,Westbrook 17' Running Pull-Up Jump Shot (11 PTS) (Murray 2 AST),,DEN,CHI,DEN,1610612743,2025,961.0,964.0,962.5,201566|1627750|1628427|1629008|1631212,1630172|1630188|1630581|1631207|1641763,2024-25,218.0,0,4,0.5391304347826087
264789,07:20,"MISS Murray 18' Pullup Jump Shot
Williams REBOUND (Off:1 Def:2)
",1,0,0,0,2025-03-24,0022401042,0,0,CHI,2,0,2,07:44,Off FT Make,0,Williams REBOUND (Off:1 Def:2),,DEN,CHI,DEN,1610612743,2025,976.0,1000.0,988.0,201566|1627750|1629008|1631128|1631212,1628989|1630172|1630188|1630581|1641824,2024-25,219.0,0,2,0.24561403508771928
264787,06:56,"Jordan 2' Alley Oop Dunk (4 PTS) (Braun 1 AST)
",1,1,0,0,2025-03-24,0022401042,0,0,CHI,2,0,1,07:11,Off FT Miss,0,Jordan 2' Alley Oop Dunk (4 PTS) (Braun 1 AST),,DEN,CHI,DEN,1610612743,2025,1009.0,1024.0,1016.5,201566|201599|1629008|1631128|1631212,202696|1628989|1630172|1630581|1641824,2024-25,243.0,0,3,0.3855421686746988
264785,06:29,"MISS Porter Jr. 26' 3PT Jump Shot
Buzelis REBOUND (Off:1 Def:2)
",0,0,1,0,2025-03-24,0022401042,0,0,CHI,2,0,1,06:46,Off FT Make,0,MISS Porter Jr. 26' 3PT Jump Shot,,DEN,CHI,DEN,1610612743,2025,1034.0,1051.0,1042.5,201599|1629008|1629618|1631128|1631212,202696|1628989|1630172|1630581|1641824,2024-25,252.0,0,1,0.39344262295081966
264784,05:59,"Porter Jr. 27' 3PT Jump Shot (10 PTS) (Jordan 4 AST)
",0,0,1,1,2025-03-24,0022401042,0,0,CHI,2,0,-1,06:10,Off Short Mid-Range Make,0,Porter Jr. 27' 3PT Jump Shot (10 PTS) (Jordan 4 AST),,DEN,CHI,DEN,1610612743,2025,1070.0,1081.0,1075.5,201599|1629008|1629618|1631128|1631212,202696|1628989|1630172|1630581|1641824,2024-25,256.0,0,2,0.16842105263157894
264783,05:10,"MISS Porter Jr. 25' 3PT Step Back Jump Shot
Giddey REBOUND (Off:1 Def:2)
",0,0,1,0,2025-03-24,0022401042,0,0,CHI,2,0,2,05:28,Off Arc 3 Miss,0,Giddey REBOUND (Off:1 Def:2),,DEN,CHI,DEN,1610612743,2025,1112.0,1130.0,1121.0,201599|1629008|1629618|1631128|1631212,202696|1628989|1630172|1630581|1641824,2024-25,241.0,0,2,0.3018867924528302
264781,04:55,"Pickett 5' Driving Floating Bank Jump Shot (2 PTS)
",1,1,0,0,2025-03-24,0022401042,0,0,CHI,2,0,2,05:06,Off Steal,0,Pickett 5' Driving Floating Bank Jump Shot (2 PTS),,DEN,CHI,DEN,1610612743,2025,1134.0,1145.0,1139.5,201599|1629008|1629618|1631128|1631212,202696|1628989|1630172|1630581|1641824,2024-25,264.0,0,4,0.1728395061728395
264778,04:35,"Williams S.FOUL (P1.T2) (B.Barnaky)
Watson Free Throw 1 of 2 (6 PTS)
Watson Free Throw 2 of 2 (7 PTS)
",0,0,0,0,2025-03-24,0022401042,0,0,CHI,2,1,4,04:37,Off At Rim Miss,0,Williams S.FOUL (P1.T2) (B.Barnaky),,DEN,CHI,DEN,1610612743,2025,1163.0,1165.0,1164.0,201599|1629008|1629618|1631128|1631212,202696|1628989|1629632|1630172|1641824,2024-25,269.0,0,4,0.24561403508771928
264777,04:18,"Watson 4' Running Layup (9 PTS) (Porter Jr. 1 AST)
",1,1,0,0,2025-03-24,0022401042,0,0,CHI,2,0,6,04:23,Off At Rim Block,0,Watson 4' Running Layup (9 PTS) (Porter Jr. 1 AST),,DEN,CHI,DEN,1610612743,2025,1177.0,1182.0,1179.5,201599|1629008|1629618|1631128|1631212,202696|1628989|1629632|1630581|1641824,2024-25,279.0,0,8,0.345679012345679
264773,03:55,"Giddey S.FOUL (P1.T3) (B.Barnaky)
MISS Watson Free Throw 1 of 2
NUGGETS Rebound
Watson Free Throw 2 of 2 (10 PTS)
",0,0,0,0,2025-03-24,0022401042,0,0,CHI,2,1,8,03:59,Off Corner 3 Miss,0,Giddey S.FOUL (P1.T3) (B.Barnaky),,DEN,CHI,DEN,1610612743,2025,1201.0,1205.0,1203.0,201599|1629008|1629618|1631128|1631212,202696|1628989|1629632|1630581|1641824,2024-25,288.0,0,8,0.32098765432098764
264772,03:06,"Braun 10' Fadeaway Jumper (7 PTS) (Pickett 2 AST)
",1,1,0,0,2025-03-24,0022401042,0,0,CHI,2,0,7,03:34,Off At Rim Make,0,Braun 10' Fadeaway Jumper (7 PTS) (Pickett 2 AST),,DEN,CHI,DEN,1610612743,2025,1226.0,1254.0,1240.0,201599|1629008|1629618|1631128|1631212,202696|1628989|1629632|1630581|1641824,2024-25,296.0,0,9,0.30952380952380953
264770,02:18,"MISS Porter Jr. 25' 3PT Jump Shot
Pickett REBOUND (Off:1 Def:0)
MISS Pickett Tip Layup Shot
Pickett REBOUND (Off:2 Def:0)
MISS Porter Jr. 8' Driving Floating Bank Jump Shot
Vucevic REBOUND (Off:0 Def:2)
",2,0,1,0,2025-03-24,0022401042,0,2,CHI,2,0,7,02:53,Off Short Mid-Range Make,0,MISS Porter Jr. 8' Driving Floating Bank Jump Shot,,DEN,CHI,DEN,1610612743,2025,1267.0,1302.0,1284.5,201599|1629008|1629618|1631128|1631212,202696|1628989|1629632|1630581|1641824,2024-25,301.0,0,7,0.20454545454545456
264765,01:44,"Jordan 2' Hook Shot (6 PTS) (Pickett 3 AST)
",1,1,0,0,2025-03-24,0022401042,0,0,CHI,2,0,4,02:10,Off Arc 3 Make,0,Jordan 2' Hook Shot (6 PTS) (Pickett 3 AST),,DEN,CHI,DEN,1610612743,2025,1310.0,1336.0,1323.0,201599|1629008|1629618|1631128|1631212,202696|1628989|1629632|1630581|1641824,2024-25,308.0,0,6,0.4583333333333333
264764,01:08,"Porter Jr. 2' Cutting Dunk Shot (12 PTS) (Jordan 5 AST)
",1,1,0,0,2025-03-24,0022401042,0,0,CHI,2,0,4,01:31,Off At Rim Make,0,Porter Jr. 2' Cutting Dunk Shot (12 PTS) (Jordan 5 AST),,DEN,CHI,DEN,1610612743,2025,1349.0,1372.0,1360.5,201599|1629008|1629618|1631128|1631212,202696|1628989|1629632|1630581|1641824,2024-25,311.0,0,6,0.2391304347826087
264762,00:38,"MISS Watson 25' 3PT Jump Shot
Bulls Rebound
",0,0,1,0,2025-03-24,0022401042,0,0,CHI,2,0,4,00:57,Off At Rim Make,0,MISS Watson 25' 3PT Jump Shot,,DEN,CHI,DEN,1610612743,2025,1383.0,1402.0,1392.5,201599|1629008|1629618|1631128|1631212,202696|1628989|1629632|1630581|1641824,2024-25,314.0,0,4,0.2608695652173913
264759,00:27,"Williams S.FOUL (P2.T4) (B.Barnaky)
Westbrook Free Throw 1 of 2 (12 PTS)
MISS Westbrook Free Throw 2 of 2
Giddey REBOUND (Off:1 Def:3)
",0,0,0,0,2025-03-24,0022401042,0,0,CHI,2,1,2,00:33,Off FT Make,0,Westbrook Free Throw 1 of 2 (12 PTS),,DEN,CHI,DEN,1610612743,2025,1407.0,1413.0,1410.0,201566|201599|1629008|1631128|1631212,202696|1628989|1629632|1630172|1630581,2024-25,355.0,12,14,0.29545454545454547
264756,00:05,"MISS Braun 2' Running Layup
Giddey REBOUND (Off:1 Def:4)
",1,0,0,0,2025-03-24,0022401042,0,0,CHI,2,0,3,00:12,Off Short Mid-Range Miss,0,MISS Braun 2' Running Layup,,DEN,CHI,DEN,1610612743,2025,1428.0,1435.0,1431.5,201566|201599|1629008|1631128|1631212,202696|1628989|1629632|1630172|1630581,2024-25,332.0,0,3,0.7096774193548387
264858,11:27,"MISS Murray 29' 3PT Jump Shot
Buzelis REBOUND (Off:1 Def:3)
",0,0,1,0,2025-03-24,0022401042,0,0,CHI,3,0,0,11:43,Off Short Mid-Range Miss,0,MISS Murray 29' 3PT Jump Shot,,DEN,CHI,DEN,1610612743,2025,1457.0,1473.0,1465.0,201599|1627750|1629008|1631128|1631212,202696|1628989|1629632|1630581|1641824,2024-25,329.0,0,0,0.1694915254237288
264857,11:08,"Jordan Bad Pass Turnover (P2.T5): Vucevic STEAL (1 STL)
",0,0,0,0,2025-03-24,0022401042,0,0,CHI,3,0,0,11:18,Off At Rim Block,1,Jordan Bad Pass Turnover (P2.T5): Vucevic STEAL (1 STL),,DEN,CHI,DEN,1610612743,2025,1482.0,1492.0,1487.0,201599|1627750|1629008|1631128|1631212,202696|1628989|1629632|1630581|1641824,2024-25,348.0,0,0,0.5842696629213483
264856,10:40,"Murray 26' 3PT Jump Shot (14 PTS) (Porter Jr. 2 AST)
",0,0,1,1,2025-03-24,0022401042,0,0,CHI,3,0,-3,11:01,Off Corner 3 Make,0,Murray 26' 3PT Jump Shot (14 PTS) (Porter Jr. 2 AST),,DEN,CHI,DEN,1610612743,2025,1499.0,1520.0,1509.5,201599|1627750|1629008|1631128|1631212,202696|1628989|1629632|1630581|1641824,2024-25,352.0,0,0,0.17391304347826086
264848,10:15,"MISS Braun 11' Jump Shot
Jordan REBOUND (Off:2 Def:6)
Vucevic S.FOUL (P2.T1) (P.Fraher)
Watson T.FOUL (P1.T0) (B.Barnaky)
White Free Throw Technical (25 PTS)
MISS Jordan Free Throw 1 of 2
NUGGETS Rebound
Jordan Free Throw 2 of 2 (7 PTS)
",1,0,0,0,2025-03-24,0022401042,0,1,CHI,3,1,0,10:32,Off Short Mid-Range Miss,0,MISS Braun 11' Jump Shot,,DEN,CHI,DEN,1610612743,2025,1528.0,1545.0,1536.5,201599|1627750|1629008|1631128|1631212,202696|1628989|1629632|1630581|1641824,2024-25,356.0,0,0,0.2545454545454545
264843,09:27,"MISS Murray 3' Driving Layup
Jordan REBOUND (Off:3 Def:6)
Giddey S.FOUL (P2.T2) (J.Conley)
MISS Jordan Free Throw 1 of 2
NUGGETS Rebound
Giddey P.FOUL (P3.T3) (B.Barnaky)
Jordan Offensive Goaltending Turnover (P3.T6)
",1,0,0,0,2025-03-24,0022401042,0,1,CHI,3,1,-2,10:03,Off At Rim Make,1,Giddey S.FOUL (P2.T2) (J.Conley),,DEN,CHI,DEN,1610612743,2025,1557.0,1593.0,1575.0,201599|1627750|1629008|1631128|1631212,202696|1628989|1629632|1630581|1641824,2024-25,360.0,0,-2,0.3076923076923077
264839,09:00,"MISS Porter Jr. 27' 3PT Jump Shot
Vucevic REBOUND (Off:0 Def:3)
",0,0,1,0,2025-03-24,0022401042,0,0,CHI,3,0,-2,09:15,Off Arc 3 Miss,0,MISS Porter Jr. 27' 3PT Jump Shot,,DEN,CHI,DEN,1610612743,2025,1605.0,1620.0,1612.5,201599|1627750|1629008|1631128|1631212,202696|1628989|1629632|1630581|1641824,2024-25,386.0,0,-2,0.47761194029850745
264837,08:49,"MISS Jordan 2' Alley Oop Dunk
Vucevic REBOUND (Off:0 Def:4)
",1,0,0,0,2025-03-24,0022401042,0,0,CHI,3,0,-4,08:57,Off FT Make,0,MISS Jordan 2' Alley Oop Dunk,,DEN,CHI,DEN,1610612743,2025,1623.0,1631.0,1627.0,201599|1627750|1629008|1631128|1631212,202696|1628989|1629632|1630581|1641824,2024-25,392.0,0,-4,0.28125
264836,08:27,"Murray 27' 3PT Step Back Jump Shot (17 PTS)
",0,0,1,1,2025-03-24,0022401042,0,0,CHI,3,0,-6,08:45,Off At Rim Make,0,Murray 27' 3PT Step Back Jump Shot (17 PTS),,DEN,CHI,DEN,1610612743,2025,1635.0,1653.0,1644.0,201599|1627750|1629008|1631128|1631212,202696|1628989|1629632|1630581|1641824,2024-25,396.0,0,-3,0.25925925925925924
264835,08:05,"Jordan 1' Alley Oop Dunk (9 PTS) (Murray 3 AST)
",1,1,0,0,2025-03-24,0022401042,0,0,CHI,3,0,-5,08:17,Off At Rim Make,0,Jordan 1' Alley Oop Dunk (9 PTS) (Murray 3 AST),,DEN,CHI,DEN,1610612743,2025,1663.0,1675.0,1669.0,201599|1627750|1629008|1631128|1631212,202696|1628989|1629632|1630581|1641824,2024-25,398.0,0,-3,0.2716049382716049
264834,07:31,"Murray Bad Pass Turnover (P1.T7): Huerter STEAL (1 STL)
",0,0,0,0,2025-03-24,0022401042,0,0,CHI,3,0,-4,07:48,Off Timeout,1,Murray Bad Pass Turnover (P1.T7): Huerter STEAL (1 STL),,DEN,CHI,DEN,1610612743,2025,1692.0,1709.0,1700.5,201599|1627750|1629008|1631128|1631212,202696|1628989|1629632|1630581|1641824,2024-25,408.0,0,-4,0.6741573033707865
264833,07:18,"Murray 18' Pullup Jump Shot (19 PTS) (Braun 2 AST)
",1,1,0,0,2025-03-24,0022401042,0,0,CHI,3,0,-6,07:27,Off At Rim Make,0,Murray 18' Pullup Jump Shot (19 PTS) (Braun 2 AST),,DEN,CHI,DEN,1610612743,2025,1713.0,1722.0,1717.5,201599|1627750|1629008|1631128|1631212,202696|1628989|1629632|1630581|1641824,2024-25,412.0,0,-4,0.4423076923076923
264832,06:37,"Watson 13' Pullup Jump Shot (12 PTS)
",1,1,0,0,2025-03-24,0022401042,0,0,CHI,3,0,-4,06:57,Off Corner 3 Miss,0,Watson 13' Pullup Jump Shot (12 PTS),,DEN,CHI,DEN,1610612743,2025,1743.0,1763.0,1753.0,201599|1627750|1629008|1631128|1631212,202696|1628989|1629632|1630581|1641824,2024-25,416.0,0,-2,0.39080459770114945
264831,05:54,"Murray 19' Fadeaway Jumper (21 PTS)
",1,1,0,0,2025-03-24,0022401042,0,0,CHI,3,0,-5,06:14,Off Corner 3 Make,0,Murray 19' Fadeaway Jumper (21 PTS),,DEN,CHI,DEN,1610612743,2025,1786.0,1806.0,1796.0,201599|1627750|1629008|1631128|1631212,202696|1628989|1629632|1630581|1641824,2024-25,419.0,0,-3,0.24615384615384617
264830,05:32,"Watson 13' Pullup Jump Shot (14 PTS) (Murray 4 AST)
",1,1,0,0,2025-03-24,0022401042,0,0,CHI,3,0,-3,05:38,Off Arc 3 Miss,0,Watson 13' Pullup Jump Shot (14 PTS) (Murray 4 AST),,DEN,CHI,DEN,1610612743,2025,1822.0,1828.0,1825.0,201599|1627750|1629008|1631128|1631212,202696|1628989|1629632|1630581|1641824,2024-25,422.0,0,-1,0.9026548672566371
264826,04:42,"MISS Braun 26' 3PT Jump Shot
NUGGETS Rebound
MISS Westbrook 18' Pullup Jump Shot
Giddey REBOUND (Off:1 Def:5)
",1,0,1,0,2025-03-24,0022401042,0,1,CHI,3,0,-3,05:22,Off Timeout,0,MISS Braun 26' 3PT Jump Shot,,DEN,CHI,DEN,1610612743,2025,1838.0,1878.0,1858.0,201566|201599|1627750|1631128|1631212,202696|1628989|1630172|1630581|1631207,2024-25,433.0,0,-3,0.4897959183673469
264825,04:34,"Braun 3' Driving Layup (9 PTS) (Westbrook 6 AST)
",1,1,0,0,2025-03-24,0022401042,0,0,CHI,3,0,-3,04:37,Off Dead Ball,0,Braun 3' Driving Layup (9 PTS) (Westbrook 6 AST),,DEN,CHI,DEN,1610612743,2025,1883.0,1886.0,1884.5,201566|201599|1627750|1631128|1631212,202696|1628989|1630172|1630581|1631207,2024-25,441.0,0,-1,0.1694915254237288
264823,03:53,"MISS Westbrook 3PT Jump Shot
Giddey REBOUND (Off:1 Def:6)
",0,0,1,0,2025-03-24,0022401042,0,0,CHI,3,0,-1,04:13,Off Corner 3 Miss,0,MISS Westbrook 3PT Jump Shot,,DEN,CHI,DEN,1610612743,2025,1907.0,1927.0,1917.0,201566|201599|1627750|1631128|1631212,202696|1628989|1630172|1630581|1631207,2024-25,445.0,0,-1,0.37142857142857144
264820,03:16,"MISS Murray 11' Driving Floating Bank Jump Shot
Nnaji REBOUND (Off:2 Def:1)
Watson 29' 3PT Jump Shot (17 PTS) (Westbrook 7 AST)
",1,0,1,1,2025-03-24,0022401042,0,1,CHI,3,0,-1,03:26,Off Short Mid-Range Miss,0,MISS Murray 11' Driving Floating Bank Jump Shot,,DEN,CHI,DEN,1610612743,2025,1954.0,1964.0,1959.0,201566|1627750|1630192|1631128|1631212,202696|1628989|1629632|1630172|1631207,2024-25,458.0,0,2,0.21428571428571427
264816,02:38,"Vucevic S.FOUL (P3.T4) (B.Barnaky)
MISS Braun Free Throw 1 of 2
NUGGETS Rebound
Braun Free Throw 2 of 2 (10 PTS)
",0,0,0,0,2025-03-24,0022401042,0,0,CHI,3,1,0,02:53,Off At Rim Make,0,Vucevic S.FOUL (P3.T4) (B.Barnaky),,DEN,CHI,DEN,1610612743,2025,1987.0,2002.0,1994.5,201566|1627750|1630192|1631128|1631212,202696|1628989|1629632|1630172|1631207,2024-25,423.0,0,0,0.31746031746031744
264815,02:09,"Nnaji 4' Cutting Layup Shot (7 PTS) (Braun 3 AST)
",1,1,0,0,2025-03-24,0022401042,0,0,CHI,3,0,-1,02:22,Off At Rim Make,0,Nnaji 4' Cutting Layup Shot (7 PTS) (Braun 3 AST),,DEN,CHI,DEN,1610612743,2025,2018.0,2031.0,2024.5,201566|1627750|1630192|1631128|1631212,1629632|1630172|1630188|1631207|1641763,2024-25,476.0,0,1,0.8541666666666666
264814,01:43,"Westbrook Out of Bounds - Bad Pass Turnover Turnover (P2.T8)
",0,0,0,0,2025-03-24,0022401042,0,0,CHI,3,0,1,01:47,Off Corner 3 Miss,1,Westbrook Out of Bounds - Bad Pass Turnover Turnover (P2.T8),,DEN,CHI,DEN,1610612743,2025,2053.0,2057.0,2055.0,201566|1627750|1630192|1631128|1631212,1629632|1630172|1630188|1631207|1641763,2024-25,480.0,0,1,0.36585365853658536
264813,01:12,"Terry S.FOUL (P1.PN) (J.Conley)
Watson Free Throw 1 of 2 (18 PTS)
Watson Free Throw 2 of 2 (19 PTS)
",0,0,0,0,2025-03-24,0022401042,0,0,CHI,3,1,-1,01:34,Off FT Make,0,Watson Free Throw 2 of 2 (19 PTS),,DEN,CHI,DEN,1610612743,2025,2066.0,2088.0,2077.0,201566|1627750|1628427|1630192|1631212,1629632|1630172|1630188|1631207|1641763,2024-25,488.0,19,18,0.12
264810,00:51,"Westbrook Bad Pass Turnover (P3.T9): Williams STEAL (1 STL)
",0,0,0,0,2025-03-24,0022401042,0,0,CHI,3,0,1,00:58,Off Dead Ball,1,Westbrook Bad Pass Turnover (P3.T9): Williams STEAL (1 STL),,DEN,CHI,DEN,1610612743,2025,2102.0,2109.0,2105.5,201566|1627750|1628427|1630192|1631212,1629632|1630172|1630188|1631207|1641763,2024-25,492.0,0,1,0.6458333333333334
264809,00:31,"Watson 27' 3PT Jump Shot (22 PTS) (Nnaji 2 AST)
",0,0,1,1,2025-03-24,0022401042,0,0,CHI,3,0,-1,00:47,Off At Rim Make,0,Watson 27' 3PT Jump Shot (22 PTS) (Nnaji 2 AST),,DEN,CHI,DEN,1610612743,2025,2113.0,2129.0,2121.0,201566|1627750|1628427|1630192|1631212,1629632|1630172|1630188|1631207|1641763,2024-25,498.0,0,2,0.23809523809523808
264808,00:00,"MISS Cancar 3' Layup: Williams BLOCK (1 BLK)
NUGGETS Rebound
",1,0,0,0,2025-03-24,0022401042,0,0,CHI,3,0,0,00:08,Off Short Mid-Range Make,0,NUGGETS Rebound,,DEN,CHI,DEN,1610612743,2025,2152.0,2160.0,2156.0,201566|1627750|1628427|1630192|1631212,1629632|1630172|1630188|1631207|1641763,2024-25,503.0,0,0,0.18518518518518517
264913,11:22,"MISS Porter Jr. 27' 3PT Jump Shot
Braun REBOUND (Off:1 Def:2)
Terry P.FOUL (P2.T1) (P.Fraher)
Porter Jr. 1' Cutting Dunk Shot (14 PTS) (Westbrook 8 AST)
",1,1,1,0,2025-03-24,0022401042,0,1,CHI,4,0,0,12:00,Off Dead Ball,0,MISS Porter Jr. 27' 3PT Jump Shot,,DEN,CHI,DEN,1610612743,2025,2160.0,2198.0,2179.0,201566|1628427|1629008|1630192|1631128,1629632|1630172|1630188|1631207|1641763,2024-25,516.0,0,2,0.4827586206896552
264912,11:03,"Porter Jr. 2' Layup (16 PTS) (Westbrook 9 AST)
",1,1,0,0,2025-03-24,0022401042,0,0,CHI,4,0,2,11:12,Off Arc 3 Miss,0,Porter Jr. 2' Layup (16 PTS) (Westbrook 9 AST),,DEN,CHI,DEN,1610612743,2025,2208.0,2217.0,2212.5,201566|1628427|1629008|1630192|1631128,1629632|1630172|1630188|1630581|1631207,2024-25,521.0,0,4,0.23684210526315788
264911,10:37,"Westbrook Out of Bounds - Bad Pass Turnover Turnover (P4.T10)
",0,0,0,0,2025-03-24,0022401042,0,0,CHI,4,0,4,10:44,Off Short Mid-Range Miss,1,Westbrook Out of Bounds - Bad Pass Turnover Turnover (P4.T10),,DEN,CHI,DEN,1610612743,2025,2236.0,2243.0,2239.5,201566|1628427|1629008|1630192|1631128,1629632|1630172|1630188|1630581|1631207,2024-25,525.0,0,4,0.1702127659574468
264908,09:59,"Giddey P.FOUL (P4.T2) (B.Barnaky)
MISS Nnaji 3PT Jump Shot
Smith REBOUND (Off:1 Def:3)
",0,0,1,0,2025-03-24,0022401042,0,0,CHI,4,0,4,10:19,Off Block,0,Giddey P.FOUL (P4.T2) (B.Barnaky),,DEN,CHI,DEN,1610612743,2025,2261.0,2281.0,2271.0,201566|1628427|1629008|1630192|1631128,1628989|1629632|1630188|1630581|1631207,2024-25,534.0,0,4,0.3157894736842105
264907,09:39,"MISS Porter Jr. 27' 3PT Jump Shot
Smith REBOUND (Off:1 Def:4)
",0,0,1,0,2025-03-24,0022401042,0,0,CHI,4,0,1,09:54,Off Arc 3 Make,0,Smith REBOUND (Off:1 Def:4),,DEN,CHI,DEN,1610612743,2025,2286.0,2301.0,2293.5,201566|1628427|1629008|1630192|1631128,1628989|1629632|1630188|1630581|1631207,2024-25,538.0,0,1,0.22727272727272727
264905,09:06,"Westbrook Bad Pass Turnover (P5.T11): Huerter STEAL (2 STL)
",0,0,0,0,2025-03-24,0022401042,0,0,CHI,4,0,-1,09:20,Off At Rim Make,1,Westbrook Bad Pass Turnover (P5.T11): Huerter STEAL (2 STL),,DEN,CHI,DEN,1610612743,2025,2320.0,2334.0,2327.0,201566|1628427|1629008|1630192|1631128,1628989|1629632|1630188|1630581|1631207,2024-25,541.0,0,-1,0.2765957446808511
264904,08:33,"MISS Murray 3' Driving Layup
Smith REBOUND (Off:1 Def:5)
",1,0,0,0,2025-03-24,0022401042,0,0,CHI,4,0,-3,09:00,Off Timeout,0,Smith REBOUND (Off:1 Def:5),,DEN,CHI,DEN,1610612743,2025,2340.0,2367.0,2353.5,201566|1627750|1629008|1631128|1631212,1628989|1629632|1630188|1630581|1631207,2024-25,546.0,0,-3,0.20833333333333334
264900,08:16,"Braun 3' Driving Layup (12 PTS) (Murray 5 AST)
Terry S.FOUL (P3.T3) (J.Conley)
Braun Free Throw 1 of 1 (13 PTS)
",1,1,0,0,2025-03-24,0022401042,0,0,CHI,4,1,-5,08:30,Off FT Make,0,Braun 3' Driving Layup (12 PTS) (Murray 5 AST),,DEN,CHI,DEN,1610612743,2025,2370.0,2384.0,2377.0,201566|1627750|1629008|1631128|1631212,1628989|1629632|1630188|1630581|1631207,2024-25,556.0,0,-3,0.3188405797101449
264896,07:36,"MISS Westbrook 3PT Jump Shot
Murray REBOUND (Off:1 Def:4)
MISS Westbrook 5' Driving Layup: Giddey BLOCK (1 BLK)
White REBOUND (Off:1 Def:2)
",1,0,1,0,2025-03-24,0022401042,0,1,CHI,4,0,-5,08:03,Off Corner 3 Make,0,MISS Westbrook 3PT Jump Shot,,DEN,CHI,DEN,1610612743,2025,2397.0,2424.0,2410.5,201566|1627750|1629008|1631128|1631212,1628989|1629632|1630188|1630581|1631207,2024-25,563.0,0,-5,0.15384615384615385
264894,07:18,"MISS Porter Jr. 25' 3PT Jump Shot
Huerter REBOUND (Off:0 Def:1)
",0,0,1,0,2025-03-24,0022401042,0,0,CHI,4,0,-5,07:28,Off Arc 3 Miss,0,MISS Porter Jr. 25' 3PT Jump Shot,,DEN,CHI,DEN,1610612743,2025,2432.0,2442.0,2437.0,201566|1627750|1629008|1631128|1631212,1628989|1629632|1630188|1630581|1631207,2024-25,570.0,0,-5,0.25882352941176473
264886,06:50,"MISS Murray 20' Pullup Jump Shot
Jordan REBOUND (Off:4 Def:9)
MISS Jordan 5' Putback Layup
Jordan REBOUND (Off:5 Def:9)
Terry S.FOUL (P4.T4) (J.Conley)
MISS Jordan Free Throw 1 of 2
NUGGETS Rebound
Jordan Free Throw 2 of 2 (10 PTS)
",2,0,0,0,2025-03-24,0022401042,0,2,CHI,4,1,-7,07:12,Off Timeout,0,MISS Murray 20' Pullup Jump Shot,,DEN,CHI,DEN,1610612743,2025,2448.0,2470.0,2459.0,201599|1627750|1629008|1631128|1631212,1628989|1629632|1630188|1630581|1631207,2024-25,577.0,0,-7,0.13953488372093023
264885,06:15,"MISS Braun 7' Driving Layup
Smith REBOUND (Off:1 Def:6)
",1,0,0,0,2025-03-24,0022401042,0,0,CHI,4,0,-9,06:36,Off Corner 3 Make,0,Smith REBOUND (Off:1 Def:6),,DEN,CHI,DEN,1610612743,2025,2484.0,2505.0,2494.5,201599|1627750|1629008|1631128|1631212,1628989|1629632|1630188|1630581|1631207,2024-25,588.0,0,-9,0.3448275862068966
264881,06:08,"Smith S.FOUL (P2.PN) (J.Conley)
Murray Free Throw 1 of 2 (22 PTS)
Murray Free Throw 2 of 2 (23 PTS)
",0,0,0,0,2025-03-24,0022401042,0,0,CHI,4,1,-9,06:12,Off Steal,0,Smith S.FOUL (P2.PN) (J.Conley),,DEN,CHI,DEN,1610612743,2025,2508.0,2512.0,2510.0,201599|1627750|1629008|1631128|1631212,1628989|1629632|1630188|1630581|1631207,2024-25,591.0,0,-9,0.27586206896551724
264880,05:36,"Murray 27' 3PT Pullup Jump Shot (26 PTS) (Jordan 6 AST)
",0,0,1,1,2025-03-24,0022401042,0,0,CHI,4,0,-9,05:51,Off FT Miss,0,Murray 27' 3PT Pullup Jump Shot (26 PTS) (Jordan 6 AST),,DEN,CHI,DEN,1610612743,2025,2529.0,2544.0,2536.5,201599|1627750|1629008|1631128|1631212,1628989|1629632|1630188|1630581|1631207,2024-25,602.0,0,-6,0.8301886792452831
264879,04:50,"Braun 24' 3PT Jump Shot (16 PTS) (Murray 6 AST)
",0,0,1,1,2025-03-24,0022401042,0,0,CHI,4,0,-9,05:07,Off Arc 3 Make,0,Braun 24' 3PT Jump Shot (16 PTS) (Murray 6 AST),,DEN,CHI,DEN,1610612743,2025,2573.0,2590.0,2581.5,201599|1627750|1629008|1631128|1631212,1628989|1629632|1630188|1630581|1631207,2024-25,614.0,0,-6,0.2857142857142857
264877,04:16,"MISS Watson 26' 3PT Jump Shot
Terry REBOUND (Off:2 Def:1)
",0,0,1,0,2025-03-24,0022401042,0,0,CHI,4,0,-9,04:34,Off Arc 3 Make,0,MISS Watson 26' 3PT Jump Shot,,DEN,CHI,DEN,1610612743,2025,2606.0,2624.0,2615.0,201599|1627750|1629008|1631128|1631212,1628989|1629632|1630188|1630581|1631207,2024-25,618.0,0,-9,0.16393442622950818
264873,03:51,"MISS Braun 8' Running Layup
Westbrook REBOUND (Off:1 Def:3)
MISS Westbrook Tip Dunk Shot
Vucevic REBOUND (Off:0 Def:5)
",2,0,0,0,2025-03-24,0022401042,0,1,CHI,4,0,-9,03:58,Off Arc 3 Miss,0,MISS Braun 8' Running Layup,,DEN,CHI,DEN,1610612743,2025,2642.0,2649.0,2645.5,201566|201599|1627750|1631128|1631212,202696|1628989|1629632|1630581|1631207,2024-25,630.0,0,-9,0.3548387096774194
264872,03:33,"Murray 2' Cutting Dunk Shot (28 PTS) (Westbrook 10 AST)
",1,1,0,0,2025-03-24,0022401042,0,0,CHI,4,0,-12,03:47,Off Timeout,0,Murray 2' Cutting Dunk Shot (28 PTS) (Westbrook 10 AST),,DEN,CHI,DEN,1610612743,2025,2653.0,2667.0,2660.0,201566|201599|1627750|1631128|1631212,202696|1628989|1629632|1630581|1631207,2024-25,639.0,0,-10,0.21978021978021978
264869,02:57,"MISS Murray 26' 3PT Step Back Jump Shot
Westbrook REBOUND (Off:2 Def:3)
Westbrook 3' Driving Layup (14 PTS)
",1,1,1,0,2025-03-24,0022401042,0,1,CHI,4,0,-10,03:14,Off Corner 3 Miss,0,MISS Murray 26' 3PT Step Back Jump Shot,,DEN,CHI,DEN,1610612743,2025,2686.0,2703.0,2694.5,201566|201599|1627750|1631128|1631212,202696|1628989|1629632|1630581|1631207,2024-25,691.0,0,-8,0.2702702702702703
264868,02:16,"Braun 1' Driving Dunk (18 PTS) (Murray 7 AST)
",1,1,0,0,2025-03-24,0022401042,0,0,CHI,4,0,-10,02:34,Off At Rim Make,0,Braun 1' Driving Dunk (18 PTS) (Murray 7 AST),,DEN,CHI,DEN,1610612743,2025,2726.0,2744.0,2735.0,201566|201599|1627750|1631128|1631212,202696|1628989|1629632|1630581|1631207,2024-25,650.0,0,-8,0.21621621621621623
264867,01:37,"Watson 12' Pullup Jump Shot (24 PTS) (Jordan 7 AST)
",1,1,0,0,2025-03-24,0022401042,0,0,CHI,4,0,-8,01:50,Off Dead Ball,0,Watson 12' Pullup Jump Shot (24 PTS) (Jordan 7 AST),,DEN,CHI,DEN,1610612743,2025,2770.0,2783.0,2776.5,201566|201599|1627750|1631128|1631212,202696|1628989|1629632|1630581|1631207,2024-25,653.0,0,-6,0.36538461538461536
264865,01:00,"MISS Westbrook 26' 3PT Jump Shot
Vucevic REBOUND (Off:1 Def:6)
",0,0,1,0,2025-03-24,0022401042,0,0,CHI,4,0,-6,01:20,Off Short Mid-Range Miss,0,MISS Westbrook 26' 3PT Jump Shot,,DEN,CHI,DEN,1610612743,2025,2800.0,2820.0,2810.0,201566|201599|1627750|1631128|1631212,202696|1628989|1629632|1630581|1631207,2024-25,657.0,0,-6,0.38095238095238093
264864,00:32,"MISS Murray 27' 3PT Step Back Jump Shot
Jordan REBOUND (Off:6 Def:11)
Murray Bad Pass Turnover (P2.T12): Vucevic STEAL (2 STL)
",0,0,1,0,2025-03-24,0022401042,0,1,CHI,4,0,-8,00:45,Off Timeout,1,Murray Bad Pass Turnover (P2.T12): Vucevic STEAL (2 STL),,DEN,CHI,DEN,1610612743,2025,2835.0,2848.0,2841.5,201566|201599|1627750|1629008|1631212,202696|1628989|1629632|1630581|1631207,2024-25,667.0,0,-8,0.16091954022988506
264861,00:17,"MISS Murray 20' Step Back Jump Shot
Vucevic REBOUND (Off:1 Def:7)
",1,0,0,0,2025-03-24,0022401042,0,0,CHI,4,0,-10,00:29,Off FT Make,0,Vucevic REBOUND (Off:1 Def:7),,DEN,CHI,DEN,1610612743,2025,2851.0,2863.0,2857.0,201566|201599|1627750|1629008|1631212,202696|1628989|1629632|1630581|1631207,2024-25,728.0,0,-10,0.6875
264958,11:44,"Porter Jr. 26' 3PT Jump Shot (3 PTS) (Murray 1 AST)
",0,0,1,1,2025-03-26,0022401057,0,0,MIL,1,0,0,12:00,Off Dead Ball,0,Porter Jr. 26' 3PT Jump Shot (3 PTS) (Murray 1 AST),,DEN,MIL,DEN,1610612743,2025,0.0,16.0,8.0,203932|203999|1627750|1629008|1631128,201572|1627752|1628398|1629018|1629645,2024-25,7.0,0,3,0.3516483516483517
264957,11:03,"Gordon 3PT Jump Shot (3 PTS) (Murray 2 AST)
",0,0,1,1,2025-03-26,0022401057,0,0,MIL,1,0,1,11:28,Off At Rim Make,0,Gordon 3PT Jump Shot (3 PTS) (Murray 2 AST),,DEN,MIL,DEN,1610612743,2025,32.0,57.0,44.5,203932|203999|1627750|1629008|1631128,201572|1627752|1628398|1629018|1629645,2024-25,12.0,0,4,0.2191780821917808
264956,10:31,"Porter Jr. Out of Bounds - Bad Pass Turnover Turnover (P1.T1)
",0,0,0,0,2025-03-26,0022401057,0,0,MIL,1,0,2,10:44,Off Short Mid-Range Make,1,Porter Jr. Out of Bounds - Bad Pass Turnover Turnover (P1.T1),,DEN,MIL,DEN,1610612743,2025,76.0,89.0,82.5,203932|203999|1627750|1629008|1631128,201572|1627752|1628398|1629018|1629645,2024-25,22.0,0,2,0.5510204081632653
264953,10:14,"MISS Braun 6' Running Alley Oop Dunk Shot
Jokić REBOUND (Off:1 Def:0)
Jokić 3' Tip Layup Shot (2 PTS)
",2,1,0,0,2025-03-26,0022401057,0,1,MIL,1,0,2,10:20,Off Steal,0,MISS Braun 6' Running Alley Oop Dunk Shot,,DEN,MIL,DEN,1610612743,2025,100.0,106.0,103.0,203932|203999|1627750|1629008|1631128,201572|1627752|1628398|1629018|1629645,2024-25,25.0,0,4,0.4166666666666667
264952,09:51,"Porter Jr. 3PT Jump Shot (6 PTS) (Braun 1 AST)
",0,0,1,1,2025-03-26,0022401057,0,0,MIL,1,0,4,10:04,Off Arc 3 Miss,0,Porter Jr. 3PT Jump Shot (6 PTS) (Braun 1 AST),,DEN,MIL,DEN,1610612743,2025,116.0,129.0,122.5,203932|203999|1627750|1629008|1631128,201572|1627752|1628398|1629018|1629645,2024-25,24.0,0,7,0.475
264950,09:24,"Gordon OFF.Foul (P1) (M.Dagher)
Gordon Offensive Foul Turnover (P1.T2)
",0,0,0,0,2025-03-26,0022401057,0,0,MIL,1,0,7,09:33,Off Long Mid-Range Miss,1,Gordon OFF.Foul (P1) (M.Dagher),,DEN,MIL,DEN,1610612743,2025,147.0,156.0,151.5,203932|203999|1627750|1629008|1631128,201572|1627752|1628398|1629018|1629645,2024-25,29.0,0,7,0.10810810810810811
264949,09:00,"Porter Jr. 3' Cutting Dunk Shot (8 PTS) (Gordon 1 AST)
",1,1,0,0,2025-03-26,0022401057,0,0,MIL,1,0,4,09:17,Off Arc 3 Make,0,Porter Jr. 3' Cutting Dunk Shot (8 PTS) (Gordon 1 AST),,DEN,MIL,DEN,1610612743,2025,163.0,180.0,171.5,203932|203999|1627750|1629008|1631128,201572|1627752|1628398|1629018|1629645,2024-25,34.0,0,6,0.2988505747126437
264948,08:34,"Jokić 7' Driving Bank Hook Shot (4 PTS) (Braun 2 AST)
",1,1,0,0,2025-03-26,0022401057,0,0,MIL,1,0,4,08:42,Off FT Make,0,Jokić 7' Driving Bank Hook Shot (4 PTS) (Braun 2 AST),,DEN,MIL,DEN,1610612743,2025,198.0,206.0,202.0,203999|1627750|1629008|1631128|1631212,201572|1627752|1628398|1629018|1629645,2024-25,42.0,0,6,0.5544554455445545
264945,08:12,"Lopez S.FOUL (P1.T1) (C.Kirkland)
Jokić Free Throw 1 of 2 (5 PTS)
Jokić Free Throw 2 of 2 (6 PTS)
",0,0,0,0,2025-03-26,0022401057,0,0,MIL,1,1,6,08:20,Off Arc 3 Miss,0,Lopez S.FOUL (P1.T1) (C.Kirkland),,DEN,MIL,DEN,1610612743,2025,220.0,228.0,224.0,203999|1627750|1629008|1631128|1631212,201572|1627752|1628398|1629018|1629645,2024-25,45.0,0,6,0.2647058823529412
264944,07:46,"Braun 6' Driving Layup (2 PTS) (Jokić 1 AST)
",1,1,0,0,2025-03-26,0022401057,0,0,MIL,1,0,6,07:59,Off Short Mid-Range Make,0,Braun 6' Driving Layup (2 PTS) (Jokić 1 AST),,DEN,MIL,DEN,1610612743,2025,241.0,254.0,247.5,203999|1627750|1629008|1631128|1631212,201572|1627752|1628398|1629018|1629645,2024-25,52.0,0,8,0.18181818181818182
264943,07:25,"Braun 26' 3PT Running Jump Shot (5 PTS) (Porter Jr. 1 AST)
",0,0,1,1,2025-03-26,0022401057,0,0,MIL,1,0,8,07:32,Off Corner 3 Miss,0,Braun 26' 3PT Running Jump Shot (5 PTS) (Porter Jr. 1 AST),,DEN,MIL,DEN,1610612743,2025,268.0,275.0,271.5,203999|1627750|1629008|1631128|1631212,201572|1627752|1628398|1629018|1629645,2024-25,56.0,0,11,0.8571428571428571
264942,06:51,"Porter Jr. S.FOUL (P1.T2) (M.Dagher)
Jokić Free Throw 1 of 2 (7 PTS)
MISS Jokić Free Throw 2 of 2
Kuzma REBOUND (Off:0 Def:1)
",0,0,0,0,2025-03-26,0022401057,0,0,MIL,1,1,11,07:03,Off Dead Ball,0,Kuzma REBOUND (Off:0 Def:1),,DEN,MIL,DEN,1610612743,2025,297.0,309.0,303.0,203999|1627750|1629008|1631128|1631212,201572|1627752|1628398|1629018|1629645,2024-25,61.0,0,11,0.7213114754098361
264938,06:39,"Porter Jr. 27' 3PT Running Pull-Up Jump Shot (11 PTS)
",0,0,1,1,2025-03-26,0022401057,0,0,MIL,1,0,12,06:43,Off Steal,0,Porter Jr. 27' 3PT Running Pull-Up Jump Shot (11 PTS),,DEN,MIL,DEN,1610612743,2025,317.0,321.0,319.0,203999|1627750|1629008|1631128|1631212,201572|1627752|1628398|1629018|1629645,2024-25,67.0,0,15,0.24324324324324326
264937,06:07,"Porter Jr. Step Out of Bounds Turnover (P2.T3)
",0,0,0,0,2025-03-26,0022401057,0,0,MIL,1,0,15,06:19,Off At Rim Miss,1,Porter Jr. Step Out of Bounds Turnover (P2.T3),,DEN,MIL,DEN,1610612743,2025,341.0,353.0,347.0,203999|1627750|1629008|1631128|1631212,201572|1627752|1628398|1629018|1629645,2024-25,70.0,0,15,0.36363636363636365
264936,05:36,"MISS Murray 26' 3PT Jump Shot
Porter Jr. REBOUND (Off:0 Def:1)
",0,0,1,0,2025-03-26,0022401057,0,0,MIL,1,0,12,05:53,Off Arc 3 Make,0,Porter Jr. REBOUND (Off:0 Def:1),,DEN,MIL,DEN,1610612743,2025,367.0,384.0,375.5,203999|1627750|1629008|1631128|1631212,201572|1627752|1629018|1629645|1631260,2024-25,75.0,0,12,0.2702702702702703
264934,05:09,"Jokić Out of Bounds Lost Ball Turnover (P1.T4)
",0,0,0,0,2025-03-26,0022401057,0,0,MIL,1,0,12,05:19,Off Arc 3 Miss,1,Jokić Out of Bounds Lost Ball Turnover (P1.T4),,DEN,MIL,DEN,1610612743,2025,401.0,411.0,406.0,203999|1627750|1629008|1631128|1631212,201572|1627752|1629018|1629645|1631260,2024-25,80.0,0,12,0.15217391304347827
264933,04:41,"Jokić 26' 3PT Jump Shot (10 PTS) (Westbrook 1 AST)
",0,0,1,1,2025-03-26,0022401057,0,0,MIL,1,0,12,04:51,Off Arc 3 Miss,0,Jokić 26' 3PT Jump Shot (10 PTS) (Westbrook 1 AST),,DEN,MIL,DEN,1610612743,2025,429.0,439.0,434.0,201566|203999|1627750|1629008|1631212,201572|1627752|1629018|1629645|1631260,2024-25,88.0,0,15,0.19753086419753085
264932,04:07,"Jokić 6' Driving Dunk (12 PTS)
",1,1,0,0,2025-03-26,0022401057,0,0,MIL,1,0,13,04:24,Off Short Mid-Range Make,0,Jokić 6' Driving Dunk (12 PTS),,DEN,MIL,DEN,1610612743,2025,456.0,473.0,464.5,201566|203999|1627750|1629008|1631212,201572|1626192|1627752|1629645|1631260,2024-25,92.0,0,15,0.2153846153846154
264931,03:38,"Murray 4' Driving Dunk (2 PTS) (Jokić 2 AST)
",1,1,0,0,2025-03-26,0022401057,0,0,MIL,1,0,12,03:51,Off Arc 3 Make,0,Murray 4' Driving Dunk (2 PTS) (Jokić 2 AST),,DEN,MIL,DEN,1610612743,2025,489.0,502.0,495.5,201566|203999|1627750|1629008|1631212,201572|1626192|1627752|1629645|1631260,2024-25,95.0,0,14,0.5853658536585366
264930,03:20,"Jokić Bad Pass Turnover (P2.T5): Prince STEAL (1 STL)
",0,0,0,0,2025-03-26,0022401057,0,0,MIL,1,0,14,03:23,Off Corner 3 Miss,1,Jokić Bad Pass Turnover (P2.T5): Prince STEAL (1 STL),,DEN,MIL,DEN,1610612743,2025,517.0,520.0,518.5,201566|203999|1627750|1629008|1631212,201572|1626192|1627752|1629645|1631260,2024-25,99.0,0,14,0.19469026548672566
264928,02:38,"MISS Westbrook 26' 3PT Jump Shot
Porter Jr. REBOUND (Off:0 Def:2)
",0,0,1,0,2025-03-26,0022401057,0,0,MIL,1,0,12,02:56,Off Timeout,0,MISS Westbrook 26' 3PT Jump Shot,,DEN,MIL,DEN,1610612743,2025,544.0,562.0,553.0,201566|203999|1629008|1629618|1631212,201572|1626192|1628398|1629645|1631260,2024-25,112.0,0,12,0.2962962962962963
264927,01:59,"Porter Jr. 26' 3PT Jump Shot (14 PTS) (Westbrook 2 AST)
",0,0,1,1,2025-03-26,0022401057,0,0,MIL,1,0,10,02:15,Off Short Mid-Range Make,0,Porter Jr. 26' 3PT Jump Shot (14 PTS) (Westbrook 2 AST),,DEN,MIL,DEN,1610612743,2025,585.0,601.0,593.0,201566|203999|1629008|1629618|1631212,201572|1626192|1628398|1629645|1631260,2024-25,116.0,0,13,0.18823529411764706
264926,01:42,"Westbrook 6' Running Dunk (2 PTS)
",1,1,0,0,2025-03-26,0022401057,0,0,MIL,1,0,13,01:45,Off Steal,0,Westbrook 6' Running Dunk (2 PTS),,DEN,MIL,DEN,1610612743,2025,615.0,618.0,616.5,201566|203999|1629008|1629618|1631212,201572|1626192|1628398|1629645|1631260,2024-25,120.0,0,15,0.35294117647058826
264921,01:01,"MISS Jokić 3' Cutting Layup Shot
NUGGETS Rebound
MISS Jokić 6' Driving Floating Jump Shot
Jokić REBOUND (Off:2 Def:2)
Jokić Lost Ball Turnover (P3.T6): Rollins STEAL (1 STL)
",2,0,0,0,2025-03-26,0022401057,0,2,MIL,1,0,13,01:28,Off Long Mid-Range Make,1,MISS Jokić 3' Cutting Layup Shot,,DEN,MIL,DEN,1610612743,2025,632.0,659.0,645.5,201566|203999|1629008|1629618|1631212,201572|1626192|1628398|1629645|1631260,2024-25,123.0,0,13,0.4918032786885246
264919,00:31,"MISS Pickett 25' 3PT Jump Shot
Green REBOUND (Off:1 Def:1)
",0,0,1,0,2025-03-26,0022401057,0,0,MIL,1,0,11,00:48,Off Short Mid-Range Make,0,MISS Pickett 25' 3PT Jump Shot,,DEN,MIL,DEN,1610612743,2025,672.0,689.0,680.5,201566|203999|1629008|1629618|1631212,201572|1626192|1628398|1631157|1631260,2024-25,135.0,0,11,0.19672131147540983
264918,00:00,"MISS Jokić 38' 3PT Pullup Jump Shot: Connaughton BLOCK (1 BLK)
Connaughton REBOUND (Off:0 Def:1)
",0,0,1,0,2025-03-26,0022401057,0,0,MIL,1,0,11,00:06,Off Arc 3 Miss,0,Connaughton REBOUND (Off:0 Def:1),,DEN,MIL,DEN,1610612743,2025,714.0,720.0,717.0,201566|203999|1629008|1629618|1631212,201572|1626192|1628398|1631157|1631260,2024-25,138.0,0,11,0.27906976744186046
265010,11:34,"MISS Murray 27' 3PT Jump Shot
Rollins REBOUND (Off:0 Def:1)
",0,0,1,0,2025-03-26,0022401057,0,0,MIL,2,0,10,11:47,Off FT Miss,0,MISS Murray 27' 3PT Jump Shot,,DEN,MIL,DEN,1610612743,2025,733.0,746.0,739.5,201566|201599|1627750|1631128|1631212,1626192|1628398|1629018|1631157|1631260,2024-25,161.0,0,10,0.32098765432098764
265009,11:15,"Jordan Offensive Goaltending Turnover (P1.T7)
",0,0,0,0,2025-03-26,0022401057,0,0,MIL,2,0,10,11:25,Off Dead Ball,1,Jordan Offensive Goaltending Turnover (P1.T7),,DEN,MIL,DEN,1610612743,2025,755.0,765.0,760.0,201566|201599|1627750|1631128|1631212,1626192|1628398|1629018|1631157|1631260,2024-25,166.0,0,10,0.5217391304347826
265007,10:43,"MISS Westbrook 26' 3PT Jump Shot
Green REBOUND (Off:1 Def:2)
",0,0,1,0,2025-03-26,0022401057,0,0,MIL,2,0,8,10:59,Off Short Mid-Range Make,0,MISS Westbrook 26' 3PT Jump Shot,,DEN,MIL,DEN,1610612743,2025,781.0,797.0,789.0,201566|201599|1627750|1631128|1631212,1626192|1628398|1629018|1631157|1631260,2024-25,169.0,0,8,0.22580645161290322
265006,10:28,"Watson 5' Running Layup (2 PTS) (Jordan 1 AST)
",1,1,0,0,2025-03-26,0022401057,0,0,MIL,2,0,8,10:34,Off Arc 3 Miss,0,Watson 5' Running Layup (2 PTS) (Jordan 1 AST),,DEN,MIL,DEN,1610612743,2025,806.0,812.0,809.0,201566|201599|1627750|1631128|1631212,1626192|1628398|1629018|1631157|1631260,2024-25,173.0,0,10,0.2571428571428571
265004,10:01,"MISS Braun 3PT Jump Shot
Connaughton REBOUND (Off:0 Def:2)
",0,0,1,0,2025-03-26,0022401057,0,0,MIL,2,0,7,10:12,Off Arc 3 Make,0,MISS Braun 3PT Jump Shot,,DEN,MIL,DEN,1610612743,2025,828.0,839.0,833.5,201566|201599|1627750|1631128|1631212,1626192|1628398|1629018|1631157|1631260,2024-25,177.0,0,7,0.2608695652173913
265003,09:39,"Westbrook 3PT Jump Shot (5 PTS) (Murray 3 AST)
",0,0,1,1,2025-03-26,0022401057,0,0,MIL,2,0,7,09:51,Off Arc 3 Miss,0,Westbrook 3PT Jump Shot (5 PTS) (Murray 3 AST),,DEN,MIL,DEN,1610612743,2025,849.0,861.0,855.0,201566|201599|1627750|1631128|1631212,1626192|1628398|1629018|1631157|1631260,2024-25,181.0,0,10,0.38095238095238093
265000,09:02,"MISS Jordan 3' Driving Layup
Watson REBOUND (Off:1 Def:1)
Watson 3' Putback Dunk (4 PTS)
",2,1,0,0,2025-03-26,0022401057,0,1,MIL,2,0,7,09:20,Off Arc 3 Make,0,MISS Jordan 3' Driving Layup,,DEN,MIL,DEN,1610612743,2025,880.0,898.0,889.0,201566|201599|1627750|1631128|1631212,1626192|1628398|1629018|1631157|1631260,2024-25,187.0,0,9,0.3111111111111111
264999,08:40,"Porter Jr. 26' 3PT Jump Shot (17 PTS) (Westbrook 3 AST)
",0,0,1,1,2025-03-26,0022401057,0,0,MIL,2,0,6,08:49,Off Timeout,0,Porter Jr. 26' 3PT Jump Shot (17 PTS) (Westbrook 3 AST),,DEN,MIL,DEN,1610612743,2025,911.0,920.0,915.5,201566|1627750|1629008|1631128|1631212,1626192|1628398|1629018|1631157|1631260,2024-25,193.0,0,9,0.40336134453781514
264998,08:04,"MISS Westbrook 7' Driving Floating Bank Jump Shot
Kuzma REBOUND (Off:2 Def:2)
",1,0,0,0,2025-03-26,0022401057,0,0,MIL,2,0,9,08:17,Off At Rim Miss,0,Kuzma REBOUND (Off:2 Def:2),,DEN,MIL,DEN,1610612743,2025,943.0,956.0,949.5,201566|1627750|1629008|1631128|1631212,1626192|1628398|1629018|1631157|1631260,2024-25,201.0,0,9,0.7241379310344828
264996,07:56,"Watson 6' Running Alley Oop Dunk Shot (6 PTS) (Braun 3 AST)
",1,1,0,0,2025-03-26,0022401057,0,0,MIL,2,0,9,07:59,Off Steal,0,Watson 6' Running Alley Oop Dunk Shot (6 PTS) (Braun 3 AST),,DEN,MIL,DEN,1610612743,2025,961.0,964.0,962.5,201566|1627750|1629008|1631128|1631212,1626192|1628398|1629018|1631157|1631260,2024-25,206.0,0,11,0.2857142857142857
264993,07:22,"Kuzma S.FOUL (P1.T1) (C.Kirkland)
Porter Jr. Free Throw 1 of 2 (18 PTS)
Porter Jr. Free Throw 2 of 2 (19 PTS)
",0,0,0,0,2025-03-26,0022401057,0,0,MIL,2,1,9,07:39,Off At Rim Make,0,Kuzma S.FOUL (P1.T1) (C.Kirkland),,DEN,MIL,DEN,1610612743,2025,981.0,998.0,989.5,201566|1627750|1629008|1631128|1631212,1626192|1628398|1629018|1631157|1631260,2024-25,264.0,0,9,0.21875
264992,07:01,"Westbrook Bad Pass Turnover (P1.T8): Rollins STEAL (2 STL)
",0,0,0,0,2025-03-26,0022401057,0,0,MIL,2,0,9,07:09,Off FT Make,1,Westbrook Bad Pass Turnover (P1.T8): Rollins STEAL (2 STL),,DEN,MIL,DEN,1610612743,2025,1011.0,1019.0,1015.0,201566|203999|1627750|1629008|1631128,201572|1628398|1629018|1631157|1631260,2024-25,223.0,0,9,0.23255813953488372
264991,06:22,"Braun 8' Driving Layup (7 PTS) (Jokić 3 AST)
",1,1,0,0,2025-03-26,0022401057,0,0,MIL,2,0,7,06:35,Off At Rim Make,0,Braun 8' Driving Layup (7 PTS) (Jokić 3 AST),,DEN,MIL,DEN,1610612743,2025,1045.0,1058.0,1051.5,201566|203999|1629008|1629618|1631128,201572|1627752|1629018|1631157|1631260,2024-25,234.0,0,9,0.18666666666666668
264990,05:45,"MISS Jokić 7' Driving Floating Jump Shot
NUGGETS Rebound
Rollins S.FOUL (P1.T2) (M.Dagher)
MISS Porter Jr. Free Throw 1 of 2
NUGGETS Rebound
Porter Jr. Free Throw 2 of 2 (20 PTS)
",1,0,0,0,2025-03-26,0022401057,0,1,MIL,2,1,7,05:59,Off Short Mid-Range Make,0,Porter Jr. Free Throw 2 of 2 (20 PTS),,DEN,MIL,DEN,1610612743,2025,1081.0,1095.0,1088.0,201566|203999|1629008|1629618|1631128,201572|1627752|1629018|1631157|1631260,2024-25,243.0,20,27,0.24324324324324326
264984,05:16,"Rollins S.FOUL (P2.T3) (J.Butler)
MISS Westbrook Free Throw 1 of 2
NUGGETS Rebound
MISS Westbrook Free Throw 2 of 2
Porter Jr. REBOUND (Off:0 Def:3)
",0,0,0,0,2025-03-26,0022401057,0,0,MIL,2,1,5,05:25,Off Corner 3 Make,0,MISS Westbrook Free Throw 2 of 2,,DEN,MIL,DEN,1610612743,2025,1115.0,1124.0,1119.5,201566|203999|1629008|1629618|1631128,201572|1627752|1629018|1631157|1631260,2024-25,249.0,0,5,0.19672131147540983
264980,04:46,"Jokić 8' Floating Jump Shot (14 PTS) (Westbrook 4 AST)
",1,1,0,0,2025-03-26,0022401057,0,0,MIL,2,0,3,05:03,Off At Rim Make,0,Jokić 8' Floating Jump Shot (14 PTS) (Westbrook 4 AST),,DEN,MIL,DEN,1610612743,2025,1137.0,1154.0,1145.5,201566|203999|1629008|1629618|1631128,201572|1627752|1629018|1629645|1631260,2024-25,258.0,0,5,0.6285714285714286
264978,04:21,"MISS Westbrook 26' 3PT Jump Shot
Trent Jr. REBOUND (Off:0 Def:1)
",0,0,1,0,2025-03-26,0022401057,0,0,MIL,2,0,5,04:29,Off Short Mid-Range Miss,0,MISS Westbrook 26' 3PT Jump Shot,,DEN,MIL,DEN,1610612743,2025,1171.0,1179.0,1175.0,201566|203999|1629008|1629618|1631128,201572|1627752|1629018|1629645|1631260,2024-25,262.0,0,5,0.2
264976,04:06,"MISS Braun 3' Running Layup
Green REBOUND (Off:1 Def:3)
",1,0,0,0,2025-03-26,0022401057,0,0,MIL,2,0,5,04:12,Off Short Mid-Range Miss,0,MISS Braun 3' Running Layup,,DEN,MIL,DEN,1610612743,2025,1188.0,1194.0,1191.0,201566|203999|1629008|1629618|1631128,201572|1627752|1629018|1629645|1631260,2024-25,266.0,0,5,0.15789473684210525
264974,03:30,"MISS Murray 9' Driving Finger Roll Layup: Lopez BLOCK (1 BLK)
NUGGETS Rebound
Green P.FOUL (P1.T4) (C.Kirkland)
Green S.FOUL (P2.PN) (C.Kirkland)
MISS Murray Free Throw 1 of 2
NUGGETS Rebound
Murray Free Throw 2 of 2 (3 PTS)
",1,0,0,0,2025-03-26,0022401057,0,1,MIL,2,1,5,03:49,Off Corner 3 Miss,0,MISS Murray Free Throw 1 of 2,,DEN,MIL,DEN,1610612743,2025,1211.0,1230.0,1220.5,203999|1627750|1629618|1631128|1631212,201572|1627752|1629018|1629645|1631260,2024-25,277.0,0,5,0.32098765432098764
264969,02:58,"Jokić 7' Turnaround Jump Shot (16 PTS) (Watson 1 AST)
",1,1,0,0,2025-03-26,0022401057,0,0,MIL,2,0,3,03:20,Off Arc 3 Make,0,Jokić 7' Turnaround Jump Shot (16 PTS) (Watson 1 AST),,DEN,MIL,DEN,1610612743,2025,1240.0,1262.0,1251.0,203999|1627750|1629618|1631128|1631212,201572|1627752|1629018|1629645|1631260,2024-25,288.0,0,5,0.5544554455445545
264967,02:28,"MISS Braun 26' 3PT Jump Shot
Porter Jr. REBOUND (Off:0 Def:4)
",0,0,1,0,2025-03-26,0022401057,0,0,MIL,2,0,3,02:40,Off Short Mid-Range Make,0,MISS Braun 26' 3PT Jump Shot,,DEN,MIL,DEN,1610612743,2025,1280.0,1292.0,1286.0,203999|1627750|1629618|1631128|1631212,201572|1627752|1629018|1629645|1631260,2024-25,291.0,0,3,0.6785714285714286
264966,01:47,"Braun 28' 3PT Jump Shot (10 PTS) (Jokić 4 AST)
",0,0,1,1,2025-03-26,0022401057,0,0,MIL,2,0,0,02:05,Off Arc 3 Make,0,Braun 28' 3PT Jump Shot (10 PTS) (Jokić 4 AST),,DEN,MIL,DEN,1610612743,2025,1315.0,1333.0,1324.0,203999|1627750|1629618|1631128|1631212,201572|1627752|1629018|1629645|1631260,2024-25,297.0,0,3,0.19753086419753085
264963,01:22,"Trent Jr. S.FOUL (P1.PN) (J.Butler)
MISS Pickett Free Throw 1 of 2
NUGGETS Rebound
Pickett Free Throw 2 of 2 (1 PTS)
",0,0,0,0,2025-03-26,0022401057,0,0,MIL,2,1,3,01:30,Off Long Mid-Range Miss,0,MISS Pickett Free Throw 1 of 2,,DEN,MIL,DEN,1610612743,2025,1350.0,1358.0,1354.0,203999|1627750|1629618|1631128|1631212,201572|1627752|1629018|1629645|1631260,2024-25,303.0,0,3,0.3384615384615385
264960,00:54,"MISS Jokić 26' 3PT Jump Shot
Kuzma REBOUND (Off:2 Def:3)
",0,0,1,0,2025-03-26,0022401057,0,0,MIL,2,0,2,01:09,Off Short Mid-Range Make,0,MISS Jokić 26' 3PT Jump Shot,,DEN,MIL,DEN,1610612743,2025,1371.0,1386.0,1378.5,203999|1627750|1629618|1631128|1631212,201572|1627752|1628398|1629018|1629645,2024-25,310.0,0,2,0.13793103448275862
264959,00:20,"Jokić 25' 3PT Step Back Jump Shot (19 PTS)
",0,0,1,1,2025-03-26,0022401057,0,0,MIL,2,0,0,00:30,Off Short Mid-Range Make,0,Jokić 25' 3PT Step Back Jump Shot (19 PTS),,DEN,MIL,DEN,1610612743,2025,1410.0,1420.0,1415.0,203999|1627750|1629618|1631128|1631212,201572|1627752|1628398|1629018|1629645,2024-25,316.0,0,3,0.07547169811320754
265057,11:22,"Murray 26' 3PT Step Back Jump Shot (6 PTS)
",0,0,1,1,2025-03-26,0022401057,0,0,MIL,3,0,1,11:42,Off Short Mid-Range Make,0,Murray 26' 3PT Step Back Jump Shot (6 PTS),,DEN,MIL,DEN,1610612743,2025,1458.0,1478.0,1468.0,203932|203999|1627750|1629008|1631128,201572|1627752|1628398|1629018|1629645,2024-25,337.0,0,4,0.136986301369863
265056,10:40,"Murray 6' Driving Reverse Layup (8 PTS) (Jokić 5 AST)
",1,1,0,0,2025-03-26,0022401057,0,0,MIL,3,0,4,10:55,Off Dead Ball,0,Murray 6' Driving Reverse Layup (8 PTS) (Jokić 5 AST),,DEN,MIL,DEN,1610612743,2025,1505.0,1520.0,1512.5,203932|203999|1627750|1629008|1631128,201572|1627752|1628398|1629018|1629645,2024-25,339.0,0,6,0.45045045045045046
265055,10:11,"MISS Murray 11' Driving Floating Jump Shot
Porter Jr. REBOUND (Off:0 Def:5)
",1,0,0,0,2025-03-26,0022401057,0,0,MIL,3,0,6,10:21,Off Arc 3 Miss,0,Porter Jr. REBOUND (Off:0 Def:5),,DEN,MIL,DEN,1610612743,2025,1539.0,1549.0,1544.0,203932|203999|1627750|1629008|1631128,201572|1627752|1628398|1629018|1629645,2024-25,342.0,0,6,0.29411764705882354
265053,09:36,"Gordon 3' Cutting Dunk Shot (5 PTS) (Jokić 6 AST)
",1,1,0,0,2025-03-26,0022401057,0,0,MIL,3,0,6,09:52,Off Long Mid-Range Miss,0,Gordon 3' Cutting Dunk Shot (5 PTS) (Jokić 6 AST),,DEN,MIL,DEN,1610612743,2025,1568.0,1584.0,1576.0,203932|203999|1627750|1629008|1631128,201572|1627752|1628398|1629018|1629645,2024-25,347.0,0,8,0.1927710843373494
265050,09:01,"Jokić 3' Driving Layup (21 PTS)
Lopez S.FOUL (P2.T1) (C.Kirkland)
MISS Jokić Free Throw 1 of 1
Lopez REBOUND (Off:4 Def:1)
",1,1,0,0,2025-03-26,0022401057,0,0,MIL,3,1,7,09:16,Off FT Miss,0,Lopez S.FOUL (P2.T1) (C.Kirkland),,DEN,MIL,DEN,1610612743,2025,1604.0,1619.0,1611.5,203932|203999|1627750|1629008|1631128,201572|1627752|1628398|1629018|1629645,2024-25,354.0,0,9,0.32727272727272727
265047,08:32,"MISS Gordon 7' Driving Layup
Porter Jr. REBOUND (Off:0 Def:6)
",1,0,0,0,2025-03-26,0022401057,0,0,MIL,3,0,7,08:47,Off At Rim Make,0,MISS Gordon 7' Driving Layup,,DEN,MIL,DEN,1610612743,2025,1633.0,1648.0,1640.5,203932|203999|1627750|1629008|1631128,201572|1627752|1628398|1629018|1629645,2024-25,361.0,0,7,0.044444444444444446
265045,08:05,"MISS Murray 27' 3PT Jump Shot
Trent Jr. REBOUND (Off:0 Def:2)
",0,0,1,0,2025-03-26,0022401057,0,0,MIL,3,0,4,08:23,Off Corner 3 Make,0,MISS Murray 27' 3PT Jump Shot,,DEN,MIL,DEN,1610612743,2025,1657.0,1675.0,1666.0,203932|203999|1627750|1629008|1631128,201572|1627752|1628398|1629018|1629645,2024-25,365.0,0,4,0.4444444444444444
265044,07:50,"Jokić 3' Running Layup (23 PTS)
",1,1,0,0,2025-03-26,0022401057,0,0,MIL,3,0,4,07:56,Off Arc 3 Miss,0,Jokić 3' Running Layup (23 PTS),,DEN,MIL,DEN,1610612743,2025,1684.0,1690.0,1687.0,203932|203999|1627750|1629008|1631128,201572|1627752|1628398|1629018|1629645,2024-25,369.0,0,6,0.22641509433962265
265042,07:06,"MISS Gordon 7' Cutting Layup Shot
Braun REBOUND (Off:1 Def:5)
Gordon 4' Dunk (7 PTS) (Porter Jr. 2 AST)
",2,1,0,0,2025-03-26,0022401057,0,1,MIL,3,0,4,07:33,Off Short Mid-Range Make,0,Braun REBOUND (Off:1 Def:5),,DEN,MIL,DEN,1610612743,2025,1707.0,1734.0,1720.5,203932|203999|1627750|1629008|1631128,201572|1627752|1628398|1629018|1629645,2024-25,375.0,0,6,0.7096774193548387
265040,06:25,"MISS Murray 27' 3PT Jump Shot
Braun REBOUND (Off:2 Def:5)
Jokić 6' Cutting Layup Shot (25 PTS) (Braun 4 AST)
",1,1,1,0,2025-03-26,0022401057,0,1,MIL,3,0,3,06:48,Off Arc 3 Make,0,Jokić 6' Cutting Layup Shot (25 PTS) (Braun 4 AST),,DEN,MIL,DEN,1610612743,2025,1752.0,1775.0,1763.5,203932|203999|1627750|1629008|1631128,201572|1627752|1628398|1629018|1629645,2024-25,381.0,0,5,0.41975308641975306
265036,05:57,"MISS Porter Jr. 27' 3PT Jump Shot
Kuzma REBOUND (Off:2 Def:4)
",0,0,1,0,2025-03-26,0022401057,0,0,MIL,3,0,3,06:11,Off Short Mid-Range Make,0,MISS Porter Jr. 27' 3PT Jump Shot,,DEN,MIL,DEN,1610612743,2025,1789.0,1803.0,1796.0,203932|203999|1627750|1629008|1631128,201572|1627752|1628398|1629018|1629645,2024-25,384.0,0,3,0.5352112676056338
265035,05:36,"Gordon Bad Pass Turnover (P2.T9): Lopez STEAL (1 STL)
",0,0,0,0,2025-03-26,0022401057,0,0,MIL,3,0,3,05:40,Off Short Mid-Range Miss,1,Gordon Bad Pass Turnover (P2.T9): Lopez STEAL (1 STL),,DEN,MIL,DEN,1610612743,2025,1820.0,1824.0,1822.0,203932|203999|1627750|1629008|1631128,201572|1627752|1628398|1629018|1629645,2024-25,388.0,0,3,0.36538461538461536
265033,05:06,"MISS Jokić 25' 3PT Jump Shot
Porter Jr. REBOUND (Off:1 Def:8)
MISS Jokić 8' Driving Hook Shot
Kuzma REBOUND (Off:2 Def:5)
",1,0,1,0,2025-03-26,0022401057,0,1,MIL,3,0,0,05:30,Off Timeout,0,MISS Jokić 8' Driving Hook Shot,,DEN,MIL,DEN,1610612743,2025,1830.0,1854.0,1842.0,201566|203932|203999|1629008|1631128,201572|1628398|1629018|1629645|1631260,2024-25,398.0,0,0,0.2153846153846154
265027,04:40,"Kuzma S.FOUL (P2.T2) (J.Butler)
MISS Jokić Free Throw 1 of 2
NUGGETS Rebound
Jokić Free Throw 2 of 2 (26 PTS)
",0,0,0,0,2025-03-26,0022401057,0,0,MIL,3,1,-2,04:54,Off Short Mid-Range Make,0,Kuzma S.FOUL (P2.T2) (J.Butler),,DEN,MIL,DEN,1610612743,2025,1866.0,1880.0,1873.0,201566|203932|203999|1629008|1631128,201572|1628398|1629018|1629645|1631260,2024-25,406.0,0,-2,0.23728813559322035
265025,04:12,"MISS Westbrook 14' Pullup Jump Shot
Trent Jr. REBOUND (Off:0 Def:3)
",1,0,0,0,2025-03-26,0022401057,0,0,MIL,3,0,-3,04:29,Off Short Mid-Range Make,0,MISS Westbrook 14' Pullup Jump Shot,,DEN,MIL,DEN,1610612743,2025,1891.0,1908.0,1899.5,201566|203932|203999|1631128|1631212,201572|1628398|1629018|1629645|1631260,2024-25,411.0,0,-3,0.21212121212121213
265023,03:44,"MISS Westbrook 26' 3PT Jump Shot
Braun REBOUND (Off:3 Def:5)
Braun 7' Driving Layup (12 PTS)
",1,1,1,0,2025-03-26,0022401057,0,1,MIL,3,0,-5,04:01,Off At Rim Make,0,Braun REBOUND (Off:3 Def:5),,DEN,MIL,DEN,1610612743,2025,1919.0,1936.0,1927.5,201566|203932|203999|1631128|1631212,201572|1628398|1629018|1629645|1631260,2024-25,416.0,0,-3,0.20512820512820512
265020,03:07,"MISS Braun 27' 3PT Jump Shot
Porter Jr. REBOUND (Off:0 Def:7)
",0,0,1,0,2025-03-26,0022401057,0,0,MIL,3,0,-3,03:25,Off Arc 3 Miss,0,MISS Braun 27' 3PT Jump Shot,,DEN,MIL,DEN,1610612743,2025,1955.0,1973.0,1964.0,201566|203932|203999|1631128|1631212,201572|1628398|1629018|1629645|1631260,2024-25,419.0,0,-3,0.3103448275862069
265019,02:46,"Jokić 3PT Jump Shot (29 PTS) (Watson 2 AST)
",0,0,1,1,2025-03-26,0022401057,0,0,MIL,3,0,-3,02:54,Off Long Mid-Range Miss,0,Jokić 3PT Jump Shot (29 PTS) (Watson 2 AST),,DEN,MIL,DEN,1610612743,2025,1986.0,1994.0,1990.0,201566|203932|203999|1631128|1631212,201572|1628398|1629018|1629645|1631260,2024-25,423.0,0,0,0.3611111111111111
265018,02:21,"Braun 6' Running Layup (14 PTS)
",1,1,0,0,2025-03-26,0022401057,0,0,MIL,3,0,0,02:25,Off Steal,0,Braun 6' Running Layup (14 PTS),,DEN,MIL,DEN,1610612743,2025,2015.0,2019.0,2017.0,201566|203932|203999|1631128|1631212,201572|1628398|1629018|1629645|1631260,2024-25,427.0,0,2,0.5151515151515151
265017,01:47,"Pickett 3PT Jump Shot (4 PTS) (Westbrook 5 AST)
",0,0,1,1,2025-03-26,0022401057,0,0,MIL,3,0,1,02:01,Off FT Make,0,Pickett 3PT Jump Shot (4 PTS) (Westbrook 5 AST),,DEN,MIL,DEN,1610612743,2025,2039.0,2053.0,2046.0,201566|203999|1629618|1631128|1631212,201572|1626192|1628398|1629645|1631260,2024-25,437.0,0,4,0.225
265016,01:13,"Braun 3PT Jump Shot (17 PTS) (Jokić 7 AST)
",0,0,1,1,2025-03-26,0022401057,0,0,MIL,3,0,4,01:25,Off At Rim Miss,0,Braun 3PT Jump Shot (17 PTS) (Jokić 7 AST),,DEN,MIL,DEN,1610612743,2025,2075.0,2087.0,2081.0,201566|203999|1629618|1631128|1631212,201572|1626192|1628398|1629645|1631260,2024-25,441.0,0,7,0.18867924528301888
265015,00:38,"Jokić 11' Driving Floating Bank Jump Shot (31 PTS)
",1,1,0,0,2025-03-26,0022401057,0,0,MIL,3,0,4,00:58,Off Arc 3 Make,0,Jokić 11' Driving Floating Bank Jump Shot (31 PTS),,DEN,MIL,DEN,1610612743,2025,2102.0,2122.0,2112.0,201566|203999|1629618|1631128|1631212,201572|1626192|1627752|1631157|1631260,2024-25,451.0,0,6,0.2716049382716049
265013,00:17,"MISS Jokić 11' Driving Floating Bank Jump Shot
Braun REBOUND (Off:4 Def:5)
Braun 4' Tip Dunk Shot (19 PTS)
",2,1,0,0,2025-03-26,0022401057,0,1,MIL,3,0,6,00:32,Off Block,0,Braun REBOUND (Off:4 Def:5),,DEN,MIL,DEN,1610612743,2025,2128.0,2143.0,2135.5,201566|203999|1629618|1631128|1631212,201572|1626192|1627752|1631157|1631260,2024-25,457.0,0,8,0.2631578947368421
265101,11:38,"MISS Gordon 26' 3PT Pullup Jump Shot
Connaughton REBOUND (Off:0 Def:3)
",0,0,1,0,2025-03-26,0022401057,0,0,MIL,4,0,8,12:00,Off Dead Ball,0,MISS Gordon 26' 3PT Pullup Jump Shot,,DEN,MIL,DEN,1610612743,2025,2160.0,2182.0,2171.0,201566|203932|1627750|1629618|1631212,1626192|1627752|1628398|1631157|1631260,2024-25,474.0,0,8,0.4918032786885246
265099,11:12,"MISS Watson 11' Running Layup
Connaughton REBOUND (Off:0 Def:4)
",1,0,0,0,2025-03-26,0022401057,0,0,MIL,4,0,8,11:19,Off Short Mid-Range Miss,0,MISS Watson 11' Running Layup,,DEN,MIL,DEN,1610612743,2025,2201.0,2208.0,2204.5,201566|203932|1627750|1629618|1631212,1626192|1627752|1628398|1631157|1631260,2024-25,478.0,0,8,0.23376623376623376
265097,10:35,"MISS Murray 24' 3PT Jump Shot
NUGGETS Rebound
NUGGETS Turnover: Shot Clock (T#10)
",0,0,1,0,2025-03-26,0022401057,0,0,MIL,4,0,6,11:06,Off Short Mid-Range Make,1,NUGGETS Rebound,,DEN,MIL,DEN,1610612743,2025,2214.0,2245.0,2229.5,201566|203932|1627750|1629618|1631212,1626192|1627752|1628398|1631157|1631260,2024-25,482.0,0,6,0.5405405405405406
265094,10:01,"MISS Murray 7' Driving Layup: Kuzma BLOCK (1 BLK)
Bucks Rebound
",1,0,0,0,2025-03-26,0022401057,0,0,MIL,4,0,6,10:13,Off Short Mid-Range Miss,0,MISS Murray 7' Driving Layup: Kuzma BLOCK (1 BLK),,DEN,MIL,DEN,1610612743,2025,2267.0,2279.0,2273.0,201566|203932|1627750|1629618|1631212,1626192|1627752|1628398|1631157|1631260,2024-25,486.0,0,6,0.2222222222222222
265090,09:32,"Connaughton S.FOUL (P1.T1) (C.Kirkland)
Westbrook Free Throw 1 of 2 (6 PTS)
MISS Westbrook Free Throw 2 of 2
Connaughton REBOUND (Off:0 Def:5)
",0,0,0,0,2025-03-26,0022401057,0,0,MIL,4,1,4,09:49,Off At Rim Make,0,Connaughton S.FOUL (P1.T1) (C.Kirkland),,DEN,MIL,DEN,1610612743,2025,2291.0,2308.0,2299.5,201566|203932|1627750|1629618|1631212,1626192|1627752|1628398|1631157|1631260,2024-25,492.0,0,4,0.13157894736842105
265086,09:02,"Rollins P.FOUL (P3.T2) (J.Butler)
Rollins S.FOUL (P4.T3) (J.Butler)
Murray Free Throw 1 of 3 (9 PTS)
Murray Free Throw 2 of 3 (10 PTS)
Murray Free Throw 3 of 3 (11 PTS)
",0,0,0,0,2025-03-26,0022401057,0,0,MIL,4,1,5,09:16,Off At Rim Block,0,Rollins S.FOUL (P4.T3) (J.Butler),,DEN,MIL,DEN,1610612743,2025,2324.0,2338.0,2331.0,201566|203932|1627750|1629008|1631212,1626192|1627752|1628398|1631157|1631260,2024-25,542.0,0,5,0.18461538461538463
265084,08:39,"MISS Watson 3' Alley Oop Dunk
Connaughton REBOUND (Off:0 Def:6)
",1,0,0,0,2025-03-26,0022401057,0,0,MIL,4,0,8,08:49,Off Dead Ball,0,Connaughton REBOUND (Off:0 Def:6),,DEN,MIL,DEN,1610612743,2025,2351.0,2361.0,2356.0,201566|203932|1627750|1629008|1631212,1626192|1627752|1628398|1629645|1631260,2024-25,513.0,0,8,0.2903225806451613
265082,08:11,"Watson 4' Running Dunk (8 PTS) (Westbrook 6 AST)
",1,1,0,0,2025-03-26,0022401057,0,0,MIL,4,0,8,08:19,Off Block,0,Watson 4' Running Dunk (8 PTS) (Westbrook 6 AST),,DEN,MIL,DEN,1610612743,2025,2381.0,2389.0,2385.0,201566|203932|1627750|1629008|1631212,1626192|1627752|1628398|1629645|1631260,2024-25,518.0,0,10,0.15730337078651685
265080,07:35,"MISS Porter Jr. 26' 3PT Step Back Jump Shot
Connaughton REBOUND (Off:0 Def:7)
",0,0,1,0,2025-03-26,0022401057,0,0,MIL,4,0,8,07:50,Off At Rim Make,0,MISS Porter Jr. 26' 3PT Step Back Jump Shot,,DEN,MIL,DEN,1610612743,2025,2410.0,2425.0,2417.5,201566|203932|1627750|1629008|1631212,1626192|1627752|1628398|1629645|1631260,2024-25,522.0,0,8,0.16901408450704225
265078,07:11,"MISS Westbrook 24' 3PT Jump Shot
Connaughton REBOUND (Off:0 Def:8)
",0,0,1,0,2025-03-26,0022401057,0,0,MIL,4,0,6,07:25,Off At Rim Make,0,MISS Westbrook 24' 3PT Jump Shot,,DEN,MIL,DEN,1610612743,2025,2435.0,2449.0,2442.0,201566|203932|1627750|1629008|1631212,1626192|1627752|1628398|1631157|1631260,2024-25,530.0,0,6,0.26865671641791045
265077,06:35,"Murray 3' Cutting Layup Shot (13 PTS) (Porter Jr. 3 AST)
",1,1,0,0,2025-03-26,0022401057,0,0,MIL,4,0,3,06:55,Off Corner 3 Make,0,Murray 3' Cutting Layup Shot (13 PTS) (Porter Jr. 3 AST),,DEN,MIL,DEN,1610612743,2025,2465.0,2485.0,2475.0,203999|1627750|1629008|1631128|1631212,201572|1627752|1628398|1631157|1631260,2024-25,544.0,0,5,0.16091954022988506
265074,06:04,"MISS Braun 4' Driving Layup: Kuzma BLOCK (2 BLK)
NUGGETS Rebound
Watson 4' Cutting Dunk Shot (10 PTS) (Murray 4 AST)
",2,1,0,0,2025-03-26,0022401057,0,1,MIL,4,0,5,06:20,Off Arc 3 Miss,0,MISS Braun 4' Driving Layup: Kuzma BLOCK (2 BLK),,DEN,MIL,DEN,1610612743,2025,2500.0,2516.0,2508.0,203999|1627750|1629008|1631128|1631212,201572|1627752|1628398|1631157|1631260,2024-25,552.0,0,7,0.275
265073,05:36,"Murray 5' Cutting Layup Shot (15 PTS) (Jokić 8 AST)
",1,1,0,0,2025-03-26,0022401057,0,0,MIL,4,0,5,05:50,Off FT Miss,0,Murray 5' Cutting Layup Shot (15 PTS) (Jokić 8 AST),,DEN,MIL,DEN,1610612743,2025,2530.0,2544.0,2537.0,203999|1627750|1629008|1631128|1631212,201572|1627752|1628398|1631157|1631260,2024-25,559.0,0,7,0.24242424242424243
265071,04:56,"Lopez P.FOUL (P3.T4) (M.Dagher)
MISS Murray 26' 3PT Step Back Jump Shot
Lopez REBOUND (Off:4 Def:2)
",0,0,1,0,2025-03-26,0022401057,0,0,MIL,4,0,7,05:14,Off Short Mid-Range Miss,0,MISS Murray 26' 3PT Step Back Jump Shot,,DEN,MIL,DEN,1610612743,2025,2566.0,2584.0,2575.0,203999|1627750|1629008|1631128|1631212,201572|1627752|1629018|1631157|1631260,2024-25,567.0,0,7,0.25806451612903225
265069,04:27,"Jokić 9' Driving Hook Shot (33 PTS) (Murray 5 AST)
",1,1,0,0,2025-03-26,0022401057,0,0,MIL,4,0,4,04:44,Off Timeout,0,Jokić 9' Driving Hook Shot (33 PTS) (Murray 5 AST),,DEN,MIL,DEN,1610612743,2025,2596.0,2613.0,2604.5,203999|1627750|1629008|1631128|1631212,201572|1627752|1629018|1631157|1631260,2024-25,572.0,0,6,0.2619047619047619
265068,03:57,"Jokić 4' Driving Layup (35 PTS) (Braun 5 AST)
",1,1,0,0,2025-03-26,0022401057,0,0,MIL,4,0,6,04:08,Off Short Mid-Range Miss,0,Jokić 4' Driving Layup (35 PTS) (Braun 5 AST),,DEN,MIL,DEN,1610612743,2025,2632.0,2643.0,2637.5,203999|1627750|1629008|1631128|1631212,201572|1627752|1629018|1631157|1631260,2024-25,576.0,0,8,0.22448979591836735
265066,03:18,"MISS Braun 3' Cutting Layup Shot: Lopez BLOCK (2 BLK)
Green REBOUND (Off:1 Def:4)
",1,0,0,0,2025-03-26,0022401057,0,0,MIL,4,0,6,03:43,Off Short Mid-Range Make,0,MISS Braun 3' Cutting Layup Shot: Lopez BLOCK (2 BLK),,DEN,MIL,DEN,1610612743,2025,2657.0,2682.0,2669.5,203999|1627750|1629008|1631128|1631212,201572|1627752|1629018|1631157|1631260,2024-25,580.0,0,6,0.4
265065,02:58,"Jokić 6' Hook Shot (37 PTS) (Porter Jr. 4 AST)
",1,1,0,0,2025-03-26,0022401057,0,0,MIL,4,0,6,03:14,Off Steal,0,Jokić 6' Hook Shot (37 PTS) (Porter Jr. 4 AST),,DEN,MIL,DEN,1610612743,2025,2686.0,2702.0,2694.0,203999|1627750|1629008|1631128|1631212,201572|1627752|1629018|1631157|1631260,2024-25,585.0,0,8,0.275
265063,02:15,"MISS Jokić 8' Driving Floating Jump Shot: Lopez BLOCK (3 BLK)
Trent Jr. REBOUND (Off:0 Def:4)
",1,0,0,0,2025-03-26,0022401057,0,0,MIL,4,0,6,02:40,Off Short Mid-Range Make,0,MISS Jokić 8' Driving Floating Jump Shot: Lopez BLOCK (3 BLK),,DEN,MIL,DEN,1610612743,2025,2720.0,2745.0,2732.5,203999|1627750|1629008|1631128|1631212,201572|1628398|1629018|1631157|1631260,2024-25,591.0,0,6,0.29545454545454547
265062,01:44,"Watson 3' Cutting Dunk Shot (12 PTS) (Jokić 9 AST)
",1,1,0,0,2025-03-26,0022401057,0,0,MIL,4,0,3,02:03,Off Corner 3 Make,0,Watson 3' Cutting Dunk Shot (12 PTS) (Jokić 9 AST),,DEN,MIL,DEN,1610612743,2025,2757.0,2776.0,2766.5,203999|1627750|1629008|1631128|1631212,201572|1628398|1629018|1631157|1631260,2024-25,596.0,0,5,0.5128205128205128
265061,01:05,"Porter Jr. 26' 3PT Jump Shot (23 PTS) (Murray 6 AST)
",0,0,1,1,2025-03-26,0022401057,0,0,MIL,4,0,5,01:26,Off Arc 3 Miss,0,Porter Jr. 26' 3PT Jump Shot (23 PTS) (Murray 6 AST),,DEN,MIL,DEN,1610612743,2025,2794.0,2815.0,2804.5,203999|1627750|1629008|1631128|1631212,201572|1628398|1629018|1631157|1631260,2024-25,601.0,0,8,0.273972602739726
265060,00:52,"Murray 8' Driving Layup (17 PTS) (Jokić 10 AST)
",1,1,0,0,2025-03-26,0022401057,0,0,MIL,4,0,8,01:05,Off Timeout,0,Murray 8' Driving Layup (17 PTS) (Jokić 10 AST),,DEN,MIL,DEN,1610612743,2025,2815.0,2828.0,2821.5,203999|1627750|1629008|1631128|1631212,201572|1628398|1629018|1629645|1631260,2024-25,607.0,0,10,0.40404040404040403
265059,00:21,"Jokić 4' Cutting Dunk Shot (39 PTS) (Braun 6 AST)
",1,1,0,0,2025-03-26,0022401057,0,0,MIL,4,0,10,00:41,Off Arc 3 Miss,0,Jokić 4' Cutting Dunk Shot (39 PTS) (Braun 6 AST),,DEN,MIL,DEN,1610612743,2025,2839.0,2859.0,2849.0,203999|1627750|1629008|1631128|1631212,201572|1628398|1629018|1629645|1631260,2024-25,611.0,0,12,0.14084507042253522
265058,00:00,,0,0,0,0,2025-03-26,0022401057,0,0,MIL,4,0,10,00:11,Off At Rim Make,0,,,DEN,MIL,DEN,1610612743,2025,2869.0,2880.0,2874.5,203999|1627750|1629008|1631128|1631212,201572|1628398|1629018|1629645|1631260,2024-25,649.0,0,10,0.0
309827,11:40,"MISS Conley 25' 3PT Pullup Jump Shot
Durant REBOUND (Off:0 Def:1)
",0,0,1,0,2025-03-28,0022401071,0,0,PHX,1,0,0,12:00,Off Dead Ball,0,MISS Conley 25' 3PT Pullup Jump Shot,,MIN,PHX,MIN,1610612750,2025,0.0,20.0,10.0,201144|203497|203944|1630162|1630183,201142|1626164|1630208|1631221|1642346,2024-25,7.0,0,0,0.3188405797101449
309826,11:02,"McDaniels 3PT Jump Shot (3 PTS) (Randle 1 AST)
",0,0,1,1,2025-03-28,0022401071,0,0,PHX,1,0,-2,11:21,Off Short Mid-Range Make,0,McDaniels 3PT Jump Shot (3 PTS) (Randle 1 AST),,MIN,PHX,MIN,1610612750,2025,39.0,58.0,48.5,201144|203497|203944|1630162|1630183,201142|1626164|1630208|1631221|1642346,2024-25,11.0,0,1,0.345679012345679
309824,10:30,"MISS Edwards 25' 3PT Running Jump Shot
Dunn REBOUND (Off:0 Def:1)
",0,0,1,0,2025-03-28,0022401071,0,0,PHX,1,0,1,10:40,Off Steal,0,MISS Edwards 25' 3PT Running Jump Shot,,MIN,PHX,MIN,1610612750,2025,80.0,90.0,85.0,201144|203497|203944|1630162|1630183,201142|1626164|1630208|1631221|1642346,2024-25,15.0,0,1,0.35443037974683544
309823,10:13,"Randle 25' 3PT Pullup Jump Shot (3 PTS)
",0,0,1,1,2025-03-28,0022401071,0,0,PHX,1,0,1,10:20,Off Arc 3 Miss,0,Randle 25' 3PT Pullup Jump Shot (3 PTS),,MIN,PHX,MIN,1610612750,2025,100.0,107.0,103.5,201144|203497|203944|1630162|1630183,201142|1626164|1630208|1631221|1642346,2024-25,19.0,0,4,0.3870967741935484
309822,09:45,"Randle 14' Step Back Jump Shot (5 PTS) (Edwards 1 AST)
",1,1,0,0,2025-03-28,0022401071,0,0,PHX,1,0,4,09:54,Off Arc 3 Miss,0,Randle 14' Step Back Jump Shot (5 PTS) (Edwards 1 AST),,MIN,PHX,MIN,1610612750,2025,126.0,135.0,130.5,201144|203497|203944|1630162|1630183,201142|1626164|1630208|1631221|1642346,2024-25,22.0,0,6,0.3
309821,09:18,"Randle 1' Driving Finger Roll Layup (7 PTS)
",1,1,0,0,2025-03-28,0022401071,0,0,PHX,1,0,4,09:29,Off Short Mid-Range Make,0,Randle 1' Driving Finger Roll Layup (7 PTS),,MIN,PHX,MIN,1610612750,2025,151.0,162.0,156.5,201144|203497|203944|1630162|1630183,201142|1626164|1630208|1631221|1642346,2024-25,25.0,0,6,0.40540540540540543
309815,08:40,"MISS Edwards 9' Turnaround Fadeaway Shot
Gobert REBOUND (Off:1 Def:0)
Richards S.FOUL (P1.T1) (T.Washington)
MISS Gobert Free Throw 1 of 2
TIMBERWOLVES Rebound
Gobert Free Throw 2 of 2 (1 PTS)
",1,0,0,0,2025-03-28,0022401071,0,1,PHX,1,1,6,09:01,Off Steal,0,MISS Edwards 9' Turnaround Fadeaway Shot,,MIN,PHX,MIN,1610612750,2025,179.0,200.0,189.5,201144|203497|203944|1630162|1630183,201142|1626164|1630208|1631221|1642346,2024-25,28.0,0,6,0.2
309814,08:15,"Randle 3PT Jump Shot (10 PTS) (Edwards 2 AST)
",0,0,1,1,2025-03-28,0022401071,0,0,PHX,1,0,7,08:32,Off Dead Ball,0,Randle 3PT Jump Shot (10 PTS) (Edwards 2 AST),,MIN,PHX,MIN,1610612750,2025,208.0,225.0,216.5,201144|203497|203944|1630162|1630183,201142|1626164|1631221|1642345|1642346,2024-25,40.0,0,10,0.2247191011235955
309812,07:12,"MISS Randle 8' Driving Floating Jump Shot
Randle REBOUND (Off:1 Def:1)
MISS Randle 4' Driving Floating Jump Shot
Gobert REBOUND (Off:2 Def:0)
Gobert Tip Dunk Shot (3 PTS)
",3,1,0,0,2025-03-28,0022401071,0,2,PHX,1,0,7,07:52,Off Corner 3 Make,0,Gobert REBOUND (Off:2 Def:0),,MIN,PHX,MIN,1610612750,2025,248.0,288.0,268.0,201144|203497|203944|1630162|1630183,201142|1626164|1631221|1642345|1642346,2024-25,49.0,0,9,0.711864406779661
309807,06:34,"MISS Edwards 3' Driving Layup: Durant BLOCK (1 BLK)
TIMBERWOLVES Rebound
TIMBERWOLVES Turnover: Shot Clock (T#1)
",1,0,0,0,2025-03-28,0022401071,0,1,PHX,1,0,6,07:01,Off Arc 3 Make,1,TIMBERWOLVES Rebound,,MIN,PHX,MIN,1610612750,2025,299.0,326.0,312.5,201144|203497|203944|1630162|1630183,201142|1626164|1631221|1642345|1642346,2024-25,56.0,0,6,0.5714285714285714
309805,06:01,"Conley 26' 3PT Step Back Jump Shot (3 PTS)
",0,0,1,1,2025-03-28,0022401071,0,0,PHX,1,0,6,06:17,Off Long Mid-Range Miss,0,Conley 26' 3PT Step Back Jump Shot (3 PTS),,MIN,PHX,MIN,1610612750,2025,343.0,359.0,351.0,201144|203497|203944|1630162|1630183,201142|1626164|1628960|1642345|1642346,2024-25,63.0,0,9,0.3013698630136986
309804,05:31,"McDaniels 1' Running Dunk (5 PTS) (Randle 2 AST)
",1,1,0,0,2025-03-28,0022401071,0,0,PHX,1,0,9,05:37,Off Short Mid-Range Miss,0,McDaniels 1' Running Dunk (5 PTS) (Randle 2 AST),,MIN,PHX,MIN,1610612750,2025,383.0,389.0,386.0,201144|203497|203944|1630162|1630183,201142|1626164|1628960|1642345|1642346,2024-25,66.0,0,11,0.22784810126582278
309801,05:03,"Allen S.FOUL (P1.T2) (M.Davis)
McDaniels Free Throw 1 of 2 (6 PTS)
MISS McDaniels Free Throw 2 of 2
Durant REBOUND (Off:0 Def:2)
",0,0,0,0,2025-03-28,0022401071,0,0,PHX,1,1,11,05:07,Off Timeout,0,McDaniels Free Throw 1 of 2 (6 PTS),,MIN,PHX,MIN,1610612750,2025,413.0,417.0,415.0,203497|1628978|1629675|1630162|1630183,201142|1626145|1626164|1628960|1642345,2024-25,84.0,6,17,0.3037974683544304
309799,04:28,"Gobert OFF.Foul (P1) (J.Butler)
Gobert Offensive Foul Turnover (P1.T2)
",0,0,0,0,2025-03-28,0022401071,0,0,PHX,1,0,9,04:52,Off Arc 3 Make,1,Gobert Offensive Foul Turnover (P1.T2),,MIN,PHX,MIN,1610612750,2025,428.0,452.0,440.0,203497|1628978|1629675|1630162|1630183,201142|1626145|1626164|1628960|1642345,2024-25,91.0,0,9,0.20689655172413793
309797,03:56,"Edwards Bad Pass Turnover (P1.T3): Durant STEAL (1 STL)
",0,0,0,0,2025-03-28,0022401071,0,0,PHX,1,0,9,04:07,Off Arc 3 Miss,1,Edwards Bad Pass Turnover (P1.T3): Durant STEAL (1 STL),,MIN,PHX,MIN,1610612750,2025,473.0,484.0,478.5,203497|1628978|1629675|1630162|1630183,201142|1626145|1626164|1628960|1642345,2024-25,94.0,0,9,0.5316455696202531
309796,03:46,"Edwards 25' 3PT Running Jump Shot (3 PTS) (Reid 1 AST)
",0,0,1,1,2025-03-28,0022401071,0,0,PHX,1,0,9,03:49,Off Arc 3 Miss,0,Edwards 25' 3PT Running Jump Shot (3 PTS) (Reid 1 AST),,MIN,PHX,MIN,1610612750,2025,491.0,494.0,492.5,203497|1628978|1629675|1630162|1630183,201142|1626145|1626164|1628960|1642345,2024-25,98.0,0,12,0.21052631578947367
309795,03:11,"MISS DiVincenzo 6' Driving Floating Jump Shot
Durant REBOUND (Off:0 Def:3)
",1,0,0,0,2025-03-28,0022401071,0,0,PHX,1,0,10,03:32,Off Short Mid-Range Make,0,Durant REBOUND (Off:0 Def:3),,MIN,PHX,MIN,1610612750,2025,508.0,529.0,518.5,203497|1628978|1629675|1630162|1630183,201142|1626145|1626164|1628960|1642345,2024-25,101.0,0,10,0.3492063492063492
309793,02:44,"MISS Edwards 25' 3PT Step Back Jump Shot
Jones REBOUND (Off:0 Def:1)
",0,0,1,0,2025-03-28,0022401071,0,0,PHX,1,0,10,03:02,Off Arc 3 Miss,0,Jones REBOUND (Off:0 Def:1),,MIN,PHX,MIN,1610612750,2025,538.0,556.0,547.0,203497|1628978|1629675|1630162|1630183,201142|1626145|1626164|1628960|1642345,2024-25,104.0,0,10,0.1891891891891892
309790,02:24,"Durant L.B.FOUL (P1.T3) (T.Washington)
MISS Randle 12' Fadeaway Jumper
Ighodaro REBOUND (Off:0 Def:1)
",1,0,0,0,2025-03-28,0022401071,0,0,PHX,1,0,10,02:44,Off Timeout,0,MISS Randle 12' Fadeaway Jumper,,MIN,PHX,MIN,1610612750,2025,556.0,576.0,566.0,203944|1628978|1629638|1629675|1641740,201142|1626145|1628960|1628998|1642345,2024-25,119.0,0,10,0.4507042253521127
309788,01:58,"DiVincenzo Out of Bounds - Bad Pass Turnover Turnover (P1.T4)
",0,0,0,0,2025-03-28,0022401071,0,0,PHX,1,0,8,02:18,Off FT Make,1,DiVincenzo Out of Bounds - Bad Pass Turnover Turnover (P1.T4),,MIN,PHX,MIN,1610612750,2025,582.0,602.0,592.0,203944|1628978|1629638|1629675|1641740,201142|1626145|1628960|1628998|1642345,2024-25,125.0,0,8,0.26666666666666666
309786,01:09,"MISS Reid 3PT Jump Shot
Martin REBOUND (Off:0 Def:1)
",0,0,1,0,2025-03-28,0022401071,0,0,PHX,1,0,6,01:35,Off At Rim Make,0,MISS Reid 3PT Jump Shot,,MIN,PHX,MIN,1610612750,2025,625.0,651.0,638.0,203944|1628978|1629638|1629675|1641740,201142|1626145|1628960|1628998|1642345,2024-25,134.0,0,6,0.40540540540540543
309784,00:45,"MISS DiVincenzo 3PT Jump Shot
Allen REBOUND (Off:0 Def:1)
",0,0,1,0,2025-03-28,0022401071,0,0,PHX,1,0,6,01:02,Off FT Miss,0,MISS DiVincenzo 3PT Jump Shot,,MIN,PHX,MIN,1610612750,2025,658.0,675.0,666.5,203944|1628978|1629638|1629675|1641740,201142|1626145|1628960|1628998|1642345,2024-25,142.0,0,6,0.2857142857142857
309783,00:18,"Randle 1' Cutting Layup Shot (12 PTS) (DiVincenzo 1 AST)
",1,1,0,0,2025-03-28,0022401071,0,0,PHX,1,0,6,00:32,Off Short Mid-Range Miss,0,Randle 1' Cutting Layup Shot (12 PTS) (DiVincenzo 1 AST),,MIN,PHX,MIN,1610612750,2025,688.0,702.0,695.0,203944|1628978|1629638|1629675|1641740,201142|1626145|1628960|1628998|1642345,2024-25,146.0,0,8,0.32967032967032966
309873,11:16,"DiVincenzo 31' 3PT Step Back Jump Shot (3 PTS)
",0,0,1,1,2025-03-28,0022401071,0,0,PHX,2,0,6,11:37,Off Arc 3 Miss,0,DiVincenzo 31' 3PT Step Back Jump Shot (3 PTS),,MIN,PHX,MIN,1610612750,2025,743.0,764.0,753.5,201144|203497|1628978|1629638|1629675,1626145|1626164|1626220|1628998|1642345,2024-25,165.0,0,9,0.8235294117647058
309871,10:35,"Ighodaro P.FOUL (P1.T1) (J.Butler)
Gobert 1' Cutting Dunk Shot (5 PTS) (Conley 1 AST)
",1,1,0,0,2025-03-28,0022401071,0,0,PHX,2,0,9,11:05,Off Steal,0,Ighodaro P.FOUL (P1.T1) (J.Butler),,MIN,PHX,MIN,1610612750,2025,775.0,805.0,790.0,201144|203497|1628978|1629638|1629675,1626145|1626164|1626220|1628998|1642345,2024-25,170.0,0,11,0.21428571428571427
309870,09:46,"Conley Bad Pass Turnover (P1.T5): Ighodaro STEAL (1 STL)
",0,0,0,0,2025-03-28,0022401071,0,0,PHX,2,0,8,09:59,Off Arc 3 Make,1,Conley Bad Pass Turnover (P1.T5): Ighodaro STEAL (1 STL),,MIN,PHX,MIN,1610612750,2025,841.0,854.0,847.5,201144|203497|1628978|1629638|1629675,1626145|1626164|1626220|1628998|1642345,2024-25,178.0,0,8,0.25
309868,09:18,"MISS Gobert 4' Driving Hook Shot
Martin REBOUND (Off:1 Def:2)
",1,0,0,0,2025-03-28,0022401071,0,0,PHX,2,0,8,09:33,Off Arc 3 Miss,0,MISS Gobert 4' Driving Hook Shot,,MIN,PHX,MIN,1610612750,2025,867.0,882.0,874.5,201144|203497|1628978|1629638|1629675,1626145|1626164|1626220|1628998|1642345,2024-25,182.0,0,8,0.18518518518518517
309866,08:50,"MISS Reid 3' Driving Layup
O'Neale REBOUND (Off:0 Def:1)
",1,0,0,0,2025-03-28,0022401071,0,0,PHX,2,0,8,09:01,Off Short Mid-Range Miss,0,MISS Reid 3' Driving Layup,,MIN,PHX,MIN,1610612750,2025,899.0,910.0,904.5,201144|203497|1628978|1629638|1629675,1626145|1626164|1626220|1628998|1642345,2024-25,186.0,0,8,0.2
309864,08:29,"MISS Alexander-Walker 26' 3PT Jump Shot
Ighodaro REBOUND (Off:0 Def:2)
",0,0,1,0,2025-03-28,0022401071,0,0,PHX,2,0,8,08:44,Off Steal,0,MISS Alexander-Walker 26' 3PT Jump Shot,,MIN,PHX,MIN,1610612750,2025,916.0,931.0,923.5,201144|203497|1628978|1629638|1629675,1626145|1626164|1626220|1628998|1642345,2024-25,190.0,0,8,0.17647058823529413
309863,08:01,"Alexander-Walker 1' Driving Reverse Layup (2 PTS) (Reid 2 AST)
Martin S.FOUL (P1.T2) (T.Washington)
Alexander-Walker Free Throw 1 of 1 (3 PTS)
",1,1,0,0,2025-03-28,0022401071,0,0,PHX,2,1,8,08:13,Off Short Mid-Range Miss,0,Alexander-Walker Free Throw 1 of 1 (3 PTS),,MIN,PHX,MIN,1610612750,2025,947.0,959.0,953.0,201144|203497|1628978|1629638|1629675,1626145|1626164|1626220|1628998|1642345,2024-25,246.0,3,13,0.1724137931034483
309860,07:10,"Clark 24' 3PT Jump Shot (3 PTS) (Reid 3 AST)
",0,0,1,1,2025-03-28,0022401071,0,0,PHX,2,0,8,07:32,Off Arc 3 Make,0,Clark 24' 3PT Jump Shot (3 PTS) (Reid 3 AST),,MIN,PHX,MIN,1610612750,2025,988.0,1010.0,999.0,201144|203497|1629638|1629675|1641740,1626145|1626164|1626220|1630208|1642346,2024-25,209.0,0,11,0.3283582089552239
309857,06:40,"Richards L.B.FOUL (P3.T3) (J.Butler)
McDaniels 1' Driving Layup (8 PTS) (Randle 3 AST)
Dunn S.FOUL (P1.T4) (J.Butler)
McDaniels Free Throw 1 of 1 (9 PTS)
",1,1,0,0,2025-03-28,0022401071,0,0,PHX,2,1,11,06:50,Off Timeout,0,McDaniels 1' Driving Layup (8 PTS) (Randle 3 AST),,MIN,PHX,MIN,1610612750,2025,1030.0,1040.0,1035.0,203944|1629638|1629675|1630183|1641740,1626164|1626220|1630208|1631221|1642346,2024-25,222.0,0,13,0.6075949367088608
309854,05:52,"MISS Randle 25' 3PT Jump Shot
O'Neale REBOUND (Off:0 Def:2)
",0,0,1,0,2025-03-28,0022401071,0,0,PHX,2,0,12,06:13,Off At Rim Make,0,MISS Randle 25' 3PT Jump Shot,,MIN,PHX,MIN,1610612750,2025,1067.0,1088.0,1077.5,203944|1629638|1629675|1630183|1641740,1626164|1626220|1630208|1631221|1642346,2024-25,230.0,0,12,0.2972972972972973
309853,05:27,"Reid 26' 3PT Jump Shot (3 PTS) (Randle 4 AST)
",0,0,1,1,2025-03-28,0022401071,0,0,PHX,2,0,9,05:45,Off Corner 3 Make,0,Reid 26' 3PT Jump Shot (3 PTS) (Randle 4 AST),,MIN,PHX,MIN,1610612750,2025,1095.0,1113.0,1104.0,203944|1629638|1629675|1630183|1641740,1626164|1626220|1630208|1631221|1642346,2024-25,234.0,0,12,0.3111111111111111
309851,04:58,"MISS Alexander-Walker 3' Running Layup
Gillespie REBOUND (Off:0 Def:1)
",1,0,0,0,2025-03-28,0022401071,0,0,PHX,2,0,12,05:07,Off Arc 3 Miss,0,MISS Alexander-Walker 3' Running Layup,,MIN,PHX,MIN,1610612750,2025,1133.0,1142.0,1137.5,203944|1629638|1629675|1630183|1641740,1626164|1626220|1630208|1631221|1642346,2024-25,238.0,0,12,0.2857142857142857
309850,04:26,"MISS McDaniels 12' Pullup Jump Shot
Dunn REBOUND (Off:0 Def:2)
",1,0,0,0,2025-03-28,0022401071,0,0,PHX,2,0,9,04:45,Off Arc 3 Make,0,Dunn REBOUND (Off:0 Def:2),,MIN,PHX,MIN,1610612750,2025,1155.0,1174.0,1164.5,203944|1629638|1629675|1630183|1641740,1626164|1626220|1630208|1631221|1642346,2024-25,293.0,0,9,0.2247191011235955
309843,03:26,"MISS Clark 3' Running Layup: Dunn BLOCK (1 BLK)
TIMBERWOLVES Rebound
Ighodaro S.FOUL (P2.PN) (J.Butler)
Randle Free Throw 1 of 2 (13 PTS)
Randle Free Throw 2 of 2 (14 PTS)
",1,0,0,0,2025-03-28,0022401071,0,1,PHX,2,1,9,03:35,Off Steal,0,MISS Clark 3' Running Layup: Dunn BLOCK (1 BLK),,MIN,PHX,MIN,1610612750,2025,1225.0,1234.0,1229.5,203944|1629638|1629675|1630183|1641740,1626164|1626220|1630208|1631221|1642346,2024-25,306.0,0,9,0.2962962962962963
309839,02:46,"MISS Reid 7' Turnaround Hook Shot: Durant BLOCK (2 BLK)
Reid REBOUND (Off:1 Def:2)
MISS Randle 25' 3PT Pullup Jump Shot
Suns Rebound
",1,0,1,0,2025-03-28,0022401071,0,1,PHX,2,0,11,03:07,Off At Rim Block,0,MISS Reid 7' Turnaround Hook Shot: Durant BLOCK (2 BLK),,MIN,PHX,MIN,1610612750,2025,1253.0,1274.0,1263.5,201144|203944|1628978|1629675|1630183,201142|1626220|1631221|1642345|1642346,2024-25,269.0,0,11,0.2696629213483146
309837,02:20,"MISS DiVincenzo 25' 3PT Running Jump Shot
Durant REBOUND (Off:0 Def:4)
",0,0,1,0,2025-03-28,0022401071,0,0,PHX,2,0,11,02:26,Off Block,0,MISS DiVincenzo 25' 3PT Running Jump Shot,,MIN,PHX,MIN,1610612750,2025,1294.0,1300.0,1297.0,201144|203497|203944|1628978|1630183,201142|1626164|1626220|1642345|1642346,2024-25,283.0,0,11,0.13559322033898305
309836,01:59,"Conley Driving Layup (5 PTS) (Randle 5 AST)
",1,1,0,0,2025-03-28,0022401071,0,0,PHX,2,0,9,02:13,Off At Rim Make,0,Conley Driving Layup (5 PTS) (Randle 5 AST),,MIN,PHX,MIN,1610612750,2025,1307.0,1321.0,1314.0,201144|203497|203944|1628978|1630183,201142|1626164|1626220|1642345|1642346,2024-25,287.0,0,11,0.4421052631578947
309835,01:16,"Ighodaro S.FOUL (P3.PN) (T.Washington)
Randle Free Throw 1 of 2 (15 PTS)
Randle Free Throw 2 of 2 (16 PTS)
",0,0,0,0,2025-03-28,0022401071,0,0,PHX,2,1,9,01:35,Off At Rim Make,0,Randle Free Throw 2 of 2 (16 PTS),,MIN,PHX,MIN,1610612750,2025,1345.0,1364.0,1354.5,201144|203497|203944|1628978|1630183,201142|1626164|1626220|1642345|1642346,2024-25,400.0,16,25,0.8985507246376812
309832,00:47,"Gobert Dunk (7 PTS) (Randle 6 AST)
",1,1,0,0,2025-03-28,0022401071,0,0,PHX,2,0,11,00:58,Off Long Mid-Range Miss,0,Gobert Dunk (7 PTS) (Randle 6 AST),,MIN,PHX,MIN,1610612750,2025,1382.0,1393.0,1387.5,201144|203497|203944|1628978|1630183,201142|1626145|1626164|1626220|1642345,2024-25,301.0,0,13,0.225
309831,00:13,"Booker S.FOUL (P1.PN) (M.Davis)
DiVincenzo Free Throw 1 of 2 (4 PTS)
DiVincenzo Free Throw 2 of 2 (5 PTS)
",0,0,0,0,2025-03-28,0022401071,0,0,PHX,2,1,10,00:32,Off Arc 3 Make,0,DiVincenzo Free Throw 2 of 2 (5 PTS),,MIN,PHX,MIN,1610612750,2025,1408.0,1427.0,1417.5,201144|203497|203944|1628978|1630183,201142|1626145|1626164|1626220|1642345,2024-25,342.0,5,15,0.38961038961038963
309923,11:25,"McDaniels 2' Driving Layup (11 PTS)
",1,1,0,0,2025-03-28,0022401071,0,0,PHX,3,0,12,11:39,Off Dead Ball,0,McDaniels 2' Driving Layup (11 PTS),,MIN,PHX,MIN,1610612750,2025,1461.0,1475.0,1468.0,201144|203497|203944|1630162|1630183,201142|1626164|1630208|1631221|1642346,2024-25,339.0,0,14,0.4810126582278481
309922,10:55,"Gobert Lost Ball Turnover (P2.T6): Durant STEAL (2 STL)
",0,0,0,0,2025-03-28,0022401071,0,0,PHX,3,0,14,11:11,Off Dead Ball,1,Gobert Lost Ball Turnover (P2.T6): Durant STEAL (2 STL),,MIN,PHX,MIN,1610612750,2025,1489.0,1505.0,1497.0,201144|203497|203944|1630162|1630183,201142|1626164|1630208|1631221|1642346,2024-25,343.0,0,14,0.29357798165137616
309920,10:09,"MISS Conley 29' 3PT Jump Shot
Gobert REBOUND (Off:3 Def:3)
Gobert 1' Putback Dunk (9 PTS)
",1,1,1,0,2025-03-28,0022401071,0,1,PHX,3,0,12,10:40,Off At Rim Make,0,Gobert REBOUND (Off:3 Def:3),,MIN,PHX,MIN,1610612750,2025,1520.0,1551.0,1535.5,201144|203497|203944|1630162|1630183,201142|1626164|1630208|1631221|1642346,2024-25,360.0,0,14,0.7457627118644068
309916,09:35,"MISS McDaniels 7' Driving Floating Jump Shot
McDaniels REBOUND (Off:1 Def:2)
McDaniels 3' Putback Layup (13 PTS)
",2,1,0,0,2025-03-28,0022401071,0,1,PHX,3,0,14,09:42,Off Steal,0,MISS McDaniels 7' Driving Floating Jump Shot,,MIN,PHX,MIN,1610612750,2025,1578.0,1585.0,1581.5,201144|203497|203944|1630162|1630183,201142|1626164|1630208|1631221|1642346,2024-25,355.0,0,16,0.20512820512820512
309914,08:37,"Gobert 1' Alley Oop Dunk (11 PTS) (Edwards 3 AST)
",1,1,0,0,2025-03-28,0022401071,0,0,PHX,3,0,17,08:51,Off FT Miss,0,Gobert 1' Alley Oop Dunk (11 PTS) (Edwards 3 AST),,MIN,PHX,MIN,1610612750,2025,1629.0,1643.0,1636.0,201144|203497|203944|1630162|1630183,201142|1626164|1630208|1631221|1642346,2024-25,368.0,0,19,0.20454545454545456
309912,07:59,"Dunn P.FOUL (P2.T1) (T.Washington)
Gobert Bad Pass Turnover (P3.T7): Gillespie STEAL (1 STL)
",0,0,0,0,2025-03-28,0022401071,0,0,PHX,3,0,19,08:20,Off Steal,1,Dunn P.FOUL (P2.T1) (T.Washington),,MIN,PHX,MIN,1610612750,2025,1660.0,1681.0,1670.5,201144|203497|203944|1630162|1630183,201142|1626164|1630208|1631221|1642346,2024-25,374.0,0,19,0.15384615384615385
309911,07:39,"Randle 2' Driving Layup (20 PTS)
",1,1,0,0,2025-03-28,0022401071,0,0,PHX,3,0,16,07:52,Off Corner 3 Make,0,Randle 2' Driving Layup (20 PTS),,MIN,PHX,MIN,1610612750,2025,1688.0,1701.0,1694.5,201144|203497|203944|1630162|1630183,201142|1626164|1630208|1631221|1642346,2024-25,379.0,0,18,0.23255813953488372
309910,07:07,"Randle 1' Driving Layup (22 PTS)
Richards S.FOUL (P4.T2) (M.Davis)
Randle Free Throw 1 of 1 (23 PTS)
",1,1,0,0,2025-03-28,0022401071,0,0,PHX,3,1,15,07:23,Off Corner 3 Make,0,Randle Free Throw 1 of 1 (23 PTS),,MIN,PHX,MIN,1610612750,2025,1717.0,1733.0,1725.0,201144|203497|203944|1630162|1630183,201142|1626164|1630208|1631221|1642346,2024-25,385.0,23,40,0.9565217391304348
309903,06:19,"MISS Conley 26' 3PT Pullup Jump Shot
Gobert REBOUND (Off:4 Def:4)
MISS Edwards 13' Pullup Jump Shot
Gobert REBOUND (Off:5 Def:4)
Gobert Tip Dunk Shot (13 PTS)
",2,1,1,0,2025-03-28,0022401071,0,2,PHX,3,0,16,06:46,Off Short Mid-Range Make,0,MISS Conley 26' 3PT Pullup Jump Shot,,MIN,PHX,MIN,1610612750,2025,1754.0,1781.0,1767.5,201144|203497|203944|1630162|1630183,201142|1626164|1630208|1631221|1642346,2024-25,391.0,0,18,0.2807017543859649
309902,05:47,"McDaniels 3PT Jump Shot (16 PTS) (Conley 2 AST)
",0,0,1,1,2025-03-28,0022401071,0,0,PHX,3,0,15,06:04,Off Arc 3 Make,0,McDaniels 3PT Jump Shot (16 PTS) (Conley 2 AST),,MIN,PHX,MIN,1610612750,2025,1796.0,1813.0,1804.5,201144|203497|203944|1630162|1630183,201142|1626164|1630208|1631221|1642346,2024-25,393.0,0,18,0.057971014492753624
309898,05:12,"MISS McDaniels 4' Driving Floating Bank Jump Shot
Edwards REBOUND (Off:1 Def:0)
MISS Edwards Tip Layup Shot
Edwards REBOUND (Off:2 Def:0)
MISS Edwards 25' 3PT Pullup Jump Shot
Ighodaro REBOUND (Off:1 Def:3)
",2,0,1,0,2025-03-28,0022401071,0,2,PHX,3,0,18,05:26,Off Block,0,MISS Edwards Tip Layup Shot,,MIN,PHX,MIN,1610612750,2025,1834.0,1848.0,1841.0,203497|1628978|1629675|1630162|1630183,201142|1626164|1628960|1631221|1642345,2024-25,411.0,0,18,0.9
309895,05:04,"Edwards 1' Running Dunk (5 PTS) (DiVincenzo 2 AST)
",1,1,0,0,2025-03-28,0022401071,0,0,PHX,3,0,18,05:08,Off Steal,0,Edwards 1' Running Dunk (5 PTS) (DiVincenzo 2 AST),,MIN,PHX,MIN,1610612750,2025,1852.0,1856.0,1854.0,203497|1628978|1629675|1630162|1630183,201142|1626164|1628960|1631221|1642345,2024-25,416.0,0,20,0.17647058823529413
309893,04:30,"Booker P.FOUL (P2.T3) (J.Butler)
Edwards 9' Driving Floating Bank Jump Shot (7 PTS)
",1,1,0,0,2025-03-28,0022401071,0,0,PHX,3,0,20,04:50,Off Short Mid-Range Miss,0,Booker P.FOUL (P2.T3) (J.Butler),,MIN,PHX,MIN,1610612750,2025,1870.0,1890.0,1880.0,203497|1628978|1629675|1630162|1630183,201142|1626164|1628960|1631221|1642345,2024-25,430.0,0,22,0.42696629213483145
309892,04:00,"Edwards Lost Ball Turnover (P2.T8): Ighodaro STEAL (2 STL)
",0,0,0,0,2025-03-28,0022401071,0,0,PHX,3,0,19,04:20,Off Arc 3 Make,1,Edwards Lost Ball Turnover (P2.T8): Ighodaro STEAL (2 STL),,MIN,PHX,MIN,1610612750,2025,1900.0,1920.0,1910.0,203497|1628978|1629675|1630162|1630183,201142|1626164|1628960|1631221|1642345,2024-25,425.0,0,19,0.23404255319148937
309891,03:42,"Gobert 1' Cutting Dunk Shot (15 PTS) (Edwards 4 AST)
",1,1,0,0,2025-03-28,0022401071,0,0,PHX,3,0,19,03:50,Off Corner 3 Miss,0,Gobert 1' Cutting Dunk Shot (15 PTS) (Edwards 4 AST),,MIN,PHX,MIN,1610612750,2025,1930.0,1938.0,1934.0,203497|1628978|1629675|1630162|1630183,201142|1626145|1626164|1628960|1642345,2024-25,432.0,0,21,0.32
309889,03:21,"Alexander-Walker OFF.Foul (P2) (T.Washington)
Alexander-Walker Offensive Foul Turnover (P1.T9)
",0,0,0,0,2025-03-28,0022401071,0,0,PHX,3,0,18,03:33,Off FT Make,1,Alexander-Walker OFF.Foul (P2) (T.Washington),,MIN,PHX,MIN,1610612750,2025,1947.0,1959.0,1953.0,203944|1628978|1629638|1629675|1630162,201142|1626145|1626164|1628998|1642345,2024-25,444.0,0,18,0.06349206349206349
309888,03:00,"Edwards 2' Cutting Layup Shot (9 PTS) (Randle 7 AST)
",1,1,0,0,2025-03-28,0022401071,0,0,PHX,3,0,16,03:11,Off Timeout,0,Edwards 2' Cutting Layup Shot (9 PTS) (Randle 7 AST),,MIN,PHX,MIN,1610612750,2025,1969.0,1980.0,1974.5,203944|1628978|1629638|1629675|1630162,201142|1626145|1628960|1628998|1642345,2024-25,451.0,0,18,0.8627450980392157
309886,02:28,"MISS Randle 3' Driving Layup: Ighodaro BLOCK (1 BLK)
Suns Rebound
",1,0,0,0,2025-03-28,0022401071,0,0,PHX,3,0,16,02:41,Off Short Mid-Range Make,0,MISS Randle 3' Driving Layup: Ighodaro BLOCK (1 BLK),,MIN,PHX,MIN,1610612750,2025,1999.0,2012.0,2005.5,203944|1628978|1629638|1629675|1630162,201142|1626145|1628960|1628998|1642345,2024-25,454.0,0,16,0.21686746987951808
309885,01:58,"Alexander-Walker 25' 3PT Jump Shot (6 PTS) (DiVincenzo 3 AST)
",0,0,1,1,2025-03-28,0022401071,0,0,PHX,3,0,14,02:18,Off Short Mid-Range Make,0,Alexander-Walker 25' 3PT Jump Shot (6 PTS) (DiVincenzo 3 AST),,MIN,PHX,MIN,1610612750,2025,2022.0,2042.0,2032.0,203944|1628978|1629638|1629675|1630162,201142|1626145|1628960|1628998|1642345,2024-25,459.0,0,17,0.4946236559139785
309883,01:31,"MISS Reid 24' 3PT Jump Shot
Allen REBOUND (Off:0 Def:2)
",0,0,1,0,2025-03-28,0022401071,0,0,PHX,3,0,17,01:43,Off Short Mid-Range Miss,0,MISS Reid 24' 3PT Jump Shot,,MIN,PHX,MIN,1610612750,2025,2057.0,2069.0,2063.0,203944|1628978|1629638|1629675|1630162,201142|1626145|1628960|1628998|1642345,2024-25,463.0,0,17,0.2916666666666667
309882,01:07,"Randle 1' Cutting Layup Shot (25 PTS) (DiVincenzo 4 AST)
",1,1,0,0,2025-03-28,0022401071,0,0,PHX,3,0,17,01:16,Off Arc 3 Miss,0,Randle 1' Cutting Layup Shot (25 PTS) (DiVincenzo 4 AST),,MIN,PHX,MIN,1610612750,2025,2084.0,2093.0,2088.5,203944|1628978|1629638|1629675|1630162,201142|1626145|1628960|1628998|1642345,2024-25,467.0,0,19,0.3333333333333333
309878,00:23,"MISS Edwards 25' 3PT Jump Shot
DiVincenzo REBOUND (Off:1 Def:1)
MISS DiVincenzo Tip Dunk Shot
Durant REBOUND (Off:0 Def:5)
",1,0,1,0,2025-03-28,0022401071,0,1,PHX,3,0,17,00:45,Off FT Make,0,MISS Edwards 25' 3PT Jump Shot,,MIN,PHX,MIN,1610612750,2025,2115.0,2137.0,2126.0,203944|1628978|1629638|1629675|1630162,201142|1626145|1628960|1628998|1642345,2024-25,473.0,0,17,0.2033898305084746
309875,00:00,"Martin Personal Take Foul (P2.T4) (J.Butler)
MISS Alexander-Walker 2' Driving Layup
Edwards REBOUND (Off:3 Def:1)
Edwards Tip Layup Shot (11 PTS)
",2,1,0,0,2025-03-28,0022401071,0,1,PHX,3,0,15,00:22,Off At Rim Make,0,MISS Alexander-Walker 2' Driving Layup,,MIN,PHX,MIN,1610612750,2025,2138.0,2160.0,2149.0,203944|1628978|1629638|1629675|1630162,201142|1626145|1628960|1628998|1642345,2024-25,485.0,0,17,0.3188405797101449
309957,11:36,"Conley Traveling Turnover (P2.T10)
",0,0,0,0,2025-03-28,0022401071,0,0,PHX,4,0,17,12:00,Off Dead Ball,1,Conley Traveling Turnover (P2.T10),,MIN,PHX,MIN,1610612750,2025,2160.0,2184.0,2172.0,201144|203497|1628978|1629638|1629675,1626145|1626164|1626220|1628998|1642345,2024-25,500.0,0,17,0.8695652173913043
309956,11:09,"Gobert 1' Cutting Dunk Shot (17 PTS) (Reid 4 AST)
",1,1,0,0,2025-03-28,0022401071,0,0,PHX,4,0,15,11:26,Off At Rim Make,0,Gobert 1' Cutting Dunk Shot (17 PTS) (Reid 4 AST),,MIN,PHX,MIN,1610612750,2025,2194.0,2211.0,2202.5,201144|203497|1628978|1629638|1629675,1626145|1626164|1626220|1628998|1642345,2024-25,503.0,0,17,0.28205128205128205
309955,10:22,"MISS Conley 3' Driving Layup
Jones REBOUND (Off:2 Def:2)
",1,0,0,0,2025-03-28,0022401071,0,0,PHX,4,0,15,10:48,Off Long Mid-Range Make,0,Jones REBOUND (Off:2 Def:2),,MIN,PHX,MIN,1610612750,2025,2232.0,2258.0,2245.0,201144|203497|1628978|1629638|1629675,1626145|1626164|1626220|1628998|1642345,2024-25,506.0,0,15,0.37735849056603776
309953,10:03,"Alexander-Walker 1' Driving Finger Roll Layup (8 PTS)
",1,1,0,0,2025-03-28,0022401071,0,0,PHX,4,0,13,10:18,Off At Rim Make,0,Alexander-Walker 1' Driving Finger Roll Layup (8 PTS),,MIN,PHX,MIN,1610612750,2025,2262.0,2277.0,2269.5,201144|203497|1628978|1629638|1629675,1626145|1626164|1626220|1628998|1642345,2024-25,510.0,0,15,0.2619047619047619
309952,09:43,"Conley 2' Running Layup (7 PTS) (Alexander-Walker 1 AST)
",1,1,0,0,2025-03-28,0022401071,0,0,PHX,4,0,15,09:47,Off Arc 3 Miss,0,Conley 2' Running Layup (7 PTS) (Alexander-Walker 1 AST),,MIN,PHX,MIN,1610612750,2025,2293.0,2297.0,2295.0,201144|203497|1628978|1629638|1629675,1626145|1626164|1626220|1628998|1642345,2024-25,513.0,0,17,0.5321100917431193
309951,09:15,"Reid 31' 3PT Jump Shot (9 PTS) (Alexander-Walker 2 AST)
",0,0,1,1,2025-03-28,0022401071,0,0,PHX,4,0,15,09:27,Off At Rim Make,0,Reid 31' 3PT Jump Shot (9 PTS) (Alexander-Walker 2 AST),,MIN,PHX,MIN,1610612750,2025,2313.0,2325.0,2319.0,201144|203497|1628978|1629638|1629675,1626145|1626164|1626220|1628998|1642345,2024-25,517.0,0,18,0.1388888888888889
309950,08:44,"DiVincenzo 3PT Jump Shot (8 PTS) (Conley 3 AST)
",0,0,1,1,2025-03-28,0022401071,0,0,PHX,4,0,18,08:51,Off Arc 3 Miss,0,DiVincenzo 3PT Jump Shot (8 PTS) (Conley 3 AST),,MIN,PHX,MIN,1610612750,2025,2349.0,2356.0,2352.5,201144|203497|1628978|1629638|1629675,1626145|1626164|1626220|1628998|1642345,2024-25,521.0,0,21,0.5688073394495413
309949,08:00,"Reid Bad Pass Turnover (P1.T11): Booker STEAL (1 STL)
",0,0,0,0,2025-03-28,0022401071,0,0,PHX,4,0,21,08:19,Off Short Mid-Range Miss,1,Reid Bad Pass Turnover (P1.T11): Booker STEAL (1 STL),,MIN,PHX,MIN,1610612750,2025,2381.0,2400.0,2390.5,203497|1628978|1629638|1629675|1630183,201142|1626164|1626220|1630208|1631221,2024-25,534.0,0,21,0.175
309947,07:39,"MISS Alexander-Walker 25' 3PT Pullup Jump Shot
Richards REBOUND (Off:1 Def:1)
",0,0,1,0,2025-03-28,0022401071,0,0,PHX,4,0,19,07:55,Off Short Mid-Range Make,0,MISS Alexander-Walker 25' 3PT Pullup Jump Shot,,MIN,PHX,MIN,1610612750,2025,2405.0,2421.0,2413.0,203497|1628978|1629638|1629675|1630183,201142|1626164|1626220|1630208|1631221,2024-25,538.0,0,19,0.27956989247311825
309946,07:17,"DiVincenzo 24' 3PT Pullup Jump Shot (11 PTS) (Alexander-Walker 3 AST)
",0,0,1,1,2025-03-28,0022401071,0,0,PHX,4,0,19,07:28,Off Long Mid-Range Miss,0,DiVincenzo 24' 3PT Pullup Jump Shot (11 PTS) (Alexander-Walker 3 AST),,MIN,PHX,MIN,1610612750,2025,2432.0,2443.0,2437.5,203497|1628978|1629638|1629675|1630183,201142|1626164|1626220|1630208|1631221,2024-25,542.0,0,22,0.42718446601941745
309944,06:51,"MISS Alexander-Walker 2' Driving Finger Roll Layup
Gillespie REBOUND (Off:0 Def:2)
",1,0,0,0,2025-03-28,0022401071,0,0,PHX,4,0,22,07:01,Off Arc 3 Miss,0,MISS Alexander-Walker 2' Driving Finger Roll Layup,,MIN,PHX,MIN,1610612750,2025,2459.0,2469.0,2464.0,203497|1628978|1629638|1629675|1630183,201142|1626164|1626220|1630208|1631221,2024-25,546.0,0,22,0.94
309943,06:27,"DiVincenzo 2' Driving Layup (13 PTS)
",1,1,0,0,2025-03-28,0022401071,0,0,PHX,4,0,19,06:45,Off Corner 3 Make,0,DiVincenzo 2' Driving Layup (13 PTS),,MIN,PHX,MIN,1610612750,2025,2475.0,2493.0,2484.0,203497|1628978|1629638|1629675|1630183,201142|1626164|1626220|1630208|1631221,2024-25,550.0,0,21,0.25806451612903225
309942,05:54,"Edwards 25' 3PT Pullup Jump Shot (14 PTS) (Gobert 1 AST)
",0,0,1,1,2025-03-28,0022401071,0,0,PHX,4,0,18,06:10,Off Arc 3 Make,0,Edwards 25' 3PT Pullup Jump Shot (14 PTS) (Gobert 1 AST),,MIN,PHX,MIN,1610612750,2025,2510.0,2526.0,2518.0,203497|1628978|1629675|1630162|1630183,201142|1626164|1626220|1630208|1631221,2024-25,557.0,0,21,0.05970149253731343
309940,05:29,"Gobert OFF.Foul (P4) (M.Davis)
Gobert Offensive Foul Turnover (P4.T12)
",0,0,0,0,2025-03-28,0022401071,0,0,PHX,4,0,21,05:30,Off At Rim Block,1,Gobert OFF.Foul (P4) (M.Davis),,MIN,PHX,MIN,1610612750,2025,2550.0,2551.0,2550.5,203497|203944|1628978|1630162|1630183,201142|1626164|1626220|1630208|1631221,2024-25,565.0,0,21,0.22950819672131148
309939,04:53,"Edwards 25' 3PT Jump Shot (17 PTS) (DiVincenzo 5 AST)
",0,0,1,1,2025-03-28,0022401071,0,0,PHX,4,0,18,05:11,Off Arc 3 Make,0,Edwards 25' 3PT Jump Shot (17 PTS) (DiVincenzo 5 AST),,MIN,PHX,MIN,1610612750,2025,2569.0,2587.0,2578.0,203497|203944|1628978|1630162|1630183,201142|1626164|1626220|1630208|1631221,2024-25,572.0,0,21,0.30612244897959184
309938,04:19,"MISS Edwards 11' Turnaround Bank Shot
Richards REBOUND (Off:2 Def:2)
",1,0,0,0,2025-03-28,0022401071,0,0,PHX,4,0,19,04:42,Off Timeout,0,Richards REBOUND (Off:2 Def:2),,MIN,PHX,MIN,1610612750,2025,2598.0,2621.0,2609.5,201144|203497|203944|1630162|1630183,201142|1626164|1626220|1630208|1631221,2024-25,579.0,0,19,0.35714285714285715
309936,03:49,"MISS McDaniels 3PT Jump Shot
Durant REBOUND (Off:0 Def:6)
",0,0,1,0,2025-03-28,0022401071,0,0,PHX,4,0,18,04:05,Off FT Make,0,Durant REBOUND (Off:0 Def:6),,MIN,PHX,MIN,1610612750,2025,2635.0,2651.0,2643.0,201144|203497|203944|1630162|1630183,201142|1626164|1626220|1630208|1631221,2024-25,715.0,0,18,0.7540983606557377
309934,03:26,"Conley 25' 3PT Jump Shot (10 PTS) (Edwards 5 AST)
",0,0,1,1,2025-03-28,0022401071,0,0,PHX,4,0,16,03:40,Off Timeout,0,Conley 25' 3PT Jump Shot (10 PTS) (Edwards 5 AST),,MIN,PHX,MIN,1610612750,2025,2660.0,2674.0,2667.0,201144|203497|203944|1630162|1630183,201142|1626164|1626220|1630208|1631221,2024-25,595.0,0,19,0.2708333333333333
309933,02:43,"Conley 3PT Jump Shot (13 PTS) (Randle 8 AST)
",0,0,1,1,2025-03-28,0022401071,0,0,PHX,4,0,19,02:59,Off Corner 3 Miss,0,Conley 3PT Jump Shot (13 PTS) (Randle 8 AST),,MIN,PHX,MIN,1610612750,2025,2701.0,2717.0,2709.0,201144|203497|203944|1630162|1630183,201142|1626164|1626220|1630208|1631221,2024-25,600.0,0,22,0.136986301369863
309931,02:08,"MISS Edwards 3PT Jump Shot
Gillespie REBOUND (Off:1 Def:3)
",0,0,1,0,2025-03-28,0022401071,0,0,PHX,4,0,19,02:31,Off Arc 3 Make,0,MISS Edwards 3PT Jump Shot,,MIN,PHX,MIN,1610612750,2025,2729.0,2752.0,2740.5,201144|203497|203944|1630162|1630183,201142|1626164|1626220|1630208|1631221,2024-25,605.0,0,19,0.417910447761194
309929,01:34,"MISS Edwards 25' 3PT Step Back Jump Shot
Gillespie REBOUND (Off:1 Def:4)
",0,0,1,0,2025-03-28,0022401071,0,0,PHX,4,0,17,02:05,Off At Rim Make,0,MISS Edwards 25' 3PT Step Back Jump Shot,,MIN,PHX,MIN,1610612750,2025,2755.0,2786.0,2770.5,201144|203497|203944|1630162|1641740,1626220|1628998|1630208|1631221|1642346,2024-25,617.0,0,17,0.20588235294117646
309927,01:22,"MISS Conley 3PT Running Jump Shot
Martin REBOUND (Off:1 Def:3)
",0,0,1,0,2025-03-28,0022401071,0,0,PHX,4,0,17,01:30,Off Steal,0,MISS Conley 3PT Running Jump Shot,,MIN,PHX,MIN,1610612750,2025,2790.0,2798.0,2794.0,201144|203497|203944|1630162|1641740,1626220|1628998|1630208|1631221|1642346,2024-25,621.0,0,17,0.5757575757575758
309926,00:54,"Edwards 3PT Jump Shot (20 PTS) (Conley 4 AST)
",0,0,1,1,2025-03-28,0022401071,0,0,PHX,4,0,17,01:12,Off Arc 3 Miss,0,Edwards 3PT Jump Shot (20 PTS) (Conley 4 AST),,MIN,PHX,MIN,1610612750,2025,2808.0,2826.0,2817.0,201144|203497|203944|1630162|1641740,1626220|1628998|1630208|1631221|1642346,2024-25,625.0,0,20,0.35714285714285715
309925,00:23,"TIMBERWOLVES Turnover: Shot Clock (T#13)
",0,0,0,0,2025-03-28,0022401071,0,0,PHX,4,0,18,00:48,Off Short Mid-Range Make,1,TIMBERWOLVES Turnover: Shot Clock (T#13),,MIN,PHX,MIN,1610612750,2025,2832.0,2857.0,2844.5,201144|203497|203944|1630162|1641740,1626220|1628998|1630208|1631221|1642346,2024-25,628.0,0,18,0.3157894736842105
309924,00:00,"Dunn Personal Take Foul (P3.T1) (T.Washington)
",0,0,0,0,2025-03-28,0022401071,0,0,PHX,4,0,15,00:10,Off Arc 3 Make,0,Dunn Personal Take Foul (P3.T1) (T.Washington),,MIN,PHX,MIN,1610612750,2025,2870.0,2880.0,2875.0,201144|203497|203944|1630162|1641740,1626220|1628998|1630208|1631221|1642346,2024-25,652.0,0,15,0.2222222222222222
265149,11:38,"MISS Gordon 25' 3PT Jump Shot
Filipowski REBOUND (Off:0 Def:1)
",0,0,1,0,2025-03-28,0022401073,0,0,UTA,1,0,0,12:00,Off Dead Ball,0,MISS Gordon 25' 3PT Jump Shot,,DEN,UTA,DEN,1610612743,2025,0.0,22.0,11.0,203932|203999|1629008|1631128|1631212,1629012|1631131|1642262|1642268|1642271,2024-25,7.0,0,0,0.463768115942029
265147,11:13,"MISS Watson 2' Running Alley Oop Dunk Shot
Collier REBOUND (Off:0 Def:1)
",1,0,0,0,2025-03-28,0022401073,0,0,UTA,1,0,0,11:23,Off Steal,0,MISS Watson 2' Running Alley Oop Dunk Shot,,DEN,UTA,DEN,1610612743,2025,37.0,47.0,42.0,203932|203999|1629008|1631128|1631212,1629012|1631131|1642262|1642268|1642271,2024-25,13.0,0,0,0.21875
265145,10:57,"MISS Porter Jr. 24' 3PT Running Jump Shot
Filipowski REBOUND (Off:0 Def:2)
",0,0,1,0,2025-03-28,0022401073,0,0,UTA,1,0,0,11:03,Off Short Mid-Range Miss,0,MISS Porter Jr. 24' 3PT Running Jump Shot,,DEN,UTA,DEN,1610612743,2025,57.0,63.0,60.0,203932|203999|1629008|1631128|1631212,1629012|1631131|1642262|1642268|1642271,2024-25,17.0,0,0,0.7323943661971831
265144,10:35,"Braun 2' Running Layup (2 PTS) (Gordon 1 AST)
",1,1,0,0,2025-03-28,0022401073,0,0,UTA,1,0,0,10:39,Off Corner 3 Miss,0,Braun 2' Running Layup (2 PTS) (Gordon 1 AST),,DEN,UTA,DEN,1610612743,2025,81.0,85.0,83.0,203932|203999|1629008|1631128|1631212,1629012|1631131|1642262|1642268|1642271,2024-25,21.0,0,2,0.30985915492957744
265143,09:53,"Porter Jr. Lost Ball Turnover (P1.T1): Sexton STEAL (1 STL)
",0,0,0,0,2025-03-28,0022401073,0,0,UTA,1,0,2,10:10,Off Dead Ball,1,Porter Jr. Lost Ball Turnover (P1.T1): Sexton STEAL (1 STL),,DEN,UTA,DEN,1610612743,2025,110.0,127.0,118.5,203932|203999|1629008|1631128|1631212,1629012|1631131|1642262|1642268|1642271,2024-25,26.0,0,2,0.1
265142,09:39,"Porter Jr. 27' 3PT Step Back Jump Shot (3 PTS) (Braun 1 AST)
",0,0,1,1,2025-03-28,0022401073,0,0,UTA,1,0,2,09:45,Off At Rim Miss,0,Porter Jr. 27' 3PT Step Back Jump Shot (3 PTS) (Braun 1 AST),,DEN,UTA,DEN,1610612743,2025,135.0,141.0,138.0,203932|203999|1629008|1631128|1631212,1629012|1631131|1642262|1642268|1642271,2024-25,31.0,0,5,0.8448275862068966
265141,09:03,"Gordon Out of Bounds - Bad Pass Turnover Turnover (P1.T2)
",0,0,0,0,2025-03-28,0022401073,0,0,UTA,1,0,3,09:18,Off At Rim Make,1,Gordon Out of Bounds - Bad Pass Turnover Turnover (P1.T2),,DEN,UTA,DEN,1610612743,2025,162.0,177.0,169.5,203932|203999|1629008|1631128|1631212,1629012|1631131|1642262|1642268|1642271,2024-25,36.0,0,3,0.1951219512195122
265140,08:32,"MISS Braun 25' 3PT Jump Shot
Collier REBOUND (Off:0 Def:2)
",0,0,1,0,2025-03-28,0022401073,0,0,UTA,1,0,3,08:41,Off Short Mid-Range Miss,0,Collier REBOUND (Off:0 Def:2),,DEN,UTA,DEN,1610612743,2025,199.0,208.0,203.5,203932|203999|1629008|1631128|1631212,1629012|1631131|1642262|1642268|1642271,2024-25,39.0,0,3,0.7666666666666667
265138,08:05,"Watson 2' Cutting Dunk Shot (2 PTS) (Jokic 1 AST)
",1,1,0,0,2025-03-28,0022401073,0,0,UTA,1,0,2,08:21,Off FT Miss,0,Watson 2' Cutting Dunk Shot (2 PTS) (Jokic 1 AST),,DEN,UTA,DEN,1610612743,2025,219.0,235.0,227.0,203932|203999|1629008|1631128|1631212,1629012|1631131|1641718|1642268|1642271,2024-25,48.0,0,4,0.2222222222222222
265137,07:32,"Jokic Cutting Finger Roll Layup Shot (2 PTS) (Gordon 2 AST)
",1,1,0,0,2025-03-28,0022401073,0,0,UTA,1,0,4,07:42,Off Long Mid-Range Miss,0,Jokic Cutting Finger Roll Layup Shot (2 PTS) (Gordon 2 AST),,DEN,UTA,DEN,1610612743,2025,258.0,268.0,263.0,203932|203999|1629008|1631128|1631212,1629012|1631131|1641718|1642268|1642271,2024-25,52.0,0,6,0.08571428571428572
265136,06:35,"Jokic Out of Bounds - Bad Pass Turnover Turnover (P1.T3)
",0,0,0,0,2025-03-28,0022401073,0,0,UTA,1,0,4,06:56,Off At Rim Make,1,Jokic Out of Bounds - Bad Pass Turnover Turnover (P1.T3),,DEN,UTA,DEN,1610612743,2025,304.0,325.0,314.5,203932|203999|1629008|1631128|1631212,1629012|1630231|1641718|1642268|1642271,2024-25,65.0,0,4,0.18518518518518517
265129,06:09,"MISS Braun 2' Driving Layup
Jokic REBOUND (Off:1 Def:4)
MISS Jokic Tip Layup Shot
Jokic REBOUND (Off:2 Def:4)
Sexton S.FOUL (P1.T1) (S.Corbin)
Jokic Free Throw 1 of 2 (3 PTS)
Jokic Free Throw 2 of 2 (4 PTS)
",2,0,0,0,2025-03-28,0022401073,0,2,UTA,1,1,2,06:23,Off Short Mid-Range Make,0,MISS Braun 2' Driving Layup,,DEN,UTA,DEN,1610612743,2025,337.0,351.0,344.0,203932|203999|1629008|1631128|1631212,1629012|1630231|1641718|1642268|1642271,2024-25,68.0,0,2,0.2702702702702703
265128,05:44,"Gordon 2' Cutting Dunk Shot (2 PTS) (Jokic 2 AST)
",1,1,0,0,2025-03-28,0022401073,0,0,UTA,1,0,4,05:53,Off Arc 3 Miss,0,Gordon 2' Cutting Dunk Shot (2 PTS) (Jokic 2 AST),,DEN,UTA,DEN,1610612743,2025,367.0,376.0,371.5,203932|203999|1629008|1631128|1631212,1630231|1630548|1641718|1642268|1642271,2024-25,80.0,0,6,0.5052631578947369
265127,05:15,"Porter Jr. 1' Running Dunk (5 PTS) (Jokic 3 AST)
",1,1,0,0,2025-03-28,0022401073,0,0,UTA,1,0,6,05:17,Off At Rim Block,0,Porter Jr. 1' Running Dunk (5 PTS) (Jokic 3 AST),,DEN,UTA,DEN,1610612743,2025,403.0,405.0,404.0,203932|203999|1629008|1631128|1631212,1630231|1630548|1641718|1642268|1642271,2024-25,85.0,0,8,0.5252525252525253
265126,04:48,"Porter Jr. 15' Step Back Jump Shot (7 PTS)
",1,1,0,0,2025-03-28,0022401073,0,0,UTA,1,0,8,04:53,Off Arc 3 Miss,0,Porter Jr. 15' Step Back Jump Shot (7 PTS),,DEN,UTA,DEN,1610612743,2025,427.0,432.0,429.5,203932|203999|1629008|1631128|1631212,1630231|1630548|1641718|1642268|1642271,2024-25,89.0,0,10,0.07547169811320754
265121,04:14,"MISS Jokic 4' Cutting Layup Shot
Jokic REBOUND (Off:3 Def:6)
MISS Jokic 4' Turnaround Hook Shot
Braun REBOUND (Off:1 Def:2)
MISS Braun 2' Tip Layup Shot
Filipowski REBOUND (Off:1 Def:3)
",3,0,0,0,2025-03-28,0022401073,0,2,UTA,1,0,8,04:35,Off At Rim Make,0,Jokic REBOUND (Off:3 Def:6),,DEN,UTA,DEN,1610612743,2025,445.0,466.0,455.5,203932|203999|1629008|1631128|1631212,1630231|1630548|1641718|1642268|1642271,2024-25,94.0,0,8,0.20512820512820512
265119,03:59,"Braun 1' Running Layup (4 PTS) (Watson 1 AST)
",1,1,0,0,2025-03-28,0022401073,0,0,UTA,1,0,8,04:04,Off Corner 3 Miss,0,Braun 1' Running Layup (4 PTS) (Watson 1 AST),,DEN,UTA,DEN,1610612743,2025,476.0,481.0,478.5,203932|203999|1629008|1631128|1631212,1630231|1630548|1641718|1642268|1642271,2024-25,99.0,0,10,0.5904761904761905
265118,03:27,"Sensabaugh S.FOUL (P1.T2) (S.Corbin)
Nnaji Free Throw 1 of 2 (1 PTS)
Nnaji Free Throw 2 of 2 (2 PTS)
",0,0,0,0,2025-03-28,0022401073,0,0,UTA,1,1,10,03:38,Off Timeout,0,Nnaji Free Throw 2 of 2 (2 PTS),,DEN,UTA,DEN,1610612743,2025,502.0,513.0,507.5,201566|203999|1630192|1631128|1631212,1629012|1630231|1630548|1631131|1641729,2024-25,112.0,2,12,0.4528301886792453
265115,02:57,"Jokic 7' Turnaround Hook Shot (6 PTS)
",1,1,0,0,2025-03-28,0022401073,0,0,UTA,1,0,10,03:15,Off At Rim Make,0,Jokic 7' Turnaround Hook Shot (6 PTS),,DEN,UTA,DEN,1610612743,2025,525.0,543.0,534.0,201566|203999|1630192|1631128|1631212,1629012|1630231|1630548|1631131|1641729,2024-25,123.0,0,12,0.5151515151515151
265113,02:37,"MISS Braun 2' Running Layup
Sensabaugh REBOUND (Off:0 Def:1)
",1,0,0,0,2025-03-28,0022401073,0,0,UTA,1,0,12,02:45,Off At Rim Block,0,MISS Braun 2' Running Layup,,DEN,UTA,DEN,1610612743,2025,555.0,563.0,559.0,201566|203999|1630192|1631128|1631212,1629012|1630231|1630548|1631131|1641729,2024-25,126.0,0,12,0.24489795918367346
265111,02:09,"MISS Jokic 4' Jump Shot
Tshiebwe REBOUND (Off:1 Def:1)
",1,0,0,0,2025-03-28,0022401073,0,0,UTA,1,0,12,02:32,Off Dead Ball,0,MISS Jokic 4' Jump Shot,,DEN,UTA,DEN,1610612743,2025,568.0,591.0,579.5,201566|203999|1629618|1630192|1631128,1629012|1630231|1630548|1631131|1641729,2024-25,131.0,0,12,0.2608695652173913
265110,01:47,"Westbrook 3' Cutting Layup Shot (2 PTS) (Jokic 4 AST)
Tshiebwe S.FOUL (P1.T3) (S.Corbin)
Westbrook Free Throw 1 of 1 (3 PTS)
",1,1,0,0,2025-03-28,0022401073,0,0,UTA,1,1,12,01:56,Off Steal,0,Westbrook Free Throw 1 of 1 (3 PTS),,DEN,UTA,DEN,1610612743,2025,604.0,613.0,608.5,201566|203999|1629618|1630192|1631128,1629012|1630231|1630548|1631131|1641729,2024-25,146.0,3,17,0.15384615384615385
265107,01:16,"Jokic Lost Ball Turnover (P2.T4): Sensabaugh STEAL (1 STL)
",0,0,0,0,2025-03-28,0022401073,0,0,UTA,1,0,13,01:38,Off Long Mid-Range Make,1,Jokic Lost Ball Turnover (P2.T4): Sensabaugh STEAL (1 STL),,DEN,UTA,DEN,1610612743,2025,622.0,644.0,633.0,201566|203999|1629618|1630192|1642461,1630231|1631131|1641718|1641729|1642262,2024-25,149.0,0,13,0.6086956521739131
265106,00:41,"MISS Jokic 7' Floating Jump Shot
Tshiebwe REBOUND (Off:1 Def:2)
",1,0,0,0,2025-03-28,0022401073,0,0,UTA,1,0,11,01:05,Off Short Mid-Range Make,0,Tshiebwe REBOUND (Off:1 Def:2),,DEN,UTA,DEN,1610612743,2025,655.0,679.0,667.0,201566|203999|1629618|1630192|1642461,1630231|1631131|1641718|1641729|1642262,2024-25,153.0,0,11,0.13333333333333333
265103,00:22,"MISS Pickett 2' Running Layup
Sensabaugh REBOUND (Off:0 Def:2)
",1,0,0,0,2025-03-28,0022401073,0,0,UTA,1,0,11,00:30,Off Short Mid-Range Miss,0,MISS Pickett 2' Running Layup,,DEN,UTA,DEN,1610612743,2025,690.0,698.0,694.0,201566|203999|1629618|1630192|1642461,1630231|1631131|1641718|1641729|1642262,2024-25,157.0,0,11,0.15
265201,11:22,"Jordan 1' Alley Oop Dunk (2 PTS) (Westbrook 1 AST)
",1,1,0,0,2025-03-28,0022401073,0,0,UTA,2,0,9,11:35,Off FT Make,0,Jordan 1' Alley Oop Dunk (2 PTS) (Westbrook 1 AST),,DEN,UTA,DEN,1610612743,2025,745.0,758.0,751.5,201566|201599|1629008|1629618|1630192,1630548|1631131|1641718|1641729|1642262,2024-25,181.0,0,11,0.11940298507462686
265200,10:55,"Porter Jr. 27' 3PT Step Back Jump Shot (10 PTS) (Westbrook 2 AST)
",0,0,1,1,2025-03-28,0022401073,0,0,UTA,2,0,9,11:10,Off At Rim Make,0,Porter Jr. 27' 3PT Step Back Jump Shot (10 PTS) (Westbrook 2 AST),,DEN,UTA,DEN,1610612743,2025,770.0,785.0,777.5,201566|201599|1629008|1629618|1630192,1630548|1631131|1641718|1641729|1642262,2024-25,186.0,0,12,0.3058823529411765
265199,10:39,"Nnaji Running Dunk (4 PTS) (Westbrook 3 AST)
",1,1,0,0,2025-03-28,0022401073,0,0,UTA,2,0,12,10:44,Off Steal,0,Nnaji Running Dunk (4 PTS) (Westbrook 3 AST),,DEN,UTA,DEN,1610612743,2025,796.0,801.0,798.5,201566|201599|1629008|1629618|1630192,1630548|1631131|1641718|1641729|1642262,2024-25,190.0,0,14,0.21212121212121213
265197,10:05,"Pickett OFF.Foul (P1) (D.Richardson)
Pickett Offensive Foul Turnover (P1.T5)
",0,0,0,0,2025-03-28,0022401073,0,0,UTA,2,0,14,10:12,Off Arc 3 Miss,1,Pickett OFF.Foul (P1) (D.Richardson),,DEN,UTA,DEN,1610612743,2025,828.0,835.0,831.5,201566|201599|1629008|1629618|1630192,1630548|1631131|1641718|1641729|1642262,2024-25,194.0,0,14,0.2413793103448276
265196,09:42,"Jordan 1' Alley Oop Dunk (4 PTS) (Westbrook 4 AST)
",1,1,0,0,2025-03-28,0022401073,0,0,UTA,2,0,11,09:57,Off Arc 3 Make,0,Jordan 1' Alley Oop Dunk (4 PTS) (Westbrook 4 AST),,DEN,UTA,DEN,1610612743,2025,843.0,858.0,850.5,201566|201599|1629008|1629618|1630192,1630548|1631131|1641718|1641729|1642268,2024-25,201.0,0,13,0.19753086419753085
265195,09:13,"Westbrook 7' Fadeaway Jumper (5 PTS)
",1,1,0,0,2025-03-28,0022401073,0,0,UTA,2,0,10,09:29,Off Arc 3 Make,0,Westbrook 7' Fadeaway Jumper (5 PTS),,DEN,UTA,DEN,1610612743,2025,871.0,887.0,879.0,201566|201599|1629008|1629618|1630192,1630548|1631131|1641718|1641729|1642268,2024-25,205.0,0,12,0.26865671641791045
265193,08:30,"MISS Porter Jr. 24' 3PT Step Back Jump Shot
Sensabaugh REBOUND (Off:0 Def:3)
",0,0,1,0,2025-03-28,0022401073,0,0,UTA,2,0,10,08:52,Off FT Make,0,MISS Porter Jr. 24' 3PT Step Back Jump Shot,,DEN,UTA,DEN,1610612743,2025,908.0,930.0,919.0,201566|201599|1629008|1629618|1630192,1630548|1641718|1641729|1642268|1642271,2024-25,216.0,0,10,0.24096385542168675
265192,08:13,"Westbrook 9' Fadeaway Jumper (7 PTS)
",1,1,0,0,2025-03-28,0022401073,0,0,UTA,2,0,8,08:23,Off At Rim Make,0,Westbrook 9' Fadeaway Jumper (7 PTS),,DEN,UTA,DEN,1610612743,2025,937.0,947.0,942.0,201566|201599|1629008|1629618|1630192,1630548|1641718|1641729|1642268|1642271,2024-25,222.0,0,10,0.24324324324324326
265190,07:38,"MISS Westbrook 7' Fadeaway Jumper
Filipowski REBOUND (Off:1 Def:4)
",1,0,0,0,2025-03-28,0022401073,0,0,UTA,2,0,7,07:55,Off Corner 3 Make,0,MISS Westbrook 7' Fadeaway Jumper,,DEN,UTA,DEN,1610612743,2025,965.0,982.0,973.5,201566|201599|1629008|1629618|1630192,1630548|1641718|1641729|1642268|1642271,2024-25,225.0,0,7,0.36619718309859156
265189,07:19,"Westbrook Bad Pass Turnover (P1.T6): George STEAL (1 STL)
",0,0,0,0,2025-03-28,0022401073,0,0,UTA,2,0,4,07:33,Off Timeout,1,Westbrook Bad Pass Turnover (P1.T6): George STEAL (1 STL),,DEN,UTA,DEN,1610612743,2025,987.0,1001.0,994.0,201566|203932|203999|1631128|1631212,1630548|1641718|1641729|1642268|1642271,2024-25,238.0,0,4,0.7021276595744681
265188,06:48,"Jokic Bad Pass Turnover (P3.T7): Filipowski STEAL (1 STL)
",0,0,0,0,2025-03-28,0022401073,0,0,UTA,2,0,2,07:17,Off At Rim Make,1,Jokic Bad Pass Turnover (P3.T7): Filipowski STEAL (1 STL),,DEN,UTA,DEN,1610612743,2025,1003.0,1032.0,1017.5,201566|203932|203999|1631128|1631212,1630548|1641718|1641729|1642268|1642271,2024-25,242.0,0,2,0.2826086956521739
265185,06:29,"Juzang L.B.FOUL (P1.T1) (S.Corbin)
Gordon Offensive Charge Foul (P1) (J.Goble)
Gordon Offensive Foul Turnover (P2.T8)
",0,0,0,0,2025-03-28,0022401073,0,0,UTA,2,0,2,06:43,Off Dead Ball,1,Juzang L.B.FOUL (P1.T1) (S.Corbin),,DEN,UTA,DEN,1610612743,2025,1037.0,1051.0,1044.0,201566|203932|203999|1631128|1631212,1630548|1641718|1641729|1642268|1642271,2024-25,250.0,0,2,0.2647058823529412
265184,06:10,"Westbrook Bad Pass Turnover (P2.T9): Sensabaugh STEAL (2 STL)
",0,0,0,0,2025-03-28,0022401073,0,0,UTA,2,0,2,06:16,Off Steal,1,Westbrook Bad Pass Turnover (P2.T9): Sensabaugh STEAL (2 STL),,DEN,UTA,DEN,1610612743,2025,1064.0,1070.0,1067.0,201566|203932|203999|1631128|1631212,1630548|1641718|1641729|1642268|1642271,2024-25,253.0,0,2,0.20454545454545456
265181,05:35,"Sensabaugh P.FOUL (P2.T2) (J.Goble)
MISS Westbrook 28' 3PT Jump Shot
George REBOUND (Off:0 Def:1)
",0,0,1,0,2025-03-28,0022401073,0,0,UTA,2,0,2,06:00,Off Arc 3 Miss,0,Sensabaugh P.FOUL (P2.T2) (J.Goble),,DEN,UTA,DEN,1610612743,2025,1080.0,1105.0,1092.5,201566|203932|203999|1631128|1631212,1629012|1630548|1641718|1642268|1642271,2024-25,256.0,0,2,0.2564102564102564
265180,05:22,"MISS Watson 1' Driving Layup
Juzang REBOUND (Off:1 Def:1)
",1,0,0,0,2025-03-28,0022401073,0,0,UTA,2,0,2,05:30,Off Arc 3 Miss,0,Juzang REBOUND (Off:1 Def:1),,DEN,UTA,DEN,1610612743,2025,1110.0,1118.0,1114.0,201566|203932|203999|1631128|1631212,1629012|1630548|1641718|1642268|1642271,2024-25,268.0,0,2,0.3037974683544304
265174,04:55,"MISS Westbrook 1' Driving Reverse Layup
Jokic REBOUND (Off:4 Def:9)
Jokic Tip Layup Shot (8 PTS)
George S.FOUL (P1.T3) (S.Corbin)
Jokic Free Throw 1 of 1 (9 PTS)
",2,1,0,0,2025-03-28,0022401073,0,1,UTA,2,1,2,05:02,Off Arc 3 Miss,0,MISS Westbrook 1' Driving Reverse Layup,,DEN,UTA,DEN,1610612743,2025,1138.0,1145.0,1141.5,201566|203932|203999|1631128|1631212,1629012|1630548|1641718|1642268|1642271,2024-25,279.0,0,4,0.2571428571428571
265171,04:30,"Sexton P.FOUL (P2.T4) (J.Goble)
MISS Jokic 25' 3PT Jump Shot
George REBOUND (Off:0 Def:2)
",0,0,1,0,2025-03-28,0022401073,0,0,UTA,2,0,5,04:44,Off Steal,0,Sexton P.FOUL (P2.T4) (J.Goble),,DEN,UTA,DEN,1610612743,2025,1156.0,1170.0,1163.0,203932|203999|1629008|1631128|1631212,1629012|1631131|1641718|1642268|1642271,2024-25,272.0,0,5,0.4
265170,04:16,"Jokic 4' Hook Shot (11 PTS) (Watson 2 AST)
",1,1,0,0,2025-03-28,0022401073,0,0,UTA,2,0,5,04:24,Off Steal,0,Jokic 4' Hook Shot (11 PTS) (Watson 2 AST),,DEN,UTA,DEN,1610612743,2025,1176.0,1184.0,1180.0,203932|203999|1629008|1631128|1631212,1629012|1631131|1641718|1642268|1642271,2024-25,292.0,0,7,0.43137254901960786
265169,03:23,"Braun 1' Driving Layup (6 PTS) (Gordon 3 AST)
",1,1,0,0,2025-03-28,0022401073,0,0,UTA,2,0,5,03:39,Off Long Mid-Range Make,0,Braun 1' Driving Layup (6 PTS) (Gordon 3 AST),,DEN,UTA,DEN,1610612743,2025,1221.0,1237.0,1229.0,203932|203999|1629008|1631128|1631212,1629012|1631131|1641718|1642268|1642271,2024-25,299.0,0,7,0.1791044776119403
265168,03:07,"Braun Running Alley Oop Dunk Shot (8 PTS) (Porter Jr. 1 AST)
",1,1,0,0,2025-03-28,0022401073,0,0,UTA,2,0,7,03:08,Off Block,0,Braun Running Alley Oop Dunk Shot (8 PTS) (Porter Jr. 1 AST),,DEN,UTA,DEN,1610612743,2025,1252.0,1253.0,1252.5,203932|203999|1629008|1631128|1631212,1629012|1631131|1641718|1642268|1642271,2024-25,304.0,0,9,0.39285714285714285
265167,02:41,"Porter Jr. Bad Pass Turnover (P2.T10): Collier STEAL (1 STL)
",0,0,0,0,2025-03-28,0022401073,0,0,UTA,2,0,9,02:44,Off Short Mid-Range Miss,1,Porter Jr. Bad Pass Turnover (P2.T10): Collier STEAL (1 STL),,DEN,UTA,DEN,1610612743,2025,1276.0,1279.0,1277.5,203932|203999|1629008|1631128|1631212,1629012|1631131|1641718|1642268|1642271,2024-25,308.0,0,9,0.23008849557522124
265166,02:17,"Porter Jr. Step Out of Bounds Turnover (P3.T11)
",0,0,0,0,2025-03-28,0022401073,0,0,UTA,2,0,9,02:29,Off Arc 3 Miss,1,Porter Jr. Step Out of Bounds Turnover (P3.T11),,DEN,UTA,DEN,1610612743,2025,1291.0,1303.0,1297.0,203932|203999|1629008|1631128|1631212,1629012|1631131|1641718|1642268|1642271,2024-25,312.0,0,9,0.17777777777777778
265164,01:37,"MISS Watson 3PT Jump Shot
Sensabaugh REBOUND (Off:0 Def:4)
",0,0,1,0,2025-03-28,0022401073,0,0,UTA,2,0,9,01:53,Off Dead Ball,0,MISS Watson 3PT Jump Shot,,DEN,UTA,DEN,1610612743,2025,1327.0,1343.0,1335.0,203932|203999|1629008|1631128|1631212,1629012|1641718|1641729|1642268|1642271,2024-25,316.0,0,9,0.2777777777777778
265161,01:19,"Filipowski S.FOUL (P1.PN) (D.Richardson)
Jokic Free Throw 1 of 2 (12 PTS)
Jokic Free Throw 2 of 2 (13 PTS)
",0,0,0,0,2025-03-28,0022401073,0,0,UTA,2,1,9,01:34,Off Dead Ball,0,Filipowski S.FOUL (P1.PN) (D.Richardson),,DEN,UTA,DEN,1610612743,2025,1346.0,1361.0,1353.5,203932|203999|1629008|1631128|1631212,1629012|1641718|1641729|1642268|1642271,2024-25,322.0,0,9,0.22580645161290322
265160,01:02,"Sensabaugh P.FOUL (P3.PN) (S.Corbin)
Gordon Free Throw 1 of 2 (3 PTS)
MISS Gordon Free Throw 2 of 2
Filipowski REBOUND (Off:1 Def:5)
",0,0,0,0,2025-03-28,0022401073,1,0,UTA,2,0,9,01:11,Off Timeout,0,Filipowski REBOUND (Off:1 Def:5),,DEN,UTA,DEN,1610612743,2025,1369.0,1378.0,1373.5,203932|203999|1629008|1631128|1631212,1629012|1630548|1641718|1641729|1642271,2024-25,336.0,0,9,0.18181818181818182
265153,00:33,"Sexton T.FOUL (P2.PN) (S.Corbin)
Jokic Free Throw Technical (14 PTS)
MISS Jokic 25' 3PT Jump Shot
Juzang REBOUND (Off:1 Def:2)
",0,0,1,0,2025-03-28,0022401073,0,0,UTA,2,0,8,00:52,Off At Rim Make,0,Sexton T.FOUL (P2.PN) (S.Corbin),,DEN,UTA,DEN,1610612743,2025,1388.0,1407.0,1397.5,203932|203999|1629008|1631128|1631212,1629012|1630548|1641718|1641729|1642271,2024-25,338.0,0,8,0.30303030303030304
265152,00:14,"Jokic 3' Driving Layup (16 PTS) (Braun 2 AST)
",1,1,0,0,2025-03-28,0022401073,0,0,UTA,2,0,7,00:28,Off At Rim Make,0,Jokic 3' Driving Layup (16 PTS) (Braun 2 AST),,DEN,UTA,DEN,1610612743,2025,1412.0,1426.0,1419.0,203932|203999|1629008|1631128|1631212,1629012|1630548|1641718|1641729|1642271,2024-25,346.0,0,9,0.4
265151,00:00,"Jokic 62' 3PT Pullup Jump Shot (19 PTS) (Watson 3 AST)
",0,0,1,1,2025-03-28,0022401073,0,0,UTA,2,0,7,00:04,Off At Rim Make,0,Jokic 62' 3PT Pullup Jump Shot (19 PTS) (Watson 3 AST),,DEN,UTA,DEN,1610612743,2025,1436.0,1440.0,1438.0,203932|203999|1629008|1631128|1631212,1629012|1630548|1641718|1641729|1642271,2024-25,349.0,0,10,0.23529411764705882
265251,11:10,"MISS Watson 28' 3PT Jump Shot
Tshiebwe REBOUND (Off:2 Def:3)
",0,0,1,0,2025-03-28,0022401073,0,0,UTA,3,0,10,11:22,Off Arc 3 Miss,0,MISS Watson 28' 3PT Jump Shot,,DEN,UTA,DEN,1610612743,2025,1478.0,1490.0,1484.0,203932|203999|1629008|1631128|1631212,1629012|1631131|1641718|1642262|1642271,2024-25,362.0,0,10,0.4230769230769231
265246,10:50,"Sexton S.FOUL (P3.T1) (D.Richardson)
MISS Gordon Free Throw 1 of 2
NUGGETS Rebound
MISS Gordon Free Throw 2 of 2
Filipowski REBOUND (Off:1 Def:6)
",0,0,0,0,2025-03-28,0022401073,0,0,UTA,3,1,8,11:03,Off At Rim Make,0,Sexton S.FOUL (P3.T1) (D.Richardson),,DEN,UTA,DEN,1610612743,2025,1497.0,1510.0,1503.5,203932|203999|1629008|1631128|1631212,1629012|1631131|1641718|1642262|1642271,2024-25,367.0,0,8,0.2631578947368421
265245,10:26,"Williams S.FOUL (P1.T2) (J.Goble)
Porter Jr. Free Throw 1 of 2 (11 PTS)
Porter Jr. Free Throw 2 of 2 (12 PTS)
",0,0,0,0,2025-03-28,0022401073,0,0,UTA,3,1,8,10:29,Off Arc 3 Miss,0,Porter Jr. Free Throw 2 of 2 (12 PTS),,DEN,UTA,DEN,1610612743,2025,1531.0,1534.0,1532.5,203932|203999|1629008|1631128|1631212,1629012|1631131|1641718|1642262|1642271,2024-25,375.0,12,20,0.5
265242,10:01,"Braun 2' Layup (10 PTS) (Gordon 4 AST)
",1,1,0,0,2025-03-28,0022401073,0,0,UTA,3,0,8,10:15,Off At Rim Make,0,Braun 2' Layup (10 PTS) (Gordon 4 AST),,DEN,UTA,DEN,1610612743,2025,1545.0,1559.0,1552.0,203932|203999|1629008|1631128|1631212,1629012|1631131|1641718|1642262|1642271,2024-25,379.0,0,10,0.3076923076923077
265241,08:58,"Braun 2' Layup (12 PTS) (Jokic 5 AST)
",1,1,0,0,2025-03-28,0022401073,0,0,UTA,3,0,10,09:10,Off Dead Ball,0,Braun 2' Layup (12 PTS) (Jokic 5 AST),,DEN,UTA,DEN,1610612743,2025,1610.0,1622.0,1616.0,203932|203999|1629008|1631128|1631212,1629012|1631131|1641718|1642262|1642271,2024-25,393.0,0,12,0.375
265239,08:22,"MISS Jokic 6' Floating Jump Shot
Filipowski REBOUND (Off:1 Def:7)
",1,0,0,0,2025-03-28,0022401073,0,0,UTA,3,0,10,08:41,Off Short Mid-Range Make,0,MISS Jokic 6' Floating Jump Shot,,DEN,UTA,DEN,1610612743,2025,1639.0,1658.0,1648.5,203932|203999|1629008|1631128|1631212,1629012|1631131|1641718|1642262|1642271,2024-25,396.0,0,10,0.30927835051546393
265238,07:51,"Watson 1' Cutting Dunk Shot (4 PTS) (Jokic 6 AST)
",1,1,0,0,2025-03-28,0022401073,0,0,UTA,3,0,8,08:13,Off At Rim Make,0,Watson 1' Cutting Dunk Shot (4 PTS) (Jokic 6 AST),,DEN,UTA,DEN,1610612743,2025,1667.0,1689.0,1678.0,203932|203999|1629008|1631128|1631212,1629012|1631131|1641718|1642262|1642271,2024-25,400.0,0,10,0.2376237623762376
265235,07:07,"MISS Gordon 17' Step Back Jump Shot
Watson REBOUND (Off:1 Def:2)
Watson Tip Dunk Shot (6 PTS)
",2,1,0,0,2025-03-28,0022401073,0,1,UTA,3,0,8,07:37,Off FT Make,0,MISS Gordon 17' Step Back Jump Shot,,DEN,UTA,DEN,1610612743,2025,1703.0,1733.0,1718.0,203932|203999|1629008|1631128|1631212,1629004|1629012|1631131|1641718|1642271,2024-25,410.0,0,10,0.29508196721311475
265234,06:59,"Watson 1' Running Dunk (8 PTS) (Gordon 5 AST)
",1,1,0,0,2025-03-28,0022401073,0,0,UTA,3,0,10,07:02,Off Steal,0,Watson 1' Running Dunk (8 PTS) (Gordon 5 AST),,DEN,UTA,DEN,1610612743,2025,1738.0,1741.0,1739.5,203932|203999|1629008|1631128|1631212,1629004|1629012|1631131|1641718|1642271,2024-25,413.0,0,12,0.15789473684210525
265233,06:35,"Gordon 26' 3PT Running Jump Shot (6 PTS) (Watson 4 AST)
",0,0,1,1,2025-03-28,0022401073,0,0,UTA,3,0,12,06:39,Off Corner 3 Miss,0,Gordon 26' 3PT Running Jump Shot (6 PTS) (Watson 4 AST),,DEN,UTA,DEN,1610612743,2025,1761.0,1765.0,1763.0,203932|203999|1629008|1631128|1631212,1629004|1629012|1630231|1641718|1642271,2024-25,420.0,0,15,0.6153846153846154
265232,05:56,"Mykhailiuk S.FOUL (P1.T3) (S.Corbin)
Braun Free Throw 1 of 2 (13 PTS)
Braun Free Throw 2 of 2 (14 PTS)
",0,0,0,0,2025-03-28,0022401073,0,0,UTA,3,1,13,06:12,Off At Rim Make,0,Braun Free Throw 2 of 2 (14 PTS),,DEN,UTA,DEN,1610612743,2025,1788.0,1804.0,1796.0,203932|203999|1629008|1631128|1631212,1629004|1629012|1630231|1641718|1642271,2024-25,427.0,14,27,0.8955223880597015
265229,05:32,"Braun Traveling Turnover (P1.T12)
",0,0,0,0,2025-03-28,0022401073,0,0,UTA,3,0,15,05:42,Off Steal,1,Braun Traveling Turnover (P1.T12),,DEN,UTA,DEN,1610612743,2025,1818.0,1828.0,1823.0,201566|203932|203999|1631128|1631212,1629004|1630231|1630548|1641718|1642271,2024-25,435.0,0,15,0.4262295081967213
265224,05:08,"Filipowski P.FOUL (P2.T4) (D.Richardson)
Filipowski S.FOUL (P3.PN) (S.Corbin)
Jokic Free Throw 1 of 2 (20 PTS)
MISS Jokic Free Throw 2 of 2
Filipowski REBOUND (Off:2 Def:8)
",0,0,0,0,2025-03-28,0022401073,0,0,UTA,3,1,15,05:19,Off Steal,0,Filipowski P.FOUL (P2.T4) (D.Richardson),,DEN,UTA,DEN,1610612743,2025,1841.0,1852.0,1846.5,201566|203932|203999|1631128|1631212,1629004|1630231|1630548|1641718|1642271,2024-25,437.0,0,15,0.3013698630136986
265223,04:43,"Westbrook Bad Pass Turnover (P3.T13): Filipowski STEAL (2 STL)
",0,0,0,0,2025-03-28,0022401073,0,0,UTA,3,0,16,04:50,Off Arc 3 Miss,1,Westbrook Bad Pass Turnover (P3.T13): Filipowski STEAL (2 STL),,DEN,UTA,DEN,1610612743,2025,1870.0,1877.0,1873.5,201566|203932|203999|1631128|1631212,1629004|1630231|1630548|1641718|1642271,2024-25,447.0,0,16,0.21951219512195122
265221,04:20,"MISS Watson 18' Pullup Jump Shot
Filipowski REBOUND (Off:2 Def:9)
",1,0,0,0,2025-03-28,0022401073,0,0,UTA,3,0,15,04:41,Off FT Make,0,MISS Watson 18' Pullup Jump Shot,,DEN,UTA,DEN,1610612743,2025,1879.0,1900.0,1889.5,201566|203932|203999|1631128|1631212,1629004|1630231|1630548|1641718|1642271,2024-25,454.0,0,15,0.18604651162790697
265219,03:44,"MISS Jokic 25' 3PT Jump Shot
Juzang REBOUND (Off:1 Def:3)
",0,0,1,0,2025-03-28,0022401073,0,0,UTA,3,0,15,03:59,Off Corner 3 Miss,0,MISS Jokic 25' 3PT Jump Shot,,DEN,UTA,DEN,1610612743,2025,1921.0,1936.0,1928.5,201566|203932|203999|1631128|1631212,1629004|1630231|1630548|1642268|1642271,2024-25,461.0,0,15,0.6938775510204082
265218,03:16,"Jokic 6' Pullup Jump Shot (22 PTS)
",1,1,0,0,2025-03-28,0022401073,0,0,UTA,3,0,12,03:39,Off Arc 3 Make,0,Jokic 6' Pullup Jump Shot (22 PTS),,DEN,UTA,DEN,1610612743,2025,1941.0,1964.0,1952.5,201566|203932|203999|1631128|1631212,1629004|1630231|1630548|1642268|1642271,2024-25,465.0,0,14,0.21875
265217,02:48,"Westbrook 1' Driving Reverse Layup (9 PTS)
",1,1,0,0,2025-03-28,0022401073,0,0,UTA,3,0,14,02:55,Off Corner 3 Miss,0,Westbrook 1' Driving Reverse Layup (9 PTS),,DEN,UTA,DEN,1610612743,2025,1985.0,1992.0,1988.5,201566|203932|203999|1631128|1631212,1629004|1630231|1630548|1642268|1642271,2024-25,468.0,0,16,0.3380281690140845
265216,02:13,"Braun 3' Driving Finger Roll Layup (16 PTS) (Westbrook 5 AST)
",1,1,0,0,2025-03-28,0022401073,0,0,UTA,3,0,16,02:31,Off Corner 3 Miss,0,Braun 3' Driving Finger Roll Layup (16 PTS) (Westbrook 5 AST),,DEN,UTA,DEN,1610612743,2025,2009.0,2027.0,2018.0,201566|203932|203999|1631128|1631212,1629004|1630231|1630548|1642268|1642271,2024-25,471.0,0,18,0.34
265215,01:54,"Westbrook Out of Bounds - Bad Pass Turnover Turnover (P4.T14)
",0,0,0,0,2025-03-28,0022401073,0,0,UTA,3,0,18,01:56,Off Steal,1,Westbrook Out of Bounds - Bad Pass Turnover Turnover (P4.T14),,DEN,UTA,DEN,1610612743,2025,2044.0,2046.0,2045.0,201566|203932|203999|1631128|1631212,1629004|1630231|1630548|1642268|1642271,2024-25,475.0,0,18,0.1927710843373494
265211,01:20,"MISS Porter Jr. 27' 3PT Jump Shot
Jokic REBOUND (Off:5 Def:9)
MISS Jokic 25' 3PT Jump Shot
Mykhailiuk REBOUND (Off:0 Def:1)
",0,0,2,0,2025-03-28,0022401073,0,1,UTA,3,0,18,01:40,Off Short Mid-Range Miss,0,MISS Porter Jr. 27' 3PT Jump Shot,,DEN,UTA,DEN,1610612743,2025,2060.0,2080.0,2070.0,201566|203999|1629008|1629618|1630192,1629004|1630231|1630548|1631131|1642268,2024-25,488.0,0,18,0.16
265207,00:38,"Jazz T.Foul (Def. 3 Sec Collier ) (J.Goble)
MISS Jokic Free Throw Technical
NUGGETS Rebound
Jokic 23' Jump Bank Shot (24 PTS) (Porter Jr. 2 AST)
Juzang S.FOUL (P2.PN) (J.Goble)
Jokic Free Throw 1 of 1 (25 PTS)
",1,1,0,0,2025-03-28,0022401073,0,0,UTA,3,1,16,01:03,Off Short Mid-Range Make,0,NUGGETS Rebound,,DEN,UTA,DEN,1610612743,2025,2097.0,2122.0,2109.5,201566|203999|1629008|1629618|1630192,1629004|1630231|1630548|1631131|1642268,2024-25,459.0,0,18,0.4
265203,00:06,"Tshiebwe P.FOUL (P2.PN) (D.Richardson)
Jokic Free Throw 1 of 2 (26 PTS)
Jokic Free Throw 2 of 2 (27 PTS)
",0,0,0,0,2025-03-28,0022401073,1,0,UTA,3,0,19,00:26,Off Dead Ball,0,Jokic Free Throw 1 of 2 (26 PTS),,DEN,UTA,DEN,1610612743,2025,2134.0,2154.0,2144.0,201566|203999|1629008|1629618|1630192,1629004|1630231|1630548|1631131|1642268,2024-25,504.0,0,19,0.31746031746031744
265296,11:50,"Westbrook 26' 3PT Jump Shot (12 PTS) (Jordan 1 AST)
",0,0,1,1,2025-03-28,0022401073,0,0,UTA,4,0,21,12:00,Off Dead Ball,0,Westbrook 26' 3PT Jump Shot (12 PTS) (Jordan 1 AST),,DEN,UTA,DEN,1610612743,2025,2160.0,2170.0,2165.0,201566|201599|1629008|1629618|1630192,1629004|1630231|1630548|1631131|1642268,2024-25,521.0,0,24,0.24691358024691357
265294,11:21,"Martin S.FOUL (P1.T1) (S.Corbin)
MISS Westbrook Free Throw 1 of 2
NUGGETS Rebound
Westbrook Free Throw 2 of 2 (13 PTS)
",0,0,0,0,2025-03-28,0022401073,0,0,UTA,4,1,24,11:36,Off Dead Ball,0,NUGGETS Rebound,,DEN,UTA,DEN,1610612743,2025,2184.0,2199.0,2191.5,201566|201599|1629008|1629618|1630192,1630231|1630548|1631131|1642262|1642268,2024-25,524.0,0,24,0.15789473684210525
265291,10:58,"Nnaji 27' 3PT Jump Shot (7 PTS) (Pickett 1 AST)
",0,0,1,1,2025-03-28,0022401073,0,0,UTA,4,0,25,11:11,Off Steal,0,Nnaji 27' 3PT Jump Shot (7 PTS) (Pickett 1 AST),,DEN,UTA,DEN,1610612743,2025,2209.0,2222.0,2215.5,201566|201599|1629008|1629618|1630192,1630231|1630548|1631131|1642262|1642268,2024-25,535.0,0,28,0.26666666666666666
265290,10:23,"Jordan 2' Alley Oop Layup (6 PTS) (Porter Jr. 3 AST)
",1,1,0,0,2025-03-28,0022401073,0,0,UTA,4,0,25,10:38,Off FT Make,0,Jordan 2' Alley Oop Layup (6 PTS) (Porter Jr. 3 AST),,DEN,UTA,DEN,1610612743,2025,2242.0,2257.0,2249.5,201566|201599|1629008|1629618|1630192,1630231|1630548|1631131|1642262|1642268,2024-25,544.0,0,27,0.2891566265060241
265289,09:59,"Porter Jr. 1' Running Layup (14 PTS) (Nnaji 1 AST)
",1,1,0,0,2025-03-28,0022401073,0,0,UTA,4,0,27,10:02,Off Block,0,Porter Jr. 1' Running Layup (14 PTS) (Nnaji 1 AST),,DEN,UTA,DEN,1610612743,2025,2278.0,2281.0,2279.5,201566|201599|1629008|1629618|1630192,1629012|1631131|1641729|1642262|1642268,2024-25,557.0,0,29,0.35714285714285715
265288,09:33,"Westbrook Lost Ball Turnover (P5.T15): Tshiebwe STEAL (1 STL)
",0,0,0,0,2025-03-28,0022401073,0,0,UTA,4,0,27,09:45,Off At Rim Make,1,Westbrook Lost Ball Turnover (P5.T15): Tshiebwe STEAL (1 STL),,DEN,UTA,DEN,1610612743,2025,2295.0,2307.0,2301.0,201566|201599|1629008|1629618|1630192,1629012|1631131|1641729|1642262|1642268,2024-25,560.0,0,27,0.6868686868686869
265287,09:14,"Porter Jr. 26' 3PT Jump Shot (17 PTS) (Pickett 2 AST)
",0,0,1,1,2025-03-28,0022401073,0,0,UTA,4,0,27,09:23,Off At Rim Block,0,Porter Jr. 26' 3PT Jump Shot (17 PTS) (Pickett 2 AST),,DEN,UTA,DEN,1610612743,2025,2317.0,2326.0,2321.5,201566|201599|1629008|1629618|1630192,1629012|1631131|1641729|1642262|1642268,2024-25,567.0,0,30,0.21052631578947367
265285,08:48,"MISS Westbrook 25' 3PT Running Jump Shot
Williams REBOUND (Off:0 Def:1)
",0,0,1,0,2025-03-28,0022401073,0,0,UTA,4,0,30,08:55,Off Short Mid-Range Miss,0,MISS Westbrook 25' 3PT Running Jump Shot,,DEN,UTA,DEN,1610612743,2025,2345.0,2352.0,2348.5,201566|201599|1629008|1629618|1630192,1629012|1631131|1641729|1642262|1642268,2024-25,571.0,0,30,0.25806451612903225
265284,08:26,"Porter Jr. Out of Bounds Lost Ball Turnover (P4.T16)
",0,0,0,0,2025-03-28,0022401073,0,0,UTA,4,0,27,08:45,Off Timeout,1,Porter Jr. Out of Bounds Lost Ball Turnover (P4.T16),,DEN,UTA,DEN,1610612743,2025,2355.0,2374.0,2364.5,201566|201599|1629008|1629618|1630192,1629012|1631131|1641729|1642262|1642268,2024-25,576.0,0,27,0.6476190476190476
265283,08:01,"Westbrook 15' Pullup Jump Shot (15 PTS) (Porter Jr. 4 AST)
",1,1,0,0,2025-03-28,0022401073,0,0,UTA,4,0,27,08:10,Off Arc 3 Miss,0,Westbrook 15' Pullup Jump Shot (15 PTS) (Porter Jr. 4 AST),,DEN,UTA,DEN,1610612743,2025,2390.0,2399.0,2394.5,201566|201599|1629008|1629618|1630192,1629012|1631131|1641718|1641729|1642262,2024-25,583.0,0,29,0.22727272727272727
265282,07:30,"Porter Jr. 27' 3PT Running Pull-Up Jump Shot (20 PTS) (Pickett 3 AST)
",0,0,1,1,2025-03-28,0022401073,0,0,UTA,4,0,29,07:35,Off Steal,0,Porter Jr. 27' 3PT Running Pull-Up Jump Shot (20 PTS) (Pickett 3 AST),,DEN,UTA,DEN,1610612743,2025,2425.0,2430.0,2427.5,201566|201599|1629008|1629618|1630192,1629012|1631131|1641718|1641729|1642262,2024-25,587.0,0,32,0.8571428571428571
265281,06:52,"Nnaji 26' 3PT Jump Shot (10 PTS) (Westbrook 6 AST)
",0,0,1,1,2025-03-28,0022401073,0,0,UTA,4,0,32,06:59,Off Short Mid-Range Miss,0,Nnaji 26' 3PT Jump Shot (10 PTS) (Westbrook 6 AST),,DEN,UTA,DEN,1610612743,2025,2461.0,2468.0,2464.5,201566|201599|1629008|1629618|1630192,1629012|1631131|1641718|1641729|1642262,2024-25,594.0,0,35,0.05555555555555555
265278,06:28,"Jordan 4' Running Layup (8 PTS) (Westbrook 7 AST)
Sensabaugh S.FOUL (P4.T2) (J.Goble)
Jordan Free Throw 1 of 1 (9 PTS)
",1,1,0,0,2025-03-28,0022401073,0,0,UTA,4,1,35,06:32,Off At Rim Block,0,Jordan 4' Running Layup (8 PTS) (Westbrook 7 AST),,DEN,UTA,DEN,1610612743,2025,2488.0,2492.0,2490.0,201566|201599|1629618|1630192|1641816,1641718|1641729|1642262|1642268|1642271,2024-25,606.0,0,37,0.2891566265060241
265277,06:04,"Westbrook Bad Pass Turnover (P6.T17): Williams STEAL (1 STL)
",0,0,0,0,2025-03-28,0022401073,0,0,UTA,4,0,38,06:10,Off Dead Ball,1,Westbrook Bad Pass Turnover (P6.T17): Williams STEAL (1 STL),,DEN,UTA,DEN,1610612743,2025,2510.0,2516.0,2513.0,201566|201599|1629618|1630192|1641816,1641718|1641729|1642262|1642268|1642271,2024-25,614.0,0,38,0.6597938144329897
265275,05:48,"Williams S.FOUL (P2.T3) (S.Corbin)
Westbrook Free Throw 1 of 2 (16 PTS)
Westbrook Free Throw 2 of 2 (17 PTS)
",0,0,0,0,2025-03-28,0022401073,0,0,UTA,4,1,36,05:59,Off FT Make,0,Westbrook Free Throw 1 of 2 (16 PTS),,DEN,UTA,DEN,1610612743,2025,2521.0,2532.0,2526.5,201566|201599|1629618|1630192|1641816,1641718|1641729|1642262|1642268|1642271,2024-25,624.0,16,52,0.21212121212121213
265273,05:15,"Jordan 2' Cutting Dunk Shot (11 PTS) (Pickett 4 AST)
",1,1,0,0,2025-03-28,0022401073,0,0,UTA,4,0,38,05:30,Off Corner 3 Miss,0,Jordan 2' Cutting Dunk Shot (11 PTS) (Pickett 4 AST),,DEN,UTA,DEN,1610612743,2025,2550.0,2565.0,2557.5,201566|201599|1629618|1630192|1641816,1641718|1641729|1642262|1642268|1642271,2024-25,628.0,0,40,0.1917808219178082
265272,04:31,"MISS Pickett 27' 3PT Step Back Jump Shot
NUGGETS Rebound
MISS Hall 5' Hook Shot
Filipowski REBOUND (Off:2 Def:10)
",1,0,1,0,2025-03-28,0022401073,0,1,UTA,4,0,38,04:54,Off At Rim Make,0,Filipowski REBOUND (Off:2 Def:10),,DEN,UTA,DEN,1610612743,2025,2586.0,2609.0,2597.5,201566|201599|1629618|1630192|1641816,1641718|1641729|1642262|1642268|1642271,2024-25,633.0,0,38,0.08247422680412371
265268,04:16,"Tyson 25' 3PT Jump Shot (3 PTS) (Alexander 1 AST)
",0,0,1,1,2025-03-28,0022401073,0,0,UTA,4,0,38,04:29,Off Dead Ball,0,Tyson 25' 3PT Jump Shot (3 PTS) (Alexander 1 AST),,DEN,UTA,DEN,1610612743,2025,2611.0,2624.0,2617.5,1629618|1641725|1641790|1641816|1642461,1641718|1641729|1642262|1642268|1642271,2024-25,644.0,0,41,0.16901408450704225
265267,03:40,"Hall 11' Jump Shot (2 PTS) (Tyson 1 AST)
",1,1,0,0,2025-03-28,0022401073,0,0,UTA,4,0,39,03:52,Off FT Miss,0,Hall 11' Jump Shot (2 PTS) (Tyson 1 AST),,DEN,UTA,DEN,1610612743,2025,2648.0,2660.0,2654.0,1629618|1641725|1641790|1641816|1642461,1641718|1641729|1642262|1642268|1642271,2024-25,651.0,0,41,0.9302325581395349
265266,03:17,"Jones Bad Pass Turnover (P1.T18): Williams STEAL (2 STL)
",0,0,0,0,2025-03-28,0022401073,0,0,UTA,4,0,41,03:27,Off Dead Ball,1,Jones Bad Pass Turnover (P1.T18): Williams STEAL (2 STL),,DEN,UTA,DEN,1610612743,2025,2673.0,2683.0,2678.0,1629618|1641725|1641790|1641816|1642461,1641718|1641729|1642262|1642268|1642271,2024-25,656.0,0,41,0.11904761904761904
265263,02:49,"MISS Tyson 25' 3PT Jump Shot
Jones REBOUND (Off:1 Def:0)
Hall 2' Cutting Dunk Shot (4 PTS) (Jones 1 AST)
",1,1,1,0,2025-03-28,0022401073,0,1,UTA,4,0,38,03:07,Off Corner 3 Make,0,MISS Tyson 25' 3PT Jump Shot,,DEN,UTA,DEN,1610612743,2025,2693.0,2711.0,2702.0,1629618|1641725|1641790|1641816|1642461,1641718|1641729|1642262|1642268|1642271,2024-25,662.0,0,40,0.23728813559322035
265262,02:12,"Alexander 13' Pullup Jump Shot (2 PTS)
",1,1,0,0,2025-03-28,0022401073,0,0,UTA,4,0,38,02:22,Off At Rim Make,0,Alexander 13' Pullup Jump Shot (2 PTS),,DEN,UTA,DEN,1610612743,2025,2738.0,2748.0,2743.0,1629618|1641725|1641790|1641816|1642461,1641718|1641729|1642262|1642268|1642271,2024-25,666.0,0,40,0.09230769230769231
265261,01:57,"Hall 26' 3PT Jump Shot (7 PTS) (Alexander 2 AST)
",0,0,1,1,2025-03-28,0022401073,0,0,UTA,4,0,38,02:04,Off At Rim Make,0,Hall 26' 3PT Jump Shot (7 PTS) (Alexander 2 AST),,DEN,UTA,DEN,1610612743,2025,2756.0,2763.0,2759.5,1629618|1641725|1641790|1641816|1642461,1641718|1641729|1642262|1642268|1642271,2024-25,671.0,0,41,0.8387096774193549
265259,01:29,"MISS Jones 26' 3PT Jump Shot
Filipowski REBOUND (Off:2 Def:11)
",0,0,1,0,2025-03-28,0022401073,0,0,UTA,4,0,40,01:40,Off FT Miss,0,MISS Jones 26' 3PT Jump Shot,,DEN,UTA,DEN,1610612743,2025,2780.0,2791.0,2785.5,1629618|1641725|1641790|1641816|1642461,1641718|1641729|1642262|1642268|1642271,2024-25,678.0,0,40,0.6938775510204082
265258,01:01,"Alexander 14' Pullup Jump Shot (4 PTS)
",1,1,0,0,2025-03-28,0022401073,0,0,UTA,4,0,38,01:11,Off FT Make,0,Alexander 14' Pullup Jump Shot (4 PTS),,DEN,UTA,DEN,1610612743,2025,2809.0,2819.0,2814.0,1629618|1641725|1641790|1641816|1642461,1641718|1641729|1642262|1642268|1642271,2024-25,684.0,0,40,0.9620253164556962
265255,00:31,"MISS Tyson 27' 3PT Jump Shot
Hall REBOUND (Off:1 Def:2)
MISS Alexander 28' 3PT Jump Shot
Collier REBOUND (Off:0 Def:3)
",0,0,2,0,2025-03-28,0022401073,0,1,UTA,4,0,38,00:47,Off FT Make,0,Hall REBOUND (Off:1 Def:2),,DEN,UTA,DEN,1610612743,2025,2833.0,2849.0,2841.0,1629618|1641725|1641790|1641816|1642461,1641718|1641729|1642262|1642268|1642271,2024-25,689.0,0,38,0.9
265253,00:00,,0,0,0,0,2025-03-28,0022401073,0,0,UTA,4,0,36,00:19,Off FT Make,0,,,DEN,UTA,DEN,1610612743,2025,2861.0,2880.0,2870.5,1629618|1641725|1641790|1641816|1642461,1641718|1641729|1642262|1642268|1642271,2024-25,693.0,0,36,0.0
310017,11:25,"Gobert 1' Cutting Dunk Shot (2 PTS) (A. Edwards 1 AST)
",1,1,0,0,2025-03-30,0022401084,0,0,DET,1,0,0,11:42,Off Arc 3 Miss,0,Gobert 1' Cutting Dunk Shot (2 PTS) (A. Edwards 1 AST),,MIN,DET,MIN,1610612750,2025,18.0,35.0,26.5,201144|203497|203944|1630162|1630183,203471|203501|1627736|1631105|1641709,2024-25,9.0,0,2,0.33707865168539325
310016,10:53,"Gobert 1' Alley Oop Dunk (4 PTS) (Randle 1 AST)
",1,1,0,0,2025-03-30,0022401084,0,0,DET,1,0,0,11:09,Off At Rim Make,0,Gobert 1' Alley Oop Dunk (4 PTS) (Randle 1 AST),,MIN,DET,MIN,1610612750,2025,51.0,67.0,59.0,201144|203497|203944|1630162|1630183,203471|203501|1627736|1631105|1641709,2024-25,12.0,0,2,0.28205128205128205
310014,10:20,"MISS A. Edwards 3PT Step Back Jump Shot
Duren REBOUND (Off:0 Def:1)
",0,0,1,0,2025-03-30,0022401084,0,0,DET,1,0,0,10:39,Off FT Miss,0,MISS A. Edwards 3PT Step Back Jump Shot,,MIN,DET,MIN,1610612750,2025,81.0,100.0,90.5,201144|203497|203944|1630162|1630183,203471|203501|1627736|1631105|1641709,2024-25,20.0,0,0,0.35294117647058826
310012,09:56,"MISS Randle 9' Fadeaway Jumper
Thompson REBOUND (Off:0 Def:1)
",1,0,0,0,2025-03-30,0022401084,0,0,DET,1,0,-2,10:11,Off At Rim Make,0,MISS Randle 9' Fadeaway Jumper,,MIN,DET,MIN,1610612750,2025,109.0,124.0,116.5,201144|203497|203944|1630162|1630183,203471|203501|1627736|1631105|1641709,2024-25,25.0,0,-2,0.7868852459016393
310011,09:42,"Randle Out of Bounds Lost Ball Turnover (P1.T1)
",0,0,0,0,2025-03-30,0022401084,0,0,DET,1,0,-4,09:50,Off At Rim Make,1,Randle Out of Bounds Lost Ball Turnover (P1.T1),,MIN,DET,MIN,1610612750,2025,130.0,138.0,134.0,201144|203497|203944|1630162|1630183,203471|203501|1627736|1631105|1641709,2024-25,28.0,0,-4,0.36363636363636365
310009,09:01,"MISS A. Edwards 26' 3PT Pullup Jump Shot
Gobert REBOUND (Off:1 Def:2)
Gobert 3' Putback Dunk (6 PTS)
",1,1,1,0,2025-03-30,0022401084,0,1,DET,1,0,-4,09:14,Off Arc 3 Miss,0,Gobert REBOUND (Off:1 Def:2),,MIN,DET,MIN,1610612750,2025,166.0,179.0,172.5,201144|203497|203944|1630162|1630183,203471|203501|1627736|1631105|1641709,2024-25,40.0,0,-2,0.1111111111111111
310005,07:56,"Schroder P.FOUL (P1.T1) (D.Guthrie)
MISS Randle 25' 3PT Jump Shot
Schroder REBOUND (Off:0 Def:1)
",0,0,1,0,2025-03-30,0022401084,0,0,DET,1,0,-2,08:24,Off Short Mid-Range Miss,0,Schroder P.FOUL (P1.T1) (D.Guthrie),,MIN,DET,MIN,1610612750,2025,216.0,244.0,230.0,201144|203497|203944|1630162|1630183,203471|203501|1627736|1631105|1641709,2024-25,47.0,0,-2,0.24324324324324326
310004,07:37,"MISS Randle 3' Running Layup
Randle REBOUND (Off:1 Def:1)
MISS Randle 2' Putback Layup: Hardaway Jr. BLOCK (1 BLK)
Hardaway Jr. REBOUND (Off:1 Def:1)
",2,0,0,0,2025-03-30,0022401084,0,1,DET,1,0,-2,07:47,Off At Rim Block,0,Hardaway Jr. REBOUND (Off:1 Def:1),,MIN,DET,MIN,1610612750,2025,253.0,263.0,258.0,201144|203497|203944|1630162|1630183,203471|203501|1627736|1631105|1641709,2024-25,51.0,0,-2,0.3142857142857143
309999,07:14,"Duren S.FOUL (P1.T2) (M.Kogut)
MISS McDaniels Free Throw 1 of 2
TIMBERWOLVES Rebound
MISS McDaniels Free Throw 2 of 2
Duren REBOUND (Off:2 Def:2)
",0,0,0,0,2025-03-30,0022401084,0,0,DET,1,1,-4,07:33,Off Timeout,0,MISS McDaniels Free Throw 2 of 2,,MIN,DET,MIN,1610612750,2025,267.0,286.0,276.5,201144|203497|203944|1630162|1630183,203471|203501|1627736|1631105|1641709,2024-25,62.0,0,-4,0.2727272727272727
309995,06:26,"TIMBERWOLVES Turnover: Shot Clock (T#2)
",0,0,0,0,2025-03-30,0022401084,0,0,DET,1,0,-5,06:49,Off FT Miss,1,TIMBERWOLVES Turnover: Shot Clock (T#2),,MIN,DET,MIN,1610612750,2025,311.0,334.0,322.5,201144|203497|203944|1630162|1630183,203471|203501|1627736|1631105|1641709,2024-25,73.0,0,-5,0.24324324324324326
309993,05:49,"MISS DiVincenzo 8' Driving Floating Jump Shot
Gobert REBOUND (Off:2 Def:2)
MISS Reid 26' 3PT Pullup Jump Shot
TIMBERWOLVES Rebound
Thompson L.B.FOUL (P1.T3) (J.Goldenberg)
DiVincenzo 30' 3PT Jump Shot (3 PTS) (A. Edwards 2 AST)
",1,0,2,1,2025-03-30,0022401084,0,2,DET,1,0,-9,06:13,Off FT Make,0,Thompson L.B.FOUL (P1.T3) (J.Goldenberg),,MIN,DET,MIN,1610612750,2025,347.0,371.0,359.0,203497|1628978|1629675|1630162|1630183,203471|203501|1627736|1631105|1641709,2024-25,91.0,0,-6,0.29213483146067415
309988,05:19,"A. Edwards Bad Pass Turnover (P1.T3): Duren STEAL (1 STL)
",0,0,0,0,2025-03-30,0022401084,0,0,DET,1,0,-6,05:33,Off Arc 3 Miss,1,A. Edwards Bad Pass Turnover (P1.T3): Duren STEAL (1 STL),,MIN,DET,MIN,1610612750,2025,387.0,401.0,394.0,203497|1628978|1629675|1630162|1630183,203471|203501|1631105|1631323|1641709,2024-25,95.0,0,-6,0.4230769230769231
309987,04:59,"MISS McDaniels 8' Driving Floating Jump Shot
Fontecchio REBOUND (Off:0 Def:1)
",1,0,0,0,2025-03-30,0022401084,0,0,DET,1,0,-8,05:14,Off At Rim Make,0,Fontecchio REBOUND (Off:0 Def:1),,MIN,DET,MIN,1610612750,2025,406.0,421.0,413.5,203497|1628978|1629675|1630162|1630183,203471|203501|1631105|1631323|1641709,2024-25,100.0,0,-8,0.6575342465753424
309985,04:37,"DiVincenzo 3PT Jump Shot (6 PTS) (McDaniels 1 AST)
",0,0,1,1,2025-03-30,0022401084,0,0,DET,1,0,-8,04:49,Off Dead Ball,0,DiVincenzo 3PT Jump Shot (6 PTS) (McDaniels 1 AST),,MIN,DET,MIN,1610612750,2025,431.0,443.0,437.0,203497|1628978|1629675|1630162|1630183,203471|203501|1631105|1631323|1641709,2024-25,104.0,0,-5,0.845360824742268
309982,04:04,"MISS A. Edwards 4' Driving Layup
Gobert REBOUND (Off:3 Def:2)
MISS Gobert Tip Layup Shot
Schroder REBOUND (Off:0 Def:2)
",2,0,0,0,2025-03-30,0022401084,0,1,DET,1,0,-5,04:20,Off Long Mid-Range Miss,0,Gobert REBOUND (Off:3 Def:2),,MIN,DET,MIN,1610612750,2025,460.0,476.0,468.0,203497|1628978|1629675|1630162|1630183,203471|203501|1631105|1631323|1641709,2024-25,109.0,0,-5,0.24691358024691357
309978,03:26,"Stewart P.FOUL (P1.T4) (J.Goldenberg)
Randle OFF.Foul (P2) (D.Guthrie)
Randle Offensive Foul Turnover (P2.T4)
",0,0,0,0,2025-03-30,0022401084,0,0,DET,1,0,-8,03:58,Off FT Make,1,Stewart P.FOUL (P1.T4) (J.Goldenberg),,MIN,DET,MIN,1610612750,2025,482.0,514.0,498.0,203497|1628978|1629638|1629675|1630162,203471|203501|1630191|1631323|1641842,2024-25,126.0,0,-8,0.2465753424657534
309977,03:03,"Reid 2' Running Alley Oop Layup Shot (2 PTS) (DiVincenzo 1 AST)
",1,1,0,0,2025-03-30,0022401084,0,0,DET,1,0,-8,03:06,Off Block,0,Reid 2' Running Alley Oop Layup Shot (2 PTS) (DiVincenzo 1 AST),,MIN,DET,MIN,1610612750,2025,534.0,537.0,535.5,203944|1628978|1629638|1629675|1630162,203471|1627736|1630191|1631323|1641842,2024-25,138.0,0,-6,0.8709677419354839
309975,02:44,"MISS Reid 3' Driving Dunk: Stewart BLOCK (1 BLK)
Holland II REBOUND (Off:0 Def:1)
",1,0,0,0,2025-03-30,0022401084,0,0,DET,1,0,-8,02:56,Off FT Make,0,MISS Reid 3' Driving Dunk: Stewart BLOCK (1 BLK),,MIN,DET,MIN,1610612750,2025,544.0,556.0,550.0,203944|1628978|1629638|1629675|1630162,1627736|1630191|1631204|1631323|1641842,2024-25,129.0,0,-8,0.34782608695652173
309971,02:28,"Fontecchio S.FOUL (P1.PN) (D.Guthrie)
A. Edwards Free Throw 1 of 2 (1 PTS)
MISS A. Edwards Free Throw 2 of 2
Stewart REBOUND (Off:0 Def:1)
",0,0,0,0,2025-03-30,0022401084,0,0,DET,1,1,-11,02:42,Off Arc 3 Make,0,Fontecchio S.FOUL (P1.PN) (D.Guthrie),,MIN,DET,MIN,1610612750,2025,558.0,572.0,565.0,203944|1628978|1629638|1629675|1630162,1627736|1630191|1631204|1631323|1641842,2024-25,116.0,0,-11,0.22950819672131148
309970,01:48,"Randle 2' Running Layup (2 PTS) (Reid 1 AST)
",1,1,0,0,2025-03-30,0022401084,0,0,DET,1,0,-10,01:54,Off At Rim Block,0,Randle 2' Running Layup (2 PTS) (Reid 1 AST),,MIN,DET,MIN,1610612750,2025,606.0,612.0,609.0,203944|1628978|1629638|1629675|1630162,1627736|1630191|1631204|1631323|1641842,2024-25,161.0,0,-8,0.9010989010989011
309969,01:09,"MISS Alexander-Walker 3PT Jump Shot
Sasser REBOUND (Off:0 Def:1)
",0,0,1,0,2025-03-30,0022401084,0,0,DET,1,0,-11,01:26,Off Arc 3 Make,0,Sasser REBOUND (Off:0 Def:1),,MIN,DET,MIN,1610612750,2025,634.0,651.0,642.5,203944|1628978|1629638|1629675|1630162,1627736|1630191|1631204|1631323|1641842,2024-25,166.0,0,-11,0.17857142857142858
309967,00:49,"Stewart P.FOUL (P2.PN) (M.Kogut)
MISS Alexander-Walker Free Throw 1 of 2
TIMBERWOLVES Rebound
Alexander-Walker Free Throw 2 of 2 (1 PTS)
",0,0,0,0,2025-03-30,0022401084,1,0,DET,1,0,-14,01:01,Off Corner 3 Make,0,Alexander-Walker Free Throw 2 of 2 (1 PTS),,MIN,DET,MIN,1610612750,2025,659.0,671.0,665.0,203944|1628978|1629638|1629675|1641740,1627736|1630191|1631204|1631323|1641842,2024-25,181.0,0,-14,0.7857142857142857
309963,00:24,"Alexander-Walker Bad Pass Turnover (P1.T5): Holland II STEAL (1 STL)
",0,0,0,0,2025-03-30,0022401084,0,0,DET,1,0,-13,00:31,Off Steal,1,Alexander-Walker Bad Pass Turnover (P1.T5): Holland II STEAL (1 STL),,MIN,DET,MIN,1610612750,2025,689.0,696.0,692.5,203944|1628978|1629638|1629675|1641740,1627736|1630191|1631204|1631323|1641842,2024-25,186.0,0,-13,0.7142857142857143
309962,00:00,"Holland II S.FOUL (P1.PN) (J.Goldenberg)
Clark Free Throw 1 of 3 (1 PTS)
Clark Free Throw 2 of 3 (2 PTS)
MISS Clark Free Throw 3 of 3
TIMBERWOLVES Rebound
",0,0,0,0,2025-03-30,0022401084,0,0,DET,1,1,-16,00:02,Off Arc 3 Make,0,TIMBERWOLVES Rebound,,MIN,DET,MIN,1610612750,2025,718.0,720.0,719.0,203944|1628978|1629638|1629675|1641740,1627736|1630191|1631204|1631323|1641842,2024-25,151.0,0,-16,0.1111111111111111
310086,11:02,"Conley 12' Driving Floating Jump Shot (2 PTS)
",1,1,0,0,2025-03-30,0022401084,0,0,DET,2,0,-14,11:13,Off Arc 3 Miss,0,Conley 12' Driving Floating Jump Shot (2 PTS),,MIN,DET,MIN,1610612750,2025,767.0,778.0,772.5,201144|203497|1628978|1629638|1629675,1627736|1630191|1631204|1631323|1641842,2024-25,207.0,0,-12,0.946236559139785
310085,10:37,"Gobert 3' Running Dunk (8 PTS) (DiVincenzo 2 AST)
",1,1,0,0,2025-03-30,0022401084,0,0,DET,2,0,-12,10:44,Off Steal,0,Gobert 3' Running Dunk (8 PTS) (DiVincenzo 2 AST),,MIN,DET,MIN,1610612750,2025,796.0,803.0,799.5,201144|203497|1628978|1629638|1629675,1627736|1630191|1631204|1631323|1641842,2024-25,210.0,0,-10,0.9108910891089109
310084,10:14,"Gobert 1' Running Dunk (10 PTS) (DiVincenzo 3 AST)
",1,1,0,0,2025-03-30,0022401084,0,0,DET,2,0,-10,10:19,Off At Rim Miss,0,Gobert 1' Running Dunk (10 PTS) (DiVincenzo 3 AST),,MIN,DET,MIN,1610612750,2025,821.0,826.0,823.5,201144|203497|1628978|1629638|1629675,1627736|1630191|1631204|1631323|1641842,2024-25,214.0,0,-8,0.912621359223301
310083,09:31,"MISS Gobert 2' Driving Layup
Stewart REBOUND (Off:2 Def:2)
",1,0,0,0,2025-03-30,0022401084,0,0,DET,2,0,-11,09:56,Off Arc 3 Make,0,Stewart REBOUND (Off:2 Def:2),,MIN,DET,MIN,1610612750,2025,844.0,869.0,856.5,201144|203497|1628978|1629638|1629675,1627736|1630191|1631204|1631323|1641842,2024-25,224.0,0,-11,0.7586206896551724
310081,09:22,"Alexander-Walker 3' Running Layup (3 PTS)
",1,1,0,0,2025-03-30,0022401084,0,0,DET,2,0,-11,09:29,Off At Rim Block,0,Alexander-Walker 3' Running Layup (3 PTS),,MIN,DET,MIN,1610612750,2025,871.0,878.0,874.5,201144|203497|1628978|1629638|1629675,1627736|1630191|1631204|1631323|1641842,2024-25,225.0,0,-9,0.45569620253164556
310079,09:01,"DiVincenzo Offensive Charge Foul (P1) (J.Goldenberg)
DiVincenzo Offensive Foul Turnover (P1.T6)
",0,0,0,0,2025-03-30,0022401084,0,0,DET,2,0,-9,09:04,Off Short Mid-Range Miss,1,DiVincenzo Offensive Charge Foul (P1) (J.Goldenberg),,MIN,DET,MIN,1610612750,2025,896.0,899.0,897.5,201144|203497|1628978|1629638|1629675,1627736|1630191|1631204|1631323|1641842,2024-25,232.0,0,-9,0.625
310071,08:36,"Holland II S.FOUL (P2.T1) (D.Guthrie)
Reid T.FOUL (P0.T0) (D.Guthrie)
DiVincenzo T.FOUL (P1.T0) (D.Guthrie)
Pablo Prigioni Foul:T.FOUL (D.Guthrie)
Holland II T.FOUL (P2.T1) (D.Guthrie)
Stewart T.FOUL (P2.T1) (D.Guthrie)
John-Blair Bickerstaff Foul:T.FOUL (D.Guthrie)
Sasser T.FOUL (P0.T1) (D.Guthrie)
Conley Free Throw Technical (4 PTS)
Garza Free Throw 1 of 2 (1 PTS)
Garza Free Throw 2 of 2 (2 PTS)
",0,0,0,0,2025-03-30,0022401084,0,0,DET,2,1,-10,08:44,Off Short Mid-Range Make,0,Pablo Prigioni Foul:T.FOUL (D.Guthrie),,MIN,DET,MIN,1610612750,2025,916.0,924.0,920.0,201144|203497|1628978|1629638|1629675,1627736|1630191|1631204|1631323|1641842,2024-25,242.0,0,-10,0.1927710843373494
310067,08:03,"Conley 1' Driving Finger Roll Layup (6 PTS)
",1,1,0,0,2025-03-30,0022401084,0,0,DET,2,0,-7,08:13,Off Arc 3 Miss,0,Conley 1' Driving Finger Roll Layup (6 PTS),,MIN,DET,MIN,1610612750,2025,947.0,957.0,952.0,201144|203497|1629638|1630162|1630183,203471|1627736|1631105|1631323|1641709,2024-25,275.0,0,-5,0.9302325581395349
310065,07:29,"MISS A. Edwards 26' 3PT Pullup Jump Shot
Duren REBOUND (Off:2 Def:3)
",0,0,1,0,2025-03-30,0022401084,0,0,DET,2,0,-8,07:40,Off Arc 3 Make,0,MISS A. Edwards 26' 3PT Pullup Jump Shot,,MIN,DET,MIN,1610612750,2025,980.0,991.0,985.5,201144|203497|1629638|1630162|1630183,203471|1627736|1631105|1631323|1641709,2024-25,282.0,0,-8,0.8
310064,07:01,"A. Edwards Out of Bounds - Bad Pass Turnover Turnover (P2.T7)
",0,0,0,0,2025-03-30,0022401084,0,0,DET,2,0,-9,07:18,Off FT Make,1,A. Edwards Out of Bounds - Bad Pass Turnover Turnover (P2.T7),,MIN,DET,MIN,1610612750,2025,1002.0,1019.0,1010.5,203497|1629638|1630162|1630183|1641740,203471|1627736|1631105|1631323|1641709,2024-25,294.0,0,-9,0.5818181818181818
310062,06:27,"MISS Clark 26' 3PT Jump Shot
Pistons Rebound
",0,0,1,0,2025-03-30,0022401084,0,0,DET,2,0,-12,06:45,Off Arc 3 Make,0,MISS Clark 26' 3PT Jump Shot,,MIN,DET,MIN,1610612750,2025,1035.0,1053.0,1044.0,203497|203944|1630162|1630183|1641740,203471|1627736|1631105|1631323|1641709,2024-25,302.0,0,-12,0.7346938775510204
310061,06:06,"Randle 2' Driving Layup (4 PTS) (McDaniels 2 AST)
",1,1,0,0,2025-03-30,0022401084,0,0,DET,2,0,-12,06:12,Off Arc 3 Miss,0,Randle 2' Driving Layup (4 PTS) (McDaniels 2 AST),,MIN,DET,MIN,1610612750,2025,1068.0,1074.0,1071.0,203497|203944|1630162|1630183|1641740,203471|1627736|1631105|1631323|1641709,2024-25,307.0,0,-10,0.9108910891089109
310057,05:31,"Schroder P.FOUL (P2.T2) (M.Kogut)
MISS A. Edwards 3' Driving Layup
Gobert REBOUND (Off:4 Def:5)
MISS Gobert Tip Layup Shot
Gobert REBOUND (Off:5 Def:5)
Hardaway Jr. P.FOUL (P1.T3) (D.Guthrie)
MISS A. Edwards 17' Step Back Jump Shot
Schroder REBOUND (Off:0 Def:3)
",3,0,0,0,2025-03-30,0022401084,0,2,DET,2,0,-10,05:54,Off Corner 3 Miss,0,Gobert REBOUND (Off:5 Def:5),,MIN,DET,MIN,1610612750,2025,1086.0,1109.0,1097.5,203497|203944|1630162|1630183|1641740,203471|203501|1631105|1631323|1641709,2024-25,319.0,0,-10,0.9491525423728814
310050,05:18,"Thompson S.FOUL (P2.T4) (D.Guthrie)
Randle Free Throw 1 of 2 (5 PTS)
Randle Free Throw 2 of 2 (6 PTS)
",0,0,0,0,2025-03-30,0022401084,0,0,DET,2,1,-13,05:30,Off FT Make,0,Thompson S.FOUL (P2.T4) (D.Guthrie),,MIN,DET,MIN,1610612750,2025,1110.0,1122.0,1116.0,203497|203944|1629638|1630162|1641740,203471|203501|1631105|1631323|1641709,2024-25,248.0,0,-13,0.2318840579710145
310045,04:42,"MISS Alexander-Walker 25' 3PT Jump Shot
TIMBERWOLVES Rebound
Duren L.B.FOUL (P2.PN) (J.Goldenberg)
MISS Gobert Free Throw 1 of 2
TIMBERWOLVES Rebound
Gobert Free Throw 2 of 2 (11 PTS)
",0,0,1,0,2025-03-30,0022401084,1,1,DET,2,0,-13,05:01,Off At Rim Make,0,MISS Alexander-Walker 25' 3PT Jump Shot,,MIN,DET,MIN,1610612750,2025,1139.0,1158.0,1148.5,203497|203944|1629638|1630162|1641740,203471|203501|1631105|1631323|1641709,2024-25,336.0,0,-13,0.7887323943661971
310044,04:16,"Alexander-Walker 2' Driving Layup (5 PTS)
",1,1,0,0,2025-03-30,0022401084,0,0,DET,2,0,-14,04:27,Off FT Make,0,Alexander-Walker 2' Driving Layup (5 PTS),,MIN,DET,MIN,1610612750,2025,1173.0,1184.0,1178.5,203497|203944|1629638|1630162|1641740,203471|203501|1631105|1631323|1641709,2024-25,348.0,0,-12,0.926829268292683
310043,03:50,"Randle 2' Driving Finger Roll Layup (8 PTS) (Conley 1 AST)
",1,1,0,0,2025-03-30,0022401084,0,0,DET,2,0,-14,04:04,Off FT Make,0,Randle 2' Driving Finger Roll Layup (8 PTS) (Conley 1 AST),,MIN,DET,MIN,1610612750,2025,1196.0,1210.0,1203.0,201144|203497|203944|1629638|1630162,203471|203501|1627736|1631105|1641709,2024-25,357.0,0,-12,0.9243697478991597
310042,03:31,"Randle 1' Running Layup (10 PTS)
Duren S.FOUL (P3.PN) (M.Kogut)
Randle Free Throw 1 of 1 (11 PTS)
",1,1,0,0,2025-03-30,0022401084,0,0,DET,2,1,-12,03:34,Off At Rim Miss,0,Randle Free Throw 1 of 1 (11 PTS),,MIN,DET,MIN,1610612750,2025,1226.0,1229.0,1227.5,201144|203497|203944|1629638|1630162,203471|203501|1627736|1631105|1641709,2024-25,269.0,11,1,0.417910447761194
310039,02:58,"A. Edwards 2' Driving Dunk (3 PTS) (Alexander-Walker 1 AST)
",1,1,0,0,2025-03-30,0022401084,0,0,DET,2,0,-9,03:06,Off Short Mid-Range Miss,0,A. Edwards 2' Driving Dunk (3 PTS) (Alexander-Walker 1 AST),,MIN,DET,MIN,1610612750,2025,1254.0,1262.0,1258.0,201144|203497|203944|1629638|1630162,203471|203501|1627736|1630194|1641709,2024-25,371.0,0,-7,0.9491525423728814
310037,02:28,"MISS Randle 4' Driving Floating Bank Jump Shot
Pistons Rebound
",1,0,0,0,2025-03-30,0022401084,0,0,DET,2,0,-7,02:38,Off Long Mid-Range Miss,0,MISS Randle 4' Driving Floating Bank Jump Shot,,MIN,DET,MIN,1610612750,2025,1282.0,1292.0,1287.0,201144|203497|203944|1629638|1630162,203471|203501|1627736|1630194|1641709,2024-25,375.0,0,-7,0.8735632183908046
310036,02:11,"MISS Conley 11' Driving Floating Jump Shot
Alexander-Walker REBOUND (Off:1 Def:1)
MISS Alexander-Walker 2' Tip Layup Shot
Hardaway Jr. REBOUND (Off:1 Def:2)
",2,0,0,0,2025-03-30,0022401084,0,1,DET,2,0,-9,02:28,Off FT Make,0,Hardaway Jr. REBOUND (Off:1 Def:2),,MIN,DET,MIN,1610612750,2025,1292.0,1309.0,1300.5,201144|203497|203944|1629638|1630162,203471|203501|1627736|1630194|1641709,2024-25,383.0,0,-9,0.6933333333333334
310026,01:36,"Schroder S.FOUL (P3.PN) (J.Goldenberg)
MISS Conley Free Throw 1 of 2
TIMBERWOLVES Rebound
MISS Conley Free Throw 2 of 2
TIMBERWOLVES Rebound
Thompson L.B.FOUL (P3.PN) (D.Guthrie)
Randle Free Throw 1 of 2 (12 PTS)
Randle Free Throw 2 of 2 (13 PTS)
",0,0,0,0,2025-03-30,0022401084,1,1,DET,2,1,-11,01:57,Off Short Mid-Range Make,0,Schroder S.FOUL (P3.PN) (J.Goldenberg),,MIN,DET,MIN,1610612750,2025,1323.0,1344.0,1333.5,201144|203497|203944|1629638|1630162,203471|203501|1627736|1630194|1641709,2024-25,327.0,0,-11,0.2597402597402597
310025,00:59,"MISS Alexander-Walker 3PT Jump Shot
Reed REBOUND (Off:0 Def:1)
",0,0,1,0,2025-03-30,0022401084,0,0,DET,2,0,-9,01:11,Off Short Mid-Range Miss,0,Reed REBOUND (Off:0 Def:1),,MIN,DET,MIN,1610612750,2025,1369.0,1381.0,1375.0,201144|203497|203944|1629638|1630162,203501|1627736|1630194|1630322|1641709,2024-25,403.0,0,-9,0.8070175438596491
310023,00:40,"MISS Randle 1' Running Layup
Pistons Rebound
",1,0,0,0,2025-03-30,0022401084,0,0,DET,2,0,-9,00:46,Off Arc 3 Miss,0,Pistons Rebound,,MIN,DET,MIN,1610612750,2025,1394.0,1400.0,1397.0,201144|203497|203944|1629638|1630162,203501|1627736|1630194|1630322|1641709,2024-25,408.0,0,-9,0.9
310021,00:30,"A. Edwards 1' Driving Layup (5 PTS)
",1,1,0,0,2025-03-30,0022401084,0,0,DET,2,0,-10,00:39,Off FT Make,0,A. Edwards 1' Driving Layup (5 PTS),,MIN,DET,MIN,1610612750,2025,1401.0,1410.0,1405.5,201144|203944|1629638|1630162|1641740,203501|1627736|1630194|1630322|1641709,2024-25,345.0,0,-8,0.9117647058823529
310018,00:00,"Reed S.FOUL (P1.PN) (D.Guthrie)
Randle Free Throw 1 of 2 (14 PTS)
Randle Free Throw 2 of 2 (15 PTS)
",0,0,0,0,2025-03-30,0022401084,0,0,DET,2,1,-8,00:05,Off Long Mid-Range Miss,0,Reed S.FOUL (P1.PN) (D.Guthrie),,MIN,DET,MIN,1610612750,2025,1435.0,1440.0,1437.5,201144|203944|1629638|1630162|1641740,203501|1627736|1630194|1630322|1641709,2024-25,422.0,0,-8,0.22580645161290322
310138,11:47,"McDaniels 15' Pullup Jump Shot (2 PTS) (Randle 2 AST)
",1,1,0,0,2025-03-30,0022401084,0,0,DET,3,0,-6,12:00,Off Dead Ball,0,McDaniels 15' Pullup Jump Shot (2 PTS) (Randle 2 AST),,MIN,DET,MIN,1610612750,2025,1440.0,1453.0,1446.5,201144|203497|203944|1630162|1630183,203471|203501|1627736|1631105|1641709,2024-25,441.0,0,-4,0.9464285714285714
310134,10:49,"MISS McDaniels 1' Driving Layup
Gobert REBOUND (Off:6 Def:7)
Gobert Tip Layup Shot (13 PTS)
",2,1,0,0,2025-03-30,0022401084,0,1,DET,3,0,-7,11:04,Off At Rim Make,0,Gobert REBOUND (Off:6 Def:7),,MIN,DET,MIN,1610612750,2025,1496.0,1511.0,1503.5,201144|203497|203944|1630162|1630183,203471|203501|1627736|1631105|1641709,2024-25,455.0,0,-5,0.42857142857142855
310132,10:18,"A. Edwards 26' 3PT Pullup Jump Shot (8 PTS)
",0,0,1,1,2025-03-30,0022401084,0,0,DET,3,0,-5,10:24,Off Long Mid-Range Miss,0,A. Edwards 26' 3PT Pullup Jump Shot (8 PTS),,MIN,DET,MIN,1610612750,2025,1536.0,1542.0,1539.0,201144|203497|203944|1630162|1630183,203471|203501|1627736|1631105|1641709,2024-25,461.0,0,-2,0.8421052631578947
310131,09:42,"MISS A. Edwards 20' Step Back Jump Shot
Beasley REBOUND (Off:0 Def:1)
",1,0,0,0,2025-03-30,0022401084,0,0,DET,3,0,-5,10:02,Off FT Make,0,Beasley REBOUND (Off:0 Def:1),,MIN,DET,MIN,1610612750,2025,1558.0,1578.0,1568.0,201144|203497|203944|1630162|1630183,203471|203501|1627736|1631105|1641709,2024-25,350.0,0,-5,0.2962962962962963
310126,09:28,"Schroder S.FOUL (P4.T1) (J.Goldenberg)
Conley Free Throw 1 of 3 (7 PTS)
Conley Free Throw 2 of 3 (8 PTS)
Conley Free Throw 3 of 3 (9 PTS)
",0,0,0,0,2025-03-30,0022401084,0,0,DET,3,1,-5,09:33,Off At Rim Block,0,Schroder S.FOUL (P4.T1) (J.Goldenberg),,MIN,DET,MIN,1610612750,2025,1587.0,1592.0,1589.5,201144|203497|203944|1630162|1630183,203471|203501|1627736|1631105|1641709,2024-25,472.0,0,-5,0.2318840579710145
310123,09:06,"MISS Gobert 4' Cutting Layup Shot
Randle REBOUND (Off:2 Def:4)
Randle Tip Layup Shot (17 PTS)
",2,1,0,0,2025-03-30,0022401084,0,1,DET,3,0,-3,09:13,Off Long Mid-Range Miss,0,MISS Gobert 4' Cutting Layup Shot,,MIN,DET,MIN,1610612750,2025,1607.0,1614.0,1610.5,201144|203497|203944|1630162|1630183,203471|203501|1627736|1631105|1641709,2024-25,486.0,0,-1,0.4262295081967213
310122,08:45,"A. Edwards 26' 3PT Running Jump Shot (11 PTS) (McDaniels 3 AST)
",0,0,1,1,2025-03-30,0022401084,0,0,DET,3,0,-1,08:51,Off Arc 3 Miss,0,A. Edwards 26' 3PT Running Jump Shot (11 PTS) (McDaniels 3 AST),,MIN,DET,MIN,1610612750,2025,1629.0,1635.0,1632.0,201144|203497|203944|1630162|1630183,203471|203501|1627736|1631105|1641709,2024-25,489.0,0,2,0.8907563025210085
310120,08:15,"MISS A. Edwards 26' 3PT Pullup Jump Shot
Thompson REBOUND (Off:2 Def:2)
",0,0,1,0,2025-03-30,0022401084,0,0,DET,3,0,0,08:27,Off At Rim Make,0,MISS A. Edwards 26' 3PT Pullup Jump Shot,,MIN,DET,MIN,1610612750,2025,1653.0,1665.0,1659.0,201144|203497|203944|1630162|1630183,203471|203501|1627736|1631105|1641709,2024-25,493.0,0,0,0.8
310119,07:49,"Duren L.B.FOUL (P4.T2) (D.Guthrie)
Randle 26' 3PT Jump Shot (20 PTS) (A. Edwards 3 AST)
",0,0,1,1,2025-03-30,0022401084,0,0,DET,3,0,0,08:00,Off Dead Ball,0,Randle 26' 3PT Jump Shot (20 PTS) (A. Edwards 3 AST),,MIN,DET,MIN,1610612750,2025,1680.0,1691.0,1685.5,201144|203497|203944|1630162|1630183,203471|203501|1627736|1631105|1641709,2024-25,499.0,0,3,0.8775510204081632
310117,07:14,"Randle 14' Turnaround Fadeaway (22 PTS)
",1,1,0,0,2025-03-30,0022401084,0,0,DET,3,0,1,07:36,Off At Rim Make,0,Randle 14' Turnaround Fadeaway (22 PTS),,MIN,DET,MIN,1610612750,2025,1704.0,1726.0,1715.0,201144|203497|203944|1630162|1630183,203471|203501|1627736|1631105|1641709,2024-25,504.0,0,3,0.8571428571428571
310114,06:06,"MISS A. Edwards 26' 3PT Pullup Jump Shot
Hardaway Jr. REBOUND (Off:1 Def:3)
",0,0,1,0,2025-03-30,0022401084,0,0,DET,3,0,3,06:24,Off Arc 3 Miss,0,Hardaway Jr. REBOUND (Off:1 Def:3),,MIN,DET,MIN,1610612750,2025,1776.0,1794.0,1785.0,201144|203497|203944|1630162|1630183,203471|203501|1627736|1631105|1641709,2024-25,510.0,0,3,0.676923076923077
310112,05:55,"A. Edwards 13' Driving Floating Jump Shot (13 PTS)
",1,1,0,0,2025-03-30,0022401084,0,0,DET,3,0,3,06:03,Off At Rim Miss,0,A. Edwards 13' Driving Floating Jump Shot (13 PTS),,MIN,DET,MIN,1610612750,2025,1797.0,1805.0,1801.0,201144|203497|203944|1630162|1630183,203471|203501|1627736|1631105|1641709,2024-25,516.0,0,5,0.98
310111,05:29,"A. Edwards 2' Running Layup (15 PTS)
",1,1,0,0,2025-03-30,0022401084,0,0,DET,3,0,5,05:31,Off At Rim Miss,0,A. Edwards 2' Running Layup (15 PTS),,MIN,DET,MIN,1610612750,2025,1829.0,1831.0,1830.0,201144|203497|203944|1630162|1630183,203471|203501|1627736|1631105|1641709,2024-25,519.0,0,7,0.9565217391304348
310109,04:58,"MISS Gobert 6' Driving Layup
Duren REBOUND (Off:4 Def:6)
",1,0,0,0,2025-03-30,0022401084,0,0,DET,3,0,4,05:16,Off Arc 3 Make,0,MISS Gobert 6' Driving Layup,,MIN,DET,MIN,1610612750,2025,1844.0,1862.0,1853.0,201144|203497|203944|1630162|1630183,203471|203501|1627736|1631105|1641709,2024-25,523.0,0,4,0.8928571428571429
310106,04:35,"Hardaway Jr. P.FOUL (P2.T3) (J.Goldenberg)
Pistons Delay
A. Edwards Free Throw Technical (16 PTS)
Gobert 2' Dunk (15 PTS) (Alexander-Walker 2 AST)
",1,1,0,0,2025-03-30,0022401084,0,0,DET,3,0,4,04:52,Off At Rim Miss,0,Pistons Delay,,MIN,DET,MIN,1610612750,2025,1868.0,1885.0,1876.5,203497|1629638|1630162|1630183|1641740,203471|203501|1627736|1630194|1631323,2024-25,534.0,0,6,0.3
310104,04:01,"A. Edwards 26' 3PT Pullup Jump Shot (19 PTS)
",0,0,1,1,2025-03-30,0022401084,0,0,DET,3,0,5,04:19,Off FT Make,0,A. Edwards 26' 3PT Pullup Jump Shot (19 PTS),,MIN,DET,MIN,1610612750,2025,1901.0,1919.0,1910.0,203497|1629638|1630162|1630183|1641740,203471|203501|1627736|1630194|1631323,2024-25,549.0,0,8,0.8461538461538461
310103,03:37,"A. Edwards Lost Ball Turnover (P3.T8): Hardaway Jr. STEAL (1 STL)
",0,0,0,0,2025-03-30,0022401084,0,0,DET,3,0,8,03:43,Off Short Mid-Range Miss,1,A. Edwards Lost Ball Turnover (P3.T8): Hardaway Jr. STEAL (1 STL),,MIN,DET,MIN,1610612750,2025,1937.0,1943.0,1940.0,203497|1629638|1630162|1630183|1641740,203471|203501|1627736|1630194|1631323,2024-25,552.0,0,8,0.6732673267326733
310102,02:54,"Randle 2' Driving Layup (24 PTS)
",1,1,0,0,2025-03-30,0022401084,0,0,DET,3,0,5,03:21,Off Timeout,0,Randle 2' Driving Layup (24 PTS),,MIN,DET,MIN,1610612750,2025,1959.0,1986.0,1972.5,203944|1629638|1630162|1630183|1641740,203471|203501|1630194|1630322|1631323,2024-25,562.0,0,7,0.90625
310101,02:21,"A. Edwards 26' 3PT Pullup Jump Shot (22 PTS)
",0,0,1,1,2025-03-30,0022401084,0,0,DET,3,0,7,02:27,Off Long Mid-Range Miss,0,A. Edwards 26' 3PT Pullup Jump Shot (22 PTS),,MIN,DET,MIN,1610612750,2025,2013.0,2019.0,2016.0,203944|1629638|1630162|1630183|1641740,203471|203501|1630194|1630322|1631323,2024-25,566.0,0,10,0.8461538461538461
310099,01:45,"MISS A. Edwards 3PT Jump Shot
Waters III REBOUND (Off:0 Def:1)
",0,0,1,0,2025-03-30,0022401084,0,0,DET,3,0,8,02:01,Off Short Mid-Range Make,0,MISS A. Edwards 3PT Jump Shot,,MIN,DET,MIN,1610612750,2025,2039.0,2055.0,2047.0,203944|1629638|1630162|1630183|1641740,203471|203501|1630194|1630322|1631323,2024-25,568.0,0,8,0.7916666666666666
310097,01:18,"MISS Randle 2' Driving Floating Bank Jump Shot
Fontecchio REBOUND (Off:1 Def:2)
",1,0,0,0,2025-03-30,0022401084,0,0,DET,3,0,8,01:29,Off Block,0,MISS Randle 2' Driving Floating Bank Jump Shot,,MIN,DET,MIN,1610612750,2025,2071.0,2082.0,2076.5,203944|1629638|1630162|1630183|1641740,203471|1627736|1630194|1630322|1631323,2024-25,581.0,0,8,0.8735632183908046
310094,00:34,"MISS Randle 26' 3PT Step Back Jump Shot
McDaniels REBOUND (Off:1 Def:6)
A. Edwards 10' Jump Bank Shot (24 PTS)
",1,1,1,0,2025-03-30,0022401084,0,1,DET,3,0,8,01:05,Off Arc 3 Miss,0,MISS Randle 26' 3PT Step Back Jump Shot,,MIN,DET,MIN,1610612750,2025,2095.0,2126.0,2110.5,203944|1629638|1630162|1630183|1641740,203471|1627736|1630194|1630322|1631323,2024-25,590.0,0,10,0.44155844155844154
310092,00:00,"Reed P.FOUL (P2.T4) (D.Guthrie)
Reed T.FOUL (P2.T4) (M.Kogut)
A. Edwards Free Throw Technical (25 PTS)
MISS Randle 27' 3PT Pullup Jump Shot
TIMBERWOLVES Rebound
",0,0,1,0,2025-03-30,0022401084,0,0,DET,3,0,8,00:19,Off At Rim Make,0,MISS Randle 27' 3PT Pullup Jump Shot,,MIN,DET,MIN,1610612750,2025,2141.0,2160.0,2150.5,203944|1629638|1630162|1630183|1641740,203471|1627736|1630194|1630322|1631323,2024-25,596.0,0,8,0.7384615384615385
310177,11:17,"MISS Conley 12' Driving Floating Jump Shot
Conley REBOUND (Off:1 Def:1)
MISS Conley 5' Tip Layup Shot
Gobert REBOUND (Off:7 Def:9)
Gobert Tip Layup Shot (17 PTS)
",3,1,0,0,2025-03-30,0022401084,0,2,DET,4,0,7,11:46,Off At Rim Make,0,MISS Conley 12' Driving Floating Jump Shot,,MIN,DET,MIN,1610612750,2025,2174.0,2203.0,2188.5,201144|203497|1629638|1630162|1641740,1627736|1630322|1631105|1631323|1641709,2024-25,503.0,0,9,0.6197183098591549
310172,10:07,"A. Edwards Offensive Charge Foul (P3) (J.Goldenberg)
A. Edwards Offensive Foul Turnover (P4.T9)
",0,0,0,0,2025-03-30,0022401084,0,0,DET,4,0,7,10:20,Off Dead Ball,1,A. Edwards Offensive Charge Foul (P3) (J.Goldenberg),,MIN,DET,MIN,1610612750,2025,2260.0,2273.0,2266.5,201144|203497|1629638|1630162|1641740,1627736|1630194|1630322|1631323|1641709,2024-25,627.0,0,7,0.6451612903225806
310171,09:25,"MISS Clark 7' Driving Floating Jump Shot: Reed BLOCK (1 BLK)
Reed REBOUND (Off:0 Def:2)
",1,0,0,0,2025-03-30,0022401084,0,0,DET,4,0,6,09:46,Off FT Miss,0,Reed REBOUND (Off:0 Def:2),,MIN,DET,MIN,1610612750,2025,2294.0,2315.0,2304.5,201144|203497|1629638|1630162|1641740,1627736|1630194|1630322|1631323|1641709,2024-25,635.0,0,6,0.7586206896551724
310169,08:59,"Gobert Traveling Turnover (P1.T10)
",0,0,0,0,2025-03-30,0022401084,0,0,DET,4,0,6,09:11,Off Arc 3 Miss,1,Gobert Traveling Turnover (P1.T10),,MIN,DET,MIN,1610612750,2025,2329.0,2341.0,2335.0,201144|203497|1629638|1630162|1641740,1627736|1630194|1630322|1631323|1641709,2024-25,643.0,0,6,0.8695652173913043
310168,08:25,"Conley 1' Driving Finger Roll Layup (11 PTS)
",1,1,0,0,2025-03-30,0022401084,0,0,DET,4,0,6,08:39,Off At Rim Miss,0,Conley 1' Driving Finger Roll Layup (11 PTS),,MIN,DET,MIN,1610612750,2025,2361.0,2375.0,2368.0,201144|203497|1629638|1630183|1641740,1627736|1630194|1630322|1631323|1641709,2024-25,652.0,0,8,0.9318181818181818
310167,07:49,"Alexander-Walker 26' 3PT Step Back Jump Shot (8 PTS) (Conley 2 AST)
",0,0,1,1,2025-03-30,0022401084,0,0,DET,4,0,6,08:11,Off At Rim Make,0,Alexander-Walker 26' 3PT Step Back Jump Shot (8 PTS) (Conley 2 AST),,MIN,DET,MIN,1610612750,2025,2389.0,2411.0,2400.0,201144|203497|1629638|1630183|1641740,1627736|1630194|1630322|1631323|1641709,2024-25,654.0,0,9,0.8615384615384616
310164,07:02,"MISS Alexander-Walker 3PT Jump Shot
Gobert REBOUND (Off:8 Def:11)
Conley 26' 3PT Step Back Jump Shot (14 PTS) (Randle 3 AST)
",0,0,2,1,2025-03-30,0022401084,0,1,DET,4,0,9,07:33,Off Dead Ball,0,MISS Alexander-Walker 3PT Jump Shot,,MIN,DET,MIN,1610612750,2025,2427.0,2458.0,2442.5,201144|203497|203944|1629638|1630183,203471|203501|1630194|1630322|1641709,2024-25,667.0,0,12,0.29213483146067415
310163,06:23,"Alexander-Walker 25' 3PT Jump Shot (11 PTS) (Randle 4 AST)
",0,0,1,1,2025-03-30,0022401084,0,0,DET,4,0,10,06:41,Off At Rim Make,0,Alexander-Walker 25' 3PT Jump Shot (11 PTS) (Randle 4 AST),,MIN,DET,MIN,1610612750,2025,2479.0,2497.0,2488.0,201144|203497|203944|1629638|1630183,203471|203501|1630322|1631105|1641709,2024-25,679.0,0,13,0.8495575221238938
310158,05:47,"MISS Alexander-Walker 26' 3PT Pullup Jump Shot
Gobert REBOUND (Off:9 Def:11)
Thompson S.FOUL (P4.T2) (D.Guthrie)
Gobert Free Throw 1 of 2 (18 PTS)
Gobert Free Throw 2 of 2 (19 PTS)
",0,0,1,0,2025-03-30,0022401084,0,1,DET,4,1,13,05:56,Off Arc 3 Miss,0,MISS Alexander-Walker 26' 3PT Pullup Jump Shot,,MIN,DET,MIN,1610612750,2025,2524.0,2533.0,2528.5,201144|203497|203944|1629638|1630183,203471|203501|1630322|1631105|1641709,2024-25,683.0,0,13,0.8235294117647058
310152,05:11,"MISS McDaniels 2' Driving Layup
Gobert REBOUND (Off:10 Def:12)
MISS Gobert Tip Layup Shot
TIMBERWOLVES Rebound
Thompson L.B.FOUL (P5.T3) (J.Goldenberg)
Clark 11' Driving Floating Jump Shot (4 PTS) (Alexander-Walker 3 AST)
",3,1,0,0,2025-03-30,0022401084,0,2,DET,4,0,15,05:34,Off Short Mid-Range Miss,0,MISS McDaniels 2' Driving Layup,,MIN,DET,MIN,1610612750,2025,2546.0,2569.0,2557.5,203497|203944|1629638|1630183|1641740,203471|203501|1627736|1631105|1641709,2024-25,702.0,0,17,0.33962264150943394
310151,04:43,"Clark 2' Cutting Dunk Shot (6 PTS) (Alexander-Walker 4 AST)
",1,1,0,0,2025-03-30,0022401084,0,0,DET,4,0,15,04:59,Off Short Mid-Range Make,0,Clark 2' Cutting Dunk Shot (6 PTS) (Alexander-Walker 4 AST),,MIN,DET,MIN,1610612750,2025,2581.0,2597.0,2589.0,203497|203944|1629638|1630183|1641740,203471|203501|1627736|1631105|1641709,2024-25,707.0,0,17,0.8793103448275862
310149,04:05,"MISS Gobert 3' Cutting Layup Shot
Beasley REBOUND (Off:0 Def:2)
",1,0,0,0,2025-03-30,0022401084,0,0,DET,4,0,17,04:24,Off Short Mid-Range Miss,0,MISS Gobert 3' Cutting Layup Shot,,MIN,DET,MIN,1610612750,2025,2616.0,2635.0,2625.5,203497|203944|1629638|1630183|1641740,203471|203501|1627736|1631105|1641709,2024-25,712.0,0,17,0.819672131147541
310148,03:37,"Conley 3PT Jump Shot (17 PTS) (Randle 5 AST)
",0,0,1,1,2025-03-30,0022401084,0,0,DET,4,0,17,03:56,Off Timeout,0,Conley 3PT Jump Shot (17 PTS) (Randle 5 AST),,MIN,DET,MIN,1610612750,2025,2644.0,2663.0,2653.5,201144|203497|203944|1630162|1630183,203471|203501|1627736|1631105|1641709,2024-25,721.0,0,20,0.8235294117647058
310147,03:06,"Randle 1' Running Dunk (26 PTS) (A. Edwards 4 AST)
",1,1,0,0,2025-03-30,0022401084,0,0,DET,4,0,20,03:10,Off Short Mid-Range Miss,0,Randle 1' Running Dunk (26 PTS) (A. Edwards 4 AST),,MIN,DET,MIN,1610612750,2025,2690.0,2694.0,2692.0,201144|203497|203944|1630162|1630183,203471|203501|1627736|1631105|1641709,2024-25,727.0,0,22,0.94
310145,02:26,"MISS Gobert 4' Driving Layup
Schroder REBOUND (Off:0 Def:4)
",1,0,0,0,2025-03-30,0022401084,0,0,DET,4,0,20,02:49,Off Short Mid-Range Make,0,MISS Gobert 4' Driving Layup,,MIN,DET,MIN,1610612750,2025,2711.0,2734.0,2722.5,201144|203497|203944|1630162|1630183,203471|203501|1627736|1631105|1641709,2024-25,730.0,0,20,0.8928571428571429
310144,02:02,"Minott 2' Driving Floating Bank Jump Shot (2 PTS) (Dillingham 1 AST)
",1,1,0,0,2025-03-30,0022401084,0,0,DET,4,0,20,02:17,Off Timeout,0,Minott 2' Driving Floating Bank Jump Shot (2 PTS) (Dillingham 1 AST),,MIN,DET,MIN,1610612750,2025,2743.0,2758.0,2750.5,1630568|1631159|1631169|1641740|1642265,1630194|1630322|1631323|1641752|1642450,2024-25,755.0,0,22,0.935251798561151
310143,01:27,"Garza 7' Turnaround Hook Shot (4 PTS)
",1,1,0,0,2025-03-30,0022401084,0,0,DET,4,0,22,01:50,Off Dead Ball,0,Garza 7' Turnaround Hook Shot (4 PTS),,MIN,DET,MIN,1610612750,2025,2770.0,2793.0,2781.5,1630568|1631159|1631169|1641740|1642265,1630194|1630322|1631323|1641752|1642450,2024-25,761.0,0,24,0.8611111111111112
310142,00:53,"MISS Dillingham 3' Driving Finger Roll Layup
Reed REBOUND (Off:0 Def:3)
",1,0,0,0,2025-03-30,0022401084,0,0,DET,4,0,21,01:10,Off Arc 3 Make,0,Reed REBOUND (Off:0 Def:3),,MIN,DET,MIN,1610612750,2025,2810.0,2827.0,2818.5,1630568|1631159|1631169|1641740|1642265,1630194|1630322|1631323|1641752|1642450,2024-25,764.0,0,21,0.14285714285714285
310140,00:32,"Minott 3PT Jump Shot (5 PTS) (Garza 1 AST)
",0,0,1,1,2025-03-30,0022401084,0,0,DET,4,0,19,00:46,Off At Rim Make,0,Minott 3PT Jump Shot (5 PTS) (Garza 1 AST),,MIN,DET,MIN,1610612750,2025,2834.0,2848.0,2841.0,1630568|1631159|1631169|1641740|1642265,1630194|1630322|1631323|1641752|1642450,2024-25,767.0,0,22,0.8148148148148148
310139,00:00,,0,0,0,0,2025-03-30,0022401084,0,0,DET,4,0,19,00:21,Off Arc 3 Make,0,,,MIN,DET,MIN,1610612750,2025,2859.0,2880.0,2869.5,1630568|1631159|1631169|1641740|1642265,1630194|1630322|1631323|1641752|1642450,2024-25,647.0,0,19,0.0
310237,11:37,"Braun STEAL (1 STL): Edwards Bad Pass Turnover (P1.T1)
",0,0,0,0,2025-04-01,0022401102,0,0,DEN,1,0,0,12:00,Off Dead Ball,1,Braun STEAL (1 STL): Edwards Bad Pass Turnover (P1.T1),,DEN,MIN,MIN,1610612750,2025,0.0,23.0,11.5,201144|203497|203944|1630162|1630183,203932|203999|1629618|1631128|1631212,2024-25,7.0,0,0,0.20689655172413793
265345,11:30,"Jokic 27' 3PT Running Pull-Up Jump Shot (3 PTS)
",0,0,1,1,2025-04-01,0022401102,0,0,MIN,1,0,0,11:37,Off Steal,0,Jokic 27' 3PT Running Pull-Up Jump Shot (3 PTS),,DEN,MIN,DEN,1610612743,2025,23.0,30.0,26.5,203932|203999|1629618|1631128|1631212,201144|203497|203944|1630162|1630183,2024-25,11.0,0,3,0.24390243902439024
310236,11:16,"MISS Randle 26' 3PT Pullup Jump Shot
Gordon REBOUND (Off:0 Def:1)
",0,0,1,0,2025-04-01,0022401102,0,0,DEN,1,0,-3,11:30,Off Arc 3 Make,0,Gordon REBOUND (Off:0 Def:1),,DEN,MIN,MIN,1610612750,2025,30.0,44.0,37.0,201144|203497|203944|1630162|1630183,203932|203999|1629618|1631128|1631212,2024-25,15.0,0,-3,0.2608695652173913
265344,11:09,"Gordon 25' 3PT Running Pull-Up Jump Shot (3 PTS)
",0,0,1,1,2025-04-01,0022401102,0,0,MIN,1,0,3,11:16,Off Arc 3 Miss,0,Gordon 25' 3PT Running Pull-Up Jump Shot (3 PTS),,DEN,MIN,DEN,1610612743,2025,44.0,51.0,47.5,203932|203999|1629618|1631128|1631212,201144|203497|203944|1630162|1630183,2024-25,14.0,0,6,0.24324324324324326
265343,10:27,"Jokic 6' Driving Floating Jump Shot (5 PTS)
",1,1,0,0,2025-04-01,0022401102,0,0,MIN,1,0,4,10:48,Off Short Mid-Range Make,0,Jokic 6' Driving Floating Jump Shot (5 PTS),,DEN,MIN,DEN,1610612743,2025,72.0,93.0,82.5,203932|203999|1629618|1631128|1631212,201144|203497|203944|1630162|1630183,2024-25,17.0,0,6,0.2465753424657534
310233,10:11,"Conley Out of Bounds - Bad Pass Turnover Turnover (P1.T2)
",0,0,0,0,2025-04-01,0022401102,0,0,DEN,1,0,-6,10:27,Off Short Mid-Range Make,1,Conley Out of Bounds - Bad Pass Turnover Turnover (P1.T2),,DEN,MIN,MIN,1610612750,2025,93.0,109.0,101.0,201144|203497|203944|1630162|1630183,203932|203999|1629618|1631128|1631212,2024-25,18.0,0,-6,0.2222222222222222
265342,09:51,"Jokic Traveling Turnover (P1.T1)
",0,0,0,0,2025-04-01,0022401102,0,0,MIN,1,0,6,10:11,Off Dead Ball,1,Jokic Traveling Turnover (P1.T1),,DEN,MIN,DEN,1610612743,2025,109.0,129.0,119.0,203932|203999|1629618|1631128|1631212,201144|203497|203944|1630162|1630183,2024-25,19.0,0,6,0.3225806451612903
310231,09:38,"MISS Edwards 25' 3PT Pullup Jump Shot
Braun REBOUND (Off:0 Def:1)
",0,0,1,0,2025-04-01,0022401102,0,0,DEN,1,0,-6,09:51,Off Dead Ball,0,MISS Edwards 25' 3PT Pullup Jump Shot,,DEN,MIN,MIN,1610612750,2025,129.0,142.0,135.5,201144|203497|203944|1630162|1630183,203932|203999|1629618|1631128|1631212,2024-25,20.0,0,-6,0.6060606060606061
265341,09:28,"Gordon 2' Driving Floating Bank Jump Shot (5 PTS)
",1,1,0,0,2025-04-01,0022401102,0,0,MIN,1,0,6,09:38,Off Arc 3 Miss,0,Gordon 2' Driving Floating Bank Jump Shot (5 PTS),,DEN,MIN,DEN,1610612743,2025,142.0,152.0,147.0,203932|203999|1629618|1631128|1631212,201144|203497|203944|1630162|1630183,2024-25,22.0,0,8,0.27906976744186046
310229,09:10,"MISS Randle 6' Driving Floating Bank Jump Shot
Watson REBOUND (Off:0 Def:1)
",1,0,0,0,2025-04-01,0022401102,0,0,DEN,1,0,-8,09:28,Off At Rim Make,0,MISS Randle 6' Driving Floating Bank Jump Shot,,DEN,MIN,MIN,1610612750,2025,152.0,170.0,161.0,201144|203497|203944|1630162|1630183,203932|203999|1629618|1631128|1631212,2024-25,23.0,0,-8,0.2318840579710145
265340,09:07,"Watson 1' Running Dunk (2 PTS) (Pickett 1 AST)
",1,1,0,0,2025-04-01,0022401102,0,0,MIN,1,0,8,09:10,Off Short Mid-Range Miss,0,Watson 1' Running Dunk (2 PTS) (Pickett 1 AST),,DEN,MIN,DEN,1610612743,2025,170.0,173.0,171.5,203932|203999|1629618|1631128|1631212,201144|203497|203944|1630162|1630183,2024-25,25.0,0,10,0.38961038961038963
310225,08:45,"MISS Edwards 25' 3PT Pullup Jump Shot
Gobert REBOUND (Off:1 Def:0)
Watson BLOCK (1 BLK): MISS Gobert 2' Putback Dunk
Pickett REBOUND (Off:0 Def:1)
",1,0,1,0,2025-04-01,0022401102,0,1,DEN,1,0,-10,09:07,Off Timeout,0,MISS Edwards 25' 3PT Pullup Jump Shot,,DEN,MIN,MIN,1610612750,2025,173.0,195.0,184.0,201144|203497|203944|1630162|1630183,203932|203999|1629618|1631128|1631212,2024-25,28.0,0,-10,0.208955223880597
265339,08:34,"Gordon 18' Fadeaway Jumper (7 PTS)
",1,1,0,0,2025-04-01,0022401102,0,0,MIN,1,0,10,08:45,Off At Rim Block,0,Gordon 18' Fadeaway Jumper (7 PTS),,DEN,MIN,DEN,1610612743,2025,195.0,206.0,200.5,203932|203999|1629618|1631128|1631212,201144|203497|203944|1630162|1630183,2024-25,33.0,0,12,0.27692307692307694
310221,08:18,"Gordon S.FOUL (P1.T1) (C.Washington)
MISS Gobert Free Throw 1 of 2
Timberwolves Rebound
Gobert Free Throw 2 of 2 (1 PTS)
",0,0,0,0,2025-04-01,0022401102,0,0,DEN,1,1,-12,08:34,Off Long Mid-Range Make,0,Gordon S.FOUL (P1.T1) (C.Washington),,DEN,MIN,MIN,1610612750,2025,206.0,222.0,214.0,201144|203497|203944|1630162|1630183,203932|203999|1629618|1631128|1631212,2024-25,45.0,0,-12,0.3956043956043956
265337,08:07,"MISS Gordon 26' 3PT Jump Shot
Edwards REBOUND (Off:0 Def:1)
",0,0,1,0,2025-04-01,0022401102,0,0,MIN,1,0,11,08:18,Off FT Make,0,MISS Gordon 26' 3PT Jump Shot,,DEN,MIN,DEN,1610612743,2025,222.0,233.0,227.5,203932|203999|1629618|1631128|1631212,201144|203497|203944|1630162|1630183,2024-25,39.0,0,11,0.23333333333333334
310220,07:57,"MISS McDaniels 13' Driving Floating Bank Jump Shot
Gordon REBOUND (Off:0 Def:2)
",1,0,0,0,2025-04-01,0022401102,0,0,DEN,1,0,-11,08:07,Off Arc 3 Miss,0,Gordon REBOUND (Off:0 Def:2),,DEN,MIN,MIN,1610612750,2025,233.0,243.0,238.0,201144|203497|203944|1630162|1630183,203932|203999|1629618|1631128|1631212,2024-25,40.0,0,-11,0.16666666666666666
265336,07:51,"Watson 2' Running Layup (4 PTS) (Gordon 1 AST)
",1,1,0,0,2025-04-01,0022401102,0,0,MIN,1,0,11,07:57,Off Short Mid-Range Miss,0,Watson 2' Running Layup (4 PTS) (Gordon 1 AST),,DEN,MIN,DEN,1610612743,2025,243.0,249.0,246.0,203932|203999|1629618|1631128|1631212,201144|203497|203944|1630162|1630183,2024-25,43.0,0,13,0.36363636363636365
265335,07:27,"Jokic Bad Pass Turnover (P2.T2): Edwards STEAL (1 STL)
",0,0,0,0,2025-04-01,0022401102,0,0,MIN,1,0,13,07:33,Off Arc 3 Miss,1,Jokic Bad Pass Turnover (P2.T2): Edwards STEAL (1 STL),,DEN,MIN,DEN,1610612743,2025,267.0,273.0,270.0,203932|203999|1629618|1631128|1631212,201144|203497|203944|1630162|1630183,2024-25,47.0,0,13,0.2619047619047619
310212,07:17,"Edwards 10' Running Pull-Up Jump Shot (2 PTS)
Watson S.FOUL (P1.T2) (J.Van Duyne)
MISS Edwards Free Throw 1 of 1
Gobert REBOUND (Off:2 Def:0)
MISS Gobert Tip Layup Shot
Jokic REBOUND (Off:0 Def:2)
",2,1,0,0,2025-04-01,0022401102,0,1,DEN,1,1,-13,07:27,Off Steal,0,Watson S.FOUL (P1.T2) (J.Van Duyne),,DEN,MIN,MIN,1610612750,2025,273.0,283.0,278.0,201144|203497|203944|1630162|1630183,203932|203999|1629618|1631128|1631212,2024-25,52.0,0,-11,0.46153846153846156
265332,07:14,"Braun 6' Running Jump Shot (2 PTS) (Jokic 1 AST)
Conley S.FOUL (P1.T1) (J.Van Duyne)
Braun Free Throw 1 of 1 (3 PTS)
",1,1,0,0,2025-04-01,0022401102,0,0,MIN,1,1,11,07:17,Off At Rim Miss,0,Braun 6' Running Jump Shot (2 PTS) (Jokic 1 AST),,DEN,MIN,DEN,1610612743,2025,283.0,286.0,284.5,203932|203999|1629618|1631128|1631212,201144|203497|203944|1630162|1630183,2024-25,56.0,0,13,0.6470588235294118
310210,07:02,"Jokic STEAL (1 STL): McDaniels Lost Ball Turnover (P1.T3)
",0,0,0,0,2025-04-01,0022401102,0,0,DEN,1,0,-14,07:14,Off FT Make,1,Jokic STEAL (1 STL): McDaniels Lost Ball Turnover (P1.T3),,DEN,MIN,MIN,1610612750,2025,286.0,298.0,292.0,201144|203497|203944|1630162|1630183,203932|203999|1629618|1631128|1631212,2024-25,61.0,0,-14,0.1590909090909091
265329,06:39,"Gobert P.FOUL (P1.T2) (J.Van Duyne)
MISS Jokic 25' 3PT Jump Shot
Edwards REBOUND (Off:0 Def:2)
",0,0,1,0,2025-04-01,0022401102,0,0,MIN,1,0,14,07:02,Off Steal,0,Gobert P.FOUL (P1.T2) (J.Van Duyne),,DEN,MIN,DEN,1610612743,2025,298.0,321.0,309.5,203932|203999|1629618|1631128|1631212,201144|203497|203944|1630162|1630183,2024-25,62.0,0,14,0.15151515151515152
310209,06:33,"MISS Conley 7' Running Pull-Up Jump Shot
Watson REBOUND (Off:0 Def:2)
",1,0,0,0,2025-04-01,0022401102,0,0,DEN,1,0,-14,06:39,Off Arc 3 Miss,0,Watson REBOUND (Off:0 Def:2),,DEN,MIN,MIN,1610612750,2025,321.0,327.0,324.0,201144|203497|203944|1630162|1630183,203932|203999|1629618|1631128|1631212,2024-25,68.0,0,-14,0.1095890410958904
265328,06:29,"Gordon 1' Running Alley Oop Dunk Shot (9 PTS) (Braun 1 AST)
",1,1,0,0,2025-04-01,0022401102,0,0,MIN,1,0,14,06:33,Off Short Mid-Range Miss,0,Gordon 1' Running Alley Oop Dunk Shot (9 PTS) (Braun 1 AST),,DEN,MIN,DEN,1610612743,2025,327.0,331.0,329.0,203932|203999|1629618|1631128|1631212,201144|203497|203944|1630162|1630183,2024-25,71.0,0,16,0.2247191011235955
310206,06:13,"MISS Edwards 6' Driving Floating Bank Jump Shot
Braun REBOUND (Off:0 Def:2)
",1,0,0,0,2025-04-01,0022401102,0,0,DEN,1,0,-16,06:29,Off At Rim Make,0,MISS Edwards 6' Driving Floating Bank Jump Shot,,DEN,MIN,MIN,1610612750,2025,331.0,347.0,339.0,201144|203497|203944|1630162|1630183,203932|203999|1629618|1631128|1631212,2024-25,73.0,0,-16,0.4146341463414634
265327,06:10,"Braun Out of Bounds - Bad Pass Turnover Turnover (P1.T3)
",0,0,0,0,2025-04-01,0022401102,0,0,MIN,1,0,16,06:13,Off Short Mid-Range Miss,1,Braun Out of Bounds - Bad Pass Turnover Turnover (P1.T3),,DEN,MIN,DEN,1610612743,2025,347.0,350.0,348.5,203932|203999|1629618|1631128|1631212,201144|203497|203944|1630162|1630183,2024-25,75.0,0,16,0.22448979591836735
310205,05:52,"Clark 6' Driving Floating Jump Shot (2 PTS) (Alexander-Walker 1 AST)
",1,1,0,0,2025-04-01,0022401102,0,0,DEN,1,0,-16,06:10,Off Dead Ball,0,Clark 6' Driving Floating Jump Shot (2 PTS) (Alexander-Walker 1 AST),,DEN,MIN,MIN,1610612750,2025,350.0,368.0,359.0,203497|1629638|1630162|1630183|1641740,203932|203999|1629618|1631128|1631212,2024-25,80.0,0,-14,0.2
265325,05:29,"MISS Watson 2' Driving Layup
Braun REBOUND (Off:1 Def:2)
NUGGETS Turnover: Shot Clock (T#4)
",1,0,0,0,2025-04-01,0022401102,0,1,MIN,1,0,14,05:52,Off Short Mid-Range Make,1,Braun REBOUND (Off:1 Def:2),,DEN,MIN,DEN,1610612743,2025,368.0,391.0,379.5,203932|203999|1629618|1631128|1631212,203497|1629638|1630162|1630183|1641740,2024-25,83.0,0,14,0.7096774193548387
310204,05:18,"Alexander-Walker 24' 3PT Jump Shot (3 PTS) (Clark 1 AST)
",0,0,1,1,2025-04-01,0022401102,0,0,DEN,1,0,-14,05:29,Off Dead Ball,0,Alexander-Walker 24' 3PT Jump Shot (3 PTS) (Clark 1 AST),,DEN,MIN,MIN,1610612750,2025,391.0,402.0,396.5,203497|1629638|1630162|1630183|1641740,203932|203999|1629618|1631128|1631212,2024-25,85.0,0,-11,0.175
265323,05:00,"MISS Braun 26' 3PT Jump Shot
Timberwolves Rebound
",0,0,1,0,2025-04-01,0022401102,0,0,MIN,1,0,11,05:18,Off Corner 3 Make,0,Timberwolves Rebound,,DEN,MIN,DEN,1610612743,2025,402.0,420.0,411.0,203932|203999|1629618|1631128|1631212,203497|1629638|1630162|1630183|1641740,2024-25,76.0,0,11,0.4
310203,04:48,"MISS McDaniels 24' 3PT Jump Shot
Jokic REBOUND (Off:0 Def:3)
",0,0,1,0,2025-04-01,0022401102,0,0,DEN,1,0,-11,05:00,Off Dead Ball,0,Jokic REBOUND (Off:0 Def:3),,DEN,MIN,MIN,1610612750,2025,420.0,432.0,426.0,203497|1629638|1630162|1630183|1641740,201566|203932|203999|1631128|1631212,2024-25,88.0,0,-11,0.23809523809523808
265320,04:36,"McDaniels P.FOUL (P1.T3) (S.Wright)
Jokic 25' 3PT Jump Shot (8 PTS) (Westbrook 1 AST)
",0,0,1,1,2025-04-01,0022401102,0,0,MIN,1,0,11,04:48,Off Arc 3 Miss,0,McDaniels P.FOUL (P1.T3) (S.Wright),,DEN,MIN,DEN,1610612743,2025,432.0,444.0,438.0,201566|203932|203999|1631128|1631212,203497|1629638|1630162|1630183|1641740,2024-25,96.0,0,14,0.2962962962962963
310199,04:22,"Jokic S.FOUL (P1.T3) (S.Wright)
McDaniels Free Throw 1 of 2 (1 PTS)
McDaniels Free Throw 2 of 2 (2 PTS)
",0,0,0,0,2025-04-01,0022401102,0,0,DEN,1,1,-14,04:36,Off Arc 3 Make,0,Jokic S.FOUL (P1.T3) (S.Wright),,DEN,MIN,MIN,1610612750,2025,444.0,458.0,451.0,203497|1629638|1630162|1630183|1641740,201566|203932|203999|1631128|1631212,2024-25,93.0,0,-14,0.2898550724637681
265318,04:01,"Clark S.FOUL (P1.T4) (C.Washington)
Jokic Free Throw 1 of 3 (9 PTS)
Jokic Free Throw 2 of 3 (10 PTS)
Jokic Free Throw 3 of 3 (11 PTS)
",0,0,0,0,2025-04-01,0022401102,0,0,MIN,1,1,12,04:22,Off FT Make,0,Jokic Free Throw 2 of 3 (10 PTS),,DEN,MIN,DEN,1610612743,2025,458.0,479.0,468.5,201566|203932|203999|1631128|1631212,203497|1629638|1630162|1630183|1641740,2024-25,104.0,10,22,0.36363636363636365
310198,03:44,"Edwards 27' 3PT Step Back Jump Shot (5 PTS)
",0,0,1,1,2025-04-01,0022401102,0,0,DEN,1,0,-15,04:01,Off FT Make,0,Edwards 27' 3PT Step Back Jump Shot (5 PTS),,DEN,MIN,MIN,1610612750,2025,479.0,496.0,487.5,203497|1629638|1630162|1630183|1641740,201566|203999|1630192|1631128|1631212,2024-25,109.0,0,-12,0.2708333333333333
265312,03:28,"Gobert P.FOUL (P2.PN) (S.Wright)
MISS Jokic Free Throw 1 of 2
NUGGETS Rebound
Jokic Free Throw 2 of 2 (12 PTS)
",0,0,0,0,2025-04-01,0022401102,1,0,MIN,1,0,12,03:44,Off Arc 3 Make,0,Gobert P.FOUL (P2.PN) (S.Wright),,DEN,MIN,DEN,1610612743,2025,496.0,512.0,504.0,201566|203999|1630192|1631128|1631212,203497|1629638|1630162|1630183|1641740,2024-25,112.0,0,12,0.18518518518518517
310195,03:10,"MISS Edwards 25' 3PT Jump Shot
Alexander-Walker REBOUND (Off:1 Def:0)
MISS Alexander-Walker 25' 3PT Jump Shot
Braun REBOUND (Off:1 Def:3)
",0,0,2,0,2025-04-01,0022401102,0,1,DEN,1,0,-13,03:28,Off FT Make,0,Alexander-Walker REBOUND (Off:1 Def:0),,DEN,MIN,MIN,1610612750,2025,512.0,530.0,521.0,203944|1629638|1630162|1631169|1641740,201566|203999|1630192|1631128|1631212,2024-25,119.0,0,-13,0.23076923076923078
265311,02:58,"Clark P.FOUL (P2.PN) (J.Van Duyne)
Jokic Free Throw 1 of 2 (13 PTS)
Jokic Free Throw 2 of 2 (14 PTS)
",0,0,0,0,2025-04-01,0022401102,1,0,MIN,1,0,13,03:10,Off Arc 3 Miss,0,Jokic Free Throw 2 of 2 (14 PTS),,DEN,MIN,DEN,1610612743,2025,530.0,542.0,536.0,201566|203999|1630192|1631128|1631212,203944|1629638|1630162|1631169|1641740,2024-25,128.0,0,13,0.8656716417910447
310193,02:44,"Watson BLOCK (2 BLK): MISS Clark 3' Cutting Layup Shot
Minott REBOUND (Off:1 Def:0)
Randle 27' 3PT Jump Shot (5 PTS) (Minott 1 AST)
",1,0,1,1,2025-04-01,0022401102,0,1,DEN,1,0,-15,02:58,Off Timeout,0,Randle 27' 3PT Jump Shot (5 PTS) (Minott 1 AST),,DEN,MIN,MIN,1610612750,2025,542.0,556.0,549.0,203944|1629638|1630162|1631169|1641740,201566|203999|1629618|1630192|1631212,2024-25,133.0,0,-12,0.8351648351648352
310190,02:07,"Minott 25' 3PT Jump Shot (3 PTS) (Alexander-Walker 2 AST)
",0,0,1,1,2025-04-01,0022401102,0,0,DEN,1,0,-12,02:16,Off Corner 3 Miss,0,Minott 25' 3PT Jump Shot (3 PTS) (Alexander-Walker 2 AST),,DEN,MIN,MIN,1610612750,2025,584.0,593.0,588.5,203944|1629638|1630162|1631169|1641740,201566|203999|1629618|1630192|1631212,2024-25,137.0,0,-9,0.2391304347826087
265304,01:47,"Jokic 13' Jump Shot (16 PTS) (Westbrook 2 AST)
Clark S.FOUL (P3.PN) (S.Wright)
MISS Jokic Free Throw 1 of 1
Minott REBOUND (Off:1 Def:1)
",1,1,0,0,2025-04-01,0022401102,0,0,MIN,1,1,9,02:07,Off Corner 3 Make,0,Clark S.FOUL (P3.PN) (S.Wright),,DEN,MIN,DEN,1610612743,2025,593.0,613.0,603.0,201566|203999|1629618|1630192|1631212,203944|1629638|1630162|1631169|1641740,2024-25,139.0,0,11,0.25925925925925924
310189,01:30,"McDaniels Cutting Finger Roll Layup Shot (4 PTS) (Edwards 1 AST)
",1,1,0,0,2025-04-01,0022401102,0,0,DEN,1,0,-11,01:47,Off FT Miss,0,McDaniels Cutting Finger Roll Layup Shot (4 PTS) (Edwards 1 AST),,DEN,MIN,MIN,1610612750,2025,613.0,630.0,621.5,203944|1629638|1630162|1630183|1631169,201566|203999|1629618|1630192|1631212,2024-25,147.0,0,-9,0.5128205128205128
265302,01:13,"MISS Westbrook 4' Driving Layup
McDaniels REBOUND (Off:0 Def:1)
",1,0,0,0,2025-04-01,0022401102,0,0,MIN,1,0,9,01:30,Off At Rim Make,0,McDaniels REBOUND (Off:0 Def:1),,DEN,MIN,DEN,1610612743,2025,630.0,647.0,638.5,201566|203999|1629618|1630192|1631212,203944|1629638|1630162|1630183|1631169,2024-25,149.0,0,9,0.24615384615384617
310188,00:59,"Randle 25' 3PT Jump Shot (8 PTS) (Alexander-Walker 3 AST)
",0,0,1,1,2025-04-01,0022401102,0,0,DEN,1,0,-9,01:13,Off Short Mid-Range Miss,0,Randle 25' 3PT Jump Shot (8 PTS) (Alexander-Walker 3 AST),,DEN,MIN,MIN,1610612750,2025,647.0,661.0,654.0,203944|1629638|1630162|1630183|1631169,201566|203999|1629618|1630192|1631212,2024-25,152.0,0,-6,0.25806451612903225
265300,00:44,"MISS Westbrook 3PT Jump Shot
Edwards REBOUND (Off:0 Def:3)
",0,0,1,0,2025-04-01,0022401102,0,0,MIN,1,0,6,00:59,Off Arc 3 Make,0,Edwards REBOUND (Off:0 Def:3),,DEN,MIN,DEN,1610612743,2025,661.0,676.0,668.5,201566|203999|1629618|1630192|1631212,203944|1629638|1630162|1630183|1631169,2024-25,154.0,0,6,0.3050847457627119
310185,00:26,"MISS McDaniels 26' 3PT Jump Shot
McDaniels REBOUND (Off:1 Def:1)
MISS McDaniels 9' Driving Floating Jump Shot
Jokic REBOUND (Off:0 Def:4)
",1,0,1,0,2025-04-01,0022401102,0,1,DEN,1,0,-6,00:44,Off Corner 3 Miss,0,McDaniels REBOUND (Off:1 Def:1),,DEN,MIN,MIN,1610612750,2025,676.0,694.0,685.0,203944|1629638|1630162|1630183|1631169,201566|203999|1629618|1630192|1631212,2024-25,157.0,0,-6,0.9538461538461539
265297,00:03,"MISS Jokic 25' 3PT Jump Shot
Alexander-Walker REBOUND (Off:1 Def:1)
",0,0,1,0,2025-04-01,0022401102,0,0,MIN,1,0,6,00:26,Off Short Mid-Range Miss,0,MISS Jokic 25' 3PT Jump Shot,,DEN,MIN,DEN,1610612743,2025,694.0,717.0,705.5,201566|203999|1629618|1630192|1631212,203944|1629638|1630162|1630183|1631169,2024-25,161.0,0,6,0.425
310183,00:00,"MISS Edwards 46' 3PT Pullup Jump Shot
Timberwolves Rebound
",0,0,1,0,2025-04-01,0022401102,0,0,DEN,1,0,-6,00:03,Off Arc 3 Miss,0,Timberwolves Rebound,,DEN,MIN,MIN,1610612750,2025,717.0,720.0,718.5,203944|1629638|1630162|1630183|1631169,201566|203999|1629618|1630192|1631212,2024-25,164.0,0,-6,0.5714285714285714
265382,11:44,"Westbrook 6' Fadeaway Bank Shot (2 PTS)
",1,1,0,0,2025-04-01,0022401102,0,0,MIN,2,0,6,12:00,Off Dead Ball,0,Westbrook 6' Fadeaway Bank Shot (2 PTS),,DEN,MIN,DEN,1610612743,2025,720.0,736.0,728.0,201566|201599|203932|1631128|1641816,201144|203497|1629638|1630183|1631169,2024-25,179.0,0,8,0.5517241379310345
310293,11:23,"Westbrook BLOCK (1 BLK): MISS Gobert 2' Layup
Braun REBOUND (Off:1 Def:4)
",1,0,0,0,2025-04-01,0022401102,0,0,DEN,2,0,-8,11:44,Off Short Mid-Range Make,0,Westbrook BLOCK (1 BLK): MISS Gobert 2' Layup,,DEN,MIN,MIN,1610612750,2025,736.0,757.0,746.5,201144|203497|1629638|1630183|1631169,201566|201599|203932|1631128|1641816,2024-25,180.0,0,-8,0.4533333333333333
265381,11:19,"Braun 6' Running Jump Shot (5 PTS)
",1,1,0,0,2025-04-01,0022401102,0,0,MIN,2,0,8,11:23,Off At Rim Block,0,Braun 6' Running Jump Shot (5 PTS),,DEN,MIN,DEN,1610612743,2025,757.0,761.0,759.0,201566|201599|203932|1631128|1641816,201144|203497|1629638|1630183|1631169,2024-25,183.0,0,10,0.9117647058823529
310289,10:48,"Jordan Personal Take Foul (P1.T1) (S.Wright)
MISS Conley 26' 3PT Pullup Jump Shot
Minott REBOUND (Off:2 Def:1)
Minott Tip Dunk Shot (5 PTS)
",1,1,1,0,2025-04-01,0022401102,0,1,DEN,2,0,-10,11:19,Off Short Mid-Range Make,0,Jordan Personal Take Foul (P1.T1) (S.Wright),,DEN,MIN,MIN,1610612750,2025,761.0,792.0,776.5,201144|203497|1629638|1630183|1631169,201566|201599|203932|1631128|1641816,2024-25,188.0,0,-8,0.22857142857142856
265379,10:29,"MISS Jordan 3' Alley Oop Dunk
Alexander-Walker REBOUND (Off:1 Def:2)
",1,0,0,0,2025-04-01,0022401102,0,0,MIN,2,0,8,10:48,Off At Rim Make,0,MISS Jordan 3' Alley Oop Dunk,,DEN,MIN,DEN,1610612743,2025,792.0,811.0,801.5,201566|201599|203932|1631128|1641816,201144|203497|1629638|1630183|1631169,2024-25,189.0,0,8,0.26666666666666666
310287,10:19,"MISS Alexander-Walker 26' 3PT Running Pull-Up Jump Shot
Gobert REBOUND (Off:3 Def:0)
Gobert Tip Dunk Shot (3 PTS)
",1,1,1,0,2025-04-01,0022401102,0,1,DEN,2,0,-8,10:29,Off At Rim Miss,0,Gobert REBOUND (Off:3 Def:0),,DEN,MIN,MIN,1610612750,2025,811.0,821.0,816.0,201144|203497|1629638|1630183|1631169,201566|201599|203932|1631128|1641816,2024-25,193.0,0,-6,0.26666666666666666
265377,10:00,"MISS Westbrook 4' Driving Finger Roll Layup
Gobert REBOUND (Off:3 Def:1)
",1,0,0,0,2025-04-01,0022401102,0,0,MIN,2,0,6,10:19,Off At Rim Make,0,MISS Westbrook 4' Driving Finger Roll Layup,,DEN,MIN,DEN,1610612743,2025,821.0,840.0,830.5,201566|201599|203932|1631128|1641816,201144|203497|1629638|1630183|1631169,2024-25,194.0,0,6,0.3384615384615385
310285,09:56,"Minott 3PT Running Jump Shot (8 PTS) (Alexander-Walker 4 AST)
",0,0,1,1,2025-04-01,0022401102,0,0,DEN,2,0,-6,10:00,Off At Rim Miss,0,Minott 3PT Running Jump Shot (8 PTS) (Alexander-Walker 4 AST),,DEN,MIN,MIN,1610612750,2025,840.0,844.0,842.0,201144|203497|1629638|1630183|1631169,201566|201599|203932|1631128|1641816,2024-25,196.0,0,-3,0.864406779661017
265376,09:35,"Jordan Out of Bounds - Bad Pass Turnover Turnover (P1.T5)
",0,0,0,0,2025-04-01,0022401102,0,0,MIN,2,0,3,09:56,Off Corner 3 Make,1,Jordan Out of Bounds - Bad Pass Turnover Turnover (P1.T5),,DEN,MIN,DEN,1610612743,2025,844.0,865.0,854.5,201566|201599|203932|1631128|1641816,201144|203497|1629638|1630183|1631169,2024-25,201.0,0,3,0.2727272727272727
310283,09:16,"MISS Minott 3PT Jump Shot
Jordan REBOUND (Off:0 Def:1)
",0,0,1,0,2025-04-01,0022401102,0,0,DEN,2,0,-3,09:35,Off Timeout,0,MISS Minott 3PT Jump Shot,,DEN,MIN,MIN,1610612750,2025,865.0,884.0,874.5,201144|203497|1629638|1630183|1631169,201566|201599|203932|1631128|1641816,2024-25,202.0,0,-3,0.15151515151515152
265375,09:07,"Gordon Traveling Turnover (P1.T6)
",0,0,0,0,2025-04-01,0022401102,0,0,MIN,2,0,3,09:16,Off Corner 3 Miss,1,Gordon Traveling Turnover (P1.T6),,DEN,MIN,DEN,1610612743,2025,884.0,893.0,888.5,201566|201599|203932|1631128|1641816,201144|203497|1629638|1630183|1631169,2024-25,204.0,0,3,0.2727272727272727
310281,08:41,"MISS Gobert 21' Jump Shot
Westbrook REBOUND (Off:0 Def:1)
",1,0,0,0,2025-04-01,0022401102,0,0,DEN,2,0,-3,09:07,Off Dead Ball,0,MISS Gobert 21' Jump Shot,,DEN,MIN,MIN,1610612750,2025,893.0,919.0,906.0,201144|203497|1629638|1630183|1631169,201566|201599|203932|1631128|1641816,2024-25,206.0,0,-3,0.35714285714285715
265374,08:27,"MISS Westbrook 24' 3PT Jump Shot
Alexander-Walker REBOUND (Off:1 Def:3)
",0,0,1,0,2025-04-01,0022401102,0,0,MIN,2,0,3,08:41,Off Long Mid-Range Miss,0,Alexander-Walker REBOUND (Off:1 Def:3),,DEN,MIN,DEN,1610612743,2025,919.0,933.0,926.0,201566|201599|203932|1631128|1641816,201144|203497|1629638|1630183|1631169,2024-25,207.0,0,3,0.16666666666666666
310278,08:23,"Alexander-Walker 15' Running Jump Shot (5 PTS)
Tyson S.FOUL (P1.T2) (S.Wright)
Alexander-Walker Free Throw 1 of 1 (6 PTS)
",1,1,0,0,2025-04-01,0022401102,0,0,DEN,2,1,-3,08:27,Off Arc 3 Miss,0,Alexander-Walker 15' Running Jump Shot (5 PTS),,DEN,MIN,MIN,1610612750,2025,933.0,937.0,935.0,201144|203497|1629638|1630183|1631169,201566|201599|203932|1631128|1641816,2024-25,210.0,0,-1,0.3877551020408163
265372,08:12,"Westbrook Bad Pass Turnover (P1.T7): Gobert STEAL (1 STL)
",0,0,0,0,2025-04-01,0022401102,0,0,MIN,2,0,0,08:23,Off FT Make,1,Westbrook Bad Pass Turnover (P1.T7): Gobert STEAL (1 STL),,DEN,MIN,DEN,1610612743,2025,937.0,948.0,942.5,201566|201599|203932|1631128|1641816,201144|203497|1629638|1630183|1631169,2024-25,214.0,0,0,0.391304347826087
310277,08:08,"Tyson STEAL (1 STL): Alexander-Walker Bad Pass Turnover (P1.T4)
",0,0,0,0,2025-04-01,0022401102,0,0,DEN,2,0,0,08:12,Off Steal,1,Tyson STEAL (1 STL): Alexander-Walker Bad Pass Turnover (P1.T4),,DEN,MIN,MIN,1610612750,2025,948.0,952.0,950.0,201144|203497|1629638|1630183|1631169,201566|201599|203932|1631128|1641816,2024-25,216.0,0,0,0.3958333333333333
265371,08:03,"Jordan Running Alley Oop Dunk Shot (2 PTS) (Westbrook 3 AST)
",1,1,0,0,2025-04-01,0022401102,0,0,MIN,2,0,0,08:08,Off Steal,0,Jordan Running Alley Oop Dunk Shot (2 PTS) (Westbrook 3 AST),,DEN,MIN,DEN,1610612743,2025,952.0,957.0,954.5,201566|201599|203932|1631128|1641816,201144|203497|1629638|1630183|1631169,2024-25,218.0,0,2,0.6071428571428571
310276,07:42,"Randle 27' 3PT Jump Shot (11 PTS) (Alexander-Walker 5 AST)
",0,0,1,1,2025-04-01,0022401102,0,0,DEN,2,0,-2,08:03,Off At Rim Make,0,Randle 27' 3PT Jump Shot (11 PTS) (Alexander-Walker 5 AST),,DEN,MIN,MIN,1610612750,2025,957.0,978.0,967.5,201144|203497|1629638|1630183|1631169,201566|201599|203932|1631128|1641816,2024-25,223.0,0,1,0.21176470588235294
265370,07:21,"Braun 1' Cutting Dunk Shot (7 PTS) (Gordon 2 AST)
",1,1,0,0,2025-04-01,0022401102,0,0,MIN,2,0,-1,07:42,Off Arc 3 Make,0,Braun 1' Cutting Dunk Shot (7 PTS) (Gordon 2 AST),,DEN,MIN,DEN,1610612743,2025,978.0,999.0,988.5,201566|201599|203932|1631128|1641816,201144|203497|203944|1629638|1630183,2024-25,225.0,0,1,0.25287356321839083
310274,07:01,"MISS Randle 27' 3PT Pullup Jump Shot
Jordan REBOUND (Off:0 Def:2)
",0,0,1,0,2025-04-01,0022401102,0,0,DEN,2,0,-1,07:21,Off At Rim Make,0,MISS Randle 27' 3PT Pullup Jump Shot,,DEN,MIN,MIN,1610612750,2025,999.0,1019.0,1009.0,201144|203497|203944|1629638|1630183,201566|201599|203932|1631128|1641816,2024-25,227.0,0,-1,0.20689655172413793
265369,06:57,"Braun 1' Running Finger Roll Layup (9 PTS) (Jordan 1 AST)
",1,1,0,0,2025-04-01,0022401102,0,0,MIN,2,0,1,07:01,Off Arc 3 Miss,0,Braun 1' Running Finger Roll Layup (9 PTS) (Jordan 1 AST),,DEN,MIN,DEN,1610612743,2025,1019.0,1023.0,1021.0,201566|201599|203932|1631128|1641816,201144|203497|203944|1629638|1630183,2024-25,229.0,0,3,0.15789473684210525
310272,06:41,"MISS Conley 26' 3PT Step Back Jump Shot
Westbrook REBOUND (Off:0 Def:2)
",0,0,1,0,2025-04-01,0022401102,0,0,DEN,2,0,-3,06:57,Off At Rim Make,0,MISS Conley 26' 3PT Step Back Jump Shot,,DEN,MIN,MIN,1610612750,2025,1023.0,1039.0,1031.0,201144|203497|203944|1629638|1630183,201566|201599|203932|1631128|1641816,2024-25,231.0,0,-3,0.21052631578947367
265368,06:38,"Jordan OFF.Foul (P2) (J.Van Duyne)
Jordan Offensive Foul Turnover (P2.T8)
",0,0,0,0,2025-04-01,0022401102,0,0,MIN,2,0,3,06:41,Off Arc 3 Miss,1,Jordan Offensive Foul Turnover (P2.T8),,DEN,MIN,DEN,1610612743,2025,1039.0,1042.0,1040.5,201566|201599|203932|1631128|1641816,201144|203497|203944|1629638|1630183,2024-25,235.0,0,3,0.3939393939393939
310270,06:25,"Watson BLOCK (3 BLK): MISS Randle 2' Driving Layup
Jokic REBOUND (Off:0 Def:5)
",1,0,0,0,2025-04-01,0022401102,0,0,DEN,2,0,-3,06:38,Off Dead Ball,0,Watson BLOCK (3 BLK): MISS Randle 2' Driving Layup,,DEN,MIN,MIN,1610612750,2025,1042.0,1055.0,1048.5,201144|203497|203944|1629638|1630162,201566|203932|203999|1631128|1631212,2024-25,242.0,0,-3,0.21052631578947367
265366,06:23,"Gordon Offensive Charge Foul (P2) (J.Van Duyne)
Gordon Offensive Foul Turnover (P2.T9)
",0,0,0,0,2025-04-01,0022401102,0,0,MIN,2,0,3,06:25,Off At Rim Block,1,Gordon Offensive Foul Turnover (P2.T9),,DEN,MIN,DEN,1610612743,2025,1055.0,1057.0,1056.0,201566|203932|203999|1631128|1631212,201144|203497|203944|1629638|1630162,2024-25,247.0,0,3,0.16666666666666666
310267,05:53,"MISS Alexander-Walker 26' 3PT Jump Shot
Gobert REBOUND (Off:4 Def:1)
Gobert 2' Putback Dunk (5 PTS)
",1,1,1,0,2025-04-01,0022401102,0,1,DEN,2,0,-3,06:23,Off Timeout,0,MISS Alexander-Walker 26' 3PT Jump Shot,,DEN,MIN,MIN,1610612750,2025,1057.0,1087.0,1072.0,201144|203497|203944|1629638|1630162,203932|203999|1629618|1631128|1631212,2024-25,254.0,0,-1,0.2898550724637681
265364,05:27,"Jokic 25' 3PT Jump Shot (19 PTS)
",0,0,1,1,2025-04-01,0022401102,0,0,MIN,2,0,1,05:53,Off At Rim Make,0,Jokic 25' 3PT Jump Shot (19 PTS),,DEN,MIN,DEN,1610612743,2025,1087.0,1113.0,1100.0,203932|203999|1629618|1631128|1631212,201144|203497|203944|1629638|1630162,2024-25,255.0,0,4,0.20408163265306123
310265,05:07,"MISS Edwards 27' 3PT Jump Shot
Gordon REBOUND (Off:0 Def:3)
",0,0,1,0,2025-04-01,0022401102,0,0,DEN,2,0,-4,05:27,Off Arc 3 Make,0,MISS Edwards 27' 3PT Jump Shot,,DEN,MIN,MIN,1610612750,2025,1113.0,1133.0,1123.0,201144|203497|203944|1629638|1630162,203932|203999|1629618|1631128|1631212,2024-25,256.0,0,-4,0.26666666666666666
265363,04:47,"Braun Lost Ball Turnover (P2.T10): Conley STEAL (1 STL)
",0,0,0,0,2025-04-01,0022401102,0,0,MIN,2,0,4,05:07,Off Arc 3 Miss,1,Braun Lost Ball Turnover (P2.T10): Conley STEAL (1 STL),,DEN,MIN,DEN,1610612743,2025,1133.0,1153.0,1143.0,203932|203999|1629618|1631128|1631212,201144|203497|203944|1629638|1630162,2024-25,258.0,0,4,0.11320754716981132
310264,04:42,"Pickett S.FOUL (P1.T3) (J.Van Duyne)
Alexander-Walker Free Throw 1 of 2 (7 PTS)
MISS Alexander-Walker Free Throw 2 of 2
Braun REBOUND (Off:1 Def:5)
",0,0,0,0,2025-04-01,0022401102,0,0,DEN,2,1,-4,04:47,Off Steal,0,Braun REBOUND (Off:1 Def:5),,DEN,MIN,MIN,1610612750,2025,1153.0,1158.0,1155.5,201144|203497|203944|1629638|1630162,203932|203999|1629618|1631128|1631212,2024-25,259.0,0,-4,0.2727272727272727
265362,04:28,"Watson 1' Reverse Layup (6 PTS) (Pickett 2 AST)
",1,1,0,0,2025-04-01,0022401102,0,0,MIN,2,0,3,04:42,Off FT Miss,0,Watson 1' Reverse Layup (6 PTS) (Pickett 2 AST),,DEN,MIN,DEN,1610612743,2025,1158.0,1172.0,1165.0,203999|1629618|1630192|1631128|1631212,203497|203944|1629638|1630162|1642265,2024-25,269.0,0,5,0.17391304347826086
310260,04:08,"MISS Randle 5' Driving Floating Jump Shot
Randle REBOUND (Off:1 Def:1)
Randle Out of Bounds - Bad Pass Turnover Turnover (P1.T5)
",1,0,0,0,2025-04-01,0022401102,0,1,DEN,2,0,-5,04:28,Off At Rim Make,1,Randle Out of Bounds - Bad Pass Turnover Turnover (P1.T5),,DEN,MIN,MIN,1610612750,2025,1172.0,1192.0,1182.0,203497|203944|1629638|1630162|1642265,203999|1629618|1630192|1631128|1631212,2024-25,274.0,0,-5,0.29545454545454547
265361,03:45,"Jokic 12' Turnaround Fadeaway (21 PTS)
",1,1,0,0,2025-04-01,0022401102,0,0,MIN,2,0,5,04:08,Off Dead Ball,0,Jokic 12' Turnaround Fadeaway (21 PTS),,DEN,MIN,DEN,1610612743,2025,1192.0,1215.0,1203.5,203999|1629618|1630192|1631128|1631212,203497|203944|1629638|1630162|1642265,2024-25,276.0,0,7,0.3611111111111111
310256,03:15,"MISS Alexander-Walker 12' Driving Floating Bank Jump Shot
Jokic REBOUND (Off:0 Def:6)
",1,0,0,0,2025-04-01,0022401102,0,0,DEN,2,0,-7,03:45,Off Short Mid-Range Make,0,MISS Alexander-Walker 12' Driving Floating Bank Jump Shot,,DEN,MIN,MIN,1610612750,2025,1215.0,1245.0,1230.0,203497|203944|1629638|1630162|1642265,203999|1629618|1630192|1631128|1631212,2024-25,277.0,0,-7,0.4329896907216495
265358,02:57,"Alexander-Walker P.FOUL (P1.T1) (J.Van Duyne)
MISS Braun 8' Layup: Alexander-Walker BLOCK (1 BLK)
Alexander-Walker REBOUND (Off:1 Def:4)
",1,0,0,0,2025-04-01,0022401102,0,0,MIN,2,0,7,03:15,Off Short Mid-Range Miss,0,Alexander-Walker P.FOUL (P1.T1) (J.Van Duyne),,DEN,MIN,DEN,1610612743,2025,1245.0,1263.0,1254.0,203999|1629618|1630192|1631128|1631212,203497|203944|1629638|1630162|1642265,2024-25,303.0,0,7,0.275
310255,02:56,"MISS Dillingham 22' Running Jump Shot
Pickett REBOUND (Off:0 Def:2)
",1,0,0,0,2025-04-01,0022401102,0,0,DEN,2,0,-7,02:57,Off Block,0,Pickett REBOUND (Off:0 Def:2),,DEN,MIN,MIN,1610612750,2025,1263.0,1264.0,1263.5,203497|203944|1629638|1630162|1642265,203999|1629618|1630192|1631128|1631212,2024-25,284.0,0,-7,0.30952380952380953
265357,02:48,"Pickett 3' Driving Floating Jump Shot (2 PTS)
",1,1,0,0,2025-04-01,0022401102,0,0,MIN,2,0,7,02:56,Off Long Mid-Range Miss,0,Pickett 3' Driving Floating Jump Shot (2 PTS),,DEN,MIN,DEN,1610612743,2025,1264.0,1272.0,1268.0,203999|1629618|1630192|1631128|1631212,203497|203944|1629638|1630162|1642265,2024-25,286.0,0,9,0.21052631578947367
310253,02:27,"Alexander-Walker 26' 3PT Pullup Jump Shot (10 PTS) (Gobert 1 AST)
",0,0,1,1,2025-04-01,0022401102,0,0,DEN,2,0,-9,02:48,Off At Rim Make,0,Alexander-Walker 26' 3PT Pullup Jump Shot (10 PTS) (Gobert 1 AST),,DEN,MIN,MIN,1610612750,2025,1272.0,1293.0,1282.5,203497|203944|1629638|1630162|1642265,203999|1629618|1630192|1631128|1631212,2024-25,287.0,0,-6,0.7521367521367521
265356,02:00,"NUGGETS Turnover: Shot Clock (T#11)
",0,0,0,0,2025-04-01,0022401102,0,0,MIN,2,0,6,02:27,Off Arc 3 Make,1,NUGGETS Turnover: Shot Clock (T#11),,DEN,MIN,DEN,1610612743,2025,1293.0,1320.0,1306.5,203999|1629618|1630192|1631128|1631212,203497|203944|1629638|1630162|1642265,2024-25,289.0,0,6,0.17073170731707318
310251,01:35,"MISS Edwards 25' 3PT Jump Shot
Braun REBOUND (Off:1 Def:6)
",0,0,1,0,2025-04-01,0022401102,0,0,DEN,2,0,-6,02:00,Off Dead Ball,0,MISS Edwards 25' 3PT Jump Shot,,DEN,MIN,MIN,1610612750,2025,1320.0,1345.0,1332.5,203497|203944|1629638|1630162|1642265,203999|1629618|1630192|1631128|1631212,2024-25,290.0,0,-6,0.125
265354,01:27,"MISS Jokic 4' Running Layup: Alexander-Walker BLOCK (2 BLK)
Randle REBOUND (Off:1 Def:2)
",1,0,0,0,2025-04-01,0022401102,0,0,MIN,2,0,6,01:35,Off Arc 3 Miss,0,MISS Jokic 4' Running Layup: Alexander-Walker BLOCK (2 BLK),,DEN,MIN,DEN,1610612743,2025,1345.0,1353.0,1349.0,203999|1629618|1630192|1631128|1631212,203497|203944|1629638|1630162|1642265,2024-25,292.0,0,6,0.25210084033613445
310249,01:18,"MISS Randle 2' Running Layup
Gobert REBOUND (Off:5 Def:1)
Gobert Tip Dunk Shot (7 PTS)
",2,1,0,0,2025-04-01,0022401102,0,1,DEN,2,0,-6,01:27,Off At Rim Block,0,Gobert REBOUND (Off:5 Def:1),,DEN,MIN,MIN,1610612750,2025,1353.0,1362.0,1357.5,203497|203944|1629638|1630162|1642265,203999|1629618|1630192|1631128|1631212,2024-25,311.0,0,-4,0.25
265352,01:05,"MISS Jokic 7' Floating Jump Shot
Edwards REBOUND (Off:0 Def:4)
",1,0,0,0,2025-04-01,0022401102,0,0,MIN,2,0,4,01:18,Off At Rim Make,0,MISS Jokic 7' Floating Jump Shot,,DEN,MIN,DEN,1610612743,2025,1362.0,1375.0,1368.5,203999|1629618|1630192|1631128|1631212,203497|203944|1629638|1630162|1642265,2024-25,298.0,0,4,0.21212121212121213
310247,00:54,"Alexander-Walker 3PT Jump Shot (13 PTS) (Edwards 2 AST)
",0,0,1,1,2025-04-01,0022401102,0,0,DEN,2,0,-4,01:05,Off Short Mid-Range Miss,0,Alexander-Walker 3PT Jump Shot (13 PTS) (Edwards 2 AST),,DEN,MIN,MIN,1610612750,2025,1375.0,1386.0,1380.5,203497|203944|1629638|1630162|1642265,203999|1629618|1630192|1631128|1631212,2024-25,300.0,0,-1,0.1038961038961039
265351,00:44,"Jokic Lost Ball Turnover (P3.T12): Dillingham STEAL (1 STL)
",0,0,0,0,2025-04-01,0022401102,0,0,MIN,2,0,1,00:54,Off Corner 3 Make,1,Jokic Lost Ball Turnover (P3.T12): Dillingham STEAL (1 STL),,DEN,MIN,DEN,1610612743,2025,1386.0,1396.0,1391.0,203999|1629618|1630192|1631128|1631212,203497|203944|1629638|1630162|1642265,2024-25,302.0,0,1,0.33707865168539325
310246,00:41,"Dillingham 2' Running Dunk (2 PTS)
",1,1,0,0,2025-04-01,0022401102,0,0,DEN,2,0,-1,00:44,Off Steal,0,Dillingham 2' Running Dunk (2 PTS),,DEN,MIN,MIN,1610612750,2025,1396.0,1399.0,1397.5,203497|203944|1629638|1630162|1642265,203999|1629618|1630192|1631128|1631212,2024-25,304.0,0,1,0.3582089552238806
265349,00:29,"MISS Jokic 16' Fadeaway Jumper
Randle REBOUND (Off:1 Def:3)
",1,0,0,0,2025-04-01,0022401102,0,0,MIN,2,0,-1,00:41,Off Timeout,0,MISS Jokic 16' Fadeaway Jumper,,DEN,MIN,DEN,1610612743,2025,1399.0,1411.0,1405.0,201566|203932|203999|1631128|1631212,203497|203944|1629638|1630162|1630183,2024-25,312.0,0,-1,0.1917808219178082
310239,00:17,"MISS McDaniels 3' Driving Floating Bank Jump Shot
Gobert REBOUND (Off:6 Def:1)
Gordon S.FOUL (P3.T4) (J.Van Duyne)
MISS Gobert Free Throw 1 of 2
Timberwolves Rebound
MISS Gobert Free Throw 2 of 2
Westbrook REBOUND (Off:0 Def:3)
",1,0,0,0,2025-04-01,0022401102,0,1,DEN,2,1,1,00:29,Off Long Mid-Range Miss,0,MISS McDaniels 3' Driving Floating Bank Jump Shot,,DEN,MIN,MIN,1610612750,2025,1411.0,1423.0,1417.0,203497|203944|1629638|1630162|1630183,201566|203932|203999|1631128|1631212,2024-25,324.0,0,1,0.5116279069767442
265348,00:03,"Randle S.FOUL (P1.T2) (S.Wright)
Jokic Free Throw 1 of 2 (22 PTS)
Jokic Free Throw 2 of 2 (23 PTS)
",0,0,0,0,2025-04-01,0022401102,0,0,MIN,2,1,-1,00:17,Off FT Miss,0,Jokic Free Throw 2 of 2 (23 PTS),,DEN,MIN,DEN,1610612743,2025,1423.0,1437.0,1430.0,201566|203932|203999|1631128|1631212,203497|203944|1629638|1630162|1630183,2024-25,324.0,23,22,0.3333333333333333
310238,00:02,"Randle Out of Bounds - Bad Pass Turnover Turnover (P2.T6)
",0,0,0,0,2025-04-01,0022401102,0,0,DEN,2,0,-1,00:03,Off FT Make,1,Randle Out of Bounds - Bad Pass Turnover Turnover (P2.T6),,DEN,MIN,MIN,1610612750,2025,1437.0,1438.0,1437.5,203497|203944|1629638|1630162|1630183,201566|203999|1630192|1631128|1631212,2024-25,328.0,0,-1,0.20512820512820512
265438,11:34,"MISS Watson 3PT Jump Shot
Gobert REBOUND (Off:6 Def:2)
",0,0,1,0,2025-04-01,0022401102,0,0,MIN,3,0,1,12:00,Off Dead Ball,0,Gobert REBOUND (Off:6 Def:2),,DEN,MIN,DEN,1610612743,2025,1440.0,1466.0,1453.0,203932|203999|1629618|1631128|1631212,201144|203497|203944|1630162|1630183,2024-25,342.0,0,1,0.375
310339,11:20,"Braun S.FOUL (P1.T1) (C.Washington)
Edwards Free Throw 1 of 2 (6 PTS)
Edwards Free Throw 2 of 2 (7 PTS)
",0,0,0,0,2025-04-01,0022401102,0,0,DEN,3,1,-1,11:34,Off Corner 3 Miss,0,Edwards Free Throw 1 of 2 (6 PTS),,DEN,MIN,MIN,1610612750,2025,1466.0,1480.0,1473.0,201144|203497|203944|1630162|1630183,203932|203999|1629618|1631128|1631212,2024-25,443.0,6,5,0.3655913978494624
265436,11:02,"Jokic 9' Driving Floating Jump Shot (25 PTS) (Gordon 3 AST)
",1,1,0,0,2025-04-01,0022401102,0,0,MIN,3,0,-1,11:20,Off FT Make,0,Jokic 9' Driving Floating Jump Shot (25 PTS) (Gordon 3 AST),,DEN,MIN,DEN,1610612743,2025,1480.0,1498.0,1489.0,203932|203999|1629618|1631128|1631212,201144|203497|203944|1630162|1630183,2024-25,346.0,0,1,0.3829787234042553
310337,10:46,"Gobert 2' Layup (9 PTS) (Conley 2 AST)
",1,1,0,0,2025-04-01,0022401102,0,0,DEN,3,0,-1,11:02,Off Short Mid-Range Make,0,Gobert 2' Layup (9 PTS) (Conley 2 AST),,DEN,MIN,MIN,1610612750,2025,1498.0,1514.0,1506.0,201144|203497|203944|1630162|1630183,203932|203999|1629618|1631128|1631212,2024-25,348.0,0,1,0.4050632911392405
265432,10:34,"Gobert S.FOUL (P3.T1) (S.Wright)
MISS Jokic Free Throw 1 of 2
NUGGETS Rebound
Jokic Free Throw 2 of 2 (26 PTS)
",0,0,0,0,2025-04-01,0022401102,0,0,MIN,3,1,-1,10:46,Off At Rim Make,0,Gobert S.FOUL (P3.T1) (S.Wright),,DEN,MIN,DEN,1610612743,2025,1514.0,1526.0,1520.0,203932|203999|1629618|1631128|1631212,201144|203497|203944|1630162|1630183,2024-25,352.0,0,-1,0.2857142857142857
310336,10:22,"Gobert 1' Alley Oop Dunk (11 PTS) (Randle 1 AST)
",1,1,0,0,2025-04-01,0022401102,0,0,DEN,3,0,0,10:34,Off FT Make,0,Gobert 1' Alley Oop Dunk (11 PTS) (Randle 1 AST),,DEN,MIN,MIN,1610612750,2025,1526.0,1538.0,1532.0,201144|203497|203944|1630162|1630183,203932|203999|1629618|1631128|1631212,2024-25,355.0,0,2,0.2926829268292683
265431,10:12,"Jokic Backcourt Turnover (P4.T13)
",0,0,0,0,2025-04-01,0022401102,0,0,MIN,3,0,-2,10:22,Off At Rim Make,1,Jokic Backcourt Turnover (P4.T13),,DEN,MIN,DEN,1610612743,2025,1538.0,1548.0,1543.0,203932|203999|1629618|1631128|1631212,201144|203497|203944|1630162|1630183,2024-25,357.0,0,-2,0.3125
310334,09:54,"MISS Randle 25' 3PT Jump Shot
Watson REBOUND (Off:0 Def:3)
",0,0,1,0,2025-04-01,0022401102,0,0,DEN,3,0,2,10:12,Off Dead Ball,0,MISS Randle 25' 3PT Jump Shot,,DEN,MIN,MIN,1610612750,2025,1548.0,1566.0,1557.0,201144|203497|203944|1630162|1630183,203932|203999|1629618|1631128|1631212,2024-25,358.0,0,2,0.34782608695652173
265429,09:42,"MISS Pickett 3PT Jump Shot
Gobert REBOUND (Off:6 Def:3)
",0,0,1,0,2025-04-01,0022401102,0,0,MIN,3,0,-2,09:54,Off Arc 3 Miss,0,MISS Pickett 3PT Jump Shot,,DEN,MIN,DEN,1610612743,2025,1566.0,1578.0,1572.0,203932|203999|1629618|1631128|1631212,201144|203497|203944|1630162|1630183,2024-25,360.0,0,-2,0.2033898305084746
310333,09:34,"Edwards Out of Bounds - Bad Pass Turnover Turnover (P2.T7)
",0,0,0,0,2025-04-01,0022401102,0,0,DEN,3,0,2,09:42,Off Corner 3 Miss,1,Edwards Out of Bounds - Bad Pass Turnover Turnover (P2.T7),,DEN,MIN,MIN,1610612750,2025,1578.0,1586.0,1582.0,201144|203497|203944|1630162|1630183,203932|203999|1629618|1631128|1631212,2024-25,362.0,0,2,0.5420560747663551
265427,09:17,"MISS Gordon 18' Jump Shot
Gobert REBOUND (Off:6 Def:4)
",1,0,0,0,2025-04-01,0022401102,0,0,MIN,3,0,-2,09:34,Off Dead Ball,0,MISS Gordon 18' Jump Shot,,DEN,MIN,DEN,1610612743,2025,1586.0,1603.0,1594.5,203932|203999|1629618|1631128|1631212,201144|203497|203944|1630162|1630183,2024-25,363.0,0,-2,0.3
310329,09:04,"MISS McDaniels 24' 3PT Jump Shot
McDaniels REBOUND (Off:2 Def:1)
Gordon BLOCK (1 BLK): MISS McDaniels 5' Driving Layup
Gordon REBOUND (Off:0 Def:4)
",1,0,1,0,2025-04-01,0022401102,0,1,DEN,3,0,2,09:17,Off Long Mid-Range Miss,0,MISS McDaniels 24' 3PT Jump Shot,,DEN,MIN,MIN,1610612750,2025,1603.0,1616.0,1609.5,201144|203497|203944|1630162|1630183,203932|203999|1629618|1631128|1631212,2024-25,365.0,0,2,0.4523809523809524
265426,08:58,"Pickett 3PT Running Jump Shot (5 PTS) (Jokic 2 AST)
",0,0,1,1,2025-04-01,0022401102,0,0,MIN,3,0,-2,09:04,Off Block,0,Pickett 3PT Running Jump Shot (5 PTS) (Jokic 2 AST),,DEN,MIN,DEN,1610612743,2025,1616.0,1622.0,1619.0,203932|203999|1629618|1631128|1631212,201144|203497|203944|1630162|1630183,2024-25,370.0,0,1,0.1643835616438356
310328,08:45,"Conley 26' 3PT Pullup Jump Shot (3 PTS) (Randle 2 AST)
",0,0,1,1,2025-04-01,0022401102,0,0,DEN,3,0,-1,08:58,Off Corner 3 Make,0,Conley 26' 3PT Pullup Jump Shot (3 PTS) (Randle 2 AST),,DEN,MIN,MIN,1610612750,2025,1622.0,1635.0,1628.5,201144|203497|203944|1630162|1630183,203932|203999|1629618|1631128|1631212,2024-25,372.0,0,2,0.1590909090909091
265424,08:12,"MISS Gordon 1' Driving Layup
Braun REBOUND (Off:2 Def:6)
MISS Watson 8' Driving Floating Jump Shot
Jokic REBOUND (Off:1 Def:6)
McDaniels S.FOUL (P2.T2) (J.Van Duyne)
Jokic Free Throw 1 of 2 (27 PTS)
Jokic Free Throw 2 of 2 (28 PTS)
",2,0,0,0,2025-04-01,0022401102,0,2,MIN,3,1,-2,08:45,Off Arc 3 Make,0,Jokic Free Throw 1 of 2 (27 PTS),,DEN,MIN,DEN,1610612743,2025,1635.0,1668.0,1651.5,203932|203999|1629618|1631128|1631212,201144|203497|203944|1630162|1630183,2024-25,380.0,27,25,0.3225806451612903
310327,07:49,"McDaniels 9' Driving Floating Jump Shot (6 PTS) (Conley 3 AST)
",1,1,0,0,2025-04-01,0022401102,0,0,DEN,3,0,0,08:12,Off FT Make,0,McDaniels 9' Driving Floating Jump Shot (6 PTS) (Conley 3 AST),,DEN,MIN,MIN,1610612750,2025,1668.0,1691.0,1679.5,201144|203497|203944|1630162|1630183,203932|203999|1629618|1631128|1631212,2024-25,382.0,0,2,0.5294117647058824
265416,07:26,"MISS Watson 26' 3PT Jump Shot
Jokic REBOUND (Off:2 Def:6)
Braun 2' Layup (11 PTS) (Jokic 3 AST)
",1,1,1,0,2025-04-01,0022401102,0,1,MIN,3,0,-2,07:49,Off Short Mid-Range Make,0,MISS Watson 26' 3PT Jump Shot,,DEN,MIN,DEN,1610612743,2025,1691.0,1714.0,1702.5,203932|203999|1629618|1631128|1631212,201144|203497|203944|1630162|1630183,2024-25,441.0,0,0,0.25
310326,07:03,"McDaniels 9' Driving Floating Jump Shot (8 PTS) (Edwards 3 AST)
",1,1,0,0,2025-04-01,0022401102,0,0,DEN,3,0,0,07:26,Off At Rim Make,0,McDaniels 9' Driving Floating Jump Shot (8 PTS) (Edwards 3 AST),,DEN,MIN,MIN,1610612750,2025,1714.0,1737.0,1725.5,201144|203497|203944|1630162|1630183,203932|203999|1629618|1631128|1631212,2024-25,388.0,0,2,0.2736842105263158
265414,06:47,"MISS Braun 26' 3PT Step Back Jump Shot
Edwards REBOUND (Off:0 Def:5)
",0,0,1,0,2025-04-01,0022401102,0,0,MIN,3,0,-2,07:03,Off Short Mid-Range Make,0,MISS Braun 26' 3PT Step Back Jump Shot,,DEN,MIN,DEN,1610612743,2025,1737.0,1753.0,1745.0,203932|203999|1629618|1631128|1631212,201144|203497|203944|1630162|1630183,2024-25,390.0,0,-2,0.7536231884057971
310324,06:25,"Watson P.FOUL (P2.T2) (S.Wright)
Randle 10' Turnaround Fadeaway (13 PTS)
",1,1,0,0,2025-04-01,0022401102,0,0,DEN,3,0,2,06:47,Off Timeout,0,Watson P.FOUL (P2.T2) (S.Wright),,DEN,MIN,MIN,1610612750,2025,1753.0,1775.0,1764.0,201144|203497|203944|1630162|1630183,203932|203999|1629618|1631128|1631212,2024-25,440.0,0,4,0.2909090909090909
265411,05:41,"MISS Braun 27' 3PT Jump Shot
Pickett REBOUND (Off:1 Def:2)
MISS Watson 3PT Jump Shot
Braun REBOUND (Off:3 Def:6)
Braun 2' Driving Finger Roll Layup (13 PTS) (Jokic 4 AST)
",1,1,2,0,2025-04-01,0022401102,0,2,MIN,3,0,-4,06:25,Off Short Mid-Range Make,0,MISS Watson 3PT Jump Shot,,DEN,MIN,DEN,1610612743,2025,1775.0,1819.0,1797.0,203932|203999|1629618|1631128|1631212,201144|203497|203944|1630162|1630183,2024-25,400.0,0,-2,0.2077922077922078
310322,05:21,"MISS Edwards 16' Pullup Jump Shot
Pickett REBOUND (Off:1 Def:3)
",1,0,0,0,2025-04-01,0022401102,0,0,DEN,3,0,2,05:41,Off At Rim Make,0,MISS Edwards 16' Pullup Jump Shot,,DEN,MIN,MIN,1610612750,2025,1819.0,1839.0,1829.0,201144|203497|203944|1630162|1630183,203932|203999|1629618|1631128|1631212,2024-25,402.0,0,2,0.11764705882352941
265408,05:09,"Jokic 25' 3PT Jump Shot (31 PTS) (Pickett 3 AST)
",0,0,1,1,2025-04-01,0022401102,0,0,MIN,3,0,-2,05:21,Off Long Mid-Range Miss,0,Jokic 25' 3PT Jump Shot (31 PTS) (Pickett 3 AST),,DEN,MIN,DEN,1610612743,2025,1839.0,1851.0,1845.0,203932|203999|1629618|1631128|1631212,201144|203497|203944|1630162|1630183,2024-25,404.0,0,1,0.30985915492957744
310320,04:49,"Gobert 1' Cutting Layup Shot (13 PTS) (Edwards 4 AST)
Jokic S.FOUL (P2.T3) (S.Wright)
Gobert Free Throw 1 of 1 (14 PTS)
",1,1,0,0,2025-04-01,0022401102,0,0,DEN,3,1,-1,05:09,Off Arc 3 Make,0,Jokic S.FOUL (P2.T3) (S.Wright),,DEN,MIN,MIN,1610612750,2025,1851.0,1871.0,1861.0,201144|203497|203944|1630162|1630183,203932|203999|1629618|1631128|1631212,2024-25,406.0,0,1,0.18518518518518517
265406,04:37,"Alexander-Walker P.FOUL (P2.T3) (C.Washington)
Watson Out of Bounds - Bad Pass Turnover Turnover (P1.T14)
",0,0,0,0,2025-04-01,0022401102,0,0,MIN,3,0,-2,04:49,Off FT Make,1,Alexander-Walker P.FOUL (P2.T3) (C.Washington),,DEN,MIN,DEN,1610612743,2025,1871.0,1883.0,1877.0,201566|203932|203999|1631128|1631212,203497|203944|1629638|1630162|1630183,2024-25,419.0,0,-2,0.18421052631578946
310317,04:30,"Randle OFF.Foul (P2) (S.Wright)
Randle Offensive Foul Turnover (P3.T8)
",0,0,0,0,2025-04-01,0022401102,0,0,DEN,3,0,2,04:37,Off Dead Ball,1,Randle OFF.Foul (P2) (S.Wright),,DEN,MIN,MIN,1610612750,2025,1883.0,1890.0,1886.5,203944|1629638|1630162|1630183|1631169,201566|203932|203999|1631128|1631212,2024-25,420.0,0,2,0.2222222222222222
265404,04:19,"MISS Westbrook 1' Driving Finger Roll Layup
Randle REBOUND (Off:1 Def:4)
",1,0,0,0,2025-04-01,0022401102,0,0,MIN,3,0,-2,04:30,Off Dead Ball,0,MISS Westbrook 1' Driving Finger Roll Layup,,DEN,MIN,DEN,1610612743,2025,1890.0,1901.0,1895.5,201566|203932|203999|1631128|1631212,203944|1629638|1630162|1630183|1631169,2024-25,423.0,0,-2,0.3333333333333333
310316,04:01,"Edwards 3' Driving Finger Roll Layup (9 PTS)
",1,1,0,0,2025-04-01,0022401102,0,0,DEN,3,0,2,04:19,Off At Rim Miss,0,Edwards 3' Driving Finger Roll Layup (9 PTS),,DEN,MIN,MIN,1610612750,2025,1901.0,1919.0,1910.0,203944|1629638|1630162|1630183|1631169,201566|203932|203999|1631128|1631212,2024-25,425.0,0,4,0.375
265403,03:40,"Gordon 11' Turnaround Fadeaway (11 PTS)
",1,1,0,0,2025-04-01,0022401102,0,0,MIN,3,0,-4,04:01,Off At Rim Make,0,Gordon 11' Turnaround Fadeaway (11 PTS),,DEN,MIN,DEN,1610612743,2025,1919.0,1940.0,1929.5,201566|203932|203999|1631128|1631212,203944|1629638|1630162|1630183|1631169,2024-25,426.0,0,-2,0.19672131147540983
310315,03:17,"MISS Randle 4' Driving Bank Hook Shot
Jokic REBOUND (Off:2 Def:7)
",1,0,0,0,2025-04-01,0022401102,0,0,DEN,3,0,2,03:40,Off Short Mid-Range Make,0,Jokic REBOUND (Off:2 Def:7),,DEN,MIN,MIN,1610612750,2025,1940.0,1963.0,1951.5,203944|1629638|1630162|1630183|1631169,201566|203932|203999|1631128|1631212,2024-25,459.0,0,2,0.8
265398,02:38,"Pickett 2' Driving Layup (7 PTS) (Nnaji 1 AST)
",1,1,0,0,2025-04-01,0022401102,0,0,MIN,3,0,-3,02:54,Off Short Mid-Range Make,0,Pickett 2' Driving Layup (7 PTS) (Nnaji 1 AST),,DEN,MIN,DEN,1610612743,2025,1986.0,2002.0,1994.0,201566|203999|1629618|1630192|1631212,203944|1629638|1630162|1631169|1641740,2024-25,442.0,0,-1,0.175
310312,02:29,"Nnaji S.FOUL (P1.T4) (C.Washington)
MISS Edwards Free Throw 1 of 2
Timberwolves Rebound
Edwards Free Throw 2 of 2 (10 PTS)
",0,0,0,0,2025-04-01,0022401102,0,0,DEN,3,1,1,02:38,Off At Rim Make,0,Edwards Free Throw 2 of 2 (10 PTS),,DEN,MIN,MIN,1610612750,2025,2002.0,2011.0,2006.5,203944|1629638|1630162|1631169|1641740,201566|203999|1629618|1630192|1631212,2024-25,441.0,10,11,0.25806451612903225
265397,02:14,"Westbrook Bad Pass Turnover (P2.T15): Randle STEAL (1 STL)
",0,0,0,0,2025-04-01,0022401102,0,0,MIN,3,0,-2,02:29,Off FT Make,1,Westbrook Bad Pass Turnover (P2.T15): Randle STEAL (1 STL),,DEN,MIN,DEN,1610612743,2025,2011.0,2026.0,2018.5,201566|203999|1629618|1630192|1631212,203944|1629638|1630162|1631169|1641740,2024-25,451.0,0,-2,0.24719101123595505
310308,02:12,"Randle 1' Running Dunk (15 PTS)
",1,1,0,0,2025-04-01,0022401102,0,0,DEN,3,0,2,02:14,Off Steal,0,Randle 1' Running Dunk (15 PTS),,DEN,MIN,MIN,1610612750,2025,2026.0,2028.0,2027.0,203944|1629638|1630162|1631169|1641740,201566|203999|1629618|1630192|1631212,2024-25,453.0,0,4,0.3225806451612903
265396,02:04,"Alexander-Walker S.FOUL (P3.PN) (J.Van Duyne)
MISS Westbrook Free Throw 1 of 2
NUGGETS Rebound
Westbrook Free Throw 2 of 2 (3 PTS)
",0,0,0,0,2025-04-01,0022401102,0,0,MIN,3,1,-4,02:12,Off At Rim Make,0,Westbrook Free Throw 2 of 2 (3 PTS),,DEN,MIN,DEN,1610612743,2025,2028.0,2036.0,2032.0,201566|203999|1629618|1630192|1631212,203944|1629638|1630162|1631169|1641740,2024-25,476.0,3,-1,0.21951219512195122
265391,01:43,"Westbrook Offensive Charge Foul (P2) (J.Van Duyne)
Westbrook Offensive Foul Turnover (P3.T16)
",0,0,0,0,2025-04-01,0022401102,0,0,MIN,3,0,-6,01:55,Off FT Make,1,Westbrook Offensive Charge Foul (P2) (J.Van Duyne),,DEN,MIN,DEN,1610612743,2025,2045.0,2057.0,2051.0,201566|203999|1629618|1630192|1631212,203944|1629638|1630162|1631169|1641740,2024-25,466.0,0,-6,0.375
310304,01:32,"Minott 1' Cutting Layup Shot (10 PTS) (Randle 4 AST)
",1,1,0,0,2025-04-01,0022401102,0,0,DEN,3,0,6,01:43,Off Dead Ball,0,Minott 1' Cutting Layup Shot (10 PTS) (Randle 4 AST),,DEN,MIN,MIN,1610612750,2025,2057.0,2068.0,2062.5,203944|1629638|1630162|1631169|1641740,201566|203999|1629618|1630192|1631212,2024-25,467.0,0,8,0.27906976744186046
265388,01:22,"Westbrook 2' Driving Layup (5 PTS)
Minott S.FOUL (P2.PN) (J.Van Duyne)
Westbrook Free Throw 1 of 1 (6 PTS)
",1,1,0,0,2025-04-01,0022401102,0,0,MIN,3,1,-8,01:32,Off At Rim Make,0,Westbrook 2' Driving Layup (5 PTS),,DEN,MIN,DEN,1610612743,2025,2068.0,2078.0,2073.0,201566|203999|1629618|1630192|1631212,203944|1629638|1630162|1631169|1641740,2024-25,469.0,0,-6,0.2318840579710145
310302,00:54,"MISS Randle Driving Layup
Clark REBOUND (Off:1 Def:0)
MISS Clark Tip Layup Shot
Clark REBOUND (Off:2 Def:0)
Randle 1' Driving Dunk (17 PTS) (Clark 2 AST)
",3,1,0,0,2025-04-01,0022401102,0,2,DEN,3,0,5,01:22,Off FT Make,0,Clark REBOUND (Off:2 Def:0),,DEN,MIN,MIN,1610612750,2025,2078.0,2106.0,2092.0,203944|1629638|1630162|1631169|1641740,201566|203999|1629618|1630192|1631128,2024-25,584.0,0,7,0.7213114754098361
265386,00:50,"Randle S.FOUL (P3.PN) (S.Wright)
Jokic Free Throw 1 of 2 (32 PTS)
Jokic Free Throw 2 of 2 (33 PTS)
",0,0,0,0,2025-04-01,0022401102,0,0,MIN,3,1,-7,00:54,Off At Rim Make,0,Jokic Free Throw 1 of 2 (32 PTS),,DEN,MIN,DEN,1610612743,2025,2106.0,2110.0,2108.0,201566|203999|1629618|1630192|1631128,203944|1629638|1630162|1631169|1641740,2024-25,483.0,32,25,0.2894736842105263
310295,00:18,"MISS Minott 3PT Jump Shot
Edwards REBOUND (Off:1 Def:5)
Clark Offensive Charge Foul (P4) (J.Van Duyne)
Clark Offensive Foul Turnover (P1.T9)
",0,0,1,0,2025-04-01,0022401102,0,1,DEN,3,0,5,00:50,Off FT Make,1,MISS Minott 3PT Jump Shot,,DEN,MIN,MIN,1610612750,2025,2110.0,2142.0,2126.0,203944|1629638|1630162|1631169|1641740,201566|203999|1629618|1630192|1631128,2024-25,485.0,0,5,0.17857142857142858
265383,00:00,"MISS Jokic 26' 3PT Step Back Jump Shot
NUGGETS Rebound
",0,0,1,0,2025-04-01,0022401102,0,0,MIN,3,0,-5,00:18,Off Timeout,0,MISS Jokic 26' 3PT Step Back Jump Shot,,DEN,MIN,DEN,1610612743,2025,2142.0,2160.0,2151.0,201566|203999|1629618|1630192|1631128,203944|1629638|1630162|1630183|1641740,2024-25,495.0,0,-5,0.34285714285714286
310383,11:41,"MISS Alexander-Walker 25' 3PT Pullup Jump Shot
Gordon REBOUND (Off:0 Def:5)
",0,0,1,0,2025-04-01,0022401102,0,0,DEN,4,0,5,12:00,Off Dead Ball,0,Gordon REBOUND (Off:0 Def:5),,DEN,MIN,MIN,1610612750,2025,2160.0,2179.0,2169.5,201144|203497|1629638|1630183|1641740,201566|203932|203999|1629618|1631128,2024-25,508.0,0,5,0.28
265483,11:37,"Jokic 2' Running Finger Roll Layup (35 PTS) (Westbrook 4 AST)
",1,1,0,0,2025-04-01,0022401102,0,0,MIN,4,0,-5,11:41,Off Arc 3 Miss,0,Jokic 2' Running Finger Roll Layup (35 PTS) (Westbrook 4 AST),,DEN,MIN,DEN,1610612743,2025,2179.0,2183.0,2181.0,201566|203932|203999|1629618|1631128,201144|203497|1629638|1630183|1641740,2024-25,507.0,0,-3,0.14457831325301204
310380,11:20,"MISS Clark 25' 3PT Jump Shot
Braun REBOUND (Off:3 Def:7)
",0,0,1,0,2025-04-01,0022401102,0,0,DEN,4,0,3,11:37,Off At Rim Make,0,MISS Clark 25' 3PT Jump Shot,,DEN,MIN,MIN,1610612750,2025,2183.0,2200.0,2191.5,201144|203497|1629638|1630183|1641740,201566|203932|203999|1629618|1631128,2024-25,509.0,0,3,0.7346938775510204
265482,11:06,"Jokic 2' Cutting Finger Roll Layup Shot (37 PTS) (Braun 2 AST)
",1,1,0,0,2025-04-01,0022401102,0,0,MIN,4,0,-3,11:20,Off Corner 3 Miss,0,Jokic 2' Cutting Finger Roll Layup Shot (37 PTS) (Braun 2 AST),,DEN,MIN,DEN,1610612743,2025,2200.0,2214.0,2207.0,201566|203932|203999|1629618|1631128,201144|203497|1629638|1630183|1641740,2024-25,511.0,0,-1,0.40816326530612246
310379,10:52,"Jokic STEAL (2 STL): McDaniels Bad Pass Turnover (P2.T10)
",0,0,0,0,2025-04-01,0022401102,0,0,DEN,4,0,1,11:06,Off At Rim Make,1,Jokic STEAL (2 STL): McDaniels Bad Pass Turnover (P2.T10),,DEN,MIN,MIN,1610612750,2025,2214.0,2228.0,2221.0,201144|203497|1629638|1630183|1641740,201566|203932|203999|1629618|1631128,2024-25,513.0,0,1,0.2
265481,10:48,"Gordon 26' 3PT Running Pull-Up Jump Shot (14 PTS) (Jokic 5 AST)
",0,0,1,1,2025-04-01,0022401102,0,0,MIN,4,0,-1,10:52,Off Steal,0,Gordon 26' 3PT Running Pull-Up Jump Shot (14 PTS) (Jokic 5 AST),,DEN,MIN,DEN,1610612743,2025,2228.0,2232.0,2230.0,201566|203932|203999|1629618|1631128,201144|203497|1629638|1630183|1641740,2024-25,515.0,0,2,0.34615384615384615
310378,10:25,"MISS McDaniels 15' Pullup Jump Shot
Jokic REBOUND (Off:2 Def:8)
",1,0,0,0,2025-04-01,0022401102,0,0,DEN,4,0,-2,10:48,Off Timeout,0,Jokic REBOUND (Off:2 Def:8),,DEN,MIN,MIN,1610612750,2025,2232.0,2255.0,2243.5,201144|203497|1629638|1630183|1641740,201566|203932|203999|1629618|1631128,2024-25,551.0,0,-2,0.6779661016949152
265479,10:09,"McDaniels P.FOUL (P3.T1) (S.Wright)
Jokic 27' 3PT Jump Shot (40 PTS) (Pickett 4 AST)
",0,0,1,1,2025-04-01,0022401102,0,0,MIN,4,0,2,10:25,Off Long Mid-Range Miss,0,McDaniels P.FOUL (P3.T1) (S.Wright),,DEN,MIN,DEN,1610612743,2025,2255.0,2271.0,2263.0,201566|203932|203999|1629618|1631128,201144|203497|203944|1629638|1630183,2024-25,524.0,0,5,0.2413793103448276
310373,09:30,"Jokic P.FOUL (P3.T1) (J.Van Duyne)
MISS Edwards 25' 3PT Jump Shot
Conley REBOUND (Off:1 Def:0)
Randle 3' Driving Floating Bank Jump Shot (19 PTS) (Alexander-Walker 6 AST)
",1,1,1,0,2025-04-01,0022401102,0,1,DEN,4,0,-5,10:09,Off Arc 3 Make,0,Jokic P.FOUL (P3.T1) (J.Van Duyne),,DEN,MIN,MIN,1610612750,2025,2271.0,2310.0,2290.5,201144|203497|203944|1629638|1630162,201566|203932|203999|1629618|1631128,2024-25,535.0,0,-3,0.25
265477,09:17,"Conley S.FOUL (P2.T2) (S.Wright)
Gordon Free Throw 1 of 2 (15 PTS)
Gordon Free Throw 2 of 2 (16 PTS)
",0,0,0,0,2025-04-01,0022401102,0,0,MIN,4,1,3,09:30,Off At Rim Make,0,Gordon Free Throw 1 of 2 (15 PTS),,DEN,MIN,DEN,1610612743,2025,2310.0,2323.0,2316.5,201566|203932|203999|1629618|1631128,201144|203497|203944|1629638|1630162,2024-25,523.0,15,18,0.2857142857142857
310372,09:02,"Braun STEAL (2 STL): Randle Bad Pass Turnover (P4.T11)
",0,0,0,0,2025-04-01,0022401102,0,0,DEN,4,0,-5,09:17,Off FT Make,1,Braun STEAL (2 STL): Randle Bad Pass Turnover (P4.T11),,DEN,MIN,MIN,1610612750,2025,2323.0,2338.0,2330.5,201144|203497|203944|1629638|1630162,201566|203932|203999|1629618|1631128,2024-25,541.0,0,-5,0.38961038961038963
265472,08:28,"Randle P.FOUL (P4.T3) (C.Washington)
MISS Pickett 26' 3PT Pullup Jump Shot
Braun REBOUND (Off:4 Def:7)
Pickett 1' Cutting Layup Shot (9 PTS) (Jokic 6 AST)
",1,1,1,0,2025-04-01,0022401102,0,1,MIN,4,0,5,09:02,Off Steal,0,Randle P.FOUL (P4.T3) (C.Washington),,DEN,MIN,DEN,1610612743,2025,2338.0,2372.0,2355.0,201566|203932|203999|1629618|1631128,201144|203497|203944|1629638|1630162,2024-25,547.0,0,7,0.2702702702702703
310370,08:01,"MISS Conley 3PT Jump Shot
Westbrook REBOUND (Off:0 Def:4)
",0,0,1,0,2025-04-01,0022401102,0,0,DEN,4,0,-7,08:28,Off At Rim Make,0,MISS Conley 3PT Jump Shot,,DEN,MIN,MIN,1610612750,2025,2372.0,2399.0,2385.5,201144|203497|203944|1629638|1630162,201566|203932|203999|1629618|1631128,2024-25,549.0,0,-7,0.3728813559322034
265471,07:55,"Braun 2' Running Layup (15 PTS) (Westbrook 5 AST)
",1,1,0,0,2025-04-01,0022401102,0,0,MIN,4,0,7,08:01,Off Corner 3 Miss,0,Braun 2' Running Layup (15 PTS) (Westbrook 5 AST),,DEN,MIN,DEN,1610612743,2025,2399.0,2405.0,2402.0,201566|203932|203999|1629618|1631128,201144|203497|203944|1629638|1630162,2024-25,551.0,0,9,0.4380952380952381
310369,07:35,"Conley 3PT Jump Shot (6 PTS) (Alexander-Walker 7 AST)
",0,0,1,1,2025-04-01,0022401102,0,0,DEN,4,0,-9,07:55,Off Timeout,0,Conley 3PT Jump Shot (6 PTS) (Alexander-Walker 7 AST),,DEN,MIN,MIN,1610612750,2025,2405.0,2425.0,2415.0,201144|203497|203944|1629638|1630162,201566|203932|203999|1629618|1631128,2024-25,554.0,0,-6,0.8543689320388349
265470,07:19,"Gordon 1' Driving Layup (18 PTS) (Pickett 5 AST)
",1,1,0,0,2025-04-01,0022401102,0,0,MIN,4,0,6,07:35,Off Corner 3 Make,0,Gordon 1' Driving Layup (18 PTS) (Pickett 5 AST),,DEN,MIN,DEN,1610612743,2025,2425.0,2441.0,2433.0,201566|203932|203999|1629618|1631128,201144|203497|203944|1629638|1630162,2024-25,556.0,0,8,0.28169014084507044
310367,06:57,"MISS Alexander-Walker 3PT Step Back Jump Shot
Gordon REBOUND (Off:0 Def:6)
",0,0,1,0,2025-04-01,0022401102,0,0,DEN,4,0,-8,07:19,Off At Rim Make,0,MISS Alexander-Walker 3PT Step Back Jump Shot,,DEN,MIN,MIN,1610612750,2025,2441.0,2463.0,2452.0,201144|203497|203944|1629638|1630162,201566|203932|203999|1629618|1631128,2024-25,558.0,0,-8,0.15873015873015872
265467,06:53,"Jokic 2' Hook Shot (42 PTS) (Braun 3 AST)
Gobert S.FOUL (P4.T4) (J.Van Duyne)
Jokic Free Throw 1 of 1 (43 PTS)
",1,1,0,0,2025-04-01,0022401102,0,0,MIN,4,1,8,06:57,Off Corner 3 Miss,0,Jokic 2' Hook Shot (42 PTS) (Braun 3 AST),,DEN,MIN,DEN,1610612743,2025,2463.0,2467.0,2465.0,201566|203932|203999|1629618|1631128,201144|203497|203944|1629638|1630162,2024-25,560.0,0,10,0.379746835443038
310366,06:34,"Edwards 24' 3PT Pullup Jump Shot (13 PTS)
",0,0,1,1,2025-04-01,0022401102,0,0,DEN,4,0,-11,06:53,Off FT Make,0,Edwards 24' 3PT Pullup Jump Shot (13 PTS),,DEN,MIN,MIN,1610612750,2025,2467.0,2486.0,2476.5,201144|203497|203944|1629638|1630162,201566|203932|203999|1629618|1631128,2024-25,565.0,0,-8,0.16666666666666666
265465,06:04,"MISS Braun 3PT Jump Shot
Edwards REBOUND (Off:1 Def:6)
",0,0,1,0,2025-04-01,0022401102,0,0,MIN,4,0,8,06:34,Off Arc 3 Make,0,MISS Braun 3PT Jump Shot,,DEN,MIN,DEN,1610612743,2025,2486.0,2516.0,2501.0,201566|203932|203999|1629618|1631128,201144|203497|203944|1629638|1630162,2024-25,566.0,0,8,0.25
310364,05:47,"Jokic P.FOUL (P4.T2) (S.Wright)
Gobert 1' Dunk (16 PTS) (Edwards 6 AST)
",1,1,0,0,2025-04-01,0022401102,0,0,DEN,4,0,-8,06:04,Off Corner 3 Miss,0,Jokic P.FOUL (P4.T2) (S.Wright),,DEN,MIN,MIN,1610612750,2025,2516.0,2533.0,2524.5,203497|203944|1629638|1630162|1630183,201566|203932|203999|1631128|1631212,2024-25,574.0,0,-6,0.19444444444444445
265461,05:36,"Randle P.FOUL (P5.PN) (S.Wright)
MISS Jokic Free Throw 1 of 2
NUGGETS Rebound
Jokic Free Throw 2 of 2 (44 PTS)
",0,0,0,0,2025-04-01,0022401102,1,0,MIN,4,0,6,05:47,Off At Rim Make,0,Randle P.FOUL (P5.PN) (S.Wright),,DEN,MIN,DEN,1610612743,2025,2533.0,2544.0,2538.5,201566|203932|203999|1631128|1631212,203497|203944|1629638|1630162|1630183,2024-25,602.0,0,6,0.3614457831325301
310361,05:25,"Westbrook S.FOUL (P3.T3) (S.Wright)
Gobert Free Throw 1 of 2 (17 PTS)
Gobert Free Throw 2 of 2 (18 PTS)
",0,0,0,0,2025-04-01,0022401102,0,0,DEN,4,1,-7,05:36,Off FT Make,0,Westbrook S.FOUL (P3.T3) (S.Wright),,DEN,MIN,MIN,1610612750,2025,2544.0,2555.0,2549.5,203497|203944|1629638|1630162|1630183,201566|203932|203999|1631128|1631212,2024-25,576.0,0,-7,0.2608695652173913
265460,05:11,"Braun 25' 3PT Jump Shot (18 PTS) (Westbrook 6 AST)
",0,0,1,1,2025-04-01,0022401102,0,0,MIN,4,0,5,05:25,Off FT Make,0,Braun 25' 3PT Jump Shot (18 PTS) (Westbrook 6 AST),,DEN,MIN,DEN,1610612743,2025,2555.0,2569.0,2562.0,201566|203932|203999|1631128|1631212,203497|203944|1629638|1630162|1630183,2024-25,585.0,0,8,0.3333333333333333
310360,04:57,"Randle 25' 3PT Jump Shot (22 PTS) (Edwards 7 AST)
",0,0,1,1,2025-04-01,0022401102,0,0,DEN,4,0,-8,05:11,Off Arc 3 Make,0,Randle 25' 3PT Jump Shot (22 PTS) (Edwards 7 AST),,DEN,MIN,MIN,1610612750,2025,2569.0,2583.0,2576.0,203497|203944|1629638|1630162|1630183,201566|203932|203999|1631128|1631212,2024-25,587.0,0,-5,0.35294117647058826
265459,04:41,"Westbrook 2' Cutting Finger Roll Layup Shot (8 PTS) (Jokic 7 AST)
",1,1,0,0,2025-04-01,0022401102,0,0,MIN,4,0,5,04:57,Off Arc 3 Make,0,Westbrook 2' Cutting Finger Roll Layup Shot (8 PTS) (Jokic 7 AST),,DEN,MIN,DEN,1610612743,2025,2583.0,2599.0,2591.0,201566|203932|203999|1631128|1631212,203497|203944|1629638|1630162|1630183,2024-25,589.0,0,7,0.32323232323232326
310357,04:33,"Watson S.FOUL (P3.T4) (J.Van Duyne)
Edwards Free Throw 1 of 2 (14 PTS)
Edwards Free Throw 2 of 2 (15 PTS)
",0,0,0,0,2025-04-01,0022401102,0,0,DEN,4,1,-7,04:41,Off At Rim Make,0,Watson S.FOUL (P3.T4) (J.Van Duyne),,DEN,MIN,MIN,1610612750,2025,2599.0,2607.0,2603.0,203497|203944|1629638|1630162|1630183,201566|203932|203999|1631128|1631212,2024-25,593.0,0,-7,0.16393442622950818
265457,04:12,"MISS Gordon 27' 3PT Jump Shot
Edwards REBOUND (Off:1 Def:7)
",0,0,1,0,2025-04-01,0022401102,0,0,MIN,4,0,5,04:33,Off FT Make,0,MISS Gordon 27' 3PT Jump Shot,,DEN,MIN,DEN,1610612743,2025,2607.0,2628.0,2617.5,201566|203932|203999|1631128|1631212,203497|203944|1629638|1630162|1630183,2024-25,595.0,0,5,0.16
310356,03:55,"Randle 2' Driving Layup (24 PTS) (Edwards 8 AST)
",1,1,0,0,2025-04-01,0022401102,0,0,DEN,4,0,-5,04:12,Off Arc 3 Miss,0,Randle 2' Driving Layup (24 PTS) (Edwards 8 AST),,DEN,MIN,MIN,1610612750,2025,2628.0,2645.0,2636.5,203497|203944|1629638|1630162|1630183,201566|203932|203999|1631128|1631212,2024-25,597.0,0,-3,0.08571428571428572
310355,03:05,"Edwards Driving Layup (17 PTS)
",1,1,0,0,2025-04-01,0022401102,0,0,DEN,4,0,-4,03:18,Off Long Mid-Range Miss,0,Edwards Driving Layup (17 PTS),,DEN,MIN,MIN,1610612750,2025,2682.0,2695.0,2688.5,203497|203944|1629638|1630162|1630183,201566|203932|203999|1631128|1631212,2024-25,604.0,0,-2,0.32142857142857145
265451,02:44,"Gobert P.FOUL (P5.PN) (J.Van Duyne)
MISS Westbrook Free Throw 1 of 2
NUGGETS Rebound
Westbrook Free Throw 2 of 2 (9 PTS)
",0,0,0,0,2025-04-01,0022401102,1,0,MIN,4,0,2,03:05,Off At Rim Make,0,NUGGETS Rebound,,DEN,MIN,DEN,1610612743,2025,2695.0,2716.0,2705.5,201566|203932|203999|1631128|1631212,203497|203944|1629638|1630162|1630183,2024-25,608.0,0,2,0.5405405405405406
310354,02:34,"Edwards 25' 3PT Pullup Jump Shot (20 PTS)
",0,0,1,1,2025-04-01,0022401102,0,0,DEN,4,0,-3,02:44,Off FT Make,0,Edwards 25' 3PT Pullup Jump Shot (20 PTS),,DEN,MIN,MIN,1610612750,2025,2716.0,2726.0,2721.0,203497|203944|1629638|1630162|1630183,201566|203932|203999|1631128|1631212,2024-25,610.0,0,0,0.4307692307692308
265448,02:11,"MISS Gordon 24' 3PT Jump Shot
Randle REBOUND (Off:1 Def:5)
",0,0,1,0,2025-04-01,0022401102,0,0,MIN,4,0,0,02:34,Off Arc 3 Make,0,Randle REBOUND (Off:1 Def:5),,DEN,MIN,DEN,1610612743,2025,2726.0,2749.0,2737.5,201566|203932|203999|1631128|1631212,203497|203944|1629638|1630162|1630183,2024-25,611.0,0,0,0.44
310353,02:09,"Edwards 26' 3PT Running Pull-Up Jump Shot (23 PTS) (Randle 5 AST)
",0,0,1,1,2025-04-01,0022401102,0,0,DEN,4,0,0,02:11,Off Corner 3 Miss,0,Edwards 26' 3PT Running Pull-Up Jump Shot (23 PTS) (Randle 5 AST),,DEN,MIN,MIN,1610612750,2025,2749.0,2751.0,2750.0,203497|203944|1629638|1630162|1630183,201566|203932|203999|1631128|1631212,2024-25,613.0,0,3,0.1797752808988764
265446,01:49,"Jokic 7' Driving Floating Jump Shot (47 PTS) (Gordon 4 AST)
",1,1,0,0,2025-04-01,0022401102,0,0,MIN,4,0,-3,02:09,Off Timeout,0,Jokic 7' Driving Floating Jump Shot (47 PTS) (Gordon 4 AST),,DEN,MIN,DEN,1610612743,2025,2751.0,2771.0,2761.0,201566|203932|203999|1631128|1631212,203497|203944|1629638|1630162|1630183,2024-25,616.0,0,-1,0.5585585585585585
310347,01:34,"MISS Edwards 26' 3PT Pullup Jump Shot
Randle REBOUND (Off:2 Def:5)
Jokic S.FOUL (P5.PN) (J.Van Duyne)
MISS Gobert Free Throw 1 of 2
Timberwolves Rebound
Gobert Free Throw 2 of 2 (19 PTS)
",0,0,1,0,2025-04-01,0022401102,0,1,DEN,4,1,1,01:49,Off Short Mid-Range Make,0,MISS Edwards 26' 3PT Pullup Jump Shot,,DEN,MIN,MIN,1610612750,2025,2771.0,2786.0,2778.5,203497|203944|1629638|1630162|1630183,201566|203932|203999|1631128|1631212,2024-25,618.0,0,1,0.40540540540540543
265444,01:17,"MISS Braun 3PT Jump Shot
Gobert REBOUND (Off:6 Def:5)
",0,0,1,0,2025-04-01,0022401102,0,0,MIN,4,0,-2,01:34,Off FT Make,0,MISS Braun 3PT Jump Shot,,DEN,MIN,DEN,1610612743,2025,2786.0,2803.0,2794.5,201566|203932|203999|1631128|1631212,203497|203944|1629638|1630162|1630183,2024-25,628.0,0,-2,0.4444444444444444
310345,00:52,"MISS McDaniels 25' 3PT Jump Shot
NUGGETS Rebound
",0,0,1,0,2025-04-01,0022401102,0,0,DEN,4,0,2,01:17,Off Corner 3 Miss,0,MISS McDaniels 25' 3PT Jump Shot,,DEN,MIN,MIN,1610612750,2025,2803.0,2828.0,2815.5,203497|203944|1629638|1630162|1630183,201566|203932|203999|1631128|1631212,2024-25,630.0,0,2,0.0967741935483871
265442,00:40,"MISS Gordon 26' 3PT Pullup Jump Shot
Gobert REBOUND (Off:6 Def:6)
",0,0,1,0,2025-04-01,0022401102,0,0,MIN,4,0,-2,00:52,Off Dead Ball,0,MISS Gordon 26' 3PT Pullup Jump Shot,,DEN,MIN,DEN,1610612743,2025,2828.0,2840.0,2834.0,201566|203932|203999|1631128|1631212,203497|203944|1629638|1630162|1630183,2024-25,633.0,0,-2,0.44
310343,00:29,"Edwards Offensive Charge Foul (P1) (C.Washington)
Edwards Offensive Foul Turnover (P3.T12)
",0,0,0,0,2025-04-01,0022401102,0,0,DEN,4,0,2,00:40,Off Arc 3 Miss,1,Edwards Offensive Charge Foul (P1) (C.Washington),,DEN,MIN,MIN,1610612750,2025,2840.0,2851.0,2845.5,203497|203944|1629638|1630162|1630183,201566|203932|203999|1631128|1631212,2024-25,638.0,0,2,0.5070422535211268
265439,00:13,"Gobert S.FOUL (P6.PN) (C.Washington)
Jokic Free Throw 1 of 2 (48 PTS)
Jokic Free Throw 2 of 2 (49 PTS)
",0,0,0,0,2025-04-01,0022401102,0,0,MIN,4,1,-2,00:29,Off Timeout,0,Gobert S.FOUL (P6.PN) (C.Washington),,DEN,MIN,DEN,1610612743,2025,2851.0,2867.0,2859.0,201566|203932|203999|1631128|1631212,203497|203944|1629638|1630162|1630183,2024-25,639.0,0,-2,0.19444444444444445
310342,00:00,"MISS Randle 25' 3PT Step Back Jump Shot
Timberwolves Rebound
",0,0,1,0,2025-04-01,0022401102,0,0,DEN,4,0,0,00:13,Off Timeout,0,Timberwolves Rebound,,DEN,MIN,MIN,1610612750,2025,2867.0,2880.0,2873.5,201144|203944|1629638|1630162|1630183,201566|203932|203999|1631128|1631212,2024-25,648.0,0,0,0.24
265504,04:50,"Westbrook Double Dribble Turnover (P4.T17)
",0,0,0,0,2025-04-01,0022401102,0,0,MIN,5,0,0,05:00,Off Dead Ball,1,Westbrook Double Dribble Turnover (P4.T17),,DEN,MIN,DEN,1610612743,2025,2880.0,2890.0,2885.0,201566|203932|203999|1631128|1631212,201144|203944|1629638|1630162|1630183,2024-25,,0,0,0.0
310402,04:28,"MISS McDaniels 8' Fadeaway Jumper
Alexander-Walker REBOUND (Off:2 Def:4)
Edwards 17' Fadeaway Jumper (25 PTS)
",2,1,0,0,2025-04-01,0022401102,0,1,DEN,5,0,0,04:50,Off Dead Ball,0,Edwards 17' Fadeaway Jumper (25 PTS),,DEN,MIN,MIN,1610612750,2025,2890.0,2912.0,2901.0,201144|203944|1629638|1630162|1630183,201566|203932|203999|1631128|1631212,2024-25,,0,2,0.0
