index,ENDTIME,EVENTS,FG2A,FG2M,FG3A,FG3M,GAMEDATE,GAMEID,NONSHOOTINGFOULSTHATRESULTEDINFTS,OFFENSIVEREBOUNDS,OPPONENT,PERIOD,SHOOTINGFOULSDRAWN,STARTSCOREDIFFERENTIAL,STARTTIME,STARTTYPE,TURNOVERS,DESCRIPTION,URL,HTM,VTM,team,TEAM_ID,Year,start_seconds,end_seconds,mid_seconds,players_on,opp_players_on,season,actionNumber,match_confidence,debug_potential_matches,debug_best_score,debug_time_proximity,debug_desc_similarity,debug_matched_description,debug_time_diff
118319.0,11:34,"Clingan BLOCK (1 BLK): MISS Capela 9' Hook Shot
Camara REBOUND (Off:0 Def:1)
",1.0,0.0,0.0,0.0,2024-11-17,0022400239,0.0,0.0,POR,1.0,0.0,0.0,12:00,Off Dead Ball,0.0,Clingan BLOCK (1 BLK): MISS Capela 9' Hook Shot,,POR,ATL,ATL,1610612737.0,2024.0,0.0,26.0,13.0,203991|1629027|1630552|1630700|1642258,203924|1630703|1631101|1641739|1642270,2024-25,7.0,0.18556701030927836,0.0,0.0,0.0,0.0,,
118382.0,01:31,"Murray BLOCK (1 BLK): MISS Johnson 3' Driving Layup
Sharpe REBOUND (Off:0 Def:1)
",1.0,0.0,0.0,0.0,2024-11-17,0022400239,0.0,0.0,POR,3.0,0.0,-10.0,01:52,Off Long Mid-Range Make,0.0,Sharpe REBOUND (Off:0 Def:1),,POR,ATL,ATL,1610612737.0,2024.0,2048.0,2069.0,2058.5,1629726|1630168|1630249|1630552|1630811,1629057|1630625|1631101|1631200|1641712,2024-25,483.0,0.13953488372093023,0.0,0.0,0.0,0.0,,
118386.0,02:32,"Avdija S.FOUL (P1.T3) (S.Twardoski)
Johnson Free Throw 1 of 2 (16 PTS)
Johnson Free Throw 2 of 2 (17 PTS)
",0.0,0.0,0.0,0.0,2024-11-17,0022400239,0.0,0.0,POR,3.0,1.0,-7.0,02:35,Off Short Mid-Range Miss,0.0,Avdija S.FOUL (P1.T3) (S.Twardoski),,POR,ATL,ATL,1610612737.0,2024.0,2005.0,2008.0,2006.5,1629726|1630168|1630249|1630552|1630811,1629057|1630166|1630625|1631101|1641739,2024-25,511.0,0.2777777777777778,0.0,0.0,0.0,0.0,,
118387.0,02:32,"Avdija S.FOUL (P1.T3) (S.Twardoski)
Johnson Free Throw 1 of 2 (16 PTS)
Johnson Free Throw 2 of 2 (17 PTS)
",0.0,0.0,0.0,0.0,2024-11-17,0022400239,0.0,0.0,POR,3.0,1.0,-7.0,02:35,Off Short Mid-Range Miss,0.0,Johnson Free Throw 2 of 2 (17 PTS),,POR,ATL,ATL,1610612737.0,2024.0,2005.0,2008.0,2006.5,1629726|1630168|1630249|1630552|1630811,1629057|1630166|1630625|1631101|1641739,2024-25,516.0,0.16,0.0,0.0,0.0,0.0,,
118388.0,02:57,"Avdija STEAL (2 STL): Johnson Bad Pass Turnover (P6.T23)
",0.0,0.0,0.0,0.0,2024-11-17,0022400239,0.0,0.0,POR,3.0,0.0,-7.0,03:15,Off FT Make,1.0,Avdija STEAL (2 STL): Johnson Bad Pass Turnover (P6.T23),,POR,ATL,ATL,1610612737.0,2024.0,1965.0,1983.0,1974.0,1629726|1630168|1630249|1630552|1630811,1629057|1630166|1630625|1631101|1641739,2024-25,505.0,0.7032967032967034,0.0,0.0,0.0,0.0,,
118390.0,03:27,"MISS Young 28' 3PT Running Pull-Up Jump Shot
Avdija REBOUND (Off:3 Def:5)
",0.0,0.0,1.0,0.0,2024-11-17,0022400239,0.0,0.0,POR,3.0,0.0,-4.0,03:33,Off At Rim Block,0.0,MISS Young 28' 3PT Running Pull-Up Jump Shot,,POR,ATL,ATL,1610612737.0,2024.0,1947.0,1953.0,1950.0,1626204|1629027|1629726|1630168|1630700,1629057|1630166|1630625|1631101|1641739,2024-25,492.0,0.775,0.0,0.0,0.0,0.0,,
118389.0,03:27,"MISS Young 28' 3PT Running Pull-Up Jump Shot
Avdija REBOUND (Off:3 Def:5)
",0.0,0.0,1.0,0.0,2024-11-17,0022400239,0.0,0.0,POR,3.0,0.0,-4.0,03:33,Off At Rim Block,0.0,Avdija REBOUND (Off:3 Def:5),,POR,ATL,ATL,1610612737.0,2024.0,1947.0,1953.0,1950.0,1626204|1629027|1629726|1630168|1630700,1629057|1630166|1630625|1631101|1641739,2024-25,446.0,0.17777777777777778,0.0,0.0,0.0,0.0,,
118391.0,03:40,"Camara STEAL (4 STL): Young Lost Ball Turnover (P5.T22)
",0.0,0.0,0.0,0.0,2024-11-17,0022400239,0.0,0.0,POR,3.0,0.0,-4.0,03:56,Off Arc 3 Make,1.0,Camara STEAL (4 STL): Young Lost Ball Turnover (P5.T22),,POR,ATL,ATL,1610612737.0,2024.0,1924.0,1940.0,1932.0,1626204|1629027|1629726|1630168|1630700,1629057|1630166|1630625|1631101|1641739,2024-25,487.0,0.10256410256410256,0.0,0.0,0.0,0.0,,
118392.0,04:13,"MISS Nance Jr. 25' 3PT Jump Shot
Banton REBOUND (Off:0 Def:3)
",0.0,0.0,1.0,0.0,2024-11-17,0022400239,0.0,0.0,POR,3.0,0.0,-1.0,04:41,Off Arc 3 Make,0.0,MISS Nance Jr. 25' 3PT Jump Shot,,POR,ATL,ATL,1610612737.0,2024.0,1879.0,1907.0,1893.0,1626204|1629027|1629726|1630168|1630700,1629057|1630166|1630625|1631101|1641739,2024-25,426.0,0.35294117647058826,0.0,0.0,0.0,0.0,,
118394.0,05:01,"MISS Daniels 4' Driving Floating Jump Shot
Williams III REBOUND (Off:2 Def:2)
",1.0,0.0,0.0,0.0,2024-11-17,0022400239,0.0,0.0,POR,3.0,0.0,2.0,05:17,Off At Rim Make,0.0,MISS Daniels 4' Driving Floating Jump Shot,,POR,ATL,ATL,1610612737.0,2024.0,1843.0,1859.0,1851.0,1626204|1629027|1629726|1630168|1630700,1629057|1630166|1630625|1631101|1641739,2024-25,475.0,0.8607594936708861,0.0,0.0,0.0,0.0,,
118397.0,05:49,"Avdija STEAL (1 STL): Okongwu Bad Pass Turnover (P1.T20)
",0.0,0.0,0.0,0.0,2024-11-17,0022400239,0.0,0.0,POR,3.0,0.0,6.0,06:12,Off At Rim Make,1.0,Avdija STEAL (1 STL): Okongwu Bad Pass Turnover (P1.T20),,POR,ATL,ATL,1610612737.0,2024.0,1788.0,1811.0,1799.5,203991|1626204|1629027|1630700|1642258,1629057|1630166|1630625|1631101|1641739,2024-25,465.0,0.6813186813186813,0.0,0.0,0.0,0.0,,
118401.0,06:14,"Williams III BLOCK (1 BLK): MISS Daniels 6' Driving Layup
Hawks Rebound
MISS Young 4' Jump Shot
Banton REBOUND (Off:0 Def:2)
",2.0,0.0,0.0,0.0,2024-11-17,0022400239,0.0,1.0,POR,3.0,0.0,8.0,06:41,Off At Rim Make,0.0,Banton REBOUND (Off:0 Def:2),,POR,ATL,ATL,1610612737.0,2024.0,1759.0,1786.0,1772.5,203991|1626204|1629027|1630700|1642258,1629057|1630166|1630625|1631101|1641739,2024-25,405.0,0.23333333333333334,0.0,0.0,0.0,0.0,,
118400.0,06:14,"Williams III BLOCK (1 BLK): MISS Daniels 6' Driving Layup
Hawks Rebound
MISS Young 4' Jump Shot
Banton REBOUND (Off:0 Def:2)
",2.0,0.0,0.0,0.0,2024-11-17,0022400239,0.0,1.0,POR,3.0,0.0,8.0,06:41,Off At Rim Make,0.0,MISS Young 4' Jump Shot,,POR,ATL,ATL,1610612737.0,2024.0,1759.0,1786.0,1772.5,203991|1626204|1629027|1630700|1642258,1629057|1630166|1630625|1631101|1641739,2024-25,458.0,0.8695652173913043,0.0,0.0,0.0,0.0,,
118398.0,06:14,"Williams III BLOCK (1 BLK): MISS Daniels 6' Driving Layup
Hawks Rebound
MISS Young 4' Jump Shot
Banton REBOUND (Off:0 Def:2)
",2.0,0.0,0.0,0.0,2024-11-17,0022400239,0.0,1.0,POR,3.0,0.0,8.0,06:41,Off At Rim Make,0.0,Williams III BLOCK (1 BLK): MISS Daniels 6' Driving Layup,,POR,ATL,ATL,1610612737.0,2024.0,1759.0,1786.0,1772.5,203991|1626204|1629027|1630700|1642258,1629057|1630166|1630625|1631101|1641739,2024-25,454.0,0.5416666666666666,0.0,0.0,0.0,0.0,,
118402.0,06:58,"MISS Daniels 3PT Jump Shot
TRAIL BLAZERS Rebound
",0.0,0.0,1.0,0.0,2024-11-17,0022400239,0.0,0.0,POR,3.0,0.0,10.0,07:13,Off Dead Ball,0.0,MISS Daniels 3PT Jump Shot,,POR,ATL,ATL,1610612737.0,2024.0,1727.0,1742.0,1734.5,203991|1629027|1630552|1630700|1642258,1630166|1630703|1631101|1641739|1642270,2024-25,392.0,0.21052631578947367,0.0,0.0,0.0,0.0,,
118380.0,01:16,"Sharpe STEAL (1 STL): Wallace Bad Pass Turnover (P1.T24)
",0.0,0.0,0.0,0.0,2024-11-17,0022400239,0.0,0.0,POR,3.0,0.0,-10.0,01:21,Off Steal,1.0,Sharpe STEAL (1 STL): Wallace Bad Pass Turnover (P1.T24),,POR,ATL,ATL,1610612737.0,2024.0,2079.0,2084.0,2081.5,1629726|1630168|1630249|1630552|1630811,1629057|1630625|1631101|1631200|1641712,2024-25,529.0,0.6813186813186813,0.0,0.0,0.0,0.0,,
118403.0,06:58,"MISS Daniels 3PT Jump Shot
TRAIL BLAZERS Rebound
",0.0,0.0,1.0,0.0,2024-11-17,0022400239,0.0,0.0,POR,3.0,0.0,10.0,07:13,Off Dead Ball,0.0,TRAIL BLAZERS Rebound,,POR,ATL,ATL,1610612737.0,2024.0,1727.0,1742.0,1734.5,203991|1629027|1630552|1630700|1642258,1630166|1630703|1631101|1641739|1642270,2024-25,435.0,0.4528301886792453,0.0,0.0,0.0,0.0,,
118406.0,08:20,"Risacher Step Out of Bounds Turnover (P2.T19)
",0.0,0.0,0.0,0.0,2024-11-17,0022400239,0.0,0.0,POR,3.0,0.0,9.0,08:29,Off Dead Ball,1.0,Risacher Step Out of Bounds Turnover (P2.T19),,POR,ATL,ATL,1610612737.0,2024.0,1651.0,1660.0,1655.5,203991|1629027|1630552|1630700|1642258,203924|1630703|1631101|1641739|1642270,2024-25,422.0,0.8571428571428571,0.0,0.0,0.0,0.0,,
118407.0,08:44,"Johnson 1' Reverse Layup (15 PTS) (Young 4 AST)
",1.0,1.0,0.0,0.0,2024-11-17,0022400239,0.0,0.0,POR,3.0,0.0,7.0,08:53,Off At Rim Block,0.0,Johnson 1' Reverse Layup (15 PTS) (Young 4 AST),,POR,ATL,ATL,1610612737.0,2024.0,1627.0,1636.0,1631.5,203991|1629027|1630552|1630700|1642258,203924|1630703|1631101|1641739|1642270,2024-25,417.0,0.21686746987951808,0.0,0.0,0.0,0.0,,
118408.0,09:04,"Clingan BLOCK (3 BLK): MISS Risacher 6' Floating Jump Shot
Risacher REBOUND (Off:1 Def:2)
Risacher 3' Layup (11 PTS)
",2.0,1.0,0.0,0.0,2024-11-17,0022400239,0.0,1.0,POR,3.0,0.0,5.0,09:17,Off Long Mid-Range Miss,0.0,Clingan BLOCK (3 BLK): MISS Risacher 6' Floating Jump Shot,,POR,ATL,ATL,1610612737.0,2024.0,1603.0,1616.0,1609.5,203991|1629027|1630552|1630700|1642258,203924|1630703|1631101|1641739|1642270,2024-25,410.0,0.13592233009708737,0.0,0.0,0.0,0.0,,
118413.0,09:32,"Grant P.FOUL (P4.T1) (B.Forte)
Henderson S.FOUL (P2.T2) (S.Twardoski)
Young Free Throw 1 of 2 (12 PTS)
Young Free Throw 2 of 2 (13 PTS)
",0.0,0.0,0.0,0.0,2024-11-17,0022400239,0.0,0.0,POR,3.0,1.0,3.0,09:45,Off At Rim Make,0.0,Young Free Throw 1 of 2 (12 PTS),,POR,ATL,ATL,1610612737.0,2024.0,1575.0,1588.0,1581.5,203991|1629027|1630552|1630700|1642258,203924|1630703|1631101|1641739|1642270,2024-25,406.0,0.9552238805970149,0.0,0.0,0.0,0.0,,
118415.0,09:48,"Grant STEAL (3 STL): Risacher Lost Ball Turnover (P1.T18)
",0.0,0.0,0.0,0.0,2024-11-17,0022400239,0.0,0.0,POR,3.0,0.0,5.0,10:06,Off Arc 3 Make,1.0,Grant STEAL (3 STL): Risacher Lost Ball Turnover (P1.T18),,POR,ATL,ATL,1610612737.0,2024.0,1554.0,1572.0,1563.0,203991|1629027|1630552|1630700|1642258,203924|1630703|1631101|1641739|1642270,2024-25,398.0,0.7021276595744681,0.0,0.0,0.0,0.0,,
118417.0,10:19,"MISS Daniels 28' 3PT Jump Shot
TRAIL BLAZERS Rebound
",0.0,0.0,1.0,0.0,2024-11-17,0022400239,0.0,0.0,POR,3.0,0.0,8.0,10:38,Off At Rim Make,0.0,TRAIL BLAZERS Rebound,,POR,ATL,ATL,1610612737.0,2024.0,1522.0,1541.0,1531.5,203991|1629027|1630552|1630700|1642258,203924|1630703|1631101|1641739|1642270,2024-25,341.0,0.375,0.0,0.0,0.0,0.0,,
118419.0,10:53,"Daniels Offensive Charge Foul (P1) (J.Tiven)
Daniels Offensive Foul Turnover (P5.T17)
",0.0,0.0,0.0,0.0,2024-11-17,0022400239,0.0,0.0,POR,3.0,0.0,10.0,10:54,Off At Rim Block,1.0,Daniels Offensive Foul Turnover (P5.T17),,POR,ATL,ATL,1610612737.0,2024.0,1506.0,1507.0,1506.5,203991|1629027|1630552|1630700|1642258,203924|1630703|1631101|1641739|1642270,2024-25,391.0,0.2857142857142857,0.0,0.0,0.0,0.0,,
118420.0,11:25,"Capela 2' Reverse Layup (6 PTS) (Johnson 4 AST)
",1.0,1.0,0.0,0.0,2024-11-17,0022400239,0.0,0.0,POR,3.0,0.0,8.0,11:44,Off Steal,0.0,Capela 2' Reverse Layup (6 PTS) (Johnson 4 AST),,POR,ATL,ATL,1610612737.0,2024.0,1456.0,1475.0,1465.5,203991|1629027|1630552|1630700|1642258,203924|1630703|1631101|1641739|1642270,2024-25,383.0,0.9072164948453608,0.0,0.0,0.0,0.0,,
118321.0,00:11,"Johnson 1' Alley Oop Dunk (13 PTS) (Young 3 AST)
",1.0,1.0,0.0,0.0,2024-11-17,0022400239,0.0,0.0,POR,2.0,0.0,6.0,00:28,Off At Rim Make,0.0,Johnson 1' Alley Oop Dunk (13 PTS) (Young 3 AST),,POR,ATL,ATL,1610612737.0,2024.0,1412.0,1429.0,1420.5,203991|1629027|1630249|1630552|1630700,1630166|1630625|1630703|1641739|1642270,2024-25,367.0,0.8888888888888888,0.0,0.0,0.0,0.0,,
118323.0,01:21,"MISS Capela 1' Dunk
Capela REBOUND (Off:4 Def:1)
MISS Capela 2' Putback Layup
Capela REBOUND (Off:5 Def:1)
Young 3PT Step Back Jump Shot (11 PTS) (Capela 4 AST)
",2.0,0.0,1.0,1.0,2024-11-17,0022400239,0.0,2.0,POR,2.0,0.0,2.0,01:37,Off At Rim Make,0.0,Young 3PT Step Back Jump Shot (11 PTS) (Capela 4 AST),,POR,ATL,ATL,1610612737.0,2024.0,1343.0,1359.0,1351.0,203991|1629027|1630249|1630552|1630700,1630166|1630625|1630703|1641739|1642270,2024-25,360.0,0.8431372549019608,0.0,0.0,0.0,0.0,,
118326.0,01:21,"MISS Capela 1' Dunk
Capela REBOUND (Off:4 Def:1)
MISS Capela 2' Putback Layup
Capela REBOUND (Off:5 Def:1)
Young 3PT Step Back Jump Shot (11 PTS) (Capela 4 AST)
",2.0,0.0,1.0,1.0,2024-11-17,0022400239,0.0,2.0,POR,2.0,0.0,2.0,01:37,Off At Rim Make,0.0,MISS Capela 1' Dunk,,POR,ATL,ATL,1610612737.0,2024.0,1343.0,1359.0,1351.0,203991|1629027|1630249|1630552|1630700,1630166|1630625|1630703|1641739|1642270,2024-25,355.0,0.8421052631578947,0.0,0.0,0.0,0.0,,
118328.0,01:55,"Krejčí 5' Driving Dunk (5 PTS) (Capela 3 AST)
",1.0,1.0,0.0,0.0,2024-11-17,0022400239,0.0,0.0,POR,2.0,0.0,2.0,02:00,Off Corner 3 Make,0.0,Krejčí 5' Driving Dunk (5 PTS) (Capela 3 AST),,POR,ATL,ATL,1610612737.0,2024.0,1320.0,1325.0,1322.5,203991|1629027|1630249|1630552|1630700,1630166|1630625|1630703|1641739|1642270,2024-25,762.0,0.9032258064516129,0.0,0.0,0.0,0.0,,
118329.0,02:09,"MISS Johnson 3PT Jump Shot
Clingan REBOUND (Off:3 Def:1)
",0.0,0.0,1.0,0.0,2024-11-17,0022400239,0.0,0.0,POR,2.0,0.0,5.0,02:21,Off Corner 3 Miss,0.0,MISS Johnson 3PT Jump Shot,,POR,ATL,ATL,1610612737.0,2024.0,1299.0,1311.0,1305.0,203991|1629027|1630249|1630552|1630700,1630166|1630625|1630703|1641739|1642270,2024-25,348.0,0.7111111111111111,0.0,0.0,0.0,0.0,,
118330.0,02:09,"MISS Johnson 3PT Jump Shot
Clingan REBOUND (Off:3 Def:1)
",0.0,0.0,1.0,0.0,2024-11-17,0022400239,0.0,0.0,POR,2.0,0.0,5.0,02:21,Off Corner 3 Miss,0.0,Clingan REBOUND (Off:3 Def:1),,POR,ATL,ATL,1610612737.0,2024.0,1299.0,1311.0,1305.0,203991|1629027|1630249|1630552|1630700,1630166|1630625|1630703|1641739|1642270,2024-25,268.0,0.7540983606557377,0.0,0.0,0.0,0.0,,
118404.0,07:25,"Capela 2' Cutting Dunk Shot (8 PTS) (Daniels 3 AST)
",1.0,1.0,0.0,0.0,2024-11-17,0022400239,0.0,0.0,POR,3.0,0.0,8.0,07:44,Off Arc 3 Make,0.0,Capela 2' Cutting Dunk Shot (8 PTS) (Daniels 3 AST),,POR,ATL,ATL,1610612737.0,2024.0,1696.0,1715.0,1705.5,203991|1629027|1630552|1630700|1642258,203924|1630703|1631101|1641739|1642270,2024-25,433.0,0.21333333333333335,0.0,0.0,0.0,0.0,,
118331.0,02:33,"MISS Young 25' 3PT Jump Shot
Avdija REBOUND (Off:2 Def:4)
",0.0,0.0,1.0,0.0,2024-11-17,0022400239,0.0,0.0,POR,2.0,0.0,5.0,02:52,Off Timeout,0.0,MISS Young 25' 3PT Jump Shot,,POR,ATL,ATL,1610612737.0,2024.0,1268.0,1287.0,1277.5,203991|1629027|1630249|1630552|1630700,1630166|1630625|1630703|1641739|1642270,2024-25,344.0,0.6938775510204082,0.0,0.0,0.0,0.0,,
118379.0,00:59,"Mathews 27' 3PT Jump Shot (6 PTS) (Wallace 2 AST)
",0.0,0.0,1.0,1.0,2024-11-17,0022400239,0.0,0.0,POR,3.0,0.0,-13.0,01:14,Off FT Make,0.0,Mathews 27' 3PT Jump Shot (6 PTS) (Wallace 2 AST),,POR,ATL,ATL,1610612737.0,2024.0,2086.0,2101.0,2093.5,1629726|1630168|1630249|1630552|1630811,1629057|1630625|1631101|1631200|1641712,2024-25,536.0,0.8210526315789474,0.0,0.0,0.0,0.0,,
118378.0,00:26,"MISS Mathews 25' 3PT Jump Shot
Williams III REBOUND (Off:2 Def:3)
",0.0,0.0,1.0,0.0,2024-11-17,0022400239,0.0,0.0,POR,3.0,0.0,-10.0,00:37,Off At Rim Block,0.0,Williams III REBOUND (Off:2 Def:3),,POR,ATL,ATL,1610612737.0,2024.0,2123.0,2134.0,2128.5,1629726|1630168|1630249|1630552|1630811,1629057|1630625|1631101|1631200|1641712,2024-25,542.0,0.6363636363636364,0.0,0.0,0.0,0.0,,
118421.0,00:01,"Sharpe STEAL (3 STL): Young Bad Pass Turnover (P6.T27)
",0.0,0.0,0.0,0.0,2024-11-17,0022400239,0.0,0.0,POR,4.0,0.0,-2.0,00:09,Off Timeout,1.0,Sharpe STEAL (3 STL): Young Bad Pass Turnover (P6.T27),,POR,ATL,ATL,1610612737.0,2024.0,2871.0,2879.0,2875.0,1629027|1630168|1630249|1630552|1630700,203924|1629057|1630703|1631101|1641739,2024-25,743.0,0.6896551724137931,0.0,0.0,0.0,0.0,,
118422.0,00:15,"Young 2' Cutting Layup Shot (29 PTS) (Okongwu 3 AST)
",1.0,1.0,0.0,0.0,2024-11-17,0022400239,0.0,0.0,POR,4.0,0.0,-3.0,00:18,Off Timeout,0.0,Young 2' Cutting Layup Shot (29 PTS) (Okongwu 3 AST),,POR,ATL,ATL,1610612737.0,2024.0,2862.0,2865.0,2863.5,1629027|1630168|1630249|1630552|1630700,203924|1629057|1630703|1631101|1641739,2024-25,728.0,0.8627450980392157,0.0,0.0,0.0,0.0,,
118425.0,00:40,"MISS Daniels 9' Driving Floating Jump Shot
Krejčí REBOUND (Off:1 Def:1)
Grant BLOCK (2 BLK): MISS Krejčí 1' Putback Layup
Hawks Rebound
Sharpe STEAL (2 STL): Daniels Bad Pass Turnover (P6.T26)
",2.0,0.0,0.0,0.0,2024-11-17,0022400239,0.0,2.0,POR,4.0,0.0,-1.0,01:03,Off Arc 3 Make,1.0,Grant BLOCK (2 BLK): MISS Krejčí 1' Putback Layup,,POR,ATL,ATL,1610612737.0,2024.0,2817.0,2840.0,2828.5,1629027|1630168|1630249|1630552|1630700,203924|1629057|1630703|1631101|1641739,2024-25,664.0,0.1951219512195122,0.0,0.0,0.0,0.0,,
118424.0,00:40,"MISS Daniels 9' Driving Floating Jump Shot
Krejčí REBOUND (Off:1 Def:1)
Grant BLOCK (2 BLK): MISS Krejčí 1' Putback Layup
Hawks Rebound
Sharpe STEAL (2 STL): Daniels Bad Pass Turnover (P6.T26)
",2.0,0.0,0.0,0.0,2024-11-17,0022400239,0.0,2.0,POR,4.0,0.0,-1.0,01:03,Off Arc 3 Make,1.0,Krejčí REBOUND (Off:1 Def:1),,POR,ATL,ATL,1610612737.0,2024.0,2817.0,2840.0,2828.5,1629027|1630168|1630249|1630552|1630700,203924|1629057|1630703|1631101|1641739,2024-25,711.0,0.9491525423728814,0.0,0.0,0.0,0.0,,
118423.0,00:40,"MISS Daniels 9' Driving Floating Jump Shot
Krejčí REBOUND (Off:1 Def:1)
Grant BLOCK (2 BLK): MISS Krejčí 1' Putback Layup
Hawks Rebound
Sharpe STEAL (2 STL): Daniels Bad Pass Turnover (P6.T26)
",2.0,0.0,0.0,0.0,2024-11-17,0022400239,0.0,2.0,POR,4.0,0.0,-1.0,01:03,Off Arc 3 Make,1.0,MISS Daniels 9' Driving Floating Jump Shot,,POR,ATL,ATL,1610612737.0,2024.0,2817.0,2840.0,2828.5,1629027|1630168|1630249|1630552|1630700,203924|1629057|1630703|1631101|1641739,2024-25,710.0,0.8780487804878049,0.0,0.0,0.0,0.0,,
118430.0,01:30,"Camara S.FOUL (P4.T4) (J.Tiven)
Young Free Throw 1 of 3 (26 PTS)
MISS Young Free Throw 2 of 3
Hawks Rebound
Young Free Throw 3 of 3 (27 PTS)
",0.0,0.0,0.0,0.0,2024-11-17,0022400239,0.0,0.0,POR,4.0,1.0,1.0,01:47,Off Long Mid-Range Make,0.0,MISS Young Free Throw 2 of 3,,POR,ATL,ATL,1610612737.0,2024.0,2773.0,2790.0,2781.5,1629027|1630168|1630249|1630552|1630700,203924|1629057|1630703|1631101|1641739,2024-25,699.0,0.7301587301587301,0.0,0.0,0.0,0.0,,
118428.0,01:30,"Camara S.FOUL (P4.T4) (J.Tiven)
Young Free Throw 1 of 3 (26 PTS)
MISS Young Free Throw 2 of 3
Hawks Rebound
Young Free Throw 3 of 3 (27 PTS)
",0.0,0.0,0.0,0.0,2024-11-17,0022400239,0.0,0.0,POR,4.0,1.0,1.0,01:47,Off Long Mid-Range Make,0.0,Camara S.FOUL (P4.T4) (J.Tiven),,POR,ATL,ATL,1610612737.0,2024.0,2773.0,2790.0,2781.5,1629027|1630168|1630249|1630552|1630700,203924|1629057|1630703|1631101|1641739,2024-25,703.0,0.34210526315789475,0.0,0.0,0.0,0.0,,
118436.0,02:48,"Grant S.FOUL (P5.T3) (J.Tiven)
Young Free Throw 1 of 2 (24 PTS)
Young Free Throw 2 of 2 (25 PTS)
",0.0,0.0,0.0,0.0,2024-11-17,0022400239,0.0,0.0,POR,4.0,1.0,1.0,02:51,Off Arc 3 Miss,0.0,Young Free Throw 2 of 2 (25 PTS),,POR,ATL,ATL,1610612737.0,2024.0,2709.0,2712.0,2710.5,1629027|1630168|1630249|1630552|1630700,203924|1629057|1630625|1631101|1641739,2024-25,678.0,0.3218390804597701,0.0,0.0,0.0,0.0,,
118435.0,02:48,"Grant S.FOUL (P5.T3) (J.Tiven)
Young Free Throw 1 of 2 (24 PTS)
Young Free Throw 2 of 2 (25 PTS)
",0.0,0.0,0.0,0.0,2024-11-17,0022400239,0.0,0.0,POR,4.0,1.0,1.0,02:51,Off Arc 3 Miss,0.0,Young Free Throw 1 of 2 (24 PTS),,POR,ATL,ATL,1610612737.0,2024.0,2709.0,2712.0,2710.5,1629027|1630168|1630249|1630552|1630700,203924|1629057|1630625|1631101|1641739,2024-25,677.0,0.9552238805970149,0.0,0.0,0.0,0.0,,
118434.0,02:48,"Grant S.FOUL (P5.T3) (J.Tiven)
Young Free Throw 1 of 2 (24 PTS)
Young Free Throw 2 of 2 (25 PTS)
",0.0,0.0,0.0,0.0,2024-11-17,0022400239,0.0,0.0,POR,4.0,1.0,1.0,02:51,Off Arc 3 Miss,0.0,Grant S.FOUL (P5.T3) (J.Tiven),,POR,ATL,ATL,1610612737.0,2024.0,2709.0,2712.0,2710.5,1629027|1630168|1630249|1630552|1630700,203924|1629057|1630625|1631101|1641739,2024-25,548.0,0.08333333333333333,0.0,0.0,0.0,0.0,,
118437.0,03:07,"MISS Daniels 2' Driving Floating Jump Shot
Okongwu REBOUND (Off:2 Def:8)
MISS Okongwu Tip Layup Shot
Williams III REBOUND (Off:3 Def:5)
",2.0,0.0,0.0,0.0,2024-11-17,0022400239,0.0,1.0,POR,4.0,0.0,1.0,03:21,Off Arc 3 Miss,0.0,MISS Daniels 2' Driving Floating Jump Shot,,POR,ATL,ATL,1610612737.0,2024.0,2679.0,2693.0,2686.0,1629027|1630168|1630249|1630552|1630700,203924|1629057|1630625|1631101|1641739,2024-25,647.0,0.32432432432432434,0.0,0.0,0.0,0.0,,
118441.0,03:59,"Young 29' 3PT Jump Shot (23 PTS) (Krejčí 3 AST)
",0.0,0.0,1.0,1.0,2024-11-17,0022400239,0.0,0.0,POR,4.0,0.0,-2.0,04:12,Off Timeout,0.0,Young 29' 3PT Jump Shot (23 PTS) (Krejčí 3 AST),,POR,ATL,ATL,1610612737.0,2024.0,2628.0,2641.0,2634.5,1629027|1630168|1630249|1630552|1630700,203924|1629057|1630625|1631101|1641739,2024-25,662.0,0.23684210526315788,0.0,0.0,0.0,0.0,,
118442.0,04:23,"Johnson Out of Bounds - Bad Pass Turnover Turnover (P7.T25)
",0.0,0.0,0.0,0.0,2024-11-17,0022400239,0.0,0.0,POR,4.0,0.0,-2.0,04:39,Off Short Mid-Range Make,1.0,Johnson Out of Bounds - Bad Pass Turnover Turnover (P7.T25),,POR,ATL,ATL,1610612737.0,2024.0,2601.0,2617.0,2609.0,1629027|1630168|1630249|1630552|1630700,203924|1629057|1630625|1631101|1641739,2024-25,682.0,0.5370370370370371,0.0,0.0,0.0,0.0,,
118444.0,04:58,"MISS Wallace 29' 3PT Jump Shot
Williams III REBOUND (Off:3 Def:4)
",0.0,0.0,1.0,0.0,2024-11-17,0022400239,0.0,0.0,POR,4.0,0.0,0.0,05:19,Off Dead Ball,0.0,MISS Wallace 29' 3PT Jump Shot,,POR,ATL,ATL,1610612737.0,2024.0,2561.0,2582.0,2571.5,1629027|1630168|1630552|1630700|1630811,203924|1629057|1630625|1631101|1641739,2024-25,651.0,0.125,0.0,0.0,0.0,0.0,,
118377.0,00:26,"MISS Mathews 25' 3PT Jump Shot
Williams III REBOUND (Off:2 Def:3)
",0.0,0.0,1.0,0.0,2024-11-17,0022400239,0.0,0.0,POR,3.0,0.0,-10.0,00:37,Off At Rim Block,0.0,MISS Mathews 25' 3PT Jump Shot,,POR,ATL,ATL,1610612737.0,2024.0,2123.0,2134.0,2128.5,1629726|1630168|1630249|1630552|1630811,1629057|1630625|1631101|1631200|1641712,2024-25,499.0,0.3953488372093023,0.0,0.0,0.0,0.0,,
118445.0,05:34,"Camara P.FOUL (P2.T2) (S.Twardoski)
MISS Young 3PT Step Back Jump Shot
Daniels REBOUND (Off:4 Def:3)
MISS Daniels 9' Driving Floating Bank Jump Shot
Okongwu REBOUND (Off:1 Def:7)
MISS Okongwu Tip Layup Shot
Daniels REBOUND (Off:5 Def:3)
Young 3PT Jump Shot (20 PTS) (Daniels 4 AST)
",2.0,0.0,2.0,1.0,2024-11-17,0022400239,0.0,3.0,POR,4.0,0.0,-3.0,06:00,Off Timeout,0.0,MISS Daniels 9' Driving Floating Bank Jump Shot,,POR,ATL,ATL,1610612737.0,2024.0,2520.0,2546.0,2533.0,1629027|1630168|1630552|1630700|1630811,203924|1629057|1630625|1631101|1641739,2024-25,642.0,0.17073170731707318,0.0,0.0,0.0,0.0,,
118450.0,05:34,"Camara P.FOUL (P2.T2) (S.Twardoski)
MISS Young 3PT Step Back Jump Shot
Daniels REBOUND (Off:4 Def:3)
MISS Daniels 9' Driving Floating Bank Jump Shot
Okongwu REBOUND (Off:1 Def:7)
MISS Okongwu Tip Layup Shot
Daniels REBOUND (Off:5 Def:3)
Young 3PT Jump Shot (20 PTS) (Daniels 4 AST)
",2.0,0.0,2.0,1.0,2024-11-17,0022400239,0.0,3.0,POR,4.0,0.0,-3.0,06:00,Off Timeout,0.0,Daniels REBOUND (Off:4 Def:3),,POR,ATL,ATL,1610612737.0,2024.0,2520.0,2546.0,2533.0,1629027|1630168|1630552|1630700|1630811,203924|1629057|1630625|1631101|1641739,2024-25,641.0,0.24390243902439024,0.0,0.0,0.0,0.0,,
118453.0,06:21,"Johnson 2' Running Finger Roll Layup (23 PTS) (Young 7 AST)
",1.0,1.0,0.0,0.0,2024-11-17,0022400239,0.0,0.0,POR,4.0,0.0,-5.0,06:27,Off Steal,0.0,Johnson 2' Running Finger Roll Layup (23 PTS) (Young 7 AST),,POR,ATL,ATL,1610612737.0,2024.0,2493.0,2499.0,2496.0,1629027|1630168|1630552|1630700|1630811,1630166|1630703|1631101|1641739|1642270,2024-25,627.0,0.32967032967032966,0.0,0.0,0.0,0.0,,
118454.0,06:56,"Johnson Running Dunk (21 PTS)
",1.0,1.0,0.0,0.0,2024-11-17,0022400239,0.0,0.0,POR,4.0,0.0,-7.0,07:02,Off Corner 3 Miss,0.0,Johnson Running Dunk (21 PTS),,POR,ATL,ATL,1610612737.0,2024.0,2458.0,2464.0,2461.0,1629027|1630168|1630552|1630700|1630811,1630166|1630703|1631101|1641739|1642270,2024-25,621.0,0.9508196721311475,0.0,0.0,0.0,0.0,,
118455.0,07:31,"Okongwu 2' Layup (11 PTS) (Young 6 AST)
",1.0,1.0,0.0,0.0,2024-11-17,0022400239,0.0,0.0,POR,4.0,0.0,-9.0,07:41,Off Corner 3 Miss,0.0,Okongwu 2' Layup (11 PTS) (Young 6 AST),,POR,ATL,ATL,1610612737.0,2024.0,2419.0,2429.0,2424.0,1629027|1630168|1630552|1630700|1630811,1630166|1630703|1631101|1641739|1642270,2024-25,617.0,0.8888888888888888,0.0,0.0,0.0,0.0,,
118456.0,07:56,"MISS Daniels 25' 3PT Pullup Jump Shot
Clingan REBOUND (Off:4 Def:3)
",0.0,0.0,1.0,0.0,2024-11-17,0022400239,0.0,0.0,POR,4.0,0.0,-9.0,08:21,Off Dead Ball,0.0,MISS Daniels 25' 3PT Pullup Jump Shot,,POR,ATL,ATL,1610612737.0,2024.0,2379.0,2404.0,2391.5,1629027|1630168|1630552|1630700|1630811,1630166|1630703|1631101|1641739|1642270,2024-25,613.0,0.7761194029850746,0.0,0.0,0.0,0.0,,
118459.0,08:22,"Henderson BLOCK (1 BLK): MISS Okongwu 2' Cutting Dunk Shot
Sharpe REBOUND (Off:0 Def:2)
",1.0,0.0,0.0,0.0,2024-11-17,0022400239,0.0,0.0,POR,4.0,0.0,-9.0,08:32,Off Arc 3 Miss,0.0,Sharpe REBOUND (Off:0 Def:2),,POR,ATL,ATL,1610612737.0,2024.0,2368.0,2378.0,2373.0,1629027|1630168|1630552|1630700|1630811,1630166|1630703|1631101|1641739|1642270,2024-25,569.0,0.20588235294117646,0.0,0.0,0.0,0.0,,
118460.0,09:16,"Young 14' Running Pull-Up Jump Shot (17 PTS)
",1.0,1.0,0.0,0.0,2024-11-17,0022400239,0.0,0.0,POR,4.0,0.0,-11.0,09:20,Off Dead Ball,0.0,Young 14' Running Pull-Up Jump Shot (17 PTS),,POR,ATL,ATL,1610612737.0,2024.0,2320.0,2324.0,2322.0,1629027|1630168|1630552|1630700|1630811,203924|1630166|1630703|1641739|1642270,2024-25,599.0,0.9333333333333333,0.0,0.0,0.0,0.0,,
118464.0,09:34,"Avdija BLOCK (1 BLK): MISS Young 3' Running Layup
Hawks Rebound
MISS Wallace 3PT Jump Shot
Clingan REBOUND (Off:3 Def:2)
",1.0,0.0,1.0,0.0,2024-11-17,0022400239,0.0,1.0,POR,4.0,0.0,-11.0,09:42,Off Long Mid-Range Miss,0.0,Hawks Rebound,,POR,ATL,ATL,1610612737.0,2024.0,2298.0,2306.0,2302.0,1629027|1630168|1630552|1630700|1630811,203924|1630166|1630703|1641739|1642270,2024-25,584.0,0.5714285714285714,0.0,0.0,0.0,0.0,,
118462.0,09:34,"Avdija BLOCK (1 BLK): MISS Young 3' Running Layup
Hawks Rebound
MISS Wallace 3PT Jump Shot
Clingan REBOUND (Off:3 Def:2)
",1.0,0.0,1.0,0.0,2024-11-17,0022400239,0.0,1.0,POR,4.0,0.0,-11.0,09:42,Off Long Mid-Range Miss,0.0,MISS Wallace 3PT Jump Shot,,POR,ATL,ATL,1610612737.0,2024.0,2298.0,2306.0,2302.0,1629027|1630168|1630552|1630700|1630811,203924|1630166|1630703|1641739|1642270,2024-25,582.0,0.3492063492063492,0.0,0.0,0.0,0.0,,
118461.0,09:34,"Avdija BLOCK (1 BLK): MISS Young 3' Running Layup
Hawks Rebound
MISS Wallace 3PT Jump Shot
Clingan REBOUND (Off:3 Def:2)
",1.0,0.0,1.0,0.0,2024-11-17,0022400239,0.0,1.0,POR,4.0,0.0,-11.0,09:42,Off Long Mid-Range Miss,0.0,Clingan REBOUND (Off:3 Def:2),,POR,ATL,ATL,1610612737.0,2024.0,2298.0,2306.0,2302.0,1629027|1630168|1630552|1630700|1630811,203924|1630166|1630703|1641739|1642270,2024-25,555.0,0.26666666666666666,0.0,0.0,0.0,0.0,,
118465.0,10:05,"Johnson 4' Driving Floating Jump Shot (19 PTS) (Young 5 AST)
",1.0,1.0,0.0,0.0,2024-11-17,0022400239,0.0,0.0,POR,4.0,0.0,-13.0,10:22,Off At Rim Make,0.0,Johnson 4' Driving Floating Jump Shot (19 PTS) (Young 5 AST),,POR,ATL,ATL,1610612737.0,2024.0,2258.0,2275.0,2266.5,1629027|1630168|1630249|1630552|1630811,203924|1629057|1630166|1630625|1630703,2024-25,578.0,0.926829268292683,0.0,0.0,0.0,0.0,,
118466.0,10:39,"Krejčí 29' 3PT Jump Shot (8 PTS) (Okongwu 2 AST)
",0.0,0.0,1.0,1.0,2024-11-17,0022400239,0.0,0.0,POR,4.0,0.0,-14.0,10:50,Off Dead Ball,0.0,Krejčí 29' 3PT Jump Shot (8 PTS) (Okongwu 2 AST),,POR,ATL,ATL,1610612737.0,2024.0,2230.0,2241.0,2235.5,1629027|1630168|1630249|1630552|1630811,1629057|1630166|1630625|1630703|1631200,2024-25,571.0,0.8172043010752689,0.0,0.0,0.0,0.0,,
118467.0,11:14,"MISS Okongwu 2' Hook Bank Shot
Rupert REBOUND (Off:2 Def:1)
",1.0,0.0,0.0,0.0,2024-11-17,0022400239,0.0,0.0,POR,4.0,0.0,-14.0,11:30,Off FT Make,0.0,MISS Okongwu 2' Hook Bank Shot,,POR,ATL,ATL,1610612737.0,2024.0,2190.0,2206.0,2198.0,1629027|1630168|1630249|1630552|1630811,1629057|1630625|1630703|1631200|1641712,2024-25,552.0,0.6,0.0,0.0,0.0,0.0,,
118471.0,11:40,"Henderson S.FOUL (P3.T1) (S.Twardoski)
Okongwu Free Throw 1 of 2 (8 PTS)
Okongwu Free Throw 2 of 2 (9 PTS)
",0.0,0.0,0.0,0.0,2024-11-17,0022400239,0.0,0.0,POR,4.0,1.0,-13.0,12:00,Off Dead Ball,0.0,Okongwu Free Throw 2 of 2 (9 PTS),,POR,ATL,ATL,1610612737.0,2024.0,2160.0,2180.0,2170.0,1629726|1630168|1630249|1630552|1630811,1629057|1630625|1630703|1631200|1641712,2024-25,556.0,0.9565217391304348,0.0,0.0,0.0,0.0,,
118452.0,05:34,"Camara P.FOUL (P2.T2) (S.Twardoski)
MISS Young 3PT Step Back Jump Shot
Daniels REBOUND (Off:4 Def:3)
MISS Daniels 9' Driving Floating Bank Jump Shot
Okongwu REBOUND (Off:1 Def:7)
MISS Okongwu Tip Layup Shot
Daniels REBOUND (Off:5 Def:3)
Young 3PT Jump Shot (20 PTS) (Daniels 4 AST)
",2.0,0.0,2.0,1.0,2024-11-17,0022400239,0.0,3.0,POR,4.0,0.0,-3.0,06:00,Off Timeout,0.0,Camara P.FOUL (P2.T2) (S.Twardoski),,POR,ATL,ATL,1610612737.0,2024.0,2520.0,2546.0,2533.0,1629027|1630168|1630552|1630700|1630811,203924|1629057|1630625|1631101|1641739,2024-25,619.0,0.19047619047619047,0.0,0.0,0.0,0.0,,
118332.0,02:33,"MISS Young 25' 3PT Jump Shot
Avdija REBOUND (Off:2 Def:4)
",0.0,0.0,1.0,0.0,2024-11-17,0022400239,0.0,0.0,POR,2.0,0.0,5.0,02:52,Off Timeout,0.0,Avdija REBOUND (Off:2 Def:4),,POR,ATL,ATL,1610612737.0,2024.0,1268.0,1287.0,1277.5,203991|1629027|1630249|1630552|1630700,1630166|1630625|1630703|1641739|1642270,2024-25,264.0,0.2891566265060241,0.0,0.0,0.0,0.0,,
118383.0,02:04,"MISS Krejčí 30' 3PT Jump Shot
TRAIL BLAZERS Rebound
",0.0,0.0,1.0,0.0,2024-11-17,0022400239,0.0,0.0,POR,3.0,0.0,-8.0,02:17,Off Corner 3 Make,0.0,MISS Krejčí 30' 3PT Jump Shot,,POR,ATL,ATL,1610612737.0,2024.0,2023.0,2036.0,2029.5,1629726|1630168|1630249|1630552|1630811,1629057|1630625|1631101|1631200|1641712,2024-25,519.0,0.7450980392156863,0.0,0.0,0.0,0.0,,
118334.0,03:21,"Johnson Out of Bounds Lost Ball Turnover (P5.T15)
",0.0,0.0,0.0,0.0,2024-11-17,0022400239,0.0,0.0,POR,2.0,0.0,7.0,03:37,Off At Rim Make,1.0,Johnson Out of Bounds Lost Ball Turnover (P5.T15),,POR,ATL,ATL,1610612737.0,2024.0,1223.0,1239.0,1231.0,203991|1629027|1630249|1630552|1630700,203924|1630625|1630703|1641739|1642270,2024-25,334.0,0.6262626262626263,0.0,0.0,0.0,0.0,,
118274.0,02:10,"Mathews 3PT Jump Shot (3 PTS) (Krejčí 2 AST)
",0.0,0.0,1.0,1.0,2024-11-17,0022400239,0.0,0.0,POR,1.0,0.0,10.0,02:18,Off Arc 3 Miss,0.0,Mathews 3PT Jump Shot (3 PTS) (Krejčí 2 AST),,POR,ATL,ATL,1610612737.0,2024.0,582.0,590.0,586.0,1629726|1630168|1630249|1630552|1630811,1629057|1630166|1630625|1631200|1641712,2024-25,156.0,0.8235294117647058,0.0,0.0,0.0,0.0,,
118276.0,02:27,"MISS Mathews 25' 3PT Jump Shot
Williams III REBOUND (Off:0 Def:1)
",0.0,0.0,1.0,0.0,2024-11-17,0022400239,0.0,0.0,POR,1.0,0.0,10.0,02:37,Off Short Mid-Range Miss,0.0,Williams III REBOUND (Off:0 Def:1),,POR,ATL,ATL,1610612737.0,2024.0,563.0,573.0,568.0,1629726|1630168|1630249|1630552|1630811,1629057|1630166|1630625|1631200|1641712,2024-25,126.0,0.28,0.0,0.0,0.0,0.0,,
118277.0,02:53,"Okongwu 6' Driving Hook Shot (4 PTS) (Krejčí 1 AST)
",1.0,1.0,0.0,0.0,2024-11-17,0022400239,0.0,0.0,POR,1.0,0.0,8.0,03:03,Off FT Miss,0.0,Okongwu 6' Driving Hook Shot (4 PTS) (Krejčí 1 AST),,POR,ATL,ATL,1610612737.0,2024.0,537.0,547.0,542.0,1629726|1630168|1630249|1630552|1630811,1629057|1630166|1630625|1631200|1641712,2024-25,148.0,0.8932038834951457,0.0,0.0,0.0,0.0,,
118278.0,03:14,"Rupert P.FOUL (P1.T4) (J.Tiven)
MISS Johnson 9' Driving Floating Jump Shot
Murray REBOUND (Off:0 Def:2)
",1.0,0.0,0.0,0.0,2024-11-17,0022400239,0.0,0.0,POR,1.0,0.0,8.0,03:43,Off Timeout,0.0,Rupert P.FOUL (P1.T4) (J.Tiven),,POR,ATL,ATL,1610612737.0,2024.0,497.0,526.0,511.5,1629726|1630168|1630249|1630552|1630811,1629057|1630166|1630625|1631200|1641712,2024-25,115.0,0.15625,0.0,0.0,0.0,0.0,,
118281.0,03:46,"Williams III STEAL (1 STL): Daniels Bad Pass Turnover (P2.T6)
",0.0,0.0,0.0,0.0,2024-11-17,0022400239,0.0,0.0,POR,1.0,0.0,10.0,04:01,Off Corner 3 Make,1.0,Williams III STEAL (1 STL): Daniels Bad Pass Turnover (P2.T6),,POR,ATL,ATL,1610612737.0,2024.0,479.0,494.0,486.5,1626204|1629027|1629726|1630168|1630700,1629057|1630166|1630625|1631200|1641712,2024-25,127.0,0.6458333333333334,0.0,0.0,0.0,0.0,,
118282.0,04:09,"MISS Mathews 3PT Jump Shot
Murray REBOUND (Off:0 Def:1)
",0.0,0.0,1.0,0.0,2024-11-17,0022400239,0.0,0.0,POR,1.0,0.0,13.0,04:25,Off Arc 3 Make,0.0,Murray REBOUND (Off:0 Def:1),,POR,ATL,ATL,1610612737.0,2024.0,455.0,471.0,463.0,1626204|1629027|1629726|1630168|1630700,1629057|1630166|1630625|1631200|1641712,2024-25,106.0,0.7796610169491526,0.0,0.0,0.0,0.0,,
118283.0,04:09,"MISS Mathews 3PT Jump Shot
Murray REBOUND (Off:0 Def:1)
",0.0,0.0,1.0,0.0,2024-11-17,0022400239,0.0,0.0,POR,1.0,0.0,13.0,04:25,Off Arc 3 Make,0.0,MISS Mathews 3PT Jump Shot,,POR,ATL,ATL,1610612737.0,2024.0,455.0,471.0,463.0,1626204|1629027|1629726|1630168|1630700,1629057|1630166|1630625|1631200|1641712,2024-25,123.0,0.7111111111111111,0.0,0.0,0.0,0.0,,
118284.0,04:37,"MISS Risacher 26' 3PT Jump Shot
Nance Jr. REBOUND (Off:1 Def:0)
Banton BLOCK (1 BLK): MISS Daniels 25' 3PT Jump Shot
Hawks Rebound
Hawks Turnover: Shot Clock (T#5)
",0.0,0.0,2.0,0.0,2024-11-17,0022400239,0.0,1.0,POR,1.0,0.0,16.0,05:04,Off Steal,1.0,MISS Risacher 26' 3PT Jump Shot,,POR,ATL,ATL,1610612737.0,2024.0,416.0,443.0,429.5,1626204|1629027|1630168|1630700|1642258,1629057|1630166|1630625|1631200|1641712,2024-25,113.0,0.7272727272727273,0.0,0.0,0.0,0.0,,
118285.0,04:37,"MISS Risacher 26' 3PT Jump Shot
Nance Jr. REBOUND (Off:1 Def:0)
Banton BLOCK (1 BLK): MISS Daniels 25' 3PT Jump Shot
Hawks Rebound
Hawks Turnover: Shot Clock (T#5)
",0.0,0.0,2.0,0.0,2024-11-17,0022400239,0.0,1.0,POR,1.0,0.0,16.0,05:04,Off Steal,1.0,Nance Jr. REBOUND (Off:1 Def:0),,POR,ATL,ATL,1610612737.0,2024.0,416.0,443.0,429.5,1626204|1629027|1630168|1630700|1642258,1629057|1630166|1630625|1631200|1641712,2024-25,114.0,0.9538461538461539,0.0,0.0,0.0,0.0,,
118288.0,04:37,"MISS Risacher 26' 3PT Jump Shot
Nance Jr. REBOUND (Off:1 Def:0)
Banton BLOCK (1 BLK): MISS Daniels 25' 3PT Jump Shot
Hawks Rebound
Hawks Turnover: Shot Clock (T#5)
",0.0,0.0,2.0,0.0,2024-11-17,0022400239,0.0,1.0,POR,1.0,0.0,16.0,05:04,Off Steal,1.0,Hawks Turnover: Shot Clock (T#5),,POR,ATL,ATL,1610612737.0,2024.0,416.0,443.0,429.5,1626204|1629027|1630168|1630700|1642258,1629057|1630166|1630625|1631200|1641712,2024-25,94.0,0.21875,0.0,0.0,0.0,0.0,,
118287.0,04:37,"MISS Risacher 26' 3PT Jump Shot
Nance Jr. REBOUND (Off:1 Def:0)
Banton BLOCK (1 BLK): MISS Daniels 25' 3PT Jump Shot
Hawks Rebound
Hawks Turnover: Shot Clock (T#5)
",0.0,0.0,2.0,0.0,2024-11-17,0022400239,0.0,1.0,POR,1.0,0.0,16.0,05:04,Off Steal,1.0,Hawks Rebound,,POR,ATL,ATL,1610612737.0,2024.0,416.0,443.0,429.5,1626204|1629027|1630168|1630700|1642258,1629057|1630166|1630625|1631200|1641712,2024-25,89.0,0.13793103448275862,0.0,0.0,0.0,0.0,,
118289.0,05:21,"Risacher 1' Running Alley Oop Dunk Shot (6 PTS) (Young 2 AST)
",1.0,1.0,0.0,0.0,2024-11-17,0022400239,0.0,0.0,POR,1.0,0.0,14.0,05:26,Off At Rim Miss,0.0,Risacher 1' Running Alley Oop Dunk Shot (6 PTS) (Young 2 AST),,POR,ATL,ATL,1610612737.0,2024.0,394.0,399.0,396.5,1626204|1629027|1630168|1630700|1642258,203924|1629057|1630166|1630625|1641739,2024-25,76.0,0.21978021978021978,0.0,0.0,0.0,0.0,,
118290.0,05:34,"Daniels 1' Running Layup (10 PTS)
",1.0,1.0,0.0,0.0,2024-11-17,0022400239,0.0,0.0,POR,1.0,0.0,12.0,05:36,Off Steal,0.0,Daniels 1' Running Layup (10 PTS),,POR,ATL,ATL,1610612737.0,2024.0,384.0,386.0,385.0,1626204|1629027|1630168|1630700|1642258,203924|1629057|1630166|1630625|1641739,2024-25,101.0,0.9090909090909091,0.0,0.0,0.0,0.0,,
118291.0,05:44,"Okongwu 2' Layup (2 PTS) (Young 1 AST)
",1.0,1.0,0.0,0.0,2024-11-17,0022400239,0.0,0.0,POR,1.0,0.0,10.0,05:51,Off Dead Ball,0.0,Okongwu 2' Layup (2 PTS) (Young 1 AST),,POR,ATL,ATL,1610612737.0,2024.0,369.0,376.0,372.5,1626204|1629027|1630168|1630700|1642258,203924|1629057|1630166|1630625|1641739,2024-25,97.0,0.8860759493670886,0.0,0.0,0.0,0.0,,
118292.0,05:55,"Grant STEAL (1 STL): Daniels Lost Ball Turnover (P1.T4)
",0.0,0.0,0.0,0.0,2024-11-17,0022400239,0.0,0.0,POR,1.0,0.0,10.0,05:59,Off Steal,1.0,Grant STEAL (1 STL): Daniels Lost Ball Turnover (P1.T4),,POR,ATL,ATL,1610612737.0,2024.0,361.0,365.0,363.0,203991|1626204|1629027|1630700|1642258,203924|1629057|1630625|1631101|1641739,2024-25,87.0,0.20689655172413793,0.0,0.0,0.0,0.0,,
118294.0,06:18,"Grant BLOCK (1 BLK): MISS Capela 2' Dunk
Daniels REBOUND (Off:2 Def:0)
MISS Young 3PT Jump Shot
Banton REBOUND (Off:0 Def:1)
",1.0,0.0,1.0,0.0,2024-11-17,0022400239,0.0,1.0,POR,1.0,0.0,10.0,06:42,Off Dead Ball,0.0,MISS Young 3PT Jump Shot,,POR,ATL,ATL,1610612737.0,2024.0,318.0,342.0,330.0,203991|1626204|1629027|1630700|1642258,203924|1629057|1630625|1631101|1641739,2024-25,64.0,0.2916666666666667,0.0,0.0,0.0,0.0,,
118297.0,06:53,"Daniels 2' Running Reverse Layup (8 PTS) (Johnson 2 AST)
",1.0,1.0,0.0,0.0,2024-11-17,0022400239,0.0,0.0,POR,1.0,0.0,8.0,06:58,Off At Rim Miss,0.0,Daniels 2' Running Reverse Layup (8 PTS) (Johnson 2 AST),,POR,ATL,ATL,1610612737.0,2024.0,302.0,307.0,304.5,203991|1629027|1630552|1630700|1642258,203924|1630703|1631101|1641739|1642270,2024-25,66.0,0.29545454545454547,0.0,0.0,0.0,0.0,,
118318.0,11:23,"Young 25' 3PT Running Jump Shot (3 PTS) (Risacher 1 AST)
",0.0,0.0,1.0,1.0,2024-11-17,0022400239,0.0,0.0,POR,1.0,0.0,0.0,11:28,Off At Rim Miss,0.0,Young 25' 3PT Running Jump Shot (3 PTS) (Risacher 1 AST),,POR,ATL,ATL,1610612737.0,2024.0,32.0,37.0,34.5,203991|1629027|1630552|1630700|1642258,203924|1630703|1631101|1641739|1642270,2024-25,10.0,0.5631067961165048,0.0,0.0,0.0,0.0,,
118333.0,03:01,"Banton STEAL (1 STL): Daniels Lost Ball Turnover (P4.T16)
",0.0,0.0,0.0,0.0,2024-11-17,0022400239,0.0,0.0,POR,2.0,0.0,7.0,03:03,Off Short Mid-Range Miss,1.0,Banton STEAL (1 STL): Daniels Lost Ball Turnover (P4.T16),,POR,ATL,ATL,1610612737.0,2024.0,1257.0,1259.0,1258.0,203991|1629027|1630249|1630552|1630700,203924|1630625|1630703|1641739|1642270,2024-25,338.0,0.6881720430107527,0.0,0.0,0.0,0.0,,
118316.0,10:35,"Risacher 1' Running Dunk (2 PTS) (Johnson 1 AST)
",1.0,1.0,0.0,0.0,2024-11-17,0022400239,0.0,0.0,POR,1.0,0.0,3.0,10:38,Off Long Mid-Range Miss,0.0,Risacher 1' Running Dunk (2 PTS) (Johnson 1 AST),,POR,ATL,ATL,1610612737.0,2024.0,82.0,85.0,83.5,203991|1629027|1630552|1630700|1642258,203924|1630703|1631101|1641739|1642270,2024-25,19.0,0.2962962962962963,0.0,0.0,0.0,0.0,,
118314.0,10:12,"Clingan S.FOUL (P1.T1) (J.Tiven)
Risacher Free Throw 1 of 2 (3 PTS)
Risacher Free Throw 2 of 2 (4 PTS)
",0.0,0.0,0.0,0.0,2024-11-17,0022400239,0.0,0.0,POR,1.0,1.0,5.0,10:16,Off Short Mid-Range Miss,0.0,Risacher Free Throw 1 of 2 (3 PTS),,POR,ATL,ATL,1610612737.0,2024.0,104.0,108.0,106.0,203991|1629027|1630552|1630700|1642258,203924|1630703|1631101|1641739|1642270,2024-25,26.0,0.9577464788732394,0.0,0.0,0.0,0.0,,
118313.0,10:12,"Clingan S.FOUL (P1.T1) (J.Tiven)
Risacher Free Throw 1 of 2 (3 PTS)
Risacher Free Throw 2 of 2 (4 PTS)
",0.0,0.0,0.0,0.0,2024-11-17,0022400239,0.0,0.0,POR,1.0,1.0,5.0,10:16,Off Short Mid-Range Miss,0.0,Clingan S.FOUL (P1.T1) (J.Tiven),,POR,ATL,ATL,1610612737.0,2024.0,104.0,108.0,106.0,203991|1629027|1630552|1630700|1642258,203924|1630703|1631101|1641739|1642270,2024-25,22.0,0.36363636363636365,0.0,0.0,0.0,0.0,,
118315.0,10:12,"Clingan S.FOUL (P1.T1) (J.Tiven)
Risacher Free Throw 1 of 2 (3 PTS)
Risacher Free Throw 2 of 2 (4 PTS)
",0.0,0.0,0.0,0.0,2024-11-17,0022400239,0.0,0.0,POR,1.0,1.0,5.0,10:16,Off Short Mid-Range Miss,0.0,Risacher Free Throw 2 of 2 (4 PTS),,POR,ATL,ATL,1610612737.0,2024.0,104.0,108.0,106.0,203991|1629027|1630552|1630700|1642258,203924|1630703|1631101|1641739|1642270,2024-25,27.0,0.6857142857142857,0.0,0.0,0.0,0.0,,
118270.0,01:23,"Banton P.FOUL (P1.PN) (S.Twardoski)
Okongwu Free Throw 1 of 2 (5 PTS)
MISS Okongwu Free Throw 2 of 2
Avdija REBOUND (Off:0 Def:1)
",0.0,0.0,0.0,0.0,2024-11-17,0022400239,1.0,0.0,POR,1.0,0.0,13.0,01:37,Off Dead Ball,0.0,Banton P.FOUL (P1.PN) (S.Twardoski),,POR,ATL,ATL,1610612737.0,2024.0,623.0,637.0,630.0,1629726|1630168|1630249|1630552|1630811,1629057|1630166|1630625|1631200|1641712,2024-25,150.0,0.2857142857142857,0.0,0.0,0.0,0.0,,
118312.0,09:52,"Capela 1' Alley Oop Dunk (2 PTS) (Daniels 1 AST)
",1.0,1.0,0.0,0.0,2024-11-17,0022400239,0.0,0.0,POR,1.0,0.0,5.0,09:59,Off At Rim Make,0.0,Capela 1' Alley Oop Dunk (2 PTS) (Daniels 1 AST),,POR,ATL,ATL,1610612737.0,2024.0,121.0,128.0,124.5,203991|1629027|1630552|1630700|1642258,203924|1630703|1631101|1641739|1642270,2024-25,31.0,0.8888888888888888,0.0,0.0,0.0,0.0,,
118304.0,08:51,"Clingan BLOCK (2 BLK): MISS Young 5' Driving Floating Jump Shot
Young REBOUND (Off:1 Def:1)
MISS Johnson 16' Step Back Jump Shot
Daniels REBOUND (Off:1 Def:0)
MISS Daniels 3' Tip Layup Shot
Hawks Rebound
Hawks Turnover: Shot Clock (T#2)
",3.0,0.0,0.0,0.0,2024-11-17,0022400239,0.0,2.0,POR,1.0,0.0,7.0,09:18,Off Short Mid-Range Make,1.0,Hawks Rebound,,POR,ATL,ATL,1610612737.0,2024.0,162.0,189.0,175.5,203991|1629027|1630552|1630700|1642258,203924|1630703|1631101|1641739|1642270,2024-25,38.0,0.4090909090909091,0.0,0.0,0.0,0.0,,
118305.0,08:51,"Clingan BLOCK (2 BLK): MISS Young 5' Driving Floating Jump Shot
Young REBOUND (Off:1 Def:1)
MISS Johnson 16' Step Back Jump Shot
Daniels REBOUND (Off:1 Def:0)
MISS Daniels 3' Tip Layup Shot
Hawks Rebound
Hawks Turnover: Shot Clock (T#2)
",3.0,0.0,0.0,0.0,2024-11-17,0022400239,0.0,2.0,POR,1.0,0.0,7.0,09:18,Off Short Mid-Range Make,1.0,Clingan BLOCK (2 BLK): MISS Young 5' Driving Floating Jump Shot,,POR,ATL,ATL,1610612737.0,2024.0,162.0,189.0,175.5,203991|1629027|1630552|1630700|1642258,203924|1630703|1631101|1641739|1642270,2024-25,37.0,0.20689655172413793,0.0,0.0,0.0,0.0,,
118303.0,08:10,"Clingan STEAL (1 STL): Johnson Lost Ball Turnover (P1.T3)
",0.0,0.0,0.0,0.0,2024-11-17,0022400239,0.0,0.0,POR,1.0,0.0,4.0,08:29,Off Corner 3 Make,1.0,Clingan STEAL (1 STL): Johnson Lost Ball Turnover (P1.T3),,POR,ATL,ATL,1610612737.0,2024.0,211.0,230.0,220.5,203991|1629027|1630552|1630700|1642258,203924|1630703|1631101|1641739|1642270,2024-25,45.0,0.1797752808988764,0.0,0.0,0.0,0.0,,
118302.0,07:50,"Camara P.FOUL (P1.T2) (J.Tiven)
Daniels 3PT Jump Shot (3 PTS) (Capela 1 AST)
",0.0,0.0,1.0,1.0,2024-11-17,0022400239,0.0,0.0,POR,1.0,0.0,4.0,08:04,Off At Rim Miss,0.0,Daniels 3PT Jump Shot (3 PTS) (Capela 1 AST),,POR,ATL,ATL,1610612737.0,2024.0,236.0,250.0,243.0,203991|1629027|1630552|1630700|1642258,203924|1630703|1631101|1641739|1642270,2024-25,51.0,0.4943820224719101,0.0,0.0,0.0,0.0,,
118298.0,07:22,"Daniels 4' Driving Floating Bank Jump Shot (5 PTS)
Grant S.FOUL (P1.T3) (J.Tiven)
Daniels Free Throw 1 of 1 (6 PTS)
",1.0,1.0,0.0,0.0,2024-11-17,0022400239,0.0,0.0,POR,1.0,1.0,5.0,07:31,Off At Rim Make,0.0,Daniels 4' Driving Floating Bank Jump Shot (5 PTS),,POR,ATL,ATL,1610612737.0,2024.0,269.0,278.0,273.5,203991|1629027|1630552|1630700|1642258,203924|1630703|1631101|1641739|1642270,2024-25,60.0,0.94,0.0,0.0,0.0,0.0,,
118300.0,07:22,"Daniels 4' Driving Floating Bank Jump Shot (5 PTS)
Grant S.FOUL (P1.T3) (J.Tiven)
Daniels Free Throw 1 of 1 (6 PTS)
",1.0,1.0,0.0,0.0,2024-11-17,0022400239,0.0,0.0,POR,1.0,1.0,5.0,07:31,Off At Rim Make,0.0,Daniels Free Throw 1 of 1 (6 PTS),,POR,ATL,ATL,1610612737.0,2024.0,269.0,278.0,273.5,203991|1629027|1630552|1630700|1642258,203924|1630703|1631101|1641739|1642270,2024-25,63.0,0.9565217391304348,0.0,0.0,0.0,0.0,,
118311.0,09:26,"Johnson 9' Driving Floating Jump Shot (2 PTS) (Risacher 2 AST)
",1.0,1.0,0.0,0.0,2024-11-17,0022400239,0.0,0.0,POR,1.0,0.0,7.0,09:39,Off Dead Ball,0.0,Johnson 9' Driving Floating Jump Shot (2 PTS) (Risacher 2 AST),,POR,ATL,ATL,1610612737.0,2024.0,141.0,154.0,147.5,203991|1629027|1630552|1630700|1642258,203924|1630703|1631101|1641739|1642270,2024-25,34.0,0.9538461538461539,0.0,0.0,0.0,0.0,,
118269.0,01:03,"Johnson 2' Running Reverse Layup (4 PTS)
",1.0,1.0,0.0,0.0,2024-11-17,0022400239,0.0,0.0,POR,1.0,0.0,14.0,01:08,Off Steal,0.0,Johnson 2' Running Reverse Layup (4 PTS),,POR,ATL,ATL,1610612737.0,2024.0,652.0,657.0,654.5,1629726|1630168|1630249|1630552|1630811,203924|1629057|1630166|1630625|1641712,2024-25,174.0,0.925,0.0,0.0,0.0,0.0,,
118317.0,10:54,"Young Out of Bounds - Bad Pass Turnover Turnover (P1.T1)
",0.0,0.0,0.0,0.0,2024-11-17,0022400239,0.0,0.0,POR,1.0,0.0,3.0,10:57,Off Long Mid-Range Miss,1.0,Young Out of Bounds - Bad Pass Turnover Turnover (P1.T1),,POR,ATL,ATL,1610612737.0,2024.0,63.0,66.0,64.5,203991|1629027|1630552|1630700|1642258,203924|1630703|1631101|1641739|1642270,2024-25,16.0,0.1794871794871795,0.0,0.0,0.0,0.0,,
118268.0,00:25,"MISS Okongwu 3PT Jump Shot
Avdija REBOUND (Off:0 Def:2)
",0.0,0.0,1.0,0.0,2024-11-17,0022400239,0.0,0.0,POR,1.0,0.0,14.0,00:40,Off Short Mid-Range Make,0.0,Avdija REBOUND (Off:0 Def:2),,POR,ATL,ATL,1610612737.0,2024.0,680.0,695.0,687.5,1629726|1630168|1630249|1630552|1630811,203924|1629057|1630166|1630625|1641712,2024-25,153.0,0.7457627118644068,0.0,0.0,0.0,0.0,,
118267.0,00:25,"MISS Okongwu 3PT Jump Shot
Avdija REBOUND (Off:0 Def:2)
",0.0,0.0,1.0,0.0,2024-11-17,0022400239,0.0,0.0,POR,1.0,0.0,14.0,00:40,Off Short Mid-Range Make,0.0,MISS Okongwu 3PT Jump Shot,,POR,ATL,ATL,1610612737.0,2024.0,680.0,695.0,687.5,1629726|1630168|1630249|1630552|1630811,203924|1629057|1630166|1630625|1641712,2024-25,149.0,0.2077922077922078,0.0,0.0,0.0,0.0,,
118336.0,03:49,"MISS Capela 7' Turnaround Hook Shot
Daniels REBOUND (Off:3 Def:0)
Daniels Tip Layup Shot (12 PTS)
",2.0,1.0,0.0,0.0,2024-11-17,0022400239,0.0,1.0,POR,2.0,0.0,7.0,04:07,Off At Rim Make,0.0,Daniels REBOUND (Off:3 Def:0),,POR,ATL,ATL,1610612737.0,2024.0,1193.0,1211.0,1202.0,203991|1629027|1630249|1630552|1630700,203924|1630625|1630703|1641739|1642270,2024-25,307.0,0.6885245901639344,0.0,0.0,0.0,0.0,,
118338.0,04:22,"MISS Young 25' 3PT Jump Shot
Capela REBOUND (Off:3 Def:1)
Grant P.FOUL (P3.PN) (B.Forte)
Young Free Throw 1 of 2 (7 PTS)
Young Free Throw 2 of 2 (8 PTS)
",0.0,0.0,1.0,0.0,2024-11-17,0022400239,1.0,1.0,POR,2.0,0.0,7.0,04:37,Off Steal,0.0,MISS Young 25' 3PT Jump Shot,,POR,ATL,ATL,1610612737.0,2024.0,1163.0,1178.0,1170.5,203991|1626204|1629027|1630700|1642258,203924|1630625|1630703|1641739|1642270,2024-25,316.0,0.6938775510204082,0.0,0.0,0.0,0.0,,
118339.0,04:22,"MISS Young 25' 3PT Jump Shot
Capela REBOUND (Off:3 Def:1)
Grant P.FOUL (P3.PN) (B.Forte)
Young Free Throw 1 of 2 (7 PTS)
Young Free Throw 2 of 2 (8 PTS)
",0.0,0.0,1.0,0.0,2024-11-17,0022400239,1.0,1.0,POR,2.0,0.0,7.0,04:37,Off Steal,0.0,Capela REBOUND (Off:3 Def:1),,POR,ATL,ATL,1610612737.0,2024.0,1163.0,1178.0,1170.5,203991|1626204|1629027|1630700|1642258,203924|1630625|1630703|1641739|1642270,2024-25,317.0,0.9491525423728814,0.0,0.0,0.0,0.0,,
118344.0,04:39,"MISS Daniels 4' Driving Finger Roll Layup
Capela REBOUND (Off:2 Def:1)
Camara STEAL (3 STL): Young Lost Ball Turnover (P4.T14)
",1.0,0.0,0.0,0.0,2024-11-17,0022400239,0.0,1.0,POR,2.0,0.0,7.0,05:08,Off Corner 3 Make,1.0,Capela REBOUND (Off:2 Def:1),,POR,ATL,ATL,1610612737.0,2024.0,1132.0,1161.0,1146.5,203991|1626204|1629027|1630700|1642258,203924|1630625|1630703|1641739|1642270,2024-25,311.0,0.9491525423728814,0.0,0.0,0.0,0.0,,
118345.0,04:39,"MISS Daniels 4' Driving Finger Roll Layup
Capela REBOUND (Off:2 Def:1)
Camara STEAL (3 STL): Young Lost Ball Turnover (P4.T14)
",1.0,0.0,0.0,0.0,2024-11-17,0022400239,0.0,1.0,POR,2.0,0.0,7.0,05:08,Off Corner 3 Make,1.0,Camara STEAL (3 STL): Young Lost Ball Turnover (P4.T14),,POR,ATL,ATL,1610612737.0,2024.0,1132.0,1161.0,1146.5,203991|1626204|1629027|1630700|1642258,203924|1630625|1630703|1641739|1642270,2024-25,312.0,0.6966292134831461,0.0,0.0,0.0,0.0,,
118346.0,05:27,"MISS Risacher 24' 3PT Jump Shot
Capela REBOUND (Off:1 Def:1)
Capela Putback Layup (4 PTS)
",1.0,1.0,1.0,0.0,2024-11-17,0022400239,0.0,1.0,POR,2.0,0.0,8.0,05:44,Off Arc 3 Make,0.0,MISS Risacher 24' 3PT Jump Shot,,POR,ATL,ATL,1610612737.0,2024.0,1096.0,1113.0,1104.5,203991|1626204|1629027|1630700|1642258,203924|1630166|1630703|1641739|1642270,2024-25,246.0,0.20833333333333334,0.0,0.0,0.0,0.0,,
118348.0,05:27,"MISS Risacher 24' 3PT Jump Shot
Capela REBOUND (Off:1 Def:1)
Capela Putback Layup (4 PTS)
",1.0,1.0,1.0,0.0,2024-11-17,0022400239,0.0,1.0,POR,2.0,0.0,8.0,05:44,Off Arc 3 Make,0.0,Capela Putback Layup (4 PTS),,POR,ATL,ATL,1610612737.0,2024.0,1096.0,1113.0,1104.5,203991|1626204|1629027|1630700|1642258,203924|1630166|1630703|1641739|1642270,2024-25,301.0,0.9491525423728814,0.0,0.0,0.0,0.0,,
118349.0,05:52,"Clingan S.FOUL (P2.PN) (S.Twardoski)
MISS Capela Free Throw 1 of 2
Hawks Rebound
MISS Capela Free Throw 2 of 2
Avdija REBOUND (Off:2 Def:3)
",0.0,0.0,0.0,0.0,2024-11-17,0022400239,0.0,0.0,POR,2.0,1.0,11.0,05:58,Off Arc 3 Miss,0.0,Clingan S.FOUL (P2.PN) (S.Twardoski),,POR,ATL,ATL,1610612737.0,2024.0,1082.0,1088.0,1085.0,203991|1626204|1629027|1630700|1642258,1630166|1630703|1631101|1641739|1642270,2024-25,256.0,0.22641509433962265,0.0,0.0,0.0,0.0,,
118350.0,05:52,"Clingan S.FOUL (P2.PN) (S.Twardoski)
MISS Capela Free Throw 1 of 2
Hawks Rebound
MISS Capela Free Throw 2 of 2
Avdija REBOUND (Off:2 Def:3)
",0.0,0.0,0.0,0.0,2024-11-17,0022400239,0.0,0.0,POR,2.0,1.0,11.0,05:58,Off Arc 3 Miss,0.0,MISS Capela Free Throw 1 of 2,,POR,ATL,ATL,1610612737.0,2024.0,1082.0,1088.0,1085.0,203991|1626204|1629027|1630700|1642258,1630166|1630703|1631101|1641739|1642270,2024-25,254.0,0.34782608695652173,0.0,0.0,0.0,0.0,,
118352.0,05:52,"Clingan S.FOUL (P2.PN) (S.Twardoski)
MISS Capela Free Throw 1 of 2
Hawks Rebound
MISS Capela Free Throw 2 of 2
Avdija REBOUND (Off:2 Def:3)
",0.0,0.0,0.0,0.0,2024-11-17,0022400239,0.0,0.0,POR,2.0,1.0,11.0,05:58,Off Arc 3 Miss,0.0,MISS Capela Free Throw 2 of 2,,POR,ATL,ATL,1610612737.0,2024.0,1082.0,1088.0,1085.0,203991|1626204|1629027|1630700|1642258,1630166|1630703|1631101|1641739|1642270,2024-25,296.0,0.9508196721311475,0.0,0.0,0.0,0.0,,
118356.0,06:16,"Sharpe P.FOUL (P3.T3) (S.Twardoski)
Henderson P.FOUL (P1.T4) (J.Tiven)
Young 3PT Step Back Jump Shot (6 PTS) (Capela 2 AST)
",0.0,0.0,1.0,1.0,2024-11-17,0022400239,0.0,0.0,POR,2.0,0.0,8.0,06:44,Off Arc 3 Miss,0.0,Young 3PT Step Back Jump Shot (6 PTS) (Capela 2 AST),,POR,ATL,ATL,1610612737.0,2024.0,1036.0,1064.0,1050.0,203991|1626204|1629027|1630700|1642258,1630166|1630703|1631101|1641739|1642270,2024-25,285.0,0.84,0.0,0.0,0.0,0.0,,
118359.0,06:55,"Sharpe S.FOUL (P2.T2) (J.Tiven)
Risacher Free Throw 1 of 3 (7 PTS)
Risacher Free Throw 2 of 3 (8 PTS)
Risacher Free Throw 3 of 3 (9 PTS)
",0.0,0.0,0.0,0.0,2024-11-17,0022400239,0.0,0.0,POR,2.0,1.0,5.0,07:03,Off At Rim Make,0.0,Risacher Free Throw 2 of 3 (8 PTS),,POR,ATL,ATL,1610612737.0,2024.0,1017.0,1025.0,1021.0,203991|1626204|1629027|1630700|1642258,1630166|1630703|1631101|1641739|1642270,2024-25,276.0,0.9577464788732394,0.0,0.0,0.0,0.0,,
118358.0,06:55,"Sharpe S.FOUL (P2.T2) (J.Tiven)
Risacher Free Throw 1 of 3 (7 PTS)
Risacher Free Throw 2 of 3 (8 PTS)
Risacher Free Throw 3 of 3 (9 PTS)
",0.0,0.0,0.0,0.0,2024-11-17,0022400239,0.0,0.0,POR,2.0,1.0,5.0,07:03,Off At Rim Make,0.0,Risacher Free Throw 1 of 3 (7 PTS),,POR,ATL,ATL,1610612737.0,2024.0,1017.0,1025.0,1021.0,203991|1626204|1629027|1630700|1642258,1630166|1630703|1631101|1641739|1642270,2024-25,275.0,0.9577464788732394,0.0,0.0,0.0,0.0,,
118360.0,06:55,"Sharpe S.FOUL (P2.T2) (J.Tiven)
Risacher Free Throw 1 of 3 (7 PTS)
Risacher Free Throw 2 of 3 (8 PTS)
Risacher Free Throw 3 of 3 (9 PTS)
",0.0,0.0,0.0,0.0,2024-11-17,0022400239,0.0,0.0,POR,2.0,1.0,5.0,07:03,Off At Rim Make,0.0,Risacher Free Throw 3 of 3 (9 PTS),,POR,ATL,ATL,1610612737.0,2024.0,1017.0,1025.0,1021.0,203991|1626204|1629027|1630700|1642258,1630166|1630703|1631101|1641739|1642270,2024-25,277.0,0.9577464788732394,0.0,0.0,0.0,0.0,,
118337.0,03:49,"MISS Capela 7' Turnaround Hook Shot
Daniels REBOUND (Off:3 Def:0)
Daniels Tip Layup Shot (12 PTS)
",2.0,1.0,0.0,0.0,2024-11-17,0022400239,0.0,1.0,POR,2.0,0.0,7.0,04:07,Off At Rim Make,0.0,Daniels Tip Layup Shot (12 PTS),,POR,ATL,ATL,1610612737.0,2024.0,1193.0,1211.0,1202.0,203991|1629027|1630249|1630552|1630700,203924|1630625|1630703|1641739|1642270,2024-25,330.0,0.8666666666666667,0.0,0.0,0.0,0.0,,
118363.0,07:31,"MISS Daniels 20' Floating Jump Shot
Hawks Rebound
Camara STEAL (1 STL): Daniels Bad Pass Turnover (P3.T12)
",1.0,0.0,0.0,0.0,2024-11-17,0022400239,0.0,1.0,POR,2.0,0.0,8.0,07:54,Off At Rim Block,1.0,MISS Daniels 20' Floating Jump Shot,,POR,ATL,ATL,1610612737.0,2024.0,966.0,989.0,977.5,203991|1626204|1629027|1630700|1642258,1630166|1630703|1631101|1641739|1642270,2024-25,250.0,0.8823529411764706,0.0,0.0,0.0,0.0,,
118265.0,00:00,"MISS Wallace 29' 3PT Pullup Jump Shot
Hawks Rebound
",0.0,0.0,1.0,0.0,2024-11-17,0022400239,0.0,0.0,POR,1.0,0.0,12.0,00:03,Off Long Mid-Range Make,0.0,MISS Wallace 29' 3PT Pullup Jump Shot,,POR,ATL,ATL,1610612737.0,2024.0,717.0,720.0,718.5,1629726|1630168|1630249|1630552|1630811,203924|1629057|1630166|1630625|1641712,2024-25,182.0,0.746268656716418,0.0,0.0,0.0,0.0,,
118266.0,00:00,"MISS Wallace 29' 3PT Pullup Jump Shot
Hawks Rebound
",0.0,0.0,1.0,0.0,2024-11-17,0022400239,0.0,0.0,POR,1.0,0.0,12.0,00:03,Off Long Mid-Range Make,0.0,Hawks Rebound,,POR,ATL,ATL,1610612737.0,2024.0,717.0,720.0,718.5,1629726|1630168|1630249|1630552|1630811,203924|1629057|1630166|1630625|1641712,2024-25,154.0,0.19230769230769232,0.0,0.0,0.0,0.0,,
118375.0,11:23,"Johnson 1' Cutting Dunk Shot (6 PTS) (Okongwu 1 AST)
",1.0,1.0,0.0,0.0,2024-11-17,0022400239,0.0,0.0,POR,2.0,0.0,9.0,11:37,Off Arc 3 Make,0.0,Johnson 1' Cutting Dunk Shot (6 PTS) (Okongwu 1 AST),,POR,ATL,ATL,1610612737.0,2024.0,743.0,757.0,750.0,1630168|1630249|1630552|1630811|1642258,203924|1629057|1630166|1630625|1641712,2024-25,190.0,0.8627450980392157,0.0,0.0,0.0,0.0,,
118374.0,11:13,"Krejčí Out of Bounds - Bad Pass Turnover Turnover (P1.T7)
",0.0,0.0,0.0,0.0,2024-11-17,0022400239,0.0,0.0,POR,2.0,0.0,11.0,11:13,Off Steal,1.0,Krejčí Out of Bounds - Bad Pass Turnover Turnover (P1.T7),,POR,ATL,ATL,1610612737.0,2024.0,767.0,767.0,767.0,1630168|1630249|1630552|1630811|1642258,203924|1629057|1630166|1630625|1641712,2024-25,194.0,0.5434782608695652,0.0,0.0,0.0,0.0,,
118361.0,07:06,"Camara STEAL (2 STL): Young Lost Ball Turnover (P3.T13)
",0.0,0.0,0.0,0.0,2024-11-17,0022400239,0.0,0.0,POR,2.0,0.0,7.0,07:15,Off FT Make,1.0,Camara STEAL (2 STL): Young Lost Ball Turnover (P3.T13),,POR,ATL,ATL,1610612737.0,2024.0,1005.0,1014.0,1009.5,203991|1626204|1629027|1630700|1642258,1630166|1630703|1631101|1641739|1642270,2024-25,269.0,0.6966292134831461,0.0,0.0,0.0,0.0,,
118372.0,10:47,"Grant S.FOUL (P2.T1) (S.Twardoski)
Johnson Free Throw 1 of 2 (7 PTS)
Johnson Free Throw 2 of 2 (8 PTS)
",0.0,0.0,0.0,0.0,2024-11-17,0022400239,0.0,0.0,POR,2.0,1.0,11.0,10:48,Off Arc 3 Miss,0.0,Johnson Free Throw 2 of 2 (8 PTS),,POR,ATL,ATL,1610612737.0,2024.0,792.0,793.0,792.5,1630168|1630249|1630552|1630811|1642258,203924|1629057|1630166|1630625|1641712,2024-25,208.0,0.9565217391304348,0.0,0.0,0.0,0.0,,
118373.0,11:04,"Johnson Out of Bounds Lost Ball Turnover (P2.T8)
",0.0,0.0,0.0,0.0,2024-11-17,0022400239,0.0,0.0,POR,2.0,0.0,11.0,11:07,Off Steal,1.0,Johnson Out of Bounds Lost Ball Turnover (P2.T8),,POR,ATL,ATL,1610612737.0,2024.0,773.0,776.0,774.5,1630168|1630249|1630552|1630811|1642258,203924|1629057|1630166|1630625|1641712,2024-25,198.0,0.2535211267605634,0.0,0.0,0.0,0.0,,
118369.0,10:17,"Johnson Out of Bounds - Bad Pass Turnover Turnover (P3.T9)
",0.0,0.0,0.0,0.0,2024-11-17,0022400239,0.0,0.0,POR,2.0,0.0,11.0,10:28,Off FT Make,1.0,Johnson Out of Bounds - Bad Pass Turnover Turnover (P3.T9),,POR,ATL,ATL,1610612737.0,2024.0,812.0,823.0,817.5,1630168|1630249|1630552|1630811|1642258,203924|1629057|1630166|1630703|1631101,2024-25,213.0,0.5420560747663551,0.0,0.0,0.0,0.0,,
118367.0,09:01,"Okongwu 8' Hook Bank Shot (7 PTS) (Johnson 3 AST)
",1.0,1.0,0.0,0.0,2024-11-17,0022400239,0.0,0.0,POR,2.0,0.0,10.0,09:08,Off At Rim Make,0.0,Okongwu 8' Hook Bank Shot (7 PTS) (Johnson 3 AST),,POR,ATL,ATL,1610612737.0,2024.0,892.0,899.0,895.5,1629027|1630168|1630552|1630700|1642258,203924|1630166|1630703|1631101|1641739,2024-25,235.0,0.8484848484848485,0.0,0.0,0.0,0.0,,
118366.0,08:31,"Grant STEAL (2 STL): Johnson Lost Ball Turnover (P4.T10)
",0.0,0.0,0.0,0.0,2024-11-17,0022400239,0.0,0.0,POR,2.0,0.0,10.0,08:46,Off At Rim Make,1.0,Grant STEAL (2 STL): Johnson Lost Ball Turnover (P4.T10),,POR,ATL,ATL,1610612737.0,2024.0,914.0,929.0,921.5,1629027|1630168|1630552|1630700|1642258,203924|1630166|1630703|1631101|1641739,2024-25,239.0,0.6956521739130435,0.0,0.0,0.0,0.0,,
118365.0,08:05,"Henderson STEAL (1 STL): Young Bad Pass Turnover (P2.T11)
",0.0,0.0,0.0,0.0,2024-11-17,0022400239,0.0,0.0,POR,2.0,0.0,8.0,08:27,Off Timeout,1.0,Henderson STEAL (1 STL): Young Bad Pass Turnover (P2.T11),,POR,ATL,ATL,1610612737.0,2024.0,933.0,955.0,944.0,1626204|1629027|1630168|1630700|1642258,203924|1630166|1630703|1631101|1641739,2024-25,245.0,0.6666666666666666,0.0,0.0,0.0,0.0,,
118364.0,07:31,"MISS Daniels 20' Floating Jump Shot
Hawks Rebound
Camara STEAL (1 STL): Daniels Bad Pass Turnover (P3.T12)
",1.0,0.0,0.0,0.0,2024-11-17,0022400239,0.0,1.0,POR,2.0,0.0,8.0,07:54,Off At Rim Block,1.0,Hawks Rebound,,POR,ATL,ATL,1610612737.0,2024.0,966.0,989.0,977.5,203991|1626204|1629027|1630700|1642258,1630166|1630703|1631101|1641739|1642270,2024-25,258.0,0.5714285714285714,0.0,0.0,0.0,0.0,,
118362.0,07:31,"MISS Daniels 20' Floating Jump Shot
Hawks Rebound
Camara STEAL (1 STL): Daniels Bad Pass Turnover (P3.T12)
",1.0,0.0,0.0,0.0,2024-11-17,0022400239,0.0,1.0,POR,2.0,0.0,8.0,07:54,Off At Rim Block,1.0,Camara STEAL (1 STL): Daniels Bad Pass Turnover (P3.T12),,POR,ATL,ATL,1610612737.0,2024.0,966.0,989.0,977.5,203991|1626204|1629027|1630700|1642258,1630166|1630703|1631101|1641739|1642270,2024-25,259.0,0.6813186813186813,0.0,0.0,0.0,0.0,,
118371.0,10:47,"Grant S.FOUL (P2.T1) (S.Twardoski)
Johnson Free Throw 1 of 2 (7 PTS)
Johnson Free Throw 2 of 2 (8 PTS)
",0.0,0.0,0.0,0.0,2024-11-17,0022400239,0.0,0.0,POR,2.0,1.0,11.0,10:48,Off Arc 3 Miss,0.0,Johnson Free Throw 1 of 2 (7 PTS),,POR,ATL,ATL,1610612737.0,2024.0,792.0,793.0,792.5,1630168|1630249|1630552|1630811|1642258,203924|1629057|1630166|1630625|1641712,2024-25,203.0,0.19607843137254902,0.0,0.0,0.0,0.0,,
125821.0,05:30,"MISS Daniels 26' 3PT Jump Shot
Okongwu REBOUND (Off:4 Def:4)
Okongwu Putback Layup (26 PTS)
",1.0,1.0,1.0,0.0,2025-02-05,0022400719,0.0,1.0,SAS,3.0,0.0,-14.0,05:47,Off At Rim Make,0.0,Okongwu Putback Layup (26 PTS),,ATL,SAS,ATL,1610612737.0,2025.0,1813.0,1830.0,1821.5,1629027|1629631|1630168|1630700|1630811,101108|203084|1628368|1630577|1631110,2024-25,432.0,0.2857142857142857,0.0,0.0,0.0,0.0,,
125820.0,04:54,"MISS Okongwu 3PT Jump Shot
Spurs Rebound
",0.0,0.0,1.0,0.0,2025-02-05,0022400719,0.0,0.0,SAS,3.0,0.0,-14.0,05:12,Off At Rim Make,0.0,Spurs Rebound,,ATL,SAS,ATL,1610612737.0,2025.0,1848.0,1866.0,1857.0,1629027|1629631|1630168|1630700|1630811,101108|203084|1628368|1630577|1631110,2024-25,475.0,0.24,0.0,0.0,0.0,0.0,,
125819.0,04:54,"MISS Okongwu 3PT Jump Shot
Spurs Rebound
",0.0,0.0,1.0,0.0,2025-02-05,0022400719,0.0,0.0,SAS,3.0,0.0,-14.0,05:12,Off At Rim Make,0.0,MISS Okongwu 3PT Jump Shot,,ATL,SAS,ATL,1610612737.0,2025.0,1848.0,1866.0,1857.0,1629027|1629631|1630168|1630700|1630811,101108|203084|1628368|1630577|1631110,2024-25,434.0,0.48484848484848486,0.0,0.0,0.0,0.0,,
125818.0,04:34,"Okongwu 2' Cutting Layup Shot (28 PTS) (Young 9 AST)
",1.0,1.0,0.0,0.0,2025-02-05,0022400719,0.0,0.0,SAS,3.0,0.0,-14.0,04:43,Off Steal,0.0,Okongwu 2' Cutting Layup Shot (28 PTS) (Young 9 AST),,ATL,SAS,ATL,1610612737.0,2025.0,1877.0,1886.0,1881.5,1629027|1629631|1630168|1630700|1630811,1628368|1629640|1630577|1631110|1642264,2024-25,477.0,0.6050420168067226,0.0,0.0,0.0,0.0,,
125817.0,04:10,"Young 4' Driving Floating Bank Jump Shot (17 PTS)
",1.0,1.0,0.0,0.0,2025-02-05,0022400719,0.0,0.0,SAS,3.0,0.0,-12.0,04:21,Off Arc 3 Miss,0.0,Young 4' Driving Floating Bank Jump Shot (17 PTS),,ATL,SAS,ATL,1610612737.0,2025.0,1899.0,1910.0,1904.5,1629027|1629631|1630168|1630700|1630811,1628368|1629640|1630577|1631110|1642264,2024-25,447.0,0.23529411764705882,0.0,0.0,0.0,0.0,,
125808.0,01:29,"Daniels 1' Cutting Dunk Shot (19 PTS) (Okongwu 5 AST)
",1.0,1.0,0.0,0.0,2025-02-05,0022400719,0.0,0.0,SAS,3.0,0.0,-7.0,01:46,Off Arc 3 Make,0.0,Daniels 1' Cutting Dunk Shot (19 PTS) (Okongwu 5 AST),,ATL,SAS,ATL,1610612737.0,2025.0,2054.0,2071.0,2062.5,1629027|1629631|1630168|1630700|1630811,1628368|1629640|1630170|1631110|1641705,2024-25,487.0,0.18421052631578946,0.0,0.0,0.0,0.0,,
125815.0,03:13,"Hunter 25' 3PT Jump Shot (15 PTS) (Young 10 AST)
",0.0,0.0,1.0,1.0,2025-02-05,0022400719,0.0,0.0,SAS,3.0,0.0,-8.0,03:19,Off Arc 3 Miss,0.0,Hunter 25' 3PT Jump Shot (15 PTS) (Young 10 AST),,ATL,SAS,ATL,1610612737.0,2025.0,1961.0,1967.0,1964.0,1629027|1629631|1630168|1630700|1630811,1628368|1629640|1630577|1631110|1642264,2024-25,453.0,0.27848101265822783,0.0,0.0,0.0,0.0,,
125812.0,02:47,"MISS Hunter 1' Running Finger Roll Layup: Castle BLOCK (1 BLK)
Daniels REBOUND (Off:2 Def:4)
Daniels Putback Dunk (17 PTS)
",2.0,1.0,0.0,0.0,2025-02-05,0022400719,0.0,1.0,SAS,3.0,0.0,-5.0,02:57,Off Steal,0.0,MISS Hunter 1' Running Finger Roll Layup: Castle BLOCK (1 BLK),,ATL,SAS,ATL,1610612737.0,2025.0,1983.0,1993.0,1988.0,1629027|1629631|1630168|1630700|1630811,1629640|1630170|1631110|1641705|1642264,2024-25,463.0,0.225,0.0,0.0,0.0,0.0,,
125811.0,02:23,"Okongwu Lost Ball Turnover (P1.T16): Fox STEAL (2 STL)
",0.0,0.0,0.0,0.0,2025-02-05,0022400719,0.0,0.0,SAS,3.0,0.0,-4.0,02:36,Off FT Make,1.0,Okongwu Lost Ball Turnover (P1.T16): Fox STEAL (2 STL),,ATL,SAS,ATL,1610612737.0,2025.0,2004.0,2017.0,2010.5,1629027|1629631|1630168|1630700|1630811,1628368|1629640|1630170|1631110|1641705,2024-25,476.0,0.6888888888888889,0.0,0.0,0.0,0.0,,
125809.0,01:57,"MISS Hunter 24' 3PT Jump Shot
Wembanyama REBOUND (Off:1 Def:6)
",0.0,0.0,1.0,0.0,2025-02-05,0022400719,0.0,0.0,SAS,3.0,0.0,-4.0,02:07,Off At Rim Miss,0.0,MISS Hunter 24' 3PT Jump Shot,,ATL,SAS,ATL,1610612737.0,2025.0,2033.0,2043.0,2038.0,1629027|1629631|1630168|1630700|1630811,1628368|1629640|1630170|1631110|1641705,2024-25,480.0,0.21052631578947367,0.0,0.0,0.0,0.0,,
125810.0,01:57,"MISS Hunter 24' 3PT Jump Shot
Wembanyama REBOUND (Off:1 Def:6)
",0.0,0.0,1.0,0.0,2025-02-05,0022400719,0.0,0.0,SAS,3.0,0.0,-4.0,02:07,Off At Rim Miss,0.0,Wembanyama REBOUND (Off:1 Def:6),,ATL,SAS,ATL,1610612737.0,2025.0,2033.0,2043.0,2038.0,1629027|1629631|1630168|1630700|1630811,1628368|1629640|1630170|1631110|1641705,2024-25,479.0,0.27586206896551724,0.0,0.0,0.0,0.0,,
125843.0,10:24,"Okongwu 25' 3PT Jump Shot (18 PTS) (Hunter 3 AST)
",0.0,0.0,1.0,1.0,2025-02-05,0022400719,0.0,0.0,SAS,3.0,0.0,-18.0,10:35,Off Arc 3 Make,0.0,Okongwu 25' 3PT Jump Shot (18 PTS) (Hunter 3 AST),,ATL,SAS,ATL,1610612737.0,2025.0,1525.0,1536.0,1530.5,1629027|1629631|1630168|1630700|1642258,101108|203084|1628368|1630170|1641705,2024-25,368.0,0.5925925925925926,0.0,0.0,0.0,0.0,,
125816.0,03:52,"Daniels 1' Running Dunk (15 PTS)
",1.0,1.0,0.0,0.0,2025-02-05,0022400719,0.0,0.0,SAS,3.0,0.0,-10.0,03:55,Off Steal,0.0,Daniels 1' Running Dunk (15 PTS),,ATL,SAS,ATL,1610612737.0,2025.0,1925.0,1928.0,1926.5,1629027|1629631|1630168|1630700|1630811,1628368|1629640|1630577|1631110|1642264,2024-25,450.0,0.19230769230769232,0.0,0.0,0.0,0.0,,
125825.0,05:52,"MISS Young 31' 3PT Running Pull-Up Jump Shot
Barnes REBOUND (Off:2 Def:3)
",0.0,0.0,1.0,0.0,2025-02-05,0022400719,0.0,0.0,SAS,3.0,0.0,-12.0,05:59,Off Arc 3 Miss,0.0,MISS Young 31' 3PT Running Pull-Up Jump Shot,,ATL,SAS,ATL,1610612737.0,2025.0,1801.0,1808.0,1804.5,1629027|1629631|1630168|1630700|1630811,101108|203084|1628368|1630577|1631110,2024-25,426.0,0.775,0.0,0.0,0.0,0.0,,
125834.0,08:11,"MISS Hunter 26' 3PT Running Pull-Up Jump Shot
Wembanyama REBOUND (Off:1 Def:5)
",0.0,0.0,1.0,0.0,2025-02-05,0022400719,0.0,0.0,SAS,3.0,0.0,-14.0,08:19,Off Corner 3 Miss,0.0,Wembanyama REBOUND (Off:1 Def:5),,ATL,SAS,ATL,1610612737.0,2025.0,1661.0,1669.0,1665.0,1629027|1629631|1630168|1630700|1642258,101108|203084|1628368|1630170|1641705,2024-25,357.0,0.6984126984126984,0.0,0.0,0.0,0.0,,
125826.0,06:15,"Young 10' Driving Floating Jump Shot (15 PTS)
",1.0,1.0,0.0,0.0,2025-02-05,0022400719,0.0,0.0,SAS,3.0,0.0,-14.0,06:25,Off At Rim Make,0.0,Young 10' Driving Floating Jump Shot (15 PTS),,ATL,SAS,ATL,1610612737.0,2025.0,1775.0,1785.0,1780.0,1629027|1629631|1630168|1630700|1630811,101108|203084|1628368|1630577|1631110,2024-25,423.0,0.3434343434343434,0.0,0.0,0.0,0.0,,
125829.0,06:39,"Barnes S.FOUL (P1.T1) (J.Butler)
Young Free Throw 1 of 2 (12 PTS)
Young Free Throw 2 of 2 (13 PTS)
",0.0,0.0,0.0,0.0,2025-02-05,0022400719,0.0,0.0,SAS,3.0,1.0,-14.0,06:50,Off Dead Ball,0.0,Young Free Throw 2 of 2 (13 PTS),,ATL,SAS,ATL,1610612737.0,2025.0,1750.0,1761.0,1755.5,1629027|1629631|1630168|1630700|1630811,101108|203084|1628368|1630577|1631110,2024-25,384.0,0.4,0.0,0.0,0.0,0.0,,
125827.0,06:39,"Barnes S.FOUL (P1.T1) (J.Butler)
Young Free Throw 1 of 2 (12 PTS)
Young Free Throw 2 of 2 (13 PTS)
",0.0,0.0,0.0,0.0,2025-02-05,0022400719,0.0,0.0,SAS,3.0,1.0,-14.0,06:50,Off Dead Ball,0.0,Barnes S.FOUL (P1.T1) (J.Butler),,ATL,SAS,ATL,1610612737.0,2025.0,1750.0,1761.0,1755.5,1629027|1629631|1630168|1630700|1630811,101108|203084|1628368|1630577|1631110,2024-25,376.0,0.32,0.0,0.0,0.0,0.0,,
125830.0,07:03,"Okongwu 5' Driving Hook Shot (24 PTS) (Daniels 5 AST)
",1.0,1.0,0.0,0.0,2025-02-05,0022400719,0.0,0.0,SAS,3.0,0.0,-16.0,07:16,Off At Rim Make,0.0,Okongwu 5' Driving Hook Shot (24 PTS) (Daniels 5 AST),,ATL,SAS,ATL,1610612737.0,2025.0,1724.0,1737.0,1730.5,1629027|1629631|1630168|1630700|1642258,101108|203084|1628368|1630170|1641705,2024-25,408.0,0.8653846153846154,0.0,0.0,0.0,0.0,,
125831.0,07:21,"Young Bad Pass Turnover (P8.T15): Vassell STEAL (4 STL)
",0.0,0.0,0.0,0.0,2025-02-05,0022400719,0.0,0.0,SAS,3.0,0.0,-14.0,07:34,Off Short Mid-Range Make,1.0,Young Bad Pass Turnover (P8.T15): Vassell STEAL (4 STL),,ATL,SAS,ATL,1610612737.0,2025.0,1706.0,1719.0,1712.5,1629027|1629631|1630168|1630700|1642258,101108|203084|1628368|1630170|1641705,2024-25,385.0,0.47191011235955055,0.0,0.0,0.0,0.0,,
125832.0,07:51,"Young 2' Driving Finger Roll Layup (11 PTS) (Hunter 4 AST)
",1.0,1.0,0.0,0.0,2025-02-05,0022400719,0.0,0.0,SAS,3.0,0.0,-14.0,07:56,Off Short Mid-Range Miss,0.0,Young 2' Driving Finger Roll Layup (11 PTS) (Hunter 4 AST),,ATL,SAS,ATL,1610612737.0,2025.0,1684.0,1689.0,1686.5,1629027|1629631|1630168|1630700|1642258,101108|203084|1628368|1630170|1641705,2024-25,400.0,0.1978021978021978,0.0,0.0,0.0,0.0,,
125836.0,08:36,"MISS Young 2' Driving Finger Roll Layup
Okongwu REBOUND (Off:2 Def:4)
MISS Okongwu Tip Layup Shot
Okongwu REBOUND (Off:3 Def:4)
Okongwu Putback Layup (22 PTS)
",3.0,1.0,0.0,0.0,2025-02-05,0022400719,0.0,2.0,SAS,3.0,0.0,-16.0,08:50,Off At Rim Miss,0.0,Okongwu REBOUND (Off:2 Def:4),,ATL,SAS,ATL,1610612737.0,2025.0,1630.0,1644.0,1637.0,1629027|1629631|1630168|1630700|1642258,101108|203084|1628368|1630170|1641705,2024-25,390.0,0.45454545454545453,0.0,0.0,0.0,0.0,,
125839.0,08:36,"MISS Young 2' Driving Finger Roll Layup
Okongwu REBOUND (Off:2 Def:4)
MISS Okongwu Tip Layup Shot
Okongwu REBOUND (Off:3 Def:4)
Okongwu Putback Layup (22 PTS)
",3.0,1.0,0.0,0.0,2025-02-05,0022400719,0.0,2.0,SAS,3.0,0.0,-16.0,08:50,Off At Rim Miss,0.0,Okongwu Putback Layup (22 PTS),,ATL,SAS,ATL,1610612737.0,2025.0,1630.0,1644.0,1637.0,1629027|1629631|1630168|1630700|1642258,101108|203084|1628368|1630170|1641705,2024-25,393.0,0.41935483870967744,0.0,0.0,0.0,0.0,,
125835.0,08:36,"MISS Young 2' Driving Finger Roll Layup
Okongwu REBOUND (Off:2 Def:4)
MISS Okongwu Tip Layup Shot
Okongwu REBOUND (Off:3 Def:4)
Okongwu Putback Layup (22 PTS)
",3.0,1.0,0.0,0.0,2025-02-05,0022400719,0.0,2.0,SAS,3.0,0.0,-16.0,08:50,Off At Rim Miss,0.0,MISS Young 2' Driving Finger Roll Layup,,ATL,SAS,ATL,1610612737.0,2025.0,1630.0,1644.0,1637.0,1629027|1629631|1630168|1630700|1642258,101108|203084|1628368|1630170|1641705,2024-25,389.0,0.20512820512820512,0.0,0.0,0.0,0.0,,
125837.0,08:36,"MISS Young 2' Driving Finger Roll Layup
Okongwu REBOUND (Off:2 Def:4)
MISS Okongwu Tip Layup Shot
Okongwu REBOUND (Off:3 Def:4)
Okongwu Putback Layup (22 PTS)
",3.0,1.0,0.0,0.0,2025-02-05,0022400719,0.0,2.0,SAS,3.0,0.0,-16.0,08:50,Off At Rim Miss,0.0,MISS Okongwu Tip Layup Shot,,ATL,SAS,ATL,1610612737.0,2025.0,1630.0,1644.0,1637.0,1629027|1629631|1630168|1630700|1642258,101108|203084|1628368|1630170|1641705,2024-25,391.0,0.375,0.0,0.0,0.0,0.0,,
125840.0,08:58,"Young Bad Pass Turnover (P7.T14): Fox STEAL (1 STL)
",0.0,0.0,0.0,0.0,2025-02-05,0022400719,0.0,0.0,SAS,3.0,0.0,-16.0,09:10,Off At Rim Make,1.0,Young Bad Pass Turnover (P7.T14): Fox STEAL (1 STL),,ATL,SAS,ATL,1610612737.0,2025.0,1610.0,1622.0,1616.0,1629027|1629631|1630168|1630700|1642258,101108|203084|1628368|1630170|1641705,2024-25,413.0,0.3116883116883117,0.0,0.0,0.0,0.0,,
125841.0,09:28,"Okongwu 1' Cutting Layup Shot (20 PTS) (Young 8 AST)
",1.0,1.0,0.0,0.0,2025-02-05,0022400719,0.0,0.0,SAS,3.0,0.0,-16.0,09:46,Off Short Mid-Range Make,0.0,Okongwu 1' Cutting Layup Shot (20 PTS) (Young 8 AST),,ATL,SAS,ATL,1610612737.0,2025.0,1574.0,1592.0,1583.0,1629027|1629631|1630168|1630700|1642258,101108|203084|1628368|1630170|1641705,2024-25,396.0,0.693069306930693,0.0,0.0,0.0,0.0,,
125842.0,10:01,"Hunter 3PT Jump Shot (12 PTS) (Young 7 AST)
",0.0,0.0,1.0,1.0,2025-02-05,0022400719,0.0,0.0,SAS,3.0,0.0,-17.0,10:13,Off At Rim Make,0.0,Hunter 3PT Jump Shot (12 PTS) (Young 7 AST),,ATL,SAS,ATL,1610612737.0,2025.0,1547.0,1559.0,1553.0,1629027|1629631|1630168|1630700|1642258,101108|203084|1628368|1630170|1641705,2024-25,354.0,0.30985915492957744,0.0,0.0,0.0,0.0,,
125807.0,00:59,"Young Bad Pass Turnover (P9.T17): Sochan STEAL (1 STL)
",0.0,0.0,0.0,0.0,2025-02-05,0022400719,0.0,0.0,SAS,3.0,0.0,-7.0,01:09,Off At Rim Make,1.0,Young Bad Pass Turnover (P9.T17): Sochan STEAL (1 STL),,ATL,SAS,ATL,1610612737.0,2025.0,2091.0,2101.0,2096.0,1629027|1629631|1630168|1630700|1630811,1628368|1629640|1630170|1631110|1641705,2024-25,528.0,0.4358974358974359,0.0,0.0,0.0,0.0,,
125824.0,05:52,"MISS Young 31' 3PT Running Pull-Up Jump Shot
Barnes REBOUND (Off:2 Def:3)
",0.0,0.0,1.0,0.0,2025-02-05,0022400719,0.0,0.0,SAS,3.0,0.0,-12.0,05:59,Off Arc 3 Miss,0.0,Barnes REBOUND (Off:2 Def:3),,ATL,SAS,ATL,1610612737.0,2025.0,1801.0,1808.0,1804.5,1629027|1629631|1630168|1630700|1630811,101108|203084|1628368|1630577|1631110,2024-25,397.0,0.21052631578947367,0.0,0.0,0.0,0.0,,
125806.0,00:49,"Hunter 5' Driving Floating Jump Shot (17 PTS) (Young 11 AST)
",1.0,1.0,0.0,0.0,2025-02-05,0022400719,0.0,0.0,SAS,3.0,0.0,-9.0,00:55,Off At Rim Make,0.0,Hunter 5' Driving Floating Jump Shot (17 PTS) (Young 11 AST),,ATL,SAS,ATL,1610612737.0,2025.0,2105.0,2111.0,2108.0,1629027|1629631|1630168|1630700|1630811,1628368|1629640|1630170|1631110|1641705,2024-25,495.0,0.37168141592920356,0.0,0.0,0.0,0.0,,
125872.0,06:58,"MISS Barlow 15' Jump Shot
Paul REBOUND (Off:0 Def:3)
",1.0,0.0,0.0,0.0,2025-02-05,0022400719,0.0,0.0,SAS,4.0,0.0,-4.0,07:18,Off At Rim Make,0.0,Paul REBOUND (Off:0 Def:3),,ATL,SAS,ATL,1610612737.0,2025.0,2442.0,2462.0,2452.0,1626204|1629027|1630249|1630700|1631230,101108|1628368|1630170|1630577|1631110,2024-25,562.0,0.1568627450980392,0.0,0.0,0.0,0.0,,
125893.0,11:38,"Krejci 25' 3PT Running Jump Shot (5 PTS) (Hunter 5 AST)
",0.0,0.0,1.0,1.0,2025-02-05,0022400719,0.0,0.0,SAS,4.0,0.0,-6.0,11:42,Off At Rim Miss,0.0,Krejci 25' 3PT Running Jump Shot (5 PTS) (Hunter 5 AST),,ATL,SAS,ATL,1610612737.0,2025.0,2178.0,2182.0,2180.0,1626204|1629631|1630249|1630811|1642258,101108|1630170|1630577|1641705|1642264,2024-25,522.0,0.55,0.0,0.0,0.0,0.0,,
125844.0,10:54,"Risacher 12' Turnaround Fadeaway (6 PTS) (Daniels 4 AST)
",1.0,1.0,0.0,0.0,2025-02-05,0022400719,0.0,0.0,SAS,3.0,0.0,-17.0,11:05,Off Arc 3 Miss,0.0,Risacher 12' Turnaround Fadeaway (6 PTS) (Daniels 4 AST),,ATL,SAS,ATL,1610612737.0,2025.0,1495.0,1506.0,1500.5,1629027|1629631|1630168|1630700|1642258,101108|203084|1628368|1630170|1641705,2024-25,365.0,0.16666666666666666,0.0,0.0,0.0,0.0,,
125847.0,00:08,"Young 12' Driving Floating Jump Shot (32 PTS)
",1.0,1.0,0.0,0.0,2025-02-05,0022400719,0.0,0.0,SAS,4.0,0.0,-2.0,00:30,Off Timeout,0.0,Young 12' Driving Floating Jump Shot (32 PTS),,ATL,SAS,ATL,1610612737.0,2025.0,2850.0,2872.0,2861.0,1629027|1629631|1630168|1630249|1630700,101108|203084|1628368|1630170|1641705,2024-25,684.0,0.3235294117647059,0.0,0.0,0.0,0.0,,
125848.0,00:48,"Sochan S.FOUL (P3.PN) (J.Williams)
Young Free Throw 1 of 2 (29 PTS)
Young Free Throw 2 of 2 (30 PTS)
",0.0,0.0,0.0,0.0,2025-02-05,0022400719,0.0,0.0,SAS,4.0,1.0,-2.0,00:54,Off Short Mid-Range Miss,0.0,Young Free Throw 1 of 2 (29 PTS),,ATL,SAS,ATL,1610612737.0,2025.0,2826.0,2832.0,2829.0,1629027|1629631|1630168|1630249|1630700,101108|1628368|1630170|1631110|1641705,2024-25,674.0,0.2558139534883721,0.0,0.0,0.0,0.0,,
125850.0,00:48,"Sochan S.FOUL (P3.PN) (J.Williams)
Young Free Throw 1 of 2 (29 PTS)
Young Free Throw 2 of 2 (30 PTS)
",0.0,0.0,0.0,0.0,2025-02-05,0022400719,0.0,0.0,SAS,4.0,1.0,-2.0,00:54,Off Short Mid-Range Miss,0.0,Sochan S.FOUL (P3.PN) (J.Williams),,ATL,SAS,ATL,1610612737.0,2025.0,2826.0,2832.0,2829.0,1629027|1629631|1630168|1630249|1630700,101108|1628368|1630170|1631110|1641705,2024-25,710.0,0.16216216216216217,0.0,0.0,0.0,0.0,,
125849.0,00:48,"Sochan S.FOUL (P3.PN) (J.Williams)
Young Free Throw 1 of 2 (29 PTS)
Young Free Throw 2 of 2 (30 PTS)
",0.0,0.0,0.0,0.0,2025-02-05,0022400719,0.0,0.0,SAS,4.0,1.0,-2.0,00:54,Off Short Mid-Range Miss,0.0,Young Free Throw 2 of 2 (30 PTS),,ATL,SAS,ATL,1610612737.0,2025.0,2826.0,2832.0,2829.0,1629027|1629631|1630168|1630249|1630700,101108|1628368|1630170|1631110|1641705,2024-25,677.0,0.8656716417910447,0.0,0.0,0.0,0.0,,
125852.0,02:21,"Wembanyama P.FOUL (P5.T4) (J.Williams)
MISS Young 3PT Step Back Jump Shot
Hunter REBOUND (Off:1 Def:9)
Hunter 12' Jump Shot (19 PTS)
",1.0,1.0,1.0,0.0,2025-02-05,0022400719,0.0,1.0,SAS,4.0,0.0,-7.0,03:04,Off Arc 3 Make,0.0,Wembanyama P.FOUL (P5.T4) (J.Williams),,ATL,SAS,ATL,1610612737.0,2025.0,2696.0,2739.0,2717.5,1629027|1629631|1630168|1630249|1630700,101108|203084|1628368|1641705|1642264,2024-25,670.0,0.2727272727272727,0.0,0.0,0.0,0.0,,
125853.0,02:21,"Wembanyama P.FOUL (P5.T4) (J.Williams)
MISS Young 3PT Step Back Jump Shot
Hunter REBOUND (Off:1 Def:9)
Hunter 12' Jump Shot (19 PTS)
",1.0,1.0,1.0,0.0,2025-02-05,0022400719,0.0,1.0,SAS,4.0,0.0,-7.0,03:04,Off Arc 3 Make,0.0,MISS Young 3PT Step Back Jump Shot,,ATL,SAS,ATL,1610612737.0,2025.0,2696.0,2739.0,2717.5,1629027|1629631|1630168|1630249|1630700,101108|203084|1628368|1641705|1642264,2024-25,657.0,0.29333333333333333,0.0,0.0,0.0,0.0,,
125856.0,03:11,"MISS Young 4' Driving Floating Bank Jump Shot
Wembanyama REBOUND (Off:3 Def:8)
",1.0,0.0,0.0,0.0,2025-02-05,0022400719,0.0,0.0,SAS,4.0,0.0,-4.0,03:26,Off Arc 3 Miss,0.0,MISS Young 4' Driving Floating Bank Jump Shot,,ATL,SAS,ATL,1610612737.0,2025.0,2674.0,2689.0,2681.5,1629027|1629631|1630168|1630249|1630700,101108|203084|1628368|1641705|1642264,2024-25,647.0,0.33766233766233766,0.0,0.0,0.0,0.0,,
125858.0,03:50,"Young 9' Driving Floating Jump Shot (28 PTS)
",1.0,1.0,0.0,0.0,2025-02-05,0022400719,0.0,0.0,SAS,4.0,0.0,-6.0,04:02,Off At Rim Make,0.0,Young 9' Driving Floating Jump Shot (28 PTS),,ATL,SAS,ATL,1610612737.0,2025.0,2638.0,2650.0,2644.0,1629027|1629631|1630168|1630249|1630700,101108|203084|1628368|1641705|1642264,2024-25,642.0,0.35443037974683544,0.0,0.0,0.0,0.0,,
125860.0,04:05,"MISS Hunter 25' 3PT Jump Shot
Fox REBOUND (Off:1 Def:4)
",0.0,0.0,1.0,0.0,2025-02-05,0022400719,0.0,0.0,SAS,4.0,0.0,-4.0,04:19,Off Short Mid-Range Miss,0.0,Fox REBOUND (Off:1 Def:4),,ATL,SAS,ATL,1610612737.0,2025.0,2621.0,2635.0,2628.0,1629027|1629631|1630168|1630249|1630700,101108|203084|1628368|1641705|1642264,2024-25,669.0,0.7636363636363637,0.0,0.0,0.0,0.0,,
125861.0,04:36,"Young 26' 3PT Step Back Jump Shot (26 PTS) (Krejci 2 AST)
",0.0,0.0,1.0,1.0,2025-02-05,0022400719,0.0,0.0,SAS,4.0,0.0,-7.0,04:41,Off Steal,0.0,Young 26' 3PT Step Back Jump Shot (26 PTS) (Krejci 2 AST),,ATL,SAS,ATL,1610612737.0,2025.0,2599.0,2604.0,2601.5,1629027|1629631|1630168|1630249|1630700,203084|1628368|1629640|1641705|1642264,2024-25,631.0,0.23157894736842105,0.0,0.0,0.0,0.0,,
125864.0,04:43,"MISS Okongwu 26' 3PT Jump Shot
HAWKS Rebound
Fox L.B.FOUL (P3.T3) (J.Williams)
MISS Daniels 3' Driving Floating Bank Jump Shot
Fox REBOUND (Off:1 Def:3)
",1.0,0.0,1.0,0.0,2025-02-05,0022400719,0.0,1.0,SAS,4.0,0.0,-7.0,05:06,Off Short Mid-Range Make,0.0,Fox L.B.FOUL (P3.T3) (J.Williams),,ATL,SAS,ATL,1610612737.0,2025.0,2574.0,2597.0,2585.5,1629027|1629631|1630168|1630249|1630700,203084|1628368|1629640|1631110|1641705,2024-25,637.0,0.19047619047619047,0.0,0.0,0.0,0.0,,
125867.0,05:32,"Okongwu 1' Cutting Dunk Shot (30 PTS) (Daniels 6 AST)
",1.0,1.0,0.0,0.0,2025-02-05,0022400719,0.0,0.0,SAS,4.0,0.0,-7.0,05:37,Off At Rim Miss,0.0,Okongwu 1' Cutting Dunk Shot (30 PTS) (Daniels 6 AST),,ATL,SAS,ATL,1610612737.0,2025.0,2543.0,2548.0,2545.5,1629027|1629631|1630168|1630249|1630700,203084|1628368|1629640|1631110|1641705,2024-25,646.0,0.6170212765957447,0.0,0.0,0.0,0.0,,
125868.0,05:54,"Daniels Traveling Turnover (P2.T20)
",0.0,0.0,0.0,0.0,2025-02-05,0022400719,0.0,0.0,SAS,4.0,0.0,-7.0,06:13,Off Timeout,1.0,Daniels Traveling Turnover (P2.T20),,ATL,SAS,ATL,1610612737.0,2025.0,2507.0,2526.0,2516.5,1629027|1629631|1630168|1630249|1630700,203084|1628368|1629640|1631110|1641705,2024-25,611.0,0.37142857142857144,0.0,0.0,0.0,0.0,,
125804.0,00:08,"Fox P.FOUL (P2.T2) (M.Ervin)
Young 26' 3PT Pullup Jump Shot (20 PTS)
",0.0,0.0,1.0,1.0,2025-02-05,0022400719,0.0,0.0,SAS,3.0,0.0,-7.0,00:27,Off Short Mid-Range Miss,0.0,Fox P.FOUL (P2.T2) (M.Ervin),,ATL,SAS,ATL,1610612737.0,2025.0,2133.0,2152.0,2142.5,1629027|1629631|1630168|1630700|1630811,1628368|1629640|1630170|1631110|1641705,2024-25,501.0,0.13333333333333333,0.0,0.0,0.0,0.0,,
125870.0,06:31,"MISS Krejci 18' Jump Shot
Sochan REBOUND (Off:1 Def:3)
",1.0,0.0,0.0,0.0,2025-02-05,0022400719,0.0,0.0,SAS,4.0,0.0,-4.0,06:44,Off Short Mid-Range Miss,0.0,Sochan REBOUND (Off:1 Def:3),,ATL,SAS,ATL,1610612737.0,2025.0,2476.0,2489.0,2482.5,1626204|1629027|1630249|1630700|1631230,101108|1628368|1630170|1630577|1631110,2024-25,609.0,0.15151515151515152,0.0,0.0,0.0,0.0,,
125871.0,06:58,"MISS Barlow 15' Jump Shot
Paul REBOUND (Off:0 Def:3)
",1.0,0.0,0.0,0.0,2025-02-05,0022400719,0.0,0.0,SAS,4.0,0.0,-4.0,07:18,Off At Rim Make,0.0,MISS Barlow 15' Jump Shot,,ATL,SAS,ATL,1610612737.0,2025.0,2442.0,2462.0,2452.0,1626204|1629027|1630249|1630700|1631230,101108|1628368|1630170|1630577|1631110,2024-25,592.0,0.45454545454545453,0.0,0.0,0.0,0.0,,
125873.0,07:38,"Young 12' Pullup Jump Shot (23 PTS)
",1.0,1.0,0.0,0.0,2025-02-05,0022400719,0.0,0.0,SAS,4.0,0.0,-4.0,07:50,Off At Rim Make,0.0,Young 12' Pullup Jump Shot (23 PTS),,ATL,SAS,ATL,1610612737.0,2025.0,2410.0,2422.0,2416.0,1626204|1629027|1630249|1630700|1631230,101108|1628368|1630170|1630577|1631110,2024-25,587.0,0.4857142857142857,0.0,0.0,0.0,0.0,,
125874.0,07:54,"Daniels Lost Ball Turnover (P1.T19): Fox STEAL (3 STL)
",0.0,0.0,0.0,0.0,2025-02-05,0022400719,0.0,0.0,SAS,4.0,0.0,-2.0,07:57,Off Short Mid-Range Miss,1.0,Daniels Lost Ball Turnover (P1.T19): Fox STEAL (3 STL),,ATL,SAS,ATL,1610612737.0,2025.0,2403.0,2406.0,2404.5,1626204|1629027|1630249|1630700|1631230,101108|1628368|1630170|1630577|1631110,2024-25,583.0,0.056338028169014086,0.0,0.0,0.0,0.0,,
125877.0,08:15,"Paul S.FOUL (P2.T2) (J.Butler)
Nance Jr. Free Throw 1 of 2 (1 PTS)
MISS Nance Jr. Free Throw 2 of 2
Vassell REBOUND (Off:0 Def:3)
",0.0,0.0,0.0,0.0,2025-02-05,0022400719,0.0,0.0,SAS,4.0,1.0,-3.0,08:25,Off Long Mid-Range Miss,0.0,MISS Nance Jr. Free Throw 2 of 2,,ATL,SAS,ATL,1610612737.0,2025.0,2375.0,2385.0,2380.0,1626204|1629027|1630249|1631230|1642258,101108|1630170|1630577|1641705|1642264,2024-25,579.0,0.25925925925925924,0.0,0.0,0.0,0.0,,
125879.0,08:47,"Barlow 3PT Jump Shot (5 PTS) (Krejci 1 AST)
",0.0,0.0,1.0,1.0,2025-02-05,0022400719,0.0,0.0,SAS,4.0,0.0,-6.0,08:53,Off At Rim Make,0.0,Barlow 3PT Jump Shot (5 PTS) (Krejci 1 AST),,ATL,SAS,ATL,1610612737.0,2025.0,2347.0,2353.0,2350.0,1626204|1629027|1630249|1631230|1642258,101108|1630170|1630577|1641705|1642264,2024-25,566.0,0.2702702702702703,0.0,0.0,0.0,0.0,,
125883.0,09:05,"MISS Risacher 5' Driving Finger Roll Layup
Krejci REBOUND (Off:1 Def:2)
MISS Barlow 1' Driving Layup: Wembanyama BLOCK (1 BLK)
Castle REBOUND (Off:0 Def:2)
",2.0,0.0,0.0,0.0,2025-02-05,0022400719,0.0,1.0,SAS,4.0,0.0,-4.0,09:38,Off At Rim Block,0.0,Castle REBOUND (Off:0 Def:2),,ATL,SAS,ATL,1610612737.0,2025.0,2302.0,2335.0,2318.5,1626204|1629027|1630249|1631230|1642258,101108|1630170|1630577|1641705|1642264,2024-25,555.0,0.2727272727272727,0.0,0.0,0.0,0.0,,
125880.0,09:05,"MISS Risacher 5' Driving Finger Roll Layup
Krejci REBOUND (Off:1 Def:2)
MISS Barlow 1' Driving Layup: Wembanyama BLOCK (1 BLK)
Castle REBOUND (Off:0 Def:2)
",2.0,0.0,0.0,0.0,2025-02-05,0022400719,0.0,1.0,SAS,4.0,0.0,-4.0,09:38,Off At Rim Block,0.0,MISS Risacher 5' Driving Finger Roll Layup,,ATL,SAS,ATL,1610612737.0,2025.0,2302.0,2335.0,2318.5,1626204|1629027|1630249|1631230|1642258,101108|1630170|1630577|1641705|1642264,2024-25,557.0,0.9285714285714286,0.0,0.0,0.0,0.0,,
125885.0,09:43,"Spurs T.Foul (Def. 3 Sec Champagnie ) (J.Williams)
Young Free Throw Technical (21 PTS)
Barlow 1' Cutting Layup Shot (2 PTS) (Young 12 AST)
Wembanyama S.FOUL (P4.T1) (J.Williams)
MISS Barlow Free Throw 1 of 1
Wembanyama REBOUND (Off:3 Def:7)
",1.0,1.0,0.0,0.0,2025-02-05,0022400719,0.0,0.0,SAS,4.0,1.0,-7.0,10:02,Off Dead Ball,0.0,Young Free Throw Technical (21 PTS),,ATL,SAS,ATL,1610612737.0,2025.0,2278.0,2297.0,2287.5,1626204|1629027|1630249|1631230|1642258,101108|1630170|1630577|1641705|1642264,2024-25,546.0,0.2222222222222222,0.0,0.0,0.0,0.0,,
125886.0,09:43,"Spurs T.Foul (Def. 3 Sec Champagnie ) (J.Williams)
Young Free Throw Technical (21 PTS)
Barlow 1' Cutting Layup Shot (2 PTS) (Young 12 AST)
Wembanyama S.FOUL (P4.T1) (J.Williams)
MISS Barlow Free Throw 1 of 1
Wembanyama REBOUND (Off:3 Def:7)
",1.0,1.0,0.0,0.0,2025-02-05,0022400719,0.0,0.0,SAS,4.0,1.0,-7.0,10:02,Off Dead Ball,0.0,Barlow 1' Cutting Layup Shot (2 PTS) (Young 12 AST),,ATL,SAS,ATL,1610612737.0,2025.0,2278.0,2297.0,2287.5,1626204|1629027|1630249|1631230|1642258,101108|1630170|1630577|1641705|1642264,2024-25,547.0,0.2028985507246377,0.0,0.0,0.0,0.0,,
125888.0,09:43,"Spurs T.Foul (Def. 3 Sec Champagnie ) (J.Williams)
Young Free Throw Technical (21 PTS)
Barlow 1' Cutting Layup Shot (2 PTS) (Young 12 AST)
Wembanyama S.FOUL (P4.T1) (J.Williams)
MISS Barlow Free Throw 1 of 1
Wembanyama REBOUND (Off:3 Def:7)
",1.0,1.0,0.0,0.0,2025-02-05,0022400719,0.0,0.0,SAS,4.0,1.0,-7.0,10:02,Off Dead Ball,0.0,MISS Barlow Free Throw 1 of 1,,ATL,SAS,ATL,1610612737.0,2025.0,2278.0,2297.0,2287.5,1626204|1629027|1630249|1631230|1642258,101108|1630170|1630577|1641705|1642264,2024-25,551.0,0.29508196721311475,0.0,0.0,0.0,0.0,,
125889.0,09:43,"Spurs T.Foul (Def. 3 Sec Champagnie ) (J.Williams)
Young Free Throw Technical (21 PTS)
Barlow 1' Cutting Layup Shot (2 PTS) (Young 12 AST)
Wembanyama S.FOUL (P4.T1) (J.Williams)
MISS Barlow Free Throw 1 of 1
Wembanyama REBOUND (Off:3 Def:7)
",1.0,1.0,0.0,0.0,2025-02-05,0022400719,0.0,0.0,SAS,4.0,1.0,-7.0,10:02,Off Dead Ball,0.0,Wembanyama REBOUND (Off:3 Def:7),,ATL,SAS,ATL,1610612737.0,2025.0,2278.0,2297.0,2287.5,1626204|1629027|1630249|1631230|1642258,101108|1630170|1630577|1641705|1642264,2024-25,519.0,0.25925925925925924,0.0,0.0,0.0,0.0,,
125890.0,10:18,"Hunter Lost Ball Turnover (P3.T18): Champagnie STEAL (5 STL)
",0.0,0.0,0.0,0.0,2025-02-05,0022400719,0.0,0.0,SAS,4.0,0.0,-7.0,10:32,Off Long Mid-Range Make,1.0,Hunter Lost Ball Turnover (P3.T18): Champagnie STEAL (5 STL),,ATL,SAS,ATL,1610612737.0,2025.0,2248.0,2262.0,2255.0,1626204|1629631|1630249|1630811|1642258,101108|1630170|1630577|1641705|1642264,2024-25,612.0,0.631578947368421,0.0,0.0,0.0,0.0,,
125891.0,10:45,"MISS Wallace 26' 3PT Pullup Jump Shot
Vassell REBOUND (Off:0 Def:2)
",0.0,0.0,1.0,0.0,2025-02-05,0022400719,0.0,0.0,SAS,4.0,0.0,-5.0,11:08,Off At Rim Make,0.0,MISS Wallace 26' 3PT Pullup Jump Shot,,ATL,SAS,ATL,1610612737.0,2025.0,2212.0,2235.0,2223.5,1626204|1629631|1630249|1630811|1642258,101108|1630170|1630577|1641705|1642264,2024-25,532.0,0.2708333333333333,0.0,0.0,0.0,0.0,,
125892.0,10:45,"MISS Wallace 26' 3PT Pullup Jump Shot
Vassell REBOUND (Off:0 Def:2)
",0.0,0.0,1.0,0.0,2025-02-05,0022400719,0.0,0.0,SAS,4.0,0.0,-5.0,11:08,Off At Rim Make,0.0,Vassell REBOUND (Off:0 Def:2),,ATL,SAS,ATL,1610612737.0,2025.0,2212.0,2235.0,2223.5,1626204|1629631|1630249|1630811|1642258,101108|1630170|1630577|1641705|1642264,2024-25,514.0,0.3076923076923077,0.0,0.0,0.0,0.0,,
125869.0,06:31,"MISS Krejci 18' Jump Shot
Sochan REBOUND (Off:1 Def:3)
",1.0,0.0,0.0,0.0,2025-02-05,0022400719,0.0,0.0,SAS,4.0,0.0,-4.0,06:44,Off Short Mid-Range Miss,0.0,MISS Krejci 18' Jump Shot,,ATL,SAS,ATL,1610612737.0,2025.0,2476.0,2489.0,2482.5,1626204|1629027|1630249|1630700|1631230,101108|1628368|1630170|1630577|1631110,2024-25,596.0,0.19047619047619047,0.0,0.0,0.0,0.0,,
125846.0,11:46,"Hunter Step Out of Bounds Turnover (P2.T13)
",0.0,0.0,0.0,0.0,2025-02-05,0022400719,0.0,0.0,SAS,3.0,0.0,-18.0,12:00,Off Dead Ball,1.0,Hunter Step Out of Bounds Turnover (P2.T13),,ATL,SAS,ATL,1610612737.0,2025.0,1440.0,1454.0,1447.0,1629027|1629631|1630168|1630700|1642258,101108|203084|1628368|1630170|1641705,2024-25,356.0,0.3384615384615385,0.0,0.0,0.0,0.0,,
125799.0,10:52,"MISS Krejci 24' 3PT Jump Shot
Wembanyama REBOUND (Off:0 Def:3)
",0.0,0.0,1.0,0.0,2025-02-05,0022400719,0.0,0.0,SAS,2.0,0.0,-13.0,11:00,Off Corner 3 Miss,0.0,MISS Krejci 24' 3PT Jump Shot,,ATL,SAS,ATL,1610612737.0,2025.0,780.0,788.0,784.0,1626204|1629027|1629726|1630249|1631230,101108|1629640|1630170|1641705|1642264,2024-25,172.0,0.2608695652173913,0.0,0.0,0.0,0.0,,
125748.0,01:06,"MISS Young 31' 3PT Pullup Jump Shot
Fox REBOUND (Off:0 Def:2)
",0.0,0.0,1.0,0.0,2025-02-05,0022400719,0.0,0.0,SAS,2.0,0.0,-15.0,01:18,Off At Rim Make,0.0,Fox REBOUND (Off:0 Def:2),,ATL,SAS,ATL,1610612737.0,2025.0,1362.0,1374.0,1368.0,1629027|1629631|1630168|1630700|1642258,1628368|1630170|1630577|1631110|1642264,2024-25,299.0,0.17777777777777778,0.0,0.0,0.0,0.0,,
125705.0,01:31,"MISS Barlow 3' Driving Layup: Champagnie BLOCK (1 BLK)
HAWKS Rebound
Vassell P.FOUL (P1.T2) (J.Williams)
Krejci Driving Finger Roll Layup (2 PTS) (Nance Jr. 1 AST)
",2.0,1.0,0.0,0.0,2025-02-05,0022400719,0.0,1.0,SAS,1.0,0.0,-10.0,01:58,Off Short Mid-Range Make,0.0,HAWKS Rebound,,ATL,SAS,ATL,1610612737.0,2025.0,602.0,629.0,615.5,1626204|1629027|1629726|1630249|1631230,1629640|1630170|1630577|1631110|1642264,2024-25,136.0,0.25806451612903225,0.0,0.0,0.0,0.0,,
125709.0,02:07,"MISS Young 27' 3PT Pullup Jump Shot
Champagnie REBOUND (Off:0 Def:1)
",0.0,0.0,1.0,0.0,2025-02-05,0022400719,0.0,0.0,SAS,1.0,0.0,-8.0,02:21,Off FT Make,0.0,Champagnie REBOUND (Off:0 Def:1),,ATL,SAS,ATL,1610612737.0,2025.0,579.0,593.0,586.0,1626204|1629027|1629726|1630249|1631230,1629640|1630170|1630577|1631110|1642264,2024-25,130.0,0.3076923076923077,0.0,0.0,0.0,0.0,,
125708.0,02:07,"MISS Young 27' 3PT Pullup Jump Shot
Champagnie REBOUND (Off:0 Def:1)
",0.0,0.0,1.0,0.0,2025-02-05,0022400719,0.0,0.0,SAS,1.0,0.0,-8.0,02:21,Off FT Make,0.0,MISS Young 27' 3PT Pullup Jump Shot,,ATL,SAS,ATL,1610612737.0,2025.0,579.0,593.0,586.0,1626204|1629027|1629726|1630249|1631230,1629640|1630170|1630577|1631110|1642264,2024-25,134.0,0.25,0.0,0.0,0.0,0.0,,
125710.0,02:31,"Krejci Bad Pass Turnover (P1.T4): Champagnie STEAL (2 STL)
",0.0,0.0,0.0,0.0,2025-02-05,0022400719,0.0,0.0,SAS,1.0,0.0,-6.0,02:54,Off Corner 3 Make,1.0,Krejci Bad Pass Turnover (P1.T4): Champagnie STEAL (2 STL),,ATL,SAS,ATL,1610612737.0,2025.0,546.0,569.0,557.5,1626204|1629631|1629726|1630249|1630811,1629640|1630170|1630577|1631110|1642264,2024-25,127.0,0.5376344086021505,0.0,0.0,0.0,0.0,,
125711.0,03:05,"Wallace 6' Driving Floating Jump Shot (5 PTS) (Mathews 1 AST)
",1.0,1.0,0.0,0.0,2025-02-05,0022400719,0.0,0.0,SAS,1.0,0.0,-5.0,03:18,Off Arc 3 Miss,0.0,Wallace 6' Driving Floating Jump Shot (5 PTS) (Mathews 1 AST),,ATL,SAS,ATL,1610612737.0,2025.0,522.0,535.0,528.5,1626204|1629631|1629726|1630249|1630811,1629640|1630170|1630577|1631110|1642264,2024-25,117.0,0.0963855421686747,0.0,0.0,0.0,0.0,,
125713.0,03:30,"MISS Hunter 12' Pullup Jump Shot
Johnson REBOUND (Off:0 Def:1)
",1.0,0.0,0.0,0.0,2025-02-05,0022400719,0.0,0.0,SAS,1.0,0.0,-5.0,03:56,Off Timeout,0.0,Johnson REBOUND (Off:0 Def:1),,ATL,SAS,ATL,1610612737.0,2025.0,484.0,510.0,497.0,1626204|1629631|1629726|1630249|1630811,1629640|1630170|1630577|1631110|1642264,2024-25,106.0,0.7333333333333333,0.0,0.0,0.0,0.0,,
125712.0,03:30,"MISS Hunter 12' Pullup Jump Shot
Johnson REBOUND (Off:0 Def:1)
",1.0,0.0,0.0,0.0,2025-02-05,0022400719,0.0,0.0,SAS,1.0,0.0,-5.0,03:56,Off Timeout,0.0,MISS Hunter 12' Pullup Jump Shot,,ATL,SAS,ATL,1610612737.0,2025.0,484.0,510.0,497.0,1626204|1629631|1629726|1630249|1630811,1629640|1630170|1630577|1631110|1642264,2024-25,113.0,0.5,0.0,0.0,0.0,0.0,,
125714.0,04:01,"Wallace Bad Pass Turnover (P1.T3): Champagnie STEAL (1 STL)
",0.0,0.0,0.0,0.0,2025-02-05,0022400719,0.0,0.0,SAS,1.0,0.0,-3.0,04:07,Off At Rim Make,1.0,Wallace Bad Pass Turnover (P1.T3): Champagnie STEAL (1 STL),,ATL,SAS,ATL,1610612737.0,2025.0,473.0,479.0,476.0,1626204|1629631|1630249|1630700|1630811,1628368|1629640|1630577|1631110|1642264,2024-25,104.0,0.2033898305084746,0.0,0.0,0.0,0.0,,
125715.0,04:20,"Wallace 25' 3PT Jump Shot (3 PTS) (Daniels 2 AST)
",0.0,0.0,1.0,1.0,2025-02-05,0022400719,0.0,0.0,SAS,1.0,0.0,-4.0,04:26,Off At Rim Miss,0.0,Wallace 25' 3PT Jump Shot (3 PTS) (Daniels 2 AST),,ATL,SAS,ATL,1610612737.0,2025.0,454.0,460.0,457.0,1626204|1629631|1630249|1630700|1630811,1628368|1629640|1630577|1631110|1642264,2024-25,100.0,0.3287671232876712,0.0,0.0,0.0,0.0,,
125718.0,05:27,"MISS Young 25' 3PT Pullup Jump Shot
Spurs Rebound
",0.0,0.0,1.0,0.0,2025-02-05,0022400719,0.0,0.0,SAS,1.0,0.0,-4.0,05:43,Off Arc 3 Miss,0.0,Spurs Rebound,,ATL,SAS,ATL,1610612737.0,2025.0,377.0,393.0,385.0,1629027|1629631|1630168|1630700|1642258,101108|203084|1628368|1630577|1631110,2024-25,94.0,0.4,0.0,0.0,0.0,0.0,,
125719.0,05:27,"MISS Young 25' 3PT Pullup Jump Shot
Spurs Rebound
",0.0,0.0,1.0,0.0,2025-02-05,0022400719,0.0,0.0,SAS,1.0,0.0,-4.0,05:43,Off Arc 3 Miss,0.0,MISS Young 25' 3PT Pullup Jump Shot,,ATL,SAS,ATL,1610612737.0,2025.0,377.0,393.0,385.0,1629027|1629631|1630168|1630700|1642258,101108|203084|1628368|1630577|1631110,2024-25,77.0,0.35294117647058826,0.0,0.0,0.0,0.0,,
125721.0,05:49,"MISS Daniels 8' Driving Floating Jump Shot
Sochan REBOUND (Off:0 Def:1)
",1.0,0.0,0.0,0.0,2025-02-05,0022400719,0.0,0.0,SAS,1.0,0.0,-4.0,06:06,Off Arc 3 Make,0.0,Sochan REBOUND (Off:0 Def:1),,ATL,SAS,ATL,1610612737.0,2025.0,354.0,371.0,362.5,1629027|1629631|1630168|1630700|1642258,101108|203084|1628368|1630577|1631110,2024-25,90.0,0.7333333333333333,0.0,0.0,0.0,0.0,,
125720.0,05:49,"MISS Daniels 8' Driving Floating Jump Shot
Sochan REBOUND (Off:0 Def:1)
",1.0,0.0,0.0,0.0,2025-02-05,0022400719,0.0,0.0,SAS,1.0,0.0,-4.0,06:06,Off Arc 3 Make,0.0,MISS Daniels 8' Driving Floating Jump Shot,,ATL,SAS,ATL,1610612737.0,2025.0,354.0,371.0,362.5,1629027|1629631|1630168|1630700|1642258,101108|203084|1628368|1630577|1631110,2024-25,73.0,0.23728813559322035,0.0,0.0,0.0,0.0,,
125722.0,06:18,"Risacher 1' Running Dunk (2 PTS) (Young 2 AST)
",1.0,1.0,0.0,0.0,2025-02-05,0022400719,0.0,0.0,SAS,1.0,0.0,-3.0,06:22,Off Steal,0.0,Risacher 1' Running Dunk (2 PTS) (Young 2 AST),,ATL,SAS,ATL,1610612737.0,2025.0,338.0,342.0,340.0,1629027|1629631|1630168|1630700|1642258,101108|203084|1628368|1630577|1631110,2024-25,69.0,0.5,0.0,0.0,0.0,0.0,,
125726.0,06:23,"MISS Risacher 3PT Jump Shot
Daniels REBOUND (Off:1 Def:1)
MISS Risacher 4' Floating Jump Shot
Paul REBOUND (Off:0 Def:1)
",1.0,0.0,1.0,0.0,2025-02-05,0022400719,0.0,1.0,SAS,1.0,0.0,-3.0,06:41,Off Arc 3 Make,0.0,Paul REBOUND (Off:0 Def:1),,ATL,SAS,ATL,1610612737.0,2025.0,319.0,337.0,328.0,1629027|1629631|1630168|1630700|1642258,101108|203084|1628368|1630577|1631110,2024-25,56.0,0.3,0.0,0.0,0.0,0.0,,
125727.0,06:52,"Young 2' Driving Finger Roll Layup (2 PTS)
",1.0,1.0,0.0,0.0,2025-02-05,0022400719,0.0,0.0,SAS,1.0,0.0,-2.0,07:11,Off FT Make,0.0,Young 2' Driving Finger Roll Layup (2 PTS),,ATL,SAS,ATL,1610612737.0,2025.0,289.0,308.0,298.5,1629027|1629631|1630168|1630700|1642258,101108|203084|1628368|1630577|1641705,2024-25,61.0,0.3956043956043956,0.0,0.0,0.0,0.0,,
125729.0,07:17,"MISS Young 8' Driving Floating Jump Shot
Wembanyama REBOUND (Off:0 Def:2)
",1.0,0.0,0.0,0.0,2025-02-05,0022400719,0.0,0.0,SAS,1.0,0.0,-1.0,07:34,Off Arc 3 Make,0.0,Wembanyama REBOUND (Off:0 Def:2),,ATL,SAS,ATL,1610612737.0,2025.0,266.0,283.0,274.5,1629027|1629631|1630168|1630700|1642258,101108|203084|1628368|1630170|1641705,2024-25,46.0,0.28125,0.0,0.0,0.0,0.0,,
125731.0,07:39,"Wembanyama L.B.FOUL (P1.T1) (J.Williams)
Young Bad Pass Turnover (P2.T2): Vassell STEAL (1 STL)
",0.0,0.0,0.0,0.0,2025-02-05,0022400719,0.0,0.0,SAS,1.0,0.0,2.0,07:51,Off Dead Ball,1.0,Young Bad Pass Turnover (P2.T2): Vassell STEAL (1 STL),,ATL,SAS,ATL,1610612737.0,2025.0,249.0,261.0,255.0,1629027|1629631|1630168|1630700|1642258,101108|203084|1628368|1630170|1641705,2024-25,45.0,0.23255813953488372,0.0,0.0,0.0,0.0,,
125730.0,07:39,"Wembanyama L.B.FOUL (P1.T1) (J.Williams)
Young Bad Pass Turnover (P2.T2): Vassell STEAL (1 STL)
",0.0,0.0,0.0,0.0,2025-02-05,0022400719,0.0,0.0,SAS,1.0,0.0,2.0,07:51,Off Dead Ball,1.0,Wembanyama L.B.FOUL (P1.T1) (J.Williams),,ATL,SAS,ATL,1610612737.0,2025.0,249.0,261.0,255.0,1629027|1629631|1630168|1630700|1642258,101108|203084|1628368|1630170|1641705,2024-25,51.0,0.3058823529411765,0.0,0.0,0.0,0.0,,
125732.0,08:05,"Hunter 24' 3PT Jump Shot (6 PTS) (Okongwu 3 AST)
",0.0,0.0,1.0,1.0,2025-02-05,0022400719,0.0,0.0,SAS,1.0,0.0,-1.0,08:17,Off At Rim Make,0.0,Hunter 24' 3PT Jump Shot (6 PTS) (Okongwu 3 AST),,ATL,SAS,ATL,1610612737.0,2025.0,223.0,235.0,229.0,1629027|1629631|1630168|1630700|1642258,101108|203084|1628368|1630170|1641705,2024-25,38.0,0.17721518987341772,0.0,0.0,0.0,0.0,,
125733.0,08:25,"Daniels 3PT Jump Shot (5 PTS) (Okongwu 2 AST)
",0.0,0.0,1.0,1.0,2025-02-05,0022400719,0.0,0.0,SAS,1.0,0.0,-2.0,08:39,Off Arc 3 Make,0.0,Daniels 3PT Jump Shot (5 PTS) (Okongwu 2 AST),,ATL,SAS,ATL,1610612737.0,2025.0,201.0,215.0,208.0,1629027|1629631|1630168|1630700|1642258,101108|203084|1628368|1630170|1641705,2024-25,34.0,0.5132743362831859,0.0,0.0,0.0,0.0,,
125734.0,08:57,"Daniels 11' Floating Jump Shot (2 PTS) (Okongwu 1 AST)
",1.0,1.0,0.0,0.0,2025-02-05,0022400719,0.0,0.0,SAS,1.0,0.0,-1.0,09:07,Off Short Mid-Range Miss,0.0,Daniels 11' Floating Jump Shot (2 PTS) (Okongwu 1 AST),,ATL,SAS,ATL,1610612737.0,2025.0,173.0,183.0,178.0,1629027|1629631|1630168|1630700|1642258,101108|203084|1628368|1630170|1641705,2024-25,30.0,0.2558139534883721,0.0,0.0,0.0,0.0,,
125735.0,09:31,"Okongwu 3PT Jump Shot (3 PTS) (Daniels 1 AST)
",0.0,0.0,1.0,1.0,2025-02-05,0022400719,0.0,0.0,SAS,1.0,0.0,-4.0,09:44,Off Arc 3 Miss,0.0,Okongwu 3PT Jump Shot (3 PTS) (Daniels 1 AST),,ATL,SAS,ATL,1610612737.0,2025.0,136.0,149.0,142.5,1629027|1629631|1630168|1630700|1642258,101108|203084|1628368|1630170|1641705,2024-25,26.0,0.2682926829268293,0.0,0.0,0.0,0.0,,
125737.0,09:51,"MISS Risacher 3PT Jump Shot
Fox REBOUND (Off:0 Def:1)
",0.0,0.0,1.0,0.0,2025-02-05,0022400719,0.0,0.0,SAS,1.0,0.0,-4.0,10:05,Off Arc 3 Make,0.0,Fox REBOUND (Off:0 Def:1),,ATL,SAS,ATL,1610612737.0,2025.0,115.0,129.0,122.0,1629027|1629631|1630168|1630700|1642258,101108|203084|1628368|1630170|1641705,2024-25,27.0,0.26229508196721313,0.0,0.0,0.0,0.0,,
125739.0,10:13,"MISS Risacher 25' 3PT Jump Shot
Wembanyama REBOUND (Off:0 Def:1)
",0.0,0.0,1.0,0.0,2025-02-05,0022400719,0.0,0.0,SAS,1.0,0.0,-1.0,10:35,Off Long Mid-Range Make,0.0,Wembanyama REBOUND (Off:0 Def:1),,ATL,SAS,ATL,1610612737.0,2025.0,85.0,107.0,96.0,1629027|1629631|1630168|1630700|1642258,101108|203084|1628368|1630170|1641705,2024-25,21.0,0.75,0.0,0.0,0.0,0.0,,
125738.0,10:13,"MISS Risacher 25' 3PT Jump Shot
Wembanyama REBOUND (Off:0 Def:1)
",0.0,0.0,1.0,0.0,2025-02-05,0022400719,0.0,0.0,SAS,1.0,0.0,-1.0,10:35,Off Long Mid-Range Make,0.0,MISS Risacher 25' 3PT Jump Shot,,ATL,SAS,ATL,1610612737.0,2025.0,85.0,107.0,96.0,1629027|1629631|1630168|1630700|1642258,101108|203084|1628368|1630170|1641705,2024-25,18.0,0.32608695652173914,0.0,0.0,0.0,0.0,,
125740.0,10:59,"Hunter 24' 3PT Jump Shot (3 PTS) (Young 1 AST)
",0.0,0.0,1.0,1.0,2025-02-05,0022400719,0.0,0.0,SAS,1.0,0.0,-2.0,11:18,Off At Rim Make,0.0,Hunter 24' 3PT Jump Shot (3 PTS) (Young 1 AST),,ATL,SAS,ATL,1610612737.0,2025.0,42.0,61.0,51.5,1629027|1629631|1630168|1630700|1642258,101108|203084|1628368|1630170|1641705,2024-25,13.0,0.1518987341772152,0.0,0.0,0.0,0.0,,
125741.0,11:23,"Young Bad Pass Turnover (P1.T1): Barnes STEAL (1 STL)
",0.0,0.0,0.0,0.0,2025-02-05,0022400719,0.0,0.0,SAS,1.0,0.0,0.0,11:32,Off Short Mid-Range Miss,1.0,Young Bad Pass Turnover (P1.T1): Barnes STEAL (1 STL),,ATL,SAS,ATL,1610612737.0,2025.0,28.0,37.0,32.5,1629027|1629631|1630168|1630700|1642258,101108|203084|1628368|1630170|1641705,2024-25,9.0,0.3373493975903614,0.0,0.0,0.0,0.0,,
125743.0,00:00,"MISS Young 38' 3PT Pullup Jump Shot
HAWKS Rebound
",0.0,0.0,1.0,0.0,2025-02-05,0022400719,0.0,0.0,SAS,2.0,0.0,-18.0,00:04,Off Long Mid-Range Make,0.0,HAWKS Rebound,,ATL,SAS,ATL,1610612737.0,2025.0,1436.0,1440.0,1438.0,1629027|1629631|1630168|1630700|1642258,1628368|1630170|1630577|1631110|1642264,2024-25,310.0,0.2222222222222222,0.0,0.0,0.0,0.0,,
125707.0,01:31,"MISS Barlow 3' Driving Layup: Champagnie BLOCK (1 BLK)
HAWKS Rebound
Vassell P.FOUL (P1.T2) (J.Williams)
Krejci Driving Finger Roll Layup (2 PTS) (Nance Jr. 1 AST)
",2.0,1.0,0.0,0.0,2025-02-05,0022400719,0.0,1.0,SAS,1.0,0.0,-10.0,01:58,Off Short Mid-Range Make,0.0,Krejci Driving Finger Roll Layup (2 PTS) (Nance Jr. 1 AST),,ATL,SAS,ATL,1610612737.0,2025.0,602.0,629.0,615.5,1626204|1629027|1629726|1630249|1631230,1629640|1630170|1630577|1631110|1642264,2024-25,142.0,0.44642857142857145,0.0,0.0,0.0,0.0,,
125704.0,01:31,"MISS Barlow 3' Driving Layup: Champagnie BLOCK (1 BLK)
HAWKS Rebound
Vassell P.FOUL (P1.T2) (J.Williams)
Krejci Driving Finger Roll Layup (2 PTS) (Nance Jr. 1 AST)
",2.0,1.0,0.0,0.0,2025-02-05,0022400719,0.0,1.0,SAS,1.0,0.0,-10.0,01:58,Off Short Mid-Range Make,0.0,MISS Barlow 3' Driving Layup: Champagnie BLOCK (1 BLK),,ATL,SAS,ATL,1610612737.0,2025.0,602.0,629.0,615.5,1626204|1629027|1629726|1630249|1631230,1629640|1630170|1630577|1631110|1642264,2024-25,140.0,0.425531914893617,0.0,0.0,0.0,0.0,,
125723.0,06:23,"MISS Risacher 3PT Jump Shot
Daniels REBOUND (Off:1 Def:1)
MISS Risacher 4' Floating Jump Shot
Paul REBOUND (Off:0 Def:1)
",1.0,0.0,1.0,0.0,2025-02-05,0022400719,0.0,1.0,SAS,1.0,0.0,-3.0,06:41,Off Arc 3 Make,0.0,MISS Risacher 3PT Jump Shot,,ATL,SAS,ATL,1610612737.0,2025.0,319.0,337.0,328.0,1629027|1629631|1630168|1630700|1642258,101108|203084|1628368|1630577|1631110,2024-25,63.0,0.31746031746031744,0.0,0.0,0.0,0.0,,
125701.0,00:20,"Krejci Bad Pass Turnover (P2.T5): Vassell STEAL (2 STL)
",0.0,0.0,0.0,0.0,2025-02-05,0022400719,0.0,0.0,SAS,1.0,0.0,-10.0,00:32,Off Arc 3 Miss,1.0,Krejci Bad Pass Turnover (P2.T5): Vassell STEAL (2 STL),,ATL,SAS,ATL,1610612737.0,2025.0,688.0,700.0,694.0,1626204|1629027|1629726|1630249|1631230,1629640|1630170|1631110|1641705|1642264,2024-25,170.0,0.22727272727272727,0.0,0.0,0.0,0.0,,
125749.0,01:23,"Young Bad Pass Turnover (P5.T10): Champagnie STEAL (4 STL)
",0.0,0.0,0.0,0.0,2025-02-05,0022400719,0.0,0.0,SAS,2.0,0.0,-13.0,01:34,Off Short Mid-Range Make,1.0,Young Bad Pass Turnover (P5.T10): Champagnie STEAL (4 STL),,ATL,SAS,ATL,1610612737.0,2025.0,1346.0,1357.0,1351.5,1629027|1629631|1630168|1630700|1642258,1628368|1630170|1630577|1631110|1642264,2024-25,324.0,0.18421052631578946,0.0,0.0,0.0,0.0,,
125703.0,00:57,"MISS Mathews 25' 3PT Jump Shot
Vassell REBOUND (Off:0 Def:1)
",0.0,0.0,1.0,0.0,2025-02-05,0022400719,0.0,0.0,SAS,1.0,0.0,-10.0,01:13,Off At Rim Make,0.0,Vassell REBOUND (Off:0 Def:1),,ATL,SAS,ATL,1610612737.0,2025.0,647.0,663.0,655.0,1626204|1629027|1629726|1630249|1631230,1629640|1630170|1631110|1641705|1642264,2024-25,143.0,0.8,0.0,0.0,0.0,0.0,,
125751.0,01:44,"MISS Daniels 6' Driving Floating Jump Shot
Sochan REBOUND (Off:0 Def:2)
",1.0,0.0,0.0,0.0,2025-02-05,0022400719,0.0,0.0,SAS,2.0,0.0,-11.0,01:57,Off Long Mid-Range Make,0.0,Sochan REBOUND (Off:0 Def:2),,ATL,SAS,ATL,1610612737.0,2025.0,1323.0,1336.0,1329.5,1629027|1629631|1630168|1630700|1642258,1628368|1630170|1630577|1631110|1642264,2024-25,289.0,0.2711864406779661,0.0,0.0,0.0,0.0,,
125750.0,01:44,"MISS Daniels 6' Driving Floating Jump Shot
Sochan REBOUND (Off:0 Def:2)
",1.0,0.0,0.0,0.0,2025-02-05,0022400719,0.0,0.0,SAS,2.0,0.0,-11.0,01:57,Off Long Mid-Range Make,0.0,MISS Daniels 6' Driving Floating Jump Shot,,ATL,SAS,ATL,1610612737.0,2025.0,1323.0,1336.0,1329.5,1629027|1629631|1630168|1630700|1642258,1628368|1630170|1630577|1631110|1642264,2024-25,321.0,0.16129032258064516,0.0,0.0,0.0,0.0,,
125756.0,02:30,"Wembanyama P.FOUL (P3.PN) (M.Ervin)
MISS Young Free Throw 1 of 2
HAWKS Rebound
Young Free Throw 2 of 2 (9 PTS)
",0.0,0.0,0.0,0.0,2025-02-05,0022400719,1.0,0.0,SAS,2.0,0.0,-11.0,02:41,Off Arc 3 Miss,0.0,Wembanyama P.FOUL (P3.PN) (M.Ervin),,ATL,SAS,ATL,1610612737.0,2025.0,1279.0,1290.0,1284.5,1629027|1629631|1630168|1630700|1642258,1628368|1630170|1631110|1641705|1642264,2024-25,265.0,0.37777777777777777,0.0,0.0,0.0,0.0,,
125757.0,02:30,"Wembanyama P.FOUL (P3.PN) (M.Ervin)
MISS Young Free Throw 1 of 2
HAWKS Rebound
Young Free Throw 2 of 2 (9 PTS)
",0.0,0.0,0.0,0.0,2025-02-05,0022400719,1.0,0.0,SAS,2.0,0.0,-11.0,02:41,Off Arc 3 Miss,0.0,MISS Young Free Throw 1 of 2,,ATL,SAS,ATL,1610612737.0,2025.0,1279.0,1290.0,1284.5,1629027|1629631|1630168|1630700|1642258,1628368|1630170|1631110|1641705|1642264,2024-25,307.0,0.3,0.0,0.0,0.0,0.0,,
125758.0,02:30,"Wembanyama P.FOUL (P3.PN) (M.Ervin)
MISS Young Free Throw 1 of 2
HAWKS Rebound
Young Free Throw 2 of 2 (9 PTS)
",0.0,0.0,0.0,0.0,2025-02-05,0022400719,1.0,0.0,SAS,2.0,0.0,-11.0,02:41,Off Arc 3 Miss,0.0,HAWKS Rebound,,ATL,SAS,ATL,1610612737.0,2025.0,1279.0,1290.0,1284.5,1629027|1629631|1630168|1630700|1642258,1628368|1630170|1631110|1641705|1642264,2024-25,282.0,0.4,0.0,0.0,0.0,0.0,,
125760.0,02:58,"Okongwu 24' 3PT Jump Shot (14 PTS) (Daniels 3 AST)
",0.0,0.0,1.0,1.0,2025-02-05,0022400719,0.0,0.0,SAS,2.0,0.0,-14.0,03:07,Off FT Make,0.0,Okongwu 24' 3PT Jump Shot (14 PTS) (Daniels 3 AST),,ATL,SAS,ATL,1610612737.0,2025.0,1253.0,1262.0,1257.5,1629027|1629631|1630168|1630700|1642258,1628368|1630170|1631110|1641705|1642264,2024-25,300.0,0.1728395061728395,0.0,0.0,0.0,0.0,,
125767.0,04:34,"Okongwu Cutting Dunk Shot (9 PTS) (Young 4 AST)
",1.0,1.0,0.0,0.0,2025-02-05,0022400719,0.0,0.0,SAS,2.0,0.0,-15.0,04:41,Off Long Mid-Range Make,0.0,Okongwu Cutting Dunk Shot (9 PTS) (Young 4 AST),,ATL,SAS,ATL,1610612737.0,2025.0,1159.0,1166.0,1162.5,1629027|1629631|1630168|1630700|1642258,203084|1628368|1629640|1630170|1631110,2024-25,294.0,0.27586206896551724,0.0,0.0,0.0,0.0,,
125769.0,04:50,"MISS Young 34' 3PT Pullup Jump Shot
Okongwu REBOUND (Off:1 Def:1)
Okongwu Tip Dunk Shot (7 PTS)
",1.0,1.0,1.0,0.0,2025-02-05,0022400719,0.0,1.0,SAS,2.0,0.0,-15.0,05:01,Off Dead Ball,0.0,Okongwu Tip Dunk Shot (7 PTS),,ATL,SAS,ATL,1610612737.0,2025.0,1139.0,1150.0,1144.5,1629027|1629631|1630168|1630700|1642258,203084|1628368|1629640|1630170|1631110,2024-25,269.0,0.4126984126984127,0.0,0.0,0.0,0.0,,
125771.0,05:07,"Young Bad Pass Turnover (P4.T9): Johnson STEAL (1 STL)
",0.0,0.0,0.0,0.0,2025-02-05,0022400719,0.0,0.0,SAS,2.0,0.0,-15.0,05:12,Off Arc 3 Miss,1.0,Young Bad Pass Turnover (P4.T9): Johnson STEAL (1 STL),,ATL,SAS,ATL,1610612737.0,2025.0,1128.0,1133.0,1130.5,1629027|1629631|1630168|1630700|1642258,203084|1628368|1629640|1630577|1631110,2024-25,257.0,0.10526315789473684,0.0,0.0,0.0,0.0,,
125772.0,05:28,"Okongwu 1' Alley Oop Layup (5 PTS) (Young 3 AST)
",1.0,1.0,0.0,0.0,2025-02-05,0022400719,0.0,0.0,SAS,2.0,0.0,-17.0,05:37,Off Long Mid-Range Make,0.0,Okongwu 1' Alley Oop Layup (5 PTS) (Young 3 AST),,ATL,SAS,ATL,1610612737.0,2025.0,1103.0,1112.0,1107.5,1629027|1629631|1630168|1630700|1642258,203084|1628368|1629640|1630577|1631110,2024-25,258.0,0.2,0.0,0.0,0.0,0.0,,
125776.0,05:55,"Fox P.FOUL (P1.T3) (J.Butler)
Champagnie P.FOUL (P1.T4) (J.Williams)
Sochan P.FOUL (P1.PN) (M.Ervin)
MISS Young Free Throw 1 of 2
HAWKS Rebound
Young Free Throw 2 of 2 (8 PTS)
",0.0,0.0,0.0,0.0,2025-02-05,0022400719,1.0,0.0,SAS,2.0,0.0,-16.0,06:09,Off Arc 3 Make,0.0,MISS Young Free Throw 1 of 2,,ATL,SAS,ATL,1610612737.0,2025.0,1071.0,1085.0,1078.0,1629027|1629631|1630168|1630700|1642258,203084|1628368|1629640|1630577|1631110,2024-25,254.0,0.17777777777777778,0.0,0.0,0.0,0.0,,
125774.0,05:55,"Fox P.FOUL (P1.T3) (J.Butler)
Champagnie P.FOUL (P1.T4) (J.Williams)
Sochan P.FOUL (P1.PN) (M.Ervin)
MISS Young Free Throw 1 of 2
HAWKS Rebound
Young Free Throw 2 of 2 (8 PTS)
",0.0,0.0,0.0,0.0,2025-02-05,0022400719,1.0,0.0,SAS,2.0,0.0,-16.0,06:09,Off Arc 3 Make,0.0,Champagnie P.FOUL (P1.T4) (J.Williams),,ATL,SAS,ATL,1610612737.0,2025.0,1071.0,1085.0,1078.0,1629027|1629631|1630168|1630700|1642258,203084|1628368|1629640|1630577|1631110,2024-25,246.0,0.21818181818181817,0.0,0.0,0.0,0.0,,
125781.0,06:52,"MISS Hunter 24' 3PT Jump Shot
Barnes REBOUND (Off:0 Def:2)
",0.0,0.0,1.0,0.0,2025-02-05,0022400719,0.0,0.0,SAS,2.0,0.0,-14.0,07:15,Off Timeout,0.0,Barnes REBOUND (Off:0 Def:2),,ATL,SAS,ATL,1610612737.0,2025.0,1005.0,1028.0,1016.5,1626204|1629027|1629631|1630700|1642258,101108|203084|1628368|1630577|1631110,2024-25,230.0,0.17391304347826086,0.0,0.0,0.0,0.0,,
125766.0,03:57,"MISS Daniels 8' Driving Floating Jump Shot
HAWKS Rebound
Daniels 1' Cutting Layup Shot (12 PTS) (Okongwu 4 AST)
Johnson S.FOUL (P1.PN) (J.Williams)
Daniels Free Throw 1 of 1 (13 PTS)
",2.0,1.0,0.0,0.0,2025-02-05,0022400719,0.0,1.0,SAS,2.0,1.0,-15.0,04:20,Off At Rim Make,0.0,Daniels Free Throw 1 of 1 (13 PTS),,ATL,SAS,ATL,1610612737.0,2025.0,1180.0,1203.0,1191.5,1629027|1629631|1630168|1630700|1642258,203084|1628368|1629640|1630170|1631110,2024-25,287.0,0.3218390804597701,0.0,0.0,0.0,0.0,,
125797.0,10:31,"MISS Mathews 25' 3PT Jump Shot
Wembanyama REBOUND (Off:0 Def:4)
",0.0,0.0,1.0,0.0,2025-02-05,0022400719,0.0,0.0,SAS,2.0,0.0,-13.0,10:40,Off At Rim Miss,0.0,MISS Mathews 25' 3PT Jump Shot,,ATL,SAS,ATL,1610612737.0,2025.0,800.0,809.0,804.5,1626204|1629027|1629726|1630249|1631230,101108|1629640|1630170|1641705|1642264,2024-25,176.0,0.34782608695652173,0.0,0.0,0.0,0.0,,
125802.0,11:09,"MISS Mathews 26' 3PT Jump Shot
Johnson REBOUND (Off:0 Def:2)
",0.0,0.0,1.0,0.0,2025-02-05,0022400719,0.0,0.0,SAS,2.0,0.0,-13.0,11:25,Off Arc 3 Make,0.0,Johnson REBOUND (Off:0 Def:2),,ATL,SAS,ATL,1610612737.0,2025.0,755.0,771.0,763.0,1626204|1629027|1629726|1630249|1631230,101108|1629640|1630170|1641705|1642264,2024-25,187.0,0.2978723404255319,0.0,0.0,0.0,0.0,,
125782.0,07:18,"MISS Daniels 3' Driving Finger Roll Layup
Champagnie REBOUND (Off:0 Def:2)
",1.0,0.0,0.0,0.0,2025-02-05,0022400719,0.0,0.0,SAS,2.0,0.0,-12.0,07:29,Off Arc 3 Miss,0.0,MISS Daniels 3' Driving Finger Roll Layup,,ATL,SAS,ATL,1610612737.0,2025.0,991.0,1002.0,996.5,1626204|1629027|1629631|1630700|1631230,101108|203084|1628368|1630577|1641705,2024-25,227.0,0.14035087719298245,0.0,0.0,0.0,0.0,,
125801.0,11:09,"MISS Mathews 26' 3PT Jump Shot
Johnson REBOUND (Off:0 Def:2)
",0.0,0.0,1.0,0.0,2025-02-05,0022400719,0.0,0.0,SAS,2.0,0.0,-13.0,11:25,Off Arc 3 Make,0.0,MISS Mathews 26' 3PT Jump Shot,,ATL,SAS,ATL,1610612737.0,2025.0,755.0,771.0,763.0,1626204|1629027|1629726|1630249|1631230,101108|1629640|1630170|1641705|1642264,2024-25,168.0,0.32727272727272727,0.0,0.0,0.0,0.0,,
125800.0,10:52,"MISS Krejci 24' 3PT Jump Shot
Wembanyama REBOUND (Off:0 Def:3)
",0.0,0.0,1.0,0.0,2025-02-05,0022400719,0.0,0.0,SAS,2.0,0.0,-13.0,11:00,Off Corner 3 Miss,0.0,Wembanyama REBOUND (Off:0 Def:3),,ATL,SAS,ATL,1610612737.0,2025.0,780.0,788.0,784.0,1626204|1629027|1629726|1630249|1631230,101108|1629640|1630170|1641705|1642264,2024-25,161.0,0.7419354838709677,0.0,0.0,0.0,0.0,,
125796.0,10:12,"Mathews Step Out of Bounds Turnover (P1.T7)
",0.0,0.0,0.0,0.0,2025-02-05,0022400719,0.0,0.0,SAS,2.0,0.0,-15.0,10:21,Off Long Mid-Range Make,1.0,Mathews Step Out of Bounds Turnover (P1.T7),,ATL,SAS,ATL,1610612737.0,2025.0,819.0,828.0,823.5,1626204|1629027|1629726|1630249|1631230,101108|1629640|1630170|1641705|1642264,2024-25,213.0,0.6086956521739131,0.0,0.0,0.0,0.0,,
125794.0,09:46,"Castle S.FOUL (P1.T1) (M.Ervin)
Young Free Throw 1 of 2 (3 PTS)
Young Free Throw 2 of 2 (4 PTS)
",0.0,0.0,0.0,0.0,2025-02-05,0022400719,0.0,0.0,SAS,2.0,1.0,-15.0,09:59,Off Dead Ball,0.0,Young Free Throw 1 of 2 (3 PTS),,ATL,SAS,ATL,1610612737.0,2025.0,841.0,854.0,847.5,1626204|1629027|1629726|1630700|1631230,101108|1630170|1630577|1641705|1642264,2024-25,190.0,0.2962962962962963,0.0,0.0,0.0,0.0,,
125803.0,11:37,"Krejci Bad Pass Turnover (P3.T6): Vassell STEAL (3 STL)
",0.0,0.0,0.0,0.0,2025-02-05,0022400719,0.0,0.0,SAS,2.0,0.0,-10.0,12:00,Off Dead Ball,1.0,Krejci Bad Pass Turnover (P3.T6): Vassell STEAL (3 STL),,ATL,SAS,ATL,1610612737.0,2025.0,720.0,743.0,731.5,1626204|1629027|1629726|1630249|1631230,101108|1629640|1630170|1641705|1642264,2024-25,166.0,0.1917808219178082,0.0,0.0,0.0,0.0,,
125792.0,09:13,"Daniels 1' Driving Floating Bank Jump Shot (7 PTS)
",1.0,1.0,0.0,0.0,2025-02-05,0022400719,0.0,0.0,SAS,2.0,0.0,-15.0,09:22,Off FT Make,0.0,Daniels 1' Driving Floating Bank Jump Shot (7 PTS),,ATL,SAS,ATL,1610612737.0,2025.0,878.0,887.0,882.5,1626204|1629027|1629726|1630700|1631230,101108|1628368|1630170|1630577|1641705,2024-25,201.0,0.3333333333333333,0.0,0.0,0.0,0.0,,
125791.0,08:37,"Young Bad Pass Turnover (P3.T8): Champagnie STEAL (3 STL)
",0.0,0.0,0.0,0.0,2025-02-05,0022400719,0.0,0.0,SAS,2.0,0.0,-13.0,08:59,Off Arc 3 Miss,1.0,Young Bad Pass Turnover (P3.T8): Champagnie STEAL (3 STL),,ATL,SAS,ATL,1610612737.0,2025.0,901.0,923.0,912.0,1626204|1629027|1629726|1630700|1631230,101108|1628368|1630170|1630577|1641705,2024-25,209.0,0.2882882882882883,0.0,0.0,0.0,0.0,,
125790.0,08:18,"MISS Nance Jr. 3PT Jump Shot
Paul REBOUND (Off:0 Def:2)
",0.0,0.0,1.0,0.0,2025-02-05,0022400719,0.0,0.0,SAS,2.0,0.0,-15.0,08:33,Off At Rim Make,0.0,Paul REBOUND (Off:0 Def:2),,ATL,SAS,ATL,1610612737.0,2025.0,927.0,942.0,934.5,1626204|1629027|1629631|1630700|1631230,101108|203084|1628368|1630577|1641705,2024-25,202.0,0.2909090909090909,0.0,0.0,0.0,0.0,,
125788.0,08:07,"Daniels 8' Driving Floating Jump Shot (9 PTS)
Paul S.FOUL (P1.T2) (M.Ervin)
Daniels Free Throw 1 of 1 (10 PTS)
",1.0,1.0,0.0,0.0,2025-02-05,0022400719,0.0,0.0,SAS,2.0,1.0,-15.0,08:11,Off Arc 3 Miss,0.0,Daniels 8' Driving Floating Jump Shot (9 PTS),,ATL,SAS,ATL,1610612737.0,2025.0,949.0,953.0,951.0,1626204|1629027|1629631|1630700|1631230,101108|203084|1628368|1630577|1641705,2024-25,217.0,0.967741935483871,0.0,0.0,0.0,0.0,,
125787.0,08:07,"Daniels 8' Driving Floating Jump Shot (9 PTS)
Paul S.FOUL (P1.T2) (M.Ervin)
Daniels Free Throw 1 of 1 (10 PTS)
",1.0,1.0,0.0,0.0,2025-02-05,0022400719,0.0,0.0,SAS,2.0,1.0,-15.0,08:11,Off Arc 3 Miss,0.0,Paul S.FOUL (P1.T2) (M.Ervin),,ATL,SAS,ATL,1610612737.0,2025.0,949.0,953.0,951.0,1626204|1629027|1629631|1630700|1631230,101108|203084|1628368|1630577|1641705,2024-25,223.0,0.23376623376623376,0.0,0.0,0.0,0.0,,
125783.0,07:18,"MISS Daniels 3' Driving Finger Roll Layup
Champagnie REBOUND (Off:0 Def:2)
",1.0,0.0,0.0,0.0,2025-02-05,0022400719,0.0,0.0,SAS,2.0,0.0,-12.0,07:29,Off Arc 3 Miss,0.0,Champagnie REBOUND (Off:0 Def:2),,ATL,SAS,ATL,1610612737.0,2025.0,991.0,1002.0,996.5,1626204|1629027|1629631|1630700|1631230,101108|203084|1628368|1630577|1641705,2024-25,208.0,0.29411764705882354,0.0,0.0,0.0,0.0,,
128798.0,02:51,"Ball P.FOUL (P2.PN) (Z.Zarba)
Young Free Throw 1 of 2 (21 PTS)
Young Free Throw 2 of 2 (22 PTS)
",0.0,0.0,0.0,0.0,2025-03-12,0022400945,1.0,0.0,CHA,3.0,0.0,10.0,03:00,Off Arc 3 Make,0.0,Young Free Throw 2 of 2 (22 PTS),,ATL,CHA,ATL,1610612737.0,2025.0,1980.0,1989.0,1984.5,1627747|1627777|1629027|1629611|1631230,203552|203994|1629610|1630163|1631111,2024-25,471.0,0.32,0.0,0.0,0.0,0.0,,
128801.0,03:11,"Ball P.FOUL (P1.PN) (Z.Zarba)
Mann Free Throw 1 of 2 (10 PTS)
MISS Mann Free Throw 2 of 2
Moore Jr. REBOUND (Off:0 Def:2)
",0.0,0.0,0.0,0.0,2025-03-12,0022400945,1.0,0.0,CHA,3.0,0.0,12.0,03:16,Off Arc 3 Miss,0.0,MISS Mann Free Throw 2 of 2,,ATL,CHA,ATL,1610612737.0,2025.0,1964.0,1969.0,1966.5,1627747|1627777|1629611|1630700|1631230,203552|203994|1630163|1630182|1631111,2024-25,461.0,0.3611111111111111,0.0,0.0,0.0,0.0,,
128799.0,03:11,"Ball P.FOUL (P1.PN) (Z.Zarba)
Mann Free Throw 1 of 2 (10 PTS)
MISS Mann Free Throw 2 of 2
Moore Jr. REBOUND (Off:0 Def:2)
",0.0,0.0,0.0,0.0,2025-03-12,0022400945,1.0,0.0,CHA,3.0,0.0,12.0,03:16,Off Arc 3 Miss,0.0,Ball P.FOUL (P1.PN) (Z.Zarba),,ATL,CHA,ATL,1610612737.0,2025.0,1964.0,1969.0,1966.5,1627747|1627777|1629611|1630700|1631230,203552|203994|1630163|1630182|1631111,2024-25,451.0,0.3728813559322034,0.0,0.0,0.0,0.0,,
128802.0,03:11,"Ball P.FOUL (P1.PN) (Z.Zarba)
Mann Free Throw 1 of 2 (10 PTS)
MISS Mann Free Throw 2 of 2
Moore Jr. REBOUND (Off:0 Def:2)
",0.0,0.0,0.0,0.0,2025-03-12,0022400945,1.0,0.0,CHA,3.0,0.0,12.0,03:16,Off Arc 3 Miss,0.0,Moore Jr. REBOUND (Off:0 Def:2),,ATL,CHA,ATL,1610612737.0,2025.0,1964.0,1969.0,1966.5,1627747|1627777|1629611|1630700|1631230,203552|203994|1630163|1630182|1631111,2024-25,453.0,0.7419354838709677,0.0,0.0,0.0,0.0,,
128800.0,03:11,"Ball P.FOUL (P1.PN) (Z.Zarba)
Mann Free Throw 1 of 2 (10 PTS)
MISS Mann Free Throw 2 of 2
Moore Jr. REBOUND (Off:0 Def:2)
",0.0,0.0,0.0,0.0,2025-03-12,0022400945,1.0,0.0,CHA,3.0,0.0,12.0,03:16,Off Arc 3 Miss,0.0,Mann Free Throw 1 of 2 (10 PTS),,ATL,CHA,ATL,1610612737.0,2025.0,1964.0,1969.0,1966.5,1627747|1627777|1629611|1630700|1631230,203552|203994|1630163|1630182|1631111,2024-25,456.0,0.18867924528301888,0.0,0.0,0.0,0.0,,
128797.0,02:51,"Ball P.FOUL (P2.PN) (Z.Zarba)
Young Free Throw 1 of 2 (21 PTS)
Young Free Throw 2 of 2 (22 PTS)
",0.0,0.0,0.0,0.0,2025-03-12,0022400945,1.0,0.0,CHA,3.0,0.0,10.0,03:00,Off Arc 3 Make,0.0,Young Free Throw 1 of 2 (21 PTS),,ATL,CHA,ATL,1610612737.0,2025.0,1980.0,1989.0,1984.5,1627747|1627777|1629027|1629611|1631230,203552|203994|1629610|1630163|1631111,2024-25,470.0,0.23076923076923078,0.0,0.0,0.0,0.0,,
128803.0,03:26,"MISS Barlow 3PT Jump Shot
Moore Jr. REBOUND (Off:0 Def:1)
",0.0,0.0,1.0,0.0,2025-03-12,0022400945,0.0,0.0,CHA,3.0,0.0,12.0,03:50,Off Arc 3 Make,0.0,MISS Barlow 3PT Jump Shot,,ATL,CHA,ATL,1610612737.0,2025.0,1930.0,1954.0,1942.0,1627747|1627777|1629611|1630700|1631230,203552|203994|1630163|1630182|1631111,2024-25,493.0,0.6976744186046512,0.0,0.0,0.0,0.0,,
128782.0,00:04,"MISS Niang 3PT Jump Shot: Bridges BLOCK (1 BLK)
HAWKS Rebound
MISS Barlow 15' Turnaround Fadeaway Shot
Bridges REBOUND (Off:0 Def:9)
",1.0,0.0,1.0,0.0,2025-03-12,0022400945,0.0,1.0,CHA,3.0,0.0,11.0,00:28,Off Arc 3 Make,0.0,HAWKS Rebound,,ATL,CHA,ATL,1610612737.0,2025.0,2132.0,2156.0,2144.0,1627747|1627777|1629027|1629611|1631230,1628970|1629610|1630163|1631111|1631217,2024-25,508.0,0.4,0.0,0.0,0.0,0.0,,
128787.0,01:02,"Jeffries S.FOUL (P3.PN) (Z.Zarba)
Young Free Throw 1 of 2 (25 PTS)
Young Free Throw 2 of 2 (26 PTS)
",0.0,0.0,0.0,0.0,2025-03-12,0022400945,0.0,0.0,CHA,3.0,1.0,9.0,01:11,Off At Rim Make,0.0,Young Free Throw 1 of 2 (25 PTS),,ATL,CHA,ATL,1610612737.0,2025.0,2089.0,2098.0,2093.5,1627747|1627777|1629027|1629611|1631230,203994|1628970|1629610|1630163|1631111,2024-25,497.0,0.13953488372093023,0.0,0.0,0.0,0.0,,
128794.0,02:14,"LeVert 3PT Jump Shot (9 PTS) (Young 9 AST)
",0.0,0.0,1.0,1.0,2025-03-12,0022400945,0.0,0.0,CHA,3.0,0.0,9.0,02:20,Off Steal,0.0,LeVert 3PT Jump Shot (9 PTS) (Young 9 AST),,ATL,CHA,ATL,1610612737.0,2025.0,2020.0,2026.0,2023.0,1627747|1627777|1629027|1629611|1631230,203552|203994|1629610|1630163|1631111,2024-25,478.0,0.23684210526315788,0.0,0.0,0.0,0.0,,
128792.0,01:50,"Nurkic S.FOUL (P1.PN) (C.Washington)
Young Free Throw 1 of 2 (23 PTS)
Young Free Throw 2 of 2 (24 PTS)
",0.0,0.0,0.0,0.0,2025-03-12,0022400945,0.0,0.0,CHA,3.0,1.0,12.0,01:55,Off At Rim Miss,0.0,Young Free Throw 1 of 2 (23 PTS),,ATL,CHA,ATL,1610612737.0,2025.0,2045.0,2050.0,2047.5,1627747|1627777|1629027|1629611|1631230,203552|203994|1629610|1630163|1631111,2024-25,484.0,0.9552238805970149,0.0,0.0,0.0,0.0,,
128793.0,01:50,"Nurkic S.FOUL (P1.PN) (C.Washington)
Young Free Throw 1 of 2 (23 PTS)
Young Free Throw 2 of 2 (24 PTS)
",0.0,0.0,0.0,0.0,2025-03-12,0022400945,0.0,0.0,CHA,3.0,1.0,12.0,01:55,Off At Rim Miss,0.0,Young Free Throw 2 of 2 (24 PTS),,ATL,CHA,ATL,1610612737.0,2025.0,2045.0,2050.0,2047.5,1627747|1627777|1629027|1629611|1631230,203552|203994|1629610|1630163|1631111,2024-25,487.0,0.36363636363636365,0.0,0.0,0.0,0.0,,
128789.0,01:23,"MISS Young 27' 3PT Pullup Jump Shot
Nurkic REBOUND (Off:1 Def:4)
",0.0,0.0,1.0,0.0,2025-03-12,0022400945,0.0,0.0,CHA,3.0,0.0,11.0,01:36,Off Corner 3 Make,0.0,MISS Young 27' 3PT Pullup Jump Shot,,ATL,CHA,ATL,1610612737.0,2025.0,2064.0,2077.0,2070.5,1627747|1627777|1629027|1629611|1631230,203994|1628970|1629610|1630163|1631111,2024-25,490.0,0.2711864406779661,0.0,0.0,0.0,0.0,,
128785.0,00:44,"Niang 27' 3PT Jump Shot (7 PTS) (Young 10 AST)
",0.0,0.0,1.0,1.0,2025-03-12,0022400945,0.0,0.0,CHA,3.0,0.0,11.0,00:53,Off Dead Ball,0.0,Niang 27' 3PT Jump Shot (7 PTS) (Young 10 AST),,ATL,CHA,ATL,1610612737.0,2025.0,2107.0,2116.0,2111.5,1627747|1627777|1629027|1629611|1631230,1628970|1629610|1630163|1631111|1631217,2024-25,495.0,0.36363636363636365,0.0,0.0,0.0,0.0,,
128906.0,11:35,"MISS Okongwu 2' Cutting Layup Shot: Bridges BLOCK (2 BLK)
Bridges REBOUND (Off:0 Def:10)
",1.0,0.0,0.0,0.0,2025-03-12,0022400945,0.0,0.0,CHA,4.0,0.0,9.0,11:53,Off At Rim Make,0.0,Bridges REBOUND (Off:0 Def:10),,ATL,CHA,ATL,1610612737.0,2025.0,2167.0,2185.0,2176.0,1627777|1629027|1629611|1630168|1630249,1628970|1629610|1630585|1631217|1641733,2024-25,551.0,0.7419354838709677,0.0,0.0,0.0,0.0,,
128805.0,04:00,"Mann 3' Running Layup (9 PTS)
",1.0,1.0,0.0,0.0,2025-03-12,0022400945,0.0,0.0,CHA,3.0,0.0,13.0,04:07,Off Arc 3 Miss,0.0,Mann 3' Running Layup (9 PTS),,ATL,CHA,ATL,1610612737.0,2025.0,1913.0,1920.0,1916.5,1627747|1627777|1629611|1630700|1631230,203552|203994|1630163|1630182|1631111,2024-25,448.0,0.4057971014492754,0.0,0.0,0.0,0.0,,
128795.0,02:23,"LeVert Lost Ball Turnover (P1.T10): Curry STEAL (1 STL)
",0.0,0.0,0.0,0.0,2025-03-12,0022400945,0.0,0.0,CHA,3.0,0.0,9.0,02:31,Off Corner 3 Make,1.0,LeVert Lost Ball Turnover (P1.T10): Curry STEAL (1 STL),,ATL,CHA,ATL,1610612737.0,2025.0,2009.0,2017.0,2013.0,1627747|1627777|1629027|1629611|1631230,203552|203994|1629610|1630163|1631111,2024-25,474.0,0.10810810810810811,0.0,0.0,0.0,0.0,,
128807.0,04:31,"Moore Jr. P.FOUL (P1.T4) (T.Washington)
Mann 9' Driving Floating Jump Shot (7 PTS) (Barlow 2 AST)
",1.0,1.0,0.0,0.0,2025-03-12,0022400945,0.0,0.0,CHA,3.0,0.0,11.0,04:43,Off Steal,0.0,Mann 9' Driving Floating Jump Shot (7 PTS) (Barlow 2 AST),,ATL,CHA,ATL,1610612737.0,2025.0,1877.0,1889.0,1883.0,1627747|1627777|1629611|1630700|1631230,203552|203994|1630163|1630182|1631111,2024-25,444.0,0.15555555555555556,0.0,0.0,0.0,0.0,,
128827.0,08:11,"Young 5' Driving Layup (13 PTS)
",1.0,1.0,0.0,0.0,2025-03-12,0022400945,0.0,0.0,CHA,3.0,0.0,11.0,08:22,Off Dead Ball,0.0,Young 5' Driving Layup (13 PTS),,ATL,CHA,ATL,1610612737.0,2025.0,1658.0,1669.0,1663.5,1629027|1630168|1630700|1631243|1642258,1628970|1630182|1630585|1631109|1641733,2024-25,387.0,0.4,0.0,0.0,0.0,0.0,,
128808.0,04:49,"MISS Daniels 12' Driving Floating Jump Shot
Daniels REBOUND (Off:2 Def:3)
MISS Barlow 4' Layup
Nurkic REBOUND (Off:1 Def:3)
",2.0,0.0,0.0,0.0,2025-03-12,0022400945,0.0,1.0,CHA,3.0,0.0,11.0,05:05,Off Arc 3 Make,0.0,MISS Daniels 12' Driving Floating Jump Shot,,ATL,CHA,ATL,1610612737.0,2025.0,1855.0,1871.0,1863.0,1627747|1627777|1629611|1630700|1631230,203552|203994|1630163|1630182|1631111,2024-25,436.0,0.42105263157894735,0.0,0.0,0.0,0.0,,
128831.0,08:57,"MISS Gueye 3PT Jump Shot
Williams REBOUND (Off:2 Def:8)
",0.0,0.0,1.0,0.0,2025-03-12,0022400945,0.0,0.0,CHA,3.0,0.0,11.0,09:16,Off Corner 3 Make,0.0,Williams REBOUND (Off:2 Def:8),,ATL,CHA,ATL,1610612737.0,2025.0,1604.0,1623.0,1613.5,1629027|1630168|1630700|1631243|1642258,1628970|1629610|1630585|1631109|1641733,2024-25,412.0,0.13114754098360656,0.0,0.0,0.0,0.0,,
128905.0,11:35,"MISS Okongwu 2' Cutting Layup Shot: Bridges BLOCK (2 BLK)
Bridges REBOUND (Off:0 Def:10)
",1.0,0.0,0.0,0.0,2025-03-12,0022400945,0.0,0.0,CHA,4.0,0.0,9.0,11:53,Off At Rim Make,0.0,MISS Okongwu 2' Cutting Layup Shot: Bridges BLOCK (2 BLK),,ATL,CHA,ATL,1610612737.0,2025.0,2167.0,2185.0,2176.0,1627777|1629027|1629611|1630168|1630249,1628970|1629610|1630585|1631217|1641733,2024-25,501.0,0.21621621621621623,0.0,0.0,0.0,0.0,,
128830.0,08:57,"MISS Gueye 3PT Jump Shot
Williams REBOUND (Off:2 Def:8)
",0.0,0.0,1.0,0.0,2025-03-12,0022400945,0.0,0.0,CHA,3.0,0.0,11.0,09:16,Off Corner 3 Make,0.0,MISS Gueye 3PT Jump Shot,,ATL,CHA,ATL,1610612737.0,2025.0,1604.0,1623.0,1613.5,1629027|1630168|1630700|1631243|1642258,1628970|1629610|1630585|1631109|1641733,2024-25,376.0,0.23809523809523808,0.0,0.0,0.0,0.0,,
128829.0,08:29,"MISS Young 29' 3PT Jump Shot
Smith Jr. REBOUND (Off:0 Def:3)
",0.0,0.0,1.0,0.0,2025-03-12,0022400945,0.0,0.0,CHA,3.0,0.0,11.0,08:38,Off Corner 3 Miss,0.0,Smith Jr. REBOUND (Off:0 Def:3),,ATL,CHA,ATL,1610612737.0,2025.0,1642.0,1651.0,1646.5,1629027|1630168|1630700|1631243|1642258,1628970|1629610|1630585|1631109|1641733,2024-25,375.0,0.25,0.0,0.0,0.0,0.0,,
128828.0,08:29,"MISS Young 29' 3PT Jump Shot
Smith Jr. REBOUND (Off:0 Def:3)
",0.0,0.0,1.0,0.0,2025-03-12,0022400945,0.0,0.0,CHA,3.0,0.0,11.0,08:38,Off Corner 3 Miss,0.0,MISS Young 29' 3PT Jump Shot,,ATL,CHA,ATL,1610612737.0,2025.0,1642.0,1651.0,1646.5,1629027|1630168|1630700|1631243|1642258,1628970|1629610|1630585|1631109|1641733,2024-25,380.0,0.7346938775510204,0.0,0.0,0.0,0.0,,
128825.0,07:34,"MISS Daniels 6' Driving Floating Jump Shot
Okongwu REBOUND (Off:4 Def:2)
MISS Okongwu 3' Tip Layup Shot: Williams BLOCK (2 BLK)
Garrett REBOUND (Off:0 Def:1)
",2.0,0.0,0.0,0.0,2025-03-12,0022400945,0.0,1.0,CHA,3.0,0.0,11.0,07:45,Off Short Mid-Range Make,0.0,MISS Okongwu 3' Tip Layup Shot: Williams BLOCK (2 BLK),,ATL,CHA,ATL,1610612737.0,2025.0,1695.0,1706.0,1700.5,1629027|1630168|1630700|1631243|1642258,1628970|1630182|1630585|1631109|1641733,2024-25,468.0,0.651685393258427,0.0,0.0,0.0,0.0,,
128823.0,07:34,"MISS Daniels 6' Driving Floating Jump Shot
Okongwu REBOUND (Off:4 Def:2)
MISS Okongwu 3' Tip Layup Shot: Williams BLOCK (2 BLK)
Garrett REBOUND (Off:0 Def:1)
",2.0,0.0,0.0,0.0,2025-03-12,0022400945,0.0,1.0,CHA,3.0,0.0,11.0,07:45,Off Short Mid-Range Make,0.0,MISS Daniels 6' Driving Floating Jump Shot,,ATL,CHA,ATL,1610612737.0,2025.0,1695.0,1706.0,1700.5,1629027|1630168|1630700|1631243|1642258,1628970|1630182|1630585|1631109|1641733,2024-25,390.0,0.20253164556962025,0.0,0.0,0.0,0.0,,
128806.0,04:31,"Moore Jr. P.FOUL (P1.T4) (T.Washington)
Mann 9' Driving Floating Jump Shot (7 PTS) (Barlow 2 AST)
",1.0,1.0,0.0,0.0,2025-03-12,0022400945,0.0,0.0,CHA,3.0,0.0,11.0,04:43,Off Steal,0.0,Moore Jr. P.FOUL (P1.T4) (T.Washington),,ATL,CHA,ATL,1610612737.0,2025.0,1877.0,1889.0,1883.0,1627747|1627777|1629611|1630700|1631230,203552|203994|1630163|1630182|1631111,2024-25,409.0,0.2,0.0,0.0,0.0,0.0,,
128826.0,07:34,"MISS Daniels 6' Driving Floating Jump Shot
Okongwu REBOUND (Off:4 Def:2)
MISS Okongwu 3' Tip Layup Shot: Williams BLOCK (2 BLK)
Garrett REBOUND (Off:0 Def:1)
",2.0,0.0,0.0,0.0,2025-03-12,0022400945,0.0,1.0,CHA,3.0,0.0,11.0,07:45,Off Short Mid-Range Make,0.0,Garrett REBOUND (Off:0 Def:1),,ATL,CHA,ATL,1610612737.0,2025.0,1695.0,1706.0,1700.5,1629027|1630168|1630700|1631243|1642258,1628970|1630182|1630585|1631109|1641733,2024-25,386.0,0.33962264150943394,0.0,0.0,0.0,0.0,,
128821.0,07:08,"Smith Jr. S.FOUL (P2.T2) (T.Washington)
Young Free Throw 1 of 2 (14 PTS)
Young Free Throw 2 of 2 (15 PTS)
",0.0,0.0,0.0,0.0,2025-03-12,0022400945,0.0,0.0,CHA,3.0,1.0,11.0,07:15,Off Short Mid-Range Miss,0.0,Young Free Throw 1 of 2 (14 PTS),,ATL,CHA,ATL,1610612737.0,2025.0,1725.0,1732.0,1728.5,1629027|1630168|1630700|1631243|1642258,1628970|1630182|1630585|1631109|1641733,2024-25,399.0,0.49230769230769234,0.0,0.0,0.0,0.0,,
128819.0,06:42,"MISS Okongwu 27' 3PT Jump Shot
Hornets Rebound
",0.0,0.0,1.0,0.0,2025-03-12,0022400945,0.0,0.0,CHA,3.0,0.0,13.0,06:55,Off Long Mid-Range Miss,0.0,Hornets Rebound,,ATL,CHA,ATL,1610612737.0,2025.0,1745.0,1758.0,1751.5,1629027|1630168|1630700|1631243|1642258,1630163|1630182|1630585|1631109|1631111,2024-25,440.0,0.17647058823529413,0.0,0.0,0.0,0.0,,
128817.0,06:13,"Young 18' Pullup Jump Shot (17 PTS)
",1.0,1.0,0.0,0.0,2025-03-12,0022400945,0.0,0.0,CHA,3.0,0.0,11.0,06:23,Off At Rim Make,0.0,Young 18' Pullup Jump Shot (17 PTS),,ATL,CHA,ATL,1610612737.0,2025.0,1777.0,1787.0,1782.0,1627777|1629027|1630168|1630700|1642258,1630163|1630182|1630585|1631109|1631111,2024-25,414.0,0.18666666666666668,0.0,0.0,0.0,0.0,,
128816.0,05:51,"Young 16' Pullup Jump Shot (19 PTS)
",1.0,1.0,0.0,0.0,2025-03-12,0022400945,0.0,0.0,CHA,3.0,0.0,11.0,05:58,Off Short Mid-Range Make,0.0,Young 16' Pullup Jump Shot (19 PTS),,ATL,CHA,ATL,1610612737.0,2025.0,1802.0,1809.0,1805.5,1627777|1629027|1630168|1630700|1642258,1630163|1630182|1630585|1631109|1631111,2024-25,416.0,0.23529411764705882,0.0,0.0,0.0,0.0,,
128815.0,05:12,"Williams Transition Take Foul (P1.T3) (Z.Zarba)
Young Free Throw 1 of 1 (20 PTS)
MISS LeVert 26' 3PT Pullup Jump Shot
Curry REBOUND (Off:0 Def:1)
",0.0,0.0,1.0,0.0,2025-03-12,0022400945,1.0,0.0,CHA,3.0,0.0,13.0,05:38,Off Steal,0.0,Curry REBOUND (Off:0 Def:1),,ATL,CHA,ATL,1610612737.0,2025.0,1822.0,1848.0,1835.0,1627747|1627777|1629611|1630700|1631230,203552|203994|1630163|1630182|1631111,2024-25,423.0,0.2222222222222222,0.0,0.0,0.0,0.0,,
128813.0,05:12,"Williams Transition Take Foul (P1.T3) (Z.Zarba)
Young Free Throw 1 of 1 (20 PTS)
MISS LeVert 26' 3PT Pullup Jump Shot
Curry REBOUND (Off:0 Def:1)
",0.0,0.0,1.0,0.0,2025-03-12,0022400945,1.0,0.0,CHA,3.0,0.0,13.0,05:38,Off Steal,0.0,Young Free Throw 1 of 1 (20 PTS),,ATL,CHA,ATL,1610612737.0,2025.0,1822.0,1848.0,1835.0,1627747|1627777|1629611|1630700|1631230,203552|203994|1630163|1630182|1631111,2024-25,421.0,0.23684210526315788,0.0,0.0,0.0,0.0,,
128810.0,04:49,"MISS Daniels 12' Driving Floating Jump Shot
Daniels REBOUND (Off:2 Def:3)
MISS Barlow 4' Layup
Nurkic REBOUND (Off:1 Def:3)
",2.0,0.0,0.0,0.0,2025-03-12,0022400945,0.0,1.0,CHA,3.0,0.0,11.0,05:05,Off Arc 3 Make,0.0,MISS Barlow 4' Layup,,ATL,CHA,ATL,1610612737.0,2025.0,1855.0,1871.0,1863.0,1627747|1627777|1629611|1630700|1631230,203552|203994|1630163|1630182|1631111,2024-25,438.0,0.19230769230769232,0.0,0.0,0.0,0.0,,
128822.0,07:08,"Smith Jr. S.FOUL (P2.T2) (T.Washington)
Young Free Throw 1 of 2 (14 PTS)
Young Free Throw 2 of 2 (15 PTS)
",0.0,0.0,0.0,0.0,2025-03-12,0022400945,0.0,0.0,CHA,3.0,1.0,11.0,07:15,Off Short Mid-Range Miss,0.0,Young Free Throw 2 of 2 (15 PTS),,ATL,CHA,ATL,1610612737.0,2025.0,1725.0,1732.0,1728.5,1629027|1630168|1630700|1631243|1642258,1628970|1630182|1630585|1631109|1641733,2024-25,404.0,0.3225806451612903,0.0,0.0,0.0,0.0,,
128902.0,10:48,"Garrett P.FOUL (P2.T1) (C.Washington)
MISS Young 9' Driving Floating Bank Jump Shot
Diabaté REBOUND (Off:2 Def:2)
",1.0,0.0,0.0,0.0,2025-03-12,0022400945,0.0,0.0,CHA,4.0,0.0,7.0,11:19,Off Short Mid-Range Make,0.0,Garrett P.FOUL (P2.T1) (C.Washington),,ATL,CHA,ATL,1610612737.0,2025.0,2201.0,2232.0,2216.5,1627777|1629027|1629611|1630168|1630249,1628970|1629610|1630585|1631217|1641733,2024-25,511.0,0.1891891891891892,0.0,0.0,0.0,0.0,,
128856.0,02:11,"Diabaté P.FOUL (P3.PN) (C.Washington)
Young Free Throw 1 of 2 (32 PTS)
Young Free Throw 2 of 2 (33 PTS)
",0.0,0.0,0.0,0.0,2025-03-12,0022400945,1.0,0.0,CHA,4.0,0.0,11.0,02:19,Off Short Mid-Range Make,0.0,Young Free Throw 1 of 2 (32 PTS),,ATL,CHA,ATL,1610612737.0,2025.0,2741.0,2749.0,2745.0,1627747|1627777|1629027|1630168|1630700,1628970|1629610|1630163|1630182|1631217,2024-25,699.0,0.9552238805970149,0.0,0.0,0.0,0.0,,
128899.0,10:17,"MISS Mann 3PT Jump Shot
Okongwu REBOUND (Off:5 Def:2)
MISS Young 7' Driving Layup: Bridges BLOCK (3 BLK)
Bridges REBOUND (Off:0 Def:11)
",1.0,0.0,1.0,0.0,2025-03-12,0022400945,0.0,1.0,CHA,4.0,0.0,7.0,10:35,Off Arc 3 Miss,0.0,Okongwu REBOUND (Off:5 Def:2),,ATL,CHA,ATL,1610612737.0,2025.0,2245.0,2263.0,2254.0,1629027|1629611|1630168|1630249|1631243,1628970|1629610|1630585|1631217|1641733,2024-25,548.0,0.2978723404255319,0.0,0.0,0.0,0.0,,
128868.0,04:12,"LeVert Bad Pass Turnover (P2.T12): Bridges STEAL (2 STL)
",0.0,0.0,0.0,0.0,2025-03-12,0022400945,0.0,0.0,CHA,4.0,0.0,11.0,04:37,Off At Rim Make,1.0,LeVert Bad Pass Turnover (P2.T12): Bridges STEAL (2 STL),,ATL,CHA,ATL,1610612737.0,2025.0,2603.0,2628.0,2615.5,1627747|1627777|1629027|1630168|1630700,1628970|1629610|1630163|1630182|1631109,2024-25,666.0,0.6666666666666666,0.0,0.0,0.0,0.0,,
128866.0,03:46,"MISS Young 35' 3PT Pullup Jump Shot
Okongwu REBOUND (Off:6 Def:2)
Young Bad Pass Turnover (P5.T13): Green STEAL (2 STL)
",0.0,0.0,1.0,0.0,2025-03-12,0022400945,0.0,1.0,CHA,4.0,0.0,11.0,04:05,Off Short Mid-Range Miss,1.0,Okongwu REBOUND (Off:6 Def:2),,ATL,CHA,ATL,1610612737.0,2025.0,2635.0,2654.0,2644.5,1627747|1627777|1629027|1630168|1630700,1628970|1629610|1630163|1630182|1631109,2024-25,671.0,0.9508196721311475,0.0,0.0,0.0,0.0,,
128865.0,03:46,"MISS Young 35' 3PT Pullup Jump Shot
Okongwu REBOUND (Off:6 Def:2)
Young Bad Pass Turnover (P5.T13): Green STEAL (2 STL)
",0.0,0.0,1.0,0.0,2025-03-12,0022400945,0.0,1.0,CHA,4.0,0.0,11.0,04:05,Off Short Mid-Range Miss,1.0,MISS Young 35' 3PT Pullup Jump Shot,,ATL,CHA,ATL,1610612737.0,2025.0,2635.0,2654.0,2644.5,1627747|1627777|1629027|1630168|1630700,1628970|1629610|1630163|1630182|1631109,2024-25,670.0,0.7301587301587301,0.0,0.0,0.0,0.0,,
128864.0,03:24,"Jeffries P.FOUL (P4.PN) (Z.Zarba)
Young Free Throw 1 of 2 (30 PTS)
Young Free Throw 2 of 2 (31 PTS)
",0.0,0.0,0.0,0.0,2025-03-12,0022400945,1.0,0.0,CHA,4.0,0.0,9.0,03:40,Off FT Make,0.0,Young Free Throw 2 of 2 (31 PTS),,ATL,CHA,ATL,1610612737.0,2025.0,2660.0,2676.0,2668.0,1627747|1627777|1629027|1630168|1630700,1628970|1629610|1630163|1630182|1631109,2024-25,682.0,0.2962962962962963,0.0,0.0,0.0,0.0,,
128863.0,03:24,"Jeffries P.FOUL (P4.PN) (Z.Zarba)
Young Free Throw 1 of 2 (30 PTS)
Young Free Throw 2 of 2 (31 PTS)
",0.0,0.0,0.0,0.0,2025-03-12,0022400945,1.0,0.0,CHA,4.0,0.0,9.0,03:40,Off FT Make,0.0,Young Free Throw 1 of 2 (30 PTS),,ATL,CHA,ATL,1610612737.0,2025.0,2660.0,2676.0,2668.0,1627747|1627777|1629027|1630168|1630700,1628970|1629610|1630163|1630182|1631109,2024-25,681.0,0.9552238805970149,0.0,0.0,0.0,0.0,,
128862.0,03:24,"Jeffries P.FOUL (P4.PN) (Z.Zarba)
Young Free Throw 1 of 2 (30 PTS)
Young Free Throw 2 of 2 (31 PTS)
",0.0,0.0,0.0,0.0,2025-03-12,0022400945,1.0,0.0,CHA,4.0,0.0,9.0,03:40,Off FT Make,0.0,Jeffries P.FOUL (P4.PN) (Z.Zarba),,ATL,CHA,ATL,1610612737.0,2025.0,2660.0,2676.0,2668.0,1627747|1627777|1629027|1630168|1630700,1628970|1629610|1630163|1630182|1631109,2024-25,616.0,0.09230769230769231,0.0,0.0,0.0,0.0,,
128861.0,03:03,"Jeffries S.FOUL (P5.PN) (T.Washington)
Niang Free Throw 1 of 2 (11 PTS)
Niang Free Throw 2 of 2 (12 PTS)
",0.0,0.0,0.0,0.0,2025-03-12,0022400945,0.0,0.0,CHA,4.0,1.0,11.0,03:13,Off Steal,0.0,Niang Free Throw 2 of 2 (12 PTS),,ATL,CHA,ATL,1610612737.0,2025.0,2687.0,2697.0,2692.0,1627747|1627777|1629027|1630168|1630700,1628970|1629610|1630163|1630182|1631109,2024-25,688.0,0.9552238805970149,0.0,0.0,0.0,0.0,,
128869.0,04:53,"Niang 25' 3PT Running Jump Shot (10 PTS) (LeVert 2 AST)
",0.0,0.0,1.0,1.0,2025-03-12,0022400945,0.0,0.0,CHA,4.0,0.0,10.0,05:00,Off Short Mid-Range Miss,0.0,Niang 25' 3PT Running Jump Shot (10 PTS) (LeVert 2 AST),,ATL,CHA,ATL,1610612737.0,2025.0,2580.0,2587.0,2583.5,1627747|1627777|1629027|1630168|1630700,1628970|1629610|1630163|1630182|1631109,2024-25,598.0,0.15584415584415584,0.0,0.0,0.0,0.0,,
128857.0,02:11,"Diabaté P.FOUL (P3.PN) (C.Washington)
Young Free Throw 1 of 2 (32 PTS)
Young Free Throw 2 of 2 (33 PTS)
",0.0,0.0,0.0,0.0,2025-03-12,0022400945,1.0,0.0,CHA,4.0,0.0,11.0,02:19,Off Short Mid-Range Make,0.0,Young Free Throw 2 of 2 (33 PTS),,ATL,CHA,ATL,1610612737.0,2025.0,2741.0,2749.0,2745.0,1627747|1627777|1629027|1630168|1630700,1628970|1629610|1630163|1630182|1631217,2024-25,700.0,0.9552238805970149,0.0,0.0,0.0,0.0,,
128853.0,01:17,"Okongwu 1' Reverse Layup (7 PTS) (Daniels 3 AST)
",1.0,1.0,0.0,0.0,2025-03-12,0022400945,0.0,0.0,CHA,4.0,0.0,11.0,01:31,Off FT Make,0.0,Okongwu 1' Reverse Layup (7 PTS) (Daniels 3 AST),,ATL,CHA,ATL,1610612737.0,2025.0,2789.0,2803.0,2796.0,1627747|1627777|1629027|1630168|1630700,1628970|1629610|1630163|1630182|1631217,2024-25,709.0,0.9090909090909091,0.0,0.0,0.0,0.0,,
128851.0,01:00,"Jeffries P.FOUL (P6.PN) (T.Washington)
Young Free Throw 1 of 2 (34 PTS)
Young Free Throw 2 of 2 (35 PTS)
",0.0,0.0,0.0,0.0,2025-03-12,0022400945,1.0,0.0,CHA,4.0,0.0,13.0,01:09,Off Short Mid-Range Miss,0.0,Young Free Throw 1 of 2 (34 PTS),,ATL,CHA,ATL,1610612737.0,2025.0,2811.0,2820.0,2815.5,1627747|1627777|1629027|1630168|1630700,1628970|1629610|1630163|1630182|1631217,2024-25,719.0,0.9552238805970149,0.0,0.0,0.0,0.0,,
128852.0,01:00,"Jeffries P.FOUL (P6.PN) (T.Washington)
Young Free Throw 1 of 2 (34 PTS)
Young Free Throw 2 of 2 (35 PTS)
",0.0,0.0,0.0,0.0,2025-03-12,0022400945,1.0,0.0,CHA,4.0,0.0,13.0,01:09,Off Short Mid-Range Miss,0.0,Young Free Throw 2 of 2 (35 PTS),,ATL,CHA,ATL,1610612737.0,2025.0,2811.0,2820.0,2815.5,1627747|1627777|1629027|1630168|1630700,1628970|1629610|1630163|1630182|1631217,2024-25,720.0,0.9552238805970149,0.0,0.0,0.0,0.0,,
128849.0,00:03,"MISS LeVert 3PT Jump Shot
Okongwu REBOUND (Off:7 Def:3)
HAWKS Turnover: Shot Clock (T#14)
",0.0,0.0,1.0,0.0,2025-03-12,0022400945,0.0,1.0,CHA,4.0,0.0,13.0,00:44,Off Short Mid-Range Make,1.0,HAWKS Turnover: Shot Clock (T#14),,ATL,CHA,ATL,1610612737.0,2025.0,2836.0,2877.0,2856.5,1627747|1627777|1629027|1630168|1630700,1628970|1630182|1630585|1631217|1641733,2024-25,717.0,0.22727272727272727,0.0,0.0,0.0,0.0,,
128847.0,00:03,"MISS LeVert 3PT Jump Shot
Okongwu REBOUND (Off:7 Def:3)
HAWKS Turnover: Shot Clock (T#14)
",0.0,0.0,1.0,0.0,2025-03-12,0022400945,0.0,1.0,CHA,4.0,0.0,13.0,00:44,Off Short Mid-Range Make,1.0,MISS LeVert 3PT Jump Shot,,ATL,CHA,ATL,1610612737.0,2025.0,2836.0,2877.0,2856.5,1627747|1627777|1629027|1630168|1630700,1628970|1630182|1630585|1631217|1641733,2024-25,668.0,0.2558139534883721,0.0,0.0,0.0,0.0,,
128848.0,00:03,"MISS LeVert 3PT Jump Shot
Okongwu REBOUND (Off:7 Def:3)
HAWKS Turnover: Shot Clock (T#14)
",0.0,0.0,1.0,0.0,2025-03-12,0022400945,0.0,1.0,CHA,4.0,0.0,13.0,00:44,Off Short Mid-Range Make,1.0,Okongwu REBOUND (Off:7 Def:3),,ATL,CHA,ATL,1610612737.0,2025.0,2836.0,2877.0,2856.5,1627747|1627777|1629027|1630168|1630700,1628970|1630182|1630585|1631217|1641733,2024-25,724.0,0.9508196721311475,0.0,0.0,0.0,0.0,,
128832.0,09:34,"Daniels 6' Running Layup (8 PTS) (Young 8 AST)
",1.0,1.0,0.0,0.0,2025-03-12,0022400945,0.0,0.0,CHA,3.0,0.0,12.0,09:38,Off Steal,0.0,Daniels 6' Running Layup (8 PTS) (Young 8 AST),,ATL,CHA,ATL,1610612737.0,2025.0,1582.0,1586.0,1584.0,1629027|1630168|1630700|1631243|1642258,1628970|1629610|1630585|1631109|1641733,2024-25,396.0,0.8,0.0,0.0,0.0,0.0,,
128854.0,01:39,"LeVert 26' 3PT Jump Shot (15 PTS) (Young 12 AST)
",0.0,0.0,1.0,1.0,2025-03-12,0022400945,0.0,0.0,CHA,4.0,0.0,10.0,02:02,Off Arc 3 Make,0.0,LeVert 26' 3PT Jump Shot (15 PTS) (Young 12 AST),,ATL,CHA,ATL,1610612737.0,2025.0,2758.0,2781.0,2769.5,1627747|1627777|1629027|1630168|1630700,1628970|1629610|1630163|1630182|1631217,2024-25,677.0,0.3132530120481928,0.0,0.0,0.0,0.0,,
128870.0,05:16,"LeVert 3PT Jump Shot (12 PTS) (Young 11 AST)
",0.0,0.0,1.0,1.0,2025-03-12,0022400945,0.0,0.0,CHA,4.0,0.0,7.0,05:29,Off FT Make,0.0,LeVert 3PT Jump Shot (12 PTS) (Young 11 AST),,ATL,CHA,ATL,1610612737.0,2025.0,2551.0,2564.0,2557.5,1627747|1627777|1629027|1630168|1630700,1628970|1629610|1630163|1630182|1631109,2024-25,657.0,0.8235294117647058,0.0,0.0,0.0,0.0,,
128873.0,05:48,"Williams L.B.FOUL (P3.PN) (T.Washington)
Barlow Free Throw 1 of 2 (9 PTS)
MISS Barlow Free Throw 2 of 2
Williams REBOUND (Off:3 Def:11)
",0.0,0.0,0.0,0.0,2025-03-12,0022400945,1.0,0.0,CHA,4.0,0.0,8.0,05:49,Off Dead Ball,0.0,MISS Barlow Free Throw 2 of 2,,ATL,CHA,ATL,1610612737.0,2025.0,2531.0,2532.0,2531.5,1627747|1627777|1629027|1630700|1631230,1628970|1629610|1630163|1630182|1631109,2024-25,647.0,0.9508196721311475,0.0,0.0,0.0,0.0,,
128872.0,05:48,"Williams L.B.FOUL (P3.PN) (T.Washington)
Barlow Free Throw 1 of 2 (9 PTS)
MISS Barlow Free Throw 2 of 2
Williams REBOUND (Off:3 Def:11)
",0.0,0.0,0.0,0.0,2025-03-12,0022400945,1.0,0.0,CHA,4.0,0.0,8.0,05:49,Off Dead Ball,0.0,Barlow Free Throw 1 of 2 (9 PTS),,ATL,CHA,ATL,1610612737.0,2025.0,2531.0,2532.0,2531.5,1627747|1627777|1629027|1630700|1631230,1628970|1629610|1630163|1630182|1631109,2024-25,642.0,0.9552238805970149,0.0,0.0,0.0,0.0,,
128898.0,10:17,"MISS Mann 3PT Jump Shot
Okongwu REBOUND (Off:5 Def:2)
MISS Young 7' Driving Layup: Bridges BLOCK (3 BLK)
Bridges REBOUND (Off:0 Def:11)
",1.0,0.0,1.0,0.0,2025-03-12,0022400945,0.0,1.0,CHA,4.0,0.0,7.0,10:35,Off Arc 3 Miss,0.0,MISS Mann 3PT Jump Shot,,ATL,CHA,ATL,1610612737.0,2025.0,2245.0,2263.0,2254.0,1629027|1629611|1630168|1630249|1631243,1628970|1629610|1630585|1631217|1641733,2024-25,547.0,0.24390243902439024,0.0,0.0,0.0,0.0,,
128895.0,09:40,"Garrett S.FOUL (P3.T2) (C.Washington)
MISS Krejci Free Throw 1 of 3
HAWKS Rebound
Krejci Free Throw 2 of 3 (7 PTS)
Krejci Free Throw 3 of 3 (8 PTS)
",0.0,0.0,0.0,0.0,2025-03-12,0022400945,0.0,0.0,CHA,4.0,1.0,4.0,09:58,Off Short Mid-Range Make,0.0,HAWKS Rebound,,ATL,CHA,ATL,1610612737.0,2025.0,2282.0,2300.0,2291.0,1629027|1629611|1630168|1630249|1631243,1628970|1629610|1630585|1631217|1641733,2024-25,567.0,0.25,0.0,0.0,0.0,0.0,,
128892.0,09:09,"Krejci 27' 3PT Jump Shot (11 PTS) (Mann 2 AST)
",0.0,0.0,1.0,1.0,2025-03-12,0022400945,0.0,0.0,CHA,4.0,0.0,6.0,09:19,Off Arc 3 Miss,0.0,Krejci 27' 3PT Jump Shot (11 PTS) (Mann 2 AST),,ATL,CHA,ATL,1610612737.0,2025.0,2321.0,2331.0,2326.0,1629027|1629611|1630168|1630249|1631243,1628970|1629610|1630585|1631217|1641733,2024-25,573.0,0.7865168539325843,0.0,0.0,0.0,0.0,,
128890.0,08:19,"Young 6' Driving Finger Roll Layup (28 PTS)
Diabaté S.FOUL (P2.T3) (C.Washington)
Young Free Throw 1 of 1 (29 PTS)
",1.0,1.0,0.0,0.0,2025-03-12,0022400945,0.0,0.0,CHA,4.0,1.0,7.0,08:41,Off Short Mid-Range Make,0.0,Diabaté S.FOUL (P2.T3) (C.Washington),,ATL,CHA,ATL,1610612737.0,2025.0,2359.0,2381.0,2370.0,1629027|1629611|1630249|1631230|1631243,1628970|1630182|1630585|1631217|1641733,2024-25,572.0,0.39080459770114945,0.0,0.0,0.0,0.0,,
128891.0,08:19,"Young 6' Driving Finger Roll Layup (28 PTS)
Diabaté S.FOUL (P2.T3) (C.Washington)
Young Free Throw 1 of 1 (29 PTS)
",1.0,1.0,0.0,0.0,2025-03-12,0022400945,0.0,0.0,CHA,4.0,1.0,7.0,08:41,Off Short Mid-Range Make,0.0,Young Free Throw 1 of 1 (29 PTS),,ATL,CHA,ATL,1610612737.0,2025.0,2359.0,2381.0,2370.0,1629027|1629611|1630249|1631230|1631243,1628970|1630182|1630585|1631217|1641733,2024-25,587.0,0.9552238805970149,0.0,0.0,0.0,0.0,,
128886.0,07:47,"Green P.FOUL (P3.T4) (C.Washington)
MISS Krejci 12' Driving Floating Jump Shot
Williams REBOUND (Off:2 Def:9)
",1.0,0.0,0.0,0.0,2025-03-12,0022400945,0.0,0.0,CHA,4.0,0.0,8.0,08:03,Off Short Mid-Range Make,0.0,Green P.FOUL (P3.T4) (C.Washington),,ATL,CHA,ATL,1610612737.0,2025.0,2397.0,2413.0,2405.0,1629027|1629611|1630249|1631230|1631243,1628970|1630182|1630585|1631217|1641733,2024-25,583.0,0.34615384615384615,0.0,0.0,0.0,0.0,,
128888.0,07:47,"Green P.FOUL (P3.T4) (C.Washington)
MISS Krejci 12' Driving Floating Jump Shot
Williams REBOUND (Off:2 Def:9)
",1.0,0.0,0.0,0.0,2025-03-12,0022400945,0.0,0.0,CHA,4.0,0.0,8.0,08:03,Off Short Mid-Range Make,0.0,Williams REBOUND (Off:2 Def:9),,ATL,CHA,ATL,1610612737.0,2025.0,2397.0,2413.0,2405.0,1629027|1629611|1630249|1631230|1631243,1628970|1630182|1630585|1631217|1641733,2024-25,582.0,0.208955223880597,0.0,0.0,0.0,0.0,,
128887.0,07:47,"Green P.FOUL (P3.T4) (C.Washington)
MISS Krejci 12' Driving Floating Jump Shot
Williams REBOUND (Off:2 Def:9)
",1.0,0.0,0.0,0.0,2025-03-12,0022400945,0.0,0.0,CHA,4.0,0.0,8.0,08:03,Off Short Mid-Range Make,0.0,MISS Krejci 12' Driving Floating Jump Shot,,ATL,CHA,ATL,1610612737.0,2025.0,2397.0,2413.0,2405.0,1629027|1629611|1630249|1631230|1631243,1628970|1630182|1630585|1631217|1641733,2024-25,599.0,0.4772727272727273,0.0,0.0,0.0,0.0,,
128884.0,07:35,"Ball L.B.FOUL (P3.PN) (C.Washington)
Barlow Free Throw 1 of 2 (5 PTS)
Barlow Free Throw 2 of 2 (6 PTS)
",0.0,0.0,0.0,0.0,2025-03-12,0022400945,1.0,0.0,CHA,4.0,0.0,8.0,07:35,Off Dead Ball,0.0,Barlow Free Throw 1 of 2 (5 PTS),,ATL,CHA,ATL,1610612737.0,2025.0,2425.0,2425.0,2425.0,1627747|1627777|1630249|1630700|1631230,1630163|1630182|1631109|1631111|1641733,2024-25,606.0,0.9552238805970149,0.0,0.0,0.0,0.0,,
128885.0,07:35,"Ball L.B.FOUL (P3.PN) (C.Washington)
Barlow Free Throw 1 of 2 (5 PTS)
Barlow Free Throw 2 of 2 (6 PTS)
",0.0,0.0,0.0,0.0,2025-03-12,0022400945,1.0,0.0,CHA,4.0,0.0,8.0,07:35,Off Dead Ball,0.0,Barlow Free Throw 2 of 2 (6 PTS),,ATL,CHA,ATL,1610612737.0,2025.0,2425.0,2425.0,2425.0,1627747|1627777|1630249|1630700|1631230,1630163|1630182|1631109|1631111|1641733,2024-25,611.0,0.9552238805970149,0.0,0.0,0.0,0.0,,
128882.0,06:49,"Williams S.FOUL (P2.PN) (Z.Zarba)
Barlow Free Throw 1 of 2 (7 PTS)
Barlow Free Throw 2 of 2 (8 PTS)
",0.0,0.0,0.0,0.0,2025-03-12,0022400945,0.0,0.0,CHA,4.0,1.0,8.0,07:09,Off At Rim Make,0.0,Barlow Free Throw 2 of 2 (8 PTS),,ATL,CHA,ATL,1610612737.0,2025.0,2451.0,2471.0,2461.0,1627747|1627777|1630249|1630700|1631230,1630163|1630182|1631109|1631111|1641733,2024-25,624.0,0.9552238805970149,0.0,0.0,0.0,0.0,,
128879.0,06:24,"MISS Daniels 8' Driving Layup
Williams REBOUND (Off:3 Def:10)
",1.0,0.0,0.0,0.0,2025-03-12,0022400945,0.0,0.0,CHA,4.0,0.0,8.0,06:37,Off Short Mid-Range Make,0.0,Williams REBOUND (Off:3 Def:10),,ATL,CHA,ATL,1610612737.0,2025.0,2483.0,2496.0,2489.5,1627747|1627777|1630249|1630700|1631230,1628970|1630163|1630182|1631109|1631111,2024-25,632.0,0.71875,0.0,0.0,0.0,0.0,,
128878.0,06:24,"MISS Daniels 8' Driving Layup
Williams REBOUND (Off:3 Def:10)
",1.0,0.0,0.0,0.0,2025-03-12,0022400945,0.0,0.0,CHA,4.0,0.0,8.0,06:37,Off Short Mid-Range Make,0.0,MISS Daniels 8' Driving Layup,,ATL,CHA,ATL,1610612737.0,2025.0,2483.0,2496.0,2489.5,1627747|1627777|1630249|1630700|1631230,1628970|1630163|1630182|1631109|1631111,2024-25,627.0,0.9508196721311475,0.0,0.0,0.0,0.0,,
128876.0,06:14,"MISS Barlow 5' Running Layup: Bridges BLOCK (4 BLK)
Green REBOUND (Off:1 Def:2)
",1.0,0.0,0.0,0.0,2025-03-12,0022400945,0.0,0.0,CHA,4.0,0.0,8.0,06:19,Off Steal,0.0,MISS Barlow 5' Running Layup: Bridges BLOCK (4 BLK),,ATL,CHA,ATL,1610612737.0,2025.0,2501.0,2506.0,2503.5,1627747|1627777|1630249|1630700|1631230,1628970|1630163|1630182|1631109|1631111,2024-25,631.0,0.7191011235955056,0.0,0.0,0.0,0.0,,
128875.0,06:03,"Krejci Bad Pass Turnover (P2.T11): Ball STEAL (2 STL)
",0.0,0.0,0.0,0.0,2025-03-12,0022400945,0.0,0.0,CHA,4.0,0.0,8.0,06:09,Off Steal,1.0,Krejci Bad Pass Turnover (P2.T11): Ball STEAL (2 STL),,ATL,CHA,ATL,1610612737.0,2025.0,2511.0,2517.0,2514.0,1627747|1627777|1630249|1630700|1631230,1628970|1630163|1630182|1631109|1631111,2024-25,645.0,0.2857142857142857,0.0,0.0,0.0,0.0,,
128871.0,05:48,"Williams L.B.FOUL (P3.PN) (T.Washington)
Barlow Free Throw 1 of 2 (9 PTS)
MISS Barlow Free Throw 2 of 2
Williams REBOUND (Off:3 Def:11)
",0.0,0.0,0.0,0.0,2025-03-12,0022400945,1.0,0.0,CHA,4.0,0.0,8.0,05:49,Off Dead Ball,0.0,Williams L.B.FOUL (P3.PN) (T.Washington),,ATL,CHA,ATL,1610612737.0,2025.0,2531.0,2532.0,2531.5,1627747|1627777|1629027|1630700|1631230,1628970|1629610|1630163|1630182|1631109,2024-25,639.0,0.2318840579710145,0.0,0.0,0.0,0.0,,
128874.0,05:48,"Williams L.B.FOUL (P3.PN) (T.Washington)
Barlow Free Throw 1 of 2 (9 PTS)
MISS Barlow Free Throw 2 of 2
Williams REBOUND (Off:3 Def:11)
",0.0,0.0,0.0,0.0,2025-03-12,0022400945,1.0,0.0,CHA,4.0,0.0,8.0,05:49,Off Dead Ball,0.0,Williams REBOUND (Off:3 Def:11),,ATL,CHA,ATL,1610612737.0,2025.0,2531.0,2532.0,2531.5,1627747|1627777|1629027|1630700|1631230,1628970|1629610|1630163|1630182|1631109,2024-25,585.0,0.25925925925925924,0.0,0.0,0.0,0.0,,
128900.0,10:17,"MISS Mann 3PT Jump Shot
Okongwu REBOUND (Off:5 Def:2)
MISS Young 7' Driving Layup: Bridges BLOCK (3 BLK)
Bridges REBOUND (Off:0 Def:11)
",1.0,0.0,1.0,0.0,2025-03-12,0022400945,0.0,1.0,CHA,4.0,0.0,7.0,10:35,Off Arc 3 Miss,0.0,MISS Young 7' Driving Layup: Bridges BLOCK (3 BLK),,ATL,CHA,ATL,1610612737.0,2025.0,2245.0,2263.0,2254.0,1629027|1629611|1630168|1630249|1631243,1628970|1629610|1630585|1631217|1641733,2024-25,549.0,0.7333333333333333,0.0,0.0,0.0,0.0,,
128834.0,09:49,"MISS Okongwu 3' Alley Oop Layup: Jeffries BLOCK (1 BLK)
HAWKS Rebound
MISS Young 19' Pullup Jump Shot: Jeffries BLOCK (2 BLK)
Young REBOUND (Off:2 Def:3)
MISS Young 7' Driving Floating Jump Shot
Okongwu REBOUND (Off:3 Def:1)
Gueye 25' 3PT Jump Shot (6 PTS) (Okongwu 1 AST)
",3.0,0.0,1.0,1.0,2025-03-12,0022400945,0.0,3.0,CHA,3.0,0.0,9.0,10:12,Off Arc 3 Miss,0.0,HAWKS Rebound,,ATL,CHA,ATL,1610612737.0,2025.0,1548.0,1571.0,1559.5,1629027|1630168|1630700|1631243|1642258,1628970|1629610|1630585|1631109|1641733,2024-25,518.0,0.5714285714285714,0.0,0.0,0.0,0.0,,
128777.0,10:53,"Barlow 6' Floating Jump Shot (4 PTS) (Young 5 AST)
",1.0,1.0,0.0,0.0,2025-03-12,0022400945,0.0,0.0,CHA,2.0,0.0,1.0,11:02,Off Long Mid-Range Miss,0.0,Barlow 6' Floating Jump Shot (4 PTS) (Young 5 AST),,ATL,CHA,ATL,1610612737.0,2025.0,778.0,787.0,782.5,1629027|1629611|1630249|1631230|1642258,203552|1630163|1630182|1631109|1631111,2024-25,182.0,0.275,0.0,0.0,0.0,0.0,,
128836.0,09:49,"MISS Okongwu 3' Alley Oop Layup: Jeffries BLOCK (1 BLK)
HAWKS Rebound
MISS Young 19' Pullup Jump Shot: Jeffries BLOCK (2 BLK)
Young REBOUND (Off:2 Def:3)
MISS Young 7' Driving Floating Jump Shot
Okongwu REBOUND (Off:3 Def:1)
Gueye 25' 3PT Jump Shot (6 PTS) (Okongwu 1 AST)
",3.0,0.0,1.0,1.0,2025-03-12,0022400945,0.0,3.0,CHA,3.0,0.0,9.0,10:12,Off Arc 3 Miss,0.0,Young REBOUND (Off:2 Def:3),,ATL,CHA,ATL,1610612737.0,2025.0,1548.0,1571.0,1559.5,1629027|1630168|1630700|1631243|1642258,1628970|1629610|1630585|1631109|1641733,2024-25,620.0,0.9473684210526315,0.0,0.0,0.0,0.0,,
128706.0,05:00,"MISS Daniels 15' Driving Floating Jump Shot
Smith Jr. REBOUND (Off:0 Def:1)
",1.0,0.0,0.0,0.0,2025-03-12,0022400945,0.0,0.0,CHA,1.0,0.0,-1.0,05:09,Off Dead Ball,0.0,MISS Daniels 15' Driving Floating Jump Shot,,ATL,CHA,ATL,1610612737.0,2025.0,411.0,420.0,415.5,1627747|1627777|1629611|1630700|1631230,203994|1628970|1629610|1630585|1641733,2024-25,90.0,0.10666666666666667,0.0,0.0,0.0,0.0,,
128704.0,04:23,"Jeffries P.FOUL (P1.T2) (T.Washington)
Garrett S.FOUL (P1.T3) (Z.Zarba)
Niang Free Throw 1 of 2 (1 PTS)
Niang Free Throw 2 of 2 (2 PTS)
",0.0,0.0,0.0,0.0,2025-03-12,0022400945,0.0,0.0,CHA,1.0,1.0,-1.0,04:46,Off Block,0.0,Niang Free Throw 1 of 2 (1 PTS),,ATL,CHA,ATL,1610612737.0,2025.0,434.0,457.0,445.5,1627747|1627777|1629611|1630700|1631230,203994|1628970|1629610|1630585|1641733,2024-25,101.0,0.40625,0.0,0.0,0.0,0.0,,
128701.0,04:06,"MISS LeVert 26' 3PT Running Pull-Up Jump Shot
Bridges REBOUND (Off:0 Def:2)
",0.0,0.0,1.0,0.0,2025-03-12,0022400945,0.0,0.0,CHA,1.0,0.0,1.0,04:12,Off Steal,0.0,Bridges REBOUND (Off:0 Def:2),,ATL,CHA,ATL,1610612737.0,2025.0,468.0,474.0,471.0,1627747|1627777|1629611|1630700|1631230,203994|1628970|1629610|1630585|1641733,2024-25,106.0,0.7333333333333333,0.0,0.0,0.0,0.0,,
128700.0,04:06,"MISS LeVert 26' 3PT Running Pull-Up Jump Shot
Bridges REBOUND (Off:0 Def:2)
",0.0,0.0,1.0,0.0,2025-03-12,0022400945,0.0,0.0,CHA,1.0,0.0,1.0,04:12,Off Steal,0.0,MISS LeVert 26' 3PT Running Pull-Up Jump Shot,,ATL,CHA,ATL,1610612737.0,2025.0,468.0,474.0,471.0,1627747|1627777|1629611|1630700|1631230,203994|1628970|1629610|1630585|1641733,2024-25,105.0,0.5,0.0,0.0,0.0,0.0,,
128698.0,03:28,"MISS Mann 3PT Jump Shot
Bridges REBOUND (Off:0 Def:3)
",0.0,0.0,1.0,0.0,2025-03-12,0022400945,0.0,0.0,CHA,1.0,0.0,-2.0,03:53,Off Arc 3 Make,0.0,MISS Mann 3PT Jump Shot,,ATL,CHA,ATL,1610612737.0,2025.0,487.0,512.0,499.5,1627747|1627777|1629611|1630700|1631230,203994|1628970|1629610|1630585|1641733,2024-25,113.0,0.425531914893617,0.0,0.0,0.0,0.0,,
128699.0,03:28,"MISS Mann 3PT Jump Shot
Bridges REBOUND (Off:0 Def:3)
",0.0,0.0,1.0,0.0,2025-03-12,0022400945,0.0,0.0,CHA,1.0,0.0,-2.0,03:53,Off Arc 3 Make,0.0,Bridges REBOUND (Off:0 Def:3),,ATL,CHA,ATL,1610612737.0,2025.0,487.0,512.0,499.5,1627747|1627777|1629611|1630700|1631230,203994|1628970|1629610|1630585|1641733,2024-25,114.0,0.6666666666666666,0.0,0.0,0.0,0.0,,
128696.0,02:39,"Young 13' Driving Floating Jump Shot (4 PTS) (Niang 2 AST)
",1.0,1.0,0.0,0.0,2025-03-12,0022400945,0.0,0.0,CHA,1.0,0.0,0.0,02:44,Off Arc 3 Miss,0.0,Young 13' Driving Floating Jump Shot (4 PTS) (Niang 2 AST),,ATL,CHA,ATL,1610612737.0,2025.0,556.0,561.0,558.5,1627747|1627777|1629027|1629611|1631230,203552|203994|1630163|1631111|1641733,2024-25,128.0,0.9508196721311475,0.0,0.0,0.0,0.0,,
128707.0,05:00,"MISS Daniels 15' Driving Floating Jump Shot
Smith Jr. REBOUND (Off:0 Def:1)
",1.0,0.0,0.0,0.0,2025-03-12,0022400945,0.0,0.0,CHA,1.0,0.0,-1.0,05:09,Off Dead Ball,0.0,Smith Jr. REBOUND (Off:0 Def:1),,ATL,CHA,ATL,1610612737.0,2025.0,411.0,420.0,415.5,1627747|1627777|1629611|1630700|1631230,203994|1628970|1629610|1630585|1641733,2024-25,84.0,0.23529411764705882,0.0,0.0,0.0,0.0,,
128694.0,01:49,"LeVert 3' Driving Layup (6 PTS) (Barlow 1 AST)
",1.0,1.0,0.0,0.0,2025-03-12,0022400945,0.0,0.0,CHA,1.0,0.0,0.0,01:59,Off Short Mid-Range Make,0.0,LeVert 3' Driving Layup (6 PTS) (Barlow 1 AST),,ATL,CHA,ATL,1610612737.0,2025.0,601.0,611.0,606.0,1627747|1627777|1629027|1629611|1631230,203552|203994|1630163|1631111|1641733,2024-25,141.0,0.9052631578947369,0.0,0.0,0.0,0.0,,
128693.0,01:23,"Smith Jr. P.FOUL (P1.T4) (T.Washington)
MISS Young 10' Driving Floating Jump Shot
Nurkic REBOUND (Off:1 Def:2)
",1.0,0.0,0.0,0.0,2025-03-12,0022400945,0.0,0.0,CHA,1.0,0.0,2.0,01:29,Off Steal,0.0,Nurkic REBOUND (Off:1 Def:2),,ATL,CHA,ATL,1610612737.0,2025.0,631.0,637.0,634.0,1627747|1627777|1629027|1629611|1631230,203552|203994|1630163|1631111|1641733,2024-25,170.0,0.36065573770491804,0.0,0.0,0.0,0.0,,
128688.0,01:07,"Curry P.FOUL (P1.PN) (C.Washington)
Young Free Throw 1 of 2 (5 PTS)
Young Free Throw 2 of 2 (6 PTS)
",0.0,0.0,0.0,0.0,2025-03-12,0022400945,1.0,0.0,CHA,1.0,0.0,0.0,01:13,Off FT Make,0.0,Curry P.FOUL (P1.PN) (C.Washington),,ATL,CHA,ATL,1610612737.0,2025.0,647.0,653.0,650.0,1627747|1627777|1629027|1629611|1631230,203552|203994|1630163|1631111|1641733,2024-25,145.0,0.1724137931034483,0.0,0.0,0.0,0.0,,
128690.0,01:07,"Curry P.FOUL (P1.PN) (C.Washington)
Young Free Throw 1 of 2 (5 PTS)
Young Free Throw 2 of 2 (6 PTS)
",0.0,0.0,0.0,0.0,2025-03-12,0022400945,1.0,0.0,CHA,1.0,0.0,0.0,01:13,Off FT Make,0.0,Young Free Throw 2 of 2 (6 PTS),,ATL,CHA,ATL,1610612737.0,2025.0,647.0,653.0,650.0,1627747|1627777|1629027|1629611|1631230,203552|203994|1630163|1631111|1641733,2024-25,156.0,0.3888888888888889,0.0,0.0,0.0,0.0,,
128689.0,01:07,"Curry P.FOUL (P1.PN) (C.Washington)
Young Free Throw 1 of 2 (5 PTS)
Young Free Throw 2 of 2 (6 PTS)
",0.0,0.0,0.0,0.0,2025-03-12,0022400945,1.0,0.0,CHA,1.0,0.0,0.0,01:13,Off FT Make,0.0,Young Free Throw 1 of 2 (5 PTS),,ATL,CHA,ATL,1610612737.0,2025.0,647.0,653.0,650.0,1627747|1627777|1629027|1629611|1631230,203552|203994|1630163|1631111|1641733,2024-25,155.0,0.25396825396825395,0.0,0.0,0.0,0.0,,
128687.0,00:46,"Young Traveling Turnover (P3.T5)
",0.0,0.0,0.0,0.0,2025-03-12,0022400945,0.0,0.0,CHA,1.0,0.0,-1.0,00:52,Off Arc 3 Make,1.0,Young Traveling Turnover (P3.T5),,ATL,CHA,ATL,1610612737.0,2025.0,668.0,674.0,671.0,1627747|1627777|1629027|1629611|1631230,203552|203994|1630163|1631111|1641733,2024-25,159.0,0.8787878787878788,0.0,0.0,0.0,0.0,,
128686.0,00:22,"Barlow 4' Cutting Dunk Shot (2 PTS) (Young 4 AST)
",1.0,1.0,0.0,0.0,2025-03-12,0022400945,0.0,0.0,CHA,1.0,0.0,-1.0,00:33,Off Arc 3 Miss,0.0,Barlow 4' Cutting Dunk Shot (2 PTS) (Young 4 AST),,ATL,CHA,ATL,1610612737.0,2025.0,687.0,698.0,692.5,1627747|1627777|1629027|1629611|1631230,203552|203994|1630163|1631111|1641733,2024-25,162.0,0.22784810126582278,0.0,0.0,0.0,0.0,,
128780.0,11:47,"MISS Young 14' Driving Floating Jump Shot
Williams REBOUND (Off:0 Def:3)
",1.0,0.0,0.0,0.0,2025-03-12,0022400945,0.0,0.0,CHA,2.0,0.0,1.0,12:00,Off Dead Ball,0.0,Williams REBOUND (Off:0 Def:3),,ATL,CHA,ATL,1610612737.0,2025.0,720.0,733.0,726.5,1629027|1629611|1630249|1631230|1642258,203552|1630163|1630182|1631109|1631111,2024-25,166.0,0.2916666666666667,0.0,0.0,0.0,0.0,,
128692.0,01:23,"Smith Jr. P.FOUL (P1.T4) (T.Washington)
MISS Young 10' Driving Floating Jump Shot
Nurkic REBOUND (Off:1 Def:2)
",1.0,0.0,0.0,0.0,2025-03-12,0022400945,0.0,0.0,CHA,1.0,0.0,2.0,01:29,Off Steal,0.0,MISS Young 10' Driving Floating Jump Shot,,ATL,CHA,ATL,1610612737.0,2025.0,631.0,637.0,634.0,1627747|1627777|1629027|1629611|1631230,203552|203994|1630163|1631111|1641733,2024-25,147.0,0.2465753424657534,0.0,0.0,0.0,0.0,,
128779.0,11:47,"MISS Young 14' Driving Floating Jump Shot
Williams REBOUND (Off:0 Def:3)
",1.0,0.0,0.0,0.0,2025-03-12,0022400945,0.0,0.0,CHA,2.0,0.0,1.0,12:00,Off Dead Ball,0.0,MISS Young 14' Driving Floating Jump Shot,,ATL,CHA,ATL,1610612737.0,2025.0,720.0,733.0,726.5,1629027|1629611|1630249|1631230|1642258,203552|1630163|1630182|1631109|1631111,2024-25,176.0,0.875,0.0,0.0,0.0,0.0,,
128709.0,05:22,"LeVert 25' 3PT Pullup Jump Shot (3 PTS)
Green S.FOUL (P1.T1) (C.Washington)
LeVert Free Throw 1 of 1 (4 PTS)
",0.0,0.0,1.0,1.0,2025-03-12,0022400945,0.0,0.0,CHA,1.0,1.0,-5.0,05:34,Off Dead Ball,0.0,Green S.FOUL (P1.T1) (C.Washington),,ATL,CHA,ATL,1610612737.0,2025.0,386.0,398.0,392.0,1627747|1627777|1629611|1630700|1631230,203994|1628970|1629610|1630182|1630585,2024-25,81.0,0.2692307692307692,0.0,0.0,0.0,0.0,,
128711.0,05:52,"MISS Daniels 9' Driving Floating Jump Shot
Nurkic REBOUND (Off:0 Def:1)
",1.0,0.0,0.0,0.0,2025-03-12,0022400945,0.0,0.0,CHA,1.0,0.0,-5.0,06:07,Off Short Mid-Range Make,0.0,MISS Daniels 9' Driving Floating Jump Shot,,ATL,CHA,ATL,1610612737.0,2025.0,353.0,368.0,360.5,1627747|1627777|1630168|1630700|1642258,203994|1628970|1629610|1630182|1630585,2024-25,76.0,0.1388888888888889,0.0,0.0,0.0,0.0,,
128835.0,09:49,"MISS Okongwu 3' Alley Oop Layup: Jeffries BLOCK (1 BLK)
HAWKS Rebound
MISS Young 19' Pullup Jump Shot: Jeffries BLOCK (2 BLK)
Young REBOUND (Off:2 Def:3)
MISS Young 7' Driving Floating Jump Shot
Okongwu REBOUND (Off:3 Def:1)
Gueye 25' 3PT Jump Shot (6 PTS) (Okongwu 1 AST)
",3.0,0.0,1.0,1.0,2025-03-12,0022400945,0.0,3.0,CHA,3.0,0.0,9.0,10:12,Off Arc 3 Miss,0.0,MISS Young 19' Pullup Jump Shot: Jeffries BLOCK (2 BLK),,ATL,CHA,ATL,1610612737.0,2025.0,1548.0,1571.0,1559.5,1629027|1630168|1630700|1631243|1642258,1628970|1629610|1630585|1631109|1641733,2024-25,618.0,0.6808510638297872,0.0,0.0,0.0,0.0,,
128729.0,11:25,"MISS Risacher 28' 3PT Jump Shot
Young REBOUND (Off:1 Def:0)
Young 14' Driving Floating Jump Shot (2 PTS)
",1.0,1.0,1.0,0.0,2025-03-12,0022400945,0.0,1.0,CHA,1.0,0.0,-2.0,11:43,Off Short Mid-Range Make,0.0,MISS Risacher 28' 3PT Jump Shot,,ATL,CHA,ATL,1610612737.0,2025.0,17.0,35.0,26.0,1629027|1630168|1630700|1631243|1642258,1628970|1629610|1630163|1630182|1631109,2024-25,8.0,0.32727272727272727,0.0,0.0,0.0,0.0,,
128731.0,11:25,"MISS Risacher 28' 3PT Jump Shot
Young REBOUND (Off:1 Def:0)
Young 14' Driving Floating Jump Shot (2 PTS)
",1.0,1.0,1.0,0.0,2025-03-12,0022400945,0.0,1.0,CHA,1.0,0.0,-2.0,11:43,Off Short Mid-Range Make,0.0,Young 14' Driving Floating Jump Shot (2 PTS),,ATL,CHA,ATL,1610612737.0,2025.0,17.0,35.0,26.0,1629027|1630168|1630700|1631243|1642258,1628970|1629610|1630163|1630182|1631109,2024-25,10.0,0.967032967032967,0.0,0.0,0.0,0.0,,
128728.0,10:51,"Okongwu 3PT Jump Shot (3 PTS) (Young 1 AST)
",0.0,0.0,1.0,1.0,2025-03-12,0022400945,0.0,0.0,CHA,1.0,0.0,0.0,11:07,Off Short Mid-Range Miss,0.0,Okongwu 3PT Jump Shot (3 PTS) (Young 1 AST),,ATL,CHA,ATL,1610612737.0,2025.0,53.0,69.0,61.0,1629027|1630168|1630700|1631243|1642258,1628970|1629610|1630163|1630182|1631109,2024-25,13.0,0.07894736842105263,0.0,0.0,0.0,0.0,,
128727.0,10:36,"MISS Young 14' Driving Floating Jump Shot
Williams REBOUND (Off:0 Def:1)
",1.0,0.0,0.0,0.0,2025-03-12,0022400945,0.0,0.0,CHA,1.0,0.0,3.0,10:41,Off Steal,0.0,Williams REBOUND (Off:0 Def:1),,ATL,CHA,ATL,1610612737.0,2025.0,79.0,84.0,81.5,1629027|1630168|1630700|1631243|1642258,1628970|1629610|1630163|1630182|1631109,2024-25,18.0,0.2857142857142857,0.0,0.0,0.0,0.0,,
128726.0,10:36,"MISS Young 14' Driving Floating Jump Shot
Williams REBOUND (Off:0 Def:1)
",1.0,0.0,0.0,0.0,2025-03-12,0022400945,0.0,0.0,CHA,1.0,0.0,3.0,10:41,Off Steal,0.0,MISS Young 14' Driving Floating Jump Shot,,ATL,CHA,ATL,1610612737.0,2025.0,79.0,84.0,81.5,1629027|1630168|1630700|1631243|1642258,1628970|1629610|1630163|1630182|1631109,2024-25,17.0,0.32558139534883723,0.0,0.0,0.0,0.0,,
128725.0,10:14,"MISS Okongwu 27' 3PT Jump Shot
Bridges REBOUND (Off:0 Def:1)
",0.0,0.0,1.0,0.0,2025-03-12,0022400945,0.0,0.0,CHA,1.0,0.0,0.0,10:28,Off Corner 3 Make,0.0,Bridges REBOUND (Off:0 Def:1),,ATL,CHA,ATL,1610612737.0,2025.0,92.0,106.0,99.0,1629027|1630168|1630700|1631243|1642258,1628970|1629610|1630163|1630182|1631109,2024-25,24.0,0.819672131147541,0.0,0.0,0.0,0.0,,
128708.0,05:22,"LeVert 25' 3PT Pullup Jump Shot (3 PTS)
Green S.FOUL (P1.T1) (C.Washington)
LeVert Free Throw 1 of 1 (4 PTS)
",0.0,0.0,1.0,1.0,2025-03-12,0022400945,0.0,0.0,CHA,1.0,1.0,-5.0,05:34,Off Dead Ball,0.0,LeVert 25' 3PT Pullup Jump Shot (3 PTS),,ATL,CHA,ATL,1610612737.0,2025.0,386.0,398.0,392.0,1627747|1627777|1629611|1630700|1631230,203994|1628970|1629610|1630182|1630585,2024-25,79.0,0.058823529411764705,0.0,0.0,0.0,0.0,,
128723.0,09:54,"MISS Young 10' Driving Floating Jump Shot
Williams REBOUND (Off:0 Def:2)
",1.0,0.0,0.0,0.0,2025-03-12,0022400945,0.0,0.0,CHA,1.0,0.0,-2.0,10:06,Off FT Make,0.0,Williams REBOUND (Off:0 Def:2),,ATL,CHA,ATL,1610612737.0,2025.0,114.0,126.0,120.0,1629027|1630168|1630700|1631243|1642258,1628970|1629610|1630163|1630182|1631109,2024-25,27.0,0.2727272727272727,0.0,0.0,0.0,0.0,,
128720.0,09:02,"Young Bad Pass Turnover (P1.T2): Williams STEAL (1 STL)
",0.0,0.0,0.0,0.0,2025-03-12,0022400945,0.0,0.0,CHA,1.0,0.0,-4.0,09:15,Off Short Mid-Range Make,1.0,Young Bad Pass Turnover (P1.T2): Williams STEAL (1 STL),,ATL,CHA,ATL,1610612737.0,2025.0,165.0,178.0,171.5,1629027|1630168|1630700|1631243|1642258,1628970|1629610|1630163|1630182|1631109,2024-25,34.0,0.2764227642276423,0.0,0.0,0.0,0.0,,
128718.0,08:22,"Gueye 11' Driving Floating Jump Shot (2 PTS) (Young 3 AST)
",1.0,1.0,0.0,0.0,2025-03-12,0022400945,0.0,0.0,CHA,1.0,0.0,-4.0,08:36,Off At Rim Make,0.0,Gueye 11' Driving Floating Jump Shot (2 PTS) (Young 3 AST),,ATL,CHA,ATL,1610612737.0,2025.0,204.0,218.0,211.0,1629027|1630168|1630700|1631243|1642258,1628970|1629610|1630163|1630182|1631109,2024-25,40.0,0.2391304347826087,0.0,0.0,0.0,0.0,,
128717.0,07:48,"MISS Young 28' 3PT Pullup Jump Shot
Green REBOUND (Off:1 Def:1)
",0.0,0.0,1.0,0.0,2025-03-12,0022400945,0.0,0.0,CHA,1.0,0.0,-4.0,08:00,Off At Rim Make,0.0,Green REBOUND (Off:1 Def:1),,ATL,CHA,ATL,1610612737.0,2025.0,240.0,252.0,246.0,1629027|1630168|1630700|1631243|1642258,1628970|1629610|1630163|1630182|1631109,2024-25,52.0,0.11538461538461539,0.0,0.0,0.0,0.0,,
128716.0,07:48,"MISS Young 28' 3PT Pullup Jump Shot
Green REBOUND (Off:1 Def:1)
",0.0,0.0,1.0,0.0,2025-03-12,0022400945,0.0,0.0,CHA,1.0,0.0,-4.0,08:00,Off At Rim Make,0.0,MISS Young 28' 3PT Pullup Jump Shot,,ATL,CHA,ATL,1610612737.0,2025.0,240.0,252.0,246.0,1629027|1630168|1630700|1631243|1642258,1628970|1629610|1630163|1630182|1631109,2024-25,48.0,0.23529411764705882,0.0,0.0,0.0,0.0,,
128715.0,07:14,"Daniels 11' Driving Floating Jump Shot (4 PTS) (Gueye 1 AST)
",1.0,1.0,0.0,0.0,2025-03-12,0022400945,0.0,0.0,CHA,1.0,0.0,-6.0,07:37,Off Timeout,0.0,Daniels 11' Driving Floating Jump Shot (4 PTS) (Gueye 1 AST),,ATL,CHA,ATL,1610612737.0,2025.0,263.0,286.0,274.5,1629027|1630168|1630700|1631243|1642258,1628970|1629610|1630163|1630182|1631109,2024-25,58.0,0.13043478260869565,0.0,0.0,0.0,0.0,,
128713.0,06:17,"Risacher 3PT Jump Shot (3 PTS) (Daniels 1 AST)
",0.0,0.0,1.0,1.0,2025-03-12,0022400945,0.0,0.0,CHA,1.0,0.0,-6.0,06:28,Off Short Mid-Range Miss,0.0,Risacher 3PT Jump Shot (3 PTS) (Daniels 1 AST),,ATL,CHA,ATL,1610612737.0,2025.0,332.0,343.0,337.5,1629027|1630168|1630700|1631243|1642258,1628970|1629610|1630163|1630182|1631109,2024-25,73.0,0.09523809523809523,0.0,0.0,0.0,0.0,,
128712.0,05:52,"MISS Daniels 9' Driving Floating Jump Shot
Nurkic REBOUND (Off:0 Def:1)
",1.0,0.0,0.0,0.0,2025-03-12,0022400945,0.0,0.0,CHA,1.0,0.0,-5.0,06:07,Off Short Mid-Range Make,0.0,Nurkic REBOUND (Off:0 Def:1),,ATL,CHA,ATL,1610612737.0,2025.0,353.0,368.0,360.5,1627747|1627777|1630168|1630700|1642258,203994|1628970|1629610|1630182|1630585,2024-25,80.0,0.2222222222222222,0.0,0.0,0.0,0.0,,
128721.0,09:38,"Risacher Step Out of Bounds Turnover (P1.T1)
",0.0,0.0,0.0,0.0,2025-03-12,0022400945,0.0,0.0,CHA,1.0,0.0,-2.0,09:43,Off Steal,1.0,Risacher Step Out of Bounds Turnover (P1.T1),,ATL,CHA,ATL,1610612737.0,2025.0,137.0,142.0,139.5,1629027|1630168|1630700|1631243|1642258,1628970|1629610|1630163|1630182|1631109,2024-25,31.0,0.12631578947368421,0.0,0.0,0.0,0.0,,
128778.0,11:19,"Krejci Out of Bounds - Bad Pass Turnover Turnover (P1.T6)
",0.0,0.0,0.0,0.0,2025-03-12,0022400945,0.0,0.0,CHA,2.0,0.0,1.0,11:38,Off Dead Ball,1.0,Krejci Out of Bounds - Bad Pass Turnover Turnover (P1.T6),,ATL,CHA,ATL,1610612737.0,2025.0,742.0,761.0,751.5,1629027|1629611|1630249|1631230|1642258,203552|1630163|1630182|1631109|1631111,2024-25,172.0,0.10810810810810811,0.0,0.0,0.0,0.0,,
128719.0,08:53,"Daniels 8' Driving Floating Jump Shot (2 PTS) (Young 2 AST)
",1.0,1.0,0.0,0.0,2025-03-12,0022400945,0.0,0.0,CHA,1.0,0.0,-4.0,09:00,Off Block,0.0,Daniels 8' Driving Floating Jump Shot (2 PTS) (Young 2 AST),,ATL,CHA,ATL,1610612737.0,2025.0,180.0,187.0,183.5,1629027|1630168|1630700|1631243|1642258,1628970|1629610|1630163|1630182|1631109,2024-25,30.0,0.21978021978021978,0.0,0.0,0.0,0.0,,
128776.0,10:27,"Mann 3PT Jump Shot (5 PTS) (Young 6 AST)
",0.0,0.0,1.0,1.0,2025-03-12,0022400945,0.0,0.0,CHA,2.0,0.0,3.0,10:37,Off At Rim Miss,0.0,Mann 3PT Jump Shot (5 PTS) (Young 6 AST),,ATL,CHA,ATL,1610612737.0,2025.0,803.0,813.0,808.0,1629027|1629611|1630249|1631230|1642258,203552|1630163|1630182|1631109|1631111,2024-25,183.0,0.1935483870967742,0.0,0.0,0.0,0.0,,
128748.0,04:57,"MISS Daniels 28' 3PT Jump Shot
Bridges REBOUND (Off:0 Def:7)
",0.0,0.0,1.0,0.0,2025-03-12,0022400945,0.0,0.0,CHA,2.0,0.0,3.0,05:08,Off Short Mid-Range Miss,0.0,MISS Daniels 28' 3PT Jump Shot,,ATL,CHA,ATL,1610612737.0,2025.0,1132.0,1143.0,1137.5,1627747|1630168|1630249|1630700|1642258,1628970|1629610|1630585|1631109|1641733,2024-25,264.0,0.21176470588235294,0.0,0.0,0.0,0.0,,
128749.0,04:57,"MISS Daniels 28' 3PT Jump Shot
Bridges REBOUND (Off:0 Def:7)
",0.0,0.0,1.0,0.0,2025-03-12,0022400945,0.0,0.0,CHA,2.0,0.0,3.0,05:08,Off Short Mid-Range Miss,0.0,Bridges REBOUND (Off:0 Def:7),,ATL,CHA,ATL,1610612737.0,2025.0,1132.0,1143.0,1137.5,1627747|1630168|1630249|1630700|1642258,1628970|1629610|1630585|1631109|1641733,2024-25,244.0,0.08163265306122448,0.0,0.0,0.0,0.0,,
128747.0,04:32,"Risacher 5' Running Dunk (5 PTS)
",1.0,1.0,0.0,0.0,2025-03-12,0022400945,0.0,0.0,CHA,2.0,0.0,3.0,04:37,Off Long Mid-Range Miss,0.0,Risacher 5' Running Dunk (5 PTS),,ATL,CHA,ATL,1610612737.0,2025.0,1163.0,1168.0,1165.5,1627747|1630168|1630249|1630700|1642258,1628970|1629610|1630585|1631109|1641733,2024-25,268.0,0.25,0.0,0.0,0.0,0.0,,
128746.0,03:52,"Daniels 9' Driving Floating Jump Shot (6 PTS)
",1.0,1.0,0.0,0.0,2025-03-12,0022400945,0.0,0.0,CHA,2.0,0.0,5.0,04:10,Off Dead Ball,0.0,Daniels 9' Driving Floating Jump Shot (6 PTS),,ATL,CHA,ATL,1610612737.0,2025.0,1190.0,1208.0,1199.0,1627747|1627777|1630168|1630249|1630700,1628970|1629610|1630585|1631109|1641733,2024-25,272.0,0.967741935483871,0.0,0.0,0.0,0.0,,
128745.0,03:21,"Niang 7' Driving Hook Shot (4 PTS) (LeVert 1 AST)
",1.0,1.0,0.0,0.0,2025-03-12,0022400945,0.0,0.0,CHA,2.0,0.0,5.0,03:39,Off Timeout,0.0,Niang 7' Driving Hook Shot (4 PTS) (LeVert 1 AST),,ATL,CHA,ATL,1610612737.0,2025.0,1221.0,1239.0,1230.0,1627747|1627777|1629027|1630168|1630700,1628970|1629610|1630585|1631217|1641733,2024-25,281.0,0.5,0.0,0.0,0.0,0.0,,
128744.0,02:44,"MISS Niang 26' 3PT Jump Shot
Diabaté REBOUND (Off:0 Def:1)
",0.0,0.0,1.0,0.0,2025-03-12,0022400945,0.0,0.0,CHA,2.0,0.0,4.0,03:01,Off Arc 3 Make,0.0,Diabaté REBOUND (Off:0 Def:1),,ATL,CHA,ATL,1610612737.0,2025.0,1259.0,1276.0,1267.5,1627747|1627777|1629027|1630168|1630700,1628970|1629610|1630585|1631217|1641733,2024-25,278.0,0.7213114754098361,0.0,0.0,0.0,0.0,,
128741.0,01:56,"Diabaté P.FOUL (P1.T1) (Z.Zarba)
MISS LeVert 28' 3PT Jump Shot
Bridges REBOUND (Off:0 Def:8)
",0.0,0.0,1.0,0.0,2025-03-12,0022400945,0.0,0.0,CHA,2.0,0.0,4.0,02:18,Off Timeout,0.0,MISS LeVert 28' 3PT Jump Shot,,ATL,CHA,ATL,1610612737.0,2025.0,1302.0,1324.0,1313.0,1627747|1627777|1629027|1630168|1630700,1628970|1629610|1630163|1630182|1631217,2024-25,300.0,0.13333333333333333,0.0,0.0,0.0,0.0,,
128750.0,05:29,"MISS Risacher 24' 3PT Jump Shot
Smith Jr. REBOUND (Off:0 Def:2)
",0.0,0.0,1.0,0.0,2025-03-12,0022400945,0.0,0.0,CHA,2.0,0.0,3.0,05:43,Off Steal,0.0,MISS Risacher 24' 3PT Jump Shot,,ATL,CHA,ATL,1610612737.0,2025.0,1097.0,1111.0,1104.0,1627747|1630168|1630249|1630700|1642258,1628970|1629610|1630585|1631109|1641733,2024-25,246.0,0.20833333333333334,0.0,0.0,0.0,0.0,,
128739.0,01:30,"Green S.FOUL (P2.T2) (Z.Zarba)
Young Free Throw 1 of 3 (7 PTS)
Young Free Throw 2 of 3 (8 PTS)
Young Free Throw 3 of 3 (9 PTS)
",0.0,0.0,0.0,0.0,2025-03-12,0022400945,0.0,0.0,CHA,2.0,1.0,3.0,01:48,Off FT Miss,0.0,Young Free Throw 3 of 3 (9 PTS),,ATL,CHA,ATL,1610612737.0,2025.0,1332.0,1350.0,1341.0,1627747|1627777|1629027|1630168|1630700,1628970|1629610|1630163|1630182|1631217,2024-25,312.0,0.46153846153846156,0.0,0.0,0.0,0.0,,
128732.0,00:10,"Okongwu 3' Cutting Layup Shot (5 PTS) (Niang 3 AST)
",1.0,1.0,0.0,0.0,2025-03-12,0022400945,0.0,0.0,CHA,2.0,0.0,1.0,00:28,Off Corner 3 Make,0.0,Okongwu 3' Cutting Layup Shot (5 PTS) (Niang 3 AST),,ATL,CHA,ATL,1610612737.0,2025.0,1412.0,1430.0,1421.0,1627747|1627777|1629027|1630168|1630700,1628970|1629610|1630163|1630182|1631217,2024-25,322.0,0.2777777777777778,0.0,0.0,0.0,0.0,,
128845.0,11:21,"Young 6' Driving Floating Jump Shot (11 PTS)
",1.0,1.0,0.0,0.0,2025-03-12,0022400945,0.0,0.0,CHA,3.0,0.0,3.0,11:30,Off Block,0.0,Young 6' Driving Floating Jump Shot (11 PTS),,ATL,CHA,ATL,1610612737.0,2025.0,1470.0,1479.0,1474.5,1629027|1630168|1630700|1631243|1642258,1628970|1629610|1630163|1630182|1631109,2024-25,344.0,0.3076923076923077,0.0,0.0,0.0,0.0,,
128841.0,10:35,"Jeffries S.FOUL (P2.T1) (Z.Zarba)
Gueye Free Throw 1 of 2 (3 PTS)
MISS Gueye Free Throw 2 of 2
Gueye REBOUND (Off:1 Def:2)
Risacher 3PT Jump Shot (8 PTS) (Young 7 AST)
",0.0,0.0,1.0,1.0,2025-03-12,0022400945,0.0,1.0,CHA,3.0,1.0,5.0,10:53,Off Steal,0.0,Gueye Free Throw 1 of 2 (3 PTS),,ATL,CHA,ATL,1610612737.0,2025.0,1507.0,1525.0,1516.0,1629027|1630168|1630700|1631243|1642258,1628970|1629610|1630163|1630182|1631109,2024-25,351.0,0.21739130434782608,0.0,0.0,0.0,0.0,,
128844.0,10:35,"Jeffries S.FOUL (P2.T1) (Z.Zarba)
Gueye Free Throw 1 of 2 (3 PTS)
MISS Gueye Free Throw 2 of 2
Gueye REBOUND (Off:1 Def:2)
Risacher 3PT Jump Shot (8 PTS) (Young 7 AST)
",0.0,0.0,1.0,1.0,2025-03-12,0022400945,0.0,1.0,CHA,3.0,1.0,5.0,10:53,Off Steal,0.0,Risacher 3PT Jump Shot (8 PTS) (Young 7 AST),,ATL,CHA,ATL,1610612737.0,2025.0,1507.0,1525.0,1516.0,1629027|1630168|1630700|1631243|1642258,1628970|1629610|1630163|1630182|1631109,2024-25,359.0,0.21333333333333335,0.0,0.0,0.0,0.0,,
128842.0,10:35,"Jeffries S.FOUL (P2.T1) (Z.Zarba)
Gueye Free Throw 1 of 2 (3 PTS)
MISS Gueye Free Throw 2 of 2
Gueye REBOUND (Off:1 Def:2)
Risacher 3PT Jump Shot (8 PTS) (Young 7 AST)
",0.0,0.0,1.0,1.0,2025-03-12,0022400945,0.0,1.0,CHA,3.0,1.0,5.0,10:53,Off Steal,0.0,MISS Gueye Free Throw 2 of 2,,ATL,CHA,ATL,1610612737.0,2025.0,1507.0,1525.0,1516.0,1629027|1630168|1630700|1631243|1642258,1628970|1629610|1630163|1630182|1631109,2024-25,352.0,0.3181818181818182,0.0,0.0,0.0,0.0,,
128843.0,10:35,"Jeffries S.FOUL (P2.T1) (Z.Zarba)
Gueye Free Throw 1 of 2 (3 PTS)
MISS Gueye Free Throw 2 of 2
Gueye REBOUND (Off:1 Def:2)
Risacher 3PT Jump Shot (8 PTS) (Young 7 AST)
",0.0,0.0,1.0,1.0,2025-03-12,0022400945,0.0,1.0,CHA,3.0,1.0,5.0,10:53,Off Steal,0.0,Gueye REBOUND (Off:1 Def:2),,ATL,CHA,ATL,1610612737.0,2025.0,1507.0,1525.0,1516.0,1629027|1630168|1630700|1631243|1642258,1628970|1629610|1630163|1630182|1631109,2024-25,353.0,0.2903225806451613,0.0,0.0,0.0,0.0,,
128837.0,09:49,"MISS Okongwu 3' Alley Oop Layup: Jeffries BLOCK (1 BLK)
HAWKS Rebound
MISS Young 19' Pullup Jump Shot: Jeffries BLOCK (2 BLK)
Young REBOUND (Off:2 Def:3)
MISS Young 7' Driving Floating Jump Shot
Okongwu REBOUND (Off:3 Def:1)
Gueye 25' 3PT Jump Shot (6 PTS) (Okongwu 1 AST)
",3.0,0.0,1.0,1.0,2025-03-12,0022400945,0.0,3.0,CHA,3.0,0.0,9.0,10:12,Off Arc 3 Miss,0.0,MISS Young 7' Driving Floating Jump Shot,,ATL,CHA,ATL,1610612737.0,2025.0,1548.0,1571.0,1559.5,1629027|1630168|1630700|1631243|1642258,1628970|1629610|1630585|1631109|1641733,2024-25,364.0,0.14457831325301204,0.0,0.0,0.0,0.0,,
128734.0,00:52,"MISS Daniels 9' Driving Layup
Niang REBOUND (Off:1 Def:2)
Niang Traveling Turnover (P1.T8)
",1.0,0.0,0.0,0.0,2025-03-12,0022400945,0.0,1.0,CHA,2.0,0.0,4.0,01:11,Off Short Mid-Range Make,1.0,Niang REBOUND (Off:1 Def:2),,ATL,CHA,ATL,1610612737.0,2025.0,1369.0,1388.0,1378.5,1627747|1627777|1629027|1630168|1630700,1628970|1629610|1630163|1630182|1631217,2024-25,316.0,0.20833333333333334,0.0,0.0,0.0,0.0,,
128751.0,05:29,"MISS Risacher 24' 3PT Jump Shot
Smith Jr. REBOUND (Off:0 Def:2)
",0.0,0.0,1.0,0.0,2025-03-12,0022400945,0.0,0.0,CHA,2.0,0.0,3.0,05:43,Off Steal,0.0,Smith Jr. REBOUND (Off:0 Def:2),,ATL,CHA,ATL,1610612737.0,2025.0,1097.0,1111.0,1104.0,1627747|1630168|1630249|1630700|1642258,1628970|1629610|1630585|1631109|1641733,2024-25,239.0,0.23880597014925373,0.0,0.0,0.0,0.0,,
128846.0,11:45,"Daniels Bad Pass Turnover (P2.T9): Green STEAL (1 STL)
",0.0,0.0,0.0,0.0,2025-03-12,0022400945,0.0,0.0,CHA,3.0,0.0,3.0,12:00,Off Dead Ball,1.0,Daniels Bad Pass Turnover (P2.T9): Green STEAL (1 STL),,ATL,CHA,ATL,1610612737.0,2025.0,1440.0,1455.0,1447.5,1629027|1630168|1630700|1631243|1642258,1628970|1629610|1630163|1630182|1631109,2024-25,335.0,0.2777777777777778,0.0,0.0,0.0,0.0,,
128753.0,06:19,"MISS Okongwu 4' Cutting Layup Shot: Williams BLOCK (1 BLK)
Okongwu REBOUND (Off:1 Def:1)
MISS Okongwu 3' Putback Layup
Okongwu REBOUND (Off:2 Def:1)
MISS Okongwu 3' Putback Layup
Bridges REBOUND (Off:0 Def:6)
",3.0,0.0,0.0,0.0,2025-03-12,0022400945,0.0,2.0,CHA,2.0,0.0,0.0,06:35,Off Dead Ball,0.0,MISS Okongwu 4' Cutting Layup Shot: Williams BLOCK (1 BLK),,ATL,CHA,ATL,1610612737.0,2025.0,1045.0,1061.0,1053.0,1627747|1630168|1630249|1630700|1642258,1628970|1629610|1630585|1631109|1641733,2024-25,248.0,0.23684210526315788,0.0,0.0,0.0,0.0,,
128752.0,05:52,"Krejci 27' 3PT Jump Shot (6 PTS) (Daniels 2 AST)
",0.0,0.0,1.0,1.0,2025-03-12,0022400945,0.0,0.0,CHA,2.0,0.0,0.0,06:05,Off Short Mid-Range Miss,0.0,Krejci 27' 3PT Jump Shot (6 PTS) (Daniels 2 AST),,ATL,CHA,ATL,1610612737.0,2025.0,1075.0,1088.0,1081.5,1627747|1630168|1630249|1630700|1642258,1628970|1629610|1630585|1631109|1641733,2024-25,236.0,0.25,0.0,0.0,0.0,0.0,,
128775.0,09:49,"MISS Young 30' 3PT Pullup Jump Shot
Williams REBOUND (Off:0 Def:4)
",0.0,0.0,1.0,0.0,2025-03-12,0022400945,0.0,0.0,CHA,2.0,0.0,6.0,10:05,Off Dead Ball,0.0,Williams REBOUND (Off:0 Def:4),,ATL,CHA,ATL,1610612737.0,2025.0,835.0,851.0,843.0,1629027|1629611|1630249|1631230|1642258,203552|1630163|1630182|1631109|1631111,2024-25,181.0,0.25925925925925924,0.0,0.0,0.0,0.0,,
128774.0,09:49,"MISS Young 30' 3PT Pullup Jump Shot
Williams REBOUND (Off:0 Def:4)
",0.0,0.0,1.0,0.0,2025-03-12,0022400945,0.0,0.0,CHA,2.0,0.0,6.0,10:05,Off Dead Ball,0.0,MISS Young 30' 3PT Pullup Jump Shot,,ATL,CHA,ATL,1610612737.0,2025.0,835.0,851.0,843.0,1629027|1629611|1630249|1631230|1642258,203552|1630163|1630182|1631109|1631111,2024-25,190.0,0.3058823529411765,0.0,0.0,0.0,0.0,,
128773.0,09:23,"MISS Risacher 3PT Running Pull-Up Jump Shot
Hornets Rebound
",0.0,0.0,1.0,0.0,2025-03-12,0022400945,0.0,0.0,CHA,2.0,0.0,6.0,09:29,Off Short Mid-Range Miss,0.0,Hornets Rebound,,ATL,CHA,ATL,1610612737.0,2025.0,871.0,877.0,874.0,1629027|1629611|1630249|1631230|1642258,203552|1628970|1630163|1630182|1631109,2024-25,198.0,0.15789473684210525,0.0,0.0,0.0,0.0,,
128770.0,08:37,"MISS Risacher 9' Driving Layup
Williams REBOUND (Off:0 Def:5)
",1.0,0.0,0.0,0.0,2025-03-12,0022400945,0.0,0.0,CHA,2.0,0.0,2.0,08:54,Off FT Make,0.0,Williams REBOUND (Off:0 Def:5),,ATL,CHA,ATL,1610612737.0,2025.0,906.0,923.0,914.5,1629611|1630168|1630249|1630700|1642258,203552|1628970|1630163|1630182|1631109,2024-25,227.0,0.21739130434782608,0.0,0.0,0.0,0.0,,
128769.0,08:37,"MISS Risacher 9' Driving Layup
Williams REBOUND (Off:0 Def:5)
",1.0,0.0,0.0,0.0,2025-03-12,0022400945,0.0,0.0,CHA,2.0,0.0,2.0,08:54,Off FT Make,0.0,MISS Risacher 9' Driving Layup,,ATL,CHA,ATL,1610612737.0,2025.0,906.0,923.0,914.5,1629611|1630168|1630249|1630700|1642258,203552|1628970|1630163|1630182|1631109,2024-25,215.0,0.2972972972972973,0.0,0.0,0.0,0.0,,
128768.0,08:25,"MISS Mann 2' Running Reverse Layup: Ball BLOCK (1 BLK)
Bridges REBOUND (Off:0 Def:4)
",1.0,0.0,0.0,0.0,2025-03-12,0022400945,0.0,0.0,CHA,2.0,0.0,2.0,08:30,Off Arc 3 Miss,0.0,Bridges REBOUND (Off:0 Def:4),,ATL,CHA,ATL,1610612737.0,2025.0,930.0,935.0,932.5,1629611|1630168|1630249|1630700|1642258,203552|1628970|1630163|1630182|1631109,2024-25,202.0,0.3103448275862069,0.0,0.0,0.0,0.0,,
128767.0,08:25,"MISS Mann 2' Running Reverse Layup: Ball BLOCK (1 BLK)
Bridges REBOUND (Off:0 Def:4)
",1.0,0.0,0.0,0.0,2025-03-12,0022400945,0.0,0.0,CHA,2.0,0.0,2.0,08:30,Off Arc 3 Miss,0.0,MISS Mann 2' Running Reverse Layup: Ball BLOCK (1 BLK),,ATL,CHA,ATL,1610612737.0,2025.0,930.0,935.0,932.5,1629611|1630168|1630249|1630700|1642258,203552|1628970|1630163|1630182|1631109,2024-25,219.0,0.2631578947368421,0.0,0.0,0.0,0.0,,
128771.0,08:59,"Young Bad Pass Turnover (P4.T7): Ball STEAL (1 STL)
",0.0,0.0,0.0,0.0,2025-03-12,0022400945,0.0,0.0,CHA,2.0,0.0,4.0,09:12,Off Short Mid-Range Make,1.0,Young Bad Pass Turnover (P4.T7): Ball STEAL (1 STL),,ATL,CHA,ATL,1610612737.0,2025.0,888.0,901.0,894.5,1629027|1629611|1630249|1631230|1642258,203552|1628970|1630163|1630182|1631109,2024-25,205.0,0.6666666666666666,0.0,0.0,0.0,0.0,,
128765.0,07:34,"MISS Okongwu 5' Hook Shot
Bridges REBOUND (Off:0 Def:5)
",1.0,0.0,0.0,0.0,2025-03-12,0022400945,0.0,0.0,CHA,2.0,0.0,5.0,07:44,Off Dead Ball,0.0,Bridges REBOUND (Off:0 Def:5),,ATL,CHA,ATL,1610612737.0,2025.0,976.0,986.0,981.0,1629611|1630168|1630249|1630700|1642258,1628970|1629610|1630182|1630585|1631109,2024-25,212.0,0.2978723404255319,0.0,0.0,0.0,0.0,,
128764.0,07:34,"MISS Okongwu 5' Hook Shot
Bridges REBOUND (Off:0 Def:5)
",1.0,0.0,0.0,0.0,2025-03-12,0022400945,0.0,0.0,CHA,2.0,0.0,5.0,07:44,Off Dead Ball,0.0,MISS Okongwu 5' Hook Shot,,ATL,CHA,ATL,1610612737.0,2025.0,976.0,986.0,981.0,1629611|1630168|1630249|1630700|1642258,1628970|1629610|1630182|1630585|1631109,2024-25,233.0,0.24390243902439024,0.0,0.0,0.0,0.0,,
128762.0,07:14,"MISS Mann 25' 3PT Step Back Jump Shot
Williams REBOUND (Off:0 Def:6)
",0.0,0.0,1.0,0.0,2025-03-12,0022400945,0.0,0.0,CHA,2.0,0.0,3.0,07:26,Off Short Mid-Range Make,0.0,MISS Mann 25' 3PT Step Back Jump Shot,,ATL,CHA,ATL,1610612737.0,2025.0,994.0,1006.0,1000.0,1629611|1630168|1630249|1630700|1642258,1628970|1629610|1630182|1630585|1631109,2024-25,209.0,0.17582417582417584,0.0,0.0,0.0,0.0,,
128758.0,06:46,"MISS Daniels 9' Driving Floating Jump Shot
Daniels REBOUND (Off:1 Def:1)
MISS Daniels 4' Tip Layup Shot
Williams REBOUND (Off:0 Def:7)
",2.0,0.0,0.0,0.0,2025-03-12,0022400945,0.0,1.0,CHA,2.0,0.0,0.0,07:00,Off Arc 3 Make,0.0,MISS Daniels 9' Driving Floating Jump Shot,,ATL,CHA,ATL,1610612737.0,2025.0,1020.0,1034.0,1027.0,1629611|1630168|1630249|1630700|1642258,1628970|1629610|1630182|1630585|1631109,2024-25,294.0,0.8780487804878049,0.0,0.0,0.0,0.0,,
128760.0,06:46,"MISS Daniels 9' Driving Floating Jump Shot
Daniels REBOUND (Off:1 Def:1)
MISS Daniels 4' Tip Layup Shot
Williams REBOUND (Off:0 Def:7)
",2.0,0.0,0.0,0.0,2025-03-12,0022400945,0.0,1.0,CHA,2.0,0.0,0.0,07:00,Off Arc 3 Make,0.0,MISS Daniels 4' Tip Layup Shot,,ATL,CHA,ATL,1610612737.0,2025.0,1020.0,1034.0,1027.0,1629611|1630168|1630249|1630700|1642258,1628970|1629610|1630182|1630585|1631109,2024-25,241.0,0.8,0.0,0.0,0.0,0.0,,
128766.0,08:01,"Krejci 24' 3PT Jump Shot (3 PTS) (Mann 1 AST)
",0.0,0.0,1.0,1.0,2025-03-12,0022400945,0.0,0.0,CHA,2.0,0.0,2.0,08:10,Off Short Mid-Range Miss,0.0,Krejci 24' 3PT Jump Shot (3 PTS) (Mann 1 AST),,ATL,CHA,ATL,1610612737.0,2025.0,950.0,959.0,954.5,1629611|1630168|1630249|1630700|1642258,203552|1628970|1630163|1630182|1631109,2024-25,224.0,0.07142857142857142,0.0,0.0,0.0,0.0,,
128755.0,06:19,"MISS Okongwu 4' Cutting Layup Shot: Williams BLOCK (1 BLK)
Okongwu REBOUND (Off:1 Def:1)
MISS Okongwu 3' Putback Layup
Okongwu REBOUND (Off:2 Def:1)
MISS Okongwu 3' Putback Layup
Bridges REBOUND (Off:0 Def:6)
",3.0,0.0,0.0,0.0,2025-03-12,0022400945,0.0,2.0,CHA,2.0,0.0,0.0,06:35,Off Dead Ball,0.0,MISS Okongwu 3' Putback Layup,,ATL,CHA,ATL,1610612737.0,2025.0,1045.0,1061.0,1053.0,1627747|1630168|1630249|1630700|1642258,1628970|1629610|1630585|1631109|1641733,2024-25,250.0,0.3225806451612903,0.0,0.0,0.0,0.0,,
128757.0,06:19,"MISS Okongwu 4' Cutting Layup Shot: Williams BLOCK (1 BLK)
Okongwu REBOUND (Off:1 Def:1)
MISS Okongwu 3' Putback Layup
Okongwu REBOUND (Off:2 Def:1)
MISS Okongwu 3' Putback Layup
Bridges REBOUND (Off:0 Def:6)
",3.0,0.0,0.0,0.0,2025-03-12,0022400945,0.0,2.0,CHA,2.0,0.0,0.0,06:35,Off Dead Ball,0.0,Bridges REBOUND (Off:0 Def:6),,ATL,CHA,ATL,1610612737.0,2025.0,1045.0,1061.0,1053.0,1627747|1630168|1630249|1630700|1642258,1628970|1629610|1630585|1631109|1641733,2024-25,249.0,0.7213114754098361,0.0,0.0,0.0,0.0,,
129004.0,01:47,"MISS Niang 26' 3PT Jump Shot
Simmons REBOUND (Off:0 Def:2)
",0.0,0.0,1.0,0.0,2025-03-14,0022400960,0.0,0.0,LAC,3.0,0.0,-15.0,02:05,Off FT Make,0.0,MISS Niang 26' 3PT Jump Shot,,ATL,LAC,ATL,1610612737.0,2025.0,2035.0,2053.0,2044.0,1627747|1627777|1629027|1629611|1631230,201935|203992|1627732|1627884|1629599,2024-25,474.0,0.2127659574468085,0.0,0.0,0.0,0.0,,
129022.0,05:13,"MISS LeVert 21' Running Pull-Up Jump Shot
Okongwu REBOUND (Off:2 Def:4)
Okongwu 2' Driving Reverse Layup (12 PTS)
",2.0,1.0,0.0,0.0,2025-03-14,0022400960,0.0,1.0,LAC,3.0,0.0,-2.0,05:22,Off Long Mid-Range Miss,0.0,Okongwu REBOUND (Off:2 Def:4),,ATL,LAC,ATL,1610612737.0,2025.0,1838.0,1847.0,1842.5,1627747|1627777|1630168|1630700|1642258,201587|201935|202695|1627739|1627826,2024-25,415.0,0.23076923076923078,0.0,0.0,0.0,0.0,,
129019.0,04:21,"MISS Daniels 10' Driving Floating Jump Shot
HAWKS Rebound
MISS Niang 1' Cutting Layup Shot
Zubac REBOUND (Off:1 Def:4)
",2.0,0.0,0.0,0.0,2025-03-14,0022400960,0.0,1.0,LAC,3.0,0.0,-3.0,04:49,Off Corner 3 Make,0.0,MISS Niang 1' Cutting Layup Shot,,ATL,LAC,ATL,1610612737.0,2025.0,1871.0,1899.0,1885.0,1627747|1627777|1630168|1630700|1642258,201587|201935|202695|1627739|1627826,2024-25,419.0,0.32,0.0,0.0,0.0,0.0,,
129018.0,04:21,"MISS Daniels 10' Driving Floating Jump Shot
HAWKS Rebound
MISS Niang 1' Cutting Layup Shot
Zubac REBOUND (Off:1 Def:4)
",2.0,0.0,0.0,0.0,2025-03-14,0022400960,0.0,1.0,LAC,3.0,0.0,-3.0,04:49,Off Corner 3 Make,0.0,HAWKS Rebound,,ATL,LAC,ATL,1610612737.0,2025.0,1871.0,1899.0,1885.0,1627747|1627777|1630168|1630700|1642258,201587|201935|202695|1627739|1627826,2024-25,436.0,0.21739130434782608,0.0,0.0,0.0,0.0,,
129015.0,03:51,"MISS Daniels 4' Driving Floating Jump Shot
Zubac REBOUND (Off:1 Def:5)
",1.0,0.0,0.0,0.0,2025-03-14,0022400960,0.0,0.0,LAC,3.0,0.0,-6.0,04:06,Off Arc 3 Make,0.0,MISS Daniels 4' Driving Floating Jump Shot,,ATL,LAC,ATL,1610612737.0,2025.0,1914.0,1929.0,1921.5,1627747|1627777|1629611|1630168|1630700,201587|201935|202695|1627826|1627884,2024-25,429.0,0.2191780821917808,0.0,0.0,0.0,0.0,,
129016.0,03:51,"MISS Daniels 4' Driving Floating Jump Shot
Zubac REBOUND (Off:1 Def:5)
",1.0,0.0,0.0,0.0,2025-03-14,0022400960,0.0,0.0,LAC,3.0,0.0,-6.0,04:06,Off Arc 3 Make,0.0,Zubac REBOUND (Off:1 Def:5),,ATL,LAC,ATL,1610612737.0,2025.0,1914.0,1929.0,1921.5,1627747|1627777|1629611|1630168|1630700,201587|201935|202695|1627826|1627884,2024-25,445.0,0.19607843137254902,0.0,0.0,0.0,0.0,,
129010.0,02:49,"MISS LeVert 17' Pullup Jump Shot
Jones Jr. REBOUND (Off:1 Def:1)
",1.0,0.0,0.0,0.0,2025-03-14,0022400960,0.0,0.0,LAC,3.0,0.0,-8.0,03:01,Off At Rim Make,0.0,Jones Jr. REBOUND (Off:1 Def:1),,ATL,LAC,ATL,1610612737.0,2025.0,1979.0,1991.0,1985.0,1627747|1627777|1629027|1629611|1630168,201935|203992|1627732|1627826|1627884,2024-25,456.0,0.41509433962264153,0.0,0.0,0.0,0.0,,
129008.0,02:20,"Niang Lost Ball Turnover (P3.T15): Harden STEAL (2 STL)
",0.0,0.0,0.0,0.0,2025-03-14,0022400960,0.0,0.0,LAC,3.0,0.0,-10.0,02:42,Off At Rim Make,1.0,Niang Lost Ball Turnover (P3.T15): Harden STEAL (2 STL),,ATL,LAC,ATL,1610612737.0,2025.0,1998.0,2020.0,2009.0,1627747|1627777|1629027|1629611|1630168,201935|203992|1627732|1627826|1627884,2024-25,460.0,0.26262626262626265,0.0,0.0,0.0,0.0,,
129006.0,02:05,"MISS Niang 25' 3PT Jump Shot
Clippers Rebound
",0.0,0.0,1.0,0.0,2025-03-14,0022400960,0.0,0.0,LAC,3.0,0.0,-13.0,02:17,Off Arc 3 Make,0.0,MISS Niang 25' 3PT Jump Shot,,ATL,LAC,ATL,1610612737.0,2025.0,2023.0,2035.0,2029.0,1627747|1627777|1629027|1629611|1630168,201935|203992|1627732|1627826|1627884,2024-25,472.0,0.23076923076923078,0.0,0.0,0.0,0.0,,
129021.0,05:13,"MISS LeVert 21' Running Pull-Up Jump Shot
Okongwu REBOUND (Off:2 Def:4)
Okongwu 2' Driving Reverse Layup (12 PTS)
",2.0,1.0,0.0,0.0,2025-03-14,0022400960,0.0,1.0,LAC,3.0,0.0,-2.0,05:22,Off Long Mid-Range Miss,0.0,MISS LeVert 21' Running Pull-Up Jump Shot,,ATL,LAC,ATL,1610612737.0,2025.0,1838.0,1847.0,1842.5,1627747|1627777|1630168|1630700|1642258,201587|201935|202695|1627739|1627826,2024-25,414.0,0.24691358024691357,0.0,0.0,0.0,0.0,,
129005.0,01:47,"MISS Niang 26' 3PT Jump Shot
Simmons REBOUND (Off:0 Def:2)
",0.0,0.0,1.0,0.0,2025-03-14,0022400960,0.0,0.0,LAC,3.0,0.0,-15.0,02:05,Off FT Make,0.0,Simmons REBOUND (Off:0 Def:2),,ATL,LAC,ATL,1610612737.0,2025.0,2035.0,2053.0,2044.0,1627747|1627777|1629027|1629611|1631230,201935|203992|1627732|1627884|1629599,2024-25,481.0,0.3111111111111111,0.0,0.0,0.0,0.0,,
129012.0,03:02,"MISS Young 5' Driving Floating Jump Shot
Okongwu REBOUND (Off:3 Def:5)
MISS Okongwu Tip Layup Shot
Harden REBOUND (Off:0 Def:6)
",2.0,0.0,0.0,0.0,2025-03-14,0022400960,0.0,1.0,LAC,3.0,0.0,-6.0,03:16,Off Arc 3 Miss,0.0,Okongwu REBOUND (Off:3 Def:5),,ATL,LAC,ATL,1610612737.0,2025.0,1964.0,1978.0,1971.0,1627747|1627777|1629027|1629611|1630168,201935|203992|1627732|1627826|1627884,2024-25,446.0,0.2608695652173913,0.0,0.0,0.0,0.0,,
129023.0,05:13,"MISS LeVert 21' Running Pull-Up Jump Shot
Okongwu REBOUND (Off:2 Def:4)
Okongwu 2' Driving Reverse Layup (12 PTS)
",2.0,1.0,0.0,0.0,2025-03-14,0022400960,0.0,1.0,LAC,3.0,0.0,-2.0,05:22,Off Long Mid-Range Miss,0.0,Okongwu 2' Driving Reverse Layup (12 PTS),,ATL,LAC,ATL,1610612737.0,2025.0,1838.0,1847.0,1842.5,1627747|1627777|1630168|1630700|1642258,201587|201935|202695|1627739|1627826,2024-25,416.0,0.32432432432432434,0.0,0.0,0.0,0.0,,
129039.0,10:20,"MISS Young 19' Driving Floating Jump Shot: Dunn BLOCK (1 BLK)
HAWKS Rebound
Young Bad Pass Turnover (P5.T10): Batum STEAL (1 STL)
",1.0,0.0,0.0,0.0,2025-03-14,0022400960,0.0,1.0,LAC,3.0,0.0,4.0,10:44,Off At Rim Make,1.0,MISS Young 19' Driving Floating Jump Shot: Dunn BLOCK (1 BLK),,ATL,LAC,ATL,1610612737.0,2025.0,1516.0,1540.0,1528.0,1629027|1630168|1630700|1631243|1642258,201587|201935|202695|1627739|1627826,2024-25,342.0,0.4470588235294118,0.0,0.0,0.0,0.0,,
129025.0,06:17,"MISS Niang 6' Driving Hook Shot
Batum REBOUND (Off:3 Def:4)
",1.0,0.0,0.0,0.0,2025-03-14,0022400960,0.0,0.0,LAC,3.0,0.0,-2.0,06:36,Off FT Make,0.0,MISS Niang 6' Driving Hook Shot,,ATL,LAC,ATL,1610612737.0,2025.0,1764.0,1783.0,1773.5,1627777|1629027|1630168|1630700|1642258,201587|201935|202695|1627739|1627826,2024-25,400.0,0.1875,0.0,0.0,0.0,0.0,,
129026.0,06:17,"MISS Niang 6' Driving Hook Shot
Batum REBOUND (Off:3 Def:4)
",1.0,0.0,0.0,0.0,2025-03-14,0022400960,0.0,0.0,LAC,3.0,0.0,-2.0,06:36,Off FT Make,0.0,Batum REBOUND (Off:3 Def:4),,ATL,LAC,ATL,1610612737.0,2025.0,1764.0,1783.0,1773.5,1627777|1629027|1630168|1630700|1642258,201587|201935|202695|1627739|1627826,2024-25,405.0,0.23728813559322035,0.0,0.0,0.0,0.0,,
129028.0,06:51,"MISS Risacher 26' 3PT Jump Shot
Batum REBOUND (Off:3 Def:3)
",0.0,0.0,1.0,0.0,2025-03-14,0022400960,0.0,0.0,LAC,3.0,0.0,-1.0,07:01,Off At Rim Miss,0.0,Batum REBOUND (Off:3 Def:3),,ATL,LAC,ATL,1610612737.0,2025.0,1739.0,1749.0,1744.0,1627777|1629027|1630168|1630700|1642258,201587|201935|202695|1627739|1627826,2024-25,406.0,0.2903225806451613,0.0,0.0,0.0,0.0,,
129027.0,06:51,"MISS Risacher 26' 3PT Jump Shot
Batum REBOUND (Off:3 Def:3)
",0.0,0.0,1.0,0.0,2025-03-14,0022400960,0.0,0.0,LAC,3.0,0.0,-1.0,07:01,Off At Rim Miss,0.0,MISS Risacher 26' 3PT Jump Shot,,ATL,LAC,ATL,1610612737.0,2025.0,1739.0,1749.0,1744.0,1627777|1629027|1630168|1630700|1642258,201587|201935|202695|1627739|1627826,2024-25,393.0,0.15873015873015872,0.0,0.0,0.0,0.0,,
129031.0,08:18,"Young Bad Pass Turnover (P6.T13): Leonard STEAL (4 STL)
",0.0,0.0,0.0,0.0,2025-03-14,0022400960,0.0,0.0,LAC,3.0,0.0,0.0,08:28,Off Arc 3 Miss,1.0,Young Bad Pass Turnover (P6.T13): Leonard STEAL (4 STL),,ATL,LAC,ATL,1610612737.0,2025.0,1652.0,1662.0,1657.0,1627777|1629027|1630168|1630700|1642258,201587|201935|202695|1627739|1627826,2024-25,381.0,0.34285714285714286,0.0,0.0,0.0,0.0,,
129036.0,09:27,"MISS Daniels 26' 3PT Jump Shot
Young REBOUND (Off:2 Def:1)
MISS Young 9' Floating Jump Shot
Batum REBOUND (Off:1 Def:2)
",1.0,0.0,1.0,0.0,2025-03-14,0022400960,0.0,1.0,LAC,3.0,0.0,2.0,09:47,Off At Rim Make,0.0,MISS Young 9' Floating Jump Shot,,ATL,LAC,ATL,1610612737.0,2025.0,1573.0,1593.0,1583.0,1629027|1630168|1630700|1631243|1642258,201587|201935|202695|1627739|1627826,2024-25,356.0,0.2222222222222222,0.0,0.0,0.0,0.0,,
129038.0,10:01,"Risacher Out of Bounds Lost Ball Turnover (P1.T11)
",0.0,0.0,0.0,0.0,2025-03-14,0022400960,0.0,0.0,LAC,3.0,0.0,4.0,10:08,Off Timeout,1.0,Risacher Out of Bounds Lost Ball Turnover (P1.T11),,ATL,LAC,ATL,1610612737.0,2025.0,1552.0,1559.0,1555.5,1629027|1630168|1630700|1631243|1642258,201587|201935|202695|1627739|1627826,2024-25,385.0,0.6428571428571429,0.0,0.0,0.0,0.0,,
129041.0,10:20,"MISS Young 19' Driving Floating Jump Shot: Dunn BLOCK (1 BLK)
HAWKS Rebound
Young Bad Pass Turnover (P5.T10): Batum STEAL (1 STL)
",1.0,0.0,0.0,0.0,2025-03-14,0022400960,0.0,1.0,LAC,3.0,0.0,4.0,10:44,Off At Rim Make,1.0,Young Bad Pass Turnover (P5.T10): Batum STEAL (1 STL),,ATL,LAC,ATL,1610612737.0,2025.0,1516.0,1540.0,1528.0,1629027|1630168|1630700|1631243|1642258,201587|201935|202695|1627739|1627826,2024-25,341.0,0.09375,0.0,0.0,0.0,0.0,,
129043.0,10:52,"MISS Okongwu 8' Driving Floating Jump Shot
Dunn REBOUND (Off:0 Def:2)
",1.0,0.0,0.0,0.0,2025-03-14,0022400960,0.0,0.0,LAC,3.0,0.0,6.0,11:07,Off Short Mid-Range Make,0.0,Dunn REBOUND (Off:0 Def:2),,ATL,LAC,ATL,1610612737.0,2025.0,1493.0,1508.0,1500.5,1629027|1630168|1630700|1631243|1642258,201587|201935|202695|1627739|1627826,2024-25,387.0,0.28,0.0,0.0,0.0,0.0,,
129042.0,10:52,"MISS Okongwu 8' Driving Floating Jump Shot
Dunn REBOUND (Off:0 Def:2)
",1.0,0.0,0.0,0.0,2025-03-14,0022400960,0.0,0.0,LAC,3.0,0.0,6.0,11:07,Off Short Mid-Range Make,0.0,MISS Okongwu 8' Driving Floating Jump Shot,,ATL,LAC,ATL,1610612737.0,2025.0,1493.0,1508.0,1500.5,1629027|1630168|1630700|1631243|1642258,201587|201935|202695|1627739|1627826,2024-25,335.0,0.26666666666666666,0.0,0.0,0.0,0.0,,
129001.0,01:15,"MISS Mann 24' 3PT Jump Shot
Young REBOUND (Off:3 Def:1)
MISS Barlow 3PT Jump Shot
Coffey REBOUND (Off:0 Def:1)
",0.0,0.0,2.0,0.0,2025-03-14,0022400960,0.0,1.0,LAC,3.0,0.0,-17.0,01:39,Off Timeout,0.0,Young REBOUND (Off:3 Def:1),,ATL,LAC,ATL,1610612737.0,2025.0,2061.0,2085.0,2073.0,1627747|1629027|1629611|1630249|1631230,201935|203992|1627732|1627884|1629599,2024-25,487.0,0.2,0.0,0.0,0.0,0.0,,
129044.0,11:13,"Daniels Lost Ball Turnover (P3.T9): Leonard STEAL (3 STL)
",0.0,0.0,0.0,0.0,2025-03-14,0022400960,0.0,0.0,LAC,3.0,0.0,8.0,11:25,Off Arc 3 Miss,1.0,Daniels Lost Ball Turnover (P3.T9): Leonard STEAL (3 STL),,ATL,LAC,ATL,1610612737.0,2025.0,1475.0,1487.0,1481.0,1629027|1630168|1630700|1631243|1642258,201587|201935|202695|1627739|1627826,2024-25,332.0,0.41975308641975306,0.0,0.0,0.0,0.0,,
129024.0,05:51,"Okongwu 8' Driving Floating Jump Shot (10 PTS)
",1.0,1.0,0.0,0.0,2025-03-14,0022400960,0.0,0.0,LAC,3.0,0.0,-4.0,06:06,Off FT Make,0.0,Okongwu 8' Driving Floating Jump Shot (10 PTS),,ATL,LAC,ATL,1610612737.0,2025.0,1794.0,1809.0,1801.5,1627747|1627777|1630168|1630700|1642258,201587|201935|202695|1627739|1627826,2024-25,408.0,0.5154639175257731,0.0,0.0,0.0,0.0,,
128999.0,00:51,"Barlow 1' Cutting Dunk Shot (6 PTS) (Young 6 AST)
",1.0,1.0,0.0,0.0,2025-03-14,0022400960,0.0,0.0,LAC,3.0,0.0,-19.0,00:58,Off At Rim Make,0.0,Barlow 1' Cutting Dunk Shot (6 PTS) (Young 6 AST),,ATL,LAC,ATL,1610612737.0,2025.0,2102.0,2109.0,2105.5,1627747|1629027|1629611|1630249|1631230,201935|203992|1627732|1627884|1629599,2024-25,491.0,0.24691358024691357,0.0,0.0,0.0,0.0,,
129070.0,05:40,"MISS Young 8' Driving Floating Jump Shot
Okongwu REBOUND (Off:4 Def:6)
Leonard S.FOUL (P3.PN) (S.Foster)
Okongwu Free Throw 1 of 2 (15 PTS)
Okongwu Free Throw 2 of 2 (16 PTS)
",1.0,0.0,0.0,0.0,2025-03-14,0022400960,0.0,1.0,LAC,4.0,1.0,-19.0,05:50,Off FT Miss,0.0,MISS Young 8' Driving Floating Jump Shot,,ATL,LAC,ATL,1610612737.0,2025.0,2530.0,2540.0,2535.0,1629027|1629611|1630168|1630700|1642258,201935|202695|1627739|1627826|1629599,2024-25,586.0,0.2777777777777778,0.0,0.0,0.0,0.0,,
129097.0,11:33,"Leonard L.B.FOUL (P2.T1) (S.Foster)
Young 2' Driving Layup (10 PTS)
",1.0,1.0,0.0,0.0,2025-03-14,0022400960,0.0,0.0,LAC,4.0,0.0,-20.0,11:43,Off Dead Ball,0.0,Leonard L.B.FOUL (P2.T1) (S.Foster),,ATL,LAC,ATL,1610612737.0,2025.0,2177.0,2187.0,2182.0,1627747|1629027|1629611|1630249|1631230,202695|203992|1627732|1627884|1629599,2024-25,522.0,0.32,0.0,0.0,0.0,0.0,,
129045.0,11:33,"MISS Daniels 3PT Jump Shot: Batum BLOCK (1 BLK)
HAWKS Rebound
MISS Okongwu 25' 3PT Pullup Jump Shot
Batum REBOUND (Off:1 Def:1)
",0.0,0.0,2.0,0.0,2025-03-14,0022400960,0.0,1.0,LAC,3.0,0.0,8.0,12:00,Off Dead Ball,0.0,MISS Daniels 3PT Jump Shot: Batum BLOCK (1 BLK),,ATL,LAC,ATL,1610612737.0,2025.0,1440.0,1467.0,1453.5,1629027|1630168|1630700|1631243|1642258,201587|201935|202695|1627739|1627826,2024-25,324.0,0.2153846153846154,0.0,0.0,0.0,0.0,,
129055.0,01:54,"Mann 18' Step Back Jump Shot (9 PTS)
",1.0,1.0,0.0,0.0,2025-03-14,0022400960,0.0,0.0,LAC,4.0,0.0,-19.0,02:07,Off FT Miss,0.0,Mann 18' Step Back Jump Shot (9 PTS),,ATL,LAC,ATL,1610612737.0,2025.0,2753.0,2766.0,2759.5,1629611|1630249|1631230|1631243|1642258,202695|1629234|1629599|1641738|1642353,2024-25,650.0,0.1724137931034483,0.0,0.0,0.0,0.0,,
129056.0,02:13,"MISS Risacher 2' Driving Layup
Risacher REBOUND (Off:2 Def:5)
MISS Risacher Tip Layup Shot
Leonard REBOUND (Off:2 Def:4)
",2.0,0.0,0.0,0.0,2025-03-14,0022400960,0.0,1.0,LAC,4.0,0.0,-18.0,02:33,Off Short Mid-Range Make,0.0,MISS Risacher 2' Driving Layup,,ATL,LAC,ATL,1610612737.0,2025.0,2727.0,2747.0,2737.0,1629027|1629611|1630168|1630700|1642258,201935|202695|1627826|1627884|1629599,2024-25,629.0,0.16666666666666666,0.0,0.0,0.0,0.0,,
129060.0,02:54,"Young 26' 3PT Pullup Jump Shot (17 PTS)
",0.0,0.0,1.0,1.0,2025-03-14,0022400960,0.0,0.0,LAC,4.0,0.0,-19.0,03:02,Off FT Make,0.0,Young 26' 3PT Pullup Jump Shot (17 PTS),,ATL,LAC,ATL,1610612737.0,2025.0,2698.0,2706.0,2702.0,1629027|1629611|1630168|1630700|1642258,201935|202695|1627826|1627884|1629599,2024-25,626.0,0.38095238095238093,0.0,0.0,0.0,0.0,,
129061.0,03:28,"Young 30' 3PT Pullup Jump Shot (14 PTS)
",0.0,0.0,1.0,1.0,2025-03-14,0022400960,0.0,0.0,LAC,4.0,0.0,-19.0,03:34,Off FT Make,0.0,Young 30' 3PT Pullup Jump Shot (14 PTS),,ATL,LAC,ATL,1610612737.0,2025.0,2666.0,2672.0,2669.0,1629027|1629611|1630168|1630700|1642258,201935|202695|1627826|1627884|1629599,2024-25,620.0,0.3188405797101449,0.0,0.0,0.0,0.0,,
129062.0,03:36,"MISS Daniels 3' Driving Layup
Harden REBOUND (Off:0 Def:8)
",1.0,0.0,0.0,0.0,2025-03-14,0022400960,0.0,0.0,LAC,4.0,0.0,-17.0,03:52,Off Short Mid-Range Make,0.0,MISS Daniels 3' Driving Layup,,ATL,LAC,ATL,1610612737.0,2025.0,2648.0,2664.0,2656.0,1629027|1629611|1630168|1630700|1642258,201935|202695|1627826|1627884|1629599,2024-25,614.0,0.3939393939393939,0.0,0.0,0.0,0.0,,
129066.0,04:15,"Harden S.FOUL (P2.PN) (A.Nagy)
Okongwu Free Throw 1 of 2 (17 PTS)
Okongwu Free Throw 2 of 2 (18 PTS)
",0.0,0.0,0.0,0.0,2025-03-14,0022400960,0.0,0.0,LAC,4.0,1.0,-17.0,04:32,Off Long Mid-Range Miss,0.0,Okongwu Free Throw 2 of 2 (18 PTS),,ATL,LAC,ATL,1610612737.0,2025.0,2608.0,2625.0,2616.5,1629027|1629611|1630168|1630700|1642258,201935|202695|1627826|1627884|1629599,2024-25,611.0,0.782608695652174,0.0,0.0,0.0,0.0,,
129064.0,04:15,"Harden S.FOUL (P2.PN) (A.Nagy)
Okongwu Free Throw 1 of 2 (17 PTS)
Okongwu Free Throw 2 of 2 (18 PTS)
",0.0,0.0,0.0,0.0,2025-03-14,0022400960,0.0,0.0,LAC,4.0,1.0,-17.0,04:32,Off Long Mid-Range Miss,0.0,Harden S.FOUL (P2.PN) (A.Nagy),,ATL,LAC,ATL,1610612737.0,2025.0,2608.0,2625.0,2616.5,1629027|1629611|1630168|1630700|1642258,201935|202695|1627826|1627884|1629599,2024-25,593.0,0.30434782608695654,0.0,0.0,0.0,0.0,,
129067.0,04:57,"Daniels 2' Running Layup (6 PTS) (Mann 4 AST)
",1.0,1.0,0.0,0.0,2025-03-14,0022400960,0.0,0.0,LAC,4.0,0.0,-19.0,05:02,Off Steal,0.0,Daniels 2' Running Layup (6 PTS) (Mann 4 AST),,ATL,LAC,ATL,1610612737.0,2025.0,2578.0,2583.0,2580.5,1629027|1629611|1630168|1630700|1642258,201935|202695|1627739|1627826|1629599,2024-25,598.0,0.23880597014925373,0.0,0.0,0.0,0.0,,
129069.0,05:08,"MISS Okongwu 5' Driving Layup: Harden BLOCK (2 BLK)
Dunn REBOUND (Off:0 Def:3)
",1.0,0.0,0.0,0.0,2025-03-14,0022400960,0.0,0.0,LAC,4.0,0.0,-19.0,05:21,Off At Rim Make,0.0,Dunn REBOUND (Off:0 Def:3),,ATL,LAC,ATL,1610612737.0,2025.0,2559.0,2572.0,2565.5,1629027|1629611|1630168|1630700|1642258,201935|202695|1627739|1627826|1629599,2024-25,637.0,0.8214285714285714,0.0,0.0,0.0,0.0,,
129068.0,05:08,"MISS Okongwu 5' Driving Layup: Harden BLOCK (2 BLK)
Dunn REBOUND (Off:0 Def:3)
",1.0,0.0,0.0,0.0,2025-03-14,0022400960,0.0,0.0,LAC,4.0,0.0,-19.0,05:21,Off At Rim Make,0.0,MISS Okongwu 5' Driving Layup: Harden BLOCK (2 BLK),,ATL,LAC,ATL,1610612737.0,2025.0,2559.0,2572.0,2565.5,1629027|1629611|1630168|1630700|1642258,201935|202695|1627739|1627826|1629599,2024-25,672.0,0.7333333333333333,0.0,0.0,0.0,0.0,,
129051.0,00:49,"MISS Mann 26' 3PT Step Back Jump Shot
Brown REBOUND (Off:0 Def:1)
",0.0,0.0,1.0,0.0,2025-03-14,0022400960,0.0,0.0,LAC,4.0,0.0,-21.0,01:07,Off At Rim Make,0.0,MISS Mann 26' 3PT Step Back Jump Shot,,ATL,LAC,ATL,1610612737.0,2025.0,2813.0,2831.0,2822.0,1629611|1630249|1631230|1631243|1642258,201988|1629234|1629599|1641738|1642353,2024-25,664.0,0.2,0.0,0.0,0.0,0.0,,
129071.0,05:40,"MISS Young 8' Driving Floating Jump Shot
Okongwu REBOUND (Off:4 Def:6)
Leonard S.FOUL (P3.PN) (S.Foster)
Okongwu Free Throw 1 of 2 (15 PTS)
Okongwu Free Throw 2 of 2 (16 PTS)
",1.0,0.0,0.0,0.0,2025-03-14,0022400960,0.0,1.0,LAC,4.0,1.0,-19.0,05:50,Off FT Miss,0.0,Okongwu REBOUND (Off:4 Def:6),,ATL,LAC,ATL,1610612737.0,2025.0,2530.0,2540.0,2535.0,1629027|1629611|1630168|1630700|1642258,201935|202695|1627739|1627826|1629599,2024-25,587.0,0.25,0.0,0.0,0.0,0.0,,
129076.0,06:09,"MISS Risacher 3PT Jump Shot
Harden REBOUND (Off:0 Def:7)
",0.0,0.0,1.0,0.0,2025-03-14,0022400960,0.0,0.0,LAC,4.0,0.0,-17.0,06:28,Off At Rim Make,0.0,Harden REBOUND (Off:0 Def:7),,ATL,LAC,ATL,1610612737.0,2025.0,2492.0,2511.0,2501.5,1629611|1630168|1630249|1630700|1642258,201935|202695|203992|1627826|1629599,2024-25,639.0,0.7719298245614035,0.0,0.0,0.0,0.0,,
129075.0,06:09,"MISS Risacher 3PT Jump Shot
Harden REBOUND (Off:0 Def:7)
",0.0,0.0,1.0,0.0,2025-03-14,0022400960,0.0,0.0,LAC,4.0,0.0,-17.0,06:28,Off At Rim Make,0.0,MISS Risacher 3PT Jump Shot,,ATL,LAC,ATL,1610612737.0,2025.0,2492.0,2511.0,2501.5,1629611|1630168|1630249|1630700|1642258,201935|202695|203992|1627826|1629599,2024-25,574.0,0.723404255319149,0.0,0.0,0.0,0.0,,
129077.0,06:39,"Mann 2' Cutting Layup Shot (7 PTS) (Okongwu 3 AST)
",1.0,1.0,0.0,0.0,2025-03-14,0022400960,0.0,0.0,LAC,4.0,0.0,-17.0,06:56,Off Short Mid-Range Make,0.0,Mann 2' Cutting Layup Shot (7 PTS) (Okongwu 3 AST),,ATL,LAC,ATL,1610612737.0,2025.0,2464.0,2481.0,2472.5,1629611|1630168|1630249|1630700|1642258,201935|202695|203992|1627826|1629599,2024-25,609.0,0.3181818181818182,0.0,0.0,0.0,0.0,,
129078.0,07:16,"Risacher 2' Running Layup (15 PTS) (Mann 3 AST)
",1.0,1.0,0.0,0.0,2025-03-14,0022400960,0.0,0.0,LAC,4.0,0.0,-17.0,07:17,Off At Rim Block,0.0,Risacher 2' Running Layup (15 PTS) (Mann 3 AST),,ATL,LAC,ATL,1610612737.0,2025.0,2443.0,2444.0,2443.5,1629611|1630168|1630249|1630700|1642258,202695|203992|1627732|1627884|1629599,2024-25,563.0,0.1875,0.0,0.0,0.0,0.0,,
129079.0,07:42,"Jones Jr. P.FOUL (P3.T4) (S.Foster)
Okongwu 10' Driving Hook Shot (14 PTS) (Daniels 5 AST)
",1.0,1.0,0.0,0.0,2025-03-14,0022400960,0.0,0.0,LAC,4.0,0.0,-19.0,07:56,Off Corner 3 Make,0.0,Jones Jr. P.FOUL (P3.T4) (S.Foster),,ATL,LAC,ATL,1610612737.0,2025.0,2404.0,2418.0,2411.0,1629611|1630168|1630249|1630700|1642258,202695|203992|1627732|1627884|1629599,2024-25,599.0,0.19753086419753085,0.0,0.0,0.0,0.0,,
129082.0,08:05,"MISS Barlow 3PT Jump Shot
Bogdanović REBOUND (Off:0 Def:3)
",0.0,0.0,1.0,0.0,2025-03-14,0022400960,0.0,0.0,LAC,4.0,0.0,-16.0,08:20,Off Arc 3 Miss,0.0,Bogdanović REBOUND (Off:0 Def:3),,ATL,LAC,ATL,1610612737.0,2025.0,2380.0,2395.0,2387.5,1629027|1629611|1630249|1631230|1642258,202695|203992|1627732|1627884|1629599,2024-25,604.0,0.6984126984126984,0.0,0.0,0.0,0.0,,
129081.0,08:05,"MISS Barlow 3PT Jump Shot
Bogdanović REBOUND (Off:0 Def:3)
",0.0,0.0,1.0,0.0,2025-03-14,0022400960,0.0,0.0,LAC,4.0,0.0,-16.0,08:20,Off Arc 3 Miss,0.0,MISS Barlow 3PT Jump Shot,,ATL,LAC,ATL,1610612737.0,2025.0,2380.0,2395.0,2387.5,1629027|1629611|1630249|1631230|1642258,202695|203992|1627732|1627884|1629599,2024-25,548.0,0.23255813953488372,0.0,0.0,0.0,0.0,,
129084.0,08:33,"MISS Mann 3PT Running Jump Shot
Risacher REBOUND (Off:1 Def:4)
MISS Krejci 25' 3PT Pullup Jump Shot
Bogdanović REBOUND (Off:0 Def:2)
",0.0,0.0,2.0,0.0,2025-03-14,0022400960,0.0,1.0,LAC,4.0,0.0,-16.0,08:53,Off Arc 3 Miss,0.0,Risacher REBOUND (Off:1 Def:4),,ATL,LAC,ATL,1610612737.0,2025.0,2347.0,2367.0,2357.0,1629027|1629611|1630249|1631230|1642258,202695|203992|1627732|1627884|1629599,2024-25,543.0,0.2641509433962264,0.0,0.0,0.0,0.0,,
129083.0,08:33,"MISS Mann 3PT Running Jump Shot
Risacher REBOUND (Off:1 Def:4)
MISS Krejci 25' 3PT Pullup Jump Shot
Bogdanović REBOUND (Off:0 Def:2)
",0.0,0.0,2.0,0.0,2025-03-14,0022400960,0.0,1.0,LAC,4.0,0.0,-16.0,08:53,Off Arc 3 Miss,0.0,MISS Mann 3PT Running Jump Shot,,ATL,LAC,ATL,1610612737.0,2025.0,2347.0,2367.0,2357.0,1629027|1629611|1630249|1631230|1642258,202695|203992|1627732|1627884|1629599,2024-25,542.0,0.25396825396825395,0.0,0.0,0.0,0.0,,
129087.0,09:23,"MISS Young 26' 3PT Step Back Jump Shot
Barlow REBOUND (Off:1 Def:2)
Barlow 5' Driving Floating Bank Jump Shot (10 PTS) (Krejci 2 AST)
",1.0,1.0,1.0,0.0,2025-03-14,0022400960,0.0,1.0,LAC,4.0,0.0,-18.0,09:51,Off FT Make,0.0,MISS Young 26' 3PT Step Back Jump Shot,,ATL,LAC,ATL,1610612737.0,2025.0,2289.0,2317.0,2303.0,1629027|1629611|1630249|1631230|1642258,202695|203992|1627732|1627884|1629599,2024-25,536.0,0.30952380952380953,0.0,0.0,0.0,0.0,,
129092.0,10:06,"Jones Jr. P.FOUL (P2.T2) (S.Foster)
Coffey S.FOUL (P1.T3) (A.Nagy)
MISS Young Free Throw 1 of 2
HAWKS Rebound
Young Free Throw 2 of 2 (11 PTS)
",0.0,0.0,0.0,0.0,2025-03-14,0022400960,0.0,0.0,LAC,4.0,1.0,-18.0,10:19,Off At Rim Make,0.0,MISS Young Free Throw 1 of 2,,ATL,LAC,ATL,1610612737.0,2025.0,2261.0,2274.0,2267.5,1627747|1629027|1629611|1630249|1631230,202695|203992|1627732|1627884|1629599,2024-25,525.0,0.4827586206896552,0.0,0.0,0.0,0.0,,
129094.0,10:06,"Jones Jr. P.FOUL (P2.T2) (S.Foster)
Coffey S.FOUL (P1.T3) (A.Nagy)
MISS Young Free Throw 1 of 2
HAWKS Rebound
Young Free Throw 2 of 2 (11 PTS)
",0.0,0.0,0.0,0.0,2025-03-14,0022400960,0.0,0.0,LAC,4.0,1.0,-18.0,10:19,Off At Rim Make,0.0,Young Free Throw 2 of 2 (11 PTS),,ATL,LAC,ATL,1610612737.0,2025.0,2261.0,2274.0,2267.5,1627747|1629027|1629611|1630249|1631230,202695|203992|1627732|1627884|1629599,2024-25,527.0,0.9552238805970149,0.0,0.0,0.0,0.0,,
129093.0,10:06,"Jones Jr. P.FOUL (P2.T2) (S.Foster)
Coffey S.FOUL (P1.T3) (A.Nagy)
MISS Young Free Throw 1 of 2
HAWKS Rebound
Young Free Throw 2 of 2 (11 PTS)
",0.0,0.0,0.0,0.0,2025-03-14,0022400960,0.0,0.0,LAC,4.0,1.0,-18.0,10:19,Off At Rim Make,0.0,HAWKS Rebound,,ATL,LAC,ATL,1610612737.0,2025.0,2261.0,2274.0,2267.5,1627747|1629027|1629611|1630249|1631230,202695|203992|1627732|1627884|1629599,2024-25,534.0,0.2777777777777778,0.0,0.0,0.0,0.0,,
129095.0,10:36,"LeVert 1' Cutting Dunk Shot (12 PTS) (Young 7 AST)
",1.0,1.0,0.0,0.0,2025-03-14,0022400960,0.0,0.0,LAC,4.0,0.0,-18.0,10:49,Off Short Mid-Range Miss,0.0,LeVert 1' Cutting Dunk Shot (12 PTS) (Young 7 AST),,ATL,LAC,ATL,1610612737.0,2025.0,2231.0,2244.0,2237.5,1627747|1629027|1629611|1630249|1631230,202695|203992|1627732|1627884|1629599,2024-25,515.0,0.14925373134328357,0.0,0.0,0.0,0.0,,
128998.0,00:21,"Young Bad Pass Turnover (P7.T16): Simmons STEAL (2 STL)
",0.0,0.0,0.0,0.0,2025-03-14,0022400960,0.0,0.0,LAC,3.0,0.0,-17.0,00:29,Off Dead Ball,1.0,Young Bad Pass Turnover (P7.T16): Simmons STEAL (2 STL),,ATL,LAC,ATL,1610612737.0,2025.0,2131.0,2139.0,2135.0,1627747|1629027|1629611|1630249|1631230,201935|203992|1627732|1627884|1629599,2024-25,494.0,0.6363636363636364,0.0,0.0,0.0,0.0,,
129048.0,11:33,"MISS Daniels 3PT Jump Shot: Batum BLOCK (1 BLK)
HAWKS Rebound
MISS Okongwu 25' 3PT Pullup Jump Shot
Batum REBOUND (Off:1 Def:1)
",0.0,0.0,2.0,0.0,2025-03-14,0022400960,0.0,1.0,LAC,3.0,0.0,8.0,12:00,Off Dead Ball,0.0,Batum REBOUND (Off:1 Def:1),,ATL,LAC,ATL,1610612737.0,2025.0,1440.0,1467.0,1453.5,1629027|1630168|1630700|1631243|1642258,201587|201935|202695|1627739|1627826,2024-25,329.0,0.711864406779661,0.0,0.0,0.0,0.0,,
128968.0,02:10,"Harden S.FOUL (P1.T3) (S.Foster)
Daniels Free Throw 1 of 2 (3 PTS)
Daniels Free Throw 2 of 2 (4 PTS)
",0.0,0.0,0.0,0.0,2025-03-14,0022400960,0.0,0.0,LAC,2.0,1.0,7.0,02:13,Off Short Mid-Range Miss,0.0,Daniels Free Throw 1 of 2 (3 PTS),,ATL,LAC,ATL,1610612737.0,2025.0,1307.0,1310.0,1308.5,1627747|1629027|1630168|1630700|1642258,201587|201935|202695|1627739|1627826,2024-25,274.0,0.16326530612244897,0.0,0.0,0.0,0.0,,
128959.0,00:17,"MISS Young 17' Driving Floating Jump Shot
Young REBOUND (Off:1 Def:1)
MISS Young 2' Putback Layup: Jones Jr. BLOCK (1 BLK)
Harden REBOUND (Off:0 Def:5)
",2.0,0.0,0.0,0.0,2025-03-14,0022400960,0.0,1.0,LAC,2.0,0.0,11.0,00:46,Off Short Mid-Range Miss,0.0,MISS Young 2' Putback Layup: Jones Jr. BLOCK (1 BLK),,ATL,LAC,ATL,1610612737.0,2025.0,1394.0,1423.0,1408.5,1627747|1629027|1630168|1630700|1642258,201587|201935|203992|1627732|1627884,2024-25,305.0,0.5,0.0,0.0,0.0,0.0,,
128913.0,00:48,"Barlow 1' Reverse Layup (4 PTS) (Young 2 AST)
Bogdanović S.FOUL (P1.T4) (A.Nagy)
MISS Barlow Free Throw 1 of 1
Simmons REBOUND (Off:0 Def:1)
",1.0,1.0,0.0,0.0,2025-03-14,0022400960,0.0,0.0,LAC,1.0,1.0,5.0,01:00,Off Corner 3 Miss,0.0,Simmons REBOUND (Off:0 Def:1),,ATL,LAC,ATL,1610612737.0,2025.0,660.0,672.0,666.0,1627747|1627777|1629027|1629611|1631230,201935|203992|1627732|1627884|1629599,2024-25,143.0,0.7666666666666667,0.0,0.0,0.0,0.0,,
128914.0,01:19,"Barlow 1' Cutting Layup Shot (2 PTS) (LeVert 2 AST)
",1.0,1.0,0.0,0.0,2025-03-14,0022400960,0.0,0.0,LAC,1.0,0.0,3.0,01:39,Off Short Mid-Range Make,0.0,Barlow 1' Cutting Layup Shot (2 PTS) (LeVert 2 AST),,ATL,LAC,ATL,1610612737.0,2025.0,621.0,641.0,631.0,1627747|1627777|1629027|1629611|1631230,201935|203992|1627732|1627884|1629599,2024-25,144.0,0.43243243243243246,0.0,0.0,0.0,0.0,,
128916.0,01:56,"MISS LeVert 14' Running Pull-Up Jump Shot
Bogdanović REBOUND (Off:0 Def:1)
",1.0,0.0,0.0,0.0,2025-03-14,0022400960,0.0,0.0,LAC,1.0,0.0,5.0,02:04,Off Short Mid-Range Miss,0.0,Bogdanović REBOUND (Off:0 Def:1),,ATL,LAC,ATL,1610612737.0,2025.0,596.0,604.0,600.0,1627747|1627777|1629027|1629611|1631230,201935|203992|1627732|1627884|1629599,2024-25,134.0,0.22641509433962265,0.0,0.0,0.0,0.0,,
128917.0,02:23,"Niang Out of Bounds - Bad Pass Turnover Turnover (P2.T5)
",0.0,0.0,0.0,0.0,2025-03-14,0022400960,0.0,0.0,LAC,1.0,0.0,5.0,02:38,Off At Rim Make,1.0,Niang Out of Bounds - Bad Pass Turnover Turnover (P2.T5),,ATL,LAC,ATL,1610612737.0,2025.0,562.0,577.0,569.5,1627747|1627777|1629027|1629611|1631230,201935|203992|1627732|1627884|1629599,2024-25,121.0,0.2191780821917808,0.0,0.0,0.0,0.0,,
128918.0,03:01,"Daniels Bad Pass Turnover (P1.T4): Jones Jr. STEAL (1 STL)
",0.0,0.0,0.0,0.0,2025-03-14,0022400960,0.0,0.0,LAC,1.0,0.0,7.0,03:06,Off Steal,1.0,Daniels Bad Pass Turnover (P1.T4): Jones Jr. STEAL (1 STL),,ATL,LAC,ATL,1610612737.0,2025.0,534.0,539.0,536.5,1627747|1627777|1629611|1630700|1631230,201935|203992|1627732|1627884|1629599,2024-25,120.0,0.15789473684210525,0.0,0.0,0.0,0.0,,
128919.0,03:28,"LeVert Driving Layup (4 PTS) (Niang 1 AST)
",1.0,1.0,0.0,0.0,2025-03-14,0022400960,0.0,0.0,LAC,1.0,0.0,5.0,03:37,Off Corner 3 Miss,0.0,LeVert Driving Layup (4 PTS) (Niang 1 AST),,ATL,LAC,ATL,1610612737.0,2025.0,503.0,512.0,507.5,1627747|1627777|1629611|1630700|1631230,201935|203992|1627732|1627884|1629599,2024-25,115.0,0.10666666666666667,0.0,0.0,0.0,0.0,,
128920.0,03:57,"Mann 3PT Jump Shot (3 PTS) (LeVert 1 AST)
",0.0,0.0,1.0,1.0,2025-03-14,0022400960,0.0,0.0,LAC,1.0,0.0,2.0,04:03,Off Long Mid-Range Miss,0.0,Mann 3PT Jump Shot (3 PTS) (LeVert 1 AST),,ATL,LAC,ATL,1610612737.0,2025.0,477.0,483.0,480.0,1627747|1627777|1629611|1630700|1631230,201935|203992|1627732|1627884|1629599,2024-25,111.0,0.810126582278481,0.0,0.0,0.0,0.0,,
128922.0,04:21,"Dunn S.FOUL (P2.T3) (T.Ricks)
LeVert Free Throw 1 of 2 (1 PTS)
LeVert Free Throw 2 of 2 (2 PTS)
",0.0,0.0,0.0,0.0,2025-03-14,0022400960,0.0,0.0,LAC,1.0,1.0,0.0,04:41,Off At Rim Make,0.0,LeVert Free Throw 1 of 2 (1 PTS),,ATL,LAC,ATL,1610612737.0,2025.0,439.0,459.0,449.0,1627747|1627777|1629611|1630700|1631230,201587|201935|202695|1627739|1627826,2024-25,99.0,0.125,0.0,0.0,0.0,0.0,,
128921.0,04:21,"Dunn S.FOUL (P2.T3) (T.Ricks)
LeVert Free Throw 1 of 2 (1 PTS)
LeVert Free Throw 2 of 2 (2 PTS)
",0.0,0.0,0.0,0.0,2025-03-14,0022400960,0.0,0.0,LAC,1.0,1.0,0.0,04:41,Off At Rim Make,0.0,Dunn S.FOUL (P2.T3) (T.Ricks),,ATL,LAC,ATL,1610612737.0,2025.0,439.0,459.0,449.0,1627747|1627777|1629611|1630700|1631230,201587|201935|202695|1627739|1627826,2024-25,98.0,0.13636363636363635,0.0,0.0,0.0,0.0,,
128924.0,04:43,"MISS Niang 24' 3PT Jump Shot
Daniels REBOUND (Off:2 Def:2)
MISS Daniels 5' Putback Layup: Harden BLOCK (1 BLK)
HAWKS Rebound
MISS LeVert 3PT Step Back Jump Shot
Dunn REBOUND (Off:0 Def:1)
",1.0,0.0,2.0,0.0,2025-03-14,0022400960,0.0,2.0,LAC,1.0,0.0,2.0,05:07,Off Short Mid-Range Make,0.0,MISS Niang 24' 3PT Jump Shot,,ATL,LAC,ATL,1610612737.0,2025.0,413.0,437.0,425.0,1627747|1627777|1630700|1631230|1642258,201587|201935|202695|1627739|1627826,2024-25,85.0,0.16,0.0,0.0,0.0,0.0,,
128931.0,05:24,"Zubac P.FOUL (P1.T2) (A.Nagy)
Niang Out of Bounds - Bad Pass Turnover Turnover (P1.T3)
",0.0,0.0,0.0,0.0,2025-03-14,0022400960,0.0,0.0,LAC,1.0,0.0,4.0,05:43,Off Long Mid-Range Miss,1.0,Niang Out of Bounds - Bad Pass Turnover Turnover (P1.T3),,ATL,LAC,ATL,1610612737.0,2025.0,377.0,396.0,386.5,1627747|1627777|1630700|1631230|1642258,201587|201935|202695|1627739|1627826,2024-25,78.0,0.15789473684210525,0.0,0.0,0.0,0.0,,
128930.0,05:24,"Zubac P.FOUL (P1.T2) (A.Nagy)
Niang Out of Bounds - Bad Pass Turnover Turnover (P1.T3)
",0.0,0.0,0.0,0.0,2025-03-14,0022400960,0.0,0.0,LAC,1.0,0.0,4.0,05:43,Off Long Mid-Range Miss,1.0,Zubac P.FOUL (P1.T2) (A.Nagy),,ATL,LAC,ATL,1610612737.0,2025.0,377.0,396.0,386.5,1627747|1627777|1630700|1631230|1642258,201587|201935|202695|1627739|1627826,2024-25,80.0,0.43478260869565216,0.0,0.0,0.0,0.0,,
128911.0,00:48,"Barlow 1' Reverse Layup (4 PTS) (Young 2 AST)
Bogdanović S.FOUL (P1.T4) (A.Nagy)
MISS Barlow Free Throw 1 of 1
Simmons REBOUND (Off:0 Def:1)
",1.0,1.0,0.0,0.0,2025-03-14,0022400960,0.0,0.0,LAC,1.0,1.0,5.0,01:00,Off Corner 3 Miss,0.0,Bogdanović S.FOUL (P1.T4) (A.Nagy),,ATL,LAC,ATL,1610612737.0,2025.0,660.0,672.0,666.0,1627747|1627777|1629027|1629611|1631230,201935|203992|1627732|1627884|1629599,2024-25,132.0,0.2641509433962264,0.0,0.0,0.0,0.0,,
128937.0,06:30,"MISS Daniels 7' Driving Floating Jump Shot
Daniels REBOUND (Off:1 Def:1)
MISS Daniels Tip Layup Shot
Zubac REBOUND (Off:0 Def:1)
",2.0,0.0,0.0,0.0,2025-03-14,0022400960,0.0,1.0,LAC,1.0,0.0,3.0,06:42,Off Short Mid-Range Miss,0.0,MISS Daniels Tip Layup Shot,,ATL,LAC,ATL,1610612737.0,2025.0,318.0,330.0,324.0,1629027|1630168|1630700|1631243|1642258,201587|201935|202695|1627739|1627826,2024-25,60.0,0.5194805194805194,0.0,0.0,0.0,0.0,,
128939.0,06:58,"Risacher 2' Driving Layup (2 PTS)
",1.0,1.0,0.0,0.0,2025-03-14,0022400960,0.0,0.0,LAC,1.0,0.0,1.0,07:24,Off Dead Ball,0.0,Risacher 2' Driving Layup (2 PTS),,ATL,LAC,ATL,1610612737.0,2025.0,276.0,302.0,289.0,1629027|1630168|1630700|1631243|1642258,201587|201935|202695|1627739|1627826,2024-25,52.0,0.41379310344827586,0.0,0.0,0.0,0.0,,
128940.0,07:43,"Young 1' Running Layup (6 PTS)
",1.0,1.0,0.0,0.0,2025-03-14,0022400960,0.0,0.0,LAC,1.0,0.0,-1.0,07:43,Off Block,0.0,Young 1' Running Layup (6 PTS),,ATL,LAC,ATL,1610612737.0,2025.0,257.0,257.0,257.0,1629027|1630168|1630700|1631243|1642258,201587|201935|202695|1627739|1627826,2024-25,49.0,0.53125,0.0,0.0,0.0,0.0,,
128941.0,08:09,"MISS Young 25' 3PT Running Pull-Up Jump Shot
Clippers Rebound
",0.0,0.0,1.0,0.0,2025-03-14,0022400960,0.0,0.0,LAC,1.0,0.0,-1.0,08:11,Off Arc 3 Miss,0.0,MISS Young 25' 3PT Running Pull-Up Jump Shot,,ATL,LAC,ATL,1610612737.0,2025.0,229.0,231.0,230.0,1629027|1630168|1630700|1631243|1642258,201587|201935|202695|1627739|1627826,2024-25,43.0,0.5432098765432098,0.0,0.0,0.0,0.0,,
128946.0,08:54,"Dunn S.FOUL (P1.T1) (T.Ricks)
Young Free Throw 1 of 2 (3 PTS)
Young Free Throw 2 of 2 (4 PTS)
",0.0,0.0,0.0,0.0,2025-03-14,0022400960,0.0,0.0,LAC,1.0,1.0,0.0,09:02,Off Short Mid-Range Make,0.0,Young Free Throw 2 of 2 (4 PTS),,ATL,LAC,ATL,1610612737.0,2025.0,178.0,186.0,182.0,1629027|1630168|1630700|1631243|1642258,201587|201935|202695|1627739|1627826,2024-25,37.0,0.2909090909090909,0.0,0.0,0.0,0.0,,
128945.0,08:54,"Dunn S.FOUL (P1.T1) (T.Ricks)
Young Free Throw 1 of 2 (3 PTS)
Young Free Throw 2 of 2 (4 PTS)
",0.0,0.0,0.0,0.0,2025-03-14,0022400960,0.0,0.0,LAC,1.0,1.0,0.0,09:02,Off Short Mid-Range Make,0.0,Young Free Throw 1 of 2 (3 PTS),,ATL,LAC,ATL,1610612737.0,2025.0,178.0,186.0,182.0,1629027|1630168|1630700|1631243|1642258,201587|201935|202695|1627739|1627826,2024-25,36.0,0.46875,0.0,0.0,0.0,0.0,,
128944.0,08:54,"Dunn S.FOUL (P1.T1) (T.Ricks)
Young Free Throw 1 of 2 (3 PTS)
Young Free Throw 2 of 2 (4 PTS)
",0.0,0.0,0.0,0.0,2025-03-14,0022400960,0.0,0.0,LAC,1.0,1.0,0.0,09:02,Off Short Mid-Range Make,0.0,Dunn S.FOUL (P1.T1) (T.Ricks),,ATL,LAC,ATL,1610612737.0,2025.0,178.0,186.0,182.0,1629027|1630168|1630700|1631243|1642258,201587|201935|202695|1627739|1627826,2024-25,30.0,0.19672131147540983,0.0,0.0,0.0,0.0,,
128947.0,09:17,"MISS Gueye 2' Reverse Layup
Gueye REBOUND (Off:1 Def:0)
MISS Gueye Putback Layup
Harden REBOUND (Off:0 Def:2)
",2.0,0.0,0.0,0.0,2025-03-14,0022400960,0.0,1.0,LAC,1.0,0.0,2.0,09:35,Off Steal,0.0,MISS Gueye 2' Reverse Layup,,ATL,LAC,ATL,1610612737.0,2025.0,145.0,163.0,154.0,1629027|1630168|1630700|1631243|1642258,201587|201935|202695|1627739|1627826,2024-25,29.0,0.3,0.0,0.0,0.0,0.0,,
128951.0,09:53,"Gueye Driving Dunk (5 PTS) (Okongwu 1 AST)
",1.0,1.0,0.0,0.0,2025-03-14,0022400960,0.0,0.0,LAC,1.0,0.0,0.0,10:04,Off Steal,0.0,Gueye Driving Dunk (5 PTS) (Okongwu 1 AST),,ATL,LAC,ATL,1610612737.0,2025.0,116.0,127.0,121.5,1629027|1630168|1630700|1631243|1642258,201587|201935|202695|1627739|1627826,2024-25,25.0,0.34375,0.0,0.0,0.0,0.0,,
128952.0,10:18,"Young 1' Running Layup (2 PTS) (Daniels 1 AST)
",1.0,1.0,0.0,0.0,2025-03-14,0022400960,0.0,0.0,LAC,1.0,0.0,-2.0,10:22,Off Steal,0.0,Young 1' Running Layup (2 PTS) (Daniels 1 AST),,ATL,LAC,ATL,1610612737.0,2025.0,98.0,102.0,100.0,1629027|1630168|1630700|1631243|1642258,201587|201935|202695|1627739|1627826,2024-25,20.0,0.9052631578947369,0.0,0.0,0.0,0.0,,
128956.0,11:15,"MISS Young 26' 3PT Pullup Jump Shot
Harden REBOUND (Off:0 Def:1)
",0.0,0.0,1.0,0.0,2025-03-14,0022400960,0.0,0.0,LAC,1.0,0.0,-2.0,11:37,Off At Rim Make,0.0,Harden REBOUND (Off:0 Def:1),,ATL,LAC,ATL,1610612737.0,2025.0,23.0,45.0,34.0,1629027|1630168|1630700|1631243|1642258,201587|201935|202695|1627739|1627826,2024-25,8.0,0.3076923076923077,0.0,0.0,0.0,0.0,,
128955.0,11:15,"MISS Young 26' 3PT Pullup Jump Shot
Harden REBOUND (Off:0 Def:1)
",0.0,0.0,1.0,0.0,2025-03-14,0022400960,0.0,0.0,LAC,1.0,0.0,-2.0,11:37,Off At Rim Make,0.0,MISS Young 26' 3PT Pullup Jump Shot,,ATL,LAC,ATL,1610612737.0,2025.0,23.0,45.0,34.0,1629027|1630168|1630700|1631243|1642258,201587|201935|202695|1627739|1627826,2024-25,10.0,0.4878048780487805,0.0,0.0,0.0,0.0,,
128960.0,00:17,"MISS Young 17' Driving Floating Jump Shot
Young REBOUND (Off:1 Def:1)
MISS Young 2' Putback Layup: Jones Jr. BLOCK (1 BLK)
Harden REBOUND (Off:0 Def:5)
",2.0,0.0,0.0,0.0,2025-03-14,0022400960,0.0,1.0,LAC,2.0,0.0,11.0,00:46,Off Short Mid-Range Miss,0.0,Harden REBOUND (Off:0 Def:5),,ATL,LAC,ATL,1610612737.0,2025.0,1394.0,1423.0,1408.5,1627747|1629027|1630168|1630700|1642258,201587|201935|203992|1627732|1627884,2024-25,319.0,0.2608695652173913,0.0,0.0,0.0,0.0,,
128935.0,06:30,"MISS Daniels 7' Driving Floating Jump Shot
Daniels REBOUND (Off:1 Def:1)
MISS Daniels Tip Layup Shot
Zubac REBOUND (Off:0 Def:1)
",2.0,0.0,0.0,0.0,2025-03-14,0022400960,0.0,1.0,LAC,1.0,0.0,3.0,06:42,Off Short Mid-Range Miss,0.0,MISS Daniels 7' Driving Floating Jump Shot,,ATL,LAC,ATL,1610612737.0,2025.0,318.0,330.0,324.0,1629027|1630168|1630700|1631243|1642258,201587|201935|202695|1627739|1627826,2024-25,55.0,0.20512820512820512,0.0,0.0,0.0,0.0,,
128912.0,00:48,"Barlow 1' Reverse Layup (4 PTS) (Young 2 AST)
Bogdanović S.FOUL (P1.T4) (A.Nagy)
MISS Barlow Free Throw 1 of 1
Simmons REBOUND (Off:0 Def:1)
",1.0,1.0,0.0,0.0,2025-03-14,0022400960,0.0,0.0,LAC,1.0,1.0,5.0,01:00,Off Corner 3 Miss,0.0,MISS Barlow Free Throw 1 of 1,,ATL,LAC,ATL,1610612737.0,2025.0,660.0,672.0,666.0,1627747|1627777|1629027|1629611|1631230,201935|203992|1627732|1627884|1629599,2024-25,148.0,0.2222222222222222,0.0,0.0,0.0,0.0,,
128932.0,06:08,"MISS Young 8' Driving Floating Jump Shot
Okongwu REBOUND (Off:1 Def:1)
Okongwu 1' Turnaround Hook Shot (2 PTS)
",2.0,1.0,0.0,0.0,2025-03-14,0022400960,0.0,1.0,LAC,1.0,0.0,3.0,06:18,Off Arc 3 Miss,0.0,MISS Young 8' Driving Floating Jump Shot,,ATL,LAC,ATL,1610612737.0,2025.0,342.0,352.0,347.0,1629027|1630168|1630700|1631243|1642258,201587|201935|202695|1627739|1627826,2024-25,63.0,0.23684210526315788,0.0,0.0,0.0,0.0,,
128909.0,00:26,"MISS Young 22' Step Back Jump Shot
Harden REBOUND (Off:0 Def:3)
",1.0,0.0,0.0,0.0,2025-03-14,0022400960,0.0,0.0,LAC,1.0,0.0,4.0,00:39,Off Corner 3 Make,0.0,Harden REBOUND (Off:0 Def:3),,ATL,LAC,ATL,1610612737.0,2025.0,681.0,694.0,687.5,1627747|1627777|1629027|1629611|1631230,201935|203992|1627732|1627884|1629599,2024-25,153.0,0.7796610169491526,0.0,0.0,0.0,0.0,,
128961.0,00:58,"Jones Jr. S.FOUL (P1.T4) (S.Foster)
Okongwu Free Throw 1 of 2 (7 PTS)
Okongwu Free Throw 2 of 2 (8 PTS)
",0.0,0.0,0.0,0.0,2025-03-14,0022400960,0.0,0.0,LAC,2.0,1.0,9.0,01:01,Off Steal,0.0,Jones Jr. S.FOUL (P1.T4) (S.Foster),,ATL,LAC,ATL,1610612737.0,2025.0,1379.0,1382.0,1380.5,1627747|1629027|1630168|1630700|1642258,201587|201935|203992|1627826|1627884,2024-25,330.0,0.34375,0.0,0.0,0.0,0.0,,
128908.0,00:26,"MISS Young 22' Step Back Jump Shot
Harden REBOUND (Off:0 Def:3)
",1.0,0.0,0.0,0.0,2025-03-14,0022400960,0.0,0.0,LAC,1.0,0.0,4.0,00:39,Off Corner 3 Make,0.0,MISS Young 22' Step Back Jump Shot,,ATL,LAC,ATL,1610612737.0,2025.0,681.0,694.0,687.5,1627747|1627777|1629027|1629611|1631230,201935|203992|1627732|1627884|1629599,2024-25,152.0,0.38596491228070173,0.0,0.0,0.0,0.0,,
128962.0,00:58,"Jones Jr. S.FOUL (P1.T4) (S.Foster)
Okongwu Free Throw 1 of 2 (7 PTS)
Okongwu Free Throw 2 of 2 (8 PTS)
",0.0,0.0,0.0,0.0,2025-03-14,0022400960,0.0,0.0,LAC,2.0,1.0,9.0,01:01,Off Steal,0.0,Okongwu Free Throw 1 of 2 (7 PTS),,ATL,LAC,ATL,1610612737.0,2025.0,1379.0,1382.0,1380.5,1627747|1629027|1630168|1630700|1642258,201587|201935|203992|1627826|1627884,2024-25,297.0,0.18181818181818182,0.0,0.0,0.0,0.0,,
128963.0,00:58,"Jones Jr. S.FOUL (P1.T4) (S.Foster)
Okongwu Free Throw 1 of 2 (7 PTS)
Okongwu Free Throw 2 of 2 (8 PTS)
",0.0,0.0,0.0,0.0,2025-03-14,0022400960,0.0,0.0,LAC,2.0,1.0,9.0,01:01,Off Steal,0.0,Okongwu Free Throw 2 of 2 (8 PTS),,ATL,LAC,ATL,1610612737.0,2025.0,1379.0,1382.0,1380.5,1627747|1629027|1630168|1630700|1642258,201587|201935|203992|1627826|1627884,2024-25,300.0,0.25,0.0,0.0,0.0,0.0,,
128964.0,01:14,"Okongwu 4' Driving Hook Shot (6 PTS) (Young 5 AST)
",1.0,1.0,0.0,0.0,2025-03-14,0022400960,0.0,0.0,LAC,2.0,0.0,7.0,01:27,Off FT Make,0.0,Okongwu 4' Driving Hook Shot (6 PTS) (Young 5 AST),,ATL,LAC,ATL,1610612737.0,2025.0,1353.0,1366.0,1359.5,1627747|1629027|1630168|1630700|1642258,201587|201935|203992|1627826|1627884,2024-25,291.0,0.8571428571428571,0.0,0.0,0.0,0.0,,
128966.0,01:38,"MISS Daniels 3PT Jump Shot
Zubac REBOUND (Off:0 Def:3)
",0.0,0.0,1.0,0.0,2025-03-14,0022400960,0.0,0.0,LAC,2.0,0.0,9.0,01:46,Off Short Mid-Range Miss,0.0,Zubac REBOUND (Off:0 Def:3),,ATL,LAC,ATL,1610612737.0,2025.0,1334.0,1342.0,1338.0,1627747|1629027|1630168|1630700|1642258,201587|201935|203992|1627739|1627826,2024-25,280.0,0.711864406779661,0.0,0.0,0.0,0.0,,
128970.0,02:36,"LeVert 25' 3PT Running Pull-Up Jump Shot (10 PTS) (Daniels 4 AST)
",0.0,0.0,1.0,1.0,2025-03-14,0022400960,0.0,0.0,LAC,2.0,0.0,4.0,02:43,Off At Rim Block,0.0,LeVert 25' 3PT Running Pull-Up Jump Shot (10 PTS) (Daniels 4 AST),,ATL,LAC,ATL,1610612737.0,2025.0,1277.0,1284.0,1280.5,1627747|1629027|1630168|1630700|1642258,201587|201935|202695|1627739|1627826,2024-25,265.0,0.3333333333333333,0.0,0.0,0.0,0.0,,
128971.0,02:52,"Daniels 3' Driving Floating Jump Shot (2 PTS)
",1.0,1.0,0.0,0.0,2025-03-14,0022400960,0.0,0.0,LAC,2.0,0.0,2.0,03:07,Off Short Mid-Range Make,0.0,Daniels 3' Driving Floating Jump Shot (2 PTS),,ATL,LAC,ATL,1610612737.0,2025.0,1253.0,1268.0,1260.5,1627747|1629027|1630168|1630700|1642258,201587|201935|202695|1627739|1627826,2024-25,261.0,0.41025641025641024,0.0,0.0,0.0,0.0,,
128974.0,03:42,"Risacher 1' Cutting Layup Shot (13 PTS) (Okongwu 2 AST)
",1.0,1.0,0.0,0.0,2025-03-14,0022400960,0.0,0.0,LAC,2.0,0.0,2.0,03:51,Off Arc 3 Miss,0.0,Risacher 1' Cutting Layup Shot (13 PTS) (Okongwu 2 AST),,ATL,LAC,ATL,1610612737.0,2025.0,1209.0,1218.0,1213.5,1627747|1629027|1630168|1630700|1642258,201587|201935|202695|1627739|1627826,2024-25,254.0,0.16666666666666666,0.0,0.0,0.0,0.0,,
128975.0,04:15,"Okongwu 1' Driving Layup (4 PTS)
",1.0,1.0,0.0,0.0,2025-03-14,0022400960,0.0,0.0,LAC,2.0,0.0,0.0,04:31,Off Timeout,0.0,Okongwu 1' Driving Layup (4 PTS),,ATL,LAC,ATL,1610612737.0,2025.0,1169.0,1185.0,1177.0,1627747|1629027|1630168|1630700|1642258,201587|201935|202695|1627739|1627826,2024-25,251.0,0.34375,0.0,0.0,0.0,0.0,,
128977.0,05:05,"LeVert 25' 3PT Jump Bank Shot (7 PTS) (Daniels 3 AST)
",0.0,0.0,1.0,1.0,2025-03-14,0022400960,0.0,0.0,LAC,2.0,0.0,1.0,05:15,Off Corner 3 Make,0.0,LeVert 25' 3PT Jump Bank Shot (7 PTS) (Daniels 3 AST),,ATL,LAC,ATL,1610612737.0,2025.0,1125.0,1135.0,1130.0,1627747|1630168|1630249|1630700|1642258,201587|201935|202695|1627739|1627826,2024-25,242.0,0.09375,0.0,0.0,0.0,0.0,,
128978.0,05:31,"Risacher 20' Jump Shot (11 PTS) (Daniels 2 AST)
",1.0,1.0,0.0,0.0,2025-03-14,0022400960,0.0,0.0,LAC,2.0,0.0,2.0,05:39,Off FT Make,0.0,Risacher 20' Jump Shot (11 PTS) (Daniels 2 AST),,ATL,LAC,ATL,1610612737.0,2025.0,1101.0,1109.0,1105.0,1627747|1630168|1630249|1630700|1642258,201587|201935|202695|1627739|1627826,2024-25,238.0,0.24096385542168675,0.0,0.0,0.0,0.0,,
128980.0,05:51,"Zubac S.FOUL (P2.T2) (A.Nagy)
Risacher Free Throw 1 of 2 (8 PTS)
Risacher Free Throw 2 of 2 (9 PTS)
",0.0,0.0,0.0,0.0,2025-03-14,0022400960,0.0,0.0,LAC,2.0,1.0,3.0,06:10,Off Dead Ball,0.0,Risacher Free Throw 1 of 2 (8 PTS),,ATL,LAC,ATL,1610612737.0,2025.0,1070.0,1089.0,1079.5,1627747|1630168|1630249|1630700|1642258,201587|201935|202695|1627739|1627826,2024-25,232.0,0.07692307692307693,0.0,0.0,0.0,0.0,,
128979.0,05:51,"Zubac S.FOUL (P2.T2) (A.Nagy)
Risacher Free Throw 1 of 2 (8 PTS)
Risacher Free Throw 2 of 2 (9 PTS)
",0.0,0.0,0.0,0.0,2025-03-14,0022400960,0.0,0.0,LAC,2.0,1.0,3.0,06:10,Off Dead Ball,0.0,Zubac S.FOUL (P2.T2) (A.Nagy),,ATL,LAC,ATL,1610612737.0,2025.0,1070.0,1089.0,1079.5,1627747|1630168|1630249|1630700|1642258,201587|201935|202695|1627739|1627826,2024-25,281.0,0.3611111111111111,0.0,0.0,0.0,0.0,,
128972.0,03:23,"MISS LeVert 25' 3PT Running Jump Shot
Leonard REBOUND (Off:1 Def:3)
",0.0,0.0,1.0,0.0,2025-03-14,0022400960,0.0,0.0,LAC,2.0,0.0,4.0,03:32,Off Steal,0.0,MISS LeVert 25' 3PT Running Jump Shot,,ATL,LAC,ATL,1610612737.0,2025.0,1228.0,1237.0,1232.5,1627747|1629027|1630168|1630700|1642258,201587|201935|202695|1627739|1627826,2024-25,258.0,0.2711864406779661,0.0,0.0,0.0,0.0,,
128984.0,06:30,"Leonard P.FOUL (P1.T1) (S.Foster)
MISS Krejci 26' 3PT Jump Shot
Harden REBOUND (Off:0 Def:4)
",0.0,0.0,1.0,0.0,2025-03-14,0022400960,0.0,0.0,LAC,2.0,0.0,3.0,06:55,Off Dead Ball,0.0,Harden REBOUND (Off:0 Def:4),,ATL,LAC,ATL,1610612737.0,2025.0,1025.0,1050.0,1037.5,1627747|1630168|1630249|1630700|1642258,201587|201935|202695|1627739|1627826,2024-25,266.0,0.7333333333333333,0.0,0.0,0.0,0.0,,
128907.0,00:00,,0.0,0.0,0.0,0.0,2025-03-14,0022400960,0.0,0.0,LAC,1.0,0.0,2.0,00:06,Off At Rim Make,0.0,,,ATL,LAC,ATL,1610612737.0,2025.0,714.0,720.0,717.0,1627747|1627777|1629027|1629611|1631230,201935|203992|1627732|1627884|1629599,2024-25,180.0,0.0,0.0,0.0,0.0,0.0,,
128995.0,10:48,"Krejci 26' 3PT Running Jump Shot (3 PTS) (Young 3 AST)
",0.0,0.0,1.0,1.0,2025-03-14,0022400960,0.0,0.0,LAC,2.0,0.0,3.0,10:50,Off At Rim Miss,0.0,Krejci 26' 3PT Running Jump Shot (3 PTS) (Young 3 AST),,ATL,LAC,ATL,1610612737.0,2025.0,790.0,792.0,791.0,1629027|1629611|1630249|1631230|1642258,202695|203992|1627732|1627884|1629599,2024-25,170.0,0.16091954022988506,0.0,0.0,0.0,0.0,,
128993.0,10:21,"MISS Young 26' 3PT Running Pull-Up Jump Shot
Leonard REBOUND (Off:1 Def:1)
",0.0,0.0,1.0,0.0,2025-03-14,0022400960,0.0,0.0,LAC,2.0,0.0,6.0,10:29,Off Corner 3 Miss,0.0,MISS Young 26' 3PT Running Pull-Up Jump Shot,,ATL,LAC,ATL,1610612737.0,2025.0,811.0,819.0,815.0,1629027|1629611|1630249|1631230|1642258,202695|203992|1627732|1627884|1629599,2024-25,174.0,0.42857142857142855,0.0,0.0,0.0,0.0,,
128991.0,09:47,"MISS Mann 3PT Jump Shot
Leonard REBOUND (Off:1 Def:2)
",0.0,0.0,1.0,0.0,2025-03-14,0022400960,0.0,0.0,LAC,2.0,0.0,4.0,10:06,Off Short Mid-Range Make,0.0,MISS Mann 3PT Jump Shot,,ATL,LAC,ATL,1610612737.0,2025.0,834.0,853.0,843.5,1629027|1629611|1630168|1630249|1642258,202695|203992|1627732|1627884|1629599,2024-25,211.0,0.6666666666666666,0.0,0.0,0.0,0.0,,
128992.0,09:47,"MISS Mann 3PT Jump Shot
Leonard REBOUND (Off:1 Def:2)
",0.0,0.0,1.0,0.0,2025-03-14,0022400960,0.0,0.0,LAC,2.0,0.0,4.0,10:06,Off Short Mid-Range Make,0.0,Leonard REBOUND (Off:1 Def:2),,ATL,LAC,ATL,1610612737.0,2025.0,834.0,853.0,843.5,1629027|1629611|1630168|1630249|1642258,202695|203992|1627732|1627884|1629599,2024-25,181.0,0.22641509433962265,0.0,0.0,0.0,0.0,,
128990.0,09:20,"Young Bad Pass Turnover (P4.T7): Simmons STEAL (1 STL)
",0.0,0.0,0.0,0.0,2025-03-14,0022400960,0.0,0.0,LAC,2.0,0.0,1.0,09:33,Off Arc 3 Make,1.0,Young Bad Pass Turnover (P4.T7): Simmons STEAL (1 STL),,ATL,LAC,ATL,1610612737.0,2025.0,867.0,880.0,873.5,1629027|1629611|1630168|1630249|1642258,202695|203992|1627732|1627884|1629599,2024-25,186.0,0.1643835616438356,0.0,0.0,0.0,0.0,,
128997.0,11:35,"Young Bad Pass Turnover (P3.T6): Leonard STEAL (1 STL)
",0.0,0.0,0.0,0.0,2025-03-14,0022400960,0.0,0.0,LAC,2.0,0.0,2.0,12:00,Off Dead Ball,1.0,Young Bad Pass Turnover (P3.T6): Leonard STEAL (1 STL),,ATL,LAC,ATL,1610612737.0,2025.0,720.0,745.0,732.5,1629027|1629611|1630249|1631230|1642258,202695|203992|1627732|1627884|1629599,2024-25,163.0,0.5,0.0,0.0,0.0,0.0,,
128987.0,07:50,"Mann 6' Pullup Jump Shot (5 PTS) (Risacher 1 AST)
",1.0,1.0,0.0,0.0,2025-03-14,0022400960,0.0,0.0,LAC,2.0,0.0,1.0,08:07,Off Arc 3 Make,0.0,Mann 6' Pullup Jump Shot (5 PTS) (Risacher 1 AST),,ATL,LAC,ATL,1610612737.0,2025.0,953.0,970.0,961.5,1629611|1630168|1630249|1630700|1642258,202695|203992|1627826|1627884|1629599,2024-25,204.0,0.08955223880597014,0.0,0.0,0.0,0.0,,
128985.0,07:17,"MISS Daniels 25' 3PT Jump Shot
Zubac REBOUND (Off:0 Def:2)
",0.0,0.0,1.0,0.0,2025-03-14,0022400960,0.0,0.0,LAC,2.0,0.0,3.0,07:29,Off At Rim Block,0.0,MISS Daniels 25' 3PT Jump Shot,,ATL,LAC,ATL,1610612737.0,2025.0,991.0,1003.0,997.0,1629611|1630168|1630249|1630700|1642258,202695|203992|1627826|1627884|1629599,2024-25,209.0,0.19047619047619047,0.0,0.0,0.0,0.0,,
128986.0,07:17,"MISS Daniels 25' 3PT Jump Shot
Zubac REBOUND (Off:0 Def:2)
",0.0,0.0,1.0,0.0,2025-03-14,0022400960,0.0,0.0,LAC,2.0,0.0,3.0,07:29,Off At Rim Block,0.0,Zubac REBOUND (Off:0 Def:2),,ATL,LAC,ATL,1610612737.0,2025.0,991.0,1003.0,997.0,1629611|1630168|1630249|1630700|1642258,202695|203992|1627826|1627884|1629599,2024-25,208.0,0.25396825396825395,0.0,0.0,0.0,0.0,,
128983.0,06:30,"Leonard P.FOUL (P1.T1) (S.Foster)
MISS Krejci 26' 3PT Jump Shot
Harden REBOUND (Off:0 Def:4)
",0.0,0.0,1.0,0.0,2025-03-14,0022400960,0.0,0.0,LAC,2.0,0.0,3.0,06:55,Off Dead Ball,0.0,MISS Krejci 26' 3PT Jump Shot,,ATL,LAC,ATL,1610612737.0,2025.0,1025.0,1050.0,1037.5,1627747|1630168|1630249|1630700|1642258,201587|201935|202695|1627739|1627826,2024-25,227.0,0.044444444444444446,0.0,0.0,0.0,0.0,,
128988.0,08:26,"Risacher 1' Reverse Layup (7 PTS) (Mann 2 AST)
",1.0,1.0,0.0,0.0,2025-03-14,0022400960,0.0,0.0,LAC,2.0,0.0,2.0,08:31,Off Short Mid-Range Miss,0.0,Risacher 1' Reverse Layup (7 PTS) (Mann 2 AST),,ATL,LAC,ATL,1610612737.0,2025.0,929.0,934.0,931.5,1629027|1629611|1630168|1630249|1642258,202695|203992|1627732|1627884|1629599,2024-25,194.0,0.2222222222222222,0.0,0.0,0.0,0.0,,
129227.0,05:17,"Okongwu 8' Floating Jump Shot (14 PTS) (Daniels 7 AST)
",1.0,1.0,0.0,0.0,2025-03-16,0022400978,0.0,0.0,BKN,3.0,0.0,6.0,05:29,Off Arc 3 Make,0.0,Okongwu 8' Floating Jump Shot (14 PTS) (Daniels 7 AST),,BKN,ATL,ATL,1610612737.0,2025.0,1831.0,1843.0,1837.0,1627777|1630168|1630249|1630700|1642258,1629651|1629661|1630570|1630592|1631213,2024-25,458.0,0.36363636363636365,0.0,0.0,0.0,0.0,,
129224.0,04:26,"MISS Daniels 5' Driving Layup
Sharpe REBOUND (Off:0 Def:3)
",1.0,0.0,0.0,0.0,2025-03-16,0022400978,0.0,0.0,BKN,3.0,0.0,6.0,04:44,Off FT Make,0.0,MISS Daniels 5' Driving Layup,,BKN,ATL,ATL,1610612737.0,2025.0,1876.0,1894.0,1885.0,1627777|1629611|1630249|1630700|1631230,1629661|1630549|1630570|1631213|1641721,2024-25,419.0,0.2978723404255319,0.0,0.0,0.0,0.0,,
129225.0,04:26,"MISS Daniels 5' Driving Layup
Sharpe REBOUND (Off:0 Def:3)
",1.0,0.0,0.0,0.0,2025-03-16,0022400978,0.0,0.0,BKN,3.0,0.0,6.0,04:44,Off FT Make,0.0,Sharpe REBOUND (Off:0 Def:3),,BKN,ATL,ATL,1610612737.0,2025.0,1876.0,1894.0,1885.0,1627777|1629611|1630249|1630700|1631230,1629661|1630549|1630570|1631213|1641721,2024-25,422.0,0.32432432432432434,0.0,0.0,0.0,0.0,,
129222.0,04:03,"Daniels T.FOUL (P0.T3) (J.Goble)
C. Johnson Free Throw Technical (18 PTS)
MISS Niang 26' 3PT Jump Shot
Lewis REBOUND (Off:0 Def:1)
",0.0,0.0,1.0,0.0,2025-03-16,0022400978,0.0,0.0,BKN,3.0,0.0,6.0,04:21,Off Steal,0.0,MISS Niang 26' 3PT Jump Shot,,BKN,ATL,ATL,1610612737.0,2025.0,1899.0,1917.0,1908.0,1627777|1629611|1630249|1630700|1631230,1630549|1630553|1630570|1641721|1641736,2024-25,483.0,0.13953488372093023,0.0,0.0,0.0,0.0,,
129223.0,04:03,"Daniels T.FOUL (P0.T3) (J.Goble)
C. Johnson Free Throw Technical (18 PTS)
MISS Niang 26' 3PT Jump Shot
Lewis REBOUND (Off:0 Def:1)
",0.0,0.0,1.0,0.0,2025-03-16,0022400978,0.0,0.0,BKN,3.0,0.0,6.0,04:21,Off Steal,0.0,Lewis REBOUND (Off:0 Def:1),,BKN,ATL,ATL,1610612737.0,2025.0,1899.0,1917.0,1908.0,1627777|1629611|1630249|1630700|1631230,1630549|1630553|1630570|1641721|1641736,2024-25,441.0,0.2465753424657534,0.0,0.0,0.0,0.0,,
129219.0,03:25,"Krejci 26' 3PT Jump Shot (6 PTS) (Barlow 1 AST)
",0.0,0.0,1.0,1.0,2025-03-16,0022400978,0.0,0.0,BKN,3.0,0.0,5.0,03:32,Off Arc 3 Miss,0.0,Krejci 26' 3PT Jump Shot (6 PTS) (Barlow 1 AST),,BKN,ATL,ATL,1610612737.0,2025.0,1948.0,1955.0,1951.5,1627777|1629611|1630249|1630700|1631230,1630549|1630553|1630570|1641721|1641736,2024-25,449.0,0.125,0.0,0.0,0.0,0.0,,
129210.0,01:26,"Sharpe P.FOUL (P2.T3) (J.Goble)
Young 8' Driving Floating Jump Shot (19 PTS) (Barlow 2 AST)
",1.0,1.0,0.0,0.0,2025-03-16,0022400978,0.0,0.0,BKN,3.0,0.0,2.0,01:45,Off Corner 3 Make,0.0,Sharpe P.FOUL (P2.T3) (J.Goble),,BKN,ATL,ATL,1610612737.0,2025.0,2055.0,2074.0,2064.5,1627777|1629027|1629611|1630249|1631230,1630549|1630553|1630570|1641721|1641736,2024-25,476.0,0.26865671641791045,0.0,0.0,0.0,0.0,,
129216.0,02:13,"Watford BLOCK (1 BLK): MISS Barlow 4' Alley Oop Layup
Niang REBOUND (Off:2 Def:2)
MISS Niang 11' Driving Floating Jump Shot
Hawks Rebound
MISS Young 26' 3PT Step Back Jump Shot
Sharpe REBOUND (Off:0 Def:4)
",2.0,0.0,1.0,0.0,2025-03-16,0022400978,0.0,2.0,BKN,3.0,0.0,5.0,02:40,Off Corner 3 Make,0.0,MISS Young 26' 3PT Step Back Jump Shot,,BKN,ATL,ATL,1610612737.0,2025.0,2000.0,2027.0,2013.5,1627777|1629027|1629611|1630249|1631230,1630549|1630553|1630570|1641721|1641736,2024-25,507.0,0.45454545454545453,0.0,0.0,0.0,0.0,,
129211.0,01:26,"Sharpe P.FOUL (P2.T3) (J.Goble)
Young 8' Driving Floating Jump Shot (19 PTS) (Barlow 2 AST)
",1.0,1.0,0.0,0.0,2025-03-16,0022400978,0.0,0.0,BKN,3.0,0.0,2.0,01:45,Off Corner 3 Make,0.0,Young 8' Driving Floating Jump Shot (19 PTS) (Barlow 2 AST),,BKN,ATL,ATL,1610612737.0,2025.0,2055.0,2074.0,2064.5,1627777|1629027|1629611|1630249|1631230,1630549|1630553|1630570|1641721|1641736,2024-25,522.0,0.9354838709677419,0.0,0.0,0.0,0.0,,
129209.0,01:03,"Lewis STEAL (2 STL): Young Bad Pass Turnover (P4.T11)
",0.0,0.0,0.0,0.0,2025-03-16,0022400978,0.0,0.0,BKN,3.0,0.0,4.0,01:07,Off At Rim Block,1.0,Lewis STEAL (2 STL): Young Bad Pass Turnover (P4.T11),,BKN,ATL,ATL,1610612737.0,2025.0,2093.0,2097.0,2095.0,1627777|1629027|1629611|1630249|1631230,1630549|1630553|1630570|1641721|1641736,2024-25,528.0,0.38961038961038963,0.0,0.0,0.0,0.0,,
129207.0,00:27,"Lewis P.FOUL (P1.PN) (G.Petraitis)
Young Free Throw 1 of 2 (20 PTS)
Young Free Throw 2 of 2 (21 PTS)
",0.0,0.0,0.0,0.0,2025-03-16,0022400978,1.0,0.0,BKN,3.0,0.0,2.0,00:32,Off Short Mid-Range Make,0.0,Young Free Throw 2 of 2 (21 PTS),,BKN,ATL,ATL,1610612737.0,2025.0,2128.0,2133.0,2130.5,1627777|1629027|1629611|1630249|1631230,1630549|1630553|1630570|1641721|1641736,2024-25,539.0,0.9552238805970149,0.0,0.0,0.0,0.0,,
129208.0,00:50,"Mann 2' Driving Finger Roll Layup (11 PTS) (Niang 1 AST)
",1.0,1.0,0.0,0.0,2025-03-16,0022400978,0.0,0.0,BKN,3.0,0.0,2.0,01:01,Off At Rim Make,0.0,Mann 2' Driving Finger Roll Layup (11 PTS) (Niang 1 AST),,BKN,ATL,ATL,1610612737.0,2025.0,2099.0,2110.0,2104.5,1627777|1629027|1629611|1630249|1631230,1630549|1630553|1630570|1641721|1641736,2024-25,532.0,0.9217391304347826,0.0,0.0,0.0,0.0,,
129218.0,02:52,"K. Johnson STEAL (1 STL): Young Bad Pass Turnover (P3.T10)
",0.0,0.0,0.0,0.0,2025-03-16,0022400978,0.0,0.0,BKN,3.0,0.0,8.0,02:57,Off Timeout,1.0,K. Johnson STEAL (1 STL): Young Bad Pass Turnover (P3.T10),,BKN,ATL,ATL,1610612737.0,2025.0,1983.0,1988.0,1985.5,1627777|1629027|1629611|1630249|1631230,1630549|1630553|1630570|1641721|1641736,2024-25,505.0,0.6666666666666666,0.0,0.0,0.0,0.0,,
129228.0,05:42,"Risacher 5' Turnaround Hook Shot (16 PTS)
",1.0,1.0,0.0,0.0,2025-03-16,0022400978,0.0,0.0,BKN,3.0,0.0,7.0,06:04,Off Long Mid-Range Miss,0.0,Risacher 5' Turnaround Hook Shot (16 PTS),,BKN,ATL,ATL,1610612737.0,2025.0,1796.0,1818.0,1807.0,1627777|1630168|1630249|1630700|1642258,1629651|1629661|1630570|1630592|1631213,2024-25,455.0,0.8571428571428571,0.0,0.0,0.0,0.0,,
129250.0,11:00,"Martin S.FOUL (P2.T1) (J.Goble)
Okongwu Free Throw 1 of 2 (11 PTS)
Okongwu Free Throw 2 of 2 (12 PTS)
",0.0,0.0,0.0,0.0,2025-03-16,0022400978,0.0,0.0,BKN,3.0,1.0,6.0,11:02,Off Steal,0.0,Okongwu Free Throw 1 of 2 (11 PTS),,BKN,ATL,ATL,1610612737.0,2025.0,1498.0,1500.0,1499.0,1629027|1630168|1630700|1631243|1642258,1629651|1629661|1630553|1630592|1631213,2024-25,390.0,0.9577464788732394,0.0,0.0,0.0,0.0,,
129231.0,07:05,"MISS Young 5' Driving Floating Bank Jump Shot
Daniels REBOUND (Off:1 Def:1)
Daniels 1' Putback Layup (10 PTS)
",2.0,1.0,0.0,0.0,2025-03-16,0022400978,0.0,1.0,BKN,3.0,0.0,7.0,07:17,Off At Rim Make,0.0,MISS Young 5' Driving Floating Bank Jump Shot,,BKN,ATL,ATL,1610612737.0,2025.0,1723.0,1735.0,1729.0,1629027|1630168|1630700|1631243|1642258,1629651|1629661|1630553|1630592|1631213,2024-25,434.0,0.8705882352941177,0.0,0.0,0.0,0.0,,
129233.0,07:05,"MISS Young 5' Driving Floating Bank Jump Shot
Daniels REBOUND (Off:1 Def:1)
Daniels 1' Putback Layup (10 PTS)
",2.0,1.0,0.0,0.0,2025-03-16,0022400978,0.0,1.0,BKN,3.0,0.0,7.0,07:17,Off At Rim Make,0.0,Daniels 1' Putback Layup (10 PTS),,BKN,ATL,ATL,1610612737.0,2025.0,1723.0,1735.0,1729.0,1629027|1630168|1630700|1631243|1642258,1629651|1629661|1630553|1630592|1631213,2024-25,436.0,0.9090909090909091,0.0,0.0,0.0,0.0,,
129234.0,07:21,"MISS Gueye 24' 3PT Jump Shot
K. Johnson REBOUND (Off:1 Def:2)
",0.0,0.0,1.0,0.0,2025-03-16,0022400978,0.0,0.0,BKN,3.0,0.0,9.0,07:33,Off At Rim Miss,0.0,MISS Gueye 24' 3PT Jump Shot,,BKN,ATL,ATL,1610612737.0,2025.0,1707.0,1719.0,1713.0,1629027|1630168|1630700|1631243|1642258,1629651|1629661|1630553|1630592|1631213,2024-25,433.0,0.5,0.0,0.0,0.0,0.0,,
129236.0,08:12,"Daniels 26' 3PT Jump Shot (8 PTS) (Young 7 AST)
",0.0,0.0,1.0,1.0,2025-03-16,0022400978,0.0,0.0,BKN,3.0,0.0,6.0,08:23,Off At Rim Make,0.0,Daniels 26' 3PT Jump Shot (8 PTS) (Young 7 AST),,BKN,ATL,ATL,1610612737.0,2025.0,1657.0,1668.0,1662.5,1629027|1630168|1630700|1631243|1642258,1629651|1629661|1630553|1630592|1631213,2024-25,421.0,0.8131868131868132,0.0,0.0,0.0,0.0,,
129237.0,08:48,"Daniels Traveling Turnover (P3.T9)
",0.0,0.0,0.0,0.0,2025-03-16,0022400978,0.0,0.0,BKN,3.0,0.0,8.0,08:54,Off Short Mid-Range Make,1.0,Daniels Traveling Turnover (P3.T9),,BKN,ATL,ATL,1610612737.0,2025.0,1626.0,1632.0,1629.0,1629027|1630168|1630700|1631243|1642258,1629651|1629661|1630553|1630592|1631213,2024-25,417.0,0.8857142857142857,0.0,0.0,0.0,0.0,,
129238.0,09:13,"MISS Young 21' Step Back Jump Shot
Hawks Rebound
C. Johnson L.B.FOUL (P2.T2) (G.Petraitis)
C. Johnson T.FOUL (P2.T2) (G.Petraitis)
Young Free Throw Technical (17 PTS)
MISS Risacher 26' 3PT Pullup Jump Shot
NETS Rebound
",1.0,0.0,1.0,0.0,2025-03-16,0022400978,0.0,1.0,BKN,3.0,0.0,9.0,09:40,Off Corner 3 Miss,0.0,MISS Young 21' Step Back Jump Shot,,BKN,ATL,ATL,1610612737.0,2025.0,1580.0,1607.0,1593.5,1629027|1630168|1630700|1631243|1642258,1629651|1629661|1630553|1630592|1631213,2024-25,405.0,0.8484848484848485,0.0,0.0,0.0,0.0,,
129242.0,09:13,"MISS Young 21' Step Back Jump Shot
Hawks Rebound
C. Johnson L.B.FOUL (P2.T2) (G.Petraitis)
C. Johnson T.FOUL (P2.T2) (G.Petraitis)
Young Free Throw Technical (17 PTS)
MISS Risacher 26' 3PT Pullup Jump Shot
NETS Rebound
",1.0,0.0,1.0,0.0,2025-03-16,0022400978,0.0,1.0,BKN,3.0,0.0,9.0,09:40,Off Corner 3 Miss,0.0,Young Free Throw Technical (17 PTS),,BKN,ATL,ATL,1610612737.0,2025.0,1580.0,1607.0,1593.5,1629027|1630168|1630700|1631243|1642258,1629651|1629661|1630553|1630592|1631213,2024-25,410.0,0.65,0.0,0.0,0.0,0.0,,
129245.0,10:01,"Risacher 2' Running Layup (14 PTS) (Young 6 AST)
",1.0,1.0,0.0,0.0,2025-03-16,0022400978,0.0,0.0,BKN,3.0,0.0,7.0,10:06,Off Short Mid-Range Miss,0.0,Risacher 2' Running Layup (14 PTS) (Young 6 AST),,BKN,ATL,ATL,1610612737.0,2025.0,1554.0,1559.0,1556.5,1629027|1630168|1630700|1631243|1642258,1629651|1629661|1630553|1630592|1631213,2024-25,401.0,0.9090909090909091,0.0,0.0,0.0,0.0,,
129247.0,10:15,"MISS Okongwu 4' Cutting Layup Shot
C. Johnson REBOUND (Off:0 Def:2)
",1.0,0.0,0.0,0.0,2025-03-16,0022400978,0.0,0.0,BKN,3.0,0.0,7.0,10:31,Off Arc 3 Make,0.0,C. Johnson REBOUND (Off:0 Def:2),,BKN,ATL,ATL,1610612737.0,2025.0,1529.0,1545.0,1537.0,1629027|1630168|1630700|1631243|1642258,1629651|1629661|1630553|1630592|1631213,2024-25,344.0,0.2641509433962264,0.0,0.0,0.0,0.0,,
129246.0,10:15,"MISS Okongwu 4' Cutting Layup Shot
C. Johnson REBOUND (Off:0 Def:2)
",1.0,0.0,0.0,0.0,2025-03-16,0022400978,0.0,0.0,BKN,3.0,0.0,7.0,10:31,Off Arc 3 Make,0.0,MISS Okongwu 4' Cutting Layup Shot,,BKN,ATL,ATL,1610612737.0,2025.0,1529.0,1545.0,1537.0,1629027|1630168|1630700|1631243|1642258,1629651|1629661|1630553|1630592|1631213,2024-25,339.0,0.43636363636363634,0.0,0.0,0.0,0.0,,
129248.0,10:43,"Risacher 1' Running Alley Oop Dunk Shot (12 PTS) (Daniels 6 AST)
",1.0,1.0,0.0,0.0,2025-03-16,0022400978,0.0,0.0,BKN,3.0,0.0,8.0,10:45,Off Short Mid-Range Miss,0.0,Risacher 1' Running Alley Oop Dunk Shot (12 PTS) (Daniels 6 AST),,BKN,ATL,ATL,1610612737.0,2025.0,1515.0,1517.0,1516.0,1629027|1630168|1630700|1631243|1642258,1629651|1629661|1630553|1630592|1631213,2024-25,394.0,0.873015873015873,0.0,0.0,0.0,0.0,,
129251.0,11:00,"Martin S.FOUL (P2.T1) (J.Goble)
Okongwu Free Throw 1 of 2 (11 PTS)
Okongwu Free Throw 2 of 2 (12 PTS)
",0.0,0.0,0.0,0.0,2025-03-16,0022400978,0.0,0.0,BKN,3.0,1.0,6.0,11:02,Off Steal,0.0,Okongwu Free Throw 2 of 2 (12 PTS),,BKN,ATL,ATL,1610612737.0,2025.0,1498.0,1500.0,1499.0,1629027|1630168|1630700|1631243|1642258,1629651|1629661|1630553|1630592|1631213,2024-25,391.0,0.9577464788732394,0.0,0.0,0.0,0.0,,
129249.0,11:00,"Martin S.FOUL (P2.T1) (J.Goble)
Okongwu Free Throw 1 of 2 (11 PTS)
Okongwu Free Throw 2 of 2 (12 PTS)
",0.0,0.0,0.0,0.0,2025-03-16,0022400978,0.0,0.0,BKN,3.0,1.0,6.0,11:02,Off Steal,0.0,Martin S.FOUL (P2.T1) (J.Goble),,BKN,ATL,ATL,1610612737.0,2025.0,1498.0,1500.0,1499.0,1629027|1630168|1630700|1631243|1642258,1629651|1629661|1630553|1630592|1631213,2024-25,387.0,0.2909090909090909,0.0,0.0,0.0,0.0,,
129205.0,00:27,"Lewis P.FOUL (P1.PN) (G.Petraitis)
Young Free Throw 1 of 2 (20 PTS)
Young Free Throw 2 of 2 (21 PTS)
",0.0,0.0,0.0,0.0,2025-03-16,0022400978,1.0,0.0,BKN,3.0,0.0,2.0,00:32,Off Short Mid-Range Make,0.0,Lewis P.FOUL (P1.PN) (G.Petraitis),,BKN,ATL,ATL,1610612737.0,2025.0,2128.0,2133.0,2130.5,1627777|1629027|1629611|1630249|1631230,1630549|1630553|1630570|1641721|1641736,2024-25,525.0,0.1875,0.0,0.0,0.0,0.0,,
129229.0,06:31,"MISS Risacher 3PT Jump Shot
Claxton REBOUND (Off:0 Def:3)
",0.0,0.0,1.0,0.0,2025-03-16,0022400978,0.0,0.0,BKN,3.0,0.0,7.0,06:42,Off At Rim Make,0.0,MISS Risacher 3PT Jump Shot,,BKN,ATL,ATL,1610612737.0,2025.0,1758.0,1769.0,1763.5,1629027|1630168|1630700|1631243|1642258,1629651|1629661|1630553|1630592|1631213,2024-25,442.0,0.23529411764705882,0.0,0.0,0.0,0.0,,
129206.0,00:27,"Lewis P.FOUL (P1.PN) (G.Petraitis)
Young Free Throw 1 of 2 (20 PTS)
Young Free Throw 2 of 2 (21 PTS)
",0.0,0.0,0.0,0.0,2025-03-16,0022400978,1.0,0.0,BKN,3.0,0.0,2.0,00:32,Off Short Mid-Range Make,0.0,Young Free Throw 1 of 2 (20 PTS),,BKN,ATL,ATL,1610612737.0,2025.0,2128.0,2133.0,2130.5,1627777|1629027|1629611|1630249|1631230,1630549|1630553|1630570|1641721|1641736,2024-25,538.0,0.9552238805970149,0.0,0.0,0.0,0.0,,
129257.0,00:10,"MISS Young 4' Driving Reverse Layup
Daniels REBOUND (Off:3 Def:3)
K. Johnson BLOCK (1 BLK): MISS Daniels 2' Tip Layup Shot
Hawks Rebound
Martin STEAL (1 STL): Young Bad Pass Turnover (P6.T14)
",2.0,0.0,0.0,0.0,2025-03-16,0022400978,0.0,2.0,BKN,4.0,0.0,-8.0,00:23,Off Timeout,1.0,Hawks Rebound,,BKN,ATL,ATL,1610612737.0,2025.0,2857.0,2870.0,2863.5,1627777|1629027|1630168|1630249|1630700,1629651|1629661|1630553|1630570|1631213,2024-25,719.0,0.16666666666666666,0.0,0.0,0.0,0.0,,
129296.0,11:20,"MISS Young 4' Driving Floating Bank Jump Shot
Sharpe REBOUND (Off:0 Def:5)
",1.0,0.0,0.0,0.0,2025-03-16,0022400978,0.0,0.0,BKN,4.0,0.0,-1.0,11:34,Off Short Mid-Range Make,0.0,MISS Young 4' Driving Floating Bank Jump Shot,,BKN,ATL,ATL,1610612737.0,2025.0,2186.0,2200.0,2193.0,1627777|1629027|1629611|1630249|1631230,1629661|1630549|1630570|1631213|1641721,2024-25,552.0,0.8705882352941177,0.0,0.0,0.0,0.0,,
129252.0,11:15,"Risacher 25' 3PT Jump Shot (10 PTS) (Daniels 5 AST)
",0.0,0.0,1.0,1.0,2025-03-16,0022400978,0.0,0.0,BKN,3.0,0.0,3.0,11:31,Off Arc 3 Make,0.0,Risacher 25' 3PT Jump Shot (10 PTS) (Daniels 5 AST),,BKN,ATL,ATL,1610612737.0,2025.0,1469.0,1485.0,1477.0,1629027|1630168|1630700|1631243|1642258,1629651|1629661|1630553|1630592|1631213,2024-25,384.0,0.8282828282828283,0.0,0.0,0.0,0.0,,
129254.0,00:10,"MISS Young 4' Driving Reverse Layup
Daniels REBOUND (Off:3 Def:3)
K. Johnson BLOCK (1 BLK): MISS Daniels 2' Tip Layup Shot
Hawks Rebound
Martin STEAL (1 STL): Young Bad Pass Turnover (P6.T14)
",2.0,0.0,0.0,0.0,2025-03-16,0022400978,0.0,2.0,BKN,4.0,0.0,-8.0,00:23,Off Timeout,1.0,MISS Young 4' Driving Reverse Layup,,BKN,ATL,ATL,1610612737.0,2025.0,2857.0,2870.0,2863.5,1627777|1629027|1630168|1630249|1630700,1629651|1629661|1630553|1630570|1631213,2024-25,718.0,0.9142857142857143,0.0,0.0,0.0,0.0,,
129256.0,00:10,"MISS Young 4' Driving Reverse Layup
Daniels REBOUND (Off:3 Def:3)
K. Johnson BLOCK (1 BLK): MISS Daniels 2' Tip Layup Shot
Hawks Rebound
Martin STEAL (1 STL): Young Bad Pass Turnover (P6.T14)
",2.0,0.0,0.0,0.0,2025-03-16,0022400978,0.0,2.0,BKN,4.0,0.0,-8.0,00:23,Off Timeout,1.0,K. Johnson BLOCK (1 BLK): MISS Daniels 2' Tip Layup Shot,,BKN,ATL,ATL,1610612737.0,2025.0,2857.0,2870.0,2863.5,1627777|1629027|1630168|1630249|1630700,1629651|1629661|1630553|1630570|1631213,2024-25,725.0,0.1791044776119403,0.0,0.0,0.0,0.0,,
129259.0,00:31,"Claxton BLOCK (1 BLK): MISS Daniels 26' 3PT Jump Shot
K. Johnson REBOUND (Off:3 Def:5)
",0.0,0.0,1.0,0.0,2025-03-16,0022400978,0.0,0.0,BKN,4.0,0.0,-8.0,00:38,Off Steal,0.0,Claxton BLOCK (1 BLK): MISS Daniels 26' 3PT Jump Shot,,BKN,ATL,ATL,1610612737.0,2025.0,2842.0,2849.0,2845.5,1627777|1629027|1630168|1630249|1630700,1629651|1629661|1630553|1630570|1631213,2024-25,713.0,0.5348837209302325,0.0,0.0,0.0,0.0,,
129261.0,00:59,"Okongwu 3' Cutting Layup Shot (21 PTS) (Young 12 AST)
",1.0,1.0,0.0,0.0,2025-03-16,0022400978,0.0,0.0,BKN,4.0,0.0,-10.0,01:07,Off At Rim Make,0.0,Okongwu 3' Cutting Layup Shot (21 PTS) (Young 12 AST),,BKN,ATL,ATL,1610612737.0,2025.0,2813.0,2821.0,2817.0,1627777|1629027|1630168|1630249|1630700,1629651|1629661|1630553|1630570|1631213,2024-25,707.0,0.8653846153846154,0.0,0.0,0.0,0.0,,
129263.0,01:20,"MISS Niang 26' 3PT Step Back Jump Shot
C. Johnson REBOUND (Off:0 Def:4)
",0.0,0.0,1.0,0.0,2025-03-16,0022400978,0.0,0.0,BKN,4.0,0.0,-8.0,01:42,Off At Rim Make,0.0,C. Johnson REBOUND (Off:0 Def:4),,BKN,ATL,ATL,1610612737.0,2025.0,2778.0,2800.0,2789.0,1627777|1629027|1630168|1630249|1630700,1629651|1629661|1630553|1630570|1631213,2024-25,635.0,0.2909090909090909,0.0,0.0,0.0,0.0,,
129262.0,01:20,"MISS Niang 26' 3PT Step Back Jump Shot
C. Johnson REBOUND (Off:0 Def:4)
",0.0,0.0,1.0,0.0,2025-03-16,0022400978,0.0,0.0,BKN,4.0,0.0,-8.0,01:42,Off At Rim Make,0.0,MISS Niang 26' 3PT Step Back Jump Shot,,BKN,ATL,ATL,1610612737.0,2025.0,2778.0,2800.0,2789.0,1627777|1629027|1630168|1630249|1630700,1629651|1629661|1630553|1630570|1631213,2024-25,703.0,0.26506024096385544,0.0,0.0,0.0,0.0,,
129268.0,02:29,"Young 6' Driving Floating Jump Shot (28 PTS) (Okongwu 1 AST)
",1.0,1.0,0.0,0.0,2025-03-16,0022400978,0.0,0.0,BKN,4.0,0.0,-5.0,02:51,Off FT Make,0.0,Young 6' Driving Floating Jump Shot (28 PTS) (Okongwu 1 AST),,BKN,ATL,ATL,1610612737.0,2025.0,2709.0,2731.0,2720.0,1627777|1629027|1630168|1630249|1630700,1629651|1629661|1630553|1630570|1631213,2024-25,692.0,0.9523809523809523,0.0,0.0,0.0,0.0,,
129269.0,02:59,"Watford STEAL (1 STL): Young Bad Pass Turnover (P5.T13)
",0.0,0.0,0.0,0.0,2025-03-16,0022400978,0.0,0.0,BKN,4.0,0.0,-4.0,03:05,Off Arc 3 Miss,1.0,Watford STEAL (1 STL): Young Bad Pass Turnover (P5.T13),,BKN,ATL,ATL,1610612737.0,2025.0,2695.0,2701.0,2698.0,1629027|1629611|1630168|1630249|1630700,1629651|1629661|1630553|1630570|1631213,2024-25,672.0,0.14893617021276595,0.0,0.0,0.0,0.0,,
129270.0,03:27,"Krejci 3' Driving Finger Roll Layup (8 PTS) (Young 11 AST)
",1.0,1.0,0.0,0.0,2025-03-16,0022400978,0.0,0.0,BKN,4.0,0.0,-6.0,03:42,Off Arc 3 Make,0.0,Krejci 3' Driving Finger Roll Layup (8 PTS) (Young 11 AST),,BKN,ATL,ATL,1610612737.0,2025.0,2658.0,2673.0,2665.5,1629027|1629611|1630168|1630249|1630700,1629651|1629661|1630553|1630570|1631213,2024-25,668.0,0.8907563025210085,0.0,0.0,0.0,0.0,,
129271.0,04:05,"Martin P.FOUL (P3.T2) (J.Goble)
MISS Mann 28' 3PT Jump Shot
Okongwu REBOUND (Off:2 Def:12)
Okongwu Tip Dunk Shot (19 PTS)
",1.0,1.0,1.0,0.0,2025-03-16,0022400978,0.0,1.0,BKN,4.0,0.0,-5.0,04:29,Off Timeout,0.0,Martin P.FOUL (P3.T2) (J.Goble),,BKN,ATL,ATL,1610612737.0,2025.0,2611.0,2635.0,2623.0,1629027|1629611|1630168|1630249|1630700,1629651|1629661|1630553|1630570|1631213,2024-25,598.0,0.1509433962264151,0.0,0.0,0.0,0.0,,
129273.0,04:05,"Martin P.FOUL (P3.T2) (J.Goble)
MISS Mann 28' 3PT Jump Shot
Okongwu REBOUND (Off:2 Def:12)
Okongwu Tip Dunk Shot (19 PTS)
",1.0,1.0,1.0,0.0,2025-03-16,0022400978,0.0,1.0,BKN,4.0,0.0,-5.0,04:29,Off Timeout,0.0,Okongwu REBOUND (Off:2 Def:12),,BKN,ATL,ATL,1610612737.0,2025.0,2611.0,2635.0,2623.0,1629027|1629611|1630168|1630249|1630700,1629651|1629661|1630553|1630570|1631213,2024-25,664.0,0.9523809523809523,0.0,0.0,0.0,0.0,,
129275.0,04:36,"MISS Mann 3PT Jump Shot
K. Johnson REBOUND (Off:2 Def:4)
",0.0,0.0,1.0,0.0,2025-03-16,0022400978,0.0,0.0,BKN,4.0,0.0,-5.0,04:46,Off Arc 3 Miss,0.0,MISS Mann 3PT Jump Shot,,BKN,ATL,ATL,1610612737.0,2025.0,2594.0,2604.0,2599.0,1629027|1629611|1630168|1630249|1630700,1629651|1629661|1630553|1630570|1641736,2024-25,630.0,0.15384615384615385,0.0,0.0,0.0,0.0,,
129277.0,05:07,"Young 27' 3PT Step Back Jump Shot (26 PTS)
",0.0,0.0,1.0,1.0,2025-03-16,0022400978,0.0,0.0,BKN,4.0,0.0,-8.0,05:13,Off Long Mid-Range Miss,0.0,Young 27' 3PT Step Back Jump Shot (26 PTS),,BKN,ATL,ATL,1610612737.0,2025.0,2567.0,2573.0,2570.0,1629027|1629611|1630168|1630249|1630700,1629651|1630553|1630592|1641721|1641736,2024-25,638.0,0.8311688311688312,0.0,0.0,0.0,0.0,,
129203.0,00:00,"MISS Mann 15' Driving Floating Jump Shot
Hawks Rebound
",1.0,0.0,0.0,0.0,2025-03-16,0022400978,0.0,0.0,BKN,3.0,0.0,1.0,00:04,Off Corner 3 Make,0.0,MISS Mann 15' Driving Floating Jump Shot,,BKN,ATL,ATL,1610612737.0,2025.0,2156.0,2160.0,2158.0,1627777|1629027|1629611|1630249|1631230,1630549|1630553|1630570|1641721|1641736,2024-25,542.0,0.16666666666666666,0.0,0.0,0.0,0.0,,
129278.0,05:28,"Claxton STEAL (2 STL): Okongwu Lost Ball Turnover (P1.T12)
",0.0,0.0,0.0,0.0,2025-03-16,0022400978,0.0,0.0,BKN,4.0,0.0,-8.0,05:39,Off Corner 3 Miss,1.0,Claxton STEAL (2 STL): Okongwu Lost Ball Turnover (P1.T12),,BKN,ATL,ATL,1610612737.0,2025.0,2541.0,2552.0,2546.5,1629027|1629611|1630168|1630700|1642258,1629651|1630553|1630592|1641721|1641736,2024-25,639.0,0.25287356321839083,0.0,0.0,0.0,0.0,,
129281.0,06:12,"Daniels 1' Cutting Layup Shot (14 PTS) (Young 10 AST)
",1.0,1.0,0.0,0.0,2025-03-16,0022400978,0.0,0.0,BKN,4.0,0.0,-10.0,06:22,Off Long Mid-Range Make,0.0,Daniels 1' Cutting Layup Shot (14 PTS) (Young 10 AST),,BKN,ATL,ATL,1610612737.0,2025.0,2498.0,2508.0,2503.0,1629027|1629611|1630168|1630700|1642258,1629651|1630553|1630592|1641721|1641736,2024-25,618.0,0.41304347826086957,0.0,0.0,0.0,0.0,,
129282.0,06:47,"Okongwu 3' Cutting Layup Shot (16 PTS) (Young 9 AST)
Claxton S.FOUL (P2.T1) (G.Petraitis)
Okongwu Free Throw 1 of 1 (17 PTS)
",1.0,1.0,0.0,0.0,2025-03-16,0022400978,0.0,0.0,BKN,4.0,1.0,-11.0,06:56,Off Arc 3 Make,0.0,Okongwu 3' Cutting Layup Shot (16 PTS) (Young 9 AST),,BKN,ATL,ATL,1610612737.0,2025.0,2464.0,2473.0,2468.5,1629027|1629611|1630168|1630700|1642258,1629651|1629661|1630553|1630592|1641736,2024-25,609.0,0.4444444444444444,0.0,0.0,0.0,0.0,,
129284.0,06:47,"Okongwu 3' Cutting Layup Shot (16 PTS) (Young 9 AST)
Claxton S.FOUL (P2.T1) (G.Petraitis)
Okongwu Free Throw 1 of 1 (17 PTS)
",1.0,1.0,0.0,0.0,2025-03-16,0022400978,0.0,0.0,BKN,4.0,1.0,-11.0,06:56,Off Arc 3 Make,0.0,Okongwu Free Throw 1 of 1 (17 PTS),,BKN,ATL,ATL,1610612737.0,2025.0,2464.0,2473.0,2468.5,1629027|1629611|1630168|1630700|1642258,1629651|1629661|1630553|1630592|1641736,2024-25,615.0,0.704225352112676,0.0,0.0,0.0,0.0,,
129285.0,07:03,"MISS Young 10' Driving Floating Jump Shot
C. Johnson REBOUND (Off:0 Def:3)
",1.0,0.0,0.0,0.0,2025-03-16,0022400978,0.0,0.0,BKN,4.0,0.0,-8.0,07:21,Off FT Make,0.0,MISS Young 10' Driving Floating Jump Shot,,BKN,ATL,ATL,1610612737.0,2025.0,2439.0,2457.0,2448.0,1629027|1629611|1630168|1630700|1642258,1629651|1629661|1630553|1630592|1641736,2024-25,605.0,0.2857142857142857,0.0,0.0,0.0,0.0,,
129286.0,07:03,"MISS Young 10' Driving Floating Jump Shot
C. Johnson REBOUND (Off:0 Def:3)
",1.0,0.0,0.0,0.0,2025-03-16,0022400978,0.0,0.0,BKN,4.0,0.0,-8.0,07:21,Off FT Make,0.0,C. Johnson REBOUND (Off:0 Def:3),,BKN,ATL,ATL,1610612737.0,2025.0,2439.0,2457.0,2448.0,1629027|1629611|1630168|1630700|1642258,1629651|1629661|1630553|1630592|1641736,2024-25,562.0,0.3157894736842105,0.0,0.0,0.0,0.0,,
129288.0,07:36,"MISS Gueye 3PT Jump Shot
Wilson REBOUND (Off:2 Def:1)
",0.0,0.0,1.0,0.0,2025-03-16,0022400978,0.0,0.0,BKN,4.0,0.0,-6.0,07:49,Off At Rim Make,0.0,Wilson REBOUND (Off:2 Def:1),,BKN,ATL,ATL,1610612737.0,2025.0,2411.0,2424.0,2417.5,1629611|1630168|1630700|1631243|1642258,1629661|1630549|1630592|1631213|1641721,2024-25,616.0,0.7666666666666667,0.0,0.0,0.0,0.0,,
129287.0,07:36,"MISS Gueye 3PT Jump Shot
Wilson REBOUND (Off:2 Def:1)
",0.0,0.0,1.0,0.0,2025-03-16,0022400978,0.0,0.0,BKN,4.0,0.0,-6.0,07:49,Off At Rim Make,0.0,MISS Gueye 3PT Jump Shot,,BKN,ATL,ATL,1610612737.0,2025.0,2411.0,2424.0,2417.5,1629611|1630168|1630700|1631243|1642258,1629661|1630549|1630592|1631213|1641721,2024-25,591.0,0.09523809523809523,0.0,0.0,0.0,0.0,,
129289.0,08:07,"MISS Mann 14' Fadeaway Jumper
Sharpe REBOUND (Off:0 Def:7)
",1.0,0.0,0.0,0.0,2025-03-16,0022400978,0.0,0.0,BKN,4.0,0.0,-4.0,08:27,Off Timeout,0.0,MISS Mann 14' Fadeaway Jumper,,BKN,ATL,ATL,1610612737.0,2025.0,2373.0,2393.0,2383.0,1629611|1630168|1630700|1631243|1642258,1629661|1630549|1630592|1631213|1641721,2024-25,579.0,0.23529411764705882,0.0,0.0,0.0,0.0,,
129290.0,08:07,"MISS Mann 14' Fadeaway Jumper
Sharpe REBOUND (Off:0 Def:7)
",1.0,0.0,0.0,0.0,2025-03-16,0022400978,0.0,0.0,BKN,4.0,0.0,-4.0,08:27,Off Timeout,0.0,Sharpe REBOUND (Off:0 Def:7),,BKN,ATL,ATL,1610612737.0,2025.0,2373.0,2393.0,2383.0,1629611|1630168|1630700|1631243|1642258,1629661|1630549|1630592|1631213|1641721,2024-25,604.0,0.7796610169491526,0.0,0.0,0.0,0.0,,
129291.0,08:56,"Young 3' Driving Reverse Layup (23 PTS)
",1.0,1.0,0.0,0.0,2025-03-16,0022400978,0.0,0.0,BKN,4.0,0.0,-3.0,09:06,Off At Rim Make,0.0,Young 3' Driving Reverse Layup (23 PTS),,BKN,ATL,ATL,1610612737.0,2025.0,2334.0,2344.0,2339.0,1627777|1629027|1629611|1631230|1642258,1629661|1630549|1630592|1631213|1641721,2024-25,492.0,0.5333333333333333,0.0,0.0,0.0,0.0,,
129292.0,09:32,"Niang 6' Turnaround Hook Shot (12 PTS) (Young 8 AST)
",1.0,1.0,0.0,0.0,2025-03-16,0022400978,0.0,0.0,BKN,4.0,0.0,-3.0,09:49,Off At Rim Make,0.0,Niang 6' Turnaround Hook Shot (12 PTS) (Young 8 AST),,BKN,ATL,ATL,1610612737.0,2025.0,2291.0,2308.0,2299.5,1627777|1629027|1629611|1631230|1642258,1629661|1630549|1630592|1631213|1641721,2024-25,572.0,0.8627450980392157,0.0,0.0,0.0,0.0,,
129293.0,10:14,"Mann 11' Step Back Jump Shot (13 PTS)
",1.0,1.0,0.0,0.0,2025-03-16,0022400978,0.0,0.0,BKN,4.0,0.0,-3.0,10:27,Off At Rim Make,0.0,Mann 11' Step Back Jump Shot (13 PTS),,BKN,ATL,ATL,1610612737.0,2025.0,2253.0,2266.0,2259.5,1627777|1629027|1629611|1631230|1642258,1629661|1630549|1630592|1631213|1641721,2024-25,569.0,0.961038961038961,0.0,0.0,0.0,0.0,,
129295.0,10:44,"MISS Niang 26' 3PT Running Jump Shot
Sharpe REBOUND (Off:0 Def:6)
",0.0,0.0,1.0,0.0,2025-03-16,0022400978,0.0,0.0,BKN,4.0,0.0,-1.0,10:51,Off Short Mid-Range Miss,0.0,Sharpe REBOUND (Off:0 Def:6),,BKN,ATL,ATL,1610612737.0,2025.0,2229.0,2236.0,2232.5,1627777|1629027|1629611|1631230|1642258,1629661|1630549|1630592|1631213|1641721,2024-25,514.0,0.3137254901960784,0.0,0.0,0.0,0.0,,
129294.0,10:44,"MISS Niang 26' 3PT Running Jump Shot
Sharpe REBOUND (Off:0 Def:6)
",0.0,0.0,1.0,0.0,2025-03-16,0022400978,0.0,0.0,BKN,4.0,0.0,-1.0,10:51,Off Short Mid-Range Miss,0.0,MISS Niang 26' 3PT Running Jump Shot,,BKN,ATL,ATL,1610612737.0,2025.0,2229.0,2236.0,2232.5,1627777|1629027|1629611|1631230|1642258,1629661|1630549|1630592|1631213|1641721,2024-25,565.0,0.7384615384615385,0.0,0.0,0.0,0.0,,
129279.0,05:43,"MISS Risacher 26' 3PT Jump Shot
K. Johnson REBOUND (Off:2 Def:3)
",0.0,0.0,1.0,0.0,2025-03-16,0022400978,0.0,0.0,BKN,4.0,0.0,-8.0,05:53,Off Block,0.0,MISS Risacher 26' 3PT Jump Shot,,BKN,ATL,ATL,1610612737.0,2025.0,2527.0,2537.0,2532.0,1629027|1629611|1630168|1630700|1642258,1629651|1630553|1630592|1641721|1641736,2024-25,625.0,0.26865671641791045,0.0,0.0,0.0,0.0,,
129148.0,00:06,"Young 26' 3PT Running Pull-Up Jump Shot (16 PTS) (Daniels 4 AST)
",0.0,0.0,1.0,1.0,2025-03-16,0022400978,0.0,0.0,BKN,2.0,0.0,3.0,00:10,Off Steal,0.0,Young 26' 3PT Running Pull-Up Jump Shot (16 PTS) (Daniels 4 AST),,BKN,ATL,ATL,1610612737.0,2025.0,1430.0,1434.0,1432.0,1627777|1629027|1630168|1630249|1630700,1629651|1629661|1630570|1630592|1631213,2024-25,368.0,0.8455284552845529,0.0,0.0,0.0,0.0,,
129280.0,05:43,"MISS Risacher 26' 3PT Jump Shot
K. Johnson REBOUND (Off:2 Def:3)
",0.0,0.0,1.0,0.0,2025-03-16,0022400978,0.0,0.0,BKN,4.0,0.0,-8.0,05:53,Off Block,0.0,K. Johnson REBOUND (Off:2 Def:3),,BKN,ATL,ATL,1610612737.0,2025.0,2527.0,2537.0,2532.0,1629027|1629611|1630168|1630700|1642258,1629651|1630553|1630592|1641721|1641736,2024-25,585.0,0.2909090909090909,0.0,0.0,0.0,0.0,,
129149.0,00:23,"MISS Okongwu 3PT Jump Shot
Martin REBOUND (Off:0 Def:4)
",0.0,0.0,1.0,0.0,2025-03-16,0022400978,0.0,0.0,BKN,2.0,0.0,3.0,00:32,Off At Rim Make,0.0,MISS Okongwu 3PT Jump Shot,,BKN,ATL,ATL,1610612737.0,2025.0,1408.0,1417.0,1412.5,1627777|1629027|1630168|1630249|1630700,1629651|1629661|1630570|1630592|1631213,2024-25,304.0,0.208955223880597,0.0,0.0,0.0,0.0,,
129201.0,11:41,"MISS Risacher 25' 3PT Jump Shot
C. Johnson REBOUND (Off:0 Def:1)
",0.0,0.0,1.0,0.0,2025-03-16,0022400978,0.0,0.0,BKN,2.0,0.0,-6.0,12:00,Off Dead Ball,0.0,MISS Risacher 25' 3PT Jump Shot,,BKN,ATL,ATL,1610612737.0,2025.0,720.0,739.0,729.5,1629027|1629611|1631230|1631243|1642258,1629661|1630549|1630570|1631213|1641721,2024-25,177.0,0.7636363636363637,0.0,0.0,0.0,0.0,,
129100.0,00:21,"MISS Mann 7' Turnaround Fadeaway Shot
Sharpe REBOUND (Off:0 Def:1)
",1.0,0.0,0.0,0.0,2025-03-16,0022400978,0.0,0.0,BKN,1.0,0.0,-6.0,00:38,Off At Rim Make,0.0,Sharpe REBOUND (Off:0 Def:1),,BKN,ATL,ATL,1610612737.0,2025.0,682.0,699.0,690.5,1627777|1629027|1629611|1630249|1631230,1630549|1630553|1630570|1641721|1641736,2024-25,154.0,0.3283582089552239,0.0,0.0,0.0,0.0,,
129099.0,00:21,"MISS Mann 7' Turnaround Fadeaway Shot
Sharpe REBOUND (Off:0 Def:1)
",1.0,0.0,0.0,0.0,2025-03-16,0022400978,0.0,0.0,BKN,1.0,0.0,-6.0,00:38,Off At Rim Make,0.0,MISS Mann 7' Turnaround Fadeaway Shot,,BKN,ATL,ATL,1610612737.0,2025.0,682.0,699.0,690.5,1627777|1629027|1629611|1630249|1631230,1630549|1630553|1630570|1641721|1641736,2024-25,160.0,0.961038961038961,0.0,0.0,0.0,0.0,,
129106.0,01:39,"Sharpe P.FOUL (P1.PN) (G.Petraitis)
Niang Free Throw 1 of 2 (1 PTS)
Niang Free Throw 2 of 2 (2 PTS)
",0.0,0.0,0.0,0.0,2025-03-16,0022400978,1.0,0.0,BKN,1.0,0.0,-4.0,01:56,Off Dead Ball,0.0,Niang Free Throw 1 of 2 (1 PTS),,BKN,ATL,ATL,1610612737.0,2025.0,604.0,621.0,612.5,1627777|1629027|1629611|1630249|1631230,1630549|1630553|1630570|1641721|1641736,2024-25,141.0,0.3,0.0,0.0,0.0,0.0,,
129108.0,02:06,"MISS Niang 4' Cutting Layup Shot
NETS Rebound
",1.0,0.0,0.0,0.0,2025-03-16,0022400978,0.0,0.0,BKN,1.0,0.0,-4.0,02:17,Off At Rim Make,0.0,MISS Niang 4' Cutting Layup Shot,,BKN,ATL,ATL,1610612737.0,2025.0,583.0,594.0,588.5,1627777|1629027|1629611|1630249|1631230,1629661|1630549|1630570|1641721|1641736,2024-25,131.0,0.13953488372093023,0.0,0.0,0.0,0.0,,
129112.0,02:35,"Mann 6' Driving Floating Jump Shot (4 PTS)
Beekman S.FOUL (P1.T4) (M.Kallio)
Mann Free Throw 1 of 1 (5 PTS)
",1.0,1.0,0.0,0.0,2025-03-16,0022400978,0.0,0.0,BKN,1.0,1.0,-5.0,02:37,Off Short Mid-Range Miss,0.0,Mann Free Throw 1 of 1 (5 PTS),,BKN,ATL,ATL,1610612737.0,2025.0,563.0,565.0,564.0,1627777|1629027|1629611|1630249|1631230,1629661|1630549|1630570|1641721|1641736,2024-25,130.0,0.9523809523809523,0.0,0.0,0.0,0.0,,
129114.0,02:59,"MISS Krejci 27' 3PT Jump Shot
NETS Rebound
",0.0,0.0,1.0,0.0,2025-03-16,0022400978,0.0,0.0,BKN,1.0,0.0,-5.0,03:15,Off Timeout,0.0,NETS Rebound,,BKN,ATL,ATL,1610612737.0,2025.0,525.0,541.0,533.0,1627777|1629027|1629611|1630249|1631230,1629661|1630549|1630570|1641721|1641736,2024-25,115.0,0.26666666666666666,0.0,0.0,0.0,0.0,,
129117.0,03:38,"Watford S.FOUL (P1.T3) (J.Goble)
MISS Daniels Free Throw 1 of 2
Hawks Rebound
Daniels Free Throw 2 of 2 (1 PTS)
",0.0,0.0,0.0,0.0,2025-03-16,0022400978,0.0,0.0,BKN,1.0,1.0,-6.0,03:53,Off Short Mid-Range Make,0.0,Hawks Rebound,,BKN,ATL,ATL,1610612737.0,2025.0,487.0,502.0,494.5,1627777|1629611|1630249|1630700|1631230,1630549|1630570|1630592|1631213|1641721,2024-25,127.0,0.25,0.0,0.0,0.0,0.0,,
129119.0,04:10,"Mann 5' Driving Floating Bank Jump Shot (2 PTS)
",1.0,1.0,0.0,0.0,2025-03-16,0022400978,0.0,0.0,BKN,1.0,0.0,-6.0,04:19,Off Arc 3 Make,0.0,Mann 5' Driving Floating Bank Jump Shot (2 PTS),,BKN,ATL,ATL,1610612737.0,2025.0,461.0,470.0,465.5,1627777|1629611|1630249|1630700|1631230,1630549|1630570|1630592|1631213|1641721,2024-25,101.0,0.45,0.0,0.0,0.0,0.0,,
129120.0,04:38,"Risacher Out of Bounds Lost Ball Turnover (P1.T3)
",0.0,0.0,0.0,0.0,2025-03-16,0022400978,0.0,0.0,BKN,1.0,0.0,-3.0,04:45,Off At Rim Make,1.0,Risacher Out of Bounds Lost Ball Turnover (P1.T3),,BKN,ATL,ATL,1610612737.0,2025.0,435.0,442.0,438.5,1630168|1630249|1630700|1631243|1642258,1629651|1629661|1630570|1630592|1631213,2024-25,107.0,0.3373493975903614,0.0,0.0,0.0,0.0,,
129121.0,04:56,"MISS Daniels 11' Floating Jump Shot
Martin REBOUND (Off:0 Def:2)
",1.0,0.0,0.0,0.0,2025-03-16,0022400978,0.0,0.0,BKN,1.0,0.0,-1.0,05:06,Off Arc 3 Miss,0.0,MISS Daniels 11' Floating Jump Shot,,BKN,ATL,ATL,1610612737.0,2025.0,414.0,424.0,419.0,1630168|1630249|1630700|1631243|1642258,1629651|1629661|1630570|1630592|1631213,2024-25,85.0,0.3157894736842105,0.0,0.0,0.0,0.0,,
129122.0,04:56,"MISS Daniels 11' Floating Jump Shot
Martin REBOUND (Off:0 Def:2)
",1.0,0.0,0.0,0.0,2025-03-16,0022400978,0.0,0.0,BKN,1.0,0.0,-1.0,05:06,Off Arc 3 Miss,0.0,Martin REBOUND (Off:0 Def:2),,BKN,ATL,ATL,1610612737.0,2025.0,414.0,424.0,419.0,1630168|1630249|1630700|1631243|1642258,1629651|1629661|1630570|1630592|1631213,2024-25,84.0,0.16666666666666666,0.0,0.0,0.0,0.0,,
129123.0,05:28,"Okongwu 8' Turnaround Hook Shot (4 PTS) (Daniels 2 AST)
",1.0,1.0,0.0,0.0,2025-03-16,0022400978,0.0,0.0,BKN,1.0,0.0,-3.0,05:40,Off Short Mid-Range Make,0.0,Okongwu 8' Turnaround Hook Shot (4 PTS) (Daniels 2 AST),,BKN,ATL,ATL,1610612737.0,2025.0,380.0,392.0,386.0,1630168|1630249|1630700|1631243|1642258,1629651|1629661|1630570|1630592|1631213,2024-25,81.0,0.19444444444444445,0.0,0.0,0.0,0.0,,
129127.0,06:41,"MISS Risacher 3PT Jump Shot
Gueye REBOUND (Off:1 Def:0)
Young 3PT Jump Shot (7 PTS) (Gueye 1 AST)
",0.0,0.0,2.0,1.0,2025-03-16,0022400978,0.0,1.0,BKN,1.0,0.0,-4.0,07:00,Off Corner 3 Make,0.0,Gueye REBOUND (Off:1 Def:0),,BKN,ATL,ATL,1610612737.0,2025.0,300.0,319.0,309.5,1629027|1630168|1630700|1631243|1642258,1629651|1629661|1630570|1630592|1631213,2024-25,76.0,0.9122807017543859,0.0,0.0,0.0,0.0,,
129199.0,11:15,"MISS Mann 3PT Running Jump Shot
Martin REBOUND (Off:0 Def:3)
",0.0,0.0,1.0,0.0,2025-03-16,0022400978,0.0,0.0,BKN,2.0,0.0,-6.0,11:25,Off Steal,0.0,MISS Mann 3PT Running Jump Shot,,BKN,ATL,ATL,1610612737.0,2025.0,755.0,765.0,760.0,1629027|1629611|1631230|1631243|1642258,1629661|1630549|1630570|1631213|1641721,2024-25,181.0,0.7272727272727273,0.0,0.0,0.0,0.0,,
129129.0,07:13,"Gueye 1' Cutting Dunk Shot (2 PTS) (Young 2 AST)
",1.0,1.0,0.0,0.0,2025-03-16,0022400978,0.0,0.0,BKN,1.0,0.0,-3.0,07:23,Off Block,0.0,Gueye 1' Cutting Dunk Shot (2 PTS) (Young 2 AST),,BKN,ATL,ATL,1610612737.0,2025.0,277.0,287.0,282.0,1629027|1630168|1630700|1631243|1642258,1629651|1629661|1630553|1630592|1631213,2024-25,59.0,0.17142857142857143,0.0,0.0,0.0,0.0,,
129131.0,07:48,"Martin S.FOUL (P1.T2) (G.Petraitis)
Okongwu Free Throw 1 of 2 (1 PTS)
Okongwu Free Throw 2 of 2 (2 PTS)
",0.0,0.0,0.0,0.0,2025-03-16,0022400978,0.0,0.0,BKN,1.0,1.0,-5.0,07:53,Off Corner 3 Miss,0.0,Okongwu Free Throw 1 of 2 (1 PTS),,BKN,ATL,ATL,1610612737.0,2025.0,247.0,252.0,249.5,1629027|1630168|1630700|1631243|1642258,1629651|1629661|1630553|1630592|1631213,2024-25,55.0,0.9565217391304348,0.0,0.0,0.0,0.0,,
129130.0,07:48,"Martin S.FOUL (P1.T2) (G.Petraitis)
Okongwu Free Throw 1 of 2 (1 PTS)
Okongwu Free Throw 2 of 2 (2 PTS)
",0.0,0.0,0.0,0.0,2025-03-16,0022400978,0.0,0.0,BKN,1.0,1.0,-5.0,07:53,Off Corner 3 Miss,0.0,Martin S.FOUL (P1.T2) (G.Petraitis),,BKN,ATL,ATL,1610612737.0,2025.0,247.0,252.0,249.5,1629027|1630168|1630700|1631243|1642258,1629651|1629661|1630553|1630592|1631213,2024-25,51.0,0.3,0.0,0.0,0.0,0.0,,
129132.0,07:48,"Martin S.FOUL (P1.T2) (G.Petraitis)
Okongwu Free Throw 1 of 2 (1 PTS)
Okongwu Free Throw 2 of 2 (2 PTS)
",0.0,0.0,0.0,0.0,2025-03-16,0022400978,0.0,0.0,BKN,1.0,1.0,-5.0,07:53,Off Corner 3 Miss,0.0,Okongwu Free Throw 2 of 2 (2 PTS),,BKN,ATL,ATL,1610612737.0,2025.0,247.0,252.0,249.5,1629027|1630168|1630700|1631243|1642258,1629651|1629661|1630553|1630592|1631213,2024-25,56.0,0.7761194029850746,0.0,0.0,0.0,0.0,,
129134.0,08:19,"MISS Risacher 27' 3PT Running Jump Shot
NETS Rebound
",0.0,0.0,1.0,0.0,2025-03-16,0022400978,0.0,0.0,BKN,1.0,0.0,-5.0,08:24,Off Steal,0.0,NETS Rebound,,BKN,ATL,ATL,1610612737.0,2025.0,216.0,221.0,218.5,1629027|1630168|1630700|1631243|1642258,1629651|1629661|1630553|1630592|1631213,2024-25,39.0,0.1724137931034483,0.0,0.0,0.0,0.0,,
129133.0,08:19,"MISS Risacher 27' 3PT Running Jump Shot
NETS Rebound
",0.0,0.0,1.0,0.0,2025-03-16,0022400978,0.0,0.0,BKN,1.0,0.0,-5.0,08:24,Off Steal,0.0,MISS Risacher 27' 3PT Running Jump Shot,,BKN,ATL,ATL,1610612737.0,2025.0,216.0,221.0,218.5,1629027|1630168|1630700|1631243|1642258,1629651|1629661|1630553|1630592|1631213,2024-25,43.0,0.39473684210526316,0.0,0.0,0.0,0.0,,
129135.0,08:42,"Risacher 1' Running Layup (5 PTS) (Daniels 1 AST)
",1.0,1.0,0.0,0.0,2025-03-16,0022400978,0.0,0.0,BKN,1.0,0.0,-7.0,08:46,Off Steal,0.0,Risacher 1' Running Layup (5 PTS) (Daniels 1 AST),,BKN,ATL,ATL,1610612737.0,2025.0,194.0,198.0,196.0,1629027|1630168|1630700|1631243|1642258,1629651|1629661|1630553|1630592|1631213,2024-25,42.0,0.07792207792207792,0.0,0.0,0.0,0.0,,
129136.0,08:56,"Daniels Out of Bounds Lost Ball Turnover (P1.T2)
",0.0,0.0,0.0,0.0,2025-03-16,0022400978,0.0,0.0,BKN,1.0,0.0,-7.0,09:03,Off FT Make,1.0,Daniels Out of Bounds Lost Ball Turnover (P1.T2),,BKN,ATL,ATL,1610612737.0,2025.0,177.0,184.0,180.5,1629027|1630168|1630700|1631243|1642258,1629651|1629661|1630553|1630592|1631213,2024-25,36.0,0.5185185185185185,0.0,0.0,0.0,0.0,,
129137.0,09:26,"Young 3' Driving Layup (4 PTS)
",1.0,1.0,0.0,0.0,2025-03-16,0022400978,0.0,0.0,BKN,1.0,0.0,-6.0,09:37,Off Arc 3 Make,0.0,Young 3' Driving Layup (4 PTS),,BKN,ATL,ATL,1610612737.0,2025.0,143.0,154.0,148.5,1629027|1630168|1630700|1631243|1642258,1629651|1629661|1630553|1630592|1631213,2024-25,33.0,0.22580645161290322,0.0,0.0,0.0,0.0,,
129138.0,09:45,"Claxton STEAL (1 STL): Young Bad Pass Turnover (P1.T1)
",0.0,0.0,0.0,0.0,2025-03-16,0022400978,0.0,0.0,BKN,1.0,0.0,-3.0,09:49,Off At Rim Block,1.0,Claxton STEAL (1 STL): Young Bad Pass Turnover (P1.T1),,BKN,ATL,ATL,1610612737.0,2025.0,131.0,135.0,133.0,1629027|1630168|1630700|1631243|1642258,1629651|1629661|1630553|1630592|1631213,2024-25,29.0,0.6896551724137931,0.0,0.0,0.0,0.0,,
129139.0,10:10,"Young 4' Driving Layup (2 PTS)
",1.0,1.0,0.0,0.0,2025-03-16,0022400978,0.0,0.0,BKN,1.0,0.0,-5.0,10:20,Off Arc 3 Make,0.0,Young 4' Driving Layup (2 PTS),,BKN,ATL,ATL,1610612737.0,2025.0,100.0,110.0,105.0,1629027|1630168|1630700|1631243|1642258,1629651|1629661|1630553|1630592|1631213,2024-25,25.0,0.46153846153846156,0.0,0.0,0.0,0.0,,
129141.0,10:26,"MISS Young 17' Driving Floating Jump Shot
K. Johnson REBOUND (Off:0 Def:1)
",1.0,0.0,0.0,0.0,2025-03-16,0022400978,0.0,0.0,BKN,1.0,0.0,-2.0,10:53,Off Arc 3 Make,0.0,K. Johnson REBOUND (Off:0 Def:1),,BKN,ATL,ATL,1610612737.0,2025.0,67.0,94.0,80.5,1629027|1630168|1630700|1631243|1642258,1629651|1629661|1630553|1630592|1631213,2024-25,18.0,0.27956989247311825,0.0,0.0,0.0,0.0,,
129144.0,11:41,"K. Johnson S.FOUL (P1.T1) (G.Petraitis)
MISS Daniels Free Throw 1 of 2
Hawks Rebound
MISS Daniels Free Throw 2 of 2
Martin REBOUND (Off:0 Def:1)
",0.0,0.0,0.0,0.0,2025-03-16,0022400978,0.0,0.0,BKN,1.0,1.0,0.0,11:45,Off Steal,0.0,MISS Daniels Free Throw 1 of 2,,BKN,ATL,ATL,1610612737.0,2025.0,15.0,19.0,17.0,1629027|1630168|1630700|1631243|1642258,1629651|1629661|1630553|1630592|1631213,2024-25,11.0,0.9523809523809523,0.0,0.0,0.0,0.0,,
129146.0,11:41,"K. Johnson S.FOUL (P1.T1) (G.Petraitis)
MISS Daniels Free Throw 1 of 2
Hawks Rebound
MISS Daniels Free Throw 2 of 2
Martin REBOUND (Off:0 Def:1)
",0.0,0.0,0.0,0.0,2025-03-16,0022400978,0.0,0.0,BKN,1.0,1.0,0.0,11:45,Off Steal,0.0,MISS Daniels Free Throw 2 of 2,,BKN,ATL,ATL,1610612737.0,2025.0,15.0,19.0,17.0,1629027|1630168|1630700|1631243|1642258,1629651|1629661|1630553|1630592|1631213,2024-25,13.0,0.9523809523809523,0.0,0.0,0.0,0.0,,
129147.0,11:41,"K. Johnson S.FOUL (P1.T1) (G.Petraitis)
MISS Daniels Free Throw 1 of 2
Hawks Rebound
MISS Daniels Free Throw 2 of 2
Martin REBOUND (Off:0 Def:1)
",0.0,0.0,0.0,0.0,2025-03-16,0022400978,0.0,0.0,BKN,1.0,1.0,0.0,11:45,Off Steal,0.0,Martin REBOUND (Off:0 Def:1),,BKN,ATL,ATL,1610612737.0,2025.0,15.0,19.0,17.0,1629027|1630168|1630700|1631243|1642258,1629651|1629661|1630553|1630592|1631213,2024-25,8.0,0.2692307692307692,0.0,0.0,0.0,0.0,,
129150.0,00:23,"MISS Okongwu 3PT Jump Shot
Martin REBOUND (Off:0 Def:4)
",0.0,0.0,1.0,0.0,2025-03-16,0022400978,0.0,0.0,BKN,2.0,0.0,3.0,00:32,Off At Rim Make,0.0,Martin REBOUND (Off:0 Def:4),,BKN,ATL,ATL,1610612737.0,2025.0,1408.0,1417.0,1412.5,1627777|1629027|1630168|1630249|1630700,1629651|1629661|1630570|1630592|1631213,2024-25,343.0,0.7796610169491526,0.0,0.0,0.0,0.0,,
129200.0,11:15,"MISS Mann 3PT Running Jump Shot
Martin REBOUND (Off:0 Def:3)
",0.0,0.0,1.0,0.0,2025-03-16,0022400978,0.0,0.0,BKN,2.0,0.0,-6.0,11:25,Off Steal,0.0,Martin REBOUND (Off:0 Def:3),,BKN,ATL,ATL,1610612737.0,2025.0,755.0,765.0,760.0,1629027|1629611|1631230|1631243|1642258,1629661|1630549|1630570|1631213|1641721,2024-25,179.0,0.3157894736842105,0.0,0.0,0.0,0.0,,
129145.0,11:41,"K. Johnson S.FOUL (P1.T1) (G.Petraitis)
MISS Daniels Free Throw 1 of 2
Hawks Rebound
MISS Daniels Free Throw 2 of 2
Martin REBOUND (Off:0 Def:1)
",0.0,0.0,0.0,0.0,2025-03-16,0022400978,0.0,0.0,BKN,1.0,1.0,0.0,11:45,Off Steal,0.0,Hawks Rebound,,BKN,ATL,ATL,1610612737.0,2025.0,15.0,19.0,17.0,1629027|1630168|1630700|1631243|1642258,1629651|1629661|1630553|1630592|1631213,2024-25,12.0,0.5714285714285714,0.0,0.0,0.0,0.0,,
129197.0,10:43,"Young 10' Driving Floating Jump Shot (10 PTS)
",1.0,1.0,0.0,0.0,2025-03-16,0022400978,0.0,0.0,BKN,2.0,0.0,-8.0,10:59,Off FT Make,0.0,Young 10' Driving Floating Jump Shot (10 PTS),,BKN,ATL,ATL,1610612737.0,2025.0,781.0,797.0,789.0,1629027|1629611|1631230|1631243|1642258,1629661|1630549|1630570|1631213|1641721,2024-25,194.0,0.375,0.0,0.0,0.0,0.0,,
129153.0,00:55,"Watford S.FOUL (P2.T4) (G.Petraitis)
MISS Okongwu Free Throw 1 of 2
Hawks Rebound
Okongwu Free Throw 2 of 2 (10 PTS)
",0.0,0.0,0.0,0.0,2025-03-16,0022400978,0.0,0.0,BKN,2.0,1.0,4.0,00:58,Off Steal,0.0,Hawks Rebound,,BKN,ATL,ATL,1610612737.0,2025.0,1382.0,1385.0,1383.5,1627777|1629027|1630168|1630249|1630700,1629651|1629661|1630570|1630592|1631213,2024-25,356.0,0.5714285714285714,0.0,0.0,0.0,0.0,,
129154.0,00:55,"Watford S.FOUL (P2.T4) (G.Petraitis)
MISS Okongwu Free Throw 1 of 2
Hawks Rebound
Okongwu Free Throw 2 of 2 (10 PTS)
",0.0,0.0,0.0,0.0,2025-03-16,0022400978,0.0,0.0,BKN,2.0,1.0,4.0,00:58,Off Steal,0.0,Okongwu Free Throw 2 of 2 (10 PTS),,BKN,ATL,ATL,1610612737.0,2025.0,1382.0,1385.0,1383.5,1627777|1629027|1630168|1630249|1630700,1629651|1629661|1630570|1630592|1631213,2024-25,357.0,0.27692307692307694,0.0,0.0,0.0,0.0,,
129152.0,00:55,"Watford S.FOUL (P2.T4) (G.Petraitis)
MISS Okongwu Free Throw 1 of 2
Hawks Rebound
Okongwu Free Throw 2 of 2 (10 PTS)
",0.0,0.0,0.0,0.0,2025-03-16,0022400978,0.0,0.0,BKN,2.0,1.0,4.0,00:58,Off Steal,0.0,MISS Okongwu Free Throw 1 of 2,,BKN,ATL,ATL,1610612737.0,2025.0,1382.0,1385.0,1383.5,1627777|1629027|1630168|1630249|1630700,1629651|1629661|1630570|1630592|1631213,2024-25,355.0,0.24489795918367346,0.0,0.0,0.0,0.0,,
129151.0,00:55,"Watford S.FOUL (P2.T4) (G.Petraitis)
MISS Okongwu Free Throw 1 of 2
Hawks Rebound
Okongwu Free Throw 2 of 2 (10 PTS)
",0.0,0.0,0.0,0.0,2025-03-16,0022400978,0.0,0.0,BKN,2.0,1.0,4.0,00:58,Off Steal,0.0,Watford S.FOUL (P2.T4) (G.Petraitis),,BKN,ATL,ATL,1610612737.0,2025.0,1382.0,1385.0,1383.5,1627777|1629027|1630168|1630249|1630700,1629651|1629661|1630570|1630592|1631213,2024-25,303.0,0.23529411764705882,0.0,0.0,0.0,0.0,,
129155.0,01:23,"Niang 26' 3PT Running Jump Shot (10 PTS) (Krejci 2 AST)
",0.0,0.0,1.0,1.0,2025-03-16,0022400978,0.0,0.0,BKN,2.0,0.0,1.0,01:26,Off Corner 3 Miss,0.0,Niang 26' 3PT Running Jump Shot (10 PTS) (Krejci 2 AST),,BKN,ATL,ATL,1610612737.0,2025.0,1354.0,1357.0,1355.5,1627777|1629027|1630168|1630249|1630700,1629651|1629661|1630570|1630592|1631213,2024-25,346.0,0.8113207547169812,0.0,0.0,0.0,0.0,,
129156.0,01:40,"MISS Krejci 26' 3PT Jump Shot
Watford REBOUND (Off:0 Def:1)
",0.0,0.0,1.0,0.0,2025-03-16,0022400978,0.0,0.0,BKN,2.0,0.0,1.0,01:51,Off Steal,0.0,MISS Krejci 26' 3PT Jump Shot,,BKN,ATL,ATL,1610612737.0,2025.0,1329.0,1340.0,1334.5,1627777|1629027|1630168|1630249|1630700,1629651|1629661|1630570|1630592|1631213,2024-25,341.0,0.15,0.0,0.0,0.0,0.0,,
129157.0,01:40,"MISS Krejci 26' 3PT Jump Shot
Watford REBOUND (Off:0 Def:1)
",0.0,0.0,1.0,0.0,2025-03-16,0022400978,0.0,0.0,BKN,2.0,0.0,1.0,01:51,Off Steal,0.0,Watford REBOUND (Off:0 Def:1),,BKN,ATL,ATL,1610612737.0,2025.0,1329.0,1340.0,1334.5,1627777|1629027|1630168|1630249|1630700,1629651|1629661|1630570|1630592|1631213,2024-25,280.0,0.6885245901639344,0.0,0.0,0.0,0.0,,
129158.0,02:16,"Okongwu 4' Turnaround Hook Shot (9 PTS) (Young 5 AST)
",1.0,1.0,0.0,0.0,2025-03-16,0022400978,0.0,0.0,BKN,2.0,0.0,-1.0,02:29,Off Timeout,0.0,Okongwu 4' Turnaround Hook Shot (9 PTS) (Young 5 AST),,BKN,ATL,ATL,1610612737.0,2025.0,1291.0,1304.0,1297.5,1627777|1629027|1630168|1630249|1630700,1629651|1629661|1630570|1630592|1631213,2024-25,338.0,0.29213483146067415,0.0,0.0,0.0,0.0,,
129198.0,11:06,"Mann 1' Running Reverse Dunk Shot (7 PTS) (Young 3 AST)
",1.0,1.0,0.0,0.0,2025-03-16,0022400978,0.0,0.0,BKN,2.0,0.0,-7.0,11:10,Off FT Miss,0.0,Mann 1' Running Reverse Dunk Shot (7 PTS) (Young 3 AST),,BKN,ATL,ATL,1610612737.0,2025.0,770.0,774.0,772.0,1629027|1629611|1631230|1631243|1642258,1629661|1630549|1630570|1631213|1641721,2024-25,188.0,0.08333333333333333,0.0,0.0,0.0,0.0,,
129160.0,02:58,"Daniels 4' Cutting Layup Shot (3 PTS) (Young 4 AST)
",1.0,1.0,0.0,0.0,2025-03-16,0022400978,0.0,0.0,BKN,2.0,0.0,-5.0,03:13,Off FT Make,0.0,Daniels 4' Cutting Layup Shot (3 PTS) (Young 4 AST),,BKN,ATL,ATL,1610612737.0,2025.0,1247.0,1262.0,1254.5,1627777|1629027|1630168|1630249|1630700,1629651|1629661|1630570|1630592|1631213,2024-25,325.0,0.23529411764705882,0.0,0.0,0.0,0.0,,
129161.0,03:24,"Krejci 3PT Jump Shot (3 PTS) (Daniels 3 AST)
",0.0,0.0,1.0,1.0,2025-03-16,0022400978,0.0,0.0,BKN,2.0,0.0,-6.0,03:38,Off FT Make,0.0,Krejci 3PT Jump Shot (3 PTS) (Daniels 3 AST),,BKN,ATL,ATL,1610612737.0,2025.0,1222.0,1236.0,1229.0,1627777|1629027|1630168|1630249|1630700,1629651|1629661|1630570|1630592|1631213,2024-25,268.0,0.21052631578947367,0.0,0.0,0.0,0.0,,
129163.0,03:51,"Wilson S.FOUL (P1.T3) (J.Goble)
Young Free Throw 1 of 3 (11 PTS)
Young Free Throw 2 of 3 (12 PTS)
Young Free Throw 3 of 3 (13 PTS)
",0.0,0.0,0.0,0.0,2025-03-16,0022400978,0.0,0.0,BKN,2.0,1.0,-7.0,03:58,Off At Rim Miss,0.0,Young Free Throw 1 of 3 (11 PTS),,BKN,ATL,ATL,1610612737.0,2025.0,1202.0,1209.0,1205.5,1627777|1629027|1630168|1630249|1630700,1629651|1629661|1630553|1630592|1631213,2024-25,310.0,0.273972602739726,0.0,0.0,0.0,0.0,,
129164.0,03:51,"Wilson S.FOUL (P1.T3) (J.Goble)
Young Free Throw 1 of 3 (11 PTS)
Young Free Throw 2 of 3 (12 PTS)
Young Free Throw 3 of 3 (13 PTS)
",0.0,0.0,0.0,0.0,2025-03-16,0022400978,0.0,0.0,BKN,2.0,1.0,-7.0,03:58,Off At Rim Miss,0.0,Young Free Throw 2 of 3 (12 PTS),,BKN,ATL,ATL,1610612737.0,2025.0,1202.0,1209.0,1205.5,1627777|1629027|1630168|1630249|1630700,1629651|1629661|1630553|1630592|1631213,2024-25,311.0,0.31746031746031744,0.0,0.0,0.0,0.0,,
129167.0,04:20,"MISS Krejci 25' 3PT Jump Shot
Niang REBOUND (Off:1 Def:2)
Niang Out of Bounds Lost Ball Turnover (P1.T7)
",0.0,0.0,1.0,0.0,2025-03-16,0022400978,0.0,1.0,BKN,2.0,0.0,-7.0,04:36,Off Dead Ball,1.0,Niang REBOUND (Off:1 Def:2),,BKN,ATL,ATL,1610612737.0,2025.0,1164.0,1180.0,1172.0,1627777|1629027|1630168|1630249|1630700,1629651|1629661|1630553|1630592|1641736,2024-25,302.0,0.9473684210526315,0.0,0.0,0.0,0.0,,
129169.0,04:58,"K. Johnson P.FOUL (P3.T2) (J.Goble)
Niang 4' Turnaround Hook Shot (7 PTS)
",1.0,1.0,0.0,0.0,2025-03-16,0022400978,0.0,0.0,BKN,2.0,0.0,-9.0,05:18,Off FT Make,0.0,K. Johnson P.FOUL (P3.T2) (J.Goble),,BKN,ATL,ATL,1610612737.0,2025.0,1122.0,1142.0,1132.0,1627777|1629027|1629611|1630168|1630700,1629651|1629661|1630553|1630592|1641736,2024-25,247.0,0.2988505747126437,0.0,0.0,0.0,0.0,,
129159.0,02:39,"Daniels 1' Running Dunk (5 PTS)
",1.0,1.0,0.0,0.0,2025-03-16,0022400978,0.0,0.0,BKN,2.0,0.0,-3.0,02:41,Off Steal,0.0,Daniels 1' Running Dunk (5 PTS),,BKN,ATL,ATL,1610612737.0,2025.0,1279.0,1281.0,1280.0,1627777|1629027|1630168|1630249|1630700,1629651|1629661|1630570|1630592|1631213,2024-25,329.0,0.4444444444444444,0.0,0.0,0.0,0.0,,
129172.0,05:27,"MISS Niang 3PT Jump Shot
Beekman REBOUND (Off:0 Def:1)
",0.0,0.0,1.0,0.0,2025-03-16,0022400978,0.0,0.0,BKN,2.0,0.0,-7.0,05:36,Off Short Mid-Range Miss,0.0,Beekman REBOUND (Off:0 Def:1),,BKN,ATL,ATL,1610612737.0,2025.0,1104.0,1113.0,1108.5,1627777|1629027|1629611|1630168|1630700,1629651|1630553|1630592|1641721|1641736,2024-25,283.0,0.7213114754098361,0.0,0.0,0.0,0.0,,
129195.0,10:10,"Sharpe BLOCK (1 BLK): MISS Mann 7' Turnaround Jump Shot
Risacher REBOUND (Off:1 Def:1)
Risacher Tip Layup Shot (7 PTS)
",2.0,1.0,0.0,0.0,2025-03-16,0022400978,0.0,1.0,BKN,2.0,0.0,-8.0,10:33,Off FT Make,0.0,Risacher REBOUND (Off:1 Def:1),,BKN,ATL,ATL,1610612737.0,2025.0,807.0,830.0,818.5,1629027|1629611|1631230|1631243|1642258,1629661|1630549|1630570|1631213|1641721,2024-25,201.0,0.3170731707317073,0.0,0.0,0.0,0.0,,
129171.0,05:27,"MISS Niang 3PT Jump Shot
Beekman REBOUND (Off:0 Def:1)
",0.0,0.0,1.0,0.0,2025-03-16,0022400978,0.0,0.0,BKN,2.0,0.0,-7.0,05:36,Off Short Mid-Range Miss,0.0,MISS Niang 3PT Jump Shot,,BKN,ATL,ATL,1610612737.0,2025.0,1104.0,1113.0,1108.5,1627777|1629027|1629611|1630168|1630700,1629651|1630553|1630592|1641721|1641736,2024-25,285.0,0.3333333333333333,0.0,0.0,0.0,0.0,,
129196.0,10:10,"Sharpe BLOCK (1 BLK): MISS Mann 7' Turnaround Jump Shot
Risacher REBOUND (Off:1 Def:1)
Risacher Tip Layup Shot (7 PTS)
",2.0,1.0,0.0,0.0,2025-03-16,0022400978,0.0,1.0,BKN,2.0,0.0,-8.0,10:33,Off FT Make,0.0,Risacher Tip Layup Shot (7 PTS),,BKN,ATL,ATL,1610612737.0,2025.0,807.0,830.0,818.5,1629027|1629611|1631230|1631243|1642258,1629661|1630549|1630570|1631213|1641721,2024-25,202.0,0.8666666666666667,0.0,0.0,0.0,0.0,,
129193.0,09:41,"Risacher Offensive Charge Foul (P3) (J.Goble)
Risacher Offensive Foul Turnover (P2.T4)
",0.0,0.0,0.0,0.0,2025-03-16,0022400978,0.0,0.0,BKN,2.0,0.0,-8.0,09:53,Off Long Mid-Range Make,1.0,Risacher Offensive Foul Turnover (P2.T4),,BKN,ATL,ATL,1610612737.0,2025.0,847.0,859.0,853.0,1629027|1629611|1631230|1631243|1642258,1629661|1630549|1630570|1631213|1641721,2024-25,206.0,0.4367816091954023,0.0,0.0,0.0,0.0,,
129191.0,09:09,"Sharpe BLOCK (2 BLK): MISS Young 4' Driving Layup
Sharpe REBOUND (Off:0 Def:2)
",1.0,0.0,0.0,0.0,2025-03-16,0022400978,0.0,0.0,BKN,2.0,0.0,-10.0,09:24,Off FT Make,0.0,Sharpe REBOUND (Off:0 Def:2),,BKN,ATL,ATL,1610612737.0,2025.0,876.0,891.0,883.5,1629027|1629611|1630168|1630249|1631243,1629661|1630549|1630570|1631213|1641721,2024-25,226.0,0.4,0.0,0.0,0.0,0.0,,
129189.0,08:54,"Young Out of Bounds Lost Ball Turnover (P2.T5)
",0.0,0.0,0.0,0.0,2025-03-16,0022400978,0.0,0.0,BKN,2.0,0.0,-12.0,09:07,Off Timeout,1.0,Young Out of Bounds Lost Ball Turnover (P2.T5),,BKN,ATL,ATL,1610612737.0,2025.0,893.0,906.0,899.5,1627777|1629027|1629611|1630168|1630249,1629661|1630549|1630570|1631213|1641721,2024-25,205.0,0.5316455696202531,0.0,0.0,0.0,0.0,,
129190.0,09:09,"Sharpe BLOCK (2 BLK): MISS Young 4' Driving Layup
Sharpe REBOUND (Off:0 Def:2)
",1.0,0.0,0.0,0.0,2025-03-16,0022400978,0.0,0.0,BKN,2.0,0.0,-10.0,09:24,Off FT Make,0.0,Sharpe BLOCK (2 BLK): MISS Young 4' Driving Layup,,BKN,ATL,ATL,1610612737.0,2025.0,876.0,891.0,883.5,1629027|1629611|1630168|1630249|1631243,1629661|1630549|1630570|1631213|1641721,2024-25,215.0,0.21505376344086022,0.0,0.0,0.0,0.0,,
129186.0,08:01,"MISS Okongwu 6' Turnaround Hook Shot
Mann REBOUND (Off:1 Def:0)
Lewis STEAL (1 STL): Mann Lost Ball Turnover (P1.T6)
",1.0,0.0,0.0,0.0,2025-03-16,0022400978,0.0,1.0,BKN,2.0,0.0,-9.0,08:19,Off Corner 3 Miss,1.0,Mann REBOUND (Off:1 Def:0),,BKN,ATL,ATL,1610612737.0,2025.0,941.0,959.0,950.0,1627777|1629027|1629611|1630168|1630249,1630549|1630553|1630592|1641721|1641736,2024-25,223.0,0.2972972972972973,0.0,0.0,0.0,0.0,,
129180.0,07:23,"MISS Niang 3PT Jump Shot
Hawks Rebound
Claxton S.FOUL (P1.T1) (M.Kallio)
Mann Free Throw 1 of 2 (8 PTS)
Mann Free Throw 2 of 2 (9 PTS)
",0.0,0.0,1.0,0.0,2025-03-16,0022400978,0.0,1.0,BKN,2.0,1.0,-9.0,07:55,Off Steal,0.0,MISS Niang 3PT Jump Shot,,BKN,ATL,ATL,1610612737.0,2025.0,965.0,997.0,981.0,1627777|1629611|1630168|1630249|1630700,1629651|1630553|1630592|1641721|1641736,2024-25,224.0,0.11428571428571428,0.0,0.0,0.0,0.0,,
129176.0,06:41,"MISS Niang 6' Driving Hook Shot
Okongwu REBOUND (Off:1 Def:4)
MISS Okongwu 4' Putback Layup
Claxton REBOUND (Off:0 Def:1)
",2.0,0.0,0.0,0.0,2025-03-16,0022400978,0.0,1.0,BKN,2.0,0.0,-10.0,07:11,Off Corner 3 Make,0.0,MISS Niang 6' Driving Hook Shot,,BKN,ATL,ATL,1610612737.0,2025.0,1009.0,1039.0,1024.0,1627777|1629611|1630168|1630249|1630700,1629651|1630553|1630592|1641721|1641736,2024-25,265.0,0.32558139534883723,0.0,0.0,0.0,0.0,,
129179.0,06:41,"MISS Niang 6' Driving Hook Shot
Okongwu REBOUND (Off:1 Def:4)
MISS Okongwu 4' Putback Layup
Claxton REBOUND (Off:0 Def:1)
",2.0,0.0,0.0,0.0,2025-03-16,0022400978,0.0,1.0,BKN,2.0,0.0,-10.0,07:11,Off Corner 3 Make,0.0,Claxton REBOUND (Off:0 Def:1),,BKN,ATL,ATL,1610612737.0,2025.0,1009.0,1039.0,1024.0,1627777|1629611|1630168|1630249|1630700,1629651|1630553|1630592|1641721|1641736,2024-25,295.0,0.7213114754098361,0.0,0.0,0.0,0.0,,
129174.0,06:23,"MISS Niang 27' 3PT Jump Shot
Claxton REBOUND (Off:0 Def:2)
",0.0,0.0,1.0,0.0,2025-03-16,0022400978,0.0,0.0,BKN,2.0,0.0,-10.0,06:37,Off FT Miss,0.0,MISS Niang 27' 3PT Jump Shot,,BKN,ATL,ATL,1610612737.0,2025.0,1043.0,1057.0,1050.0,1627777|1629027|1629611|1630168|1630700,1629651|1630553|1630592|1641721|1641736,2024-25,277.0,0.27692307692307694,0.0,0.0,0.0,0.0,,
129173.0,05:59,"Okongwu 25' 3PT Jump Shot (7 PTS) (Mann 1 AST)
",0.0,0.0,1.0,1.0,2025-03-16,0022400978,0.0,0.0,BKN,2.0,0.0,-10.0,06:08,Off Arc 3 Miss,0.0,Okongwu 25' 3PT Jump Shot (7 PTS) (Mann 1 AST),,BKN,ATL,ATL,1610612737.0,2025.0,1072.0,1081.0,1076.5,1627777|1629027|1629611|1630168|1630700,1629651|1630553|1630592|1641721|1641736,2024-25,281.0,0.8314606741573034,0.0,0.0,0.0,0.0,,
129188.0,08:37,"Niang 25' 3PT Running Jump Shot (5 PTS) (Krejci 1 AST)
",0.0,0.0,1.0,1.0,2025-03-16,0022400978,0.0,0.0,BKN,2.0,0.0,-12.0,08:41,Off At Rim Block,0.0,Niang 25' 3PT Running Jump Shot (5 PTS) (Krejci 1 AST),,BKN,ATL,ATL,1610612737.0,2025.0,919.0,923.0,921.0,1627777|1629027|1629611|1630168|1630249,1629661|1630549|1630570|1631213|1641721,2024-25,228.0,0.08450704225352113,0.0,0.0,0.0,0.0,,
129412.0,03:59,"MISS Niang 10' Driving Floating Jump Shot
Barlow REBOUND (Off:2 Def:3)
MISS Barlow Tip Layup Shot
Barlow REBOUND (Off:3 Def:3)
Barlow Tip Layup Shot (6 PTS)
",3.0,1.0,0.0,0.0,2025-03-18,0022400993,0.0,2.0,CHA,3.0,0.0,31.0,04:17,Off Short Mid-Range Miss,0.0,Barlow REBOUND (Off:3 Def:3),,CHA,ATL,ATL,1610612737.0,2025.0,1903.0,1921.0,1912.0,1627777|1629611|1630249|1630700|1631230,203994|1630585|1631111|1641733|1641878,2024-25,447.0,0.2553191489361702,0.0,0.0,0.0,0.0,,
129415.0,04:44,"MISS Risacher 3PT Jump Shot
Moore Jr. REBOUND (Off:0 Def:2)
",0.0,0.0,1.0,0.0,2025-03-18,0022400993,0.0,0.0,CHA,3.0,0.0,31.0,05:02,Off Dead Ball,0.0,Moore Jr. REBOUND (Off:0 Def:2),,CHA,ATL,ATL,1610612737.0,2025.0,1858.0,1876.0,1867.0,1627777|1630249|1630700|1631230|1642258,203994|1630585|1631111|1641733|1641878,2024-25,426.0,0.29850746268656714,0.0,0.0,0.0,0.0,,
129414.0,04:44,"MISS Risacher 3PT Jump Shot
Moore Jr. REBOUND (Off:0 Def:2)
",0.0,0.0,1.0,0.0,2025-03-18,0022400993,0.0,0.0,CHA,3.0,0.0,31.0,05:02,Off Dead Ball,0.0,MISS Risacher 3PT Jump Shot,,CHA,ATL,ATL,1610612737.0,2025.0,1858.0,1876.0,1867.0,1627777|1630249|1630700|1631230|1642258,203994|1630585|1631111|1641733|1641878,2024-25,461.0,0.3055555555555556,0.0,0.0,0.0,0.0,,
129413.0,03:59,"MISS Niang 10' Driving Floating Jump Shot
Barlow REBOUND (Off:2 Def:3)
MISS Barlow Tip Layup Shot
Barlow REBOUND (Off:3 Def:3)
Barlow Tip Layup Shot (6 PTS)
",3.0,1.0,0.0,0.0,2025-03-18,0022400993,0.0,2.0,CHA,3.0,0.0,31.0,04:17,Off Short Mid-Range Miss,0.0,Barlow Tip Layup Shot (6 PTS),,CHA,ATL,ATL,1610612737.0,2025.0,1903.0,1921.0,1912.0,1627777|1629611|1630249|1630700|1631230,203994|1630585|1631111|1641733|1641878,2024-25,446.0,0.30434782608695654,0.0,0.0,0.0,0.0,,
129408.0,03:29,"Barlow 7' Jump Shot (8 PTS) (Daniels 7 AST)
",1.0,1.0,0.0,0.0,2025-03-18,0022400993,0.0,0.0,CHA,3.0,0.0,33.0,03:44,Off Corner 3 Miss,0.0,Barlow 7' Jump Shot (8 PTS) (Daniels 7 AST),,CHA,ATL,ATL,1610612737.0,2025.0,1936.0,1951.0,1943.5,1627777|1629611|1630249|1630700|1631230,203994|1630585|1631111|1641733|1641878,2024-25,449.0,0.1,0.0,0.0,0.0,0.0,,
129395.0,00:00,"MISS Young 19' Pullup Jump Shot
Hawks Rebound
Diabaté L.B.FOUL (P2.T1) (T.Ford)
Young T.FOUL (P3.T3) (M.Boland)
Smith Jr. Free Throw Technical (7 PTS)
",1.0,0.0,0.0,0.0,2025-03-18,0022400993,0.0,1.0,CHA,3.0,0.0,27.0,00:14,Off Short Mid-Range Make,0.0,Hawks Rebound,,CHA,ATL,ATL,1610612737.0,2025.0,2146.0,2160.0,2153.0,1627777|1629027|1629611|1630249|1631230,203994|1630585|1631111|1631217|1641733,2024-25,508.0,0.4,0.0,0.0,0.0,0.0,,
129406.0,02:50,"MISS Daniels 26' 3PT Jump Shot
Smith Jr. REBOUND (Off:2 Def:2)
",0.0,0.0,1.0,0.0,2025-03-18,0022400993,0.0,0.0,CHA,3.0,0.0,32.0,03:09,Off Arc 3 Make,0.0,MISS Daniels 26' 3PT Jump Shot,,CHA,ATL,ATL,1610612737.0,2025.0,1971.0,1990.0,1980.5,1627777|1629611|1630249|1630700|1631230,203994|1630585|1631111|1641733|1641878,2024-25,453.0,0.13114754098360656,0.0,0.0,0.0,0.0,,
129404.0,01:55,"Garrett BLOCK (1 BLK): MISS Mann 3' Driving Layup
Garrett REBOUND (Off:0 Def:2)
",1.0,0.0,0.0,0.0,2025-03-18,0022400993,0.0,0.0,CHA,3.0,0.0,30.0,02:21,Off Timeout,0.0,Garrett REBOUND (Off:0 Def:2),,CHA,ATL,ATL,1610612737.0,2025.0,2019.0,2045.0,2032.0,1627777|1629027|1629611|1630249|1631230,203994|1630585|1631111|1631217|1641733,2024-25,479.0,0.16666666666666666,0.0,0.0,0.0,0.0,,
129400.0,01:01,"MISS Barlow 7' Floating Jump Shot
Nurkic REBOUND (Off:0 Def:1)
",1.0,0.0,0.0,0.0,2025-03-18,0022400993,0.0,0.0,CHA,3.0,0.0,29.0,01:17,Off Short Mid-Range Make,0.0,MISS Barlow 7' Floating Jump Shot,,CHA,ATL,ATL,1610612737.0,2025.0,2083.0,2099.0,2091.0,1627777|1629027|1629611|1630249|1631230,203994|1630585|1631111|1631217|1641733,2024-25,474.0,0.34615384615384615,0.0,0.0,0.0,0.0,,
129401.0,01:01,"MISS Barlow 7' Floating Jump Shot
Nurkic REBOUND (Off:0 Def:1)
",1.0,0.0,0.0,0.0,2025-03-18,0022400993,0.0,0.0,CHA,3.0,0.0,29.0,01:17,Off Short Mid-Range Make,0.0,Nurkic REBOUND (Off:0 Def:1),,CHA,ATL,ATL,1610612737.0,2025.0,2083.0,2099.0,2091.0,1627777|1629027|1629611|1630249|1631230,203994|1630585|1631111|1631217|1641733,2024-25,525.0,0.7586206896551724,0.0,0.0,0.0,0.0,,
129399.0,00:36,"Young 32' 3PT Pullup Jump Shot (22 PTS)
",0.0,0.0,1.0,1.0,2025-03-18,0022400993,0.0,0.0,CHA,3.0,0.0,26.0,00:47,Off Arc 3 Make,0.0,Young 32' 3PT Pullup Jump Shot (22 PTS),,CHA,ATL,ATL,1610612737.0,2025.0,2113.0,2124.0,2118.5,1627777|1629027|1629611|1630249|1631230,203994|1630585|1631111|1631217|1641733,2024-25,478.0,0.2191780821917808,0.0,0.0,0.0,0.0,,
129407.0,02:50,"MISS Daniels 26' 3PT Jump Shot
Smith Jr. REBOUND (Off:2 Def:2)
",0.0,0.0,1.0,0.0,2025-03-18,0022400993,0.0,0.0,CHA,3.0,0.0,32.0,03:09,Off Arc 3 Make,0.0,Smith Jr. REBOUND (Off:2 Def:2),,CHA,ATL,ATL,1610612737.0,2025.0,1971.0,1990.0,1980.5,1627777|1629611|1630249|1630700|1631230,203994|1630585|1631111|1641733|1641878,2024-25,456.0,0.37735849056603776,0.0,0.0,0.0,0.0,,
129416.0,05:16,"Risacher 2' Driving Layup (19 PTS)
",1.0,1.0,0.0,0.0,2025-03-18,0022400993,0.0,0.0,CHA,3.0,0.0,29.0,05:24,Off Short Mid-Range Miss,0.0,Risacher 2' Driving Layup (19 PTS),,CHA,ATL,ATL,1610612737.0,2025.0,1836.0,1844.0,1840.0,1627777|1630249|1630700|1631230|1642258,1629610|1630585|1631109|1641733|1641878,2024-25,424.0,0.5142857142857142,0.0,0.0,0.0,0.0,,
129345.0,00:32,"Diabaté BLOCK (2 BLK): MISS Young 26' 3PT Jump Shot
Krejci REBOUND (Off:1 Def:1)
Young 3' Driving Layup (15 PTS)
Diabaté S.FOUL (P1.PN) (R.Mott)
Young Free Throw 1 of 1 (16 PTS)
",1.0,1.0,1.0,0.0,2025-03-18,0022400993,0.0,1.0,CHA,2.0,1.0,11.0,00:48,Off Steal,0.0,Diabaté BLOCK (2 BLK): MISS Young 26' 3PT Jump Shot,,CHA,ATL,ATL,1610612737.0,2025.0,1392.0,1408.0,1400.0,1627777|1629027|1630168|1630249|1630700,1629610|1630182|1630585|1631111|1631217,2024-25,317.0,0.17073170731707318,0.0,0.0,0.0,0.0,,
129418.0,06:17,"Daniels 7' Driving Hook Shot (22 PTS)
",1.0,1.0,0.0,0.0,2025-03-18,0022400993,0.0,0.0,CHA,3.0,0.0,24.0,06:32,Off At Rim Make,0.0,Daniels 7' Driving Hook Shot (22 PTS),,CHA,ATL,ATL,1610612737.0,2025.0,1768.0,1783.0,1775.5,1630249|1630700|1631230|1631243|1642258,1629610|1630585|1631109|1641733|1641878,2024-25,410.0,0.36585365853658536,0.0,0.0,0.0,0.0,,
129419.0,06:53,"Daniels 3' Running Layup (20 PTS) (Young 6 AST)
",1.0,1.0,0.0,0.0,2025-03-18,0022400993,0.0,0.0,CHA,3.0,0.0,24.0,06:59,Off Steal,0.0,Daniels 3' Running Layup (20 PTS) (Young 6 AST),,CHA,ATL,ATL,1610612737.0,2025.0,1741.0,1747.0,1744.0,1629027|1630168|1630700|1631243|1642258,203552|1629610|1630182|1631109|1641878,2024-25,396.0,0.7916666666666666,0.0,0.0,0.0,0.0,,
129420.0,07:04,"MISS Gueye 3PT Jump Shot
Green REBOUND (Off:0 Def:2)
",0.0,0.0,1.0,0.0,2025-03-18,0022400993,0.0,0.0,CHA,3.0,0.0,24.0,07:16,Off Long Mid-Range Miss,0.0,MISS Gueye 3PT Jump Shot,,CHA,ATL,ATL,1610612737.0,2025.0,1724.0,1736.0,1730.0,1629027|1630168|1630700|1631243|1642258,203552|1629610|1630182|1631109|1641878,2024-25,392.0,0.21621621621621623,0.0,0.0,0.0,0.0,,
129421.0,07:04,"MISS Gueye 3PT Jump Shot
Green REBOUND (Off:0 Def:2)
",0.0,0.0,1.0,0.0,2025-03-18,0022400993,0.0,0.0,CHA,3.0,0.0,24.0,07:16,Off Long Mid-Range Miss,0.0,Green REBOUND (Off:0 Def:2),,CHA,ATL,ATL,1610612737.0,2025.0,1724.0,1736.0,1730.0,1629027|1630168|1630700|1631243|1642258,203552|1629610|1630182|1631109|1641878,2024-25,391.0,0.34375,0.0,0.0,0.0,0.0,,
129422.0,07:36,"Risacher 20' Running Jump Shot (14 PTS) (Young 5 AST)
",1.0,1.0,0.0,0.0,2025-03-18,0022400993,0.0,0.0,CHA,3.0,0.0,22.0,07:41,Off Short Mid-Range Miss,0.0,Risacher 20' Running Jump Shot (14 PTS) (Young 5 AST),,CHA,ATL,ATL,1610612737.0,2025.0,1699.0,1704.0,1701.5,1629027|1630168|1630700|1631243|1642258,203552|1629610|1630182|1631109|1641878,2024-25,388.0,0.21176470588235294,0.0,0.0,0.0,0.0,,
129424.0,07:56,"MISS Young 27' 3PT Pullup Jump Shot
M. Williams REBOUND (Off:1 Def:4)
",0.0,0.0,1.0,0.0,2025-03-18,0022400993,0.0,0.0,CHA,3.0,0.0,22.0,08:07,Off Arc 3 Miss,0.0,M. Williams REBOUND (Off:1 Def:4),,CHA,ATL,ATL,1610612737.0,2025.0,1673.0,1684.0,1678.5,1629027|1630168|1630700|1631243|1642258,203552|1629610|1630182|1631109|1641878,2024-25,378.0,0.20408163265306123,0.0,0.0,0.0,0.0,,
129425.0,08:24,"Young 29' 3PT Pullup Jump Shot (19 PTS)
",0.0,0.0,1.0,1.0,2025-03-18,0022400993,0.0,0.0,CHA,3.0,0.0,19.0,08:31,Off Short Mid-Range Miss,0.0,Young 29' 3PT Pullup Jump Shot (19 PTS),,CHA,ATL,ATL,1610612737.0,2025.0,1649.0,1656.0,1652.5,1629027|1630168|1630700|1631243|1642258,203552|1629610|1630182|1631109|1641878,2024-25,376.0,0.17543859649122806,0.0,0.0,0.0,0.0,,
129426.0,08:54,"Daniels 3PT Jump Shot (18 PTS) (Risacher 2 AST)
",0.0,0.0,1.0,1.0,2025-03-18,0022400993,0.0,0.0,CHA,3.0,0.0,16.0,09:01,Off Steal,0.0,Daniels 3PT Jump Shot (18 PTS) (Risacher 2 AST),,CHA,ATL,ATL,1610612737.0,2025.0,1619.0,1626.0,1622.5,1629027|1630168|1630700|1631243|1642258,203552|1629610|1630182|1631109|1641878,2024-25,372.0,0.3291139240506329,0.0,0.0,0.0,0.0,,
129428.0,09:06,"MISS Okongwu 26' 3PT Jump Shot
Baugh REBOUND (Off:0 Def:5)
",0.0,0.0,1.0,0.0,2025-03-18,0022400993,0.0,0.0,CHA,3.0,0.0,16.0,09:21,Off Short Mid-Range Make,0.0,Baugh REBOUND (Off:0 Def:5),,CHA,ATL,ATL,1610612737.0,2025.0,1599.0,1614.0,1606.5,1629027|1630168|1630700|1631243|1642258,203552|1629610|1630182|1631109|1641878,2024-25,412.0,0.1724137931034483,0.0,0.0,0.0,0.0,,
129429.0,09:39,"Young Bad Pass Turnover (P4.T7)
",0.0,0.0,0.0,0.0,2025-03-18,0022400993,0.0,0.0,CHA,3.0,0.0,18.0,09:55,Off FT Make,1.0,Young Bad Pass Turnover (P4.T7),,CHA,ATL,ATL,1610612737.0,2025.0,1565.0,1581.0,1573.0,1629027|1630168|1630700|1631243|1642258,203552|1629610|1630182|1631109|1641878,2024-25,399.0,0.875,0.0,0.0,0.0,0.0,,
129431.0,10:35,"Risacher 26' 3PT Jump Shot (9 PTS) (Daniels 4 AST)
",0.0,0.0,1.0,1.0,2025-03-18,0022400993,0.0,0.0,CHA,3.0,0.0,14.0,10:53,Off Short Mid-Range Miss,0.0,Risacher 26' 3PT Jump Shot (9 PTS) (Daniels 4 AST),,CHA,ATL,ATL,1610612737.0,2025.0,1507.0,1525.0,1516.0,1629027|1630168|1630700|1631243|1642258,203552|1629610|1630182|1631109|1641878,2024-25,350.0,0.8247422680412371,0.0,0.0,0.0,0.0,,
129432.0,11:18,"Risacher 26' 3PT Jump Shot (6 PTS) (Young 4 AST)
",0.0,0.0,1.0,1.0,2025-03-18,0022400993,0.0,0.0,CHA,3.0,0.0,11.0,11:36,Off Short Mid-Range Make,0.0,Risacher 26' 3PT Jump Shot (6 PTS) (Young 4 AST),,CHA,ATL,ATL,1610612737.0,2025.0,1464.0,1482.0,1473.0,1629027|1630168|1630700|1631243|1642258,203552|1629610|1630182|1631109|1641878,2024-25,346.0,0.5454545454545454,0.0,0.0,0.0,0.0,,
129344.0,00:00,"Okongwu 2' Reverse Layup (15 PTS) (Daniels 3 AST)
",1.0,1.0,0.0,0.0,2025-03-18,0022400993,0.0,0.0,CHA,2.0,0.0,11.0,00:15,Off Corner 3 Make,0.0,Okongwu 2' Reverse Layup (15 PTS) (Daniels 3 AST),,CHA,ATL,ATL,1610612737.0,2025.0,1425.0,1440.0,1432.5,1629027|1629611|1630168|1630249|1630700,1629610|1630182|1630585|1631111|1631217,2024-25,328.0,0.04878048780487805,0.0,0.0,0.0,0.0,,
129396.0,00:00,"MISS Young 19' Pullup Jump Shot
Hawks Rebound
Diabaté L.B.FOUL (P2.T1) (T.Ford)
Young T.FOUL (P3.T3) (M.Boland)
Smith Jr. Free Throw Technical (7 PTS)
",1.0,0.0,0.0,0.0,2025-03-18,0022400993,0.0,1.0,CHA,3.0,0.0,27.0,00:14,Off Short Mid-Range Make,0.0,Diabaté L.B.FOUL (P2.T1) (T.Ford),,CHA,ATL,ATL,1610612737.0,2025.0,2146.0,2160.0,2153.0,1627777|1629027|1629611|1630249|1631230,203994|1630585|1631111|1631217|1641733,2024-25,501.0,0.2,0.0,0.0,0.0,0.0,,
129417.0,05:38,"Risacher 3PT Jump Shot (17 PTS) (Daniels 6 AST)
",0.0,0.0,1.0,1.0,2025-03-18,0022400993,0.0,0.0,CHA,3.0,0.0,26.0,05:50,Off Steal,0.0,Risacher 3PT Jump Shot (17 PTS) (Daniels 6 AST),,CHA,ATL,ATL,1610612737.0,2025.0,1810.0,1822.0,1816.0,1627777|1630249|1630700|1631230|1642258,1629610|1630585|1631109|1641733|1641878,2024-25,420.0,0.34146341463414637,0.0,0.0,0.0,0.0,,
129477.0,11:31,"MISS Young 13' Fadeaway Jumper
Moore Jr. REBOUND (Off:0 Def:3)
",1.0,0.0,0.0,0.0,2025-03-18,0022400993,0.0,0.0,CHA,4.0,0.0,26.0,12:00,Off Dead Ball,0.0,MISS Young 13' Fadeaway Jumper,,CHA,ATL,ATL,1610612737.0,2025.0,2160.0,2189.0,2174.5,1627777|1629027|1629611|1630249|1631230,203552|203994|1630585|1631111|1631217,2024-25,491.0,0.3548387096774194,0.0,0.0,0.0,0.0,,
129459.0,06:24,"Jeffries P.FOUL (P3.T3) (R.Mott)
MISS Okongwu 26' 3PT Jump Shot
Smith Jr. REBOUND (Off:2 Def:3)
",0.0,0.0,1.0,0.0,2025-03-18,0022400993,0.0,0.0,CHA,4.0,0.0,32.0,06:49,Off Short Mid-Range Make,0.0,MISS Okongwu 26' 3PT Jump Shot,,CHA,ATL,ATL,1610612737.0,2025.0,2471.0,2496.0,2483.5,1627777|1629027|1629726|1630168|1642258,1629610|1630585|1631217|1641733|1641878,2024-25,566.0,0.22950819672131148,0.0,0.0,0.0,0.0,,
129476.0,11:12,"Mann 3PT Jump Shot (10 PTS) (Krejci 1 AST)
",0.0,0.0,1.0,1.0,2025-03-18,0022400993,0.0,0.0,CHA,4.0,0.0,26.0,11:17,Off At Rim Miss,0.0,Mann 3PT Jump Shot (10 PTS) (Krejci 1 AST),,CHA,ATL,ATL,1610612737.0,2025.0,2203.0,2208.0,2205.5,1627777|1629027|1629611|1630249|1631230,203552|203994|1630585|1631111|1631217,2024-25,495.0,0.4,0.0,0.0,0.0,0.0,,
129347.0,00:32,"Diabaté BLOCK (2 BLK): MISS Young 26' 3PT Jump Shot
Krejci REBOUND (Off:1 Def:1)
Young 3' Driving Layup (15 PTS)
Diabaté S.FOUL (P1.PN) (R.Mott)
Young Free Throw 1 of 1 (16 PTS)
",1.0,1.0,1.0,0.0,2025-03-18,0022400993,0.0,1.0,CHA,2.0,1.0,11.0,00:48,Off Steal,0.0,Young 3' Driving Layup (15 PTS),,CHA,ATL,ATL,1610612737.0,2025.0,1392.0,1408.0,1400.0,1627777|1629027|1630168|1630249|1630700,1629610|1630182|1630585|1631111|1631217,2024-25,320.0,0.49230769230769234,0.0,0.0,0.0,0.0,,
129439.0,01:25,"MISS Risacher 26' 3PT Running Jump Shot
Baugh REBOUND (Off:1 Def:8)
",0.0,0.0,1.0,0.0,2025-03-18,0022400993,0.0,0.0,CHA,4.0,0.0,33.0,01:31,Off Corner 3 Miss,0.0,Baugh REBOUND (Off:1 Def:8),,CHA,ATL,ATL,1610612737.0,2025.0,2789.0,2795.0,2792.0,1629726|1630249|1631230|1631243|1642258,203552|1629610|1631111|1641733|1641878,2024-25,635.0,0.32,0.0,0.0,0.0,0.0,,
129438.0,01:25,"MISS Risacher 26' 3PT Running Jump Shot
Baugh REBOUND (Off:1 Def:8)
",0.0,0.0,1.0,0.0,2025-03-18,0022400993,0.0,0.0,CHA,4.0,0.0,33.0,01:31,Off Corner 3 Miss,0.0,MISS Risacher 26' 3PT Running Jump Shot,,CHA,ATL,ATL,1610612737.0,2025.0,2789.0,2795.0,2792.0,1629726|1630249|1631230|1631243|1642258,203552|1629610|1631111|1641733|1641878,2024-25,636.0,0.40860215053763443,0.0,0.0,0.0,0.0,,
129441.0,01:41,"MISS Risacher 2' Driving Layup
Baugh REBOUND (Off:1 Def:7)
",1.0,0.0,0.0,0.0,2025-03-18,0022400993,0.0,0.0,CHA,4.0,0.0,33.0,02:00,Off FT Make,0.0,Baugh REBOUND (Off:1 Def:7),,CHA,ATL,ATL,1610612737.0,2025.0,2760.0,2779.0,2769.5,1629726|1630249|1631230|1631243|1642258,203552|1629610|1631111|1641733|1641878,2024-25,661.0,0.3076923076923077,0.0,0.0,0.0,0.0,,
129442.0,02:23,"Mathews 3PT Jump Shot (6 PTS) (Krejci 2 AST)
",0.0,0.0,1.0,1.0,2025-03-18,0022400993,0.0,0.0,CHA,4.0,0.0,31.0,02:40,Off Corner 3 Make,0.0,Mathews 3PT Jump Shot (6 PTS) (Krejci 2 AST),,CHA,ATL,ATL,1610612737.0,2025.0,2720.0,2737.0,2728.5,1629726|1630249|1631230|1631243|1642258,203552|1629610|1631111|1641733|1641878,2024-25,623.0,0.18823529411764706,0.0,0.0,0.0,0.0,,
129444.0,03:22,"MISS Krejci 30' 3PT Jump Shot
Baugh REBOUND (Off:1 Def:6)
",0.0,0.0,1.0,0.0,2025-03-18,0022400993,0.0,0.0,CHA,4.0,0.0,34.0,03:38,Off At Rim Make,0.0,MISS Krejci 30' 3PT Jump Shot,,CHA,ATL,ATL,1610612737.0,2025.0,2662.0,2678.0,2670.0,1629726|1630249|1631230|1631243|1642258,203552|1629610|1631111|1641733|1641878,2024-25,615.0,0.3333333333333333,0.0,0.0,0.0,0.0,,
129445.0,03:22,"MISS Krejci 30' 3PT Jump Shot
Baugh REBOUND (Off:1 Def:6)
",0.0,0.0,1.0,0.0,2025-03-18,0022400993,0.0,0.0,CHA,4.0,0.0,34.0,03:38,Off At Rim Make,0.0,Baugh REBOUND (Off:1 Def:6),,CHA,ATL,ATL,1610612737.0,2025.0,2662.0,2678.0,2670.0,1629726|1630249|1631230|1631243|1642258,203552|1629610|1631111|1641733|1641878,2024-25,646.0,0.29411764705882354,0.0,0.0,0.0,0.0,,
129448.0,03:58,"Jeffries S.FOUL (P4.T4) (T.Ford)
Risacher Free Throw 1 of 2 (20 PTS)
Risacher Free Throw 2 of 2 (21 PTS)
",0.0,0.0,0.0,0.0,2025-03-18,0022400993,0.0,0.0,CHA,4.0,1.0,34.0,04:04,Off Corner 3 Miss,0.0,Risacher Free Throw 2 of 2 (21 PTS),,CHA,ATL,ATL,1610612737.0,2025.0,2636.0,2642.0,2639.0,1629726|1630249|1631230|1631243|1642258,1629610|1630585|1631217|1641733|1641878,2024-25,612.0,0.37142857142857144,0.0,0.0,0.0,0.0,,
129449.0,04:24,"Barlow 6' Driving Hook Shot (10 PTS)
",1.0,1.0,0.0,0.0,2025-03-18,0022400993,0.0,0.0,CHA,4.0,0.0,32.0,04:37,Off Arc 3 Miss,0.0,Barlow 6' Driving Hook Shot (10 PTS),,CHA,ATL,ATL,1610612737.0,2025.0,2603.0,2616.0,2609.5,1629726|1630249|1631230|1631243|1642258,1629610|1630585|1631217|1641733|1641878,2024-25,600.0,0.1702127659574468,0.0,0.0,0.0,0.0,,
129450.0,04:52,"MISS Mathews 27' 3PT Jump Shot
Okongwu REBOUND (Off:2 Def:8)
MISS Risacher 20' Jump Shot
Diabaté REBOUND (Off:0 Def:2)
",1.0,0.0,1.0,0.0,2025-03-18,0022400993,0.0,1.0,CHA,4.0,0.0,32.0,05:10,Off At Rim Miss,0.0,MISS Mathews 27' 3PT Jump Shot,,CHA,ATL,ATL,1610612737.0,2025.0,2570.0,2588.0,2579.0,1627777|1629726|1630168|1630249|1642258,1629610|1630585|1631217|1641733|1641878,2024-25,651.0,0.16666666666666666,0.0,0.0,0.0,0.0,,
129451.0,04:52,"MISS Mathews 27' 3PT Jump Shot
Okongwu REBOUND (Off:2 Def:8)
MISS Risacher 20' Jump Shot
Diabaté REBOUND (Off:0 Def:2)
",1.0,0.0,1.0,0.0,2025-03-18,0022400993,0.0,1.0,CHA,4.0,0.0,32.0,05:10,Off At Rim Miss,0.0,Okongwu REBOUND (Off:2 Def:8),,CHA,ATL,ATL,1610612737.0,2025.0,2570.0,2588.0,2579.0,1627777|1629726|1630168|1630249|1642258,1629610|1630585|1631217|1641733|1641878,2024-25,586.0,0.6885245901639344,0.0,0.0,0.0,0.0,,
129455.0,05:17,"MISS Risacher 31' 3PT Jump Shot
Garrett REBOUND (Off:0 Def:3)
",0.0,0.0,1.0,0.0,2025-03-18,0022400993,0.0,0.0,CHA,4.0,0.0,32.0,05:35,Off Block,0.0,Garrett REBOUND (Off:0 Def:3),,CHA,ATL,ATL,1610612737.0,2025.0,2545.0,2563.0,2554.0,1627777|1629726|1630168|1630249|1642258,1629610|1630585|1631217|1641733|1641878,2024-25,645.0,0.3283582089552239,0.0,0.0,0.0,0.0,,
129454.0,05:17,"MISS Risacher 31' 3PT Jump Shot
Garrett REBOUND (Off:0 Def:3)
",0.0,0.0,1.0,0.0,2025-03-18,0022400993,0.0,0.0,CHA,4.0,0.0,32.0,05:35,Off Block,0.0,MISS Risacher 31' 3PT Jump Shot,,CHA,ATL,ATL,1610612737.0,2025.0,2545.0,2563.0,2554.0,1627777|1629726|1630168|1630249|1642258,1629610|1630585|1631217|1641733|1641878,2024-25,652.0,0.16326530612244897,0.0,0.0,0.0,0.0,,
129456.0,05:43,"Garrett STEAL (3 STL): Risacher Lost Ball Turnover (P1.T10)
",0.0,0.0,0.0,0.0,2025-03-18,0022400993,0.0,0.0,CHA,4.0,0.0,32.0,05:51,Off Short Mid-Range Miss,1.0,Garrett STEAL (3 STL): Risacher Lost Ball Turnover (P1.T10),,CHA,ATL,ATL,1610612737.0,2025.0,2529.0,2537.0,2533.0,1627777|1629726|1630168|1630249|1642258,1629610|1630585|1631217|1641733|1641878,2024-25,619.0,0.25925925925925924,0.0,0.0,0.0,0.0,,
129457.0,06:11,"Okongwu Traveling Turnover (P1.T9)
",0.0,0.0,0.0,0.0,2025-03-18,0022400993,0.0,0.0,CHA,4.0,0.0,32.0,06:18,Off Steal,1.0,Okongwu Traveling Turnover (P1.T9),,CHA,ATL,ATL,1610612737.0,2025.0,2502.0,2509.0,2505.5,1627777|1629027|1629726|1630168|1642258,1629610|1630585|1631217|1641733|1641878,2024-25,570.0,0.45454545454545453,0.0,0.0,0.0,0.0,,
129458.0,06:24,"Jeffries P.FOUL (P3.T3) (R.Mott)
MISS Okongwu 26' 3PT Jump Shot
Smith Jr. REBOUND (Off:2 Def:3)
",0.0,0.0,1.0,0.0,2025-03-18,0022400993,0.0,0.0,CHA,4.0,0.0,32.0,06:49,Off Short Mid-Range Make,0.0,Jeffries P.FOUL (P3.T3) (R.Mott),,CHA,ATL,ATL,1610612737.0,2025.0,2471.0,2496.0,2483.5,1627777|1629027|1629726|1630168|1642258,1629610|1630585|1631217|1641733|1641878,2024-25,565.0,0.16393442622950818,0.0,0.0,0.0,0.0,,
129460.0,06:24,"Jeffries P.FOUL (P3.T3) (R.Mott)
MISS Okongwu 26' 3PT Jump Shot
Smith Jr. REBOUND (Off:2 Def:3)
",0.0,0.0,1.0,0.0,2025-03-18,0022400993,0.0,0.0,CHA,4.0,0.0,32.0,06:49,Off Short Mid-Range Make,0.0,Smith Jr. REBOUND (Off:2 Def:3),,CHA,ATL,ATL,1610612737.0,2025.0,2471.0,2496.0,2483.5,1627777|1629027|1629726|1630168|1642258,1629610|1630585|1631217|1641733|1641878,2024-25,632.0,0.65625,0.0,0.0,0.0,0.0,,
129461.0,07:16,"Mathews 3PT Running Jump Shot (3 PTS) (Young 8 AST)
",0.0,0.0,1.0,1.0,2025-03-18,0022400993,0.0,0.0,CHA,4.0,0.0,31.0,07:19,Off At Rim Block,0.0,Mathews 3PT Running Jump Shot (3 PTS) (Young 8 AST),,CHA,ATL,ATL,1610612737.0,2025.0,2441.0,2444.0,2442.5,1627777|1629027|1629611|1629726|1630168,203552|203994|1629610|1630585|1631111,2024-25,548.0,0.2898550724637681,0.0,0.0,0.0,0.0,,
129463.0,07:29,"Garrett S.FOUL (P2.T2) (R.Mott)
Young Free Throw 1 of 2 (30 PTS)
Young Free Throw 2 of 2 (31 PTS)
",0.0,0.0,0.0,0.0,2025-03-18,0022400993,0.0,0.0,CHA,4.0,1.0,29.0,07:39,Off At Rim Make,0.0,Young Free Throw 1 of 2 (30 PTS),,CHA,ATL,ATL,1610612737.0,2025.0,2421.0,2431.0,2426.0,1627777|1629027|1629611|1629726|1630168,203552|203994|1629610|1630585|1631111,2024-25,606.0,0.7761194029850746,0.0,0.0,0.0,0.0,,
129462.0,07:29,"Garrett S.FOUL (P2.T2) (R.Mott)
Young Free Throw 1 of 2 (30 PTS)
Young Free Throw 2 of 2 (31 PTS)
",0.0,0.0,0.0,0.0,2025-03-18,0022400993,0.0,0.0,CHA,4.0,1.0,29.0,07:39,Off At Rim Make,0.0,Garrett S.FOUL (P2.T2) (R.Mott),,CHA,ATL,ATL,1610612737.0,2025.0,2421.0,2431.0,2426.0,1627777|1629027|1629611|1629726|1630168,203552|203994|1629610|1630585|1631111,2024-25,549.0,0.22535211267605634,0.0,0.0,0.0,0.0,,
129464.0,07:29,"Garrett S.FOUL (P2.T2) (R.Mott)
Young Free Throw 1 of 2 (30 PTS)
Young Free Throw 2 of 2 (31 PTS)
",0.0,0.0,0.0,0.0,2025-03-18,0022400993,0.0,0.0,CHA,4.0,1.0,29.0,07:39,Off At Rim Make,0.0,Young Free Throw 2 of 2 (31 PTS),,CHA,ATL,ATL,1610612737.0,2025.0,2421.0,2431.0,2426.0,1627777|1629027|1629611|1629726|1630168,203552|203994|1629610|1630585|1631111,2024-25,611.0,0.7761194029850746,0.0,0.0,0.0,0.0,,
129465.0,08:18,"Young 25' 3PT Step Back Jump Shot (29 PTS)
",0.0,0.0,1.0,1.0,2025-03-18,0022400993,0.0,0.0,CHA,4.0,0.0,28.0,08:27,Off At Rim Make,0.0,Young 25' 3PT Step Back Jump Shot (29 PTS),,CHA,ATL,ATL,1610612737.0,2025.0,2373.0,2382.0,2377.5,1627777|1629027|1629611|1629726|1630168,203552|203994|1630585|1631111|1631217,2024-25,530.0,0.2828282828282828,0.0,0.0,0.0,0.0,,
129467.0,09:16,"Nurkic BLOCK (1 BLK): MISS Barlow 4' Running Layup
HORNETS Rebound
",1.0,0.0,0.0,0.0,2025-03-18,0022400993,0.0,0.0,CHA,4.0,0.0,28.0,09:18,Off Block,0.0,Nurkic BLOCK (1 BLK): MISS Barlow 4' Running Layup,,CHA,ATL,ATL,1610612737.0,2025.0,2322.0,2324.0,2323.0,1627777|1629027|1629611|1629726|1631230,203552|203994|1630585|1631111|1631217,2024-25,519.0,0.2777777777777778,0.0,0.0,0.0,0.0,,
129469.0,09:33,"Mann 3' Driving Layup (12 PTS) (Young 7 AST)
",1.0,1.0,0.0,0.0,2025-03-18,0022400993,0.0,0.0,CHA,4.0,0.0,26.0,09:58,Off FT Make,0.0,Mann 3' Driving Layup (12 PTS) (Young 7 AST),,CHA,ATL,ATL,1610612737.0,2025.0,2282.0,2307.0,2294.5,1627777|1629027|1629611|1629726|1631230,203552|203994|1630585|1631111|1631217,2024-25,547.0,0.16129032258064516,0.0,0.0,0.0,0.0,,
129470.0,10:00,"MISS Niang 26' 3PT Jump Shot
Moore Jr. REBOUND (Off:0 Def:4)
",0.0,0.0,1.0,0.0,2025-03-18,0022400993,0.0,0.0,CHA,4.0,0.0,29.0,10:11,Off Dead Ball,0.0,MISS Niang 26' 3PT Jump Shot,,CHA,ATL,ATL,1610612737.0,2025.0,2269.0,2280.0,2274.5,1627777|1629027|1629611|1630249|1631230,203552|203994|1630585|1631111|1631217,2024-25,535.0,0.3333333333333333,0.0,0.0,0.0,0.0,,
129471.0,10:00,"MISS Niang 26' 3PT Jump Shot
Moore Jr. REBOUND (Off:0 Def:4)
",0.0,0.0,1.0,0.0,2025-03-18,0022400993,0.0,0.0,CHA,4.0,0.0,29.0,10:11,Off Dead Ball,0.0,Moore Jr. REBOUND (Off:0 Def:4),,CHA,ATL,ATL,1610612737.0,2025.0,2269.0,2280.0,2274.5,1627777|1629027|1629611|1630249|1631230,203552|203994|1630585|1631111|1631217,2024-25,526.0,0.3125,0.0,0.0,0.0,0.0,,
129473.0,10:28,"MISS Barlow 16' Jump Shot
Hawks Rebound
Nurkic L.B.FOUL (P1.T1) (T.Ford)
Young 8' Driving Floating Jump Shot (24 PTS) (Barlow 1 AST)
",2.0,1.0,0.0,0.0,2025-03-18,0022400993,0.0,1.0,CHA,4.0,0.0,27.0,10:51,Off At Rim Make,0.0,Hawks Rebound,,CHA,ATL,ATL,1610612737.0,2025.0,2229.0,2252.0,2240.5,1627777|1629027|1629611|1630249|1631230,203552|203994|1630585|1631111|1631217,2024-25,500.0,0.29411764705882354,0.0,0.0,0.0,0.0,,
129472.0,10:28,"MISS Barlow 16' Jump Shot
Hawks Rebound
Nurkic L.B.FOUL (P1.T1) (T.Ford)
Young 8' Driving Floating Jump Shot (24 PTS) (Barlow 1 AST)
",2.0,1.0,0.0,0.0,2025-03-18,0022400993,0.0,1.0,CHA,4.0,0.0,27.0,10:51,Off At Rim Make,0.0,MISS Barlow 16' Jump Shot,,CHA,ATL,ATL,1610612737.0,2025.0,2229.0,2252.0,2240.5,1627777|1629027|1629611|1630249|1631230,203552|203994|1630585|1631111|1631217,2024-25,499.0,0.37037037037037035,0.0,0.0,0.0,0.0,,
129475.0,10:28,"MISS Barlow 16' Jump Shot
Hawks Rebound
Nurkic L.B.FOUL (P1.T1) (T.Ford)
Young 8' Driving Floating Jump Shot (24 PTS) (Barlow 1 AST)
",2.0,1.0,0.0,0.0,2025-03-18,0022400993,0.0,1.0,CHA,4.0,0.0,27.0,10:51,Off At Rim Make,0.0,Young 8' Driving Floating Jump Shot (24 PTS) (Barlow 1 AST),,CHA,ATL,ATL,1610612737.0,2025.0,2229.0,2252.0,2240.5,1627777|1629027|1629611|1630249|1631230,203552|203994|1630585|1631111|1631217,2024-25,503.0,0.18181818181818182,0.0,0.0,0.0,0.0,,
129478.0,11:31,"MISS Young 13' Fadeaway Jumper
Moore Jr. REBOUND (Off:0 Def:3)
",1.0,0.0,0.0,0.0,2025-03-18,0022400993,0.0,0.0,CHA,4.0,0.0,26.0,12:00,Off Dead Ball,0.0,Moore Jr. REBOUND (Off:0 Def:3),,CHA,ATL,ATL,1610612737.0,2025.0,2160.0,2189.0,2174.5,1627777|1629027|1629611|1630249|1631230,203552|203994|1630585|1631111|1631217,2024-25,521.0,0.7096774193548387,0.0,0.0,0.0,0.0,,
129350.0,01:00,"Daniels 1' Driving Layup (15 PTS)
",1.0,1.0,0.0,0.0,2025-03-18,0022400993,0.0,0.0,CHA,2.0,0.0,9.0,01:18,Off FT Miss,0.0,Daniels 1' Driving Layup (15 PTS),,CHA,ATL,ATL,1610612737.0,2025.0,1362.0,1380.0,1371.0,1627777|1629027|1630168|1630249|1630700,1629610|1630182|1630585|1631111|1631217,2024-25,313.0,0.3218390804597701,0.0,0.0,0.0,0.0,,
129433.0,00:00,,0.0,0.0,0.0,0.0,2025-03-18,0022400993,0.0,0.0,CHA,4.0,0.0,32.0,00:17,Off Short Mid-Range Miss,0.0,,,CHA,ATL,ATL,1610612737.0,2025.0,2863.0,2880.0,2871.5,1629726|1630249|1631230|1631243|1642258,203552|1629610|1631111|1641733|1641878,2024-25,684.0,0.0,0.0,0.0,0.0,0.0,,
129358.0,01:49,"MISS Young 31' 3PT Running Pull-Up Jump Shot
Daniels REBOUND (Off:2 Def:2)
Jeffries P.FOUL (P2.PN) (T.Ford)
MISS Daniels Free Throw 1 of 2
Hawks Rebound
Daniels Free Throw 2 of 2 (13 PTS)
",0.0,0.0,1.0,0.0,2025-03-18,0022400993,1.0,1.0,CHA,2.0,0.0,9.0,01:54,Off Short Mid-Range Miss,0.0,Daniels Free Throw 2 of 2 (13 PTS),,CHA,ATL,ATL,1610612737.0,2025.0,1326.0,1331.0,1328.5,1627777|1629027|1630168|1630249|1630700,203552|1629610|1631109|1641733|1641878,2024-25,298.0,0.9577464788732394,0.0,0.0,0.0,0.0,,
129300.0,01:37,"Young 22' Pullup Jump Shot (5 PTS)
",1.0,1.0,0.0,0.0,2025-03-18,0022400993,0.0,0.0,CHA,1.0,0.0,3.0,01:40,Off Steal,0.0,Young 22' Pullup Jump Shot (5 PTS),,CHA,ATL,ATL,1610612737.0,2025.0,620.0,623.0,621.5,1627777|1629027|1629611|1630249|1631230,203994|1629610|1630585|1631111|1641733,2024-25,142.0,0.3181818181818182,0.0,0.0,0.0,0.0,,
129301.0,01:40,"MISS Barlow 27' 3PT Jump Shot
Moore Jr. REBOUND (Off:0 Def:1)
",0.0,0.0,1.0,0.0,2025-03-18,0022400993,0.0,0.0,CHA,1.0,0.0,3.0,01:52,Off Arc 3 Miss,0.0,MISS Barlow 27' 3PT Jump Shot,,CHA,ATL,ATL,1610612737.0,2025.0,608.0,620.0,614.0,1627777|1629027|1629611|1630249|1631230,203994|1629610|1630585|1631111|1641733,2024-25,140.0,0.4057971014492754,0.0,0.0,0.0,0.0,,
129302.0,01:40,"MISS Barlow 27' 3PT Jump Shot
Moore Jr. REBOUND (Off:0 Def:1)
",0.0,0.0,1.0,0.0,2025-03-18,0022400993,0.0,0.0,CHA,1.0,0.0,3.0,01:52,Off Arc 3 Miss,0.0,Moore Jr. REBOUND (Off:0 Def:1),,CHA,ATL,ATL,1610612737.0,2025.0,608.0,620.0,614.0,1627777|1629027|1629611|1630249|1631230,203994|1629610|1630585|1631111|1641733,2024-25,139.0,0.8064516129032258,0.0,0.0,0.0,0.0,,
129303.0,02:16,"Barlow 3' Driving Layup (2 PTS)
",1.0,1.0,0.0,0.0,2025-03-18,0022400993,0.0,0.0,CHA,1.0,0.0,1.0,02:29,Off FT Make,0.0,Barlow 3' Driving Layup (2 PTS),,CHA,ATL,ATL,1610612737.0,2025.0,571.0,584.0,577.5,1627777|1629027|1629611|1630249|1631230,203994|1629610|1630585|1631111|1641733,2024-25,137.0,0.25,0.0,0.0,0.0,0.0,,
129304.0,02:37,"MISS Young 6' Driving Floating Jump Shot
Garrett REBOUND (Off:0 Def:1)
",1.0,0.0,0.0,0.0,2025-03-18,0022400993,0.0,0.0,CHA,1.0,0.0,4.0,02:46,Off Corner 3 Miss,0.0,MISS Young 6' Driving Floating Jump Shot,,CHA,ATL,ATL,1610612737.0,2025.0,554.0,563.0,558.5,1627777|1629027|1629611|1630249|1631230,203994|1629610|1630585|1631111|1641733,2024-25,127.0,0.21333333333333335,0.0,0.0,0.0,0.0,,
129307.0,03:04,"MISS Young 30' 3PT Pullup Jump Shot
Barlow REBOUND (Off:1 Def:0)
MISS Krejci 26' 3PT Jump Shot
Smith Jr. REBOUND (Off:0 Def:1)
",0.0,0.0,2.0,0.0,2025-03-18,0022400993,0.0,1.0,CHA,1.0,0.0,4.0,03:43,Off Timeout,0.0,Barlow REBOUND (Off:1 Def:0),,CHA,ATL,ATL,1610612737.0,2025.0,497.0,536.0,516.5,1627777|1629027|1629611|1630249|1631230,203994|1629610|1630585|1631111|1641733,2024-25,113.0,0.19230769230769232,0.0,0.0,0.0,0.0,,
129310.0,03:57,"Daniels 6' Driving Layup (8 PTS)
",1.0,1.0,0.0,0.0,2025-03-18,0022400993,0.0,0.0,CHA,1.0,0.0,5.0,04:15,Off Corner 3 Make,0.0,Daniels 6' Driving Layup (8 PTS),,CHA,ATL,ATL,1610612737.0,2025.0,465.0,483.0,474.0,1627777|1629611|1630249|1630700|1631230,1629610|1630585|1631109|1641733|1641878,2024-25,108.0,0.22950819672131148,0.0,0.0,0.0,0.0,,
129311.0,04:40,"Mann 8' Pullup Jump Shot (2 PTS)
",1.0,1.0,0.0,0.0,2025-03-18,0022400993,0.0,0.0,CHA,1.0,0.0,6.0,04:57,Off At Rim Make,0.0,Mann 8' Pullup Jump Shot (2 PTS),,CHA,ATL,ATL,1610612737.0,2025.0,423.0,440.0,431.5,1627777|1629611|1630249|1630700|1631230,1629610|1630585|1631109|1641733|1641878,2024-25,105.0,0.9253731343283582,0.0,0.0,0.0,0.0,,
129313.0,05:03,"Green P.FOUL (P1.T3) (R.Mott)
Baugh STEAL (1 STL): Daniels Lost Ball Turnover (P1.T1)
",0.0,0.0,0.0,0.0,2025-03-18,0022400993,0.0,0.0,CHA,1.0,0.0,8.0,05:09,Off Long Mid-Range Miss,1.0,Baugh STEAL (1 STL): Daniels Lost Ball Turnover (P1.T1),,CHA,ATL,ATL,1610612737.0,2025.0,411.0,417.0,414.0,1627777|1629611|1630249|1630700|1631230,1629610|1630585|1631109|1641733|1641878,2024-25,83.0,0.2777777777777778,0.0,0.0,0.0,0.0,,
129315.0,05:49,"M. Williams BLOCK (2 BLK): MISS Risacher 4' Layup
Risacher REBOUND (Off:1 Def:1)
MISS Okongwu 8' Hook Shot
Baugh REBOUND (Off:0 Def:2)
",2.0,0.0,0.0,0.0,2025-03-18,0022400993,0.0,1.0,CHA,1.0,0.0,8.0,06:18,Off Dead Ball,0.0,Risacher REBOUND (Off:1 Def:1),,CHA,ATL,ATL,1610612737.0,2025.0,342.0,371.0,356.5,1630168|1630249|1630700|1631243|1642258,203552|1629610|1630182|1631109|1641878,2024-25,80.0,0.2127659574468085,0.0,0.0,0.0,0.0,,
129314.0,05:49,"M. Williams BLOCK (2 BLK): MISS Risacher 4' Layup
Risacher REBOUND (Off:1 Def:1)
MISS Okongwu 8' Hook Shot
Baugh REBOUND (Off:0 Def:2)
",2.0,0.0,0.0,0.0,2025-03-18,0022400993,0.0,1.0,CHA,1.0,0.0,8.0,06:18,Off Dead Ball,0.0,M. Williams BLOCK (2 BLK): MISS Risacher 4' Layup,,CHA,ATL,ATL,1610612737.0,2025.0,342.0,371.0,356.5,1630168|1630249|1630700|1631243|1642258,203552|1629610|1630182|1631109|1641878,2024-25,70.0,0.15151515151515152,0.0,0.0,0.0,0.0,,
129318.0,06:21,"MISS Gueye 26' 3PT Jump Shot
Green REBOUND (Off:0 Def:1)
",0.0,0.0,1.0,0.0,2025-03-18,0022400993,0.0,0.0,CHA,1.0,0.0,8.0,06:43,Off FT Make,0.0,MISS Gueye 26' 3PT Jump Shot,,CHA,ATL,ATL,1610612737.0,2025.0,317.0,339.0,328.0,1630168|1630249|1630700|1631243|1642258,203552|1629610|1630182|1631109|1641878,2024-25,63.0,0.34375,0.0,0.0,0.0,0.0,,
129320.0,06:54,"MISS Risacher 26' 3PT Running Jump Shot
Daniels REBOUND (Off:1 Def:0)
Daniels Putback Layup (6 PTS)
",1.0,1.0,1.0,0.0,2025-03-18,0022400993,0.0,1.0,CHA,1.0,0.0,9.0,07:01,Off Steal,0.0,MISS Risacher 26' 3PT Running Jump Shot,,CHA,ATL,ATL,1610612737.0,2025.0,299.0,306.0,302.5,1629027|1630168|1630700|1631243|1642258,203552|1629610|1630182|1631109|1641878,2024-25,65.0,0.22535211267605634,0.0,0.0,0.0,0.0,,
129299.0,01:10,"Mann 3' Driving Layup (4 PTS)
",1.0,1.0,0.0,0.0,2025-03-18,0022400993,0.0,0.0,CHA,1.0,0.0,5.0,01:19,Off Arc 3 Miss,0.0,Mann 3' Driving Layup (4 PTS),,CHA,ATL,ATL,1610612737.0,2025.0,641.0,650.0,645.5,1627777|1629027|1629611|1630249|1631230,203994|1629610|1630585|1631111|1641733,2024-25,145.0,0.2692307692307692,0.0,0.0,0.0,0.0,,
129322.0,06:54,"MISS Risacher 26' 3PT Running Jump Shot
Daniels REBOUND (Off:1 Def:0)
Daniels Putback Layup (6 PTS)
",1.0,1.0,1.0,0.0,2025-03-18,0022400993,0.0,1.0,CHA,1.0,0.0,9.0,07:01,Off Steal,0.0,Daniels Putback Layup (6 PTS),,CHA,ATL,ATL,1610612737.0,2025.0,299.0,306.0,302.5,1629027|1630168|1630700|1631243|1642258,203552|1629610|1630182|1631109|1641878,2024-25,67.0,0.9508196721311475,0.0,0.0,0.0,0.0,,
129325.0,07:34,"Jeffries BLOCK (1 BLK): MISS Gueye 8' Driving Floating Jump Shot
M. Williams REBOUND (Off:0 Def:2)
",1.0,0.0,0.0,0.0,2025-03-18,0022400993,0.0,0.0,CHA,1.0,0.0,11.0,07:50,Off Long Mid-Range Make,0.0,Jeffries BLOCK (1 BLK): MISS Gueye 8' Driving Floating Jump Shot,,CHA,ATL,ATL,1610612737.0,2025.0,250.0,266.0,258.0,1629027|1630168|1630700|1631243|1642258,203552|1629610|1630182|1631109|1641878,2024-25,55.0,0.2,0.0,0.0,0.0,0.0,,
129326.0,07:34,"Jeffries BLOCK (1 BLK): MISS Gueye 8' Driving Floating Jump Shot
M. Williams REBOUND (Off:0 Def:2)
",1.0,0.0,0.0,0.0,2025-03-18,0022400993,0.0,0.0,CHA,1.0,0.0,11.0,07:50,Off Long Mid-Range Make,0.0,M. Williams REBOUND (Off:0 Def:2),,CHA,ATL,ATL,1610612737.0,2025.0,250.0,266.0,258.0,1629027|1630168|1630700|1631243|1642258,203552|1629610|1630182|1631109|1641878,2024-25,48.0,0.7575757575757576,0.0,0.0,0.0,0.0,,
129327.0,08:12,"Okongwu 26' 3PT Jump Shot (10 PTS) (Young 1 AST)
",0.0,0.0,1.0,1.0,2025-03-18,0022400993,0.0,0.0,CHA,1.0,0.0,10.0,08:23,Off Dead Ball,0.0,Okongwu 26' 3PT Jump Shot (10 PTS) (Young 1 AST),,CHA,ATL,ATL,1610612737.0,2025.0,217.0,228.0,222.5,1629027|1630168|1630700|1631243|1642258,203552|1629610|1630182|1631109|1641878,2024-25,51.0,0.8172043010752689,0.0,0.0,0.0,0.0,,
129328.0,08:34,"Young 26' 3PT Step Back Jump Shot (3 PTS)
",0.0,0.0,1.0,1.0,2025-03-18,0022400993,0.0,0.0,CHA,1.0,0.0,7.0,08:42,Off Corner 3 Miss,0.0,Young 26' 3PT Step Back Jump Shot (3 PTS),,CHA,ATL,ATL,1610612737.0,2025.0,198.0,206.0,202.0,1629027|1630168|1630700|1631243|1642258,203552|1629610|1630182|1631109|1641878,2024-25,49.0,0.8,0.0,0.0,0.0,0.0,,
129329.0,08:51,"M. Williams BLOCK (1 BLK): MISS Young 4' Driving Layup
Okongwu REBOUND (Off:1 Def:1)
Okongwu 2' Putback Layup (7 PTS)
",2.0,1.0,0.0,0.0,2025-03-18,0022400993,0.0,1.0,CHA,1.0,0.0,5.0,09:05,Off At Rim Make,0.0,M. Williams BLOCK (1 BLK): MISS Young 4' Driving Layup,,CHA,ATL,ATL,1610612737.0,2025.0,175.0,189.0,182.0,1629027|1630168|1630700|1631243|1642258,203552|1629610|1630182|1631109|1641878,2024-25,43.0,0.5274725274725275,0.0,0.0,0.0,0.0,,
129332.0,09:22,"Okongwu 25' 3PT Jump Shot (5 PTS) (Daniels 1 AST)
",0.0,0.0,1.0,1.0,2025-03-18,0022400993,0.0,0.0,CHA,1.0,0.0,4.0,09:31,Off FT Make,0.0,Okongwu 25' 3PT Jump Shot (5 PTS) (Daniels 1 AST),,CHA,ATL,ATL,1610612737.0,2025.0,149.0,158.0,153.5,1629027|1630168|1630700|1631243|1642258,203552|1629610|1630182|1631109|1641878,2024-25,34.0,0.5811965811965812,0.0,0.0,0.0,0.0,,
129333.0,09:51,"Risacher 3PT Running Jump Shot (3 PTS) (Gueye 1 AST)
",0.0,0.0,1.0,1.0,2025-03-18,0022400993,0.0,0.0,CHA,1.0,0.0,3.0,09:56,Off Short Mid-Range Miss,0.0,Risacher 3PT Running Jump Shot (3 PTS) (Gueye 1 AST),,CHA,ATL,ATL,1610612737.0,2025.0,124.0,129.0,126.5,1629027|1630168|1630700|1631243|1642258,203552|1629610|1630182|1631109|1641878,2024-25,31.0,0.46601941747572817,0.0,0.0,0.0,0.0,,
129335.0,10:20,"Jeffries S.FOUL (P1.T2) (M.Boland)
Okongwu Free Throw 1 of 2 (1 PTS)
Okongwu Free Throw 2 of 2 (2 PTS)
",0.0,0.0,0.0,0.0,2025-03-18,0022400993,0.0,0.0,CHA,1.0,1.0,1.0,10:29,Off Corner 3 Make,0.0,Okongwu Free Throw 1 of 2 (1 PTS),,CHA,ATL,ATL,1610612737.0,2025.0,91.0,100.0,95.5,1629027|1630168|1630700|1631243|1642258,203552|1629610|1630182|1631109|1641878,2024-25,27.0,0.9565217391304348,0.0,0.0,0.0,0.0,,
129336.0,10:20,"Jeffries S.FOUL (P1.T2) (M.Boland)
Okongwu Free Throw 1 of 2 (1 PTS)
Okongwu Free Throw 2 of 2 (2 PTS)
",0.0,0.0,0.0,0.0,2025-03-18,0022400993,0.0,0.0,CHA,1.0,1.0,1.0,10:29,Off Corner 3 Make,0.0,Okongwu Free Throw 2 of 2 (2 PTS),,CHA,ATL,ATL,1610612737.0,2025.0,91.0,100.0,95.5,1629027|1630168|1630700|1631243|1642258,203552|1629610|1630182|1631109|1641878,2024-25,28.0,0.9565217391304348,0.0,0.0,0.0,0.0,,
129337.0,10:35,"Daniels 3' Running Layup (4 PTS)
Baugh S.FOUL (P1.T1) (R.Mott)
MISS Daniels Free Throw 1 of 1
Baugh REBOUND (Off:0 Def:1)
",1.0,1.0,0.0,0.0,2025-03-18,0022400993,0.0,0.0,CHA,1.0,1.0,2.0,10:47,Off Steal,0.0,Daniels 3' Running Layup (4 PTS),,CHA,ATL,ATL,1610612737.0,2025.0,73.0,85.0,79.0,1629027|1630168|1630700|1631243|1642258,203552|1629610|1630182|1631109|1641878,2024-25,16.0,0.2962962962962963,0.0,0.0,0.0,0.0,,
129340.0,10:35,"Daniels 3' Running Layup (4 PTS)
Baugh S.FOUL (P1.T1) (R.Mott)
MISS Daniels Free Throw 1 of 1
Baugh REBOUND (Off:0 Def:1)
",1.0,1.0,0.0,0.0,2025-03-18,0022400993,0.0,0.0,CHA,1.0,1.0,2.0,10:47,Off Steal,0.0,Baugh REBOUND (Off:0 Def:1),,CHA,ATL,ATL,1610612737.0,2025.0,73.0,85.0,79.0,1629027|1630168|1630700|1631243|1642258,203552|1629610|1630182|1631109|1641878,2024-25,14.0,0.27450980392156865,0.0,0.0,0.0,0.0,,
129341.0,11:01,"MISS Gueye 25' 3PT Jump Shot
M. Williams REBOUND (Off:0 Def:1)
",0.0,0.0,1.0,0.0,2025-03-18,0022400993,0.0,0.0,CHA,1.0,0.0,2.0,11:24,Off Steal,0.0,MISS Gueye 25' 3PT Jump Shot,,CHA,ATL,ATL,1610612737.0,2025.0,36.0,59.0,47.5,1629027|1630168|1630700|1631243|1642258,203552|1629610|1630182|1631109|1641878,2024-25,11.0,0.29508196721311475,0.0,0.0,0.0,0.0,,
129343.0,11:39,"Daniels 10' Driving Floating Jump Shot (2 PTS) (Okongwu 1 AST)
",1.0,1.0,0.0,0.0,2025-03-18,0022400993,0.0,0.0,CHA,1.0,0.0,0.0,12:00,Off Dead Ball,0.0,Daniels 10' Driving Floating Jump Shot (2 PTS) (Okongwu 1 AST),,CHA,ATL,ATL,1610612737.0,2025.0,0.0,21.0,10.5,1629027|1630168|1630700|1631243|1642258,203552|1629610|1630182|1631109|1641878,2024-25,7.0,0.23214285714285715,0.0,0.0,0.0,0.0,,
129323.0,07:05,"Jeffries BLOCK (2 BLK): MISS Risacher 1' Driving Layup
Jeffries REBOUND (Off:0 Def:1)
",1.0,0.0,0.0,0.0,2025-03-18,0022400993,0.0,0.0,CHA,1.0,0.0,9.0,07:26,Off Short Mid-Range Make,0.0,Jeffries BLOCK (2 BLK): MISS Risacher 1' Driving Layup,,CHA,ATL,ATL,1610612737.0,2025.0,274.0,295.0,284.5,1629027|1630168|1630700|1631243|1642258,203552|1629610|1630182|1631109|1641878,2024-25,112.0,0.574468085106383,0.0,0.0,0.0,0.0,,
129298.0,00:32,"Hawks Turnover: Shot Clock (T#2)
",0.0,0.0,0.0,0.0,2025-03-18,0022400993,0.0,0.0,CHA,1.0,0.0,7.0,00:56,Off Dead Ball,1.0,Hawks Turnover: Shot Clock (T#2),,CHA,ATL,ATL,1610612737.0,2025.0,664.0,688.0,676.0,1627777|1629027|1629611|1630249|1631230,203994|1630585|1631111|1631217|1641733,2024-25,134.0,0.3018867924528302,0.0,0.0,0.0,0.0,,
129352.0,01:21,"MISS Okongwu 7' Driving Floating Jump Shot
HORNETS Rebound
",1.0,0.0,0.0,0.0,2025-03-18,0022400993,0.0,0.0,CHA,2.0,0.0,10.0,01:29,Off At Rim Miss,0.0,HORNETS Rebound,,CHA,ATL,ATL,1610612737.0,2025.0,1351.0,1359.0,1355.0,1627777|1629027|1630168|1630249|1630700,203552|1629610|1630182|1630585|1631109,2024-25,357.0,0.391304347826087,0.0,0.0,0.0,0.0,,
129392.0,11:19,"Garrett STEAL (2 STL): Young Lost Ball Turnover (P2.T4)
",0.0,0.0,0.0,0.0,2025-03-18,0022400993,0.0,0.0,CHA,2.0,0.0,3.0,11:28,Off At Rim Make,1.0,Garrett STEAL (2 STL): Young Lost Ball Turnover (P2.T4),,CHA,ATL,ATL,1610612737.0,2025.0,752.0,761.0,756.5,1629027|1629611|1631230|1631243|1642258,203994|1630182|1630585|1631111|1631217,2024-25,172.0,0.05555555555555555,0.0,0.0,0.0,0.0,,
129393.0,11:33,"Garrett STEAL (1 STL): Young Lost Ball Turnover (P1.T3)
",0.0,0.0,0.0,0.0,2025-03-18,0022400993,0.0,0.0,CHA,2.0,0.0,5.0,11:43,Off At Rim Make,1.0,Garrett STEAL (1 STL): Young Lost Ball Turnover (P1.T3),,CHA,ATL,ATL,1610612737.0,2025.0,737.0,747.0,742.0,1629027|1629611|1631230|1631243|1642258,203994|1630182|1630585|1631111|1631217,2024-25,195.0,0.32941176470588235,0.0,0.0,0.0,0.0,,
129354.0,01:49,"MISS Young 31' 3PT Running Pull-Up Jump Shot
Daniels REBOUND (Off:2 Def:2)
Jeffries P.FOUL (P2.PN) (T.Ford)
MISS Daniels Free Throw 1 of 2
Hawks Rebound
Daniels Free Throw 2 of 2 (13 PTS)
",0.0,0.0,1.0,0.0,2025-03-18,0022400993,1.0,1.0,CHA,2.0,0.0,9.0,01:54,Off Short Mid-Range Miss,0.0,Daniels REBOUND (Off:2 Def:2),,CHA,ATL,ATL,1610612737.0,2025.0,1326.0,1331.0,1328.5,1627777|1629027|1630168|1630249|1630700,203552|1629610|1631109|1641733|1641878,2024-25,289.0,0.26666666666666666,0.0,0.0,0.0,0.0,,
129353.0,01:49,"MISS Young 31' 3PT Running Pull-Up Jump Shot
Daniels REBOUND (Off:2 Def:2)
Jeffries P.FOUL (P2.PN) (T.Ford)
MISS Daniels Free Throw 1 of 2
Hawks Rebound
Daniels Free Throw 2 of 2 (13 PTS)
",0.0,0.0,1.0,0.0,2025-03-18,0022400993,1.0,1.0,CHA,2.0,0.0,9.0,01:54,Off Short Mid-Range Miss,0.0,MISS Young 31' 3PT Running Pull-Up Jump Shot,,CHA,ATL,ATL,1610612737.0,2025.0,1326.0,1331.0,1328.5,1627777|1629027|1630168|1630249|1630700,203552|1629610|1631109|1641733|1641878,2024-25,288.0,0.1794871794871795,0.0,0.0,0.0,0.0,,
129356.0,01:49,"MISS Young 31' 3PT Running Pull-Up Jump Shot
Daniels REBOUND (Off:2 Def:2)
Jeffries P.FOUL (P2.PN) (T.Ford)
MISS Daniels Free Throw 1 of 2
Hawks Rebound
Daniels Free Throw 2 of 2 (13 PTS)
",0.0,0.0,1.0,0.0,2025-03-18,0022400993,1.0,1.0,CHA,2.0,0.0,9.0,01:54,Off Short Mid-Range Miss,0.0,MISS Daniels Free Throw 1 of 2,,CHA,ATL,ATL,1610612737.0,2025.0,1326.0,1331.0,1328.5,1627777|1629027|1630168|1630249|1630700,203552|1629610|1631109|1641733|1641878,2024-25,292.0,0.8387096774193549,0.0,0.0,0.0,0.0,,
129357.0,01:49,"MISS Young 31' 3PT Running Pull-Up Jump Shot
Daniels REBOUND (Off:2 Def:2)
Jeffries P.FOUL (P2.PN) (T.Ford)
MISS Daniels Free Throw 1 of 2
Hawks Rebound
Daniels Free Throw 2 of 2 (13 PTS)
",0.0,0.0,1.0,0.0,2025-03-18,0022400993,1.0,1.0,CHA,2.0,0.0,9.0,01:54,Off Short Mid-Range Miss,0.0,Hawks Rebound,,CHA,ATL,ATL,1610612737.0,2025.0,1326.0,1331.0,1328.5,1627777|1629027|1630168|1630249|1630700,203552|1629610|1631109|1641733|1641878,2024-25,293.0,0.5714285714285714,0.0,0.0,0.0,0.0,,
129359.0,02:17,"Young 3' Driving Layup (13 PTS)
",1.0,1.0,0.0,0.0,2025-03-18,0022400993,0.0,0.0,CHA,2.0,0.0,7.0,02:25,Off Arc 3 Miss,0.0,Young 3' Driving Layup (13 PTS),,CHA,ATL,ATL,1610612737.0,2025.0,1295.0,1303.0,1299.0,1627777|1629027|1630168|1630249|1630700,203552|1629610|1631109|1641733|1641878,2024-25,285.0,0.4050632911392405,0.0,0.0,0.0,0.0,,
129360.0,02:47,"Daniels 3' Running Layup (12 PTS) (Young 3 AST)
",1.0,1.0,0.0,0.0,2025-03-18,0022400993,0.0,0.0,CHA,2.0,0.0,5.0,02:52,Off Steal,0.0,Daniels 3' Running Layup (12 PTS) (Young 3 AST),,CHA,ATL,ATL,1610612737.0,2025.0,1268.0,1273.0,1270.5,1627777|1629027|1630168|1630249|1630700,203552|1629610|1631109|1641733|1641878,2024-25,280.0,0.22784810126582278,0.0,0.0,0.0,0.0,,
129361.0,02:59,"M. Williams STEAL (2 STL): Young Bad Pass Turnover (P3.T6)
",0.0,0.0,0.0,0.0,2025-03-18,0022400993,0.0,0.0,CHA,2.0,0.0,5.0,03:13,Off Short Mid-Range Make,1.0,M. Williams STEAL (2 STL): Young Bad Pass Turnover (P3.T6),,CHA,ATL,ATL,1610612737.0,2025.0,1247.0,1261.0,1254.0,1627777|1629027|1630168|1630249|1630700,203552|1629610|1631109|1641733|1641878,2024-25,276.0,0.23157894736842105,0.0,0.0,0.0,0.0,,
129364.0,03:48,"MISS Daniels 4' Driving Layup
Jeffries REBOUND (Off:1 Def:2)
",1.0,0.0,0.0,0.0,2025-03-18,0022400993,0.0,0.0,CHA,2.0,0.0,7.0,04:03,Off At Rim Make,0.0,Jeffries REBOUND (Off:1 Def:2),,CHA,ATL,ATL,1610612737.0,2025.0,1197.0,1212.0,1204.5,1627777|1629027|1630168|1630249|1630700,203552|1629610|1631109|1641733|1641878,2024-25,329.0,0.7419354838709677,0.0,0.0,0.0,0.0,,
129365.0,04:19,"Young 26' 3PT Step Back Jump Shot (11 PTS)
",0.0,0.0,1.0,1.0,2025-03-18,0022400993,0.0,0.0,CHA,2.0,0.0,6.0,04:28,Off At Rim Make,0.0,Young 26' 3PT Step Back Jump Shot (11 PTS),,CHA,ATL,ATL,1610612737.0,2025.0,1172.0,1181.0,1176.5,1627777|1629027|1630168|1630249|1630700,203552|1629610|1631109|1641733|1641878,2024-25,266.0,0.21621621621621623,0.0,0.0,0.0,0.0,,
129366.0,04:50,"Niang 25' 3PT Jump Shot (3 PTS) (Young 2 AST)
",0.0,0.0,1.0,1.0,2025-03-18,0022400993,0.0,0.0,CHA,2.0,0.0,5.0,05:01,Off Long Mid-Range Make,0.0,Niang 25' 3PT Jump Shot (3 PTS) (Young 2 AST),,CHA,ATL,ATL,1610612737.0,2025.0,1139.0,1150.0,1144.5,1627777|1629027|1630168|1630249|1630700,203552|1629610|1631109|1641733|1641878,2024-25,262.0,0.3283582089552239,0.0,0.0,0.0,0.0,,
129367.0,05:19,"MISS Krejci 26' 3PT Jump Shot
M. Williams REBOUND (Off:1 Def:3)
",0.0,0.0,1.0,0.0,2025-03-18,0022400993,0.0,0.0,CHA,2.0,0.0,7.0,05:32,Off Arc 3 Make,0.0,MISS Krejci 26' 3PT Jump Shot,,CHA,ATL,ATL,1610612737.0,2025.0,1108.0,1121.0,1114.5,1627777|1629611|1630168|1630249|1630700,203552|1629610|1631109|1641733|1641878,2024-25,255.0,0.3076923076923077,0.0,0.0,0.0,0.0,,
129368.0,05:19,"MISS Krejci 26' 3PT Jump Shot
M. Williams REBOUND (Off:1 Def:3)
",0.0,0.0,1.0,0.0,2025-03-18,0022400993,0.0,0.0,CHA,2.0,0.0,7.0,05:32,Off Arc 3 Make,0.0,M. Williams REBOUND (Off:1 Def:3),,CHA,ATL,ATL,1610612737.0,2025.0,1108.0,1121.0,1114.5,1627777|1629611|1630168|1630249|1630700,203552|1629610|1631109|1641733|1641878,2024-25,300.0,0.78125,0.0,0.0,0.0,0.0,,
129370.0,05:52,"Baugh P.FOUL (P2.T4) (T.Ford)
Okongwu 24' 3PT Jump Shot (13 PTS) (Daniels 2 AST)
",0.0,0.0,1.0,1.0,2025-03-18,0022400993,0.0,0.0,CHA,2.0,0.0,7.0,06:16,Off At Rim Make,0.0,Okongwu 24' 3PT Jump Shot (13 PTS) (Daniels 2 AST),,CHA,ATL,ATL,1610612737.0,2025.0,1064.0,1088.0,1076.0,1627777|1629611|1630168|1630249|1630700,203552|1629610|1631109|1641733|1641878,2024-25,251.0,0.34146341463414637,0.0,0.0,0.0,0.0,,
129362.0,03:26,"Krejci 3PT Jump Shot (3 PTS) (Okongwu 3 AST)
",0.0,0.0,1.0,1.0,2025-03-18,0022400993,0.0,0.0,CHA,2.0,0.0,4.0,03:42,Off Corner 3 Make,0.0,Krejci 3PT Jump Shot (3 PTS) (Okongwu 3 AST),,CHA,ATL,ATL,1610612737.0,2025.0,1218.0,1234.0,1226.0,1627777|1629027|1630168|1630249|1630700,203552|1629610|1631109|1641733|1641878,2024-25,273.0,0.12903225806451613,0.0,0.0,0.0,0.0,,
129371.0,06:26,"Diabaté BLOCK (1 BLK): MISS Mann 3' Running Layup
Baugh REBOUND (Off:0 Def:4)
",1.0,0.0,0.0,0.0,2025-03-18,0022400993,0.0,0.0,CHA,2.0,0.0,9.0,06:34,Off Steal,0.0,Diabaté BLOCK (1 BLK): MISS Mann 3' Running Layup,,CHA,ATL,ATL,1610612737.0,2025.0,1046.0,1054.0,1050.0,1629611|1630168|1630249|1630700|1631243,1630182|1631109|1631217|1641733|1641878,2024-25,238.0,0.5411764705882353,0.0,0.0,0.0,0.0,,
129369.0,05:52,"Baugh P.FOUL (P2.T4) (T.Ford)
Okongwu 24' 3PT Jump Shot (13 PTS) (Daniels 2 AST)
",0.0,0.0,1.0,1.0,2025-03-18,0022400993,0.0,0.0,CHA,2.0,0.0,7.0,06:16,Off At Rim Make,0.0,Baugh P.FOUL (P2.T4) (T.Ford),,CHA,ATL,ATL,1610612737.0,2025.0,1064.0,1088.0,1076.0,1627777|1629611|1630168|1630249|1630700,203552|1629610|1631109|1641733|1641878,2024-25,242.0,0.25,0.0,0.0,0.0,0.0,,
129389.0,10:05,"Mann 24' 3PT Step Back Jump Shot (7 PTS)
",0.0,0.0,1.0,1.0,2025-03-18,0022400993,0.0,0.0,CHA,2.0,0.0,3.0,10:28,Off FT Make,0.0,Mann 24' 3PT Step Back Jump Shot (7 PTS),,CHA,ATL,ATL,1610612737.0,2025.0,812.0,835.0,823.5,1629027|1629611|1630168|1631243|1642258,203994|1630182|1630585|1631111|1631217,2024-25,190.0,0.26666666666666666,0.0,0.0,0.0,0.0,,
129387.0,09:39,"Young 3' Running Layup (7 PTS)
Green S.FOUL (P2.T2) (T.Ford)
Young Free Throw 1 of 1 (8 PTS)
",1.0,1.0,0.0,0.0,2025-03-18,0022400993,0.0,0.0,CHA,2.0,1.0,6.0,09:41,Off Corner 3 Miss,0.0,Green S.FOUL (P2.T2) (T.Ford),,CHA,ATL,ATL,1610612737.0,2025.0,859.0,861.0,860.0,1629027|1629611|1630168|1631243|1642258,203994|1630182|1630585|1631111|1631217,2024-25,206.0,0.18421052631578946,0.0,0.0,0.0,0.0,,
129386.0,09:39,"Young 3' Running Layup (7 PTS)
Green S.FOUL (P2.T2) (T.Ford)
Young Free Throw 1 of 1 (8 PTS)
",1.0,1.0,0.0,0.0,2025-03-18,0022400993,0.0,0.0,CHA,2.0,1.0,6.0,09:41,Off Corner 3 Miss,0.0,Young 3' Running Layup (7 PTS),,CHA,ATL,ATL,1610612737.0,2025.0,859.0,861.0,860.0,1629027|1629611|1630168|1631243|1642258,203994|1630182|1630585|1631111|1631217,2024-25,193.0,0.3018867924528302,0.0,0.0,0.0,0.0,,
129388.0,09:39,"Young 3' Running Layup (7 PTS)
Green S.FOUL (P2.T2) (T.Ford)
Young Free Throw 1 of 1 (8 PTS)
",1.0,1.0,0.0,0.0,2025-03-18,0022400993,0.0,0.0,CHA,2.0,1.0,6.0,09:41,Off Corner 3 Miss,0.0,Young Free Throw 1 of 1 (8 PTS),,CHA,ATL,ATL,1610612737.0,2025.0,859.0,861.0,860.0,1629027|1629611|1630168|1631243|1642258,203994|1630182|1630585|1631111|1631217,2024-25,202.0,0.43333333333333335,0.0,0.0,0.0,0.0,,
129383.0,08:33,"M. Williams STEAL (1 STL): Daniels Lost Ball Turnover (P2.T5)
",0.0,0.0,0.0,0.0,2025-03-18,0022400993,0.0,0.0,CHA,2.0,0.0,7.0,08:55,Off Timeout,1.0,M. Williams STEAL (1 STL): Daniels Lost Ball Turnover (P2.T5),,CHA,ATL,ATL,1610612737.0,2025.0,905.0,927.0,916.0,1629611|1630168|1630249|1630700|1631243,1630182|1631109|1631217|1641733|1641878,2024-25,205.0,0.40425531914893614,0.0,0.0,0.0,0.0,,
129384.0,08:57,"MISS Okongwu 26' 3PT Jump Shot
Baugh REBOUND (Off:0 Def:3)
",0.0,0.0,1.0,0.0,2025-03-18,0022400993,0.0,0.0,CHA,2.0,0.0,9.0,09:10,Off Steal,0.0,MISS Okongwu 26' 3PT Jump Shot,,CHA,ATL,ATL,1610612737.0,2025.0,890.0,903.0,896.5,1629027|1629611|1630168|1630700|1631243,203994|1630182|1631217|1641733|1641878,2024-25,207.0,0.12,0.0,0.0,0.0,0.0,,
129391.0,10:48,"Garrett P.FOUL (P1.T1) (M.Boland)
Barlow 11' Jump Shot (4 PTS) (Risacher 1 AST)
",1.0,1.0,0.0,0.0,2025-03-18,0022400993,0.0,0.0,CHA,2.0,0.0,2.0,11:16,Off FT Make,0.0,Barlow 11' Jump Shot (4 PTS) (Risacher 1 AST),,CHA,ATL,ATL,1610612737.0,2025.0,764.0,792.0,778.0,1629027|1629611|1631230|1631243|1642258,203994|1630182|1630585|1631111|1631217,2024-25,181.0,0.14492753623188406,0.0,0.0,0.0,0.0,,
129380.0,07:34,"MISS Gueye 3PT Jump Shot
Mann REBOUND (Off:1 Def:0)
Daniels 3' Layup (10 PTS) (Mann 1 AST)
",1.0,1.0,1.0,0.0,2025-03-18,0022400993,0.0,1.0,CHA,2.0,0.0,8.0,07:52,Off Short Mid-Range Make,0.0,Mann REBOUND (Off:1 Def:0),,CHA,ATL,ATL,1610612737.0,2025.0,968.0,986.0,977.0,1629611|1630168|1630249|1630700|1631243,1630182|1631109|1631217|1641733|1641878,2024-25,225.0,0.9454545454545454,0.0,0.0,0.0,0.0,,
129381.0,07:34,"MISS Gueye 3PT Jump Shot
Mann REBOUND (Off:1 Def:0)
Daniels 3' Layup (10 PTS) (Mann 1 AST)
",1.0,1.0,1.0,0.0,2025-03-18,0022400993,0.0,1.0,CHA,2.0,0.0,8.0,07:52,Off Short Mid-Range Make,0.0,Daniels 3' Layup (10 PTS) (Mann 1 AST),,CHA,ATL,ATL,1610612737.0,2025.0,968.0,986.0,977.0,1629611|1630168|1630249|1630700|1631243,1630182|1631109|1631217|1641733|1641878,2024-25,226.0,0.3142857142857143,0.0,0.0,0.0,0.0,,
129373.0,06:53,"MISS Mann 25' 3PT Pullup Jump Shot
Gueye REBOUND (Off:1 Def:1)
Smith Jr. S.FOUL (P1.T3) (M.Boland)
Gueye Free Throw 1 of 2 (4 PTS)
MISS Gueye Free Throw 2 of 2
Diabaté REBOUND (Off:0 Def:1)
",0.0,0.0,1.0,0.0,2025-03-18,0022400993,0.0,1.0,CHA,2.0,1.0,8.0,07:18,Off At Rim Make,0.0,MISS Mann 25' 3PT Pullup Jump Shot,,CHA,ATL,ATL,1610612737.0,2025.0,1002.0,1027.0,1014.5,1629611|1630168|1630249|1630700|1631243,1630182|1631109|1631217|1641733|1641878,2024-25,229.0,0.18867924528301888,0.0,0.0,0.0,0.0,,
129376.0,06:53,"MISS Mann 25' 3PT Pullup Jump Shot
Gueye REBOUND (Off:1 Def:1)
Smith Jr. S.FOUL (P1.T3) (M.Boland)
Gueye Free Throw 1 of 2 (4 PTS)
MISS Gueye Free Throw 2 of 2
Diabaté REBOUND (Off:0 Def:1)
",0.0,0.0,1.0,0.0,2025-03-18,0022400993,0.0,1.0,CHA,2.0,1.0,8.0,07:18,Off At Rim Make,0.0,Gueye Free Throw 1 of 2 (4 PTS),,CHA,ATL,ATL,1610612737.0,2025.0,1002.0,1027.0,1014.5,1629611|1630168|1630249|1630700|1631243,1630182|1631109|1631217|1641733|1641878,2024-25,233.0,0.2127659574468085,0.0,0.0,0.0,0.0,,
129377.0,06:53,"MISS Mann 25' 3PT Pullup Jump Shot
Gueye REBOUND (Off:1 Def:1)
Smith Jr. S.FOUL (P1.T3) (M.Boland)
Gueye Free Throw 1 of 2 (4 PTS)
MISS Gueye Free Throw 2 of 2
Diabaté REBOUND (Off:0 Def:1)
",0.0,0.0,1.0,0.0,2025-03-18,0022400993,0.0,1.0,CHA,2.0,1.0,8.0,07:18,Off At Rim Make,0.0,MISS Gueye Free Throw 2 of 2,,CHA,ATL,ATL,1610612737.0,2025.0,1002.0,1027.0,1014.5,1629611|1630168|1630249|1630700|1631243,1630182|1631109|1631217|1641733|1641878,2024-25,234.0,0.1702127659574468,0.0,0.0,0.0,0.0,,
129382.0,08:11,"Gueye 3PT Jump Shot (3 PTS) (Okongwu 2 AST)
",0.0,0.0,1.0,1.0,2025-03-18,0022400993,0.0,0.0,CHA,2.0,0.0,7.0,08:17,Off Long Mid-Range Miss,0.0,Gueye 3PT Jump Shot (3 PTS) (Okongwu 2 AST),,CHA,ATL,ATL,1610612737.0,2025.0,943.0,949.0,946.0,1629611|1630168|1630249|1630700|1631243,1630182|1631109|1631217|1641733|1641878,2024-25,209.0,0.26804123711340205,0.0,0.0,0.0,0.0,,
129582.0,04:14,"Hield S.FOUL (P1.T3) (J.Van Duyne)
MISS LeVert Free Throw 1 of 2
HAWKS Rebound
LeVert Free Throw 2 of 2 (7 PTS)
",0.0,0.0,0.0,0.0,2025-03-22,0022401025,0.0,0.0,GSW,3.0,1.0,15.0,04:27,Off At Rim Block,0.0,MISS LeVert Free Throw 1 of 2,,ATL,GSW,ATL,1610612737.0,2025.0,1893.0,1906.0,1899.5,1627747|1627777|1629611|1630168|1630700,1627741|1630228|1630611|1631218|1641764,2024-25,425.0,0.3333333333333333,0.0,0.0,0.0,0.0,,
129590.0,06:07,"Niang 25' 3PT Jump Shot (8 PTS) (Okongwu 6 AST)
",0.0,0.0,1.0,1.0,2025-03-22,0022401025,0.0,0.0,GSW,3.0,0.0,7.0,06:24,Off FT Make,0.0,Niang 25' 3PT Jump Shot (8 PTS) (Okongwu 6 AST),,ATL,GSW,ATL,1610612737.0,2025.0,1776.0,1793.0,1784.5,1627747|1627777|1630168|1630700|1642258,203110|1630228|1630541|1641764|1642366,2024-25,394.0,0.44036697247706424,0.0,0.0,0.0,0.0,,
129589.0,05:54,"Daniels Backcourt Turnover (P2.T5)
",0.0,0.0,0.0,0.0,2025-03-22,0022401025,0.0,0.0,GSW,3.0,0.0,10.0,05:55,Off Corner 3 Miss,1.0,Daniels Backcourt Turnover (P2.T5),,ATL,GSW,ATL,1610612737.0,2025.0,1805.0,1806.0,1805.5,1627747|1627777|1630168|1630700|1642258,203110|1630228|1630541|1641764|1642366,2024-25,398.0,0.5633802816901409,0.0,0.0,0.0,0.0,,
129585.0,04:40,"Okongwu 10' Turnaround Hook Shot (20 PTS)
",1.0,1.0,0.0,0.0,2025-03-22,0022401025,0.0,0.0,GSW,3.0,0.0,13.0,04:51,Off Dead Ball,0.0,Okongwu 10' Turnaround Hook Shot (20 PTS),,ATL,GSW,ATL,1610612737.0,2025.0,1869.0,1880.0,1874.5,1627747|1627777|1629611|1630168|1630700,203110|1627741|1630228|1630611|1641764,2024-25,416.0,0.2972972972972973,0.0,0.0,0.0,0.0,,
129581.0,04:14,"Hield S.FOUL (P1.T3) (J.Van Duyne)
MISS LeVert Free Throw 1 of 2
HAWKS Rebound
LeVert Free Throw 2 of 2 (7 PTS)
",0.0,0.0,0.0,0.0,2025-03-22,0022401025,0.0,0.0,GSW,3.0,1.0,15.0,04:27,Off At Rim Block,0.0,Hield S.FOUL (P1.T3) (J.Van Duyne),,ATL,GSW,ATL,1610612737.0,2025.0,1893.0,1906.0,1899.5,1627747|1627777|1629611|1630168|1630700,1627741|1630228|1630611|1631218|1641764,2024-25,478.0,0.38235294117647056,0.0,0.0,0.0,0.0,,
129570.0,02:21,"MISS Niang 26' 3PT Jump Shot
Barlow REBOUND (Off:2 Def:1)
Niang 26' 3PT Jump Shot (14 PTS) (LeVert 4 AST)
",0.0,0.0,2.0,1.0,2025-03-22,0022401025,0.0,1.0,GSW,3.0,0.0,16.0,02:42,Off FT Make,0.0,Barlow REBOUND (Off:2 Def:1),,ATL,GSW,ATL,1610612737.0,2025.0,1998.0,2019.0,2008.5,1627747|1627777|1629027|1629611|1631230,202710|1627741|1627780|1630228|1631218,2024-25,506.0,0.9152542372881356,0.0,0.0,0.0,0.0,,
129578.0,03:51,"Barlow 2' Reverse Layup (4 PTS) (Niang 2 AST)
Santos S.FOUL (P1.T4) (J.Van Duyne)
MISS Barlow Free Throw 1 of 1
Kuminga REBOUND (Off:0 Def:2)
",1.0,1.0,0.0,0.0,2025-03-22,0022401025,0.0,0.0,GSW,3.0,1.0,15.0,04:04,Off FT Make,0.0,Santos S.FOUL (P1.T4) (J.Van Duyne),,ATL,GSW,ATL,1610612737.0,2025.0,1916.0,1929.0,1922.5,1627747|1627777|1629027|1629611|1631230,1627741|1627780|1630228|1630611|1631218,2024-25,441.0,0.345679012345679,0.0,0.0,0.0,0.0,,
129575.0,03:21,"MISS Young 2' Driving Reverse Layup
Payton II REBOUND (Off:0 Def:4)
",1.0,0.0,0.0,0.0,2025-03-22,0022401025,0.0,0.0,GSW,3.0,0.0,17.0,03:35,Off Short Mid-Range Miss,0.0,MISS Young 2' Driving Reverse Layup,,ATL,GSW,ATL,1610612737.0,2025.0,1945.0,1959.0,1952.0,1627747|1627777|1629027|1629611|1631230,202710|1627741|1627780|1630228|1631218,2024-25,449.0,0.2692307692307692,0.0,0.0,0.0,0.0,,
129576.0,03:21,"MISS Young 2' Driving Reverse Layup
Payton II REBOUND (Off:0 Def:4)
",1.0,0.0,0.0,0.0,2025-03-22,0022401025,0.0,0.0,GSW,3.0,0.0,17.0,03:35,Off Short Mid-Range Miss,0.0,Payton II REBOUND (Off:0 Def:4),,ATL,GSW,ATL,1610612737.0,2025.0,1945.0,1959.0,1952.0,1627747|1627777|1629027|1629611|1631230,202710|1627741|1627780|1630228|1631218,2024-25,446.0,0.16666666666666666,0.0,0.0,0.0,0.0,,
129572.0,02:54,"MISS LeVert 13' Fadeaway Jumper
Mann REBOUND (Off:1 Def:1)
Young 5' Driving Floating Bank Jump Shot (19 PTS)
",2.0,1.0,0.0,0.0,2025-03-22,0022401025,0.0,1.0,GSW,3.0,0.0,15.0,03:14,Off FT Make,0.0,MISS LeVert 13' Fadeaway Jumper,,ATL,GSW,ATL,1610612737.0,2025.0,1966.0,1986.0,1976.0,1627747|1627777|1629027|1629611|1631230,202710|1627741|1627780|1630228|1631218,2024-25,455.0,0.26865671641791045,0.0,0.0,0.0,0.0,,
129573.0,02:54,"MISS LeVert 13' Fadeaway Jumper
Mann REBOUND (Off:1 Def:1)
Young 5' Driving Floating Bank Jump Shot (19 PTS)
",2.0,1.0,0.0,0.0,2025-03-22,0022401025,0.0,1.0,GSW,3.0,0.0,15.0,03:14,Off FT Make,0.0,Mann REBOUND (Off:1 Def:1),,ATL,GSW,ATL,1610612737.0,2025.0,1966.0,1986.0,1976.0,1627747|1627777|1629027|1629611|1631230,202710|1627741|1627780|1630228|1631218,2024-25,456.0,0.4166666666666667,0.0,0.0,0.0,0.0,,
129592.0,06:43,"Moody S.FOUL (P2.T2) (J.Van Duyne)
Young Free Throw 1 of 2 (16 PTS)
Young Free Throw 2 of 2 (17 PTS)
",0.0,0.0,0.0,0.0,2025-03-22,0022401025,0.0,0.0,GSW,3.0,1.0,8.0,06:57,Off Timeout,0.0,Young Free Throw 1 of 2 (16 PTS),,ATL,GSW,ATL,1610612737.0,2025.0,1743.0,1757.0,1750.0,1627777|1629027|1630168|1630700|1642258,203110|1630228|1630541|1641764|1642366,2024-25,383.0,0.3170731707317073,0.0,0.0,0.0,0.0,,
129580.0,03:51,"Barlow 2' Reverse Layup (4 PTS) (Niang 2 AST)
Santos S.FOUL (P1.T4) (J.Van Duyne)
MISS Barlow Free Throw 1 of 1
Kuminga REBOUND (Off:0 Def:2)
",1.0,1.0,0.0,0.0,2025-03-22,0022401025,0.0,0.0,GSW,3.0,1.0,15.0,04:04,Off FT Make,0.0,Kuminga REBOUND (Off:0 Def:2),,ATL,GSW,ATL,1610612737.0,2025.0,1916.0,1929.0,1922.5,1627747|1627777|1629027|1629611|1631230,1627741|1627780|1630228|1630611|1631218,2024-25,445.0,0.2641509433962264,0.0,0.0,0.0,0.0,,
129591.0,06:43,"Moody S.FOUL (P2.T2) (J.Van Duyne)
Young Free Throw 1 of 2 (16 PTS)
Young Free Throw 2 of 2 (17 PTS)
",0.0,0.0,0.0,0.0,2025-03-22,0022401025,0.0,0.0,GSW,3.0,1.0,8.0,06:57,Off Timeout,0.0,Moody S.FOUL (P2.T2) (J.Van Duyne),,ATL,GSW,ATL,1610612737.0,2025.0,1743.0,1757.0,1750.0,1627777|1629027|1630168|1630700|1642258,203110|1630228|1630541|1641764|1642366,2024-25,411.0,0.2962962962962963,0.0,0.0,0.0,0.0,,
129612.0,11:18,"MISS Daniels 25' 3PT Jump Shot
Podziemski REBOUND (Off:1 Def:5)
",0.0,0.0,1.0,0.0,2025-03-22,0022401025,0.0,0.0,GSW,3.0,0.0,9.0,11:44,Off Arc 3 Make,0.0,MISS Daniels 25' 3PT Jump Shot,,ATL,GSW,ATL,1610612737.0,2025.0,1456.0,1482.0,1469.0,1629027|1630168|1630700|1631243|1642258,202710|203110|1630541|1641764|1642366,2024-25,359.0,0.09836065573770492,0.0,0.0,0.0,0.0,,
129594.0,07:01,"MISS Gueye 1' Cutting Layup Shot: Green BLOCK (1 BLK)
Podziemski REBOUND (Off:1 Def:6)
",1.0,0.0,0.0,0.0,2025-03-22,0022401025,0.0,0.0,GSW,3.0,0.0,11.0,07:17,Off Dead Ball,0.0,MISS Gueye 1' Cutting Layup Shot: Green BLOCK (1 BLK),,ATL,GSW,ATL,1610612737.0,2025.0,1723.0,1739.0,1731.0,1629027|1630168|1630700|1631243|1642258,202710|203110|1630541|1641764|1642366,2024-25,371.0,0.44155844155844154,0.0,0.0,0.0,0.0,,
129596.0,07:25,"MISS Gueye 3PT Jump Shot
Okongwu REBOUND (Off:2 Def:6)
MISS Okongwu 4' Driving Hook Shot
Butler III REBOUND (Off:0 Def:2)
",1.0,0.0,1.0,0.0,2025-03-22,0022401025,0.0,1.0,GSW,3.0,0.0,11.0,07:46,Off Arc 3 Make,0.0,MISS Gueye 3PT Jump Shot,,ATL,GSW,ATL,1610612737.0,2025.0,1694.0,1715.0,1704.5,1629027|1630168|1630700|1631243|1642258,202710|203110|1630541|1641764|1642366,2024-25,363.0,0.10909090909090909,0.0,0.0,0.0,0.0,,
129597.0,07:25,"MISS Gueye 3PT Jump Shot
Okongwu REBOUND (Off:2 Def:6)
MISS Okongwu 4' Driving Hook Shot
Butler III REBOUND (Off:0 Def:2)
",1.0,0.0,1.0,0.0,2025-03-22,0022401025,0.0,1.0,GSW,3.0,0.0,11.0,07:46,Off Arc 3 Make,0.0,Okongwu REBOUND (Off:2 Def:6),,ATL,GSW,ATL,1610612737.0,2025.0,1694.0,1715.0,1704.5,1629027|1630168|1630700|1631243|1642258,202710|203110|1630541|1641764|1642366,2024-25,391.0,0.48484848484848486,0.0,0.0,0.0,0.0,,
129598.0,07:25,"MISS Gueye 3PT Jump Shot
Okongwu REBOUND (Off:2 Def:6)
MISS Okongwu 4' Driving Hook Shot
Butler III REBOUND (Off:0 Def:2)
",1.0,0.0,1.0,0.0,2025-03-22,0022401025,0.0,1.0,GSW,3.0,0.0,11.0,07:46,Off Arc 3 Make,0.0,MISS Okongwu 4' Driving Hook Shot,,ATL,GSW,ATL,1610612737.0,2025.0,1694.0,1715.0,1704.5,1629027|1630168|1630700|1631243|1642258,202710|203110|1630541|1641764|1642366,2024-25,390.0,0.42857142857142855,0.0,0.0,0.0,0.0,,
129599.0,07:25,"MISS Gueye 3PT Jump Shot
Okongwu REBOUND (Off:2 Def:6)
MISS Okongwu 4' Driving Hook Shot
Butler III REBOUND (Off:0 Def:2)
",1.0,0.0,1.0,0.0,2025-03-22,0022401025,0.0,1.0,GSW,3.0,0.0,11.0,07:46,Off Arc 3 Make,0.0,Butler III REBOUND (Off:0 Def:2),,ATL,GSW,ATL,1610612737.0,2025.0,1694.0,1715.0,1704.5,1629027|1630168|1630700|1631243|1642258,202710|203110|1630541|1641764|1642366,2024-25,432.0,0.7384615384615385,0.0,0.0,0.0,0.0,,
129600.0,08:13,"Moody S.FOUL (P1.T1) (R.Hussey)
Young Free Throw 1 of 2 (15 PTS)
MISS Young Free Throw 2 of 2
Post REBOUND (Off:0 Def:4)
",0.0,0.0,0.0,0.0,2025-03-22,0022401025,0.0,0.0,GSW,3.0,1.0,13.0,08:26,Off Dead Ball,0.0,Moody S.FOUL (P1.T1) (R.Hussey),,ATL,GSW,ATL,1610612737.0,2025.0,1654.0,1667.0,1660.5,1629027|1630168|1630700|1631243|1642258,202710|203110|1630541|1641764|1642366,2024-25,395.0,0.18867924528301888,0.0,0.0,0.0,0.0,,
129602.0,08:13,"Moody S.FOUL (P1.T1) (R.Hussey)
Young Free Throw 1 of 2 (15 PTS)
MISS Young Free Throw 2 of 2
Post REBOUND (Off:0 Def:4)
",0.0,0.0,0.0,0.0,2025-03-22,0022401025,0.0,0.0,GSW,3.0,1.0,13.0,08:26,Off Dead Ball,0.0,MISS Young Free Throw 2 of 2,,ATL,GSW,ATL,1610612737.0,2025.0,1654.0,1667.0,1660.5,1629027|1630168|1630700|1631243|1642258,202710|203110|1630541|1641764|1642366,2024-25,357.0,0.2711864406779661,0.0,0.0,0.0,0.0,,
129604.0,08:38,"MISS Risacher 4' Driving Layup: Moody BLOCK (1 BLK)
Green REBOUND (Off:0 Def:5)
",1.0,0.0,0.0,0.0,2025-03-22,0022401025,0.0,0.0,GSW,3.0,0.0,13.0,08:54,Off Arc 3 Miss,0.0,MISS Risacher 4' Driving Layup: Moody BLOCK (1 BLK),,ATL,GSW,ATL,1610612737.0,2025.0,1626.0,1642.0,1634.0,1629027|1630168|1630700|1631243|1642258,202710|203110|1630541|1641764|1642366,2024-25,346.0,0.2549019607843137,0.0,0.0,0.0,0.0,,
129605.0,08:38,"MISS Risacher 4' Driving Layup: Moody BLOCK (1 BLK)
Green REBOUND (Off:0 Def:5)
",1.0,0.0,0.0,0.0,2025-03-22,0022401025,0.0,0.0,GSW,3.0,0.0,13.0,08:54,Off Arc 3 Miss,0.0,Green REBOUND (Off:0 Def:5),,ATL,GSW,ATL,1610612737.0,2025.0,1626.0,1642.0,1634.0,1629027|1630168|1630700|1631243|1642258,202710|203110|1630541|1641764|1642366,2024-25,345.0,0.3018867924528302,0.0,0.0,0.0,0.0,,
129607.0,09:33,"Daniels 24' 3PT Jump Shot (12 PTS) (Young 7 AST)
",0.0,0.0,1.0,1.0,2025-03-22,0022401025,0.0,0.0,GSW,3.0,0.0,8.0,09:39,Off Arc 3 Miss,0.0,Daniels 24' 3PT Jump Shot (12 PTS) (Young 7 AST),,ATL,GSW,ATL,1610612737.0,2025.0,1581.0,1587.0,1584.0,1629027|1630168|1630700|1631243|1642258,202710|203110|1630541|1641764|1642366,2024-25,396.0,0.6597938144329897,0.0,0.0,0.0,0.0,,
129609.0,10:41,"Young 1' Driving Reverse Layup (14 PTS)
",1.0,1.0,0.0,0.0,2025-03-22,0022401025,0.0,0.0,GSW,3.0,0.0,6.0,10:56,Off Arc 3 Make,0.0,Young 1' Driving Reverse Layup (14 PTS),,ATL,GSW,ATL,1610612737.0,2025.0,1504.0,1519.0,1511.5,1629027|1630168|1630700|1631243|1642258,202710|203110|1630541|1641764|1642366,2024-25,329.0,0.22535211267605634,0.0,0.0,0.0,0.0,,
129611.0,11:00,"MISS Risacher 3PT Jump Shot
Green REBOUND (Off:0 Def:4)
",0.0,0.0,1.0,0.0,2025-03-22,0022401025,0.0,0.0,GSW,3.0,0.0,9.0,11:11,Off Arc 3 Miss,0.0,Green REBOUND (Off:0 Def:4),,ATL,GSW,ATL,1610612737.0,2025.0,1489.0,1500.0,1494.5,1629027|1630168|1630700|1631243|1642258,202710|203110|1630541|1641764|1642366,2024-25,364.0,0.22857142857142856,0.0,0.0,0.0,0.0,,
129613.0,11:18,"MISS Daniels 25' 3PT Jump Shot
Podziemski REBOUND (Off:1 Def:5)
",0.0,0.0,1.0,0.0,2025-03-22,0022401025,0.0,0.0,GSW,3.0,0.0,9.0,11:44,Off Arc 3 Make,0.0,Podziemski REBOUND (Off:1 Def:5),,ATL,GSW,ATL,1610612737.0,2025.0,1456.0,1482.0,1469.0,1629027|1630168|1630700|1631243|1642258,202710|203110|1630541|1641764|1642366,2024-25,343.0,0.6984126984126984,0.0,0.0,0.0,0.0,,
129569.0,02:21,"MISS Niang 26' 3PT Jump Shot
Barlow REBOUND (Off:2 Def:1)
Niang 26' 3PT Jump Shot (14 PTS) (LeVert 4 AST)
",0.0,0.0,2.0,1.0,2025-03-22,0022401025,0.0,1.0,GSW,3.0,0.0,16.0,02:42,Off FT Make,0.0,MISS Niang 26' 3PT Jump Shot,,ATL,GSW,ATL,1610612737.0,2025.0,1998.0,2019.0,2008.5,1627747|1627777|1629027|1629611|1631230,202710|1627741|1627780|1630228|1631218,2024-25,463.0,0.17391304347826086,0.0,0.0,0.0,0.0,,
129595.0,07:01,"MISS Gueye 1' Cutting Layup Shot: Green BLOCK (1 BLK)
Podziemski REBOUND (Off:1 Def:6)
",1.0,0.0,0.0,0.0,2025-03-22,0022401025,0.0,0.0,GSW,3.0,0.0,11.0,07:17,Off Dead Ball,0.0,Podziemski REBOUND (Off:1 Def:6),,ATL,GSW,ATL,1610612737.0,2025.0,1723.0,1739.0,1731.0,1629027|1630168|1630700|1631243|1642258,202710|203110|1630541|1641764|1642366,2024-25,438.0,0.6875,0.0,0.0,0.0,0.0,,
129568.0,01:35,"MISS Young 3' Driving Layup: Jackson-Davis BLOCK (1 BLK)
Butler III REBOUND (Off:0 Def:3)
",1.0,0.0,0.0,0.0,2025-03-22,0022401025,0.0,0.0,GSW,3.0,0.0,16.0,02:00,Off Arc 3 Make,0.0,Butler III REBOUND (Off:0 Def:3),,ATL,GSW,ATL,1610612737.0,2025.0,2040.0,2065.0,2052.5,1627747|1627777|1629027|1629611|1631230,202710|1627741|1627780|1630228|1631218,2024-25,481.0,0.2916666666666667,0.0,0.0,0.0,0.0,,
129641.0,06:43,"MISS Niang 26' 3PT Running Jump Shot
Daniels REBOUND (Off:2 Def:8)
Niang Bad Pass Turnover (P2.T10): Green STEAL (3 STL)
",0.0,0.0,1.0,0.0,2025-03-22,0022401025,0.0,1.0,GSW,4.0,0.0,19.0,06:52,Off Steal,1.0,Daniels REBOUND (Off:2 Def:8),,ATL,GSW,ATL,1610612737.0,2025.0,2468.0,2477.0,2472.5,1627777|1629611|1630168|1630249|1630700,202710|203110|1630541|1641764|1642366,2024-25,560.0,0.16666666666666666,0.0,0.0,0.0,0.0,,
129566.0,00:47,"MISS LeVert 26' 3PT Jump Shot
Barlow REBOUND (Off:3 Def:1)
LeVert 24' 3PT Pullup Jump Shot (10 PTS) (Barlow 1 AST)
",0.0,0.0,2.0,1.0,2025-03-22,0022401025,0.0,1.0,GSW,3.0,0.0,14.0,01:18,Off At Rim Make,0.0,LeVert 24' 3PT Pullup Jump Shot (10 PTS) (Barlow 1 AST),,ATL,GSW,ATL,1610612737.0,2025.0,2082.0,2113.0,2097.5,1627747|1627777|1629027|1629611|1631230,202710|1627741|1627780|1630228|1631218,2024-25,483.0,0.11428571428571428,0.0,0.0,0.0,0.0,,
129614.0,00:00,,0.0,0.0,0.0,0.0,2025-03-22,0022401025,0.0,0.0,GSW,4.0,0.0,9.0,00:19,Off At Rim Make,0.0,,,ATL,GSW,ATL,1610612737.0,2025.0,2861.0,2880.0,2870.5,1627747|1629027|1630168|1630700|1642258,202710|203110|1627741|1630541|1642366,2024-25,737.0,0.0,0.0,0.0,0.0,0.0,,
129522.0,00:02,"MISS LeVert 28' 3PT Pullup Jump Shot
Podziemski REBOUND (Off:1 Def:4)
",0.0,0.0,1.0,0.0,2025-03-22,0022401025,0.0,0.0,GSW,2.0,0.0,12.0,00:26,Off Arc 3 Miss,0.0,Podziemski REBOUND (Off:1 Def:4),,ATL,GSW,ATL,1610612737.0,2025.0,1414.0,1438.0,1426.0,1627747|1629027|1630168|1630700|1642258,202710|203110|1630228|1630541|1641764,2024-25,305.0,0.25,0.0,0.0,0.0,0.0,,
129616.0,00:49,"Green P.FOUL (P5.PN) (T.Brothers)
MISS Risacher Free Throw 1 of 2
HAWKS Rebound
Risacher Free Throw 2 of 2 (14 PTS)
",0.0,0.0,0.0,0.0,2025-03-22,0022401025,1.0,0.0,GSW,4.0,0.0,8.0,00:59,Off At Rim Make,0.0,Green P.FOUL (P5.PN) (T.Brothers),,ATL,GSW,ATL,1610612737.0,2025.0,2821.0,2831.0,2826.0,1627747|1629027|1630168|1630700|1642258,202710|203110|1627780|1630541|1641764,2024-25,671.0,0.24615384615384617,0.0,0.0,0.0,0.0,,
129620.0,01:08,"Okongwu 2' Alley Oop Dunk (22 PTS) (Young 10 AST)
",1.0,1.0,0.0,0.0,2025-03-22,0022401025,0.0,0.0,GSW,4.0,0.0,8.0,01:16,Off FT Make,0.0,Okongwu 2' Alley Oop Dunk (22 PTS) (Young 10 AST),,ATL,GSW,ATL,1610612737.0,2025.0,2804.0,2812.0,2808.0,1627747|1629027|1630168|1630700|1642258,202710|203110|1627780|1630541|1641764,2024-25,636.0,0.3883495145631068,0.0,0.0,0.0,0.0,,
129621.0,01:17,"Okongwu Bad Pass Turnover (P2.T16): Moody STEAL (2 STL)
",0.0,0.0,0.0,0.0,2025-03-22,0022401025,0.0,0.0,GSW,4.0,0.0,10.0,01:20,Off Arc 3 Miss,1.0,Okongwu Bad Pass Turnover (P2.T16): Moody STEAL (2 STL),,ATL,GSW,ATL,1610612737.0,2025.0,2800.0,2803.0,2801.5,1627747|1629027|1630168|1630700|1642258,202710|203110|1627780|1630541|1641764,2024-25,630.0,0.08450704225352113,0.0,0.0,0.0,0.0,,
129623.0,02:19,"Young 12' Driving Floating Jump Shot (23 PTS) (LeVert 6 AST)
",1.0,1.0,0.0,0.0,2025-03-22,0022401025,0.0,0.0,GSW,4.0,0.0,8.0,02:43,Off Corner 3 Make,0.0,Young 12' Driving Floating Jump Shot (23 PTS) (LeVert 6 AST),,ATL,GSW,ATL,1610612737.0,2025.0,2717.0,2741.0,2729.0,1627747|1629027|1630168|1630700|1642258,202710|203110|1627780|1630541|1641764,2024-25,621.0,0.34782608695652173,0.0,0.0,0.0,0.0,,
129625.0,02:48,"MISS Okongwu 12' Turnaround Hook Shot
Green REBOUND (Off:0 Def:6)
",1.0,0.0,0.0,0.0,2025-03-22,0022401025,0.0,0.0,GSW,4.0,0.0,11.0,03:16,Off At Rim Make,0.0,Green REBOUND (Off:0 Def:6),,ATL,GSW,ATL,1610612737.0,2025.0,2684.0,2712.0,2698.0,1627747|1629027|1630168|1630700|1642258,202710|203110|1627780|1630541|1641764,2024-25,619.0,0.3157894736842105,0.0,0.0,0.0,0.0,,
129626.0,03:34,"Risacher 25' 3PT Jump Shot (13 PTS) (LeVert 5 AST)
",0.0,0.0,1.0,1.0,2025-03-22,0022401025,0.0,0.0,GSW,4.0,0.0,10.0,03:40,Off Steal,0.0,Risacher 25' 3PT Jump Shot (13 PTS) (LeVert 5 AST),,ATL,GSW,ATL,1610612737.0,2025.0,2660.0,2666.0,2663.0,1627747|1629027|1630168|1630700|1642258,202710|203110|1627780|1630541|1641764,2024-25,613.0,0.3,0.0,0.0,0.0,0.0,,
129627.0,03:43,"Young Bad Pass Turnover (P4.T15): Podziemski STEAL (1 STL)
",0.0,0.0,0.0,0.0,2025-03-22,0022401025,0.0,0.0,GSW,4.0,0.0,10.0,03:48,Off At Rim Make,1.0,Young Bad Pass Turnover (P4.T15): Podziemski STEAL (1 STL),,ATL,GSW,ATL,1610612737.0,2025.0,2652.0,2657.0,2654.5,1627747|1629027|1630168|1630700|1642258,202710|203110|1627780|1630541|1641764,2024-25,672.0,0.14432989690721648,0.0,0.0,0.0,0.0,,
129631.0,04:03,"LeVert 2' Driving Layup (12 PTS)
Green S.FOUL (P4.T4) (T.Brothers)
MISS LeVert Free Throw 1 of 1
Butler III REBOUND (Off:0 Def:4)
",1.0,1.0,0.0,0.0,2025-03-22,0022401025,0.0,0.0,GSW,4.0,1.0,10.0,04:15,Off FT Make,0.0,Butler III REBOUND (Off:0 Def:4),,ATL,GSW,ATL,1610612737.0,2025.0,2625.0,2637.0,2631.0,1627747|1629027|1630168|1630700|1642258,202710|203110|1627780|1630541|1641764,2024-25,603.0,0.2916666666666667,0.0,0.0,0.0,0.0,,
129633.0,04:23,"LeVert Offensive Charge Foul (P4) (R.Hussey)
LeVert Offensive Foul Turnover (P1.T14)
",0.0,0.0,0.0,0.0,2025-03-22,0022401025,0.0,0.0,GSW,4.0,0.0,12.0,04:27,Off Arc 3 Miss,1.0,LeVert Offensive Foul Turnover (P1.T14),,ATL,GSW,ATL,1610612737.0,2025.0,2613.0,2617.0,2615.0,1627747|1629027|1630168|1630700|1642258,202710|203110|1627780|1630541|1641764,2024-25,595.0,0.1935483870967742,0.0,0.0,0.0,0.0,,
129632.0,04:23,"LeVert Offensive Charge Foul (P4) (R.Hussey)
LeVert Offensive Foul Turnover (P1.T14)
",0.0,0.0,0.0,0.0,2025-03-22,0022401025,0.0,0.0,GSW,4.0,0.0,12.0,04:27,Off Arc 3 Miss,1.0,LeVert Offensive Charge Foul (P4) (R.Hussey),,ATL,GSW,ATL,1610612737.0,2025.0,2613.0,2617.0,2615.0,1627747|1629027|1630168|1630700|1642258,202710|203110|1627780|1630541|1641764,2024-25,593.0,0.1,0.0,0.0,0.0,0.0,,
129635.0,04:46,"MISS Okongwu 10' Driving Floating Jump Shot
Okongwu REBOUND (Off:3 Def:7)
Okongwu Step Out of Bounds Turnover (P1.T13)
",1.0,0.0,0.0,0.0,2025-03-22,0022401025,0.0,1.0,GSW,4.0,0.0,12.0,05:06,Off FT Miss,1.0,Okongwu REBOUND (Off:3 Def:7),,ATL,GSW,ATL,1610612737.0,2025.0,2574.0,2594.0,2584.0,1627747|1629027|1630168|1630700|1642258,202710|203110|1627780|1630541|1641764,2024-25,588.0,0.1702127659574468,0.0,0.0,0.0,0.0,,
129637.0,05:20,"Green P.FOUL (P3.T3) (J.Van Duyne)
HAWKS Turnover: Shot Clock (T#12)
",0.0,0.0,0.0,0.0,2025-03-22,0022401025,0.0,0.0,GSW,4.0,0.0,13.0,05:59,Off Arc 3 Make,1.0,Green P.FOUL (P3.T3) (J.Van Duyne),,ATL,GSW,ATL,1610612737.0,2025.0,2521.0,2560.0,2540.5,1627747|1629027|1630168|1630700|1642258,202710|203110|1627780|1630541|1641764,2024-25,519.0,0.17857142857142858,0.0,0.0,0.0,0.0,,
129567.0,01:35,"MISS Young 3' Driving Layup: Jackson-Davis BLOCK (1 BLK)
Butler III REBOUND (Off:0 Def:3)
",1.0,0.0,0.0,0.0,2025-03-22,0022401025,0.0,0.0,GSW,3.0,0.0,16.0,02:00,Off Arc 3 Make,0.0,MISS Young 3' Driving Layup: Jackson-Davis BLOCK (1 BLK),,ATL,GSW,ATL,1610612737.0,2025.0,2040.0,2065.0,2052.5,1627747|1627777|1629027|1629611|1631230,202710|1627741|1627780|1630228|1631218,2024-25,514.0,0.43037974683544306,0.0,0.0,0.0,0.0,,
129638.0,05:20,"Green P.FOUL (P3.T3) (J.Van Duyne)
HAWKS Turnover: Shot Clock (T#12)
",0.0,0.0,0.0,0.0,2025-03-22,0022401025,0.0,0.0,GSW,4.0,0.0,13.0,05:59,Off Arc 3 Make,1.0,HAWKS Turnover: Shot Clock (T#12),,ATL,GSW,ATL,1610612737.0,2025.0,2521.0,2560.0,2540.5,1627747|1629027|1630168|1630700|1642258,202710|203110|1627780|1630541|1641764,2024-25,590.0,0.34285714285714286,0.0,0.0,0.0,0.0,,
129640.0,06:43,"MISS Niang 26' 3PT Running Jump Shot
Daniels REBOUND (Off:2 Def:8)
Niang Bad Pass Turnover (P2.T10): Green STEAL (3 STL)
",0.0,0.0,1.0,0.0,2025-03-22,0022401025,0.0,1.0,GSW,4.0,0.0,19.0,06:52,Off Steal,1.0,MISS Niang 26' 3PT Running Jump Shot,,ATL,GSW,ATL,1610612737.0,2025.0,2468.0,2477.0,2472.5,1627777|1629611|1630168|1630249|1630700,202710|203110|1630541|1641764|1642366,2024-25,559.0,0.26506024096385544,0.0,0.0,0.0,0.0,,
129643.0,06:55,"Mann Bad Pass Turnover (P2.T9): Green STEAL (2 STL)
",0.0,0.0,0.0,0.0,2025-03-22,0022401025,0.0,0.0,GSW,4.0,0.0,19.0,07:08,Off At Rim Make,1.0,Mann Bad Pass Turnover (P2.T9): Green STEAL (2 STL),,ATL,GSW,ATL,1610612737.0,2025.0,2452.0,2465.0,2458.5,1627777|1629611|1630168|1630249|1630700,202710|203110|1630541|1641764|1642366,2024-25,602.0,0.136986301369863,0.0,0.0,0.0,0.0,,
129645.0,08:02,"Krejci Bad Pass Turnover (P1.T8): Moody STEAL (1 STL)
",0.0,0.0,0.0,0.0,2025-03-22,0022401025,0.0,0.0,GSW,4.0,0.0,20.0,08:19,Off FT Make,1.0,Krejci Bad Pass Turnover (P1.T8): Moody STEAL (1 STL),,ATL,GSW,ATL,1610612737.0,2025.0,2381.0,2398.0,2389.5,1627777|1629611|1630168|1630249|1630700,202710|203110|1630541|1641764|1642366,2024-25,545.0,0.14084507042253522,0.0,0.0,0.0,0.0,,
129647.0,08:32,"Green S.FOUL (P2.T2) (R.Hussey)
Krejci Free Throw 1 of 2 (3 PTS)
MISS Krejci Free Throw 2 of 2
Moody REBOUND (Off:1 Def:3)
",0.0,0.0,0.0,0.0,2025-03-22,0022401025,0.0,0.0,GSW,4.0,1.0,21.0,08:46,Off FT Miss,0.0,Krejci Free Throw 1 of 2 (3 PTS),,ATL,GSW,ATL,1610612737.0,2025.0,2354.0,2368.0,2361.0,1627777|1629611|1630168|1630249|1630700,202710|203110|1630541|1641764|1642366,2024-25,538.0,0.746268656716418,0.0,0.0,0.0,0.0,,
129649.0,08:32,"Green S.FOUL (P2.T2) (R.Hussey)
Krejci Free Throw 1 of 2 (3 PTS)
MISS Krejci Free Throw 2 of 2
Moody REBOUND (Off:1 Def:3)
",0.0,0.0,0.0,0.0,2025-03-22,0022401025,0.0,0.0,GSW,4.0,1.0,21.0,08:46,Off FT Miss,0.0,Moody REBOUND (Off:1 Def:3),,ATL,GSW,ATL,1610612737.0,2025.0,2354.0,2368.0,2361.0,1627777|1629611|1630168|1630249|1630700,202710|203110|1630541|1641764|1642366,2024-25,568.0,0.25806451612903225,0.0,0.0,0.0,0.0,,
129650.0,09:01,"Niang 3PT Jump Shot (20 PTS) (Krejci 5 AST)
",0.0,0.0,1.0,1.0,2025-03-22,0022401025,0.0,0.0,GSW,4.0,0.0,18.0,09:30,Off At Rim Make,0.0,Niang 3PT Jump Shot (20 PTS) (Krejci 5 AST),,ATL,GSW,ATL,1610612737.0,2025.0,2310.0,2339.0,2324.5,1627777|1629027|1629611|1630249|1631230,202710|203110|1630541|1641764|1642366,2024-25,599.0,0.4943820224719101,0.0,0.0,0.0,0.0,,
129651.0,09:42,"Niang 26' 3PT Jump Shot (17 PTS) (Krejci 4 AST)
",0.0,0.0,1.0,1.0,2025-03-22,0022401025,0.0,0.0,GSW,4.0,0.0,17.0,09:51,Off At Rim Miss,0.0,Niang 26' 3PT Jump Shot (17 PTS) (Krejci 4 AST),,ATL,GSW,ATL,1610612737.0,2025.0,2289.0,2298.0,2293.5,1627777|1629027|1629611|1630249|1631230,202710|203110|1630541|1641764|1642366,2024-25,576.0,0.5894736842105263,0.0,0.0,0.0,0.0,,
129653.0,10:16,"Post S.FOUL (P2.T1) (R.Hussey)
Young Free Throw 1 of 2 (20 PTS)
Young Free Throw 2 of 2 (21 PTS)
",0.0,0.0,0.0,0.0,2025-03-22,0022401025,0.0,0.0,GSW,4.0,1.0,15.0,10:23,Off Arc 3 Miss,0.0,Young Free Throw 1 of 2 (20 PTS),,ATL,GSW,ATL,1610612737.0,2025.0,2257.0,2264.0,2260.5,1627777|1629027|1629611|1630249|1631230,202710|203110|1630541|1641764|1642366,2024-25,516.0,0.1643835616438356,0.0,0.0,0.0,0.0,,
129654.0,10:16,"Post S.FOUL (P2.T1) (R.Hussey)
Young Free Throw 1 of 2 (20 PTS)
Young Free Throw 2 of 2 (21 PTS)
",0.0,0.0,0.0,0.0,2025-03-22,0022401025,0.0,0.0,GSW,4.0,1.0,15.0,10:23,Off Arc 3 Miss,0.0,Young Free Throw 2 of 2 (21 PTS),,ATL,GSW,ATL,1610612737.0,2025.0,2257.0,2264.0,2260.5,1627777|1629027|1629611|1630249|1631230,202710|203110|1630541|1641764|1642366,2024-25,517.0,0.1111111111111111,0.0,0.0,0.0,0.0,,
129652.0,10:16,"Post S.FOUL (P2.T1) (R.Hussey)
Young Free Throw 1 of 2 (20 PTS)
Young Free Throw 2 of 2 (21 PTS)
",0.0,0.0,0.0,0.0,2025-03-22,0022401025,0.0,0.0,GSW,4.0,1.0,15.0,10:23,Off Arc 3 Miss,0.0,Post S.FOUL (P2.T1) (R.Hussey),,ATL,GSW,ATL,1610612737.0,2025.0,2257.0,2264.0,2260.5,1627777|1629027|1629611|1630249|1631230,202710|203110|1630541|1641764|1642366,2024-25,549.0,0.2571428571428571,0.0,0.0,0.0,0.0,,
129656.0,10:42,"MISS Mann 26' 3PT Jump Shot
Moody REBOUND (Off:1 Def:2)
",0.0,0.0,1.0,0.0,2025-03-22,0022401025,0.0,0.0,GSW,4.0,0.0,15.0,11:05,Off At Rim Make,0.0,Moody REBOUND (Off:1 Def:2),,ATL,GSW,ATL,1610612737.0,2025.0,2215.0,2238.0,2226.5,1627777|1629027|1629611|1630249|1631230,202710|203110|1630541|1641764|1642366,2024-25,564.0,0.7368421052631579,0.0,0.0,0.0,0.0,,
129658.0,11:09,"MISS Young 27' 3PT Pullup Jump Shot
Podziemski REBOUND (Off:1 Def:7)
",0.0,0.0,1.0,0.0,2025-03-22,0022401025,0.0,0.0,GSW,4.0,0.0,17.0,11:21,Off Short Mid-Range Miss,0.0,Podziemski REBOUND (Off:1 Def:7),,ATL,GSW,ATL,1610612737.0,2025.0,2199.0,2211.0,2205.0,1627777|1629027|1629611|1630249|1631230,202710|203110|1630541|1641764|1642366,2024-25,494.0,0.27692307692307694,0.0,0.0,0.0,0.0,,
129659.0,11:42,"Young Bad Pass Turnover (P2.T7): Green STEAL (1 STL)
",0.0,0.0,0.0,0.0,2025-03-22,0022401025,0.0,0.0,GSW,4.0,0.0,17.0,12:00,Off Dead Ball,1.0,Young Bad Pass Turnover (P2.T7): Green STEAL (1 STL),,ATL,GSW,ATL,1610612737.0,2025.0,2160.0,2178.0,2169.0,1627777|1629027|1629611|1630249|1631230,202710|203110|1630541|1641764|1642366,2024-25,502.0,0.17142857142857143,0.0,0.0,0.0,0.0,,
129563.0,00:01,"MISS Young 26' 3PT Step Back Jump Shot
Jackson-Davis REBOUND (Off:2 Def:1)
",0.0,0.0,1.0,0.0,2025-03-22,0022401025,0.0,0.0,GSW,3.0,0.0,17.0,00:22,Off Dead Ball,0.0,Jackson-Davis REBOUND (Off:2 Def:1),,ATL,GSW,ATL,1610612737.0,2025.0,2138.0,2159.0,2148.5,1627747|1627777|1629027|1629611|1631230,202710|1627741|1627780|1630228|1631218,2024-25,534.0,0.2413793103448276,0.0,0.0,0.0,0.0,,
129639.0,06:20,"Young Bad Pass Turnover (P3.T11): Butler III STEAL (1 STL)
",0.0,0.0,0.0,0.0,2025-03-22,0022401025,0.0,0.0,GSW,4.0,0.0,16.0,06:38,Off Timeout,1.0,Young Bad Pass Turnover (P3.T11): Butler III STEAL (1 STL),,ATL,GSW,ATL,1610612737.0,2025.0,2482.0,2500.0,2491.0,1627747|1629027|1630168|1630700|1642258,202710|203110|1627780|1630541|1641764,2024-25,573.0,0.21782178217821782,0.0,0.0,0.0,0.0,,
129615.0,00:25,"Young 6' Driving Finger Roll Layup (25 PTS)
",1.0,1.0,0.0,0.0,2025-03-22,0022401025,0.0,0.0,GSW,4.0,0.0,9.0,00:43,Off At Rim Miss,0.0,Young 6' Driving Finger Roll Layup (25 PTS),,ATL,GSW,ATL,1610612737.0,2025.0,2837.0,2855.0,2846.0,1627747|1629027|1630168|1630700|1642258,202710|203110|1627741|1630541|1642366,2024-25,652.0,0.13114754098360656,0.0,0.0,0.0,0.0,,
129526.0,00:55,"MISS Young 6' Driving Layup
Okongwu REBOUND (Off:1 Def:4)
Young 3' Driving Floating Jump Shot (12 PTS) (Okongwu 5 AST)
",2.0,1.0,0.0,0.0,2025-03-22,0022401025,0.0,1.0,GSW,2.0,0.0,11.0,01:15,Off FT Make,0.0,Young 3' Driving Floating Jump Shot (12 PTS) (Okongwu 5 AST),,ATL,GSW,ATL,1610612737.0,2025.0,1365.0,1385.0,1375.0,1627747|1629027|1630168|1630700|1642258,202710|203110|1630228|1630541|1641764,2024-25,304.0,0.1782178217821782,0.0,0.0,0.0,0.0,,
129524.0,00:55,"MISS Young 6' Driving Layup
Okongwu REBOUND (Off:1 Def:4)
Young 3' Driving Floating Jump Shot (12 PTS) (Okongwu 5 AST)
",2.0,1.0,0.0,0.0,2025-03-22,0022401025,0.0,1.0,GSW,2.0,0.0,11.0,01:15,Off FT Make,0.0,MISS Young 6' Driving Layup,,ATL,GSW,ATL,1610612737.0,2025.0,1365.0,1385.0,1375.0,1627747|1629027|1630168|1630700|1642258,202710|203110|1630228|1630541|1641764,2024-25,302.0,0.2807017543859649,0.0,0.0,0.0,0.0,,
129486.0,01:38,"MISS LeVert 24' 3PT Jump Shot
Payton II REBOUND (Off:0 Def:1)
",0.0,0.0,1.0,0.0,2025-03-22,0022401025,0.0,0.0,GSW,1.0,0.0,17.0,01:56,Off Corner 3 Make,0.0,MISS LeVert 24' 3PT Jump Shot,,ATL,GSW,ATL,1610612737.0,2025.0,604.0,622.0,613.0,1627747|1627777|1629027|1629611|1631230,202710|1626172|1627741|1627780|1630228,2024-25,135.0,0.1702127659574468,0.0,0.0,0.0,0.0,,
129488.0,02:10,"Mann 1' Running Layup (2 PTS) (Young 4 AST)
",1.0,1.0,0.0,0.0,2025-03-22,0022401025,0.0,0.0,GSW,1.0,0.0,18.0,02:15,Off Long Mid-Range Miss,0.0,Mann 1' Running Layup (2 PTS) (Young 4 AST),,ATL,GSW,ATL,1610612737.0,2025.0,585.0,590.0,587.5,1627747|1627777|1629027|1629611|1631230,202710|1626172|1627741|1627780|1630228,2024-25,131.0,0.14814814814814814,0.0,0.0,0.0,0.0,,
129489.0,02:37,"LeVert 10' Driving Floating Bank Jump Shot (2 PTS) (Daniels 3 AST)
",1.0,1.0,0.0,0.0,2025-03-22,0022401025,0.0,0.0,GSW,1.0,0.0,16.0,02:44,Off At Rim Miss,0.0,LeVert 10' Driving Floating Bank Jump Shot (2 PTS) (Daniels 3 AST),,ATL,GSW,ATL,1610612737.0,2025.0,556.0,563.0,559.5,1627747|1627777|1629611|1630700|1631230,1626172|1627741|1630228|1630611|1641764,2024-25,120.0,0.19047619047619047,0.0,0.0,0.0,0.0,,
129490.0,03:14,"Barlow 13' Jump Shot (2 PTS) (LeVert 3 AST)
",1.0,1.0,0.0,0.0,2025-03-22,0022401025,0.0,0.0,GSW,1.0,0.0,14.0,03:23,Off Long Mid-Range Miss,0.0,Barlow 13' Jump Shot (2 PTS) (LeVert 3 AST),,ATL,GSW,ATL,1610612737.0,2025.0,517.0,526.0,521.5,1627747|1627777|1629611|1630700|1631230,1626172|1627741|1630228|1630611|1641764,2024-25,114.0,0.2077922077922078,0.0,0.0,0.0,0.0,,
129491.0,03:44,"Daniels 8' Driving Floating Jump Shot (7 PTS)
",1.0,1.0,0.0,0.0,2025-03-22,0022401025,0.0,0.0,GSW,1.0,0.0,12.0,03:51,Off At Rim Make,0.0,Daniels 8' Driving Floating Jump Shot (7 PTS),,ATL,GSW,ATL,1610612737.0,2025.0,489.0,496.0,492.5,1627747|1627777|1629611|1630700|1631230,1626172|1627741|1630228|1630611|1641764,2024-25,110.0,0.15789473684210525,0.0,0.0,0.0,0.0,,
129492.0,04:03,"Niang 16' Pullup Jump Shot (2 PTS) (LeVert 2 AST)
",1.0,1.0,0.0,0.0,2025-03-22,0022401025,0.0,0.0,GSW,1.0,0.0,12.0,04:12,Off Arc 3 Miss,0.0,Niang 16' Pullup Jump Shot (2 PTS) (LeVert 2 AST),,ATL,GSW,ATL,1610612737.0,2025.0,468.0,477.0,472.5,1627747|1627777|1629611|1630700|1631230,1626172|1627741|1630228|1630611|1641764,2024-25,107.0,0.24096385542168675,0.0,0.0,0.0,0.0,,
129495.0,04:27,"Green L.B.FOUL (P1.T3) (T.Brothers)
Mann OFF.Foul (P1) (T.Brothers)
Mann Offensive Foul Turnover (P1.T1)
",0.0,0.0,0.0,0.0,2025-03-22,0022401025,0.0,0.0,GSW,1.0,0.0,12.0,04:44,Off Dead Ball,1.0,Mann Offensive Foul Turnover (P1.T1),,ATL,GSW,ATL,1610612737.0,2025.0,436.0,453.0,444.5,1627747|1627777|1629611|1630700|1631230,1626172|1627741|1630228|1630611|1641764,2024-25,104.0,0.18947368421052632,0.0,0.0,0.0,0.0,,
129493.0,04:27,"Green L.B.FOUL (P1.T3) (T.Brothers)
Mann OFF.Foul (P1) (T.Brothers)
Mann Offensive Foul Turnover (P1.T1)
",0.0,0.0,0.0,0.0,2025-03-22,0022401025,0.0,0.0,GSW,1.0,0.0,12.0,04:44,Off Dead Ball,1.0,Green L.B.FOUL (P1.T3) (T.Brothers),,ATL,GSW,ATL,1610612737.0,2025.0,436.0,453.0,444.5,1627747|1627777|1629611|1630700|1631230,1626172|1627741|1630228|1630611|1641764,2024-25,119.0,0.36363636363636365,0.0,0.0,0.0,0.0,,
129496.0,05:11,"Okongwu 7' Driving Hook Shot (5 PTS) (LeVert 1 AST)
",1.0,1.0,0.0,0.0,2025-03-22,0022401025,0.0,0.0,GSW,1.0,0.0,10.0,05:21,Off At Rim Block,0.0,Okongwu 7' Driving Hook Shot (5 PTS) (LeVert 1 AST),,ATL,GSW,ATL,1610612737.0,2025.0,399.0,409.0,404.0,1627747|1630168|1630700|1631243|1642258,203110|1630228|1630541|1641764|1642366,2024-25,79.0,0.2,0.0,0.0,0.0,0.0,,
129497.0,05:34,"Risacher Driving Layup (8 PTS) (Okongwu 2 AST)
",1.0,1.0,0.0,0.0,2025-03-22,0022401025,0.0,0.0,GSW,1.0,0.0,8.0,05:47,Off Arc 3 Miss,0.0,Risacher Driving Layup (8 PTS) (Okongwu 2 AST),,ATL,GSW,ATL,1610612737.0,2025.0,373.0,386.0,379.5,1627747|1630168|1630700|1631243|1642258,203110|1630228|1630541|1641764|1642366,2024-25,74.0,0.3,0.0,0.0,0.0,0.0,,
129499.0,06:00,"MISS Risacher 25' 3PT Running Jump Shot
Green REBOUND (Off:0 Def:1)
",0.0,0.0,1.0,0.0,2025-03-22,0022401025,0.0,0.0,GSW,1.0,0.0,8.0,06:09,Off Arc 3 Miss,0.0,Green REBOUND (Off:0 Def:1),,ATL,GSW,ATL,1610612737.0,2025.0,351.0,360.0,355.5,1627747|1630168|1630700|1631243|1642258,203110|1630228|1630541|1641764|1642366,2024-25,69.0,0.3076923076923077,0.0,0.0,0.0,0.0,,
129498.0,06:00,"MISS Risacher 25' 3PT Running Jump Shot
Green REBOUND (Off:0 Def:1)
",0.0,0.0,1.0,0.0,2025-03-22,0022401025,0.0,0.0,GSW,1.0,0.0,8.0,06:09,Off Arc 3 Miss,0.0,MISS Risacher 25' 3PT Running Jump Shot,,ATL,GSW,ATL,1610612737.0,2025.0,351.0,360.0,355.5,1627747|1630168|1630700|1631243|1642258,203110|1630228|1630541|1641764|1642366,2024-25,70.0,0.21428571428571427,0.0,0.0,0.0,0.0,,
129500.0,06:33,"Daniels 1' Running Layup (5 PTS)
",1.0,1.0,0.0,0.0,2025-03-22,0022401025,0.0,0.0,GSW,1.0,0.0,6.0,06:37,Off Steal,0.0,Daniels 1' Running Layup (5 PTS),,ATL,GSW,ATL,1610612737.0,2025.0,323.0,327.0,325.0,1629027|1630168|1630700|1631243|1642258,203110|1630228|1630541|1641764|1642366,2024-25,63.0,0.5294117647058824,0.0,0.0,0.0,0.0,,
129502.0,07:16,"MISS Daniels 25' 3PT Jump Shot
Butler III REBOUND (Off:0 Def:1)
",0.0,0.0,1.0,0.0,2025-03-22,0022401025,0.0,0.0,GSW,1.0,0.0,3.0,07:30,Off Short Mid-Range Make,0.0,MISS Daniels 25' 3PT Jump Shot,,ATL,GSW,ATL,1610612737.0,2025.0,270.0,284.0,277.0,1629027|1630168|1630700|1631243|1642258,202710|203110|1630541|1641764|1642366,2024-25,60.0,0.525,0.0,0.0,0.0,0.0,,
129503.0,07:16,"MISS Daniels 25' 3PT Jump Shot
Butler III REBOUND (Off:0 Def:1)
",0.0,0.0,1.0,0.0,2025-03-22,0022401025,0.0,0.0,GSW,1.0,0.0,3.0,07:30,Off Short Mid-Range Make,0.0,Butler III REBOUND (Off:0 Def:1),,ATL,GSW,ATL,1610612737.0,2025.0,270.0,284.0,277.0,1629027|1630168|1630700|1631243|1642258,202710|203110|1630541|1641764|1642366,2024-25,58.0,0.6875,0.0,0.0,0.0,0.0,,
129504.0,07:49,"MISS Gueye 2' Layup
Post REBOUND (Off:0 Def:1)
",1.0,0.0,0.0,0.0,2025-03-22,0022401025,0.0,0.0,GSW,1.0,0.0,5.0,08:00,Off FT Make,0.0,MISS Gueye 2' Layup,,ATL,GSW,ATL,1610612737.0,2025.0,240.0,251.0,245.5,1629027|1630168|1630700|1631243|1642258,202710|203110|1630541|1641764|1642366,2024-25,50.0,0.8421052631578947,0.0,0.0,0.0,0.0,,
129505.0,07:49,"MISS Gueye 2' Layup
Post REBOUND (Off:0 Def:1)
",1.0,0.0,0.0,0.0,2025-03-22,0022401025,0.0,0.0,GSW,1.0,0.0,5.0,08:00,Off FT Make,0.0,Post REBOUND (Off:0 Def:1),,ATL,GSW,ATL,1610612737.0,2025.0,240.0,251.0,245.5,1629027|1630168|1630700|1631243|1642258,202710|203110|1630541|1641764|1642366,2024-25,52.0,0.11764705882352941,0.0,0.0,0.0,0.0,,
129506.0,08:08,"Young 8' Driving Floating Jump Shot (5 PTS) (Daniels 2 AST)
",1.0,1.0,0.0,0.0,2025-03-22,0022401025,0.0,0.0,GSW,1.0,0.0,5.0,08:18,Off At Rim Make,0.0,Young 8' Driving Floating Jump Shot (5 PTS) (Daniels 2 AST),,ATL,GSW,ATL,1610612737.0,2025.0,222.0,232.0,227.0,1629027|1630168|1630700|1631243|1642258,202710|203110|1630541|1641764|1642366,2024-25,44.0,0.9354838709677419,0.0,0.0,0.0,0.0,,
129507.0,08:29,"Okongwu 24' 3PT Jump Shot (3 PTS) (Young 3 AST)
",0.0,0.0,1.0,1.0,2025-03-22,0022401025,0.0,0.0,GSW,1.0,0.0,4.0,08:42,Off At Rim Make,0.0,Okongwu 24' 3PT Jump Shot (3 PTS) (Young 3 AST),,ATL,GSW,ATL,1610612737.0,2025.0,198.0,211.0,204.5,1629027|1630168|1630700|1631243|1642258,202710|203110|1630541|1641764|1642366,2024-25,40.0,0.32098765432098764,0.0,0.0,0.0,0.0,,
129508.0,09:14,"Risacher 25' 3PT Running Jump Shot (6 PTS) (Young 2 AST)
",0.0,0.0,1.0,1.0,2025-03-22,0022401025,0.0,0.0,GSW,1.0,0.0,3.0,09:19,Off Arc 3 Miss,0.0,Risacher 25' 3PT Running Jump Shot (6 PTS) (Young 2 AST),,ATL,GSW,ATL,1610612737.0,2025.0,161.0,166.0,163.5,1629027|1630168|1630700|1631243|1642258,202710|203110|1630541|1641764|1642366,2024-25,34.0,0.532258064516129,0.0,0.0,0.0,0.0,,
129509.0,09:37,"Young 21' Driving Floating Jump Shot (2 PTS)
Podziemski S.FOUL (P1.T2) (R.Hussey)
Young Free Throw 1 of 1 (3 PTS)
",1.0,1.0,0.0,0.0,2025-03-22,0022401025,0.0,0.0,GSW,1.0,1.0,0.0,09:43,Off Arc 3 Make,0.0,Young 21' Driving Floating Jump Shot (2 PTS),,ATL,GSW,ATL,1610612737.0,2025.0,137.0,143.0,140.0,1629027|1630168|1630700|1631243|1642258,202710|203110|1630541|1641764|1642366,2024-25,28.0,0.375,0.0,0.0,0.0,0.0,,
129511.0,09:37,"Young 21' Driving Floating Jump Shot (2 PTS)
Podziemski S.FOUL (P1.T2) (R.Hussey)
Young Free Throw 1 of 1 (3 PTS)
",1.0,1.0,0.0,0.0,2025-03-22,0022401025,0.0,0.0,GSW,1.0,1.0,0.0,09:43,Off Arc 3 Make,0.0,Young Free Throw 1 of 1 (3 PTS),,ATL,GSW,ATL,1610612737.0,2025.0,137.0,143.0,140.0,1629027|1630168|1630700|1631243|1642258,202710|203110|1630541|1641764|1642366,2024-25,31.0,0.2682926829268293,0.0,0.0,0.0,0.0,,
129513.0,10:03,"MISS Okongwu 11' Driving Floating Jump Shot
Gueye REBOUND (Off:1 Def:0)
Gueye 1' Driving Dunk (2 PTS) (Daniels 1 AST)
",2.0,1.0,0.0,0.0,2025-03-22,0022401025,0.0,1.0,GSW,1.0,0.0,1.0,10:33,Off Short Mid-Range Make,0.0,Gueye REBOUND (Off:1 Def:0),,ATL,GSW,ATL,1610612737.0,2025.0,87.0,117.0,102.0,1629027|1630168|1630700|1631243|1642258,202710|203110|1630541|1641764|1642366,2024-25,23.0,0.7368421052631579,0.0,0.0,0.0,0.0,,
129514.0,10:03,"MISS Okongwu 11' Driving Floating Jump Shot
Gueye REBOUND (Off:1 Def:0)
Gueye 1' Driving Dunk (2 PTS) (Daniels 1 AST)
",2.0,1.0,0.0,0.0,2025-03-22,0022401025,0.0,1.0,GSW,1.0,0.0,1.0,10:33,Off Short Mid-Range Make,0.0,Gueye 1' Driving Dunk (2 PTS) (Daniels 1 AST),,ATL,GSW,ATL,1610612737.0,2025.0,87.0,117.0,102.0,1629027|1630168|1630700|1631243|1642258,202710|203110|1630541|1641764|1642366,2024-25,20.0,0.6595744680851063,0.0,0.0,0.0,0.0,,
129515.0,10:43,"Risacher 1' Running Layup (2 PTS) (Young 1 AST)
Post S.FOUL (P1.T1) (R.Hussey)
Risacher Free Throw 1 of 1 (3 PTS)
",1.0,1.0,0.0,0.0,2025-03-22,0022401025,0.0,0.0,GSW,1.0,1.0,0.0,10:47,Off Arc 3 Miss,0.0,Risacher 1' Running Layup (2 PTS) (Young 1 AST),,ATL,GSW,ATL,1610612737.0,2025.0,73.0,77.0,75.0,1629027|1630168|1630700|1631243|1642258,202710|203110|1630541|1641764|1642366,2024-25,15.0,0.2564102564102564,0.0,0.0,0.0,0.0,,
129516.0,10:43,"Risacher 1' Running Layup (2 PTS) (Young 1 AST)
Post S.FOUL (P1.T1) (R.Hussey)
Risacher Free Throw 1 of 1 (3 PTS)
",1.0,1.0,0.0,0.0,2025-03-22,0022401025,0.0,0.0,GSW,1.0,1.0,0.0,10:47,Off Arc 3 Miss,0.0,Post S.FOUL (P1.T1) (R.Hussey),,ATL,GSW,ATL,1610612737.0,2025.0,73.0,77.0,75.0,1629027|1630168|1630700|1631243|1642258,202710|203110|1630541|1641764|1642366,2024-25,16.0,0.15384615384615385,0.0,0.0,0.0,0.0,,
129517.0,10:43,"Risacher 1' Running Layup (2 PTS) (Young 1 AST)
Post S.FOUL (P1.T1) (R.Hussey)
Risacher Free Throw 1 of 1 (3 PTS)
",1.0,1.0,0.0,0.0,2025-03-22,0022401025,0.0,0.0,GSW,1.0,1.0,0.0,10:47,Off Arc 3 Miss,0.0,Risacher Free Throw 1 of 1 (3 PTS),,ATL,GSW,ATL,1610612737.0,2025.0,73.0,77.0,75.0,1629027|1630168|1630700|1631243|1642258,202710|203110|1630541|1641764|1642366,2024-25,19.0,0.6567164179104478,0.0,0.0,0.0,0.0,,
129520.0,11:33,"MISS Gueye 3PT Jump Shot
Podziemski REBOUND (Off:0 Def:1)
",0.0,0.0,1.0,0.0,2025-03-22,0022401025,0.0,0.0,GSW,1.0,0.0,0.0,12:00,Off Dead Ball,0.0,Podziemski REBOUND (Off:0 Def:1),,ATL,GSW,ATL,1610612737.0,2025.0,0.0,27.0,13.5,1629027|1630168|1630700|1631243|1642258,202710|203110|1630541|1641764|1642366,2024-25,8.0,0.35714285714285715,0.0,0.0,0.0,0.0,,
129523.0,00:36,"Okongwu 1' Layup (18 PTS) (Young 6 AST)
",1.0,1.0,0.0,0.0,2025-03-22,0022401025,0.0,0.0,GSW,2.0,0.0,10.0,00:44,Off Arc 3 Make,0.0,Okongwu 1' Layup (18 PTS) (Young 6 AST),,ATL,GSW,ATL,1610612737.0,2025.0,1396.0,1404.0,1400.0,1627747|1629027|1630168|1630700|1642258,202710|203110|1630228|1630541|1641764,2024-25,308.0,0.19672131147540983,0.0,0.0,0.0,0.0,,
129487.0,01:38,"MISS LeVert 24' 3PT Jump Shot
Payton II REBOUND (Off:0 Def:1)
",0.0,0.0,1.0,0.0,2025-03-22,0022401025,0.0,0.0,GSW,1.0,0.0,17.0,01:56,Off Corner 3 Make,0.0,Payton II REBOUND (Off:0 Def:1),,ATL,GSW,ATL,1610612737.0,2025.0,604.0,622.0,613.0,1627747|1627777|1629027|1629611|1631230,202710|1626172|1627741|1627780|1630228,2024-25,124.0,0.7301587301587301,0.0,0.0,0.0,0.0,,
129485.0,00:45,"MISS Barlow 2' Driving Layup
Barlow REBOUND (Off:1 Def:1)
MISS Barlow Tip Layup Shot
Payton II REBOUND (Off:0 Def:2)
",2.0,0.0,0.0,0.0,2025-03-22,0022401025,0.0,1.0,GSW,1.0,0.0,17.0,01:13,Off Dead Ball,0.0,Payton II REBOUND (Off:0 Def:2),,ATL,GSW,ATL,1610612737.0,2025.0,647.0,675.0,661.0,1627747|1627777|1629027|1629611|1631230,202710|1626172|1627741|1627780|1630228,2024-25,143.0,0.7419354838709677,0.0,0.0,0.0,0.0,,
129519.0,11:33,"MISS Gueye 3PT Jump Shot
Podziemski REBOUND (Off:0 Def:1)
",0.0,0.0,1.0,0.0,2025-03-22,0022401025,0.0,0.0,GSW,1.0,0.0,0.0,12:00,Off Dead Ball,0.0,MISS Gueye 3PT Jump Shot,,ATL,GSW,ATL,1610612737.0,2025.0,0.0,27.0,13.5,1629027|1630168|1630700|1631243|1642258,202710|203110|1630541|1641764|1642366,2024-25,7.0,0.24324324324324326,0.0,0.0,0.0,0.0,,
129481.0,00:24,"MISS LeVert 25' 3PT Jump Shot
Kuminga REBOUND (Off:0 Def:1)
",0.0,0.0,1.0,0.0,2025-03-22,0022401025,0.0,0.0,GSW,1.0,0.0,17.0,00:30,Off At Rim Miss,0.0,Kuminga REBOUND (Off:0 Def:1),,ATL,GSW,ATL,1610612737.0,2025.0,690.0,696.0,693.0,1627747|1627777|1629027|1629611|1631230,202710|1626172|1627741|1627780|1630228,2024-25,154.0,0.3235294117647059,0.0,0.0,0.0,0.0,,
129484.0,00:45,"MISS Barlow 2' Driving Layup
Barlow REBOUND (Off:1 Def:1)
MISS Barlow Tip Layup Shot
Payton II REBOUND (Off:0 Def:2)
",2.0,0.0,0.0,0.0,2025-03-22,0022401025,0.0,1.0,GSW,1.0,0.0,17.0,01:13,Off Dead Ball,0.0,MISS Barlow Tip Layup Shot,,ATL,GSW,ATL,1610612737.0,2025.0,647.0,675.0,661.0,1627747|1627777|1629027|1629611|1631230,202710|1626172|1627741|1627780|1630228,2024-25,149.0,0.3116883116883117,0.0,0.0,0.0,0.0,,
129528.0,01:23,"MISS Okongwu 24' 3PT Jump Shot
Podziemski REBOUND (Off:1 Def:3)
",0.0,0.0,1.0,0.0,2025-03-22,0022401025,0.0,0.0,GSW,2.0,0.0,13.0,01:52,Off Corner 3 Make,0.0,Podziemski REBOUND (Off:1 Def:3),,ATL,GSW,ATL,1610612737.0,2025.0,1328.0,1357.0,1342.5,1627747|1629027|1630168|1630700|1642258,202710|1627741|1630228|1641764|1642366,2024-25,306.0,0.78125,0.0,0.0,0.0,0.0,,
129531.0,02:30,"Okongwu 1' Running Layup (16 PTS) (Daniels 5 AST)
",1.0,1.0,0.0,0.0,2025-03-22,0022401025,0.0,0.0,GSW,2.0,0.0,17.0,02:35,Off At Rim Miss,0.0,Okongwu 1' Running Layup (16 PTS) (Daniels 5 AST),,ATL,GSW,ATL,1610612737.0,2025.0,1285.0,1290.0,1287.5,1627747|1629027|1630168|1630700|1642258,202710|1627741|1630228|1641764|1642366,2024-25,283.0,0.37037037037037035,0.0,0.0,0.0,0.0,,
129532.0,02:43,"MISS Daniels 1' Reverse Layup
Hield REBOUND (Off:0 Def:1)
",1.0,0.0,0.0,0.0,2025-03-22,0022401025,0.0,0.0,GSW,2.0,0.0,17.0,02:54,Off Arc 3 Miss,0.0,MISS Daniels 1' Reverse Layup,,ATL,GSW,ATL,1610612737.0,2025.0,1266.0,1277.0,1271.5,1627747|1629027|1630168|1630700|1642258,202710|1627741|1630228|1641764|1642366,2024-25,279.0,0.2857142857142857,0.0,0.0,0.0,0.0,,
129533.0,02:43,"MISS Daniels 1' Reverse Layup
Hield REBOUND (Off:0 Def:1)
",1.0,0.0,0.0,0.0,2025-03-22,0022401025,0.0,0.0,GSW,2.0,0.0,17.0,02:54,Off Arc 3 Miss,0.0,Hield REBOUND (Off:0 Def:1),,ATL,GSW,ATL,1610612737.0,2025.0,1266.0,1277.0,1271.5,1627747|1629027|1630168|1630700|1642258,202710|1627741|1630228|1641764|1642366,2024-25,278.0,0.7796610169491526,0.0,0.0,0.0,0.0,,
129534.0,03:08,"MISS Risacher 1' Running Layup
Daniels REBOUND (Off:1 Def:6)
Daniels Tip Dunk Shot (9 PTS)
",2.0,1.0,0.0,0.0,2025-03-22,0022401025,0.0,1.0,GSW,2.0,0.0,15.0,03:16,Off Steal,0.0,MISS Risacher 1' Running Layup,,ATL,GSW,ATL,1610612737.0,2025.0,1244.0,1252.0,1248.0,1627747|1629027|1630168|1630700|1642258,202710|1627741|1630228|1641764|1642366,2024-25,274.0,0.2608695652173913,0.0,0.0,0.0,0.0,,
129535.0,03:08,"MISS Risacher 1' Running Layup
Daniels REBOUND (Off:1 Def:6)
Daniels Tip Dunk Shot (9 PTS)
",2.0,1.0,0.0,0.0,2025-03-22,0022401025,0.0,1.0,GSW,2.0,0.0,15.0,03:16,Off Steal,0.0,Daniels REBOUND (Off:1 Def:6),,ATL,GSW,ATL,1610612737.0,2025.0,1244.0,1252.0,1248.0,1627747|1629027|1630168|1630700|1642258,202710|1627741|1630228|1641764|1642366,2024-25,275.0,0.24242424242424243,0.0,0.0,0.0,0.0,,
129536.0,03:08,"MISS Risacher 1' Running Layup
Daniels REBOUND (Off:1 Def:6)
Daniels Tip Dunk Shot (9 PTS)
",2.0,1.0,0.0,0.0,2025-03-22,0022401025,0.0,1.0,GSW,2.0,0.0,15.0,03:16,Off Steal,0.0,Daniels Tip Dunk Shot (9 PTS),,ATL,GSW,ATL,1610612737.0,2025.0,1244.0,1252.0,1248.0,1627747|1629027|1630168|1630700|1642258,202710|1627741|1630228|1641764|1642366,2024-25,276.0,0.42424242424242425,0.0,0.0,0.0,0.0,,
129537.0,03:37,"LeVert 16' Pullup Jump Shot (6 PTS) (Young 5 AST)
",1.0,1.0,0.0,0.0,2025-03-22,0022401025,0.0,0.0,GSW,2.0,0.0,13.0,03:54,Off Short Mid-Range Make,0.0,LeVert 16' Pullup Jump Shot (6 PTS) (Young 5 AST),,ATL,GSW,ATL,1610612737.0,2025.0,1206.0,1223.0,1214.5,1627747|1629027|1630168|1630700|1642258,202710|1627741|1630228|1641764|1642366,2024-25,270.0,0.057971014492753624,0.0,0.0,0.0,0.0,,
129539.0,04:50,"MISS Risacher 25' 3PT Jump Shot
Moody REBOUND (Off:0 Def:1)
",0.0,0.0,1.0,0.0,2025-03-22,0022401025,0.0,0.0,GSW,2.0,0.0,13.0,04:56,Off Corner 3 Miss,0.0,MISS Risacher 25' 3PT Jump Shot,,ATL,GSW,ATL,1610612737.0,2025.0,1144.0,1150.0,1147.0,1627777|1630168|1630249|1630700|1642258,203110|1627741|1630228|1630541|1641764,2024-25,254.0,0.16666666666666666,0.0,0.0,0.0,0.0,,
129540.0,04:50,"MISS Risacher 25' 3PT Jump Shot
Moody REBOUND (Off:0 Def:1)
",0.0,0.0,1.0,0.0,2025-03-22,0022401025,0.0,0.0,GSW,2.0,0.0,13.0,04:56,Off Corner 3 Miss,0.0,Moody REBOUND (Off:0 Def:1),,ATL,GSW,ATL,1610612737.0,2025.0,1144.0,1150.0,1147.0,1627777|1630168|1630249|1630700|1642258,203110|1627741|1630228|1630541|1641764,2024-25,268.0,0.7796610169491526,0.0,0.0,0.0,0.0,,
129543.0,05:31,"MISS Krejci 25' 3PT Jump Shot
Podziemski REBOUND (Off:1 Def:2)
",0.0,0.0,1.0,0.0,2025-03-22,0022401025,0.0,0.0,GSW,2.0,0.0,14.0,05:45,Off Corner 3 Miss,0.0,Podziemski REBOUND (Off:1 Def:2),,ATL,GSW,ATL,1610612737.0,2025.0,1095.0,1109.0,1102.0,1627777|1630168|1630249|1630700|1642258,203110|1627741|1630228|1630541|1641764,2024-25,245.0,0.27692307692307694,0.0,0.0,0.0,0.0,,
129542.0,05:31,"MISS Krejci 25' 3PT Jump Shot
Podziemski REBOUND (Off:1 Def:2)
",0.0,0.0,1.0,0.0,2025-03-22,0022401025,0.0,0.0,GSW,2.0,0.0,14.0,05:45,Off Corner 3 Miss,0.0,MISS Krejci 25' 3PT Jump Shot,,ATL,GSW,ATL,1610612737.0,2025.0,1095.0,1109.0,1102.0,1627777|1630168|1630249|1630700|1642258,203110|1627741|1630228|1630541|1641764,2024-25,246.0,0.21739130434782608,0.0,0.0,0.0,0.0,,
129544.0,06:04,"Daniels Bad Pass Turnover (P1.T3): Hield STEAL (1 STL)
",0.0,0.0,0.0,0.0,2025-03-22,0022401025,0.0,0.0,GSW,2.0,0.0,14.0,06:07,Off At Rim Miss,1.0,Daniels Bad Pass Turnover (P1.T3): Hield STEAL (1 STL),,ATL,GSW,ATL,1610612737.0,2025.0,1073.0,1076.0,1074.5,1627777|1630168|1630249|1630700|1642258,203110|1627741|1630228|1630541|1641764,2024-25,242.0,0.18461538461538463,0.0,0.0,0.0,0.0,,
129545.0,06:21,"Okongwu 1' Driving Layup (14 PTS) (Krejci 3 AST)
",1.0,1.0,0.0,0.0,2025-03-22,0022401025,0.0,0.0,GSW,2.0,0.0,12.0,06:34,Off Long Mid-Range Make,0.0,Okongwu 1' Driving Layup (14 PTS) (Krejci 3 AST),,ATL,GSW,ATL,1610612737.0,2025.0,1046.0,1059.0,1052.5,1627777|1630168|1630249|1630700|1642258,203110|1627741|1630228|1630541|1641764,2024-25,238.0,0.35714285714285715,0.0,0.0,0.0,0.0,,
129525.0,00:55,"MISS Young 6' Driving Layup
Okongwu REBOUND (Off:1 Def:4)
Young 3' Driving Floating Jump Shot (12 PTS) (Okongwu 5 AST)
",2.0,1.0,0.0,0.0,2025-03-22,0022401025,0.0,1.0,GSW,2.0,0.0,11.0,01:15,Off FT Make,0.0,Okongwu REBOUND (Off:1 Def:4),,ATL,GSW,ATL,1610612737.0,2025.0,1365.0,1385.0,1375.0,1627747|1629027|1630168|1630700|1642258,202710|203110|1630228|1630541|1641764,2024-25,303.0,0.9508196721311475,0.0,0.0,0.0,0.0,,
129547.0,07:19,"MISS Niang 3PT Jump Shot
Green REBOUND (Off:0 Def:3)
",0.0,0.0,1.0,0.0,2025-03-22,0022401025,0.0,0.0,GSW,2.0,0.0,15.0,07:33,Off At Rim Make,0.0,MISS Niang 3PT Jump Shot,,ATL,GSW,ATL,1610612737.0,2025.0,987.0,1001.0,994.0,1627777|1630168|1630249|1630700|1642258,203110|1630228|1630541|1641764|1642366,2024-25,256.0,0.6829268292682927,0.0,0.0,0.0,0.0,,
129546.0,06:58,"Okongwu 5' Driving Hook Shot (12 PTS) (Daniels 4 AST)
",1.0,1.0,0.0,0.0,2025-03-22,0022401025,0.0,0.0,GSW,2.0,0.0,12.0,07:15,Off Timeout,0.0,Okongwu 5' Driving Hook Shot (12 PTS) (Daniels 4 AST),,ATL,GSW,ATL,1610612737.0,2025.0,1005.0,1022.0,1013.5,1627777|1630168|1630249|1630700|1642258,203110|1627741|1630228|1630541|1641764,2024-25,235.0,0.6407766990291263,0.0,0.0,0.0,0.0,,
129479.0,00:00,"LeVert 11' Fadeaway Jumper (4 PTS) (Niang 1 AST)
",1.0,1.0,0.0,0.0,2025-03-22,0022401025,0.0,0.0,GSW,1.0,0.0,15.0,00:17,Off At Rim Make,0.0,LeVert 11' Fadeaway Jumper (4 PTS) (Niang 1 AST),,ATL,GSW,ATL,1610612737.0,2025.0,703.0,720.0,711.5,1627747|1627777|1629027|1629611|1631230,202710|1626172|1627741|1627780|1630228,2024-25,158.0,0.2857142857142857,0.0,0.0,0.0,0.0,,
129561.0,11:30,"Young Out of Bounds Lost Ball Turnover (P1.T2)
",0.0,0.0,0.0,0.0,2025-03-22,0022401025,0.0,0.0,GSW,2.0,0.0,15.0,11:42,Off At Rim Make,1.0,Young Out of Bounds Lost Ball Turnover (P1.T2),,ATL,GSW,ATL,1610612737.0,2025.0,738.0,750.0,744.0,1627777|1629027|1629611|1630249|1631230,202710|203110|1627780|1630541|1642366,2024-25,163.0,0.5869565217391305,0.0,0.0,0.0,0.0,,
129560.0,10:56,"MISS Young 25' 3PT Pullup Jump Shot
Payton II REBOUND (Off:0 Def:3)
",0.0,0.0,1.0,0.0,2025-03-22,0022401025,0.0,0.0,GSW,2.0,0.0,13.0,11:16,Off FT Make,0.0,Payton II REBOUND (Off:0 Def:3),,ATL,GSW,ATL,1610612737.0,2025.0,764.0,784.0,774.0,1629027|1629611|1630249|1631230|1631243,202710|203110|1627780|1630541|1642366,2024-25,187.0,0.24489795918367346,0.0,0.0,0.0,0.0,,
129558.0,10:31,"Mann 3PT Running Jump Shot (5 PTS) (Krejci 1 AST)
",0.0,0.0,1.0,1.0,2025-03-22,0022401025,0.0,0.0,GSW,2.0,0.0,13.0,10:36,Off Corner 3 Miss,0.0,Mann 3PT Running Jump Shot (5 PTS) (Krejci 1 AST),,ATL,GSW,ATL,1610612737.0,2025.0,804.0,809.0,806.5,1629027|1629611|1630249|1631230|1631243,202710|203110|1627780|1630541|1642366,2024-25,183.0,0.16901408450704225,0.0,0.0,0.0,0.0,,
129557.0,10:07,"Okongwu 7' Turnaround Hook Shot (7 PTS)
",1.0,1.0,0.0,0.0,2025-03-22,0022401025,0.0,0.0,GSW,2.0,0.0,14.0,10:18,Off FT Make,0.0,Okongwu 7' Turnaround Hook Shot (7 PTS),,ATL,GSW,ATL,1610612737.0,2025.0,822.0,833.0,827.5,1629027|1629611|1630168|1630249|1631243,202710|203110|1627780|1630541|1642366,2024-25,191.0,0.07142857142857142,0.0,0.0,0.0,0.0,,
129480.0,00:24,"MISS LeVert 25' 3PT Jump Shot
Kuminga REBOUND (Off:0 Def:1)
",0.0,0.0,1.0,0.0,2025-03-22,0022401025,0.0,0.0,GSW,1.0,0.0,17.0,00:30,Off At Rim Miss,0.0,MISS LeVert 25' 3PT Jump Shot,,ATL,GSW,ATL,1610612737.0,2025.0,690.0,696.0,693.0,1627747|1627777|1629027|1629611|1631230,202710|1626172|1627741|1627780|1630228,2024-25,155.0,0.16393442622950818,0.0,0.0,0.0,0.0,,
129555.0,08:41,"MISS Daniels 25' 3PT Jump Shot
Post REBOUND (Off:0 Def:2)
",0.0,0.0,1.0,0.0,2025-03-22,0022401025,0.0,0.0,GSW,2.0,0.0,17.0,09:13,Off At Rim Make,0.0,Post REBOUND (Off:0 Def:2),,ATL,GSW,ATL,1610612737.0,2025.0,887.0,919.0,903.0,1629027|1629611|1630168|1630249|1631243,202710|203110|1627780|1630541|1642366,2024-25,203.0,0.3181818181818182,0.0,0.0,0.0,0.0,,
129553.0,08:14,"Krejci 12' Driving Floating Jump Shot (2 PTS) (Okongwu 3 AST)
",1.0,1.0,0.0,0.0,2025-03-22,0022401025,0.0,0.0,GSW,2.0,0.0,14.0,08:26,Off Arc 3 Make,0.0,Krejci 12' Driving Floating Jump Shot (2 PTS) (Okongwu 3 AST),,ATL,GSW,ATL,1610612737.0,2025.0,934.0,946.0,940.0,1627777|1630168|1630249|1630700|1642258,202710|203110|1627780|1630541|1642366,2024-25,209.0,0.22608695652173913,0.0,0.0,0.0,0.0,,
129552.0,07:39,"Payton II S.FOUL (P1.T1) (R.Hussey)
Niang Free Throw 1 of 2 (3 PTS)
MISS Niang Free Throw 2 of 2
Green REBOUND (Off:0 Def:2)
",0.0,0.0,0.0,0.0,2025-03-22,0022401025,0.0,0.0,GSW,2.0,1.0,16.0,07:54,Off Arc 3 Miss,0.0,Green REBOUND (Off:0 Def:2),,ATL,GSW,ATL,1610612737.0,2025.0,966.0,981.0,973.5,1627777|1630168|1630249|1630700|1642258,202710|203110|1627780|1630541|1642366,2024-25,213.0,0.2894736842105263,0.0,0.0,0.0,0.0,,
129551.0,07:39,"Payton II S.FOUL (P1.T1) (R.Hussey)
Niang Free Throw 1 of 2 (3 PTS)
MISS Niang Free Throw 2 of 2
Green REBOUND (Off:0 Def:2)
",0.0,0.0,0.0,0.0,2025-03-22,0022401025,0.0,0.0,GSW,2.0,1.0,16.0,07:54,Off Arc 3 Miss,0.0,MISS Niang Free Throw 2 of 2,,ATL,GSW,ATL,1610612737.0,2025.0,966.0,981.0,973.5,1627777|1630168|1630249|1630700|1642258,202710|203110|1627780|1630541|1642366,2024-25,222.0,0.3181818181818182,0.0,0.0,0.0,0.0,,
129549.0,07:39,"Payton II S.FOUL (P1.T1) (R.Hussey)
Niang Free Throw 1 of 2 (3 PTS)
MISS Niang Free Throw 2 of 2
Green REBOUND (Off:0 Def:2)
",0.0,0.0,0.0,0.0,2025-03-22,0022401025,0.0,0.0,GSW,2.0,1.0,16.0,07:54,Off Arc 3 Miss,0.0,Payton II S.FOUL (P1.T1) (R.Hussey),,ATL,GSW,ATL,1610612737.0,2025.0,966.0,981.0,973.5,1627777|1630168|1630249|1630700|1642258,202710|203110|1627780|1630541|1642366,2024-25,250.0,0.20588235294117646,0.0,0.0,0.0,0.0,,
129548.0,07:19,"MISS Niang 3PT Jump Shot
Green REBOUND (Off:0 Def:3)
",0.0,0.0,1.0,0.0,2025-03-22,0022401025,0.0,0.0,GSW,2.0,0.0,15.0,07:33,Off At Rim Make,0.0,Green REBOUND (Off:0 Def:3),,ATL,GSW,ATL,1610612737.0,2025.0,987.0,1001.0,994.0,1627777|1630168|1630249|1630700|1642258,203110|1630228|1630541|1641764|1642366,2024-25,208.0,0.31746031746031744,0.0,0.0,0.0,0.0,,
129556.0,09:37,"Okongwu 25' 3PT Jump Shot (10 PTS) (Krejci 2 AST)
",0.0,0.0,1.0,1.0,2025-03-22,0022401025,0.0,0.0,GSW,2.0,0.0,16.0,09:45,Off Short Mid-Range Miss,0.0,Okongwu 25' 3PT Jump Shot (10 PTS) (Krejci 2 AST),,ATL,GSW,ATL,1610612737.0,2025.0,855.0,863.0,859.0,1629027|1629611|1630168|1630249|1631243,202710|203110|1627780|1630541|1642366,2024-25,194.0,0.23809523809523808,0.0,0.0,0.0,0.0,,
129760.0,03:28,"MISS Mann 25' 3PT Pullup Jump Shot
Barlow REBOUND (Off:3 Def:3)
Council IV S.FOUL (P3.T3) (J.Goble)
Barlow Free Throw 1 of 2 (6 PTS)
Barlow Free Throw 2 of 2 (7 PTS)
",0.0,0.0,1.0,0.0,2025-03-23,0022401031,0.0,1.0,PHI,3.0,1.0,18.0,03:38,Off Arc 3 Miss,0.0,Council IV S.FOUL (P3.T3) (J.Goble),,ATL,PHI,ATL,1610612737.0,2025.0,1942.0,1952.0,1947.0,1627747|1627777|1629611|1630700|1631230,1629052|1629656|1641741|1642024|1642348,2024-25,491.0,0.208955223880597,0.0,0.0,0.0,0.0,,
129762.0,03:28,"MISS Mann 25' 3PT Pullup Jump Shot
Barlow REBOUND (Off:3 Def:3)
Council IV S.FOUL (P3.T3) (J.Goble)
Barlow Free Throw 1 of 2 (6 PTS)
Barlow Free Throw 2 of 2 (7 PTS)
",0.0,0.0,1.0,0.0,2025-03-23,0022401031,0.0,1.0,PHI,3.0,1.0,18.0,03:38,Off Arc 3 Miss,0.0,Barlow Free Throw 2 of 2 (7 PTS),,ATL,PHI,ATL,1610612737.0,2025.0,1942.0,1952.0,1947.0,1627747|1627777|1629611|1630700|1631230,1629052|1629656|1641741|1642024|1642348,2024-25,454.0,0.11267605633802817,0.0,0.0,0.0,0.0,,
129757.0,02:50,"MISS LeVert 24' 3PT Jump Shot
Brissett REBOUND (Off:0 Def:4)
",0.0,0.0,1.0,0.0,2025-03-23,0022401031,0.0,0.0,PHI,3.0,0.0,20.0,03:08,Off Dead Ball,0.0,Brissett REBOUND (Off:0 Def:4),,ATL,PHI,ATL,1610612737.0,2025.0,1972.0,1990.0,1981.0,1627747|1627777|1629027|1629611|1631230,1629052|1629656|1630215|1641741|1642024,2024-25,456.0,0.38461538461538464,0.0,0.0,0.0,0.0,,
129753.0,02:32,"Council IV S.FOUL (P4.T4) (J.Van Duyne)
MISS Young Free Throw 1 of 2
HAWKS Rebound
Young Free Throw 2 of 2 (8 PTS)
",0.0,0.0,0.0,0.0,2025-03-23,0022401031,0.0,0.0,PHI,3.0,1.0,18.0,02:42,Off At Rim Make,0.0,MISS Young Free Throw 1 of 2,,ATL,PHI,ATL,1610612737.0,2025.0,1998.0,2008.0,2003.0,1627747|1627777|1629027|1629611|1631230,1629052|1629656|1630215|1641741|1642024,2024-25,465.0,0.25396825396825395,0.0,0.0,0.0,0.0,,
129755.0,02:32,"Council IV S.FOUL (P4.T4) (J.Van Duyne)
MISS Young Free Throw 1 of 2
HAWKS Rebound
Young Free Throw 2 of 2 (8 PTS)
",0.0,0.0,0.0,0.0,2025-03-23,0022401031,0.0,0.0,PHI,3.0,1.0,18.0,02:42,Off At Rim Make,0.0,Young Free Throw 2 of 2 (8 PTS),,ATL,PHI,ATL,1610612737.0,2025.0,1998.0,2008.0,2003.0,1627747|1627777|1629027|1629611|1631230,1629052|1629656|1630215|1641741|1642024,2024-25,467.0,0.37037037037037035,0.0,0.0,0.0,0.0,,
129746.0,00:00,"MISS Young 21' Pullup Jump Shot
Barlow REBOUND (Off:4 Def:3)
",1.0,0.0,0.0,0.0,2025-03-23,0022401031,0.0,1.0,PHI,3.0,0.0,23.0,00:11,Off Long Mid-Range Make,0.0,Barlow REBOUND (Off:4 Def:3),,ATL,PHI,ATL,1610612737.0,2025.0,2149.0,2160.0,2154.5,1627747|1627777|1629027|1629611|1631230,1629052|1629643|1630215|1641741|1642024,2024-25,502.0,0.17391304347826086,0.0,0.0,0.0,0.0,,
129747.0,00:31,"Young 5' Driving Floating Jump Shot (16 PTS)
",1.0,1.0,0.0,0.0,2025-03-23,0022401031,0.0,0.0,PHI,3.0,0.0,23.0,00:36,Off FT Make,0.0,Young 5' Driving Floating Jump Shot (16 PTS),,ATL,PHI,ATL,1610612737.0,2025.0,2124.0,2129.0,2126.5,1627747|1627777|1629027|1629611|1631230,1629052|1629643|1630215|1641741|1642024,2024-25,499.0,0.42,0.0,0.0,0.0,0.0,,
129745.0,00:00,"MISS Young 21' Pullup Jump Shot
Barlow REBOUND (Off:4 Def:3)
",1.0,0.0,0.0,0.0,2025-03-23,0022401031,0.0,1.0,PHI,3.0,0.0,23.0,00:11,Off Long Mid-Range Make,0.0,MISS Young 21' Pullup Jump Shot,,ATL,PHI,ATL,1610612737.0,2025.0,2149.0,2160.0,2154.5,1627747|1627777|1629027|1629611|1631230,1629052|1629643|1630215|1641741|1642024,2024-25,501.0,0.16666666666666666,0.0,0.0,0.0,0.0,,
129850.0,11:45,"Barlow 1' Reverse Layup (12 PTS) (Krejci 3 AST)
Council IV S.FOUL (P5.T1) (J.Goble)
Barlow Free Throw 1 of 1 (13 PTS)
",1.0,1.0,0.0,0.0,2025-03-23,0022401031,0.0,0.0,PHI,4.0,1.0,23.0,12:00,Off Dead Ball,0.0,Barlow Free Throw 1 of 1 (13 PTS),,ATL,PHI,ATL,1610612737.0,2025.0,2160.0,2175.0,2167.5,1627777|1629027|1629611|1630249|1631230,1629643|1630215|1641741|1642024|1642348,2024-25,515.0,0.16,0.0,0.0,0.0,0.0,,
129846.0,11:21,"MISS Niang 25' 3PT Jump Shot
Council IV REBOUND (Off:0 Def:2)
",0.0,0.0,1.0,0.0,2025-03-23,0022401031,0.0,0.0,PHI,4.0,0.0,24.0,11:34,Off Long Mid-Range Make,0.0,MISS Niang 25' 3PT Jump Shot,,ATL,PHI,ATL,1610612737.0,2025.0,2186.0,2199.0,2192.5,1627777|1629027|1629611|1630249|1631230,1629643|1630215|1641741|1642024|1642348,2024-25,518.0,0.16,0.0,0.0,0.0,0.0,,
129761.0,03:28,"MISS Mann 25' 3PT Pullup Jump Shot
Barlow REBOUND (Off:3 Def:3)
Council IV S.FOUL (P3.T3) (J.Goble)
Barlow Free Throw 1 of 2 (6 PTS)
Barlow Free Throw 2 of 2 (7 PTS)
",0.0,0.0,1.0,0.0,2025-03-23,0022401031,0.0,1.0,PHI,3.0,1.0,18.0,03:38,Off Arc 3 Miss,0.0,Barlow Free Throw 1 of 2 (6 PTS),,ATL,PHI,ATL,1610612737.0,2025.0,1942.0,1952.0,1947.0,1627747|1627777|1629611|1630700|1631230,1629052|1629656|1641741|1642024|1642348,2024-25,449.0,0.16326530612244897,0.0,0.0,0.0,0.0,,
129749.0,01:18,"Niang 25' 3PT Jump Shot (15 PTS) (Young 10 AST)
",0.0,0.0,1.0,1.0,2025-03-23,0022401031,0.0,0.0,PHI,3.0,0.0,21.0,01:33,Off FT Make,0.0,Niang 25' 3PT Jump Shot (15 PTS) (Young 10 AST),,ATL,PHI,ATL,1610612737.0,2025.0,2067.0,2082.0,2074.5,1627747|1627777|1629027|1629611|1631230,1629052|1629656|1630215|1641741|1642024,2024-25,522.0,0.5892857142857143,0.0,0.0,0.0,0.0,,
129847.0,11:21,"MISS Niang 25' 3PT Jump Shot
Council IV REBOUND (Off:0 Def:2)
",0.0,0.0,1.0,0.0,2025-03-23,0022401031,0.0,0.0,PHI,4.0,0.0,24.0,11:34,Off Long Mid-Range Make,0.0,Council IV REBOUND (Off:0 Def:2),,ATL,PHI,ATL,1610612737.0,2025.0,2186.0,2199.0,2192.5,1627777|1629027|1629611|1630249|1631230,1629643|1630215|1641741|1642024|1642348,2024-25,505.0,0.26865671641791045,0.0,0.0,0.0,0.0,,
129769.0,06:19,"Risacher 4' Driving Layup (19 PTS)
",1.0,1.0,0.0,0.0,2025-03-23,0022401031,0.0,0.0,PHI,3.0,0.0,19.0,06:36,Off Arc 3 Miss,0.0,Risacher 4' Driving Layup (19 PTS),,ATL,PHI,ATL,1610612737.0,2025.0,1764.0,1781.0,1772.5,1627747|1630168|1630700|1631243|1642258,1627824|1629643|1629656|1630288|1642348,2024-25,406.0,0.34782608695652173,0.0,0.0,0.0,0.0,,
129765.0,04:20,"MISS Daniels 5' Driving Layup
Brissett REBOUND (Off:0 Def:3)
",1.0,0.0,0.0,0.0,2025-03-23,0022401031,0.0,0.0,PHI,3.0,0.0,18.0,04:45,Off Arc 3 Make,0.0,Brissett REBOUND (Off:0 Def:3),,ATL,PHI,ATL,1610612737.0,2025.0,1875.0,1900.0,1887.5,1627747|1627777|1630700|1631230|1642258,1627824|1629052|1629656|1641741|1642348,2024-25,422.0,0.39473684210526316,0.0,0.0,0.0,0.0,,
129764.0,04:20,"MISS Daniels 5' Driving Layup
Brissett REBOUND (Off:0 Def:3)
",1.0,0.0,0.0,0.0,2025-03-23,0022401031,0.0,0.0,PHI,3.0,0.0,18.0,04:45,Off Arc 3 Make,0.0,MISS Daniels 5' Driving Layup,,ATL,PHI,ATL,1610612737.0,2025.0,1875.0,1900.0,1887.5,1627747|1627777|1630700|1631230|1642258,1627824|1629052|1629656|1641741|1642348,2024-25,474.0,0.2916666666666667,0.0,0.0,0.0,0.0,,
129766.0,04:50,"LeVert Bad Pass Turnover (P1.T13): Grimes STEAL (1 STL)
",0.0,0.0,0.0,0.0,2025-03-23,0022401031,0.0,0.0,PHI,3.0,0.0,21.0,04:53,Off Arc 3 Miss,1.0,LeVert Bad Pass Turnover (P1.T13): Grimes STEAL (1 STL),,ATL,PHI,ATL,1610612737.0,2025.0,1867.0,1870.0,1868.5,1627747|1627777|1630700|1631230|1642258,1627824|1629052|1629656|1641741|1642348,2024-25,427.0,0.25,0.0,0.0,0.0,0.0,,
129767.0,05:07,"Risacher 3PT Jump Shot (22 PTS) (Daniels 2 AST)
",0.0,0.0,1.0,1.0,2025-03-23,0022401031,0.0,0.0,PHI,3.0,0.0,18.0,05:19,Off Arc 3 Make,0.0,Risacher 3PT Jump Shot (22 PTS) (Daniels 2 AST),,ATL,PHI,ATL,1610612737.0,2025.0,1841.0,1853.0,1847.0,1627747|1627777|1630700|1631230|1642258,1627824|1629052|1629656|1641741|1642348,2024-25,423.0,0.27722772277227725,0.0,0.0,0.0,0.0,,
129768.0,05:52,"Gueye Cutting Dunk Shot (6 PTS) (Risacher 2 AST)
",1.0,1.0,0.0,0.0,2025-03-23,0022401031,0.0,0.0,PHI,3.0,0.0,19.0,06:06,Off At Rim Make,0.0,Gueye Cutting Dunk Shot (6 PTS) (Risacher 2 AST),,ATL,PHI,ATL,1610612737.0,2025.0,1794.0,1808.0,1801.0,1627747|1630168|1630700|1631243|1642258,1627824|1629643|1629656|1630288|1642348,2024-25,408.0,0.5050505050505051,0.0,0.0,0.0,0.0,,
129770.0,06:53,"MISS Risacher 3PT Jump Shot
Okeke REBOUND (Off:3 Def:1)
",0.0,0.0,1.0,0.0,2025-03-23,0022401031,0.0,0.0,PHI,3.0,0.0,19.0,07:03,Off Steal,0.0,MISS Risacher 3PT Jump Shot,,ATL,PHI,ATL,1610612737.0,2025.0,1737.0,1747.0,1742.0,1627747|1630168|1630700|1631243|1642258,1627824|1629643|1629656|1630288|1642348,2024-25,447.0,0.34782608695652173,0.0,0.0,0.0,0.0,,
129771.0,06:53,"MISS Risacher 3PT Jump Shot
Okeke REBOUND (Off:3 Def:1)
",0.0,0.0,1.0,0.0,2025-03-23,0022401031,0.0,0.0,PHI,3.0,0.0,19.0,07:03,Off Steal,0.0,Okeke REBOUND (Off:3 Def:1),,ATL,PHI,ATL,1610612737.0,2025.0,1737.0,1747.0,1742.0,1627747|1630168|1630700|1631243|1642258,1627824|1629643|1629656|1630288|1642348,2024-25,442.0,0.35294117647058826,0.0,0.0,0.0,0.0,,
129777.0,07:27,"MISS Risacher Running Dunk: Edwards BLOCK (2 BLK)
HAWKS Rebound
Edwards L.B.FOUL (P1.T1) (M.Myers)
Risacher 2' Floating Jump Shot (16 PTS) (Gueye 2 AST)
Yabusele S.FOUL (P1.T2) (J.Van Duyne)
Risacher Free Throw 1 of 1 (17 PTS)
",2.0,1.0,0.0,0.0,2025-03-23,0022401031,0.0,1.0,PHI,3.0,1.0,16.0,07:43,Off Steal,0.0,Risacher Free Throw 1 of 1 (17 PTS),,ATL,PHI,ATL,1610612737.0,2025.0,1697.0,1713.0,1705.0,1629027|1630168|1630700|1631243|1642258,1627824|1629643|1629656|1630288|1642348,2024-25,391.0,0.6666666666666666,0.0,0.0,0.0,0.0,,
129774.0,07:27,"MISS Risacher Running Dunk: Edwards BLOCK (2 BLK)
HAWKS Rebound
Edwards L.B.FOUL (P1.T1) (M.Myers)
Risacher 2' Floating Jump Shot (16 PTS) (Gueye 2 AST)
Yabusele S.FOUL (P1.T2) (J.Van Duyne)
Risacher Free Throw 1 of 1 (17 PTS)
",2.0,1.0,0.0,0.0,2025-03-23,0022401031,0.0,1.0,PHI,3.0,1.0,16.0,07:43,Off Steal,0.0,Edwards L.B.FOUL (P1.T1) (M.Myers),,ATL,PHI,ATL,1610612737.0,2025.0,1697.0,1713.0,1705.0,1629027|1630168|1630700|1631243|1642258,1627824|1629643|1629656|1630288|1642348,2024-25,363.0,0.27692307692307694,0.0,0.0,0.0,0.0,,
129781.0,08:01,"MISS Daniels 7' Floating Jump Shot
Okongwu REBOUND (Off:1 Def:6)
MISS Okongwu Tip Layup Shot
HAWKS Rebound
Risacher 25' 3PT Jump Shot (14 PTS) (Young 9 AST)
",2.0,0.0,1.0,1.0,2025-03-23,0022401031,0.0,2.0,PHI,3.0,0.0,13.0,08:22,Off Timeout,0.0,HAWKS Rebound,,ATL,PHI,ATL,1610612737.0,2025.0,1658.0,1679.0,1668.5,1629027|1630168|1630700|1631243|1642258,1627824|1629643|1629656|1630288|1642348,2024-25,372.0,0.4444444444444444,0.0,0.0,0.0,0.0,,
129780.0,08:01,"MISS Daniels 7' Floating Jump Shot
Okongwu REBOUND (Off:1 Def:6)
MISS Okongwu Tip Layup Shot
HAWKS Rebound
Risacher 25' 3PT Jump Shot (14 PTS) (Young 9 AST)
",2.0,0.0,1.0,1.0,2025-03-23,0022401031,0.0,2.0,PHI,3.0,0.0,13.0,08:22,Off Timeout,0.0,MISS Okongwu Tip Layup Shot,,ATL,PHI,ATL,1610612737.0,2025.0,1658.0,1679.0,1668.5,1629027|1630168|1630700|1631243|1642258,1627824|1629643|1629656|1630288|1642348,2024-25,375.0,0.22727272727272727,0.0,0.0,0.0,0.0,,
129778.0,08:01,"MISS Daniels 7' Floating Jump Shot
Okongwu REBOUND (Off:1 Def:6)
MISS Okongwu Tip Layup Shot
HAWKS Rebound
Risacher 25' 3PT Jump Shot (14 PTS) (Young 9 AST)
",2.0,0.0,1.0,1.0,2025-03-23,0022401031,0.0,2.0,PHI,3.0,0.0,13.0,08:22,Off Timeout,0.0,MISS Daniels 7' Floating Jump Shot,,ATL,PHI,ATL,1610612737.0,2025.0,1658.0,1679.0,1668.5,1629027|1630168|1630700|1631243|1642258,1627824|1629643|1629656|1630288|1642348,2024-25,373.0,0.4482758620689655,0.0,0.0,0.0,0.0,,
129783.0,08:38,"Risacher 1' Running Alley Oop Dunk Shot (11 PTS) (Young 8 AST)
",1.0,1.0,0.0,0.0,2025-03-23,0022401031,0.0,0.0,PHI,3.0,0.0,11.0,08:42,Off Steal,0.0,Risacher 1' Running Alley Oop Dunk Shot (11 PTS) (Young 8 AST),,ATL,PHI,ATL,1610612737.0,2025.0,1638.0,1642.0,1640.0,1629027|1630168|1630700|1631243|1642258,1627824|1629643|1629656|1630288|1642348,2024-25,362.0,0.1518987341772152,0.0,0.0,0.0,0.0,,
129844.0,10:33,"Young Bad Pass Turnover (P5.T14): Butler STEAL (1 STL)
",0.0,0.0,0.0,0.0,2025-03-23,0022401031,0.0,0.0,PHI,4.0,0.0,25.0,10:46,Off At Rim Make,1.0,Young Bad Pass Turnover (P5.T14): Butler STEAL (1 STL),,ATL,PHI,ATL,1610612737.0,2025.0,2234.0,2247.0,2240.5,1627777|1629027|1629611|1630249|1631230,1629643|1630215|1641741|1642024|1642348,2024-25,526.0,0.6436781609195402,0.0,0.0,0.0,0.0,,
129763.0,03:58,"Mann 10' Jump Shot (9 PTS) (Daniels 3 AST)
",1.0,1.0,0.0,0.0,2025-03-23,0022401031,0.0,0.0,PHI,3.0,0.0,16.0,04:19,Off FT Make,0.0,Mann 10' Jump Shot (9 PTS) (Daniels 3 AST),,ATL,PHI,ATL,1610612737.0,2025.0,1901.0,1922.0,1911.5,1627747|1627777|1629611|1630700|1631230,1629052|1629656|1641741|1642024|1642348,2024-25,441.0,0.5454545454545454,0.0,0.0,0.0,0.0,,
129794.0,00:22,"HAWKS Turnover: Shot Clock (T#17)
",0.0,0.0,0.0,0.0,2025-03-23,0022401031,0.0,0.0,PHI,4.0,0.0,15.0,00:46,Off Dead Ball,1.0,HAWKS Turnover: Shot Clock (T#17),,ATL,PHI,ATL,1610612737.0,2025.0,2834.0,2858.0,2846.0,1630249|1630700|1631230|1631243|1642258,1629643|1630215|1630288|1642024|1642348,2024-25,705.0,0.32432432432432434,0.0,0.0,0.0,0.0,,
129820.0,06:45,"MISS Risacher 1' Running Alley Oop Layup Shot
Grimes REBOUND (Off:0 Def:5)
",1.0,0.0,0.0,0.0,2025-03-23,0022401031,0.0,0.0,PHI,4.0,0.0,15.0,06:50,Off Arc 3 Miss,0.0,MISS Risacher 1' Running Alley Oop Layup Shot,,ATL,PHI,ATL,1610612737.0,2025.0,2470.0,2475.0,2472.5,1627747|1630249|1630700|1631230|1642258,1627824|1629656|1630288|1642024|1642348,2024-25,606.0,0.25,0.0,0.0,0.0,0.0,,
129842.0,10:06,"MISS Mann 11' Pullup Jump Shot
Barlow REBOUND (Off:5 Def:4)
MISS Niang 25' 3PT Jump Shot
Council IV REBOUND (Off:0 Def:3)
",1.0,0.0,1.0,0.0,2025-03-23,0022401031,0.0,1.0,PHI,4.0,0.0,22.0,10:29,Off FT Make,0.0,MISS Niang 25' 3PT Jump Shot,,ATL,PHI,ATL,1610612737.0,2025.0,2251.0,2274.0,2262.5,1627777|1629027|1629611|1630249|1631230,1629643|1630215|1641741|1642024|1642348,2024-25,535.0,0.3333333333333333,0.0,0.0,0.0,0.0,,
129784.0,08:54,"Risacher 3PT Jump Shot (9 PTS) (Okongwu 1 AST)
",0.0,0.0,1.0,1.0,2025-03-23,0022401031,0.0,0.0,PHI,3.0,0.0,8.0,09:06,Off At Rim Make,0.0,Risacher 3PT Jump Shot (9 PTS) (Okongwu 1 AST),,ATL,PHI,ATL,1610612737.0,2025.0,1614.0,1626.0,1620.0,1629027|1630168|1630700|1631243|1642258,1627824|1629643|1629656|1630288|1642348,2024-25,358.0,0.16216216216216217,0.0,0.0,0.0,0.0,,
129796.0,00:54,"MISS Daniels 6' Driving Floating Bank Jump Shot
Okeke REBOUND (Off:4 Def:4)
",1.0,0.0,0.0,0.0,2025-03-23,0022401031,0.0,0.0,PHI,4.0,0.0,15.0,01:14,Off FT Make,0.0,Okeke REBOUND (Off:4 Def:4),,ATL,PHI,ATL,1610612737.0,2025.0,2806.0,2826.0,2816.0,1630249|1630700|1631230|1631243|1642258,1629643|1630215|1630288|1642024|1642348,2024-25,712.0,0.7457627118644068,0.0,0.0,0.0,0.0,,
129797.0,01:22,"Young 7' Driving Floating Jump Shot (28 PTS)
",1.0,1.0,0.0,0.0,2025-03-23,0022401031,0.0,0.0,PHI,4.0,0.0,16.0,01:32,Off Arc 3 Make,0.0,Young 7' Driving Floating Jump Shot (28 PTS),,ATL,PHI,ATL,1610612737.0,2025.0,2788.0,2798.0,2793.0,1627747|1629027|1630168|1630700|1642258,1629643|1630215|1630288|1642024|1642348,2024-25,688.0,0.45569620253164556,0.0,0.0,0.0,0.0,,
129799.0,01:45,"Young 12' Driving Floating Jump Shot (25 PTS) (Okongwu 2 AST)
Yabusele S.FOUL (P2.PN) (J.Van Duyne)
Young Free Throw 1 of 1 (26 PTS)
",1.0,1.0,0.0,0.0,2025-03-23,0022401031,0.0,0.0,PHI,4.0,1.0,16.0,02:04,Off FT Make,0.0,Yabusele S.FOUL (P2.PN) (J.Van Duyne),,ATL,PHI,ATL,1610612737.0,2025.0,2756.0,2775.0,2765.5,1627747|1629027|1630168|1630700|1642258,1627824|1629643|1630215|1630288|1642024,2024-25,650.0,0.2711864406779661,0.0,0.0,0.0,0.0,,
129801.0,02:13,"MISS Young 6' Driving Floating Jump Shot
Edwards REBOUND (Off:2 Def:1)
",1.0,0.0,0.0,0.0,2025-03-23,0022401031,0.0,0.0,PHI,4.0,0.0,17.0,02:27,Off At Rim Miss,0.0,MISS Young 6' Driving Floating Jump Shot,,ATL,PHI,ATL,1610612737.0,2025.0,2733.0,2747.0,2740.0,1627747|1627777|1629027|1630168|1630700,1627824|1629643|1629656|1630288|1642348,2024-25,666.0,0.1891891891891892,0.0,0.0,0.0,0.0,,
129803.0,02:44,"Niang 6' Driving Floating Jump Shot (20 PTS) (LeVert 7 AST)
",1.0,1.0,0.0,0.0,2025-03-23,0022401031,0.0,0.0,PHI,4.0,0.0,15.0,02:58,Off Arc 3 Miss,0.0,Niang 6' Driving Floating Jump Shot (20 PTS) (LeVert 7 AST),,ATL,PHI,ATL,1610612737.0,2025.0,2702.0,2716.0,2709.0,1627747|1627777|1629027|1630168|1630700,1627824|1629643|1629656|1630288|1642348,2024-25,662.0,0.29545454545454547,0.0,0.0,0.0,0.0,,
129806.0,03:13,"Dowtin Jr. P.FOUL (P1.PN) (J.Goble)
Young Free Throw 1 of 2 (22 PTS)
Young Free Throw 2 of 2 (23 PTS)
",0.0,0.0,0.0,0.0,2025-03-23,0022401031,1.0,0.0,PHI,4.0,0.0,13.0,03:15,Off Dead Ball,0.0,Young Free Throw 2 of 2 (23 PTS),,ATL,PHI,ATL,1610612737.0,2025.0,2685.0,2687.0,2686.0,1627747|1627777|1629027|1630168|1630700,1627824|1629643|1629656|1630288|1642348,2024-25,659.0,0.9552238805970149,0.0,0.0,0.0,0.0,,
129804.0,03:13,"Dowtin Jr. P.FOUL (P1.PN) (J.Goble)
Young Free Throw 1 of 2 (22 PTS)
Young Free Throw 2 of 2 (23 PTS)
",0.0,0.0,0.0,0.0,2025-03-23,0022401031,1.0,0.0,PHI,4.0,0.0,13.0,03:15,Off Dead Ball,0.0,Dowtin Jr. P.FOUL (P1.PN) (J.Goble),,ATL,PHI,ATL,1610612737.0,2025.0,2685.0,2687.0,2686.0,1627747|1627777|1629027|1630168|1630700,1627824|1629643|1629656|1630288|1642348,2024-25,619.0,0.16666666666666666,0.0,0.0,0.0,0.0,,
129805.0,03:13,"Dowtin Jr. P.FOUL (P1.PN) (J.Goble)
Young Free Throw 1 of 2 (22 PTS)
Young Free Throw 2 of 2 (23 PTS)
",0.0,0.0,0.0,0.0,2025-03-23,0022401031,1.0,0.0,PHI,4.0,0.0,13.0,03:15,Off Dead Ball,0.0,Young Free Throw 1 of 2 (22 PTS),,ATL,PHI,ATL,1610612737.0,2025.0,2685.0,2687.0,2686.0,1627747|1627777|1629027|1630168|1630700,1627824|1629643|1629656|1630288|1642348,2024-25,658.0,0.9552238805970149,0.0,0.0,0.0,0.0,,
129807.0,03:27,"Daniels 3' Driving Finger Roll Layup (8 PTS)
",1.0,1.0,0.0,0.0,2025-03-23,0022401031,0.0,0.0,PHI,4.0,0.0,11.0,03:52,Off Short Mid-Range Make,0.0,Daniels 3' Driving Finger Roll Layup (8 PTS),,ATL,PHI,ATL,1610612737.0,2025.0,2648.0,2673.0,2660.5,1627747|1627777|1629027|1630168|1630700,1627824|1629643|1629656|1630288|1642348,2024-25,653.0,0.30927835051546393,0.0,0.0,0.0,0.0,,
129808.0,04:15,"Edwards P.FOUL (P2.PN) (J.Goble)
Young Free Throw 1 of 2 (20 PTS)
Young Free Throw 2 of 2 (21 PTS)
",0.0,0.0,0.0,0.0,2025-03-23,0022401031,1.0,0.0,PHI,4.0,0.0,11.0,04:27,Off Corner 3 Make,0.0,Edwards P.FOUL (P2.PN) (J.Goble),,ATL,PHI,ATL,1610612737.0,2025.0,2613.0,2625.0,2619.0,1627747|1627777|1629027|1630168|1630700,1627824|1629643|1629656|1630288|1642348,2024-25,598.0,0.2222222222222222,0.0,0.0,0.0,0.0,,
129814.0,04:55,"Grimes S.FOUL (P1.T4) (J.Goble)
MISS Okongwu Free Throw 1 of 2
HAWKS Rebound
Okongwu Free Throw 2 of 2 (14 PTS)
",0.0,0.0,0.0,0.0,2025-03-23,0022401031,0.0,0.0,PHI,4.0,1.0,13.0,05:16,Off At Rim Make,0.0,Okongwu Free Throw 2 of 2 (14 PTS),,ATL,PHI,ATL,1610612737.0,2025.0,2564.0,2585.0,2574.5,1627747|1627777|1629027|1630168|1630700,1627824|1629643|1629656|1630288|1642348,2024-25,637.0,0.34375,0.0,0.0,0.0,0.0,,
129811.0,04:55,"Grimes S.FOUL (P1.T4) (J.Goble)
MISS Okongwu Free Throw 1 of 2
HAWKS Rebound
Okongwu Free Throw 2 of 2 (14 PTS)
",0.0,0.0,0.0,0.0,2025-03-23,0022401031,0.0,0.0,PHI,4.0,1.0,13.0,05:16,Off At Rim Make,0.0,Grimes S.FOUL (P1.T4) (J.Goble),,ATL,PHI,ATL,1610612737.0,2025.0,2564.0,2585.0,2574.5,1627747|1627777|1629027|1630168|1630700,1627824|1629643|1629656|1630288|1642348,2024-25,531.0,0.34285714285714286,0.0,0.0,0.0,0.0,,
129841.0,10:06,"MISS Mann 11' Pullup Jump Shot
Barlow REBOUND (Off:5 Def:4)
MISS Niang 25' 3PT Jump Shot
Council IV REBOUND (Off:0 Def:3)
",1.0,0.0,1.0,0.0,2025-03-23,0022401031,0.0,1.0,PHI,4.0,0.0,22.0,10:29,Off FT Make,0.0,Barlow REBOUND (Off:5 Def:4),,ATL,PHI,ATL,1610612737.0,2025.0,2251.0,2274.0,2262.5,1627777|1629027|1629611|1630249|1631230,1629643|1630215|1641741|1642024|1642348,2024-25,534.0,0.5098039215686274,0.0,0.0,0.0,0.0,,
129817.0,05:50,"MISS Risacher 24' 3PT Jump Shot
Yabusele REBOUND (Off:3 Def:3)
",0.0,0.0,1.0,0.0,2025-03-23,0022401031,0.0,0.0,PHI,4.0,0.0,13.0,06:05,Off At Rim Make,0.0,Yabusele REBOUND (Off:3 Def:3),,ATL,PHI,ATL,1610612737.0,2025.0,2515.0,2530.0,2522.5,1627747|1630249|1630700|1631230|1642258,1627824|1629643|1629656|1630288|1642348,2024-25,624.0,0.3076923076923077,0.0,0.0,0.0,0.0,,
129821.0,06:45,"MISS Risacher 1' Running Alley Oop Layup Shot
Grimes REBOUND (Off:0 Def:5)
",1.0,0.0,0.0,0.0,2025-03-23,0022401031,0.0,0.0,PHI,4.0,0.0,15.0,06:50,Off Arc 3 Miss,0.0,Grimes REBOUND (Off:0 Def:5),,ATL,PHI,ATL,1610612737.0,2025.0,2470.0,2475.0,2472.5,1627747|1630249|1630700|1631230|1642258,1627824|1629656|1630288|1642024|1642348,2024-25,560.0,0.1702127659574468,0.0,0.0,0.0,0.0,,
129822.0,07:01,"Daniels Bad Pass Turnover (P3.T16): Dowtin Jr. STEAL (3 STL)
",0.0,0.0,0.0,0.0,2025-03-23,0022401031,0.0,0.0,PHI,4.0,0.0,15.0,07:23,Off FT Make,1.0,Daniels Bad Pass Turnover (P3.T16): Dowtin Jr. STEAL (3 STL),,ATL,PHI,ATL,1610612737.0,2025.0,2437.0,2459.0,2448.0,1627747|1630249|1630700|1631230|1642258,1627824|1629656|1630288|1642024|1642348,2024-25,602.0,0.12195121951219512,0.0,0.0,0.0,0.0,,
129823.0,07:26,"Okongwu Bad Pass Turnover (P3.T15): Butler STEAL (2 STL)
",0.0,0.0,0.0,0.0,2025-03-23,0022401031,0.0,0.0,PHI,4.0,0.0,18.0,07:36,Off At Rim Make,1.0,Okongwu Bad Pass Turnover (P3.T15): Butler STEAL (2 STL),,ATL,PHI,ATL,1610612737.0,2025.0,2424.0,2434.0,2429.0,1627747|1629611|1630168|1630249|1630700,1629643|1629656|1630215|1642024|1642348,2024-25,617.0,0.30612244897959184,0.0,0.0,0.0,0.0,,
129824.0,07:42,"MISS LeVert 1' Running Layup
Reese REBOUND (Off:1 Def:2)
",1.0,0.0,0.0,0.0,2025-03-23,0022401031,0.0,0.0,PHI,4.0,0.0,20.0,07:48,Off Corner 3 Miss,0.0,MISS LeVert 1' Running Layup,,ATL,PHI,ATL,1610612737.0,2025.0,2412.0,2418.0,2415.0,1627747|1629611|1630168|1630249|1630700,1629643|1629656|1630215|1642024|1642348,2024-25,584.0,0.32,0.0,0.0,0.0,0.0,,
129829.0,08:17,"Council IV P.FOUL (P6.T3) (M.Myers)
Council IV T.FOUL (P6.T3) (M.Myers)
MISS LeVert Free Throw Technical
HAWKS Rebound
Okongwu 1' Driving Layup (13 PTS)
",1.0,1.0,0.0,0.0,2025-03-23,0022401031,0.0,0.0,PHI,4.0,0.0,18.0,08:39,Off Short Mid-Range Miss,0.0,HAWKS Rebound,,ATL,PHI,ATL,1610612737.0,2025.0,2361.0,2383.0,2372.0,1627747|1629611|1630168|1630249|1630700,1629643|1629656|1630215|1642024|1642348,2024-25,573.0,0.14285714285714285,0.0,0.0,0.0,0.0,,
129826.0,08:17,"Council IV P.FOUL (P6.T3) (M.Myers)
Council IV T.FOUL (P6.T3) (M.Myers)
MISS LeVert Free Throw Technical
HAWKS Rebound
Okongwu 1' Driving Layup (13 PTS)
",1.0,1.0,0.0,0.0,2025-03-23,0022401031,0.0,0.0,PHI,4.0,0.0,18.0,08:39,Off Short Mid-Range Miss,0.0,Council IV P.FOUL (P6.T3) (M.Myers),,ATL,PHI,ATL,1610612737.0,2025.0,2361.0,2383.0,2372.0,1627747|1629611|1630168|1630249|1630700,1629643|1629656|1630215|1642024|1642348,2024-25,497.0,0.13043478260869565,0.0,0.0,0.0,0.0,,
129832.0,08:55,"MISS Young 35' 3PT Pullup Jump Shot
Okeke REBOUND (Off:4 Def:3)
",0.0,0.0,1.0,0.0,2025-03-23,0022401031,0.0,0.0,PHI,4.0,0.0,18.0,09:18,Off Corner 3 Make,0.0,Okeke REBOUND (Off:4 Def:3),,ATL,PHI,ATL,1610612737.0,2025.0,2322.0,2345.0,2333.5,1627777|1629027|1629611|1630168|1630249,1629643|1630215|1641741|1642024|1642348,2024-25,586.0,0.7796610169491526,0.0,0.0,0.0,0.0,,
129831.0,08:55,"MISS Young 35' 3PT Pullup Jump Shot
Okeke REBOUND (Off:4 Def:3)
",0.0,0.0,1.0,0.0,2025-03-23,0022401031,0.0,0.0,PHI,4.0,0.0,18.0,09:18,Off Corner 3 Make,0.0,MISS Young 35' 3PT Pullup Jump Shot,,ATL,PHI,ATL,1610612737.0,2025.0,2322.0,2345.0,2333.5,1627777|1629027|1629611|1630168|1630249,1629643|1630215|1641741|1642024|1642348,2024-25,559.0,0.21951219512195122,0.0,0.0,0.0,0.0,,
129836.0,09:30,"Butler P.FOUL (P2.T2) (J.Goble)
Young T.FOUL (P1.T2) (J.Goble)
MISS Council IV Free Throw Technical
HAWKS Rebound
Okongwu 6' Turnaround Bank Hook Shot (11 PTS) (Young 11 AST)
",1.0,1.0,0.0,0.0,2025-03-23,0022401031,0.0,0.0,PHI,4.0,0.0,19.0,09:48,Off FT Make,0.0,HAWKS Rebound,,ATL,PHI,ATL,1610612737.0,2025.0,2292.0,2310.0,2301.0,1627777|1629027|1629611|1630168|1630249,1629643|1630215|1641741|1642024|1642348,2024-25,552.0,0.22641509433962265,0.0,0.0,0.0,0.0,,
129834.0,09:30,"Butler P.FOUL (P2.T2) (J.Goble)
Young T.FOUL (P1.T2) (J.Goble)
MISS Council IV Free Throw Technical
HAWKS Rebound
Okongwu 6' Turnaround Bank Hook Shot (11 PTS) (Young 11 AST)
",1.0,1.0,0.0,0.0,2025-03-23,0022401031,0.0,0.0,PHI,4.0,0.0,19.0,09:48,Off FT Make,0.0,Young T.FOUL (P1.T2) (J.Goble),,ATL,PHI,ATL,1610612737.0,2025.0,2292.0,2310.0,2301.0,1627777|1629027|1629611|1630168|1630249,1629643|1630215|1641741|1642024|1642348,2024-25,550.0,0.5161290322580645,0.0,0.0,0.0,0.0,,
129833.0,09:30,"Butler P.FOUL (P2.T2) (J.Goble)
Young T.FOUL (P1.T2) (J.Goble)
MISS Council IV Free Throw Technical
HAWKS Rebound
Okongwu 6' Turnaround Bank Hook Shot (11 PTS) (Young 11 AST)
",1.0,1.0,0.0,0.0,2025-03-23,0022401031,0.0,0.0,PHI,4.0,0.0,19.0,09:48,Off FT Make,0.0,Butler P.FOUL (P2.T2) (J.Goble),,ATL,PHI,ATL,1610612737.0,2025.0,2292.0,2310.0,2301.0,1627777|1629027|1629611|1630168|1630249,1629643|1630215|1641741|1642024|1642348,2024-25,554.0,0.16,0.0,0.0,0.0,0.0,,
129839.0,09:53,"MISS Mann 1' Running Layup
Okeke REBOUND (Off:4 Def:2)
",1.0,0.0,0.0,0.0,2025-03-23,0022401031,0.0,0.0,PHI,4.0,0.0,22.0,09:57,Off At Rim Miss,0.0,Okeke REBOUND (Off:4 Def:2),,ATL,PHI,ATL,1610612737.0,2025.0,2283.0,2287.0,2285.0,1627777|1629027|1629611|1630249|1631230,1629643|1630215|1641741|1642024|1642348,2024-25,538.0,0.25806451612903225,0.0,0.0,0.0,0.0,,
129838.0,09:53,"MISS Mann 1' Running Layup
Okeke REBOUND (Off:4 Def:2)
",1.0,0.0,0.0,0.0,2025-03-23,0022401031,0.0,0.0,PHI,4.0,0.0,22.0,09:57,Off At Rim Miss,0.0,MISS Mann 1' Running Layup,,ATL,PHI,ATL,1610612737.0,2025.0,2283.0,2287.0,2285.0,1627777|1629027|1629611|1630249|1631230,1629643|1630215|1641741|1642024|1642348,2024-25,539.0,0.19672131147540983,0.0,0.0,0.0,0.0,,
129818.0,06:23,"MISS Risacher 25' 3PT Jump Shot
76ers Rebound
",0.0,0.0,1.0,0.0,2025-03-23,0022401031,0.0,0.0,PHI,4.0,0.0,15.0,06:39,Off Timeout,0.0,MISS Risacher 25' 3PT Jump Shot,,ATL,PHI,ATL,1610612737.0,2025.0,2481.0,2497.0,2489.0,1627747|1630249|1630700|1631230|1642258,1627824|1629643|1629656|1630288|1642348,2024-25,633.0,0.5245901639344263,0.0,0.0,0.0,0.0,,
129785.0,09:24,"Okongwu Bad Pass Turnover (P2.T12): Dowtin Jr. STEAL (2 STL)
",0.0,0.0,0.0,0.0,2025-03-23,0022401031,0.0,0.0,PHI,3.0,0.0,10.0,09:45,Off Corner 3 Make,1.0,Okongwu Bad Pass Turnover (P2.T12): Dowtin Jr. STEAL (2 STL),,ATL,PHI,ATL,1610612737.0,2025.0,1575.0,1596.0,1585.5,1629027|1630168|1630700|1631243|1642258,1627824|1629643|1629656|1630288|1642348,2024-25,352.0,0.15789473684210525,0.0,0.0,0.0,0.0,,
129737.0,09:31,"Butler P.FOUL (P1.T1) (J.Goble)
Young Traveling Turnover (P2.T7)
",0.0,0.0,0.0,0.0,2025-03-23,0022401031,0.0,0.0,PHI,2.0,0.0,10.0,09:47,Off FT Make,1.0,Butler P.FOUL (P1.T1) (J.Goble),,ATL,PHI,ATL,1610612737.0,2025.0,853.0,869.0,861.0,1627777|1629027|1629611|1630249|1631230,1629052|1630215|1641741|1642024|1642348,2024-25,180.0,0.2153846153846154,0.0,0.0,0.0,0.0,,
129786.0,09:54,"MISS Daniels 26' 3PT Jump Shot
Grimes REBOUND (Off:0 Def:4)
",0.0,0.0,1.0,0.0,2025-03-23,0022401031,0.0,0.0,PHI,3.0,0.0,13.0,10:06,Off At Rim Miss,0.0,MISS Daniels 26' 3PT Jump Shot,,ATL,PHI,ATL,1610612737.0,2025.0,1554.0,1566.0,1560.0,1629027|1630168|1630700|1631243|1642258,1627824|1629643|1629656|1630288|1642348,2024-25,348.0,0.4489795918367347,0.0,0.0,0.0,0.0,,
129744.0,11:21,"Mann 1' Layup (7 PTS) (Barlow 1 AST)
",1.0,1.0,0.0,0.0,2025-03-23,0022401031,0.0,0.0,PHI,2.0,0.0,11.0,11:33,Off Arc 3 Miss,0.0,Mann 1' Layup (7 PTS) (Barlow 1 AST),,ATL,PHI,ATL,1610612737.0,2025.0,747.0,759.0,753.0,1627777|1629027|1629611|1630249|1631230,1629052|1630215|1641741|1642024|1642348,2024-25,159.0,0.22857142857142856,0.0,0.0,0.0,0.0,,
129660.0,00:03,"Brissett S.FOUL (P1.T2) (M.Myers)
Niang Free Throw 1 of 3 (7 PTS)
Niang Free Throw 2 of 3 (8 PTS)
Niang Free Throw 3 of 3 (9 PTS)
",0.0,0.0,0.0,0.0,2025-03-23,0022401031,0.0,0.0,PHI,1.0,1.0,8.0,00:24,Off At Rim Miss,0.0,Brissett S.FOUL (P1.T2) (M.Myers),,ATL,PHI,ATL,1610612737.0,2025.0,696.0,717.0,706.5,1627747|1627777|1629027|1629611|1631230,1629052|1629656|1630215|1641741|1642024,2024-25,162.0,0.3492063492063492,0.0,0.0,0.0,0.0,,
129666.0,00:31,"MISS Mann 4' Running Layup
Niang REBOUND (Off:1 Def:1)
MISS Mann 25' 3PT Jump Shot
Brissett REBOUND (Off:0 Def:1)
",1.0,0.0,1.0,0.0,2025-03-23,0022401031,0.0,1.0,PHI,1.0,0.0,8.0,00:53,Off Steal,0.0,MISS Mann 25' 3PT Jump Shot,,ATL,PHI,ATL,1610612737.0,2025.0,667.0,689.0,678.0,1627747|1627777|1629027|1629611|1631230,1629052|1629656|1630215|1641741|1642024,2024-25,136.0,0.3111111111111111,0.0,0.0,0.0,0.0,,
129667.0,00:31,"MISS Mann 4' Running Layup
Niang REBOUND (Off:1 Def:1)
MISS Mann 25' 3PT Jump Shot
Brissett REBOUND (Off:0 Def:1)
",1.0,0.0,1.0,0.0,2025-03-23,0022401031,0.0,1.0,PHI,1.0,0.0,8.0,00:53,Off Steal,0.0,Brissett REBOUND (Off:0 Def:1),,ATL,PHI,ATL,1610612737.0,2025.0,667.0,689.0,678.0,1627747|1627777|1629027|1629611|1631230,1629052|1629656|1630215|1641741|1642024,2024-25,153.0,0.7868852459016393,0.0,0.0,0.0,0.0,,
129668.0,01:01,"Mann 13' Turnaround Jump Shot (5 PTS)
",1.0,1.0,0.0,0.0,2025-03-23,0022401031,0.0,0.0,PHI,1.0,0.0,6.0,01:26,Off At Rim Make,0.0,Mann 13' Turnaround Jump Shot (5 PTS),,ATL,PHI,ATL,1610612737.0,2025.0,634.0,659.0,646.5,1627747|1627777|1629027|1629611|1631230,1629052|1629656|1630215|1641741|1642024,2024-25,130.0,0.5714285714285714,0.0,0.0,0.0,0.0,,
129670.0,01:30,"76ers T.Foul (Def. 3 Sec Reese ) (M.Myers)
Young Free Throw Technical (7 PTS)
MISS LeVert 2' Driving Layup
Council IV REBOUND (Off:0 Def:1)
",1.0,0.0,0.0,0.0,2025-03-23,0022401031,0.0,0.0,PHI,1.0,0.0,7.0,01:52,Off Short Mid-Range Miss,0.0,Young Free Throw Technical (7 PTS),,ATL,PHI,ATL,1610612737.0,2025.0,608.0,630.0,619.0,1627747|1627777|1629027|1629611|1631230,1629052|1629656|1630215|1641741|1642024,2024-25,158.0,0.5357142857142857,0.0,0.0,0.0,0.0,,
129673.0,02:18,"Mann 3PT Jump Shot (3 PTS) (LeVert 3 AST)
",0.0,0.0,1.0,1.0,2025-03-23,0022401031,0.0,0.0,PHI,1.0,0.0,4.0,02:32,Off FT Make,0.0,Mann 3PT Jump Shot (3 PTS) (LeVert 3 AST),,ATL,PHI,ATL,1610612737.0,2025.0,568.0,582.0,575.0,1627747|1627777|1629027|1629611|1631230,1629052|1629656|1630215|1641741|1642024,2024-25,121.0,0.06896551724137931,0.0,0.0,0.0,0.0,,
129674.0,02:36,"MISS LeVert 26' 3PT Jump Shot
Grimes REBOUND (Off:0 Def:1)
",0.0,0.0,1.0,0.0,2025-03-23,0022401031,0.0,0.0,PHI,1.0,0.0,6.0,02:53,Off At Rim Make,0.0,MISS LeVert 26' 3PT Jump Shot,,ATL,PHI,ATL,1610612737.0,2025.0,547.0,564.0,555.5,1627747|1627777|1629027|1629611|1631230,1629656|1630215|1641741|1642024|1642348,2024-25,113.0,0.5283018867924528,0.0,0.0,0.0,0.0,,
129675.0,02:36,"MISS LeVert 26' 3PT Jump Shot
Grimes REBOUND (Off:0 Def:1)
",0.0,0.0,1.0,0.0,2025-03-23,0022401031,0.0,0.0,PHI,1.0,0.0,6.0,02:53,Off At Rim Make,0.0,Grimes REBOUND (Off:0 Def:1),,ATL,PHI,ATL,1610612737.0,2025.0,547.0,564.0,555.5,1627747|1627777|1629027|1629611|1631230,1629656|1630215|1641741|1642024|1642348,2024-25,127.0,0.31746031746031744,0.0,0.0,0.0,0.0,,
129677.0,03:06,"Reese S.FOUL (P1.T1) (J.Goble)
Young Free Throw 1 of 2 (5 PTS)
Young Free Throw 2 of 2 (6 PTS)
",0.0,0.0,0.0,0.0,2025-03-23,0022401031,0.0,0.0,PHI,1.0,1.0,6.0,03:24,Off Short Mid-Range Make,0.0,Young Free Throw 1 of 2 (5 PTS),,ATL,PHI,ATL,1610612737.0,2025.0,516.0,534.0,525.0,1627747|1627777|1629027|1629611|1631230,1629656|1630215|1641741|1642024|1642348,2024-25,109.0,0.3333333333333333,0.0,0.0,0.0,0.0,,
129679.0,03:50,"Risacher 6' Turnaround Hook Shot (4 PTS)
",1.0,1.0,0.0,0.0,2025-03-23,0022401031,0.0,0.0,PHI,1.0,0.0,6.0,03:56,Off Long Mid-Range Miss,0.0,Risacher 6' Turnaround Hook Shot (4 PTS),,ATL,PHI,ATL,1610612737.0,2025.0,484.0,490.0,487.0,1627747|1627777|1630168|1630700|1642258,1627824|1629643|1629656|1630288|1642348,2024-25,115.0,0.273972602739726,0.0,0.0,0.0,0.0,,
129680.0,04:10,"Niang 25' 3PT Jump Shot (6 PTS) (LeVert 2 AST)
",0.0,0.0,1.0,1.0,2025-03-23,0022401031,0.0,0.0,PHI,1.0,0.0,3.0,04:24,Off At Rim Make,0.0,Niang 25' 3PT Jump Shot (6 PTS) (LeVert 2 AST),,ATL,PHI,ATL,1610612737.0,2025.0,456.0,470.0,463.0,1627747|1627777|1630168|1630700|1642258,1627824|1629643|1629656|1630288|1642348,2024-25,88.0,0.13157894736842105,0.0,0.0,0.0,0.0,,
129681.0,04:57,"Niang 26' 3PT Running Jump Shot (3 PTS) (Risacher 1 AST)
",0.0,0.0,1.0,1.0,2025-03-23,0022401031,0.0,0.0,PHI,1.0,0.0,2.0,05:02,Off Steal,0.0,Niang 26' 3PT Running Jump Shot (3 PTS) (Risacher 1 AST),,ATL,PHI,ATL,1610612737.0,2025.0,418.0,423.0,420.5,1627747|1627777|1630168|1630700|1642258,1627824|1629643|1629656|1630288|1642348,2024-25,80.0,0.0547945205479452,0.0,0.0,0.0,0.0,,
129740.0,09:51,"MISS Niang 26' 3PT Jump Shot
Brissett REBOUND (Off:0 Def:2)
",0.0,0.0,1.0,0.0,2025-03-23,0022401031,0.0,0.0,PHI,2.0,0.0,12.0,10:01,Off Short Mid-Range Miss,0.0,Brissett REBOUND (Off:0 Def:2),,ATL,PHI,ATL,1610612737.0,2025.0,839.0,849.0,844.0,1627777|1629027|1629611|1630249|1631230,1629052|1630215|1641741|1642024|1642348,2024-25,181.0,0.3333333333333333,0.0,0.0,0.0,0.0,,
129683.0,05:38,"MISS LeVert 26' 3PT Pullup Jump Shot
Risacher REBOUND (Off:1 Def:0)
Daniels Bad Pass Turnover (P2.T4): Dowtin Jr. STEAL (1 STL)
",0.0,0.0,1.0,0.0,2025-03-23,0022401031,0.0,1.0,PHI,1.0,0.0,0.0,05:56,Off Arc 3 Make,1.0,MISS LeVert 26' 3PT Pullup Jump Shot,,ATL,PHI,ATL,1610612737.0,2025.0,364.0,382.0,373.0,1627747|1627777|1630168|1630700|1642258,1627824|1629643|1629656|1630288|1642348,2024-25,70.0,0.3018867924528302,0.0,0.0,0.0,0.0,,
129688.0,06:46,"MISS Daniels 8' Driving Floating Jump Shot
Gueye REBOUND (Off:1 Def:0)
Gueye Tip Layup Shot (2 PTS)
",2.0,1.0,0.0,0.0,2025-03-23,0022401031,0.0,1.0,PHI,1.0,0.0,0.0,07:06,Off Steal,0.0,Gueye REBOUND (Off:1 Def:0),,ATL,PHI,ATL,1610612737.0,2025.0,294.0,314.0,304.0,1629027|1630168|1630700|1631243|1642258,1627824|1629643|1629656|1630288|1642348,2024-25,66.0,0.7457627118644068,0.0,0.0,0.0,0.0,,
129691.0,07:19,"MISS Gueye 3' Running Layup: Edwards BLOCK (1 BLK)
76ers Rebound
",1.0,0.0,0.0,0.0,2025-03-23,0022401031,0.0,0.0,PHI,1.0,0.0,0.0,07:24,Off Arc 3 Miss,0.0,76ers Rebound,,ATL,PHI,ATL,1610612737.0,2025.0,276.0,281.0,278.5,1629027|1630168|1630700|1631243|1642258,1627824|1629643|1629656|1630288|1642348,2024-25,63.0,0.24489795918367346,0.0,0.0,0.0,0.0,,
129690.0,07:19,"MISS Gueye 3' Running Layup: Edwards BLOCK (1 BLK)
76ers Rebound
",1.0,0.0,0.0,0.0,2025-03-23,0022401031,0.0,0.0,PHI,1.0,0.0,0.0,07:24,Off Arc 3 Miss,0.0,MISS Gueye 3' Running Layup: Edwards BLOCK (1 BLK),,ATL,PHI,ATL,1610612737.0,2025.0,276.0,281.0,278.5,1629027|1630168|1630700|1631243|1642258,1627824|1629643|1629656|1630288|1642348,2024-25,47.0,0.2716049382716049,0.0,0.0,0.0,0.0,,
129692.0,07:52,"Young Out of Bounds - Bad Pass Turnover Turnover (P1.T3)
",0.0,0.0,0.0,0.0,2025-03-23,0022401031,0.0,0.0,PHI,1.0,0.0,0.0,08:04,Off At Rim Make,1.0,Young Out of Bounds - Bad Pass Turnover Turnover (P1.T3),,ATL,PHI,ATL,1610612737.0,2025.0,236.0,248.0,242.0,1629027|1630168|1630700|1631243|1642258,1627824|1629643|1629656|1630288|1642348,2024-25,42.0,0.35714285714285715,0.0,0.0,0.0,0.0,,
129694.0,08:40,"MISS Risacher 24' 3PT Jump Shot
Yabusele REBOUND (Off:0 Def:1)
",0.0,0.0,1.0,0.0,2025-03-23,0022401031,0.0,0.0,PHI,1.0,0.0,1.0,08:59,Off Arc 3 Make,0.0,MISS Risacher 24' 3PT Jump Shot,,ATL,PHI,ATL,1610612737.0,2025.0,181.0,200.0,190.5,1629027|1630168|1630700|1631243|1642258,1627824|1629643|1629656|1630288|1642348,2024-25,36.0,0.3125,0.0,0.0,0.0,0.0,,
129695.0,08:40,"MISS Risacher 24' 3PT Jump Shot
Yabusele REBOUND (Off:0 Def:1)
",0.0,0.0,1.0,0.0,2025-03-23,0022401031,0.0,0.0,PHI,1.0,0.0,1.0,08:59,Off Arc 3 Make,0.0,Yabusele REBOUND (Off:0 Def:1),,ATL,PHI,ATL,1610612737.0,2025.0,181.0,200.0,190.5,1629027|1630168|1630700|1631243|1642258,1627824|1629643|1629656|1630288|1642348,2024-25,41.0,0.7419354838709677,0.0,0.0,0.0,0.0,,
129696.0,09:11,"Daniels Traveling Turnover (P1.T2)
",0.0,0.0,0.0,0.0,2025-03-23,0022401031,0.0,0.0,PHI,1.0,0.0,4.0,09:19,Off Dead Ball,1.0,Daniels Traveling Turnover (P1.T2),,ATL,PHI,ATL,1610612737.0,2025.0,161.0,169.0,165.0,1629027|1630168|1630700|1631243|1642258,1627824|1629643|1629656|1630288|1642348,2024-25,33.0,0.30303030303030304,0.0,0.0,0.0,0.0,,
129697.0,09:29,"Risacher 3 Second Violation Turnover (P1.T1)
",0.0,0.0,0.0,0.0,2025-03-23,0022401031,0.0,0.0,PHI,1.0,0.0,5.0,09:48,Off Arc 3 Miss,1.0,Risacher 3 Second Violation Turnover (P1.T1),,ATL,PHI,ATL,1610612737.0,2025.0,132.0,151.0,141.5,1629027|1630168|1630700|1631243|1642258,1627824|1629643|1629656|1630288|1642348,2024-25,31.0,0.25263157894736843,0.0,0.0,0.0,0.0,,
129698.0,10:07,"Daniels 2' Driving Layup (4 PTS) (Gueye 1 AST)
",1.0,1.0,0.0,0.0,2025-03-23,0022401031,0.0,0.0,PHI,1.0,0.0,3.0,10:18,Off At Rim Make,0.0,Daniels 2' Driving Layup (4 PTS) (Gueye 1 AST),,ATL,PHI,ATL,1610612737.0,2025.0,102.0,113.0,107.5,1629027|1630168|1630700|1631243|1642258,1627824|1629643|1629656|1630288|1642348,2024-25,22.0,0.5934065934065934,0.0,0.0,0.0,0.0,,
129699.0,10:42,"Daniels 9' Floating Jump Shot (2 PTS) (Young 2 AST)
",1.0,1.0,0.0,0.0,2025-03-23,0022401031,0.0,0.0,PHI,1.0,0.0,2.0,10:52,Off Steal,0.0,Daniels 9' Floating Jump Shot (2 PTS) (Young 2 AST),,ATL,PHI,ATL,1610612737.0,2025.0,68.0,78.0,73.0,1629027|1630168|1630700|1631243|1642258,1627824|1629643|1629656|1630288|1642348,2024-25,15.0,0.24390243902439024,0.0,0.0,0.0,0.0,,
129701.0,11:10,"MISS Gueye 26' 3PT Running Jump Shot
Dowtin Jr. REBOUND (Off:0 Def:1)
",0.0,0.0,1.0,0.0,2025-03-23,0022401031,0.0,0.0,PHI,1.0,0.0,2.0,11:17,Off Steal,0.0,Dowtin Jr. REBOUND (Off:0 Def:1),,ATL,PHI,ATL,1610612737.0,2025.0,43.0,50.0,46.5,1629027|1630168|1630700|1631243|1642258,1627824|1629643|1629656|1630288|1642348,2024-25,12.0,0.37037037037037035,0.0,0.0,0.0,0.0,,
129702.0,11:37,"Risacher 1' Cutting Layup Shot (2 PTS) (Young 1 AST)
",1.0,1.0,0.0,0.0,2025-03-23,0022401031,0.0,0.0,PHI,1.0,0.0,0.0,12:00,Off Dead Ball,0.0,Risacher 1' Cutting Layup Shot (2 PTS) (Young 1 AST),,ATL,PHI,ATL,1610612737.0,2025.0,0.0,23.0,11.5,1629027|1630168|1630700|1631243|1642258,1627824|1629643|1629656|1630288|1642348,2024-25,7.0,0.4117647058823529,0.0,0.0,0.0,0.0,,
129787.0,09:54,"MISS Daniels 26' 3PT Jump Shot
Grimes REBOUND (Off:0 Def:4)
",0.0,0.0,1.0,0.0,2025-03-23,0022401031,0.0,0.0,PHI,3.0,0.0,13.0,10:06,Off At Rim Miss,0.0,Grimes REBOUND (Off:0 Def:4),,ATL,PHI,ATL,1610612737.0,2025.0,1554.0,1566.0,1560.0,1629027|1630168|1630700|1631243|1642258,1627824|1629643|1629656|1630288|1642348,2024-25,347.0,0.7796610169491526,0.0,0.0,0.0,0.0,,
129689.0,06:46,"MISS Daniels 8' Driving Floating Jump Shot
Gueye REBOUND (Off:1 Def:0)
Gueye Tip Layup Shot (2 PTS)
",2.0,1.0,0.0,0.0,2025-03-23,0022401031,0.0,1.0,PHI,1.0,0.0,0.0,07:06,Off Steal,0.0,Gueye Tip Layup Shot (2 PTS),,ATL,PHI,ATL,1610612737.0,2025.0,294.0,314.0,304.0,1629027|1630168|1630700|1631243|1642258,1627824|1629643|1629656|1630288|1642348,2024-25,55.0,0.5,0.0,0.0,0.0,0.0,,
129739.0,09:51,"MISS Niang 26' 3PT Jump Shot
Brissett REBOUND (Off:0 Def:2)
",0.0,0.0,1.0,0.0,2025-03-23,0022401031,0.0,0.0,PHI,2.0,0.0,12.0,10:01,Off Short Mid-Range Miss,0.0,MISS Niang 26' 3PT Jump Shot,,ATL,PHI,ATL,1610612737.0,2025.0,839.0,849.0,844.0,1627777|1629027|1629611|1630249|1631230,1629052|1630215|1641741|1642024|1642348,2024-25,211.0,0.5,0.0,0.0,0.0,0.0,,
129684.0,05:38,"MISS LeVert 26' 3PT Pullup Jump Shot
Risacher REBOUND (Off:1 Def:0)
Daniels Bad Pass Turnover (P2.T4): Dowtin Jr. STEAL (1 STL)
",0.0,0.0,1.0,0.0,2025-03-23,0022401031,0.0,1.0,PHI,1.0,0.0,0.0,05:56,Off Arc 3 Make,1.0,Risacher REBOUND (Off:1 Def:0),,ATL,PHI,ATL,1610612737.0,2025.0,364.0,382.0,373.0,1627747|1627777|1630168|1630700|1642258,1627824|1629643|1629656|1630288|1642348,2024-25,73.0,0.1702127659574468,0.0,0.0,0.0,0.0,,
129736.0,08:53,"MISS Krejci 3PT Running Jump Shot
Barlow REBOUND (Off:1 Def:3)
Barlow 2' Putback Layup (4 PTS)
Reese S.FOUL (P2.T2) (M.Myers)
Barlow Free Throw 1 of 1 (5 PTS)
",1.0,1.0,1.0,0.0,2025-03-23,0022401031,0.0,1.0,PHI,2.0,1.0,10.0,09:00,Off At Rim Miss,0.0,Barlow Free Throw 1 of 1 (5 PTS),,ATL,PHI,ATL,1610612737.0,2025.0,900.0,907.0,903.5,1627777|1629027|1629611|1630249|1631230,1629052|1630215|1641741|1642024|1642348,2024-25,199.0,0.136986301369863,0.0,0.0,0.0,0.0,,
129788.0,10:32,"Young Bad Pass Turnover (P4.T11)
",0.0,0.0,0.0,0.0,2025-03-23,0022401031,0.0,0.0,PHI,3.0,0.0,13.0,10:50,Off At Rim Make,1.0,Young Bad Pass Turnover (P4.T11),,ATL,PHI,ATL,1610612737.0,2025.0,1510.0,1528.0,1519.0,1629027|1630168|1630700|1631243|1642258,1627824|1629643|1629656|1630288|1642348,2024-25,329.0,0.25,0.0,0.0,0.0,0.0,,
129738.0,09:31,"Butler P.FOUL (P1.T1) (J.Goble)
Young Traveling Turnover (P2.T7)
",0.0,0.0,0.0,0.0,2025-03-23,0022401031,0.0,0.0,PHI,2.0,0.0,10.0,09:47,Off FT Make,1.0,Young Traveling Turnover (P2.T7),,ATL,PHI,ATL,1610612737.0,2025.0,853.0,869.0,861.0,1627777|1629027|1629611|1630249|1631230,1629052|1630215|1641741|1642024|1642348,2024-25,193.0,0.2909090909090909,0.0,0.0,0.0,0.0,,
129790.0,10:52,"MISS Daniels 1' Running Dunk
Grimes REBOUND (Off:0 Def:3)
",1.0,0.0,0.0,0.0,2025-03-23,0022401031,0.0,0.0,PHI,3.0,0.0,15.0,10:59,Off Steal,0.0,Grimes REBOUND (Off:0 Def:3),,ATL,PHI,ATL,1610612737.0,2025.0,1501.0,1508.0,1504.5,1629027|1630168|1630700|1631243|1642258,1627824|1629643|1629656|1630288|1642348,2024-25,387.0,0.23076923076923078,0.0,0.0,0.0,0.0,,
129789.0,10:52,"MISS Daniels 1' Running Dunk
Grimes REBOUND (Off:0 Def:3)
",1.0,0.0,0.0,0.0,2025-03-23,0022401031,0.0,0.0,PHI,3.0,0.0,15.0,10:59,Off Steal,0.0,MISS Daniels 1' Running Dunk,,ATL,PHI,ATL,1610612737.0,2025.0,1501.0,1508.0,1504.5,1629027|1630168|1630700|1631243|1642258,1627824|1629643|1629656|1630288|1642348,2024-25,338.0,0.40625,0.0,0.0,0.0,0.0,,
129791.0,11:12,"Gueye 1' Running Alley Oop Dunk Shot (4 PTS) (Young 7 AST)
",1.0,1.0,0.0,0.0,2025-03-23,0022401031,0.0,0.0,PHI,3.0,0.0,13.0,11:17,Off Steal,0.0,Gueye 1' Running Alley Oop Dunk Shot (4 PTS) (Young 7 AST),,ATL,PHI,ATL,1610612737.0,2025.0,1483.0,1488.0,1485.5,1629027|1630168|1630700|1631243|1642258,1627824|1629643|1629656|1630288|1642348,2024-25,334.0,0.2962962962962963,0.0,0.0,0.0,0.0,,
129792.0,11:29,"Okongwu 1' Dunk (9 PTS) (Young 6 AST)
",1.0,1.0,0.0,0.0,2025-03-23,0022401031,0.0,0.0,PHI,3.0,0.0,11.0,11:38,Off FT Miss,0.0,Okongwu 1' Dunk (9 PTS) (Young 6 AST),,ATL,PHI,ATL,1610612737.0,2025.0,1462.0,1471.0,1466.5,1629027|1630168|1630700|1631243|1642258,1627824|1629643|1629656|1630288|1642348,2024-25,330.0,0.30303030303030304,0.0,0.0,0.0,0.0,,
129703.0,00:03,"Daniels 1' Driving Layup (6 PTS) (Young 5 AST)
",1.0,1.0,0.0,0.0,2025-03-23,0022401031,0.0,0.0,PHI,2.0,0.0,10.0,00:10,Off Dead Ball,0.0,Daniels 1' Driving Layup (6 PTS) (Young 5 AST),,ATL,PHI,ATL,1610612737.0,2025.0,1430.0,1437.0,1433.5,1627747|1629027|1630168|1630700|1642258,1629643|1629656|1630288|1641741|1642024,2024-25,310.0,0.4827586206896552,0.0,0.0,0.0,0.0,,
129706.0,00:26,"Council IV P.FOUL (P1.T4) (J.Van Duyne)
MISS Young 21' Step Back Jump Shot
Grimes REBOUND (Off:0 Def:2)
",1.0,0.0,0.0,0.0,2025-03-23,0022401031,0.0,0.0,PHI,2.0,0.0,10.0,00:47,Off Short Mid-Range Make,0.0,Grimes REBOUND (Off:0 Def:2),,ATL,PHI,ATL,1610612737.0,2025.0,1393.0,1414.0,1403.5,1627747|1629027|1630168|1630700|1642258,1629643|1629656|1630288|1641741|1642024,2024-25,319.0,0.2028985507246377,0.0,0.0,0.0,0.0,,
129710.0,01:16,"MISS LeVert 3PT Jump Shot: Dowtin Jr. BLOCK (2 BLK)
Dowtin Jr. REBOUND (Off:0 Def:2)
",0.0,0.0,1.0,0.0,2025-03-23,0022401031,0.0,0.0,PHI,2.0,0.0,12.0,01:46,Off Arc 3 Make,0.0,Dowtin Jr. REBOUND (Off:0 Def:2),,ATL,PHI,ATL,1610612737.0,2025.0,1334.0,1364.0,1349.0,1627747|1629027|1630168|1630700|1642258,1629643|1629656|1630288|1641741|1642024,2024-25,344.0,0.3018867924528302,0.0,0.0,0.0,0.0,,
129713.0,01:55,"MISS LeVert 2' Driving Layup: Dowtin Jr. BLOCK (1 BLK)
HAWKS Rebound
Risacher Traveling Turnover (P2.T10)
",1.0,0.0,0.0,0.0,2025-03-23,0022401031,0.0,1.0,PHI,2.0,0.0,15.0,02:13,Off Corner 3 Make,1.0,Risacher Traveling Turnover (P2.T10),,ATL,PHI,ATL,1610612737.0,2025.0,1307.0,1325.0,1316.0,1627747|1629027|1630168|1630700|1642258,1627824|1629643|1629656|1630288|1641741,2024-25,292.0,0.35294117647058826,0.0,0.0,0.0,0.0,,
129714.0,02:27,"Young Out of Bounds - Bad Pass Turnover Turnover (P3.T9)
",0.0,0.0,0.0,0.0,2025-03-23,0022401031,0.0,0.0,PHI,2.0,0.0,18.0,02:32,Off At Rim Miss,1.0,Young Out of Bounds - Bad Pass Turnover Turnover (P3.T9),,ATL,PHI,ATL,1610612737.0,2025.0,1288.0,1293.0,1290.5,1627747|1629027|1630168|1630700|1642258,1627824|1629643|1629656|1630288|1642348,2024-25,309.0,0.35555555555555557,0.0,0.0,0.0,0.0,,
129715.0,02:53,"Risacher 2' Running Dunk (6 PTS) (Young 4 AST)
",1.0,1.0,0.0,0.0,2025-03-23,0022401031,0.0,0.0,PHI,2.0,0.0,16.0,02:56,Off At Rim Miss,0.0,Risacher 2' Running Dunk (6 PTS) (Young 4 AST),,ATL,PHI,ATL,1610612737.0,2025.0,1264.0,1267.0,1265.5,1627747|1629027|1630168|1630700|1642258,1627824|1629643|1629656|1630288|1642348,2024-25,275.0,0.4578313253012048,0.0,0.0,0.0,0.0,,
129716.0,03:14,"LeVert 11' Pullup Jump Shot (7 PTS)
",1.0,1.0,0.0,0.0,2025-03-23,0022401031,0.0,0.0,PHI,2.0,0.0,14.0,03:30,Off FT Make,0.0,LeVert 11' Pullup Jump Shot (7 PTS),,ATL,PHI,ATL,1610612737.0,2025.0,1230.0,1246.0,1238.0,1627747|1629027|1630168|1630700|1642258,1627824|1629643|1629656|1630288|1642348,2024-25,272.0,0.5301204819277109,0.0,0.0,0.0,0.0,,
129717.0,03:43,"Okongwu 26' 3PT Jump Shot (7 PTS) (LeVert 5 AST)
",0.0,0.0,1.0,1.0,2025-03-23,0022401031,0.0,0.0,PHI,2.0,0.0,13.0,03:55,Off At Rim Make,0.0,Okongwu 26' 3PT Jump Shot (7 PTS) (LeVert 5 AST),,ATL,PHI,ATL,1610612737.0,2025.0,1205.0,1217.0,1211.0,1627747|1630168|1630249|1630700|1642258,1627824|1629643|1629656|1630215|1642348,2024-25,262.0,0.3142857142857143,0.0,0.0,0.0,0.0,,
129709.0,01:16,"MISS LeVert 3PT Jump Shot: Dowtin Jr. BLOCK (2 BLK)
Dowtin Jr. REBOUND (Off:0 Def:2)
",0.0,0.0,1.0,0.0,2025-03-23,0022401031,0.0,0.0,PHI,2.0,0.0,12.0,01:46,Off Arc 3 Make,0.0,MISS LeVert 3PT Jump Shot: Dowtin Jr. BLOCK (2 BLK),,ATL,PHI,ATL,1610612737.0,2025.0,1334.0,1364.0,1349.0,1627747|1629027|1630168|1630700|1642258,1629643|1629656|1630288|1641741|1642024,2024-25,295.0,0.24096385542168675,0.0,0.0,0.0,0.0,,
129719.0,04:09,"MISS Daniels 27' 3PT Pullup Jump Shot
LeVert REBOUND (Off:1 Def:0)
LeVert 8' Fadeaway Jumper (5 PTS) (Krejci 2 AST)
",1.0,1.0,1.0,0.0,2025-03-23,0022401031,0.0,1.0,PHI,2.0,0.0,13.0,04:49,Off FT Make,0.0,LeVert REBOUND (Off:1 Def:0),,ATL,PHI,ATL,1610612737.0,2025.0,1151.0,1191.0,1171.0,1627747|1630168|1630249|1630700|1642258,1627824|1629643|1629656|1630215|1642348,2024-25,258.0,0.44,0.0,0.0,0.0,0.0,,
129733.0,08:53,"MISS Krejci 3PT Running Jump Shot
Barlow REBOUND (Off:1 Def:3)
Barlow 2' Putback Layup (4 PTS)
Reese S.FOUL (P2.T2) (M.Myers)
Barlow Free Throw 1 of 1 (5 PTS)
",1.0,1.0,1.0,0.0,2025-03-23,0022401031,0.0,1.0,PHI,2.0,1.0,10.0,09:00,Off At Rim Miss,0.0,Barlow REBOUND (Off:1 Def:3),,ATL,PHI,ATL,1610612737.0,2025.0,900.0,907.0,903.5,1627777|1629027|1629611|1630249|1631230,1629052|1630215|1641741|1642024|1642348,2024-25,195.0,0.4827586206896552,0.0,0.0,0.0,0.0,,
129731.0,08:21,"MISS Young 33' 3PT Pullup Jump Shot
Barlow REBOUND (Off:2 Def:3)
Krejci 26' 3PT Jump Shot (3 PTS) (Barlow 2 AST)
",0.0,0.0,2.0,1.0,2025-03-23,0022401031,0.0,1.0,PHI,2.0,0.0,11.0,08:34,Off Short Mid-Range Make,0.0,Krejci 26' 3PT Jump Shot (3 PTS) (Barlow 2 AST),,ATL,PHI,ATL,1610612737.0,2025.0,926.0,939.0,932.5,1627777|1629027|1629611|1630249|1631230,1629052|1630215|1641741|1642024|1642348,2024-25,203.0,0.27692307692307694,0.0,0.0,0.0,0.0,,
129730.0,08:21,"MISS Young 33' 3PT Pullup Jump Shot
Barlow REBOUND (Off:2 Def:3)
Krejci 26' 3PT Jump Shot (3 PTS) (Barlow 2 AST)
",0.0,0.0,2.0,1.0,2025-03-23,0022401031,0.0,1.0,PHI,2.0,0.0,11.0,08:34,Off Short Mid-Range Make,0.0,Barlow REBOUND (Off:2 Def:3),,ATL,PHI,ATL,1610612737.0,2025.0,926.0,939.0,932.5,1627777|1629027|1629611|1630249|1631230,1629052|1630215|1641741|1642024|1642348,2024-25,202.0,0.2807017543859649,0.0,0.0,0.0,0.0,,
129729.0,08:21,"MISS Young 33' 3PT Pullup Jump Shot
Barlow REBOUND (Off:2 Def:3)
Krejci 26' 3PT Jump Shot (3 PTS) (Barlow 2 AST)
",0.0,0.0,2.0,1.0,2025-03-23,0022401031,0.0,1.0,PHI,2.0,0.0,11.0,08:34,Off Short Mid-Range Make,0.0,MISS Young 33' 3PT Pullup Jump Shot,,ATL,PHI,ATL,1610612737.0,2025.0,926.0,939.0,932.5,1627777|1629027|1629611|1630249|1631230,1629052|1630215|1641741|1642024|1642348,2024-25,201.0,0.1839080459770115,0.0,0.0,0.0,0.0,,
129734.0,08:53,"MISS Krejci 3PT Running Jump Shot
Barlow REBOUND (Off:1 Def:3)
Barlow 2' Putback Layup (4 PTS)
Reese S.FOUL (P2.T2) (M.Myers)
Barlow Free Throw 1 of 1 (5 PTS)
",1.0,1.0,1.0,0.0,2025-03-23,0022401031,0.0,1.0,PHI,2.0,1.0,10.0,09:00,Off At Rim Miss,0.0,Barlow 2' Putback Layup (4 PTS),,ATL,PHI,ATL,1610612737.0,2025.0,900.0,907.0,903.5,1627777|1629027|1629611|1630249|1631230,1629052|1630215|1641741|1642024|1642348,2024-25,196.0,0.9032258064516129,0.0,0.0,0.0,0.0,,
129726.0,06:47,"Okongwu OFF.Foul (P2) (J.Van Duyne)
Okongwu Offensive Foul Turnover (P1.T8)
",0.0,0.0,0.0,0.0,2025-03-23,0022401031,0.0,0.0,PHI,2.0,0.0,13.0,07:11,Off Timeout,1.0,Okongwu OFF.Foul (P2) (J.Van Duyne),,ATL,PHI,ATL,1610612737.0,2025.0,1009.0,1033.0,1021.0,1627747|1630168|1630249|1630700|1642258,1627824|1629052|1629643|1630215|1642348,2024-25,235.0,0.49411764705882355,0.0,0.0,0.0,0.0,,
129728.0,07:40,"Niang 3PT Jump Shot (12 PTS) (Krejci 1 AST)
",0.0,0.0,1.0,1.0,2025-03-23,0022401031,0.0,0.0,PHI,2.0,0.0,13.0,08:03,Off FT Make,0.0,Niang 3PT Jump Shot (12 PTS) (Krejci 1 AST),,ATL,PHI,ATL,1610612737.0,2025.0,957.0,980.0,968.5,1627777|1629611|1630249|1630700|1631230,1627824|1629052|1629643|1630215|1642348,2024-25,204.0,0.13114754098360656,0.0,0.0,0.0,0.0,,
129724.0,06:15,"MISS LeVert 2' Driving Layup
Yabusele REBOUND (Off:1 Def:2)
",1.0,0.0,0.0,0.0,2025-03-23,0022401031,0.0,0.0,PHI,2.0,0.0,11.0,06:31,Off At Rim Make,0.0,MISS LeVert 2' Driving Layup,,ATL,PHI,ATL,1610612737.0,2025.0,1049.0,1065.0,1057.0,1627747|1630168|1630249|1630700|1642258,1627824|1629052|1629643|1630215|1642348,2024-25,250.0,0.45901639344262296,0.0,0.0,0.0,0.0,,
129723.0,05:33,"Okeke P.FOUL (P1.T3) (J.Goble)
Krejci 1' Driving Dunk (5 PTS) (LeVert 4 AST)
",1.0,1.0,0.0,0.0,2025-03-23,0022401031,0.0,0.0,PHI,2.0,0.0,11.0,05:45,Off Short Mid-Range Miss,0.0,Krejci 1' Driving Dunk (5 PTS) (LeVert 4 AST),,ATL,PHI,ATL,1610612737.0,2025.0,1095.0,1107.0,1101.0,1627747|1630168|1630249|1630700|1642258,1627824|1629052|1629643|1630215|1642348,2024-25,243.0,0.125,0.0,0.0,0.0,0.0,,
129721.0,05:08,"LeVert 26' 3PT Running Jump Shot (3 PTS) (Daniels 1 AST)
",0.0,0.0,1.0,1.0,2025-03-23,0022401031,0.0,0.0,PHI,2.0,0.0,13.0,05:11,Off At Rim Miss,0.0,LeVert 26' 3PT Running Jump Shot (3 PTS) (Daniels 1 AST),,ATL,PHI,ATL,1610612737.0,2025.0,1129.0,1132.0,1130.5,1627747|1630168|1630249|1630700|1642258,1627824|1629052|1629643|1630215|1642348,2024-25,247.0,0.8518518518518519,0.0,0.0,0.0,0.0,,
129720.0,04:09,"MISS Daniels 27' 3PT Pullup Jump Shot
LeVert REBOUND (Off:1 Def:0)
LeVert 8' Fadeaway Jumper (5 PTS) (Krejci 2 AST)
",1.0,1.0,1.0,0.0,2025-03-23,0022401031,0.0,1.0,PHI,2.0,0.0,13.0,04:49,Off FT Make,0.0,LeVert 8' Fadeaway Jumper (5 PTS) (Krejci 2 AST),,ATL,PHI,ATL,1610612737.0,2025.0,1151.0,1191.0,1171.0,1627747|1630168|1630249|1630700|1642258,1627824|1629643|1629656|1630215|1642348,2024-25,259.0,0.3373493975903614,0.0,0.0,0.0,0.0,,
129718.0,04:09,"MISS Daniels 27' 3PT Pullup Jump Shot
LeVert REBOUND (Off:1 Def:0)
LeVert 8' Fadeaway Jumper (5 PTS) (Krejci 2 AST)
",1.0,1.0,1.0,0.0,2025-03-23,0022401031,0.0,1.0,PHI,2.0,0.0,13.0,04:49,Off FT Make,0.0,MISS Daniels 27' 3PT Pullup Jump Shot,,ATL,PHI,ATL,1610612737.0,2025.0,1151.0,1191.0,1171.0,1627747|1630168|1630249|1630700|1642258,1627824|1629643|1629656|1630215|1642348,2024-25,257.0,0.13559322033898305,0.0,0.0,0.0,0.0,,
129725.0,06:15,"MISS LeVert 2' Driving Layup
Yabusele REBOUND (Off:1 Def:2)
",1.0,0.0,0.0,0.0,2025-03-23,0022401031,0.0,0.0,PHI,2.0,0.0,11.0,06:31,Off At Rim Make,0.0,Yabusele REBOUND (Off:1 Def:2),,ATL,PHI,ATL,1610612737.0,2025.0,1049.0,1065.0,1057.0,1627747|1630168|1630249|1630700|1642258,1627824|1629052|1629643|1630215|1642348,2024-25,249.0,0.6774193548387096,0.0,0.0,0.0,0.0,,
129975.0,04:52,"MISS Mathews 27' 3PT Jump Shot
Okongwu REBOUND (Off:4 Def:8)
MISS Okongwu 3' Cutting Layup Shot
Smith Jr. REBOUND (Off:0 Def:3)
",1.0,0.0,1.0,0.0,2025-03-25,0022401049,0.0,1.0,HOU,3.0,0.0,-19.0,05:18,Off FT Make,0.0,Smith Jr. REBOUND (Off:0 Def:3),,,,ATL,1610612737.0,2025.0,1842.0,1868.0,1855.0,1627747|1629027|1629726|1630168|1630700,203500|1627832|1628415|1630224|1631095,2024-25,468.0,0.21212121212121213,0.0,0.0,0.0,0.0,,
129972.0,04:52,"MISS Mathews 27' 3PT Jump Shot
Okongwu REBOUND (Off:4 Def:8)
MISS Okongwu 3' Cutting Layup Shot
Smith Jr. REBOUND (Off:0 Def:3)
",1.0,0.0,1.0,0.0,2025-03-25,0022401049,0.0,1.0,HOU,3.0,0.0,-19.0,05:18,Off FT Make,0.0,MISS Mathews 27' 3PT Jump Shot,,,,ATL,1610612737.0,2025.0,1842.0,1868.0,1855.0,1627747|1629027|1629726|1630168|1630700,203500|1627832|1628415|1630224|1631095,2024-25,467.0,0.7169811320754716,0.0,0.0,0.0,0.0,,
129971.0,04:39,"Daniels 10' Driving Floating Jump Shot (11 PTS) (Young 9 AST)
",1.0,1.0,0.0,0.0,2025-03-25,0022401049,0.0,0.0,HOU,3.0,0.0,-21.0,04:52,Off FT Make,0.0,Daniels 10' Driving Floating Jump Shot (11 PTS) (Young 9 AST),,,,ATL,1610612737.0,2025.0,1868.0,1881.0,1874.5,1627747|1629027|1629726|1630700|1631230,203500|1627832|1628415|1630224|1631095,2024-25,477.0,0.953125,0.0,0.0,0.0,0.0,,
129967.0,03:51,"MISS Young 26' 3PT Pullup Jump Shot
Barlow REBOUND (Off:1 Def:0)
MISS Mathews 25' 3PT Jump Shot
Adams REBOUND (Off:3 Def:1)
",0.0,0.0,2.0,0.0,2025-03-25,0022401049,0.0,1.0,HOU,3.0,0.0,-21.0,04:10,Off FT Make,0.0,MISS Young 26' 3PT Pullup Jump Shot,,,,ATL,1610612737.0,2025.0,1910.0,1929.0,1919.5,1627747|1629027|1629611|1629726|1631230,203500|1627832|1628415|1630224|1631095,2024-25,485.0,0.7301587301587301,0.0,0.0,0.0,0.0,,
129968.0,03:51,"MISS Young 26' 3PT Pullup Jump Shot
Barlow REBOUND (Off:1 Def:0)
MISS Mathews 25' 3PT Jump Shot
Adams REBOUND (Off:3 Def:1)
",0.0,0.0,2.0,0.0,2025-03-25,0022401049,0.0,1.0,HOU,3.0,0.0,-21.0,04:10,Off FT Make,0.0,Barlow REBOUND (Off:1 Def:0),,,,ATL,1610612737.0,2025.0,1910.0,1929.0,1919.5,1627747|1629027|1629611|1629726|1631230,203500|1627832|1628415|1630224|1631095,2024-25,486.0,0.9491525423728814,0.0,0.0,0.0,0.0,,
129965.0,03:36,"MISS Barlow 3PT Jump Shot
Ja. Green REBOUND (Off:0 Def:11)
",0.0,0.0,1.0,0.0,2025-03-25,0022401049,0.0,0.0,HOU,3.0,0.0,-23.0,03:49,Off FT Make,0.0,MISS Barlow 3PT Jump Shot,,,,ATL,1610612737.0,2025.0,1931.0,1944.0,1937.5,1627747|1629027|1629611|1629726|1631230,203500|1627832|1628415|1630224|1631095,2024-25,493.0,0.6976744186046512,0.0,0.0,0.0,0.0,,
129958.0,01:48,"Young 4' Layup (15 PTS)
",1.0,1.0,0.0,0.0,2025-03-25,0022401049,0.0,0.0,HOU,3.0,0.0,-24.0,02:03,Off Dead Ball,0.0,Young 4' Layup (15 PTS),,,,ATL,1610612737.0,2025.0,2037.0,2052.0,2044.5,1627747|1629027|1629611|1630249|1631230,203500|1627832|1630224|1630578|1631095,2024-25,514.0,0.8695652173913043,0.0,0.0,0.0,0.0,,
129963.0,02:54,"LeVert 24' 3PT Jump Shot (5 PTS) (Mathews 1 AST)
",0.0,0.0,1.0,1.0,2025-03-25,0022401049,0.0,0.0,HOU,3.0,0.0,-25.0,03:10,Off Short Mid-Range Make,0.0,LeVert 24' 3PT Jump Shot (5 PTS) (Mathews 1 AST),,,,ATL,1610612737.0,2025.0,1970.0,1986.0,1978.0,1627747|1629027|1629611|1629726|1631230,203500|1627832|1628415|1630224|1631095,2024-25,455.0,0.30952380952380953,0.0,0.0,0.0,0.0,,
129959.0,02:25,"MISS LeVert 9' Turnaround Fadeaway Shot
Barlow REBOUND (Off:2 Def:0)
MISS Barlow 1' Putback Layup
VanVleet REBOUND (Off:1 Def:3)
",2.0,0.0,0.0,0.0,2025-03-25,0022401049,0.0,1.0,HOU,3.0,0.0,-24.0,02:39,Off Long Mid-Range Make,0.0,MISS LeVert 9' Turnaround Fadeaway Shot,,,,ATL,1610612737.0,2025.0,2001.0,2015.0,2008.0,1627747|1629027|1629611|1629726|1631230,203500|1627832|1628415|1630224|1631095,2024-25,505.0,0.24324324324324326,0.0,0.0,0.0,0.0,,
129961.0,02:25,"MISS LeVert 9' Turnaround Fadeaway Shot
Barlow REBOUND (Off:2 Def:0)
MISS Barlow 1' Putback Layup
VanVleet REBOUND (Off:1 Def:3)
",2.0,0.0,0.0,0.0,2025-03-25,0022401049,0.0,1.0,HOU,3.0,0.0,-24.0,02:39,Off Long Mid-Range Make,0.0,MISS Barlow 1' Putback Layup,,,,ATL,1610612737.0,2025.0,2001.0,2015.0,2008.0,1627747|1629027|1629611|1629726|1631230,203500|1627832|1628415|1630224|1631095,2024-25,507.0,0.8928571428571429,0.0,0.0,0.0,0.0,,
129953.0,00:10,"MISS Young 1' Driving Finger Roll Layup
Barlow REBOUND (Off:3 Def:0)
Barlow Tip Dunk Shot (2 PTS)
",1.0,0.0,0.0,0.0,2025-03-25,0022401049,0.0,1.0,HOU,3.0,0.0,-22.0,00:29,Off FT Make,0.0,Barlow REBOUND (Off:3 Def:0),,,,ATL,1610612737.0,2025.0,2131.0,2150.0,2140.5,1627747|1629027|1629611|1630249|1631230,1627832|1628415|1630224|1631095|1631106,2024-25,534.0,0.5490196078431373,0.0,0.0,0.0,0.0,,
129955.0,00:45,"Young 12' Driving Floating Jump Shot (17 PTS)
",1.0,1.0,0.0,0.0,2025-03-25,0022401049,0.0,0.0,HOU,3.0,0.0,-22.0,00:54,Off Dead Ball,0.0,Young 12' Driving Floating Jump Shot (17 PTS),,,,ATL,1610612737.0,2025.0,2106.0,2115.0,2110.5,1627747|1629027|1629611|1630249|1631230,203500|1627832|1630224|1630578|1631095,2024-25,495.0,0.2857142857142857,0.0,0.0,0.0,0.0,,
129976.0,05:29,"Okongwu 3PT Jump Shot (11 PTS) (Daniels 6 AST)
",0.0,0.0,1.0,1.0,2025-03-25,0022401049,0.0,0.0,HOU,3.0,0.0,-21.0,05:42,Off FT Make,0.0,Okongwu 3PT Jump Shot (11 PTS) (Daniels 6 AST),,,,ATL,1610612737.0,2025.0,1818.0,1831.0,1824.5,1627747|1629027|1629726|1630168|1630700,203500|1627832|1628415|1630224|1631106,2024-25,458.0,0.37681159420289856,0.0,0.0,0.0,0.0,,
129964.0,03:22,"LeVert 12' Pullup Jump Shot (2 PTS) (Young 10 AST)
",1.0,1.0,0.0,0.0,2025-03-25,0022401049,0.0,0.0,HOU,3.0,0.0,-25.0,03:31,Off FT Make,0.0,LeVert 12' Pullup Jump Shot (2 PTS) (Young 10 AST),,,,ATL,1610612737.0,2025.0,1949.0,1958.0,1953.5,1627747|1629027|1629611|1629726|1631230,203500|1627832|1628415|1630224|1631095,2024-25,499.0,0.9433962264150944,0.0,0.0,0.0,0.0,,
129977.0,05:46,"MISS Okongwu 9' Driving Floating Jump Shot
Sengun REBOUND (Off:2 Def:4)
",1.0,0.0,0.0,0.0,2025-03-25,0022401049,0.0,0.0,HOU,3.0,0.0,-19.0,06:03,Off Long Mid-Range Make,0.0,MISS Okongwu 9' Driving Floating Jump Shot,,,,ATL,1610612737.0,2025.0,1797.0,1814.0,1805.5,1629027|1629726|1630168|1630700|1642258,1627832|1628415|1630224|1630578|1631106,2024-25,448.0,0.9024390243902439,0.0,0.0,0.0,0.0,,
129994.0,09:37,"MISS Daniels 8' Driving Finger Roll Layup
Daniels REBOUND (Off:2 Def:2)
MISS Daniels Tip Layup Shot
Hawks Rebound
Daniels 1' Cutting Layup Shot (4 PTS) (Young 7 AST)
",2.0,1.0,0.0,0.0,2025-03-25,0022401049,0.0,2.0,HOU,3.0,0.0,-19.0,10:06,Off Dead Ball,0.0,Daniels REBOUND (Off:2 Def:2),,,,ATL,1610612737.0,2025.0,1554.0,1583.0,1568.5,1627777|1629027|1630168|1630700|1642258,1627832|1628415|1630224|1630578|1631106,2024-25,390.0,0.2727272727272727,0.0,0.0,0.0,0.0,,
129979.0,06:13,"MISS Risacher 26' 3PT Jump Shot
Ja. Green REBOUND (Off:0 Def:10)
",0.0,0.0,1.0,0.0,2025-03-25,0022401049,0.0,0.0,HOU,3.0,0.0,-17.0,06:21,Off Short Mid-Range Miss,0.0,MISS Risacher 26' 3PT Jump Shot,,,,ATL,1610612737.0,2025.0,1779.0,1787.0,1783.0,1629027|1629726|1630168|1630700|1642258,1627832|1628415|1630224|1630578|1631106,2024-25,387.0,0.18181818181818182,0.0,0.0,0.0,0.0,,
130052.0,11:34,"Holiday S.FOUL (P1.T1) (J.Tiven)
Krejci Free Throw 1 of 3 (4 PTS)
Krejci Free Throw 2 of 3 (5 PTS)
MISS Krejci Free Throw 3 of 3
Eason REBOUND (Off:5 Def:8)
",0.0,0.0,0.0,0.0,2025-03-25,0022401049,0.0,0.0,HOU,4.0,1.0,-20.0,11:41,Off Arc 3 Miss,0.0,Krejci Free Throw 1 of 3 (4 PTS),,,,ATL,1610612737.0,2025.0,2179.0,2186.0,2182.5,1629611|1630168|1630249|1630700|1642258,1628415|1628988|1630578|1631095|1631106,2024-25,554.0,0.23529411764705882,0.0,0.0,0.0,0.0,,
129993.0,09:37,"MISS Daniels 8' Driving Finger Roll Layup
Daniels REBOUND (Off:2 Def:2)
MISS Daniels Tip Layup Shot
Hawks Rebound
Daniels 1' Cutting Layup Shot (4 PTS) (Young 7 AST)
",2.0,1.0,0.0,0.0,2025-03-25,0022401049,0.0,2.0,HOU,3.0,0.0,-19.0,10:06,Off Dead Ball,0.0,MISS Daniels 8' Driving Finger Roll Layup,,,,ATL,1610612737.0,2025.0,1554.0,1583.0,1568.5,1627777|1629027|1630168|1630700|1642258,1627832|1628415|1630224|1630578|1631106,2024-25,389.0,0.45,0.0,0.0,0.0,0.0,,
129996.0,09:37,"MISS Daniels 8' Driving Finger Roll Layup
Daniels REBOUND (Off:2 Def:2)
MISS Daniels Tip Layup Shot
Hawks Rebound
Daniels 1' Cutting Layup Shot (4 PTS) (Young 7 AST)
",2.0,1.0,0.0,0.0,2025-03-25,0022401049,0.0,2.0,HOU,3.0,0.0,-19.0,10:06,Off Dead Ball,0.0,Hawks Rebound,,,,ATL,1610612737.0,2025.0,1554.0,1583.0,1568.5,1627777|1629027|1630168|1630700|1642258,1627832|1628415|1630224|1630578|1631106,2024-25,395.0,0.5714285714285714,0.0,0.0,0.0,0.0,,
129991.0,09:01,"MISS Young 6' Driving Floating Jump Shot
ROCKETS Rebound
",1.0,0.0,0.0,0.0,2025-03-25,0022401049,0.0,0.0,HOU,3.0,0.0,-17.0,09:08,Off Short Mid-Range Miss,0.0,MISS Young 6' Driving Floating Jump Shot,,,,ATL,1610612737.0,2025.0,1612.0,1619.0,1615.5,1627777|1629027|1630168|1630700|1642258,1627832|1628415|1630224|1630578|1631106,2024-25,406.0,0.3466666666666667,0.0,0.0,0.0,0.0,,
129992.0,09:01,"MISS Young 6' Driving Floating Jump Shot
ROCKETS Rebound
",1.0,0.0,0.0,0.0,2025-03-25,0022401049,0.0,0.0,HOU,3.0,0.0,-17.0,09:08,Off Short Mid-Range Miss,0.0,ROCKETS Rebound,,,,ATL,1610612737.0,2025.0,1612.0,1619.0,1615.5,1627777|1629027|1630168|1630700|1642258,1627832|1628415|1630224|1630578|1631106,2024-25,413.0,0.24390243902439024,0.0,0.0,0.0,0.0,,
129988.0,08:18,"MISS Daniels 26' 3PT Jump Shot
Hawks Rebound
Brooks L.B.FOUL (P2.T1) (J.Tiven)
Ja. Green STEAL (2 STL): Risacher Bad Pass Turnover (P1.T12)
",0.0,0.0,1.0,0.0,2025-03-25,0022401049,0.0,1.0,HOU,3.0,0.0,-20.0,08:45,Off Timeout,1.0,Hawks Rebound,,,,ATL,1610612737.0,2025.0,1635.0,1662.0,1648.5,1627777|1629027|1630168|1630700|1642258,1627832|1628415|1630224|1630578|1631106,2024-25,375.0,0.3333333333333333,0.0,0.0,0.0,0.0,,
129978.0,05:46,"MISS Okongwu 9' Driving Floating Jump Shot
Sengun REBOUND (Off:2 Def:4)
",1.0,0.0,0.0,0.0,2025-03-25,0022401049,0.0,0.0,HOU,3.0,0.0,-19.0,06:03,Off Long Mid-Range Make,0.0,Sengun REBOUND (Off:2 Def:4),,,,ATL,1610612737.0,2025.0,1797.0,1814.0,1805.5,1629027|1629726|1630168|1630700|1642258,1627832|1628415|1630224|1630578|1631106,2024-25,397.0,0.24561403508771928,0.0,0.0,0.0,0.0,,
129987.0,08:18,"MISS Daniels 26' 3PT Jump Shot
Hawks Rebound
Brooks L.B.FOUL (P2.T1) (J.Tiven)
Ja. Green STEAL (2 STL): Risacher Bad Pass Turnover (P1.T12)
",0.0,0.0,1.0,0.0,2025-03-25,0022401049,0.0,1.0,HOU,3.0,0.0,-20.0,08:45,Off Timeout,1.0,MISS Daniels 26' 3PT Jump Shot,,,,ATL,1610612737.0,2025.0,1635.0,1662.0,1648.5,1627777|1629027|1630168|1630700|1642258,1627832|1628415|1630224|1630578|1631106,2024-25,415.0,0.2641509433962264,0.0,0.0,0.0,0.0,,
129986.0,08:06,"Daniels 2' Reverse Layup (6 PTS) (Young 8 AST)
",1.0,1.0,0.0,0.0,2025-03-25,0022401049,0.0,0.0,HOU,3.0,0.0,-22.0,08:15,Off At Rim Make,0.0,Daniels 2' Reverse Layup (6 PTS) (Young 8 AST),,,,ATL,1610612737.0,2025.0,1665.0,1674.0,1669.5,1629027|1629726|1630168|1630700|1642258,1627832|1628415|1630224|1630578|1631106,2024-25,427.0,0.9052631578947369,0.0,0.0,0.0,0.0,,
129984.0,07:26,"MISS Risacher 26' 3PT Jump Shot
Sengun REBOUND (Off:2 Def:3)
",0.0,0.0,1.0,0.0,2025-03-25,0022401049,0.0,0.0,HOU,3.0,0.0,-20.0,07:36,Off Short Mid-Range Miss,0.0,MISS Risacher 26' 3PT Jump Shot,,,,ATL,1610612737.0,2025.0,1704.0,1714.0,1709.0,1629027|1629726|1630168|1630700|1642258,1627832|1628415|1630224|1630578|1631106,2024-25,365.0,0.1702127659574468,0.0,0.0,0.0,0.0,,
129985.0,07:26,"MISS Risacher 26' 3PT Jump Shot
Sengun REBOUND (Off:2 Def:3)
",0.0,0.0,1.0,0.0,2025-03-25,0022401049,0.0,0.0,HOU,3.0,0.0,-20.0,07:36,Off Short Mid-Range Miss,0.0,Sengun REBOUND (Off:2 Def:3),,,,ATL,1610612737.0,2025.0,1704.0,1714.0,1709.0,1629027|1629726|1630168|1630700|1642258,1627832|1628415|1630224|1630578|1631106,2024-25,364.0,0.22535211267605634,0.0,0.0,0.0,0.0,,
129981.0,06:47,"MISS Mathews 26' 3PT Jump Shot
Okongwu REBOUND (Off:3 Def:8)
Daniels 30' 3PT Jump Shot (9 PTS) (Okongwu 1 AST)
",0.0,0.0,2.0,1.0,2025-03-25,0022401049,0.0,1.0,HOU,3.0,0.0,-20.0,07:08,Off Arc 3 Miss,0.0,MISS Mathews 26' 3PT Jump Shot,,,,ATL,1610612737.0,2025.0,1732.0,1753.0,1742.5,1629027|1629726|1630168|1630700|1642258,1627832|1628415|1630224|1630578|1631106,2024-25,439.0,0.7547169811320755,0.0,0.0,0.0,0.0,,
129982.0,06:47,"MISS Mathews 26' 3PT Jump Shot
Okongwu REBOUND (Off:3 Def:8)
Daniels 30' 3PT Jump Shot (9 PTS) (Okongwu 1 AST)
",0.0,0.0,2.0,1.0,2025-03-25,0022401049,0.0,1.0,HOU,3.0,0.0,-20.0,07:08,Off Arc 3 Miss,0.0,Okongwu REBOUND (Off:3 Def:8),,,,ATL,1610612737.0,2025.0,1732.0,1753.0,1742.5,1629027|1629726|1630168|1630700|1642258,1627832|1628415|1630224|1630578|1631106,2024-25,440.0,0.125,0.0,0.0,0.0,0.0,,
129980.0,06:13,"MISS Risacher 26' 3PT Jump Shot
Ja. Green REBOUND (Off:0 Def:10)
",0.0,0.0,1.0,0.0,2025-03-25,0022401049,0.0,0.0,HOU,3.0,0.0,-17.0,06:21,Off Short Mid-Range Miss,0.0,Ja. Green REBOUND (Off:0 Def:10),,,,ATL,1610612737.0,2025.0,1779.0,1787.0,1783.0,1629027|1629726|1630168|1630700|1642258,1627832|1628415|1630224|1630578|1631106,2024-25,444.0,0.7692307692307693,0.0,0.0,0.0,0.0,,
129989.0,08:18,"MISS Daniels 26' 3PT Jump Shot
Hawks Rebound
Brooks L.B.FOUL (P2.T1) (J.Tiven)
Ja. Green STEAL (2 STL): Risacher Bad Pass Turnover (P1.T12)
",0.0,0.0,1.0,0.0,2025-03-25,0022401049,0.0,1.0,HOU,3.0,0.0,-20.0,08:45,Off Timeout,1.0,Brooks L.B.FOUL (P2.T1) (J.Tiven),,,,ATL,1610612737.0,2025.0,1635.0,1662.0,1648.5,1627777|1629027|1630168|1630700|1642258,1627832|1628415|1630224|1630578|1631106,2024-25,380.0,0.2962962962962963,0.0,0.0,0.0,0.0,,
130055.0,11:34,"Holiday S.FOUL (P1.T1) (J.Tiven)
Krejci Free Throw 1 of 3 (4 PTS)
Krejci Free Throw 2 of 3 (5 PTS)
MISS Krejci Free Throw 3 of 3
Eason REBOUND (Off:5 Def:8)
",0.0,0.0,0.0,0.0,2025-03-25,0022401049,0.0,0.0,HOU,4.0,1.0,-20.0,11:41,Off Arc 3 Miss,0.0,Eason REBOUND (Off:5 Def:8),,,,ATL,1610612737.0,2025.0,2179.0,2186.0,2182.5,1629611|1630168|1630249|1630700|1642258,1628415|1628988|1630578|1631095|1631106,2024-25,521.0,0.7586206896551724,0.0,0.0,0.0,0.0,,
130009.0,00:22,"Niang 25' 3PT Jump Shot (12 PTS) (Daniels 10 AST)
",0.0,0.0,1.0,1.0,2025-03-25,0022401049,0.0,0.0,HOU,4.0,0.0,-6.0,00:37,Off Steal,0.0,Niang 25' 3PT Jump Shot (12 PTS) (Daniels 10 AST),,,,ATL,1610612737.0,2025.0,2843.0,2858.0,2850.5,1627777|1629027|1629611|1630168|1630700,203500|1627832|1630224|1630578|1631095,2024-25,693.0,0.08955223880597014,0.0,0.0,0.0,0.0,,
130050.0,11:13,"Mann 25' 3PT Pullup Jump Shot (7 PTS) (Daniels 7 AST)
",0.0,0.0,1.0,1.0,2025-03-25,0022401049,0.0,0.0,HOU,4.0,0.0,-19.0,11:19,Off At Rim Make,0.0,Mann 25' 3PT Pullup Jump Shot (7 PTS) (Daniels 7 AST),,,,ATL,1610612737.0,2025.0,2201.0,2207.0,2204.0,1629611|1630168|1630249|1630700|1642258,1628415|1628988|1630578|1631095|1631106,2024-25,561.0,0.8431372549019608,0.0,0.0,0.0,0.0,,
130028.0,06:06,"Risacher 1' Cutting Layup Shot (15 PTS) (Okongwu 2 AST)
Adams S.FOUL (P2.T4) (J.Tiven)
Risacher Free Throw 1 of 1 (16 PTS)
",1.0,1.0,0.0,0.0,2025-03-25,0022401049,0.0,0.0,HOU,4.0,1.0,-8.0,06:13,Off FT Miss,0.0,Risacher Free Throw 1 of 1 (16 PTS),,,,ATL,1610612737.0,2025.0,2507.0,2514.0,2510.5,1629027|1629611|1630168|1630700|1642258,203500|1627832|1630224|1630578|1631095,2024-25,645.0,0.958904109589041,0.0,0.0,0.0,0.0,,
130022.0,05:24,"MISS Young 26' 3PT Pullup Jump Shot
Hawks Rebound
MISS Risacher 24' 3PT Jump Shot
Smith Jr. REBOUND (Off:1 Def:4)
",0.0,0.0,2.0,0.0,2025-03-25,0022401049,0.0,1.0,HOU,4.0,0.0,-8.0,05:50,Off Arc 3 Make,0.0,MISS Young 26' 3PT Pullup Jump Shot,,,,ATL,1610612737.0,2025.0,2530.0,2556.0,2543.0,1629027|1629611|1630168|1630700|1642258,203500|1627832|1630224|1630578|1631095,2024-25,644.0,0.43333333333333335,0.0,0.0,0.0,0.0,,
130019.0,04:04,"MISS Mann 25' 3PT Step Back Jump Shot
Risacher REBOUND (Off:1 Def:3)
Risacher Tip Dunk Shot (18 PTS)
",0.0,0.0,1.0,0.0,2025-03-25,0022401049,0.0,1.0,HOU,4.0,0.0,-13.0,04:25,Off Long Mid-Range Make,0.0,Risacher Tip Dunk Shot (18 PTS),,,,ATL,1610612737.0,2025.0,2615.0,2636.0,2625.5,1629027|1629611|1630168|1630700|1642258,203500|1627832|1630224|1630578|1631095,2024-25,662.0,0.8666666666666667,0.0,0.0,0.0,0.0,,
130017.0,04:04,"MISS Mann 25' 3PT Step Back Jump Shot
Risacher REBOUND (Off:1 Def:3)
Risacher Tip Dunk Shot (18 PTS)
",0.0,0.0,1.0,0.0,2025-03-25,0022401049,0.0,1.0,HOU,4.0,0.0,-13.0,04:25,Off Long Mid-Range Make,0.0,MISS Mann 25' 3PT Step Back Jump Shot,,,,ATL,1610612737.0,2025.0,2615.0,2636.0,2625.5,1629027|1629611|1630168|1630700|1642258,203500|1627832|1630224|1630578|1631095,2024-25,660.0,0.17647058823529413,0.0,0.0,0.0,0.0,,
130016.0,03:06,"Mann 1' Driving Reverse Layup (14 PTS)
",1.0,1.0,0.0,0.0,2025-03-25,0022401049,0.0,0.0,HOU,4.0,0.0,-13.0,03:34,Off Short Mid-Range Make,0.0,Mann 1' Driving Reverse Layup (14 PTS),,,,ATL,1610612737.0,2025.0,2666.0,2694.0,2680.0,1629027|1629611|1630168|1630700|1642258,203500|1627832|1630224|1630578|1631095,2024-25,667.0,0.34285714285714286,0.0,0.0,0.0,0.0,,
130015.0,02:43,"Mann 1' Running Finger Roll Layup (16 PTS)
",1.0,1.0,0.0,0.0,2025-03-25,0022401049,0.0,0.0,HOU,4.0,0.0,-11.0,02:47,Off Steal,0.0,Mann 1' Running Finger Roll Layup (16 PTS),,,,ATL,1610612737.0,2025.0,2713.0,2717.0,2715.0,1627777|1629027|1629611|1630168|1630700,203500|1627832|1630224|1630578|1631095,2024-25,549.0,0.4146341463414634,0.0,0.0,0.0,0.0,,
130027.0,06:06,"Risacher 1' Cutting Layup Shot (15 PTS) (Okongwu 2 AST)
Adams S.FOUL (P2.T4) (J.Tiven)
Risacher Free Throw 1 of 1 (16 PTS)
",1.0,1.0,0.0,0.0,2025-03-25,0022401049,0.0,0.0,HOU,4.0,1.0,-8.0,06:13,Off FT Miss,0.0,Adams S.FOUL (P2.T4) (J.Tiven),,,,ATL,1610612737.0,2025.0,2507.0,2514.0,2510.5,1629027|1629611|1630168|1630700|1642258,203500|1627832|1630224|1630578|1631095,2024-25,635.0,0.2641509433962264,0.0,0.0,0.0,0.0,,
130013.0,02:16,"MISS Young 14' Driving Floating Jump Shot
Sengun REBOUND (Off:2 Def:7)
",1.0,0.0,0.0,0.0,2025-03-25,0022401049,0.0,0.0,HOU,4.0,0.0,-11.0,02:27,Off Short Mid-Range Make,0.0,MISS Young 14' Driving Floating Jump Shot,,,,ATL,1610612737.0,2025.0,2733.0,2744.0,2738.5,1627777|1629027|1629611|1630168|1630700,203500|1627832|1630224|1630578|1631095,2024-25,673.0,0.30985915492957744,0.0,0.0,0.0,0.0,,
130011.0,01:15,"Daniels 26' 3PT Jump Shot (16 PTS) (Young 11 AST)
",0.0,0.0,1.0,1.0,2025-03-25,0022401049,0.0,0.0,HOU,4.0,0.0,-9.0,01:28,Off Timeout,0.0,Daniels 26' 3PT Jump Shot (16 PTS) (Young 11 AST),,,,ATL,1610612737.0,2025.0,2792.0,2805.0,2798.5,1627777|1629027|1629611|1630168|1630700,203500|1627832|1630224|1630578|1631095,2024-25,685.0,0.09230769230769231,0.0,0.0,0.0,0.0,,
129995.0,09:37,"MISS Daniels 8' Driving Finger Roll Layup
Daniels REBOUND (Off:2 Def:2)
MISS Daniels Tip Layup Shot
Hawks Rebound
Daniels 1' Cutting Layup Shot (4 PTS) (Young 7 AST)
",2.0,1.0,0.0,0.0,2025-03-25,0022401049,0.0,2.0,HOU,3.0,0.0,-19.0,10:06,Off Dead Ball,0.0,MISS Daniels Tip Layup Shot,,,,ATL,1610612737.0,2025.0,1554.0,1583.0,1568.5,1627777|1629027|1630168|1630700|1642258,1627832|1628415|1630224|1630578|1631106,2024-25,391.0,0.21875,0.0,0.0,0.0,0.0,,
130008.0,00:10,"MISS Niang 3PT Jump Shot
ROCKETS Rebound
",0.0,0.0,1.0,0.0,2025-03-25,0022401049,0.0,0.0,HOU,4.0,0.0,-5.0,00:14,Off Timeout,0.0,ROCKETS Rebound,,,,ATL,1610612737.0,2025.0,2866.0,2870.0,2868.0,1627777|1629027|1629611|1630168|1630700,1627832|1628415|1630224|1631095|1631106,2024-25,740.0,0.375,0.0,0.0,0.0,0.0,,
130007.0,00:10,"MISS Niang 3PT Jump Shot
ROCKETS Rebound
",0.0,0.0,1.0,0.0,2025-03-25,0022401049,0.0,0.0,HOU,4.0,0.0,-5.0,00:14,Off Timeout,0.0,MISS Niang 3PT Jump Shot,,,,ATL,1610612737.0,2025.0,2866.0,2870.0,2868.0,1627777|1629027|1629611|1630168|1630700,1627832|1628415|1630224|1631095|1631106,2024-25,706.0,0.6829268292682927,0.0,0.0,0.0,0.0,,
130006.0,00:01,"MISS Mann 23' Pullup Jump Shot
Eason REBOUND (Off:5 Def:9)
",1.0,0.0,0.0,0.0,2025-03-25,0022401049,0.0,0.0,HOU,4.0,0.0,-7.0,00:08,Off FT Make,0.0,Eason REBOUND (Off:5 Def:9),,,,ATL,1610612737.0,2025.0,2872.0,2879.0,2875.5,1627777|1629027|1629611|1630168|1630700,1627832|1628415|1630224|1631095|1631106,2024-25,697.0,0.7457627118644068,0.0,0.0,0.0,0.0,,
130005.0,00:01,"MISS Mann 23' Pullup Jump Shot
Eason REBOUND (Off:5 Def:9)
",1.0,0.0,0.0,0.0,2025-03-25,0022401049,0.0,0.0,HOU,4.0,0.0,-7.0,00:08,Off FT Make,0.0,MISS Mann 23' Pullup Jump Shot,,,,ATL,1610612737.0,2025.0,2872.0,2879.0,2875.5,1627777|1629027|1629611|1630168|1630700,1627832|1628415|1630224|1631095|1631106,2024-25,713.0,0.4444444444444444,0.0,0.0,0.0,0.0,,
130012.0,01:51,"Young 12' Driving Floating Jump Shot (19 PTS) (Okongwu 3 AST)
",1.0,1.0,0.0,0.0,2025-03-25,0022401049,0.0,0.0,HOU,4.0,0.0,-11.0,02:02,Off Short Mid-Range Miss,0.0,Young 12' Driving Floating Jump Shot (19 PTS) (Okongwu 3 AST),,,,ATL,1610612737.0,2025.0,2758.0,2769.0,2763.5,1627777|1629027|1629611|1630168|1630700,203500|1627832|1630224|1630578|1631095,2024-25,677.0,0.3125,0.0,0.0,0.0,0.0,,
130054.0,11:34,"Holiday S.FOUL (P1.T1) (J.Tiven)
Krejci Free Throw 1 of 3 (4 PTS)
Krejci Free Throw 2 of 3 (5 PTS)
MISS Krejci Free Throw 3 of 3
Eason REBOUND (Off:5 Def:8)
",0.0,0.0,0.0,0.0,2025-03-25,0022401049,0.0,0.0,HOU,4.0,1.0,-20.0,11:41,Off Arc 3 Miss,0.0,MISS Krejci Free Throw 3 of 3,,,,ATL,1610612737.0,2025.0,2179.0,2186.0,2182.5,1629611|1630168|1630249|1630700|1642258,1628415|1628988|1630578|1631095|1631106,2024-25,556.0,0.5538461538461539,0.0,0.0,0.0,0.0,,
130026.0,06:06,"Risacher 1' Cutting Layup Shot (15 PTS) (Okongwu 2 AST)
Adams S.FOUL (P2.T4) (J.Tiven)
Risacher Free Throw 1 of 1 (16 PTS)
",1.0,1.0,0.0,0.0,2025-03-25,0022401049,0.0,0.0,HOU,4.0,1.0,-8.0,06:13,Off FT Miss,0.0,Risacher 1' Cutting Layup Shot (15 PTS) (Okongwu 2 AST),,,,ATL,1610612737.0,2025.0,2507.0,2514.0,2510.5,1629027|1629611|1630168|1630700|1642258,203500|1627832|1630224|1630578|1631095,2024-25,641.0,0.8703703703703703,0.0,0.0,0.0,0.0,,
130029.0,06:29,"MISS Risacher 2' Running Layup
Adams REBOUND (Off:3 Def:2)
",1.0,0.0,0.0,0.0,2025-03-25,0022401049,0.0,0.0,HOU,4.0,0.0,-6.0,06:36,Off Arc 3 Miss,0.0,MISS Risacher 2' Running Layup,,,,ATL,1610612737.0,2025.0,2484.0,2491.0,2487.5,1629027|1629611|1630168|1630700|1642258,203500|1627832|1630224|1630578|1631095,2024-25,633.0,0.9,0.0,0.0,0.0,0.0,,
130047.0,10:37,"MISS Mann 6' Running Layup
Daniels REBOUND (Off:3 Def:3)
Sengun STEAL (1 STL): Daniels Bad Pass Turnover (P2.T13)
",1.0,0.0,0.0,0.0,2025-03-25,0022401049,0.0,1.0,HOU,4.0,0.0,-16.0,10:46,Off Steal,1.0,MISS Mann 6' Running Layup,,,,ATL,1610612737.0,2025.0,2234.0,2243.0,2238.5,1629611|1630168|1630249|1630700|1642258,1628415|1628988|1630578|1631095|1631106,2024-25,565.0,0.6909090909090909,0.0,0.0,0.0,0.0,,
130048.0,10:37,"MISS Mann 6' Running Layup
Daniels REBOUND (Off:3 Def:3)
Sengun STEAL (1 STL): Daniels Bad Pass Turnover (P2.T13)
",1.0,0.0,0.0,0.0,2025-03-25,0022401049,0.0,1.0,HOU,4.0,0.0,-16.0,10:46,Off Steal,1.0,Daniels REBOUND (Off:3 Def:3),,,,ATL,1610612737.0,2025.0,2234.0,2243.0,2238.5,1629611|1630168|1630249|1630700|1642258,1628415|1628988|1630578|1631095|1631106,2024-25,566.0,0.4,0.0,0.0,0.0,0.0,,
130046.0,10:23,"Risacher 2' Running Layup (11 PTS) (Daniels 8 AST)
",1.0,1.0,0.0,0.0,2025-03-25,0022401049,0.0,0.0,HOU,4.0,0.0,-16.0,10:29,Off Arc 3 Miss,0.0,Risacher 2' Running Layup (11 PTS) (Daniels 8 AST),,,,ATL,1610612737.0,2025.0,2251.0,2257.0,2254.0,1629611|1630168|1630249|1630700|1642258,1628415|1628988|1630578|1631095|1631106,2024-25,571.0,0.4842105263157895,0.0,0.0,0.0,0.0,,
130045.0,09:46,"Okongwu 25' 3PT Jump Shot (14 PTS) (Risacher 1 AST)
",0.0,0.0,1.0,1.0,2025-03-25,0022401049,0.0,0.0,HOU,4.0,0.0,-14.0,09:58,Off Dead Ball,0.0,Okongwu 25' 3PT Jump Shot (14 PTS) (Risacher 1 AST),,,,ATL,1610612737.0,2025.0,2282.0,2294.0,2288.0,1629611|1630168|1630249|1630700|1642258,1628415|1628988|1630578|1631095|1631106,2024-25,478.0,0.23529411764705882,0.0,0.0,0.0,0.0,,
130041.0,09:03,"MISS Okongwu 25' 3PT Jump Shot
Daniels REBOUND (Off:4 Def:3)
VanVleet P.FOUL (P3.T2) (J.Tiven)
Risacher 6' Cutting Layup Shot (13 PTS) (Daniels 9 AST)
",1.0,1.0,1.0,0.0,2025-03-25,0022401049,0.0,1.0,HOU,4.0,0.0,-11.0,09:22,Off Dead Ball,0.0,MISS Okongwu 25' 3PT Jump Shot,,,,ATL,1610612737.0,2025.0,2318.0,2337.0,2327.5,1629611|1630168|1630249|1630700|1642258,1627832|1630224|1630578|1631095|1631106,2024-25,585.0,0.7547169811320755,0.0,0.0,0.0,0.0,,
130043.0,09:03,"MISS Okongwu 25' 3PT Jump Shot
Daniels REBOUND (Off:4 Def:3)
VanVleet P.FOUL (P3.T2) (J.Tiven)
Risacher 6' Cutting Layup Shot (13 PTS) (Daniels 9 AST)
",1.0,1.0,1.0,0.0,2025-03-25,0022401049,0.0,1.0,HOU,4.0,0.0,-11.0,09:22,Off Dead Ball,0.0,VanVleet P.FOUL (P3.T2) (J.Tiven),,,,ATL,1610612737.0,2025.0,2318.0,2337.0,2327.5,1629611|1630168|1630249|1630700|1642258,1627832|1630224|1630578|1631095|1631106,2024-25,586.0,0.3076923076923077,0.0,0.0,0.0,0.0,,
130030.0,06:29,"MISS Risacher 2' Running Layup
Adams REBOUND (Off:3 Def:2)
",1.0,0.0,0.0,0.0,2025-03-25,0022401049,0.0,0.0,HOU,4.0,0.0,-6.0,06:36,Off Arc 3 Miss,0.0,Adams REBOUND (Off:3 Def:2),,,,ATL,1610612737.0,2025.0,2484.0,2491.0,2487.5,1629027|1629611|1630168|1630700|1642258,203500|1627832|1630224|1630578|1631095,2024-25,632.0,0.6666666666666666,0.0,0.0,0.0,0.0,,
130044.0,09:03,"MISS Okongwu 25' 3PT Jump Shot
Daniels REBOUND (Off:4 Def:3)
VanVleet P.FOUL (P3.T2) (J.Tiven)
Risacher 6' Cutting Layup Shot (13 PTS) (Daniels 9 AST)
",1.0,1.0,1.0,0.0,2025-03-25,0022401049,0.0,1.0,HOU,4.0,0.0,-11.0,09:22,Off Dead Ball,0.0,Risacher 6' Cutting Layup Shot (13 PTS) (Daniels 9 AST),,,,ATL,1610612737.0,2025.0,2318.0,2337.0,2327.5,1629611|1630168|1630249|1630700|1642258,1627832|1630224|1630578|1631095|1631106,2024-25,589.0,0.9009009009009009,0.0,0.0,0.0,0.0,,
130039.0,08:33,"MISS Daniels 26' 3PT Jump Shot
Sengun REBOUND (Off:2 Def:6)
",0.0,0.0,1.0,0.0,2025-03-25,0022401049,0.0,0.0,HOU,4.0,0.0,-11.0,08:41,Off Dead Ball,0.0,MISS Daniels 26' 3PT Jump Shot,,,,ATL,1610612737.0,2025.0,2359.0,2367.0,2363.0,1629611|1630168|1630249|1630700|1642258,1627832|1630224|1630578|1631095|1631106,2024-25,544.0,0.13043478260869565,0.0,0.0,0.0,0.0,,
130038.0,08:13,"Mann 25' 3PT Running Pull-Up Jump Shot (10 PTS) (Krejci 1 AST)
",0.0,0.0,1.0,1.0,2025-03-25,0022401049,0.0,0.0,HOU,4.0,0.0,-11.0,08:17,Off Arc 3 Miss,0.0,Mann 25' 3PT Running Pull-Up Jump Shot (10 PTS) (Krejci 1 AST),,,,ATL,1610612737.0,2025.0,2383.0,2387.0,2385.0,1629611|1630168|1630249|1630700|1642258,1627832|1630224|1630578|1631095|1631106,2024-25,605.0,0.8235294117647058,0.0,0.0,0.0,0.0,,
130036.0,07:41,"Adams S.FOUL (P1.T3) (J.Tiven)
Daniels Free Throw 1 of 2 (12 PTS)
Daniels Free Throw 2 of 2 (13 PTS)
",0.0,0.0,0.0,0.0,2025-03-25,0022401049,0.0,0.0,HOU,4.0,1.0,-8.0,07:53,Off Dead Ball,0.0,Daniels Free Throw 1 of 2 (12 PTS),,,,ATL,1610612737.0,2025.0,2407.0,2419.0,2413.0,1629611|1630168|1630249|1630700|1642258,203500|1627832|1630224|1630578|1631095,2024-25,614.0,0.9577464788732394,0.0,0.0,0.0,0.0,,
130034.0,07:20,"Mann 9' Turnaround Fadeaway (12 PTS)
",1.0,1.0,0.0,0.0,2025-03-25,0022401049,0.0,0.0,HOU,4.0,0.0,-6.0,07:28,Off At Rim Block,0.0,Mann 9' Turnaround Fadeaway (12 PTS),,,,ATL,1610612737.0,2025.0,2432.0,2440.0,2436.0,1629611|1630168|1630249|1630700|1642258,203500|1627832|1630224|1630578|1631095,2024-25,619.0,0.8235294117647058,0.0,0.0,0.0,0.0,,
130032.0,06:56,"MISS Daniels 12' Driving Floating Jump Shot
Okongwu REBOUND (Off:5 Def:9)
Smith Jr. STEAL (2 STL): Okongwu Lost Ball Turnover (P1.T14)
",1.0,0.0,0.0,0.0,2025-03-25,0022401049,0.0,1.0,HOU,4.0,0.0,-6.0,07:02,Off Short Mid-Range Make,1.0,Okongwu REBOUND (Off:5 Def:9),,,,ATL,1610612737.0,2025.0,2458.0,2464.0,2461.0,1629611|1630168|1630249|1630700|1642258,203500|1627832|1630224|1630578|1631095,2024-25,640.0,0.9508196721311475,0.0,0.0,0.0,0.0,,
130033.0,06:56,"MISS Daniels 12' Driving Floating Jump Shot
Okongwu REBOUND (Off:5 Def:9)
Smith Jr. STEAL (2 STL): Okongwu Lost Ball Turnover (P1.T14)
",1.0,0.0,0.0,0.0,2025-03-25,0022401049,0.0,1.0,HOU,4.0,0.0,-6.0,07:02,Off Short Mid-Range Make,1.0,Smith Jr. STEAL (2 STL): Okongwu Lost Ball Turnover (P1.T14),,,,ATL,1610612737.0,2025.0,2458.0,2464.0,2461.0,1629611|1630168|1630249|1630700|1642258,203500|1627832|1630224|1630578|1631095,2024-25,625.0,0.6875,0.0,0.0,0.0,0.0,,
130040.0,08:33,"MISS Daniels 26' 3PT Jump Shot
Sengun REBOUND (Off:2 Def:6)
",0.0,0.0,1.0,0.0,2025-03-25,0022401049,0.0,0.0,HOU,4.0,0.0,-11.0,08:41,Off Dead Ball,0.0,Sengun REBOUND (Off:2 Def:6),,,,ATL,1610612737.0,2025.0,2359.0,2367.0,2363.0,1629611|1630168|1630249|1630700|1642258,1627832|1630224|1630578|1631095|1631106,2024-25,568.0,0.25396825396825395,0.0,0.0,0.0,0.0,,
129998.0,10:08,"Eason STEAL (1 STL): Young Lost Ball Turnover (P5.T11)
",0.0,0.0,0.0,0.0,2025-03-25,0022401049,0.0,0.0,HOU,3.0,0.0,-19.0,10:19,Off FT Make,1.0,Eason STEAL (1 STL): Young Lost Ball Turnover (P5.T11),,,,ATL,1610612737.0,2025.0,1541.0,1552.0,1546.5,1627777|1629027|1630168|1630700|1642258,1627832|1628415|1630224|1630578|1631106,2024-25,385.0,0.7045454545454546,0.0,0.0,0.0,0.0,,
129962.0,02:25,"MISS LeVert 9' Turnaround Fadeaway Shot
Barlow REBOUND (Off:2 Def:0)
MISS Barlow 1' Putback Layup
VanVleet REBOUND (Off:1 Def:3)
",2.0,0.0,0.0,0.0,2025-03-25,0022401049,0.0,1.0,HOU,3.0,0.0,-24.0,02:39,Off Long Mid-Range Make,0.0,VanVleet REBOUND (Off:1 Def:3),,,,ATL,1610612737.0,2025.0,2001.0,2015.0,2008.0,1627747|1629027|1629611|1629726|1631230,203500|1627832|1628415|1630224|1631095,2024-25,466.0,0.3870967741935484,0.0,0.0,0.0,0.0,,
130001.0,10:53,"Niang Out of Bounds - Bad Pass Turnover Turnover (P2.T10)
",0.0,0.0,0.0,0.0,2025-03-25,0022401049,0.0,0.0,HOU,3.0,0.0,-17.0,11:00,Off Dead Ball,1.0,Niang Out of Bounds - Bad Pass Turnover Turnover (P2.T10),,,,ATL,1610612737.0,2025.0,1500.0,1507.0,1503.5,1627777|1629027|1630168|1630700|1642258,1627832|1628415|1630224|1630578|1631106,2024-25,386.0,0.2222222222222222,0.0,0.0,0.0,0.0,,
129876.0,05:50,"Risacher 1' Running Reverse Layup (8 PTS) (Daniels 1 AST)
",1.0,1.0,0.0,0.0,2025-03-25,0022401049,0.0,0.0,HOU,1.0,0.0,3.0,05:57,Off Arc 3 Miss,0.0,Risacher 1' Running Reverse Layup (8 PTS) (Daniels 1 AST),,,,ATL,1610612737.0,2025.0,363.0,370.0,366.5,1627747|1627777|1630168|1630700|1642258,1627832|1628415|1630224|1630578|1631095,2024-25,91.0,0.9230769230769231,0.0,0.0,0.0,0.0,,
129875.0,05:29,"Okongwu 2' Running Dunk (4 PTS) (Daniels 2 AST)
",1.0,1.0,0.0,0.0,2025-03-25,0022401049,0.0,0.0,HOU,1.0,0.0,5.0,05:35,Off Arc 3 Miss,0.0,Okongwu 2' Running Dunk (4 PTS) (Daniels 2 AST),,,,ATL,1610612737.0,2025.0,385.0,391.0,388.0,1627747|1627777|1630168|1630700|1642258,1627832|1628415|1630224|1630578|1631095,2024-25,95.0,0.24615384615384617,0.0,0.0,0.0,0.0,,
129872.0,04:37,"MISS Daniels 9' Turnaround Hook Shot
Mann REBOUND (Off:1 Def:0)
MISS Okongwu 26' 3PT Jump Shot
VanVleet REBOUND (Off:0 Def:1)
",1.0,0.0,1.0,0.0,2025-03-25,0022401049,0.0,1.0,HOU,1.0,0.0,5.0,04:54,Off Short Mid-Range Make,0.0,Mann REBOUND (Off:1 Def:0),,,,ATL,1610612737.0,2025.0,426.0,443.0,434.5,1627747|1627777|1629611|1630168|1630700,203500|1627832|1628415|1630224|1631095,2024-25,94.0,0.7241379310344828,0.0,0.0,0.0,0.0,,
129873.0,04:37,"MISS Daniels 9' Turnaround Hook Shot
Mann REBOUND (Off:1 Def:0)
MISS Okongwu 26' 3PT Jump Shot
VanVleet REBOUND (Off:0 Def:1)
",1.0,0.0,1.0,0.0,2025-03-25,0022401049,0.0,1.0,HOU,1.0,0.0,5.0,04:54,Off Short Mid-Range Make,0.0,MISS Okongwu 26' 3PT Jump Shot,,,,ATL,1610612737.0,2025.0,426.0,443.0,434.5,1627747|1627777|1629611|1630168|1630700,203500|1627832|1628415|1630224|1631095,2024-25,109.0,0.7169811320754716,0.0,0.0,0.0,0.0,,
129871.0,04:37,"MISS Daniels 9' Turnaround Hook Shot
Mann REBOUND (Off:1 Def:0)
MISS Okongwu 26' 3PT Jump Shot
VanVleet REBOUND (Off:0 Def:1)
",1.0,0.0,1.0,0.0,2025-03-25,0022401049,0.0,1.0,HOU,1.0,0.0,5.0,04:54,Off Short Mid-Range Make,0.0,MISS Daniels 9' Turnaround Hook Shot,,,,ATL,1610612737.0,2025.0,426.0,443.0,434.5,1627747|1627777|1629611|1630168|1630700,203500|1627832|1628415|1630224|1631095,2024-25,107.0,0.8571428571428571,0.0,0.0,0.0,0.0,,
129870.0,03:52,"MISS Okongwu 9' Turnaround Hook Shot
Ja. Green REBOUND (Off:0 Def:6)
",1.0,0.0,0.0,0.0,2025-03-25,0022401049,0.0,0.0,HOU,1.0,0.0,2.0,04:14,Off Arc 3 Make,0.0,Ja. Green REBOUND (Off:0 Def:6),,,,ATL,1610612737.0,2025.0,466.0,488.0,477.0,1627747|1627777|1629611|1630168|1630700,203500|1627832|1628415|1630224|1631095,2024-25,110.0,0.7741935483870968,0.0,0.0,0.0,0.0,,
129878.0,06:06,"MISS Okongwu 10' Driving Hook Shot
Ja. Green REBOUND (Off:0 Def:5)
",1.0,0.0,0.0,0.0,2025-03-25,0022401049,0.0,0.0,HOU,1.0,0.0,3.0,06:22,Off Dead Ball,0.0,Ja. Green REBOUND (Off:0 Def:5),,,,ATL,1610612737.0,2025.0,338.0,354.0,346.0,1627747|1627777|1630168|1630700|1642258,1627832|1628415|1630224|1630578|1631095,2024-25,62.0,0.4528301886792453,0.0,0.0,0.0,0.0,,
129868.0,03:39,"Daniels Out of Bounds - Bad Pass Turnover Turnover (P1.T3)
",0.0,0.0,0.0,0.0,2025-03-25,0022401049,0.0,0.0,HOU,1.0,0.0,2.0,03:43,Off Steal,1.0,Daniels Out of Bounds - Bad Pass Turnover Turnover (P1.T3),,,,ATL,1610612737.0,2025.0,497.0,501.0,499.0,1627747|1627777|1629611|1630168|1630700,203500|1627832|1628415|1630224|1631095,2024-25,119.0,0.28205128205128205,0.0,0.0,0.0,0.0,,
129862.0,02:41,"MISS LeVert 2' Driving Layup
Daniels REBOUND (Off:1 Def:2)
MISS LeVert 3PT Jump Shot
Hawks Rebound
VanVleet L.B.FOUL (P1.T4) (I.Hwang)
MISS Niang 27' 3PT Jump Shot
LeVert REBOUND (Off:1 Def:0)
MISS Mann 3PT Jump Shot
Smith Jr. REBOUND (Off:0 Def:1)
",1.0,0.0,3.0,0.0,2025-03-25,0022401049,0.0,3.0,HOU,1.0,0.0,0.0,03:20,Off Long Mid-Range Make,0.0,Hawks Rebound,,,,ATL,1610612737.0,2025.0,520.0,559.0,539.5,1627747|1627777|1629611|1630700|1631230,203500|1627832|1628415|1630224|1631095,2024-25,121.0,0.13333333333333333,0.0,0.0,0.0,0.0,,
129861.0,02:41,"MISS LeVert 2' Driving Layup
Daniels REBOUND (Off:1 Def:2)
MISS LeVert 3PT Jump Shot
Hawks Rebound
VanVleet L.B.FOUL (P1.T4) (I.Hwang)
MISS Niang 27' 3PT Jump Shot
LeVert REBOUND (Off:1 Def:0)
MISS Mann 3PT Jump Shot
Smith Jr. REBOUND (Off:0 Def:1)
",1.0,0.0,3.0,0.0,2025-03-25,0022401049,0.0,3.0,HOU,1.0,0.0,0.0,03:20,Off Long Mid-Range Make,0.0,MISS LeVert 3PT Jump Shot,,,,ATL,1610612737.0,2025.0,520.0,559.0,539.5,1627747|1627777|1629611|1630700|1631230,203500|1627832|1628415|1630224|1631095,2024-25,120.0,0.09302325581395349,0.0,0.0,0.0,0.0,,
129858.0,02:10,"Mann 3' Cutting Layup Shot (2 PTS) (Niang 1 AST)
",1.0,1.0,0.0,0.0,2025-03-25,0022401049,0.0,0.0,HOU,1.0,0.0,-2.0,02:24,Off Short Mid-Range Make,0.0,Mann 3' Cutting Layup Shot (2 PTS) (Niang 1 AST),,,,ATL,1610612737.0,2025.0,576.0,590.0,583.0,1627747|1627777|1629027|1629611|1631230,203500|1628988|1630224|1630578|1631095,2024-25,142.0,0.4117647058823529,0.0,0.0,0.0,0.0,,
129856.0,01:07,"Mann Out of Bounds - Bad Pass Turnover Turnover (P1.T4)
",0.0,0.0,0.0,0.0,2025-03-25,0022401049,0.0,0.0,HOU,1.0,0.0,-1.0,01:13,Off Dead Ball,1.0,Mann Out of Bounds - Bad Pass Turnover Turnover (P1.T4),,,,ATL,1610612737.0,2025.0,647.0,653.0,650.0,1627747|1627777|1629027|1629611|1631230,203500|1628988|1630224|1630578|1631095,2024-25,145.0,0.2564102564102564,0.0,0.0,0.0,0.0,,
129853.0,00:38,"MISS Barlow 24' 3PT Jump Shot
Mann REBOUND (Off:2 Def:0)
Mann Tip Layup Shot (4 PTS)
",0.0,0.0,1.0,0.0,2025-03-25,0022401049,0.0,1.0,HOU,1.0,0.0,-4.0,00:57,Off Arc 3 Make,0.0,MISS Barlow 24' 3PT Jump Shot,,,,ATL,1610612737.0,2025.0,663.0,682.0,672.5,1627747|1627777|1629027|1629611|1631230,203500|1628988|1630224|1630578|1631095,2024-25,149.0,0.3,0.0,0.0,0.0,0.0,,
129854.0,00:38,"MISS Barlow 24' 3PT Jump Shot
Mann REBOUND (Off:2 Def:0)
Mann Tip Layup Shot (4 PTS)
",0.0,0.0,1.0,0.0,2025-03-25,0022401049,0.0,1.0,HOU,1.0,0.0,-4.0,00:57,Off Arc 3 Make,0.0,Mann REBOUND (Off:2 Def:0),,,,ATL,1610612737.0,2025.0,663.0,682.0,672.5,1627747|1627777|1629027|1629611|1631230,203500|1628988|1630224|1630578|1631095,2024-25,167.0,0.2903225806451613,0.0,0.0,0.0,0.0,,
129860.0,02:41,"MISS LeVert 2' Driving Layup
Daniels REBOUND (Off:1 Def:2)
MISS LeVert 3PT Jump Shot
Hawks Rebound
VanVleet L.B.FOUL (P1.T4) (I.Hwang)
MISS Niang 27' 3PT Jump Shot
LeVert REBOUND (Off:1 Def:0)
MISS Mann 3PT Jump Shot
Smith Jr. REBOUND (Off:0 Def:1)
",1.0,0.0,3.0,0.0,2025-03-25,0022401049,0.0,3.0,HOU,1.0,0.0,0.0,03:20,Off Long Mid-Range Make,0.0,Daniels REBOUND (Off:1 Def:2),,,,ATL,1610612737.0,2025.0,520.0,559.0,539.5,1627747|1627777|1629611|1630700|1631230,203500|1627832|1628415|1630224|1631095,2024-25,124.0,0.9508196721311475,0.0,0.0,0.0,0.0,,
129852.0,00:24,"Ja. Green STEAL (1 STL): Young Bad Pass Turnover (P2.T5)
",0.0,0.0,0.0,0.0,2025-03-25,0022401049,0.0,0.0,HOU,1.0,0.0,-4.0,00:32,Off Short Mid-Range Make,1.0,Ja. Green STEAL (1 STL): Young Bad Pass Turnover (P2.T5),,,,ATL,1610612737.0,2025.0,688.0,696.0,692.0,1627747|1627777|1629027|1629611|1631230,203500|1628988|1630224|1630578|1631095,2024-25,170.0,0.2696629213483146,0.0,0.0,0.0,0.0,,
129877.0,06:06,"MISS Okongwu 10' Driving Hook Shot
Ja. Green REBOUND (Off:0 Def:5)
",1.0,0.0,0.0,0.0,2025-03-25,0022401049,0.0,0.0,HOU,1.0,0.0,3.0,06:22,Off Dead Ball,0.0,MISS Okongwu 10' Driving Hook Shot,,,,ATL,1610612737.0,2025.0,338.0,354.0,346.0,1627747|1627777|1630168|1630700|1642258,1627832|1628415|1630224|1630578|1631095,2024-25,87.0,0.8787878787878788,0.0,0.0,0.0,0.0,,
129882.0,07:04,"Eason S.FOUL (P2.T3) (J.Tiven)
Gueye Free Throw 1 of 2 (3 PTS)
Gueye Free Throw 2 of 2 (4 PTS)
",0.0,0.0,0.0,0.0,2025-03-25,0022401049,0.0,0.0,HOU,1.0,1.0,-1.0,07:11,Off Block,0.0,Gueye Free Throw 2 of 2 (4 PTS),,,,ATL,1610612737.0,2025.0,289.0,296.0,292.5,1629027|1630168|1630700|1631243|1642258,1627832|1628415|1630224|1630578|1631106,2024-25,74.0,0.9538461538461539,0.0,0.0,0.0,0.0,,
130000.0,10:29,"Sengun BLOCK (1 BLK): MISS Young 3' Driving Reverse Layup
Ja. Green REBOUND (Off:0 Def:9)
",1.0,0.0,0.0,0.0,2025-03-25,0022401049,0.0,0.0,HOU,3.0,0.0,-17.0,10:39,Off Short Mid-Range Miss,0.0,Ja. Green REBOUND (Off:0 Def:9),,,,ATL,1610612737.0,2025.0,1521.0,1531.0,1526.0,1627777|1629027|1630168|1630700|1642258,1627832|1628415|1630224|1630578|1631106,2024-25,377.0,0.78125,0.0,0.0,0.0,0.0,,
129906.0,11:14,"Eason P.FOUL (P1.T1) (R.Mott)
MISS Gueye 25' 3PT Jump Bank Shot
Okongwu REBOUND (Off:1 Def:0)
Okongwu 6' Hook Shot (2 PTS)
",1.0,1.0,1.0,0.0,2025-03-25,0022401049,0.0,1.0,HOU,1.0,0.0,0.0,11:44,Off Arc 3 Miss,0.0,Eason P.FOUL (P1.T1) (R.Mott),,,,ATL,1610612737.0,2025.0,16.0,46.0,31.0,1629027|1630168|1630700|1631243|1642258,1627832|1628415|1630224|1630578|1631106,2024-25,9.0,0.23728813559322035,0.0,0.0,0.0,0.0,,
129909.0,11:14,"Eason P.FOUL (P1.T1) (R.Mott)
MISS Gueye 25' 3PT Jump Bank Shot
Okongwu REBOUND (Off:1 Def:0)
Okongwu 6' Hook Shot (2 PTS)
",1.0,1.0,1.0,0.0,2025-03-25,0022401049,0.0,1.0,HOU,1.0,0.0,0.0,11:44,Off Arc 3 Miss,0.0,Okongwu 6' Hook Shot (2 PTS),,,,ATL,1610612737.0,2025.0,16.0,46.0,31.0,1629027|1630168|1630700|1631243|1642258,1627832|1628415|1630224|1630578|1631106,2024-25,13.0,0.16393442622950818,0.0,0.0,0.0,0.0,,
129905.0,10:44,"MISS Gueye 3PT Jump Shot
Young REBOUND (Off:1 Def:0)
MISS Daniels 27' 3PT Jump Shot
Ja. Green REBOUND (Off:0 Def:1)
",0.0,0.0,2.0,0.0,2025-03-25,0022401049,0.0,1.0,HOU,1.0,0.0,-1.0,11:04,Off Arc 3 Make,0.0,Ja. Green REBOUND (Off:0 Def:1),,,,ATL,1610612737.0,2025.0,56.0,76.0,66.0,1629027|1630168|1630700|1631243|1642258,1627832|1628415|1630224|1630578|1631106,2024-25,15.0,0.8064516129032258,0.0,0.0,0.0,0.0,,
129900.0,10:20,"MISS Young 2' Driving Finger Roll Layup
Ja. Green REBOUND (Off:0 Def:2)
",1.0,0.0,0.0,0.0,2025-03-25,0022401049,0.0,0.0,HOU,1.0,0.0,-3.0,10:33,Off Short Mid-Range Make,0.0,MISS Young 2' Driving Finger Roll Layup,,,,ATL,1610612737.0,2025.0,87.0,100.0,93.5,1629027|1630168|1630700|1631243|1642258,1627832|1628415|1630224|1630578|1631106,2024-25,21.0,0.28169014084507044,0.0,0.0,0.0,0.0,,
129896.0,09:30,"MISS Young 30' 3PT Step Back Jump Shot
Ja. Green REBOUND (Off:0 Def:3)
",0.0,0.0,1.0,0.0,2025-03-25,0022401049,0.0,0.0,HOU,1.0,0.0,-5.0,09:45,Off At Rim Make,0.0,MISS Young 30' 3PT Step Back Jump Shot,,,,ATL,1610612737.0,2025.0,135.0,150.0,142.5,1629027|1630168|1630700|1631243|1642258,1627832|1628415|1630224|1630578|1631106,2024-25,28.0,0.24324324324324326,0.0,0.0,0.0,0.0,,
129879.0,06:40,"Risacher 20' Jump Shot (6 PTS) (Young 2 AST)
",1.0,1.0,0.0,0.0,2025-03-25,0022401049,0.0,0.0,HOU,1.0,0.0,1.0,06:49,Off Short Mid-Range Miss,0.0,Risacher 20' Jump Shot (6 PTS) (Young 2 AST),,,,ATL,1610612737.0,2025.0,311.0,320.0,315.5,1629027|1630168|1630700|1631243|1642258,1627832|1628415|1630224|1630578|1631095,2024-25,77.0,0.9361702127659575,0.0,0.0,0.0,0.0,,
129897.0,09:30,"MISS Young 30' 3PT Step Back Jump Shot
Ja. Green REBOUND (Off:0 Def:3)
",0.0,0.0,1.0,0.0,2025-03-25,0022401049,0.0,0.0,HOU,1.0,0.0,-5.0,09:45,Off At Rim Make,0.0,Ja. Green REBOUND (Off:0 Def:3),,,,ATL,1610612737.0,2025.0,135.0,150.0,142.5,1629027|1630168|1630700|1631243|1642258,1627832|1628415|1630224|1630578|1631106,2024-25,33.0,0.7619047619047619,0.0,0.0,0.0,0.0,,
129893.0,08:59,"Brooks STEAL (1 STL): Young Bad Pass Turnover (P1.T1)
",0.0,0.0,0.0,0.0,2025-03-25,0022401049,0.0,0.0,HOU,1.0,0.0,-5.0,09:13,Off Arc 3 Miss,1.0,Brooks STEAL (1 STL): Young Bad Pass Turnover (P1.T1),,,,ATL,1610612737.0,2025.0,167.0,181.0,174.0,1629027|1630168|1630700|1631243|1642258,1627832|1628415|1630224|1630578|1631106,2024-25,34.0,0.21487603305785125,0.0,0.0,0.0,0.0,,
129892.0,08:41,"Risacher 4' Cutting Layup Shot (2 PTS) (Gueye 1 AST)
",1.0,1.0,0.0,0.0,2025-03-25,0022401049,0.0,0.0,HOU,1.0,0.0,-7.0,08:56,Off FT Make,0.0,Risacher 4' Cutting Layup Shot (2 PTS) (Gueye 1 AST),,,,ATL,1610612737.0,2025.0,184.0,199.0,191.5,1629027|1630168|1630700|1631243|1642258,1627832|1628415|1630224|1630578|1631106,2024-25,42.0,0.35,0.0,0.0,0.0,0.0,,
129891.0,08:18,"Brooks STEAL (2 STL): Gueye Lost Ball Turnover (P1.T2)
",0.0,0.0,0.0,0.0,2025-03-25,0022401049,0.0,0.0,HOU,1.0,0.0,-5.0,08:27,Off Long Mid-Range Miss,1.0,Brooks STEAL (2 STL): Gueye Lost Ball Turnover (P1.T2),,,,ATL,1610612737.0,2025.0,213.0,222.0,217.5,1629027|1630168|1630700|1631243|1642258,1627832|1628415|1630224|1630578|1631106,2024-25,39.0,0.16,0.0,0.0,0.0,0.0,,
129887.0,08:04,"MISS Gueye 5' Layup
Okongwu REBOUND (Off:2 Def:0)
MISS Okongwu Tip Layup Shot
Gueye REBOUND (Off:1 Def:2)
Brooks S.FOUL (P1.T2) (I.Hwang)
Gueye Free Throw 1 of 2 (1 PTS)
Gueye Free Throw 2 of 2 (2 PTS)
",1.0,0.0,0.0,0.0,2025-03-25,0022401049,0.0,2.0,HOU,1.0,1.0,-5.0,08:15,Off Steal,0.0,Gueye REBOUND (Off:1 Def:2),,,,ATL,1610612737.0,2025.0,225.0,236.0,230.5,1629027|1630168|1630700|1631243|1642258,1627832|1628415|1630224|1630578|1631106,2024-25,53.0,0.9473684210526315,0.0,0.0,0.0,0.0,,
129886.0,08:04,"MISS Gueye 5' Layup
Okongwu REBOUND (Off:2 Def:0)
MISS Okongwu Tip Layup Shot
Gueye REBOUND (Off:1 Def:2)
Brooks S.FOUL (P1.T2) (I.Hwang)
Gueye Free Throw 1 of 2 (1 PTS)
Gueye Free Throw 2 of 2 (2 PTS)
",1.0,0.0,0.0,0.0,2025-03-25,0022401049,0.0,2.0,HOU,1.0,1.0,-5.0,08:15,Off Steal,0.0,MISS Okongwu Tip Layup Shot,,,,ATL,1610612737.0,2025.0,225.0,236.0,230.5,1629027|1630168|1630700|1631243|1642258,1627832|1628415|1630224|1630578|1631106,2024-25,52.0,0.8461538461538461,0.0,0.0,0.0,0.0,,
129889.0,08:04,"MISS Gueye 5' Layup
Okongwu REBOUND (Off:2 Def:0)
MISS Okongwu Tip Layup Shot
Gueye REBOUND (Off:1 Def:2)
Brooks S.FOUL (P1.T2) (I.Hwang)
Gueye Free Throw 1 of 2 (1 PTS)
Gueye Free Throw 2 of 2 (2 PTS)
",1.0,0.0,0.0,0.0,2025-03-25,0022401049,0.0,2.0,HOU,1.0,1.0,-5.0,08:15,Off Steal,0.0,Gueye Free Throw 1 of 2 (1 PTS),,,,ATL,1610612737.0,2025.0,225.0,236.0,230.5,1629027|1630168|1630700|1631243|1642258,1627832|1628415|1630224|1630578|1631106,2024-25,56.0,0.9538461538461539,0.0,0.0,0.0,0.0,,
129894.0,09:18,"MISS Young 2' Running Finger Roll Layup
Ja. Green REBOUND (Off:0 Def:4)
",1.0,0.0,0.0,0.0,2025-03-25,0022401049,0.0,0.0,HOU,1.0,0.0,-5.0,09:25,Off Steal,0.0,MISS Young 2' Running Finger Roll Layup,,,,ATL,1610612737.0,2025.0,155.0,162.0,158.5,1629027|1630168|1630700|1631243|1642258,1627832|1628415|1630224|1630578|1631106,2024-25,32.0,0.9230769230769231,0.0,0.0,0.0,0.0,,
129851.0,00:03,"Smith Jr. STEAL (1 STL): Niang Lost Ball Turnover (P1.T6)
",0.0,0.0,0.0,0.0,2025-03-25,0022401049,0.0,0.0,HOU,1.0,0.0,-7.0,00:21,Off FT Make,1.0,Smith Jr. STEAL (1 STL): Niang Lost Ball Turnover (P1.T6),,,,ATL,1610612737.0,2025.0,699.0,717.0,708.0,1627747|1627777|1629027|1629611|1631230,1627832|1628415|1628988|1630224|1631095,2024-25,180.0,0.6813186813186813,0.0,0.0,0.0,0.0,,
129899.0,10:07,"MISS Risacher 29' 3PT Jump Shot
Eason REBOUND (Off:0 Def:1)
",0.0,0.0,1.0,0.0,2025-03-25,0022401049,0.0,0.0,HOU,1.0,0.0,-3.0,10:16,Off Short Mid-Range Miss,0.0,Eason REBOUND (Off:0 Def:1),,,,ATL,1610612737.0,2025.0,104.0,113.0,108.5,1629027|1630168|1630700|1631243|1642258,1627832|1628415|1630224|1630578|1631106,2024-25,23.0,0.8421052631578947,0.0,0.0,0.0,0.0,,
129950.0,11:11,"Krejci 25' 3PT Jump Shot (3 PTS) (Mann 1 AST)
",0.0,0.0,1.0,1.0,2025-03-25,0022401049,0.0,0.0,HOU,2.0,0.0,-10.0,11:28,Off Arc 3 Make,0.0,Krejci 25' 3PT Jump Shot (3 PTS) (Mann 1 AST),,,,ATL,1610612737.0,2025.0,752.0,769.0,760.5,1629027|1629611|1630249|1631230|1631243,203500|1627832|1628988|1630578|1631095,2024-25,198.0,0.20588235294117646,0.0,0.0,0.0,0.0,,
129925.0,05:06,"Young 29' 3PT Pullup Jump Shot (3 PTS)
",0.0,0.0,1.0,1.0,2025-03-25,0022401049,0.0,0.0,HOU,2.0,0.0,-18.0,05:14,Off Steal,0.0,Young 29' 3PT Pullup Jump Shot (3 PTS),,,,ATL,1610612737.0,2025.0,1126.0,1134.0,1130.0,1627747|1627777|1629027|1630168|1630700,1628415|1630224|1630578|1631095|1631106,2024-25,289.0,0.782608695652174,0.0,0.0,0.0,0.0,,
129924.0,04:38,"Okongwu 2' Layup (6 PTS) (Young 4 AST)
",1.0,1.0,0.0,0.0,2025-03-25,0022401049,0.0,0.0,HOU,2.0,0.0,-17.0,04:47,Off Short Mid-Range Make,0.0,Okongwu 2' Layup (6 PTS) (Young 4 AST),,,,ATL,1610612737.0,2025.0,1153.0,1162.0,1157.5,1627747|1627777|1629027|1630168|1630700,203500|1628415|1630224|1631095|1631106,2024-25,294.0,0.2564102564102564,0.0,0.0,0.0,0.0,,
129923.0,03:56,"Young 2' Driving Layup (5 PTS) (Daniels 4 AST)
",1.0,1.0,0.0,0.0,2025-03-25,0022401049,0.0,0.0,HOU,2.0,0.0,-17.0,04:07,Off At Rim Make,0.0,Young 2' Driving Layup (5 PTS) (Daniels 4 AST),,,,ATL,1610612737.0,2025.0,1193.0,1204.0,1198.5,1627747|1627777|1629027|1630168|1630700,203500|1628415|1630224|1631095|1631106,2024-25,300.0,0.18181818181818182,0.0,0.0,0.0,0.0,,
129922.0,03:28,"Young 25' 3PT Pullup Jump Shot (8 PTS)
",0.0,0.0,1.0,1.0,2025-03-25,0022401049,0.0,0.0,HOU,2.0,0.0,-18.0,03:37,Off Arc 3 Make,0.0,Young 25' 3PT Pullup Jump Shot (8 PTS),,,,ATL,1610612737.0,2025.0,1223.0,1232.0,1227.5,1627747|1627777|1629027|1630168|1630700,203500|1628415|1630224|1631095|1631106,2024-25,304.0,0.17721518987341772,0.0,0.0,0.0,0.0,,
129921.0,03:04,"Young 27' 3PT Jump Shot (11 PTS) (Daniels 5 AST)
",0.0,0.0,1.0,1.0,2025-03-25,0022401049,0.0,0.0,HOU,2.0,0.0,-15.0,03:13,Off Timeout,0.0,Young 27' 3PT Jump Shot (11 PTS) (Daniels 5 AST),,,,ATL,1610612737.0,2025.0,1247.0,1256.0,1251.5,1627747|1627777|1629027|1630168|1630700,203500|1627832|1628415|1630224|1631106,2024-25,317.0,0.17721518987341772,0.0,0.0,0.0,0.0,,
129919.0,02:26,"MISS LeVert 12' Pullup Jump Shot
Eason REBOUND (Off:4 Def:5)
",1.0,0.0,0.0,0.0,2025-03-25,0022401049,0.0,0.0,HOU,2.0,0.0,-14.0,02:44,Off Short Mid-Range Make,0.0,MISS LeVert 12' Pullup Jump Shot,,,,ATL,1610612737.0,2025.0,1276.0,1294.0,1285.0,1627747|1627777|1629027|1630168|1630700,203500|1627832|1628415|1630224|1631106,2024-25,320.0,0.30303030303030304,0.0,0.0,0.0,0.0,,
129926.0,05:28,"Niang 3' Running Layup (6 PTS) (Daniels 3 AST)
",1.0,1.0,0.0,0.0,2025-03-25,0022401049,0.0,0.0,HOU,2.0,0.0,-20.0,05:32,Off Arc 3 Miss,0.0,Niang 3' Running Layup (6 PTS) (Daniels 3 AST),,,,ATL,1610612737.0,2025.0,1108.0,1112.0,1110.0,1627747|1627777|1629027|1630168|1630700,1628415|1630224|1630578|1631095|1631106,2024-25,284.0,0.2564102564102564,0.0,0.0,0.0,0.0,,
129920.0,02:26,"MISS LeVert 12' Pullup Jump Shot
Eason REBOUND (Off:4 Def:5)
",1.0,0.0,0.0,0.0,2025-03-25,0022401049,0.0,0.0,HOU,2.0,0.0,-14.0,02:44,Off Short Mid-Range Make,0.0,Eason REBOUND (Off:4 Def:5),,,,ATL,1610612737.0,2025.0,1276.0,1294.0,1285.0,1627747|1627777|1629027|1630168|1630700,203500|1627832|1628415|1630224|1631106,2024-25,282.0,0.7457627118644068,0.0,0.0,0.0,0.0,,
129917.0,01:20,"VanVleet P.FOUL (P2.T2) (R.Mott)
MISS LeVert 3PT Jump Shot
Ja. Green REBOUND (Off:0 Def:8)
",0.0,0.0,1.0,0.0,2025-03-25,0022401049,0.0,0.0,HOU,2.0,0.0,-17.0,01:36,Off Short Mid-Range Make,0.0,Ja. Green REBOUND (Off:0 Def:8),,,,ATL,1610612737.0,2025.0,1344.0,1360.0,1352.0,1627747|1627777|1629027|1630168|1630700,203500|1627832|1630224|1630578|1631106,2024-25,301.0,0.3225806451612903,0.0,0.0,0.0,0.0,,
129915.0,01:20,"VanVleet P.FOUL (P2.T2) (R.Mott)
MISS LeVert 3PT Jump Shot
Ja. Green REBOUND (Off:0 Def:8)
",0.0,0.0,1.0,0.0,2025-03-25,0022401049,0.0,0.0,HOU,2.0,0.0,-17.0,01:36,Off Short Mid-Range Make,0.0,VanVleet P.FOUL (P2.T2) (R.Mott),,,,ATL,1610612737.0,2025.0,1344.0,1360.0,1352.0,1627747|1627777|1629027|1630168|1630700,203500|1627832|1630224|1630578|1631106,2024-25,283.0,0.25,0.0,0.0,0.0,0.0,,
129912.0,00:12,"Ja. Green P.FOUL (P1.PN) (R.Mott)
Young Free Throw 1 of 2 (12 PTS)
Young Free Throw 2 of 2 (13 PTS)
",0.0,0.0,0.0,0.0,2025-03-25,0022401049,1.0,0.0,HOU,2.0,0.0,-19.0,00:28,Off Dead Ball,0.0,Young Free Throw 2 of 2 (13 PTS),,,,ATL,1610612737.0,2025.0,1412.0,1428.0,1420.0,1627747|1627777|1629027|1630168|1630700,203500|1627832|1630224|1630578|1631106,2024-25,353.0,0.9552238805970149,0.0,0.0,0.0,0.0,,
130004.0,11:41,"MISS Young 31' 3PT Step Back Jump Shot
Eason REBOUND (Off:4 Def:7)
",0.0,0.0,1.0,0.0,2025-03-25,0022401049,0.0,0.0,HOU,3.0,0.0,-17.0,12:00,Off Dead Ball,0.0,Eason REBOUND (Off:4 Def:7),,,,ATL,1610612737.0,2025.0,1440.0,1459.0,1449.5,1627777|1629027|1630168|1630700|1642258,1627832|1628415|1630224|1630578|1631106,2024-25,326.0,0.23684210526315788,0.0,0.0,0.0,0.0,,
129951.0,11:50,"Krejci Traveling Turnover (P1.T7)
",0.0,0.0,0.0,0.0,2025-03-25,0022401049,0.0,0.0,HOU,2.0,0.0,-7.0,12:00,Off Dead Ball,1.0,Krejci Traveling Turnover (P1.T7),,,,ATL,1610612737.0,2025.0,720.0,730.0,725.0,1629027|1629611|1630249|1631230|1631243,203500|1627832|1628988|1630578|1631095,2024-25,194.0,0.8235294117647058,0.0,0.0,0.0,0.0,,
130002.0,11:17,"Niang 25' 3PT Jump Shot (9 PTS) (Young 6 AST)
",0.0,0.0,1.0,1.0,2025-03-25,0022401049,0.0,0.0,HOU,3.0,0.0,-20.0,11:28,Off Arc 3 Make,0.0,Niang 25' 3PT Jump Shot (9 PTS) (Young 6 AST),,,,ATL,1610612737.0,2025.0,1472.0,1483.0,1477.5,1627777|1629027|1630168|1630700|1642258,1627832|1628415|1630224|1630578|1631106,2024-25,372.0,0.23376623376623376,0.0,0.0,0.0,0.0,,
129916.0,01:20,"VanVleet P.FOUL (P2.T2) (R.Mott)
MISS LeVert 3PT Jump Shot
Ja. Green REBOUND (Off:0 Def:8)
",0.0,0.0,1.0,0.0,2025-03-25,0022401049,0.0,0.0,HOU,2.0,0.0,-17.0,01:36,Off Short Mid-Range Make,0.0,MISS LeVert 3PT Jump Shot,,,,ATL,1610612737.0,2025.0,1344.0,1360.0,1352.0,1627747|1627777|1629027|1630168|1630700,203500|1627832|1630224|1630578|1631106,2024-25,355.0,0.36363636363636365,0.0,0.0,0.0,0.0,,
129927.0,05:44,"MISS Niang 2' Running Layup
Ja. Green REBOUND (Off:0 Def:7)
",1.0,0.0,0.0,0.0,2025-03-25,0022401049,0.0,0.0,HOU,2.0,0.0,-20.0,05:53,Off Steal,0.0,MISS Niang 2' Running Layup,,,,ATL,1610612737.0,2025.0,1087.0,1096.0,1091.5,1627747|1627777|1629027|1630168|1630700,1628415|1630224|1630578|1631095|1631106,2024-25,280.0,0.2711864406779661,0.0,0.0,0.0,0.0,,
129914.0,00:42,"MISS Niang 25' 3PT Jump Shot
Eason REBOUND (Off:4 Def:6)
",0.0,0.0,1.0,0.0,2025-03-25,0022401049,0.0,0.0,HOU,2.0,0.0,-19.0,01:06,Off Short Mid-Range Make,0.0,Eason REBOUND (Off:4 Def:6),,,,ATL,1610612737.0,2025.0,1374.0,1398.0,1386.0,1627747|1627777|1629027|1630168|1630700,203500|1627832|1630224|1630578|1631106,2024-25,316.0,0.3333333333333333,0.0,0.0,0.0,0.0,,
129930.0,06:12,"MISS LeVert 25' 3PT Jump Shot
Eason REBOUND (Off:3 Def:4)
",0.0,0.0,1.0,0.0,2025-03-25,0022401049,0.0,0.0,HOU,2.0,0.0,-20.0,06:22,Off Block,0.0,Eason REBOUND (Off:3 Def:4),,,,ATL,1610612737.0,2025.0,1058.0,1068.0,1063.0,1627747|1627777|1629027|1630168|1630700,1628415|1630224|1630578|1631095|1631106,2024-25,251.0,0.7457627118644068,0.0,0.0,0.0,0.0,,
129929.0,06:12,"MISS LeVert 25' 3PT Jump Shot
Eason REBOUND (Off:3 Def:4)
",0.0,0.0,1.0,0.0,2025-03-25,0022401049,0.0,0.0,HOU,2.0,0.0,-20.0,06:22,Off Block,0.0,MISS LeVert 25' 3PT Jump Shot,,,,ATL,1610612737.0,2025.0,1058.0,1068.0,1063.0,1627747|1627777|1629027|1630168|1630700,1628415|1630224|1630578|1631095|1631106,2024-25,274.0,0.2222222222222222,0.0,0.0,0.0,0.0,,
129947.0,09:54,"MISS Mann 3PT Jump Shot
Sengun REBOUND (Off:2 Def:1)
",0.0,0.0,1.0,0.0,2025-03-25,0022401049,0.0,0.0,HOU,2.0,0.0,-10.0,10:09,Off Arc 3 Miss,0.0,MISS Mann 3PT Jump Shot,,,,ATL,1610612737.0,2025.0,831.0,846.0,838.5,1629027|1629611|1630168|1630249|1631243,203500|1627832|1628988|1630578|1631095,2024-25,211.0,0.6666666666666666,0.0,0.0,0.0,0.0,,
129949.0,10:38,"Young Out of Bounds - Bad Pass Turnover Turnover (P3.T8)
",0.0,0.0,0.0,0.0,2025-03-25,0022401049,0.0,0.0,HOU,2.0,0.0,-10.0,10:55,Off FT Make,1.0,Young Out of Bounds - Bad Pass Turnover Turnover (P3.T8),,,,ATL,1610612737.0,2025.0,785.0,802.0,793.5,1629027|1629611|1630168|1630249|1631243,203500|1627832|1628988|1630578|1631095,2024-25,203.0,0.32432432432432434,0.0,0.0,0.0,0.0,,
129945.0,09:27,"Holiday BLOCK (1 BLK): MISS Okongwu 7' Turnaround Hook Shot
Sengun REBOUND (Off:2 Def:2)
",1.0,0.0,0.0,0.0,2025-03-25,0022401049,0.0,0.0,HOU,2.0,0.0,-12.0,09:44,Off Long Mid-Range Make,0.0,Holiday BLOCK (1 BLK): MISS Okongwu 7' Turnaround Hook Shot,,,,ATL,1610612737.0,2025.0,856.0,873.0,864.5,1629027|1629611|1630168|1630249|1631243,203500|1627832|1628988|1630578|1631095,2024-25,215.0,0.6213592233009708,0.0,0.0,0.0,0.0,,
129943.0,09:05,"MISS Krejci 27' 3PT Jump Shot
VanVleet REBOUND (Off:1 Def:2)
",0.0,0.0,1.0,0.0,2025-03-25,0022401049,0.0,0.0,HOU,2.0,0.0,-12.0,09:25,Off Dead Ball,0.0,MISS Krejci 27' 3PT Jump Shot,,,,ATL,1610612737.0,2025.0,875.0,895.0,885.0,1629027|1629611|1630168|1630249|1631243,203500|1627832|1628988|1630578|1631095,2024-25,230.0,0.2553191489361702,0.0,0.0,0.0,0.0,,
129941.0,08:44,"MISS Niang 26' 3PT Jump Shot
Eason REBOUND (Off:1 Def:2)
",0.0,0.0,1.0,0.0,2025-03-25,0022401049,0.0,0.0,HOU,2.0,0.0,-14.0,08:56,Off Timeout,0.0,MISS Niang 26' 3PT Jump Shot,,,,ATL,1610612737.0,2025.0,904.0,916.0,910.0,1627777|1629027|1630168|1630249|1642258,1627832|1628988|1630578|1631095|1631106,2024-25,232.0,0.21739130434782608,0.0,0.0,0.0,0.0,,
129946.0,09:27,"Holiday BLOCK (1 BLK): MISS Okongwu 7' Turnaround Hook Shot
Sengun REBOUND (Off:2 Def:2)
",1.0,0.0,0.0,0.0,2025-03-25,0022401049,0.0,0.0,HOU,2.0,0.0,-12.0,09:44,Off Long Mid-Range Make,0.0,Sengun REBOUND (Off:2 Def:2),,,,ATL,1610612737.0,2025.0,856.0,873.0,864.5,1629027|1629611|1630168|1630249|1631243,203500|1627832|1628988|1630578|1631095,2024-25,192.0,0.2727272727272727,0.0,0.0,0.0,0.0,,
129940.0,08:20,"MISS Risacher 26' 3PT Jump Shot
Eason REBOUND (Off:1 Def:3)
",0.0,0.0,1.0,0.0,2025-03-25,0022401049,0.0,0.0,HOU,2.0,0.0,-17.0,08:33,Off Arc 3 Make,0.0,Eason REBOUND (Off:1 Def:3),,,,ATL,1610612737.0,2025.0,927.0,940.0,933.5,1627777|1629027|1630168|1630249|1642258,1627832|1628988|1630578|1631095|1631106,2024-25,202.0,0.2857142857142857,0.0,0.0,0.0,0.0,,
129931.0,06:42,"Daniels 12' Driving Floating Jump Shot (2 PTS) (Niang 2 AST)
",1.0,1.0,0.0,0.0,2025-03-25,0022401049,0.0,0.0,HOU,2.0,0.0,-20.0,06:55,Off FT Make,0.0,Daniels 12' Driving Floating Jump Shot (2 PTS) (Niang 2 AST),,,,ATL,1610612737.0,2025.0,1025.0,1038.0,1031.5,1627747|1627777|1629027|1630168|1630700,1628415|1630224|1630578|1631095|1631106,2024-25,269.0,0.3404255319148936,0.0,0.0,0.0,0.0,,
129942.0,08:44,"MISS Niang 26' 3PT Jump Shot
Eason REBOUND (Off:1 Def:2)
",0.0,0.0,1.0,0.0,2025-03-25,0022401049,0.0,0.0,HOU,2.0,0.0,-14.0,08:56,Off Timeout,0.0,Eason REBOUND (Off:1 Def:2),,,,ATL,1610612737.0,2025.0,904.0,916.0,910.0,1627777|1629027|1630168|1630249|1642258,1627832|1628988|1630578|1631095|1631106,2024-25,195.0,0.38596491228070173,0.0,0.0,0.0,0.0,,
129935.0,07:08,"Smith Jr. S.FOUL (P1.T1) (J.Tiven)
MISS Niang Free Throw 1 of 2
Hawks Rebound
Niang Free Throw 2 of 2 (4 PTS)
",0.0,0.0,0.0,0.0,2025-03-25,0022401049,0.0,0.0,HOU,2.0,1.0,-19.0,07:26,Off Timeout,0.0,Niang Free Throw 2 of 2 (4 PTS),,,,ATL,1610612737.0,2025.0,994.0,1012.0,1003.0,1627747|1627777|1629027|1630168|1642258,1628415|1630224|1630578|1631095|1631106,2024-25,263.0,0.9538461538461539,0.0,0.0,0.0,0.0,,
129948.0,09:54,"MISS Mann 3PT Jump Shot
Sengun REBOUND (Off:2 Def:1)
",0.0,0.0,1.0,0.0,2025-03-25,0022401049,0.0,0.0,HOU,2.0,0.0,-10.0,10:09,Off Arc 3 Miss,0.0,Sengun REBOUND (Off:2 Def:1),,,,ATL,1610612737.0,2025.0,831.0,846.0,838.5,1629027|1629611|1630168|1630249|1631243,203500|1627832|1628988|1630578|1631095,2024-25,181.0,0.3076923076923077,0.0,0.0,0.0,0.0,,
129937.0,07:44,"MISS Risacher 3PT Jump Shot
Smith Jr. REBOUND (Off:0 Def:2)
",0.0,0.0,1.0,0.0,2025-03-25,0022401049,0.0,0.0,HOU,2.0,0.0,-17.0,07:58,Off Arc 3 Miss,0.0,Smith Jr. REBOUND (Off:0 Def:2),,,,ATL,1610612737.0,2025.0,962.0,976.0,969.0,1627777|1629027|1630168|1630249|1642258,1627832|1628988|1630578|1631095|1631106,2024-25,222.0,0.2553191489361702,0.0,0.0,0.0,0.0,,
129938.0,08:08,"Young Out of Bounds - Bad Pass Turnover Turnover (P4.T9)
",0.0,0.0,0.0,0.0,2025-03-25,0022401049,0.0,0.0,HOU,2.0,0.0,-17.0,08:11,Off At Rim Miss,1.0,Young Out of Bounds - Bad Pass Turnover Turnover (P4.T9),,,,ATL,1610612737.0,2025.0,949.0,952.0,950.5,1627777|1629027|1630168|1630249|1642258,1627832|1628988|1630578|1631095|1631106,2024-25,240.0,0.5242718446601942,0.0,0.0,0.0,0.0,,
129933.0,07:08,"Smith Jr. S.FOUL (P1.T1) (J.Tiven)
MISS Niang Free Throw 1 of 2
Hawks Rebound
Niang Free Throw 2 of 2 (4 PTS)
",0.0,0.0,0.0,0.0,2025-03-25,0022401049,0.0,0.0,HOU,2.0,1.0,-19.0,07:26,Off Timeout,0.0,MISS Niang Free Throw 1 of 2,,,,ATL,1610612737.0,2025.0,994.0,1012.0,1003.0,1627747|1627777|1629027|1630168|1642258,1628415|1630224|1630578|1631095|1631106,2024-25,259.0,0.2857142857142857,0.0,0.0,0.0,0.0,,
130173.0,08:26,"Ware BLOCK (1 BLK): MISS Daniels 6' Driving Layup
Adebayo REBOUND (Off:0 Def:8)
",1.0,0.0,0.0,0.0,2025-03-27,0022401062,0.0,0.0,MIA,3.0,0.0,-16.0,08:41,Off Timeout,0.0,Ware BLOCK (1 BLK): MISS Daniels 6' Driving Layup,,MIA,ATL,ATL,1610612737.0,2025.0,1639.0,1654.0,1646.5,1629027|1630168|1630249|1630700|1642258,202692|203952|1628389|1629639|1642276,2024-25,360.0,0.32653061224489793,0.0,0.0,0.0,0.0,,
130161.0,04:37,"MISS LeVert 3PT Running Jump Shot
LeVert REBOUND (Off:1 Def:2)
MISS Niang 5' Driving Floating Bank Jump Shot
Okongwu REBOUND (Off:2 Def:6)
Okongwu Tip Layup Shot (10 PTS)
",2.0,1.0,1.0,0.0,2025-03-27,0022401062,0.0,2.0,MIA,3.0,0.0,-17.0,04:55,Off Short Mid-Range Miss,0.0,Okongwu Tip Layup Shot (10 PTS),,MIA,ATL,ATL,1610612737.0,2025.0,1865.0,1883.0,1874.0,1627747|1627777|1629611|1630168|1630700,202692|203952|1629312|1630558|1642276,2024-25,409.0,0.2903225806451613,0.0,0.0,0.0,0.0,,
130160.0,04:37,"MISS LeVert 3PT Running Jump Shot
LeVert REBOUND (Off:1 Def:2)
MISS Niang 5' Driving Floating Bank Jump Shot
Okongwu REBOUND (Off:2 Def:6)
Okongwu Tip Layup Shot (10 PTS)
",2.0,1.0,1.0,0.0,2025-03-27,0022401062,0.0,2.0,MIA,3.0,0.0,-17.0,04:55,Off Short Mid-Range Miss,0.0,Okongwu REBOUND (Off:2 Def:6),,MIA,ATL,ATL,1610612737.0,2025.0,1865.0,1883.0,1874.0,1627747|1627777|1629611|1630168|1630700,202692|203952|1629312|1630558|1642276,2024-25,408.0,0.425,0.0,0.0,0.0,0.0,,
130159.0,04:37,"MISS LeVert 3PT Running Jump Shot
LeVert REBOUND (Off:1 Def:2)
MISS Niang 5' Driving Floating Bank Jump Shot
Okongwu REBOUND (Off:2 Def:6)
Okongwu Tip Layup Shot (10 PTS)
",2.0,1.0,1.0,0.0,2025-03-27,0022401062,0.0,2.0,MIA,3.0,0.0,-17.0,04:55,Off Short Mid-Range Miss,0.0,MISS Niang 5' Driving Floating Bank Jump Shot,,MIA,ATL,ATL,1610612737.0,2025.0,1865.0,1883.0,1874.0,1627747|1627777|1629611|1630168|1630700,202692|203952|1629312|1630558|1642276,2024-25,407.0,0.2,0.0,0.0,0.0,0.0,,
130162.0,05:18,"Burks S.FOUL (P2.T3) (T.Maddox)
LeVert Free Throw 1 of 2 (8 PTS)
LeVert Free Throw 2 of 2 (9 PTS)
",0.0,0.0,0.0,0.0,2025-03-27,0022401062,0.0,0.0,MIA,3.0,1.0,-19.0,05:31,Off Short Mid-Range Make,0.0,Burks S.FOUL (P2.T3) (T.Maddox),,MIA,ATL,ATL,1610612737.0,2025.0,1829.0,1842.0,1835.5,1627747|1630168|1630249|1630700|1642258,202692|203952|1629312|1629639|1642276,2024-25,472.0,0.2222222222222222,0.0,0.0,0.0,0.0,,
130164.0,05:18,"Burks S.FOUL (P2.T3) (T.Maddox)
LeVert Free Throw 1 of 2 (8 PTS)
LeVert Free Throw 2 of 2 (9 PTS)
",0.0,0.0,0.0,0.0,2025-03-27,0022401062,0.0,0.0,MIA,3.0,1.0,-19.0,05:31,Off Short Mid-Range Make,0.0,LeVert Free Throw 2 of 2 (9 PTS),,MIA,ATL,ATL,1610612737.0,2025.0,1829.0,1842.0,1835.5,1627747|1630168|1630249|1630700|1642258,202692|203952|1629312|1629639|1642276,2024-25,402.0,0.16326530612244897,0.0,0.0,0.0,0.0,,
130165.0,05:47,"LeVert 1' Driving Finger Roll Layup (7 PTS)
",1.0,1.0,0.0,0.0,2025-03-27,0022401062,0.0,0.0,MIA,3.0,0.0,-19.0,05:54,Off Corner 3 Miss,0.0,LeVert 1' Driving Finger Roll Layup (7 PTS),,MIA,ATL,ATL,1610612737.0,2025.0,1806.0,1813.0,1809.5,1627747|1630168|1630249|1630700|1642258,202692|203952|1629312|1629639|1642276,2024-25,390.0,0.35,0.0,0.0,0.0,0.0,,
130168.0,06:44,"Burks P.FOUL (P1.T2) (M.Kogut)
Okongwu Driving Dunk (8 PTS) (Daniels 1 AST)
",1.0,1.0,0.0,0.0,2025-03-27,0022401062,0.0,0.0,MIA,3.0,0.0,-21.0,07:07,Off Short Mid-Range Miss,0.0,Okongwu Driving Dunk (8 PTS) (Daniels 1 AST),,MIA,ATL,ATL,1610612737.0,2025.0,1733.0,1756.0,1744.5,1629027|1630168|1630249|1630700|1642258,202692|203952|1628389|1629639|1642276,2024-25,376.0,0.12903225806451613,0.0,0.0,0.0,0.0,,
130169.0,07:31,"MISS Young 18' Step Back Jump Shot
Adebayo REBOUND (Off:0 Def:10)
",1.0,0.0,0.0,0.0,2025-03-27,0022401062,0.0,0.0,MIA,3.0,0.0,-21.0,07:47,Off Arc 3 Make,0.0,MISS Young 18' Step Back Jump Shot,,MIA,ATL,ATL,1610612737.0,2025.0,1693.0,1709.0,1701.0,1629027|1630168|1630249|1630700|1642258,202692|203952|1628389|1629639|1642276,2024-25,370.0,0.22580645161290322,0.0,0.0,0.0,0.0,,
130172.0,08:03,"MISS Krejci 25' 3PT Jump Shot
Adebayo REBOUND (Off:0 Def:9)
",0.0,0.0,1.0,0.0,2025-03-27,0022401062,0.0,0.0,MIA,3.0,0.0,-18.0,08:14,Off At Rim Make,0.0,Adebayo REBOUND (Off:0 Def:9),,MIA,ATL,ATL,1610612737.0,2025.0,1666.0,1677.0,1671.5,1629027|1630168|1630249|1630700|1642258,202692|203952|1628389|1629639|1642276,2024-25,378.0,0.13333333333333333,0.0,0.0,0.0,0.0,,
130171.0,08:03,"MISS Krejci 25' 3PT Jump Shot
Adebayo REBOUND (Off:0 Def:9)
",0.0,0.0,1.0,0.0,2025-03-27,0022401062,0.0,0.0,MIA,3.0,0.0,-18.0,08:14,Off At Rim Make,0.0,MISS Krejci 25' 3PT Jump Shot,,MIA,ATL,ATL,1610612737.0,2025.0,1666.0,1677.0,1671.5,1629027|1630168|1630249|1630700|1642258,202692|203952|1628389|1629639|1642276,2024-25,366.0,0.13333333333333333,0.0,0.0,0.0,0.0,,
130157.0,04:37,"MISS LeVert 3PT Running Jump Shot
LeVert REBOUND (Off:1 Def:2)
MISS Niang 5' Driving Floating Bank Jump Shot
Okongwu REBOUND (Off:2 Def:6)
Okongwu Tip Layup Shot (10 PTS)
",2.0,1.0,1.0,0.0,2025-03-27,0022401062,0.0,2.0,MIA,3.0,0.0,-17.0,04:55,Off Short Mid-Range Miss,0.0,MISS LeVert 3PT Running Jump Shot,,MIA,ATL,ATL,1610612737.0,2025.0,1865.0,1883.0,1874.0,1627747|1627777|1629611|1630168|1630700,202692|203952|1629312|1630558|1642276,2024-25,405.0,0.5230769230769231,0.0,0.0,0.0,0.0,,
130182.0,10:56,"MISS Risacher 2' Running Finger Roll Layup
Wiggins REBOUND (Off:1 Def:2)
",1.0,0.0,0.0,0.0,2025-03-27,0022401062,0.0,0.0,MIA,3.0,0.0,-8.0,11:07,Off Steal,0.0,Wiggins REBOUND (Off:1 Def:2),,MIA,ATL,ATL,1610612737.0,2025.0,1493.0,1504.0,1498.5,1629027|1630168|1630249|1630700|1642258,202692|203952|1628389|1629639|1642276,2024-25,364.0,0.3055555555555556,0.0,0.0,0.0,0.0,,
130175.0,08:56,"Young Out of Bounds - Bad Pass Turnover Turnover (P2.T8)
",0.0,0.0,0.0,0.0,2025-03-27,0022401062,0.0,0.0,MIA,3.0,0.0,-14.0,09:07,Off Long Mid-Range Make,1.0,Young Out of Bounds - Bad Pass Turnover Turnover (P2.T8),,MIA,ATL,ATL,1610612737.0,2025.0,1613.0,1624.0,1618.5,1629027|1630168|1630249|1630700|1642258,202692|203952|1628389|1629639|1642276,2024-25,383.0,0.2641509433962264,0.0,0.0,0.0,0.0,,
130177.0,09:31,"MISS Young 31' 3PT Pullup Jump Shot
Ware REBOUND (Off:3 Def:8)
",0.0,0.0,1.0,0.0,2025-03-27,0022401062,0.0,0.0,MIA,3.0,0.0,-12.0,09:42,Off Corner 3 Make,0.0,Ware REBOUND (Off:3 Def:8),,MIA,ATL,ATL,1610612737.0,2025.0,1578.0,1589.0,1583.5,1629027|1630168|1630249|1630700|1642258,202692|203952|1628389|1629639|1642276,2024-25,404.0,0.75,0.0,0.0,0.0,0.0,,
130176.0,09:31,"MISS Young 31' 3PT Pullup Jump Shot
Ware REBOUND (Off:3 Def:8)
",0.0,0.0,1.0,0.0,2025-03-27,0022401062,0.0,0.0,MIA,3.0,0.0,-12.0,09:42,Off Corner 3 Make,0.0,MISS Young 31' 3PT Pullup Jump Shot,,MIA,ATL,ATL,1610612737.0,2025.0,1578.0,1589.0,1583.5,1629027|1630168|1630249|1630700|1642258,202692|203952|1628389|1629639|1642276,2024-25,348.0,0.4074074074074074,0.0,0.0,0.0,0.0,,
130179.0,10:29,"MISS Daniels 26' 3PT Jump Shot
Ware REBOUND (Off:3 Def:7)
",0.0,0.0,1.0,0.0,2025-03-27,0022401062,0.0,0.0,MIA,3.0,0.0,-11.0,10:41,Off Corner 3 Make,0.0,MISS Daniels 26' 3PT Jump Shot,,MIA,ATL,ATL,1610612737.0,2025.0,1519.0,1531.0,1525.0,1629027|1630168|1630249|1630700|1642258,202692|203952|1628389|1629639|1642276,2024-25,359.0,0.09836065573770492,0.0,0.0,0.0,0.0,,
130180.0,10:29,"MISS Daniels 26' 3PT Jump Shot
Ware REBOUND (Off:3 Def:7)
",0.0,0.0,1.0,0.0,2025-03-27,0022401062,0.0,0.0,MIA,3.0,0.0,-11.0,10:41,Off Corner 3 Make,0.0,Ware REBOUND (Off:3 Def:7),,MIA,ATL,ATL,1610612737.0,2025.0,1519.0,1531.0,1525.0,1629027|1630168|1630249|1630700|1642258,202692|203952|1628389|1629639|1642276,2024-25,377.0,0.7457627118644068,0.0,0.0,0.0,0.0,,
130181.0,10:56,"MISS Risacher 2' Running Finger Roll Layup
Wiggins REBOUND (Off:1 Def:2)
",1.0,0.0,0.0,0.0,2025-03-27,0022401062,0.0,0.0,MIA,3.0,0.0,-8.0,11:07,Off Steal,0.0,MISS Risacher 2' Running Finger Roll Layup,,MIA,ATL,ATL,1610612737.0,2025.0,1493.0,1504.0,1498.5,1629027|1630168|1630249|1630700|1642258,202692|203952|1628389|1629639|1642276,2024-25,334.0,0.1956521739130435,0.0,0.0,0.0,0.0,,
130184.0,11:14,"Herro S.FOUL (P1.T1) (T.Maddox)
MISS Risacher Free Throw 1 of 2
Hawks Rebound
MISS Risacher Free Throw 2 of 2
Herro REBOUND (Off:1 Def:2)
",0.0,0.0,0.0,0.0,2025-03-27,0022401062,0.0,0.0,MIA,3.0,1.0,-8.0,11:24,Off Arc 3 Make,0.0,MISS Risacher Free Throw 1 of 2,,MIA,ATL,ATL,1610612737.0,2025.0,1476.0,1486.0,1481.0,1629027|1630168|1630249|1630700|1642258,202692|203952|1628389|1629639|1642276,2024-25,328.0,0.4375,0.0,0.0,0.0,0.0,,
130183.0,11:14,"Herro S.FOUL (P1.T1) (T.Maddox)
MISS Risacher Free Throw 1 of 2
Hawks Rebound
MISS Risacher Free Throw 2 of 2
Herro REBOUND (Off:1 Def:2)
",0.0,0.0,0.0,0.0,2025-03-27,0022401062,0.0,0.0,MIA,3.0,1.0,-8.0,11:24,Off Arc 3 Make,0.0,Herro S.FOUL (P1.T1) (T.Maddox),,MIA,ATL,ATL,1610612737.0,2025.0,1476.0,1486.0,1481.0,1629027|1630168|1630249|1630700|1642258,202692|203952|1628389|1629639|1642276,2024-25,346.0,0.2682926829268293,0.0,0.0,0.0,0.0,,
130186.0,11:14,"Herro S.FOUL (P1.T1) (T.Maddox)
MISS Risacher Free Throw 1 of 2
Hawks Rebound
MISS Risacher Free Throw 2 of 2
Herro REBOUND (Off:1 Def:2)
",0.0,0.0,0.0,0.0,2025-03-27,0022401062,0.0,0.0,MIA,3.0,1.0,-8.0,11:24,Off Arc 3 Make,0.0,MISS Risacher Free Throw 2 of 2,,MIA,ATL,ATL,1610612737.0,2025.0,1476.0,1486.0,1481.0,1629027|1630168|1630249|1630700|1642258,202692|203952|1628389|1629639|1642276,2024-25,330.0,0.26666666666666666,0.0,0.0,0.0,0.0,,
130188.0,11:34,"MISS Risacher 24' 3PT Running Jump Shot
Ware REBOUND (Off:3 Def:6)
",0.0,0.0,1.0,0.0,2025-03-27,0022401062,0.0,0.0,MIA,3.0,0.0,-5.0,11:44,Off Steal,0.0,MISS Risacher 24' 3PT Running Jump Shot,,MIA,ATL,ATL,1610612737.0,2025.0,1456.0,1466.0,1461.0,1629027|1630168|1630249|1630700|1642258,202692|203952|1628389|1629639|1642276,2024-25,323.0,0.21428571428571427,0.0,0.0,0.0,0.0,,
130100.0,00:00,"MISS Young 43' 3PT Pullup Jump Shot
Hawks Rebound
",0.0,0.0,1.0,0.0,2025-03-27,0022401062,0.0,0.0,MIA,2.0,0.0,-5.0,00:05,Off At Rim Make,0.0,Hawks Rebound,,MIA,ATL,ATL,1610612737.0,2025.0,1435.0,1440.0,1437.5,1627747|1629027|1630168|1630700|1642258,203952|1628389|1629312|1629639|1630558,2024-25,310.0,0.2222222222222222,0.0,0.0,0.0,0.0,,
130155.0,03:52,"LeVert 25' 3PT Pullup Jump Shot (12 PTS)
",0.0,0.0,1.0,1.0,2025-03-27,0022401062,0.0,0.0,MIA,3.0,0.0,-16.0,04:04,Off Corner 3 Make,0.0,LeVert 25' 3PT Pullup Jump Shot (12 PTS),,MIA,ATL,ATL,1610612737.0,2025.0,1916.0,1928.0,1922.0,1627747|1627777|1629611|1630700|1631230,202692|203952|1629312|1630558|1642276,2024-25,441.0,0.37209302325581395,0.0,0.0,0.0,0.0,,
130099.0,00:00,"MISS Young 43' 3PT Pullup Jump Shot
Hawks Rebound
",0.0,0.0,1.0,0.0,2025-03-27,0022401062,0.0,0.0,MIA,2.0,0.0,-5.0,00:05,Off At Rim Make,0.0,MISS Young 43' 3PT Pullup Jump Shot,,MIA,ATL,ATL,1610612737.0,2025.0,1435.0,1440.0,1437.5,1627747|1629027|1630168|1630700|1642258,203952|1628389|1629312|1629639|1630558,2024-25,309.0,0.3188405797101449,0.0,0.0,0.0,0.0,,
130174.0,08:26,"Ware BLOCK (1 BLK): MISS Daniels 6' Driving Layup
Adebayo REBOUND (Off:0 Def:8)
",1.0,0.0,0.0,0.0,2025-03-27,0022401062,0.0,0.0,MIA,3.0,0.0,-16.0,08:41,Off Timeout,0.0,Adebayo REBOUND (Off:0 Def:8),,MIA,ATL,ATL,1610612737.0,2025.0,1639.0,1654.0,1646.5,1629027|1630168|1630249|1630700|1642258,202692|203952|1628389|1629639|1642276,2024-25,437.0,0.7419354838709677,0.0,0.0,0.0,0.0,,
130153.0,03:07,"MISS LeVert 24' 3PT Jump Shot
Barlow REBOUND (Off:1 Def:0)
MISS Daniels 25' 3PT Jump Shot
HEAT Rebound
",0.0,0.0,2.0,0.0,2025-03-27,0022401062,0.0,1.0,MIA,3.0,0.0,-13.0,03:31,Off Long Mid-Range Miss,0.0,MISS Daniels 25' 3PT Jump Shot,,MIA,ATL,ATL,1610612737.0,2025.0,1949.0,1973.0,1961.0,1627747|1627777|1629611|1630700|1631230,202692|203952|1629312|1630558|1642276,2024-25,452.0,0.13043478260869565,0.0,0.0,0.0,0.0,,
130209.0,07:49,"MISS Mann 3PT Jump Shot
Highsmith REBOUND (Off:0 Def:1)
",0.0,0.0,1.0,0.0,2025-03-27,0022401062,0.0,0.0,MIA,4.0,0.0,-14.0,08:11,Off Timeout,0.0,Highsmith REBOUND (Off:0 Def:1),,MIA,ATL,ATL,1610612737.0,2025.0,2389.0,2411.0,2400.0,1627747|1629027|1629611|1630168|1630700,203937|1628389|1629312|1629639|1630558,2024-25,583.0,0.20833333333333334,0.0,0.0,0.0,0.0,,
130149.0,02:24,"Adebayo STEAL (3 STL): Daniels Lost Ball Turnover (P2.T10)
",0.0,0.0,0.0,0.0,2025-03-27,0022401062,0.0,0.0,MIA,3.0,0.0,-13.0,02:27,Off Arc 3 Miss,1.0,Adebayo STEAL (3 STL): Daniels Lost Ball Turnover (P2.T10),,MIA,ATL,ATL,1610612737.0,2025.0,2013.0,2016.0,2014.5,1627747|1627777|1629611|1630700|1631230,202692|203952|1628389|1629312|1630558,2024-25,457.0,0.23376623376623376,0.0,0.0,0.0,0.0,,
130102.0,00:07,"MISS Okongwu 26' 3PT Jump Shot
Daniels REBOUND (Off:1 Def:3)
MISS Daniels 1' Tip Layup Shot
Daniels REBOUND (Off:2 Def:3)
Herro STEAL (2 STL): Young Lost Ball Turnover (P1.T7)
",1.0,0.0,1.0,0.0,2025-03-27,0022401062,0.0,2.0,MIA,2.0,0.0,-3.0,00:34,Off Short Mid-Range Miss,1.0,Daniels REBOUND (Off:1 Def:3),,MIA,ATL,ATL,1610612737.0,2025.0,1406.0,1433.0,1419.5,1627747|1629027|1630168|1630700|1642258,203952|1628389|1629312|1629639|1630558,2024-25,320.0,0.25396825396825395,0.0,0.0,0.0,0.0,,
130193.0,01:00,"LeVert 24' 3PT Jump Shot (17 PTS) (Young 12 AST)
",0.0,0.0,1.0,1.0,2025-03-27,0022401062,0.0,0.0,MIA,4.0,0.0,-10.0,01:13,Off Long Mid-Range Make,0.0,LeVert 24' 3PT Jump Shot (17 PTS) (Young 12 AST),,MIA,ATL,ATL,1610612737.0,2025.0,2807.0,2820.0,2813.5,1627747|1629027|1629611|1630168|1630700,203952|1628389|1629312|1629639|1630558,2024-25,559.0,0.3368421052631579,0.0,0.0,0.0,0.0,,
130194.0,01:32,"Young Out of Bounds Lost Ball Turnover (P5.T16)
",0.0,0.0,0.0,0.0,2025-03-27,0022401062,0.0,0.0,MIA,4.0,0.0,-8.0,01:38,Off Steal,1.0,Young Out of Bounds Lost Ball Turnover (P5.T16),,MIA,ATL,ATL,1610612737.0,2025.0,2782.0,2788.0,2785.0,1627747|1629027|1629611|1630168|1630700,203952|1628389|1629312|1629639|1630558,2024-25,556.0,0.3373493975903614,0.0,0.0,0.0,0.0,,
130196.0,02:00,"MISS Young 29' 3PT Jump Shot
Wiggins REBOUND (Off:1 Def:4)
",0.0,0.0,1.0,0.0,2025-03-27,0022401062,0.0,0.0,MIA,4.0,0.0,-8.0,02:18,Off Arc 3 Make,0.0,Wiggins REBOUND (Off:1 Def:4),,MIA,ATL,ATL,1610612737.0,2025.0,2742.0,2760.0,2751.0,1627747|1629027|1629611|1630168|1630700,203952|1628389|1629312|1629639|1630558,2024-25,676.0,0.7540983606557377,0.0,0.0,0.0,0.0,,
130195.0,02:00,"MISS Young 29' 3PT Jump Shot
Wiggins REBOUND (Off:1 Def:4)
",0.0,0.0,1.0,0.0,2025-03-27,0022401062,0.0,0.0,MIA,4.0,0.0,-8.0,02:18,Off Arc 3 Make,0.0,MISS Young 29' 3PT Jump Shot,,MIA,ATL,ATL,1610612737.0,2025.0,2742.0,2760.0,2751.0,1627747|1629027|1629611|1630168|1630700,203952|1628389|1629312|1629639|1630558,2024-25,696.0,0.5714285714285714,0.0,0.0,0.0,0.0,,
130197.0,02:45,"Young 29' 3PT Running Pull-Up Jump Shot (29 PTS)
",0.0,0.0,1.0,1.0,2025-03-27,0022401062,0.0,0.0,MIA,4.0,0.0,-8.0,02:49,Off Steal,0.0,Young 29' 3PT Running Pull-Up Jump Shot (29 PTS),,MIA,ATL,ATL,1610612737.0,2025.0,2711.0,2715.0,2713.0,1627747|1629027|1629611|1630168|1630700,203952|1628389|1629312|1629639|1630558,2024-25,549.0,0.4318181818181818,0.0,0.0,0.0,0.0,,
130198.0,03:12,"Wiggins STEAL (1 STL): Okongwu Bad Pass Turnover (P2.T15)
",0.0,0.0,0.0,0.0,2025-03-27,0022401062,0.0,0.0,MIA,4.0,0.0,-8.0,03:36,Off Arc 3 Miss,1.0,Wiggins STEAL (1 STL): Okongwu Bad Pass Turnover (P2.T15),,MIA,ATL,ATL,1610612737.0,2025.0,2664.0,2688.0,2676.0,1627747|1629027|1629611|1630168|1630700,203952|1628389|1629312|1629639|1630558,2024-25,545.0,0.26666666666666666,0.0,0.0,0.0,0.0,,
130200.0,04:37,"Young 30' 3PT Running Pull-Up Jump Shot (26 PTS)
",0.0,0.0,1.0,1.0,2025-03-27,0022401062,0.0,0.0,MIA,4.0,0.0,-13.0,04:42,Off Steal,0.0,Young 30' 3PT Running Pull-Up Jump Shot (26 PTS),,MIA,ATL,ATL,1610612737.0,2025.0,2598.0,2603.0,2600.5,1627747|1629027|1629611|1630168|1630700,203952|1628389|1629312|1629639|1630558,2024-25,534.0,0.22535211267605634,0.0,0.0,0.0,0.0,,
130201.0,05:06,"Young Out of Bounds Lost Ball Turnover (P4.T14)
",0.0,0.0,0.0,0.0,2025-03-27,0022401062,0.0,0.0,MIA,4.0,0.0,-13.0,05:13,Off At Rim Make,1.0,Young Out of Bounds Lost Ball Turnover (P4.T14),,MIA,ATL,ATL,1610612737.0,2025.0,2567.0,2574.0,2570.5,1627747|1629027|1629611|1630168|1630700,203952|1628389|1629312|1629639|1630558,2024-25,584.0,0.2898550724637681,0.0,0.0,0.0,0.0,,
130204.0,05:16,"Mitchell P.FOUL (P3.T3) (M.Kogut)
MISS Young 24' 3PT Step Back Jump Shot
Wiggins REBOUND (Off:1 Def:3)
",0.0,0.0,1.0,0.0,2025-03-27,0022401062,0.0,0.0,MIA,4.0,0.0,-11.0,05:39,Off FT Make,0.0,Wiggins REBOUND (Off:1 Def:3),,MIA,ATL,ATL,1610612737.0,2025.0,2541.0,2564.0,2552.5,1627747|1629027|1629611|1630168|1630700,203952|1628389|1629312|1629639|1630558,2024-25,645.0,0.26865671641791045,0.0,0.0,0.0,0.0,,
130203.0,05:16,"Mitchell P.FOUL (P3.T3) (M.Kogut)
MISS Young 24' 3PT Step Back Jump Shot
Wiggins REBOUND (Off:1 Def:3)
",0.0,0.0,1.0,0.0,2025-03-27,0022401062,0.0,0.0,MIA,4.0,0.0,-11.0,05:39,Off FT Make,0.0,MISS Young 24' 3PT Step Back Jump Shot,,MIA,ATL,ATL,1610612737.0,2025.0,2541.0,2564.0,2552.5,1627747|1629027|1629611|1630168|1630700,203952|1628389|1629312|1629639|1630558,2024-25,527.0,0.3287671232876712,0.0,0.0,0.0,0.0,,
130202.0,05:16,"Mitchell P.FOUL (P3.T3) (M.Kogut)
MISS Young 24' 3PT Step Back Jump Shot
Wiggins REBOUND (Off:1 Def:3)
",0.0,0.0,1.0,0.0,2025-03-27,0022401062,0.0,0.0,MIA,4.0,0.0,-11.0,05:39,Off FT Make,0.0,Mitchell P.FOUL (P3.T3) (M.Kogut),,MIA,ATL,ATL,1610612737.0,2025.0,2541.0,2564.0,2552.5,1627747|1629027|1629611|1630168|1630700,203952|1628389|1629312|1629639|1630558,2024-25,639.0,0.22580645161290322,0.0,0.0,0.0,0.0,,
130205.0,06:01,"Okongwu 3PT Jump Shot (15 PTS) (Young 10 AST)
",0.0,0.0,1.0,1.0,2025-03-27,0022401062,0.0,0.0,MIA,4.0,0.0,-12.0,06:11,Off Short Mid-Range Miss,0.0,Okongwu 3PT Jump Shot (15 PTS) (Young 10 AST),,MIA,ATL,ATL,1610612737.0,2025.0,2509.0,2519.0,2514.0,1627747|1629027|1629611|1630168|1630700,203937|1628389|1629312|1629639|1630558,2024-25,641.0,0.4897959183673469,0.0,0.0,0.0,0.0,,
130206.0,06:34,"Okongwu 1' Alley Oop Layup (12 PTS) (Young 9 AST)
",1.0,1.0,0.0,0.0,2025-03-27,0022401062,0.0,0.0,MIA,4.0,0.0,-14.0,06:45,Off Short Mid-Range Make,0.0,Okongwu 1' Alley Oop Layup (12 PTS) (Young 9 AST),,MIA,ATL,ATL,1610612737.0,2025.0,2475.0,2486.0,2480.5,1627747|1629027|1629611|1630168|1630700,203937|1628389|1629312|1629639|1630558,2024-25,513.0,0.275,0.0,0.0,0.0,0.0,,
130208.0,07:49,"MISS Mann 3PT Jump Shot
Highsmith REBOUND (Off:0 Def:1)
",0.0,0.0,1.0,0.0,2025-03-27,0022401062,0.0,0.0,MIA,4.0,0.0,-14.0,08:11,Off Timeout,0.0,MISS Mann 3PT Jump Shot,,MIA,ATL,ATL,1610612737.0,2025.0,2389.0,2411.0,2400.0,1627747|1629027|1629611|1630168|1630700,203937|1628389|1629312|1629639|1630558,2024-25,505.0,0.2413793103448276,0.0,0.0,0.0,0.0,,
130210.0,08:27,"Highsmith STEAL (2 STL): Young Bad Pass Turnover (P3.T13)
",0.0,0.0,0.0,0.0,2025-03-27,0022401062,0.0,0.0,MIA,4.0,0.0,-11.0,08:39,Off Short Mid-Range Make,1.0,Highsmith STEAL (2 STL): Young Bad Pass Turnover (P3.T13),,MIA,ATL,ATL,1610612737.0,2025.0,2361.0,2373.0,2367.0,1629027|1629611|1630168|1630249|1642258,203937|1628389|1629312|1629639|1630558,2024-25,497.0,0.20588235294117646,0.0,0.0,0.0,0.0,,
130211.0,09:01,"Young 7' Driving Finger Roll Layup (22 PTS)
Mitchell S.FOUL (P2.T2) (B.Schwab)
Young Free Throw 1 of 1 (23 PTS)
",1.0,1.0,0.0,0.0,2025-03-27,0022401062,0.0,0.0,MIA,4.0,1.0,-12.0,09:12,Off Timeout,0.0,Young 7' Driving Finger Roll Layup (22 PTS),,MIA,ATL,ATL,1610612737.0,2025.0,2328.0,2339.0,2333.5,1629027|1629611|1630168|1630249|1642258,203937|1628389|1629312|1629639|1630558,2024-25,492.0,0.5316455696202531,0.0,0.0,0.0,0.0,,
130214.0,09:16,"Mitchell STEAL (1 STL): Krejci Lost Ball Turnover (P2.T12)
",0.0,0.0,0.0,0.0,2025-03-27,0022401062,0.0,0.0,MIA,4.0,0.0,-9.0,09:36,Off FT Make,1.0,Mitchell STEAL (1 STL): Krejci Lost Ball Turnover (P2.T12),,MIA,ATL,ATL,1610612737.0,2025.0,2304.0,2324.0,2314.0,1629027|1629611|1630249|1631230|1642258,203937|1628389|1629312|1629639|1630558,2024-25,485.0,0.16279069767441862,0.0,0.0,0.0,0.0,,
130216.0,09:51,"Anderson P.FOUL (P1.T1) (T.Maddox)
Krejci 3PT Jump Shot (14 PTS) (Risacher 4 AST)
",0.0,0.0,1.0,1.0,2025-03-27,0022401062,0.0,0.0,MIA,4.0,0.0,-9.0,10:10,Off At Rim Miss,0.0,Krejci 3PT Jump Shot (14 PTS) (Risacher 4 AST),,MIA,ATL,ATL,1610612737.0,2025.0,2270.0,2289.0,2279.5,1629027|1629611|1630249|1631230|1642258,203937|1628389|1629312|1629639|1630558,2024-25,478.0,0.325,0.0,0.0,0.0,0.0,,
130215.0,09:51,"Anderson P.FOUL (P1.T1) (T.Maddox)
Krejci 3PT Jump Shot (14 PTS) (Risacher 4 AST)
",0.0,0.0,1.0,1.0,2025-03-27,0022401062,0.0,0.0,MIA,4.0,0.0,-9.0,10:10,Off At Rim Miss,0.0,Anderson P.FOUL (P1.T1) (T.Maddox),,MIA,ATL,ATL,1610612737.0,2025.0,2270.0,2289.0,2279.5,1629027|1629611|1630249|1631230|1642258,203937|1628389|1629312|1629639|1630558,2024-25,529.0,0.2608695652173913,0.0,0.0,0.0,0.0,,
130218.0,11:03,"Young 27' 3PT Pullup Jump Shot (20 PTS)
",0.0,0.0,1.0,1.0,2025-03-27,0022401062,0.0,0.0,MIA,4.0,0.0,-12.0,11:11,Off At Rim Make,0.0,Young 27' 3PT Pullup Jump Shot (20 PTS),,MIA,ATL,ATL,1610612737.0,2025.0,2209.0,2217.0,2213.0,1629027|1629611|1630249|1631230|1642258,203937|1628389|1629312|1629639|1630558,2024-25,522.0,0.5192307692307693,0.0,0.0,0.0,0.0,,
130219.0,11:35,"Mann 27' 3PT Pullup Jump Shot (10 PTS) (Risacher 3 AST)
",0.0,0.0,1.0,1.0,2025-03-27,0022401062,0.0,0.0,MIA,4.0,0.0,-13.0,12:00,Off Dead Ball,0.0,Mann 27' 3PT Pullup Jump Shot (10 PTS) (Risacher 3 AST),,MIA,ATL,ATL,1610612737.0,2025.0,2160.0,2185.0,2172.5,1629027|1629611|1630249|1631230|1642258,203937|1628389|1629312|1629639|1630558,2024-25,466.0,0.3218390804597701,0.0,0.0,0.0,0.0,,
130143.0,00:02,"Hawks Turnover: Shot Clock (T#11)
",0.0,0.0,0.0,0.0,2025-03-27,0022401062,0.0,0.0,MIA,3.0,0.0,-13.0,00:26,Off Arc 3 Make,1.0,Hawks Turnover: Shot Clock (T#11),,MIA,ATL,ATL,1610612737.0,2025.0,2134.0,2158.0,2146.0,1627747|1627777|1629027|1629611|1631230,203937|1628389|1629312|1629639|1630558,2024-25,459.0,0.20408163265306123,0.0,0.0,0.0,0.0,,
130145.0,00:33,"MISS LeVert 5' Driving Finger Roll Layup
Anderson REBOUND (Off:0 Def:2)
",1.0,0.0,0.0,0.0,2025-03-27,0022401062,0.0,0.0,MIA,3.0,0.0,-10.0,00:46,Off At Rim Make,0.0,Anderson REBOUND (Off:0 Def:2),,MIA,ATL,ATL,1610612737.0,2025.0,2114.0,2127.0,2120.5,1627747|1627777|1629027|1629611|1631230,203937|1628389|1629312|1629639|1630558,2024-25,542.0,0.8064516129032258,0.0,0.0,0.0,0.0,,
130144.0,00:33,"MISS LeVert 5' Driving Finger Roll Layup
Anderson REBOUND (Off:0 Def:2)
",1.0,0.0,0.0,0.0,2025-03-27,0022401062,0.0,0.0,MIA,3.0,0.0,-10.0,00:46,Off At Rim Make,0.0,MISS LeVert 5' Driving Finger Roll Layup,,MIA,ATL,ATL,1610612737.0,2025.0,2114.0,2127.0,2120.5,1627747|1627777|1629027|1629611|1631230,203937|1628389|1629312|1629639|1630558,2024-25,455.0,0.23684210526315788,0.0,0.0,0.0,0.0,,
130147.0,01:37,"Niang 24' 3PT Step Back Bank Jump Shot (5 PTS) (Young 7 AST)
",0.0,0.0,1.0,1.0,2025-03-27,0022401062,0.0,0.0,MIA,3.0,0.0,-13.0,01:46,Off Short Mid-Range Make,0.0,Niang 24' 3PT Step Back Bank Jump Shot (5 PTS) (Young 7 AST),,MIA,ATL,ATL,1610612737.0,2025.0,2054.0,2063.0,2058.5,1627747|1627777|1629027|1629611|1631230,203937|1628389|1629312|1629639|1630558,2024-25,449.0,0.12987012987012986,0.0,0.0,0.0,0.0,,
130148.0,02:05,"LeVert 1' Running Finger Roll Layup (14 PTS) (Mann 1 AST)
",1.0,1.0,0.0,0.0,2025-03-27,0022401062,0.0,0.0,MIA,3.0,0.0,-13.0,02:09,Off Steal,0.0,LeVert 1' Running Finger Roll Layup (14 PTS) (Mann 1 AST),,MIA,ATL,ATL,1610612737.0,2025.0,2031.0,2035.0,2033.0,1627747|1627777|1629611|1630700|1631230,202692|203952|1628389|1629312|1630558,2024-25,439.0,0.15,0.0,0.0,0.0,0.0,,
130150.0,02:37,"Adebayo STEAL (2 STL): Niang Lost Ball Turnover (P1.T9)
",0.0,0.0,0.0,0.0,2025-03-27,0022401062,0.0,0.0,MIA,3.0,0.0,-13.0,02:42,Off Short Mid-Range Miss,1.0,Adebayo STEAL (2 STL): Niang Lost Ball Turnover (P1.T9),,MIA,ATL,ATL,1610612737.0,2025.0,1998.0,2003.0,2000.5,1627747|1627777|1629611|1630700|1631230,202692|203952|1628389|1629312|1630558,2024-25,431.0,0.1111111111111111,0.0,0.0,0.0,0.0,,
130107.0,00:57,"MISS Young 26' 3PT Pullup Jump Shot
Adebayo REBOUND (Off:0 Def:7)
",0.0,0.0,1.0,0.0,2025-03-27,0022401062,0.0,0.0,MIA,2.0,0.0,-3.0,01:11,Off FT Make,0.0,Adebayo REBOUND (Off:0 Def:7),,MIA,ATL,ATL,1610612737.0,2025.0,1369.0,1383.0,1376.0,1627747|1629027|1630168|1630700|1642258,203952|1628389|1629312|1629639|1630558,2024-25,363.0,0.7666666666666667,0.0,0.0,0.0,0.0,,
130066.0,02:38,"Young 12' Driving Floating Jump Shot (8 PTS)
",1.0,1.0,0.0,0.0,2025-03-27,0022401062,0.0,0.0,MIA,1.0,0.0,10.0,02:47,Off Corner 3 Make,0.0,Young 12' Driving Floating Jump Shot (8 PTS),,MIA,ATL,ATL,1610612737.0,2025.0,553.0,562.0,557.5,1627747|1627777|1629027|1629611|1631230,1628389|1629312|1629639|1630558|1641796,2024-25,127.0,0.22784810126582278,0.0,0.0,0.0,0.0,,
130109.0,01:16,"MISS Okongwu 3PT Jump Shot
Herro REBOUND (Off:1 Def:1)
",0.0,0.0,1.0,0.0,2025-03-27,0022401062,0.0,0.0,MIA,2.0,0.0,-2.0,01:40,Off At Rim Make,0.0,Herro REBOUND (Off:1 Def:1),,MIA,ATL,ATL,1610612737.0,2025.0,1340.0,1364.0,1352.0,1627747|1629027|1630168|1630700|1642258,203952|1628389|1629312|1629639|1630558,2024-25,301.0,0.27586206896551724,0.0,0.0,0.0,0.0,,
130065.0,02:03,"MISS LeVert 5' Driving Layup
Adebayo REBOUND (Off:0 Def:2)
",1.0,0.0,0.0,0.0,2025-03-27,0022401062,0.0,0.0,MIA,1.0,0.0,10.0,02:17,Off Short Mid-Range Make,0.0,Adebayo REBOUND (Off:0 Def:2),,MIA,ATL,ATL,1610612737.0,2025.0,583.0,597.0,590.0,1627747|1627777|1629027|1629611|1631230,1628389|1629312|1629639|1630558|1641796,2024-25,130.0,0.2903225806451613,0.0,0.0,0.0,0.0,,
130067.0,03:00,"Mitchell S.FOUL (P1.T2) (T.Maddox)
MISS LeVert Free Throw 1 of 2
Hawks Rebound
LeVert Free Throw 2 of 2 (1 PTS)
",0.0,0.0,0.0,0.0,2025-03-27,0022401062,0.0,0.0,MIA,1.0,1.0,12.0,03:00,Off Arc 3 Miss,0.0,Mitchell S.FOUL (P1.T2) (T.Maddox),,MIA,ATL,ATL,1610612737.0,2025.0,540.0,540.0,540.0,1627747|1627777|1629027|1629611|1631230,1628389|1629312|1629639|1630558|1641796,2024-25,117.0,0.25,0.0,0.0,0.0,0.0,,
130070.0,03:00,"Mitchell S.FOUL (P1.T2) (T.Maddox)
MISS LeVert Free Throw 1 of 2
Hawks Rebound
LeVert Free Throw 2 of 2 (1 PTS)
",0.0,0.0,0.0,0.0,2025-03-27,0022401062,0.0,0.0,MIA,1.0,1.0,12.0,03:00,Off Arc 3 Miss,0.0,LeVert Free Throw 2 of 2 (1 PTS),,MIA,ATL,ATL,1610612737.0,2025.0,540.0,540.0,540.0,1627747|1627777|1629027|1629611|1631230,1628389|1629312|1629639|1630558|1641796,2024-25,124.0,0.3125,0.0,0.0,0.0,0.0,,
130069.0,03:00,"Mitchell S.FOUL (P1.T2) (T.Maddox)
MISS LeVert Free Throw 1 of 2
Hawks Rebound
LeVert Free Throw 2 of 2 (1 PTS)
",0.0,0.0,0.0,0.0,2025-03-27,0022401062,0.0,0.0,MIA,1.0,1.0,12.0,03:00,Off Arc 3 Miss,0.0,Hawks Rebound,,MIA,ATL,ATL,1610612737.0,2025.0,540.0,540.0,540.0,1627747|1627777|1629027|1629611|1631230,1628389|1629312|1629639|1630558|1641796,2024-25,121.0,0.13333333333333333,0.0,0.0,0.0,0.0,,
130068.0,03:00,"Mitchell S.FOUL (P1.T2) (T.Maddox)
MISS LeVert Free Throw 1 of 2
Hawks Rebound
LeVert Free Throw 2 of 2 (1 PTS)
",0.0,0.0,0.0,0.0,2025-03-27,0022401062,0.0,0.0,MIA,1.0,1.0,12.0,03:00,Off Arc 3 Miss,0.0,MISS LeVert Free Throw 1 of 2,,MIA,ATL,ATL,1610612737.0,2025.0,540.0,540.0,540.0,1627747|1627777|1629027|1629611|1631230,1628389|1629312|1629639|1630558|1641796,2024-25,120.0,0.1702127659574468,0.0,0.0,0.0,0.0,,
130072.0,03:39,"MISS Daniels 27' 3PT Jump Shot
Ware REBOUND (Off:3 Def:3)
",0.0,0.0,1.0,0.0,2025-03-27,0022401062,0.0,0.0,MIA,1.0,0.0,10.0,03:49,Off Short Mid-Range Miss,0.0,MISS Daniels 27' 3PT Jump Shot,,MIA,ATL,ATL,1610612737.0,2025.0,491.0,501.0,496.0,1627747|1627777|1629611|1630168|1630700,1629312|1629639|1630558|1641796|1642276,2024-25,110.0,0.09836065573770492,0.0,0.0,0.0,0.0,,
130074.0,04:02,"Larsson STEAL (1 STL): Okongwu Bad Pass Turnover (P1.T3)
",0.0,0.0,0.0,0.0,2025-03-27,0022401062,0.0,0.0,MIA,1.0,0.0,10.0,04:12,Off At Rim Make,1.0,Larsson STEAL (1 STL): Okongwu Bad Pass Turnover (P1.T3),,MIA,ATL,ATL,1610612737.0,2025.0,468.0,478.0,473.0,1627747|1627777|1629611|1630168|1630700,1629312|1629639|1630558|1641796|1642276,2024-25,103.0,0.38636363636363635,0.0,0.0,0.0,0.0,,
130075.0,04:22,"Herro STEAL (1 STL): Daniels Bad Pass Turnover (P1.T2)
",0.0,0.0,0.0,0.0,2025-03-27,0022401062,0.0,0.0,MIA,1.0,0.0,12.0,04:30,Off Arc 3 Miss,1.0,Herro STEAL (1 STL): Daniels Bad Pass Turnover (P1.T2),,MIA,ATL,ATL,1610612737.0,2025.0,450.0,458.0,454.0,1627747|1627777|1629611|1630168|1630700,1629312|1629639|1630558|1641796|1642276,2024-25,99.0,0.14285714285714285,0.0,0.0,0.0,0.0,,
130076.0,04:40,"Daniels 3' Driving Layup (4 PTS) (LeVert 2 AST)
",1.0,1.0,0.0,0.0,2025-03-27,0022401062,0.0,0.0,MIA,1.0,0.0,10.0,04:57,Off FT Make,0.0,Daniels 3' Driving Layup (4 PTS) (LeVert 2 AST),,MIA,ATL,ATL,1610612737.0,2025.0,423.0,440.0,431.5,1627747|1627777|1629611|1630168|1630700,1629312|1629639|1630558|1641796|1642276,2024-25,95.0,0.12307692307692308,0.0,0.0,0.0,0.0,,
130077.0,05:02,"MISS Okongwu 2' Reverse Layup
Wiggins REBOUND (Off:0 Def:1)
",1.0,0.0,0.0,0.0,2025-03-27,0022401062,0.0,0.0,MIA,1.0,0.0,12.0,05:13,Off Short Mid-Range Miss,0.0,MISS Okongwu 2' Reverse Layup,,MIA,ATL,ATL,1610612737.0,2025.0,407.0,418.0,412.5,1627747|1630168|1630249|1630700|1642258,203952|1629312|1629639|1630558|1642276,2024-25,83.0,0.30434782608695654,0.0,0.0,0.0,0.0,,
130078.0,05:02,"MISS Okongwu 2' Reverse Layup
Wiggins REBOUND (Off:0 Def:1)
",1.0,0.0,0.0,0.0,2025-03-27,0022401062,0.0,0.0,MIA,1.0,0.0,12.0,05:13,Off Short Mid-Range Miss,0.0,Wiggins REBOUND (Off:0 Def:1),,MIA,ATL,ATL,1610612737.0,2025.0,407.0,418.0,412.5,1627747|1630168|1630249|1630700|1642258,203952|1629312|1629639|1630558|1642276,2024-25,88.0,0.7796610169491526,0.0,0.0,0.0,0.0,,
130080.0,05:25,"MISS Krejci 24' 3PT Running Pull-Up Jump Shot
Ware REBOUND (Off:3 Def:2)
",0.0,0.0,1.0,0.0,2025-03-27,0022401062,0.0,0.0,MIA,1.0,0.0,12.0,05:34,Off Long Mid-Range Miss,0.0,Ware REBOUND (Off:3 Def:2),,MIA,ATL,ATL,1610612737.0,2025.0,386.0,395.0,390.5,1627747|1630168|1630249|1630700|1642258,203952|1629312|1629639|1630558|1642276,2024-25,75.0,0.2222222222222222,0.0,0.0,0.0,0.0,,
130064.0,02:03,"MISS LeVert 5' Driving Layup
Adebayo REBOUND (Off:0 Def:2)
",1.0,0.0,0.0,0.0,2025-03-27,0022401062,0.0,0.0,MIA,1.0,0.0,10.0,02:17,Off Short Mid-Range Make,0.0,MISS LeVert 5' Driving Layup,,MIA,ATL,ATL,1610612737.0,2025.0,583.0,597.0,590.0,1627747|1627777|1629027|1629611|1631230,1628389|1629312|1629639|1630558|1641796,2024-25,128.0,0.34782608695652173,0.0,0.0,0.0,0.0,,
130081.0,06:02,"Krejci 25' 3PT Jump Shot (6 PTS) (LeVert 1 AST)
",0.0,0.0,1.0,1.0,2025-03-27,0022401062,0.0,0.0,MIA,1.0,0.0,9.0,06:11,Off Long Mid-Range Make,0.0,Krejci 25' 3PT Jump Shot (6 PTS) (LeVert 1 AST),,MIA,ATL,ATL,1610612737.0,2025.0,349.0,358.0,353.5,1627747|1630168|1630249|1630700|1642258,203952|1629312|1629639|1630558|1642276,2024-25,73.0,0.125,0.0,0.0,0.0,0.0,,
130084.0,06:33,"Ware S.FOUL (P1.T1) (B.Schwab)
Okongwu Free Throw 1 of 2 (3 PTS)
Okongwu Free Throw 2 of 2 (4 PTS)
",0.0,0.0,0.0,0.0,2025-03-27,0022401062,0.0,0.0,MIA,1.0,1.0,9.0,06:43,Off Corner 3 Make,0.0,Okongwu Free Throw 2 of 2 (4 PTS),,MIA,ATL,ATL,1610612737.0,2025.0,317.0,327.0,322.0,1629027|1630168|1630249|1630700|1642258,202692|203952|1628389|1629639|1642276,2024-25,71.0,0.20689655172413793,0.0,0.0,0.0,0.0,,
130086.0,06:54,"MISS Young 15' Driving Floating Jump Shot
Adebayo REBOUND (Off:0 Def:1)
",1.0,0.0,0.0,0.0,2025-03-27,0022401062,0.0,0.0,MIA,1.0,0.0,12.0,07:09,Off FT Make,0.0,Adebayo REBOUND (Off:0 Def:1),,MIA,ATL,ATL,1610612737.0,2025.0,291.0,306.0,298.5,1629027|1630168|1630249|1630700|1642258,202692|203952|1628389|1629639|1642276,2024-25,65.0,0.7213114754098361,0.0,0.0,0.0,0.0,,
130087.0,07:22,"Young 26' 3PT Pullup Jump Shot (6 PTS)
",0.0,0.0,1.0,1.0,2025-03-27,0022401062,0.0,0.0,MIA,1.0,0.0,11.0,07:30,Off Short Mid-Range Make,0.0,Young 26' 3PT Pullup Jump Shot (6 PTS),,MIA,ATL,ATL,1610612737.0,2025.0,270.0,278.0,274.0,1629027|1630168|1630249|1630700|1642258,202692|203952|1628389|1629639|1642276,2024-25,50.0,0.17543859649122806,0.0,0.0,0.0,0.0,,
130088.0,07:55,"Young 26' 3PT Running Pull-Up Jump Shot (3 PTS)
",0.0,0.0,1.0,1.0,2025-03-27,0022401062,0.0,0.0,MIA,1.0,0.0,10.0,08:00,Off Arc 3 Miss,0.0,Young 26' 3PT Running Pull-Up Jump Shot (3 PTS),,MIA,ATL,ATL,1610612737.0,2025.0,240.0,245.0,242.5,1629027|1630168|1630249|1630700|1642258,202692|203952|1628389|1629639|1642276,2024-25,48.0,0.175,0.0,0.0,0.0,0.0,,
130089.0,08:21,"Krejci 27' 3PT Running Jump Shot (3 PTS) (Risacher 1 AST)
",0.0,0.0,1.0,1.0,2025-03-27,0022401062,0.0,0.0,MIA,1.0,0.0,7.0,08:28,Off Steal,0.0,Krejci 27' 3PT Running Jump Shot (3 PTS) (Risacher 1 AST),,MIA,ATL,ATL,1610612737.0,2025.0,212.0,219.0,215.5,1629027|1630168|1630249|1630700|1642258,202692|203952|1628389|1629639|1642276,2024-25,43.0,0.3191489361702128,0.0,0.0,0.0,0.0,,
130091.0,09:20,"MISS Okongwu 26' 3PT Jump Shot
Ware REBOUND (Off:2 Def:1)
",0.0,0.0,1.0,0.0,2025-03-27,0022401062,0.0,0.0,MIA,1.0,0.0,4.0,09:37,Off Arc 3 Miss,0.0,MISS Okongwu 26' 3PT Jump Shot,,MIA,ATL,ATL,1610612737.0,2025.0,143.0,160.0,151.5,1629027|1630168|1630249|1630700|1642258,202692|203952|1628389|1629639|1642276,2024-25,34.0,0.3469387755102041,0.0,0.0,0.0,0.0,,
130093.0,09:51,"MISS Young 2' Running Finger Roll Layup
Burks REBOUND (Off:0 Def:1)
",1.0,0.0,0.0,0.0,2025-03-27,0022401062,0.0,0.0,MIA,1.0,0.0,4.0,09:58,Off Arc 3 Miss,0.0,MISS Young 2' Running Finger Roll Layup,,MIA,ATL,ATL,1610612737.0,2025.0,122.0,129.0,125.5,1629027|1630168|1630249|1630700|1642258,202692|203952|1628389|1629639|1642276,2024-25,28.0,0.29333333333333333,0.0,0.0,0.0,0.0,,
130095.0,10:28,"Daniels 4' Driving Floating Jump Shot (2 PTS)
",1.0,1.0,0.0,0.0,2025-03-27,0022401062,0.0,0.0,MIA,1.0,0.0,2.0,10:31,Off Corner 3 Miss,0.0,Daniels 4' Driving Floating Jump Shot (2 PTS),,MIA,ATL,ATL,1610612737.0,2025.0,89.0,92.0,90.5,1629027|1630168|1630249|1630700|1642258,202692|203952|1628389|1629639|1642276,2024-25,22.0,0.9333333333333333,0.0,0.0,0.0,0.0,,
130096.0,10:48,"Okongwu 1' Cutting Finger Roll Layup Shot (2 PTS) (Young 2 AST)
",1.0,1.0,0.0,0.0,2025-03-27,0022401062,0.0,0.0,MIA,1.0,0.0,0.0,10:57,Off Dead Ball,0.0,Okongwu 1' Cutting Finger Roll Layup Shot (2 PTS) (Young 2 AST),,MIA,ATL,ATL,1610612737.0,2025.0,63.0,72.0,67.5,1629027|1630168|1630249|1630700|1642258,202692|203952|1628389|1629639|1642276,2024-25,18.0,0.8870967741935484,0.0,0.0,0.0,0.0,,
130097.0,11:18,"Risacher 1' Cutting Dunk Shot (2 PTS) (Young 1 AST)
",1.0,1.0,0.0,0.0,2025-03-27,0022401062,0.0,0.0,MIA,1.0,0.0,-2.0,11:28,Off Long Mid-Range Make,0.0,Risacher 1' Cutting Dunk Shot (2 PTS) (Young 1 AST),,MIA,ATL,ATL,1610612737.0,2025.0,32.0,42.0,37.0,1629027|1630168|1630249|1630700|1642258,202692|203952|1628389|1629639|1642276,2024-25,10.0,0.4489795918367347,0.0,0.0,0.0,0.0,,
130098.0,11:46,"Risacher Out of Bounds - Bad Pass Turnover Turnover (P1.T1)
",0.0,0.0,0.0,0.0,2025-03-27,0022401062,0.0,0.0,MIA,1.0,0.0,0.0,12:00,Off Dead Ball,1.0,Risacher Out of Bounds - Bad Pass Turnover Turnover (P1.T1),,MIA,ATL,ATL,1610612737.0,2025.0,0.0,14.0,7.0,1629027|1630168|1630249|1630700|1642258,202692|203952|1628389|1629639|1642276,2024-25,7.0,0.5504587155963303,0.0,0.0,0.0,0.0,,
130191.0,00:27,"MISS Young 14' Driving Floating Bank Jump Shot
Highsmith REBOUND (Off:0 Def:2)
",1.0,0.0,0.0,0.0,2025-03-27,0022401062,0.0,0.0,MIA,4.0,0.0,-10.0,00:36,Off Timeout,0.0,MISS Young 14' Driving Floating Bank Jump Shot,,MIA,ATL,ATL,1610612737.0,2025.0,2844.0,2853.0,2848.5,1627747|1629027|1629611|1630168|1630700,203952|1628389|1629312|1629639|1630558,2024-25,569.0,0.4883720930232558,0.0,0.0,0.0,0.0,,
130082.0,06:33,"Ware S.FOUL (P1.T1) (B.Schwab)
Okongwu Free Throw 1 of 2 (3 PTS)
Okongwu Free Throw 2 of 2 (4 PTS)
",0.0,0.0,0.0,0.0,2025-03-27,0022401062,0.0,0.0,MIA,1.0,1.0,9.0,06:43,Off Corner 3 Make,0.0,Ware S.FOUL (P1.T1) (B.Schwab),,MIA,ATL,ATL,1610612737.0,2025.0,317.0,327.0,322.0,1629027|1630168|1630249|1630700|1642258,202692|203952|1628389|1629639|1642276,2024-25,80.0,0.2553191489361702,0.0,0.0,0.0,0.0,,
130062.0,01:45,"Highsmith P.FOUL (P1.T3) (B.Schwab)
Young 17' Pullup Jump Shot (10 PTS)
",1.0,1.0,0.0,0.0,2025-03-27,0022401062,0.0,0.0,MIA,1.0,0.0,10.0,01:57,Off Timeout,0.0,Highsmith P.FOUL (P1.T3) (B.Schwab),,MIA,ATL,ATL,1610612737.0,2025.0,603.0,615.0,609.0,1627747|1627777|1629027|1629611|1631230,1628389|1629312|1629639|1630558|1641796,2024-25,137.0,0.15384615384615385,0.0,0.0,0.0,0.0,,
130060.0,01:00,"MISS Young 28' 3PT Pullup Jump Shot
Adebayo REBOUND (Off:0 Def:3)
",0.0,0.0,1.0,0.0,2025-03-27,0022401062,0.0,0.0,MIA,1.0,0.0,12.0,01:21,Off Steal,0.0,MISS Young 28' 3PT Pullup Jump Shot,,MIA,ATL,ATL,1610612737.0,2025.0,639.0,660.0,649.5,1627747|1627777|1629027|1629611|1631230,203937|203952|1628389|1629312|1630558,2024-25,146.0,0.24324324324324326,0.0,0.0,0.0,0.0,,
130059.0,00:29,"MISS Niang 27' 3PT Jump Shot
Adebayo REBOUND (Off:0 Def:4)
",0.0,0.0,1.0,0.0,2025-03-27,0022401062,0.0,0.0,MIA,1.0,0.0,12.0,00:50,Off Dead Ball,0.0,Adebayo REBOUND (Off:0 Def:4),,MIA,ATL,ATL,1610612737.0,2025.0,670.0,691.0,680.5,1627747|1627777|1629027|1629611|1631230,203937|203952|1628389|1629312|1630558,2024-25,167.0,0.27692307692307694,0.0,0.0,0.0,0.0,,
130108.0,01:16,"MISS Okongwu 3PT Jump Shot
Herro REBOUND (Off:1 Def:1)
",0.0,0.0,1.0,0.0,2025-03-27,0022401062,0.0,0.0,MIA,2.0,0.0,-2.0,01:40,Off At Rim Make,0.0,MISS Okongwu 3PT Jump Shot,,MIA,ATL,ATL,1610612737.0,2025.0,1340.0,1364.0,1352.0,1627747|1629027|1630168|1630700|1642258,203952|1628389|1629312|1629639|1630558,2024-25,292.0,0.27586206896551724,0.0,0.0,0.0,0.0,,
130111.0,02:13,"MISS Risacher 3PT Jump Shot
Mitchell REBOUND (Off:0 Def:1)
",0.0,0.0,1.0,0.0,2025-03-27,0022401062,0.0,0.0,MIA,2.0,0.0,0.0,02:26,Off At Rim Make,0.0,MISS Risacher 3PT Jump Shot,,MIA,ATL,ATL,1610612737.0,2025.0,1294.0,1307.0,1300.5,1627747|1629027|1630168|1630700|1642258,203952|1628389|1629312|1629639|1630558,2024-25,281.0,0.2857142857142857,0.0,0.0,0.0,0.0,,
130112.0,02:13,"MISS Risacher 3PT Jump Shot
Mitchell REBOUND (Off:0 Def:1)
",0.0,0.0,1.0,0.0,2025-03-27,0022401062,0.0,0.0,MIA,2.0,0.0,0.0,02:26,Off At Rim Make,0.0,Mitchell REBOUND (Off:0 Def:1),,MIA,ATL,ATL,1610612737.0,2025.0,1294.0,1307.0,1300.5,1627747|1629027|1630168|1630700|1642258,203952|1628389|1629312|1629639|1630558,2024-25,347.0,0.7540983606557377,0.0,0.0,0.0,0.0,,
130114.0,03:03,"MISS Daniels 7' Driving Layup
Ware REBOUND (Off:3 Def:5)
",1.0,0.0,0.0,0.0,2025-03-27,0022401062,0.0,0.0,MIA,2.0,0.0,5.0,03:16,Off Short Mid-Range Make,0.0,MISS Daniels 7' Driving Layup,,MIA,ATL,ATL,1610612737.0,2025.0,1244.0,1257.0,1250.5,1627747|1629027|1630168|1630700|1642258,1629312|1629639|1630558|1641796|1642276,2024-25,271.0,0.2077922077922078,0.0,0.0,0.0,0.0,,
130116.0,03:31,"LeVert 2' Layup (3 PTS) (Young 6 AST)
",1.0,1.0,0.0,0.0,2025-03-27,0022401062,0.0,0.0,MIA,2.0,0.0,5.0,03:37,Off Steal,0.0,LeVert 2' Layup (3 PTS) (Young 6 AST),,MIA,ATL,ATL,1610612737.0,2025.0,1223.0,1229.0,1226.0,1627747|1629027|1630168|1630700|1642258,1629312|1629639|1630558|1641796|1642276,2024-25,268.0,0.2028985507246377,0.0,0.0,0.0,0.0,,
130117.0,03:47,"Daniels 1' Reverse Layup (9 PTS) (Risacher 2 AST)
",1.0,1.0,0.0,0.0,2025-03-27,0022401062,0.0,0.0,MIA,2.0,0.0,3.0,04:01,Off At Rim Make,0.0,Daniels 1' Reverse Layup (9 PTS) (Risacher 2 AST),,MIA,ATL,ATL,1610612737.0,2025.0,1199.0,1213.0,1206.0,1627747|1630168|1630249|1630700|1642258,203937|1629639|1630558|1641796|1642276,2024-25,256.0,0.15151515151515152,0.0,0.0,0.0,0.0,,
130120.0,04:46,"Niang 2' Cutting Layup Shot (2 PTS) (Krejci 4 AST)
",1.0,1.0,0.0,0.0,2025-03-27,0022401062,0.0,0.0,MIA,2.0,0.0,6.0,05:01,Off Block,0.0,Niang 2' Cutting Layup Shot (2 PTS) (Krejci 4 AST),,MIA,ATL,ATL,1610612737.0,2025.0,1139.0,1154.0,1146.5,1627747|1627777|1630168|1630249|1630700,203937|1629639|1630558|1641796|1642276,2024-25,245.0,0.3132530120481928,0.0,0.0,0.0,0.0,,
130121.0,05:23,"Daniels 25' 3PT Jump Shot (7 PTS) (Krejci 3 AST)
",0.0,0.0,1.0,1.0,2025-03-27,0022401062,0.0,0.0,MIA,2.0,0.0,3.0,05:36,Off Corner 3 Miss,0.0,Daniels 25' 3PT Jump Shot (7 PTS) (Krejci 3 AST),,MIA,ATL,ATL,1610612737.0,2025.0,1104.0,1117.0,1110.5,1627747|1627777|1630168|1630249|1630700,203937|1629639|1630558|1641796|1642276,2024-25,240.0,0.2736842105263158,0.0,0.0,0.0,0.0,,
130124.0,05:59,"MISS LeVert 25' 3PT Pullup Jump Shot
Hawks Rebound
Krejci 25' 3PT Jump Shot (11 PTS) (LeVert 3 AST)
",0.0,0.0,2.0,1.0,2025-03-27,0022401062,0.0,1.0,MIA,2.0,0.0,0.0,06:23,Off At Rim Make,0.0,Krejci 25' 3PT Jump Shot (11 PTS) (LeVert 3 AST),,MIA,ATL,ATL,1610612737.0,2025.0,1057.0,1081.0,1069.0,1627747|1627777|1630168|1630249|1630700,203937|203952|1628389|1629312|1630558,2024-25,236.0,0.2777777777777778,0.0,0.0,0.0,0.0,,
130122.0,05:59,"MISS LeVert 25' 3PT Pullup Jump Shot
Hawks Rebound
Krejci 25' 3PT Jump Shot (11 PTS) (LeVert 3 AST)
",0.0,0.0,2.0,1.0,2025-03-27,0022401062,0.0,1.0,MIA,2.0,0.0,0.0,06:23,Off At Rim Make,0.0,MISS LeVert 25' 3PT Pullup Jump Shot,,MIA,ATL,ATL,1610612737.0,2025.0,1057.0,1081.0,1069.0,1627747|1627777|1630168|1630249|1630700,203937|203952|1628389|1629312|1630558,2024-25,227.0,0.038461538461538464,0.0,0.0,0.0,0.0,,
130123.0,05:59,"MISS LeVert 25' 3PT Pullup Jump Shot
Hawks Rebound
Krejci 25' 3PT Jump Shot (11 PTS) (LeVert 3 AST)
",0.0,0.0,2.0,1.0,2025-03-27,0022401062,0.0,1.0,MIA,2.0,0.0,0.0,06:23,Off At Rim Make,0.0,Hawks Rebound,,MIA,ATL,ATL,1610612737.0,2025.0,1057.0,1081.0,1069.0,1627747|1627777|1630168|1630249|1630700,203937|203952|1628389|1629312|1630558,2024-25,228.0,0.26666666666666666,0.0,0.0,0.0,0.0,,
130125.0,06:43,"Okongwu 1' Driving Dunk (6 PTS) (Krejci 2 AST)
",1.0,1.0,0.0,0.0,2025-03-27,0022401062,0.0,0.0,MIA,2.0,0.0,0.0,07:03,Off Timeout,0.0,Okongwu 1' Driving Dunk (6 PTS) (Krejci 2 AST),,MIA,ATL,ATL,1610612737.0,2025.0,1017.0,1037.0,1027.0,1627747|1627777|1630168|1630249|1630700,203937|203952|1628389|1629312|1630558,2024-25,223.0,0.2765957446808511,0.0,0.0,0.0,0.0,,
130128.0,07:14,"MISS Okongwu 11' Driving Layup
Okongwu REBOUND (Off:1 Def:3)
MISS Okongwu 2' Putback Layup
Adebayo REBOUND (Off:0 Def:6)
",2.0,0.0,0.0,0.0,2025-03-27,0022401062,0.0,1.0,MIA,2.0,0.0,3.0,07:37,Off Short Mid-Range Miss,0.0,MISS Okongwu 2' Putback Layup,,MIA,ATL,ATL,1610612737.0,2025.0,983.0,1006.0,994.5,1627777|1629611|1630168|1630249|1630700,203937|203952|1628389|1629312|1630558,2024-25,216.0,0.27692307692307694,0.0,0.0,0.0,0.0,,
130129.0,07:14,"MISS Okongwu 11' Driving Layup
Okongwu REBOUND (Off:1 Def:3)
MISS Okongwu 2' Putback Layup
Adebayo REBOUND (Off:0 Def:6)
",2.0,0.0,0.0,0.0,2025-03-27,0022401062,0.0,1.0,MIA,2.0,0.0,3.0,07:37,Off Short Mid-Range Miss,0.0,Adebayo REBOUND (Off:0 Def:6),,MIA,ATL,ATL,1610612737.0,2025.0,983.0,1006.0,994.5,1627777|1629611|1630168|1630249|1630700,203937|203952|1628389|1629312|1630558,2024-25,208.0,0.27692307692307694,0.0,0.0,0.0,0.0,,
130130.0,08:03,"MISS Mann 3PT Jump Shot
HEAT Rebound
",0.0,0.0,1.0,0.0,2025-03-27,0022401062,0.0,0.0,MIA,2.0,0.0,4.0,08:29,Off FT Make,0.0,MISS Mann 3PT Jump Shot,,MIA,ATL,ATL,1610612737.0,2025.0,931.0,957.0,944.0,1627777|1629611|1630168|1630249|1630700,203937|203952|1628389|1629312|1630558,2024-25,205.0,0.25,0.0,0.0,0.0,0.0,,
130133.0,08:43,"Wiggins S.FOUL (P1.T1) (B.Schwab)
Young Free Throw 1 of 2 (11 PTS)
Young Free Throw 2 of 2 (12 PTS)
",0.0,0.0,0.0,0.0,2025-03-27,0022401062,0.0,0.0,MIA,2.0,1.0,4.0,08:56,Off Arc 3 Make,0.0,Young Free Throw 1 of 2 (11 PTS),,MIA,ATL,ATL,1610612737.0,2025.0,904.0,917.0,910.5,1629027|1629611|1630168|1630249|1642258,203937|203952|1628389|1629312|1630558,2024-25,195.0,0.3870967741935484,0.0,0.0,0.0,0.0,,
130132.0,08:43,"Wiggins S.FOUL (P1.T1) (B.Schwab)
Young Free Throw 1 of 2 (11 PTS)
Young Free Throw 2 of 2 (12 PTS)
",0.0,0.0,0.0,0.0,2025-03-27,0022401062,0.0,0.0,MIA,2.0,1.0,4.0,08:56,Off Arc 3 Make,0.0,Wiggins S.FOUL (P1.T1) (B.Schwab),,MIA,ATL,ATL,1610612737.0,2025.0,904.0,917.0,910.5,1629027|1629611|1630168|1630249|1642258,203937|203952|1628389|1629312|1630558,2024-25,207.0,0.37735849056603776,0.0,0.0,0.0,0.0,,
130135.0,09:10,"Krejci 4' Cutting Finger Roll Layup Shot (8 PTS) (Young 5 AST)
",1.0,1.0,0.0,0.0,2025-03-27,0022401062,0.0,0.0,MIA,2.0,0.0,5.0,09:23,Off FT Make,0.0,Krejci 4' Cutting Finger Roll Layup Shot (8 PTS) (Young 5 AST),,MIA,ATL,ATL,1610612737.0,2025.0,877.0,890.0,883.5,1629027|1629611|1630168|1630249|1642258,203937|203952|1628389|1629312|1630558,2024-25,189.0,0.175,0.0,0.0,0.0,0.0,,
130136.0,09:39,"Mann 25' 3PT Running Jump Shot (5 PTS) (Krejci 1 AST)
",0.0,0.0,1.0,1.0,2025-03-27,0022401062,0.0,0.0,MIA,2.0,0.0,3.0,09:43,Off At Rim Miss,0.0,Mann 25' 3PT Running Jump Shot (5 PTS) (Krejci 1 AST),,MIA,ATL,ATL,1610612737.0,2025.0,857.0,861.0,859.0,1629027|1629611|1630249|1631230|1642258,203937|203952|1628389|1629312|1630558,2024-25,180.0,0.39080459770114945,0.0,0.0,0.0,0.0,,
130137.0,09:52,"Highsmith STEAL (1 STL): Krejci Bad Pass Turnover (P1.T4)
",0.0,0.0,0.0,0.0,2025-03-27,0022401062,0.0,0.0,MIA,2.0,0.0,3.0,10:05,Off Corner 3 Make,1.0,Highsmith STEAL (1 STL): Krejci Bad Pass Turnover (P1.T4),,MIA,ATL,ATL,1610612737.0,2025.0,835.0,848.0,841.5,1629027|1629611|1630249|1631230|1642258,203937|203952|1628389|1629312|1630558,2024-25,176.0,0.25,0.0,0.0,0.0,0.0,,
130138.0,10:09,"MISS Young 10' Driving Floating Jump Shot
Anderson REBOUND (Off:0 Def:1)
",1.0,0.0,0.0,0.0,2025-03-27,0022401062,0.0,0.0,MIA,2.0,0.0,6.0,10:30,Off Dead Ball,0.0,MISS Young 10' Driving Floating Jump Shot,,MIA,ATL,ATL,1610612737.0,2025.0,810.0,831.0,820.5,1629027|1629611|1630249|1631230|1642258,203937|203952|1628389|1629312|1630558,2024-25,172.0,0.2413793103448276,0.0,0.0,0.0,0.0,,
130139.0,10:09,"MISS Young 10' Driving Floating Jump Shot
Anderson REBOUND (Off:0 Def:1)
",1.0,0.0,0.0,0.0,2025-03-27,0022401062,0.0,0.0,MIA,2.0,0.0,6.0,10:30,Off Dead Ball,0.0,Anderson REBOUND (Off:0 Def:1),,MIA,ATL,ATL,1610612737.0,2025.0,810.0,831.0,820.5,1629027|1629611|1630249|1631230|1642258,203937|203952|1628389|1629312|1630558,2024-25,173.0,0.37037037037037035,0.0,0.0,0.0,0.0,,
130141.0,10:35,"MISS Barlow 15' Jump Shot
Adebayo REBOUND (Off:0 Def:5)
",1.0,0.0,0.0,0.0,2025-03-27,0022401062,0.0,0.0,MIA,2.0,0.0,6.0,10:57,Off Arc 3 Make,0.0,Adebayo REBOUND (Off:0 Def:5),,MIA,ATL,ATL,1610612737.0,2025.0,783.0,805.0,794.0,1629027|1629611|1630249|1631230|1642258,203937|203952|1628389|1629312|1630558,2024-25,182.0,0.1694915254237288,0.0,0.0,0.0,0.0,,
130140.0,10:35,"MISS Barlow 15' Jump Shot
Adebayo REBOUND (Off:0 Def:5)
",1.0,0.0,0.0,0.0,2025-03-27,0022401062,0.0,0.0,MIA,2.0,0.0,6.0,10:57,Off Arc 3 Make,0.0,MISS Barlow 15' Jump Shot,,MIA,ATL,ATL,1610612737.0,2025.0,783.0,805.0,794.0,1629027|1629611|1630249|1631230|1642258,203937|203952|1628389|1629312|1630558,2024-25,169.0,0.3389830508474576,0.0,0.0,0.0,0.0,,
130142.0,11:10,"Mann 18' Pullup Jump Shot (2 PTS)
",1.0,1.0,0.0,0.0,2025-03-27,0022401062,0.0,0.0,MIA,2.0,0.0,7.0,11:34,Off Short Mid-Range Make,0.0,Mann 18' Pullup Jump Shot (2 PTS),,MIA,ATL,ATL,1610612737.0,2025.0,746.0,770.0,758.0,1629027|1629611|1630249|1631230|1642258,203937|203952|1628389|1629312|1630558,2024-25,166.0,0.19607843137254902,0.0,0.0,0.0,0.0,,
130057.0,00:00,"MISS LeVert 25' 3PT Jump Shot
Hawks Rebound
",0.0,0.0,1.0,0.0,2025-03-27,0022401062,0.0,0.0,MIA,1.0,0.0,10.0,00:10,Off Short Mid-Range Make,0.0,Hawks Rebound,,MIA,ATL,ATL,1610612737.0,2025.0,710.0,720.0,715.0,1627747|1627777|1629027|1629611|1631230,203937|203952|1628389|1629312|1630558,2024-25,163.0,0.2711864406779661,0.0,0.0,0.0,0.0,,
130058.0,00:29,"MISS Niang 27' 3PT Jump Shot
Adebayo REBOUND (Off:0 Def:4)
",0.0,0.0,1.0,0.0,2025-03-27,0022401062,0.0,0.0,MIA,1.0,0.0,12.0,00:50,Off Dead Ball,0.0,MISS Niang 27' 3PT Jump Shot,,MIA,ATL,ATL,1610612737.0,2025.0,670.0,691.0,680.5,1627747|1627777|1629027|1629611|1631230,203937|203952|1628389|1629312|1630558,2024-25,149.0,0.17721518987341772,0.0,0.0,0.0,0.0,,
130106.0,00:57,"MISS Young 26' 3PT Pullup Jump Shot
Adebayo REBOUND (Off:0 Def:7)
",0.0,0.0,1.0,0.0,2025-03-27,0022401062,0.0,0.0,MIA,2.0,0.0,-3.0,01:11,Off FT Make,0.0,MISS Young 26' 3PT Pullup Jump Shot,,MIA,ATL,ATL,1610612737.0,2025.0,1369.0,1383.0,1376.0,1627747|1629027|1630168|1630700|1642258,203952|1628389|1629312|1629639|1630558,2024-25,300.0,0.18181818181818182,0.0,0.0,0.0,0.0,,
130190.0,00:00,,0.0,0.0,0.0,0.0,2025-03-27,0022401062,0.0,0.0,MIA,4.0,0.0,-10.0,00:05,Off Dead Ball,0.0,,,MIA,ATL,ATL,1610612737.0,2025.0,2875.0,2880.0,2877.5,1627747|1629027|1629611|1630168|1630700,203952|1628389|1629312|1629639|1630558,2024-25,713.0,0.0,0.0,0.0,0.0,0.0,,
,,,,,,,,,,,,,,,,,,,,,,,,,,,,,,,,0.0,15.0,0.37215189873417714,0.0,0.5316455696202531,MISS C. Capela 9' Hook - blocked,11.0
,,,,,,,,,,,,,,,,,,,,,,,,,,,,,,,,0.0,14.0,0.24230769230769228,0.0,0.34615384615384615,K. Wallace BLOCK (1 BLK),10.5
,,,,,,,,,,,,,,,,,,,,,,,,,,,,,,,,0.0,8.0,0.26944444444444443,0.25,0.2777777777777778,J. Johnson Free Throw 1 of 2 (16 PTS),1.5
,,,,,,,,,,,,,,,,,,,,,,,,,,,,,,,,0.0,8.0,0.7454225352112674,0.25,0.9577464788732394,J. Johnson Free Throw 2 of 2 (17 PTS),1.5
,,,,,,,,,,,,,,,,,,,,,,,,,,,,,,,,0.0,26.0,0.49230769230769234,0.0,0.7032967032967034,J. Johnson bad pass TURNOVER (6 TO),9.0
,,,,,,,,,,,,,,,,,,,,,,,,,,,,,,,,0.0,13.0,0.8425,1.0,0.775,MISS T. Young 27' running pullup 3PT,0.0
,,,,,,,,,,,,,,,,,,,,,,,,,,,,,,,,0.0,13.0,0.6720338983050848,0.5,0.7457627118644068,D. Barlow REBOUND (Off:3 Def:3),1.0
,,,,,,,,,,,,,,,,,,,,,,,,,,,,,,,,0.0,13.0,0.48764044943820223,0.0,0.6966292134831461,T. Young lost ball TURNOVER (5 TO),8.0
,,,,,,,,,,,,,,,,,,,,,,,,,,,,,,,,0.0,34.0,0.5610169491525423,1.0,0.3728813559322034,MISS G. Niang cutting Layup,0.0
,,,,,,,,,,,,,,,,,,,,,,,,,,,,,,,,0.0,22.0,0.6025316455696202,0.0,0.8607594936708861,MISS D. Daniels driving floating Shot,7.0
,,,,,,,,,,,,,,,,,,,,,,,,,,,,,,,,0.0,23.0,0.4769230769230769,0.0,0.6813186813186813,O. Okongwu bad pass TURNOVER (1 TO),11.5
,,,,,,,,,,,,,,,,,,,,,,,,,,,,,,,,0.0,33.0,0.5133333333333333,0.0,0.7333333333333333,O. Okongwu REBOUND (Off:1 Def:7),8.5
,,,,,,,,,,,,,,,,,,,,,,,,,,,,,,,,0.0,33.0,0.608695652173913,0.0,0.8695652173913043,MISS T. Young Jump Shot,11.5
,,,,,,,,,,,,,,,,,,,,,,,,,,,,,,,,0.0,33.0,0.3791666666666666,0.0,0.5416666666666666,MISS D. Daniels driving Layup - blocked,5.5
,,,,,,,,,,,,,,,,,,,,,,,,,,,,,,,,0.0,20.0,0.5505813953488372,0.75,0.46511627906976744,MISS M. Gueye 3PT,0.5
,,,,,,,,,,,,,,,,,,,,,,,,,,,,,,,,0.0,6.0,0.4769230769230769,0.0,0.6813186813186813,K. Wallace bad pass TURNOVER (1 TO),2.5
,,,,,,,,,,,,,,,,,,,,,,,,,,,,,,,,0.0,20.0,0.5419811320754717,0.75,0.4528301886792453,D. Daniels REBOUND (Off:1 Def:1),0.5
,,,,,,,,,,,,,,,,,,,,,,,,,,,,,,,,0.0,12.0,0.6,0.0,0.8571428571428571,Z. Risacher step out-of-bounds TURNOVER (2 TO),4.5
,,,,,,,,,,,,,,,,,,,,,,,,,,,,,,,,0.0,10.0,0.6350515463917525,0.0,0.9072164948453608,J. Johnson reverse Layup (15 PTS) (T. Young 4 AST),4.5
,,,,,,,,,,,,,,,,,,,,,,,,,,,,,,,,0.0,11.0,0.6107142857142857,0.75,0.5510204081632653,MISS Z. Risacher floating Shot - blocked,0.5
,,,,,,,,,,,,,,,,,,,,,,,,,,,,,,,,0.0,12.0,0.6686567164179104,0.0,0.9552238805970149,T. Young Free Throw 1 of 2 (12 PTS),6.5
,,,,,,,,,,,,,,,,,,,,,,,,,,,,,,,,0.0,23.0,0.49148936170212765,0.0,0.7021276595744681,Z. Risacher lost ball TURNOVER (1 TO),9.0
,,,,,,,,,,,,,,,,,,,,,,,,,,,,,,,,0.0,19.0,0.39069767441860465,0.0,0.5581395348837209,TEAM offensive REBOUND,6.5
,,,,,,,,,,,,,,,,,,,,,,,,,,,,,,,,0.0,9.0,0.8472222222222221,0.75,0.8888888888888888,D. Daniels offensive foul TURNOVER (5 TO),0.5
,,,,,,,,,,,,,,,,,,,,,,,,,,,,,,,,0.0,18.0,0.6350515463917525,0.0,0.9072164948453608,C. Capela reverse Layup (6 PTS) (J. Johnson 4 AST),9.5
,,,,,,,,,,,,,,,,,,,,,,,,,,,,,,,,0.0,23.0,0.6222222222222221,0.0,0.8888888888888888,J. Johnson alley-oop DUNK (13 PTS) (T. Young 3 AST),7.599999999999909
,,,,,,,,,,,,,,,,,,,,,,,,,,,,,,,,0.0,19.0,0.5901960784313726,0.0,0.8431372549019608,T. Young 3PT step back (11 PTS) (C. Capela 4 AST),8.0
,,,,,,,,,,,,,,,,,,,,,,,,,,,,,,,,0.0,19.0,0.7394736842105263,0.5,0.8421052631578947,MISS C. Capela DUNK,1.0
,,,,,,,,,,,,,,,,,,,,,,,,,,,,,,,,0.0,9.0,0.632258064516129,0.0,0.9032258064516129,V. Krejčí driving DUNK (5 PTS) (C. Capela 3 AST),2.5
,,,,,,,,,,,,,,,,,,,,,,,,,,,,,,,,0.0,12.0,0.49777777777777776,0.0,0.7111111111111111,MISS J. Johnson 3PT,2.0
,,,,,,,,,,,,,,,,,,,,,,,,,,,,,,,,0.0,12.0,0.5049180327868852,0.0,0.7213114754098361,O. Okongwu REBOUND (Off:1 Def:3),2.0
,,,,,,,,,,,,,,,,,,,,,,,,,,,,,,,,0.0,21.0,0.602,0.0,0.86,C. Capela cutting DUNK (8 PTS) (D. Daniels 3 AST),9.5
,,,,,,,,,,,,,,,,,,,,,,,,,,,,,,,,0.0,17.0,0.48571428571428565,0.0,0.6938775510204082,MISS T. Young 24' 3PT,5.5
,,,,,,,,,,,,,,,,,,,,,,,,,,,,,,,,0.0,13.0,0.5747368421052631,0.0,0.8210526315789474,G. Mathews 26' 3PT  (6 PTS) (K. Wallace 2 AST),7.400000000000091
,,,,,,,,,,,,,,,,,,,,,,,,,,,,,,,,0.0,10.0,0.44545454545454544,0.0,0.6363636363636364,J. Johnson REBOUND (Off:0 Def:4),6.300000000000182
,,,,,,,,,,,,,,,,,,,,,,,,,,,,,,,,0.0,15.0,0.4827586206896552,0.0,0.6896551724137931,T. Young bad pass TURNOVER (6 TO),3.599999999999909
,,,,,,,,,,,,,,,,,,,,,,,,,,,,,,,,0.0,16.0,0.6789215686274509,0.25,0.8627450980392157,T. Young cutting Layup (29 PTS) (O. Okongwu 3 AST),1.5
,,,,,,,,,,,,,,,,,,,,,,,,,,,,,,,,0.0,25.0,0.49082278481012653,0.75,0.379746835443038,MISS T. Mann 25' step back 3PT,0.5
,,,,,,,,,,,,,,,,,,,,,,,,,,,,,,,,0.0,25.0,0.6644067796610169,0.0,0.9491525423728814,V. Krejčí REBOUND (Off:1 Def:1),2.0
,,,,,,,,,,,,,,,,,,,,,,,,,,,,,,,,0.0,25.0,0.9146341463414633,1.0,0.8780487804878049,MISS D. Daniels 8' driving floating Shot,0.0
,,,,,,,,,,,,,,,,,,,,,,,,,,,,,,,,0.0,14.0,0.6644067796610169,0.0,0.9491525423728814,MISS T. Young Free Throw 2 of 3,8.5
,,,,,,,,,,,,,,,,,,,,,,,,,,,,,,,,0.0,14.0,0.46447368421052626,0.75,0.34210526315789475,C. LeVert 25' 3PT  (15 PTS) (T. Young 12 AST),0.5
,,,,,,,,,,,,,,,,,,,,,,,,,,,,,,,,0.0,11.0,0.7436567164179103,0.25,0.9552238805970149,T. Young Free Throw 2 of 2 (25 PTS),1.5
,,,,,,,,,,,,,,,,,,,,,,,,,,,,,,,,0.0,11.0,0.7436567164179103,0.25,0.9552238805970149,T. Young Free Throw 1 of 2 (24 PTS),1.5
,,,,,,,,,,,,,,,,,,,,,,,,,,,,,,,,0.0,11.0,0.45833333333333326,0.75,0.3333333333333333,D. Daniels STEAL (2 STL),0.5
,,,,,,,,,,,,,,,,,,,,,,,,,,,,,,,,0.0,14.0,0.6451219512195121,0.5,0.7073170731707317,MISS T. Young driving floating bank Shot,1.0
,,,,,,,,,,,,,,,,,,,,,,,,,,,,,,,,0.0,17.0,0.5846153846153846,0.0,0.8351648351648352,T. Young 29' 3PT  (23 PTS) (V. Krejčí 3 AST),6.5
,,,,,,,,,,,,,,,,,,,,,,,,,,,,,,,,0.0,13.0,0.37592592592592594,0.0,0.5370370370370371,J. Johnson bad pass out-of-bounds TURNOVER (7 TO),8.0
,,,,,,,,,,,,,,,,,,,,,,,,,,,,,,,,0.0,18.0,0.5018867924528301,0.0,0.7169811320754716,MISS K. Wallace 28' 3PT,7.5
,,,,,,,,,,,,,,,,,,,,,,,,,,,,,,,,0.0,10.0,0.5348648648648922,0.900000000000091,0.3783783783783784,T. Young driving floating Jump Shot (16 PTS),0.1999999999998181
,,,,,,,,,,,,,,,,,,,,,,,,,,,,,,,,0.0,49.0,0.6239130434782608,0.0,0.8913043478260869,MISS D. Daniels 8' driving floating bank Shot,8.0
,,,,,,,,,,,,,,,,,,,,,,,,,,,,,,,,0.0,49.0,0.6655737704918032,0.0,0.9508196721311475,D. Daniels REBOUND (Off:4 Def:3),3.0
,,,,,,,,,,,,,,,,,,,,,,,,,,,,,,,,0.0,6.0,0.6479338842975206,0.0,0.9256198347107438,J. Johnson running finger roll Layup (23 PTS) (T. Young 7 AST),3.0
,,,,,,,,,,,,,,,,,,,,,,,,,,,,,,,,0.0,12.0,0.6655737704918032,0.0,0.9508196721311475,J. Johnson running DUNK (21 PTS),3.0
,,,,,,,,,,,,,,,,,,,,,,,,,,,,,,,,0.0,13.0,0.6222222222222221,0.0,0.8888888888888888,O. Okongwu Layup (11 PTS) (T. Young 6 AST),5.0
,,,,,,,,,,,,,,,,,,,,,,,,,,,,,,,,0.0,24.0,0.5432835820895522,0.0,0.7761194029850746,MISS D. Daniels 25' pullup 3PT,10.5
,,,,,,,,,,,,,,,,,,,,,,,,,,,,,,,,0.0,14.0,0.5419354838709677,0.0,0.7741935483870968,L. Nance Jr. REBOUND (Off:0 Def:2),2.0
,,,,,,,,,,,,,,,,,,,,,,,,,,,,,,,,0.0,10.0,0.6533333333333333,0.0,0.9333333333333333,T. Young 13' running pullup Jump Shot (17 PTS),2.0
,,,,,,,,,,,,,,,,,,,,,,,,,,,,,,,,0.0,18.0,0.7,1.0,0.5714285714285714,TEAM offensive REBOUND,0.0
,,,,,,,,,,,,,,,,,,,,,,,,,,,,,,,,0.0,18.0,0.5444444444444444,1.0,0.3492063492063492,MISS T. Young running Layup - blocked,0.0
,,,,,,,,,,,,,,,,,,,,,,,,,,,,,,,,0.0,18.0,0.7899999999999999,1.0,0.7,D. Barlow REBOUND (Off:0 Def:3),0.0
,,,,,,,,,,,,,,,,,,,,,,,,,,,,,,,,0.0,17.0,0.6487804878048781,0.0,0.926829268292683,J. Johnson driving floating Jump Shot (19 PTS) (T. Young 5 AST),8.5
,,,,,,,,,,,,,,,,,,,,,,,,,,,,,,,,0.0,10.0,0.5720430107526882,0.0,0.8172043010752689,V. Krejčí 28' 3PT  (8 PTS) (O. Okongwu 2 AST),5.5
,,,,,,,,,,,,,,,,,,,,,,,,,,,,,,,,0.0,10.0,0.57,0.5,0.6,MISS T. Young driving floating bank Shot,1.0
,,,,,,,,,,,,,,,,,,,,,,,,,,,,,,,,0.0,35.0,0.6695652173913044,0.0,0.9565217391304348,O. Okongwu Free Throw 2 of 2 (9 PTS),10.0
,,,,,,,,,,,,,,,,,,,,,,,,,,,,,,,,0.0,49.0,0.5938271604938271,1.0,0.41975308641975306,Z. Risacher personal FOUL (3 PF) (Grimes 2 FT),0.0
,,,,,,,,,,,,,,,,,,,,,,,,,,,,,,,,0.0,17.0,0.6916666666666667,0.75,0.6666666666666666,O. Okongwu REBOUND (Off:1 Def:2),0.5
,,,,,,,,,,,,,,,,,,,,,,,,,,,,,,,,0.0,14.0,0.5215686274509804,0.0,0.7450980392156863,MISS V. Krejčí 30' 3PT,6.5
,,,,,,,,,,,,,,,,,,,,,,,,,,,,,,,,0.0,20.0,0.4383838383838384,0.0,0.6262626262626263,J. Johnson lost ball out-of-bounds TURNOVER (5 TO),8.0
,,,,,,,,,,,,,,,,,,,,,,,,,,,,,,,,0.0,9.0,0.5764705882352941,0.0,0.8235294117647058,G. Mathews 3PT  (3 PTS) (V. Krejčí 2 AST),4.0
,,,,,,,,,,,,,,,,,,,,,,,,,,,,,,,,0.0,13.0,0.5249999999999999,0.0,0.75,G. Niang REBOUND (Off:0 Def:1),5.0
,,,,,,,,,,,,,,,,,,,,,,,,,,,,,,,,0.0,18.0,0.625242718446602,0.0,0.8932038834951457,O. Okongwu 6' driving Hook (4 PTS) (V. Krejčí 1 AST),5.0
,,,,,,,,,,,,,,,,,,,,,,,,,,,,,,,,0.0,47.0,0.49082278481012653,0.75,0.379746835443038,C. LeVert driving Layup (4 PTS) (G. Niang 1 AST),0.5
,,,,,,,,,,,,,,,,,,,,,,,,,,,,,,,,0.0,12.0,0.45208333333333334,0.0,0.6458333333333334,D. Daniels bad pass TURNOVER (2 TO),7.5
,,,,,,,,,,,,,,,,,,,,,,,,,,,,,,,,0.0,13.0,0.5457627118644067,0.0,0.7796610169491526,C. LeVert REBOUND (Off:0 Def:1),5.0
,,,,,,,,,,,,,,,,,,,,,,,,,,,,,,,,0.0,13.0,0.49777777777777776,0.0,0.7111111111111111,MISS G. Mathews 3PT,6.0
,,,,,,,,,,,,,,,,,,,,,,,,,,,,,,,,0.0,54.0,0.584090909090909,0.25,0.7272727272727273,MISS Z. Risacher 25' 3PT,1.5
,,,,,,,,,,,,,,,,,,,,,,,,,,,,,,,,0.0,54.0,0.8926923076923077,0.75,0.9538461538461539,L. Nance Jr. REBOUND (Off:1 Def:0),0.5
,,,,,,,,,,,,,,,,,,,,,,,,,,,,,,,,0.0,54.0,0.421,0.75,0.28,MISS D. Hunter 3PT,0.5
,,,,,,,,,,,,,,,,,,,,,,,,,,,,,,,,0.0,54.0,0.625,0.75,0.5714285714285714,TEAM offensive REBOUND,0.5
,,,,,,,,,,,,,,,,,,,,,,,,,,,,,,,,0.0,12.0,0.6068181818181817,0.75,0.5454545454545454,O. Okongwu running Layup (4 PTS) (G. Niang 1 AST),0.5
,,,,,,,,,,,,,,,,,,,,,,,,,,,,,,,,0.0,9.0,0.7863636363636364,0.5,0.9090909090909091,D. Daniels running Layup (10 PTS),1.0
,,,,,,,,,,,,,,,,,,,,,,,,,,,,,,,,0.0,9.0,0.620253164556962,0.0,0.8860759493670886,O. Okongwu Layup (2 PTS) (T. Young 1 AST),3.5
,,,,,,,,,,,,,,,,,,,,,,,,,,,,,,,,0.0,5.0,0.49230769230769234,0.0,0.7032967032967034,D. Daniels lost ball TURNOVER (1 TO),2.0
,,,,,,,,,,,,,,,,,,,,,,,,,,,,,,,,0.0,49.0,0.5,1.0,0.2857142857142857,D. Daniels REBOUND (Off:1 Def:1),0.0
,,,,,,,,,,,,,,,,,,,,,,,,,,,,,,,,0.0,9.0,0.6452173913043477,0.0,0.9217391304347826,D. Daniels running reverse Layup (8 PTS) (J. Johnson 2 AST),2.5
,,,,,,,,,,,,,,,,,,,,,,,,,,,,,,,,0.0,6.0,0.6191747572815534,0.75,0.5631067961165048,T. Young 14' driving floating Jump Shot (2 PTS),0.5
,,,,,,,,,,,,,,,,,,,,,,,,,,,,,,,,0.0,3.0,0.6317204301075269,0.5,0.6881720430107527,D. Daniels lost ball TURNOVER (4 TO),1.0
,,,,,,,,,,,,,,,,,,,,,,,,,,,,,,,,0.0,3.0,0.7113636363636363,0.25,0.9090909090909091,Z. Risacher running DUNK (2 PTS) (J. Johnson 1 AST),1.5
,,,,,,,,,,,,,,,,,,,,,,,,,,,,,,,,0.0,8.0,0.6704225352112675,0.0,0.9577464788732394,Z. Risacher Free Throw 1 of 2 (3 PTS),2.0
,,,,,,,,,,,,,,,,,,,,,,,,,,,,,,,,0.0,8.0,0.4726027397260274,1.0,0.2465753424657534,MISS O. Okongwu 11' driving floating Shot,0.0
,,,,,,,,,,,,,,,,,,,,,,,,,,,,,,,,0.0,8.0,0.6704225352112675,0.0,0.9577464788732394,Z. Risacher Free Throw 2 of 2 (4 PTS),2.0
,,,,,,,,,,,,,,,,,,,,,,,,,,,,,,,,0.0,8.0,0.35,0.5,0.2857142857142857,G. Niang 25' 3PT  (3 PTS) (T. Young 3 AST),1.0
,,,,,,,,,,,,,,,,,,,,,,,,,,,,,,,,0.0,9.0,0.6222222222222221,0.0,0.8888888888888888,C. Capela alley-oop DUNK (2 PTS) (D. Daniels 1 AST),3.5
,,,,,,,,,,,,,,,,,,,,,,,,,,,,,,,,0.0,32.0,0.5113636363636364,0.75,0.4090909090909091,V. Krejčí REBOUND (Off:0 Def:1),0.5
,,,,,,,,,,,,,,,,,,,,,,,,,,,,,,,,0.0,32.0,0.48981481481481476,0.25,0.5925925925925926,MISS T. Young driving floating Shot - blocked,1.5
,,,,,,,,,,,,,,,,,,,,,,,,,,,,,,,,0.0,16.0,0.4817204301075269,0.0,0.6881720430107527,J. Johnson lost ball TURNOVER (1 TO),9.5
,,,,,,,,,,,,,,,,,,,,,,,,,,,,,,,,0.0,13.0,0.5764705882352941,0.0,0.8235294117647058,D. Daniels 3PT  (3 PTS) (C. Capela 1 AST),7.0
,,,,,,,,,,,,,,,,,,,,,,,,,,,,,,,,0.0,6.0,0.6579999999999999,0.0,0.94,D. Daniels driving floating bank Jump Shot (5 PTS),4.5
,,,,,,,,,,,,,,,,,,,,,,,,,,,,,,,,0.0,6.0,0.6695652173913044,0.0,0.9565217391304348,D. Daniels Free Throw 1 of 1 (6 PTS),4.5
,,,,,,,,,,,,,,,,,,,,,,,,,,,,,,,,0.0,12.0,0.6676923076923077,0.0,0.9538461538461539,J. Johnson 9' driving floating Jump Shot (2 PTS) (Z. Risacher 2 AST),6.5
,,,,,,,,,,,,,,,,,,,,,,,,,,,,,,,,0.0,6.0,0.6475,0.0,0.925,J. Johnson running reverse Layup (4 PTS),2.5
,,,,,,,,,,,,,,,,,,,,,,,,,,,,,,,,0.0,3.0,0.4419902912621359,0.25,0.5242718446601942,T. Young bad pass out-of-bounds TURNOVER (1 TO),1.5
,,,,,,,,,,,,,,,,,,,,,,,,,,,,,,,,0.0,15.0,0.7920338983050779,0.8999999999999773,0.7457627118644068,D. Barlow REBOUND (Off:0 Def:1),0.20000000000004547
,,,,,,,,,,,,,,,,,,,,,,,,,,,,,,,,0.0,15.0,0.5676595744680885,0.8000000000000114,0.46808510638297873,MISS G. Niang 26' 3PT,0.39999999999997726
,,,,,,,,,,,,,,,,,,,,,,,,,,,,,,,,0.0,16.0,0.781967213114754,1.0,0.6885245901639344,O. Okongwu REBOUND (Off:1 Def:8),0.0
,,,,,,,,,,,,,,,,,,,,,,,,,,,,,,,,0.0,23.0,0.7107142857142856,0.75,0.6938775510204082,MISS T. Young 24' 3PT,0.5
,,,,,,,,,,,,,,,,,,,,,,,,,,,,,,,,0.0,23.0,0.6644067796610169,0.0,0.9491525423728814,C. Capela REBOUND (Off:3 Def:1),2.5
,,,,,,,,,,,,,,,,,,,,,,,,,,,,,,,,0.0,32.0,0.6644067796610169,0.0,0.9491525423728814,C. Capela REBOUND (Off:2 Def:1),9.5
,,,,,,,,,,,,,,,,,,,,,,,,,,,,,,,,0.0,32.0,0.48764044943820223,0.0,0.6966292134831461,T. Young lost ball TURNOVER (4 TO),14.5
,,,,,,,,,,,,,,,,,,,,,,,,,,,,,,,,0.0,18.0,0.6212264150943396,0.75,0.5660377358490566,MISS V. Krejčí 24' 3PT,0.5
,,,,,,,,,,,,,,,,,,,,,,,,,,,,,,,,0.0,18.0,0.6644067796610169,0.0,0.9491525423728814,C. Capela putback Layup (4 PTS),8.5
,,,,,,,,,,,,,,,,,,,,,,,,,,,,,,,,0.0,14.0,0.48,1.0,0.2571428571428571,T. Young Free Throw 2 of 2 (8 PTS),0.0
,,,,,,,,,,,,,,,,,,,,,,,,,,,,,,,,0.0,14.0,0.8366666666666667,1.0,0.7666666666666667,MISS T. Young Free Throw 1 of 2,0.0
,,,,,,,,,,,,,,,,,,,,,,,,,,,,,,,,0.0,14.0,0.8155737704918032,0.5,0.9508196721311475,MISS C. Capela Free Throw 2 of 2,1.0
,,,,,,,,,,,,,,,,,,,,,,,,,,,,,,,,0.0,24.0,0.588,0.0,0.84,T. Young 3PT step back (6 PTS) (C. Capela 2 AST),14.0
,,,,,,,,,,,,,,,,,,,,,,,,,,,,,,,,0.0,13.0,0.6704225352112675,0.0,0.9577464788732394,Z. Risacher Free Throw 2 of 3 (8 PTS),4.0
,,,,,,,,,,,,,,,,,,,,,,,,,,,,,,,,0.0,13.0,0.6704225352112675,0.0,0.9577464788732394,Z. Risacher Free Throw 1 of 3 (7 PTS),4.0
,,,,,,,,,,,,,,,,,,,,,,,,,,,,,,,,0.0,13.0,0.6704225352112675,0.0,0.9577464788732394,Z. Risacher Free Throw 3 of 3 (9 PTS),4.0
,,,,,,,,,,,,,,,,,,,,,,,,,,,,,,,,0.0,16.0,0.6066666666666667,0.0,0.8666666666666667,D. Daniels tip Layup (12 PTS),9.0
,,,,,,,,,,,,,,,,,,,,,,,,,,,,,,,,0.0,24.0,0.6176470588235293,0.0,0.8823529411764706,MISS D. Daniels 20' floating Shot,4.5
,,,,,,,,,,,,,,,,,,,,,,,,,,,,,,,,0.0,15.0,0.5973880597014924,0.25,0.746268656716418,MISS K. Wallace 28' pullup 3PT,1.5
,,,,,,,,,,,,,,,,,,,,,,,,,,,,,,,,0.0,15.0,0.625,0.75,0.5714285714285714,TEAM offensive REBOUND,0.5
,,,,,,,,,,,,,,,,,,,,,,,,,,,,,,,,0.0,10.0,0.6039215686274509,0.0,0.8627450980392157,J. Johnson cutting DUNK (6 PTS) (O. Okongwu 1 AST),7.0
,,,,,,,,,,,,,,,,,,,,,,,,,,,,,,,,0.0,4.0,0.6733333333333333,1.0,0.5333333333333333,V. Krejčí bad pass out-of-bounds TURNOVER (1 TO),0.0
,,,,,,,,,,,,,,,,,,,,,,,,,,,,,,,,0.0,20.0,0.48764044943820223,0.0,0.6966292134831461,T. Young lost ball TURNOVER (3 TO),4.5
,,,,,,,,,,,,,,,,,,,,,,,,,,,,,,,,0.0,5.0,0.8945652173913043,0.75,0.9565217391304348,J. Johnson Free Throw 2 of 2 (8 PTS),0.5
,,,,,,,,,,,,,,,,,,,,,,,,,,,,,,,,0.0,3.0,0.5178571428571428,0.25,0.6326530612244898,J. Johnson lost ball out-of-bounds TURNOVER (2 TO),1.5
,,,,,,,,,,,,,,,,,,,,,,,,,,,,,,,,0.0,14.0,0.37943925233644854,0.0,0.5420560747663551,J. Johnson bad pass out-of-bounds TURNOVER (3 TO),5.5
,,,,,,,,,,,,,,,,,,,,,,,,,,,,,,,,0.0,7.0,0.5939393939393939,0.0,0.8484848484848485,O. Okongwu 8' bank Hook (7 PTS) (J. Johnson 3 AST),3.5
,,,,,,,,,,,,,,,,,,,,,,,,,,,,,,,,0.0,18.0,0.4869565217391304,0.0,0.6956521739130435,J. Johnson lost ball TURNOVER (4 TO),7.5
,,,,,,,,,,,,,,,,,,,,,,,,,,,,,,,,0.0,28.0,0.4666666666666666,0.0,0.6666666666666666,T. Young bad pass TURNOVER (2 TO),11.0
,,,,,,,,,,,,,,,,,,,,,,,,,,,,,,,,0.0,24.0,0.475,0.25,0.5714285714285714,TEAM offensive REBOUND,1.5
,,,,,,,,,,,,,,,,,,,,,,,,,,,,,,,,0.0,24.0,0.4769230769230769,0.0,0.6813186813186813,D. Daniels bad pass TURNOVER (3 TO),11.5
,,,,,,,,,,,,,,,,,,,,,,,,,,,,,,,,0.0,5.0,0.8945652173913043,0.75,0.9565217391304348,J. Johnson Free Throw 1 of 2 (7 PTS),0.5
,,,,,,,,,,,,,,,,,,,,,,,,,,,,,,,,0.0,23.0,0.6666666666666666,0.0,0.9523809523809523,O. Okongwu putback Layup (26 PTS),8.5
,,,,,,,,,,,,,,,,,,,,,,,,,,,,,,,,0.0,16.0,0.31799999999999995,0.5,0.24,MISS D. Daniels driving floating Shot,1.0
,,,,,,,,,,,,,,,,,,,,,,,,,,,,,,,,0.0,16.0,0.49777777777777776,0.0,0.7111111111111111,MISS O. Okongwu 3PT,8.0
,,,,,,,,,,,,,,,,,,,,,,,,,,,,,,,,0.0,21.0,0.6485294117647058,0.75,0.6050420168067226,D. Daniels 10' driving floating Jump Shot (11 PTS) (T. Young 9 AST),0.5
,,,,,,,,,,,,,,,,,,,,,,,,,,,,,,,,0.0,17.0,0.6571428571428571,0.0,0.9387755102040817,T. Young driving floating bank Jump Shot (17 PTS),5.5
,,,,,,,,,,,,,,,,,,,,,,,,,,,,,,,,0.0,11.0,0.6057692307692307,0.0,0.8653846153846154,D. Daniels cutting DUNK (19 PTS) (O. Okongwu 5 AST),8.5
,,,,,,,,,,,,,,,,,,,,,,,,,,,,,,,,0.0,16.0,0.5870967741935483,0.0,0.8387096774193549,D. Hunter 25' 3PT  (15 PTS) (T. Young 10 AST),3.0
,,,,,,,,,,,,,,,,,,,,,,,,,,,,,,,,0.0,18.0,0.7,0.5,0.7857142857142857,MISS D. Hunter running finger roll Layup - blocked,1.0
,,,,,,,,,,,,,,,,,,,,,,,,,,,,,,,,0.0,22.0,0.48222222222222216,0.0,0.6888888888888889,O. Okongwu lost ball TURNOVER (1 TO),6.5
,,,,,,,,,,,,,,,,,,,,,,,,,,,,,,,,0.0,13.0,0.5215686274509804,0.0,0.7450980392156863,MISS D. Hunter 24' 3PT,2.0
,,,,,,,,,,,,,,,,,,,,,,,,,,,,,,,,0.0,13.0,0.48124999999999996,0.0,0.6875,O. Okongwu REBOUND (Off:4 Def:6),5.0
,,,,,,,,,,,,,,,,,,,,,,,,,,,,,,,,0.0,10.0,0.5894736842105263,0.0,0.8421052631578947,O. Okongwu 25' 3PT  (18 PTS) (D. Hunter 3 AST),5.5
,,,,,,,,,,,,,,,,,,,,,,,,,,,,,,,,0.0,7.0,0.7093749999999999,0.25,0.90625,D. Daniels running DUNK (15 PTS),1.5
,,,,,,,,,,,,,,,,,,,,,,,,,,,,,,,,0.0,11.0,0.7675,0.75,0.775,MISS T. Young 30' running pullup 3PT,0.5
,,,,,,,,,,,,,,,,,,,,,,,,,,,,,,,,0.0,10.0,0.5,1.0,0.2857142857142857,MISS T. Young Free Throw 2 of 2,0.0
,,,,,,,,,,,,,,,,,,,,,,,,,,,,,,,,0.0,19.0,0.6543478260869565,0.0,0.9347826086956522,T. Young 9' driving floating Jump Shot (15 PTS),5.0
,,,,,,,,,,,,,,,,,,,,,,,,,,,,,,,,0.0,16.0,0.7227611940298506,0.25,0.9253731343283582,T. Young Free Throw 2 of 2 (17 PTS),1.5
,,,,,,,,,,,,,,,,,,,,,,,,,,,,,,,,0.0,16.0,0.4640243902439024,0.75,0.34146341463414637,O. Okongwu driving DUNK (8 PTS) (D. Daniels 1 AST),0.5
,,,,,,,,,,,,,,,,,,,,,,,,,,,,,,,,0.0,17.0,0.6057692307692307,0.0,0.8653846153846154,O. Okongwu driving Hook (24 PTS) (D. Daniels 5 AST),6.5
,,,,,,,,,,,,,,,,,,,,,,,,,,,,,,,,0.0,15.0,0.48369565217391297,0.75,0.3695652173913043,Z. Risacher lost ball TURNOVER (2 TO),0.5
,,,,,,,,,,,,,,,,,,,,,,,,,,,,,,,,0.0,3.0,0.6470588235294118,0.0,0.9243697478991597,T. Young driving finger roll Layup (11 PTS) (D. Hunter 4 AST),2.5
,,,,,,,,,,,,,,,,,,,,,,,,,,,,,,,,0.0,19.0,0.6655737704918032,0.0,0.9508196721311475,O. Okongwu REBOUND (Off:2 Def:4),6.0
,,,,,,,,,,,,,,,,,,,,,,,,,,,,,,,,0.0,19.0,0.6666666666666666,0.0,0.9523809523809523,O. Okongwu putback Layup (22 PTS),7.0
,,,,,,,,,,,,,,,,,,,,,,,,,,,,,,,,0.0,19.0,0.6461538461538462,0.0,0.9230769230769231,MISS T. Young driving finger roll Layup,2.0
,,,,,,,,,,,,,,,,,,,,,,,,,,,,,,,,0.0,19.0,0.5923076923076923,0.0,0.8461538461538461,MISS O. Okongwu tip Layup,6.0
,,,,,,,,,,,,,,,,,,,,,,,,,,,,,,,,0.0,12.0,0.5181818181818182,1.0,0.3116883116883117,Z. Risacher Layup (11 PTS),0.0
,,,,,,,,,,,,,,,,,,,,,,,,,,,,,,,,0.0,16.0,0.7851485148514851,1.0,0.693069306930693,D. Daniels cutting Layup (4 PTS) (T. Young 7 AST),0.0
,,,,,,,,,,,,,,,,,,,,,,,,,,,,,,,,0.0,13.0,0.7,1.0,0.5714285714285714,Z. Risacher 25' 3PT  (12 PTS) (D. Daniels 5 AST),0.0
,,,,,,,,,,,,,,,,,,,,,,,,,,,,,,,,0.0,10.0,0.5844827586206897,0.5,0.6206896551724138,T. Young bad pass TURNOVER (4 TO),1.0
,,,,,,,,,,,,,,,,,,,,,,,,,,,,,,,,0.0,11.0,0.7560344827586206,0.75,0.7586206896551724,G. Niang REBOUND (Off:0 Def:1),0.5
,,,,,,,,,,,,,,,,,,,,,,,,,,,,,,,,0.0,4.0,0.6487804878048781,0.0,0.926829268292683,D. Hunter driving floating Jump Shot (17 PTS) (T. Young 11 AST),2.5
,,,,,,,,,,,,,,,,,,,,,,,,,,,,,,,,0.0,13.0,0.5599999999999999,0.0,0.8,T. Mann REBOUND (Off:0 Def:2),9.0
,,,,,,,,,,,,,,,,,,,,,,,,,,,,,,,,0.0,10.0,0.5679245283018868,0.0,0.8113207547169812,V. Krejčí 25' 3PT running (5 PTS) (D. Hunter 5 AST),2.0
,,,,,,,,,,,,,,,,,,,,,,,,,,,,,,,,0.0,17.0,0.6124999999999999,0.0,0.875,Z. Risacher 12' turnaround fadeaway Jump Shot (6 PTS) (D. Daniels 4 AST),5.5
,,,,,,,,,,,,,,,,,,,,,,,,,,,,,,,,0.0,35.0,0.6774193548387096,0.0,0.967741935483871,T. Young 12' driving floating Jump Shot (32 PTS),10.5
,,,,,,,,,,,,,,,,,,,,,,,,,,,,,,,,0.0,13.0,0.6686567164179104,0.0,0.9552238805970149,T. Young Free Throw 1 of 2 (29 PTS),2.099999999999909
,,,,,,,,,,,,,,,,,,,,,,,,,,,,,,,,0.0,13.0,0.3385135135135135,0.75,0.16216216216216217,MISS D. Daniels 8' driving floating Shot,0.5
,,,,,,,,,,,,,,,,,,,,,,,,,,,,,,,,0.0,13.0,0.6686567164179104,0.0,0.9552238805970149,T. Young Free Throw 2 of 2 (30 PTS),2.099999999999909
,,,,,,,,,,,,,,,,,,,,,,,,,,,,,,,,0.0,29.0,0.38249999999999995,0.75,0.225,T. Mann running finger roll Layup (16 PTS),0.5
,,,,,,,,,,,,,,,,,,,,,,,,,,,,,,,,0.0,29.0,0.5278688524590163,0.0,0.7540983606557377,MISS T. Young step back 3PT,14.5
,,,,,,,,,,,,,,,,,,,,,,,,,,,,,,,,0.0,17.0,0.6094117647058823,0.0,0.8705882352941177,MISS T. Young driving floating bank Shot,5.5
,,,,,,,,,,,,,,,,,,,,,,,,,,,,,,,,0.0,9.0,0.6615384615384615,0.0,0.945054945054945,T. Young 8' driving floating Jump Shot (28 PTS),6.0
,,,,,,,,,,,,,,,,,,,,,,,,,,,,,,,,0.0,19.0,0.5345454545454545,0.0,0.7636363636363637,T. Young REBOUND (Off:2 Def:5),7.0
,,,,,,,,,,,,,,,,,,,,,,,,,,,,,,,,0.0,7.0,0.5727272727272728,0.0,0.8181818181818182,T. Young 26' 3PT step back (26 PTS) (V. Krejčí 2 AST),2.5
,,,,,,,,,,,,,,,,,,,,,,,,,,,,,,,,0.0,32.0,0.42499999999999993,0.75,0.2857142857142857,O. Okongwu Free Throw 2 of 2 (14 PTS),0.5
,,,,,,,,,,,,,,,,,,,,,,,,,,,,,,,,0.0,13.0,0.6569148936170213,0.75,0.6170212765957447,T. Young 3PT  (20 PTS) (D. Daniels 4 AST),0.5
,,,,,,,,,,,,,,,,,,,,,,,,,,,,,,,,0.0,26.0,0.6112676056338028,0.0,0.8732394366197183,D. Daniels traveling TURNOVER (2 TO),9.5
,,,,,,,,,,,,,,,,,,,,,,,,,,,,,,,,0.0,10.0,0.2333333333333333,0.0,0.3333333333333333,T. Young 25' 3PT pullup (20 PTS),9.199999999999818
,,,,,,,,,,,,,,,,,,,,,,,,,,,,,,,,0.0,16.0,0.5883333333333333,0.25,0.7333333333333333,D. Daniels REBOUND (Off:0 Def:5),1.5
,,,,,,,,,,,,,,,,,,,,,,,,,,,,,,,,0.0,13.0,0.6339622641509434,0.0,0.9056603773584906,MISS D. Barlow 14' Jump Shot,6.0
,,,,,,,,,,,,,,,,,,,,,,,,,,,,,,,,0.0,13.0,0.6712328767123287,0.0,0.958904109589041,T. Young 12' pullup Jump Shot (23 PTS),6.0
,,,,,,,,,,,,,,,,,,,,,,,,,,,,,,,,0.0,9.0,0.5572222222222222,0.25,0.6888888888888889,D. Daniels lost ball TURNOVER (1 TO),1.5
,,,,,,,,,,,,,,,,,,,,,,,,,,,,,,,,0.0,20.0,0.6686567164179104,0.0,0.9552238805970149,MISS L. Nance Jr. Free Throw 2 of 2,3.0
,,,,,,,,,,,,,,,,,,,,,,,,,,,,,,,,0.0,19.0,0.5397590361445783,0.0,0.7710843373493976,D. Barlow 3PT  (5 PTS) (V. Krejčí 1 AST),3.0
,,,,,,,,,,,,,,,,,,,,,,,,,,,,,,,,0.0,38.0,0.5457627118644067,0.0,0.7796610169491526,D. Barlow REBOUND (Off:0 Def:3),16.5
,,,,,,,,,,,,,,,,,,,,,,,,,,,,,,,,0.0,38.0,0.65,0.0,0.9285714285714286,MISS Z. Risacher driving finger roll Layup,7.5
,,,,,,,,,,,,,,,,,,,,,,,,,,,,,,,,0.0,24.0,0.45499999999999996,0.0,0.65,T. Young technical Free Throw 1 of 1 (21 PTS),2.5
,,,,,,,,,,,,,,,,,,,,,,,,,,,,,,,,0.0,24.0,0.602,0.0,0.86,D. Barlow cutting Layup (2 PTS) (T. Young 12 AST),7.5
,,,,,,,,,,,,,,,,,,,,,,,,,,,,,,,,0.0,24.0,0.6655737704918032,0.0,0.9508196721311475,MISS D. Barlow Free Throw 1 of 1,7.5
,,,,,,,,,,,,,,,,,,,,,,,,,,,,,,,,0.0,24.0,0.5717741935483871,0.25,0.7096774193548387,G. Niang REBOUND (Off:0 Def:2),1.5
,,,,,,,,,,,,,,,,,,,,,,,,,,,,,,,,0.0,11.0,0.44210526315789467,0.0,0.631578947368421,D. Hunter lost ball TURNOVER (3 TO),7.0
,,,,,,,,,,,,,,,,,,,,,,,,,,,,,,,,0.0,13.0,0.5223880597014925,0.0,0.746268656716418,MISS K. Wallace 25' pullup 3PT,8.5
,,,,,,,,,,,,,,,,,,,,,,,,,,,,,,,,0.0,13.0,0.5366666666666666,0.0,0.7666666666666667,V. Krejčí REBOUND (Off:0 Def:1),7.5
,,,,,,,,,,,,,,,,,,,,,,,,,,,,,,,,0.0,16.0,0.5811320754716981,0.0,0.8301886792452831,MISS V. Krejčí 17' Jump Shot,2.5
,,,,,,,,,,,,,,,,,,,,,,,,,,,,,,,,0.0,31.0,0.5954022988505746,0.0,0.8505747126436781,D. Hunter step out-of-bounds TURNOVER (2 TO),7.0
,,,,,,,,,,,,,,,,,,,,,,,,,,,,,,,,0.0,11.0,0.4666666666666666,0.0,0.6666666666666666,MISS V. Krejčí 24' 3PT,2.0
,,,,,,,,,,,,,,,,,,,,,,,,,,,,,,,,0.0,7.0,0.5403508771929824,0.0,0.7719298245614035,O. Okongwu REBOUND (Off:0 Def:5),4.0
,,,,,,,,,,,,,,,,,,,,,,,,,,,,,,,,0.0,21.0,0.39999999999999997,0.0,0.5714285714285714,TEAM offensive REBOUND,5.5
,,,,,,,,,,,,,,,,,,,,,,,,,,,,,,,,0.0,17.0,0.6611111111111111,0.5,0.7301587301587301,D. Barlow REBOUND (Off:0 Def:1),1.0
,,,,,,,,,,,,,,,,,,,,,,,,,,,,,,,,0.0,17.0,0.5676470588235294,1.0,0.38235294117647056,T. Young bad pass TURNOVER (2 TO),0.0
,,,,,,,,,,,,,,,,,,,,,,,,,,,,,,,,0.0,23.0,0.42916666666666664,0.75,0.2916666666666667,MISS T. Young 6' driving floating Shot,0.5
,,,,,,,,,,,,,,,,,,,,,,,,,,,,,,,,0.0,17.0,0.6671874999999999,0.0,0.953125,K. Wallace 6' driving floating Jump Shot (5 PTS) (G. Mathews 1 AST),6.5
,,,,,,,,,,,,,,,,,,,,,,,,,,,,,,,,0.0,44.0,0.5508196721311475,0.0,0.7868852459016393,O. Okongwu REBOUND (Off:0 Def:3),6.0
,,,,,,,,,,,,,,,,,,,,,,,,,,,,,,,,0.0,44.0,0.5870967741935483,0.0,0.8387096774193549,MISS D. Hunter 11' pullup Shot,9.0
,,,,,,,,,,,,,,,,,,,,,,,,,,,,,,,,0.0,5.0,0.4617021276595744,0.0,0.6595744680851063,K. Wallace bad pass TURNOVER (1 TO),3.0
,,,,,,,,,,,,,,,,,,,,,,,,,,,,,,,,0.0,9.0,0.5894736842105263,0.0,0.8421052631578947,K. Wallace 25' 3PT  (3 PTS) (D. Daniels 2 AST),3.0
,,,,,,,,,,,,,,,,,,,,,,,,,,,,,,,,0.0,24.0,0.58,1.0,0.4,O. Okongwu REBOUND (Off:2 Def:3),0.0
,,,,,,,,,,,,,,,,,,,,,,,,,,,,,,,,0.0,24.0,0.5333333333333332,0.0,0.7619047619047619,MISS T. Young 25' pullup 3PT,5.0
,,,,,,,,,,,,,,,,,,,,,,,,,,,,,,,,0.0,15.0,0.7383333333333333,0.75,0.7333333333333333,O. Okongwu REBOUND (Off:2 Def:2),0.5
,,,,,,,,,,,,,,,,,,,,,,,,,,,,,,,,0.0,15.0,0.6317073170731707,0.0,0.9024390243902439,MISS D. Daniels 8' driving floating Shot,4.5
,,,,,,,,,,,,,,,,,,,,,,,,,,,,,,,,0.0,10.0,0.6336842105263157,0.0,0.9052631578947369,Z. Risacher running DUNK (2 PTS) (T. Young 2 AST),2.0
,,,,,,,,,,,,,,,,,,,,,,,,,,,,,,,,0.0,37.0,0.7051724137931035,0.5,0.7931034482758621,D. Daniels REBOUND (Off:1 Def:1),1.0
,,,,,,,,,,,,,,,,,,,,,,,,,,,,,,,,0.0,17.0,0.65,0.0,0.9285714285714286,T. Young driving finger roll Layup (2 PTS),9.5
,,,,,,,,,,,,,,,,,,,,,,,,,,,,,,,,0.0,11.0,0.5562499999999999,0.25,0.6875,O. Okongwu REBOUND (Off:0 Def:1),1.5
,,,,,,,,,,,,,,,,,,,,,,,,,,,,,,,,0.0,13.0,0.4505747126436781,0.0,0.6436781609195402,T. Young bad pass TURNOVER (2 TO),6.0
,,,,,,,,,,,,,,,,,,,,,,,,,,,,,,,,0.0,13.0,0.25925925925925924,0.0,0.37037037037037035,D. Daniels 3PT  (3 PTS) (C. Capela 1 AST),5.0
,,,,,,,,,,,,,,,,,,,,,,,,,,,,,,,,0.0,15.0,0.550561797752809,0.0,0.7865168539325843,D. Hunter 3PT  (6 PTS) (O. Okongwu 3 AST),6.0
,,,,,,,,,,,,,,,,,,,,,,,,,,,,,,,,0.0,6.0,0.5793103448275861,0.0,0.8275862068965517,D. Daniels 3PT  (5 PTS) (O. Okongwu 2 AST),7.0
,,,,,,,,,,,,,,,,,,,,,,,,,,,,,,,,0.0,12.0,0.6631578947368421,0.0,0.9473684210526315,D. Daniels 11' floating Jump Shot (2 PTS) (O. Okongwu 1 AST),5.0
,,,,,,,,,,,,,,,,,,,,,,,,,,,,,,,,0.0,11.0,0.5793103448275861,0.0,0.8275862068965517,O. Okongwu 3PT  (3 PTS) (D. Daniels 1 AST),6.5
,,,,,,,,,,,,,,,,,,,,,,,,,,,,,,,,0.0,12.0,0.8649122807017544,1.0,0.8070175438596491,O. Okongwu REBOUND (Off:0 Def:1),0.0
,,,,,,,,,,,,,,,,,,,,,,,,,,,,,,,,0.0,19.0,0.5249999999999999,0.0,0.75,D. Daniels REBOUND (Off:0 Def:1),7.0
,,,,,,,,,,,,,,,,,,,,,,,,,,,,,,,,0.0,19.0,0.509090909090909,0.0,0.7272727272727273,MISS Z. Risacher 24' 3PT,7.0
,,,,,,,,,,,,,,,,,,,,,,,,,,,,,,,,0.0,12.0,0.5820224719101124,0.0,0.8314606741573034,D. Hunter 24' 3PT  (3 PTS) (T. Young 1 AST),9.5
,,,,,,,,,,,,,,,,,,,,,,,,,,,,,,,,0.0,8.0,0.4720930232558139,0.0,0.6744186046511628,T. Young bad pass TURNOVER (1 TO),4.5
,,,,,,,,,,,,,,,,,,,,,,,,,,,,,,,,0.0,11.0,0.5199999999999931,0.39999999999997726,0.5714285714285714,TEAM offensive REBOUND,1.2000000000000455
,,,,,,,,,,,,,,,,,,,,,,,,,,,,,,,,0.0,21.0,0.6426229508196721,0.0,0.9180327868852459,V. Krejčí driving finger roll Layup (2 PTS) (L. Nance Jr. 1 AST),13.5
,,,,,,,,,,,,,,,,,,,,,,,,,,,,,,,,0.0,21.0,0.5013157894736842,0.75,0.39473684210526316,MISS D. Barlow 26' 3PT,0.5
,,,,,,,,,,,,,,,,,,,,,,,,,,,,,,,,0.0,37.0,0.8063829787234043,1.0,0.723404255319149,MISS Z. Risacher 3PT,0.0
,,,,,,,,,,,,,,,,,,,,,,,,,,,,,,,,0.0,13.0,0.4718181818181852,0.30000000000001137,0.5454545454545454,T. Young bad pass TURNOVER (2 TO),1.3999999999999773
,,,,,,,,,,,,,,,,,,,,,,,,,,,,,,,,0.0,13.0,0.4307692307692308,0.0,0.6153846153846154,T. Young bad pass TURNOVER (5 TO),5.5
,,,,,,,,,,,,,,,,,,,,,,,,,,,,,,,,0.0,18.0,0.5599999999999999,0.0,0.8,D. Barlow REBOUND (Off:0 Def:1),5.0
,,,,,,,,,,,,,,,,,,,,,,,,,,,,,,,,0.0,17.0,0.6116666666666666,0.25,0.7666666666666667,D. Daniels REBOUND (Off:2 Def:2),1.5
,,,,,,,,,,,,,,,,,,,,,,,,,,,,,,,,0.0,17.0,0.6025316455696202,0.0,0.8607594936708861,MISS D. Daniels driving floating Shot,3.5
,,,,,,,,,,,,,,,,,,,,,,,,,,,,,,,,0.0,13.0,0.4460526315789473,0.75,0.3157894736842105,C. LeVert 24' 3PT running pullup (10 PTS) (D. Daniels 4 AST),0.5
,,,,,,,,,,,,,,,,,,,,,,,,,,,,,,,,0.0,13.0,0.6644067796610169,0.0,0.9491525423728814,MISS T. Young Free Throw 1 of 2,5.5
,,,,,,,,,,,,,,,,,,,,,,,,,,,,,,,,0.0,13.0,0.5049999999999999,0.75,0.4,O. Okongwu REBOUND (Off:0 Def:4),0.5
,,,,,,,,,,,,,,,,,,,,,,,,,,,,,,,,0.0,10.0,0.5917525773195876,0.0,0.845360824742268,O. Okongwu 24' 3PT  (14 PTS) (D. Daniels 3 AST),4.5
,,,,,,,,,,,,,,,,,,,,,,,,,,,,,,,,0.0,9.0,0.7022727272727272,0.75,0.6818181818181818,O. Okongwu Layup (6 PTS) (T. Young 4 AST),0.5
,,,,,,,,,,,,,,,,,,,,,,,,,,,,,,,,0.0,10.0,0.6,0.0,0.8571428571428571,O. Okongwu tip DUNK (7 PTS),5.5
,,,,,,,,,,,,,,,,,,,,,,,,,,,,,,,,0.0,10.0,0.475,0.75,0.35714285714285715,V. Krejčí personal FOUL (1 PF),0.5
,,,,,,,,,,,,,,,,,,,,,,,,,,,,,,,,0.0,13.0,0.6222222222222221,0.0,0.8888888888888888,O. Okongwu alley-oop Layup (5 PTS) (T. Young 3 AST),4.5
,,,,,,,,,,,,,,,,,,,,,,,,,,,,,,,,0.0,19.0,0.6644067796610169,0.0,0.9491525423728814,MISS T. Young Free Throw 1 of 2,7.0
,,,,,,,,,,,,,,,,,,,,,,,,,,,,,,,,0.0,19.0,0.3949152542372881,1.0,0.13559322033898305,SUB out: L. Nance Jr.,0.0
,,,,,,,,,,,,,,,,,,,,,,,,,,,,,,,,0.0,33.0,0.506896551724138,0.0,0.7241379310344828,M. Gueye REBOUND (Off:1 Def:1),5.5
,,,,,,,,,,,,,,,,,,,,,,,,,,,,,,,,0.0,15.0,0.6704225352112675,0.0,0.9577464788732394,D. Daniels Free Throw 1 of 1 (13 PTS),11.5
,,,,,,,,,,,,,,,,,,,,,,,,,,,,,,,,0.0,9.0,0.57688679245283,0.25,0.7169811320754716,MISS G. Mathews 24' 3PT,1.5
,,,,,,,,,,,,,,,,,,,,,,,,,,,,,,,,0.0,16.0,0.5457627118644067,0.0,0.7796610169491526,T. Young REBOUND (Off:0 Def:1),7.0
,,,,,,,,,,,,,,,,,,,,,,,,,,,,,,,,0.0,15.0,0.723780487804878,0.25,0.926829268292683,MISS D. Daniels driving finger roll Layup,1.5
,,,,,,,,,,,,,,,,,,,,,,,,,,,,,,,,0.0,16.0,0.5283018867924528,0.0,0.7547169811320755,MISS G. Mathews 26' 3PT,3.0
,,,,,,,,,,,,,,,,,,,,,,,,,,,,,,,,0.0,11.0,0.4967741935483871,0.0,0.7096774193548387,G. Niang REBOUND (Off:1 Def:2),5.0
,,,,,,,,,,,,,,,,,,,,,,,,,,,,,,,,0.0,11.0,0.6510869565217391,0.75,0.6086956521739131,J. Johnson bad pass out-of-bounds TURNOVER (3 TO),0.5
,,,,,,,,,,,,,,,,,,,,,,,,,,,,,,,,0.0,12.0,0.6676923076923077,0.0,0.9538461538461539,T. Young Free Throw 1 of 2 (3 PTS),6.5
,,,,,,,,,,,,,,,,,,,,,,,,,,,,,,,,0.0,38.0,0.4555882352941176,0.75,0.32941176470588235,D. Barlow personal FOUL (2 PF),0.5
,,,,,,,,,,,,,,,,,,,,,,,,,,,,,,,,0.0,15.0,0.6579999999999999,0.0,0.94,D. Daniels driving floating bank Jump Shot (7 PTS),4.5
,,,,,,,,,,,,,,,,,,,,,,,,,,,,,,,,0.0,41.0,0.45111111111111113,0.0,0.6444444444444445,T. Young bad pass TURNOVER (3 TO),11.0
,,,,,,,,,,,,,,,,,,,,,,,,,,,,,,,,0.0,22.0,0.7653508771929823,0.75,0.7719298245614035,D. Barlow REBOUND (Off:2 Def:3),0.5
,,,,,,,,,,,,,,,,,,,,,,,,,,,,,,,,0.0,9.0,0.6774193548387096,0.0,0.967741935483871,D. Daniels 8' driving floating Jump Shot (9 PTS),2.0
,,,,,,,,,,,,,,,,,,,,,,,,,,,,,,,,0.0,9.0,0.34310344827586203,0.5,0.27586206896551724,T. Mann REBOUND (Off:0 Def:2),1.0
,,,,,,,,,,,,,,,,,,,,,,,,,,,,,,,,0.0,15.0,0.5384615384615384,0.0,0.7692307692307693,Z. Risacher REBOUND (Off:0 Def:2),5.5
,,,,,,,,,,,,,,,,,,,,,,,,,,,,,,,,0.0,17.0,0.6686567164179104,0.0,0.9552238805970149,T. Young Free Throw 2 of 2 (22 PTS),4.5
,,,,,,,,,,,,,,,,,,,,,,,,,,,,,,,,0.0,17.0,0.738157894736842,0.25,0.9473684210526315,MISS T. Mann Free Throw 2 of 2,1.5
,,,,,,,,,,,,,,,,,,,,,,,,,,,,,,,,0.0,17.0,0.501056338028169,0.75,0.39436619718309857,G. Niang personal FOUL (2 PF) (Hield 2 FT),0.5
,,,,,,,,,,,,,,,,,,,,,,,,,,,,,,,,0.0,17.0,0.5193548387096774,0.0,0.7419354838709677,C. LeVert REBOUND (Off:0 Def:2),2.5
,,,,,,,,,,,,,,,,,,,,,,,,,,,,,,,,0.0,17.0,0.7426923076923077,0.25,0.9538461538461539,T. Mann Free Throw 1 of 2 (10 PTS),1.5
,,,,,,,,,,,,,,,,,,,,,,,,,,,,,,,,0.0,17.0,0.6686567164179104,0.0,0.9552238805970149,T. Young Free Throw 1 of 2 (21 PTS),4.5
,,,,,,,,,,,,,,,,,,,,,,,,,,,,,,,,0.0,26.0,0.6383720930232558,0.5,0.6976744186046512,MISS D. Barlow 3PT,1.0
,,,,,,,,,,,,,,,,,,,,,,,,,,,,,,,,0.0,11.0,0.39999999999999997,0.0,0.5714285714285714,TEAM offensive REBOUND,5.800000000000182
,,,,,,,,,,,,,,,,,,,,,,,,,,,,,,,,0.0,9.0,0.6686567164179104,0.0,0.9552238805970149,T. Young Free Throw 1 of 2 (25 PTS),4.5
,,,,,,,,,,,,,,,,,,,,,,,,,,,,,,,,0.0,9.0,0.5703703703703703,0.0,0.8148148148148148,C. LeVert 3PT  (9 PTS) (T. Young 9 AST),3.0
,,,,,,,,,,,,,,,,,,,,,,,,,,,,,,,,0.0,8.0,0.6686567164179104,0.0,0.9552238805970149,T. Young Free Throw 1 of 2 (23 PTS),2.5
,,,,,,,,,,,,,,,,,,,,,,,,,,,,,,,,0.0,8.0,0.6686567164179104,0.0,0.9552238805970149,T. Young Free Throw 2 of 2 (24 PTS),2.5
,,,,,,,,,,,,,,,,,,,,,,,,,,,,,,,,0.0,9.0,0.5111111111111111,0.0,0.7301587301587301,MISS T. Young 26' pullup 3PT,2.5
,,,,,,,,,,,,,,,,,,,,,,,,,,,,,,,,0.0,8.0,0.6380733944954128,0.5,0.6972477064220184,D. Hunter driving floating Jump Shot (17 PTS) (T. Young 11 AST),1.0
,,,,,,,,,,,,,,,,,,,,,,,,,,,,,,,,0.0,18.0,0.5193548387096774,0.0,0.7419354838709677,D. Daniels REBOUND (Off:2 Def:3),3.0
,,,,,,,,,,,,,,,,,,,,,,,,,,,,,,,,0.0,16.0,0.6275862068965516,0.0,0.896551724137931,T. Mann running Layup (9 PTS),3.5
,,,,,,,,,,,,,,,,,,,,,,,,,,,,,,,,0.0,19.0,0.48222222222222216,0.0,0.6888888888888889,C. LeVert lost ball TURNOVER (1 TO),4.0
,,,,,,,,,,,,,,,,,,,,,,,,,,,,,,,,0.0,22.0,0.6533333333333333,0.0,0.9333333333333333,T. Mann 8' driving floating Jump Shot (7 PTS) (D. Barlow 2 AST),6.0
,,,,,,,,,,,,,,,,,,,,,,,,,,,,,,,,0.0,14.0,0.632258064516129,0.0,0.9032258064516129,T. Young driving Layup (13 PTS),5.5
,,,,,,,,,,,,,,,,,,,,,,,,,,,,,,,,0.0,16.0,0.9166666666666665,1.0,0.8809523809523809,MISS D. Daniels 11' driving floating Shot,0.0
,,,,,,,,,,,,,,,,,,,,,,,,,,,,,,,,0.0,18.0,0.7138888888888888,0.75,0.6984126984126984,Z. Risacher REBOUND (Off:1 Def:2),0.5
,,,,,,,,,,,,,,,,,,,,,,,,,,,,,,,,0.0,18.0,0.547787610619469,1.0,0.35398230088495575,D. Barlow shooting personal FOUL (3 PF) (Jones Jr. 2 FT),0.0
,,,,,,,,,,,,,,,,,,,,,,,,,,,,,,,,0.0,18.0,0.47804878048780486,0.0,0.6829268292682927,MISS M. Gueye 3PT,7.5
,,,,,,,,,,,,,,,,,,,,,,,,,,,,,,,,0.0,19.0,0.5249999999999999,0.0,0.75,Z. Risacher REBOUND (Off:1 Def:3),2.5
,,,,,,,,,,,,,,,,,,,,,,,,,,,,,,,,0.0,19.0,0.5142857142857142,0.0,0.7346938775510204,MISS T. Young 29' 3PT,2.5
,,,,,,,,,,,,,,,,,,,,,,,,,,,,,,,,0.0,12.0,0.45617977528089887,0.0,0.651685393258427,MISS O. Okongwu tip Layup - blocked,4.5
,,,,,,,,,,,,,,,,,,,,,,,,,,,,,,,,0.0,12.0,0.6025316455696202,0.0,0.8607594936708861,MISS D. Daniels driving floating Shot,3.5
,,,,,,,,,,,,,,,,,,,,,,,,,,,,,,,,0.0,22.0,0.5058823529411764,1.0,0.29411764705882354,O. Okongwu tip Layup (10 PTS),0.0
,,,,,,,,,,,,,,,,,,,,,,,,,,,,,,,,0.0,12.0,0.5569672131147541,0.25,0.6885245901639344,O. Okongwu REBOUND (Off:1 Def:6),1.5
,,,,,,,,,,,,,,,,,,,,,,,,,,,,,,,,0.0,9.0,0.6686567164179104,0.0,0.9552238805970149,T. Young Free Throw 1 of 2 (14 PTS),3.5
,,,,,,,,,,,,,,,,,,,,,,,,,,,,,,,,0.0,21.0,0.5228723404255319,0.75,0.425531914893617,O. Okongwu REBOUND (Off:3 Def:8),0.5
,,,,,,,,,,,,,,,,,,,,,,,,,,,,,,,,0.0,13.0,0.6520547945205478,0.0,0.9315068493150684,T. Young 17' pullup Jump Shot (17 PTS),5.0
,,,,,,,,,,,,,,,,,,,,,,,,,,,,,,,,0.0,12.0,0.6520547945205478,0.0,0.9315068493150684,T. Young 15' pullup Jump Shot (19 PTS),3.5
,,,,,,,,,,,,,,,,,,,,,,,,,,,,,,,,0.0,40.0,0.6633333333333333,0.5,0.7333333333333333,Z. Risacher REBOUND (Off:1 Def:4),1.0
,,,,,,,,,,,,,,,,,,,,,,,,,,,,,,,,0.0,40.0,0.5397590361445783,0.0,0.7710843373493976,T. Young transition take Free Throw 1 of 1 (20 PTS),12.0
,,,,,,,,,,,,,,,,,,,,,,,,,,,,,,,,0.0,16.0,0.595,0.0,0.85,MISS D. Barlow Layup,6.0
,,,,,,,,,,,,,,,,,,,,,,,,,,,,,,,,0.0,9.0,0.6686567164179104,0.0,0.9552238805970149,T. Young Free Throw 2 of 2 (15 PTS),3.5
,,,,,,,,,,,,,,,,,,,,,,,,,,,,,,,,0.0,20.0,0.4691860465116279,0.75,0.3488372093023256,D. Barlow cutting Layup (8 PTS) (V. Krejčí 1 AST),0.5
,,,,,,,,,,,,,,,,,,,,,,,,,,,,,,,,0.0,16.0,0.6686567164179104,0.0,0.9552238805970149,T. Young Free Throw 1 of 2 (32 PTS),4.0
,,,,,,,,,,,,,,,,,,,,,,,,,,,,,,,,0.0,17.0,0.8155737704918032,0.5,0.9508196721311475,O. Okongwu REBOUND (Off:5 Def:2),1.0
,,,,,,,,,,,,,,,,,,,,,,,,,,,,,,,,0.0,20.0,0.4666666666666666,0.0,0.6666666666666666,C. LeVert bad pass TURNOVER (2 TO),12.5
,,,,,,,,,,,,,,,,,,,,,,,,,,,,,,,,0.0,19.0,0.6655737704918032,0.0,0.9508196721311475,O. Okongwu REBOUND (Off:6 Def:2),2.5
,,,,,,,,,,,,,,,,,,,,,,,,,,,,,,,,0.0,19.0,0.736111111111111,0.75,0.7301587301587301,MISS T. Young 34' pullup 3PT,0.5
,,,,,,,,,,,,,,,,,,,,,,,,,,,,,,,,0.0,14.0,0.6686567164179104,0.0,0.9552238805970149,T. Young Free Throw 2 of 2 (31 PTS),8.0
,,,,,,,,,,,,,,,,,,,,,,,,,,,,,,,,0.0,14.0,0.6686567164179104,0.0,0.9552238805970149,T. Young Free Throw 1 of 2 (30 PTS),8.0
,,,,,,,,,,,,,,,,,,,,,,,,,,,,,,,,0.0,14.0,0.2769230769230769,0.0,0.3956043956043956,Z. Risacher shooting personal FOUL (3 PF) (Jones Jr. 2 FT),2.0
,,,,,,,,,,,,,,,,,,,,,,,,,,,,,,,,0.0,14.0,0.6686567164179104,0.0,0.9552238805970149,G. Niang Free Throw 2 of 2 (12 PTS),5.0
,,,,,,,,,,,,,,,,,,,,,,,,,,,,,,,,0.0,13.0,0.6191747572815534,0.75,0.5631067961165048,D. Daniels running Layup (6 PTS) (T. Mann 4 AST),0.5
,,,,,,,,,,,,,,,,,,,,,,,,,,,,,,,,0.0,16.0,0.6686567164179104,0.0,0.9552238805970149,T. Young Free Throw 2 of 2 (33 PTS),4.0
,,,,,,,,,,,,,,,,,,,,,,,,,,,,,,,,0.0,17.0,0.6363636363636364,0.0,0.9090909090909091,O. Okongwu reverse Layup (7 PTS) (D. Daniels 3 AST),7.0
,,,,,,,,,,,,,,,,,,,,,,,,,,,,,,,,0.0,8.0,0.6686567164179104,0.0,0.9552238805970149,T. Young Free Throw 1 of 2 (34 PTS),4.5
,,,,,,,,,,,,,,,,,,,,,,,,,,,,,,,,0.0,8.0,0.6686567164179104,0.0,0.9552238805970149,T. Young Free Throw 2 of 2 (35 PTS),4.5
,,,,,,,,,,,,,,,,,,,,,,,,,,,,,,,,0.0,48.0,0.44409090909092275,0.9500000000000455,0.22727272727272727,ATL Timeout,0.09999999999990905
,,,,,,,,,,,,,,,,,,,,,,,,,,,,,,,,0.0,48.0,0.49437500000001366,0.7000000000000455,0.40625,MISS D. Barlow 8' driving floating Shot,0.599999999999909
,,,,,,,,,,,,,,,,,,,,,,,,,,,,,,,,0.0,48.0,0.6655737704918032,0.0,0.9508196721311475,O. Okongwu REBOUND (Off:7 Def:3),4.699999999999818
,,,,,,,,,,,,,,,,,,,,,,,,,,,,,,,,0.0,9.0,0.71,0.5,0.8,D. Daniels cutting Layup (4 PTS) (T. Young 7 AST),1.0
,,,,,,,,,,,,,,,,,,,,,,,,,,,,,,,,0.0,16.0,0.6510869565217391,0.75,0.6086956521739131,T. Young 12' driving floating Jump Shot (19 PTS) (O. Okongwu 3 AST),0.5
,,,,,,,,,,,,,,,,,,,,,,,,,,,,,,,,0.0,7.0,0.5764705882352941,0.0,0.8235294117647058,C. LeVert 3PT  (12 PTS) (T. Young 11 AST),6.5
,,,,,,,,,,,,,,,,,,,,,,,,,,,,,,,,0.0,14.0,0.8905737704918032,0.75,0.9508196721311475,MISS D. Barlow Free Throw 2 of 2,0.5
,,,,,,,,,,,,,,,,,,,,,,,,,,,,,,,,0.0,14.0,0.8936567164179103,0.75,0.9552238805970149,D. Barlow Free Throw 1 of 2 (9 PTS),0.5
,,,,,,,,,,,,,,,,,,,,,,,,,,,,,,,,0.0,17.0,0.6166666666666666,0.5,0.6666666666666666,MISS T. Mann 3PT,1.0
,,,,,,,,,,,,,,,,,,,,,,,,,,,,,,,,0.0,26.0,0.39999999999999997,0.0,0.5714285714285714,TEAM offensive REBOUND,9.0
,,,,,,,,,,,,,,,,,,,,,,,,,,,,,,,,0.0,18.0,0.550561797752809,0.0,0.7865168539325843,V. Krejčí 27' 3PT  (11 PTS) (T. Mann 2 AST),5.0
,,,,,,,,,,,,,,,,,,,,,,,,,,,,,,,,0.0,25.0,0.4240506329113924,1.0,0.17721518987341772,MISS C. LeVert technical Free Throw 1 of 1,0.0
,,,,,,,,,,,,,,,,,,,,,,,,,,,,,,,,0.0,25.0,0.6686567164179104,0.0,0.9552238805970149,T. Young Free Throw 1 of 1 (29 PTS),11.0
,,,,,,,,,,,,,,,,,,,,,,,,,,,,,,,,0.0,18.0,0.3669014084507042,0.5,0.30985915492957744,D. Daniels lost ball TURNOVER (1 TO),1.0
,,,,,,,,,,,,,,,,,,,,,,,,,,,,,,,,0.0,18.0,0.5419354838709677,0.0,0.7741935483870968,D. Daniels REBOUND (Off:2 Def:5),2.0
,,,,,,,,,,,,,,,,,,,,,,,,,,,,,,,,0.0,18.0,0.5975609756097561,0.0,0.8536585365853658,MISS V. Krejčí 12' driving floating Shot,6.0
,,,,,,,,,,,,,,,,,,,,,,,,,,,,,,,,0.0,6.0,0.9686567164179103,1.0,0.9552238805970149,D. Barlow Free Throw 1 of 2 (5 PTS),0.0
,,,,,,,,,,,,,,,,,,,,,,,,,,,,,,,,0.0,6.0,0.9686567164179103,1.0,0.9552238805970149,D. Barlow Free Throw 2 of 2 (6 PTS),0.0
,,,,,,,,,,,,,,,,,,,,,,,,,,,,,,,,0.0,19.0,0.6686567164179104,0.0,0.9552238805970149,D. Barlow Free Throw 2 of 2 (8 PTS),10.0
,,,,,,,,,,,,,,,,,,,,,,,,,,,,,,,,0.0,15.0,0.5031249999999999,0.0,0.71875,O. Okongwu REBOUND (Off:5 Def:10),5.5
,,,,,,,,,,,,,,,,,,,,,,,,,,,,,,,,0.0,15.0,0.6655737704918032,0.0,0.9508196721311475,MISS D. Daniels 8' driving Layup,4.5
,,,,,,,,,,,,,,,,,,,,,,,,,,,,,,,,0.0,6.0,0.5783707865168538,0.25,0.7191011235955056,MISS D. Barlow running Layup - blocked,1.5
,,,,,,,,,,,,,,,,,,,,,,,,,,,,,,,,0.0,4.0,0.5,1.0,0.2857142857142857,Z. Risacher Free Throw 1 of 1 (16 PTS),0.0
,,,,,,,,,,,,,,,,,,,,,,,,,,,,,,,,0.0,14.0,0.4056451612903226,0.75,0.25806451612903225,TEAM defensive REBOUND,0.5
,,,,,,,,,,,,,,,,,,,,,,,,,,,,,,,,0.0,14.0,0.5638888888888888,0.25,0.6984126984126984,O. Okongwu REBOUND (Off:3 Def:6),1.5
,,,,,,,,,,,,,,,,,,,,,,,,,,,,,,,,0.0,17.0,0.5133333333333333,0.0,0.7333333333333333,MISS T. Young 6' driving Layup - blocked,7.0
,,,,,,,,,,,,,,,,,,,,,,,,,,,,,,,,0.0,25.0,0.475,0.25,0.5714285714285714,TEAM offensive REBOUND,1.5
,,,,,,,,,,,,,,,,,,,,,,,,,,,,,,,,0.0,12.0,0.660377358490566,0.0,0.9433962264150944,D. Barlow 6' floating Jump Shot (4 PTS) (T. Young 5 AST),4.5
,,,,,,,,,,,,,,,,,,,,,,,,,,,,,,,,0.0,25.0,0.6631578947368421,0.0,0.9473684210526315,T. Young REBOUND (Off:2 Def:3),3.5
,,,,,,,,,,,,,,,,,,,,,,,,,,,,,,,,0.0,25.0,0.8583333333333333,0.75,0.9047619047619048,MISS D. Daniels 15' driving floating Shot,0.5
,,,,,,,,,,,,,,,,,,,,,,,,,,,,,,,,0.0,29.0,0.6676923076923077,0.0,0.9538461538461539,G. Niang Free Throw 1 of 2 (1 PTS),11.5
,,,,,,,,,,,,,,,,,,,,,,,,,,,,,,,,0.0,6.0,0.5133333333333333,0.0,0.7333333333333333,C. LeVert REBOUND (Off:0 Def:1),3.0
,,,,,,,,,,,,,,,,,,,,,,,,,,,,,,,,0.0,6.0,0.7134146341463414,0.5,0.8048780487804879,MISS C. LeVert 26' running pullup 3PT,1.0
,,,,,,,,,,,,,,,,,,,,,,,,,,,,,,,,0.0,39.0,0.4666666666666666,0.0,0.6666666666666666,MISS T. Mann 3PT,10.5
,,,,,,,,,,,,,,,,,,,,,,,,,,,,,,,,0.0,39.0,0.5508196721311475,0.0,0.7868852459016393,D. Daniels REBOUND (Off:2 Def:3),3.5
,,,,,,,,,,,,,,,,,,,,,,,,,,,,,,,,0.0,8.0,0.6655737704918032,0.0,0.9508196721311475,T. Young 13' driving floating Jump Shot (4 PTS) (G. Niang 2 AST),2.5
,,,,,,,,,,,,,,,,,,,,,,,,,,,,,,,,0.0,25.0,0.5638888888888888,0.25,0.6984126984126984,O. Okongwu REBOUND (Off:0 Def:3),1.5
,,,,,,,,,,,,,,,,,,,,,,,,,,,,,,,,0.0,8.0,0.6336842105263157,0.0,0.9052631578947369,C. LeVert driving Layup (6 PTS) (D. Barlow 1 AST),5.0
,,,,,,,,,,,,,,,,,,,,,,,,,,,,,,,,0.0,4.0,0.5524590163934426,1.0,0.36065573770491804,MISS O. Okongwu Free Throw 2 of 2,0.0
,,,,,,,,,,,,,,,,,,,,,,,,,,,,,,,,0.0,10.0,0.43124999999999997,1.0,0.1875,T. Mann driving Layup (4 PTS),0.0
,,,,,,,,,,,,,,,,,,,,,,,,,,,,,,,,0.0,10.0,0.6676923076923077,0.0,0.9538461538461539,T. Young Free Throw 2 of 2 (6 PTS),3.0
,,,,,,,,,,,,,,,,,,,,,,,,,,,,,,,,0.0,10.0,0.6676923076923077,0.0,0.9538461538461539,T. Young Free Throw 1 of 2 (5 PTS),3.0
,,,,,,,,,,,,,,,,,,,,,,,,,,,,,,,,0.0,7.0,0.6151515151515151,0.0,0.8787878787878788,T. Young traveling TURNOVER (3 TO),3.0
,,,,,,,,,,,,,,,,,,,,,,,,,,,,,,,,0.0,13.0,0.5979166666666667,0.0,0.8541666666666666,D. Barlow cutting DUNK (2 PTS) (T. Young 4 AST),5.399999999999977
,,,,,,,,,,,,,,,,,,,,,,,,,,,,,,,,0.0,34.0,0.21,0.0,0.3,D. Barlow personal FOUL (2 PF),4.5
,,,,,,,,,,,,,,,,,,,,,,,,,,,,,,,,0.0,4.0,0.78,0.5,0.9,MISS T. Young 10' driving floating Shot,1.0
,,,,,,,,,,,,,,,,,,,,,,,,,,,,,,,,0.0,34.0,0.6124999999999999,0.0,0.875,MISS T. Young 13' driving floating Shot,5.5
,,,,,,,,,,,,,,,,,,,,,,,,,,,,,,,,0.0,25.0,0.5615384615384615,1.0,0.37362637362637363,O. Okongwu 8' turnaround Hook (4 PTS) (D. Daniels 2 AST),0.0
,,,,,,,,,,,,,,,,,,,,,,,,,,,,,,,,0.0,22.0,0.6317073170731707,0.0,0.9024390243902439,MISS D. Daniels 9' driving floating Shot,4.5
,,,,,,,,,,,,,,,,,,,,,,,,,,,,,,,,0.0,25.0,0.47659574468085103,0.0,0.6808510638297872,MISS T. Young 18' pullup Shot - blocked,2.5
,,,,,,,,,,,,,,,,,,,,,,,,,,,,,,,,0.0,14.0,0.509090909090909,0.0,0.7272727272727273,MISS Z. Risacher 27' 3PT,2.0
,,,,,,,,,,,,,,,,,,,,,,,,,,,,,,,,0.0,14.0,0.6769230769230768,0.0,0.967032967032967,T. Young 14' driving floating Jump Shot (2 PTS),9.0
,,,,,,,,,,,,,,,,,,,,,,,,,,,,,,,,0.0,11.0,0.7558139534883721,1.0,0.6511627906976745,D. Hunter 24' 3PT  (3 PTS) (T. Young 1 AST),0.0
,,,,,,,,,,,,,,,,,,,,,,,,,,,,,,,,0.0,5.0,0.7443548387096773,0.75,0.7419354838709677,J. Johnson REBOUND (Off:0 Def:1),0.5
,,,,,,,,,,,,,,,,,,,,,,,,,,,,,,,,0.0,5.0,0.705,0.25,0.9,MISS T. Young 14' driving floating Shot,1.5
,,,,,,,,,,,,,,,,,,,,,,,,,,,,,,,,0.0,12.0,0.5737704918032787,0.0,0.819672131147541,D. Daniels REBOUND (Off:0 Def:1),5.0
,,,,,,,,,,,,,,,,,,,,,,,,,,,,,,,,0.0,25.0,0.5947368421052631,1.0,0.42105263157894735,MISS V. Krejčí 24' running pullup 3PT,0.0
,,,,,,,,,,,,,,,,,,,,,,,,,,,,,,,,0.0,10.0,0.4967741935483871,0.0,0.7096774193548387,O. Okongwu REBOUND (Off:0 Def:1),2.0
,,,,,,,,,,,,,,,,,,,,,,,,,,,,,,,,0.0,11.0,0.4613636363636363,0.0,0.6590909090909091,T. Young bad pass TURNOVER (1 TO),6.5
,,,,,,,,,,,,,,,,,,,,,,,,,,,,,,,,0.0,10.0,0.6857142857142857,1.0,0.5510204081632653,O. Okongwu 3PT  (3 PTS) (T. Young 3 AST),0.0
,,,,,,,,,,,,,,,,,,,,,,,,,,,,,,,,0.0,13.0,0.6720338983050848,0.5,0.7457627118644068,O. Okongwu REBOUND (Off:0 Def:1),1.0
,,,,,,,,,,,,,,,,,,,,,,,,,,,,,,,,0.0,13.0,0.585135135135135,0.5,0.6216216216216216,T. Young 25' 3PT running pullup (3 PTS),1.0
,,,,,,,,,,,,,,,,,,,,,,,,,,,,,,,,0.0,14.0,0.6555555555555556,0.0,0.9365079365079365,D. Daniels 10' driving floating Jump Shot (4 PTS) (M. Gueye 1 AST),11.5
,,,,,,,,,,,,,,,,,,,,,,,,,,,,,,,,0.0,22.0,0.5820224719101124,0.0,0.8314606741573034,Z. Risacher 3PT  (3 PTS) (D. Daniels 1 AST),5.5
,,,,,,,,,,,,,,,,,,,,,,,,,,,,,,,,0.0,22.0,0.7758196721311474,0.75,0.7868852459016393,Z. Risacher REBOUND (Off:1 Def:1),0.5
,,,,,,,,,,,,,,,,,,,,,,,,,,,,,,,,0.0,6.0,0.6066666666666667,0.0,0.8666666666666667,Z. Risacher step out-of-bounds TURNOVER (1 TO),2.5
,,,,,,,,,,,,,,,,,,,,,,,,,,,,,,,,0.0,15.0,0.4083333333333333,0.25,0.47619047619047616,T. Young lost ball out-of-bounds TURNOVER (1 TO),1.5
,,,,,,,,,,,,,,,,,,,,,,,,,,,,,,,,0.0,13.0,0.7779411764705881,0.75,0.7899159663865546,D. Daniels 11' floating Jump Shot (2 PTS) (O. Okongwu 1 AST),0.5
,,,,,,,,,,,,,,,,,,,,,,,,,,,,,,,,0.0,15.0,0.5782352941176471,0.5,0.611764705882353,T. Mann 3PT running (5 PTS) (V. Krejčí 1 AST),1.0
,,,,,,,,,,,,,,,,,,,,,,,,,,,,,,,,0.0,14.0,0.5283018867924528,0.0,0.7547169811320755,MISS D. Daniels 28' 3PT,3.5
,,,,,,,,,,,,,,,,,,,,,,,,,,,,,,,,0.0,14.0,0.6207627118644067,0.25,0.7796610169491526,G. Niang REBOUND (Off:0 Def:1),1.5
,,,,,,,,,,,,,,,,,,,,,,,,,,,,,,,,0.0,11.0,0.6343749999999999,0.0,0.90625,Z. Risacher running DUNK (5 PTS),2.5
,,,,,,,,,,,,,,,,,,,,,,,,,,,,,,,,0.0,16.0,0.6774193548387096,0.0,0.967741935483871,D. Daniels 9' driving floating Jump Shot (6 PTS),9.0
,,,,,,,,,,,,,,,,,,,,,,,,,,,,,,,,0.0,20.0,0.6080808080808081,0.0,0.8686868686868687,G. Niang 6' driving Hook (4 PTS) (C. LeVert 1 AST),9.0
,,,,,,,,,,,,,,,,,,,,,,,,,,,,,,,,0.0,15.0,0.5799180327868851,0.25,0.7213114754098361,D. Daniels REBOUND (Off:1 Def:7),1.5
,,,,,,,,,,,,,,,,,,,,,,,,,,,,,,,,0.0,20.0,0.49411764705882355,0.0,0.7058823529411765,MISS C. LeVert 27' 3PT,9.0
,,,,,,,,,,,,,,,,,,,,,,,,,,,,,,,,0.0,14.0,0.6962264150943396,1.0,0.5660377358490566,MISS V. Krejčí 24' 3PT,0.0
,,,,,,,,,,,,,,,,,,,,,,,,,,,,,,,,0.0,14.0,0.6676923076923077,0.0,0.9538461538461539,T. Young Free Throw 3 of 3 (9 PTS),9.0
,,,,,,,,,,,,,,,,,,,,,,,,,,,,,,,,0.0,23.0,0.602,0.0,0.86,O. Okongwu cutting Layup (5 PTS) (G. Niang 3 AST),8.400000000000091
,,,,,,,,,,,,,,,,,,,,,,,,,,,,,,,,0.0,7.0,0.6522727272727272,0.0,0.9318181818181818,T. Young driving floating Jump Shot (11 PTS),4.5
,,,,,,,,,,,,,,,,,,,,,,,,,,,,,,,,0.0,17.0,0.6676923076923077,0.0,0.9538461538461539,M. Gueye Free Throw 1 of 2 (3 PTS),2.0
,,,,,,,,,,,,,,,,,,,,,,,,,,,,,,,,0.0,17.0,0.5764705882352941,0.0,0.8235294117647058,Z. Risacher 3PT  (8 PTS) (T. Young 7 AST),9.0
,,,,,,,,,,,,,,,,,,,,,,,,,,,,,,,,0.0,17.0,0.6644067796610169,0.0,0.9491525423728814,MISS M. Gueye Free Throw 2 of 2,2.0
,,,,,,,,,,,,,,,,,,,,,,,,,,,,,,,,0.0,17.0,0.8131578947368421,0.5,0.9473684210526315,M. Gueye REBOUND (Off:1 Def:2),1.0
,,,,,,,,,,,,,,,,,,,,,,,,,,,,,,,,0.0,25.0,0.6102564102564102,0.0,0.8717948717948718,MISS T. Young 6' driving floating Shot,5.5
,,,,,,,,,,,,,,,,,,,,,,,,,,,,,,,,0.0,22.0,0.6631578947368421,0.0,0.9473684210526315,G. Niang REBOUND (Off:1 Def:2),6.7000000000000455
,,,,,,,,,,,,,,,,,,,,,,,,,,,,,,,,0.0,14.0,0.7888888888888888,1.0,0.6984126984126984,D. Daniels REBOUND (Off:0 Def:3),0.0
,,,,,,,,,,,,,,,,,,,,,,,,,,,,,,,,0.0,34.0,0.4719101123595505,0.0,0.6741573033707865,D. Daniels bad pass TURNOVER (2 TO),7.5
,,,,,,,,,,,,,,,,,,,,,,,,,,,,,,,,0.0,13.0,0.4762886597938144,0.0,0.6804123711340206,MISS O. Okongwu cutting Layup - blocked,2.0
,,,,,,,,,,,,,,,,,,,,,,,,,,,,,,,,0.0,20.0,0.646505376344086,0.75,0.6021505376344086,V. Krejčí 24' 3PT  (11 PTS) (C. LeVert 3 AST),0.5
,,,,,,,,,,,,,,,,,,,,,,,,,,,,,,,,0.0,11.0,0.48196721311475405,0.0,0.6885245901639344,V. Krejčí REBOUND (Off:0 Def:1),4.0
,,,,,,,,,,,,,,,,,,,,,,,,,,,,,,,,0.0,11.0,0.5333333333333332,0.0,0.7619047619047619,MISS T. Young 30' pullup 3PT,5.0
,,,,,,,,,,,,,,,,,,,,,,,,,,,,,,,,0.0,13.0,0.46799999999999997,1.0,0.24,MISS Z. Risacher running pullup 3PT,0.0
,,,,,,,,,,,,,,,,,,,,,,,,,,,,,,,,0.0,31.0,0.4967741935483871,0.0,0.7096774193548387,O. Okongwu REBOUND (Off:0 Def:4),4.5
,,,,,,,,,,,,,,,,,,,,,,,,,,,,,,,,0.0,31.0,0.6444444444444444,0.0,0.9206349206349206,MISS Z. Risacher 8' driving Layup,6.5
,,,,,,,,,,,,,,,,,,,,,,,,,,,,,,,,0.0,16.0,0.5883333333333333,0.25,0.7333333333333333,D. Barlow REBOUND (Off:2 Def:3),1.5
,,,,,,,,,,,,,,,,,,,,,,,,,,,,,,,,0.0,16.0,0.6178571428571428,0.25,0.7755102040816326,MISS T. Mann running reverse Layup - blocked,1.5
,,,,,,,,,,,,,,,,,,,,,,,,,,,,,,,,0.0,15.0,0.4666666666666666,0.0,0.6666666666666666,T. Young bad pass TURNOVER (4 TO),6.5
,,,,,,,,,,,,,,,,,,,,,,,,,,,,,,,,0.0,15.0,0.5599999999999999,0.0,0.8,V. Krejčí REBOUND (Off:0 Def:5),2.0
,,,,,,,,,,,,,,,,,,,,,,,,,,,,,,,,0.0,15.0,0.5288888888888889,0.0,0.7555555555555555,MISS O. Okongwu Hook,3.0
,,,,,,,,,,,,,,,,,,,,,,,,,,,,,,,,0.0,19.0,0.6499999999999999,1.0,0.5,MISS D. Daniels 25' 3PT,0.0
,,,,,,,,,,,,,,,,,,,,,,,,,,,,,,,,0.0,18.0,0.6146341463414634,0.0,0.8780487804878049,MISS D. Daniels 8' driving floating Shot,3.0
,,,,,,,,,,,,,,,,,,,,,,,,,,,,,,,,0.0,18.0,0.5599999999999999,0.0,0.8,MISS D. Daniels tip Layup,5.0
,,,,,,,,,,,,,,,,,,,,,,,,,,,,,,,,0.0,18.0,0.5060240963855421,0.0,0.7228915662650602,V. Krejčí 3PT  (3 PTS) (T. Mann 1 AST),4.5
,,,,,,,,,,,,,,,,,,,,,,,,,,,,,,,,0.0,13.0,0.6275862068965516,0.0,0.896551724137931,MISS O. Okongwu putback Layup,4.0
,,,,,,,,,,,,,,,,,,,,,,,,,,,,,,,,0.0,13.0,0.48196721311475405,0.0,0.6885245901639344,O. Okongwu REBOUND (Off:1 Def:1),3.0
,,,,,,,,,,,,,,,,,,,,,,,,,,,,,,,,0.0,20.0,0.5142857142857142,0.0,0.7346938775510204,MISS G. Niang 26' 3PT,5.0
,,,,,,,,,,,,,,,,,,,,,,,,,,,,,,,,0.0,19.0,0.6655737704918032,0.0,0.9508196721311475,O. Okongwu REBOUND (Off:2 Def:4),3.5
,,,,,,,,,,,,,,,,,,,,,,,,,,,,,,,,0.0,35.0,0.6694444444444444,1.0,0.5277777777777778,MISS D. Daniels 9' driving floating Shot,0.0
,,,,,,,,,,,,,,,,,,,,,,,,,,,,,,,,0.0,35.0,0.46969696969696967,1.0,0.24242424242424243,SUB out: Z. Risacher,0.0
,,,,,,,,,,,,,,,,,,,,,,,,,,,,,,,,0.0,23.0,0.6025316455696202,0.0,0.8607594936708861,MISS D. Daniels driving floating Shot,5.5
,,,,,,,,,,,,,,,,,,,,,,,,,,,,,,,,0.0,23.0,0.7560344827586206,0.75,0.7586206896551724,D. Barlow REBOUND (Off:3 Def:3),0.5
,,,,,,,,,,,,,,,,,,,,,,,,,,,,,,,,0.0,19.0,0.5366666666666666,0.0,0.7666666666666667,T. Mann REBOUND (Off:1 Def:1),5.0
,,,,,,,,,,,,,,,,,,,,,,,,,,,,,,,,0.0,32.0,0.45617977528089887,0.0,0.651685393258427,G. Niang lost ball TURNOVER (3 TO),11.0
,,,,,,,,,,,,,,,,,,,,,,,,,,,,,,,,0.0,11.0,0.6499999999999999,1.0,0.5,T. Young 28' 3PT pullup (11 PTS),0.0
,,,,,,,,,,,,,,,,,,,,,,,,,,,,,,,,0.0,19.0,0.845253164556962,0.75,0.8860759493670886,MISS C. LeVert 21' running pullup Shot,0.5
,,,,,,,,,,,,,,,,,,,,,,,,,,,,,,,,0.0,20.0,0.6399999999999999,0.5,0.7,C. LeVert REBOUND (Off:0 Def:3),1.0
,,,,,,,,,,,,,,,,,,,,,,,,,,,,,,,,0.0,21.0,0.6655737704918032,0.0,0.9508196721311475,O. Okongwu REBOUND (Off:3 Def:5),3.0
,,,,,,,,,,,,,,,,,,,,,,,,,,,,,,,,0.0,19.0,0.6487804878048781,0.0,0.926829268292683,O. Okongwu driving reverse Layup (12 PTS),4.5
,,,,,,,,,,,,,,,,,,,,,,,,,,,,,,,,0.0,22.0,0.5495049504950494,1.0,0.3564356435643564,T. Young loose ball personal FOUL (1 PF),0.0
,,,,,,,,,,,,,,,,,,,,,,,,,,,,,,,,0.0,23.0,0.6066666666666667,0.0,0.8666666666666667,MISS G. Niang 6' driving Hook,4.5
,,,,,,,,,,,,,,,,,,,,,,,,,,,,,,,,0.0,23.0,0.4983050847457627,0.0,0.711864406779661,O. Okongwu REBOUND (Off:1 Def:7),9.5
,,,,,,,,,,,,,,,,,,,,,,,,,,,,,,,,0.0,18.0,0.6399999999999999,0.5,0.7,Z. Risacher REBOUND (Off:0 Def:4),1.0
,,,,,,,,,,,,,,,,,,,,,,,,,,,,,,,,0.0,18.0,0.6845454545454546,0.5,0.7636363636363637,MISS Z. Risacher 26' 3PT,1.0
,,,,,,,,,,,,,,,,,,,,,,,,,,,,,,,,0.0,11.0,0.44545454545454544,0.0,0.6363636363636364,T. Young bad pass TURNOVER (6 TO),5.0
,,,,,,,,,,,,,,,,,,,,,,,,,,,,,,,,0.0,18.0,0.6096774193548387,0.0,0.8709677419354839,MISS T. Young 9' floating Shot,10.0
,,,,,,,,,,,,,,,,,,,,,,,,,,,,,,,,0.0,12.0,0.45,0.0,0.6428571428571429,T. Young lost ball TURNOVER (5 TO),3.5
,,,,,,,,,,,,,,,,,,,,,,,,,,,,,,,,0.0,22.0,0.7395348837209301,1.0,0.627906976744186,T. Young bad pass TURNOVER (4 TO),0.0
,,,,,,,,,,,,,,,,,,,,,,,,,,,,,,,,0.0,18.0,0.575,0.0,0.8214285714285714,T. Young REBOUND (Off:1 Def:2),5.5
,,,,,,,,,,,,,,,,,,,,,,,,,,,,,,,,0.0,18.0,0.6146341463414634,0.0,0.8780487804878049,MISS O. Okongwu 7' driving floating Shot,5.5
,,,,,,,,,,,,,,,,,,,,,,,,,,,,,,,,0.0,21.0,0.6631578947368421,0.0,0.9473684210526315,T. Young REBOUND (Off:3 Def:1),6.0
,,,,,,,,,,,,,,,,,,,,,,,,,,,,,,,,0.0,13.0,0.4817204301075269,0.0,0.6881720430107527,D. Daniels lost ball TURNOVER (3 TO),6.0
,,,,,,,,,,,,,,,,,,,,,,,,,,,,,,,,0.0,20.0,0.6778947368421052,0.0,0.968421052631579,O. Okongwu 8' driving floating Jump Shot (10 PTS),7.5
,,,,,,,,,,,,,,,,,,,,,,,,,,,,,,,,0.0,4.0,0.5979166666666667,0.0,0.8541666666666666,D. Barlow cutting DUNK (6 PTS) (T. Young 6 AST),3.0
,,,,,,,,,,,,,,,,,,,,,,,,,,,,,,,,0.0,28.0,0.6282051282051282,0.0,0.8974358974358975,MISS T. Young 8' driving floating Shot,4.0
,,,,,,,,,,,,,,,,,,,,,,,,,,,,,,,,0.0,17.0,0.5279069767441861,1.0,0.32558139534883723,V. Krejčí 25' 3PT running (5 PTS) (D. Hunter 5 AST),0.0
,,,,,,,,,,,,,,,,,,,,,,,,,,,,,,,,0.0,42.0,0.4236842105263158,0.0,0.6052631578947368,MISS D. Daniels 3PT - blocked,2.5
,,,,,,,,,,,,,,,,,,,,,,,,,,,,,,,,0.0,13.0,0.6719999999999999,0.0,0.96,T. Mann 18' step back Jump Shot (9 PTS),6.5
,,,,,,,,,,,,,,,,,,,,,,,,,,,,,,,,0.0,13.0,0.63,0.0,0.9,MISS Z. Risacher driving Layup,5.0
,,,,,,,,,,,,,,,,,,,,,,,,,,,,,,,,0.0,6.0,0.571830985915493,0.0,0.8169014084507042,T. Young 26' 3PT pullup (17 PTS),4.0
,,,,,,,,,,,,,,,,,,,,,,,,,,,,,,,,0.0,5.0,0.571830985915493,0.0,0.8169014084507042,T. Young 30' 3PT pullup (14 PTS),3.0
,,,,,,,,,,,,,,,,,,,,,,,,,,,,,,,,0.0,9.0,0.6275862068965516,0.0,0.896551724137931,MISS D. Daniels driving Layup,4.0
,,,,,,,,,,,,,,,,,,,,,,,,,,,,,,,,0.0,14.0,0.6704225352112675,0.0,0.9577464788732394,O. Okongwu Free Throw 2 of 2 (18 PTS),8.5
,,,,,,,,,,,,,,,,,,,,,,,,,,,,,,,,0.0,14.0,0.513235294117647,0.75,0.4117647058823529,C. LeVert charge offensive FOUL (4 PF),0.5
,,,,,,,,,,,,,,,,,,,,,,,,,,,,,,,,0.0,7.0,0.632258064516129,0.0,0.9032258064516129,D. Daniels running Layup (6 PTS) (T. Mann 4 AST),2.5
,,,,,,,,,,,,,,,,,,,,,,,,,,,,,,,,0.0,9.0,0.6499999999999999,0.25,0.8214285714285714,T. Young REBOUND (Off:0 Def:5),1.5
,,,,,,,,,,,,,,,,,,,,,,,,,,,,,,,,0.0,9.0,0.5133333333333333,0.0,0.7333333333333333,MISS O. Okongwu driving Layup - blocked,6.5
,,,,,,,,,,,,,,,,,,,,,,,,,,,,,,,,0.0,20.0,0.5223880597014925,0.0,0.746268656716418,MISS T. Mann 25' step back 3PT,6.0
,,,,,,,,,,,,,,,,,,,,,,,,,,,,,,,,0.0,28.0,0.6655737704918032,0.0,0.9508196721311475,O. Okongwu REBOUND (Off:4 Def:6),5.0
,,,,,,,,,,,,,,,,,,,,,,,,,,,,,,,,0.0,23.0,0.5403508771929824,0.0,0.7719298245614035,T. Mann REBOUND (Off:2 Def:2),5.5
,,,,,,,,,,,,,,,,,,,,,,,,,,,,,,,,0.0,23.0,0.5063829787234042,0.0,0.723404255319149,MISS Z. Risacher 3PT,6.5
,,,,,,,,,,,,,,,,,,,,,,,,,,,,,,,,0.0,26.0,0.6869999999999999,0.75,0.66,O. Okongwu cutting Layup (16 PTS) (T. Young 9 AST),0.5
,,,,,,,,,,,,,,,,,,,,,,,,,,,,,,,,0.0,3.0,0.8600515463917525,0.75,0.9072164948453608,Z. Risacher running Layup (15 PTS) (T. Mann 3 AST),0.5
,,,,,,,,,,,,,,,,,,,,,,,,,,,,,,,,0.0,19.0,0.44933333333333336,1.0,0.21333333333333335,MISS V. Krejčí 12' driving floating Shot,0.0
,,,,,,,,,,,,,,,,,,,,,,,,,,,,,,,,0.0,19.0,0.4888888888888888,0.0,0.6984126984126984,V. Krejčí REBOUND (Off:0 Def:1),4.5
,,,,,,,,,,,,,,,,,,,,,,,,,,,,,,,,0.0,19.0,0.4883720930232558,0.0,0.6976744186046512,MISS D. Barlow 3PT,2.5
,,,,,,,,,,,,,,,,,,,,,,,,,,,,,,,,0.0,27.0,0.6666666666666666,0.0,0.9523809523809523,Z. Risacher REBOUND (Off:1 Def:4),2.0
,,,,,,,,,,,,,,,,,,,,,,,,,,,,,,,,0.0,27.0,0.509090909090909,0.0,0.7272727272727273,MISS T. Mann running 3PT,6.0
,,,,,,,,,,,,,,,,,,,,,,,,,,,,,,,,0.0,36.0,0.527536231884058,0.0,0.7536231884057971,MISS T. Young 25' step back 3PT,4.0
,,,,,,,,,,,,,,,,,,,,,,,,,,,,,,,,0.0,15.0,0.6644067796610169,0.0,0.9491525423728814,MISS T. Young Free Throw 1 of 2,6.5
,,,,,,,,,,,,,,,,,,,,,,,,,,,,,,,,0.0,15.0,0.6686567164179104,0.0,0.9552238805970149,T. Young Free Throw 2 of 2 (11 PTS),6.5
,,,,,,,,,,,,,,,,,,,,,,,,,,,,,,,,0.0,15.0,0.5431818181818182,0.75,0.45454545454545453,D. Barlow REBOUND (Off:5 Def:4),0.5
,,,,,,,,,,,,,,,,,,,,,,,,,,,,,,,,0.0,14.0,0.6,0.0,0.8571428571428571,C. LeVert cutting DUNK (12 PTS) (T. Young 7 AST),6.5
,,,,,,,,,,,,,,,,,,,,,,,,,,,,,,,,0.0,6.0,0.44545454545454544,0.0,0.6363636363636364,T. Young bad pass TURNOVER (7 TO),3.099999999999909
,,,,,,,,,,,,,,,,,,,,,,,,,,,,,,,,0.0,42.0,0.4983050847457627,0.0,0.711864406779661,D. Daniels REBOUND (Off:0 Def:3),8.5
,,,,,,,,,,,,,,,,,,,,,,,,,,,,,,,,0.0,4.0,0.7445652173913043,0.25,0.9565217391304348,D. Daniels Free Throw 1 of 2 (3 PTS),1.5
,,,,,,,,,,,,,,,,,,,,,,,,,,,,,,,,0.0,26.0,0.6499999999999999,1.0,0.5,MISS T. Young 20' step back Shot,0.0
,,,,,,,,,,,,,,,,,,,,,,,,,,,,,,,,0.0,11.0,0.5366666666666666,0.0,0.7666666666666667,D. Barlow REBOUND (Off:0 Def:1),6.0
,,,,,,,,,,,,,,,,,,,,,,,,,,,,,,,,0.0,17.0,0.6027027027027028,1.0,0.43243243243243246,D. Barlow STEAL (2 STL),0.0
,,,,,,,,,,,,,,,,,,,,,,,,,,,,,,,,0.0,4.0,0.4888888888888888,0.0,0.6984126984126984,C. LeVert REBOUND (Off:0 Def:2),4.0
,,,,,,,,,,,,,,,,,,,,,,,,,,,,,,,,0.0,16.0,0.5827777777777777,0.75,0.5111111111111111,V. Krejčí bad pass TURNOVER (1 TO),0.5
,,,,,,,,,,,,,,,,,,,,,,,,,,,,,,,,0.0,13.0,0.4666666666666666,0.0,0.6666666666666666,D. Daniels bad pass TURNOVER (1 TO),2.5
,,,,,,,,,,,,,,,,,,,,,,,,,,,,,,,,0.0,19.0,0.6533333333333333,0.0,0.9333333333333333,C. LeVert driving Layup (4 PTS) (G. Niang 1 AST),4.5
,,,,,,,,,,,,,,,,,,,,,,,,,,,,,,,,0.0,7.0,0.5670886075949366,0.0,0.810126582278481,T. Mann 3PT  (3 PTS) (C. LeVert 1 AST),3.0
,,,,,,,,,,,,,,,,,,,,,,,,,,,,,,,,0.0,27.0,0.6686567164179104,0.0,0.9552238805970149,C. LeVert Free Throw 1 of 2 (1 PTS),10.0
,,,,,,,,,,,,,,,,,,,,,,,,,,,,,,,,0.0,27.0,0.31065573770491806,0.5,0.22950819672131148,D. Daniels REBOUND (Off:0 Def:2),1.0
,,,,,,,,,,,,,,,,,,,,,,,,,,,,,,,,0.0,41.0,0.8142857142857143,1.0,0.7346938775510204,MISS G. Niang 24' 3PT,0.0
,,,,,,,,,,,,,,,,,,,,,,,,,,,,,,,,0.0,26.0,0.41810344827586204,0.75,0.27586206896551724,C. LeVert REBOUND (Off:0 Def:1),0.5
,,,,,,,,,,,,,,,,,,,,,,,,,,,,,,,,0.0,26.0,0.5166666666666666,0.75,0.4166666666666667,SUB out: O. Okongwu,0.5
,,,,,,,,,,,,,,,,,,,,,,,,,,,,,,,,0.0,11.0,0.49454545454545795,0.8000000000000114,0.36363636363636365,T. Mann STEAL (1 STL),0.39999999999997726
,,,,,,,,,,,,,,,,,,,,,,,,,,,,,,,,0.0,27.0,0.5935483870967742,1.0,0.41935483870967744,D. Daniels bad pass TURNOVER (1 TO),0.0
,,,,,,,,,,,,,,,,,,,,,,,,,,,,,,,,0.0,22.0,0.6363636363636364,0.0,0.9090909090909091,Z. Risacher driving Layup (2 PTS),13.0
,,,,,,,,,,,,,,,,,,,,,,,,,,,,,,,,0.0,2.0,0.9299999999999999,1.0,0.9,T. Young running Layup (6 PTS),0.0
,,,,,,,,,,,,,,,,,,,,,,,,,,,,,,,,0.0,8.0,0.71,0.5,0.8,MISS T. Young 25' running pullup 3PT,1.0
,,,,,,,,,,,,,,,,,,,,,,,,,,,,,,,,0.0,14.0,0.6676923076923077,0.0,0.9538461538461539,T. Young Free Throw 2 of 2 (4 PTS),4.0
,,,,,,,,,,,,,,,,,,,,,,,,,,,,,,,,0.0,14.0,0.6676923076923077,0.0,0.9538461538461539,T. Young Free Throw 1 of 2 (3 PTS),4.0
,,,,,,,,,,,,,,,,,,,,,,,,,,,,,,,,0.0,14.0,0.37022471910112353,0.5,0.3146067415730337,D. Daniels 11' floating Jump Shot (2 PTS) (O. Okongwu 1 AST),1.0
,,,,,,,,,,,,,,,,,,,,,,,,,,,,,,,,0.0,17.0,0.6222222222222221,0.0,0.8888888888888888,MISS M. Gueye reverse Layup,4.0
,,,,,,,,,,,,,,,,,,,,,,,,,,,,,,,,0.0,10.0,0.6533333333333333,0.0,0.9333333333333333,M. Gueye driving DUNK (5 PTS) (O. Okongwu 1 AST),5.5
,,,,,,,,,,,,,,,,,,,,,,,,,,,,,,,,0.0,7.0,0.6336842105263157,0.0,0.9052631578947369,T. Young running Layup (2 PTS) (D. Daniels 1 AST),2.0
,,,,,,,,,,,,,,,,,,,,,,,,,,,,,,,,0.0,18.0,0.5508196721311475,0.0,0.7868852459016393,Z. Risacher REBOUND (Off:0 Def:1),6.0
,,,,,,,,,,,,,,,,,,,,,,,,,,,,,,,,0.0,18.0,0.5111111111111111,0.0,0.7301587301587301,MISS T. Young 25' pullup 3PT,5.0
,,,,,,,,,,,,,,,,,,,,,,,,,,,,,,,,0.0,26.0,0.612033898305071,0.2999999999999545,0.7457627118644068,V. Krejčí REBOUND (Off:1 Def:1),1.400000000000091
,,,,,,,,,,,,,,,,,,,,,,,,,,,,,,,,0.0,27.0,0.7646341463414634,0.5,0.8780487804878049,MISS D. Daniels 6' driving floating Shot,1.0
,,,,,,,,,,,,,,,,,,,,,,,,,,,,,,,,0.0,11.0,0.7555737704918066,0.30000000000001137,0.9508196721311475,MISS D. Barlow Free Throw 1 of 1,1.3999999999999773
,,,,,,,,,,,,,,,,,,,,,,,,,,,,,,,,0.0,21.0,0.7782051282051282,0.5,0.8974358974358975,MISS T. Young 8' driving floating Shot,1.0
,,,,,,,,,,,,,,,,,,,,,,,,,,,,,,,,0.0,11.0,0.8157627118644,0.8999999999999773,0.7796610169491526,D. Barlow REBOUND (Off:0 Def:1),0.20000000000004547
,,,,,,,,,,,,,,,,,,,,,,,,,,,,,,,,0.0,10.0,0.530128205128205,0.75,0.4358974358974359,T. Young personal FOUL (1 PF) (Castle 2 FT),0.5
,,,,,,,,,,,,,,,,,,,,,,,,,,,,,,,,0.0,11.0,0.5939393939393939,0.0,0.8484848484848485,MISS T. Young 21' step back Shot,2.8999999999999773
,,,,,,,,,,,,,,,,,,,,,,,,,,,,,,,,0.0,10.0,0.8495652173913112,0.6000000000000227,0.9565217391304348,O. Okongwu Free Throw 1 of 2 (7 PTS),0.7999999999999545
,,,,,,,,,,,,,,,,,,,,,,,,,,,,,,,,0.0,10.0,0.8495652173913112,0.6000000000000227,0.9565217391304348,O. Okongwu Free Throw 2 of 2 (8 PTS),0.7999999999999545
,,,,,,,,,,,,,,,,,,,,,,,,,,,,,,,,0.0,18.0,0.6,0.0,0.8571428571428571,O. Okongwu driving Hook (6 PTS) (T. Young 5 AST),6.5
,,,,,,,,,,,,,,,,,,,,,,,,,,,,,,,,0.0,4.0,0.5551724137931034,0.0,0.7931034482758621,C. LeVert REBOUND (Off:0 Def:3),4.0
,,,,,,,,,,,,,,,,,,,,,,,,,,,,,,,,0.0,9.0,0.5935999999999999,0.0,0.848,C. LeVert 24' 3PT running pullup (10 PTS) (D. Daniels 4 AST),3.5
,,,,,,,,,,,,,,,,,,,,,,,,,,,,,,,,0.0,16.0,0.6533333333333333,0.0,0.9333333333333333,D. Daniels driving floating Jump Shot (2 PTS),7.5
,,,,,,,,,,,,,,,,,,,,,,,,,,,,,,,,0.0,13.0,0.6092592592592592,0.0,0.8703703703703703,Z. Risacher cutting Layup (13 PTS) (O. Okongwu 2 AST),4.5
,,,,,,,,,,,,,,,,,,,,,,,,,,,,,,,,0.0,21.0,0.6343749999999999,0.0,0.90625,O. Okongwu driving Layup (4 PTS),8.0
,,,,,,,,,,,,,,,,,,,,,,,,,,,,,,,,0.0,14.0,0.5901960784313726,0.0,0.8431372549019608,C. LeVert 25' 3PT bank (7 PTS) (D. Daniels 3 AST),5.0
,,,,,,,,,,,,,,,,,,,,,,,,,,,,,,,,0.0,9.0,0.6579999999999999,0.0,0.94,Z. Risacher 20' Jump Shot (11 PTS) (D. Daniels 2 AST),4.0
,,,,,,,,,,,,,,,,,,,,,,,,,,,,,,,,0.0,24.0,0.6704225352112675,0.0,0.9577464788732394,Z. Risacher Free Throw 1 of 2 (8 PTS),9.5
,,,,,,,,,,,,,,,,,,,,,,,,,,,,,,,,0.0,24.0,0.3277777777777778,0.25,0.3611111111111111,O. Okongwu 25' 3PT  (7 PTS) (T. Mann 1 AST),1.5
,,,,,,,,,,,,,,,,,,,,,,,,,,,,,,,,0.0,9.0,0.5973880597014924,0.25,0.746268656716418,MISS C. LeVert 24' running 3PT,1.5
,,,,,,,,,,,,,,,,,,,,,,,,,,,,,,,,0.0,29.0,0.5883333333333333,0.25,0.7333333333333333,O. Okongwu REBOUND (Off:1 Def:4),1.5
,,,,,,,,,,,,,,,,,,,,,,,,,,,,,,,,0.0,16.0,0.2699999999999932,0.8999999999999773,0.0,G. Niang lost ball TURNOVER (1 TO),0.20000000000004547
,,,,,,,,,,,,,,,,,,,,,,,,,,,,,,,,0.0,6.0,0.7019230769230769,0.5,0.7884615384615384,V. Krejčí 25' 3PT running (3 PTS) (T. Young 3 AST),1.0
,,,,,,,,,,,,,,,,,,,,,,,,,,,,,,,,0.0,8.0,0.6925,0.5,0.775,MISS T. Young 25' running pullup 3PT,1.0
,,,,,,,,,,,,,,,,,,,,,,,,,,,,,,,,0.0,15.0,0.5416666666666666,0.25,0.6666666666666666,MISS T. Mann 3PT,1.5
,,,,,,,,,,,,,,,,,,,,,,,,,,,,,,,,0.0,15.0,0.48999999999999994,0.0,0.7,V. Krejčí REBOUND (Off:0 Def:1),4.5
,,,,,,,,,,,,,,,,,,,,,,,,,,,,,,,,0.0,15.0,0.4505747126436781,0.0,0.6436781609195402,T. Young bad pass TURNOVER (4 TO),6.5
,,,,,,,,,,,,,,,,,,,,,,,,,,,,,,,,0.0,39.0,0.4505747126436781,0.0,0.6436781609195402,T. Young bad pass TURNOVER (3 TO),12.5
,,,,,,,,,,,,,,,,,,,,,,,,,,,,,,,,0.0,22.0,0.6376237623762376,0.0,0.9108910891089109,T. Mann pullup Jump Shot (5 PTS) (Z. Risacher 1 AST),8.5
,,,,,,,,,,,,,,,,,,,,,,,,,,,,,,,,0.0,15.0,0.5283018867924528,0.0,0.7547169811320755,MISS D. Daniels 25' 3PT,3.0
,,,,,,,,,,,,,,,,,,,,,,,,,,,,,,,,0.0,15.0,0.5833333333333334,0.0,0.8333333333333334,Z. Risacher REBOUND (Off:0 Def:2),6.0
,,,,,,,,,,,,,,,,,,,,,,,,,,,,,,,,0.0,29.0,0.4666666666666666,0.0,0.6666666666666666,MISS V. Krejčí 26' 3PT,8.5
,,,,,,,,,,,,,,,,,,,,,,,,,,,,,,,,0.0,16.0,0.6336842105263157,0.0,0.9052631578947369,Z. Risacher reverse Layup (7 PTS) (T. Mann 2 AST),2.5
,,,,,,,,,,,,,,,,,,,,,,,,,,,,,,,,0.0,21.0,0.650877192982456,0.0,0.9298245614035088,O. Okongwu 7' floating Jump Shot (14 PTS) (D. Daniels 7 AST),6.0
,,,,,,,,,,,,,,,,,,,,,,,,,,,,,,,,0.0,27.0,0.8072463768115941,1.0,0.7246376811594203,MISS D. Daniels 9' driving floating Shot,0.0
,,,,,,,,,,,,,,,,,,,,,,,,,,,,,,,,0.0,27.0,0.48999999999999994,0.0,0.7,D. Daniels REBOUND (Off:1 Def:8),8.0
,,,,,,,,,,,,,,,,,,,,,,,,,,,,,,,,0.0,26.0,0.48571428571428565,0.0,0.6938775510204082,MISS G. Niang 25' 3PT,4.0
,,,,,,,,,,,,,,,,,,,,,,,,,,,,,,,,0.0,26.0,0.5310344827586206,0.0,0.7586206896551724,D. Barlow REBOUND (Off:1 Def:3),5.0
,,,,,,,,,,,,,,,,,,,,,,,,,,,,,,,,0.0,16.0,0.6625,0.75,0.625,D. Barlow 7' Jump Shot (8 PTS) (D. Daniels 7 AST),0.5
,,,,,,,,,,,,,,,,,,,,,,,,,,,,,,,,0.0,13.0,0.31666666666666665,0.0,0.4523809523809524,D. Barlow shooting personal FOUL (2 PF) (Butler 2 FT),2.5
,,,,,,,,,,,,,,,,,,,,,,,,,,,,,,,,0.0,32.0,0.5431818181818182,0.75,0.45454545454545453,MISS D. Barlow putback Layup,0.5
,,,,,,,,,,,,,,,,,,,,,,,,,,,,,,,,0.0,13.0,0.6548387096774193,0.0,0.9354838709677419,T. Young 7' driving floating Jump Shot (19 PTS) (D. Barlow 2 AST),9.5
,,,,,,,,,,,,,,,,,,,,,,,,,,,,,,,,0.0,7.0,0.4883720930232558,0.0,0.6976744186046512,T. Young bad pass TURNOVER (4 TO),2.0
,,,,,,,,,,,,,,,,,,,,,,,,,,,,,,,,0.0,6.0,0.6686567164179104,0.0,0.9552238805970149,T. Young Free Throw 2 of 2 (21 PTS),2.099999999999909
,,,,,,,,,,,,,,,,,,,,,,,,,,,,,,,,0.0,10.0,0.6452173913043477,0.0,0.9217391304347826,T. Mann driving finger roll Layup (11 PTS) (G. Niang 1 AST),5.5
,,,,,,,,,,,,,,,,,,,,,,,,,,,,,,,,0.0,15.0,0.4666666666666666,0.0,0.6666666666666666,J. Johnson bad pass TURNOVER (6 TO),2.5
,,,,,,,,,,,,,,,,,,,,,,,,,,,,,,,,0.0,23.0,0.6,0.0,0.8571428571428571,Z. Risacher turnaround Hook (16 PTS),11.0
,,,,,,,,,,,,,,,,,,,,,,,,,,,,,,,,0.0,6.0,0.8204225352112675,0.5,0.9577464788732394,O. Okongwu Free Throw 1 of 2 (11 PTS),1.0
,,,,,,,,,,,,,,,,,,,,,,,,,,,,,,,,0.0,16.0,0.6094117647058823,0.0,0.8705882352941177,MISS T. Young driving floating bank Shot,5.0
,,,,,,,,,,,,,,,,,,,,,,,,,,,,,,,,0.0,16.0,0.6363636363636364,0.0,0.9090909090909091,D. Daniels putback Layup (10 PTS),6.0
,,,,,,,,,,,,,,,,,,,,,,,,,,,,,,,,0.0,12.0,0.6499999999999999,1.0,0.5,MISS Z. Risacher 25' 3PT,0.0
,,,,,,,,,,,,,,,,,,,,,,,,,,,,,,,,0.0,15.0,0.5692307692307692,0.0,0.8131868131868132,D. Daniels 25' 3PT  (8 PTS) (T. Young 7 AST),5.5
,,,,,,,,,,,,,,,,,,,,,,,,,,,,,,,,0.0,7.0,0.6199999999999999,0.0,0.8857142857142857,D. Daniels traveling TURNOVER (3 TO),3.0
,,,,,,,,,,,,,,,,,,,,,,,,,,,,,,,,0.0,25.0,0.8189393939393939,0.75,0.8484848484848485,MISS T. Young 20' step back Shot,0.5
,,,,,,,,,,,,,,,,,,,,,,,,,,,,,,,,0.0,25.0,0.5299999999999999,0.25,0.65,T. Young technical Free Throw 1 of 1 (17 PTS),1.5
,,,,,,,,,,,,,,,,,,,,,,,,,,,,,,,,0.0,10.0,0.6363636363636364,0.0,0.9090909090909091,Z. Risacher running Layup (14 PTS) (T. Young 6 AST),2.5
,,,,,,,,,,,,,,,,,,,,,,,,,,,,,,,,0.0,15.0,0.546875,0.0,0.78125,O. Okongwu REBOUND (Off:1 Def:6),3.0
,,,,,,,,,,,,,,,,,,,,,,,,,,,,,,,,0.0,15.0,0.6373493975903615,1.0,0.4819277108433735,MISS T. Young 19' driving floating Shot - blocked,0.0
,,,,,,,,,,,,,,,,,,,,,,,,,,,,,,,,0.0,5.0,0.7611111111111111,0.5,0.873015873015873,Z. Risacher running alley-oop DUNK (12 PTS) (D. Daniels 6 AST),1.0
,,,,,,,,,,,,,,,,,,,,,,,,,,,,,,,,0.0,6.0,0.8204225352112675,0.5,0.9577464788732394,O. Okongwu Free Throw 2 of 2 (12 PTS),1.0
,,,,,,,,,,,,,,,,,,,,,,,,,,,,,,,,0.0,6.0,0.35363636363636364,0.5,0.2909090909090909,O. Okongwu STEAL (3 STL),1.0
,,,,,,,,,,,,,,,,,,,,,,,,,,,,,,,,0.0,6.0,0.5793023255814226,0.900000000000091,0.4418604651162791,D. Barlow shooting personal FOUL (4 PF) (Green 2 FT),0.1999999999998181
,,,,,,,,,,,,,,,,,,,,,,,,,,,,,,,,0.0,15.0,0.5063829787234042,0.0,0.723404255319149,MISS Z. Risacher 3PT,2.5
,,,,,,,,,,,,,,,,,,,,,,,,,,,,,,,,0.0,6.0,0.6686567164179104,0.0,0.9552238805970149,T. Young Free Throw 1 of 2 (20 PTS),2.099999999999909
,,,,,,,,,,,,,,,,,,,,,,,,,,,,,,,,0.0,30.0,0.5961111111111247,0.9500000000000455,0.4444444444444444,D. Daniels REBOUND (Off:3 Def:3),0.09999999999990905
,,,,,,,,,,,,,,,,,,,,,,,,,,,,,,,,0.0,12.0,0.6094117647058823,0.0,0.8705882352941177,MISS T. Young driving floating bank Shot,6.0
,,,,,,,,,,,,,,,,,,,,,,,,,,,,,,,,0.0,14.0,0.5797979797979798,0.0,0.8282828282828283,Z. Risacher 24' 3PT  (10 PTS) (D. Daniels 5 AST),8.0
,,,,,,,,,,,,,,,,,,,,,,,,,,,,,,,,0.0,30.0,0.7750000000000136,0.4500000000000455,0.9142857142857143,MISS T. Young driving reverse Layup,1.099999999999909
,,,,,,,,,,,,,,,,,,,,,,,,,,,,,,,,0.0,30.0,0.6542307692307828,0.9500000000000455,0.5274725274725275,MISS D. Daniels tip Layup - blocked,0.09999999999990905
,,,,,,,,,,,,,,,,,,,,,,,,,,,,,,,,0.0,5.0,0.3744186046511627,0.0,0.5348837209302325,MISS D. Daniels 26' 3PT - blocked,2.300000000000182
,,,,,,,,,,,,,,,,,,,,,,,,,,,,,,,,0.0,6.0,0.6057692307692307,0.0,0.8653846153846154,O. Okongwu cutting Layup (21 PTS) (T. Young 12 AST),3.699999999999818
,,,,,,,,,,,,,,,,,,,,,,,,,,,,,,,,0.0,19.0,0.8111111111111111,1.0,0.7301587301587301,V. Krejčí REBOUND (Off:1 Def:3),0.0
,,,,,,,,,,,,,,,,,,,,,,,,,,,,,,,,0.0,19.0,0.5478260869565217,0.0,0.782608695652174,MISS G. Niang 26' step back 3PT,7.0
,,,,,,,,,,,,,,,,,,,,,,,,,,,,,,,,0.0,17.0,0.6666666666666666,0.0,0.9523809523809523,T. Young 6' driving floating Jump Shot (28 PTS) (O. Okongwu 1 AST),11.0
,,,,,,,,,,,,,,,,,,,,,,,,,,,,,,,,0.0,8.0,0.4772727272727272,0.0,0.6818181818181818,T. Young bad pass TURNOVER (5 TO),3.0
,,,,,,,,,,,,,,,,,,,,,,,,,,,,,,,,0.0,12.0,0.6235294117647059,0.0,0.8907563025210085,V. Krejčí driving finger roll Layup (8 PTS) (T. Young 11 AST),7.5
,,,,,,,,,,,,,,,,,,,,,,,,,,,,,,,,0.0,26.0,0.315,0.0,0.45,D. Daniels personal FOUL (1 PF) (Butler III 2 FT),2.0
,,,,,,,,,,,,,,,,,,,,,,,,,,,,,,,,0.0,26.0,0.6666666666666666,0.0,0.9523809523809523,O. Okongwu REBOUND (Off:2 Def:12),12.0
,,,,,,,,,,,,,,,,,,,,,,,,,,,,,,,,0.0,12.0,0.4826086956521739,1.0,0.2608695652173913,D. Hunter STEAL (2 STL),0.0
,,,,,,,,,,,,,,,,,,,,,,,,,,,,,,,,0.0,7.0,0.5818181818181818,0.0,0.8311688311688312,T. Young 27' 3PT step back (26 PTS),3.0
,,,,,,,,,,,,,,,,,,,,,,,,,,,,,,,,0.0,9.0,0.6102564102564102,0.0,0.8717948717948718,MISS T. Mann 14' driving floating Shot,2.0
,,,,,,,,,,,,,,,,,,,,,,,,,,,,,,,,0.0,21.0,0.49148936170212765,0.0,0.7021276595744681,O. Okongwu lost ball TURNOVER (1 TO),5.5
,,,,,,,,,,,,,,,,,,,,,,,,,,,,,,,,0.0,18.0,0.6057692307692307,0.0,0.8653846153846154,D. Daniels cutting Layup (14 PTS) (T. Young 10 AST),5.0
,,,,,,,,,,,,,,,,,,,,,,,,,,,,,,,,0.0,21.0,0.6039215686274509,0.0,0.8627450980392157,O. Okongwu cutting Layup (16 PTS) (T. Young 9 AST),4.5
,,,,,,,,,,,,,,,,,,,,,,,,,,,,,,,,0.0,21.0,0.6704225352112675,0.0,0.9577464788732394,O. Okongwu Free Throw 1 of 1 (17 PTS),4.5
,,,,,,,,,,,,,,,,,,,,,,,,,,,,,,,,0.0,16.0,0.6025316455696202,0.0,0.8607594936708861,MISS T. Young 9' driving floating Shot,6.0
,,,,,,,,,,,,,,,,,,,,,,,,,,,,,,,,0.0,16.0,0.5737704918032787,0.0,0.819672131147541,T. Mann REBOUND (Off:0 Def:2),5.0
,,,,,,,,,,,,,,,,,,,,,,,,,,,,,,,,0.0,19.0,0.6116666666666666,0.25,0.7666666666666667,D. Daniels REBOUND (Off:3 Def:3),1.5
,,,,,,,,,,,,,,,,,,,,,,,,,,,,,,,,0.0,19.0,0.47804878048780486,0.0,0.6829268292682927,MISS M. Gueye 3PT,3.5
,,,,,,,,,,,,,,,,,,,,,,,,,,,,,,,,0.0,29.0,0.584375,1.0,0.40625,MISS L. Nance Jr. Free Throw 2 of 2,0.0
,,,,,,,,,,,,,,,,,,,,,,,,,,,,,,,,0.0,29.0,0.8457627118644067,1.0,0.7796610169491526,V. Krejčí REBOUND (Off:0 Def:1),0.0
,,,,,,,,,,,,,,,,,,,,,,,,,,,,,,,,0.0,9.0,0.8270588235294116,1.0,0.7529411764705882,T. Young 7' driving finger roll Layup (22 PTS),0.0
,,,,,,,,,,,,,,,,,,,,,,,,,,,,,,,,0.0,26.0,0.6039215686274509,0.0,0.8627450980392157,G. Niang turnaround Hook (12 PTS) (T. Young 8 AST),8.5
,,,,,,,,,,,,,,,,,,,,,,,,,,,,,,,,0.0,12.0,0.6727272727272727,0.0,0.961038961038961,T. Mann 11' step back Jump Shot (13 PTS),6.5
,,,,,,,,,,,,,,,,,,,,,,,,,,,,,,,,0.0,7.0,0.6207627118644067,0.25,0.7796610169491526,V. Krejčí REBOUND (Off:0 Def:1),1.5
,,,,,,,,,,,,,,,,,,,,,,,,,,,,,,,,0.0,7.0,0.5919230769230769,0.25,0.7384615384615385,MISS G. Niang 25' running 3PT,1.5
,,,,,,,,,,,,,,,,,,,,,,,,,,,,,,,,0.0,24.0,0.5345454545454545,0.0,0.7636363636363637,MISS Z. Risacher 26' 3PT,2.0
,,,,,,,,,,,,,,,,,,,,,,,,,,,,,,,,0.0,5.0,0.666869918699187,0.25,0.8455284552845529,T. Young 25' 3PT running pullup (16 PTS) (D. Daniels 4 AST),1.5
,,,,,,,,,,,,,,,,,,,,,,,,,,,,,,,,0.0,24.0,0.546875,0.0,0.78125,O. Okongwu REBOUND (Off:3 Def:6),2.0
,,,,,,,,,,,,,,,,,,,,,,,,,,,,,,,,0.0,17.0,0.6071428571428571,0.5,0.6530612244897959,MISS O. Okongwu 25' 3PT,1.0
,,,,,,,,,,,,,,,,,,,,,,,,,,,,,,,,0.0,36.0,0.5345454545454545,0.0,0.7636363636363637,MISS Z. Risacher 25' 3PT,5.5
,,,,,,,,,,,,,,,,,,,,,,,,,,,,,,,,0.0,17.0,0.7149122807017544,0.5,0.8070175438596491,T. Mann REBOUND (Off:0 Def:1),1.0
,,,,,,,,,,,,,,,,,,,,,,,,,,,,,,,,0.0,17.0,0.6727272727272727,0.0,0.961038961038961,MISS T. Mann 7' turnaround fadeaway Shot,5.399999999999977
,,,,,,,,,,,,,,,,,,,,,,,,,,,,,,,,0.0,17.0,0.6676923076923077,0.0,0.9538461538461539,G. Niang Free Throw 1 of 2 (1 PTS),8.5
,,,,,,,,,,,,,,,,,,,,,,,,,,,,,,,,0.0,11.0,0.5983333333333333,0.75,0.5333333333333333,MISS T. Young 27' pullup 3PT,0.5
,,,,,,,,,,,,,,,,,,,,,,,,,,,,,,,,0.0,9.0,0.8166666666666667,0.5,0.9523809523809523,T. Mann Free Throw 1 of 1 (5 PTS),1.0
,,,,,,,,,,,,,,,,,,,,,,,,,,,,,,,,0.0,28.0,0.4117647058823529,0.0,0.5882352941176471,TEAM defensive REBOUND,8.0
,,,,,,,,,,,,,,,,,,,,,,,,,,,,,,,,0.0,30.0,0.39999999999999997,0.75,0.25,D. Daniels bad pass TURNOVER (2 TO),0.5
,,,,,,,,,,,,,,,,,,,,,,,,,,,,,,,,0.0,6.0,0.6553191489361702,0.0,0.9361702127659575,T. Mann driving floating bank Jump Shot (2 PTS),4.5
,,,,,,,,,,,,,,,,,,,,,,,,,,,,,,,,0.0,20.0,0.44799999999999995,0.0,0.64,Z. Risacher lost ball out-of-bounds TURNOVER (1 TO),3.5
,,,,,,,,,,,,,,,,,,,,,,,,,,,,,,,,0.0,24.0,0.5970588235294118,0.0,0.8529411764705882,MISS D. Daniels 10' floating Shot,2.0
,,,,,,,,,,,,,,,,,,,,,,,,,,,,,,,,0.0,24.0,0.5133333333333333,0.0,0.7333333333333333,O. Okongwu REBOUND (Off:0 Def:3),5.0
,,,,,,,,,,,,,,,,,,,,,,,,,,,,,,,,0.0,20.0,0.6306306306306306,0.0,0.9009009009009009,O. Okongwu 8' turnaround Hook (4 PTS) (D. Daniels 2 AST),6.0
,,,,,,,,,,,,,,,,,,,,,,,,,,,,,,,,0.0,24.0,0.71359649122807,0.25,0.9122807017543859,M. Gueye REBOUND (Off:1 Def:3),1.5
,,,,,,,,,,,,,,,,,,,,,,,,,,,,,,,,0.0,10.0,0.509090909090909,0.0,0.7272727272727273,MISS T. Mann running 3PT,2.0
,,,,,,,,,,,,,,,,,,,,,,,,,,,,,,,,0.0,10.0,0.5957446808510638,0.0,0.851063829787234,M. Gueye cutting DUNK (2 PTS) (T. Young 2 AST),5.0
,,,,,,,,,,,,,,,,,,,,,,,,,,,,,,,,0.0,10.0,0.6695652173913044,0.0,0.9565217391304348,O. Okongwu Free Throw 1 of 2 (1 PTS),2.5
,,,,,,,,,,,,,,,,,,,,,,,,,,,,,,,,0.0,10.0,0.5013157894736842,0.75,0.39473684210526316,D. Daniels 3PT  (3 PTS) (C. Capela 1 AST),0.5
,,,,,,,,,,,,,,,,,,,,,,,,,,,,,,,,0.0,10.0,0.6695652173913044,0.0,0.9565217391304348,O. Okongwu Free Throw 2 of 2 (2 PTS),2.5
,,,,,,,,,,,,,,,,,,,,,,,,,,,,,,,,0.0,8.0,0.4116666666666666,0.75,0.26666666666666666,T. Young bad pass TURNOVER (2 TO),0.5
,,,,,,,,,,,,,,,,,,,,,,,,,,,,,,,,0.0,8.0,0.5902173913043478,0.75,0.5217391304347826,V. Krejčí 26' 3PT running (3 PTS) (Z. Risacher 1 AST),0.5
,,,,,,,,,,,,,,,,,,,,,,,,,,,,,,,,0.0,7.0,0.6376237623762376,0.0,0.9108910891089109,Z. Risacher running Layup (5 PTS) (D. Daniels 1 AST),2.0
,,,,,,,,,,,,,,,,,,,,,,,,,,,,,,,,0.0,11.0,0.5879629629629629,0.75,0.5185185185185185,T. Young bad pass TURNOVER (1 TO),0.5
,,,,,,,,,,,,,,,,,,,,,,,,,,,,,,,,0.0,12.0,0.63,0.0,0.9,T. Young driving Layup (4 PTS),5.5
,,,,,,,,,,,,,,,,,,,,,,,,,,,,,,,,0.0,4.0,0.4827586206896552,0.0,0.6896551724137931,T. Young bad pass TURNOVER (1 TO),2.0
,,,,,,,,,,,,,,,,,,,,,,,,,,,,,,,,0.0,13.0,0.63,0.0,0.9,T. Young driving Layup (2 PTS),5.0
,,,,,,,,,,,,,,,,,,,,,,,,,,,,,,,,0.0,23.0,0.7531249999999999,0.25,0.96875,J. Johnson REBOUND (Off:0 Def:1),1.5
,,,,,,,,,,,,,,,,,,,,,,,,,,,,,,,,0.0,6.0,0.8166666666666667,0.5,0.9523809523809523,MISS D. Daniels Free Throw 1 of 2,1.0
,,,,,,,,,,,,,,,,,,,,,,,,,,,,,,,,0.0,6.0,0.8166666666666667,0.5,0.9523809523809523,MISS D. Daniels Free Throw 2 of 2,1.0
,,,,,,,,,,,,,,,,,,,,,,,,,,,,,,,,0.0,6.0,0.7051724137931035,0.5,0.7931034482758621,M. Gueye REBOUND (Off:0 Def:1),1.0
,,,,,,,,,,,,,,,,,,,,,,,,,,,,,,,,0.0,17.0,0.7107627118643931,0.5499999999999545,0.7796610169491526,D. Hunter REBOUND (Off:0 Def:4),0.900000000000091
,,,,,,,,,,,,,,,,,,,,,,,,,,,,,,,,0.0,10.0,0.3710526315789473,0.5,0.3157894736842105,V. Krejčí bad pass out-of-bounds TURNOVER (1 TO),1.0
,,,,,,,,,,,,,,,,,,,,,,,,,,,,,,,,0.0,6.0,0.5499999999999999,0.5,0.5714285714285714,TEAM offensive REBOUND,1.0
,,,,,,,,,,,,,,,,,,,,,,,,,,,,,,,,0.0,17.0,0.6543478260869565,0.0,0.9347826086956522,T. Young 9' driving floating Jump Shot (10 PTS),8.0
,,,,,,,,,,,,,,,,,,,,,,,,,,,,,,,,0.0,12.0,0.5050000000000068,0.35000000000002274,0.5714285714285714,TEAM offensive REBOUND,1.2999999999999545
,,,,,,,,,,,,,,,,,,,,,,,,,,,,,,,,0.0,12.0,0.7754225352112744,0.35000000000002274,0.9577464788732394,O. Okongwu Free Throw 2 of 2 (10 PTS),1.2999999999999545
,,,,,,,,,,,,,,,,,,,,,,,,,,,,,,,,0.0,12.0,0.7716666666666735,0.35000000000002274,0.9523809523809523,MISS O. Okongwu Free Throw 1 of 2,1.2999999999999545
,,,,,,,,,,,,,,,,,,,,,,,,,,,,,,,,0.0,12.0,0.3897058823529411,0.75,0.23529411764705882,O. Okongwu REBOUND (Off:1 Def:4),0.5
,,,,,,,,,,,,,,,,,,,,,,,,,,,,,,,,0.0,8.0,0.6429245283018867,0.25,0.8113207547169812,G. Niang 26' 3PT running (10 PTS) (V. Krejčí 2 AST),1.5
,,,,,,,,,,,,,,,,,,,,,,,,,,,,,,,,0.0,12.0,0.6642156862745097,0.75,0.6274509803921569,MISS V. Krejčí 25' 3PT,0.5
,,,,,,,,,,,,,,,,,,,,,,,,,,,,,,,,0.0,12.0,0.7383333333333333,0.75,0.7333333333333333,C. LeVert REBOUND (Off:0 Def:3),0.5
,,,,,,,,,,,,,,,,,,,,,,,,,,,,,,,,0.0,13.0,0.6057692307692307,0.0,0.8653846153846154,O. Okongwu turnaround Hook (9 PTS) (T. Young 5 AST),6.5
,,,,,,,,,,,,,,,,,,,,,,,,,,,,,,,,0.0,5.0,0.6092592592592592,0.0,0.8703703703703703,T. Mann running reverse DUNK (7 PTS) (T. Young 3 AST),2.0
,,,,,,,,,,,,,,,,,,,,,,,,,,,,,,,,0.0,17.0,0.602,0.0,0.86,D. Daniels cutting Layup (3 PTS) (T. Young 4 AST),7.5
,,,,,,,,,,,,,,,,,,,,,,,,,,,,,,,,0.0,18.0,0.6666666666666666,1.0,0.5238095238095238,C. LeVert Layup (3 PTS) (T. Young 6 AST),0.0
,,,,,,,,,,,,,,,,,,,,,,,,,,,,,,,,0.0,12.0,0.6686567164179104,0.0,0.9552238805970149,T. Young Free Throw 1 of 3 (11 PTS),3.5
,,,,,,,,,,,,,,,,,,,,,,,,,,,,,,,,0.0,12.0,0.6686567164179104,0.0,0.9552238805970149,T. Young Free Throw 2 of 3 (12 PTS),3.5
,,,,,,,,,,,,,,,,,,,,,,,,,,,,,,,,0.0,25.0,0.6631578947368421,0.0,0.9473684210526315,G. Niang REBOUND (Off:1 Def:2),8.0
,,,,,,,,,,,,,,,,,,,,,,,,,,,,,,,,0.0,18.0,0.5091954022988505,1.0,0.2988505747126437,C. LeVert 26' 3PT running (3 PTS) (D. Daniels 1 AST),0.0
,,,,,,,,,,,,,,,,,,,,,,,,,,,,,,,,0.0,3.0,0.782258064516129,0.5,0.9032258064516129,D. Daniels running DUNK (5 PTS),1.0
,,,,,,,,,,,,,,,,,,,,,,,,,,,,,,,,0.0,13.0,0.7299180327868852,0.75,0.7213114754098361,O. Okongwu REBOUND (Off:2 Def:6),0.5
,,,,,,,,,,,,,,,,,,,,,,,,,,,,,,,,0.0,26.0,0.6666666666666666,0.0,0.9523809523809523,Z. Risacher REBOUND (Off:1 Def:1),11.5
,,,,,,,,,,,,,,,,,,,,,,,,,,,,,,,,0.0,13.0,0.7030487804878048,0.75,0.6829268292682927,MISS G. Niang 3PT,0.5
,,,,,,,,,,,,,,,,,,,,,,,,,,,,,,,,0.0,26.0,0.6066666666666667,0.0,0.8666666666666667,Z. Risacher tip Layup (7 PTS),11.5
,,,,,,,,,,,,,,,,,,,,,,,,,,,,,,,,0.0,16.0,0.6317073170731707,0.0,0.9024390243902439,Z. Risacher offensive foul TURNOVER (2 TO),6.0
,,,,,,,,,,,,,,,,,,,,,,,,,,,,,,,,0.0,21.0,0.355,0.25,0.4,Z. Risacher personal FOUL (1 PF),1.5
,,,,,,,,,,,,,,,,,,,,,,,,,,,,,,,,0.0,34.0,0.44715189873417716,0.25,0.5316455696202531,T. Young bad pass TURNOVER (4 TO),1.5
,,,,,,,,,,,,,,,,,,,,,,,,,,,,,,,,0.0,21.0,0.39069767441860465,0.0,0.5581395348837209,MISS T. Young driving Layup - blocked,4.5
,,,,,,,,,,,,,,,,,,,,,,,,,,,,,,,,0.0,21.0,0.9109090909090909,1.0,0.8727272727272727,T. Mann REBOUND (Off:0 Def:2),0.0
,,,,,,,,,,,,,,,,,,,,,,,,,,,,,,,,0.0,33.0,0.49146341463414633,0.5,0.4878048780487805,MISS M. Gueye 3PT,1.0
,,,,,,,,,,,,,,,,,,,,,,,,,,,,,,,,0.0,42.0,0.5649122807017544,0.0,0.8070175438596491,MISS G. Niang driving Hook,6.0
,,,,,,,,,,,,,,,,,,,,,,,,,,,,,,,,0.0,42.0,0.5049180327868852,0.0,0.7213114754098361,D. Daniels REBOUND (Off:1 Def:1),8.0
,,,,,,,,,,,,,,,,,,,,,,,,,,,,,,,,0.0,12.0,0.5142857142857142,0.0,0.7346938775510204,MISS G. Niang 27' 3PT,4.0
,,,,,,,,,,,,,,,,,,,,,,,,,,,,,,,,0.0,13.0,0.5820224719101124,0.0,0.8314606741573034,O. Okongwu 25' 3PT  (7 PTS) (T. Mann 1 AST),4.5
,,,,,,,,,,,,,,,,,,,,,,,,,,,,,,,,0.0,4.0,0.5519230769230768,0.0,0.7884615384615384,G. Niang 24' 3PT running (5 PTS) (V. Krejčí 1 AST),2.0
,,,,,,,,,,,,,,,,,,,,,,,,,,,,,,,,0.0,26.0,0.6810344827586207,0.5,0.7586206896551724,G. Niang REBOUND (Off:1 Def:3),1.0
,,,,,,,,,,,,,,,,,,,,,,,,,,,,,,,,0.0,23.0,0.7741935483870968,1.0,0.6774193548387096,C. LeVert REBOUND (Off:1 Def:1),0.0
,,,,,,,,,,,,,,,,,,,,,,,,,,,,,,,,0.0,23.0,0.5138888888888888,1.0,0.3055555555555556,D. Daniels driving finger roll Layup (12 PTS),0.0
,,,,,,,,,,,,,,,,,,,,,,,,,,,,,,,,0.0,26.0,0.6,0.0,0.8571428571428571,D. Barlow tip Layup (6 PTS),9.0
,,,,,,,,,,,,,,,,,,,,,,,,,,,,,,,,0.0,19.0,0.6543478260869565,0.0,0.9347826086956522,D. Barlow 7' Jump Shot (8 PTS) (D. Daniels 7 AST),7.5
,,,,,,,,,,,,,,,,,,,,,,,,,,,,,,,,0.0,16.0,0.39999999999999997,0.0,0.5714285714285714,TEAM offensive REBOUND,3.199999999999818
,,,,,,,,,,,,,,,,,,,,,,,,,,,,,,,,0.0,24.0,0.5283018867924528,0.0,0.7547169811320755,MISS D. Daniels 26' 3PT,7.5
,,,,,,,,,,,,,,,,,,,,,,,,,,,,,,,,0.0,25.0,0.631967213114754,0.5,0.6885245901639344,O. Okongwu REBOUND (Off:4 Def:6),1.0
,,,,,,,,,,,,,,,,,,,,,,,,,,,,,,,,0.0,14.0,0.6124999999999999,0.0,0.875,MISS D. Barlow 7' floating Shot,6.0
,,,,,,,,,,,,,,,,,,,,,,,,,,,,,,,,0.0,14.0,0.5310344827586206,0.0,0.7586206896551724,T. Young REBOUND (Off:0 Def:2),2.0
,,,,,,,,,,,,,,,,,,,,,,,,,,,,,,,,0.0,9.0,0.571830985915493,0.0,0.8169014084507042,T. Young 32' 3PT pullup (22 PTS),5.0
,,,,,,,,,,,,,,,,,,,,,,,,,,,,,,,,0.0,24.0,0.7149999999999999,0.75,0.7,T. Mann REBOUND (Off:1 Def:1),0.5
,,,,,,,,,,,,,,,,,,,,,,,,,,,,,,,,0.0,13.0,0.638235294117647,0.0,0.9117647058823529,Z. Risacher driving Layup (19 PTS),4.0
,,,,,,,,,,,,,,,,,,,,,,,,,,,,,,,,0.0,14.0,0.35853658536585364,0.0,0.5121951219512195,MISS T. Young 26' 3PT - blocked,2.2999999999999545
,,,,,,,,,,,,,,,,,,,,,,,,,,,,,,,,0.0,17.0,0.6027777777777777,0.0,0.8611111111111112,D. Daniels 6' driving Hook (22 PTS),7.5
,,,,,,,,,,,,,,,,,,,,,,,,,,,,,,,,0.0,14.0,0.6350515463917525,0.0,0.9072164948453608,D. Daniels running Layup (20 PTS) (T. Young 6 AST),3.0
,,,,,,,,,,,,,,,,,,,,,,,,,,,,,,,,0.0,17.0,0.47804878048780486,0.0,0.6829268292682927,MISS M. Gueye 3PT,4.0
,,,,,,,,,,,,,,,,,,,,,,,,,,,,,,,,0.0,17.0,0.5649122807017544,0.0,0.8070175438596491,T. Young REBOUND (Off:0 Def:2),6.0
,,,,,,,,,,,,,,,,,,,,,,,,,,,,,,,,0.0,9.0,0.6375,0.0,0.9107142857142857,Z. Risacher 19' running Jump Shot (14 PTS) (T. Young 5 AST),2.5
,,,,,,,,,,,,,,,,,,,,,,,,,,,,,,,,0.0,13.0,0.5169230769230769,0.0,0.7384615384615385,O. Okongwu REBOUND (Off:1 Def:5),5.5
,,,,,,,,,,,,,,,,,,,,,,,,,,,,,,,,0.0,9.0,0.571830985915493,0.0,0.8169014084507042,T. Young 29' 3PT pullup (19 PTS),3.5
,,,,,,,,,,,,,,,,,,,,,,,,,,,,,,,,0.0,11.0,0.5846153846153846,0.0,0.8351648351648352,D. Daniels 3PT  (18 PTS) (Z. Risacher 2 AST),3.5
,,,,,,,,,,,,,,,,,,,,,,,,,,,,,,,,0.0,11.0,0.5133333333333333,0.0,0.7333333333333333,Z. Risacher REBOUND (Off:1 Def:2),6.5
,,,,,,,,,,,,,,,,,,,,,,,,,,,,,,,,0.0,14.0,0.6124999999999999,0.0,0.875,T. Young bad pass TURNOVER (4 TO),8.0
,,,,,,,,,,,,,,,,,,,,,,,,,,,,,,,,0.0,17.0,0.5773195876288659,0.0,0.8247422680412371,Z. Risacher 25' 3PT  (9 PTS) (D. Daniels 4 AST),9.0
,,,,,,,,,,,,,,,,,,,,,,,,,,,,,,,,0.0,16.0,0.5870967741935483,0.0,0.8387096774193549,Z. Risacher 26' 3PT  (6 PTS) (T. Young 4 AST),9.0
,,,,,,,,,,,,,,,,,,,,,,,,,,,,,,,,0.0,24.0,0.6376237623762376,0.0,0.9108910891089109,O. Okongwu reverse Layup (15 PTS) (D. Daniels 3 AST),7.099999999999909
,,,,,,,,,,,,,,,,,,,,,,,,,,,,,,,,0.0,16.0,0.3203846153845881,0.34999999999990905,0.3076923076923077,T. Young 25' 3PT pullup (20 PTS),1.300000000000182
,,,,,,,,,,,,,,,,,,,,,,,,,,,,,,,,0.0,22.0,0.5846153846153846,0.0,0.8351648351648352,Z. Risacher 3PT  (17 PTS) (D. Daniels 6 AST),6.0
,,,,,,,,,,,,,,,,,,,,,,,,,,,,,,,,0.0,45.0,0.5508196721311475,0.0,0.7868852459016393,MISS T. Young 13' fadeaway Shot,10.5
,,,,,,,,,,,,,,,,,,,,,,,,,,,,,,,,0.0,32.0,0.5283018867924528,0.0,0.7547169811320755,MISS O. Okongwu 26' 3PT,9.5
,,,,,,,,,,,,,,,,,,,,,,,,,,,,,,,,0.0,8.0,0.5358024691358024,0.0,0.7654320987654321,T. Mann 3PT  (10 PTS) (V. Krejčí 1 AST),2.5
,,,,,,,,,,,,,,,,,,,,,,,,,,,,,,,,0.0,14.0,0.632258064516129,0.0,0.9032258064516129,T. Young driving Layup (15 PTS),7.099999999999909
,,,,,,,,,,,,,,,,,,,,,,,,,,,,,,,,0.0,11.0,0.506896551724138,0.0,0.7241379310344828,V. Krejčí REBOUND (Off:1 Def:3),3.0
,,,,,,,,,,,,,,,,,,,,,,,,,,,,,,,,0.0,11.0,0.852112676056338,1.0,0.7887323943661971,MISS Z. Risacher 26' running 3PT,0.0
,,,,,,,,,,,,,,,,,,,,,,,,,,,,,,,,0.0,10.0,0.4983050847457627,0.0,0.711864406779661,O. Okongwu REBOUND (Off:4 Def:8),8.5
,,,,,,,,,,,,,,,,,,,,,,,,,,,,,,,,0.0,6.0,0.5435294117647058,0.0,0.7764705882352941,G. Mathews 3PT  (6 PTS) (V. Krejčí 2 AST),8.5
,,,,,,,,,,,,,,,,,,,,,,,,,,,,,,,,0.0,12.0,0.4117647058823529,0.0,0.5882352941176471,MISS V. Krejčí 29' 3PT,7.0
,,,,,,,,,,,,,,,,,,,,,,,,,,,,,,,,0.0,12.0,0.5403508771929824,0.0,0.7719298245614035,T. Young REBOUND (Off:0 Def:2),4.0
,,,,,,,,,,,,,,,,,,,,,,,,,,,,,,,,0.0,12.0,0.6712328767123287,0.0,0.958904109589041,Z. Risacher Free Throw 2 of 2 (21 PTS),3.0
,,,,,,,,,,,,,,,,,,,,,,,,,,,,,,,,0.0,12.0,0.6199999999999999,0.0,0.8857142857142857,D. Barlow 6' driving Hook (10 PTS),6.5
,,,,,,,,,,,,,,,,,,,,,,,,,,,,,,,,0.0,21.0,0.6698113207547169,1.0,0.5283018867924528,MISS K. Wallace 28' 3PT,0.0
,,,,,,,,,,,,,,,,,,,,,,,,,,,,,,,,0.0,21.0,0.6655737704918032,0.0,0.9508196721311475,O. Okongwu REBOUND (Off:2 Def:8),3.0
,,,,,,,,,,,,,,,,,,,,,,,,,,,,,,,,0.0,16.0,0.5278688524590163,0.0,0.7540983606557377,D. Daniels REBOUND (Off:5 Def:3),10.0
,,,,,,,,,,,,,,,,,,,,,,,,,,,,,,,,0.0,16.0,0.6166666666666666,0.5,0.6666666666666666,MISS Z. Risacher 3PT,1.0
,,,,,,,,,,,,,,,,,,,,,,,,,,,,,,,,0.0,18.0,0.5533333333333332,1.0,0.3619047619047619,Z. Risacher personal FOUL (3 PF) (Grimes 2 FT),0.0
,,,,,,,,,,,,,,,,,,,,,,,,,,,,,,,,0.0,16.0,0.6199999999999999,0.0,0.8857142857142857,O. Okongwu traveling TURNOVER (1 TO),3.5
,,,,,,,,,,,,,,,,,,,,,,,,,,,,,,,,0.0,32.0,0.45833333333333326,0.75,0.3333333333333333,SUB out: T. Mann,0.5
,,,,,,,,,,,,,,,,,,,,,,,,,,,,,,,,0.0,32.0,0.684375,0.75,0.65625,O. Okongwu REBOUND (Off:5 Def:10),0.5
,,,,,,,,,,,,,,,,,,,,,,,,,,,,,,,,0.0,5.0,0.6607142857142857,0.25,0.8367346938775511,G. Mathews 3PT running (3 PTS) (T. Young 8 AST),1.5
,,,,,,,,,,,,,,,,,,,,,,,,,,,,,,,,0.0,13.0,0.6932835820895522,0.5,0.7761194029850746,D. Barlow Free Throw 1 of 2 (5 PTS),1.0
,,,,,,,,,,,,,,,,,,,,,,,,,,,,,,,,0.0,13.0,0.4125,0.5,0.375,G. Niang 3PT step back (23 PTS) (V. Krejčí 6 AST),1.0
,,,,,,,,,,,,,,,,,,,,,,,,,,,,,,,,0.0,13.0,0.6932835820895522,0.5,0.7761194029850746,D. Barlow Free Throw 2 of 2 (6 PTS),1.0
,,,,,,,,,,,,,,,,,,,,,,,,,,,,,,,,0.0,21.0,0.5818181818181818,0.0,0.8311688311688312,T. Young 25' 3PT step back (29 PTS),4.5
,,,,,,,,,,,,,,,,,,,,,,,,,,,,,,,,0.0,8.0,0.5477272727272727,0.5,0.5681818181818182,MISS D. Barlow running Layup - blocked,1.0
,,,,,,,,,,,,,,,,,,,,,,,,,,,,,,,,0.0,36.0,0.7067204301075269,0.75,0.6881720430107527,D. Barlow cutting Layup (2 PTS) (T. Young 12 AST),0.5
,,,,,,,,,,,,,,,,,,,,,,,,,,,,,,,,0.0,13.0,0.48571428571428565,0.0,0.6938775510204082,MISS G. Niang 24' 3PT,3.5
,,,,,,,,,,,,,,,,,,,,,,,,,,,,,,,,0.0,13.0,0.5155660377358491,0.75,0.41509433962264153,TEAM offensive REBOUND,0.5
,,,,,,,,,,,,,,,,,,,,,,,,,,,,,,,,0.0,21.0,0.39999999999999997,0.0,0.5714285714285714,TEAM offensive REBOUND,3.5
,,,,,,,,,,,,,,,,,,,,,,,,,,,,,,,,0.0,21.0,0.6339622641509434,0.0,0.9056603773584906,MISS D. Barlow 15' Jump Shot,3.5
,,,,,,,,,,,,,,,,,,,,,,,,,,,,,,,,0.0,21.0,0.6548387096774193,0.0,0.9354838709677419,T. Young 7' driving floating Jump Shot (24 PTS) (D. Barlow 1 AST),11.5
,,,,,,,,,,,,,,,,,,,,,,,,,,,,,,,,0.0,45.0,0.4967741935483871,0.0,0.7096774193548387,D. Hunter REBOUND (Off:0 Def:8),3.5
,,,,,,,,,,,,,,,,,,,,,,,,,,,,,,,,0.0,12.0,0.6363636363636364,0.0,0.9090909090909091,D. Daniels driving Layup (15 PTS),9.0
,,,,,,,,,,,,,,,,,,,,,,,,,,,,,,,,0.0,30.0,0.3,1.0,0.0,T. Young 12' driving floating Jump Shot (32 PTS),0.0
,,,,,,,,,,,,,,,,,,,,,,,,,,,,,,,,0.0,12.0,0.6704225352112675,0.0,0.9577464788732394,D. Daniels Free Throw 2 of 2 (13 PTS),2.5
,,,,,,,,,,,,,,,,,,,,,,,,,,,,,,,,0.0,7.0,0.7257042253521125,0.25,0.9295774647887324,T. Young 21' pullup Jump Shot (5 PTS),1.5
,,,,,,,,,,,,,,,,,,,,,,,,,,,,,,,,0.0,14.0,0.6441176470588236,0.5,0.7058823529411765,MISS D. Barlow 26' 3PT,1.0
,,,,,,,,,,,,,,,,,,,,,,,,,,,,,,,,0.0,14.0,0.564516129032258,0.0,0.8064516129032258,V. Krejčí REBOUND (Off:0 Def:1),6.0
,,,,,,,,,,,,,,,,,,,,,,,,,,,,,,,,0.0,13.0,0.632258064516129,0.0,0.9032258064516129,D. Barlow driving Layup (2 PTS),6.5
,,,,,,,,,,,,,,,,,,,,,,,,,,,,,,,,0.0,15.0,0.8532051282051282,0.75,0.8974358974358975,MISS T. Young 6' driving floating Shot,0.5
,,,,,,,,,,,,,,,,,,,,,,,,,,,,,,,,0.0,55.0,0.7383333333333333,0.75,0.7333333333333333,D. Daniels REBOUND (Off:0 Def:2),0.5
,,,,,,,,,,,,,,,,,,,,,,,,,,,,,,,,0.0,13.0,0.6686567164179104,0.0,0.9552238805970149,D. Daniels 6' driving Layup (8 PTS),9.0
,,,,,,,,,,,,,,,,,,,,,,,,,,,,,,,,0.0,26.0,0.6477611940298507,0.0,0.9253731343283582,T. Mann 7' pullup Jump Shot (2 PTS),8.5
,,,,,,,,,,,,,,,,,,,,,,,,,,,,,,,,0.0,24.0,0.5,1.0,0.2857142857142857,MISS O. Okongwu reverse Layup,0.0
,,,,,,,,,,,,,,,,,,,,,,,,,,,,,,,,0.0,36.0,0.6666666666666666,0.0,0.9523809523809523,Z. Risacher REBOUND (Off:1 Def:1),4.5
,,,,,,,,,,,,,,,,,,,,,,,,,,,,,,,,0.0,36.0,0.536111111111111,0.75,0.4444444444444444,MISS Z. Risacher 25' running 3PT,0.5
,,,,,,,,,,,,,,,,,,,,,,,,,,,,,,,,0.0,42.0,0.5916666666666667,1.0,0.4166666666666667,MISS Z. Risacher 3PT,0.0
,,,,,,,,,,,,,,,,,,,,,,,,,,,,,,,,0.0,9.0,0.6271126760563379,0.25,0.7887323943661971,MISS Z. Risacher 26' running 3PT,1.5
,,,,,,,,,,,,,,,,,,,,,,,,,,,,,,,,0.0,10.0,0.6275862068965516,0.0,0.896551724137931,T. Mann driving Layup (4 PTS),4.5
,,,,,,,,,,,,,,,,,,,,,,,,,,,,,,,,0.0,9.0,0.6655737704918032,0.0,0.9508196721311475,D. Daniels putback Layup (6 PTS),3.5
,,,,,,,,,,,,,,,,,,,,,,,,,,,,,,,,0.0,15.0,0.42499999999999993,0.0,0.6071428571428571,MISS M. Gueye 7' driving floating Shot - blocked,5.0
,,,,,,,,,,,,,,,,,,,,,,,,,,,,,,,,0.0,15.0,0.6611111111111111,0.5,0.7301587301587301,T. Young REBOUND (Off:0 Def:1),1.0
,,,,,,,,,,,,,,,,,,,,,,,,,,,,,,,,0.0,10.0,0.5720430107526882,0.0,0.8172043010752689,O. Okongwu 25' 3PT  (10 PTS) (T. Young 1 AST),5.5
,,,,,,,,,,,,,,,,,,,,,,,,,,,,,,,,0.0,6.0,0.5599999999999999,0.0,0.8,T. Young 25' 3PT step back (3 PTS),4.0
,,,,,,,,,,,,,,,,,,,,,,,,,,,,,,,,0.0,22.0,0.3692307692307692,0.0,0.5274725274725275,MISS T. Young driving Layup - blocked,3.0
,,,,,,,,,,,,,,,,,,,,,,,,,,,,,,,,0.0,10.0,0.6318376068376068,0.75,0.5811965811965812,J. Johnson 9' driving floating Jump Shot (2 PTS) (Z. Risacher 2 AST),0.5
,,,,,,,,,,,,,,,,,,,,,,,,,,,,,,,,0.0,8.0,0.588,0.0,0.84,Z. Risacher 3PT running (3 PTS) (M. Gueye 1 AST),2.5
,,,,,,,,,,,,,,,,,,,,,,,,,,,,,,,,0.0,6.0,0.6695652173913044,0.0,0.9565217391304348,O. Okongwu Free Throw 1 of 2 (1 PTS),4.5
,,,,,,,,,,,,,,,,,,,,,,,,,,,,,,,,0.0,6.0,0.6695652173913044,0.0,0.9565217391304348,O. Okongwu Free Throw 2 of 2 (2 PTS),4.5
,,,,,,,,,,,,,,,,,,,,,,,,,,,,,,,,0.0,13.0,0.6499999999999999,1.0,0.5,D. Daniels STEAL (1 STL),0.0
,,,,,,,,,,,,,,,,,,,,,,,,,,,,,,,,0.0,13.0,0.5457627118644067,0.0,0.7796610169491526,O. Okongwu REBOUND (Off:0 Def:1),6.0
,,,,,,,,,,,,,,,,,,,,,,,,,,,,,,,,0.0,17.0,0.6425438596491228,0.75,0.5964912280701754,MISS M. Gueye 26' running 3PT,0.5
,,,,,,,,,,,,,,,,,,,,,,,,,,,,,,,,0.0,12.0,0.6511627906976744,0.0,0.9302325581395349,D. Daniels 9' driving floating Jump Shot (2 PTS) (O. Okongwu 1 AST),10.5
,,,,,,,,,,,,,,,,,,,,,,,,,,,,,,,,0.0,18.0,0.4021276595744681,0.0,0.574468085106383,MISS Z. Risacher driving Layup - blocked,10.5
,,,,,,,,,,,,,,,,,,,,,,,,,,,,,,,,0.0,20.0,0.35306451612902545,0.6499999999999773,0.22580645161290322,G. Niang REBOUND (Off:1 Def:1),0.7000000000000455
,,,,,,,,,,,,,,,,,,,,,,,,,,,,,,,,0.0,19.0,0.5739130434782609,1.0,0.391304347826087,C. Capela REBOUND (Off:4 Def:1),0.0
,,,,,,,,,,,,,,,,,,,,,,,,,,,,,,,,0.0,7.0,0.48764044943820223,0.0,0.6966292134831461,T. Young lost ball TURNOVER (2 TO),4.5
,,,,,,,,,,,,,,,,,,,,,,,,,,,,,,,,0.0,6.0,0.5305882352941176,1.0,0.32941176470588235,D. Barlow personal FOUL (2 PF),0.0
,,,,,,,,,,,,,,,,,,,,,,,,,,,,,,,,0.0,12.0,0.6655737704918032,0.0,0.9508196721311475,D. Daniels REBOUND (Off:2 Def:2),2.5
,,,,,,,,,,,,,,,,,,,,,,,,,,,,,,,,0.0,12.0,0.5425,0.0,0.775,MISS T. Young 30' running pullup 3PT,2.5
,,,,,,,,,,,,,,,,,,,,,,,,,,,,,,,,0.0,12.0,0.6666666666666666,0.0,0.9523809523809523,MISS D. Daniels Free Throw 1 of 2,2.5
,,,,,,,,,,,,,,,,,,,,,,,,,,,,,,,,0.0,12.0,0.39999999999999997,0.0,0.5714285714285714,TEAM offensive REBOUND,2.5
,,,,,,,,,,,,,,,,,,,,,,,,,,,,,,,,0.0,6.0,0.632258064516129,0.0,0.9032258064516129,T. Young driving Layup (13 PTS),4.0
,,,,,,,,,,,,,,,,,,,,,,,,,,,,,,,,0.0,7.0,0.6350515463917525,0.0,0.9072164948453608,D. Daniels running Layup (12 PTS) (T. Young 3 AST),2.5
,,,,,,,,,,,,,,,,,,,,,,,,,,,,,,,,0.0,17.0,0.4615384615384615,0.0,0.6593406593406593,T. Young bad pass TURNOVER (3 TO),7.0
,,,,,,,,,,,,,,,,,,,,,,,,,,,,,,,,0.0,17.0,0.5193548387096774,0.0,0.7419354838709677,D. Daniels REBOUND (Off:3 Def:0),6.5
,,,,,,,,,,,,,,,,,,,,,,,,,,,,,,,,0.0,15.0,0.5636363636363636,0.0,0.8051948051948052,T. Young 25' 3PT step back (11 PTS),4.5
,,,,,,,,,,,,,,,,,,,,,,,,,,,,,,,,0.0,10.0,0.5793103448275861,0.0,0.8275862068965517,G. Niang 25' 3PT  (3 PTS) (T. Young 2 AST),5.5
,,,,,,,,,,,,,,,,,,,,,,,,,,,,,,,,0.0,13.0,0.43921568627450974,0.0,0.6274509803921569,MISS V. Krejčí 25' 3PT,4.5
,,,,,,,,,,,,,,,,,,,,,,,,,,,,,,,,0.0,13.0,0.546875,0.0,0.78125,C. Capela REBOUND (Off:1 Def:1),2.5
,,,,,,,,,,,,,,,,,,,,,,,,,,,,,,,,0.0,27.0,0.5569892473118279,0.0,0.7956989247311828,O. Okongwu 3PT  (13 PTS) (D. Daniels 2 AST),12.0
,,,,,,,,,,,,,,,,,,,,,,,,,,,,,,,,0.0,19.0,0.5435294117647058,0.0,0.7764705882352941,V. Krejčí 3PT  (3 PTS) (O. Okongwu 3 AST),8.0
,,,,,,,,,,,,,,,,,,,,,,,,,,,,,,,,0.0,8.0,0.5288235294117647,0.5,0.5411764705882353,MISS T. Mann running Layup - blocked,1.0
,,,,,,,,,,,,,,,,,,,,,,,,,,,,,,,,0.0,27.0,0.49687499999999996,1.0,0.28125,D. Daniels bad pass TURNOVER (1 TO),0.0
,,,,,,,,,,,,,,,,,,,,,,,,,,,,,,,,0.0,26.0,0.527536231884058,0.0,0.7536231884057971,T. Mann 3PT step back (7 PTS),11.5
,,,,,,,,,,,,,,,,,,,,,,,,,,,,,,,,0.0,11.0,0.4654929577464788,0.5,0.4507042253521127,Z. Risacher offensive foul TURNOVER (2 TO),1.0
,,,,,,,,,,,,,,,,,,,,,,,,,,,,,,,,0.0,11.0,0.78,0.5,0.9,T. Young running Layup (7 PTS),1.0
,,,,,,,,,,,,,,,,,,,,,,,,,,,,,,,,0.0,11.0,0.8176923076923077,0.5,0.9538461538461539,T. Young Free Throw 1 of 1 (8 PTS),1.0
,,,,,,,,,,,,,,,,,,,,,,,,,,,,,,,,0.0,38.0,0.5333333333333333,1.0,0.3333333333333333,MISS D. Daniels 24' 3PT,0.0
,,,,,,,,,,,,,,,,,,,,,,,,,,,,,,,,0.0,18.0,0.5018867924528301,0.0,0.7169811320754716,MISS O. Okongwu 25' 3PT,2.5
,,,,,,,,,,,,,,,,,,,,,,,,,,,,,,,,0.0,30.0,0.6416666666666666,0.0,0.9166666666666666,D. Barlow 10' Jump Shot (4 PTS) (Z. Risacher 1 AST),14.0
,,,,,,,,,,,,,,,,,,,,,,,,,,,,,,,,0.0,19.0,0.6618181818181817,0.0,0.9454545454545454,T. Mann REBOUND (Off:1 Def:0),6.0
,,,,,,,,,,,,,,,,,,,,,,,,,,,,,,,,0.0,19.0,0.620253164556962,0.0,0.8860759493670886,D. Daniels Layup (10 PTS) (T. Mann 1 AST),9.0
,,,,,,,,,,,,,,,,,,,,,,,,,,,,,,,,0.0,36.0,0.5278688524590163,0.0,0.7540983606557377,MISS T. Mann 25' pullup 3PT,5.5
,,,,,,,,,,,,,,,,,,,,,,,,,,,,,,,,0.0,36.0,0.6676923076923077,0.0,0.9538461538461539,M. Gueye Free Throw 1 of 2 (4 PTS),10.5
,,,,,,,,,,,,,,,,,,,,,,,,,,,,,,,,0.0,36.0,0.6644067796610169,0.0,0.9491525423728814,MISS M. Gueye Free Throw 2 of 2,10.5
,,,,,,,,,,,,,,,,,,,,,,,,,,,,,,,,0.0,6.0,0.7454545454545454,1.0,0.6363636363636364,V. Krejčí 12' driving floating Jump Shot (2 PTS) (O. Okongwu 3 AST),0.0
,,,,,,,,,,,,,,,,,,,,,,,,,,,,,,,,0.0,18.0,0.6655737704918032,0.0,0.9508196721311475,MISS C. LeVert Free Throw 1 of 2,6.5
,,,,,,,,,,,,,,,,,,,,,,,,,,,,,,,,0.0,24.0,0.5846153846153846,0.0,0.8351648351648352,G. Niang 25' 3PT  (8 PTS) (O. Okongwu 6 AST),8.5
,,,,,,,,,,,,,,,,,,,,,,,,,,,,,,,,0.0,5.0,0.8449999999999999,0.75,0.8857142857142857,D. Daniels backcourt TURNOVER (2 TO),0.5
,,,,,,,,,,,,,,,,,,,,,,,,,,,,,,,,0.0,18.0,0.63,0.0,0.9,O. Okongwu 10' turnaround Hook (20 PTS),5.5
,,,,,,,,,,,,,,,,,,,,,,,,,,,,,,,,0.0,18.0,0.4926470588235293,0.75,0.38235294117647056,D. Daniels technical FOUL (1 Tech),0.5
,,,,,,,,,,,,,,,,,,,,,,,,,,,,,,,,0.0,32.0,0.7156779661016949,0.25,0.9152542372881356,D. Barlow REBOUND (Off:2 Def:0),1.5
,,,,,,,,,,,,,,,,,,,,,,,,,,,,,,,,0.0,22.0,0.5152439024390243,0.75,0.4146341463414634,T. Mann 9' Jump Shot (9 PTS) (D. Daniels 3 AST),0.5
,,,,,,,,,,,,,,,,,,,,,,,,,,,,,,,,0.0,20.0,0.6399999999999999,0.0,0.9142857142857143,MISS T. Young driving reverse Layup,3.0
,,,,,,,,,,,,,,,,,,,,,,,,,,,,,,,,0.0,20.0,0.646774193548387,0.5,0.7096774193548387,D. Barlow REBOUND (Off:3 Def:3),1.0
,,,,,,,,,,,,,,,,,,,,,,,,,,,,,,,,0.0,31.0,0.5333333333333332,0.0,0.7619047619047619,MISS C. LeVert 12' fadeaway Shot,2.0
,,,,,,,,,,,,,,,,,,,,,,,,,,,,,,,,0.0,31.0,0.6618181818181817,0.0,0.9454545454545454,T. Mann REBOUND (Off:1 Def:1),4.0
,,,,,,,,,,,,,,,,,,,,,,,,,,,,,,,,0.0,24.0,0.6686567164179104,0.0,0.9552238805970149,T. Young Free Throw 1 of 2 (16 PTS),7.0
,,,,,,,,,,,,,,,,,,,,,,,,,,,,,,,,0.0,22.0,0.565,0.25,0.7,D. Barlow REBOUND (Off:3 Def:3),1.5
,,,,,,,,,,,,,,,,,,,,,,,,,,,,,,,,0.0,24.0,0.5074074074074073,1.0,0.2962962962962963,SUB out: Z. Risacher,0.0
,,,,,,,,,,,,,,,,,,,,,,,,,,,,,,,,0.0,26.0,0.5876712328767123,1.0,0.410958904109589,D. Hunter 26' 3PT  (9 PTS) (T. Young 6 AST),0.0
,,,,,,,,,,,,,,,,,,,,,,,,,,,,,,,,0.0,19.0,0.48222222222222216,0.0,0.6888888888888889,MISS M. Gueye cutting Layup - blocked,4.0
,,,,,,,,,,,,,,,,,,,,,,,,,,,,,,,,0.0,22.0,0.7030487804878048,0.75,0.6829268292682927,MISS M. Gueye 3PT,0.5
,,,,,,,,,,,,,,,,,,,,,,,,,,,,,,,,0.0,22.0,0.8446721311475409,0.75,0.8852459016393442,O. Okongwu REBOUND (Off:4 Def:2),0.5
,,,,,,,,,,,,,,,,,,,,,,,,,,,,,,,,0.0,22.0,0.645,0.75,0.6,MISS D. Daniels driving floating Shot,0.5
,,,,,,,,,,,,,,,,,,,,,,,,,,,,,,,,0.0,22.0,0.7419230769230769,0.75,0.7384615384615385,Z. Risacher REBOUND (Off:0 Def:2),0.5
,,,,,,,,,,,,,,,,,,,,,,,,,,,,,,,,0.0,14.0,0.38306451612903225,0.75,0.22580645161290322,D. Hunter REBOUND (Off:0 Def:5),0.5
,,,,,,,,,,,,,,,,,,,,,,,,,,,,,,,,0.0,14.0,0.6644067796610169,0.0,0.9491525423728814,MISS T. Young Free Throw 2 of 2,4.5
,,,,,,,,,,,,,,,,,,,,,,,,,,,,,,,,0.0,21.0,0.5230769230769231,0.0,0.7472527472527473,MISS Z. Risacher driving Layup - blocked,5.0
,,,,,,,,,,,,,,,,,,,,,,,,,,,,,,,,0.0,21.0,0.5366666666666666,0.0,0.7666666666666667,Z. Risacher REBOUND (Off:0 Def:2),8.0
,,,,,,,,,,,,,,,,,,,,,,,,,,,,,,,,0.0,12.0,0.6118556701030927,0.5,0.6597938144329897,D. Daniels cutting Layup (4 PTS) (T. Young 7 AST),1.0
,,,,,,,,,,,,,,,,,,,,,,,,,,,,,,,,0.0,16.0,0.6461538461538462,0.0,0.9230769230769231,T. Young driving reverse Layup (14 PTS),7.5
,,,,,,,,,,,,,,,,,,,,,,,,,,,,,,,,0.0,10.0,0.7233050847457627,0.75,0.711864406779661,O. Okongwu REBOUND (Off:1 Def:3),0.5
,,,,,,,,,,,,,,,,,,,,,,,,,,,,,,,,0.0,26.0,0.646774193548387,0.5,0.7096774193548387,T. Young REBOUND (Off:1 Def:3),1.0
,,,,,,,,,,,,,,,,,,,,,,,,,,,,,,,,0.0,32.0,0.7392857142857142,0.75,0.7346938775510204,MISS G. Niang 26' 3PT,0.5
,,,,,,,,,,,,,,,,,,,,,,,,,,,,,,,,0.0,19.0,0.63125,0.5,0.6875,O. Okongwu REBOUND (Off:2 Def:8),1.0
,,,,,,,,,,,,,,,,,,,,,,,,,,,,,,,,0.0,16.0,0.5555555555555555,0.0,0.7936507936507936,C. LeVert REBOUND (Off:0 Def:3),7.5
,,,,,,,,,,,,,,,,,,,,,,,,,,,,,,,,0.0,15.0,0.7405737704918032,0.25,0.9508196721311475,D. Daniels REBOUND (Off:2 Def:8),1.5
,,,,,,,,,,,,,,,,,,,,,,,,,,,,,,,,0.0,24.0,0.5627450980392157,0.0,0.803921568627451,C. LeVert 3PT pullup (10 PTS) (D. Barlow 1 AST),14.800000000000182
,,,,,,,,,,,,,,,,,,,,,,,,,,,,,,,,0.0,37.0,0.23999999999998634,0.7999999999999545,0.0,O. Okongwu REBOUND (Off:2 Def:9),0.40000000000009095
,,,,,,,,,,,,,,,,,,,,,,,,,,,,,,,,0.0,29.0,0.546875,0.0,0.78125,D. Daniels REBOUND (Off:1 Def:3),10.799999999999955
,,,,,,,,,,,,,,,,,,,,,,,,,,,,,,,,0.0,18.0,0.37576923076923074,0.75,0.2153846153846154,D. Daniels REBOUND (Off:2 Def:6),0.5
,,,,,,,,,,,,,,,,,,,,,,,,,,,,,,,,0.0,16.0,0.6237623762376238,0.0,0.8910891089108911,O. Okongwu alley-oop DUNK (22 PTS) (T. Young 10 AST),4.0
,,,,,,,,,,,,,,,,,,,,,,,,,,,,,,,,0.0,5.0,0.5572222222222222,0.25,0.6888888888888889,O. Okongwu bad pass TURNOVER (2 TO),1.5
,,,,,,,,,,,,,,,,,,,,,,,,,,,,,,,,0.0,12.0,0.6555555555555556,0.0,0.9365079365079365,T. Young 11' driving floating Jump Shot (23 PTS) (C. LeVert 6 AST),12.0
,,,,,,,,,,,,,,,,,,,,,,,,,,,,,,,,0.0,30.0,0.5310344827586206,0.0,0.7586206896551724,V. Krejčí REBOUND (Off:1 Def:2),13.0
,,,,,,,,,,,,,,,,,,,,,,,,,,,,,,,,0.0,7.0,0.5773195876288659,0.0,0.8247422680412371,Z. Risacher 24' 3PT  (13 PTS) (C. LeVert 5 AST),3.0
,,,,,,,,,,,,,,,,,,,,,,,,,,,,,,,,0.0,2.0,0.6403846153846153,0.75,0.5934065934065934,T. Young bad pass TURNOVER (5 TO),0.5
,,,,,,,,,,,,,,,,,,,,,,,,,,,,,,,,0.0,18.0,0.4967741935483871,0.0,0.7096774193548387,M. Gueye REBOUND (Off:1 Def:2),5.0
,,,,,,,,,,,,,,,,,,,,,,,,,,,,,,,,0.0,6.0,0.620253164556962,0.0,0.8860759493670886,C. LeVert offensive foul TURNOVER (1 TO),2.0
,,,,,,,,,,,,,,,,,,,,,,,,,,,,,,,,0.0,6.0,0.4268292682926829,0.0,0.6097560975609756,C. LeVert charge offensive FOUL (4 PF),2.0
,,,,,,,,,,,,,,,,,,,,,,,,,,,,,,,,0.0,31.0,0.6655737704918032,0.0,0.9508196721311475,O. Okongwu REBOUND (Off:3 Def:7),10.0
,,,,,,,,,,,,,,,,,,,,,,,,,,,,,,,,0.0,56.0,0.475,0.75,0.35714285714285715,T. Mann shooting personal FOUL (1 PF) (Herro 2 FT),0.5
,,,,,,,,,,,,,,,,,,,,,,,,,,,,,,,,0.0,16.0,0.52626582278481,0.75,0.43037974683544306,T. Young Layup (15 PTS),0.5
,,,,,,,,,,,,,,,,,,,,,,,,,,,,,,,,0.0,56.0,0.46499999999999997,0.75,0.34285714285714286,O. Okongwu Free Throw 1 of 2 (15 PTS),0.5
,,,,,,,,,,,,,,,,,,,,,,,,,,,,,,,,0.0,15.0,0.7419230769230769,0.75,0.7384615384615385,MISS G. Niang 25' running 3PT,0.5
,,,,,,,,,,,,,,,,,,,,,,,,,,,,,,,,0.0,13.0,0.6156976744186047,0.75,0.5581395348837209,D. Daniels bad pass TURNOVER (3 TO),0.5
,,,,,,,,,,,,,,,,,,,,,,,,,,,,,,,,0.0,22.0,0.4505747126436781,0.0,0.6436781609195402,V. Krejčí bad pass TURNOVER (1 TO),8.5
,,,,,,,,,,,,,,,,,,,,,,,,,,,,,,,,0.0,11.0,0.6268656716417911,0.0,0.8955223880597015,V. Krejčí Free Throw 1 of 2 (3 PTS),4.0
,,,,,,,,,,,,,,,,,,,,,,,,,,,,,,,,0.0,11.0,0.8499999999999999,1.0,0.7857142857142857,T. Mann REBOUND (Off:0 Def:3),0.0
,,,,,,,,,,,,,,,,,,,,,,,,,,,,,,,,0.0,29.0,0.571067415730337,0.75,0.4943820224719101,T. Young 13' running pullup Jump Shot (17 PTS),0.5
,,,,,,,,,,,,,,,,,,,,,,,,,,,,,,,,0.0,14.0,0.6376315789473683,0.75,0.5894736842105263,O. Okongwu 25' 3PT  (14 PTS) (Z. Risacher 1 AST),0.5
,,,,,,,,,,,,,,,,,,,,,,,,,,,,,,,,0.0,6.0,0.6686567164179104,0.0,0.9552238805970149,T. Young Free Throw 1 of 2 (20 PTS),3.5
,,,,,,,,,,,,,,,,,,,,,,,,,,,,,,,,0.0,6.0,0.6686567164179104,0.0,0.9552238805970149,T. Young Free Throw 2 of 2 (21 PTS),3.5
,,,,,,,,,,,,,,,,,,,,,,,,,,,,,,,,0.0,6.0,0.4049999999999999,0.75,0.2571428571428571,MISS T. Young 6' driving Layup - blocked,0.5
,,,,,,,,,,,,,,,,,,,,,,,,,,,,,,,,0.0,14.0,0.5157894736842105,0.0,0.7368421052631579,T. Young REBOUND (Off:0 Def:3),2.5
,,,,,,,,,,,,,,,,,,,,,,,,,,,,,,,,0.0,12.0,0.5049180327868852,0.0,0.7213114754098361,T. Mann REBOUND (Off:1 Def:2),2.0
,,,,,,,,,,,,,,,,,,,,,,,,,,,,,,,,0.0,31.0,0.46117647058823524,0.0,0.6588235294117647,T. Young bad pass TURNOVER (2 TO),9.0
,,,,,,,,,,,,,,,,,,,,,,,,,,,,,,,,0.0,17.0,0.5416666666666666,0.25,0.6666666666666666,D. Barlow REBOUND (Off:3 Def:0),1.5
,,,,,,,,,,,,,,,,,,,,,,,,,,,,,,,,0.0,21.0,0.4307692307692308,0.0,0.6153846153846154,T. Young bad pass TURNOVER (3 TO),9.0
,,,,,,,,,,,,,,,,,,,,,,,,,,,,,,,,0.0,11.0,0.6511627906976744,0.0,0.9302325581395349,T. Young driving finger roll Layup (25 PTS),8.599999999999909
,,,,,,,,,,,,,,,,,,,,,,,,,,,,,,,,0.0,23.0,0.6487804878048781,0.0,0.926829268292683,T. Young driving floating Jump Shot (12 PTS) (O. Okongwu 5 AST),10.0
,,,,,,,,,,,,,,,,,,,,,,,,,,,,,,,,0.0,23.0,0.6631578947368421,0.0,0.9473684210526315,MISS T. Young 6' driving Layup,6.599999999999909
,,,,,,,,,,,,,,,,,,,,,,,,,,,,,,,,0.0,18.0,0.5215686274509804,0.0,0.7450980392156863,MISS C. LeVert 24' 3PT,5.0
,,,,,,,,,,,,,,,,,,,,,,,,,,,,,,,,0.0,7.0,0.6292134831460674,0.0,0.898876404494382,T. Mann running Layup (2 PTS) (T. Young 4 AST),2.5
,,,,,,,,,,,,,,,,,,,,,,,,,,,,,,,,0.0,13.0,0.6695652173913044,0.0,0.9565217391304348,C. LeVert 10' driving floating bank Jump Shot (2 PTS) (D. Daniels 3 AST),3.5
,,,,,,,,,,,,,,,,,,,,,,,,,,,,,,,,0.0,11.0,0.6391304347826087,0.0,0.9130434782608695,D. Barlow 12' Jump Shot (2 PTS) (C. LeVert 3 AST),4.5
,,,,,,,,,,,,,,,,,,,,,,,,,,,,,,,,0.0,12.0,0.6623655913978495,0.0,0.946236559139785,D. Daniels 7' driving floating Jump Shot (7 PTS),3.5
,,,,,,,,,,,,,,,,,,,,,,,,,,,,,,,,0.0,9.0,0.6596153846153846,0.0,0.9423076923076923,G. Niang 16' pullup Jump Shot (2 PTS) (C. LeVert 2 AST),4.5
,,,,,,,,,,,,,,,,,,,,,,,,,,,,,,,,0.0,23.0,0.6243243243243243,0.0,0.8918918918918919,T. Mann offensive foul TURNOVER (1 TO),8.5
,,,,,,,,,,,,,,,,,,,,,,,,,,,,,,,,0.0,23.0,0.32954545454545453,0.25,0.36363636363636365,SUB out: Z. Risacher,1.5
,,,,,,,,,,,,,,,,,,,,,,,,,,,,,,,,0.0,7.0,0.625242718446602,0.0,0.8932038834951457,O. Okongwu 7' driving Hook (5 PTS) (C. LeVert 1 AST),5.0
,,,,,,,,,,,,,,,,,,,,,,,,,,,,,,,,0.0,16.0,0.6571428571428571,0.0,0.9387755102040817,Z. Risacher driving Layup (8 PTS) (O. Okongwu 2 AST),6.5
,,,,,,,,,,,,,,,,,,,,,,,,,,,,,,,,0.0,17.0,0.5457627118644067,0.0,0.7796610169491526,D. Daniels REBOUND (Off:0 Def:1),4.5
,,,,,,,,,,,,,,,,,,,,,,,,,,,,,,,,0.0,17.0,0.6271126760563379,0.25,0.7887323943661971,MISS Z. Risacher 25' running 3PT,1.5
,,,,,,,,,,,,,,,,,,,,,,,,,,,,,,,,0.0,15.0,0.6343749999999999,0.0,0.90625,D. Daniels running Layup (5 PTS),2.0
,,,,,,,,,,,,,,,,,,,,,,,,,,,,,,,,0.0,9.0,0.5175,0.5,0.525,D. Daniels driving floating bank Jump Shot (5 PTS),1.0
,,,,,,,,,,,,,,,,,,,,,,,,,,,,,,,,0.0,9.0,0.78125,1.0,0.6875,O. Okongwu REBOUND (Off:0 Def:2),0.0
,,,,,,,,,,,,,,,,,,,,,,,,,,,,,,,,0.0,13.0,0.5894736842105263,0.0,0.8421052631578947,MISS M. Gueye Layup,4.5
,,,,,,,,,,,,,,,,,,,,,,,,,,,,,,,,0.0,13.0,0.6301724137931034,0.25,0.7931034482758621,O. Okongwu REBOUND (Off:0 Def:1),1.5
,,,,,,,,,,,,,,,,,,,,,,,,,,,,,,,,0.0,11.0,0.6548387096774193,0.0,0.9354838709677419,T. Young 7' driving floating Jump Shot (5 PTS) (D. Daniels 2 AST),5.0
,,,,,,,,,,,,,,,,,,,,,,,,,,,,,,,,0.0,8.0,0.5471264367816092,0.0,0.7816091954022989,O. Okongwu 3PT  (3 PTS) (T. Young 3 AST),6.5
,,,,,,,,,,,,,,,,,,,,,,,,,,,,,,,,0.0,8.0,0.5833333333333334,0.0,0.8333333333333334,Z. Risacher 24' 3PT running (6 PTS) (T. Young 2 AST),2.5
,,,,,,,,,,,,,,,,,,,,,,,,,,,,,,,,0.0,6.0,0.6769230769230768,0.0,0.967032967032967,T. Young 21' driving floating Jump Shot (2 PTS),3.0
,,,,,,,,,,,,,,,,,,,,,,,,,,,,,,,,0.0,6.0,0.6676923076923077,0.0,0.9538461538461539,T. Young Free Throw 1 of 1 (3 PTS),3.0
,,,,,,,,,,,,,,,,,,,,,,,,,,,,,,,,0.0,24.0,0.6631578947368421,0.0,0.9473684210526315,M. Gueye REBOUND (Off:1 Def:0),6.0
,,,,,,,,,,,,,,,,,,,,,,,,,,,,,,,,0.0,24.0,0.7617021276595743,1.0,0.6595744680851063,T. Young running Layup (2 PTS) (D. Daniels 1 AST),0.0
,,,,,,,,,,,,,,,,,,,,,,,,,,,,,,,,0.0,9.0,0.6350515463917525,0.0,0.9072164948453608,Z. Risacher running Layup (2 PTS) (T. Young 1 AST),2.0
,,,,,,,,,,,,,,,,,,,,,,,,,,,,,,,,0.0,9.0,0.2854838709677419,0.5,0.1935483870967742,D. Daniels running Layup (4 PTS),1.0
,,,,,,,,,,,,,,,,,,,,,,,,,,,,,,,,0.0,9.0,0.6704225352112675,0.0,0.9577464788732394,Z. Risacher Free Throw 1 of 1 (3 PTS),2.0
,,,,,,,,,,,,,,,,,,,,,,,,,,,,,,,,0.0,17.0,0.5384615384615384,0.0,0.7692307692307693,Z. Risacher REBOUND (Off:0 Def:1),14.5
,,,,,,,,,,,,,,,,,,,,,,,,,,,,,,,,0.0,5.0,0.6222222222222221,0.0,0.8888888888888888,O. Okongwu Layup (18 PTS) (T. Young 6 AST),4.0
,,,,,,,,,,,,,,,,,,,,,,,,,,,,,,,,0.0,18.0,0.5419354838709677,0.0,0.7741935483870968,D. Barlow REBOUND (Off:0 Def:1),5.0
,,,,,,,,,,,,,,,,,,,,,,,,,,,,,,,,0.0,27.0,0.6693548387096774,0.5,0.7419354838709677,D. Barlow REBOUND (Off:0 Def:1),1.0
,,,,,,,,,,,,,,,,,,,,,,,,,,,,,,,,0.0,17.0,0.47804878048780486,0.0,0.6829268292682927,MISS M. Gueye 3PT,10.5
,,,,,,,,,,,,,,,,,,,,,,,,,,,,,,,,0.0,7.0,0.5793103448275861,0.0,0.8275862068965517,T. Mann REBOUND (Off:0 Def:1),3.5
,,,,,,,,,,,,,,,,,,,,,,,,,,,,,,,,0.0,27.0,0.588,0.0,0.84,MISS D. Barlow tip Layup,12.600000000000023
,,,,,,,,,,,,,,,,,,,,,,,,,,,,,,,,0.0,25.0,0.546875,0.0,0.78125,D. Daniels REBOUND (Off:1 Def:2),10.5
,,,,,,,,,,,,,,,,,,,,,,,,,,,,,,,,0.0,8.0,0.6376237623762376,0.0,0.9108910891089109,O. Okongwu running Layup (16 PTS) (D. Daniels 5 AST),2.5
,,,,,,,,,,,,,,,,,,,,,,,,,,,,,,,,0.0,10.0,0.7025862068965516,0.25,0.896551724137931,MISS D. Daniels reverse Layup,1.5
,,,,,,,,,,,,,,,,,,,,,,,,,,,,,,,,0.0,10.0,0.5457627118644067,0.0,0.7796610169491526,D. Daniels REBOUND (Off:1 Def:7),5.5
,,,,,,,,,,,,,,,,,,,,,,,,,,,,,,,,0.0,11.0,0.9299999999999999,1.0,0.9,MISS Z. Risacher running Layup,0.0
,,,,,,,,,,,,,,,,,,,,,,,,,,,,,,,,0.0,11.0,0.6655737704918032,0.0,0.9508196721311475,D. Daniels REBOUND (Off:1 Def:6),4.0
,,,,,,,,,,,,,,,,,,,,,,,,,,,,,,,,0.0,11.0,0.6,0.0,0.8571428571428571,D. Daniels tip DUNK (9 PTS),4.0
,,,,,,,,,,,,,,,,,,,,,,,,,,,,,,,,0.0,19.0,0.6461538461538462,0.0,0.9230769230769231,C. LeVert 15' pullup Jump Shot (6 PTS) (T. Young 5 AST),8.5
,,,,,,,,,,,,,,,,,,,,,,,,,,,,,,,,0.0,7.0,0.6590909090909091,0.5,0.7272727272727273,MISS Z. Risacher 24' 3PT,1.0
,,,,,,,,,,,,,,,,,,,,,,,,,,,,,,,,0.0,7.0,0.5457627118644067,0.0,0.7796610169491526,O. Okongwu REBOUND (Off:1 Def:1),3.0
,,,,,,,,,,,,,,,,,,,,,,,,,,,,,,,,0.0,13.0,0.5249999999999999,0.0,0.75,D. Daniels REBOUND (Off:0 Def:4),7.0
,,,,,,,,,,,,,,,,,,,,,,,,,,,,,,,,0.0,13.0,0.43921568627450974,0.0,0.6274509803921569,MISS V. Krejčí 24' 3PT,2.0
,,,,,,,,,,,,,,,,,,,,,,,,,,,,,,,,0.0,8.0,0.5626404494382022,0.25,0.6966292134831461,D. Daniels bad pass TURNOVER (1 TO),1.5
,,,,,,,,,,,,,,,,,,,,,,,,,,,,,,,,0.0,13.0,0.6080808080808081,0.0,0.8686868686868687,O. Okongwu driving Layup (14 PTS) (V. Krejčí 3 AST),6.5
,,,,,,,,,,,,,,,,,,,,,,,,,,,,,,,,0.0,23.0,0.6655737704918032,0.0,0.9508196721311475,O. Okongwu REBOUND (Off:1 Def:4),9.0
,,,,,,,,,,,,,,,,,,,,,,,,,,,,,,,,0.0,17.0,0.47804878048780486,0.0,0.6829268292682927,MISS G. Niang 3PT,7.0
,,,,,,,,,,,,,,,,,,,,,,,,,,,,,,,,0.0,26.0,0.6057692307692307,0.0,0.8653846153846154,O. Okongwu driving Hook (12 PTS) (D. Daniels 4 AST),8.5
,,,,,,,,,,,,,,,,,,,,,,,,,,,,,,,,0.0,17.0,0.6133333333333333,0.0,0.8761904761904762,C. LeVert 11' fadeaway Jump Shot (4 PTS) (G. Niang 1 AST),8.299999999999955
,,,,,,,,,,,,,,,,,,,,,,,,,,,,,,,,0.0,9.0,0.5221518987341771,0.5,0.5316455696202531,T. Young bad pass TURNOVER (3 TO),1.0
,,,,,,,,,,,,,,,,,,,,,,,,,,,,,,,,0.0,22.0,0.5508196721311475,0.0,0.7868852459016393,T. Young REBOUND (Off:0 Def:1),4.0
,,,,,,,,,,,,,,,,,,,,,,,,,,,,,,,,0.0,5.0,0.551063829787234,0.0,0.7872340425531915,T. Mann 3PT running (5 PTS) (V. Krejčí 1 AST),2.5
,,,,,,,,,,,,,,,,,,,,,,,,,,,,,,,,0.0,16.0,0.6078947368421053,0.0,0.868421052631579,O. Okongwu 6' turnaround Hook (7 PTS),5.5
,,,,,,,,,,,,,,,,,,,,,,,,,,,,,,,,0.0,7.0,0.7615686274509839,0.8000000000000114,0.7450980392156863,MISS C. LeVert 25' 3PT,0.39999999999997726
,,,,,,,,,,,,,,,,,,,,,,,,,,,,,,,,0.0,49.0,0.5649122807017544,0.0,0.8070175438596491,D. Barlow REBOUND (Off:0 Def:2),2.0
,,,,,,,,,,,,,,,,,,,,,,,,,,,,,,,,0.0,14.0,0.6453125,0.0,0.921875,V. Krejčí 12' driving floating Jump Shot (2 PTS) (O. Okongwu 3 AST),6.0
,,,,,,,,,,,,,,,,,,,,,,,,,,,,,,,,0.0,16.0,0.5551724137931034,0.0,0.7931034482758621,V. Krejčí REBOUND (Off:0 Def:1),7.5
,,,,,,,,,,,,,,,,,,,,,,,,,,,,,,,,0.0,16.0,0.6644067796610169,0.0,0.9491525423728814,MISS G. Niang Free Throw 2 of 2,5.5
,,,,,,,,,,,,,,,,,,,,,,,,,,,,,,,,0.0,16.0,0.3691176470588235,0.75,0.20588235294117646,MISS D. Daniels 20' floating Shot,0.5
,,,,,,,,,,,,,,,,,,,,,,,,,,,,,,,,0.0,17.0,0.5366666666666666,0.0,0.7666666666666667,Z. Risacher REBOUND (Off:0 Def:2),3.0
,,,,,,,,,,,,,,,,,,,,,,,,,,,,,,,,0.0,16.0,0.5452631578947368,0.0,0.7789473684210526,O. Okongwu 24' 3PT  (10 PTS) (V. Krejčí 2 AST),4.0
,,,,,,,,,,,,,,,,,,,,,,,,,,,,,,,,0.0,17.0,0.4462686567164179,1.0,0.208955223880597,D. Daniels REBOUND (Off:3 Def:2),0.0
,,,,,,,,,,,,,,,,,,,,,,,,,,,,,,,,0.0,17.0,0.6686567164179104,0.0,0.9552238805970149,D. Barlow Free Throw 2 of 2 (7 PTS),5.0
,,,,,,,,,,,,,,,,,,,,,,,,,,,,,,,,0.0,22.0,0.6483050847457626,0.5,0.711864406779661,T. Mann REBOUND (Off:1 Def:1),1.0
,,,,,,,,,,,,,,,,,,,,,,,,,,,,,,,,0.0,12.0,0.6644067796610169,0.0,0.9491525423728814,MISS T. Young Free Throw 1 of 2,5.0
,,,,,,,,,,,,,,,,,,,,,,,,,,,,,,,,0.0,12.0,0.6676923076923077,0.0,0.9538461538461539,T. Young Free Throw 2 of 2 (8 PTS),5.0
,,,,,,,,,,,,,,,,,,,,,,,,,,,,,,,,0.0,16.0,0.6644067796610169,0.0,0.9491525423728814,D. Barlow REBOUND (Off:4 Def:3),4.699999999999818
,,,,,,,,,,,,,,,,,,,,,,,,,,,,,,,,0.0,3.0,0.6522727272727272,0.0,0.9318181818181818,T. Young driving floating Jump Shot (16 PTS),2.199999999999818
,,,,,,,,,,,,,,,,,,,,,,,,,,,,,,,,0.0,16.0,0.6066666666666667,0.0,0.8666666666666667,MISS T. Young 21' pullup Shot,4.199999999999818
,,,,,,,,,,,,,,,,,,,,,,,,,,,,,,,,0.0,27.0,0.6695652173913044,0.0,0.9565217391304348,D. Barlow Free Throw 1 of 1 (13 PTS),7.5
,,,,,,,,,,,,,,,,,,,,,,,,,,,,,,,,0.0,11.0,0.48571428571428565,0.0,0.6938775510204082,MISS G. Niang 24' 3PT,3.5
,,,,,,,,,,,,,,,,,,,,,,,,,,,,,,,,0.0,17.0,0.6686567164179104,0.0,0.9552238805970149,D. Barlow Free Throw 1 of 2 (6 PTS),5.0
,,,,,,,,,,,,,,,,,,,,,,,,,,,,,,,,0.0,13.0,0.6375,0.75,0.5892857142857143,T. Young 7' driving floating Jump Shot (19 PTS) (D. Barlow 2 AST),0.5
,,,,,,,,,,,,,,,,,,,,,,,,,,,,,,,,0.0,11.0,0.5419354838709677,0.0,0.7741935483870968,T. Young REBOUND (Off:0 Def:4),6.5
,,,,,,,,,,,,,,,,,,,,,,,,,,,,,,,,0.0,20.0,0.638235294117647,0.0,0.9117647058823529,Z. Risacher driving Layup (19 PTS),8.5
,,,,,,,,,,,,,,,,,,,,,,,,,,,,,,,,0.0,36.0,0.4967741935483871,0.0,0.7096774193548387,D. Daniels REBOUND (Off:1 Def:8),5.5
,,,,,,,,,,,,,,,,,,,,,,,,,,,,,,,,0.0,36.0,0.6275862068965516,0.0,0.896551724137931,MISS D. Daniels driving Layup,4.5
,,,,,,,,,,,,,,,,,,,,,,,,,,,,,,,,0.0,10.0,0.5469101123595504,0.25,0.6741573033707865,C. LeVert bad pass TURNOVER (1 TO),1.5
,,,,,,,,,,,,,,,,,,,,,,,,,,,,,,,,0.0,21.0,0.5846153846153846,0.0,0.8351648351648352,Z. Risacher 3PT  (22 PTS) (D. Daniels 2 AST),6.0
,,,,,,,,,,,,,,,,,,,,,,,,,,,,,,,,0.0,19.0,0.6206185567010308,0.0,0.8865979381443299,M. Gueye cutting DUNK (6 PTS) (Z. Risacher 2 AST),7.0
,,,,,,,,,,,,,,,,,,,,,,,,,,,,,,,,0.0,17.0,0.5434782608695652,1.0,0.34782608695652173,SUB out: J. Johnson,0.0
,,,,,,,,,,,,,,,,,,,,,,,,,,,,,,,,0.0,17.0,0.5470588235294118,1.0,0.35294117647058826,C. Capela loose ball personal FOUL (3 PF),0.0
,,,,,,,,,,,,,,,,,,,,,,,,,,,,,,,,0.0,19.0,0.6712328767123287,0.0,0.958904109589041,Z. Risacher Free Throw 1 of 1 (17 PTS),8.0
,,,,,,,,,,,,,,,,,,,,,,,,,,,,,,,,0.0,19.0,0.4647058823529412,1.0,0.23529411764705882,MISS M. Gueye 3PT,0.0
,,,,,,,,,,,,,,,,,,,,,,,,,,,,,,,,0.0,25.0,0.39999999999999997,0.0,0.5714285714285714,TEAM defensive REBOUND,10.5
,,,,,,,,,,,,,,,,,,,,,,,,,,,,,,,,0.0,25.0,0.5923076923076923,0.0,0.8461538461538461,MISS O. Okongwu tip Layup,7.5
,,,,,,,,,,,,,,,,,,,,,,,,,,,,,,,,0.0,25.0,0.5939393939393939,0.0,0.8484848484848485,MISS D. Daniels 6' floating Shot,6.5
,,,,,,,,,,,,,,,,,,,,,,,,,,,,,,,,0.0,11.0,0.6081967213114754,0.0,0.8688524590163934,Z. Risacher running alley-oop DUNK (11 PTS) (T. Young 8 AST),2.0
,,,,,,,,,,,,,,,,,,,,,,,,,,,,,,,,0.0,12.0,0.4505747126436781,0.0,0.6436781609195402,T. Young bad pass TURNOVER (5 TO),6.5
,,,,,,,,,,,,,,,,,,,,,,,,,,,,,,,,0.0,30.0,0.6292134831460674,0.0,0.898876404494382,T. Mann 9' Jump Shot (9 PTS) (D. Daniels 3 AST),10.5
,,,,,,,,,,,,,,,,,,,,,,,,,,,,,,,,0.0,16.0,0.3442622950819672,0.0,0.4918032786885246,ATL shot clock Team TURNOVER,11.900000000000091
,,,,,,,,,,,,,,,,,,,,,,,,,,,,,,,,0.0,13.0,0.8179411764705882,0.75,0.8470588235294118,MISS Z. Risacher running alley-oop Layup,0.5
,,,,,,,,,,,,,,,,,,,,,,,,,,,,,,,,0.0,22.0,0.48571428571428565,0.0,0.6938775510204082,MISS G. Niang 24' 3PT,8.5
,,,,,,,,,,,,,,,,,,,,,,,,,,,,,,,,0.0,13.0,0.5820224719101124,0.0,0.8314606741573034,Z. Risacher 3PT  (9 PTS) (O. Okongwu 1 AST),6.0
,,,,,,,,,,,,,,,,,,,,,,,,,,,,,,,,0.0,20.0,0.5220338983050847,0.0,0.7457627118644068,O. Okongwu REBOUND (Off:6 Def:3),5.0
,,,,,,,,,,,,,,,,,,,,,,,,,,,,,,,,0.0,12.0,0.6769230769230768,0.0,0.967032967032967,T. Young 7' driving floating Jump Shot (28 PTS),5.0
,,,,,,,,,,,,,,,,,,,,,,,,,,,,,,,,0.0,15.0,0.37236842105263157,0.75,0.21052631578947367,T. Mann 18' step back Jump Shot (9 PTS),0.5
,,,,,,,,,,,,,,,,,,,,,,,,,,,,,,,,0.0,12.0,0.6282051282051282,0.0,0.8974358974358975,MISS T. Young 6' driving floating Shot,4.0
,,,,,,,,,,,,,,,,,,,,,,,,,,,,,,,,0.0,17.0,0.6479338842975206,0.0,0.9256198347107438,G. Niang driving floating Jump Shot (20 PTS) (C. LeVert 7 AST),7.0
,,,,,,,,,,,,,,,,,,,,,,,,,,,,,,,,0.0,7.0,0.8186567164179104,0.5,0.9552238805970149,T. Young Free Throw 2 of 2 (23 PTS),1.0
,,,,,,,,,,,,,,,,,,,,,,,,,,,,,,,,0.0,7.0,0.3196969696969697,0.5,0.24242424242424243,V. Krejčí REBOUND (Off:1 Def:2),1.0
,,,,,,,,,,,,,,,,,,,,,,,,,,,,,,,,0.0,7.0,0.8186567164179104,0.5,0.9552238805970149,T. Young Free Throw 1 of 2 (22 PTS),1.0
,,,,,,,,,,,,,,,,,,,,,,,,,,,,,,,,0.0,15.0,0.6522727272727272,0.0,0.9318181818181818,D. Daniels driving finger roll Layup (8 PTS),12.5
,,,,,,,,,,,,,,,,,,,,,,,,,,,,,,,,0.0,12.0,0.31111111111111106,0.0,0.4444444444444444,D. Daniels personal FOUL (1 PF) (Butler III 2 FT),6.0
,,,,,,,,,,,,,,,,,,,,,,,,,,,,,,,,0.0,20.0,0.6704225352112675,0.0,0.9577464788732394,O. Okongwu Free Throw 2 of 2 (14 PTS),10.5
,,,,,,,,,,,,,,,,,,,,,,,,,,,,,,,,0.0,20.0,0.36677215189873413,0.75,0.20253164556962025,T. Young lost ball out-of-bounds TURNOVER (4 TO),0.5
,,,,,,,,,,,,,,,,,,,,,,,,,,,,,,,,0.0,22.0,0.6644067796610169,0.0,0.9491525423728814,D. Barlow REBOUND (Off:5 Def:4),5.5
,,,,,,,,,,,,,,,,,,,,,,,,,,,,,,,,0.0,20.0,0.5133333333333333,0.0,0.7333333333333333,T. Young REBOUND (Off:0 Def:4),4.5
,,,,,,,,,,,,,,,,,,,,,,,,,,,,,,,,0.0,13.0,0.6116666666666666,0.25,0.7666666666666667,D. Daniels REBOUND (Off:2 Def:8),1.5
,,,,,,,,,,,,,,,,,,,,,,,,,,,,,,,,0.0,23.0,0.4568421052631579,0.0,0.6526315789473685,D. Daniels bad pass TURNOVER (3 TO),11.0
,,,,,,,,,,,,,,,,,,,,,,,,,,,,,,,,0.0,13.0,0.5142857142857142,1.0,0.30612244897959184,O. Okongwu Layup (11 PTS) (T. Young 6 AST),0.0
,,,,,,,,,,,,,,,,,,,,,,,,,,,,,,,,0.0,7.0,0.775,0.5,0.8928571428571429,MISS C. LeVert running Layup,1.0
,,,,,,,,,,,,,,,,,,,,,,,,,,,,,,,,0.0,30.0,0.39999999999999997,0.0,0.5714285714285714,TEAM offensive REBOUND,2.0
,,,,,,,,,,,,,,,,,,,,,,,,,,,,,,,,0.0,30.0,0.3764705882352941,0.5,0.3235294117647059,T. Young bad pass TURNOVER (3 TO),1.0
,,,,,,,,,,,,,,,,,,,,,,,,,,,,,,,,0.0,28.0,0.5457627118644067,0.0,0.7796610169491526,D. Daniels REBOUND (Off:4 Def:3),5.5
,,,,,,,,,,,,,,,,,,,,,,,,,,,,,,,,0.0,28.0,0.5126712328767122,0.75,0.410958904109589,MISS D. Barlow driving Layup - blocked,0.5
,,,,,,,,,,,,,,,,,,,,,,,,,,,,,,,,0.0,27.0,0.7,1.0,0.5714285714285714,TEAM defensive REBOUND,0.0
,,,,,,,,,,,,,,,,,,,,,,,,,,,,,,,,0.0,27.0,0.6612903225806451,1.0,0.5161290322580645,T. Young technical FOUL (1 Tech),0.0
,,,,,,,,,,,,,,,,,,,,,,,,,,,,,,,,0.0,27.0,0.5851851851851851,1.0,0.4074074074074074,D. Barlow BLOCK (2 BLK),0.0
,,,,,,,,,,,,,,,,,,,,,,,,,,,,,,,,0.0,5.0,0.506896551724138,0.0,0.7241379310344828,D. Barlow REBOUND (Off:5 Def:5),2.0
,,,,,,,,,,,,,,,,,,,,,,,,,,,,,,,,0.0,5.0,0.7692307692307692,0.5,0.8846153846153846,MISS T. Mann running Layup,1.0
,,,,,,,,,,,,,,,,,,,,,,,,,,,,,,,,0.0,18.0,0.6672131147540983,1.0,0.5245901639344263,MISS Z. Risacher running Layup,0.0
,,,,,,,,,,,,,,,,,,,,,,,,,,,,,,,,0.0,20.0,0.4568421052631579,0.0,0.6526315789473685,O. Okongwu bad pass TURNOVER (2 TO),10.5
,,,,,,,,,,,,,,,,,,,,,,,,,,,,,,,,0.0,19.0,0.4575,1.0,0.225,T. Mann 25' 3PT running (5 PTS) (V. Krejčí 1 AST),0.0
,,,,,,,,,,,,,,,,,,,,,,,,,,,,,,,,0.0,16.0,0.5018867924528301,0.0,0.7169811320754716,MISS D. Daniels 25' 3PT,3.0
,,,,,,,,,,,,,,,,,,,,,,,,,,,,,,,,0.0,8.0,0.616,0.0,0.88,T. Mann Layup (7 PTS) (D. Barlow 1 AST),6.0
,,,,,,,,,,,,,,,,,,,,,,,,,,,,,,,,0.0,14.0,0.2975,0.0,0.425,D. Barlow cutting DUNK (2 PTS) (T. Young 4 AST),8.600000000000023
,,,,,,,,,,,,,,,,,,,,,,,,,,,,,,,,0.0,18.0,0.47659574468085103,0.0,0.6808510638297872,MISS T. Mann 24' 3PT,7.7000000000000455
,,,,,,,,,,,,,,,,,,,,,,,,,,,,,,,,0.0,18.0,0.5508196721311475,0.0,0.7868852459016393,D. Barlow REBOUND (Off:0 Def:1),9.299999999999955
,,,,,,,,,,,,,,,,,,,,,,,,,,,,,,,,0.0,23.0,0.6727272727272727,0.0,0.961038961038961,T. Mann 13' turnaround Jump Shot (5 PTS),12.5
,,,,,,,,,,,,,,,,,,,,,,,,,,,,,,,,0.0,19.0,0.5249999999999999,0.5,0.5357142857142857,T. Young STEAL (2 STL),1.0
,,,,,,,,,,,,,,,,,,,,,,,,,,,,,,,,0.0,13.0,0.5670886075949366,0.0,0.810126582278481,T. Mann 3PT  (3 PTS) (C. LeVert 3 AST),7.0
,,,,,,,,,,,,,,,,,,,,,,,,,,,,,,,,0.0,20.0,0.5215686274509804,0.0,0.7450980392156863,MISS C. LeVert 26' 3PT,5.5
,,,,,,,,,,,,,,,,,,,,,,,,,,,,,,,,0.0,20.0,0.8043103448275861,0.75,0.8275862068965517,G. Niang REBOUND (Off:0 Def:1),0.5
,,,,,,,,,,,,,,,,,,,,,,,,,,,,,,,,0.0,19.0,0.6676923076923077,0.0,0.9538461538461539,T. Young Free Throw 1 of 2 (5 PTS),9.0
,,,,,,,,,,,,,,,,,,,,,,,,,,,,,,,,0.0,9.0,0.6783783783783783,1.0,0.5405405405405406,MISS O. Okongwu 9' turnaround Hook,0.0
,,,,,,,,,,,,,,,,,,,,,,,,,,,,,,,,0.0,11.0,0.5662921348314606,0.0,0.8089887640449438,G. Niang 24' 3PT  (6 PTS) (C. LeVert 2 AST),7.0
,,,,,,,,,,,,,,,,,,,,,,,,,,,,,,,,0.0,16.0,0.5833333333333334,0.0,0.8333333333333334,G. Niang 25' 3PT running (3 PTS) (Z. Risacher 1 AST),2.5
,,,,,,,,,,,,,,,,,,,,,,,,,,,,,,,,0.0,7.0,0.5278688524590163,0.0,0.7540983606557377,V. Krejčí REBOUND (Off:0 Def:1),5.0
,,,,,,,,,,,,,,,,,,,,,,,,,,,,,,,,0.0,16.0,0.5169230769230769,0.0,0.7384615384615385,MISS C. LeVert 25' pullup 3PT,2.0
,,,,,,,,,,,,,,,,,,,,,,,,,,,,,,,,0.0,19.0,0.6957627118644067,0.5,0.7796610169491526,D. Daniels REBOUND (Off:1 Def:0),1.0
,,,,,,,,,,,,,,,,,,,,,,,,,,,,,,,,0.0,9.0,0.39642857142857135,0.75,0.24489795918367346,D. Daniels Free Throw 1 of 1 (6 PTS),0.5
,,,,,,,,,,,,,,,,,,,,,,,,,,,,,,,,0.0,9.0,0.5738505747126437,0.25,0.7126436781609196,MISS M. Gueye running Layup - blocked,1.5
,,,,,,,,,,,,,,,,,,,,,,,,,,,,,,,,0.0,11.0,0.3669902912621359,0.0,0.5242718446601942,T. Young bad pass out-of-bounds TURNOVER (1 TO),6.0
,,,,,,,,,,,,,,,,,,,,,,,,,,,,,,,,0.0,24.0,0.4666666666666666,0.0,0.6666666666666666,MISS Z. Risacher 3PT,6.5
,,,,,,,,,,,,,,,,,,,,,,,,,,,,,,,,0.0,24.0,0.5943548387096773,0.25,0.7419354838709677,D. Daniels REBOUND (Off:1 Def:0),1.5
,,,,,,,,,,,,,,,,,,,,,,,,,,,,,,,,0.0,10.0,0.6199999999999999,0.0,0.8857142857142857,D. Daniels traveling TURNOVER (1 TO),4.0
,,,,,,,,,,,,,,,,,,,,,,,,,,,,,,,,0.0,14.0,0.645,0.75,0.6,Z. Risacher step out-of-bounds TURNOVER (1 TO),0.5
,,,,,,,,,,,,,,,,,,,,,,,,,,,,,,,,0.0,13.0,0.6336842105263157,0.0,0.9052631578947369,D. Daniels driving Layup (4 PTS) (M. Gueye 1 AST),5.5
,,,,,,,,,,,,,,,,,,,,,,,,,,,,,,,,0.0,14.0,0.6481481481481481,0.0,0.9259259259259259,D. Daniels 8' floating Jump Shot (2 PTS) (T. Young 2 AST),5.0
,,,,,,,,,,,,,,,,,,,,,,,,,,,,,,,,0.0,8.0,0.48124999999999996,0.0,0.6875,O. Okongwu REBOUND (Off:1 Def:0),3.5
,,,,,,,,,,,,,,,,,,,,,,,,,,,,,,,,0.0,15.0,0.6039215686274509,0.0,0.8627450980392157,Z. Risacher cutting Layup (2 PTS) (T. Young 1 AST),11.5
,,,,,,,,,,,,,,,,,,,,,,,,,,,,,,,,0.0,16.0,0.5133333333333333,0.0,0.7333333333333333,O. Okongwu REBOUND (Off:0 Def:6),6.0
,,,,,,,,,,,,,,,,,,,,,,,,,,,,,,,,0.0,19.0,0.5962962962962962,0.0,0.8518518518518519,M. Gueye tip Layup (2 PTS),10.0
,,,,,,,,,,,,,,,,,,,,,,,,,,,,,,,,0.0,7.0,0.5,0.5,0.5,MISS T. Mann 3PT,1.0
,,,,,,,,,,,,,,,,,,,,,,,,,,,,,,,,0.0,16.0,0.7516129032258063,1.0,0.6451612903225806,O. Okongwu REBOUND (Off:0 Def:2),0.0
,,,,,,,,,,,,,,,,,,,,,,,,,,,,,,,,0.0,30.0,0.6686567164179104,0.0,0.9552238805970149,D. Barlow Free Throw 1 of 1 (5 PTS),3.5
,,,,,,,,,,,,,,,,,,,,,,,,,,,,,,,,0.0,12.0,0.6352112676056337,1.0,0.4788732394366197,T. Young driving reverse Layup (14 PTS),0.0
,,,,,,,,,,,,,,,,,,,,,,,,,,,,,,,,0.0,19.0,0.6838709677419355,1.0,0.5483870967741935,T. Young running Layup (7 PTS),0.0
,,,,,,,,,,,,,,,,,,,,,,,,,,,,,,,,0.0,14.0,0.5818965517241379,0.25,0.7241379310344828,T. Young REBOUND (Off:1 Def:2),1.5
,,,,,,,,,,,,,,,,,,,,,,,,,,,,,,,,0.0,14.0,0.85,0.75,0.8928571428571429,MISS D. Daniels running DUNK,0.5
,,,,,,,,,,,,,,,,,,,,,,,,,,,,,,,,0.0,10.0,0.6017543859649123,0.0,0.8596491228070176,M. Gueye running alley-oop DUNK (4 PTS) (T. Young 7 AST),2.5
,,,,,,,,,,,,,,,,,,,,,,,,,,,,,,,,0.0,8.0,0.6181818181818182,0.0,0.8831168831168831,O. Okongwu DUNK (9 PTS) (T. Young 6 AST),4.5
,,,,,,,,,,,,,,,,,,,,,,,,,,,,,,,,0.0,9.0,0.6336842105263157,0.0,0.9052631578947369,D. Daniels driving Layup (6 PTS) (T. Young 5 AST),2.7000000000000455
,,,,,,,,,,,,,,,,,,,,,,,,,,,,,,,,0.0,21.0,0.5220338983050847,0.0,0.7457627118644068,V. Krejčí REBOUND (Off:1 Def:1),3.599999999999909
,,,,,,,,,,,,,,,,,,,,,,,,,,,,,,,,0.0,25.0,0.5111111111111111,0.0,0.7301587301587301,V. Krejčí REBOUND (Off:0 Def:1),5.0
,,,,,,,,,,,,,,,,,,,,,,,,,,,,,,,,0.0,17.0,0.6136986301369862,0.0,0.8767123287671232,Z. Risacher traveling TURNOVER (2 TO),9.0
,,,,,,,,,,,,,,,,,,,,,,,,,,,,,,,,0.0,8.0,0.47388888888888886,0.75,0.35555555555555557,T. Young Free Throw 2 of 2 (9 PTS),0.5
,,,,,,,,,,,,,,,,,,,,,,,,,,,,,,,,0.0,6.0,0.7086842105263157,0.25,0.9052631578947369,Z. Risacher running DUNK (6 PTS) (T. Young 4 AST),1.5
,,,,,,,,,,,,,,,,,,,,,,,,,,,,,,,,0.0,15.0,0.6712328767123287,0.0,0.958904109589041,C. LeVert 11' pullup Jump Shot (7 PTS),8.0
,,,,,,,,,,,,,,,,,,,,,,,,,,,,,,,,0.0,14.0,0.5720430107526882,0.0,0.8172043010752689,O. Okongwu 25' 3PT  (7 PTS) (C. LeVert 5 AST),6.0
,,,,,,,,,,,,,,,,,,,,,,,,,,,,,,,,0.0,25.0,0.38987341772151896,0.0,0.5569620253164557,MISS C. LeVert 3PT - blocked,11.0
,,,,,,,,,,,,,,,,,,,,,,,,,,,,,,,,0.0,47.0,0.6644067796610169,0.0,0.9491525423728814,C. LeVert REBOUND (Off:1 Def:0),7.0
,,,,,,,,,,,,,,,,,,,,,,,,,,,,,,,,0.0,30.0,0.6644067796610169,0.0,0.9491525423728814,D. Barlow REBOUND (Off:1 Def:3),3.5
,,,,,,,,,,,,,,,,,,,,,,,,,,,,,,,,0.0,20.0,0.5384615384615384,0.0,0.7692307692307693,V. Krejčí 25' 3PT  (3 PTS) (D. Barlow 2 AST),6.5
,,,,,,,,,,,,,,,,,,,,,,,,,,,,,,,,0.0,20.0,0.7394067796610169,0.25,0.9491525423728814,D. Barlow REBOUND (Off:2 Def:3),1.5
,,,,,,,,,,,,,,,,,,,,,,,,,,,,,,,,0.0,20.0,0.736111111111111,0.75,0.7301587301587301,MISS T. Young 32' pullup 3PT,0.5
,,,,,,,,,,,,,,,,,,,,,,,,,,,,,,,,0.0,30.0,0.632258064516129,0.0,0.9032258064516129,D. Barlow putback Layup (4 PTS),3.5
,,,,,,,,,,,,,,,,,,,,,,,,,,,,,,,,0.0,34.0,0.491860465116279,0.5,0.4883720930232558,O. Okongwu driving Hook (12 PTS) (D. Daniels 4 AST),1.0
,,,,,,,,,,,,,,,,,,,,,,,,,,,,,,,,0.0,27.0,0.5465789473684209,0.25,0.6736842105263158,T. Mann pullup Jump Shot (5 PTS) (Z. Risacher 1 AST),1.5
,,,,,,,,,,,,,,,,,,,,,,,,,,,,,,,,0.0,11.0,0.643859649122807,1.0,0.49122807017543857,MISS O. Okongwu putback Layup,0.0
,,,,,,,,,,,,,,,,,,,,,,,,,,,,,,,,0.0,11.0,0.6021505376344086,0.0,0.8602150537634409,V. Krejčí driving DUNK (5 PTS) (C. LeVert 4 AST),6.0
,,,,,,,,,,,,,,,,,,,,,,,,,,,,,,,,0.0,9.0,0.6712962962962962,0.25,0.8518518518518519,C. LeVert 26' 3PT running (3 PTS) (D. Daniels 1 AST),1.5
,,,,,,,,,,,,,,,,,,,,,,,,,,,,,,,,0.0,47.0,0.5733333333333333,0.0,0.819047619047619,C. LeVert 7' fadeaway Jump Shot (5 PTS) (V. Krejčí 2 AST),20.0
,,,,,,,,,,,,,,,,,,,,,,,,,,,,,,,,0.0,47.0,0.5223880597014925,0.0,0.746268656716418,MISS D. Daniels 26' pullup 3PT,4.0
,,,,,,,,,,,,,,,,,,,,,,,,,,,,,,,,0.0,11.0,0.646774193548387,0.5,0.7096774193548387,O. Okongwu REBOUND (Off:1 Def:1),1.0
,,,,,,,,,,,,,,,,,,,,,,,,,,,,,,,,0.0,34.0,0.6166666666666666,0.5,0.6666666666666666,O. Okongwu REBOUND (Off:4 Def:8),1.0
,,,,,,,,,,,,,,,,,,,,,,,,,,,,,,,,0.0,34.0,0.5018867924528301,0.0,0.7169811320754716,MISS G. Mathews 26' 3PT,3.0
,,,,,,,,,,,,,,,,,,,,,,,,,,,,,,,,0.0,21.0,0.6671874999999999,0.0,0.953125,D. Daniels 10' driving floating Jump Shot (11 PTS) (T. Young 9 AST),6.5
,,,,,,,,,,,,,,,,,,,,,,,,,,,,,,,,0.0,28.0,0.736111111111111,0.75,0.7301587301587301,MISS T. Young 25' pullup 3PT,0.5
,,,,,,,,,,,,,,,,,,,,,,,,,,,,,,,,0.0,28.0,0.8894067796610169,0.75,0.9491525423728814,D. Barlow REBOUND (Off:1 Def:0),0.5
,,,,,,,,,,,,,,,,,,,,,,,,,,,,,,,,0.0,10.0,0.4883720930232558,0.0,0.6976744186046512,MISS D. Barlow 3PT,5.5
,,,,,,,,,,,,,,,,,,,,,,,,,,,,,,,,0.0,15.0,0.608695652173913,0.0,0.8695652173913043,T. Young Layup (15 PTS),7.5
,,,,,,,,,,,,,,,,,,,,,,,,,,,,,,,,0.0,18.0,0.5625,1.0,0.375,MISS C. LeVert 12' fadeaway Shot,0.0
,,,,,,,,,,,,,,,,,,,,,,,,,,,,,,,,0.0,19.0,0.65679012345679,0.0,0.9382716049382716,MISS C. LeVert 8' turnaround fadeaway Shot,2.0
,,,,,,,,,,,,,,,,,,,,,,,,,,,,,,,,0.0,19.0,0.625,0.0,0.8928571428571429,MISS D. Barlow putback Layup,5.0
,,,,,,,,,,,,,,,,,,,,,,,,,,,,,,,,0.0,11.0,0.6644067796610169,0.0,0.9491525423728814,D. Barlow REBOUND (Off:3 Def:0),9.5
,,,,,,,,,,,,,,,,,,,,,,,,,,,,,,,,0.0,8.0,0.7925925925925925,1.0,0.7037037037037037,D. Hunter driving floating Jump Shot (17 PTS) (T. Young 11 AST),0.0
,,,,,,,,,,,,,,,,,,,,,,,,,,,,,,,,0.0,18.0,0.5820224719101124,0.0,0.8314606741573034,O. Okongwu 3PT  (11 PTS) (D. Daniels 6 AST),6.5
,,,,,,,,,,,,,,,,,,,,,,,,,,,,,,,,0.0,17.0,0.660377358490566,0.0,0.9433962264150944,C. LeVert 12' pullup Jump Shot (2 PTS) (T. Young 10 AST),4.5
,,,,,,,,,,,,,,,,,,,,,,,,,,,,,,,,0.0,16.0,0.6317073170731707,0.0,0.9024390243902439,MISS O. Okongwu 9' driving floating Shot,6.5
,,,,,,,,,,,,,,,,,,,,,,,,,,,,,,,,0.0,29.0,0.8905737704918032,0.75,0.9508196721311475,D. Daniels REBOUND (Off:2 Def:2),0.5
,,,,,,,,,,,,,,,,,,,,,,,,,,,,,,,,0.0,12.0,0.5658227848101265,1.0,0.379746835443038,C. LeVert 10' driving floating Jump Shot (5 PTS),0.0
,,,,,,,,,,,,,,,,,,,,,,,,,,,,,,,,0.0,15.0,0.6268656716417911,0.0,0.8955223880597015,V. Krejčí Free Throw 1 of 3 (4 PTS),3.5
,,,,,,,,,,,,,,,,,,,,,,,,,,,,,,,,0.0,29.0,0.8838235294117647,0.75,0.9411764705882353,MISS D. Daniels 7' driving finger roll Layup,0.5
,,,,,,,,,,,,,,,,,,,,,,,,,,,,,,,,0.0,29.0,0.625,0.75,0.5714285714285714,TEAM offensive REBOUND,0.5
,,,,,,,,,,,,,,,,,,,,,,,,,,,,,,,,0.0,7.0,0.6282051282051282,0.0,0.8974358974358975,MISS T. Young 6' driving floating Shot,2.5
,,,,,,,,,,,,,,,,,,,,,,,,,,,,,,,,0.0,7.0,0.39573170731707313,0.75,0.24390243902439024,Z. Risacher Layup (11 PTS),0.5
,,,,,,,,,,,,,,,,,,,,,,,,,,,,,,,,0.0,34.0,0.4989130434782608,0.75,0.391304347826087,Z. Risacher REBOUND (Off:1 Def:3),0.5
,,,,,,,,,,,,,,,,,,,,,,,,,,,,,,,,0.0,16.0,0.7560344827586206,0.75,0.7586206896551724,G. Niang REBOUND (Off:0 Def:1),0.5
,,,,,,,,,,,,,,,,,,,,,,,,,,,,,,,,0.0,34.0,0.7533018867924528,0.75,0.7547169811320755,MISS D. Daniels 26' 3PT,0.5
,,,,,,,,,,,,,,,,,,,,,,,,,,,,,,,,0.0,12.0,0.6336842105263157,0.0,0.9052631578947369,D. Daniels reverse Layup (6 PTS) (T. Young 8 AST),4.5
,,,,,,,,,,,,,,,,,,,,,,,,,,,,,,,,0.0,17.0,0.5372881355932203,1.0,0.3389830508474576,MISS O. Okongwu driving Hook,0.0
,,,,,,,,,,,,,,,,,,,,,,,,,,,,,,,,0.0,17.0,0.71,0.5,0.8,O. Okongwu REBOUND (Off:2 Def:6),1.0
,,,,,,,,,,,,,,,,,,,,,,,,,,,,,,,,0.0,32.0,0.5283018867924528,0.0,0.7547169811320755,MISS G. Mathews 26' 3PT,6.5
,,,,,,,,,,,,,,,,,,,,,,,,,,,,,,,,0.0,32.0,0.6655737704918032,0.0,0.9508196721311475,O. Okongwu REBOUND (Off:3 Def:8),8.5
,,,,,,,,,,,,,,,,,,,,,,,,,,,,,,,,0.0,12.0,0.5384615384615384,0.0,0.7692307692307693,Z. Risacher REBOUND (Off:0 Def:3),4.0
,,,,,,,,,,,,,,,,,,,,,,,,,,,,,,,,0.0,34.0,0.43240740740740735,0.75,0.2962962962962963,MISS T. Young 29' 3PT,0.5
,,,,,,,,,,,,,,,,,,,,,,,,,,,,,,,,0.0,15.0,0.5310344827586206,0.0,0.7586206896551724,D. Hunter REBOUND (Off:0 Def:8),4.5
,,,,,,,,,,,,,,,,,,,,,,,,,,,,,,,,0.0,9.0,0.5894736842105263,0.0,0.8421052631578947,G. Niang 25' 3PT  (12 PTS) (D. Daniels 10 AST),6.599999999999909
,,,,,,,,,,,,,,,,,,,,,,,,,,,,,,,,0.0,7.0,0.5901960784313726,0.0,0.8431372549019608,T. Mann 25' 3PT pullup (7 PTS) (D. Daniels 7 AST),3.0
,,,,,,,,,,,,,,,,,,,,,,,,,,,,,,,,0.0,15.0,0.6712328767123287,0.0,0.958904109589041,Z. Risacher Free Throw 1 of 1 (16 PTS),3.5
,,,,,,,,,,,,,,,,,,,,,,,,,,,,,,,,0.0,44.0,0.6033333333333333,1.0,0.43333333333333335,MISS O. Okongwu tip Layup,0.0
,,,,,,,,,,,,,,,,,,,,,,,,,,,,,,,,0.0,24.0,0.6066666666666667,0.0,0.8666666666666667,Z. Risacher tip DUNK (18 PTS),10.5
,,,,,,,,,,,,,,,,,,,,,,,,,,,,,,,,0.0,24.0,0.5432835820895522,0.0,0.7761194029850746,MISS T. Mann 25' step back 3PT,9.5
,,,,,,,,,,,,,,,,,,,,,,,,,,,,,,,,0.0,25.0,0.644736842105263,0.0,0.9210526315789473,T. Mann driving reverse Layup (14 PTS),14.0
,,,,,,,,,,,,,,,,,,,,,,,,,,,,,,,,0.0,7.0,0.6926829268292682,1.0,0.5609756097560976,T. Young 29' 3PT running pullup (29 PTS),0.0
,,,,,,,,,,,,,,,,,,,,,,,,,,,,,,,,0.0,15.0,0.4099056603773584,0.75,0.2641509433962264,V. Krejčí STEAL (1 STL),0.5
,,,,,,,,,,,,,,,,,,,,,,,,,,,,,,,,0.0,9.0,0.63,0.0,0.9,MISS T. Young 14' driving floating Shot,3.5
,,,,,,,,,,,,,,,,,,,,,,,,,,,,,,,,0.0,19.0,0.5894736842105263,0.0,0.8421052631578947,D. Daniels 26' 3PT  (16 PTS) (T. Young 11 AST),6.5
,,,,,,,,,,,,,,,,,,,,,,,,,,,,,,,,0.0,29.0,0.8173076923076923,0.75,0.8461538461538461,MISS D. Daniels tip Layup,0.5
,,,,,,,,,,,,,,,,,,,,,,,,,,,,,,,,0.0,13.0,0.5024999999999863,0.7999999999999545,0.375,SUB out: T. Young,0.40000000000009095
,,,,,,,,,,,,,,,,,,,,,,,,,,,,,,,,0.0,13.0,0.6880487804878185,0.7000000000000455,0.6829268292682927,MISS G. Niang 3PT,0.599999999999909
,,,,,,,,,,,,,,,,,,,,,,,,,,,,,,,,0.0,11.0,0.506896551724138,0.0,0.7241379310344828,V. Krejčí REBOUND (Off:1 Def:4),3.400000000000091
,,,,,,,,,,,,,,,,,,,,,,,,,,,,,,,,0.0,11.0,0.6034482758620688,0.0,0.8620689655172413,MISS T. Mann 23' pullup Shot,2.099999999999909
,,,,,,,,,,,,,,,,,,,,,,,,,,,,,,,,0.0,9.0,0.6671874999999999,0.0,0.953125,T. Young 12' driving floating Jump Shot (19 PTS) (O. Okongwu 3 AST),5.5
,,,,,,,,,,,,,,,,,,,,,,,,,,,,,,,,0.0,15.0,0.6196721311475409,0.0,0.8852459016393442,MISS V. Krejčí Free Throw 3 of 3,3.5
,,,,,,,,,,,,,,,,,,,,,,,,,,,,,,,,0.0,15.0,0.6092592592592592,0.0,0.8703703703703703,Z. Risacher cutting Layup (15 PTS) (O. Okongwu 2 AST),3.5
,,,,,,,,,,,,,,,,,,,,,,,,,,,,,,,,0.0,11.0,0.705,0.25,0.9,MISS Z. Risacher running Layup,1.5
,,,,,,,,,,,,,,,,,,,,,,,,,,,,,,,,0.0,9.0,0.8442307692307691,0.75,0.8846153846153846,MISS T. Mann running Layup,0.5
,,,,,,,,,,,,,,,,,,,,,,,,,,,,,,,,0.0,9.0,0.8905737704918032,0.75,0.9508196721311475,D. Daniels REBOUND (Off:3 Def:3),0.5
,,,,,,,,,,,,,,,,,,,,,,,,,,,,,,,,0.0,7.0,0.6388349514563106,0.0,0.912621359223301,Z. Risacher running Layup (11 PTS) (D. Daniels 8 AST),3.0
,,,,,,,,,,,,,,,,,,,,,,,,,,,,,,,,0.0,17.0,0.6117021276595744,0.5,0.6595744680851063,V. Krejčí 3PT  (14 PTS) (Z. Risacher 4 AST),1.0
,,,,,,,,,,,,,,,,,,,,,,,,,,,,,,,,0.0,24.0,0.6033018867924528,0.25,0.7547169811320755,MISS O. Okongwu 25' 3PT,1.5
,,,,,,,,,,,,,,,,,,,,,,,,,,,,,,,,0.0,24.0,0.4403846153846154,0.75,0.3076923076923077,D. Daniels REBOUND (Off:4 Def:3),0.5
,,,,,,,,,,,,,,,,,,,,,,,,,,,,,,,,0.0,11.0,0.4666666666666666,0.0,0.6666666666666666,O. Okongwu REBOUND (Off:5 Def:10),3.5
,,,,,,,,,,,,,,,,,,,,,,,,,,,,,,,,0.0,24.0,0.6306306306306306,0.0,0.9009009009009009,Z. Risacher 6' cutting Layup (13 PTS) (D. Daniels 9 AST),9.5
,,,,,,,,,,,,,,,,,,,,,,,,,,,,,,,,0.0,7.0,0.6084745762711864,1.0,0.4406779661016949,MISS V. Krejčí 25' pullup 3PT,0.0
,,,,,,,,,,,,,,,,,,,,,,,,,,,,,,,,0.0,8.0,0.5764705882352941,0.0,0.8235294117647058,T. Mann 25' 3PT running pullup (10 PTS) (V. Krejčí 1 AST),2.0
,,,,,,,,,,,,,,,,,,,,,,,,,,,,,,,,0.0,18.0,0.6704225352112675,0.0,0.9577464788732394,D. Daniels Free Throw 1 of 2 (12 PTS),6.0
,,,,,,,,,,,,,,,,,,,,,,,,,,,,,,,,0.0,20.0,0.5764705882352941,0.0,0.8235294117647058,T. Mann 8' turnaround fadeaway Jump Shot (12 PTS),4.0
,,,,,,,,,,,,,,,,,,,,,,,,,,,,,,,,0.0,12.0,0.6655737704918032,0.0,0.9508196721311475,O. Okongwu REBOUND (Off:5 Def:9),3.0
,,,,,,,,,,,,,,,,,,,,,,,,,,,,,,,,0.0,12.0,0.48124999999999996,0.0,0.6875,O. Okongwu lost ball TURNOVER (1 TO),3.0
,,,,,,,,,,,,,,,,,,,,,,,,,,,,,,,,0.0,7.0,0.5403508771929824,0.0,0.7719298245614035,T. Mann REBOUND (Off:0 Def:3),2.0
,,,,,,,,,,,,,,,,,,,,,,,,,,,,,,,,0.0,11.0,0.49318181818181817,0.0,0.7045454545454546,T. Young lost ball TURNOVER (5 TO),5.5
,,,,,,,,,,,,,,,,,,,,,,,,,,,,,,,,0.0,19.0,0.5692307692307692,1.0,0.38461538461538464,TEAM offensive REBOUND,0.0
,,,,,,,,,,,,,,,,,,,,,,,,,,,,,,,,0.0,14.0,0.38055555555555554,0.75,0.2222222222222222,D. Daniels BLOCK (1 BLK),0.5
,,,,,,,,,,,,,,,,,,,,,,,,,,,,,,,,0.0,9.0,0.6461538461538462,0.0,0.9230769230769231,Z. Risacher running reverse Layup (8 PTS) (D. Daniels 1 AST),3.5
,,,,,,,,,,,,,,,,,,,,,,,,,,,,,,,,0.0,14.0,0.6350515463917525,0.0,0.9072164948453608,O. Okongwu running DUNK (4 PTS) (D. Daniels 2 AST),3.0
,,,,,,,,,,,,,,,,,,,,,,,,,,,,,,,,0.0,33.0,0.7407894736842104,0.75,0.7368421052631579,D. Barlow REBOUND (Off:0 Def:1),0.5
,,,,,,,,,,,,,,,,,,,,,,,,,,,,,,,,0.0,33.0,0.5018867924528301,0.0,0.7169811320754716,MISS O. Okongwu 25' 3PT,8.5
,,,,,,,,,,,,,,,,,,,,,,,,,,,,,,,,0.0,33.0,0.6,0.0,0.8571428571428571,MISS D. Daniels 8' turnaround Hook,2.5
,,,,,,,,,,,,,,,,,,,,,,,,,,,,,,,,0.0,17.0,0.8419354838709676,1.0,0.7741935483870968,C. LeVert REBOUND (Off:0 Def:1),0.0
,,,,,,,,,,,,,,,,,,,,,,,,,,,,,,,,0.0,25.0,0.5737704918032787,0.0,0.819672131147541,M. Gueye REBOUND (Off:1 Def:1),4.0
,,,,,,,,,,,,,,,,,,,,,,,,,,,,,,,,0.0,19.0,0.37943925233644854,0.0,0.5420560747663551,D. Daniels bad pass out-of-bounds TURNOVER (1 TO),2.0
,,,,,,,,,,,,,,,,,,,,,,,,,,,,,,,,0.0,43.0,0.625,0.75,0.5714285714285714,TEAM offensive REBOUND,0.5
,,,,,,,,,,,,,,,,,,,,,,,,,,,,,,,,0.0,43.0,0.6179824561403509,0.75,0.5614035087719298,MISS C. LeVert Free Throw 1 of 2,0.5
,,,,,,,,,,,,,,,,,,,,,,,,,,,,,,,,0.0,16.0,0.5957446808510638,0.0,0.851063829787234,T. Mann cutting Layup (2 PTS) (G. Niang 1 AST),7.0
,,,,,,,,,,,,,,,,,,,,,,,,,,,,,,,,0.0,10.0,0.4833333333333333,1.0,0.2619047619047619,T. Mann driving Layup (4 PTS),0.0
,,,,,,,,,,,,,,,,,,,,,,,,,,,,,,,,0.0,15.0,0.5312264150943362,0.44999999999998863,0.5660377358490566,MISS D. Barlow tip Layup,1.1000000000000227
,,,,,,,,,,,,,,,,,,,,,,,,,,,,,,,,0.0,15.0,0.6618181818181817,0.0,0.9454545454545454,T. Mann REBOUND (Off:2 Def:0),9.0
,,,,,,,,,,,,,,,,,,,,,,,,,,,,,,,,0.0,43.0,0.7405737704918032,0.25,0.9508196721311475,D. Daniels REBOUND (Off:1 Def:2),1.5
,,,,,,,,,,,,,,,,,,,,,,,,,,,,,,,,0.0,10.0,0.4719101123595505,0.0,0.6741573033707865,T. Young bad pass TURNOVER (2 TO),3.3999999999999773
,,,,,,,,,,,,,,,,,,,,,,,,,,,,,,,,0.0,25.0,0.6151515151515151,0.0,0.8787878787878788,MISS O. Okongwu 10' driving Hook,4.0
,,,,,,,,,,,,,,,,,,,,,,,,,,,,,,,,0.0,7.0,0.6676923076923077,0.0,0.9538461538461539,M. Gueye Free Throw 2 of 2 (4 PTS),3.5
,,,,,,,,,,,,,,,,,,,,,,,,,,,,,,,,0.0,7.0,0.546875,0.0,0.78125,Z. Risacher REBOUND (Off:0 Def:1),5.0
,,,,,,,,,,,,,,,,,,,,,,,,,,,,,,,,0.0,24.0,0.4661016949152542,1.0,0.23728813559322035,T. Young REBOUND (Off:1 Def:0),0.0
,,,,,,,,,,,,,,,,,,,,,,,,,,,,,,,,0.0,24.0,0.5962962962962962,0.0,0.8518518518518519,O. Okongwu 6' Hook (2 PTS),15.0
,,,,,,,,,,,,,,,,,,,,,,,,,,,,,,,,0.0,17.0,0.564516129032258,0.0,0.8064516129032258,C. Capela REBOUND (Off:0 Def:1),3.0
,,,,,,,,,,,,,,,,,,,,,,,,,,,,,,,,0.0,9.0,0.6461538461538462,0.0,0.9230769230769231,MISS T. Young driving finger roll Layup,5.5
,,,,,,,,,,,,,,,,,,,,,,,,,,,,,,,,0.0,12.0,0.5544117647058824,0.75,0.47058823529411764,T. Young 21' driving floating Jump Shot (2 PTS),0.5
,,,,,,,,,,,,,,,,,,,,,,,,,,,,,,,,0.0,14.0,0.6553191489361702,0.0,0.9361702127659575,Z. Risacher 20' Jump Shot (6 PTS) (T. Young 2 AST),4.5
,,,,,,,,,,,,,,,,,,,,,,,,,,,,,,,,0.0,12.0,0.7583333333333332,0.75,0.7619047619047619,O. Okongwu REBOUND (Off:0 Def:2),0.5
,,,,,,,,,,,,,,,,,,,,,,,,,,,,,,,,0.0,13.0,0.4883720930232558,0.0,0.6976744186046512,T. Young bad pass TURNOVER (1 TO),4.0
,,,,,,,,,,,,,,,,,,,,,,,,,,,,,,,,0.0,22.0,0.6039215686274509,0.0,0.8627450980392157,Z. Risacher cutting Layup (2 PTS) (M. Gueye 1 AST),7.5
,,,,,,,,,,,,,,,,,,,,,,,,,,,,,,,,0.0,10.0,0.5146551724137931,0.75,0.41379310344827586,T. Young bad pass TURNOVER (2 TO),0.5
,,,,,,,,,,,,,,,,,,,,,,,,,,,,,,,,0.0,14.0,0.6631578947368421,0.0,0.9473684210526315,M. Gueye REBOUND (Off:1 Def:2),3.5
,,,,,,,,,,,,,,,,,,,,,,,,,,,,,,,,0.0,14.0,0.6673076923076923,0.25,0.8461538461538461,MISS O. Okongwu tip Layup,1.5
,,,,,,,,,,,,,,,,,,,,,,,,,,,,,,,,0.0,14.0,0.6676923076923077,0.0,0.9538461538461539,M. Gueye Free Throw 1 of 2 (1 PTS),5.5
,,,,,,,,,,,,,,,,,,,,,,,,,,,,,,,,0.0,12.0,0.6461538461538462,0.0,0.9230769230769231,MISS T. Young running finger roll Layup,2.5
,,,,,,,,,,,,,,,,,,,,,,,,,,,,,,,,0.0,10.0,0.4769230769230769,0.0,0.6813186813186813,G. Niang lost ball TURNOVER (1 TO),8.799999999999955
,,,,,,,,,,,,,,,,,,,,,,,,,,,,,,,,0.0,12.0,0.7407894736842104,0.75,0.7368421052631579,M. Gueye REBOUND (Off:1 Def:0),0.5
,,,,,,,,,,,,,,,,,,,,,,,,,,,,,,,,0.0,16.0,0.5471264367816092,0.0,0.7816091954022989,V. Krejčí 25' 3PT  (3 PTS) (T. Mann 1 AST),8.5
,,,,,,,,,,,,,,,,,,,,,,,,,,,,,,,,0.0,13.0,0.5478260869565217,0.0,0.782608695652174,T. Young 28' 3PT pullup (3 PTS),4.0
,,,,,,,,,,,,,,,,,,,,,,,,,,,,,,,,0.0,14.0,0.620253164556962,0.0,0.8860759493670886,O. Okongwu Layup (6 PTS) (T. Young 4 AST),4.5
,,,,,,,,,,,,,,,,,,,,,,,,,,,,,,,,0.0,6.0,0.6336842105263157,0.0,0.9052631578947369,T. Young driving Layup (5 PTS) (D. Daniels 4 AST),5.5
,,,,,,,,,,,,,,,,,,,,,,,,,,,,,,,,0.0,15.0,0.5681159420289855,0.0,0.8115942028985508,T. Young 25' 3PT pullup (8 PTS),4.5
,,,,,,,,,,,,,,,,,,,,,,,,,,,,,,,,0.0,13.0,0.5870967741935483,0.0,0.8387096774193549,T. Young 27' 3PT  (11 PTS) (D. Daniels 5 AST),4.5
,,,,,,,,,,,,,,,,,,,,,,,,,,,,,,,,0.0,18.0,0.6096774193548387,0.0,0.8709677419354839,MISS C. LeVert 12' pullup Shot,8.0
,,,,,,,,,,,,,,,,,,,,,,,,,,,,,,,,0.0,10.0,0.6336842105263157,0.0,0.9052631578947369,G. Niang running Layup (6 PTS) (D. Daniels 3 AST),2.0
,,,,,,,,,,,,,,,,,,,,,,,,,,,,,,,,0.0,18.0,0.8220338983050848,1.0,0.7457627118644068,O. Okongwu REBOUND (Off:0 Def:4),0.0
,,,,,,,,,,,,,,,,,,,,,,,,,,,,,,,,0.0,19.0,0.6611111111111111,0.5,0.7301587301587301,D. Daniels REBOUND (Off:2 Def:3),1.0
,,,,,,,,,,,,,,,,,,,,,,,,,,,,,,,,0.0,19.0,0.44999999999999996,0.5,0.42857142857142855,C. LeVert shooting personal FOUL (1 PF) (Zubac 2 FT),1.0
,,,,,,,,,,,,,,,,,,,,,,,,,,,,,,,,0.0,21.0,0.6686567164179104,0.0,0.9552238805970149,T. Young Free Throw 2 of 2 (13 PTS),8.0
,,,,,,,,,,,,,,,,,,,,,,,,,,,,,,,,0.0,37.0,0.3142857142857143,0.0,0.4489795918367347,TEAM offensive REBOUND,7.5
,,,,,,,,,,,,,,,,,,,,,,,,,,,,,,,,0.0,32.0,0.5764705882352941,0.0,0.8235294117647058,V. Krejčí traveling TURNOVER (1 TO),5.0
,,,,,,,,,,,,,,,,,,,,,,,,,,,,,,,,0.0,11.0,0.5793103448275861,0.0,0.8275862068965517,G. Niang 25' 3PT  (9 PTS) (T. Young 6 AST),5.5
,,,,,,,,,,,,,,,,,,,,,,,,,,,,,,,,0.0,19.0,0.5545454545454545,1.0,0.36363636363636365,MISS C. Capela DUNK,0.0
,,,,,,,,,,,,,,,,,,,,,,,,,,,,,,,,0.0,12.0,0.6222222222222221,0.0,0.8888888888888888,MISS G. Niang running Layup,3.5
,,,,,,,,,,,,,,,,,,,,,,,,,,,,,,,,0.0,24.0,0.7203508771929892,0.6000000000000227,0.7719298245614035,G. Niang REBOUND (Off:1 Def:2),0.7999999999999545
,,,,,,,,,,,,,,,,,,,,,,,,,,,,,,,,0.0,7.0,0.5220338983050847,0.0,0.7457627118644068,O. Okongwu REBOUND (Off:2 Def:1),5.0
,,,,,,,,,,,,,,,,,,,,,,,,,,,,,,,,0.0,7.0,0.5215686274509804,0.0,0.7450980392156863,MISS C. LeVert 25' 3PT,4.0
,,,,,,,,,,,,,,,,,,,,,,,,,,,,,,,,0.0,12.0,0.4666666666666666,0.0,0.6666666666666666,MISS T. Mann 3PT,6.5
,,,,,,,,,,,,,,,,,,,,,,,,,,,,,,,,0.0,17.0,0.4228260869565217,0.75,0.2826086956521739,J. Johnson Free Throw 1 of 2 (7 PTS),0.5
,,,,,,,,,,,,,,,,,,,,,,,,,,,,,,,,0.0,18.0,0.43495145631067955,0.0,0.6213592233009708,MISS O. Okongwu 6' turnaround Hook - blocked,6.5
,,,,,,,,,,,,,,,,,,,,,,,,,,,,,,,,0.0,26.0,0.4787234042553191,1.0,0.2553191489361702,SUB out: V. Krejčí,0.0
,,,,,,,,,,,,,,,,,,,,,,,,,,,,,,,,0.0,33.0,0.48571428571428565,0.0,0.6938775510204082,MISS G. Niang 25' 3PT,4.0
,,,,,,,,,,,,,,,,,,,,,,,,,,,,,,,,0.0,18.0,0.5599999999999999,0.0,0.8,O. Okongwu REBOUND (Off:1 Def:2),5.5
,,,,,,,,,,,,,,,,,,,,,,,,,,,,,,,,0.0,21.0,0.7801724137931034,0.75,0.7931034482758621,D. Barlow REBOUND (Off:2 Def:3),0.5
,,,,,,,,,,,,,,,,,,,,,,,,,,,,,,,,0.0,20.0,0.6555555555555556,0.0,0.9365079365079365,D. Daniels 11' driving floating Jump Shot (2 PTS) (G. Niang 2 AST),6.5
,,,,,,,,,,,,,,,,,,,,,,,,,,,,,,,,0.0,33.0,0.5551724137931034,0.0,0.7931034482758621,D. Barlow REBOUND (Off:1 Def:3),3.0
,,,,,,,,,,,,,,,,,,,,,,,,,,,,,,,,0.0,31.0,0.6676923076923077,0.0,0.9538461538461539,G. Niang Free Throw 2 of 2 (4 PTS),9.0
,,,,,,,,,,,,,,,,,,,,,,,,,,,,,,,,0.0,12.0,0.7470338983050847,0.75,0.7457627118644068,V. Krejčí REBOUND (Off:0 Def:1),0.5
,,,,,,,,,,,,,,,,,,,,,,,,,,,,,,,,0.0,15.0,0.5193548387096774,0.0,0.7419354838709677,D. Hunter REBOUND (Off:0 Def:1),6.0
,,,,,,,,,,,,,,,,,,,,,,,,,,,,,,,,0.0,8.0,0.4419902912621359,0.25,0.5242718446601942,T. Young bad pass out-of-bounds TURNOVER (4 TO),1.5
,,,,,,,,,,,,,,,,,,,,,,,,,,,,,,,,0.0,31.0,0.6644067796610169,0.0,0.9491525423728814,MISS G. Niang Free Throw 1 of 2,9.0
,,,,,,,,,,,,,,,,,,,,,,,,,,,,,,,,0.0,22.0,0.41363636363636364,0.0,0.5909090909090909,MISS D. Daniels driving Layup - blocked,4.5
,,,,,,,,,,,,,,,,,,,,,,,,,,,,,,,,0.0,28.0,0.6066666666666667,0.0,0.8666666666666667,O. Okongwu tip Layup (10 PTS),9.0
,,,,,,,,,,,,,,,,,,,,,,,,,,,,,,,,0.0,28.0,0.6655737704918032,0.0,0.9508196721311475,O. Okongwu REBOUND (Off:2 Def:6),9.0
,,,,,,,,,,,,,,,,,,,,,,,,,,,,,,,,0.0,28.0,0.6094117647058823,0.0,0.8705882352941177,MISS G. Niang driving floating bank Shot,7.0
,,,,,,,,,,,,,,,,,,,,,,,,,,,,,,,,0.0,20.0,0.38055555555555554,0.75,0.2222222222222222,O. Okongwu lost ball out-of-bounds TURNOVER (2 TO),0.5
,,,,,,,,,,,,,,,,,,,,,,,,,,,,,,,,0.0,20.0,0.6686567164179104,0.0,0.9552238805970149,C. LeVert Free Throw 2 of 2 (9 PTS),6.5
,,,,,,,,,,,,,,,,,,,,,,,,,,,,,,,,0.0,12.0,0.6511627906976744,0.0,0.9302325581395349,C. LeVert driving finger roll Layup (7 PTS),3.5
,,,,,,,,,,,,,,,,,,,,,,,,,,,,,,,,0.0,35.0,0.6553191489361702,0.0,0.9361702127659575,O. Okongwu driving DUNK (8 PTS) (D. Daniels 1 AST),11.5
,,,,,,,,,,,,,,,,,,,,,,,,,,,,,,,,0.0,15.0,0.5939393939393939,0.0,0.8484848484848485,MISS T. Young 17' step back Shot,6.0
,,,,,,,,,,,,,,,,,,,,,,,,,,,,,,,,0.0,16.0,0.5569672131147541,0.25,0.6885245901639344,O. Okongwu REBOUND (Off:1 Def:5),1.5
,,,,,,,,,,,,,,,,,,,,,,,,,,,,,,,,0.0,16.0,0.43921568627450974,0.0,0.6274509803921569,MISS V. Krejčí 24' 3PT,3.5
,,,,,,,,,,,,,,,,,,,,,,,,,,,,,,,,0.0,28.0,0.5220338983050847,0.0,0.7457627118644068,MISS C. LeVert running 3PT,5.0
,,,,,,,,,,,,,,,,,,,,,,,,,,,,,,,,0.0,10.0,0.5049180327868852,0.0,0.7213114754098361,O. Okongwu REBOUND (Off:1 Def:3),3.5
,,,,,,,,,,,,,,,,,,,,,,,,,,,,,,,,0.0,11.0,0.4247191011235955,0.0,0.6067415730337079,T. Young bad pass TURNOVER (7 TO),3.5
,,,,,,,,,,,,,,,,,,,,,,,,,,,,,,,,0.0,12.0,0.5249999999999999,0.0,0.75,M. Gueye REBOUND (Off:1 Def:1),3.5
,,,,,,,,,,,,,,,,,,,,,,,,,,,,,,,,0.0,12.0,0.5111111111111111,0.0,0.7301587301587301,MISS T. Young 30' pullup 3PT,3.5
,,,,,,,,,,,,,,,,,,,,,,,,,,,,,,,,0.0,8.0,0.556338028169014,1.0,0.36619718309859156,Z. Risacher 3PT  (8 PTS) (T. Young 7 AST),0.0
,,,,,,,,,,,,,,,,,,,,,,,,,,,,,,,,0.0,8.0,0.5220338983050847,0.0,0.7457627118644068,Z. Risacher REBOUND (Off:0 Def:1),4.0
,,,,,,,,,,,,,,,,,,,,,,,,,,,,,,,,0.0,10.0,0.65,0.0,0.9285714285714286,MISS Z. Risacher running finger roll Layup,2.5
,,,,,,,,,,,,,,,,,,,,,,,,,,,,,,,,0.0,12.0,0.6676923076923077,0.0,0.9538461538461539,MISS Z. Risacher Free Throw 1 of 2,2.0
,,,,,,,,,,,,,,,,,,,,,,,,,,,,,,,,0.0,12.0,0.4263157894736842,0.5,0.39473684210526316,Z. Risacher 26' 3PT  (6 PTS) (T. Young 4 AST),1.0
,,,,,,,,,,,,,,,,,,,,,,,,,,,,,,,,0.0,12.0,0.6676923076923077,0.0,0.9538461538461539,MISS Z. Risacher Free Throw 2 of 2,2.0
,,,,,,,,,,,,,,,,,,,,,,,,,,,,,,,,0.0,13.0,0.702112676056338,0.5,0.7887323943661971,MISS Z. Risacher 24' running 3PT,1.0
,,,,,,,,,,,,,,,,,,,,,,,,,,,,,,,,0.0,11.0,0.4449999999999931,0.14999999999997726,0.5714285714285714,TEAM offensive REBOUND,1.7000000000000455
,,,,,,,,,,,,,,,,,,,,,,,,,,,,,,,,0.0,22.0,0.6218390804597701,1.0,0.45977011494252873,T. Mann 9' Jump Shot (9 PTS) (D. Daniels 3 AST),0.0
,,,,,,,,,,,,,,,,,,,,,,,,,,,,,,,,0.0,11.0,0.7061111111111043,0.6499999999999773,0.7301587301587301,MISS T. Young 42' pullup 3PT,0.7000000000000455
,,,,,,,,,,,,,,,,,,,,,,,,,,,,,,,,0.0,22.0,0.5193548387096774,0.0,0.7419354838709677,Z. Risacher REBOUND (Off:0 Def:4),5.5
,,,,,,,,,,,,,,,,,,,,,,,,,,,,,,,,0.0,38.0,0.5483870967741935,1.0,0.3548387096774194,D. Daniels REBOUND (Off:1 Def:4),0.0
,,,,,,,,,,,,,,,,,,,,,,,,,,,,,,,,0.0,25.0,0.5111111111111111,0.0,0.7301587301587301,D. Daniels REBOUND (Off:0 Def:4),12.0
,,,,,,,,,,,,,,,,,,,,,,,,,,,,,,,,0.0,11.0,0.701595744680851,0.75,0.6808510638297872,D. Daniels lost ball TURNOVER (3 TO),0.5
,,,,,,,,,,,,,,,,,,,,,,,,,,,,,,,,0.0,33.0,0.9426229508196722,1.0,0.9180327868852459,D. Daniels REBOUND (Off:2 Def:3),0.0
,,,,,,,,,,,,,,,,,,,,,,,,,,,,,,,,0.0,17.0,0.5870967741935483,0.0,0.8387096774193549,C. LeVert 24' 3PT  (17 PTS) (T. Young 12 AST),6.5
,,,,,,,,,,,,,,,,,,,,,,,,,,,,,,,,0.0,6.0,0.42736842105263156,0.0,0.6105263157894737,T. Young lost ball out-of-bounds TURNOVER (5 TO),3.0
,,,,,,,,,,,,,,,,,,,,,,,,,,,,,,,,0.0,27.0,0.5278688524590163,0.0,0.7540983606557377,D. Daniels REBOUND (Off:4 Def:4),7.0
,,,,,,,,,,,,,,,,,,,,,,,,,,,,,,,,0.0,27.0,0.5499999999999999,0.5,0.5714285714285714,MISS G. Niang 26' 3PT,1.0
,,,,,,,,,,,,,,,,,,,,,,,,,,,,,,,,0.0,7.0,0.5886363636363636,0.0,0.8409090909090909,T. Young 29' 3PT running pullup (29 PTS),2.0
,,,,,,,,,,,,,,,,,,,,,,,,,,,,,,,,0.0,20.0,0.47173913043478255,0.0,0.6739130434782609,O. Okongwu bad pass TURNOVER (2 TO),12.0
,,,,,,,,,,,,,,,,,,,,,,,,,,,,,,,,0.0,7.0,0.5886363636363636,0.0,0.8409090909090909,T. Young 30' 3PT running pullup (26 PTS),2.5
,,,,,,,,,,,,,,,,,,,,,,,,,,,,,,,,0.0,7.0,0.455379746835443,0.75,0.3291139240506329,O. Okongwu REBOUND (Off:1 Def:8),0.5
,,,,,,,,,,,,,,,,,,,,,,,,,,,,,,,,0.0,26.0,0.5278688524590163,0.0,0.7540983606557377,D. Daniels REBOUND (Off:5 Def:3),8.5
,,,,,,,,,,,,,,,,,,,,,,,,,,,,,,,,0.0,26.0,0.5478260869565217,0.0,0.782608695652174,MISS T. Young 24' step back 3PT,7.5
,,,,,,,,,,,,,,,,,,,,,,,,,,,,,,,,0.0,26.0,0.40760869565217384,0.75,0.2608695652173913,O. Okongwu lost ball TURNOVER (1 TO),0.5
,,,,,,,,,,,,,,,,,,,,,,,,,,,,,,,,0.0,17.0,0.6428571428571428,1.0,0.4897959183673469,Z. Risacher cutting Layup (15 PTS) (O. Okongwu 2 AST),0.0
,,,,,,,,,,,,,,,,,,,,,,,,,,,,,,,,0.0,19.0,0.6237623762376238,0.0,0.8910891089108911,O. Okongwu alley-oop Layup (12 PTS) (T. Young 9 AST),5.5
,,,,,,,,,,,,,,,,,,,,,,,,,,,,,,,,0.0,25.0,0.4666666666666666,0.0,0.6666666666666666,MISS T. Mann 3PT,7.0
,,,,,,,,,,,,,,,,,,,,,,,,,,,,,,,,0.0,10.0,0.4666666666666666,0.0,0.6666666666666666,T. Young bad pass TURNOVER (3 TO),6.0
,,,,,,,,,,,,,,,,,,,,,,,,,,,,,,,,0.0,12.0,0.6764044943820224,0.0,0.9662921348314607,T. Young 7' driving finger roll Layup (22 PTS),5.5
,,,,,,,,,,,,,,,,,,,,,,,,,,,,,,,,0.0,20.0,0.4365591397849462,0.0,0.6236559139784946,V. Krejčí lost ball TURNOVER (2 TO),10.0
,,,,,,,,,,,,,,,,,,,,,,,,,,,,,,,,0.0,23.0,0.550561797752809,0.0,0.7865168539325843,V. Krejčí 3PT  (14 PTS) (Z. Risacher 4 AST),9.5
,,,,,,,,,,,,,,,,,,,,,,,,,,,,,,,,0.0,23.0,0.3255813953488372,0.0,0.46511627906976744,T. Mann shooting personal FOUL (2 PF) (Leonard 2 FT),9.5
,,,,,,,,,,,,,,,,,,,,,,,,,,,,,,,,0.0,9.0,0.6626760563380282,0.5,0.7323943661971831,T. Young 26' 3PT pullup (19 PTS),1.0
,,,,,,,,,,,,,,,,,,,,,,,,,,,,,,,,0.0,42.0,0.5811320754716981,0.0,0.8301886792452831,T. Mann 26' 3PT pullup (10 PTS) (Z. Risacher 3 AST),12.5
,,,,,,,,,,,,,,,,,,,,,,,,,,,,,,,,0.0,14.0,0.3442622950819672,0.0,0.4918032786885246,ATL shot clock Team TURNOVER,11.099999999999909
,,,,,,,,,,,,,,,,,,,,,,,,,,,,,,,,0.0,8.0,0.6095161290322852,0.15000000000009095,0.8064516129032258,J. Johnson REBOUND (Off:0 Def:4),1.699999999999818
,,,,,,,,,,,,,,,,,,,,,,,,,,,,,,,,0.0,8.0,0.6475,0.0,0.925,MISS C. LeVert driving finger roll Layup,2.300000000000182
,,,,,,,,,,,,,,,,,,,,,,,,,,,,,,,,0.0,6.0,0.6034482758620688,0.0,0.8620689655172413,G. Niang 24' 3PT step back bank (5 PTS) (T. Young 7 AST),4.5
,,,,,,,,,,,,,,,,,,,,,,,,,,,,,,,,0.0,8.0,0.6461538461538462,0.0,0.9230769230769231,C. LeVert running finger roll Layup (14 PTS) (T. Mann 1 AST),2.0
,,,,,,,,,,,,,,,,,,,,,,,,,,,,,,,,0.0,5.0,0.4719101123595505,0.0,0.6741573033707865,G. Niang lost ball TURNOVER (1 TO),2.5
,,,,,,,,,,,,,,,,,,,,,,,,,,,,,,,,0.0,16.0,0.5366666666666666,0.0,0.7666666666666667,C. Capela REBOUND (Off:5 Def:2),4.7999999999999545
,,,,,,,,,,,,,,,,,,,,,,,,,,,,,,,,0.0,15.0,0.7201219512195121,0.75,0.7073170731707317,MISS T. Young 6' driving floating Shot,0.5
,,,,,,,,,,,,,,,,,,,,,,,,,,,,,,,,0.0,21.0,0.6483050847457626,0.5,0.711864406779661,D. Daniels REBOUND (Off:2 Def:3),1.0
,,,,,,,,,,,,,,,,,,,,,,,,,,,,,,,,0.0,12.0,0.5833333333333334,0.0,0.8333333333333334,D. Barlow REBOUND (Off:0 Def:1),5.0
,,,,,,,,,,,,,,,,,,,,,,,,,,,,,,,,0.0,7.0,0.5275,1.0,0.325,T. Mann cutting Layup (2 PTS) (G. Niang 1 AST),0.0
,,,,,,,,,,,,,,,,,,,,,,,,,,,,,,,,0.0,7.0,0.9686567164179103,1.0,0.9552238805970149,C. LeVert Free Throw 2 of 2 (1 PTS),0.0
,,,,,,,,,,,,,,,,,,,,,,,,,,,,,,,,0.0,7.0,0.7,1.0,0.5714285714285714,TEAM offensive REBOUND,0.0
,,,,,,,,,,,,,,,,,,,,,,,,,,,,,,,,0.0,7.0,0.9655737704918033,1.0,0.9508196721311475,MISS C. LeVert Free Throw 1 of 2,0.0
,,,,,,,,,,,,,,,,,,,,,,,,,,,,,,,,0.0,22.0,0.7128205128205127,1.0,0.5897435897435898,D. Daniels 7' driving floating Jump Shot (7 PTS),0.0
,,,,,,,,,,,,,,,,,,,,,,,,,,,,,,,,0.0,10.0,0.49230769230769234,0.0,0.7032967032967034,O. Okongwu bad pass TURNOVER (1 TO),5.0
,,,,,,,,,,,,,,,,,,,,,,,,,,,,,,,,0.0,9.0,0.49090909090909085,1.0,0.2727272727272727,L. Nance Jr. REBOUND (Off:0 Def:1),0.0
,,,,,,,,,,,,,,,,,,,,,,,,,,,,,,,,0.0,26.0,0.6350515463917525,0.0,0.9072164948453608,D. Daniels driving Layup (4 PTS) (C. LeVert 2 AST),8.5
,,,,,,,,,,,,,,,,,,,,,,,,,,,,,,,,0.0,26.0,0.7025862068965516,0.25,0.896551724137931,MISS O. Okongwu reverse Layup,1.5
,,,,,,,,,,,,,,,,,,,,,,,,,,,,,,,,0.0,26.0,0.6207627118644067,0.25,0.7796610169491526,M. Gueye REBOUND (Off:0 Def:1),1.5
,,,,,,,,,,,,,,,,,,,,,,,,,,,,,,,,0.0,20.0,0.6301724137931034,0.25,0.7931034482758621,D. Daniels REBOUND (Off:0 Def:2),1.5
,,,,,,,,,,,,,,,,,,,,,,,,,,,,,,,,0.0,12.0,0.625,0.0,0.8928571428571429,MISS C. LeVert driving Layup,4.0
,,,,,,,,,,,,,,,,,,,,,,,,,,,,,,,,0.0,16.0,0.5384615384615384,0.0,0.7692307692307693,V. Krejčí 24' 3PT  (6 PTS) (C. LeVert 1 AST),4.5
,,,,,,,,,,,,,,,,,,,,,,,,,,,,,,,,0.0,24.0,0.6695652173913044,0.0,0.9565217391304348,O. Okongwu Free Throw 2 of 2 (4 PTS),5.0
,,,,,,,,,,,,,,,,,,,,,,,,,,,,,,,,0.0,14.0,0.5049180327868852,0.0,0.7213114754098361,J. Johnson REBOUND (Off:0 Def:2),3.5
,,,,,,,,,,,,,,,,,,,,,,,,,,,,,,,,0.0,6.0,0.5681159420289855,0.0,0.8115942028985508,T. Young 26' 3PT pullup (6 PTS),4.0
,,,,,,,,,,,,,,,,,,,,,,,,,,,,,,,,0.0,3.0,0.5697674418604651,0.0,0.813953488372093,T. Young 25' 3PT running pullup (3 PTS),2.5
,,,,,,,,,,,,,,,,,,,,,,,,,,,,,,,,0.0,9.0,0.5599999999999999,0.0,0.8,V. Krejčí 26' 3PT running (3 PTS) (Z. Risacher 1 AST),3.5
,,,,,,,,,,,,,,,,,,,,,,,,,,,,,,,,0.0,19.0,0.5283018867924528,0.0,0.7547169811320755,MISS O. Okongwu 26' 3PT,5.5
,,,,,,,,,,,,,,,,,,,,,,,,,,,,,,,,0.0,9.0,0.7211538461538461,0.25,0.9230769230769231,MISS T. Young running finger roll Layup,1.5
,,,,,,,,,,,,,,,,,,,,,,,,,,,,,,,,0.0,5.0,0.7283333333333333,0.25,0.9333333333333333,D. Daniels driving floating Jump Shot (2 PTS),1.5
,,,,,,,,,,,,,,,,,,,,,,,,,,,,,,,,0.0,10.0,0.6209677419354839,0.0,0.8870967741935484,O. Okongwu cutting finger roll Layup (2 PTS) (T. Young 2 AST),4.5
,,,,,,,,,,,,,,,,,,,,,,,,,,,,,,,,0.0,12.0,0.602,0.0,0.86,Z. Risacher cutting DUNK (2 PTS) (T. Young 1 AST),5.0
,,,,,,,,,,,,,,,,,,,,,,,,,,,,,,,,0.0,7.0,0.3853211009174312,0.0,0.5504587155963303,Z. Risacher bad pass out-of-bounds TURNOVER (1 TO),7.0
,,,,,,,,,,,,,,,,,,,,,,,,,,,,,,,,0.0,3.0,0.7272222222221948,0.34999999999990905,0.8888888888888888,MISS T. Young 13' driving floating bank Shot,1.300000000000182
,,,,,,,,,,,,,,,,,,,,,,,,,,,,,,,,0.0,24.0,0.4787234042553191,1.0,0.2553191489361702,SUB out: T. Young,0.0
,,,,,,,,,,,,,,,,,,,,,,,,,,,,,,,,0.0,9.0,0.5153846153846153,1.0,0.3076923076923077,D. Barlow personal FOUL (1 PF),0.0
,,,,,,,,,,,,,,,,,,,,,,,,,,,,,,,,0.0,20.0,0.5111111111111111,0.0,0.7301587301587301,MISS T. Young 27' pullup 3PT,5.5
,,,,,,,,,,,,,,,,,,,,,,,,,,,,,,,,0.0,16.0,0.656896551724138,0.5,0.7241379310344828,T. Mann REBOUND (Off:2 Def:0),1.0
,,,,,,,,,,,,,,,,,,,,,,,,,,,,,,,,0.0,21.0,0.6477777777777778,0.5,0.7111111111111111,MISS O. Okongwu 3PT,1.0
,,,,,,,,,,,,,,,,,,,,,,,,,,,,,,,,0.0,10.0,0.5063829787234042,0.0,0.723404255319149,MISS Z. Risacher 3PT,3.5
,,,,,,,,,,,,,,,,,,,,,,,,,,,,,,,,0.0,10.0,0.6028688524590162,0.25,0.7540983606557377,V. Krejčí REBOUND (Off:0 Def:1),1.5
,,,,,,,,,,,,,,,,,,,,,,,,,,,,,,,,0.0,14.0,0.6426229508196721,0.0,0.9180327868852459,MISS D. Daniels 6' driving Layup,4.5
,,,,,,,,,,,,,,,,,,,,,,,,,,,,,,,,0.0,14.0,0.6181818181818182,0.0,0.8831168831168831,C. LeVert Layup (3 PTS) (T. Young 6 AST),3.0
,,,,,,,,,,,,,,,,,,,,,,,,,,,,,,,,0.0,16.0,0.6376237623762376,0.0,0.9108910891089109,D. Daniels reverse Layup (9 PTS) (Z. Risacher 2 AST),7.0
,,,,,,,,,,,,,,,,,,,,,,,,,,,,,,,,0.0,18.0,0.5714285714285714,0.0,0.8163265306122449,G. Niang cutting Layup (2 PTS) (V. Krejčí 4 AST),7.5
,,,,,,,,,,,,,,,,,,,,,,,,,,,,,,,,0.0,14.0,0.5569892473118279,0.0,0.7956989247311828,D. Daniels 25' 3PT  (7 PTS) (V. Krejčí 3 AST),6.5
,,,,,,,,,,,,,,,,,,,,,,,,,,,,,,,,0.0,21.0,0.5419354838709677,0.0,0.7741935483870968,V. Krejčí 24' 3PT  (11 PTS) (C. LeVert 3 AST),12.0
,,,,,,,,,,,,,,,,,,,,,,,,,,,,,,,,0.0,21.0,0.5384615384615384,0.0,0.7692307692307693,MISS C. LeVert 25' pullup 3PT,3.0
,,,,,,,,,,,,,,,,,,,,,,,,,,,,,,,,0.0,21.0,0.39999999999999997,0.0,0.5714285714285714,TEAM offensive REBOUND,4.0
,,,,,,,,,,,,,,,,,,,,,,,,,,,,,,,,0.0,26.0,0.6042105263157894,0.0,0.8631578947368421,O. Okongwu driving DUNK (6 PTS) (V. Krejčí 2 AST),10.0
,,,,,,,,,,,,,,,,,,,,,,,,,,,,,,,,0.0,29.0,0.6275862068965516,0.0,0.896551724137931,MISS O. Okongwu putback Layup,8.5
,,,,,,,,,,,,,,,,,,,,,,,,,,,,,,,,0.0,29.0,0.5193548387096774,0.0,0.7419354838709677,Z. Risacher REBOUND (Off:0 Def:2),3.5
,,,,,,,,,,,,,,,,,,,,,,,,,,,,,,,,0.0,36.0,0.4666666666666666,0.0,0.6666666666666666,MISS T. Mann 3PT,12.0
,,,,,,,,,,,,,,,,,,,,,,,,,,,,,,,,0.0,33.0,0.6686567164179104,0.0,0.9552238805970149,T. Young Free Throw 1 of 2 (11 PTS),6.5
,,,,,,,,,,,,,,,,,,,,,,,,,,,,,,,,0.0,33.0,0.29024390243902437,0.0,0.4146341463414634,T. Mann shooting personal FOUL (2 PF) (Ball 2 FT),4.5
,,,,,,,,,,,,,,,,,,,,,,,,,,,,,,,,0.0,20.0,0.5967213114754097,0.0,0.8524590163934426,V. Krejčí cutting finger roll Layup (8 PTS) (T. Young 5 AST),6.5
,,,,,,,,,,,,,,,,,,,,,,,,,,,,,,,,0.0,12.0,0.5627450980392157,0.0,0.803921568627451,T. Mann 25' 3PT running (5 PTS) (V. Krejčí 1 AST),2.0
,,,,,,,,,,,,,,,,,,,,,,,,,,,,,,,,0.0,9.0,0.4307692307692308,0.0,0.6153846153846154,V. Krejčí bad pass TURNOVER (1 TO),6.5
,,,,,,,,,,,,,,,,,,,,,,,,,,,,,,,,0.0,24.0,0.63,0.0,0.9,MISS T. Young 10' driving floating Shot,5.5
,,,,,,,,,,,,,,,,,,,,,,,,,,,,,,,,0.0,24.0,0.5508196721311475,0.0,0.7868852459016393,D. Barlow REBOUND (Off:0 Def:2),9.5
,,,,,,,,,,,,,,,,,,,,,,,,,,,,,,,,0.0,20.0,0.5457627118644067,0.0,0.7796610169491526,T. Young REBOUND (Off:0 Def:2),10.0
,,,,,,,,,,,,,,,,,,,,,,,,,,,,,,,,0.0,20.0,0.6339622641509434,0.0,0.9056603773584906,MISS D. Barlow 14' Jump Shot,8.0
,,,,,,,,,,,,,,,,,,,,,,,,,,,,,,,,0.0,22.0,0.6492753623188405,0.0,0.927536231884058,T. Mann 17' pullup Jump Shot (2 PTS),12.0
,,,,,,,,,,,,,,,,,,,,,,,,,,,,,,,,0.0,16.0,0.39999999999999997,0.0,0.5714285714285714,TEAM defensive REBOUND,2.5
,,,,,,,,,,,,,,,,,,,,,,,,,,,,,,,,0.0,16.0,0.48571428571428565,0.0,0.6938775510204082,MISS G. Niang 26' 3PT,6.600000000000023
,,,,,,,,,,,,,,,,,,,,,,,,,,,,,,,,0.0,16.0,0.5111111111111111,0.0,0.7301587301587301,MISS T. Young 25' pullup 3PT,4.0
,,,,,,,,,,,,,,,,,,,,,,,,,,,,,,,,0.0,9.0,0.28500000000001363,0.9500000000000455,0.0,MISS T. Mann 23' pullup Shot,0.09999999999990905
